fold,held_out,model,channel,hand,horizon_step,metric,value,n_frames,config_hash
0,S01,persistence,F_L,left,1,MSE,12.931642852400447,32388,2ec2ba37fa8cbb0b
0,S01,persistence,F_L,left,1,MAE,2.3053750274533824,32388,2ec2ba37fa8cbb0b
0,S01,persistence,F_L,left,1,SS_vs_persistence,7.738254481637341e-14,32388,2ec2ba37fa8cbb0b
0,S01,persistence,F_L,left,1,SS_vs_seasonal,0.021187963133122545,32388,2ec2ba37fa8cbb0b
0,S01,persistence,F_L,left,1,SS_vs_ar,-0.01616564175027979,32388,2ec2ba37fa8cbb0b
0,S01,persistence,F_L,left,1,SS_vs_probgru,0.5866571285147568,32388,2ec2ba37fa8cbb0b
0,S01,persistence,F_L,left,2,MSE,24.859300793248472,32388,2ec2ba37fa8cbb0b
0,S01,persistence,F_L,left,2,MAE,3.354062402985987,32388,2ec2ba37fa8cbb0b
0,S01,persistence,F_L,left,2,SS_vs_persistence,4.0190073491430667e-14,32388,2ec2ba37fa8cbb0b
0,S01,persistence,F_L,left,2,SS_vs_seasonal,0.009436806241971851,32388,2ec2ba37fa8cbb0b
0,S01,persistence,F_L,left,2,SS_vs_ar,-0.03768800969717789,32388,2ec2ba37fa8cbb0b
0,S01,persistence,F_L,left,2,SS_vs_probgru,0.47324997648037337,32388,2ec2ba37fa8cbb0b
0,S01,persistence,F_L,left,3,MSE,34.86910654458612,32388,2ec2ba37fa8cbb0b
0,S01,persistence,F_L,left,3,MAE,4.0824590388294855,32388,2ec2ba37fa8cbb0b
0,S01,persistence,F_L,left,3,SS_vs_persistence,2.8754776337791554e-14,32388,2ec2ba37fa8cbb0b
0,S01,persistence,F_L,left,3,SS_vs_seasonal,0.005457481354463778,32388,2ec2ba37fa8cbb0b
0,S01,persistence,F_L,left,3,SS_vs_ar,-0.05001401255426119,32388,2ec2ba37fa8cbb0b
0,S01,persistence,F_L,left,3,SS_vs_probgru,0.43521069565768744,32388,2ec2ba37fa8cbb0b
0,S01,persistence,F_L,left,4,MSE,42.9524484788264,32388,2ec2ba37fa8cbb0b
0,S01,persistence,F_L,left,4,MAE,4.612147633346552,32388,2ec2ba37fa8cbb0b
0,S01,persistence,F_L,left,4,SS_vs_persistence,2.3314683517128287e-14,32388,2ec2ba37fa8cbb0b
0,S01,persistence,F_L,left,4,SS_vs_seasonal,0.003557997843692373,32388,2ec2ba37fa8cbb0b
0,S01,persistence,F_L,left,4,SS_vs_ar,-0.060245676079949684,32388,2ec2ba37fa8cbb0b
0,S01,persistence,F_L,left,4,SS_vs_probgru,0.4232700393169265,32388,2ec2ba37fa8cbb0b
0,S01,persistence,F_L,left,5,MSE,50.20490825286866,32388,2ec2ba37fa8cbb0b
0,S01,persistence,F_L,left,5,MAE,5.069163596290004,32388,2ec2ba37fa8cbb0b
0,S01,persistence,F_L,left,5,SS_vs_persistence,1.9984014443252818e-14,32388,2ec2ba37fa8cbb0b
0,S01,persistence,F_L,left,5,SS_vs_seasonal,0.0023231074218520442,32388,2ec2ba37fa8cbb0b
0,S01,persistence,F_L,left,5,SS_vs_ar,-0.06743689901235173,32388,2ec2ba37fa8cbb0b
0,S01,persistence,F_L,left,5,SS_vs_probgru,0.4146304833704475,32388,2ec2ba37fa8cbb0b
0,S01,persistence,F_L,left,6,MSE,57.12439311108948,32388,2ec2ba37fa8cbb0b
0,S01,persistence,F_L,left,6,MAE,5.472699075241626,32388,2ec2ba37fa8cbb0b
0,S01,persistence,F_L,left,6,SS_vs_persistence,1.7541523789077473e-14,32388,2ec2ba37fa8cbb0b
0,S01,persistence,F_L,left,6,SS_vs_seasonal,0.002079061590149034,32388,2ec2ba37fa8cbb0b
0,S01,persistence,F_L,left,6,SS_vs_ar,-0.07148418446071214,32388,2ec2ba37fa8cbb0b
0,S01,persistence,F_L,left,6,SS_vs_probgru,0.40494547796445357,32388,2ec2ba37fa8cbb0b
0,S01,persistence,F_L,left,all,MSE,37.15696667216993,32388,2ec2ba37fa8cbb0b
0,S01,persistence,F_L,left,all,MAE,4.149317795691172,32388,2ec2ba37fa8cbb0b
0,S01,persistence,F_L,left,all,Hausdorff,2.995110688110277,32388,2ec2ba37fa8cbb0b
0,S01,persistence,F_L,left,all,SS_vs_persistence,2.6978419498391304e-14,32388,2ec2ba37fa8cbb0b
0,S01,persistence,F_L,left,all,HD_ratio_vs_persistence,1.0,32388,2ec2ba37fa8cbb0b
0,S01,persistence,F_L,left,all,SS_vs_seasonal,0.00489816657744202,32388,2ec2ba37fa8cbb0b
0,S01,persistence,F_L,left,all,HD_ratio_vs_seasonal,0.9970944089885444,32388,2ec2ba37fa8cbb0b
0,S01,persistence,F_L,left,all,SS_vs_ar,-0.05785540209547513,32388,2ec2ba37fa8cbb0b
0,S01,persistence,F_L,left,all,HD_ratio_vs_ar,1.160235455327338,32388,2ec2ba37fa8cbb0b
0,S01,persistence,F_L,left,all,SS_vs_probgru,0.4376661882795505,32388,2ec2ba37fa8cbb0b
0,S01,persistence,F_L,left,all,HD_ratio_vs_probgru,0.7466530083360581,32388,2ec2ba37fa8cbb0b
0,S01,persistence,CoPx_L,left,1,MSE,1.802487782758839e-05,15430,2ec2ba37fa8cbb0b
0,S01,persistence,CoPx_L,left,1,MAE,0.0026773711588463714,15430,2ec2ba37fa8cbb0b
0,S01,persistence,CoPx_L,left,1,SS_vs_persistence,5.547887504953053e-08,15430,2ec2ba37fa8cbb0b
0,S01,persistence,CoPx_L,left,1,SS_vs_seasonal,5.547887504953053e-08,15430,2ec2ba37fa8cbb0b
0,S01,persistence,CoPx_L,left,1,SS_vs_ar,-0.11191855299621278,15430,2ec2ba37fa8cbb0b
0,S01,persistence,CoPx_L,left,1,SS_vs_probgru,-0.0748032016875868,15430,2ec2ba37fa8cbb0b
0,S01,persistence,CoPx_L,left,2,MSE,2.4883306832519078e-05,15430,2ec2ba37fa8cbb0b
0,S01,persistence,CoPx_L,left,2,MAE,0.003354078656236851,15430,2ec2ba37fa8cbb0b
0,S01,persistence,CoPx_L,left,2,SS_vs_persistence,4.018758303914183e-08,15430,2ec2ba37fa8cbb0b
0,S01,persistence,CoPx_L,left,2,SS_vs_seasonal,4.018758303914183e-08,15430,2ec2ba37fa8cbb0b
0,S01,persistence,CoPx_L,left,2,SS_vs_ar,-0.13016703782317007,15430,2ec2ba37fa8cbb0b
0,S01,persistence,CoPx_L,left,2,SS_vs_probgru,-0.11210740447713463,15430,2ec2ba37fa8cbb0b
0,S01,persistence,CoPx_L,left,3,MSE,3.07817897511253e-05,15430,2ec2ba37fa8cbb0b
0,S01,persistence,CoPx_L,left,3,MAE,0.0037877367470586817,15430,2ec2ba37fa8cbb0b
0,S01,persistence,CoPx_L,left,3,SS_vs_persistence,3.2486739076631466e-08,15430,2ec2ba37fa8cbb0b
0,S01,persistence,CoPx_L,left,3,SS_vs_seasonal,3.2486739076631466e-08,15430,2ec2ba37fa8cbb0b
0,S01,persistence,CoPx_L,left,3,SS_vs_ar,-0.14329003839035592,15430,2ec2ba37fa8cbb0b
0,S01,persistence,CoPx_L,left,3,SS_vs_probgru,-0.14333061046570506,15430,2ec2ba37fa8cbb0b
0,S01,persistence,CoPx_L,left,4,MSE,3.627259880898392e-05,15430,2ec2ba37fa8cbb0b
0,S01,persistence,CoPx_L,left,4,MAE,0.004191095410836354,15430,2ec2ba37fa8cbb0b
0,S01,persistence,CoPx_L,left,4,SS_vs_persistence,2.7569019289686025e-08,15430,2ec2ba37fa8cbb0b
0,S01,persistence,CoPx_L,left,4,SS_vs_seasonal,2.7569019289686025e-08,15430,2ec2ba37fa8cbb0b
0,S01,persistence,CoPx_L,left,4,SS_vs_ar,-0.16451122338240265,15430,2ec2ba37fa8cbb0b
0,S01,persistence,CoPx_L,left,4,SS_vs_probgru,-0.19942533648973493,15430,2ec2ba37fa8cbb0b
0,S01,persistence,CoPx_L,left,5,MSE,4.120033453709755e-05,15430,2ec2ba37fa8cbb0b
0,S01,persistence,CoPx_L,left,5,MAE,0.004473997747249322,15430,2ec2ba37fa8cbb0b
0,S01,persistence,CoPx_L,left,5,SS_vs_persistence,2.427164702556439e-08,15430,2ec2ba37fa8cbb0b
0,S01,persistence,CoPx_L,left,5,SS_vs_seasonal,2.427164702556439e-08,15430,2ec2ba37fa8cbb0b
0,S01,persistence,CoPx_L,left,5,SS_vs_ar,-0.20118630416620187,15430,2ec2ba37fa8cbb0b
0,S01,persistence,CoPx_L,left,5,SS_vs_probgru,-0.25690558093186433,15430,2ec2ba37fa8cbb0b
0,S01,persistence,CoPx_L,left,6,MSE,4.423000154520269e-05,15430,2ec2ba37fa8cbb0b
0,S01,persistence,CoPx_L,left,6,MAE,0.004750621874632115,15430,2ec2ba37fa8cbb0b
0,S01,persistence,CoPx_L,left,6,SS_vs_persistence,2.260908760209901e-08,15430,2ec2ba37fa8cbb0b
0,S01,persistence,CoPx_L,left,6,SS_vs_seasonal,2.260908760209901e-08,15430,2ec2ba37fa8cbb0b
0,S01,persistence,CoPx_L,left,6,SS_vs_ar,-0.22273253375394475,15430,2ec2ba37fa8cbb0b
0,S01,persistence,CoPx_L,left,6,SS_vs_probgru,-0.2768082516755934,15430,2ec2ba37fa8cbb0b
0,S01,persistence,CoPx_L,left,all,MSE,3.2556381093009896e-05,15430,2ec2ba37fa8cbb0b
0,S01,persistence,CoPx_L,left,all,MAE,0.003871795323595158,15430,2ec2ba37fa8cbb0b
0,S01,persistence,CoPx_L,left,all,Hausdorff,2.9653102999818626,15430,2ec2ba37fa8cbb0b
0,S01,persistence,CoPx_L,left,all,SS_vs_persistence,3.071594378845077e-08,15430,2ec2ba37fa8cbb0b
0,S01,persistence,CoPx_L,left,all,HD_ratio_vs_persistence,1.0,15430,2ec2ba37fa8cbb0b
0,S01,persistence,CoPx_L,left,all,SS_vs_seasonal,3.071594378845077e-08,15430,2ec2ba37fa8cbb0b
0,S01,persistence,CoPx_L,left,all,HD_ratio_vs_seasonal,1.0,15430,2ec2ba37fa8cbb0b
0,S01,persistence,CoPx_L,left,all,SS_vs_ar,-0.17157669848545898,15430,2ec2ba37fa8cbb0b
0,S01,persistence,CoPx_L,left,all,HD_ratio_vs_ar,1.1663824708086412,15430,2ec2ba37fa8cbb0b
0,S01,persistence,CoPx_L,left,all,SS_vs_probgru,-0.19331695260005333,15430,2ec2ba37fa8cbb0b
0,S01,persistence,CoPx_L,left,all,HD_ratio_vs_probgru,1.1127621998645751,15430,2ec2ba37fa8cbb0b
0,S01,persistence,CoPy_L,left,1,MSE,2.1222956693324443e-05,15430,2ec2ba37fa8cbb0b
0,S01,persistence,CoPy_L,left,1,MAE,0.0024420908490112234,15430,2ec2ba37fa8cbb0b
0,S01,persistence,CoPy_L,left,1,SS_vs_persistence,4.7118785873045965e-08,15430,2ec2ba37fa8cbb0b
0,S01,persistence,CoPy_L,left,1,SS_vs_seasonal,4.7118785873045965e-08,15430,2ec2ba37fa8cbb0b
0,S01,persistence,CoPy_L,left,1,SS_vs_ar,-0.1297411044577621,15430,2ec2ba37fa8cbb0b
0,S01,persistence,CoPy_L,left,1,SS_vs_probgru,-0.10448117151096747,15430,2ec2ba37fa8cbb0b
0,S01,persistence,CoPy_L,left,2,MSE,2.786108987559973e-05,15430,2ec2ba37fa8cbb0b
0,S01,persistence,CoPy_L,left,2,MAE,0.003026567873774325,15430,2ec2ba37fa8cbb0b
0,S01,persistence,CoPy_L,left,2,SS_vs_persistence,3.589234909284755e-08,15430,2ec2ba37fa8cbb0b
0,S01,persistence,CoPy_L,left,2,SS_vs_seasonal,3.589234909284755e-08,15430,2ec2ba37fa8cbb0b
0,S01,persistence,CoPy_L,left,2,SS_vs_ar,-0.20418963665032663,15430,2ec2ba37fa8cbb0b
0,S01,persistence,CoPy_L,left,2,SS_vs_probgru,-0.16848678104389925,15430,2ec2ba37fa8cbb0b
0,S01,persistence,CoPy_L,left,3,MSE,3.342921062015261e-05,15430,2ec2ba37fa8cbb0b
0,S01,persistence,CoPy_L,left,3,MAE,0.0033711933670320243,15430,2ec2ba37fa8cbb0b
0,S01,persistence,CoPy_L,left,3,SS_vs_persistence,2.991395708917821e-08,15430,2ec2ba37fa8cbb0b
0,S01,persistence,CoPy_L,left,3,SS_vs_seasonal,2.991395708917821e-08,15430,2ec2ba37fa8cbb0b
0,S01,persistence,CoPy_L,left,3,SS_vs_ar,-0.2670742890993192,15430,2ec2ba37fa8cbb0b
0,S01,persistence,CoPy_L,left,3,SS_vs_probgru,-0.20259934034342142,15430,2ec2ba37fa8cbb0b
0,S01,persistence,CoPy_L,left,4,MSE,3.456724620590617e-05,15430,2ec2ba37fa8cbb0b
0,S01,persistence,CoPy_L,left,4,MAE,0.003587026487057464,15430,2ec2ba37fa8cbb0b
0,S01,persistence,CoPy_L,left,4,SS_vs_persistence,2.8929118878195936e-08,15430,2ec2ba37fa8cbb0b
0,S01,persistence,CoPy_L,left,4,SS_vs_seasonal,2.8929118878195936e-08,15430,2ec2ba37fa8cbb0b
0,S01,persistence,CoPy_L,left,4,SS_vs_ar,-0.2868443790423516,15430,2ec2ba37fa8cbb0b
0,S01,persistence,CoPy_L,left,4,SS_vs_probgru,-0.15400592683134717,15430,2ec2ba37fa8cbb0b
0,S01,persistence,CoPy_L,left,5,MSE,3.7588767365111605e-05,15430,2ec2ba37fa8cbb0b
0,S01,persistence,CoPy_L,left,5,MAE,0.0038260384487158925,15430,2ec2ba37fa8cbb0b
0,S01,persistence,CoPy_L,left,5,SS_vs_persistence,2.6603691694049303e-08,15430,2ec2ba37fa8cbb0b
0,S01,persistence,CoPy_L,left,5,SS_vs_seasonal,2.6603691694049303e-08,15430,2ec2ba37fa8cbb0b
0,S01,persistence,CoPy_L,left,5,SS_vs_ar,-0.32188817070438813,15430,2ec2ba37fa8cbb0b
0,S01,persistence,CoPy_L,left,5,SS_vs_probgru,-0.162350837640175,15430,2ec2ba37fa8cbb0b
0,S01,persistence,CoPy_L,left,6,MSE,3.748096417451485e-05,15430,2ec2ba37fa8cbb0b
0,S01,persistence,CoPy_L,left,6,MAE,0.003913219015850832,15430,2ec2ba37fa8cbb0b
0,S01,persistence,CoPy_L,left,6,SS_vs_persistence,2.6680209486151796e-08,15430,2ec2ba37fa8cbb0b
0,S01,persistence,CoPy_L,left,6,SS_vs_seasonal,2.6680209486151796e-08,15430,2ec2ba37fa8cbb0b
0,S01,persistence,CoPy_L,left,6,SS_vs_ar,-0.2976392306231763,15430,2ec2ba37fa8cbb0b
0,S01,persistence,CoPy_L,left,6,SS_vs_probgru,-0.09814123689272569,15430,2ec2ba37fa8cbb0b
0,S01,persistence,CoPy_L,left,all,MSE,3.201958358191271e-05,15430,2ec2ba37fa8cbb0b
0,S01,persistence,CoPy_L,left,all,MAE,0.0033605379271723092,15430,2ec2ba37fa8cbb0b
0,S01,persistence,CoPy_L,left,all,Hausdorff,2.8952757714441164,15430,2ec2ba37fa8cbb0b
0,S01,persistence,CoPy_L,left,all,SS_vs_persistence,3.1230886210487085e-08,15430,2ec2ba37fa8cbb0b
0,S01,persistence,CoPy_L,left,all,HD_ratio_vs_persistence,1.0,15430,2ec2ba37fa8cbb0b
0,S01,persistence,CoPy_L,left,all,SS_vs_seasonal,3.1230886210487085e-08,15430,2ec2ba37fa8cbb0b
0,S01,persistence,CoPy_L,left,all,HD_ratio_vs_seasonal,1.0,15430,2ec2ba37fa8cbb0b
0,S01,persistence,CoPy_L,left,all,SS_vs_ar,-0.2600525549508217,15430,2ec2ba37fa8cbb0b
0,S01,persistence,CoPy_L,left,all,HD_ratio_vs_ar,1.1835640803315737,15430,2ec2ba37fa8cbb0b
0,S01,persistence,CoPy_L,left,all,SS_vs_probgru,-0.14867954267332228,15430,2ec2ba37fa8cbb0b
0,S01,persistence,CoPy_L,left,all,HD_ratio_vs_probgru,1.0771595983848912,15430,2ec2ba37fa8cbb0b
0,S01,persistence,F_R,right,1,MSE,28.121264220856332,32388,2ec2ba37fa8cbb0b
0,S01,persistence,F_R,right,1,MAE,3.4781877391203193,32388,2ec2ba37fa8cbb0b
0,S01,persistence,F_R,right,1,SS_vs_persistence,3.552713678800501e-14,32388,2ec2ba37fa8cbb0b
0,S01,persistence,F_R,right,1,SS_vs_seasonal,0.04722768145185596,32388,2ec2ba37fa8cbb0b
0,S01,persistence,F_R,right,1,SS_vs_ar,-0.03907354345377212,32388,2ec2ba37fa8cbb0b
0,S01,persistence,F_R,right,1,SS_vs_probgru,0.1717917368225238,32388,2ec2ba37fa8cbb0b
0,S01,persistence,F_R,right,2,MSE,61.02950957958787,32388,2ec2ba37fa8cbb0b
0,S01,persistence,F_R,right,2,MAE,5.263838743624664,32388,2ec2ba37fa8cbb0b
0,S01,persistence,F_R,right,2,SS_vs_persistence,1.6431300764452317e-14,32388,2ec2ba37fa8cbb0b
0,S01,persistence,F_R,right,2,SS_vs_seasonal,0.01662360706360666,32388,2ec2ba37fa8cbb0b
0,S01,persistence,F_R,right,2,SS_vs_ar,-0.052575171638296725,32388,2ec2ba37fa8cbb0b
0,S01,persistence,F_R,right,2,SS_vs_probgru,0.015591761494351486,32388,2ec2ba37fa8cbb0b
0,S01,persistence,F_R,right,3,MSE,88.08360444320705,32388,2ec2ba37fa8cbb0b
0,S01,persistence,F_R,right,3,MAE,6.461144898546409,32388,2ec2ba37fa8cbb0b
0,S01,persistence,F_R,right,3,SS_vs_persistence,1.1324274851176597e-14,32388,2ec2ba37fa8cbb0b
0,S01,persistence,F_R,right,3,SS_vs_seasonal,0.0078447847593337,32388,2ec2ba37fa8cbb0b
0,S01,persistence,F_R,right,3,SS_vs_ar,-0.0725790143049434,32388,2ec2ba37fa8cbb0b
0,S01,persistence,F_R,right,3,SS_vs_probgru,-0.04348209156100569,32388,2ec2ba37fa8cbb0b
0,S01,persistence,F_R,right,4,MSE,109.98571992529817,32388,2ec2ba37fa8cbb0b
0,S01,persistence,F_R,right,4,MAE,7.400519242062309,32388,2ec2ba37fa8cbb0b
0,S01,persistence,F_R,right,4,SS_vs_persistence,8.992806499463768e-15,32388,2ec2ba37fa8cbb0b
0,S01,persistence,F_R,right,4,SS_vs_seasonal,0.004196269314215462,32388,2ec2ba37fa8cbb0b
0,S01,persistence,F_R,right,4,SS_vs_ar,-0.08892715975302679,32388,2ec2ba37fa8cbb0b
0,S01,persistence,F_R,right,4,SS_vs_probgru,-0.059824075460062964,32388,2ec2ba37fa8cbb0b
0,S01,persistence,F_R,right,5,MSE,130.3731172817344,32388,2ec2ba37fa8cbb0b
0,S01,persistence,F_R,right,5,MAE,8.171352616854621,32388,2ec2ba37fa8cbb0b
0,S01,persistence,F_R,right,5,SS_vs_persistence,7.66053886991358e-15,32388,2ec2ba37fa8cbb0b
0,S01,persistence,F_R,right,5,SS_vs_seasonal,0.001869851815797019,32388,2ec2ba37fa8cbb0b
0,S01,persistence,F_R,right,5,SS_vs_ar,-0.10449391017026355,32388,2ec2ba37fa8cbb0b
0,S01,persistence,F_R,right,5,SS_vs_probgru,-0.061958211229751425,32388,2ec2ba37fa8cbb0b
0,S01,persistence,F_R,right,6,MSE,149.85266894307338,32388,2ec2ba37fa8cbb0b
0,S01,persistence,F_R,right,6,MAE,8.873741949872203,32388,2ec2ba37fa8cbb0b
0,S01,persistence,F_R,right,6,SS_vs_persistence,6.661338147750939e-15,32388,2ec2ba37fa8cbb0b
0,S01,persistence,F_R,right,6,SS_vs_seasonal,0.0006041363308344483,32388,2ec2ba37fa8cbb0b
0,S01,persistence,F_R,right,6,SS_vs_ar,-0.11373055945023824,32388,2ec2ba37fa8cbb0b
0,S01,persistence,F_R,right,6,SS_vs_probgru,-0.052768086874691145,32388,2ec2ba37fa8cbb0b
0,S01,persistence,F_R,right,all,MSE,94.5743140656262,32388,2ec2ba37fa8cbb0b
0,S01,persistence,F_R,right,all,MAE,6.608130865013421,32388,2ec2ba37fa8cbb0b
0,S01,persistence,F_R,right,all,Hausdorff,3.048839351860543,32388,2ec2ba37fa8cbb0b
0,S01,persistence,F_R,right,all,SS_vs_persistence,1.0547118733938987e-14,32388,2ec2ba37fa8cbb0b
0,S01,persistence,F_R,right,all,HD_ratio_vs_persistence,1.0,32388,2ec2ba37fa8cbb0b
0,S01,persistence,F_R,right,all,SS_vs_seasonal,0.006861398496094129,32388,2ec2ba37fa8cbb0b
0,S01,persistence,F_R,right,all,HD_ratio_vs_seasonal,0.9972393200723917,32388,2ec2ba37fa8cbb0b
0,S01,persistence,F_R,right,all,SS_vs_ar,-0.08964776601740931,32388,2ec2ba37fa8cbb0b
0,S01,persistence,F_R,right,all,HD_ratio_vs_ar,1.1208566535412257,32388,2ec2ba37fa8cbb0b
0,S01,persistence,F_R,right,all,SS_vs_probgru,-0.033130018873283484,32388,2ec2ba37fa8cbb0b
0,S01,persistence,F_R,right,all,HD_ratio_vs_probgru,1.0089000812692202,32388,2ec2ba37fa8cbb0b
0,S01,persistence,CoPx_R,right,1,MSE,9.889593937558994e-06,22076,2ec2ba37fa8cbb0b
0,S01,persistence,CoPx_R,right,1,MAE,0.002232399130856286,22076,2ec2ba37fa8cbb0b
0,S01,persistence,CoPx_R,right,1,SS_vs_persistence,1.0111637593901435e-07,22076,2ec2ba37fa8cbb0b
0,S01,persistence,CoPx_R,right,1,SS_vs_seasonal,0.24560326499873342,22076,2ec2ba37fa8cbb0b
0,S01,persistence,CoPx_R,right,1,SS_vs_ar,-0.07146443106550482,22076,2ec2ba37fa8cbb0b
0,S01,persistence,CoPx_R,right,1,SS_vs_probgru,0.11058870746603444,22076,2ec2ba37fa8cbb0b
0,S01,persistence,CoPx_R,right,2,MSE,1.6302370438032494e-05,22076,2ec2ba37fa8cbb0b
0,S01,persistence,CoPx_R,right,2,MAE,0.0028819002643916797,22076,2ec2ba37fa8cbb0b
0,S01,persistence,CoPx_R,right,2,SS_vs_persistence,6.13407689087353e-08,22076,2ec2ba37fa8cbb0b
0,S01,persistence,CoPx_R,right,2,SS_vs_seasonal,0.1476445965931169,22076,2ec2ba37fa8cbb0b
0,S01,persistence,CoPx_R,right,2,SS_vs_ar,-0.11347602186062034,22076,2ec2ba37fa8cbb0b
0,S01,persistence,CoPx_R,right,2,SS_vs_probgru,-0.01664662330429767,22076,2ec2ba37fa8cbb0b
0,S01,persistence,CoPx_R,right,3,MSE,2.1019839878444844e-05,22076,2ec2ba37fa8cbb0b
0,S01,persistence,CoPx_R,right,3,MAE,0.0032612139302580804,22076,2ec2ba37fa8cbb0b
0,S01,persistence,CoPx_R,right,3,SS_vs_persistence,4.757409943767499e-08,22076,2ec2ba37fa8cbb0b
0,S01,persistence,CoPx_R,right,3,SS_vs_seasonal,0.10632159678195385,22076,2ec2ba37fa8cbb0b
0,S01,persistence,CoPx_R,right,3,SS_vs_ar,-0.1404172720763015,22076,2ec2ba37fa8cbb0b
0,S01,persistence,CoPx_R,right,3,SS_vs_probgru,-0.05682003842881622,22076,2ec2ba37fa8cbb0b
0,S01,persistence,CoPx_R,right,4,MSE,2.516888544685847e-05,22076,2ec2ba37fa8cbb0b
0,S01,persistence,CoPx_R,right,4,MAE,0.0035399606910015433,22076,2ec2ba37fa8cbb0b
0,S01,persistence,CoPx_R,right,4,SS_vs_persistence,3.973159490300304e-08,22076,2ec2ba37fa8cbb0b
0,S01,persistence,CoPx_R,right,4,SS_vs_seasonal,0.07274184749595591,22076,2ec2ba37fa8cbb0b
0,S01,persistence,CoPx_R,right,4,SS_vs_ar,-0.16439441753404926,22076,2ec2ba37fa8cbb0b
0,S01,persistence,CoPx_R,right,4,SS_vs_probgru,-0.09758972063707283,22076,2ec2ba37fa8cbb0b
0,S01,persistence,CoPx_R,right,5,MSE,2.8199441938636327e-05,22076,2ec2ba37fa8cbb0b
0,S01,persistence,CoPx_R,right,5,MAE,0.0037340808968946253,22076,2ec2ba37fa8cbb0b
0,S01,persistence,CoPx_R,right,5,SS_vs_persistence,3.546169335955085e-08,22076,2ec2ba37fa8cbb0b
0,S01,persistence,CoPx_R,right,5,SS_vs_seasonal,0.053549575845404984,22076,2ec2ba37fa8cbb0b
0,S01,persistence,CoPx_R,right,5,SS_vs_ar,-0.1769207506517958,22076,2ec2ba37fa8cbb0b
0,S01,persistence,CoPx_R,right,5,SS_vs_probgru,-0.11502217576936635,22076,2ec2ba37fa8cbb0b
0,S01,persistence,CoPx_R,right,6,MSE,3.1367197811561523e-05,22076,2ec2ba37fa8cbb0b
0,S01,persistence,CoPx_R,right,6,MAE,0.003987765974591332,22076,2ec2ba37fa8cbb0b
0,S01,persistence,CoPx_R,right,6,SS_vs_persistence,3.188043695701026e-08,22076,2ec2ba37fa8cbb0b
0,S01,persistence,CoPx_R,right,6,SS_vs_seasonal,0.03742316164437154,22076,2ec2ba37fa8cbb0b
0,S01,persistence,CoPx_R,right,6,SS_vs_ar,-0.200796109481987,22076,2ec2ba37fa8cbb0b
0,S01,persistence,CoPx_R,right,6,SS_vs_probgru,-0.13699211422977697,22076,2ec2ba37fa8cbb0b
0,S01,persistence,CoPx_R,right,all,MSE,2.1964690071130963e-05,22076,2ec2ba37fa8cbb0b
0,S01,persistence,CoPx_R,right,all,MAE,0.0032708171855701583,22076,2ec2ba37fa8cbb0b
0,S01,persistence,CoPx_R,right,all,Hausdorff,2.8411732604358866,22076,2ec2ba37fa8cbb0b
0,S01,persistence,CoPx_R,right,all,SS_vs_persistence,4.552761501130931e-08,22076,2ec2ba37fa8cbb0b
0,S01,persistence,CoPx_R,right,all,HD_ratio_vs_persistence,1.0,22076,2ec2ba37fa8cbb0b
0,S01,persistence,CoPx_R,right,all,SS_vs_seasonal,0.0919781224725934,22076,2ec2ba37fa8cbb0b
0,S01,persistence,CoPx_R,right,all,HD_ratio_vs_seasonal,0.9855115010906587,22076,2ec2ba37fa8cbb0b
0,S01,persistence,CoPx_R,right,all,SS_vs_ar,-0.15729529528549024,22076,2ec2ba37fa8cbb0b
0,S01,persistence,CoPx_R,right,all,HD_ratio_vs_ar,1.1871079862131204,22076,2ec2ba37fa8cbb0b
0,S01,persistence,CoPx_R,right,all,SS_vs_probgru,-0.07379089486844626,22076,2ec2ba37fa8cbb0b
0,S01,persistence,CoPx_R,right,all,HD_ratio_vs_probgru,1.0869416043341582,22076,2ec2ba37fa8cbb0b
0,S01,persistence,CoPy_R,right,1,MSE,9.813987589050312e-06,22076,2ec2ba37fa8cbb0b
0,S01,persistence,CoPy_R,right,1,MAE,0.002209867923355502,22076,2ec2ba37fa8cbb0b
0,S01,persistence,CoPy_R,right,1,SS_vs_persistence,1.0189537014149153e-07,22076,2ec2ba37fa8cbb0b
0,S01,persistence,CoPy_R,right,1,SS_vs_seasonal,0.06851556710177242,22076,2ec2ba37fa8cbb0b
0,S01,persistence,CoPy_R,right,1,SS_vs_ar,0.12330564811416156,22076,2ec2ba37fa8cbb0b
0,S01,persistence,CoPy_R,right,1,SS_vs_probgru,0.5732297266133568,22076,2ec2ba37fa8cbb0b
0,S01,persistence,CoPy_R,right,2,MSE,1.6626288280935496e-05,22076,2ec2ba37fa8cbb0b
0,S01,persistence,CoPy_R,right,2,MAE,0.0028972239051930373,22076,2ec2ba37fa8cbb0b
0,S01,persistence,CoPy_R,right,2,SS_vs_persistence,6.014571152235249e-08,22076,2ec2ba37fa8cbb0b
0,S01,persistence,CoPy_R,right,2,SS_vs_seasonal,0.02578230812841431,22076,2ec2ba37fa8cbb0b
0,S01,persistence,CoPy_R,right,2,SS_vs_ar,0.22805757171403007,22076,2ec2ba37fa8cbb0b
0,S01,persistence,CoPy_R,right,2,SS_vs_probgru,0.5153285983780143,22076,2ec2ba37fa8cbb0b
0,S01,persistence,CoPy_R,right,3,MSE,2.0991587100692148e-05,22076,2ec2ba37fa8cbb0b
0,S01,persistence,CoPy_R,right,3,MAE,0.003242558889632728,22076,2ec2ba37fa8cbb0b
0,S01,persistence,CoPy_R,right,3,SS_vs_persistence,4.763812988528571e-08,22076,2ec2ba37fa8cbb0b
0,S01,persistence,CoPy_R,right,3,SS_vs_seasonal,0.01498723108761335,22076,2ec2ba37fa8cbb0b
0,S01,persistence,CoPy_R,right,3,SS_vs_ar,0.31221798622956787,22076,2ec2ba37fa8cbb0b
0,S01,persistence,CoPy_R,right,3,SS_vs_probgru,0.513320322849028,22076,2ec2ba37fa8cbb0b
0,S01,persistence,CoPy_R,right,4,MSE,2.441176200039493e-05,22076,2ec2ba37fa8cbb0b
0,S01,persistence,CoPy_R,right,4,MAE,0.003565675693242194,22076,2ec2ba37fa8cbb0b
0,S01,persistence,CoPy_R,right,4,SS_vs_persistence,4.09638583054317e-08,22076,2ec2ba37fa8cbb0b
0,S01,persistence,CoPy_R,right,4,SS_vs_seasonal,0.007627499949823036,22076,2ec2ba37fa8cbb0b
0,S01,persistence,CoPy_R,right,4,SS_vs_ar,0.379797378104484,22076,2ec2ba37fa8cbb0b
0,S01,persistence,CoPy_R,right,4,SS_vs_probgru,0.5163920970999782,22076,2ec2ba37fa8cbb0b
0,S01,persistence,CoPy_R,right,5,MSE,2.7557763452863368e-05,22076,2ec2ba37fa8cbb0b
0,S01,persistence,CoPy_R,right,5,MAE,0.0038258212260172514,22076,2ec2ba37fa8cbb0b
0,S01,persistence,CoPy_R,right,5,SS_vs_persistence,3.628741374051003e-08,22076,2ec2ba37fa8cbb0b
0,S01,persistence,CoPy_R,right,5,SS_vs_seasonal,0.000950848118247416,22076,2ec2ba37fa8cbb0b
0,S01,persistence,CoPy_R,right,5,SS_vs_ar,0.4245863472206627,22076,2ec2ba37fa8cbb0b
0,S01,persistence,CoPy_R,right,5,SS_vs_probgru,0.5159078275427167,22076,2ec2ba37fa8cbb0b
0,S01,persistence,CoPy_R,right,6,MSE,3.058526990552135e-05,22076,2ec2ba37fa8cbb0b
0,S01,persistence,CoPy_R,right,6,MAE,0.004037848689040999,22076,2ec2ba37fa8cbb0b
0,S01,persistence,CoPy_R,right,6,SS_vs_persistence,3.269547643736104e-08,22076,2ec2ba37fa8cbb0b
0,S01,persistence,CoPy_R,right,6,SS_vs_seasonal,-0.001107339660358253,22076,2ec2ba37fa8cbb0b
0,S01,persistence,CoPy_R,right,6,SS_vs_ar,0.4598254836675001,22076,2ec2ba37fa8cbb0b
0,S01,persistence,CoPy_R,right,6,SS_vs_probgru,0.5125512659949263,22076,2ec2ba37fa8cbb0b
0,S01,persistence,CoPy_R,right,all,MSE,2.1639257927373304e-05,22076,2ec2ba37fa8cbb0b
0,S01,persistence,CoPy_R,right,all,MAE,0.003294310248844173,22076,2ec2ba37fa8cbb0b
0,S01,persistence,CoPy_R,right,all,Hausdorff,2.882479031549548,22076,2ec2ba37fa8cbb0b
0,S01,persistence,CoPy_R,right,all,SS_vs_persistence,4.621230342838345e-08,22076,2ec2ba37fa8cbb0b
0,S01,persistence,CoPy_R,right,all,HD_ratio_vs_persistence,1.0,22076,2ec2ba37fa8cbb0b
0,S01,persistence,CoPy_R,right,all,SS_vs_seasonal,0.012675499611500163,22076,2ec2ba37fa8cbb0b
0,S01,persistence,CoPy_R,right,all,HD_ratio_vs_seasonal,0.992839320018404,22076,2ec2ba37fa8cbb0b
0,S01,persistence,CoPy_R,right,all,SS_vs_ar,0.37211205603163333,22076,2ec2ba37fa8cbb0b
0,S01,persistence,CoPy_R,right,all,HD_ratio_vs_ar,0.8723387579008701,22076,2ec2ba37fa8cbb0b
0,S01,persistence,CoPy_R,right,all,SS_vs_probgru,0.519636667790537,22076,2ec2ba37fa8cbb0b
0,S01,persistence,CoPy_R,right,all,HD_ratio_vs_probgru,0.6952063214494293,22076,2ec2ba37fa8cbb0b
0,S01,seasonal,F_L,left,1,MSE,13.211569091235262,32388,2ec2ba37fa8cbb0b
0,S01,seasonal,F_L,left,1,MAE,2.3443444708887404,32388,2ec2ba37fa8cbb0b
0,S01,seasonal,F_L,left,1,SS_vs_persistence,-0.021646610722923842,32388,2ec2ba37fa8cbb0b
0,S01,seasonal,F_L,left,1,SS_vs_seasonal,7.571721027943568e-14,32388,2ec2ba37fa8cbb0b
0,S01,seasonal,F_L,left,1,SS_vs_ar,-0.03816218382733849,32388,2ec2ba37fa8cbb0b
0,S01,seasonal,F_L,left,1,SS_vs_probgru,0.5777096562805877,32388,2ec2ba37fa8cbb0b
0,S01,seasonal,F_L,left,2,MSE,25.096128091470398,32388,2ec2ba37fa8cbb0b
0,S01,seasonal,F_L,left,2,MAE,3.3833510182265134,32388,2ec2ba37fa8cbb0b
0,S01,seasonal,F_L,left,2,SS_vs_persistence,-0.009526707938834589,32388,2ec2ba37fa8cbb0b
0,S01,seasonal,F_L,left,2,SS_vs_seasonal,3.9745984281580604e-14,32388,2ec2ba37fa8cbb0b
0,S01,seasonal,F_L,left,2,SS_vs_ar,-0.04757376029723548,32388,2ec2ba37fa8cbb0b
0,S01,seasonal,F_L,left,2,SS_vs_probgru,0.4682317828495063,32388,2ec2ba37fa8cbb0b
0,S01,seasonal,F_L,left,3,MSE,35.06044828739271,32388,2ec2ba37fa8cbb0b
0,S01,seasonal,F_L,left,3,MAE,4.103019553230797,32388,2ec2ba37fa8cbb0b
0,S01,seasonal,F_L,left,3,SS_vs_persistence,-0.005487428895286417,32388,2ec2ba37fa8cbb0b
0,S01,seasonal,F_L,left,3,SS_vs_seasonal,2.853273173286652e-14,32388,2ec2ba37fa8cbb0b
0,S01,seasonal,F_L,left,3,SS_vs_ar,-0.055775889787237354,32388,2ec2ba37fa8cbb0b
0,S01,seasonal,F_L,left,3,SS_vs_probgru,0.43211145450927435,32388,2ec2ba37fa8cbb0b
0,S01,seasonal,F_L,left,4,MSE,43.10581888948478,32388,2ec2ba37fa8cbb0b
0,S01,seasonal,F_L,left,4,MAE,4.628793994158716,32388,2ec2ba37fa8cbb0b
0,S01,seasonal,F_L,left,4,SS_vs_persistence,-0.0035707023950679595,32388,2ec2ba37fa8cbb0b
0,S01,seasonal,F_L,left,4,SS_vs_seasonal,2.3203661214665772e-14,32388,2ec2ba37fa8cbb0b
0,S01,seasonal,F_L,left,4,SS_vs_ar,-0.06403149785491369,32388,2ec2ba37fa8cbb0b
0,S01,seasonal,F_L,left,4,SS_vs_probgru,0.4212107082649945,32388,2ec2ba37fa8cbb0b
0,S01,seasonal,F_L,left,5,MSE,50.32181122600784,32388,2ec2ba37fa8cbb0b
0,S01,seasonal,F_L,left,5,MAE,5.082168369922164,32388,2ec2ba37fa8cbb0b
0,S01,seasonal,F_L,left,5,SS_vs_persistence,-0.002328516816510584,32388,2ec2ba37fa8cbb0b
0,S01,seasonal,F_L,left,5,SS_vs_seasonal,1.9872992140790302e-14,32388,2ec2ba37fa8cbb0b
0,S01,seasonal,F_L,left,5,SS_vs_ar,-0.06992244378228718,32388,2ec2ba37fa8cbb0b
0,S01,seasonal,F_L,left,5,SS_vs_probgru,0.4132674406070913,32388,2ec2ba37fa8cbb0b
0,S01,seasonal,F_L,left,6,MSE,57.2434056771211,32388,2ec2ba37fa8cbb0b
0,S01,seasonal,F_L,left,6,MAE,5.484576468027799,32388,2ec2ba37fa8cbb0b
0,S01,seasonal,F_L,left,6,SS_vs_persistence,-0.0020833930926700273,32388,2ec2ba37fa8cbb0b
0,S01,seasonal,F_L,left,6,SS_vs_seasonal,1.7541523789077473e-14,32388,2ec2ba37fa8cbb0b
0,S01,seasonal,F_L,left,6,SS_vs_ar,-0.07371650720954159,32388,2ec2ba37fa8cbb0b
0,S01,seasonal,F_L,left,6,SS_vs_probgru,0.40370574548347216,32388,2ec2ba37fa8cbb0b
0,S01,seasonal,F_L,left,all,MSE,37.33986354378535,32388,2ec2ba37fa8cbb0b
0,S01,seasonal,F_L,left,all,MAE,4.171042312409122,32388,2ec2ba37fa8cbb0b
0,S01,seasonal,F_L,left,all,Hausdorff,3.0038386145886893,32388,2ec2ba37fa8cbb0b
0,S01,seasonal,F_L,left,all,SS_vs_persistence,-0.004922276708647422,32388,2ec2ba37fa8cbb0b
0,S01,seasonal,F_L,left,all,HD_ratio_vs_persistence,1.0029140580723976,32388,2ec2ba37fa8cbb0b
0,S01,seasonal,F_L,left,all,SS_vs_seasonal,2.6867397195928788e-14,32388,2ec2ba37fa8cbb0b
0,S01,seasonal,F_L,left,all,HD_ratio_vs_seasonal,1.0,32388,2ec2ba37fa8cbb0b
0,S01,seasonal,F_L,left,all,SS_vs_ar,-0.06306245910235542,32388,2ec2ba37fa8cbb0b
0,S01,seasonal,F_L,left,all,HD_ratio_vs_ar,1.1636164488218166,32388,2ec2ba37fa8cbb0b
0,S01,seasonal,F_L,left,all,SS_vs_probgru,0.43489822565561875,32388,2ec2ba37fa8cbb0b
0,S01,seasonal,F_L,left,all,HD_ratio_vs_probgru,0.7488287985622797,32388,2ec2ba37fa8cbb0b
0,S01,seasonal,CoPx_L,left,1,MSE,1.802487782758839e-05,15430,2ec2ba37fa8cbb0b
0,S01,seasonal,CoPx_L,left,1,MAE,0.0026773711588463714,15430,2ec2ba37fa8cbb0b
0,S01,seasonal,CoPx_L,left,1,SS_vs_persistence,5.547887504953053e-08,15430,2ec2ba37fa8cbb0b
0,S01,seasonal,CoPx_L,left,1,SS_vs_seasonal,5.547887504953053e-08,15430,2ec2ba37fa8cbb0b
0,S01,seasonal,CoPx_L,left,1,SS_vs_ar,-0.11191855299621278,15430,2ec2ba37fa8cbb0b
0,S01,seasonal,CoPx_L,left,1,SS_vs_probgru,-0.0748032016875868,15430,2ec2ba37fa8cbb0b
0,S01,seasonal,CoPx_L,left,2,MSE,2.4883306832519078e-05,15430,2ec2ba37fa8cbb0b
0,S01,seasonal,CoPx_L,left,2,MAE,0.003354078656236851,15430,2ec2ba37fa8cbb0b
0,S01,seasonal,CoPx_L,left,2,SS_vs_persistence,4.018758303914183e-08,15430,2ec2ba37fa8cbb0b
0,S01,seasonal,CoPx_L,left,2,SS_vs_seasonal,4.018758303914183e-08,15430,2ec2ba37fa8cbb0b
0,S01,seasonal,CoPx_L,left,2,SS_vs_ar,-0.13016703782317007,15430,2ec2ba37fa8cbb0b
0,S01,seasonal,CoPx_L,left,2,SS_vs_probgru,-0.11210740447713463,15430,2ec2ba37fa8cbb0b
0,S01,seasonal,CoPx_L,left,3,MSE,3.07817897511253e-05,15430,2ec2ba37fa8cbb0b
0,S01,seasonal,CoPx_L,left,3,MAE,0.0037877367470586817,15430,2ec2ba37fa8cbb0b
0,S01,seasonal,CoPx_L,left,3,SS_vs_persistence,3.2486739076631466e-08,15430,2ec2ba37fa8cbb0b
0,S01,seasonal,CoPx_L,left,3,SS_vs_seasonal,3.2486739076631466e-08,15430,2ec2ba37fa8cbb0b
0,S01,seasonal,CoPx_L,left,3,SS_vs_ar,-0.14329003839035592,15430,2ec2ba37fa8cbb0b
0,S01,seasonal,CoPx_L,left,3,SS_vs_probgru,-0.14333061046570506,15430,2ec2ba37fa8cbb0b
0,S01,seasonal,CoPx_L,left,4,MSE,3.627259880898392e-05,15430,2ec2ba37fa8cbb0b
0,S01,seasonal,CoPx_L,left,4,MAE,0.004191095410836354,15430,2ec2ba37fa8cbb0b
0,S01,seasonal,CoPx_L,left,4,SS_vs_persistence,2.7569019289686025e-08,15430,2ec2ba37fa8cbb0b
0,S01,seasonal,CoPx_L,left,4,SS_vs_seasonal,2.7569019289686025e-08,15430,2ec2ba37fa8cbb0b
0,S01,seasonal,CoPx_L,left,4,SS_vs_ar,-0.16451122338240265,15430,2ec2ba37fa8cbb0b
0,S01,seasonal,CoPx_L,left,4,SS_vs_probgru,-0.19942533648973493,15430,2ec2ba37fa8cbb0b
0,S01,seasonal,CoPx_L,left,5,MSE,4.120033453709755e-05,15430,2ec2ba37fa8cbb0b
0,S01,seasonal,CoPx_L,left,5,MAE,0.004473997747249322,15430,2ec2ba37fa8cbb0b
0,S01,seasonal,CoPx_L,left,5,SS_vs_persistence,2.427164702556439e-08,15430,2ec2ba37fa8cbb0b
0,S01,seasonal,CoPx_L,left,5,SS_vs_seasonal,2.427164702556439e-08,15430,2ec2ba37fa8cbb0b
0,S01,seasonal,CoPx_L,left,5,SS_vs_ar,-0.20118630416620187,15430,2ec2ba37fa8cbb0b
0,S01,seasonal,CoPx_L,left,5,SS_vs_probgru,-0.25690558093186433,15430,2ec2ba37fa8cbb0b
0,S01,seasonal,CoPx_L,left,6,MSE,4.423000154520269e-05,15430,2ec2ba37fa8cbb0b
0,S01,seasonal,CoPx_L,left,6,MAE,0.004750621874632115,15430,2ec2ba37fa8cbb0b
0,S01,seasonal,CoPx_L,left,6,SS_vs_persistence,2.260908760209901e-08,15430,2ec2ba37fa8cbb0b
0,S01,seasonal,CoPx_L,left,6,SS_vs_seasonal,2.260908760209901e-08,15430,2ec2ba37fa8cbb0b
0,S01,seasonal,CoPx_L,left,6,SS_vs_ar,-0.22273253375394475,15430,2ec2ba37fa8cbb0b
0,S01,seasonal,CoPx_L,left,6,SS_vs_probgru,-0.2768082516755934,15430,2ec2ba37fa8cbb0b
0,S01,seasonal,CoPx_L,left,all,MSE,3.2556381093009896e-05,15430,2ec2ba37fa8cbb0b
0,S01,seasonal,CoPx_L,left,all,MAE,0.003871795323595158,15430,2ec2ba37fa8cbb0b
0,S01,seasonal,CoPx_L,left,all,Hausdorff,2.9653102999818626,15430,2ec2ba37fa8cbb0b
0,S01,seasonal,CoPx_L,left,all,SS_vs_persistence,3.071594378845077e-08,15430,2ec2ba37fa8cbb0b
0,S01,seasonal,CoPx_L,left,all,HD_ratio_vs_persistence,1.0,15430,2ec2ba37fa8cbb0b
0,S01,seasonal,CoPx_L,left,all,SS_vs_seasonal,3.071594378845077e-08,15430,2ec2ba37fa8cbb0b
0,S01,seasonal,CoPx_L,left,all,HD_ratio_vs_seasonal,1.0,15430,2ec2ba37fa8cbb0b
0,S01,seasonal,CoPx_L,left,all,SS_vs_ar,-0.17157669848545898,15430,2ec2ba37fa8cbb0b
0,S01,seasonal,CoPx_L,left,all,HD_ratio_vs_ar,1.1663824708086412,15430,2ec2ba37fa8cbb0b
0,S01,seasonal,CoPx_L,left,all,SS_vs_probgru,-0.19331695260005333,15430,2ec2ba37fa8cbb0b
0,S01,seasonal,CoPx_L,left,all,HD_ratio_vs_probgru,1.1127621998645751,15430,2ec2ba37fa8cbb0b
0,S01,seasonal,CoPy_L,left,1,MSE,2.1222956693324443e-05,15430,2ec2ba37fa8cbb0b
0,S01,seasonal,CoPy_L,left,1,MAE,0.0024420908490112234,15430,2ec2ba37fa8cbb0b
0,S01,seasonal,CoPy_L,left,1,SS_vs_persistence,4.7118785873045965e-08,15430,2ec2ba37fa8cbb0b
0,S01,seasonal,CoPy_L,left,1,SS_vs_seasonal,4.7118785873045965e-08,15430,2ec2ba37fa8cbb0b
0,S01,seasonal,CoPy_L,left,1,SS_vs_ar,-0.1297411044577621,15430,2ec2ba37fa8cbb0b
0,S01,seasonal,CoPy_L,left,1,SS_vs_probgru,-0.10448117151096747,15430,2ec2ba37fa8cbb0b
0,S01,seasonal,CoPy_L,left,2,MSE,2.786108987559973e-05,15430,2ec2ba37fa8cbb0b
0,S01,seasonal,CoPy_L,left,2,MAE,0.003026567873774325,15430,2ec2ba37fa8cbb0b
0,S01,seasonal,CoPy_L,left,2,SS_vs_persistence,3.589234909284755e-08,15430,2ec2ba37fa8cbb0b
0,S01,seasonal,CoPy_L,left,2,SS_vs_seasonal,3.589234909284755e-08,15430,2ec2ba37fa8cbb0b
0,S01,seasonal,CoPy_L,left,2,SS_vs_ar,-0.20418963665032663,15430,2ec2ba37fa8cbb0b
0,S01,seasonal,CoPy_L,left,2,SS_vs_probgru,-0.16848678104389925,15430,2ec2ba37fa8cbb0b
0,S01,seasonal,CoPy_L,left,3,MSE,3.342921062015261e-05,15430,2ec2ba37fa8cbb0b
0,S01,seasonal,CoPy_L,left,3,MAE,0.0033711933670320243,15430,2ec2ba37fa8cbb0b
0,S01,seasonal,CoPy_L,left,3,SS_vs_persistence,2.991395708917821e-08,15430,2ec2ba37fa8cbb0b
0,S01,seasonal,CoPy_L,left,3,SS_vs_seasonal,2.991395708917821e-08,15430,2ec2ba37fa8cbb0b
0,S01,seasonal,CoPy_L,left,3,SS_vs_ar,-0.2670742890993192,15430,2ec2ba37fa8cbb0b
0,S01,seasonal,CoPy_L,left,3,SS_vs_probgru,-0.20259934034342142,15430,2ec2ba37fa8cbb0b
0,S01,seasonal,CoPy_L,left,4,MSE,3.456724620590617e-05,15430,2ec2ba37fa8cbb0b
0,S01,seasonal,CoPy_L,left,4,MAE,0.003587026487057464,15430,2ec2ba37fa8cbb0b
0,S01,seasonal,CoPy_L,left,4,SS_vs_persistence,2.8929118878195936e-08,15430,2ec2ba37fa8cbb0b
0,S01,seasonal,CoPy_L,left,4,SS_vs_seasonal,2.8929118878195936e-08,15430,2ec2ba37fa8cbb0b
0,S01,seasonal,CoPy_L,left,4,SS_vs_ar,-0.2868443790423516,15430,2ec2ba37fa8cbb0b
0,S01,seasonal,CoPy_L,left,4,SS_vs_probgru,-0.15400592683134717,15430,2ec2ba37fa8cbb0b
0,S01,seasonal,CoPy_L,left,5,MSE,3.7588767365111605e-05,15430,2ec2ba37fa8cbb0b
0,S01,seasonal,CoPy_L,left,5,MAE,0.0038260384487158925,15430,2ec2ba37fa8cbb0b
0,S01,seasonal,CoPy_L,left,5,SS_vs_persistence,2.6603691694049303e-08,15430,2ec2ba37fa8cbb0b
0,S01,seasonal,CoPy_L,left,5,SS_vs_seasonal,2.6603691694049303e-08,15430,2ec2ba37fa8cbb0b
0,S01,seasonal,CoPy_L,left,5,SS_vs_ar,-0.32188817070438813,15430,2ec2ba37fa8cbb0b
0,S01,seasonal,CoPy_L,left,5,SS_vs_probgru,-0.162350837640175,15430,2ec2ba37fa8cbb0b
0,S01,seasonal,CoPy_L,left,6,MSE,3.748096417451485e-05,15430,2ec2ba37fa8cbb0b
0,S01,seasonal,CoPy_L,left,6,MAE,0.003913219015850832,15430,2ec2ba37fa8cbb0b
0,S01,seasonal,CoPy_L,left,6,SS_vs_persistence,2.6680209486151796e-08,15430,2ec2ba37fa8cbb0b
0,S01,seasonal,CoPy_L,left,6,SS_vs_seasonal,2.6680209486151796e-08,15430,2ec2ba37fa8cbb0b
0,S01,seasonal,CoPy_L,left,6,SS_vs_ar,-0.2976392306231763,15430,2ec2ba37fa8cbb0b
0,S01,seasonal,CoPy_L,left,6,SS_vs_probgru,-0.09814123689272569,15430,2ec2ba37fa8cbb0b
0,S01,seasonal,CoPy_L,left,all,MSE,3.201958358191271e-05,15430,2ec2ba37fa8cbb0b
0,S01,seasonal,CoPy_L,left,all,MAE,0.0033605379271723092,15430,2ec2ba37fa8cbb0b
0,S01,seasonal,CoPy_L,left,all,Hausdorff,2.8952757714441164,15430,2ec2ba37fa8cbb0b
0,S01,seasonal,CoPy_L,left,all,SS_vs_persistence,3.1230886210487085e-08,15430,2ec2ba37fa8cbb0b
0,S01,seasonal,CoPy_L,left,all,HD_ratio_vs_persistence,1.0,15430,2ec2ba37fa8cbb0b
0,S01,seasonal,CoPy_L,left,all,SS_vs_seasonal,3.1230886210487085e-08,15430,2ec2ba37fa8cbb0b
0,S01,seasonal,CoPy_L,left,all,HD_ratio_vs_seasonal,1.0,15430,2ec2ba37fa8cbb0b
0,S01,seasonal,CoPy_L,left,all,SS_vs_ar,-0.2600525549508217,15430,2ec2ba37fa8cbb0b
0,S01,seasonal,CoPy_L,left,all,HD_ratio_vs_ar,1.1835640803315737,15430,2ec2ba37fa8cbb0b
0,S01,seasonal,CoPy_L,left,all,SS_vs_probgru,-0.14867954267332228,15430,2ec2ba37fa8cbb0b
0,S01,seasonal,CoPy_L,left,all,HD_ratio_vs_probgru,1.0771595983848912,15430,2ec2ba37fa8cbb0b
0,S01,seasonal,F_R,right,1,MSE,29.515198619232766,32388,2ec2ba37fa8cbb0b
0,S01,seasonal,F_R,right,1,MAE,3.566953457651778,32388,2ec2ba37fa8cbb0b
0,S01,seasonal,F_R,right,1,SS_vs_persistence,-0.04956869603826575,32388,2ec2ba37fa8cbb0b
0,S01,seasonal,F_R,right,1,SS_vs_seasonal,3.3861802251067274e-14,32388,2ec2ba37fa8cbb0b
0,S01,seasonal,F_R,right,1,SS_vs_ar,-0.09057906409067473,32388,2ec2ba37fa8cbb0b
0,S01,seasonal,F_R,right,1,SS_vs_probgru,0.13073853316866868,32388,2ec2ba37fa8cbb0b
0,S01,seasonal,F_R,right,2,MSE,62.06119042307983,32388,2ec2ba37fa8cbb0b
0,S01,seasonal,F_R,right,2,MAE,5.327661367997985,32388,2ec2ba37fa8cbb0b
0,S01,seasonal,F_R,right,2,SS_vs_persistence,-0.01690462287175265,32388,2ec2ba37fa8cbb0b
0,S01,seasonal,F_R,right,2,SS_vs_seasonal,1.609823385706477e-14,32388,2ec2ba37fa8cbb0b
0,S01,seasonal,F_R,right,2,SS_vs_ar,-0.07036855795903008,32388,2ec2ba37fa8cbb0b
0,S01,seasonal,F_R,right,2,SS_vs_probgru,-0.0010492885294492993,32388,2ec2ba37fa8cbb0b
0,S01,seasonal,F_R,right,3,MSE,88.78006494360834,32388,2ec2ba37fa8cbb0b
0,S01,seasonal,F_R,right,3,MAE,6.500953275744851,32388,2ec2ba37fa8cbb0b
0,S01,seasonal,F_R,right,3,SS_vs_persistence,-0.007906811997564711,32388,2ec2ba37fa8cbb0b
0,S01,seasonal,F_R,right,3,SS_vs_seasonal,1.1213252548714081e-14,32388,2ec2ba37fa8cbb0b
0,S01,seasonal,F_R,right,3,SS_vs_ar,-0.08105969492359799,32388,2ec2ba37fa8cbb0b
0,S01,seasonal,F_R,right,3,SS_vs_probgru,-0.051732708281815754,32388,2ec2ba37fa8cbb0b
0,S01,seasonal,F_R,right,4,MSE,110.44919449091924,32388,2ec2ba37fa8cbb0b
0,S01,seasonal,F_R,right,4,MAE,7.425996953533861,32388,2ec2ba37fa8cbb0b
0,S01,seasonal,F_R,right,4,SS_vs_persistence,-0.004213952192474224,32388,2ec2ba37fa8cbb0b
0,S01,seasonal,F_R,right,4,SS_vs_seasonal,8.992806499463768e-15,32388,2ec2ba37fa8cbb0b
0,S01,seasonal,F_R,right,4,SS_vs_ar,-0.09351584674532254,32388,2ec2ba37fa8cbb0b
0,S01,seasonal,F_R,right,4,SS_vs_probgru,-0.06429012344649454,32388,2ec2ba37fa8cbb0b
0,S01,seasonal,F_R,right,5,MSE,130.61735237524687,32388,2ec2ba37fa8cbb0b
0,S01,seasonal,F_R,right,5,MAE,8.184796746371632,32388,2ec2ba37fa8cbb0b
0,S01,seasonal,F_R,right,5,SS_vs_persistence,-0.001873354711490638,32388,2ec2ba37fa8cbb0b
0,S01,seasonal,F_R,right,5,SS_vs_seasonal,7.66053886991358e-15,32388,2ec2ba37fa8cbb0b
0,S01,seasonal,F_R,right,5,SS_vs_ar,-0.10656301904070231,32388,2ec2ba37fa8cbb0b
0,S01,seasonal,F_R,right,5,SS_vs_probgru,-0.06394763564817296,32388,2ec2ba37fa8cbb0b
0,S01,seasonal,F_R,right,6,MSE,149.94325511104856,32388,2ec2ba37fa8cbb0b
0,S01,seasonal,F_R,right,6,MAE,8.877624376034817,32388,2ec2ba37fa8cbb0b
0,S01,seasonal,F_R,right,6,SS_vs_persistence,-0.000604501532158741,32388,2ec2ba37fa8cbb0b
0,S01,seasonal,F_R,right,6,SS_vs_seasonal,6.661338147750939e-15,32388,2ec2ba37fa8cbb0b
0,S01,seasonal,F_R,right,6,SS_vs_ar,-0.11440381127984534,32388,2ec2ba37fa8cbb0b
0,S01,seasonal,F_R,right,6,SS_vs_probgru,-0.053404486796221784,32388,2ec2ba37fa8cbb0b
0,S01,seasonal,F_R,right,all,MSE,95.22770932718927,32388,2ec2ba37fa8cbb0b
0,S01,seasonal,F_R,right,all,MAE,6.64733102955582,32388,2ec2ba37fa8cbb0b
0,S01,seasonal,F_R,right,all,Hausdorff,3.05727952207021,32388,2ec2ba37fa8cbb0b
0,S01,seasonal,F_R,right,all,SS_vs_persistence,-0.006908802543454717,32388,2ec2ba37fa8cbb0b
0,S01,seasonal,F_R,right,all,HD_ratio_vs_persistence,1.0027683223796349,32388,2ec2ba37fa8cbb0b
0,S01,seasonal,F_R,right,all,SS_vs_seasonal,1.0436096431476471e-14,32388,2ec2ba37fa8cbb0b
0,S01,seasonal,F_R,right,all,HD_ratio_vs_seasonal,1.0,32388,2ec2ba37fa8cbb0b
0,S01,seasonal,F_R,right,all,SS_vs_ar,-0.09717592727475144,32388,2ec2ba37fa8cbb0b
0,S01,seasonal,F_R,right,all,HD_ratio_vs_ar,1.1239595460995866,32388,2ec2ba37fa8cbb0b
0,S01,seasonal,F_R,right,all,SS_vs_probgru,-0.04026771017540565,32388,2ec2ba37fa8cbb0b
0,S01,seasonal,F_R,right,all,HD_ratio_vs_probgru,1.0116930419430132,32388,2ec2ba37fa8cbb0b
0,S01,seasonal,CoPx_R,right,1,MSE,1.3109273574925606e-05,22076,2ec2ba37fa8cbb0b
0,S01,seasonal,CoPx_R,right,1,MAE,0.002366220329307527,22076,2ec2ba37fa8cbb0b
0,S01,seasonal,CoPx_R,right,1,SS_vs_persistence,-0.3255622356319998,22076,2ec2ba37fa8cbb0b
0,S01,seasonal,CoPx_R,right,1,SS_vs_seasonal,7.628187159713917e-08,22076,2ec2ba37fa8cbb0b
0,S01,seasonal,CoPx_R,right,1,SS_vs_ar,-0.420292930258233,22076,2ec2ba37fa8cbb0b
0,S01,seasonal,CoPx_R,right,1,SS_vs_probgru,-0.1789701405408579,22076,2ec2ba37fa8cbb0b
0,S01,seasonal,CoPx_R,right,2,MSE,1.912625827268316e-05,22076,2ec2ba37fa8cbb0b
0,S01,seasonal,CoPx_R,right,2,MAE,0.002988064800915002,22076,2ec2ba37fa8cbb0b
0,S01,seasonal,CoPx_R,right,2,SS_vs_persistence,-0.17321938991420005,22076,2ec2ba37fa8cbb0b
0,S01,seasonal,CoPx_R,right,2,SS_vs_seasonal,5.2284139018254905e-08,22076,2ec2ba37fa8cbb0b
0,S01,seasonal,CoPx_R,right,2,SS_vs_ar,-0.3063517391840276,22076,2ec2ba37fa8cbb0b
0,S01,seasonal,CoPx_R,right,2,SS_vs_probgru,-0.19274960431557742,22076,2ec2ba37fa8cbb0b
0,S01,seasonal,CoPx_R,right,3,MSE,2.3520585155774284e-05,22076,2ec2ba37fa8cbb0b
0,S01,seasonal,CoPx_R,right,3,MAE,0.0033518561834209597,22076,2ec2ba37fa8cbb0b
0,S01,seasonal,CoPx_R,right,3,SS_vs_persistence,-0.11897065690415731,22076,2ec2ba37fa8cbb0b
0,S01,seasonal,CoPx_R,right,3,SS_vs_seasonal,4.2515947207277804e-08,22076,2ec2ba37fa8cbb0b
0,S01,seasonal,CoPx_R,right,3,SS_vs_ar,-0.27609352478906635,22076,2ec2ba37fa8cbb0b
0,S01,seasonal,CoPx_R,right,3,SS_vs_probgru,-0.18255066888895244,22076,2ec2ba37fa8cbb0b
0,S01,seasonal,CoPx_R,right,4,MSE,2.7143341313993515e-05,22076,2ec2ba37fa8cbb0b
0,S01,seasonal,CoPx_R,right,4,MAE,0.0036102712307874113,22076,2ec2ba37fa8cbb0b
0,S01,seasonal,CoPx_R,right,4,SS_vs_persistence,-0.07844824089869462,22076,2ec2ba37fa8cbb0b
0,S01,seasonal,CoPx_R,right,4,SS_vs_seasonal,3.684144667115419e-08,22076,2ec2ba37fa8cbb0b
0,S01,seasonal,CoPx_R,right,4,SS_vs_ar,-0.25573916119437534,22076,2ec2ba37fa8cbb0b
0,S01,seasonal,CoPx_R,right,4,SS_vs_probgru,-0.18369375047958147,22076,2ec2ba37fa8cbb0b
0,S01,seasonal,CoPx_R,right,5,MSE,2.979494780973309e-05,22076,2ec2ba37fa8cbb0b
0,S01,seasonal,CoPx_R,right,5,MAE,0.0037847668169605025,22076,2ec2ba37fa8cbb0b
0,S01,seasonal,CoPx_R,right,5,SS_vs_persistence,-0.05657930458302585,22076,2ec2ba37fa8cbb0b
0,S01,seasonal,CoPx_R,right,5,SS_vs_seasonal,3.356273592380887e-08,22076,2ec2ba37fa8cbb0b
0,S01,seasonal,CoPx_R,right,5,SS_vs_ar,-0.24351015236998297,22076,2ec2ba37fa8cbb0b
0,S01,seasonal,CoPx_R,right,5,SS_vs_probgru,-0.1781093968468037,22076,2ec2ba37fa8cbb0b
0,S01,seasonal,CoPx_R,right,6,MSE,3.258669396468059e-05,22076,2ec2ba37fa8cbb0b
0,S01,seasonal,CoPx_R,right,6,MAE,0.004020958975759467,22076,2ec2ba37fa8cbb0b
0,S01,seasonal,CoPx_R,right,6,SS_vs_persistence,-0.03887803818393798,22076,2ec2ba37fa8cbb0b
0,S01,seasonal,CoPx_R,right,6,SS_vs_seasonal,3.068737119971132e-08,22076,2ec2ba37fa8cbb0b
0,S01,seasonal,CoPx_R,right,6,SS_vs_ar,-0.24748074624778305,22076,2ec2ba37fa8cbb0b
0,S01,seasonal,CoPx_R,right,6,SS_vs_probgru,-0.18119617471868876,22076,2ec2ba37fa8cbb0b
0,S01,seasonal,CoPx_R,right,all,MSE,2.4189603474004548e-05,22076,2ec2ba37fa8cbb0b
0,S01,seasonal,CoPx_R,right,all,MAE,0.003351746145237797,22076,2ec2ba37fa8cbb0b
0,S01,seasonal,CoPx_R,right,all,Hausdorff,2.882942773667867,22076,2ec2ba37fa8cbb0b
0,S01,seasonal,CoPx_R,right,all,SS_vs_persistence,-0.10129495542042344,22076,2ec2ba37fa8cbb0b
0,S01,seasonal,CoPx_R,right,all,HD_ratio_vs_persistence,1.0147015015992273,22076,2ec2ba37fa8cbb0b
0,S01,seasonal,CoPx_R,right,all,SS_vs_seasonal,4.1340072365336766e-08,22076,2ec2ba37fa8cbb0b
0,S01,seasonal,CoPx_R,right,all,HD_ratio_vs_seasonal,1.0,22076,2ec2ba37fa8cbb0b
0,S01,seasonal,CoPx_R,right,all,SS_vs_ar,-0.2745235286557164,22076,2ec2ba37fa8cbb0b
0,S01,seasonal,CoPx_R,right,all,HD_ratio_vs_ar,1.2045602561708881,22076,2ec2ba37fa8cbb0b
0,S01,seasonal,CoPx_R,right,all,SS_vs_probgru,-0.18256054953416379,22076,2ec2ba37fa8cbb0b
0,S01,seasonal,CoPx_R,right,all,HD_ratio_vs_probgru,1.1029212780685438,22076,2ec2ba37fa8cbb0b
0,S01,seasonal,CoPy_R,right,1,MSE,1.0535856865616711e-05,22076,2ec2ba37fa8cbb0b
0,S01,seasonal,CoPy_R,right,1,MAE,0.002287169628717914,22076,2ec2ba37fa8cbb0b
0,S01,seasonal,CoPy_R,right,1,SS_vs_persistence,-0.07355503524548657,22076,2ec2ba37fa8cbb0b
0,S01,seasonal,CoPy_R,right,1,SS_vs_seasonal,9.491396069094549e-08,22076,2ec2ba37fa8cbb0b
0,S01,seasonal,CoPy_R,right,1,SS_vs_ar,0.05882026825982245,22076,2ec2ba37fa8cbb0b
0,S01,seasonal,CoPy_R,right,1,SS_vs_probgru,0.5418385774281487,22076,2ec2ba37fa8cbb0b
0,S01,seasonal,CoPy_R,right,2,MSE,1.7066295803740506e-05,22076,2ec2ba37fa8cbb0b
0,S01,seasonal,CoPy_R,right,2,MAE,0.002949454284092474,22076,2ec2ba37fa8cbb0b
0,S01,seasonal,CoPy_R,right,2,SS_vs_persistence,-0.026464505420914497,22076,2ec2ba37fa8cbb0b
0,S01,seasonal,CoPy_R,right,2,SS_vs_seasonal,5.859501983618287e-08,22076,2ec2ba37fa8cbb0b
0,S01,seasonal,CoPy_R,right,2,SS_vs_ar,0.2076284494782713,22076,2ec2ba37fa8cbb0b
0,S01,seasonal,CoPy_R,right,2,SS_vs_probgru,0.5025019795200545,22076,2ec2ba37fa8cbb0b
0,S01,seasonal,CoPy_R,right,3,MSE,2.1310978677827175e-05,22076,2ec2ba37fa8cbb0b
0,S01,seasonal,CoPy_R,right,3,MAE,0.0032824554437153926,22076,2ec2ba37fa8cbb0b
0,S01,seasonal,CoPy_R,right,3,SS_vs_persistence,-0.015215169791012562,22076,2ec2ba37fa8cbb0b
0,S01,seasonal,CoPy_R,right,3,SS_vs_seasonal,4.692416843976588e-08,22076,2ec2ba37fa8cbb0b
0,S01,seasonal,CoPy_R,right,3,SS_vs_ar,0.3017532328476761,22076,2ec2ba37fa8cbb0b
0,S01,seasonal,CoPy_R,right,3,SS_vs_probgru,0.5059153853900737,22076,2ec2ba37fa8cbb0b
0,S01,seasonal,CoPy_R,right,4,MSE,2.459939287594941e-05,22076,2ec2ba37fa8cbb0b
0,S01,seasonal,CoPy_R,right,4,MAE,0.0035905904122160966,22076,2ec2ba37fa8cbb0b
0,S01,seasonal,CoPy_R,right,4,SS_vs_persistence,-0.007686043631975448,22076,2ec2ba37fa8cbb0b
0,S01,seasonal,CoPy_R,right,4,SS_vs_seasonal,4.065140812858914e-08,22076,2ec2ba37fa8cbb0b
0,S01,seasonal,CoPy_R,right,4,SS_vs_ar,0.37503044809076524,22076,2ec2ba37fa8cbb0b
0,S01,seasonal,CoPy_R,right,4,SS_vs_probgru,0.5126750456948101,22076,2ec2ba37fa8cbb0b
0,S01,seasonal,CoPy_R,right,5,MSE,2.758399063940745e-05,22076,2ec2ba37fa8cbb0b
0,S01,seasonal,CoPy_R,right,5,MAE,0.0038388163361313364,22076,2ec2ba37fa8cbb0b
0,S01,seasonal,CoPy_R,right,5,SS_vs_persistence,-0.0009516804815188351,22076,2ec2ba37fa8cbb0b
0,S01,seasonal,CoPy_R,right,5,SS_vs_seasonal,3.6252911228551454e-08,22076,2ec2ba37fa8cbb0b
0,S01,seasonal,CoPy_R,right,5,SS_vs_ar,0.42403871637836776,22076,2ec2ba37fa8cbb0b
0,S01,seasonal,CoPy_R,right,5,SS_vs_probgru,0.5154471088877619,22076,2ec2ba37fa8cbb0b
0,S01,seasonal,CoPy_R,right,6,MSE,3.055143808534113e-05,22076,2ec2ba37fa8cbb0b
0,S01,seasonal,CoPy_R,right,6,MAE,0.004044151989478767,22076,2ec2ba37fa8cbb0b
0,S01,seasonal,CoPy_R,right,6,SS_vs_persistence,0.0011061801703418084,22076,2ec2ba37fa8cbb0b
0,S01,seasonal,CoPy_R,right,6,SS_vs_seasonal,3.27316824755286e-08,22076,2ec2ba37fa8cbb0b
0,S01,seasonal,CoPy_R,right,6,SS_vs_ar,0.46042299636426387,22076,2ec2ba37fa8cbb0b
0,S01,seasonal,CoPy_R,right,6,SS_vs_probgru,0.5130904561988014,22076,2ec2ba37fa8cbb0b
0,S01,seasonal,CoPy_R,right,all,MSE,2.191706671062455e-05,22076,2ec2ba37fa8cbb0b
0,S01,seasonal,CoPy_R,right,all,MAE,0.0033300048186089204,22076,2ec2ba37fa8cbb0b
0,S01,seasonal,CoPy_R,right,all,Hausdorff,2.903268407516451,22076,2ec2ba37fa8cbb0b
0,S01,seasonal,CoPy_R,right,all,SS_vs_persistence,-0.012838137580572395,22076,2ec2ba37fa8cbb0b
0,S01,seasonal,CoPy_R,right,all,HD_ratio_vs_persistence,1.0072123251338023,22076,2ec2ba37fa8cbb0b
0,S01,seasonal,CoPy_R,right,all,SS_vs_seasonal,4.5626541544940835e-08,22076,2ec2ba37fa8cbb0b
0,S01,seasonal,CoPy_R,right,all,HD_ratio_vs_seasonal,1.0,22076,2ec2ba37fa8cbb0b
0,S01,seasonal,CoPy_R,right,all,SS_vs_ar,0.3640511148331219,22076,2ec2ba37fa8cbb0b
0,S01,seasonal,CoPy_R,right,all,HD_ratio_vs_ar,0.8786303486496685,22076,2ec2ba37fa8cbb0b
0,S01,seasonal,CoPy_R,right,all,SS_vs_probgru,0.5134696747592826,22076,2ec2ba37fa8cbb0b
0,S01,seasonal,CoPy_R,right,all,HD_ratio_vs_probgru,0.7002203754747973,22076,2ec2ba37fa8cbb0b
0,S01,ar,F_L,left,1,MSE,12.725920185734198,32388,2ec2ba37fa8cbb0b
0,S01,ar,F_L,left,1,MAE,2.2835178918437378,32388,2ec2ba37fa8cbb0b
0,S01,ar,F_L,left,1,SS_vs_persistence,0.01590847110574556,32388,2ec2ba37fa8cbb0b
0,S01,ar,F_L,left,1,SS_vs_seasonal,0.036759366139500704,32388,2ec2ba37fa8cbb0b
0,S01,ar,F_L,left,1,SS_vs_ar,7.860379014346108e-14,32388,2ec2ba37fa8cbb0b
0,S01,ar,F_L,left,1,SS_vs_probgru,0.5932327816425143,32388,2ec2ba37fa8cbb0b
0,S01,ar,F_L,left,2,MSE,23.95643060432198,32388,2ec2ba37fa8cbb0b
0,S01,ar,F_L,left,2,MAE,3.3026945888393575,32388,2ec2ba37fa8cbb0b
0,S01,ar,F_L,left,2,SS_vs_persistence,0.03631921092377077,32388,2ec2ba37fa8cbb0b
0,S01,ar,F_L,left,2,SS_vs_seasonal,0.04541327980935539,32388,2ec2ba37fa8cbb0b
0,S01,ar,F_L,left,2,SS_vs_ar,4.163336342344337e-14,32388,2ec2ba37fa8cbb0b
0,S01,ar,F_L,left,2,SS_vs_probgru,0.49238112168866355,32388,2ec2ba37fa8cbb0b
0,S01,ar,F_L,left,3,MSE,33.2082297261563,32388,2ec2ba37fa8cbb0b
0,S01,ar,F_L,left,3,MAE,4.008678455234618,32388,2ec2ba37fa8cbb0b
0,S01,ar,F_L,left,3,SS_vs_persistence,0.047631757249273377,32388,2ec2ba37fa8cbb0b
0,S01,ar,F_L,left,3,SS_vs_seasonal,0.05282928917664165,32388,2ec2ba37fa8cbb0b
0,S01,ar,F_L,left,3,SS_vs_ar,3.019806626980426e-14,32388,2ec2ba37fa8cbb0b
0,S01,ar,F_L,left,3,SS_vs_probgru,0.46211260269909105,32388,2ec2ba37fa8cbb0b
0,S01,ar,F_L,left,4,MSE,40.51178839760383,32388,2ec2ba37fa8cbb0b
0,S01,ar,F_L,left,4,MAE,4.534944550108529,32388,2ec2ba37fa8cbb0b
0,S01,ar,F_L,left,4,SS_vs_persistence,0.05682237375656585,32388,2ec2ba37fa8cbb0b
0,S01,ar,F_L,left,4,SS_vs_seasonal,0.060178197716937,32388,2ec2ba37fa8cbb0b
0,S01,ar,F_L,left,4,SS_vs_ar,2.475797344914099e-14,32388,2ec2ba37fa8cbb0b
0,S01,ar,F_L,left,4,SS_vs_probgru,0.45604120469945697,32388,2ec2ba37fa8cbb0b
0,S01,ar,F_L,left,5,MSE,47.03313919475689,32388,2ec2ba37fa8cbb0b
0,S01,ar,F_L,left,5,MAE,4.994971555789318,32388,2ec2ba37fa8cbb0b
0,S01,ar,F_L,left,5,SS_vs_persistence,0.06317647354592026,32388,2ec2ba37fa8cbb0b
0,S01,ar,F_L,left,5,SS_vs_seasonal,0.0653528152331726,32388,2ec2ba37fa8cbb0b
0,S01,ar,F_L,left,5,SS_vs_ar,2.1316282072803006e-14,32388,2ec2ba37fa8cbb0b
0,S01,ar,F_L,left,5,SS_vs_probgru,0.4516120651523716,32388,2ec2ba37fa8cbb0b
0,S01,ar,F_L,left,6,MSE,53.31333298198857,32388,2ec2ba37fa8cbb0b
0,S01,ar,F_L,left,6,MAE,5.404618413040279,32388,2ec2ba37fa8cbb0b
0,S01,ar,F_L,left,6,SS_vs_persistence,0.06671510928248281,32388,2ec2ba37fa8cbb0b
0,S01,ar,F_L,left,6,SS_vs_seasonal,0.0686554660514237,32388,2ec2ba37fa8cbb0b
0,S01,ar,F_L,left,6,SS_vs_ar,1.8762769116165146e-14,32388,2ec2ba37fa8cbb0b
0,S01,ar,F_L,left,6,SS_vs_probgru,0.44464460543108086,32388,2ec2ba37fa8cbb0b
0,S01,ar,F_L,left,all,MSE,35.12480684842721,32388,2ec2ba37fa8cbb0b
0,S01,ar,F_L,left,all,MAE,4.088237575809318,32388,2ec2ba37fa8cbb0b
0,S01,ar,F_L,left,all,Hausdorff,2.5814679894136354,32388,2ec2ba37fa8cbb0b
0,S01,ar,F_L,left,all,SS_vs_persistence,0.054691219594782625,32388,2ec2ba37fa8cbb0b
0,S01,ar,F_L,left,all,HD_ratio_vs_persistence,0.8618940193633966,32388,2ec2ba37fa8cbb0b
0,S01,ar,F_L,left,all,SS_vs_seasonal,0.059321499468300565,32388,2ec2ba37fa8cbb0b
0,S01,ar,F_L,left,all,HD_ratio_vs_seasonal,0.859389707847907,32388,2ec2ba37fa8cbb0b
0,S01,ar,F_L,left,all,SS_vs_ar,2.853273173286652e-14,32388,2ec2ba37fa8cbb0b
0,S01,ar,F_L,left,all,HD_ratio_vs_ar,1.0,32388,2ec2ba37fa8cbb0b
0,S01,ar,F_L,left,all,SS_vs_probgru,0.46842091026191046,32388,2ec2ba37fa8cbb0b
0,S01,ar,F_L,left,all,HD_ratio_vs_probgru,0.6435357624245368,32388,2ec2ba37fa8cbb0b
0,S01,ar,CoPx_L,left,1,MSE,1.621060883200429e-05,15430,2ec2ba37fa8cbb0b
0,S01,ar,CoPx_L,left,1,MAE,0.0025737487070276073,15430,2ec2ba37fa8cbb0b
0,S01,ar,CoPx_L,left,1,SS_vs_persistence,0.10065365836508289,15430,2ec2ba37fa8cbb0b
0,S01,ar,CoPx_L,left,1,SS_vs_seasonal,0.10065365836508289,15430,2ec2ba37fa8cbb0b
0,S01,ar,CoPx_L,left,1,SS_vs_ar,6.168799382422208e-08,15430,2ec2ba37fa8cbb0b
0,S01,ar,CoPx_L,left,1,SS_vs_probgru,0.03337961895776165,15430,2ec2ba37fa8cbb0b
0,S01,ar,CoPx_L,left,2,MSE,2.2017369883906818e-05,15430,2ec2ba37fa8cbb0b
0,S01,ar,CoPx_L,left,2,MAE,0.0031792990052066632,15430,2ec2ba37fa8cbb0b
0,S01,ar,CoPx_L,left,2,SS_vs_persistence,0.11517511931700941,15430,2ec2ba37fa8cbb0b
0,S01,ar,CoPx_L,left,2,SS_vs_seasonal,0.11517511931700941,15430,2ec2ba37fa8cbb0b
0,S01,ar,CoPx_L,left,2,SS_vs_ar,4.5418683480846767e-08,15430,2ec2ba37fa8cbb0b
0,S01,ar,CoPx_L,left,2,SS_vs_probgru,0.015979658981449818,15430,2ec2ba37fa8cbb0b
0,S01,ar,CoPx_L,left,3,MSE,2.6923866712923612e-05,15430,2ec2ba37fa8cbb0b
0,S01,ar,CoPx_L,left,3,MAE,0.0035413776092721944,15430,2ec2ba37fa8cbb0b
0,S01,ar,CoPx_L,left,3,SS_vs_persistence,0.12533137104964087,15430,2ec2ba37fa8cbb0b
0,S01,ar,CoPx_L,left,3,SS_vs_seasonal,0.12533137104964087,15430,2ec2ba37fa8cbb0b
0,S01,ar,CoPx_L,left,3,SS_vs_ar,3.7141766218162786e-08,15430,2ec2ba37fa8cbb0b
0,S01,ar,CoPx_L,left,3,SS_vs_probgru,-3.5449980905877254e-05,15430,2ec2ba37fa8cbb0b
0,S01,ar,CoPx_L,left,4,MSE,3.114834525949561e-05,15430,2ec2ba37fa8cbb0b
0,S01,ar,CoPx_L,left,4,MAE,0.003881843641098698,15430,2ec2ba37fa8cbb0b
0,S01,ar,CoPx_L,left,4,SS_vs_persistence,0.14127067198031795,15430,2ec2ba37fa8cbb0b
0,S01,ar,CoPx_L,left,4,SS_vs_seasonal,0.14127067198031795,15430,2ec2ba37fa8cbb0b
0,S01,ar,CoPx_L,left,4,SS_vs_ar,3.210443322299028e-08,15430,2ec2ba37fa8cbb0b
0,S01,ar,CoPx_L,left,4,SS_vs_probgru,-0.029981741609197643,15430,2ec2ba37fa8cbb0b
0,S01,ar,CoPx_L,left,5,MSE,3.429970287957144e-05,15430,2ec2ba37fa8cbb0b
0,S01,ar,CoPx_L,left,5,MAE,0.004134129320470432,15430,2ec2ba37fa8cbb0b
0,S01,ar,CoPx_L,left,5,SS_vs_persistence,0.1674897198667874,15430,2ec2ba37fa8cbb0b
0,S01,ar,CoPx_L,left,5,SS_vs_seasonal,0.1674897198667874,15430,2ec2ba37fa8cbb0b
0,S01,ar,CoPx_L,left,5,SS_vs_ar,2.9154770708750277e-08,15430,2ec2ba37fa8cbb0b
0,S01,ar,CoPx_L,left,5,SS_vs_probgru,-0.046386842680116835,15430,2ec2ba37fa8cbb0b
0,S01,ar,CoPx_L,left,6,MSE,3.617307882262559e-05,15430,2ec2ba37fa8cbb0b
0,S01,ar,CoPx_L,left,6,MAE,0.004333062239539854,15430,2ec2ba37fa8cbb0b
0,S01,ar,CoPx_L,left,6,SS_vs_persistence,0.18215969384905617,15430,2ec2ba37fa8cbb0b
0,S01,ar,CoPx_L,left,6,SS_vs_seasonal,0.18215969384905617,15430,2ec2ba37fa8cbb0b
0,S01,ar,CoPx_L,left,6,SS_vs_ar,2.764486761730467e-08,15430,2ec2ba37fa8cbb0b
0,S01,ar,CoPx_L,left,6,SS_vs_probgru,-0.044225275055399305,15430,2ec2ba37fa8cbb0b
0,S01,ar,CoPx_L,left,all,MSE,2.77885177842134e-05,15430,2ec2ba37fa8cbb0b
0,S01,ar,CoPx_L,left,all,MAE,0.0036066580608755403,15430,2ec2ba37fa8cbb0b
0,S01,ar,CoPx_L,left,all,Hausdorff,2.542313841467493,15430,2ec2ba37fa8cbb0b
0,S01,ar,CoPx_L,left,all,SS_vs_persistence,0.14644945175957358,15430,2ec2ba37fa8cbb0b
0,S01,ar,CoPx_L,left,all,HD_ratio_vs_persistence,0.8573517049743642,15430,2ec2ba37fa8cbb0b
0,S01,ar,CoPx_L,left,all,SS_vs_seasonal,0.14644945175957358,15430,2ec2ba37fa8cbb0b
0,S01,ar,CoPx_L,left,all,HD_ratio_vs_seasonal,0.8573517049743642,15430,2ec2ba37fa8cbb0b
0,S01,ar,CoPx_L,left,all,SS_vs_ar,3.598608500077205e-08,15430,2ec2ba37fa8cbb0b
0,S01,ar,CoPx_L,left,all,HD_ratio_vs_ar,1.0,15430,2ec2ba37fa8cbb0b
0,S01,ar,CoPx_L,left,all,SS_vs_probgru,-0.018556370402290634,15430,2ec2ba37fa8cbb0b
0,S01,ar,CoPx_L,left,all,HD_ratio_vs_probgru,0.9540285692849177,15430,2ec2ba37fa8cbb0b
0,S01,ar,CoPy_L,left,1,MSE,1.8785680612877805e-05,15430,2ec2ba37fa8cbb0b
0,S01,ar,CoPy_L,left,1,MAE,0.0023335091037014703,15430,2ec2ba37fa8cbb0b
0,S01,ar,CoPy_L,left,1,SS_vs_persistence,0.11484153696509836,15430,2ec2ba37fa8cbb0b
0,S01,ar,CoPy_L,left,1,SS_vs_seasonal,0.11484153696509836,15430,2ec2ba37fa8cbb0b
0,S01,ar,CoPy_L,left,1,SS_vs_ar,5.3232031671512914e-08,15430,2ec2ba37fa8cbb0b
0,S01,ar,CoPy_L,left,1,SS_vs_probgru,0.02235909770911204,15430,2ec2ba37fa8cbb0b
0,S01,ar,CoPy_L,left,2,MSE,2.3136794922858495e-05,15430,2ec2ba37fa8cbb0b
0,S01,ar,CoPy_L,left,2,MAE,0.0028189229004553533,15430,2ec2ba37fa8cbb0b
0,S01,ar,CoPy_L,left,2,SS_vs_persistence,0.1695660795851569,15430,2ec2ba37fa8cbb0b
0,S01,ar,CoPy_L,left,2,SS_vs_seasonal,0.1695660795851569,15430,2ec2ba37fa8cbb0b
0,S01,ar,CoPy_L,left,2,SS_vs_ar,4.322119639965649e-08,15430,2ec2ba37fa8cbb0b
0,S01,ar,CoPy_L,left,2,SS_vs_probgru,0.029648906636614236,15430,2ec2ba37fa8cbb0b
0,S01,ar,CoPy_L,left,3,MSE,2.6382990832243136e-05,15430,2ec2ba37fa8cbb0b
0,S01,ar,CoPy_L,left,3,MAE,0.0030941489266256175,15430,2ec2ba37fa8cbb0b
0,S01,ar,CoPy_L,left,3,SS_vs_persistence,0.21078034588352978,15430,2ec2ba37fa8cbb0b
0,S01,ar,CoPy_L,left,3,SS_vs_seasonal,0.21078034588352978,15430,2ec2ba37fa8cbb0b
0,S01,ar,CoPy_L,left,3,SS_vs_ar,3.790320690644222e-08,15430,2ec2ba37fa8cbb0b
0,S01,ar,CoPy_L,left,3,SS_vs_probgru,0.05088493618168222,15430,2ec2ba37fa8cbb0b
0,S01,ar,CoPy_L,left,4,MSE,2.686202425252552e-05,15430,2ec2ba37fa8cbb0b
0,S01,ar,CoPy_L,left,4,MAE,0.0032483667270028255,15430,2ec2ba37fa8cbb0b
0,S01,ar,CoPy_L,left,4,SS_vs_persistence,0.22290530997400726,15430,2ec2ba37fa8cbb0b
0,S01,ar,CoPy_L,left,4,SS_vs_seasonal,0.22290530997400726,15430,2ec2ba37fa8cbb0b
0,S01,ar,CoPy_L,left,4,SS_vs_ar,3.72272749293856e-08,15430,2ec2ba37fa8cbb0b
0,S01,ar,CoPy_L,left,4,SS_vs_probgru,0.10322809605801486,15430,2ec2ba37fa8cbb0b
0,S01,ar,CoPy_L,left,5,MSE,2.8435662619776446e-05,15430,2ec2ba37fa8cbb0b
0,S01,ar,CoPy_L,left,5,MAE,0.0034377052054590917,15430,2ec2ba37fa8cbb0b
0,S01,ar,CoPy_L,left,5,SS_vs_persistence,0.2435064021366209,15430,2ec2ba37fa8cbb0b
0,S01,ar,CoPy_L,left,5,SS_vs_seasonal,0.2435064021366209,15430,2ec2ba37fa8cbb0b
0,S01,ar,CoPy_L,left,5,SS_vs_ar,3.5167106116062996e-08,15430,2ec2ba37fa8cbb0b
0,S01,ar,CoPy_L,left,5,SS_vs_probgru,0.12068900946115324,15430,2ec2ba37fa8cbb0b
0,S01,ar,CoPy_L,left,6,MSE,2.8883962500791397e-05,15430,2ec2ba37fa8cbb0b
0,S01,ar,CoPy_L,left,6,MAE,0.0035593381802744174,15430,2ec2ba37fa8cbb0b
0,S01,ar,CoPy_L,left,6,SS_vs_persistence,0.22936983169176717,15430,2ec2ba37fa8cbb0b
0,S01,ar,CoPy_L,left,6,SS_vs_seasonal,0.22936983169176717,15430,2ec2ba37fa8cbb0b
0,S01,ar,CoPy_L,left,6,SS_vs_ar,3.462128728148883e-08,15430,2ec2ba37fa8cbb0b
0,S01,ar,CoPy_L,left,6,SS_vs_probgru,0.15373921120873268,15430,2ec2ba37fa8cbb0b
0,S01,ar,CoPy_L,left,all,MSE,2.5411307009420607e-05,15430,2ec2ba37fa8cbb0b
0,S01,ar,CoPy_L,left,all,MAE,0.0030816083070986044,15430,2ec2ba37fa8cbb0b
0,S01,ar,CoPy_L,left,all,Hausdorff,2.446234909928163,15430,2ec2ba37fa8cbb0b
0,S01,ar,CoPy_L,left,all,SS_vs_persistence,0.20638236438036128,15430,2ec2ba37fa8cbb0b
0,S01,ar,CoPy_L,left,all,HD_ratio_vs_persistence,0.8449056680732078,15430,2ec2ba37fa8cbb0b
0,S01,ar,CoPy_L,left,all,SS_vs_seasonal,0.20638236438036128,15430,2ec2ba37fa8cbb0b
0,S01,ar,CoPy_L,left,all,HD_ratio_vs_seasonal,0.8449056680732078,15430,2ec2ba37fa8cbb0b
0,S01,ar,CoPy_L,left,all,SS_vs_ar,3.935255910025859e-08,15430,2ec2ba37fa8cbb0b
0,S01,ar,CoPy_L,left,all,HD_ratio_vs_ar,1.0,15430,2ec2ba37fa8cbb0b
0,S01,ar,CoPy_L,left,all,SS_vs_probgru,0.08838762878848783,15430,2ec2ba37fa8cbb0b
0,S01,ar,CoPy_L,left,all,HD_ratio_vs_probgru,0.9100982500948547,15430,2ec2ba37fa8cbb0b
0,S01,ar,F_R,right,1,MSE,27.063786194943567,32388,2ec2ba37fa8cbb0b
0,S01,ar,F_R,right,1,MAE,3.459994178156517,32388,2ec2ba37fa8cbb0b
0,S01,ar,F_R,right,1,SS_vs_persistence,0.0376042135804634,32388,2ec2ba37fa8cbb0b
0,S01,ar,F_R,right,1,SS_vs_seasonal,0.08305593521206123,32388,2ec2ba37fa8cbb0b
0,S01,ar,F_R,right,1,SS_vs_ar,3.68594044175552e-14,32388,2ec2ba37fa8cbb0b
0,S01,ar,F_R,right,1,SS_vs_probgru,0.20293585724012597,32388,2ec2ba37fa8cbb0b
0,S01,ar,F_R,right,2,MSE,57.98114113274826,32388,2ec2ba37fa8cbb0b
0,S01,ar,F_R,right,2,MAE,5.212811041158943,32388,2ec2ba37fa8cbb0b
0,S01,ar,F_R,right,2,SS_vs_persistence,0.049949089675466185,32388,2ec2ba37fa8cbb0b
0,S01,ar,F_R,right,2,SS_vs_seasonal,0.06574236269910771,32388,2ec2ba37fa8cbb0b
0,S01,ar,F_R,right,2,SS_vs_ar,1.7319479184152442e-14,32388,2ec2ba37fa8cbb0b
0,S01,ar,F_R,right,2,SS_vs_probgru,0.06476205687672243,32388,2ec2ba37fa8cbb0b
0,S01,ar,F_R,right,3,MSE,82.12318464974466,32388,2ec2ba37fa8cbb0b
0,S01,ar,F_R,right,3,MAE,6.366643308720151,32388,2ec2ba37fa8cbb0b
0,S01,ar,F_R,right,3,SS_vs_persistence,0.06766775532336866,32388,2ec2ba37fa8cbb0b
0,S01,ar,F_R,right,3,SS_vs_seasonal,0.07498170110703273,32388,2ec2ba37fa8cbb0b
0,S01,ar,F_R,right,3,SS_vs_ar,1.2101430968414206e-14,32388,2ec2ba37fa8cbb0b
0,S01,ar,F_R,right,3,SS_vs_probgru,0.027127999295050498,32388,2ec2ba37fa8cbb0b
0,S01,ar,F_R,right,4,MSE,101.00374385945366,32388,2ec2ba37fa8cbb0b
0,S01,ar,F_R,right,4,MAE,7.236372240186886,32388,2ec2ba37fa8cbb0b
0,S01,ar,F_R,right,4,SS_vs_persistence,0.08166492951944981,32388,2ec2ba37fa8cbb0b
0,S01,ar,F_R,right,4,SS_vs_seasonal,0.08551851079586692,32388,2ec2ba37fa8cbb0b
0,S01,ar,F_R,right,4,SS_vs_ar,9.880984919163893e-15,32388,2ec2ba37fa8cbb0b
0,S01,ar,F_R,right,4,SS_vs_probgru,0.026726382965390205,32388,2ec2ba37fa8cbb0b
0,S01,ar,F_R,right,5,MSE,118.03878326647867,32388,2ec2ba37fa8cbb0b
0,S01,ar,F_R,right,5,MAE,7.967264174688853,32388,2ec2ba37fa8cbb0b
0,S01,ar,F_R,right,5,SS_vs_persistence,0.09460795501730868,32388,2ec2ba37fa8cbb0b
0,S01,ar,F_R,right,5,SS_vs_seasonal,0.09630090397662083,32388,2ec2ba37fa8cbb0b
0,S01,ar,F_R,right,5,SS_vs_ar,8.43769498715119e-15,32388,2ec2ba37fa8cbb0b
0,S01,ar,F_R,right,5,SS_vs_probgru,0.03851148344852706,32388,2ec2ba37fa8cbb0b
0,S01,ar,F_R,right,6,MSE,134.55019948185927,32388,2ec2ba37fa8cbb0b
0,S01,ar,F_R,right,6,MAE,8.614495774747148,32388,2ec2ba37fa8cbb0b
0,S01,ar,F_R,right,6,SS_vs_persistence,0.10211676287879912,32388,2ec2ba37fa8cbb0b
0,S01,ar,F_R,right,6,SS_vs_seasonal,0.1026592067631854,32388,2ec2ba37fa8cbb0b
0,S01,ar,F_R,right,6,SS_vs_ar,7.438494264988549e-15,32388,2ec2ba37fa8cbb0b
0,S01,ar,F_R,right,6,SS_vs_probgru,0.05473718221905244,32388,2ec2ba37fa8cbb0b
0,S01,ar,F_R,right,all,MSE,86.79347309753867,32388,2ec2ba37fa8cbb0b
0,S01,ar,F_R,right,all,MAE,6.476263452943122,32388,2ec2ba37fa8cbb0b
0,S01,ar,F_R,right,all,Hausdorff,2.720097473863463,32388,2ec2ba37fa8cbb0b
0,S01,ar,F_R,right,all,SS_vs_persistence,0.0822722432085442,32388,2ec2ba37fa8cbb0b
0,S01,ar,F_R,right,all,HD_ratio_vs_persistence,0.892174745843376,32388,2ec2ba37fa8cbb0b
0,S01,ar,F_R,right,all,SS_vs_seasonal,0.08856913905880737,32388,2ec2ba37fa8cbb0b
0,S01,ar,F_R,right,all,HD_ratio_vs_seasonal,0.8897117369306071,32388,2ec2ba37fa8cbb0b
0,S01,ar,F_R,right,all,SS_vs_ar,1.1435297153639112e-14,32388,2ec2ba37fa8cbb0b
0,S01,ar,F_R,right,all,HD_ratio_vs_ar,1.0,32388,2ec2ba37fa8cbb0b
0,S01,ar,F_R,right,all,SS_vs_probgru,0.05186790530549712,32388,2ec2ba37fa8cbb0b
0,S01,ar,F_R,right,all,HD_ratio_vs_probgru,0.9001151735877279,32388,2ec2ba37fa8cbb0b
0,S01,ar,CoPx_R,right,1,MSE,9.229977756947077e-06,22076,2ec2ba37fa8cbb0b
0,S01,ar,CoPx_R,right,1,MAE,0.00218204890205564,22076,2ec2ba37fa8cbb0b
0,S01,ar,CoPx_R,right,1,SS_vs_persistence,0.06669809883788091,22076,2ec2ba37fa8cbb0b
0,S01,ar,CoPx_R,right,1,SS_vs_seasonal,0.29592002179880683,22076,2ec2ba37fa8cbb0b
0,S01,ar,CoPx_R,right,1,SS_vs_ar,1.0834261110481691e-07,22076,2ec2ba37fa8cbb0b
0,S01,ar,CoPx_R,right,1,SS_vs_probgru,0.16991066582736714,22076,2ec2ba37fa8cbb0b
0,S01,ar,CoPx_R,right,2,MSE,1.4640970262938563e-05,22076,2ec2ba37fa8cbb0b
0,S01,ar,CoPx_R,right,2,MAE,0.0027450363446409726,22076,2ec2ba37fa8cbb0b
0,S01,ar,CoPx_R,right,2,SS_vs_persistence,0.10191162564349232,22076,2ec2ba37fa8cbb0b
0,S01,ar,CoPx_R,right,2,SS_vs_seasonal,0.2345094744245496,22076,2ec2ba37fa8cbb0b
0,S01,ar,CoPx_R,right,2,SS_vs_ar,6.830147958325483e-08,22076,2ec2ba37fa8cbb0b
0,S01,ar,CoPx_R,right,2,SS_vs_probgru,0.08696143077512264,22076,2ec2ba37fa8cbb0b
0,S01,ar,CoPx_R,right,3,MSE,1.8431708509428122e-05,22076,2ec2ba37fa8cbb0b
0,S01,ar,CoPx_R,right,3,MAE,0.003077559236488517,22076,2ec2ba37fa8cbb0b
0,S01,ar,CoPx_R,right,3,SS_vs_persistence,0.12312806666727749,22076,2ec2ba37fa8cbb0b
0,S01,ar,CoPx_R,right,3,SS_vs_seasonal,0.21635845351145067,22076,2ec2ba37fa8cbb0b
0,S01,ar,CoPx_R,right,3,SS_vs_ar,5.425432725303381e-08,22076,2ec2ba37fa8cbb0b
0,S01,ar,CoPx_R,right,3,SS_vs_probgru,0.07330412563144006,22076,2ec2ba37fa8cbb0b
0,S01,ar,CoPx_R,right,4,MSE,2.1615428503828312e-05,22076,2ec2ba37fa8cbb0b
0,S01,ar,CoPx_R,right,4,MAE,0.0033220046800559416,22076,2ec2ba37fa8cbb0b
0,S01,ar,CoPx_R,right,4,SS_vs_persistence,0.14118455143150332,22076,2ec2ba37fa8cbb0b
0,S01,ar,CoPx_R,right,4,SS_vs_seasonal,0.2036563421784403,22076,2ec2ba37fa8cbb0b
0,S01,ar,CoPx_R,right,4,SS_vs_ar,4.6263249120492844e-08,22076,2ec2ba37fa8cbb0b
0,S01,ar,CoPx_R,right,4,SS_vs_probgru,0.05737295427482547,22076,2ec2ba37fa8cbb0b
0,S01,ar,CoPx_R,right,5,MSE,2.3960356503272047e-05,22076,2ec2ba37fa8cbb0b
0,S01,ar,CoPx_R,right,5,MAE,0.0034899249340576534,22076,2ec2ba37fa8cbb0b
0,S01,ar,CoPx_R,right,5,SS_vs_persistence,0.15032518353602886,22076,2ec2ba37fa8cbb0b
0,S01,ar,CoPx_R,right,5,SS_vs_seasonal,0.19582488104678542,22076,2ec2ba37fa8cbb0b
0,S01,ar,CoPx_R,right,5,SS_vs_ar,4.173560430587031e-08,22076,2ec2ba37fa8cbb0b
0,S01,ar,CoPx_R,right,5,SS_vs_probgru,0.05259370385327433,22076,2ec2ba37fa8cbb0b
0,S01,ar,CoPx_R,right,6,MSE,2.612200053204449e-05,22076,2ec2ba37fa8cbb0b
0,S01,ar,CoPx_R,right,6,MAE,0.003671386820974688,22076,2ec2ba37fa8cbb0b
0,S01,ar,CoPx_R,right,6,SS_vs_persistence,0.1672192123698253,22076,2ec2ba37fa8cbb0b
0,S01,ar,CoPx_R,right,6,SS_vs_seasonal,0.19838447684378324,22076,2ec2ba37fa8cbb0b
0,S01,ar,CoPx_R,right,6,SS_vs_ar,3.82819057564987e-08,22076,2ec2ba37fa8cbb0b
0,S01,ar,CoPx_R,right,6,SS_vs_probgru,0.05313478139595185,22076,2ec2ba37fa8cbb0b
0,S01,ar,CoPx_R,right,all,MSE,1.8979329651916762e-05,22076,2ec2ba37fa8cbb0b
0,S01,ar,CoPx_R,right,all,MAE,0.0030795624147069247,22076,2ec2ba37fa8cbb0b
0,S01,ar,CoPx_R,right,all,Hausdorff,2.393357043700162,22076,2ec2ba37fa8cbb0b
0,S01,ar,CoPx_R,right,all,SS_vs_persistence,0.1359163855091946,22076,2ec2ba37fa8cbb0b
0,S01,ar,CoPx_R,right,all,HD_ratio_vs_persistence,0.842383348114778,22076,2ec2ba37fa8cbb0b
0,S01,ar,CoPx_R,right,all,SS_vs_seasonal,0.2153931383081119,22076,2ec2ba37fa8cbb0b
0,S01,ar,CoPx_R,right,all,HD_ratio_vs_seasonal,0.8301784778943697,22076,2ec2ba37fa8cbb0b
0,S01,ar,CoPx_R,right,all,SS_vs_ar,5.268889713416769e-08,22076,2ec2ba37fa8cbb0b
0,S01,ar,CoPx_R,right,all,HD_ratio_vs_ar,1.0,22076,2ec2ba37fa8cbb0b
0,S01,ar,CoPx_R,right,all,SS_vs_probgru,0.07215484011217921,22076,2ec2ba37fa8cbb0b
0,S01,ar,CoPx_R,right,all,HD_ratio_vs_probgru,0.9156215078642566,22076,2ec2ba37fa8cbb0b
0,S01,ar,CoPy_R,right,1,MSE,1.1194308131728354e-05,22076,2ec2ba37fa8cbb0b
0,S01,ar,CoPy_R,right,1,MAE,0.002457357793700336,22076,2ec2ba37fa8cbb0b
0,S01,ar,CoPy_R,right,1,SS_vs_persistence,-0.14064817073642177,22076,2ec2ba37fa8cbb0b
0,S01,ar,CoPy_R,right,1,SS_vs_seasonal,-0.06249612271825211,22076,2ec2ba37fa8cbb0b
0,S01,ar,CoPy_R,right,1,SS_vs_ar,8.933110451359028e-08,22076,2ec2ba37fa8cbb0b
0,S01,ar,CoPy_R,right,1,SS_vs_probgru,0.5132052187347085,22076,2ec2ba37fa8cbb0b
0,S01,ar,CoPy_R,right,2,MSE,2.1538248060687987e-05,22076,2ec2ba37fa8cbb0b
0,S01,ar,CoPy_R,right,2,MAE,0.003464498956093755,22076,2ec2ba37fa8cbb0b
0,S01,ar,CoPy_R,right,2,SS_vs_persistence,-0.2954332561376025,22076,2ec2ba37fa8cbb0b
0,S01,ar,CoPy_R,right,2,SS_vs_seasonal,-0.26203407267400514,22076,2ec2ba37fa8cbb0b
0,S01,ar,CoPy_R,right,2,SS_vs_ar,4.642902939888671e-08,22076,2ec2ba37fa8cbb0b
0,S01,ar,CoPy_R,right,2,SS_vs_probgru,0.37214051027699946,22076,2ec2ba37fa8cbb0b
0,S01,ar,CoPy_R,right,3,MSE,3.0520696954306664e-05,22076,2ec2ba37fa8cbb0b
0,S01,ar,CoPy_R,right,3,MAE,0.0041847119777748965,22076,2ec2ba37fa8cbb0b
0,S01,ar,CoPy_R,right,3,SS_vs_persistence,-0.4539489250601443,22076,2ec2ba37fa8cbb0b
0,S01,ar,CoPy_R,right,3,SS_vs_seasonal,-0.4321583247560252,22076,2ec2ba37fa8cbb0b
0,S01,ar,CoPy_R,right,3,SS_vs_ar,3.2764650548244845e-08,22076,2ec2ba37fa8cbb0b
0,S01,ar,CoPy_R,right,3,SS_vs_probgru,0.2923925728486316,22076,2ec2ba37fa8cbb0b
0,S01,ar,CoPy_R,right,4,MSE,3.936094514657646e-05,22076,2ec2ba37fa8cbb0b
0,S01,ar,CoPy_R,right,4,MAE,0.00484454270589569,22076,2ec2ba37fa8cbb0b
0,S01,ar,CoPy_R,right,4,SS_vs_persistence,-0.6123761788912863,22076,2ec2ba37fa8cbb0b
0,S01,ar,CoPy_R,right,4,SS_vs_seasonal,-0.6000778452130593,22076,2ec2ba37fa8cbb0b
0,S01,ar,CoPy_R,right,4,SS_vs_ar,2.5405893389063294e-08,22076,2ec2ba37fa8cbb0b
0,S01,ar,CoPy_R,right,4,SS_vs_probgru,0.22024210549854295,22076,2ec2ba37fa8cbb0b
0,S01,ar,CoPy_R,right,5,MSE,4.789209074957023e-05,22076,2ec2ba37fa8cbb0b
0,S01,ar,CoPy_R,right,5,MAE,0.005376532758899764,22076,2ec2ba37fa8cbb0b
0,S01,ar,CoPy_R,right,5,SS_vs_persistence,-0.7378801111203357,22076,2ec2ba37fa8cbb0b
0,S01,ar,CoPy_R,right,5,SS_vs_seasonal,-0.7362277140901508,22076,2ec2ba37fa8cbb0b
0,S01,ar,CoPy_R,right,5,SS_vs_ar,2.0880274065326887e-08,22076,2ec2ba37fa8cbb0b
0,S01,ar,CoPy_R,right,5,SS_vs_probgru,0.15870581100906145,22076,2ec2ba37fa8cbb0b
0,S01,ar,CoPy_R,right,6,MSE,5.662108900102263e-05,22076,2ec2ba37fa8cbb0b
0,S01,ar,CoPy_R,right,6,MAE,0.005838476586050972,22076,2ec2ba37fa8cbb0b
0,S01,ar,CoPy_R,right,6,SS_vs_persistence,-0.8512534734750776,22076,2ec2ba37fa8cbb0b
0,S01,ar,CoPy_R,right,6,SS_vs_seasonal,-0.8533035004622731,22076,2ec2ba37fa8cbb0b
0,S01,ar,CoPy_R,right,6,SS_vs_ar,1.7661263673751648e-08,22076,2ec2ba37fa8cbb0b
0,S01,ar,CoPy_R,right,6,SS_vs_probgru,0.09760880852796827,22076,2ec2ba37fa8cbb0b
0,S01,ar,CoPy_R,right,all,MSE,3.446356552527716e-05,22076,2ec2ba37fa8cbb0b
0,S01,ar,CoPy_R,right,all,MAE,0.004356815921858077,22076,2ec2ba37fa8cbb0b
0,S01,ar,CoPy_R,right,all,Hausdorff,3.3043115480570036,22076,2ec2ba37fa8cbb0b
0,S01,ar,CoPy_R,right,all,SS_vs_persistence,-0.592640748047121,22076,2ec2ba37fa8cbb0b
0,S01,ar,CoPy_R,right,all,HD_ratio_vs_persistence,1.146343654850696,22076,2ec2ba37fa8cbb0b
0,S01,ar,CoPy_R,right,all,SS_vs_seasonal,-0.5724533035306796,22076,2ec2ba37fa8cbb0b
0,S01,ar,CoPy_R,right,all,HD_ratio_vs_seasonal,1.1381350547893772,22076,2ec2ba37fa8cbb0b
0,S01,ar,CoPy_R,right,all,SS_vs_ar,2.901614959416321e-08,22076,2ec2ba37fa8cbb0b
0,S01,ar,CoPy_R,right,all,HD_ratio_vs_ar,1.0,22076,2ec2ba37fa8cbb0b
0,S01,ar,CoPy_R,right,all,SS_vs_probgru,0.23495374790096357,22076,2ec2ba37fa8cbb0b
0,S01,ar,CoPy_R,right,all,HD_ratio_vs_probgru,0.7969453554056466,22076,2ec2ba37fa8cbb0b
0,S01,probgru,F_L,left,1,MSE,31.285510757530293,32388,2ec2ba37fa8cbb0b
0,S01,probgru,F_L,left,1,MAE,3.809754943845426,32388,2ec2ba37fa8cbb0b
0,S01,probgru,F_L,left,1,SS_vs_persistence,-1.4192990105445475,32388,2ec2ba37fa8cbb0b
0,S01,probgru,F_L,left,1,SS_vs_seasonal,-1.368038992301313,32388,2ec2ba37fa8cbb0b
0,S01,probgru,F_L,left,1,SS_vs_ar,-1.4584085316360071,32388,2ec2ba37fa8cbb0b
0,S01,probgru,F_L,left,1,SS_vs_probgru,3.186340080674199e-14,32388,2ec2ba37fa8cbb0b
0,S01,probgru,F_L,left,2,MSE,47.193734567193026,32388,2ec2ba37fa8cbb0b
0,S01,probgru,F_L,left,2,MAE,5.004121890382205,32388,2ec2ba37fa8cbb0b
0,S01,probgru,F_L,left,2,SS_vs_persistence,-0.8984337073554562,32388,2ec2ba37fa8cbb0b
0,S01,probgru,F_L,left,2,SS_vs_seasonal,-0.8805185562959899,32388,2ec2ba37fa8cbb0b
0,S01,probgru,F_L,left,2,SS_vs_ar,-0.9699818953277972,32388,2ec2ba37fa8cbb0b
0,S01,probgru,F_L,left,2,SS_vs_probgru,2.120525977034049e-14,32388,2ec2ba37fa8cbb0b
0,S01,probgru,F_L,left,3,MSE,61.73825579999258,32388,2ec2ba37fa8cbb0b
0,S01,probgru,F_L,left,3,MAE,5.944393207931525,32388,2ec2ba37fa8cbb0b
0,S01,probgru,F_L,left,3,SS_vs_persistence,-0.770571773069318,32388,2ec2ba37fa8cbb0b
0,S01,probgru,F_L,left,3,SS_vs_seasonal,-0.7609089106311029,32388,2ec2ba37fa8cbb0b
0,S01,probgru,F_L,left,3,SS_vs_ar,-0.8591251719558808,32388,2ec2ba37fa8cbb0b
0,S01,probgru,F_L,left,3,SS_vs_probgru,1.6209256159527285e-14,32388,2ec2ba37fa8cbb0b
0,S01,probgru,F_L,left,4,MSE,74.475840353349,32388,2ec2ba37fa8cbb0b
0,S01,probgru,F_L,left,4,MAE,6.703512575168102,32388,2ec2ba37fa8cbb0b
0,S01,probgru,F_L,left,4,SS_vs_persistence,-0.7339137346282008,32388,2ec2ba37fa8cbb0b
0,S01,probgru,F_L,left,4,SS_vs_seasonal,-0.7277444732992855,32388,2ec2ba37fa8cbb0b
0,S01,probgru,F_L,left,4,SS_vs_ar,-0.8383745398352302,32388,2ec2ba37fa8cbb0b
0,S01,probgru,F_L,left,4,SS_vs_probgru,1.3322676295501878e-14,32388,2ec2ba37fa8cbb0b
0,S01,probgru,F_L,left,5,MSE,85.76618157696099,32388,2ec2ba37fa8cbb0b
0,S01,probgru,F_L,left,5,MAE,7.318092620491792,32388,2ec2ba37fa8cbb0b
0,S01,probgru,F_L,left,5,SS_vs_persistence,-0.7083226433753851,32388,2ec2ba37fa8cbb0b
0,S01,probgru,F_L,left,5,SS_vs_seasonal,-0.7043540263636758,32388,2ec2ba37fa8cbb0b
0,S01,probgru,F_L,left,5,SS_vs_ar,-0.823526624957241,32388,2ec2ba37fa8cbb0b
0,S01,probgru,F_L,left,5,SS_vs_probgru,1.1546319456101628e-14,32388,2ec2ba37fa8cbb0b
0,S01,probgru,F_L,left,6,MSE,95.99858667686334,32388,2ec2ba37fa8cbb0b
0,S01,probgru,F_L,left,6,MAE,7.837237207116907,32388,2ec2ba37fa8cbb0b
0,S01,probgru,F_L,left,6,SS_vs_persistence,-0.6805182768449505,32388,2ec2ba37fa8cbb0b
0,S01,probgru,F_L,left,6,SS_vs_seasonal,-0.6770243758440482,32388,2ec2ba37fa8cbb0b
0,S01,probgru,F_L,left,6,SS_vs_ar,-0.8006487553365644,32388,2ec2ba37fa8cbb0b
0,S01,probgru,F_L,left,6,SS_vs_probgru,1.0325074129013956e-14,32388,2ec2ba37fa8cbb0b
0,S01,probgru,F_L,left,all,MSE,66.07635162198116,32388,2ec2ba37fa8cbb0b
0,S01,probgru,F_L,left,all,MAE,6.10285207415599,32388,2ec2ba37fa8cbb0b
0,S01,probgru,F_L,left,all,Hausdorff,4.011382335129118,32388,2ec2ba37fa8cbb0b
0,S01,probgru,F_L,left,all,SS_vs_persistence,-0.7783031700343204,32388,2ec2ba37fa8cbb0b
0,S01,probgru,F_L,left,all,HD_ratio_vs_persistence,1.339310213493326,32388,2ec2ba37fa8cbb0b
0,S01,probgru,F_L,left,all,SS_vs_seasonal,-0.7695927448823467,32388,2ec2ba37fa8cbb0b
0,S01,probgru,F_L,left,all,HD_ratio_vs_seasonal,1.335418725775449,32388,2ec2ba37fa8cbb0b
0,S01,probgru,F_L,left,all,SS_vs_ar,-0.8811876149843649,32388,2ec2ba37fa8cbb0b
0,S01,probgru,F_L,left,all,HD_ratio_vs_ar,1.5539151953769834,32388,2ec2ba37fa8cbb0b
0,S01,probgru,F_L,left,all,SS_vs_probgru,1.509903313490213e-14,32388,2ec2ba37fa8cbb0b
0,S01,probgru,F_L,left,all,HD_ratio_vs_probgru,1.0,32388,2ec2ba37fa8cbb0b
0,S01,probgru,CoPx_L,left,1,MSE,1.6770397338306853e-05,15430,2ec2ba37fa8cbb0b
0,S01,probgru,CoPx_L,left,1,MAE,0.002683905566981821,15430,2ec2ba37fa8cbb0b
0,S01,probgru,CoPx_L,left,1,SS_vs_persistence,0.06959722177779415,15430,2ec2ba37fa8cbb0b
0,S01,probgru,CoPx_L,left,1,SS_vs_seasonal,0.06959722177779415,15430,2ec2ba37fa8cbb0b
0,S01,probgru,CoPx_L,left,1,SS_vs_ar,-0.03453216825917216,15430,2ec2ba37fa8cbb0b
0,S01,probgru,CoPx_L,left,1,SS_vs_probgru,5.962887583699228e-08,15430,2ec2ba37fa8cbb0b
0,S01,probgru,CoPx_L,left,2,MSE,2.2374912369287514e-05,15430,2ec2ba37fa8cbb0b
0,S01,probgru,CoPx_L,left,2,MAE,0.0032372281438703193,15430,2ec2ba37fa8cbb0b
0,S01,probgru,CoPx_L,left,2,SS_vs_persistence,0.10080635099299107,15430,2ec2ba37fa8cbb0b
0,S01,probgru,CoPx_L,left,2,SS_vs_seasonal,0.10080635099299107,15430,2ec2ba37fa8cbb0b
0,S01,probgru,CoPx_L,left,2,SS_vs_ar,-0.01623906356785021,15430,2ec2ba37fa8cbb0b
0,S01,probgru,CoPx_L,left,2,SS_vs_probgru,4.4692910483590254e-08,15430,2ec2ba37fa8cbb0b
0,S01,probgru,CoPx_L,left,3,MSE,2.692291129619678e-05,15430,2ec2ba37fa8cbb0b
0,S01,probgru,CoPx_L,left,3,MAE,0.003588468900824583,15430,2ec2ba37fa8cbb0b
0,S01,probgru,CoPx_L,left,3,SS_vs_persistence,0.12536240942341703,15430,2ec2ba37fa8cbb0b
0,S01,probgru,CoPx_L,left,3,SS_vs_seasonal,0.12536240942341703,15430,2ec2ba37fa8cbb0b
0,S01,probgru,CoPx_L,left,3,SS_vs_ar,3.55230064651435e-05,15430,2ec2ba37fa8cbb0b
0,S01,probgru,CoPx_L,left,3,SS_vs_probgru,3.714308427493762e-08,15430,2ec2ba37fa8cbb0b
0,S01,probgru,CoPx_L,left,4,MSE,3.0241646983808745e-05,15430,2ec2ba37fa8cbb0b
0,S01,probgru,CoPx_L,left,4,MAE,0.0038909314989471725,15430,2ec2ba37fa8cbb0b
0,S01,probgru,CoPx_L,left,4,SS_vs_persistence,0.16626745413714306,15430,2ec2ba37fa8cbb0b
0,S01,probgru,CoPx_L,left,4,SS_vs_seasonal,0.16626745413714306,15430,2ec2ba37fa8cbb0b
0,S01,probgru,CoPx_L,left,4,SS_vs_ar,0.02910906627700849,15430,2ec2ba37fa8cbb0b
0,S01,probgru,CoPx_L,left,4,SS_vs_probgru,3.3066981042217947e-08,15430,2ec2ba37fa8cbb0b
0,S01,probgru,CoPx_L,left,5,MSE,3.277917920425353e-05,15430,2ec2ba37fa8cbb0b
0,S01,probgru,CoPx_L,left,5,MAE,0.004098745032220781,15430,2ec2ba37fa8cbb0b
0,S01,probgru,CoPx_L,left,5,SS_vs_persistence,0.20439533375308216,15430,2ec2ba37fa8cbb0b
0,S01,probgru,CoPx_L,left,5,SS_vs_seasonal,0.20439533375308216,15430,2ec2ba37fa8cbb0b
0,S01,probgru,CoPx_L,left,5,SS_vs_ar,0.04433054817780868,15430,2ec2ba37fa8cbb0b
0,S01,probgru,CoPx_L,left,5,SS_vs_probgru,3.050716934627218e-08,15430,2ec2ba37fa8cbb0b
0,S01,probgru,CoPx_L,left,6,MSE,3.464106705948218e-05,15430,2ec2ba37fa8cbb0b
0,S01,probgru,CoPx_L,left,6,MAE,0.004279203570223854,15430,2ec2ba37fa8cbb0b
0,S01,probgru,CoPx_L,left,6,SS_vs_persistence,0.21679708193370995,15430,2ec2ba37fa8cbb0b
0,S01,probgru,CoPx_L,left,6,SS_vs_seasonal,0.21679708193370995,15430,2ec2ba37fa8cbb0b
0,S01,probgru,CoPx_L,left,6,SS_vs_ar,0.04235228989778095,15430,2ec2ba37fa8cbb0b
0,S01,probgru,CoPx_L,left,6,SS_vs_probgru,2.8867470303062248e-08,15430,2ec2ba37fa8cbb0b
0,S01,probgru,CoPx_L,left,all,MSE,2.7282257097544474e-05,15430,2ec2ba37fa8cbb0b
0,S01,probgru,CoPx_L,left,all,MAE,0.0036292159927246693,15430,2ec2ba37fa8cbb0b
0,S01,probgru,CoPx_L,left,all,Hausdorff,2.664819401973526,15430,2ec2ba37fa8cbb0b
0,S01,probgru,CoPx_L,left,all,SS_vs_persistence,0.16199972651745664,15430,2ec2ba37fa8cbb0b
0,S01,probgru,CoPx_L,left,all,HD_ratio_vs_persistence,0.8986646024835329,15430,2ec2ba37fa8cbb0b
0,S01,probgru,CoPx_L,left,all,SS_vs_seasonal,0.16199972651745664,15430,2ec2ba37fa8cbb0b
0,S01,probgru,CoPx_L,left,all,HD_ratio_vs_seasonal,0.8986646024835329,15430,2ec2ba37fa8cbb0b
0,S01,probgru,CoPx_L,left,all,SS_vs_ar,0.018218376107060785,15430,2ec2ba37fa8cbb0b
0,S01,probgru,CoPx_L,left,all,HD_ratio_vs_ar,1.0481866394730084,15430,2ec2ba37fa8cbb0b
0,S01,probgru,CoPx_L,left,all,SS_vs_probgru,3.665385750473149e-08,15430,2ec2ba37fa8cbb0b
0,S01,probgru,CoPx_L,left,all,HD_ratio_vs_probgru,1.0,15430,2ec2ba37fa8cbb0b
0,S01,probgru,CoPy_L,left,1,MSE,1.921531678064693e-05,15430,2ec2ba37fa8cbb0b
0,S01,probgru,CoPy_L,left,1,MAE,0.002557370139863538,15430,2ec2ba37fa8cbb0b
0,S01,probgru,CoPy_L,left,1,SS_vs_persistence,0.09459760235534964,15430,2ec2ba37fa8cbb0b
0,S01,probgru,CoPy_L,left,1,SS_vs_seasonal,0.09459760235534964,15430,2ec2ba37fa8cbb0b
0,S01,probgru,CoPy_L,left,1,SS_vs_ar,-0.022870352890182355,15430,2ec2ba37fa8cbb0b
0,S01,probgru,CoPy_L,left,1,SS_vs_probgru,5.204181430240595e-08,15430,2ec2ba37fa8cbb0b
0,S01,probgru,CoPy_L,left,2,MSE,2.384373461394445e-05,15430,2ec2ba37fa8cbb0b
0,S01,probgru,CoPy_L,left,2,MAE,0.0030561397166872137,15430,2ec2ba37fa8cbb0b
0,S01,probgru,CoPy_L,left,2,SS_vs_persistence,0.14419235340040515,15430,2ec2ba37fa8cbb0b
0,S01,probgru,CoPy_L,left,2,SS_vs_seasonal,0.14419235340040515,15430,2ec2ba37fa8cbb0b
0,S01,probgru,CoPy_L,left,2,SS_vs_ar,-0.03055473599036751,15430,2ec2ba37fa8cbb0b
0,S01,probgru,CoPy_L,left,2,SS_vs_probgru,4.193973690558295e-08,15430,2ec2ba37fa8cbb0b
0,S01,probgru,CoPy_L,left,3,MSE,2.7797461961027708e-05,15430,2ec2ba37fa8cbb0b
0,S01,probgru,CoPy_L,left,3,MAE,0.0033987113152957314,15430,2ec2ba37fa8cbb0b
0,S01,probgru,CoPy_L,left,3,SS_vs_persistence,0.16846791731486244,15430,2ec2ba37fa8cbb0b
0,S01,probgru,CoPy_L,left,3,SS_vs_seasonal,0.16846791731486244,15430,2ec2ba37fa8cbb0b
0,S01,probgru,CoPy_L,left,3,SS_vs_ar,-0.05361295404927979,15430,2ec2ba37fa8cbb0b
0,S01,probgru,CoPy_L,left,3,SS_vs_probgru,3.5974506040759024e-08,15430,2ec2ba37fa8cbb0b
0,S01,probgru,CoPy_L,left,4,MSE,2.9954131298800593e-05,15430,2ec2ba37fa8cbb0b
0,S01,probgru,CoPy_L,left,4,MAE,0.0036461542937608095,15430,2ec2ba37fa8cbb0b
0,S01,probgru,CoPy_L,left,4,SS_vs_persistence,0.13345337798022228,15430,2ec2ba37fa8cbb0b
0,S01,probgru,CoPy_L,left,4,SS_vs_seasonal,0.13345337798022228,15430,2ec2ba37fa8cbb0b
0,S01,probgru,CoPy_L,left,4,SS_vs_ar,-0.11511068198345775,15430,2ec2ba37fa8cbb0b
0,S01,probgru,CoPy_L,left,4,SS_vs_probgru,3.338437548627837e-08,15430,2ec2ba37fa8cbb0b
0,S01,probgru,CoPy_L,left,5,MSE,3.2338571957391226e-05,15430,2ec2ba37fa8cbb0b
0,S01,probgru,CoPy_L,left,5,MAE,0.0039131138184861775,15430,2ec2ba37fa8cbb0b
0,S01,probgru,CoPy_L,left,5,SS_vs_persistence,0.13967460590151726,15430,2ec2ba37fa8cbb0b
0,S01,probgru,CoPy_L,left,5,SS_vs_seasonal,0.13967460590151726,15430,2ec2ba37fa8cbb0b
0,S01,probgru,CoPy_L,left,5,SS_vs_ar,-0.13725399167052976,15430,2ec2ba37fa8cbb0b
0,S01,probgru,CoPy_L,left,5,SS_vs_probgru,3.0922824079127054e-08,15430,2ec2ba37fa8cbb0b
0,S01,probgru,CoPy_L,left,6,MSE,3.4131277304938346e-05,15430,2ec2ba37fa8cbb0b
0,S01,probgru,CoPy_L,left,6,MAE,0.004090934939496959,15430,2ec2ba37fa8cbb0b
0,S01,probgru,CoPy_L,left,6,SS_vs_persistence,0.08937037384122981,15430,2ec2ba37fa8cbb0b
0,S01,probgru,CoPy_L,left,6,SS_vs_seasonal,0.08937037384122981,15430,2ec2ba37fa8cbb0b
0,S01,probgru,CoPy_L,left,6,SS_vs_ar,-0.1816687589985071,15430,2ec2ba37fa8cbb0b
0,S01,probgru,CoPy_L,left,6,SS_vs_probgru,2.929863907041863e-08,15430,2ec2ba37fa8cbb0b
0,S01,probgru,CoPy_L,left,all,MSE,2.787512203683369e-05,15430,2ec2ba37fa8cbb0b
0,S01,probgru,CoPy_L,left,all,MAE,0.003443230313337923,15430,2ec2ba37fa8cbb0b
0,S01,probgru,CoPy_L,left,all,Hausdorff,2.6878800279785233,15430,2ec2ba37fa8cbb0b
0,S01,probgru,CoPy_L,left,all,SS_vs_persistence,0.12943523781442678,15430,2ec2ba37fa8cbb0b
0,S01,probgru,CoPy_L,left,all,HD_ratio_vs_persistence,0.9283675339285047,15430,2ec2ba37fa8cbb0b
0,S01,probgru,CoPy_L,left,all,SS_vs_seasonal,0.12943523781442678,15430,2ec2ba37fa8cbb0b
0,S01,probgru,CoPy_L,left,all,HD_ratio_vs_seasonal,0.9283675339285047,15430,2ec2ba37fa8cbb0b
0,S01,probgru,CoPy_L,left,all,SS_vs_ar,-0.09695738710103718,15430,2ec2ba37fa8cbb0b
0,S01,probgru,CoPy_L,left,all,HD_ratio_vs_ar,1.0987824665037818,15430,2ec2ba37fa8cbb0b
0,S01,probgru,CoPy_L,left,all,SS_vs_probgru,3.58742811013002e-08,15430,2ec2ba37fa8cbb0b
0,S01,probgru,CoPy_L,left,all,HD_ratio_vs_probgru,1.0,15430,2ec2ba37fa8cbb0b
0,S01,probgru,F_R,right,1,MSE,33.95433910906225,32388,2ec2ba37fa8cbb0b
0,S01,probgru,F_R,right,1,MAE,4.121911505800777,32388,2ec2ba37fa8cbb0b
0,S01,probgru,F_R,right,1,SS_vs_persistence,-0.2074257701358453,32388,2ec2ba37fa8cbb0b
0,S01,probgru,F_R,right,1,SS_vs_seasonal,-0.1504018504871485,32388,2ec2ba37fa8cbb0b
0,S01,probgru,F_R,right,1,SS_vs_ar,-0.2546041734324971,32388,2ec2ba37fa8cbb0b
0,S01,probgru,F_R,right,1,SS_vs_probgru,2.9531932455029164e-14,32388,2ec2ba37fa8cbb0b
0,S01,probgru,F_R,right,2,MSE,61.9961385859904,32388,2ec2ba37fa8cbb0b
0,S01,probgru,F_R,right,2,MAE,5.667341733467529,32388,2ec2ba37fa8cbb0b
0,S01,probgru,F_R,right,2,SS_vs_persistence,-0.015838714960357825,32388,2ec2ba37fa8cbb0b
0,S01,probgru,F_R,right,2,SS_vs_seasonal,0.0010481886771259719,32388,2ec2ba37fa8cbb0b
0,S01,probgru,F_R,right,2,SS_vs_ar,-0.06924660975624297,32388,2ec2ba37fa8cbb0b
0,S01,probgru,F_R,right,2,SS_vs_probgru,1.6209256159527285e-14,32388,2ec2ba37fa8cbb0b
0,S01,probgru,F_R,right,3,MSE,84.41314437072573,32388,2ec2ba37fa8cbb0b
0,S01,probgru,F_R,right,3,MAE,6.720545165464639,32388,2ec2ba37fa8cbb0b
0,S01,probgru,F_R,right,3,SS_vs_persistence,0.04167018477143325,32388,2ec2ba37fa8cbb0b
0,S01,probgru,F_R,right,3,SS_vs_seasonal,0.049188075900342576,32388,2ec2ba37fa8cbb0b
0,S01,probgru,F_R,right,3,SS_vs_ar,-0.02788444859690631,32388,2ec2ba37fa8cbb0b
0,S01,probgru,F_R,right,3,SS_vs_probgru,1.176836406102666e-14,32388,2ec2ba37fa8cbb0b
0,S01,probgru,F_R,right,4,MSE,103.77733670331371,32388,2ec2ba37fa8cbb0b
0,S01,probgru,F_R,right,4,MAE,7.573652016506794,32388,2ec2ba37fa8cbb0b
0,S01,probgru,F_R,right,4,SS_vs_persistence,0.05644717538060495,32388,2ec2ba37fa8cbb0b
0,S01,probgru,F_R,right,4,SS_vs_seasonal,0.060406577144888174,32388,2ec2ba37fa8cbb0b
0,S01,probgru,F_R,right,4,SS_vs_ar,-0.027460297389752863,32388,2ec2ba37fa8cbb0b
0,S01,probgru,F_R,right,4,SS_vs_probgru,9.547918011776346e-15,32388,2ec2ba37fa8cbb0b
0,S01,probgru,F_R,right,5,MSE,122.76671144221467,32388,2ec2ba37fa8cbb0b
0,S01,probgru,F_R,right,5,MAE,8.360486228225982,32388,2ec2ba37fa8cbb0b
0,S01,probgru,F_R,right,5,SS_vs_persistence,0.058343360948280076,32388,2ec2ba37fa8cbb0b
0,S01,probgru,F_R,right,5,SS_vs_seasonal,0.060104119324660976,32388,2ec2ba37fa8cbb0b
0,S01,probgru,F_R,right,5,SS_vs_ar,-0.04005402330403074,32388,2ec2ba37fa8cbb0b
0,S01,probgru,F_R,right,5,SS_vs_probgru,8.104628079763643e-15,32388,2ec2ba37fa8cbb0b
0,S01,probgru,F_R,right,6,MSE,142.34157628004638,32388,2ec2ba37fa8cbb0b
0,S01,probgru,F_R,right,6,MAE,9.142432999387577,32388,2ec2ba37fa8cbb0b
0,S01,probgru,F_R,right,6,SS_vs_persistence,0.050123182429812396,32388,2ec2ba37fa8cbb0b
0,S01,probgru,F_R,right,6,SS_vs_seasonal,0.05069703752511767,32388,2ec2ba37fa8cbb0b
0,S01,probgru,F_R,right,6,SS_vs_ar,-0.05790683944126407,32388,2ec2ba37fa8cbb0b
0,S01,probgru,F_R,right,6,SS_vs_probgru,6.994405055138486e-15,32388,2ec2ba37fa8cbb0b
0,S01,probgru,F_R,right,all,MSE,91.5415410818926,32388,2ec2ba37fa8cbb0b
0,S01,probgru,F_R,right,all,MAE,6.9310616081422385,32388,2ec2ba37fa8cbb0b
0,S01,probgru,F_R,right,all,Hausdorff,3.021943806392632,32388,2ec2ba37fa8cbb0b
0,S01,probgru,F_R,right,all,SS_vs_persistence,0.03206761808105829,32388,2ec2ba37fa8cbb0b
0,S01,probgru,F_R,right,all,HD_ratio_vs_persistence,0.9911784314081691,32388,2ec2ba37fa8cbb0b
0,S01,probgru,F_R,right,all,SS_vs_seasonal,0.038708987870667566,32388,2ec2ba37fa8cbb0b
0,S01,probgru,F_R,right,all,HD_ratio_vs_seasonal,0.9884421050079023,32388,2ec2ba37fa8cbb0b
0,S01,probgru,F_R,right,all,SS_vs_ar,-0.05470535761389561,32388,2ec2ba37fa8cbb0b
0,S01,probgru,F_R,right,all,HD_ratio_vs_ar,1.110968939690402,32388,2ec2ba37fa8cbb0b
0,S01,probgru,F_R,right,all,SS_vs_probgru,1.0880185641326534e-14,32388,2ec2ba37fa8cbb0b
0,S01,probgru,F_R,right,all,HD_ratio_vs_probgru,1.0,32388,2ec2ba37fa8cbb0b
0,S01,probgru,CoPx_R,right,1,MSE,1.1119257346027041e-05,22076,2ec2ba37fa8cbb0b
0,S01,probgru,CoPx_R,right,1,MAE,0.0024547842800025027,22076,2ec2ba37fa8cbb0b
0,S01,probgru,CoPx_R,right,1,SS_vs_persistence,-0.12433900642360984,22076,2ec2ba37fa8cbb0b
0,S01,probgru,CoPx_R,right,1,SS_vs_seasonal,0.15180223875277687,22076,2ec2ba37fa8cbb0b
0,S01,probgru,CoPx_R,right,1,SS_vs_ar,-0.204689375656252,22076,2ec2ba37fa8cbb0b
0,S01,probgru,CoPx_R,right,1,SS_vs_probgru,8.993405564705625e-08,22076,2ec2ba37fa8cbb0b
0,S01,probgru,CoPx_R,right,2,MSE,1.603543359874646e-05,22076,2ec2ba37fa8cbb0b
0,S01,probgru,CoPx_R,right,2,MAE,0.0029425628021669415,22076,2ec2ba37fa8cbb0b
0,S01,probgru,CoPx_R,right,2,SS_vs_persistence,0.01637417232828353,22076,2ec2ba37fa8cbb0b
0,S01,probgru,CoPx_R,right,2,SS_vs_seasonal,0.1616011594254153,22076,2ec2ba37fa8cbb0b
0,S01,probgru,CoPx_R,right,2,SS_vs_ar,-0.09524384077836223,22076,2ec2ba37fa8cbb0b
0,S01,probgru,CoPx_R,right,2,SS_vs_probgru,6.236188943020693e-08,22076,2ec2ba37fa8cbb0b
0,S01,probgru,CoPx_R,right,3,MSE,1.9889705018155396e-05,22076,2ec2ba37fa8cbb0b
0,S01,probgru,CoPx_R,right,3,MAE,0.003268792953027457,22076,2ec2ba37fa8cbb0b
0,S01,probgru,CoPx_R,right,3,SS_vs_persistence,0.053765195789296616,22076,2ec2ba37fa8cbb0b
0,S01,probgru,CoPx_R,right,3,SS_vs_seasonal,0.1543703508735691,22076,2ec2ba37fa8cbb0b
0,S01,probgru,CoPx_R,right,3,SS_vs_ar,-0.07910256549895633,22076,2ec2ba37fa8cbb0b
0,S01,probgru,CoPx_R,right,3,SS_vs_probgru,5.0277263907716474e-08,22076,2ec2ba37fa8cbb0b
0,S01,probgru,CoPx_R,right,4,MSE,2.293104962267686e-05,22076,2ec2ba37fa8cbb0b
0,S01,probgru,CoPx_R,right,4,MAE,0.0034712459211194363,22076,2ec2ba37fa8cbb0b
0,S01,probgru,CoPx_R,right,4,SS_vs_persistence,0.08891282611594975,22076,2ec2ba37fa8cbb0b
0,S01,probgru,CoPx_R,right,4,SS_vs_seasonal,0.15518695680837524,22076,2ec2ba37fa8cbb0b
0,S01,probgru,CoPx_R,right,4,SS_vs_ar,-0.06086486130731461,22076,2ec2ba37fa8cbb0b
0,S01,probgru,CoPx_R,right,4,SS_vs_probgru,4.360899186206524e-08,22076,2ec2ba37fa8cbb0b
0,S01,probgru,CoPx_R,right,5,MSE,2.529047532544051e-05,22076,2ec2ba37fa8cbb0b
0,S01,probgru,CoPx_R,right,5,MAE,0.0036329126072083304,22076,2ec2ba37fa8cbb0b
0,S01,probgru,CoPx_R,right,5,SS_vs_persistence,0.10315691765705814,22076,2ec2ba37fa8cbb0b
0,S01,probgru,CoPx_R,right,5,SS_vs_seasonal,0.1511824542159007,22076,2ec2ba37fa8cbb0b
0,S01,probgru,CoPx_R,right,5,SS_vs_ar,-0.05551327111821358,22076,2ec2ba37fa8cbb0b
0,S01,probgru,CoPx_R,right,5,SS_vs_probgru,3.954057592459037e-08,22076,2ec2ba37fa8cbb0b
0,S01,probgru,CoPx_R,right,6,MSE,2.7587875308896252e-05,22076,2ec2ba37fa8cbb0b
0,S01,probgru,CoPx_R,right,6,MAE,0.0038161900853196265,22076,2ec2ba37fa8cbb0b
0,S01,probgru,CoPx_R,right,6,SS_vs_persistence,0.1204864841572103,22076,2ec2ba37fa8cbb0b
0,S01,probgru,CoPx_R,right,6,SS_vs_seasonal,0.15340063363904688,22076,2ec2ba37fa8cbb0b
0,S01,probgru,CoPx_R,right,6,SS_vs_ar,-0.05611644173029928,22076,2ec2ba37fa8cbb0b
0,S01,probgru,CoPx_R,right,6,SS_vs_probgru,3.624780642308423e-08,22076,2ec2ba37fa8cbb0b
0,S01,probgru,CoPx_R,right,all,MSE,2.0455275885004627e-05,22076,2ec2ba37fa8cbb0b
0,S01,probgru,CoPx_R,right,all,MAE,0.003262797567414012,22076,2ec2ba37fa8cbb0b
0,S01,probgru,CoPx_R,right,all,Hausdorff,2.6139152730070907,22076,2ec2ba37fa8cbb0b
0,S01,probgru,CoPx_R,right,all,SS_vs_persistence,0.06872007355979703,22076,2ec2ba37fa8cbb0b
0,S01,probgru,CoPx_R,right,all,HD_ratio_vs_persistence,0.9200126262648515,22076,2ec2ba37fa8cbb0b
0,S01,probgru,CoPx_R,right,all,SS_vs_seasonal,0.15437741419100226,22076,2ec2ba37fa8cbb0b
0,S01,probgru,CoPx_R,right,all,HD_ratio_vs_seasonal,0.9066830243326328,22076,2ec2ba37fa8cbb0b
0,S01,probgru,CoPx_R,right,all,SS_vs_ar,-0.07776592653117653,22076,2ec2ba37fa8cbb0b
0,S01,probgru,CoPx_R,right,all,HD_ratio_vs_ar,1.0921543360559118,22076,2ec2ba37fa8cbb0b
0,S01,probgru,CoPx_R,right,all,SS_vs_probgru,4.888714066897393e-08,22076,2ec2ba37fa8cbb0b
0,S01,probgru,CoPx_R,right,all,HD_ratio_vs_probgru,1.0,22076,2ec2ba37fa8cbb0b
0,S01,probgru,CoPy_R,right,1,MSE,2.2995948345701233e-05,22076,2ec2ba37fa8cbb0b
0,S01,probgru,CoPy_R,right,1,MAE,0.0035683965620166413,22076,2ec2ba37fa8cbb0b
0,S01,probgru,CoPy_R,right,1,SS_vs_persistence,-1.3431806688015033,22076,2ec2ba37fa8cbb0b
0,S01,probgru,CoPy_R,right,1,SS_vs_seasonal,-1.1826365388572162,22076,2ec2ba37fa8cbb0b
0,S01,probgru,CoPy_R,right,1,SS_vs_ar,-1.0542534671052772,22076,2ec2ba37fa8cbb0b
0,S01,probgru,CoPy_R,right,1,SS_vs_probgru,4.3485919420938046e-08,22076,2ec2ba37fa8cbb0b
0,S01,probgru,CoPy_R,right,2,MSE,3.430424766269083e-05,22076,2ec2ba37fa8cbb0b
0,S01,probgru,CoPy_R,right,2,MAE,0.0046385831820593805,22076,2ec2ba37fa8cbb0b
0,S01,probgru,CoPy_R,right,2,SS_vs_persistence,-1.0632533864321565,22076,2ec2ba37fa8cbb0b
0,S01,probgru,CoPy_R,right,2,SS_vs_seasonal,-1.0100580727725417,22076,2ec2ba37fa8cbb0b
0,S01,probgru,CoPy_R,right,2,SS_vs_ar,-0.5927129250865419,22076,2ec2ba37fa8cbb0b
0,S01,probgru,CoPy_R,right,2,SS_vs_probgru,2.9150908131825304e-08,22076,2ec2ba37fa8cbb0b
0,S01,probgru,CoPy_R,right,3,MSE,4.313224406019466e-05,22076,2ec2ba37fa8cbb0b
0,S01,probgru,CoPy_R,right,3,MAE,0.00534215688589999,22076,2ec2ba37fa8cbb0b
0,S01,probgru,CoPy_R,right,3,SS_vs_persistence,-1.0547394438809743,22076,2ec2ba37fa8cbb0b
0,S01,probgru,CoPy_R,right,3,SS_vs_seasonal,-1.0239446854276357,22076,2ec2ba37fa8cbb0b
0,S01,probgru,CoPy_R,right,3,SS_vs_ar,-0.41321289980881404,22076,2ec2ba37fa8cbb0b
0,S01,probgru,CoPy_R,right,3,SS_vs_probgru,2.318451086669171e-08,22076,2ec2ba37fa8cbb0b
0,S01,probgru,CoPy_R,right,4,MSE,5.04784172682012e-05,22076,2ec2ba37fa8cbb0b
0,S01,probgru,CoPy_R,right,4,MAE,0.005893254855312575,22076,2ec2ba37fa8cbb0b
0,S01,probgru,CoPy_R,right,4,SS_vs_persistence,-1.067790731352937,22076,2ec2ba37fa8cbb0b
0,S01,probgru,CoPy_R,right,4,SS_vs_seasonal,-1.052018741711903,22076,2ec2ba37fa8cbb0b
0,S01,probgru,CoPy_R,right,4,SS_vs_ar,-0.28244928565040905,22076,2ec2ba37fa8cbb0b
0,S01,probgru,CoPy_R,right,4,SS_vs_probgru,1.9810446505452717e-08,22076,2ec2ba37fa8cbb0b
0,S01,probgru,CoPy_R,right,5,MSE,5.6926685736078317e-05,22076,2ec2ba37fa8cbb0b
0,S01,probgru,CoPy_R,right,5,MAE,0.006297096976508139,22076,2ec2ba37fa8cbb0b
0,S01,probgru,CoPy_R,right,5,SS_vs_persistence,-1.065722197221386,22076,2ec2ba37fa8cbb0b
0,S01,probgru,CoPy_R,right,5,SS_vs_seasonal,-1.0637580840457797,22076,2ec2ba37fa8cbb0b
0,S01,probgru,CoPy_R,right,5,SS_vs_ar,-0.18864479826336167,22076,2ec2ba37fa8cbb0b
0,S01,probgru,CoPy_R,right,5,SS_vs_probgru,1.7566453625050826e-08,22076,2ec2ba37fa8cbb0b
0,S01,probgru,CoPy_R,right,6,MSE,6.274561258323888e-05,22076,2ec2ba37fa8cbb0b
0,S01,probgru,CoPy_R,right,6,MAE,0.0066140520580589566,22076,2ec2ba37fa8cbb0b
0,S01,probgru,CoPy_R,right,6,SS_vs_persistence,-1.0514976891021046,22076,2ec2ba37fa8cbb0b
0,S01,probgru,CoPy_R,right,6,SS_vs_seasonal,-1.0537694610053512,22076,2ec2ba37fa8cbb0b
0,S01,probgru,CoPy_R,right,6,SS_vs_ar,-0.10816680820001223,22076,2ec2ba37fa8cbb0b
0,S01,probgru,CoPy_R,right,6,SS_vs_probgru,1.5937368980090127e-08,22076,2ec2ba37fa8cbb0b
0,S01,probgru,CoPy_R,right,all,MSE,4.5047687856354e-05,22076,2ec2ba37fa8cbb0b
0,S01,probgru,CoPy_R,right,all,MAE,0.005388555108331585,22076,2ec2ba37fa8cbb0b
0,S01,probgru,CoPy_R,right,all,Hausdorff,4.146220974429424,22076,2ec2ba37fa8cbb0b
0,S01,probgru,CoPy_R,right,all,SS_vs_persistence,-1.0817574209701526,22076,2ec2ba37fa8cbb0b
0,S01,probgru,CoPy_R,right,all,HD_ratio_vs_persistence,1.4384219031770442,22076,2ec2ba37fa8cbb0b
0,S01,probgru,CoPy_R,right,all,SS_vs_seasonal,-1.0553702005727992,22076,2ec2ba37fa8cbb0b
0,S01,probgru,CoPy_R,right,all,HD_ratio_vs_seasonal,1.4281218242498752,22076,2ec2ba37fa8cbb0b
0,S01,probgru,CoPy_R,right,all,SS_vs_ar,-0.3071104472984234,22076,2ec2ba37fa8cbb0b
0,S01,probgru,CoPy_R,right,all,HD_ratio_vs_ar,1.2547911763548685,22076,2ec2ba37fa8cbb0b
0,S01,probgru,CoPy_R,right,all,SS_vs_probgru,2.219869721376e-08,22076,2ec2ba37fa8cbb0b
0,S01,probgru,CoPy_R,right,all,HD_ratio_vs_probgru,1.0,22076,2ec2ba37fa8cbb0b
1,S02,persistence,F_L,left,1,MSE,9.722110014672142,34782,2ec2ba37fa8cbb0b
1,S02,persistence,F_L,left,1,MAE,2.0474134981169545,34782,2ec2ba37fa8cbb0b
1,S02,persistence,F_L,left,1,SS_vs_persistence,1.0291767438275201e-13,34782,2ec2ba37fa8cbb0b
1,S02,persistence,F_L,left,1,SS_vs_seasonal,1.0291767438275201e-13,34782,2ec2ba37fa8cbb0b
1,S02,persistence,F_L,left,1,SS_vs_ar,0.0014792222444850456,34782,2ec2ba37fa8cbb0b
1,S02,persistence,F_L,left,1,SS_vs_probgru,0.6132049013552143,34782,2ec2ba37fa8cbb0b
1,S02,persistence,F_L,left,2,MSE,19.64191121689102,34782,2ec2ba37fa8cbb0b
1,S02,persistence,F_L,left,2,MAE,2.929680166726526,34782,2ec2ba37fa8cbb0b
1,S02,persistence,F_L,left,2,SS_vs_persistence,5.084821452783217e-14,34782,2ec2ba37fa8cbb0b
1,S02,persistence,F_L,left,2,SS_vs_seasonal,5.084821452783217e-14,34782,2ec2ba37fa8cbb0b
1,S02,persistence,F_L,left,2,SS_vs_ar,-0.007423610074874576,34782,2ec2ba37fa8cbb0b
1,S02,persistence,F_L,left,2,SS_vs_probgru,0.5509518980480339,34782,2ec2ba37fa8cbb0b
1,S02,persistence,F_L,left,3,MSE,28.53193332308112,34782,2ec2ba37fa8cbb0b
1,S02,persistence,F_L,left,3,MAE,3.5436728653341034,34782,2ec2ba37fa8cbb0b
1,S02,persistence,F_L,left,3,SS_vs_persistence,3.497202527569243e-14,34782,2ec2ba37fa8cbb0b
1,S02,persistence,F_L,left,3,SS_vs_seasonal,3.497202527569243e-14,34782,2ec2ba37fa8cbb0b
1,S02,persistence,F_L,left,3,SS_vs_ar,-0.016869439189646673,34782,2ec2ba37fa8cbb0b
1,S02,persistence,F_L,left,3,SS_vs_probgru,0.5099018072080312,34782,2ec2ba37fa8cbb0b
1,S02,persistence,F_L,left,4,MSE,36.64848178701965,34782,2ec2ba37fa8cbb0b
1,S02,persistence,F_L,left,4,MAE,4.047832663396072,34782,2ec2ba37fa8cbb0b
1,S02,persistence,F_L,left,4,SS_vs_persistence,2.731148640577885e-14,34782,2ec2ba37fa8cbb0b
1,S02,persistence,F_L,left,4,SS_vs_seasonal,2.731148640577885e-14,34782,2ec2ba37fa8cbb0b
1,S02,persistence,F_L,left,4,SS_vs_ar,-0.02200289669454114,34782,2ec2ba37fa8cbb0b
1,S02,persistence,F_L,left,4,SS_vs_probgru,0.48003687568139797,34782,2ec2ba37fa8cbb0b
1,S02,persistence,F_L,left,5,MSE,43.94704256506792,34782,2ec2ba37fa8cbb0b
1,S02,persistence,F_L,left,5,MAE,4.476347313433942,34782,2ec2ba37fa8cbb0b
1,S02,persistence,F_L,left,5,SS_vs_persistence,2.275957200481571e-14,34782,2ec2ba37fa8cbb0b
1,S02,persistence,F_L,left,5,SS_vs_seasonal,2.275957200481571e-14,34782,2ec2ba37fa8cbb0b
1,S02,persistence,F_L,left,5,SS_vs_ar,-0.025941136298025524,34782,2ec2ba37fa8cbb0b
1,S02,persistence,F_L,left,5,SS_vs_probgru,0.45955037845076674,34782,2ec2ba37fa8cbb0b
1,S02,persistence,F_L,left,6,MSE,50.10712678165011,34782,2ec2ba37fa8cbb0b
1,S02,persistence,F_L,left,6,MAE,4.810074260528075,34782,2ec2ba37fa8cbb0b
1,S02,persistence,F_L,left,6,SS_vs_persistence,1.9984014443252818e-14,34782,2ec2ba37fa8cbb0b
1,S02,persistence,F_L,left,6,SS_vs_seasonal,1.9984014443252818e-14,34782,2ec2ba37fa8cbb0b
1,S02,persistence,F_L,left,6,SS_vs_ar,-0.026009104717661602,34782,2ec2ba37fa8cbb0b
1,S02,persistence,F_L,left,6,SS_vs_probgru,0.4475632420870178,34782,2ec2ba37fa8cbb0b
1,S02,persistence,F_L,left,all,MSE,31.43310094806366,34782,2ec2ba37fa8cbb0b
1,S02,persistence,F_L,left,all,MAE,3.6425034612559455,34782,2ec2ba37fa8cbb0b
1,S02,persistence,F_L,left,all,Hausdorff,2.9725870819855467,34782,2ec2ba37fa8cbb0b
1,S02,persistence,F_L,left,all,SS_vs_persistence,3.175237850427948e-14,34782,2ec2ba37fa8cbb0b
1,S02,persistence,F_L,left,all,HD_ratio_vs_persistence,1.0,34782,2ec2ba37fa8cbb0b
1,S02,persistence,F_L,left,all,SS_vs_seasonal,3.175237850427948e-14,34782,2ec2ba37fa8cbb0b
1,S02,persistence,F_L,left,all,HD_ratio_vs_seasonal,1.0,34782,2ec2ba37fa8cbb0b
1,S02,persistence,F_L,left,all,SS_vs_ar,-0.020419893475960516,34782,2ec2ba37fa8cbb0b
1,S02,persistence,F_L,left,all,HD_ratio_vs_ar,1.0537634497786466,34782,2ec2ba37fa8cbb0b
1,S02,persistence,F_L,left,all,SS_vs_probgru,0.48971354475578444,34782,2ec2ba37fa8cbb0b
1,S02,persistence,F_L,left,all,HD_ratio_vs_probgru,0.7754319642123888,34782,2ec2ba37fa8cbb0b
1,S02,persistence,CoPx_L,left,1,MSE,9.939788420686304e-06,34782,2ec2ba37fa8cbb0b
1,S02,persistence,CoPx_L,left,1,MAE,0.002083196581487546,34782,2ec2ba37fa8cbb0b
1,S02,persistence,CoPx_L,left,1,SS_vs_persistence,1.0060575306169994e-07,34782,2ec2ba37fa8cbb0b
1,S02,persistence,CoPx_L,left,1,SS_vs_seasonal,1.0060575306169994e-07,34782,2ec2ba37fa8cbb0b
1,S02,persistence,CoPx_L,left,1,SS_vs_ar,-0.10573038148145653,34782,2ec2ba37fa8cbb0b
1,S02,persistence,CoPx_L,left,1,SS_vs_probgru,0.09361583119391759,34782,2ec2ba37fa8cbb0b
1,S02,persistence,CoPx_L,left,2,MSE,1.4806324222036209e-05,34782,2ec2ba37fa8cbb0b
1,S02,persistence,CoPx_L,left,2,MAE,0.0025985375209423693,34782,2ec2ba37fa8cbb0b
1,S02,persistence,CoPx_L,left,2,SS_vs_persistence,6.753870285258756e-08,34782,2ec2ba37fa8cbb0b
1,S02,persistence,CoPx_L,left,2,SS_vs_seasonal,6.753870285258756e-08,34782,2ec2ba37fa8cbb0b
1,S02,persistence,CoPx_L,left,2,SS_vs_ar,-0.15141524152690544,34782,2ec2ba37fa8cbb0b
1,S02,persistence,CoPx_L,left,2,SS_vs_probgru,0.00206892670325165,34782,2ec2ba37fa8cbb0b
1,S02,persistence,CoPx_L,left,3,MSE,1.8872521437634402e-05,34782,2ec2ba37fa8cbb0b
1,S02,persistence,CoPx_L,left,3,MAE,0.0029612616012153056,34782,2ec2ba37fa8cbb0b
1,S02,persistence,CoPx_L,left,3,SS_vs_persistence,5.2987087606481964e-08,34782,2ec2ba37fa8cbb0b
1,S02,persistence,CoPx_L,left,3,SS_vs_seasonal,5.2987087606481964e-08,34782,2ec2ba37fa8cbb0b
1,S02,persistence,CoPx_L,left,3,SS_vs_ar,-0.18709334829308677,34782,2ec2ba37fa8cbb0b
1,S02,persistence,CoPx_L,left,3,SS_vs_probgru,-0.06580270663473309,34782,2ec2ba37fa8cbb0b
1,S02,persistence,CoPx_L,left,4,MSE,2.1594443732668106e-05,34782,2ec2ba37fa8cbb0b
1,S02,persistence,CoPx_L,left,4,MAE,0.003210728432699233,34782,2ec2ba37fa8cbb0b
1,S02,persistence,CoPx_L,left,4,SS_vs_persistence,4.630820615858511e-08,34782,2ec2ba37fa8cbb0b
1,S02,persistence,CoPx_L,left,4,SS_vs_seasonal,4.630820615858511e-08,34782,2ec2ba37fa8cbb0b
1,S02,persistence,CoPx_L,left,4,SS_vs_ar,-0.203565576415643,34782,2ec2ba37fa8cbb0b
1,S02,persistence,CoPx_L,left,4,SS_vs_probgru,-0.07637097801627268,34782,2ec2ba37fa8cbb0b
1,S02,persistence,CoPx_L,left,5,MSE,2.390953097451007e-05,34782,2ec2ba37fa8cbb0b
1,S02,persistence,CoPx_L,left,5,MAE,0.0033981863474515255,34782,2ec2ba37fa8cbb0b
1,S02,persistence,CoPx_L,left,5,SS_vs_persistence,4.1824323449013434e-08,34782,2ec2ba37fa8cbb0b
1,S02,persistence,CoPx_L,left,5,SS_vs_seasonal,4.1824323449013434e-08,34782,2ec2ba37fa8cbb0b
1,S02,persistence,CoPx_L,left,5,SS_vs_ar,-0.2140453180859634,34782,2ec2ba37fa8cbb0b
1,S02,persistence,CoPx_L,left,5,SS_vs_probgru,-0.08080839758662806,34782,2ec2ba37fa8cbb0b
1,S02,persistence,CoPx_L,left,6,MSE,2.6469268944459436e-05,34782,2ec2ba37fa8cbb0b
1,S02,persistence,CoPx_L,left,6,MAE,0.0035665365536167773,34782,2ec2ba37fa8cbb0b
1,S02,persistence,CoPx_L,left,6,SS_vs_persistence,3.777965928986049e-08,34782,2ec2ba37fa8cbb0b
1,S02,persistence,CoPx_L,left,6,SS_vs_seasonal,3.777965928986049e-08,34782,2ec2ba37fa8cbb0b
1,S02,persistence,CoPx_L,left,6,SS_vs_ar,-0.23286739762914443,34782,2ec2ba37fa8cbb0b
1,S02,persistence,CoPx_L,left,6,SS_vs_probgru,-0.10367407568630504,34782,2ec2ba37fa8cbb0b
1,S02,persistence,CoPx_L,left,all,MSE,1.9265312955333136e-05,34782,2ec2ba37fa8cbb0b
1,S02,persistence,CoPx_L,left,all,MAE,0.002969741172902126,34782,2ec2ba37fa8cbb0b
1,S02,persistence,CoPx_L,left,all,Hausdorff,2.825166362214563,34782,2ec2ba37fa8cbb0b
1,S02,persistence,CoPx_L,left,all,SS_vs_persistence,5.190675855804017e-08,34782,2ec2ba37fa8cbb0b
1,S02,persistence,CoPx_L,left,all,HD_ratio_vs_persistence,1.0,34782,2ec2ba37fa8cbb0b
1,S02,persistence,CoPx_L,left,all,SS_vs_seasonal,5.190675855804017e-08,34782,2ec2ba37fa8cbb0b
1,S02,persistence,CoPx_L,left,all,HD_ratio_vs_seasonal,1.0,34782,2ec2ba37fa8cbb0b
1,S02,persistence,CoPx_L,left,all,SS_vs_ar,-0.19348349581952862,34782,2ec2ba37fa8cbb0b
1,S02,persistence,CoPx_L,left,all,HD_ratio_vs_ar,1.1600763091886657,34782,2ec2ba37fa8cbb0b
1,S02,persistence,CoPx_L,left,all,SS_vs_probgru,-0.05392225852546728,34782,2ec2ba37fa8cbb0b
1,S02,persistence,CoPx_L,left,all,HD_ratio_vs_probgru,1.1097302117474637,34782,2ec2ba37fa8cbb0b
1,S02,persistence,CoPy_L,left,1,MSE,8.380398248354844e-06,34782,2ec2ba37fa8cbb0b
1,S02,persistence,CoPy_L,left,1,MAE,0.0019495680047088221,34782,2ec2ba37fa8cbb0b
1,S02,persistence,CoPy_L,left,1,SS_vs_persistence,1.193260571463739e-07,34782,2ec2ba37fa8cbb0b
1,S02,persistence,CoPy_L,left,1,SS_vs_seasonal,1.193260571463739e-07,34782,2ec2ba37fa8cbb0b
1,S02,persistence,CoPy_L,left,1,SS_vs_ar,-0.09190774290590342,34782,2ec2ba37fa8cbb0b
1,S02,persistence,CoPy_L,left,1,SS_vs_probgru,0.03586826014900535,34782,2ec2ba37fa8cbb0b
1,S02,persistence,CoPy_L,left,2,MSE,1.2629938443013261e-05,34782,2ec2ba37fa8cbb0b
1,S02,persistence,CoPy_L,left,2,MAE,0.002446563326764661,34782,2ec2ba37fa8cbb0b
1,S02,persistence,CoPy_L,left,2,SS_vs_persistence,7.917694333503533e-08,34782,2ec2ba37fa8cbb0b
1,S02,persistence,CoPy_L,left,2,SS_vs_seasonal,7.917694333503533e-08,34782,2ec2ba37fa8cbb0b
1,S02,persistence,CoPy_L,left,2,SS_vs_ar,-0.12635192581105104,34782,2ec2ba37fa8cbb0b
1,S02,persistence,CoPy_L,left,2,SS_vs_probgru,-0.040158021450674486,34782,2ec2ba37fa8cbb0b
1,S02,persistence,CoPy_L,left,3,MSE,1.5383079600711678e-05,34782,2ec2ba37fa8cbb0b
1,S02,persistence,CoPy_L,left,3,MAE,0.002710571383971374,34782,2ec2ba37fa8cbb0b
1,S02,persistence,CoPy_L,left,3,SS_vs_persistence,6.500648508378504e-08,34782,2ec2ba37fa8cbb0b
1,S02,persistence,CoPy_L,left,3,SS_vs_seasonal,6.500648508378504e-08,34782,2ec2ba37fa8cbb0b
1,S02,persistence,CoPy_L,left,3,SS_vs_ar,-0.13941924507077452,34782,2ec2ba37fa8cbb0b
1,S02,persistence,CoPy_L,left,3,SS_vs_probgru,-0.035541351375640184,34782,2ec2ba37fa8cbb0b
1,S02,persistence,CoPy_L,left,4,MSE,1.793147347932876e-05,34782,2ec2ba37fa8cbb0b
1,S02,persistence,CoPy_L,left,4,MAE,0.0029402959632649555,34782,2ec2ba37fa8cbb0b
1,S02,persistence,CoPy_L,left,4,SS_vs_persistence,5.5767862328082174e-08,34782,2ec2ba37fa8cbb0b
1,S02,persistence,CoPy_L,left,4,SS_vs_seasonal,5.5767862328082174e-08,34782,2ec2ba37fa8cbb0b
1,S02,persistence,CoPy_L,left,4,SS_vs_ar,-0.1438379720028844,34782,2ec2ba37fa8cbb0b
1,S02,persistence,CoPy_L,left,4,SS_vs_probgru,-0.032787773332992654,34782,2ec2ba37fa8cbb0b
1,S02,persistence,CoPy_L,left,5,MSE,2.0489010613583214e-05,34782,2ec2ba37fa8cbb0b
1,S02,persistence,CoPy_L,left,5,MAE,0.0031710926525925754,34782,2ec2ba37fa8cbb0b
1,S02,persistence,CoPy_L,left,5,SS_vs_persistence,4.8806649055599394e-08,34782,2ec2ba37fa8cbb0b
1,S02,persistence,CoPy_L,left,5,SS_vs_seasonal,4.8806649055599394e-08,34782,2ec2ba37fa8cbb0b
1,S02,persistence,CoPy_L,left,5,SS_vs_ar,-0.16554732325059862,34782,2ec2ba37fa8cbb0b
1,S02,persistence,CoPy_L,left,5,SS_vs_probgru,-0.05213561287214419,34782,2ec2ba37fa8cbb0b
1,S02,persistence,CoPy_L,left,6,MSE,2.2527604255926308e-05,34782,2ec2ba37fa8cbb0b
1,S02,persistence,CoPy_L,left,6,MAE,0.0033630942585607315,34782,2ec2ba37fa8cbb0b
1,S02,persistence,CoPy_L,left,6,SS_vs_persistence,4.4389982356562996e-08,34782,2ec2ba37fa8cbb0b
1,S02,persistence,CoPy_L,left,6,SS_vs_seasonal,4.4389982356562996e-08,34782,2ec2ba37fa8cbb0b
1,S02,persistence,CoPy_L,left,6,SS_vs_ar,-0.1849203218331057,34782,2ec2ba37fa8cbb0b
1,S02,persistence,CoPy_L,left,6,SS_vs_probgru,-0.0564576051401926,34782,2ec2ba37fa8cbb0b
1,S02,persistence,CoPy_L,left,all,MSE,1.6223584106820566e-05,34782,2ec2ba37fa8cbb0b
1,S02,persistence,CoPy_L,left,all,MAE,0.0027635309316438534,34782,2ec2ba37fa8cbb0b
1,S02,persistence,CoPy_L,left,all,Hausdorff,2.8508272319238417,34782,2ec2ba37fa8cbb0b
1,S02,persistence,CoPy_L,left,all,SS_vs_persistence,6.163865706731997e-08,34782,2ec2ba37fa8cbb0b
1,S02,persistence,CoPy_L,left,all,HD_ratio_vs_persistence,1.0,34782,2ec2ba37fa8cbb0b
1,S02,persistence,CoPy_L,left,all,SS_vs_seasonal,6.163865706731997e-08,34782,2ec2ba37fa8cbb0b
1,S02,persistence,CoPy_L,left,all,HD_ratio_vs_seasonal,1.0,34782,2ec2ba37fa8cbb0b
1,S02,persistence,CoPy_L,left,all,SS_vs_ar,-0.14984325850299451,34782,2ec2ba37fa8cbb0b
1,S02,persistence,CoPy_L,left,all,HD_ratio_vs_ar,1.161839791563174,34782,2ec2ba37fa8cbb0b
1,S02,persistence,CoPy_L,left,all,SS_vs_probgru,-0.03721114505983225,34782,2ec2ba37fa8cbb0b
1,S02,persistence,CoPy_L,left,all,HD_ratio_vs_probgru,1.12254429617389,34782,2ec2ba37fa8cbb0b
1,S02,persistence,F_R,right,1,MSE,27.00628482044027,34782,2ec2ba37fa8cbb0b
1,S02,persistence,F_R,right,1,MAE,3.301580360969305,34782,2ec2ba37fa8cbb0b
1,S02,persistence,F_R,right,1,SS_vs_persistence,3.697042672001771e-14,34782,2ec2ba37fa8cbb0b
1,S02,persistence,F_R,right,1,SS_vs_seasonal,3.697042672001771e-14,34782,2ec2ba37fa8cbb0b
1,S02,persistence,F_R,right,1,SS_vs_ar,-0.0410059320078664,34782,2ec2ba37fa8cbb0b
1,S02,persistence,F_R,right,1,SS_vs_probgru,0.15544049221448386,34782,2ec2ba37fa8cbb0b
1,S02,persistence,F_R,right,2,MSE,62.5336608975584,34782,2ec2ba37fa8cbb0b
1,S02,persistence,F_R,right,2,MAE,5.037531725225602,34782,2ec2ba37fa8cbb0b
1,S02,persistence,F_R,right,2,SS_vs_persistence,1.5987211554602254e-14,34782,2ec2ba37fa8cbb0b
1,S02,persistence,F_R,right,2,SS_vs_seasonal,1.5987211554602254e-14,34782,2ec2ba37fa8cbb0b
1,S02,persistence,F_R,right,2,SS_vs_ar,-0.04175293510192768,34782,2ec2ba37fa8cbb0b
1,S02,persistence,F_R,right,2,SS_vs_probgru,-0.0012740852995178908,34782,2ec2ba37fa8cbb0b
1,S02,persistence,F_R,right,3,MSE,95.00588169980139,34782,2ec2ba37fa8cbb0b
1,S02,persistence,F_R,right,3,MAE,6.323199388136509,34782,2ec2ba37fa8cbb0b
1,S02,persistence,F_R,right,3,SS_vs_persistence,1.0436096431476471e-14,34782,2ec2ba37fa8cbb0b
1,S02,persistence,F_R,right,3,SS_vs_seasonal,1.0436096431476471e-14,34782,2ec2ba37fa8cbb0b
1,S02,persistence,F_R,right,3,SS_vs_ar,-0.054975665812747376,34782,2ec2ba37fa8cbb0b
1,S02,persistence,F_R,right,3,SS_vs_probgru,-0.06239691164091088,34782,2ec2ba37fa8cbb0b
1,S02,persistence,F_R,right,4,MSE,123.17775385566853,34782,2ec2ba37fa8cbb0b
1,S02,persistence,F_R,right,4,MAE,7.318842486634385,34782,2ec2ba37fa8cbb0b
1,S02,persistence,F_R,right,4,SS_vs_persistence,8.104628079763643e-15,34782,2ec2ba37fa8cbb0b
1,S02,persistence,F_R,right,4,SS_vs_seasonal,8.104628079763643e-15,34782,2ec2ba37fa8cbb0b
1,S02,persistence,F_R,right,4,SS_vs_ar,-0.06668682593361597,34782,2ec2ba37fa8cbb0b
1,S02,persistence,F_R,right,4,SS_vs_probgru,-0.1104771174243877,34782,2ec2ba37fa8cbb0b
1,S02,persistence,F_R,right,5,MSE,147.9878236729313,34782,2ec2ba37fa8cbb0b
1,S02,persistence,F_R,right,5,MAE,8.156793188674502,34782,2ec2ba37fa8cbb0b
1,S02,persistence,F_R,right,5,SS_vs_persistence,6.772360450213455e-15,34782,2ec2ba37fa8cbb0b
1,S02,persistence,F_R,right,5,SS_vs_seasonal,6.772360450213455e-15,34782,2ec2ba37fa8cbb0b
1,S02,persistence,F_R,right,5,SS_vs_ar,-0.0819380612975329,34782,2ec2ba37fa8cbb0b
1,S02,persistence,F_R,right,5,SS_vs_probgru,-0.1508770902958776,34782,2ec2ba37fa8cbb0b
1,S02,persistence,F_R,right,6,MSE,170.76790946878637,34782,2ec2ba37fa8cbb0b
1,S02,persistence,F_R,right,6,MAE,8.86756234451144,34782,2ec2ba37fa8cbb0b
1,S02,persistence,F_R,right,6,SS_vs_persistence,5.773159728050814e-15,34782,2ec2ba37fa8cbb0b
1,S02,persistence,F_R,right,6,SS_vs_seasonal,5.773159728050814e-15,34782,2ec2ba37fa8cbb0b
1,S02,persistence,F_R,right,6,SS_vs_ar,-0.10026151010812479,34782,2ec2ba37fa8cbb0b
1,S02,persistence,F_R,right,6,SS_vs_probgru,-0.1907984826669551,34782,2ec2ba37fa8cbb0b
1,S02,persistence,F_R,right,all,MSE,104.41321906919771,34782,2ec2ba37fa8cbb0b
1,S02,persistence,F_R,right,all,MAE,6.500918249025291,34782,2ec2ba37fa8cbb0b
1,S02,persistence,F_R,right,all,Hausdorff,3.0563029572194336,34782,2ec2ba37fa8cbb0b
1,S02,persistence,F_R,right,all,SS_vs_persistence,9.547918011776346e-15,34782,2ec2ba37fa8cbb0b
1,S02,persistence,F_R,right,all,HD_ratio_vs_persistence,1.0,34782,2ec2ba37fa8cbb0b
1,S02,persistence,F_R,right,all,SS_vs_seasonal,9.547918011776346e-15,34782,2ec2ba37fa8cbb0b
1,S02,persistence,F_R,right,all,HD_ratio_vs_seasonal,1.0,34782,2ec2ba37fa8cbb0b
1,S02,persistence,F_R,right,all,SS_vs_ar,-0.0736783783530528,34782,2ec2ba37fa8cbb0b
1,S02,persistence,F_R,right,all,HD_ratio_vs_ar,1.0705578691350364,34782,2ec2ba37fa8cbb0b
1,S02,persistence,F_R,right,all,SS_vs_probgru,-0.10534369474036054,34782,2ec2ba37fa8cbb0b
1,S02,persistence,F_R,right,all,HD_ratio_vs_probgru,1.052383876409451,34782,2ec2ba37fa8cbb0b
1,S02,persistence,CoPx_R,right,1,MSE,9.467838303706967e-06,34782,2ec2ba37fa8cbb0b
1,S02,persistence,CoPx_R,right,1,MAE,0.002169924265739731,34782,2ec2ba37fa8cbb0b
1,S02,persistence,CoPx_R,right,1,SS_vs_persistence,1.0562071950381835e-07,34782,2ec2ba37fa8cbb0b
1,S02,persistence,CoPx_R,right,1,SS_vs_seasonal,1.0562071950381835e-07,34782,2ec2ba37fa8cbb0b
1,S02,persistence,CoPx_R,right,1,SS_vs_ar,-0.07214459343356094,34782,2ec2ba37fa8cbb0b
1,S02,persistence,CoPx_R,right,1,SS_vs_probgru,0.18553961326501445,34782,2ec2ba37fa8cbb0b
1,S02,persistence,CoPx_R,right,2,MSE,1.6457037653463218e-05,34782,2ec2ba37fa8cbb0b
1,S02,persistence,CoPx_R,right,2,MAE,0.00282633051524834,34782,2ec2ba37fa8cbb0b
1,S02,persistence,CoPx_R,right,2,SS_vs_persistence,6.076427361279002e-08,34782,2ec2ba37fa8cbb0b
1,S02,persistence,CoPx_R,right,2,SS_vs_seasonal,6.076427361279002e-08,34782,2ec2ba37fa8cbb0b
1,S02,persistence,CoPx_R,right,2,SS_vs_ar,-0.1471860596697332,34782,2ec2ba37fa8cbb0b
1,S02,persistence,CoPx_R,right,2,SS_vs_probgru,0.039977246573320135,34782,2ec2ba37fa8cbb0b
1,S02,persistence,CoPx_R,right,3,MSE,2.1425354731424138e-05,34782,2ec2ba37fa8cbb0b
1,S02,persistence,CoPx_R,right,3,MAE,0.003262654382934286,34782,2ec2ba37fa8cbb0b
1,S02,persistence,CoPx_R,right,3,SS_vs_persistence,4.667367081712115e-08,34782,2ec2ba37fa8cbb0b
1,S02,persistence,CoPx_R,right,3,SS_vs_seasonal,4.667367081712115e-08,34782,2ec2ba37fa8cbb0b
1,S02,persistence,CoPx_R,right,3,SS_vs_ar,-0.19247803758973903,34782,2ec2ba37fa8cbb0b
1,S02,persistence,CoPx_R,right,3,SS_vs_probgru,-0.028350939599328884,34782,2ec2ba37fa8cbb0b
1,S02,persistence,CoPx_R,right,4,MSE,2.4491160303419034e-05,34782,2ec2ba37fa8cbb0b
1,S02,persistence,CoPx_R,right,4,MAE,0.003517443321053504,34782,2ec2ba37fa8cbb0b
1,S02,persistence,CoPx_R,right,4,SS_vs_persistence,4.0831056868917415e-08,34782,2ec2ba37fa8cbb0b
1,S02,persistence,CoPx_R,right,4,SS_vs_seasonal,4.0831056868917415e-08,34782,2ec2ba37fa8cbb0b
1,S02,persistence,CoPx_R,right,4,SS_vs_ar,-0.21499671471976134,34782,2ec2ba37fa8cbb0b
1,S02,persistence,CoPx_R,right,4,SS_vs_probgru,-0.05016387856961346,34782,2ec2ba37fa8cbb0b
1,S02,persistence,CoPx_R,right,5,MSE,2.6428390967412082e-05,34782,2ec2ba37fa8cbb0b
1,S02,persistence,CoPx_R,right,5,MAE,0.0036955470317386495,34782,2ec2ba37fa8cbb0b
1,S02,persistence,CoPx_R,right,5,SS_vs_persistence,3.783809476853861e-08,34782,2ec2ba37fa8cbb0b
1,S02,persistence,CoPx_R,right,5,SS_vs_seasonal,3.783809476853861e-08,34782,2ec2ba37fa8cbb0b
1,S02,persistence,CoPx_R,right,5,SS_vs_ar,-0.2323917121217869,34782,2ec2ba37fa8cbb0b
1,S02,persistence,CoPx_R,right,5,SS_vs_probgru,-0.05949631482949003,34782,2ec2ba37fa8cbb0b
1,S02,persistence,CoPx_R,right,6,MSE,2.7216011445348746e-05,34782,2ec2ba37fa8cbb0b
1,S02,persistence,CoPx_R,right,6,MAE,0.0037816078656281995,34782,2ec2ba37fa8cbb0b
1,S02,persistence,CoPx_R,right,6,SS_vs_persistence,3.674307547107958e-08,34782,2ec2ba37fa8cbb0b
1,S02,persistence,CoPx_R,right,6,SS_vs_seasonal,3.674307547107958e-08,34782,2ec2ba37fa8cbb0b
1,S02,persistence,CoPx_R,right,6,SS_vs_ar,-0.23536327217238573,34782,2ec2ba37fa8cbb0b
1,S02,persistence,CoPx_R,right,6,SS_vs_probgru,-0.05079601018790414,34782,2ec2ba37fa8cbb0b
1,S02,persistence,CoPx_R,right,all,MSE,2.091429890079605e-05,34782,2ec2ba37fa8cbb0b
1,S02,persistence,CoPx_R,right,all,MAE,0.003208917897057118,34782,2ec2ba37fa8cbb0b
1,S02,persistence,CoPx_R,right,all,Hausdorff,2.8523542327609444,34782,2ec2ba37fa8cbb0b
1,S02,persistence,CoPx_R,right,all,SS_vs_persistence,4.7814175174742957e-08,34782,2ec2ba37fa8cbb0b
1,S02,persistence,CoPx_R,right,all,HD_ratio_vs_persistence,1.0,34782,2ec2ba37fa8cbb0b
1,S02,persistence,CoPx_R,right,all,SS_vs_seasonal,4.7814175174742957e-08,34782,2ec2ba37fa8cbb0b
1,S02,persistence,CoPx_R,right,all,HD_ratio_vs_seasonal,1.0,34782,2ec2ba37fa8cbb0b
1,S02,persistence,CoPx_R,right,all,SS_vs_ar,-0.19765363118558632,34782,2ec2ba37fa8cbb0b
1,S02,persistence,CoPx_R,right,all,HD_ratio_vs_ar,1.1690713543823368,34782,2ec2ba37fa8cbb0b
1,S02,persistence,CoPx_R,right,all,SS_vs_probgru,-0.013882111141183762,34782,2ec2ba37fa8cbb0b
1,S02,persistence,CoPx_R,right,all,HD_ratio_vs_probgru,1.1048934048414414,34782,2ec2ba37fa8cbb0b
1,S02,persistence,CoPy_R,right,1,MSE,6.0562695505230545e-06,34782,2ec2ba37fa8cbb0b
1,S02,persistence,CoPy_R,right,1,MAE,0.0017422725214444666,34782,2ec2ba37fa8cbb0b
1,S02,persistence,CoPy_R,right,1,SS_vs_persistence,1.6511811884445393e-07,34782,2ec2ba37fa8cbb0b
1,S02,persistence,CoPy_R,right,1,SS_vs_seasonal,1.6511811884445393e-07,34782,2ec2ba37fa8cbb0b
1,S02,persistence,CoPy_R,right,1,SS_vs_ar,-0.05640329982094339,34782,2ec2ba37fa8cbb0b
1,S02,persistence,CoPy_R,right,1,SS_vs_probgru,0.30919963645492976,34782,2ec2ba37fa8cbb0b
1,S02,persistence,CoPy_R,right,2,MSE,9.969682664977748e-06,34782,2ec2ba37fa8cbb0b
1,S02,persistence,CoPy_R,right,2,MAE,0.0022196147599621335,34782,2ec2ba37fa8cbb0b
1,S02,persistence,CoPy_R,right,2,SS_vs_persistence,1.0030408514882794e-07,34782,2ec2ba37fa8cbb0b
1,S02,persistence,CoPy_R,right,2,SS_vs_seasonal,1.0030408514882794e-07,34782,2ec2ba37fa8cbb0b
1,S02,persistence,CoPy_R,right,2,SS_vs_ar,-0.10041437195400449,34782,2ec2ba37fa8cbb0b
1,S02,persistence,CoPy_R,right,2,SS_vs_probgru,0.1972068206415376,34782,2ec2ba37fa8cbb0b
1,S02,persistence,CoPy_R,right,3,MSE,1.242505508993209e-05,34782,2ec2ba37fa8cbb0b
1,S02,persistence,CoPy_R,right,3,MAE,0.0024922400856824288,34782,2ec2ba37fa8cbb0b
1,S02,persistence,CoPy_R,right,3,SS_vs_persistence,8.048253397063831e-08,34782,2ec2ba37fa8cbb0b
1,S02,persistence,CoPy_R,right,3,SS_vs_seasonal,8.048253397063831e-08,34782,2ec2ba37fa8cbb0b
1,S02,persistence,CoPy_R,right,3,SS_vs_ar,-0.1040997590354682,34782,2ec2ba37fa8cbb0b
1,S02,persistence,CoPy_R,right,3,SS_vs_probgru,0.15826915239821526,34782,2ec2ba37fa8cbb0b
1,S02,persistence,CoPy_R,right,4,MSE,1.464060817729238e-05,34782,2ec2ba37fa8cbb0b
1,S02,persistence,CoPy_R,right,4,MAE,0.0027230368712876404,34782,2ec2ba37fa8cbb0b
1,S02,persistence,CoPy_R,right,4,SS_vs_persistence,6.83031687875868e-08,34782,2ec2ba37fa8cbb0b
1,S02,persistence,CoPy_R,right,4,SS_vs_seasonal,6.83031687875868e-08,34782,2ec2ba37fa8cbb0b
1,S02,persistence,CoPy_R,right,4,SS_vs_ar,-0.09688718827943665,34782,2ec2ba37fa8cbb0b
1,S02,persistence,CoPy_R,right,4,SS_vs_probgru,0.12261388094267556,34782,2ec2ba37fa8cbb0b
1,S02,persistence,CoPy_R,right,5,MSE,1.6722321069532943e-05,34782,2ec2ba37fa8cbb0b
1,S02,persistence,CoPy_R,right,5,MAE,0.002938408276842112,34782,2ec2ba37fa8cbb0b
1,S02,persistence,CoPy_R,right,5,SS_vs_persistence,5.98003073726261e-08,34782,2ec2ba37fa8cbb0b
1,S02,persistence,CoPy_R,right,5,SS_vs_seasonal,5.98003073726261e-08,34782,2ec2ba37fa8cbb0b
1,S02,persistence,CoPy_R,right,5,SS_vs_ar,-0.09263384012392284,34782,2ec2ba37fa8cbb0b
1,S02,persistence,CoPy_R,right,5,SS_vs_probgru,0.077681398849066,34782,2ec2ba37fa8cbb0b
1,S02,persistence,CoPy_R,right,6,MSE,1.8844360047540286e-05,34782,2ec2ba37fa8cbb0b
1,S02,persistence,CoPy_R,right,6,MAE,0.0031317398218994584,34782,2ec2ba37fa8cbb0b
1,S02,persistence,CoPy_R,right,6,SS_vs_persistence,5.3066272598378816e-08,34782,2ec2ba37fa8cbb0b
1,S02,persistence,CoPy_R,right,6,SS_vs_seasonal,5.3066272598378816e-08,34782,2ec2ba37fa8cbb0b
1,S02,persistence,CoPy_R,right,6,SS_vs_ar,-0.09447144600868396,34782,2ec2ba37fa8cbb0b
1,S02,persistence,CoPy_R,right,6,SS_vs_probgru,0.024893691826952447,34782,2ec2ba37fa8cbb0b
1,S02,persistence,CoPy_R,right,all,MSE,1.3109716099967265e-05,34782,2ec2ba37fa8cbb0b
1,S02,persistence,CoPy_R,right,all,MAE,0.00254121872285304,34782,2ec2ba37fa8cbb0b
1,S02,persistence,CoPy_R,right,all,Hausdorff,2.8626816982789207,34782,2ec2ba37fa8cbb0b
1,S02,persistence,CoPy_R,right,all,SS_vs_persistence,7.627929665687816e-08,34782,2ec2ba37fa8cbb0b
1,S02,persistence,CoPy_R,right,all,HD_ratio_vs_persistence,1.0,34782,2ec2ba37fa8cbb0b
1,S02,persistence,CoPy_R,right,all,SS_vs_seasonal,7.627929665687816e-08,34782,2ec2ba37fa8cbb0b
1,S02,persistence,CoPy_R,right,all,HD_ratio_vs_seasonal,1.0,34782,2ec2ba37fa8cbb0b
1,S02,persistence,CoPy_R,right,all,SS_vs_ar,-0.09374941139352422,34782,2ec2ba37fa8cbb0b
1,S02,persistence,CoPy_R,right,all,HD_ratio_vs_ar,1.1812342228906854,34782,2ec2ba37fa8cbb0b
1,S02,persistence,CoPy_R,right,all,SS_vs_probgru,0.12689102781197892,34782,2ec2ba37fa8cbb0b
1,S02,persistence,CoPy_R,right,all,HD_ratio_vs_probgru,1.0744482605242673,34782,2ec2ba37fa8cbb0b
1,S02,seasonal,F_L,left,1,MSE,9.722110014672142,34782,2ec2ba37fa8cbb0b
1,S02,seasonal,F_L,left,1,MAE,2.0474134981169545,34782,2ec2ba37fa8cbb0b
1,S02,seasonal,F_L,left,1,SS_vs_persistence,1.0291767438275201e-13,34782,2ec2ba37fa8cbb0b
1,S02,seasonal,F_L,left,1,SS_vs_seasonal,1.0291767438275201e-13,34782,2ec2ba37fa8cbb0b
1,S02,seasonal,F_L,left,1,SS_vs_ar,0.0014792222444850456,34782,2ec2ba37fa8cbb0b
1,S02,seasonal,F_L,left,1,SS_vs_probgru,0.6132049013552143,34782,2ec2ba37fa8cbb0b
1,S02,seasonal,F_L,left,2,MSE,19.64191121689102,34782,2ec2ba37fa8cbb0b
1,S02,seasonal,F_L,left,2,MAE,2.929680166726526,34782,2ec2ba37fa8cbb0b
1,S02,seasonal,F_L,left,2,SS_vs_persistence,5.084821452783217e-14,34782,2ec2ba37fa8cbb0b
1,S02,seasonal,F_L,left,2,SS_vs_seasonal,5.084821452783217e-14,34782,2ec2ba37fa8cbb0b
1,S02,seasonal,F_L,left,2,SS_vs_ar,-0.007423610074874576,34782,2ec2ba37fa8cbb0b
1,S02,seasonal,F_L,left,2,SS_vs_probgru,0.5509518980480339,34782,2ec2ba37fa8cbb0b
1,S02,seasonal,F_L,left,3,MSE,28.53193332308112,34782,2ec2ba37fa8cbb0b
1,S02,seasonal,F_L,left,3,MAE,3.5436728653341034,34782,2ec2ba37fa8cbb0b
1,S02,seasonal,F_L,left,3,SS_vs_persistence,3.497202527569243e-14,34782,2ec2ba37fa8cbb0b
1,S02,seasonal,F_L,left,3,SS_vs_seasonal,3.497202527569243e-14,34782,2ec2ba37fa8cbb0b
1,S02,seasonal,F_L,left,3,SS_vs_ar,-0.016869439189646673,34782,2ec2ba37fa8cbb0b
1,S02,seasonal,F_L,left,3,SS_vs_probgru,0.5099018072080312,34782,2ec2ba37fa8cbb0b
1,S02,seasonal,F_L,left,4,MSE,36.64848178701965,34782,2ec2ba37fa8cbb0b
1,S02,seasonal,F_L,left,4,MAE,4.047832663396072,34782,2ec2ba37fa8cbb0b
1,S02,seasonal,F_L,left,4,SS_vs_persistence,2.731148640577885e-14,34782,2ec2ba37fa8cbb0b
1,S02,seasonal,F_L,left,4,SS_vs_seasonal,2.731148640577885e-14,34782,2ec2ba37fa8cbb0b
1,S02,seasonal,F_L,left,4,SS_vs_ar,-0.02200289669454114,34782,2ec2ba37fa8cbb0b
1,S02,seasonal,F_L,left,4,SS_vs_probgru,0.48003687568139797,34782,2ec2ba37fa8cbb0b
1,S02,seasonal,F_L,left,5,MSE,43.94704256506792,34782,2ec2ba37fa8cbb0b
1,S02,seasonal,F_L,left,5,MAE,4.476347313433942,34782,2ec2ba37fa8cbb0b
1,S02,seasonal,F_L,left,5,SS_vs_persistence,2.275957200481571e-14,34782,2ec2ba37fa8cbb0b
1,S02,seasonal,F_L,left,5,SS_vs_seasonal,2.275957200481571e-14,34782,2ec2ba37fa8cbb0b
1,S02,seasonal,F_L,left,5,SS_vs_ar,-0.025941136298025524,34782,2ec2ba37fa8cbb0b
1,S02,seasonal,F_L,left,5,SS_vs_probgru,0.45955037845076674,34782,2ec2ba37fa8cbb0b
1,S02,seasonal,F_L,left,6,MSE,50.10712678165011,34782,2ec2ba37fa8cbb0b
1,S02,seasonal,F_L,left,6,MAE,4.810074260528075,34782,2ec2ba37fa8cbb0b
1,S02,seasonal,F_L,left,6,SS_vs_persistence,1.9984014443252818e-14,34782,2ec2ba37fa8cbb0b
1,S02,seasonal,F_L,left,6,SS_vs_seasonal,1.9984014443252818e-14,34782,2ec2ba37fa8cbb0b
1,S02,seasonal,F_L,left,6,SS_vs_ar,-0.026009104717661602,34782,2ec2ba37fa8cbb0b
1,S02,seasonal,F_L,left,6,SS_vs_probgru,0.4475632420870178,34782,2ec2ba37fa8cbb0b
1,S02,seasonal,F_L,left,all,MSE,31.43310094806366,34782,2ec2ba37fa8cbb0b
1,S02,seasonal,F_L,left,all,MAE,3.6425034612559455,34782,2ec2ba37fa8cbb0b
1,S02,seasonal,F_L,left,all,Hausdorff,2.9725870819855467,34782,2ec2ba37fa8cbb0b
1,S02,seasonal,F_L,left,all,SS_vs_persistence,3.175237850427948e-14,34782,2ec2ba37fa8cbb0b
1,S02,seasonal,F_L,left,all,HD_ratio_vs_persistence,1.0,34782,2ec2ba37fa8cbb0b
1,S02,seasonal,F_L,left,all,SS_vs_seasonal,3.175237850427948e-14,34782,2ec2ba37fa8cbb0b
1,S02,seasonal,F_L,left,all,HD_ratio_vs_seasonal,1.0,34782,2ec2ba37fa8cbb0b
1,S02,seasonal,F_L,left,all,SS_vs_ar,-0.020419893475960516,34782,2ec2ba37fa8cbb0b
1,S02,seasonal,F_L,left,all,HD_ratio_vs_ar,1.0537634497786466,34782,2ec2ba37fa8cbb0b
1,S02,seasonal,F_L,left,all,SS_vs_probgru,0.48971354475578444,34782,2ec2ba37fa8cbb0b
1,S02,seasonal,F_L,left,all,HD_ratio_vs_probgru,0.7754319642123888,34782,2ec2ba37fa8cbb0b
1,S02,seasonal,CoPx_L,left,1,MSE,9.939788420686304e-06,34782,2ec2ba37fa8cbb0b
1,S02,seasonal,CoPx_L,left,1,MAE,0.002083196581487546,34782,2ec2ba37fa8cbb0b
1,S02,seasonal,CoPx_L,left,1,SS_vs_persistence,1.0060575306169994e-07,34782,2ec2ba37fa8cbb0b
1,S02,seasonal,CoPx_L,left,1,SS_vs_seasonal,1.0060575306169994e-07,34782,2ec2ba37fa8cbb0b
1,S02,seasonal,CoPx_L,left,1,SS_vs_ar,-0.10573038148145653,34782,2ec2ba37fa8cbb0b
1,S02,seasonal,CoPx_L,left,1,SS_vs_probgru,0.09361583119391759,34782,2ec2ba37fa8cbb0b
1,S02,seasonal,CoPx_L,left,2,MSE,1.4806324222036209e-05,34782,2ec2ba37fa8cbb0b
1,S02,seasonal,CoPx_L,left,2,MAE,0.0025985375209423693,34782,2ec2ba37fa8cbb0b
1,S02,seasonal,CoPx_L,left,2,SS_vs_persistence,6.753870285258756e-08,34782,2ec2ba37fa8cbb0b
1,S02,seasonal,CoPx_L,left,2,SS_vs_seasonal,6.753870285258756e-08,34782,2ec2ba37fa8cbb0b
1,S02,seasonal,CoPx_L,left,2,SS_vs_ar,-0.15141524152690544,34782,2ec2ba37fa8cbb0b
1,S02,seasonal,CoPx_L,left,2,SS_vs_probgru,0.00206892670325165,34782,2ec2ba37fa8cbb0b
1,S02,seasonal,CoPx_L,left,3,MSE,1.8872521437634402e-05,34782,2ec2ba37fa8cbb0b
1,S02,seasonal,CoPx_L,left,3,MAE,0.0029612616012153056,34782,2ec2ba37fa8cbb0b
1,S02,seasonal,CoPx_L,left,3,SS_vs_persistence,5.2987087606481964e-08,34782,2ec2ba37fa8cbb0b
1,S02,seasonal,CoPx_L,left,3,SS_vs_seasonal,5.2987087606481964e-08,34782,2ec2ba37fa8cbb0b
1,S02,seasonal,CoPx_L,left,3,SS_vs_ar,-0.18709334829308677,34782,2ec2ba37fa8cbb0b
1,S02,seasonal,CoPx_L,left,3,SS_vs_probgru,-0.06580270663473309,34782,2ec2ba37fa8cbb0b
1,S02,seasonal,CoPx_L,left,4,MSE,2.1594443732668106e-05,34782,2ec2ba37fa8cbb0b
1,S02,seasonal,CoPx_L,left,4,MAE,0.003210728432699233,34782,2ec2ba37fa8cbb0b
1,S02,seasonal,CoPx_L,left,4,SS_vs_persistence,4.630820615858511e-08,34782,2ec2ba37fa8cbb0b
1,S02,seasonal,CoPx_L,left,4,SS_vs_seasonal,4.630820615858511e-08,34782,2ec2ba37fa8cbb0b
1,S02,seasonal,CoPx_L,left,4,SS_vs_ar,-0.203565576415643,34782,2ec2ba37fa8cbb0b
1,S02,seasonal,CoPx_L,left,4,SS_vs_probgru,-0.07637097801627268,34782,2ec2ba37fa8cbb0b
1,S02,seasonal,CoPx_L,left,5,MSE,2.390953097451007e-05,34782,2ec2ba37fa8cbb0b
1,S02,seasonal,CoPx_L,left,5,MAE,0.0033981863474515255,34782,2ec2ba37fa8cbb0b
1,S02,seasonal,CoPx_L,left,5,SS_vs_persistence,4.1824323449013434e-08,34782,2ec2ba37fa8cbb0b
1,S02,seasonal,CoPx_L,left,5,SS_vs_seasonal,4.1824323449013434e-08,34782,2ec2ba37fa8cbb0b
1,S02,seasonal,CoPx_L,left,5,SS_vs_ar,-0.2140453180859634,34782,2ec2ba37fa8cbb0b
1,S02,seasonal,CoPx_L,left,5,SS_vs_probgru,-0.08080839758662806,34782,2ec2ba37fa8cbb0b
1,S02,seasonal,CoPx_L,left,6,MSE,2.6469268944459436e-05,34782,2ec2ba37fa8cbb0b
1,S02,seasonal,CoPx_L,left,6,MAE,0.0035665365536167773,34782,2ec2ba37fa8cbb0b
1,S02,seasonal,CoPx_L,left,6,SS_vs_persistence,3.777965928986049e-08,34782,2ec2ba37fa8cbb0b
1,S02,seasonal,CoPx_L,left,6,SS_vs_seasonal,3.777965928986049e-08,34782,2ec2ba37fa8cbb0b
1,S02,seasonal,CoPx_L,left,6,SS_vs_ar,-0.23286739762914443,34782,2ec2ba37fa8cbb0b
1,S02,seasonal,CoPx_L,left,6,SS_vs_probgru,-0.10367407568630504,34782,2ec2ba37fa8cbb0b
1,S02,seasonal,CoPx_L,left,all,MSE,1.9265312955333136e-05,34782,2ec2ba37fa8cbb0b
1,S02,seasonal,CoPx_L,left,all,MAE,0.002969741172902126,34782,2ec2ba37fa8cbb0b
1,S02,seasonal,CoPx_L,left,all,Hausdorff,2.825166362214563,34782,2ec2ba37fa8cbb0b
1,S02,seasonal,CoPx_L,left,all,SS_vs_persistence,5.190675855804017e-08,34782,2ec2ba37fa8cbb0b
1,S02,seasonal,CoPx_L,left,all,HD_ratio_vs_persistence,1.0,34782,2ec2ba37fa8cbb0b
1,S02,seasonal,CoPx_L,left,all,SS_vs_seasonal,5.190675855804017e-08,34782,2ec2ba37fa8cbb0b
1,S02,seasonal,CoPx_L,left,all,HD_ratio_vs_seasonal,1.0,34782,2ec2ba37fa8cbb0b
1,S02,seasonal,CoPx_L,left,all,SS_vs_ar,-0.19348349581952862,34782,2ec2ba37fa8cbb0b
1,S02,seasonal,CoPx_L,left,all,HD_ratio_vs_ar,1.1600763091886657,34782,2ec2ba37fa8cbb0b
1,S02,seasonal,CoPx_L,left,all,SS_vs_probgru,-0.05392225852546728,34782,2ec2ba37fa8cbb0b
1,S02,seasonal,CoPx_L,left,all,HD_ratio_vs_probgru,1.1097302117474637,34782,2ec2ba37fa8cbb0b
1,S02,seasonal,CoPy_L,left,1,MSE,8.380398248354844e-06,34782,2ec2ba37fa8cbb0b
1,S02,seasonal,CoPy_L,left,1,MAE,0.0019495680047088221,34782,2ec2ba37fa8cbb0b
1,S02,seasonal,CoPy_L,left,1,SS_vs_persistence,1.193260571463739e-07,34782,2ec2ba37fa8cbb0b
1,S02,seasonal,CoPy_L,left,1,SS_vs_seasonal,1.193260571463739e-07,34782,2ec2ba37fa8cbb0b
1,S02,seasonal,CoPy_L,left,1,SS_vs_ar,-0.09190774290590342,34782,2ec2ba37fa8cbb0b
1,S02,seasonal,CoPy_L,left,1,SS_vs_probgru,0.03586826014900535,34782,2ec2ba37fa8cbb0b
1,S02,seasonal,CoPy_L,left,2,MSE,1.2629938443013261e-05,34782,2ec2ba37fa8cbb0b
1,S02,seasonal,CoPy_L,left,2,MAE,0.002446563326764661,34782,2ec2ba37fa8cbb0b
1,S02,seasonal,CoPy_L,left,2,SS_vs_persistence,7.917694333503533e-08,34782,2ec2ba37fa8cbb0b
1,S02,seasonal,CoPy_L,left,2,SS_vs_seasonal,7.917694333503533e-08,34782,2ec2ba37fa8cbb0b
1,S02,seasonal,CoPy_L,left,2,SS_vs_ar,-0.12635192581105104,34782,2ec2ba37fa8cbb0b
1,S02,seasonal,CoPy_L,left,2,SS_vs_probgru,-0.040158021450674486,34782,2ec2ba37fa8cbb0b
1,S02,seasonal,CoPy_L,left,3,MSE,1.5383079600711678e-05,34782,2ec2ba37fa8cbb0b
1,S02,seasonal,CoPy_L,left,3,MAE,0.002710571383971374,34782,2ec2ba37fa8cbb0b
1,S02,seasonal,CoPy_L,left,3,SS_vs_persistence,6.500648508378504e-08,34782,2ec2ba37fa8cbb0b
1,S02,seasonal,CoPy_L,left,3,SS_vs_seasonal,6.500648508378504e-08,34782,2ec2ba37fa8cbb0b
1,S02,seasonal,CoPy_L,left,3,SS_vs_ar,-0.13941924507077452,34782,2ec2ba37fa8cbb0b
1,S02,seasonal,CoPy_L,left,3,SS_vs_probgru,-0.035541351375640184,34782,2ec2ba37fa8cbb0b
1,S02,seasonal,CoPy_L,left,4,MSE,1.793147347932876e-05,34782,2ec2ba37fa8cbb0b
1,S02,seasonal,CoPy_L,left,4,MAE,0.0029402959632649555,34782,2ec2ba37fa8cbb0b
1,S02,seasonal,CoPy_L,left,4,SS_vs_persistence,5.5767862328082174e-08,34782,2ec2ba37fa8cbb0b
1,S02,seasonal,CoPy_L,left,4,SS_vs_seasonal,5.5767862328082174e-08,34782,2ec2ba37fa8cbb0b
1,S02,seasonal,CoPy_L,left,4,SS_vs_ar,-0.1438379720028844,34782,2ec2ba37fa8cbb0b
1,S02,seasonal,CoPy_L,left,4,SS_vs_probgru,-0.032787773332992654,34782,2ec2ba37fa8cbb0b
1,S02,seasonal,CoPy_L,left,5,MSE,2.0489010613583214e-05,34782,2ec2ba37fa8cbb0b
1,S02,seasonal,CoPy_L,left,5,MAE,0.0031710926525925754,34782,2ec2ba37fa8cbb0b
1,S02,seasonal,CoPy_L,left,5,SS_vs_persistence,4.8806649055599394e-08,34782,2ec2ba37fa8cbb0b
1,S02,seasonal,CoPy_L,left,5,SS_vs_seasonal,4.8806649055599394e-08,34782,2ec2ba37fa8cbb0b
1,S02,seasonal,CoPy_L,left,5,SS_vs_ar,-0.16554732325059862,34782,2ec2ba37fa8cbb0b
1,S02,seasonal,CoPy_L,left,5,SS_vs_probgru,-0.05213561287214419,34782,2ec2ba37fa8cbb0b
1,S02,seasonal,CoPy_L,left,6,MSE,2.2527604255926308e-05,34782,2ec2ba37fa8cbb0b
1,S02,seasonal,CoPy_L,left,6,MAE,0.0033630942585607315,34782,2ec2ba37fa8cbb0b
1,S02,seasonal,CoPy_L,left,6,SS_vs_persistence,4.4389982356562996e-08,34782,2ec2ba37fa8cbb0b
1,S02,seasonal,CoPy_L,left,6,SS_vs_seasonal,4.4389982356562996e-08,34782,2ec2ba37fa8cbb0b
1,S02,seasonal,CoPy_L,left,6,SS_vs_ar,-0.1849203218331057,34782,2ec2ba37fa8cbb0b
1,S02,seasonal,CoPy_L,left,6,SS_vs_probgru,-0.0564576051401926,34782,2ec2ba37fa8cbb0b
1,S02,seasonal,CoPy_L,left,all,MSE,1.6223584106820566e-05,34782,2ec2ba37fa8cbb0b
1,S02,seasonal,CoPy_L,left,all,MAE,0.0027635309316438534,34782,2ec2ba37fa8cbb0b
1,S02,seasonal,CoPy_L,left,all,Hausdorff,2.8508272319238417,34782,2ec2ba37fa8cbb0b
1,S02,seasonal,CoPy_L,left,all,SS_vs_persistence,6.163865706731997e-08,34782,2ec2ba37fa8cbb0b
1,S02,seasonal,CoPy_L,left,all,HD_ratio_vs_persistence,1.0,34782,2ec2ba37fa8cbb0b
1,S02,seasonal,CoPy_L,left,all,SS_vs_seasonal,6.163865706731997e-08,34782,2ec2ba37fa8cbb0b
1,S02,seasonal,CoPy_L,left,all,HD_ratio_vs_seasonal,1.0,34782,2ec2ba37fa8cbb0b
1,S02,seasonal,CoPy_L,left,all,SS_vs_ar,-0.14984325850299451,34782,2ec2ba37fa8cbb0b
1,S02,seasonal,CoPy_L,left,all,HD_ratio_vs_ar,1.161839791563174,34782,2ec2ba37fa8cbb0b
1,S02,seasonal,CoPy_L,left,all,SS_vs_probgru,-0.03721114505983225,34782,2ec2ba37fa8cbb0b
1,S02,seasonal,CoPy_L,left,all,HD_ratio_vs_probgru,1.12254429617389,34782,2ec2ba37fa8cbb0b
1,S02,seasonal,F_R,right,1,MSE,27.00628482044027,34782,2ec2ba37fa8cbb0b
1,S02,seasonal,F_R,right,1,MAE,3.301580360969305,34782,2ec2ba37fa8cbb0b
1,S02,seasonal,F_R,right,1,SS_vs_persistence,3.697042672001771e-14,34782,2ec2ba37fa8cbb0b
1,S02,seasonal,F_R,right,1,SS_vs_seasonal,3.697042672001771e-14,34782,2ec2ba37fa8cbb0b
1,S02,seasonal,F_R,right,1,SS_vs_ar,-0.0410059320078664,34782,2ec2ba37fa8cbb0b
1,S02,seasonal,F_R,right,1,SS_vs_probgru,0.15544049221448386,34782,2ec2ba37fa8cbb0b
1,S02,seasonal,F_R,right,2,MSE,62.5336608975584,34782,2ec2ba37fa8cbb0b
1,S02,seasonal,F_R,right,2,MAE,5.037531725225602,34782,2ec2ba37fa8cbb0b
1,S02,seasonal,F_R,right,2,SS_vs_persistence,1.5987211554602254e-14,34782,2ec2ba37fa8cbb0b
1,S02,seasonal,F_R,right,2,SS_vs_seasonal,1.5987211554602254e-14,34782,2ec2ba37fa8cbb0b
1,S02,seasonal,F_R,right,2,SS_vs_ar,-0.04175293510192768,34782,2ec2ba37fa8cbb0b
1,S02,seasonal,F_R,right,2,SS_vs_probgru,-0.0012740852995178908,34782,2ec2ba37fa8cbb0b
1,S02,seasonal,F_R,right,3,MSE,95.00588169980139,34782,2ec2ba37fa8cbb0b
1,S02,seasonal,F_R,right,3,MAE,6.323199388136509,34782,2ec2ba37fa8cbb0b
1,S02,seasonal,F_R,right,3,SS_vs_persistence,1.0436096431476471e-14,34782,2ec2ba37fa8cbb0b
1,S02,seasonal,F_R,right,3,SS_vs_seasonal,1.0436096431476471e-14,34782,2ec2ba37fa8cbb0b
1,S02,seasonal,F_R,right,3,SS_vs_ar,-0.054975665812747376,34782,2ec2ba37fa8cbb0b
1,S02,seasonal,F_R,right,3,SS_vs_probgru,-0.06239691164091088,34782,2ec2ba37fa8cbb0b
1,S02,seasonal,F_R,right,4,MSE,123.17775385566853,34782,2ec2ba37fa8cbb0b
1,S02,seasonal,F_R,right,4,MAE,7.318842486634385,34782,2ec2ba37fa8cbb0b
1,S02,seasonal,F_R,right,4,SS_vs_persistence,8.104628079763643e-15,34782,2ec2ba37fa8cbb0b
1,S02,seasonal,F_R,right,4,SS_vs_seasonal,8.104628079763643e-15,34782,2ec2ba37fa8cbb0b
1,S02,seasonal,F_R,right,4,SS_vs_ar,-0.06668682593361597,34782,2ec2ba37fa8cbb0b
1,S02,seasonal,F_R,right,4,SS_vs_probgru,-0.1104771174243877,34782,2ec2ba37fa8cbb0b
1,S02,seasonal,F_R,right,5,MSE,147.9878236729313,34782,2ec2ba37fa8cbb0b
1,S02,seasonal,F_R,right,5,MAE,8.156793188674502,34782,2ec2ba37fa8cbb0b
1,S02,seasonal,F_R,right,5,SS_vs_persistence,6.772360450213455e-15,34782,2ec2ba37fa8cbb0b
1,S02,seasonal,F_R,right,5,SS_vs_seasonal,6.772360450213455e-15,34782,2ec2ba37fa8cbb0b
1,S02,seasonal,F_R,right,5,SS_vs_ar,-0.0819380612975329,34782,2ec2ba37fa8cbb0b
1,S02,seasonal,F_R,right,5,SS_vs_probgru,-0.1508770902958776,34782,2ec2ba37fa8cbb0b
1,S02,seasonal,F_R,right,6,MSE,170.76790946878637,34782,2ec2ba37fa8cbb0b
1,S02,seasonal,F_R,right,6,MAE,8.86756234451144,34782,2ec2ba37fa8cbb0b
1,S02,seasonal,F_R,right,6,SS_vs_persistence,5.773159728050814e-15,34782,2ec2ba37fa8cbb0b
1,S02,seasonal,F_R,right,6,SS_vs_seasonal,5.773159728050814e-15,34782,2ec2ba37fa8cbb0b
1,S02,seasonal,F_R,right,6,SS_vs_ar,-0.10026151010812479,34782,2ec2ba37fa8cbb0b
1,S02,seasonal,F_R,right,6,SS_vs_probgru,-0.1907984826669551,34782,2ec2ba37fa8cbb0b
1,S02,seasonal,F_R,right,all,MSE,104.41321906919771,34782,2ec2ba37fa8cbb0b
1,S02,seasonal,F_R,right,all,MAE,6.500918249025291,34782,2ec2ba37fa8cbb0b
1,S02,seasonal,F_R,right,all,Hausdorff,3.0563029572194336,34782,2ec2ba37fa8cbb0b
1,S02,seasonal,F_R,right,all,SS_vs_persistence,9.547918011776346e-15,34782,2ec2ba37fa8cbb0b
1,S02,seasonal,F_R,right,all,HD_ratio_vs_persistence,1.0,34782,2ec2ba37fa8cbb0b
1,S02,seasonal,F_R,right,all,SS_vs_seasonal,9.547918011776346e-15,34782,2ec2ba37fa8cbb0b
1,S02,seasonal,F_R,right,all,HD_ratio_vs_seasonal,1.0,34782,2ec2ba37fa8cbb0b
1,S02,seasonal,F_R,right,all,SS_vs_ar,-0.0736783783530528,34782,2ec2ba37fa8cbb0b
1,S02,seasonal,F_R,right,all,HD_ratio_vs_ar,1.0705578691350364,34782,2ec2ba37fa8cbb0b
1,S02,seasonal,F_R,right,all,SS_vs_probgru,-0.10534369474036054,34782,2ec2ba37fa8cbb0b
1,S02,seasonal,F_R,right,all,HD_ratio_vs_probgru,1.052383876409451,34782,2ec2ba37fa8cbb0b
1,S02,seasonal,CoPx_R,right,1,MSE,9.467838303706967e-06,34782,2ec2ba37fa8cbb0b
1,S02,seasonal,CoPx_R,right,1,MAE,0.002169924265739731,34782,2ec2ba37fa8cbb0b
1,S02,seasonal,CoPx_R,right,1,SS_vs_persistence,1.0562071950381835e-07,34782,2ec2ba37fa8cbb0b
1,S02,seasonal,CoPx_R,right,1,SS_vs_seasonal,1.0562071950381835e-07,34782,2ec2ba37fa8cbb0b
1,S02,seasonal,CoPx_R,right,1,SS_vs_ar,-0.07214459343356094,34782,2ec2ba37fa8cbb0b
1,S02,seasonal,CoPx_R,right,1,SS_vs_probgru,0.18553961326501445,34782,2ec2ba37fa8cbb0b
1,S02,seasonal,CoPx_R,right,2,MSE,1.6457037653463218e-05,34782,2ec2ba37fa8cbb0b
1,S02,seasonal,CoPx_R,right,2,MAE,0.00282633051524834,34782,2ec2ba37fa8cbb0b
1,S02,seasonal,CoPx_R,right,2,SS_vs_persistence,6.076427361279002e-08,34782,2ec2ba37fa8cbb0b
1,S02,seasonal,CoPx_R,right,2,SS_vs_seasonal,6.076427361279002e-08,34782,2ec2ba37fa8cbb0b
1,S02,seasonal,CoPx_R,right,2,SS_vs_ar,-0.1471860596697332,34782,2ec2ba37fa8cbb0b
1,S02,seasonal,CoPx_R,right,2,SS_vs_probgru,0.039977246573320135,34782,2ec2ba37fa8cbb0b
1,S02,seasonal,CoPx_R,right,3,MSE,2.1425354731424138e-05,34782,2ec2ba37fa8cbb0b
1,S02,seasonal,CoPx_R,right,3,MAE,0.003262654382934286,34782,2ec2ba37fa8cbb0b
1,S02,seasonal,CoPx_R,right,3,SS_vs_persistence,4.667367081712115e-08,34782,2ec2ba37fa8cbb0b
1,S02,seasonal,CoPx_R,right,3,SS_vs_seasonal,4.667367081712115e-08,34782,2ec2ba37fa8cbb0b
1,S02,seasonal,CoPx_R,right,3,SS_vs_ar,-0.19247803758973903,34782,2ec2ba37fa8cbb0b
1,S02,seasonal,CoPx_R,right,3,SS_vs_probgru,-0.028350939599328884,34782,2ec2ba37fa8cbb0b
1,S02,seasonal,CoPx_R,right,4,MSE,2.4491160303419034e-05,34782,2ec2ba37fa8cbb0b
1,S02,seasonal,CoPx_R,right,4,MAE,0.003517443321053504,34782,2ec2ba37fa8cbb0b
1,S02,seasonal,CoPx_R,right,4,SS_vs_persistence,4.0831056868917415e-08,34782,2ec2ba37fa8cbb0b
1,S02,seasonal,CoPx_R,right,4,SS_vs_seasonal,4.0831056868917415e-08,34782,2ec2ba37fa8cbb0b
1,S02,seasonal,CoPx_R,right,4,SS_vs_ar,-0.21499671471976134,34782,2ec2ba37fa8cbb0b
1,S02,seasonal,CoPx_R,right,4,SS_vs_probgru,-0.05016387856961346,34782,2ec2ba37fa8cbb0b
1,S02,seasonal,CoPx_R,right,5,MSE,2.6428390967412082e-05,34782,2ec2ba37fa8cbb0b
1,S02,seasonal,CoPx_R,right,5,MAE,0.0036955470317386495,34782,2ec2ba37fa8cbb0b
1,S02,seasonal,CoPx_R,right,5,SS_vs_persistence,3.783809476853861e-08,34782,2ec2ba37fa8cbb0b
1,S02,seasonal,CoPx_R,right,5,SS_vs_seasonal,3.783809476853861e-08,34782,2ec2ba37fa8cbb0b
1,S02,seasonal,CoPx_R,right,5,SS_vs_ar,-0.2323917121217869,34782,2ec2ba37fa8cbb0b
1,S02,seasonal,CoPx_R,right,5,SS_vs_probgru,-0.05949631482949003,34782,2ec2ba37fa8cbb0b
1,S02,seasonal,CoPx_R,right,6,MSE,2.7216011445348746e-05,34782,2ec2ba37fa8cbb0b
1,S02,seasonal,CoPx_R,right,6,MAE,0.0037816078656281995,34782,2ec2ba37fa8cbb0b
1,S02,seasonal,CoPx_R,right,6,SS_vs_persistence,3.674307547107958e-08,34782,2ec2ba37fa8cbb0b
1,S02,seasonal,CoPx_R,right,6,SS_vs_seasonal,3.674307547107958e-08,34782,2ec2ba37fa8cbb0b
1,S02,seasonal,CoPx_R,right,6,SS_vs_ar,-0.23536327217238573,34782,2ec2ba37fa8cbb0b
1,S02,seasonal,CoPx_R,right,6,SS_vs_probgru,-0.05079601018790414,34782,2ec2ba37fa8cbb0b
1,S02,seasonal,CoPx_R,right,all,MSE,2.091429890079605e-05,34782,2ec2ba37fa8cbb0b
1,S02,seasonal,CoPx_R,right,all,MAE,0.003208917897057118,34782,2ec2ba37fa8cbb0b
1,S02,seasonal,CoPx_R,right,all,Hausdorff,2.8523542327609444,34782,2ec2ba37fa8cbb0b
1,S02,seasonal,CoPx_R,right,all,SS_vs_persistence,4.7814175174742957e-08,34782,2ec2ba37fa8cbb0b
1,S02,seasonal,CoPx_R,right,all,HD_ratio_vs_persistence,1.0,34782,2ec2ba37fa8cbb0b
1,S02,seasonal,CoPx_R,right,all,SS_vs_seasonal,4.7814175174742957e-08,34782,2ec2ba37fa8cbb0b
1,S02,seasonal,CoPx_R,right,all,HD_ratio_vs_seasonal,1.0,34782,2ec2ba37fa8cbb0b
1,S02,seasonal,CoPx_R,right,all,SS_vs_ar,-0.19765363118558632,34782,2ec2ba37fa8cbb0b
1,S02,seasonal,CoPx_R,right,all,HD_ratio_vs_ar,1.1690713543823368,34782,2ec2ba37fa8cbb0b
1,S02,seasonal,CoPx_R,right,all,SS_vs_probgru,-0.013882111141183762,34782,2ec2ba37fa8cbb0b
1,S02,seasonal,CoPx_R,right,all,HD_ratio_vs_probgru,1.1048934048414414,34782,2ec2ba37fa8cbb0b
1,S02,seasonal,CoPy_R,right,1,MSE,6.0562695505230545e-06,34782,2ec2ba37fa8cbb0b
1,S02,seasonal,CoPy_R,right,1,MAE,0.0017422725214444666,34782,2ec2ba37fa8cbb0b
1,S02,seasonal,CoPy_R,right,1,SS_vs_persistence,1.6511811884445393e-07,34782,2ec2ba37fa8cbb0b
1,S02,seasonal,CoPy_R,right,1,SS_vs_seasonal,1.6511811884445393e-07,34782,2ec2ba37fa8cbb0b
1,S02,seasonal,CoPy_R,right,1,SS_vs_ar,-0.05640329982094339,34782,2ec2ba37fa8cbb0b
1,S02,seasonal,CoPy_R,right,1,SS_vs_probgru,0.30919963645492976,34782,2ec2ba37fa8cbb0b
1,S02,seasonal,CoPy_R,right,2,MSE,9.969682664977748e-06,34782,2ec2ba37fa8cbb0b
1,S02,seasonal,CoPy_R,right,2,MAE,0.0022196147599621335,34782,2ec2ba37fa8cbb0b
1,S02,seasonal,CoPy_R,right,2,SS_vs_persistence,1.0030408514882794e-07,34782,2ec2ba37fa8cbb0b
1,S02,seasonal,CoPy_R,right,2,SS_vs_seasonal,1.0030408514882794e-07,34782,2ec2ba37fa8cbb0b
1,S02,seasonal,CoPy_R,right,2,SS_vs_ar,-0.10041437195400449,34782,2ec2ba37fa8cbb0b
1,S02,seasonal,CoPy_R,right,2,SS_vs_probgru,0.1972068206415376,34782,2ec2ba37fa8cbb0b
1,S02,seasonal,CoPy_R,right,3,MSE,1.242505508993209e-05,34782,2ec2ba37fa8cbb0b
1,S02,seasonal,CoPy_R,right,3,MAE,0.0024922400856824288,34782,2ec2ba37fa8cbb0b
1,S02,seasonal,CoPy_R,right,3,SS_vs_persistence,8.048253397063831e-08,34782,2ec2ba37fa8cbb0b
1,S02,seasonal,CoPy_R,right,3,SS_vs_seasonal,8.048253397063831e-08,34782,2ec2ba37fa8cbb0b
1,S02,seasonal,CoPy_R,right,3,SS_vs_ar,-0.1040997590354682,34782,2ec2ba37fa8cbb0b
1,S02,seasonal,CoPy_R,right,3,SS_vs_probgru,0.15826915239821526,34782,2ec2ba37fa8cbb0b
1,S02,seasonal,CoPy_R,right,4,MSE,1.464060817729238e-05,34782,2ec2ba37fa8cbb0b
1,S02,seasonal,CoPy_R,right,4,MAE,0.0027230368712876404,34782,2ec2ba37fa8cbb0b
1,S02,seasonal,CoPy_R,right,4,SS_vs_persistence,6.83031687875868e-08,34782,2ec2ba37fa8cbb0b
1,S02,seasonal,CoPy_R,right,4,SS_vs_seasonal,6.83031687875868e-08,34782,2ec2ba37fa8cbb0b
1,S02,seasonal,CoPy_R,right,4,SS_vs_ar,-0.09688718827943665,34782,2ec2ba37fa8cbb0b
1,S02,seasonal,CoPy_R,right,4,SS_vs_probgru,0.12261388094267556,34782,2ec2ba37fa8cbb0b
1,S02,seasonal,CoPy_R,right,5,MSE,1.6722321069532943e-05,34782,2ec2ba37fa8cbb0b
1,S02,seasonal,CoPy_R,right,5,MAE,0.002938408276842112,34782,2ec2ba37fa8cbb0b
1,S02,seasonal,CoPy_R,right,5,SS_vs_persistence,5.98003073726261e-08,34782,2ec2ba37fa8cbb0b
1,S02,seasonal,CoPy_R,right,5,SS_vs_seasonal,5.98003073726261e-08,34782,2ec2ba37fa8cbb0b
1,S02,seasonal,CoPy_R,right,5,SS_vs_ar,-0.09263384012392284,34782,2ec2ba37fa8cbb0b
1,S02,seasonal,CoPy_R,right,5,SS_vs_probgru,0.077681398849066,34782,2ec2ba37fa8cbb0b
1,S02,seasonal,CoPy_R,right,6,MSE,1.8844360047540286e-05,34782,2ec2ba37fa8cbb0b
1,S02,seasonal,CoPy_R,right,6,MAE,0.0031317398218994584,34782,2ec2ba37fa8cbb0b
1,S02,seasonal,CoPy_R,right,6,SS_vs_persistence,5.3066272598378816e-08,34782,2ec2ba37fa8cbb0b
1,S02,seasonal,CoPy_R,right,6,SS_vs_seasonal,5.3066272598378816e-08,34782,2ec2ba37fa8cbb0b
1,S02,seasonal,CoPy_R,right,6,SS_vs_ar,-0.09447144600868396,34782,2ec2ba37fa8cbb0b
1,S02,seasonal,CoPy_R,right,6,SS_vs_probgru,0.024893691826952447,34782,2ec2ba37fa8cbb0b
1,S02,seasonal,CoPy_R,right,all,MSE,1.3109716099967265e-05,34782,2ec2ba37fa8cbb0b
1,S02,seasonal,CoPy_R,right,all,MAE,0.00254121872285304,34782,2ec2ba37fa8cbb0b
1,S02,seasonal,CoPy_R,right,all,Hausdorff,2.8626816982789207,34782,2ec2ba37fa8cbb0b
1,S02,seasonal,CoPy_R,right,all,SS_vs_persistence,7.627929665687816e-08,34782,2ec2ba37fa8cbb0b
1,S02,seasonal,CoPy_R,right,all,HD_ratio_vs_persistence,1.0,34782,2ec2ba37fa8cbb0b
1,S02,seasonal,CoPy_R,right,all,SS_vs_seasonal,7.627929665687816e-08,34782,2ec2ba37fa8cbb0b
1,S02,seasonal,CoPy_R,right,all,HD_ratio_vs_seasonal,1.0,34782,2ec2ba37fa8cbb0b
1,S02,seasonal,CoPy_R,right,all,SS_vs_ar,-0.09374941139352422,34782,2ec2ba37fa8cbb0b
1,S02,seasonal,CoPy_R,right,all,HD_ratio_vs_ar,1.1812342228906854,34782,2ec2ba37fa8cbb0b
1,S02,seasonal,CoPy_R,right,all,SS_vs_probgru,0.12689102781197892,34782,2ec2ba37fa8cbb0b
1,S02,seasonal,CoPy_R,right,all,HD_ratio_vs_probgru,1.0744482605242673,34782,2ec2ba37fa8cbb0b
1,S02,ar,F_L,left,1,MSE,9.736512480516028,34782,2ec2ba37fa8cbb0b
1,S02,ar,F_L,left,1,MAE,2.099221074431315,34782,2ec2ba37fa8cbb0b
1,S02,ar,F_L,left,1,SS_vs_persistence,-0.0014814135842065035,34782,2ec2ba37fa8cbb0b
1,S02,ar,F_L,left,1,SS_vs_seasonal,-0.0014814135842065035,34782,2ec2ba37fa8cbb0b
1,S02,ar,F_L,left,1,SS_vs_ar,1.0269562977782698e-13,34782,2ec2ba37fa8cbb0b
1,S02,ar,F_L,left,1,SS_vs_probgru,0.6126318978417377,34782,2ec2ba37fa8cbb0b
1,S02,ar,F_L,left,2,MSE,19.497171815766926,34782,2ec2ba37fa8cbb0b
1,S02,ar,F_L,left,2,MAE,3.0460353142022223,34782,2ec2ba37fa8cbb0b
1,S02,ar,F_L,left,2,SS_vs_persistence,0.007368906188753077,34782,2ec2ba37fa8cbb0b
1,S02,ar,F_L,left,2,SS_vs_seasonal,0.007368906188753077,34782,2ec2ba37fa8cbb0b
1,S02,ar,F_L,left,2,SS_vs_ar,5.1181281435219717e-14,34782,2ec2ba37fa8cbb0b
1,S02,ar,F_L,left,2,SS_vs_probgru,0.5542608913855329,34782,2ec2ba37fa8cbb0b
1,S02,ar,F_L,left,3,MSE,28.058600468726333,34782,2ec2ba37fa8cbb0b
1,S02,ar,F_L,left,3,MAE,3.703333398398381,34782,2ec2ba37fa8cbb0b
1,S02,ar,F_L,left,3,SS_vs_persistence,0.01658958224092244,34782,2ec2ba37fa8cbb0b
1,S02,ar,F_L,left,3,SS_vs_seasonal,0.01658958224092244,34782,2ec2ba37fa8cbb0b
1,S02,ar,F_L,left,3,SS_vs_ar,3.552713678800501e-14,34782,2ec2ba37fa8cbb0b
1,S02,ar,F_L,left,3,SS_vs_probgru,0.5180323314834643,34782,2ec2ba37fa8cbb0b
1,S02,ar,F_L,left,4,MSE,35.859469582278706,34782,2ec2ba37fa8cbb0b
1,S02,ar,F_L,left,4,MAE,4.249679824993721,34782,2ec2ba37fa8cbb0b
1,S02,ar,F_L,left,4,SS_vs_persistence,0.021529192104797645,34782,2ec2ba37fa8cbb0b
1,S02,ar,F_L,left,4,SS_vs_seasonal,0.021529192104797645,34782,2ec2ba37fa8cbb0b
1,S02,ar,F_L,left,4,SS_vs_ar,2.7977620220553945e-14,34782,2ec2ba37fa8cbb0b
1,S02,ar,F_L,left,4,SS_vs_probgru,0.49123126167224995,34782,2ec2ba37fa8cbb0b
1,S02,ar,F_L,left,5,MSE,42.83583239838111,34782,2ec2ba37fa8cbb0b
1,S02,ar,F_L,left,5,MAE,4.699156763333101,34782,2ec2ba37fa8cbb0b
1,S02,ar,F_L,left,5,SS_vs_persistence,0.02528520923888178,34782,2ec2ba37fa8cbb0b
1,S02,ar,F_L,left,5,SS_vs_seasonal,0.02528520923888178,34782,2ec2ba37fa8cbb0b
1,S02,ar,F_L,left,5,SS_vs_ar,2.3425705819590803e-14,34782,2ec2ba37fa8cbb0b
1,S02,ar,F_L,left,5,SS_vs_probgru,0.4732157602147016,34782,2ec2ba37fa8cbb0b
1,S02,ar,F_L,left,6,MSE,48.83692215912413,34782,2ec2ba37fa8cbb0b
1,S02,ar,F_L,left,6,MAE,5.054451064948292,34782,2ec2ba37fa8cbb0b
1,S02,ar,F_L,left,6,SS_vs_persistence,0.025349779644362358,34782,2ec2ba37fa8cbb0b
1,S02,ar,F_L,left,6,SS_vs_seasonal,0.025349779644362358,34782,2ec2ba37fa8cbb0b
1,S02,ar,F_L,left,6,SS_vs_ar,2.0539125955565396e-14,34782,2ec2ba37fa8cbb0b
1,S02,ar,F_L,left,6,SS_vs_probgru,0.46156739216754705,34782,2ec2ba37fa8cbb0b
1,S02,ar,F_L,left,all,MSE,30.80408481746554,34782,2ec2ba37fa8cbb0b
1,S02,ar,F_L,left,all,MAE,3.808646240051167,34782,2ec2ba37fa8cbb0b
1,S02,ar,F_L,left,all,Hausdorff,2.8209244518871555,34782,2ec2ba37fa8cbb0b
1,S02,ar,F_L,left,all,SS_vs_persistence,0.020011265564870984,34782,2ec2ba37fa8cbb0b
1,S02,ar,F_L,left,all,HD_ratio_vs_persistence,0.9489795838051318,34782,2ec2ba37fa8cbb0b
1,S02,ar,F_L,left,all,SS_vs_seasonal,0.020011265564870984,34782,2ec2ba37fa8cbb0b
1,S02,ar,F_L,left,all,HD_ratio_vs_seasonal,0.9489795838051318,34782,2ec2ba37fa8cbb0b
1,S02,ar,F_L,left,all,SS_vs_ar,3.241851231905457e-14,34782,2ec2ba37fa8cbb0b
1,S02,ar,F_L,left,all,HD_ratio_vs_ar,1.0,34782,2ec2ba37fa8cbb0b
1,S02,ar,F_L,left,all,SS_vs_probgru,0.49992502252581716,34782,2ec2ba37fa8cbb0b
1,S02,ar,F_L,left,all,HD_ratio_vs_probgru,0.7358691026674686,34782,2ec2ba37fa8cbb0b
1,S02,ar,CoPx_L,left,1,MSE,8.989340874977682e-06,34782,2ec2ba37fa8cbb0b
1,S02,ar,CoPx_L,left,1,MAE,0.00201673010829545,34782,2ec2ba37fa8cbb0b
1,S02,ar,CoPx_L,left,1,SS_vs_persistence,0.09562059169287684,34782,2ec2ba37fa8cbb0b
1,S02,ar,CoPx_L,left,1,SS_vs_seasonal,0.09562059169287684,34782,2ec2ba37fa8cbb0b
1,S02,ar,CoPx_L,left,1,SS_vs_ar,1.1124284882146895e-07,34782,2ec2ba37fa8cbb0b
1,S02,ar,CoPx_L,left,1,SS_vs_probgru,0.18028473924814037,34782,2ec2ba37fa8cbb0b
1,S02,ar,CoPx_L,left,2,MSE,1.2859238384743045e-05,34782,2ec2ba37fa8cbb0b
1,S02,ar,CoPx_L,left,2,MAE,0.0024720365465748903,34782,2ec2ba37fa8cbb0b
1,S02,ar,CoPx_L,left,2,SS_vs_persistence,0.13150371939658057,34782,2ec2ba37fa8cbb0b
1,S02,ar,CoPx_L,left,2,SS_vs_seasonal,0.13150371939658057,34782,2ec2ba37fa8cbb0b
1,S02,ar,CoPx_L,left,2,SS_vs_ar,7.776509713952606e-08,34782,2ec2ba37fa8cbb0b
1,S02,ar,CoPx_L,left,2,SS_vs_probgru,0.13330051600743675,34782,2ec2ba37fa8cbb0b
1,S02,ar,CoPx_L,left,3,MSE,1.5898092831265308e-05,34782,2ec2ba37fa8cbb0b
1,S02,ar,CoPx_L,left,3,MAE,0.002780079665217499,34782,2ec2ba37fa8cbb0b
1,S02,ar,CoPx_L,left,3,SS_vs_persistence,0.15760636217009727,34782,2ec2ba37fa8cbb0b
1,S02,ar,CoPx_L,left,3,SS_vs_seasonal,0.15760636217009727,34782,2ec2ba37fa8cbb0b
1,S02,ar,CoPx_L,left,3,SS_vs_ar,6.290062259939333e-08,34782,2ec2ba37fa8cbb0b
1,S02,ar,CoPx_L,left,3,SS_vs_probgru,0.1021745331758539,34782,2ec2ba37fa8cbb0b
1,S02,ar,CoPx_L,left,4,MSE,1.7942057293972523e-05,34782,2ec2ba37fa8cbb0b
1,S02,ar,CoPx_L,left,4,MAE,0.0029866578613276283,34782,2ec2ba37fa8cbb0b
1,S02,ar,CoPx_L,left,4,SS_vs_persistence,0.16913551072560085,34782,2ec2ba37fa8cbb0b
1,S02,ar,CoPx_L,left,4,SS_vs_seasonal,0.16913551072560085,34782,2ec2ba37fa8cbb0b
1,S02,ar,CoPx_L,left,4,SS_vs_ar,5.573496542066181e-08,34782,2ec2ba37fa8cbb0b
1,S02,ar,CoPx_L,left,4,SS_vs_probgru,0.10568153566644034,34782,2ec2ba37fa8cbb0b
1,S02,ar,CoPx_L,left,5,MSE,1.9694099885958115e-05,34782,2ec2ba37fa8cbb0b
1,S02,ar,CoPx_L,left,5,MAE,0.0031447752712531274,34782,2ec2ba37fa8cbb0b
1,S02,ar,CoPx_L,left,5,SS_vs_persistence,0.1763075953576182,34782,2ec2ba37fa8cbb0b
1,S02,ar,CoPx_L,left,5,SS_vs_seasonal,0.1763075953576182,34782,2ec2ba37fa8cbb0b
1,S02,ar,CoPx_L,left,5,SS_vs_ar,5.0776626236981315e-08,34782,2ec2ba37fa8cbb0b
1,S02,ar,CoPx_L,left,5,SS_vs_probgru,0.10974629479993203,34782,2ec2ba37fa8cbb0b
1,S02,ar,CoPx_L,left,6,MSE,2.1469679352778365e-05,34782,2ec2ba37fa8cbb0b
1,S02,ar,CoPx_L,left,6,MAE,0.003282064410824489,34782,2ec2ba37fa8cbb0b
1,S02,ar,CoPx_L,left,6,SS_vs_persistence,0.18888282911359966,34782,2ec2ba37fa8cbb0b
1,S02,ar,CoPx_L,left,6,SS_vs_seasonal,0.18888282911359966,34782,2ec2ba37fa8cbb0b
1,S02,ar,CoPx_L,left,6,SS_vs_ar,4.6577312007300975e-08,34782,2ec2ba37fa8cbb0b
1,S02,ar,CoPx_L,left,6,SS_vs_probgru,0.1047909723279693,34782,2ec2ba37fa8cbb0b
1,S02,ar,CoPx_L,left,all,MSE,1.6142084770615734e-05,34782,2ec2ba37fa8cbb0b
1,S02,ar,CoPx_L,left,all,MAE,0.002780390643915525,34782,2ec2ba37fa8cbb0b
1,S02,ar,CoPx_L,left,all,Hausdorff,2.4353280381964084,34782,2ec2ba37fa8cbb0b
1,S02,ar,CoPx_L,left,all,SS_vs_persistence,0.16211670320860827,34782,2ec2ba37fa8cbb0b
1,S02,ar,CoPx_L,left,all,HD_ratio_vs_persistence,0.8620122590895596,34782,2ec2ba37fa8cbb0b
1,S02,ar,CoPx_L,left,all,SS_vs_seasonal,0.16211670320860827,34782,2ec2ba37fa8cbb0b
1,S02,ar,CoPx_L,left,all,HD_ratio_vs_seasonal,0.8620122590895596,34782,2ec2ba37fa8cbb0b
1,S02,ar,CoPx_L,left,all,SS_vs_ar,6.194986279517423e-08,34782,2ec2ba37fa8cbb0b
1,S02,ar,CoPx_L,left,all,HD_ratio_vs_ar,1.0,34782,2ec2ba37fa8cbb0b
1,S02,ar,CoPx_L,left,all,SS_vs_probgru,0.11693609762786727,34782,2ec2ba37fa8cbb0b
1,S02,ar,CoPx_L,left,all,HD_ratio_vs_probgru,0.9566010468083664,34782,2ec2ba37fa8cbb0b
1,S02,ar,CoPy_L,left,1,MSE,7.675004789456185e-06,34782,2ec2ba37fa8cbb0b
1,S02,ar,CoPy_L,left,1,MAE,0.0018940169462100566,34782,2ec2ba37fa8cbb0b
1,S02,ar,CoPy_L,left,1,SS_vs_persistence,0.08417193954537838,34782,2ec2ba37fa8cbb0b
1,S02,ar,CoPy_L,left,1,SS_vs_seasonal,0.08417193954537838,34782,2ec2ba37fa8cbb0b
1,S02,ar,CoPy_L,left,1,SS_vs_ar,1.302930612290254e-07,34782,2ec2ba37fa8cbb0b
1,S02,ar,CoPy_L,left,1,SS_vs_probgru,0.11702099330712035,34782,2ec2ba37fa8cbb0b
1,S02,ar,CoPy_L,left,2,MSE,1.1213135989949952e-05,34782,2ec2ba37fa8cbb0b
1,S02,ar,CoPy_L,left,2,MAE,0.0023452102781892463,34782,2ec2ba37fa8cbb0b
1,S02,ar,CoPy_L,left,2,SS_vs_persistence,0.11217816676445491,34782,2ec2ba37fa8cbb0b
1,S02,ar,CoPy_L,left,2,SS_vs_seasonal,0.11217816676445491,34782,2ec2ba37fa8cbb0b
1,S02,ar,CoPy_L,left,2,SS_vs_ar,8.918110960820513e-08,34782,2ec2ba37fa8cbb0b
1,S02,ar,CoPy_L,left,2,SS_vs_probgru,0.07652492542307099,34782,2ec2ba37fa8cbb0b
1,S02,ar,CoPy_L,left,3,MSE,1.3500806246551434e-05,34782,2ec2ba37fa8cbb0b
1,S02,ar,CoPy_L,left,3,MAE,0.0025879601343307625,34782,2ec2ba37fa8cbb0b
1,S02,ar,CoPy_L,left,3,SS_vs_persistence,0.12236003977468346,34782,2ec2ba37fa8cbb0b
1,S02,ar,CoPy_L,left,3,SS_vs_seasonal,0.12236003977468346,34782,2ec2ba37fa8cbb0b
1,S02,ar,CoPy_L,left,3,SS_vs_ar,7.406964497302937e-08,34782,2ec2ba37fa8cbb0b
1,S02,ar,CoPy_L,left,3,SS_vs_probgru,0.09116747048700446,34782,2ec2ba37fa8cbb0b
1,S02,ar,CoPy_L,left,4,MSE,1.5676584249159347e-05,34782,2ec2ba37fa8cbb0b
1,S02,ar,CoPy_L,left,4,MAE,0.0028170422297293727,34782,2ec2ba37fa8cbb0b
1,S02,ar,CoPy_L,left,4,SS_vs_persistence,0.12575040790810765,34782,2ec2ba37fa8cbb0b
1,S02,ar,CoPy_L,left,4,SS_vs_seasonal,0.12575040790810765,34782,2ec2ba37fa8cbb0b
1,S02,ar,CoPy_L,left,4,SS_vs_ar,6.378940209383899e-08,34782,2ec2ba37fa8cbb0b
1,S02,ar,CoPy_L,left,4,SS_vs_probgru,0.09708566009253483,34782,2ec2ba37fa8cbb0b
1,S02,ar,CoPy_L,left,5,MSE,1.7578873924135512e-05,34782,2ec2ba37fa8cbb0b
1,S02,ar,CoPy_L,left,5,MAE,0.00301881321851037,34782,2ec2ba37fa8cbb0b
1,S02,ar,CoPy_L,left,5,SS_vs_persistence,0.1420340690088936,34782,2ec2ba37fa8cbb0b
1,S02,ar,CoPy_L,left,5,SS_vs_seasonal,0.1420340690088936,34782,2ec2ba37fa8cbb0b
1,S02,ar,CoPy_L,left,5,SS_vs_ar,5.688646198542813e-08,34782,2ec2ba37fa8cbb0b
1,S02,ar,CoPy_L,left,5,SS_vs_probgru,0.0973034453156586,34782,2ec2ba37fa8cbb0b
1,S02,ar,CoPy_L,left,6,MSE,1.9011913844261814e-05,34782,2ec2ba37fa8cbb0b
1,S02,ar,CoPy_L,left,6,MAE,0.0031553816858493166,34782,2ec2ba37fa8cbb0b
1,S02,ar,CoPy_L,left,6,SS_vs_persistence,0.1560614797589116,34782,2ec2ba37fa8cbb0b
1,S02,ar,CoPy_L,left,6,SS_vs_seasonal,0.1560614797589116,34782,2ec2ba37fa8cbb0b
1,S02,ar,CoPy_L,left,6,SS_vs_ar,5.259859447992454e-08,34782,2ec2ba37fa8cbb0b
1,S02,ar,CoPy_L,left,6,SS_vs_probgru,0.10841469244308577,34782,2ec2ba37fa8cbb0b
1,S02,ar,CoPy_L,left,all,MSE,1.4109386507252422e-05,34782,2ec2ba37fa8cbb0b
1,S02,ar,CoPy_L,left,all,MAE,0.0026364040821365243,34782,2ec2ba37fa8cbb0b
1,S02,ar,CoPy_L,left,all,Hausdorff,2.453718019149829,34782,2ec2ba37fa8cbb0b
1,S02,ar,CoPy_L,left,all,SS_vs_persistence,0.13031636260713497,34782,2ec2ba37fa8cbb0b
1,S02,ar,CoPy_L,left,all,HD_ratio_vs_persistence,0.8607038657666993,34782,2ec2ba37fa8cbb0b
1,S02,ar,CoPy_L,left,all,SS_vs_seasonal,0.13031636260713497,34782,2ec2ba37fa8cbb0b
1,S02,ar,CoPy_L,left,all,HD_ratio_vs_seasonal,0.8607038657666993,34782,2ec2ba37fa8cbb0b
1,S02,ar,CoPy_L,left,all,SS_vs_ar,7.08747986966074e-08,34782,2ec2ba37fa8cbb0b
1,S02,ar,CoPy_L,left,all,HD_ratio_vs_ar,1.0,34782,2ec2ba37fa8cbb0b
1,S02,ar,CoPy_L,left,all,SS_vs_probgru,0.097954383019066,34782,2ec2ba37fa8cbb0b
1,S02,ar,CoPy_L,left,all,HD_ratio_vs_probgru,0.9661782152112258,34782,2ec2ba37fa8cbb0b
1,S02,ar,F_R,right,1,MSE,25.942488885101913,34782,2ec2ba37fa8cbb0b
1,S02,ar,F_R,right,1,MAE,3.383266817125832,34782,2ec2ba37fa8cbb0b
1,S02,ar,F_R,right,1,SS_vs_persistence,0.03939068044391514,34782,2ec2ba37fa8cbb0b
1,S02,ar,F_R,right,1,SS_vs_seasonal,0.03939068044391514,34782,2ec2ba37fa8cbb0b
1,S02,ar,F_R,right,1,SS_vs_ar,3.852473895449293e-14,34782,2ec2ba37fa8cbb0b
1,S02,ar,F_R,right,1,SS_vs_probgru,0.18870826590150336,34782,2ec2ba37fa8cbb0b
1,S02,ar,F_R,right,2,MSE,60.027343135288504,34782,2ec2ba37fa8cbb0b
1,S02,ar,F_R,right,2,MAE,5.209675363107376,34782,2ec2ba37fa8cbb0b
1,S02,ar,F_R,right,2,SS_vs_persistence,0.04007949840609304,34782,2ec2ba37fa8cbb0b
1,S02,ar,F_R,right,2,SS_vs_seasonal,0.04007949840609304,34782,2ec2ba37fa8cbb0b
1,S02,ar,F_R,right,2,SS_vs_ar,1.6653345369377348e-14,34782,2ec2ba37fa8cbb0b
1,S02,ar,F_R,right,2,SS_vs_probgru,0.03885647780629098,34782,2ec2ba37fa8cbb0b
1,S02,ar,F_R,right,3,MSE,90.05504560771867,34782,2ec2ba37fa8cbb0b
1,S02,ar,F_R,right,3,MAE,6.52413864519251,34782,2ec2ba37fa8cbb0b
1,S02,ar,F_R,right,3,SS_vs_persistence,0.052110837808202914,34782,2ec2ba37fa8cbb0b
1,S02,ar,F_R,right,3,SS_vs_seasonal,0.052110837808202914,34782,2ec2ba37fa8cbb0b
1,S02,ar,F_R,right,3,SS_vs_ar,1.099120794378905e-14,34782,2ec2ba37fa8cbb0b
1,S02,ar,F_R,right,3,SS_vs_probgru,-0.007034518490466324,34782,2ec2ba37fa8cbb0b
1,S02,ar,F_R,right,4,MSE,115.47696180446997,34782,2ec2ba37fa8cbb0b
1,S02,ar,F_R,right,4,MAE,7.501813536481902,34782,2ec2ba37fa8cbb0b
1,S02,ar,F_R,right,4,SS_vs_persistence,0.062517717770879,34782,2ec2ba37fa8cbb0b
1,S02,ar,F_R,right,4,SS_vs_seasonal,0.062517717770879,34782,2ec2ba37fa8cbb0b
1,S02,ar,F_R,right,4,SS_vs_ar,8.659739592076221e-15,34782,2ec2ba37fa8cbb0b
1,S02,ar,F_R,right,4,SS_vs_probgru,-0.04105262240623886,34782,2ec2ba37fa8cbb0b
1,S02,ar,F_R,right,5,MSE,136.780310229084,34782,2ec2ba37fa8cbb0b
1,S02,ar,F_R,right,5,MAE,8.264440355887917,34782,2ec2ba37fa8cbb0b
1,S02,ar,F_R,right,5,SS_vs_persistence,0.07573267290299524,34782,2ec2ba37fa8cbb0b
1,S02,ar,F_R,right,5,SS_vs_seasonal,0.07573267290299524,34782,2ec2ba37fa8cbb0b
1,S02,ar,F_R,right,5,SS_vs_ar,7.327471962526033e-15,34782,2ec2ba37fa8cbb0b
1,S02,ar,F_R,right,5,SS_vs_probgru,-0.06371809206495604,34782,2ec2ba37fa8cbb0b
1,S02,ar,F_R,right,6,MSE,155.20665578131837,34782,2ec2ba37fa8cbb0b
1,S02,ar,F_R,right,6,MAE,8.864719852678798,34782,2ec2ba37fa8cbb0b
1,S02,ar,F_R,right,6,SS_vs_persistence,0.09112516359704714,34782,2ec2ba37fa8cbb0b
1,S02,ar,F_R,right,6,SS_vs_seasonal,0.09112516359704714,34782,2ec2ba37fa8cbb0b
1,S02,ar,F_R,right,6,SS_vs_ar,6.439293542825908e-15,34782,2ec2ba37fa8cbb0b
1,S02,ar,F_R,right,6,SS_vs_probgru,-0.08228677612281965,34782,2ec2ba37fa8cbb0b
1,S02,ar,F_R,right,all,MSE,97.24813424049684,34782,2ec2ba37fa8cbb0b
1,S02,ar,F_R,right,all,MAE,6.624675761745748,34782,2ec2ba37fa8cbb0b
1,S02,ar,F_R,right,all,Hausdorff,2.854869452025785,34782,2ec2ba37fa8cbb0b
1,S02,ar,F_R,right,all,SS_vs_persistence,0.06862239180609198,34782,2ec2ba37fa8cbb0b
1,S02,ar,F_R,right,all,HD_ratio_vs_persistence,0.934092428658673,34782,2ec2ba37fa8cbb0b
1,S02,ar,F_R,right,all,SS_vs_seasonal,0.06862239180609198,34782,2ec2ba37fa8cbb0b
1,S02,ar,F_R,right,all,HD_ratio_vs_seasonal,0.934092428658673,34782,2ec2ba37fa8cbb0b
1,S02,ar,F_R,right,all,SS_vs_ar,1.021405182655144e-14,34782,2ec2ba37fa8cbb0b
1,S02,ar,F_R,right,all,HD_ratio_vs_ar,1.0,34782,2ec2ba37fa8cbb0b
1,S02,ar,F_R,right,all,SS_vs_probgru,-0.029492366639503942,34782,2ec2ba37fa8cbb0b
1,S02,ar,F_R,right,all,HD_ratio_vs_probgru,0.9830238109965328,34782,2ec2ba37fa8cbb0b
1,S02,ar,CoPx_R,right,1,MSE,8.830746607825972e-06,34782,2ec2ba37fa8cbb0b
1,S02,ar,CoPx_R,right,1,MAE,0.0021228800921725896,34782,2ec2ba37fa8cbb0b
1,S02,ar,CoPx_R,right,1,SS_vs_persistence,0.06729018896967887,34782,2ec2ba37fa8cbb0b
1,S02,ar,CoPx_R,right,1,SS_vs_seasonal,0.06729018896967887,34782,2ec2ba37fa8cbb0b
1,S02,ar,CoPx_R,right,1,SS_vs_ar,1.1324069537632653e-07,34782,2ec2ba37fa8cbb0b
1,S02,ar,CoPx_R,right,1,SS_vs_probgru,0.2403447263613928,34782,2ec2ba37fa8cbb0b
1,S02,ar,CoPx_R,right,2,MSE,1.4345568765902739e-05,34782,2ec2ba37fa8cbb0b
1,S02,ar,CoPx_R,right,2,MAE,0.002708013487969806,34782,2ec2ba37fa8cbb0b
1,S02,ar,CoPx_R,right,2,SS_vs_persistence,0.1283019340248157,34782,2ec2ba37fa8cbb0b
1,S02,ar,CoPx_R,right,2,SS_vs_seasonal,0.1283019340248157,34782,2ec2ba37fa8cbb0b
1,S02,ar,CoPx_R,right,2,SS_vs_ar,6.970793187122126e-08,34782,2ec2ba37fa8cbb0b
1,S02,ar,CoPx_R,right,2,SS_vs_probgru,0.16314997169520784,34782,2ec2ba37fa8cbb0b
1,S02,ar,CoPx_R,right,3,MSE,1.7967084393647587e-05,34782,2ec2ba37fa8cbb0b
1,S02,ar,CoPx_R,right,3,MAE,0.003066831963793831,34782,2ec2ba37fa8cbb0b
1,S02,ar,CoPx_R,right,3,SS_vs_persistence,0.16141021792718124,34782,2ec2ba37fa8cbb0b
1,S02,ar,CoPx_R,right,3,SS_vs_seasonal,0.16141021792718124,34782,2ec2ba37fa8cbb0b
1,S02,ar,CoPx_R,right,3,SS_vs_ar,5.5657329967040425e-08,34782,2ec2ba37fa8cbb0b
1,S02,ar,CoPx_R,right,3,SS_vs_probgru,0.13763536941729748,34782,2ec2ba37fa8cbb0b
1,S02,ar,CoPx_R,right,4,MSE,2.0157387087315045e-05,34782,2ec2ba37fa8cbb0b
1,S02,ar,CoPx_R,right,4,MAE,0.003281780642365329,34782,2ec2ba37fa8cbb0b
1,S02,ar,CoPx_R,right,4,SS_vs_persistence,0.1769525814808537,34782,2ec2ba37fa8cbb0b
1,S02,ar,CoPx_R,right,4,SS_vs_seasonal,0.1769525814808537,34782,2ec2ba37fa8cbb0b
1,S02,ar,CoPx_R,right,4,SS_vs_ar,4.9609601981970286e-08,34782,2ec2ba37fa8cbb0b
1,S02,ar,CoPx_R,right,4,SS_vs_probgru,0.13566529542952588,34782,2ec2ba37fa8cbb0b
1,S02,ar,CoPx_R,right,5,MSE,2.1444796711200763e-05,34782,2ec2ba37fa8cbb0b
1,S02,ar,CoPx_R,right,5,MAE,0.0033975711293927997,34782,2ec2ba37fa8cbb0b
1,S02,ar,CoPx_R,right,5,SS_vs_persistence,0.18856974962216444,34782,2ec2ba37fa8cbb0b
1,S02,ar,CoPx_R,right,5,SS_vs_seasonal,0.18856974962216444,34782,2ec2ba37fa8cbb0b
1,S02,ar,CoPx_R,right,5,SS_vs_ar,4.663135610982749e-08,34782,2ec2ba37fa8cbb0b
1,S02,ar,CoPx_R,right,5,SS_vs_probgru,0.1402926074538231,34782,2ec2ba37fa8cbb0b
1,S02,ar,CoPx_R,right,6,MSE,2.2030774933211453e-05,34782,2ec2ba37fa8cbb0b
1,S02,ar,CoPx_R,right,6,MAE,0.0034488128959507206,34782,2ec2ba37fa8cbb0b
1,S02,ar,CoPx_R,right,6,SS_vs_persistence,0.19052157337705278,34782,2ec2ba37fa8cbb0b
1,S02,ar,CoPx_R,right,6,SS_vs_seasonal,0.19052157337705278,34782,2ec2ba37fa8cbb0b
1,S02,ar,CoPx_R,right,6,SS_vs_ar,4.539104758727319e-08,34782,2ec2ba37fa8cbb0b
1,S02,ar,CoPx_R,right,6,SS_vs_probgru,0.14940326771788504,34782,2ec2ba37fa8cbb0b
1,S02,ar,CoPx_R,right,all,MSE,1.7462726416517314e-05,34782,2ec2ba37fa8cbb0b
1,S02,ar,CoPx_R,right,all,MAE,0.0030043150352741725,34782,2ec2ba37fa8cbb0b
1,S02,ar,CoPx_R,right,all,Hausdorff,2.439846141186093,34782,2ec2ba37fa8cbb0b
1,S02,ar,CoPx_R,right,all,SS_vs_persistence,0.16503413935205935,34782,2ec2ba37fa8cbb0b
1,S02,ar,CoPx_R,right,all,HD_ratio_vs_persistence,0.8553797817827267,34782,2ec2ba37fa8cbb0b
1,S02,ar,CoPx_R,right,all,SS_vs_seasonal,0.16503413935205935,34782,2ec2ba37fa8cbb0b
1,S02,ar,CoPx_R,right,all,HD_ratio_vs_seasonal,0.8553797817827267,34782,2ec2ba37fa8cbb0b
1,S02,ar,CoPx_R,right,all,SS_vs_ar,5.726482332768512e-08,34782,2ec2ba37fa8cbb0b
1,S02,ar,CoPx_R,right,all,HD_ratio_vs_ar,1.0,34782,2ec2ba37fa8cbb0b
1,S02,ar,CoPx_R,right,all,SS_vs_probgru,0.15344300999802618,34782,2ec2ba37fa8cbb0b
1,S02,ar,CoPx_R,right,all,HD_ratio_vs_probgru,0.9451034795264459,34782,2ec2ba37fa8cbb0b
1,S02,ar,CoPy_R,right,1,MSE,5.732913268205685e-06,34782,2ec2ba37fa8cbb0b
1,S02,ar,CoPy_R,right,1,MAE,0.0016974230634802816,34782,2ec2ba37fa8cbb0b
1,S02,ar,CoPy_R,right,1,SS_vs_persistence,0.05339214614337906,34782,2ec2ba37fa8cbb0b
1,S02,ar,CoPy_R,right,1,SS_vs_seasonal,0.05339214614337906,34782,2ec2ba37fa8cbb0b
1,S02,ar,CoPy_R,right,1,SS_vs_ar,1.7443135436057133e-07,34782,2ec2ba37fa8cbb0b
1,S02,ar,CoPy_R,right,1,SS_vs_probgru,0.34608284244765664,34782,2ec2ba37fa8cbb0b
1,S02,ar,CoPy_R,right,2,MSE,9.059933983650381e-06,34782,2ec2ba37fa8cbb0b
1,S02,ar,CoPy_R,right,2,MAE,0.0021310382355348065,34782,2ec2ba37fa8cbb0b
1,S02,ar,CoPy_R,right,2,SS_vs_persistence,0.09125160956943934,34782,2ec2ba37fa8cbb0b
1,S02,ar,CoPy_R,right,2,SS_vs_seasonal,0.09125160956943934,34782,2ec2ba37fa8cbb0b
1,S02,ar,CoPy_R,right,2,SS_vs_ar,1.1037606795216703e-07,34782,2ec2ba37fa8cbb0b
1,S02,ar,CoPy_R,right,2,SS_vs_probgru,0.2704629172338152,34782,2ec2ba37fa8cbb0b
1,S02,ar,CoPy_R,right,3,MSE,1.1253560997682626e-05,34782,2ec2ba37fa8cbb0b
1,S02,ar,CoPy_R,right,3,MAE,0.002378540344094955,34782,2ec2ba37fa8cbb0b
1,S02,ar,CoPy_R,right,3,SS_vs_persistence,0.0942848936672982,34782,2ec2ba37fa8cbb0b
1,S02,ar,CoPy_R,right,3,SS_vs_seasonal,0.0942848936672982,34782,2ec2ba37fa8cbb0b
1,S02,ar,CoPy_R,right,3,SS_vs_ar,8.886075353320422e-08,34782,2ec2ba37fa8cbb0b
1,S02,ar,CoPy_R,right,3,SS_vs_probgru,0.23763159450349314,34782,2ec2ba37fa8cbb0b
1,S02,ar,CoPy_R,right,4,MSE,1.3347413696544548e-05,34782,2ec2ba37fa8cbb0b
1,S02,ar,CoPy_R,right,4,MAE,0.002597692818362075,34782,2ec2ba37fa8cbb0b
1,S02,ar,CoPy_R,right,4,SS_vs_persistence,0.08832934921543978,34782,2ec2ba37fa8cbb0b
1,S02,ar,CoPy_R,right,4,SS_vs_seasonal,0.08832934921543978,34782,2ec2ba37fa8cbb0b
1,S02,ar,CoPy_R,right,4,SS_vs_ar,7.492087583660378e-08,34782,2ec2ba37fa8cbb0b
1,S02,ar,CoPy_R,right,4,SS_vs_probgru,0.20011277121483706,34782,2ec2ba37fa8cbb0b
1,S02,ar,CoPy_R,right,5,MSE,1.530459643735958e-05,34782,2ec2ba37fa8cbb0b
1,S02,ar,CoPy_R,right,5,MAE,0.0027679874650810387,34782,2ec2ba37fa8cbb0b
1,S02,ar,CoPy_R,right,5,SS_vs_persistence,0.08478042859588109,34782,2ec2ba37fa8cbb0b
1,S02,ar,CoPy_R,right,5,SS_vs_seasonal,0.08478042859588109,34782,2ec2ba37fa8cbb0b
1,S02,ar,CoPy_R,right,5,SS_vs_ar,6.533984342471655e-08,34782,2ec2ba37fa8cbb0b
1,S02,ar,CoPy_R,right,5,SS_vs_probgru,0.155875914677716,34782,2ec2ba37fa8cbb0b
1,S02,ar,CoPy_R,right,6,MSE,1.7217771209829553e-05,34782,2ec2ba37fa8cbb0b
1,S02,ar,CoPy_R,right,6,MAE,0.0029265682804066172,34782,2ec2ba37fa8cbb0b
1,S02,ar,CoPy_R,right,6,SS_vs_persistence,0.08631705970858838,34782,2ec2ba37fa8cbb0b
1,S02,ar,CoPy_R,right,6,SS_vs_seasonal,0.08631705970858838,34782,2ec2ba37fa8cbb0b
1,S02,ar,CoPy_R,right,6,SS_vs_ar,5.807952307979036e-08,34782,2ec2ba37fa8cbb0b
1,S02,ar,CoPy_R,right,6,SS_vs_probgru,0.10906195397298546,34782,2ec2ba37fa8cbb0b
1,S02,ar,CoPy_R,right,all,MSE,1.1986031598878785e-05,34782,2ec2ba37fa8cbb0b
1,S02,ar,CoPy_R,right,all,MAE,0.0024165417011599633,34782,2ec2ba37fa8cbb0b
1,S02,ar,CoPy_R,right,all,Hausdorff,2.423466610435178,34782,2ec2ba37fa8cbb0b
1,S02,ar,CoPy_R,right,all,SS_vs_persistence,0.0857139397074621,34782,2ec2ba37fa8cbb0b
1,S02,ar,CoPy_R,right,all,HD_ratio_vs_persistence,0.8465721536181251,34782,2ec2ba37fa8cbb0b
1,S02,ar,CoPy_R,right,all,SS_vs_seasonal,0.0857139397074621,34782,2ec2ba37fa8cbb0b
1,S02,ar,CoPy_R,right,all,HD_ratio_vs_seasonal,0.8465721536181251,34782,2ec2ba37fa8cbb0b
1,S02,ar,CoPy_R,right,all,SS_vs_ar,8.34304421104548e-08,34782,2ec2ba37fa8cbb0b
1,S02,ar,CoPy_R,right,all,HD_ratio_vs_ar,1.0,34782,2ec2ba37fa8cbb0b
1,S02,ar,CoPy_R,right,all,SS_vs_probgru,0.20172857672056455,34782,2ec2ba37fa8cbb0b
1,S02,ar,CoPy_R,right,all,HD_ratio_vs_probgru,0.9095979778632775,34782,2ec2ba37fa8cbb0b
1,S02,probgru,F_L,left,1,MSE,25.135039323753382,34782,2ec2ba37fa8cbb0b
1,S02,probgru,F_L,left,1,MAE,3.335643234445145,34782,2ec2ba37fa8cbb0b
1,S02,probgru,F_L,left,1,SS_vs_persistence,-1.5853481688458784,34782,2ec2ba37fa8cbb0b
1,S02,probgru,F_L,left,1,SS_vs_seasonal,-1.5853481688458784,34782,2ec2ba37fa8cbb0b
1,S02,probgru,F_L,left,1,SS_vs_ar,-1.5815238643250487,34782,2ec2ba37fa8cbb0b
1,S02,probgru,F_L,left,1,SS_vs_probgru,3.9745984281580604e-14,34782,2ec2ba37fa8cbb0b
1,S02,probgru,F_L,left,2,MSE,43.74121866122849,34782,2ec2ba37fa8cbb0b
1,S02,probgru,F_L,left,2,MAE,4.545905329590925,34782,2ec2ba37fa8cbb0b
1,S02,probgru,F_L,left,2,SS_vs_persistence,-1.2269329179948176,34782,2ec2ba37fa8cbb0b
1,S02,probgru,F_L,left,2,SS_vs_seasonal,-1.2269329179948176,34782,2ec2ba37fa8cbb0b
1,S02,probgru,F_L,left,2,SS_vs_ar,-1.243464799641028,34782,2ec2ba37fa8cbb0b
1,S02,probgru,F_L,left,2,SS_vs_probgru,2.2870594307278225e-14,34782,2ec2ba37fa8cbb0b
1,S02,probgru,F_L,left,3,MSE,58.21676909384471,34782,2ec2ba37fa8cbb0b
1,S02,probgru,F_L,left,3,MAE,5.344522857033749,34782,2ec2ba37fa8cbb0b
1,S02,probgru,F_L,left,3,SS_vs_persistence,-1.0404074422376342,34782,2ec2ba37fa8cbb0b
1,S02,probgru,F_L,left,3,SS_vs_seasonal,-1.0404074422376342,34782,2ec2ba37fa8cbb0b
1,S02,probgru,F_L,left,3,SS_vs_ar,-1.0748279715066373,34782,2ec2ba37fa8cbb0b
1,S02,probgru,F_L,left,3,SS_vs_probgru,1.7208456881689926e-14,34782,2ec2ba37fa8cbb0b
1,S02,probgru,F_L,left,4,MSE,70.482847865502,34782,2ec2ba37fa8cbb0b
1,S02,probgru,F_L,left,4,MAE,5.977537659462919,34782,2ec2ba37fa8cbb0b
1,S02,probgru,F_L,left,4,SS_vs_persistence,-0.9232133073098829,34782,2ec2ba37fa8cbb0b
1,S02,probgru,F_L,left,4,SS_vs_seasonal,-0.9232133073098829,34782,2ec2ba37fa8cbb0b
1,S02,probgru,F_L,left,4,SS_vs_ar,-0.9655295710322429,34782,2ec2ba37fa8cbb0b
1,S02,probgru,F_L,left,4,SS_vs_probgru,1.4099832412739488e-14,34782,2ec2ba37fa8cbb0b
1,S02,probgru,F_L,left,5,MSE,81.3157060580233,34782,2ec2ba37fa8cbb0b
1,S02,probgru,F_L,left,5,MAE,6.484806839031449,34782,2ec2ba37fa8cbb0b
1,S02,probgru,F_L,left,5,SS_vs_persistence,-0.8503112225953668,34782,2ec2ba37fa8cbb0b
1,S02,probgru,F_L,left,5,SS_vs_seasonal,-0.8503112225953668,34782,2ec2ba37fa8cbb0b
1,S02,probgru,F_L,left,5,SS_vs_ar,-0.8983103982145226,34782,2ec2ba37fa8cbb0b
1,S02,probgru,F_L,left,5,SS_vs_probgru,1.2212453270876722e-14,34782,2ec2ba37fa8cbb0b
1,S02,probgru,F_L,left,6,MSE,90.70201441871153,34782,2ec2ba37fa8cbb0b
1,S02,probgru,F_L,left,6,MAE,6.892401153299896,34782,2ec2ba37fa8cbb0b
1,S02,probgru,F_L,left,6,SS_vs_persistence,-0.8101619518907635,34782,2ec2ba37fa8cbb0b
1,S02,probgru,F_L,left,6,SS_vs_seasonal,-0.8101619518907635,34782,2ec2ba37fa8cbb0b
1,S02,probgru,F_L,left,6,SS_vs_ar,-0.8572426436534544,34782,2ec2ba37fa8cbb0b
1,S02,probgru,F_L,left,6,SS_vs_probgru,1.099120794378905e-14,34782,2ec2ba37fa8cbb0b
1,S02,probgru,F_L,left,all,MSE,61.59893257017714,34782,2ec2ba37fa8cbb0b
1,S02,probgru,F_L,left,all,MAE,5.430136178810632,34782,2ec2ba37fa8cbb0b
1,S02,probgru,F_L,left,all,Hausdorff,3.833459567281086,34782,2ec2ba37fa8cbb0b
1,S02,probgru,F_L,left,all,SS_vs_persistence,-0.9596836046164829,34782,2ec2ba37fa8cbb0b
1,S02,probgru,F_L,left,all,HD_ratio_vs_persistence,1.2896037900832555,34782,2ec2ba37fa8cbb0b
1,S02,probgru,F_L,left,all,SS_vs_seasonal,-0.9596836046164829,34782,2ec2ba37fa8cbb0b
1,S02,probgru,F_L,left,all,HD_ratio_vs_seasonal,1.2896037900832555,34782,2ec2ba37fa8cbb0b
1,S02,probgru,F_L,left,all,SS_vs_ar,-0.9997001350694017,34782,2ec2ba37fa8cbb0b
1,S02,probgru,F_L,left,all,HD_ratio_vs_ar,1.3589373386857488,34782,2ec2ba37fa8cbb0b
1,S02,probgru,F_L,left,all,SS_vs_probgru,1.6209256159527285e-14,34782,2ec2ba37fa8cbb0b
1,S02,probgru,F_L,left,all,HD_ratio_vs_probgru,1.0,34782,2ec2ba37fa8cbb0b
1,S02,probgru,CoPx_L,left,1,MSE,1.0966417835160487e-05,34782,2ec2ba37fa8cbb0b
1,S02,probgru,CoPx_L,left,1,MAE,0.00229041017749233,34782,2ec2ba37fa8cbb0b
1,S02,probgru,CoPx_L,left,1,SS_vs_persistence,-0.1032847247586155,34782,2ec2ba37fa8cbb0b
1,S02,probgru,CoPx_L,left,1,SS_vs_seasonal,-0.1032847247586155,34782,2ec2ba37fa8cbb0b
1,S02,probgru,CoPx_L,left,1,SS_vs_ar,-0.21993556232254363,34782,2ec2ba37fa8cbb0b
1,S02,probgru,CoPx_L,left,1,SS_vs_probgru,9.118747101855007e-08,34782,2ec2ba37fa8cbb0b
1,S02,probgru,CoPx_L,left,2,MSE,1.483701993083672e-05,34782,2ec2ba37fa8cbb0b
1,S02,probgru,CoPx_L,left,2,MAE,0.002705037889895883,34782,2ec2ba37fa8cbb0b
1,S02,probgru,CoPx_L,left,2,SS_vs_persistence,-0.0020730808178406335,34782,2ec2ba37fa8cbb0b
1,S02,probgru,CoPx_L,left,2,SS_vs_seasonal,-0.0020730808178406335,34782,2ec2ba37fa8cbb0b
1,S02,probgru,CoPx_L,left,2,SS_vs_ar,-0.1538022963037946,34782,2ec2ba37fa8cbb0b
1,S02,probgru,CoPx_L,left,2,SS_vs_probgru,6.739897473462264e-08,34782,2ec2ba37fa8cbb0b
1,S02,probgru,CoPx_L,left,3,MSE,1.7707330122496676e-05,34782,2ec2ba37fa8cbb0b
1,S02,probgru,CoPx_L,left,3,MAE,0.002972891346307273,34782,2ec2ba37fa8cbb0b
1,S02,probgru,CoPx_L,left,3,SS_vs_persistence,0.061740147295529124,34782,2ec2ba37fa8cbb0b
1,S02,probgru,CoPx_L,left,3,SS_vs_seasonal,0.061740147295529124,34782,2ec2ba37fa8cbb0b
1,S02,probgru,CoPx_L,left,3,SS_vs_ar,-0.11380208913305756,34782,2ec2ba37fa8cbb0b
1,S02,probgru,CoPx_L,left,3,SS_vs_probgru,5.6473784315613784e-08,34782,2ec2ba37fa8cbb0b
1,S02,probgru,CoPx_L,left,4,MSE,2.006226765431301e-05,34782,2ec2ba37fa8cbb0b
1,S02,probgru,CoPx_L,left,4,MAE,0.0031764974970162783,34782,2ec2ba37fa8cbb0b
1,S02,probgru,CoPx_L,left,4,SS_vs_persistence,0.0709523721180575,34782,2ec2ba37fa8cbb0b
1,S02,probgru,CoPx_L,left,4,SS_vs_seasonal,0.0709523721180575,34782,2ec2ba37fa8cbb0b
1,S02,probgru,CoPx_L,left,4,SS_vs_ar,-0.11816979554975338,34782,2ec2ba37fa8cbb0b
1,S02,probgru,CoPx_L,left,4,SS_vs_probgru,4.984481150049902e-08,34782,2ec2ba37fa8cbb0b
1,S02,probgru,CoPx_L,left,5,MSE,2.2121895006635807e-05,34782,2ec2ba37fa8cbb0b
1,S02,probgru,CoPx_L,left,5,MAE,0.0033401290270547923,34782,2ec2ba37fa8cbb0b
1,S02,probgru,CoPx_L,left,5,SS_vs_persistence,0.07476670684227793,34782,2ec2ba37fa8cbb0b
1,S02,probgru,CoPx_L,left,5,SS_vs_seasonal,0.07476670684227793,34782,2ec2ba37fa8cbb0b
1,S02,probgru,CoPx_L,left,5,SS_vs_ar,-0.12327519467561521,34782,2ec2ba37fa8cbb0b
1,S02,probgru,CoPx_L,left,5,SS_vs_probgru,4.5204081922101125e-08,34782,2ec2ba37fa8cbb0b
1,S02,probgru,CoPx_L,left,6,MSE,2.3982866340614006e-05,34782,2ec2ba37fa8cbb0b
1,S02,probgru,CoPx_L,left,6,MAE,0.003481521621020167,34782,2ec2ba37fa8cbb0b
1,S02,probgru,CoPx_L,left,6,SS_vs_persistence,0.09393548099598736,34782,2ec2ba37fa8cbb0b
1,S02,probgru,CoPx_L,left,6,SS_vs_seasonal,0.09393548099598736,34782,2ec2ba37fa8cbb0b
1,S02,probgru,CoPx_L,left,6,SS_vs_ar,-0.11705744783062944,34782,2ec2ba37fa8cbb0b
1,S02,probgru,CoPx_L,left,6,SS_vs_probgru,4.1696432084847856e-08,34782,2ec2ba37fa8cbb0b
1,S02,probgru,CoPx_L,left,all,MSE,1.827963281500933e-05,34782,2ec2ba37fa8cbb0b
1,S02,probgru,CoPx_L,left,all,MAE,0.0029944145931311305,34782,2ec2ba37fa8cbb0b
1,S02,probgru,CoPx_L,left,all,Hausdorff,2.5458136872437187,34782,2ec2ba37fa8cbb0b
1,S02,probgru,CoPx_L,left,all,SS_vs_persistence,0.051163512964757296,34782,2ec2ba37fa8cbb0b
1,S02,probgru,CoPx_L,left,all,HD_ratio_vs_persistence,0.901119920332101,34782,2ec2ba37fa8cbb0b
1,S02,probgru,CoPx_L,left,all,SS_vs_seasonal,0.051163512964757296,34782,2ec2ba37fa8cbb0b
1,S02,probgru,CoPx_L,left,all,HD_ratio_vs_seasonal,0.901119920332101,34782,2ec2ba37fa8cbb0b
1,S02,probgru,CoPx_L,left,all,SS_vs_ar,-0.13242074628823253,34782,2ec2ba37fa8cbb0b
1,S02,probgru,CoPx_L,left,all,HD_ratio_vs_ar,1.045367871315248,34782,2ec2ba37fa8cbb0b
1,S02,probgru,CoPx_L,left,all,SS_vs_probgru,5.470569097720812e-08,34782,2ec2ba37fa8cbb0b
1,S02,probgru,CoPx_L,left,all,HD_ratio_vs_probgru,1.0,34782,2ec2ba37fa8cbb0b
1,S02,probgru,CoPy_L,left,1,MSE,8.692170310167659e-06,34782,2ec2ba37fa8cbb0b
1,S02,probgru,CoPy_L,left,1,MAE,0.0021009707460830163,34782,2ec2ba37fa8cbb0b
1,S02,probgru,CoPy_L,left,1,SS_vs_persistence,-0.03720241155264992,34782,2ec2ba37fa8cbb0b
1,S02,probgru,CoPy_L,left,1,SS_vs_seasonal,-0.03720241155264992,34782,2ec2ba37fa8cbb0b
1,S02,probgru,CoPy_L,left,1,SS_vs_ar,-0.13252947927529135,34782,2ec2ba37fa8cbb0b
1,S02,probgru,CoPy_L,left,1,SS_vs_probgru,1.1504605279544222e-07,34782,2ec2ba37fa8cbb0b
1,S02,probgru,CoPy_L,left,2,MSE,1.2142325629754484e-05,34782,2ec2ba37fa8cbb0b
1,S02,probgru,CoPy_L,left,2,MAE,0.002502074421788991,34782,2ec2ba37fa8cbb0b
1,S02,probgru,CoPy_L,left,2,SS_vs_persistence,0.03860777127704429,34782,2ec2ba37fa8cbb0b
1,S02,probgru,CoPy_L,left,2,SS_vs_seasonal,0.03860777127704429,34782,2ec2ba37fa8cbb0b
1,S02,probgru,CoPy_L,left,2,SS_vs_ar,-0.08286607401990542,34782,2ec2ba37fa8cbb0b
1,S02,probgru,CoPy_L,left,2,SS_vs_probgru,8.235653925492414e-08,34782,2ec2ba37fa8cbb0b
1,S02,probgru,CoPy_L,left,3,MSE,1.4855107953666017e-05,34782,2ec2ba37fa8cbb0b
1,S02,probgru,CoPy_L,left,3,MAE,0.002764879228849952,34782,2ec2ba37fa8cbb0b
1,S02,probgru,CoPy_L,left,3,SS_vs_persistence,0.03432164601810861,34782,2ec2ba37fa8cbb0b
1,S02,probgru,CoPy_L,left,3,SS_vs_seasonal,0.03432164601810861,34782,2ec2ba37fa8cbb0b
1,S02,probgru,CoPy_L,left,3,SS_vs_ar,-0.10031257260268767,34782,2ec2ba37fa8cbb0b
1,S02,probgru,CoPy_L,left,3,SS_vs_probgru,6.731690782579847e-08,34782,2ec2ba37fa8cbb0b
1,S02,probgru,CoPy_L,left,4,MSE,1.7362204423347198e-05,34782,2ec2ba37fa8cbb0b
1,S02,probgru,CoPy_L,left,4,MAE,0.0029977819347237603,34782,2ec2ba37fa8cbb0b
1,S02,probgru,CoPy_L,left,4,SS_vs_persistence,0.031746974106218184,34782,2ec2ba37fa8cbb0b
1,S02,probgru,CoPy_L,left,4,SS_vs_seasonal,0.031746974106218184,34782,2ec2ba37fa8cbb0b
1,S02,probgru,CoPy_L,left,4,SS_vs_ar,-0.10752463928828138,34782,2ec2ba37fa8cbb0b
1,S02,probgru,CoPy_L,left,4,SS_vs_probgru,5.759636956259584e-08,34782,2ec2ba37fa8cbb0b
1,S02,probgru,CoPy_L,left,5,MSE,1.9473734479451967e-05,34782,2ec2ba37fa8cbb0b
1,S02,probgru,CoPy_L,left,5,MAE,0.0031872044885985803,34782,2ec2ba37fa8cbb0b
1,S02,probgru,CoPy_L,left,5,SS_vs_persistence,0.0495522748134013,34782,2ec2ba37fa8cbb0b
1,S02,probgru,CoPy_L,left,5,SS_vs_seasonal,0.0495522748134013,34782,2ec2ba37fa8cbb0b
1,S02,probgru,CoPy_L,left,5,SS_vs_ar,-0.10779185604846897,34782,2ec2ba37fa8cbb0b
1,S02,probgru,CoPy_L,left,5,SS_vs_probgru,5.135121616817173e-08,34782,2ec2ba37fa8cbb0b
1,S02,probgru,CoPy_L,left,6,MSE,2.1323717194008252e-05,34782,2ec2ba37fa8cbb0b
1,S02,probgru,CoPy_L,left,6,MAE,0.0033459758307087515,34782,2ec2ba37fa8cbb0b
1,S02,probgru,CoPy_L,left,6,SS_vs_persistence,0.05344056983603929,34782,2ec2ba37fa8cbb0b
1,S02,probgru,CoPy_L,left,6,SS_vs_seasonal,0.05344056983603929,34782,2ec2ba37fa8cbb0b
1,S02,probgru,CoPy_L,left,6,SS_vs_ar,-0.12159755441173714,34782,2ec2ba37fa8cbb0b
1,S02,probgru,CoPy_L,left,6,SS_vs_probgru,4.689613652963942e-08,34782,2ec2ba37fa8cbb0b
1,S02,probgru,CoPy_L,left,all,MSE,1.5641543331732665e-05,34782,2ec2ba37fa8cbb0b
1,S02,probgru,CoPy_L,left,all,MAE,0.0028164811084588335,34782,2ec2ba37fa8cbb0b
1,S02,probgru,CoPy_L,left,all,Hausdorff,2.539612237700265,34782,2ec2ba37fa8cbb0b
1,S02,probgru,CoPy_L,left,all,SS_vs_persistence,0.03587627341648458,34782,2ec2ba37fa8cbb0b
1,S02,probgru,CoPy_L,left,all,HD_ratio_vs_persistence,0.8908334427500337,34782,2ec2ba37fa8cbb0b
1,S02,probgru,CoPy_L,left,all,SS_vs_seasonal,0.03587627341648458,34782,2ec2ba37fa8cbb0b
1,S02,probgru,CoPy_L,left,all,HD_ratio_vs_seasonal,0.8908334427500337,34782,2ec2ba37fa8cbb0b
1,S02,probgru,CoPy_L,left,all,SS_vs_ar,-0.10859123570691454,34782,2ec2ba37fa8cbb0b
1,S02,probgru,CoPy_L,left,all,HD_ratio_vs_ar,1.0350057414422038,34782,2ec2ba37fa8cbb0b
1,S02,probgru,CoPy_L,left,all,SS_vs_probgru,6.393230600476585e-08,34782,2ec2ba37fa8cbb0b
1,S02,probgru,CoPy_L,left,all,HD_ratio_vs_probgru,1.0,34782,2ec2ba37fa8cbb0b
1,S02,probgru,F_R,right,1,MSE,31.97676963136851,34782,2ec2ba37fa8cbb0b
1,S02,probgru,F_R,right,1,MAE,3.781322454616451,34782,2ec2ba37fa8cbb0b
1,S02,probgru,F_R,right,1,SS_vs_persistence,-0.184049188697182,34782,2ec2ba37fa8cbb0b
1,S02,probgru,F_R,right,1,SS_vs_seasonal,-0.184049188697182,34782,2ec2ba37fa8cbb0b
1,S02,probgru,F_R,right,1,SS_vs_ar,-0.23260222922291374,34782,2ec2ba37fa8cbb0b
1,S02,probgru,F_R,right,1,SS_vs_probgru,3.11972669919669e-14,34782,2ec2ba37fa8cbb0b
1,S02,probgru,F_R,right,2,MSE,62.45408906079026,34782,2ec2ba37fa8cbb0b
1,S02,probgru,F_R,right,2,MAE,5.301446334799137,34782,2ec2ba37fa8cbb0b
1,S02,probgru,F_R,right,2,SS_vs_persistence,0.0012724640717819424,34782,2ec2ba37fa8cbb0b
1,S02,probgru,F_R,right,2,SS_vs_seasonal,0.0012724640717819424,34782,2ec2ba37fa8cbb0b
1,S02,probgru,F_R,right,2,SS_vs_ar,-0.0404273419203538,34782,2ec2ba37fa8cbb0b
1,S02,probgru,F_R,right,2,SS_vs_probgru,1.5987211554602254e-14,34782,2ec2ba37fa8cbb0b
1,S02,probgru,F_R,right,3,MSE,89.42597691954909,34782,2ec2ba37fa8cbb0b
1,S02,probgru,F_R,right,3,MAE,6.449685149970519,34782,2ec2ba37fa8cbb0b
1,S02,probgru,F_R,right,3,SS_vs_persistence,0.058732203526983384,34782,2ec2ba37fa8cbb0b
1,S02,probgru,F_R,right,3,SS_vs_seasonal,0.058732203526983384,34782,2ec2ba37fa8cbb0b
1,S02,probgru,F_R,right,3,SS_vs_ar,0.006985379707771244,34782,2ec2ba37fa8cbb0b
1,S02,probgru,F_R,right,3,SS_vs_probgru,1.1102230246251565e-14,34782,2ec2ba37fa8cbb0b
1,S02,probgru,F_R,right,4,MSE,110.92327065807783,34782,2ec2ba37fa8cbb0b
1,S02,probgru,F_R,right,4,MAE,7.277887188184542,34782,2ec2ba37fa8cbb0b
1,S02,probgru,F_R,right,4,SS_vs_persistence,0.09948617192639009,34782,2ec2ba37fa8cbb0b
1,S02,probgru,F_R,right,4,SS_vs_seasonal,0.09948617192639009,34782,2ec2ba37fa8cbb0b
1,S02,probgru,F_R,right,4,SS_vs_ar,0.03943376302282342,34782,2ec2ba37fa8cbb0b
1,S02,probgru,F_R,right,4,SS_vs_probgru,8.992806499463768e-15,34782,2ec2ba37fa8cbb0b
1,S02,probgru,F_R,right,5,MSE,128.58699240844578,34782,2ec2ba37fa8cbb0b
1,S02,probgru,F_R,right,5,MAE,7.9316447358284545,34782,2ec2ba37fa8cbb0b
1,S02,probgru,F_R,right,5,SS_vs_persistence,0.13109748344812666,34782,2ec2ba37fa8cbb0b
1,S02,probgru,F_R,right,5,SS_vs_seasonal,0.13109748344812666,34782,2ec2ba37fa8cbb0b
1,S02,probgru,F_R,right,5,SS_vs_ar,0.059901295785312336,34782,2ec2ba37fa8cbb0b
1,S02,probgru,F_R,right,5,SS_vs_probgru,7.771561172376096e-15,34782,2ec2ba37fa8cbb0b
1,S02,probgru,F_R,right,6,MSE,143.40622024167115,34782,2ec2ba37fa8cbb0b
1,S02,probgru,F_R,right,6,MAE,8.47617208565467,34782,2ec2ba37fa8cbb0b
1,S02,probgru,F_R,right,6,SS_vs_persistence,0.16022734782097525,34782,2ec2ba37fa8cbb0b
1,S02,probgru,F_R,right,6,SS_vs_seasonal,0.16022734782097525,34782,2ec2ba37fa8cbb0b
1,S02,probgru,F_R,right,6,SS_vs_ar,0.0760304735659959,34782,2ec2ba37fa8cbb0b
1,S02,probgru,F_R,right,6,SS_vs_probgru,6.8833827526759706e-15,34782,2ec2ba37fa8cbb0b
1,S02,probgru,F_R,right,all,MSE,94.46221981998345,34782,2ec2ba37fa8cbb0b
1,S02,probgru,F_R,right,all,MAE,6.536359658175634,34782,2ec2ba37fa8cbb0b
1,S02,probgru,F_R,right,all,Hausdorff,2.904171211409094,34782,2ec2ba37fa8cbb0b
1,S02,probgru,F_R,right,all,SS_vs_persistence,0.09530401742159045,34782,2ec2ba37fa8cbb0b
1,S02,probgru,F_R,right,all,HD_ratio_vs_persistence,0.9502236041584221,34782,2ec2ba37fa8cbb0b
1,S02,probgru,F_R,right,all,SS_vs_seasonal,0.09530401742159045,34782,2ec2ba37fa8cbb0b
1,S02,probgru,F_R,right,all,HD_ratio_vs_seasonal,0.9502236041584221,34782,2ec2ba37fa8cbb0b
1,S02,probgru,F_R,right,all,SS_vs_ar,0.028647484522682287,34782,2ec2ba37fa8cbb0b
1,S02,probgru,F_R,right,all,HD_ratio_vs_ar,1.0172693568696547,34782,2ec2ba37fa8cbb0b
1,S02,probgru,F_R,right,all,SS_vs_probgru,1.0547118733938987e-14,34782,2ec2ba37fa8cbb0b
1,S02,probgru,F_R,right,all,HD_ratio_vs_probgru,1.0,34782,2ec2ba37fa8cbb0b
1,S02,probgru,CoPx_R,right,1,MSE,1.1624675237062557e-05,34782,2ec2ba37fa8cbb0b
1,S02,probgru,CoPx_R,right,1,MAE,0.0024662230266818915,34782,2ec2ba37fa8cbb0b
1,S02,probgru,CoPx_R,right,1,SS_vs_persistence,-0.22780656326846604,34782,2ec2ba37fa8cbb0b
1,S02,probgru,CoPx_R,right,1,SS_vs_seasonal,-0.22780656326846604,34782,2ec2ba37fa8cbb0b
1,S02,probgru,CoPx_R,right,1,SS_vs_ar,-0.3163863076281963,34782,2ec2ba37fa8cbb0b
1,S02,probgru,CoPx_R,right,1,SS_vs_probgru,8.602390111356328e-08,34782,2ec2ba37fa8cbb0b
1,S02,probgru,CoPx_R,right,2,MSE,1.714234025672741e-05,34782,2ec2ba37fa8cbb0b
1,S02,probgru,CoPx_R,right,2,MAE,0.0030405968041564975,34782,2ec2ba37fa8cbb0b
1,S02,probgru,CoPx_R,right,2,SS_vs_persistence,-0.04164185414488153,34782,2ec2ba37fa8cbb0b
1,S02,probgru,CoPx_R,right,2,SS_vs_seasonal,-0.04164185414488153,34782,2ec2ba37fa8cbb0b
1,S02,probgru,CoPx_R,right,2,SS_vs_ar,-0.19495708685424074,34782,2ec2ba37fa8cbb0b
1,S02,probgru,CoPx_R,right,2,SS_vs_probgru,5.8335088759520204e-08,34782,2ec2ba37fa8cbb0b
1,S02,probgru,CoPx_R,right,3,MSE,2.083467119835671e-05,34782,2ec2ba37fa8cbb0b
1,S02,probgru,CoPx_R,right,3,MAE,0.0034090574164322126,34782,2ec2ba37fa8cbb0b
1,S02,probgru,CoPx_R,right,3,SS_vs_persistence,0.027569415438040146,34782,2ec2ba37fa8cbb0b
1,S02,probgru,CoPx_R,right,3,SS_vs_seasonal,0.027569415438040146,34782,2ec2ba37fa8cbb0b
1,S02,probgru,CoPx_R,right,3,SS_vs_ar,-0.1596021692935785,34782,2ec2ba37fa8cbb0b
1,S02,probgru,CoPx_R,right,3,SS_vs_probgru,4.79969154421056e-08,34782,2ec2ba37fa8cbb0b
1,S02,probgru,CoPx_R,right,4,MSE,2.3321273710740832e-05,34782,2ec2ba37fa8cbb0b
1,S02,probgru,CoPx_R,right,4,MAE,0.0036365606333672506,34782,2ec2ba37fa8cbb0b
1,S02,probgru,CoPx_R,right,4,SS_vs_persistence,0.04776774682852136,34782,2ec2ba37fa8cbb0b
1,S02,probgru,CoPx_R,right,4,SS_vs_seasonal,0.04776774682852136,34782,2ec2ba37fa8cbb0b
1,S02,probgru,CoPx_R,right,4,SS_vs_ar,-0.15695910649340572,34782,2ec2ba37fa8cbb0b
1,S02,probgru,CoPx_R,right,4,SS_vs_probgru,4.2879302775133965e-08,34782,2ec2ba37fa8cbb0b
1,S02,probgru,CoPx_R,right,5,MSE,2.4944296207551244e-05,34782,2ec2ba37fa8cbb0b
1,S02,probgru,CoPx_R,right,5,MAE,0.0037559054955422495,34782,2ec2ba37fa8cbb0b
1,S02,probgru,CoPx_R,right,5,SS_vs_persistence,0.056155356016015734,34782,2ec2ba37fa8cbb0b
1,S02,probgru,CoPx_R,right,5,SS_vs_seasonal,0.056155356016015734,34782,2ec2ba37fa8cbb0b
1,S02,probgru,CoPx_R,right,5,SS_vs_ar,-0.16318636078915638,34782,2ec2ba37fa8cbb0b
1,S02,probgru,CoPx_R,right,5,SS_vs_probgru,4.008932341648119e-08,34782,2ec2ba37fa8cbb0b
1,S02,probgru,CoPx_R,right,6,MSE,2.590037469754567e-05,34782,2ec2ba37fa8cbb0b
1,S02,probgru,CoPx_R,right,6,MAE,0.003842255323215469,34782,2ec2ba37fa8cbb0b
1,S02,probgru,CoPx_R,right,6,SS_vs_persistence,0.0483405770939056,34782,2ec2ba37fa8cbb0b
1,S02,probgru,CoPx_R,right,6,SS_vs_seasonal,0.0483405770939056,34782,2ec2ba37fa8cbb0b
1,S02,probgru,CoPx_R,right,6,SS_vs_ar,-0.17564514187177527,34782,2ec2ba37fa8cbb0b
1,S02,probgru,CoPx_R,right,6,SS_vs_probgru,3.8609478503204286e-08,34782,2ec2ba37fa8cbb0b
1,S02,probgru,CoPx_R,right,all,MSE,2.0627938551330855e-05,34782,2ec2ba37fa8cbb0b
1,S02,probgru,CoPx_R,right,all,MAE,0.0033584331165659544,34782,2ec2ba37fa8cbb0b
1,S02,probgru,CoPx_R,right,all,Hausdorff,2.5815650815385887,34782,2ec2ba37fa8cbb0b
1,S02,probgru,CoPx_R,right,all,SS_vs_persistence,0.013692131738738955,34782,2ec2ba37fa8cbb0b
1,S02,probgru,CoPx_R,right,all,HD_ratio_vs_persistence,0.9050646837225949,34782,2ec2ba37fa8cbb0b
1,S02,probgru,CoPx_R,right,all,SS_vs_seasonal,0.013692131738738955,34782,2ec2ba37fa8cbb0b
1,S02,probgru,CoPx_R,right,all,HD_ratio_vs_seasonal,0.9050646837225949,34782,2ec2ba37fa8cbb0b
1,S02,probgru,CoPx_R,right,all,SS_vs_ar,-0.1812552563707599,34782,2ec2ba37fa8cbb0b
1,S02,probgru,CoPx_R,right,all,HD_ratio_vs_ar,1.0580851956031954,34782,2ec2ba37fa8cbb0b
1,S02,probgru,CoPx_R,right,all,SS_vs_probgru,4.847793921847199e-08,34782,2ec2ba37fa8cbb0b
1,S02,probgru,CoPx_R,right,all,HD_ratio_vs_probgru,1.0,34782,2ec2ba37fa8cbb0b
1,S02,probgru,CoPy_R,right,1,MSE,8.767031952101107e-06,34782,2ec2ba37fa8cbb0b
1,S02,probgru,CoPy_R,right,1,MAE,0.0020839576891524014,34782,2ec2ba37fa8cbb0b
1,S02,probgru,CoPy_R,right,1,SS_vs_persistence,-0.447595823034018,34782,2ec2ba37fa8cbb0b
1,S02,probgru,CoPy_R,right,1,SS_vs_seasonal,-0.447595823034018,34782,2ec2ba37fa8cbb0b
1,S02,probgru,CoPy_R,right,1,SS_vs_ar,-0.5292452567662509,34782,2ec2ba37fa8cbb0b
1,S02,probgru,CoPy_R,right,1,SS_vs_probgru,1.1406367528277173e-07,34782,2ec2ba37fa8cbb0b
1,S02,probgru,CoPy_R,right,2,MSE,1.2418742608341116e-05,34782,2ec2ba37fa8cbb0b
1,S02,probgru,CoPy_R,right,2,MAE,0.002462251931552566,34782,2ec2ba37fa8cbb0b
1,S02,probgru,CoPy_R,right,2,SS_vs_persistence,-0.2456506169766055,34782,2ec2ba37fa8cbb0b
1,S02,probgru,CoPy_R,right,2,SS_vs_seasonal,-0.2456506169766055,34782,2ec2ba37fa8cbb0b
1,S02,probgru,CoPy_R,right,2,SS_vs_ar,-0.37073197884444675,34782,2ec2ba37fa8cbb0b
1,S02,probgru,CoPy_R,right,2,SS_vs_probgru,8.05234434686497e-08,34782,2ec2ba37fa8cbb0b
1,S02,probgru,CoPy_R,right,3,MSE,1.4761315073104488e-05,34782,2ec2ba37fa8cbb0b
1,S02,probgru,CoPy_R,right,3,MAE,0.002695295256166038,34782,2ec2ba37fa8cbb0b
1,S02,probgru,CoPy_R,right,3,SS_vs_persistence,-0.18802804319454536,34782,2ec2ba37fa8cbb0b
1,S02,probgru,CoPy_R,right,3,SS_vs_seasonal,-0.18802804319454536,34782,2ec2ba37fa8cbb0b
1,S02,probgru,CoPy_R,right,3,SS_vs_ar,-0.3117015817875435,34782,2ec2ba37fa8cbb0b
1,S02,probgru,CoPy_R,right,3,SS_vs_probgru,6.774463701120226e-08,34782,2ec2ba37fa8cbb0b
1,S02,probgru,CoPy_R,right,4,MSE,1.6686618333597902e-05,34782,2ec2ba37fa8cbb0b
1,S02,probgru,CoPy_R,right,4,MAE,0.002891266777227825,34782,2ec2ba37fa8cbb0b
1,S02,probgru,CoPy_R,right,4,SS_vs_persistence,-0.13974890877347423,34782,2ec2ba37fa8cbb0b
1,S02,probgru,CoPy_R,right,4,SS_vs_seasonal,-0.13974890877347423,34782,2ec2ba37fa8cbb0b
1,S02,probgru,CoPy_R,right,4,SS_vs_ar,-0.25017606128007897,34782,2ec2ba37fa8cbb0b
1,S02,probgru,CoPy_R,right,4,SS_vs_probgru,5.992825624634435e-08,34782,2ec2ba37fa8cbb0b
1,S02,probgru,CoPy_R,right,5,MSE,1.813074150987203e-05,34782,2ec2ba37fa8cbb0b
1,S02,probgru,CoPy_R,right,5,MAE,0.0030362599957118436,34782,2ec2ba37fa8cbb0b
1,S02,probgru,CoPy_R,right,5,SS_vs_persistence,-0.0842239154635791,34782,2ec2ba37fa8cbb0b
1,S02,probgru,CoPy_R,right,5,SS_vs_seasonal,-0.0842239154635791,34782,2ec2ba37fa8cbb0b
1,S02,probgru,CoPy_R,right,5,SS_vs_ar,-0.1846598111501867,34782,2ec2ba37fa8cbb0b
1,S02,probgru,CoPy_R,right,5,SS_vs_probgru,5.515493917140901e-08,34782,2ec2ba37fa8cbb0b
1,S02,probgru,CoPy_R,right,6,MSE,1.9325440636047817e-05,34782,2ec2ba37fa8cbb0b
1,S02,probgru,CoPy_R,right,6,MAE,0.0031569659237108867,34782,2ec2ba37fa8cbb0b
1,S02,probgru,CoPy_R,right,6,SS_vs_persistence,-0.025529100577826425,34782,2ec2ba37fa8cbb0b
1,S02,probgru,CoPy_R,right,6,SS_vs_seasonal,-0.025529100577826425,34782,2ec2ba37fa8cbb0b
1,S02,probgru,CoPy_R,right,6,SS_vs_ar,-0.12241237719564002,34782,2ec2ba37fa8cbb0b
1,S02,probgru,CoPy_R,right,6,SS_vs_probgru,5.1745259854740766e-08,34782,2ec2ba37fa8cbb0b
1,S02,probgru,CoPy_R,right,all,MSE,1.5014981685510799e-05,34782,2ec2ba37fa8cbb0b
1,S02,probgru,CoPy_R,right,all,MAE,0.002720999595586903,34782,2ec2ba37fa8cbb0b
1,S02,probgru,CoPy_R,right,all,Hausdorff,2.66432717465809,34782,2ec2ba37fa8cbb0b
1,S02,probgru,CoPy_R,right,all,SS_vs_persistence,-0.14533224256595823,34782,2ec2ba37fa8cbb0b
1,S02,probgru,CoPy_R,right,all,HD_ratio_vs_persistence,0.9307102414704073,34782,2ec2ba37fa8cbb0b
1,S02,probgru,CoPy_R,right,all,SS_vs_seasonal,-0.14533224256595823,34782,2ec2ba37fa8cbb0b
1,S02,probgru,CoPy_R,right,all,HD_ratio_vs_seasonal,0.9307102414704073,34782,2ec2ba37fa8cbb0b
1,S02,probgru,CoPy_R,right,all,SS_vs_ar,-0.2527065617121176,34782,2ec2ba37fa8cbb0b
1,S02,probgru,CoPy_R,right,all,HD_ratio_vs_ar,1.0993867888196986,34782,2ec2ba37fa8cbb0b
1,S02,probgru,CoPy_R,right,all,SS_vs_probgru,6.660014340020837e-08,34782,2ec2ba37fa8cbb0b
1,S02,probgru,CoPy_R,right,all,HD_ratio_vs_probgru,1.0,34782,2ec2ba37fa8cbb0b
2,S03,persistence,F_L,left,1,MSE,19.696829121504937,23910,2ec2ba37fa8cbb0b
2,S03,persistence,F_L,left,1,MAE,2.519584190531387,23910,2ec2ba37fa8cbb0b
2,S03,persistence,F_L,left,1,SS_vs_persistence,5.0737192225369654e-14,23910,2ec2ba37fa8cbb0b
2,S03,persistence,F_L,left,1,SS_vs_seasonal,5.0737192225369654e-14,23910,2ec2ba37fa8cbb0b
2,S03,persistence,F_L,left,1,SS_vs_ar,-0.03394350675997426,23910,2ec2ba37fa8cbb0b
2,S03,persistence,F_L,left,1,SS_vs_probgru,0.4731441021758913,23910,2ec2ba37fa8cbb0b
2,S03,persistence,F_L,left,2,MSE,41.291578989602634,23910,2ec2ba37fa8cbb0b
2,S03,persistence,F_L,left,2,MAE,3.6602113730934365,23910,2ec2ba37fa8cbb0b
2,S03,persistence,F_L,left,2,SS_vs_persistence,2.4313884239290928e-14,23910,2ec2ba37fa8cbb0b
2,S03,persistence,F_L,left,2,SS_vs_seasonal,2.4313884239290928e-14,23910,2ec2ba37fa8cbb0b
2,S03,persistence,F_L,left,2,SS_vs_ar,-0.06825658620069008,23910,2ec2ba37fa8cbb0b
2,S03,persistence,F_L,left,2,SS_vs_probgru,0.2483342231161707,23910,2ec2ba37fa8cbb0b
2,S03,persistence,F_L,left,3,MSE,60.14888000603312,23910,2ec2ba37fa8cbb0b
2,S03,persistence,F_L,left,3,MAE,4.525986870319362,23910,2ec2ba37fa8cbb0b
2,S03,persistence,F_L,left,3,SS_vs_persistence,1.6653345369377348e-14,23910,2ec2ba37fa8cbb0b
2,S03,persistence,F_L,left,3,SS_vs_seasonal,1.6653345369377348e-14,23910,2ec2ba37fa8cbb0b
2,S03,persistence,F_L,left,3,SS_vs_ar,-0.10654082139350907,23910,2ec2ba37fa8cbb0b
2,S03,persistence,F_L,left,3,SS_vs_probgru,0.13276035372539907,23910,2ec2ba37fa8cbb0b
2,S03,persistence,F_L,left,4,MSE,78.0207339211609,23910,2ec2ba37fa8cbb0b
2,S03,persistence,F_L,left,4,MAE,5.2477182577365316,23910,2ec2ba37fa8cbb0b
2,S03,persistence,F_L,left,4,SS_vs_persistence,1.27675647831893e-14,23910,2ec2ba37fa8cbb0b
2,S03,persistence,F_L,left,4,SS_vs_seasonal,1.27675647831893e-14,23910,2ec2ba37fa8cbb0b
2,S03,persistence,F_L,left,4,SS_vs_ar,-0.14584757706452045,23910,2ec2ba37fa8cbb0b
2,S03,persistence,F_L,left,4,SS_vs_probgru,0.05458091866310355,23910,2ec2ba37fa8cbb0b
2,S03,persistence,F_L,left,5,MSE,93.89688896249648,23910,2ec2ba37fa8cbb0b
2,S03,persistence,F_L,left,5,MAE,5.818038944258744,23910,2ec2ba37fa8cbb0b
2,S03,persistence,F_L,left,5,SS_vs_persistence,1.0547118733938987e-14,23910,2ec2ba37fa8cbb0b
2,S03,persistence,F_L,left,5,SS_vs_seasonal,1.0547118733938987e-14,23910,2ec2ba37fa8cbb0b
2,S03,persistence,F_L,left,5,SS_vs_ar,-0.18368263191314926,23910,2ec2ba37fa8cbb0b
2,S03,persistence,F_L,left,5,SS_vs_probgru,-0.005421687836694833,23910,2ec2ba37fa8cbb0b
2,S03,persistence,F_L,left,6,MSE,107.32686543845884,23910,2ec2ba37fa8cbb0b
2,S03,persistence,F_L,left,6,MAE,6.263097225557756,23910,2ec2ba37fa8cbb0b
2,S03,persistence,F_L,left,6,SS_vs_persistence,9.2148511043888e-15,23910,2ec2ba37fa8cbb0b
2,S03,persistence,F_L,left,6,SS_vs_seasonal,9.2148511043888e-15,23910,2ec2ba37fa8cbb0b
2,S03,persistence,F_L,left,6,SS_vs_ar,-0.2190032620264466,23910,2ec2ba37fa8cbb0b
2,S03,persistence,F_L,left,6,SS_vs_probgru,-0.05163588488700688,23910,2ec2ba37fa8cbb0b
2,S03,persistence,F_L,left,all,MSE,66.73029607320949,23910,2ec2ba37fa8cbb0b
2,S03,persistence,F_L,left,all,MAE,4.672439476916202,23910,2ec2ba37fa8cbb0b
2,S03,persistence,F_L,left,all,Hausdorff,3.0209019926942267,23910,2ec2ba37fa8cbb0b
2,S03,persistence,F_L,left,all,SS_vs_persistence,1.4876988529977098e-14,23910,2ec2ba37fa8cbb0b
2,S03,persistence,F_L,left,all,HD_ratio_vs_persistence,1.0,23910,2ec2ba37fa8cbb0b
2,S03,persistence,F_L,left,all,SS_vs_seasonal,1.4876988529977098e-14,23910,2ec2ba37fa8cbb0b
2,S03,persistence,F_L,left,all,HD_ratio_vs_seasonal,1.0,23910,2ec2ba37fa8cbb0b
2,S03,persistence,F_L,left,all,SS_vs_ar,-0.15210538162638176,23910,2ec2ba37fa8cbb0b
2,S03,persistence,F_L,left,all,HD_ratio_vs_ar,1.1311107500802269,23910,2ec2ba37fa8cbb0b
2,S03,persistence,F_L,left,all,SS_vs_probgru,0.08931365176440043,23910,2ec2ba37fa8cbb0b
2,S03,persistence,F_L,left,all,HD_ratio_vs_probgru,1.0398051677301727,23910,2ec2ba37fa8cbb0b
2,S03,persistence,CoPx_L,left,1,MSE,1.6665679303486363e-05,23904,2ec2ba37fa8cbb0b
2,S03,persistence,CoPx_L,left,1,MAE,0.002342347592259037,23904,2ec2ba37fa8cbb0b
2,S03,persistence,CoPx_L,left,1,SS_vs_persistence,6.000355112778522e-08,23904,2ec2ba37fa8cbb0b
2,S03,persistence,CoPx_L,left,1,SS_vs_seasonal,6.000355112778522e-08,23904,2ec2ba37fa8cbb0b
2,S03,persistence,CoPx_L,left,1,SS_vs_ar,0.052770882302785704,23904,2ec2ba37fa8cbb0b
2,S03,persistence,CoPx_L,left,1,SS_vs_probgru,0.5747478471243581,23904,2ec2ba37fa8cbb0b
2,S03,persistence,CoPx_L,left,2,MSE,3.121494995324507e-05,23904,2ec2ba37fa8cbb0b
2,S03,persistence,CoPx_L,left,2,MAE,0.0031022265733258517,23904,2ec2ba37fa8cbb0b
2,S03,persistence,CoPx_L,left,2,SS_vs_persistence,3.2035930574991767e-08,23904,2ec2ba37fa8cbb0b
2,S03,persistence,CoPx_L,left,2,SS_vs_seasonal,3.2035930574991767e-08,23904,2ec2ba37fa8cbb0b
2,S03,persistence,CoPx_L,left,2,SS_vs_ar,0.030243070857349452,23904,2ec2ba37fa8cbb0b
2,S03,persistence,CoPx_L,left,2,SS_vs_probgru,0.3781619179367752,23904,2ec2ba37fa8cbb0b
2,S03,persistence,CoPx_L,left,3,MSE,4.512317178310129e-05,23904,2ec2ba37fa8cbb0b
2,S03,persistence,CoPx_L,left,3,MAE,0.00368657129582748,23904,2ec2ba37fa8cbb0b
2,S03,persistence,CoPx_L,left,3,SS_vs_persistence,2.2161562251987732e-08,23904,2ec2ba37fa8cbb0b
2,S03,persistence,CoPx_L,left,3,SS_vs_seasonal,2.2161562251987732e-08,23904,2ec2ba37fa8cbb0b
2,S03,persistence,CoPx_L,left,3,SS_vs_ar,0.008819295367176738,23904,2ec2ba37fa8cbb0b
2,S03,persistence,CoPx_L,left,3,SS_vs_probgru,0.24238421576841684,23904,2ec2ba37fa8cbb0b
2,S03,persistence,CoPx_L,left,4,MSE,6.071397349294817e-05,23904,2ec2ba37fa8cbb0b
2,S03,persistence,CoPx_L,left,4,MAE,0.004193276573867289,23904,2ec2ba37fa8cbb0b
2,S03,persistence,CoPx_L,left,4,SS_vs_persistence,1.64706727145969e-08,23904,2ec2ba37fa8cbb0b
2,S03,persistence,CoPx_L,left,4,SS_vs_seasonal,1.64706727145969e-08,23904,2ec2ba37fa8cbb0b
2,S03,persistence,CoPx_L,left,4,SS_vs_ar,-0.05014223787325034,23904,2ec2ba37fa8cbb0b
2,S03,persistence,CoPx_L,left,4,SS_vs_probgru,0.10881189233488742,23904,2ec2ba37fa8cbb0b
2,S03,persistence,CoPx_L,left,5,MSE,7.514127115310808e-05,23904,2ec2ba37fa8cbb0b
2,S03,persistence,CoPx_L,left,5,MAE,0.004634483140340439,23904,2ec2ba37fa8cbb0b
2,S03,persistence,CoPx_L,left,5,SS_vs_persistence,1.3308265489619941e-08,23904,2ec2ba37fa8cbb0b
2,S03,persistence,CoPx_L,left,5,SS_vs_seasonal,1.3308265489619941e-08,23904,2ec2ba37fa8cbb0b
2,S03,persistence,CoPx_L,left,5,SS_vs_ar,-0.10157275781242192,23904,2ec2ba37fa8cbb0b
2,S03,persistence,CoPx_L,left,5,SS_vs_probgru,0.013392220707746039,23904,2ec2ba37fa8cbb0b
2,S03,persistence,CoPx_L,left,6,MSE,8.887469424157215e-05,23904,2ec2ba37fa8cbb0b
2,S03,persistence,CoPx_L,left,6,MAE,0.004975339897803762,23904,2ec2ba37fa8cbb0b
2,S03,persistence,CoPx_L,left,6,SS_vs_persistence,1.1251796605549202e-08,23904,2ec2ba37fa8cbb0b
2,S03,persistence,CoPx_L,left,6,SS_vs_seasonal,1.1251796605549202e-08,23904,2ec2ba37fa8cbb0b
2,S03,persistence,CoPx_L,left,6,SS_vs_ar,-0.1593071956037968,23904,2ec2ba37fa8cbb0b
2,S03,persistence,CoPx_L,left,6,SS_vs_probgru,-0.06648370595703001,23904,2ec2ba37fa8cbb0b
2,S03,persistence,CoPx_L,left,all,MSE,5.295562332124411e-05,23904,2ec2ba37fa8cbb0b
2,S03,persistence,CoPx_L,left,all,MAE,0.0038223741789039766,23904,2ec2ba37fa8cbb0b
2,S03,persistence,CoPx_L,left,all,Hausdorff,2.8999757495806056,23904,2ec2ba37fa8cbb0b
2,S03,persistence,CoPx_L,left,all,SS_vs_persistence,1.8883735464214624e-08,23904,2ec2ba37fa8cbb0b
2,S03,persistence,CoPx_L,left,all,HD_ratio_vs_persistence,1.0,23904,2ec2ba37fa8cbb0b
2,S03,persistence,CoPx_L,left,all,SS_vs_seasonal,1.8883735464214624e-08,23904,2ec2ba37fa8cbb0b
2,S03,persistence,CoPx_L,left,all,HD_ratio_vs_seasonal,1.0,23904,2ec2ba37fa8cbb0b
2,S03,persistence,CoPx_L,left,all,SS_vs_ar,-0.06623187228487404,23904,2ec2ba37fa8cbb0b
2,S03,persistence,CoPx_L,left,all,HD_ratio_vs_ar,1.1456697667107112,23904,2ec2ba37fa8cbb0b
2,S03,persistence,CoPx_L,left,all,SS_vs_probgru,0.15624252759574764,23904,2ec2ba37fa8cbb0b
2,S03,persistence,CoPx_L,left,all,HD_ratio_vs_probgru,1.0563539284061825,23904,2ec2ba37fa8cbb0b
2,S03,persistence,CoPy_L,left,1,MSE,1.9450794301328946e-05,23904,2ec2ba37fa8cbb0b
2,S03,persistence,CoPy_L,left,1,MAE,0.002516485833186791,23904,2ec2ba37fa8cbb0b
2,S03,persistence,CoPy_L,left,1,SS_vs_persistence,5.141177950029885e-08,23904,2ec2ba37fa8cbb0b
2,S03,persistence,CoPy_L,left,1,SS_vs_seasonal,5.141177950029885e-08,23904,2ec2ba37fa8cbb0b
2,S03,persistence,CoPy_L,left,1,SS_vs_ar,-0.01909747389096017,23904,2ec2ba37fa8cbb0b
2,S03,persistence,CoPy_L,left,1,SS_vs_probgru,0.49492197704273355,23904,2ec2ba37fa8cbb0b
2,S03,persistence,CoPy_L,left,2,MSE,3.408090402483861e-05,23904,2ec2ba37fa8cbb0b
2,S03,persistence,CoPy_L,left,2,MAE,0.0033601254341794886,23904,2ec2ba37fa8cbb0b
2,S03,persistence,CoPy_L,left,2,SS_vs_persistence,2.9341943874605647e-08,23904,2ec2ba37fa8cbb0b
2,S03,persistence,CoPy_L,left,2,SS_vs_seasonal,2.9341943874605647e-08,23904,2ec2ba37fa8cbb0b
2,S03,persistence,CoPy_L,left,2,SS_vs_ar,-0.06543080180299854,23904,2ec2ba37fa8cbb0b
2,S03,persistence,CoPy_L,left,2,SS_vs_probgru,0.29612666823222067,23904,2ec2ba37fa8cbb0b
2,S03,persistence,CoPy_L,left,3,MSE,4.765224467937181e-05,23904,2ec2ba37fa8cbb0b
2,S03,persistence,CoPy_L,left,3,MAE,0.00399760582877806,23904,2ec2ba37fa8cbb0b
2,S03,persistence,CoPy_L,left,3,SS_vs_persistence,2.098536988626165e-08,23904,2ec2ba37fa8cbb0b
2,S03,persistence,CoPy_L,left,3,SS_vs_seasonal,2.098536988626165e-08,23904,2ec2ba37fa8cbb0b
2,S03,persistence,CoPy_L,left,3,SS_vs_ar,-0.11465844527341518,23904,2ec2ba37fa8cbb0b
2,S03,persistence,CoPy_L,left,3,SS_vs_probgru,0.1532356661345119,23904,2ec2ba37fa8cbb0b
2,S03,persistence,CoPy_L,left,4,MSE,5.8528992953165965e-05,23904,2ec2ba37fa8cbb0b
2,S03,persistence,CoPy_L,left,4,MAE,0.004499423512056403,23904,2ec2ba37fa8cbb0b
2,S03,persistence,CoPy_L,left,4,SS_vs_persistence,1.708554919765959e-08,23904,2ec2ba37fa8cbb0b
2,S03,persistence,CoPy_L,left,4,SS_vs_seasonal,1.708554919765959e-08,23904,2ec2ba37fa8cbb0b
2,S03,persistence,CoPy_L,left,4,SS_vs_ar,-0.15030120565105332,23904,2ec2ba37fa8cbb0b
2,S03,persistence,CoPy_L,left,4,SS_vs_probgru,0.06532097119414004,23904,2ec2ba37fa8cbb0b
2,S03,persistence,CoPy_L,left,5,MSE,6.71240301334481e-05,23904,2ec2ba37fa8cbb0b
2,S03,persistence,CoPy_L,left,5,MAE,0.004883402458737264,23904,2ec2ba37fa8cbb0b
2,S03,persistence,CoPy_L,left,5,SS_vs_persistence,1.4897794109458573e-08,23904,2ec2ba37fa8cbb0b
2,S03,persistence,CoPy_L,left,5,SS_vs_seasonal,1.4897794109458573e-08,23904,2ec2ba37fa8cbb0b
2,S03,persistence,CoPy_L,left,5,SS_vs_ar,-0.17086108936517386,23904,2ec2ba37fa8cbb0b
2,S03,persistence,CoPy_L,left,5,SS_vs_probgru,0.0013760858364425532,23904,2ec2ba37fa8cbb0b
2,S03,persistence,CoPy_L,left,6,MSE,7.531208454778e-05,23904,2ec2ba37fa8cbb0b
2,S03,persistence,CoPy_L,left,6,MAE,0.0052039435588289535,23904,2ec2ba37fa8cbb0b
2,S03,persistence,CoPy_L,left,6,SS_vs_persistence,1.3278081301137945e-08,23904,2ec2ba37fa8cbb0b
2,S03,persistence,CoPy_L,left,6,SS_vs_seasonal,1.3278081301137945e-08,23904,2ec2ba37fa8cbb0b
2,S03,persistence,CoPy_L,left,6,SS_vs_ar,-0.18958150354181047,23904,2ec2ba37fa8cbb0b
2,S03,persistence,CoPy_L,left,6,SS_vs_probgru,-0.06069355852090452,23904,2ec2ba37fa8cbb0b
2,S03,persistence,CoPy_L,left,all,MSE,5.035817510665635e-05,23904,2ec2ba37fa8cbb0b
2,S03,persistence,CoPy_L,left,all,MAE,0.0040768311042944936,23904,2ec2ba37fa8cbb0b
2,S03,persistence,CoPy_L,left,all,Hausdorff,2.9180031114421263,23904,2ec2ba37fa8cbb0b
2,S03,persistence,CoPy_L,left,all,SS_vs_persistence,1.9857748667639896e-08,23904,2ec2ba37fa8cbb0b
2,S03,persistence,CoPy_L,left,all,HD_ratio_vs_persistence,1.0,23904,2ec2ba37fa8cbb0b
2,S03,persistence,CoPy_L,left,all,SS_vs_seasonal,1.9857748667639896e-08,23904,2ec2ba37fa8cbb0b
2,S03,persistence,CoPy_L,left,all,HD_ratio_vs_seasonal,1.0,23904,2ec2ba37fa8cbb0b
2,S03,persistence,CoPy_L,left,all,SS_vs_ar,-0.13870395500218025,23904,2ec2ba37fa8cbb0b
2,S03,persistence,CoPy_L,left,all,HD_ratio_vs_ar,1.1195014493589814,23904,2ec2ba37fa8cbb0b
2,S03,persistence,CoPy_L,left,all,SS_vs_probgru,0.12177156576259707,23904,2ec2ba37fa8cbb0b
2,S03,persistence,CoPy_L,left,all,HD_ratio_vs_probgru,1.027939264012523,23904,2ec2ba37fa8cbb0b
2,S03,persistence,F_R,right,1,MSE,25.13674174694501,23910,2ec2ba37fa8cbb0b
2,S03,persistence,F_R,right,1,MAE,3.4452878944846885,23910,2ec2ba37fa8cbb0b
2,S03,persistence,F_R,right,1,SS_vs_persistence,3.9745984281580604e-14,23910,2ec2ba37fa8cbb0b
2,S03,persistence,F_R,right,1,SS_vs_seasonal,3.9745984281580604e-14,23910,2ec2ba37fa8cbb0b
2,S03,persistence,F_R,right,1,SS_vs_ar,-0.08177783825100926,23910,2ec2ba37fa8cbb0b
2,S03,persistence,F_R,right,1,SS_vs_probgru,0.15608090114327566,23910,2ec2ba37fa8cbb0b
2,S03,persistence,F_R,right,2,MSE,57.13955873560389,23910,2ec2ba37fa8cbb0b
2,S03,persistence,F_R,right,2,MAE,5.245054636037485,23910,2ec2ba37fa8cbb0b
2,S03,persistence,F_R,right,2,SS_vs_persistence,1.7541523789077473e-14,23910,2ec2ba37fa8cbb0b
2,S03,persistence,F_R,right,2,SS_vs_seasonal,1.7541523789077473e-14,23910,2ec2ba37fa8cbb0b
2,S03,persistence,F_R,right,2,SS_vs_ar,-0.11727878144560999,23910,2ec2ba37fa8cbb0b
2,S03,persistence,F_R,right,2,SS_vs_probgru,0.01078072304837796,23910,2ec2ba37fa8cbb0b
2,S03,persistence,F_R,right,3,MSE,85.35184717439769,23910,2ec2ba37fa8cbb0b
2,S03,persistence,F_R,right,3,MAE,6.545707536072773,23910,2ec2ba37fa8cbb0b
2,S03,persistence,F_R,right,3,SS_vs_persistence,1.1657341758564144e-14,23910,2ec2ba37fa8cbb0b
2,S03,persistence,F_R,right,3,SS_vs_seasonal,1.1657341758564144e-14,23910,2ec2ba37fa8cbb0b
2,S03,persistence,F_R,right,3,SS_vs_ar,-0.1715449201754191,23910,2ec2ba37fa8cbb0b
2,S03,persistence,F_R,right,3,SS_vs_probgru,-0.07793929539726507,23910,2ec2ba37fa8cbb0b
2,S03,persistence,F_R,right,4,MSE,109.09326756733238,23910,2ec2ba37fa8cbb0b
2,S03,persistence,F_R,right,4,MAE,7.530561673536504,23910,2ec2ba37fa8cbb0b
2,S03,persistence,F_R,right,4,SS_vs_persistence,9.103828801926284e-15,23910,2ec2ba37fa8cbb0b
2,S03,persistence,F_R,right,4,SS_vs_seasonal,9.103828801926284e-15,23910,2ec2ba37fa8cbb0b
2,S03,persistence,F_R,right,4,SS_vs_ar,-0.2272788356261417,23910,2ec2ba37fa8cbb0b
2,S03,persistence,F_R,right,4,SS_vs_probgru,-0.15277146544044884,23910,2ec2ba37fa8cbb0b
2,S03,persistence,F_R,right,5,MSE,128.28976168576978,23910,2ec2ba37fa8cbb0b
2,S03,persistence,F_R,right,5,MAE,8.229356991182756,23910,2ec2ba37fa8cbb0b
2,S03,persistence,F_R,right,5,SS_vs_persistence,7.771561172376096e-15,23910,2ec2ba37fa8cbb0b
2,S03,persistence,F_R,right,5,SS_vs_seasonal,7.771561172376096e-15,23910,2ec2ba37fa8cbb0b
2,S03,persistence,F_R,right,5,SS_vs_ar,-0.2810832527690079,23910,2ec2ba37fa8cbb0b
2,S03,persistence,F_R,right,5,SS_vs_probgru,-0.21683597060131987,23910,2ec2ba37fa8cbb0b
2,S03,persistence,F_R,right,6,MSE,143.3855103819768,23910,2ec2ba37fa8cbb0b
2,S03,persistence,F_R,right,6,MAE,8.707693140659309,23910,2ec2ba37fa8cbb0b
2,S03,persistence,F_R,right,6,SS_vs_persistence,6.8833827526759706e-15,23910,2ec2ba37fa8cbb0b
2,S03,persistence,F_R,right,6,SS_vs_seasonal,6.8833827526759706e-15,23910,2ec2ba37fa8cbb0b
2,S03,persistence,F_R,right,6,SS_vs_ar,-0.3340859348615304,23910,2ec2ba37fa8cbb0b
2,S03,persistence,F_R,right,6,SS_vs_probgru,-0.2672790491763146,23910,2ec2ba37fa8cbb0b
2,S03,persistence,F_R,right,all,MSE,91.39944788200425,23910,2ec2ba37fa8cbb0b
2,S03,persistence,F_R,right,all,MAE,6.617276978662252,23910,2ec2ba37fa8cbb0b
2,S03,persistence,F_R,right,all,Hausdorff,2.9873900527369015,23910,2ec2ba37fa8cbb0b
2,S03,persistence,F_R,right,all,SS_vs_persistence,1.0880185641326534e-14,23910,2ec2ba37fa8cbb0b
2,S03,persistence,F_R,right,all,HD_ratio_vs_persistence,1.0,23910,2ec2ba37fa8cbb0b
2,S03,persistence,F_R,right,all,SS_vs_seasonal,1.0880185641326534e-14,23910,2ec2ba37fa8cbb0b
2,S03,persistence,F_R,right,all,HD_ratio_vs_seasonal,1.0,23910,2ec2ba37fa8cbb0b
2,S03,persistence,F_R,right,all,SS_vs_ar,-0.23584360275113592,23910,2ec2ba37fa8cbb0b
2,S03,persistence,F_R,right,all,HD_ratio_vs_ar,1.1954572906324394,23910,2ec2ba37fa8cbb0b
2,S03,persistence,F_R,right,all,SS_vs_probgru,-0.1426417161232374,23910,2ec2ba37fa8cbb0b
2,S03,persistence,F_R,right,all,HD_ratio_vs_probgru,1.1022768040000448,23910,2ec2ba37fa8cbb0b
2,S03,persistence,CoPx_R,right,1,MSE,1.233267343546977e-05,23544,2ec2ba37fa8cbb0b
2,S03,persistence,CoPx_R,right,1,MAE,0.0023444777852465737,23544,2ec2ba37fa8cbb0b
2,S03,persistence,CoPx_R,right,1,SS_vs_persistence,8.108541293960769e-08,23544,2ec2ba37fa8cbb0b
2,S03,persistence,CoPx_R,right,1,SS_vs_seasonal,8.108541293960769e-08,23544,2ec2ba37fa8cbb0b
2,S03,persistence,CoPx_R,right,1,SS_vs_ar,-0.02024670523498373,23544,2ec2ba37fa8cbb0b
2,S03,persistence,CoPx_R,right,1,SS_vs_probgru,0.5363387036876448,23544,2ec2ba37fa8cbb0b
2,S03,persistence,CoPx_R,right,2,MSE,2.0853169456973236e-05,23544,2ec2ba37fa8cbb0b
2,S03,persistence,CoPx_R,right,2,MAE,0.0030650618004726426,23544,2ec2ba37fa8cbb0b
2,S03,persistence,CoPx_R,right,2,SS_vs_persistence,4.7954338722178136e-08,23544,2ec2ba37fa8cbb0b
2,S03,persistence,CoPx_R,right,2,SS_vs_seasonal,4.7954338722178136e-08,23544,2ec2ba37fa8cbb0b
2,S03,persistence,CoPx_R,right,2,SS_vs_ar,-0.028880141499120215,23544,2ec2ba37fa8cbb0b
2,S03,persistence,CoPx_R,right,2,SS_vs_probgru,0.4012499281638875,23544,2ec2ba37fa8cbb0b
2,S03,persistence,CoPx_R,right,3,MSE,2.842249917082554e-05,23544,2ec2ba37fa8cbb0b
2,S03,persistence,CoPx_R,right,3,MAE,0.0035583931382350952,23544,2ec2ba37fa8cbb0b
2,S03,persistence,CoPx_R,right,3,SS_vs_persistence,3.518339319885655e-08,23544,2ec2ba37fa8cbb0b
2,S03,persistence,CoPx_R,right,3,SS_vs_seasonal,3.518339319885655e-08,23544,2ec2ba37fa8cbb0b
2,S03,persistence,CoPx_R,right,3,SS_vs_ar,-0.04905315137620536,23544,2ec2ba37fa8cbb0b
2,S03,persistence,CoPx_R,right,3,SS_vs_probgru,0.30562943266623244,23544,2ec2ba37fa8cbb0b
2,S03,persistence,CoPx_R,right,4,MSE,3.459982739069612e-05,23544,2ec2ba37fa8cbb0b
2,S03,persistence,CoPx_R,right,4,MAE,0.003949554738881092,23544,2ec2ba37fa8cbb0b
2,S03,persistence,CoPx_R,right,4,SS_vs_persistence,2.8901877557885314e-08,23544,2ec2ba37fa8cbb0b
2,S03,persistence,CoPx_R,right,4,SS_vs_seasonal,2.8901877557885314e-08,23544,2ec2ba37fa8cbb0b
2,S03,persistence,CoPx_R,right,4,SS_vs_ar,-0.07502570727522362,23544,2ec2ba37fa8cbb0b
2,S03,persistence,CoPx_R,right,4,SS_vs_probgru,0.23631903742667004,23544,2ec2ba37fa8cbb0b
2,S03,persistence,CoPx_R,right,5,MSE,4.005952675769561e-05,23544,2ec2ba37fa8cbb0b
2,S03,persistence,CoPx_R,right,5,MAE,0.004251704816451718,23544,2ec2ba37fa8cbb0b
2,S03,persistence,CoPx_R,right,5,SS_vs_persistence,2.496285045339164e-08,23544,2ec2ba37fa8cbb0b
2,S03,persistence,CoPx_R,right,5,SS_vs_seasonal,2.496285045339164e-08,23544,2ec2ba37fa8cbb0b
2,S03,persistence,CoPx_R,right,5,SS_vs_ar,-0.1112585431116444,23544,2ec2ba37fa8cbb0b
2,S03,persistence,CoPx_R,right,5,SS_vs_probgru,0.1788749858922284,23544,2ec2ba37fa8cbb0b
2,S03,persistence,CoPx_R,right,6,MSE,4.464148918711922e-05,23544,2ec2ba37fa8cbb0b
2,S03,persistence,CoPx_R,right,6,MAE,0.004488339188126666,23544,2ec2ba37fa8cbb0b
2,S03,persistence,CoPx_R,right,6,SS_vs_persistence,2.2400685972812084e-08,23544,2ec2ba37fa8cbb0b
2,S03,persistence,CoPx_R,right,6,SS_vs_seasonal,2.2400685972812084e-08,23544,2ec2ba37fa8cbb0b
2,S03,persistence,CoPx_R,right,6,SS_vs_ar,-0.14029465975783562,23544,2ec2ba37fa8cbb0b
2,S03,persistence,CoPx_R,right,6,SS_vs_probgru,0.1340207645569762,23544,2ec2ba37fa8cbb0b
2,S03,persistence,CoPx_R,right,all,MSE,3.015153089979719e-05,23544,2ec2ba37fa8cbb0b
2,S03,persistence,CoPx_R,right,all,MAE,0.003609588577902298,23544,2ec2ba37fa8cbb0b
2,S03,persistence,CoPx_R,right,all,Hausdorff,2.8953795824734456,23544,2ec2ba37fa8cbb0b
2,S03,persistence,CoPx_R,right,all,SS_vs_persistence,3.3165810653379424e-08,23544,2ec2ba37fa8cbb0b
2,S03,persistence,CoPx_R,right,all,HD_ratio_vs_persistence,1.0,23544,2ec2ba37fa8cbb0b
2,S03,persistence,CoPx_R,right,all,SS_vs_seasonal,3.3165810653379424e-08,23544,2ec2ba37fa8cbb0b
2,S03,persistence,CoPx_R,right,all,HD_ratio_vs_seasonal,1.0,23544,2ec2ba37fa8cbb0b
2,S03,persistence,CoPx_R,right,all,SS_vs_ar,-0.0843778998598732,23544,2ec2ba37fa8cbb0b
2,S03,persistence,CoPx_R,right,all,HD_ratio_vs_ar,1.1700835616408538,23544,2ec2ba37fa8cbb0b
2,S03,persistence,CoPx_R,right,all,SS_vs_probgru,0.27053378154001473,23544,2ec2ba37fa8cbb0b
2,S03,persistence,CoPx_R,right,all,HD_ratio_vs_probgru,1.0828478217299289,23544,2ec2ba37fa8cbb0b
2,S03,persistence,CoPy_R,right,1,MSE,1.0428356153844632e-05,23544,2ec2ba37fa8cbb0b
2,S03,persistence,CoPy_R,right,1,MAE,0.0022298393740873084,23544,2ec2ba37fa8cbb0b
2,S03,persistence,CoPy_R,right,1,SS_vs_persistence,9.589238114671161e-08,23544,2ec2ba37fa8cbb0b
2,S03,persistence,CoPy_R,right,1,SS_vs_seasonal,9.589238114671161e-08,23544,2ec2ba37fa8cbb0b
2,S03,persistence,CoPy_R,right,1,SS_vs_ar,-0.049248248252373505,23544,2ec2ba37fa8cbb0b
2,S03,persistence,CoPy_R,right,1,SS_vs_probgru,0.09719393321082881,23544,2ec2ba37fa8cbb0b
2,S03,persistence,CoPy_R,right,2,MSE,1.9048354780702562e-05,23544,2ec2ba37fa8cbb0b
2,S03,persistence,CoPy_R,right,2,MAE,0.0029868235143723507,23544,2ec2ba37fa8cbb0b
2,S03,persistence,CoPy_R,right,2,SS_vs_persistence,5.249796941608764e-08,23544,2ec2ba37fa8cbb0b
2,S03,persistence,CoPy_R,right,2,SS_vs_seasonal,5.249796941608764e-08,23544,2ec2ba37fa8cbb0b
2,S03,persistence,CoPy_R,right,2,SS_vs_ar,-0.09921094783606454,23544,2ec2ba37fa8cbb0b
2,S03,persistence,CoPy_R,right,2,SS_vs_probgru,-0.06901187707223233,23544,2ec2ba37fa8cbb0b
2,S03,persistence,CoPy_R,right,3,MSE,2.598353319266468e-05,23544,2ec2ba37fa8cbb0b
2,S03,persistence,CoPy_R,right,3,MAE,0.003466419142626547,23544,2ec2ba37fa8cbb0b
2,S03,persistence,CoPy_R,right,3,SS_vs_persistence,3.8485911568741926e-08,23544,2ec2ba37fa8cbb0b
2,S03,persistence,CoPy_R,right,3,SS_vs_seasonal,3.8485911568741926e-08,23544,2ec2ba37fa8cbb0b
2,S03,persistence,CoPy_R,right,3,SS_vs_ar,-0.14267796109116304,23544,2ec2ba37fa8cbb0b
2,S03,persistence,CoPy_R,right,3,SS_vs_probgru,-0.1436073601841057,23544,2ec2ba37fa8cbb0b
2,S03,persistence,CoPy_R,right,4,MSE,3.18271490825561e-05,23544,2ec2ba37fa8cbb0b
2,S03,persistence,CoPy_R,right,4,MAE,0.003832198475839031,23544,2ec2ba37fa8cbb0b
2,S03,persistence,CoPy_R,right,4,SS_vs_persistence,3.141971560705059e-08,23544,2ec2ba37fa8cbb0b
2,S03,persistence,CoPy_R,right,4,SS_vs_seasonal,3.141971560705059e-08,23544,2ec2ba37fa8cbb0b
2,S03,persistence,CoPy_R,right,4,SS_vs_ar,-0.1808622370826023,23544,2ec2ba37fa8cbb0b
2,S03,persistence,CoPy_R,right,4,SS_vs_probgru,-0.2008401796773318,23544,2ec2ba37fa8cbb0b
2,S03,persistence,CoPy_R,right,5,MSE,3.6838142092759056e-05,23544,2ec2ba37fa8cbb0b
2,S03,persistence,CoPy_R,right,5,MAE,0.004166019119308771,23544,2ec2ba37fa8cbb0b
2,S03,persistence,CoPy_R,right,5,SS_vs_persistence,2.7145776626547047e-08,23544,2ec2ba37fa8cbb0b
2,S03,persistence,CoPy_R,right,5,SS_vs_seasonal,2.7145776626547047e-08,23544,2ec2ba37fa8cbb0b
2,S03,persistence,CoPy_R,right,5,SS_vs_ar,-0.21728150771689547,23544,2ec2ba37fa8cbb0b
2,S03,persistence,CoPy_R,right,5,SS_vs_probgru,-0.25154521136433816,23544,2ec2ba37fa8cbb0b
2,S03,persistence,CoPy_R,right,6,MSE,4.146253357799283e-05,23544,2ec2ba37fa8cbb0b
2,S03,persistence,CoPy_R,right,6,MAE,0.004422067990205406,23544,2ec2ba37fa8cbb0b
2,S03,persistence,CoPy_R,right,6,SS_vs_persistence,2.411815902547687e-08,23544,2ec2ba37fa8cbb0b
2,S03,persistence,CoPy_R,right,6,SS_vs_seasonal,2.411815902547687e-08,23544,2ec2ba37fa8cbb0b
2,S03,persistence,CoPy_R,right,6,SS_vs_ar,-0.25436755541128675,23544,2ec2ba37fa8cbb0b
2,S03,persistence,CoPy_R,right,6,SS_vs_probgru,-0.30206665871423777,23544,2ec2ba37fa8cbb0b
2,S03,persistence,CoPy_R,right,all,MSE,2.7598011480087303e-05,23544,2ec2ba37fa8cbb0b
2,S03,persistence,CoPy_R,right,all,MAE,0.003517227936073236,23544,2ec2ba37fa8cbb0b
2,S03,persistence,CoPy_R,right,all,Hausdorff,2.8952593094561236,23544,2ec2ba37fa8cbb0b
2,S03,persistence,CoPy_R,right,all,SS_vs_persistence,3.623449329470674e-08,23544,2ec2ba37fa8cbb0b
2,S03,persistence,CoPy_R,right,all,HD_ratio_vs_persistence,1.0,23544,2ec2ba37fa8cbb0b
2,S03,persistence,CoPy_R,right,all,SS_vs_seasonal,3.623449329470674e-08,23544,2ec2ba37fa8cbb0b
2,S03,persistence,CoPy_R,right,all,HD_ratio_vs_seasonal,1.0,23544,2ec2ba37fa8cbb0b
2,S03,persistence,CoPy_R,right,all,SS_vs_ar,-0.18043813182105262,23544,2ec2ba37fa8cbb0b
2,S03,persistence,CoPy_R,right,all,HD_ratio_vs_ar,1.14126929797747,23544,2ec2ba37fa8cbb0b
2,S03,persistence,CoPy_R,right,all,SS_vs_probgru,-0.18385252661273999,23544,2ec2ba37fa8cbb0b
2,S03,persistence,CoPy_R,right,all,HD_ratio_vs_probgru,1.098831969722742,23544,2ec2ba37fa8cbb0b
2,S03,seasonal,F_L,left,1,MSE,19.696829121504937,23910,2ec2ba37fa8cbb0b
2,S03,seasonal,F_L,left,1,MAE,2.519584190531387,23910,2ec2ba37fa8cbb0b
2,S03,seasonal,F_L,left,1,SS_vs_persistence,5.0737192225369654e-14,23910,2ec2ba37fa8cbb0b
2,S03,seasonal,F_L,left,1,SS_vs_seasonal,5.0737192225369654e-14,23910,2ec2ba37fa8cbb0b
2,S03,seasonal,F_L,left,1,SS_vs_ar,-0.03394350675997426,23910,2ec2ba37fa8cbb0b
2,S03,seasonal,F_L,left,1,SS_vs_probgru,0.4731441021758913,23910,2ec2ba37fa8cbb0b
2,S03,seasonal,F_L,left,2,MSE,41.291578989602634,23910,2ec2ba37fa8cbb0b
2,S03,seasonal,F_L,left,2,MAE,3.6602113730934365,23910,2ec2ba37fa8cbb0b
2,S03,seasonal,F_L,left,2,SS_vs_persistence,2.4313884239290928e-14,23910,2ec2ba37fa8cbb0b
2,S03,seasonal,F_L,left,2,SS_vs_seasonal,2.4313884239290928e-14,23910,2ec2ba37fa8cbb0b
2,S03,seasonal,F_L,left,2,SS_vs_ar,-0.06825658620069008,23910,2ec2ba37fa8cbb0b
2,S03,seasonal,F_L,left,2,SS_vs_probgru,0.2483342231161707,23910,2ec2ba37fa8cbb0b
2,S03,seasonal,F_L,left,3,MSE,60.14888000603312,23910,2ec2ba37fa8cbb0b
2,S03,seasonal,F_L,left,3,MAE,4.525986870319362,23910,2ec2ba37fa8cbb0b
2,S03,seasonal,F_L,left,3,SS_vs_persistence,1.6653345369377348e-14,23910,2ec2ba37fa8cbb0b
2,S03,seasonal,F_L,left,3,SS_vs_seasonal,1.6653345369377348e-14,23910,2ec2ba37fa8cbb0b
2,S03,seasonal,F_L,left,3,SS_vs_ar,-0.10654082139350907,23910,2ec2ba37fa8cbb0b
2,S03,seasonal,F_L,left,3,SS_vs_probgru,0.13276035372539907,23910,2ec2ba37fa8cbb0b
2,S03,seasonal,F_L,left,4,MSE,78.0207339211609,23910,2ec2ba37fa8cbb0b
2,S03,seasonal,F_L,left,4,MAE,5.2477182577365316,23910,2ec2ba37fa8cbb0b
2,S03,seasonal,F_L,left,4,SS_vs_persistence,1.27675647831893e-14,23910,2ec2ba37fa8cbb0b
2,S03,seasonal,F_L,left,4,SS_vs_seasonal,1.27675647831893e-14,23910,2ec2ba37fa8cbb0b
2,S03,seasonal,F_L,left,4,SS_vs_ar,-0.14584757706452045,23910,2ec2ba37fa8cbb0b
2,S03,seasonal,F_L,left,4,SS_vs_probgru,0.05458091866310355,23910,2ec2ba37fa8cbb0b
2,S03,seasonal,F_L,left,5,MSE,93.89688896249648,23910,2ec2ba37fa8cbb0b
2,S03,seasonal,F_L,left,5,MAE,5.818038944258744,23910,2ec2ba37fa8cbb0b
2,S03,seasonal,F_L,left,5,SS_vs_persistence,1.0547118733938987e-14,23910,2ec2ba37fa8cbb0b
2,S03,seasonal,F_L,left,5,SS_vs_seasonal,1.0547118733938987e-14,23910,2ec2ba37fa8cbb0b
2,S03,seasonal,F_L,left,5,SS_vs_ar,-0.18368263191314926,23910,2ec2ba37fa8cbb0b
2,S03,seasonal,F_L,left,5,SS_vs_probgru,-0.005421687836694833,23910,2ec2ba37fa8cbb0b
2,S03,seasonal,F_L,left,6,MSE,107.32686543845884,23910,2ec2ba37fa8cbb0b
2,S03,seasonal,F_L,left,6,MAE,6.263097225557756,23910,2ec2ba37fa8cbb0b
2,S03,seasonal,F_L,left,6,SS_vs_persistence,9.2148511043888e-15,23910,2ec2ba37fa8cbb0b
2,S03,seasonal,F_L,left,6,SS_vs_seasonal,9.2148511043888e-15,23910,2ec2ba37fa8cbb0b
2,S03,seasonal,F_L,left,6,SS_vs_ar,-0.2190032620264466,23910,2ec2ba37fa8cbb0b
2,S03,seasonal,F_L,left,6,SS_vs_probgru,-0.05163588488700688,23910,2ec2ba37fa8cbb0b
2,S03,seasonal,F_L,left,all,MSE,66.73029607320949,23910,2ec2ba37fa8cbb0b
2,S03,seasonal,F_L,left,all,MAE,4.672439476916202,23910,2ec2ba37fa8cbb0b
2,S03,seasonal,F_L,left,all,Hausdorff,3.0209019926942267,23910,2ec2ba37fa8cbb0b
2,S03,seasonal,F_L,left,all,SS_vs_persistence,1.4876988529977098e-14,23910,2ec2ba37fa8cbb0b
2,S03,seasonal,F_L,left,all,HD_ratio_vs_persistence,1.0,23910,2ec2ba37fa8cbb0b
2,S03,seasonal,F_L,left,all,SS_vs_seasonal,1.4876988529977098e-14,23910,2ec2ba37fa8cbb0b
2,S03,seasonal,F_L,left,all,HD_ratio_vs_seasonal,1.0,23910,2ec2ba37fa8cbb0b
2,S03,seasonal,F_L,left,all,SS_vs_ar,-0.15210538162638176,23910,2ec2ba37fa8cbb0b
2,S03,seasonal,F_L,left,all,HD_ratio_vs_ar,1.1311107500802269,23910,2ec2ba37fa8cbb0b
2,S03,seasonal,F_L,left,all,SS_vs_probgru,0.08931365176440043,23910,2ec2ba37fa8cbb0b
2,S03,seasonal,F_L,left,all,HD_ratio_vs_probgru,1.0398051677301727,23910,2ec2ba37fa8cbb0b
2,S03,seasonal,CoPx_L,left,1,MSE,1.6665679303486363e-05,23904,2ec2ba37fa8cbb0b
2,S03,seasonal,CoPx_L,left,1,MAE,0.002342347592259037,23904,2ec2ba37fa8cbb0b
2,S03,seasonal,CoPx_L,left,1,SS_vs_persistence,6.000355112778522e-08,23904,2ec2ba37fa8cbb0b
2,S03,seasonal,CoPx_L,left,1,SS_vs_seasonal,6.000355112778522e-08,23904,2ec2ba37fa8cbb0b
2,S03,seasonal,CoPx_L,left,1,SS_vs_ar,0.052770882302785704,23904,2ec2ba37fa8cbb0b
2,S03,seasonal,CoPx_L,left,1,SS_vs_probgru,0.5747478471243581,23904,2ec2ba37fa8cbb0b
2,S03,seasonal,CoPx_L,left,2,MSE,3.121494995324507e-05,23904,2ec2ba37fa8cbb0b
2,S03,seasonal,CoPx_L,left,2,MAE,0.0031022265733258517,23904,2ec2ba37fa8cbb0b
2,S03,seasonal,CoPx_L,left,2,SS_vs_persistence,3.2035930574991767e-08,23904,2ec2ba37fa8cbb0b
2,S03,seasonal,CoPx_L,left,2,SS_vs_seasonal,3.2035930574991767e-08,23904,2ec2ba37fa8cbb0b
2,S03,seasonal,CoPx_L,left,2,SS_vs_ar,0.030243070857349452,23904,2ec2ba37fa8cbb0b
2,S03,seasonal,CoPx_L,left,2,SS_vs_probgru,0.3781619179367752,23904,2ec2ba37fa8cbb0b
2,S03,seasonal,CoPx_L,left,3,MSE,4.512317178310129e-05,23904,2ec2ba37fa8cbb0b
2,S03,seasonal,CoPx_L,left,3,MAE,0.00368657129582748,23904,2ec2ba37fa8cbb0b
2,S03,seasonal,CoPx_L,left,3,SS_vs_persistence,2.2161562251987732e-08,23904,2ec2ba37fa8cbb0b
2,S03,seasonal,CoPx_L,left,3,SS_vs_seasonal,2.2161562251987732e-08,23904,2ec2ba37fa8cbb0b
2,S03,seasonal,CoPx_L,left,3,SS_vs_ar,0.008819295367176738,23904,2ec2ba37fa8cbb0b
2,S03,seasonal,CoPx_L,left,3,SS_vs_probgru,0.24238421576841684,23904,2ec2ba37fa8cbb0b
2,S03,seasonal,CoPx_L,left,4,MSE,6.071397349294817e-05,23904,2ec2ba37fa8cbb0b
2,S03,seasonal,CoPx_L,left,4,MAE,0.004193276573867289,23904,2ec2ba37fa8cbb0b
2,S03,seasonal,CoPx_L,left,4,SS_vs_persistence,1.64706727145969e-08,23904,2ec2ba37fa8cbb0b
2,S03,seasonal,CoPx_L,left,4,SS_vs_seasonal,1.64706727145969e-08,23904,2ec2ba37fa8cbb0b
2,S03,seasonal,CoPx_L,left,4,SS_vs_ar,-0.05014223787325034,23904,2ec2ba37fa8cbb0b
2,S03,seasonal,CoPx_L,left,4,SS_vs_probgru,0.10881189233488742,23904,2ec2ba37fa8cbb0b
2,S03,seasonal,CoPx_L,left,5,MSE,7.514127115310808e-05,23904,2ec2ba37fa8cbb0b
2,S03,seasonal,CoPx_L,left,5,MAE,0.004634483140340439,23904,2ec2ba37fa8cbb0b
2,S03,seasonal,CoPx_L,left,5,SS_vs_persistence,1.3308265489619941e-08,23904,2ec2ba37fa8cbb0b
2,S03,seasonal,CoPx_L,left,5,SS_vs_seasonal,1.3308265489619941e-08,23904,2ec2ba37fa8cbb0b
2,S03,seasonal,CoPx_L,left,5,SS_vs_ar,-0.10157275781242192,23904,2ec2ba37fa8cbb0b
2,S03,seasonal,CoPx_L,left,5,SS_vs_probgru,0.013392220707746039,23904,2ec2ba37fa8cbb0b
2,S03,seasonal,CoPx_L,left,6,MSE,8.887469424157215e-05,23904,2ec2ba37fa8cbb0b
2,S03,seasonal,CoPx_L,left,6,MAE,0.004975339897803762,23904,2ec2ba37fa8cbb0b
2,S03,seasonal,CoPx_L,left,6,SS_vs_persistence,1.1251796605549202e-08,23904,2ec2ba37fa8cbb0b
2,S03,seasonal,CoPx_L,left,6,SS_vs_seasonal,1.1251796605549202e-08,23904,2ec2ba37fa8cbb0b
2,S03,seasonal,CoPx_L,left,6,SS_vs_ar,-0.1593071956037968,23904,2ec2ba37fa8cbb0b
2,S03,seasonal,CoPx_L,left,6,SS_vs_probgru,-0.06648370595703001,23904,2ec2ba37fa8cbb0b
2,S03,seasonal,CoPx_L,left,all,MSE,5.295562332124411e-05,23904,2ec2ba37fa8cbb0b
2,S03,seasonal,CoPx_L,left,all,MAE,0.0038223741789039766,23904,2ec2ba37fa8cbb0b
2,S03,seasonal,CoPx_L,left,all,Hausdorff,2.8999757495806056,23904,2ec2ba37fa8cbb0b
2,S03,seasonal,CoPx_L,left,all,SS_vs_persistence,1.8883735464214624e-08,23904,2ec2ba37fa8cbb0b
2,S03,seasonal,CoPx_L,left,all,HD_ratio_vs_persistence,1.0,23904,2ec2ba37fa8cbb0b
2,S03,seasonal,CoPx_L,left,all,SS_vs_seasonal,1.8883735464214624e-08,23904,2ec2ba37fa8cbb0b
2,S03,seasonal,CoPx_L,left,all,HD_ratio_vs_seasonal,1.0,23904,2ec2ba37fa8cbb0b
2,S03,seasonal,CoPx_L,left,all,SS_vs_ar,-0.06623187228487404,23904,2ec2ba37fa8cbb0b
2,S03,seasonal,CoPx_L,left,all,HD_ratio_vs_ar,1.1456697667107112,23904,2ec2ba37fa8cbb0b
2,S03,seasonal,CoPx_L,left,all,SS_vs_probgru,0.15624252759574764,23904,2ec2ba37fa8cbb0b
2,S03,seasonal,CoPx_L,left,all,HD_ratio_vs_probgru,1.0563539284061825,23904,2ec2ba37fa8cbb0b
2,S03,seasonal,CoPy_L,left,1,MSE,1.9450794301328946e-05,23904,2ec2ba37fa8cbb0b
2,S03,seasonal,CoPy_L,left,1,MAE,0.002516485833186791,23904,2ec2ba37fa8cbb0b
2,S03,seasonal,CoPy_L,left,1,SS_vs_persistence,5.141177950029885e-08,23904,2ec2ba37fa8cbb0b
2,S03,seasonal,CoPy_L,left,1,SS_vs_seasonal,5.141177950029885e-08,23904,2ec2ba37fa8cbb0b
2,S03,seasonal,CoPy_L,left,1,SS_vs_ar,-0.01909747389096017,23904,2ec2ba37fa8cbb0b
2,S03,seasonal,CoPy_L,left,1,SS_vs_probgru,0.49492197704273355,23904,2ec2ba37fa8cbb0b
2,S03,seasonal,CoPy_L,left,2,MSE,3.408090402483861e-05,23904,2ec2ba37fa8cbb0b
2,S03,seasonal,CoPy_L,left,2,MAE,0.0033601254341794886,23904,2ec2ba37fa8cbb0b
2,S03,seasonal,CoPy_L,left,2,SS_vs_persistence,2.9341943874605647e-08,23904,2ec2ba37fa8cbb0b
2,S03,seasonal,CoPy_L,left,2,SS_vs_seasonal,2.9341943874605647e-08,23904,2ec2ba37fa8cbb0b
2,S03,seasonal,CoPy_L,left,2,SS_vs_ar,-0.06543080180299854,23904,2ec2ba37fa8cbb0b
2,S03,seasonal,CoPy_L,left,2,SS_vs_probgru,0.29612666823222067,23904,2ec2ba37fa8cbb0b
2,S03,seasonal,CoPy_L,left,3,MSE,4.765224467937181e-05,23904,2ec2ba37fa8cbb0b
2,S03,seasonal,CoPy_L,left,3,MAE,0.00399760582877806,23904,2ec2ba37fa8cbb0b
2,S03,seasonal,CoPy_L,left,3,SS_vs_persistence,2.098536988626165e-08,23904,2ec2ba37fa8cbb0b
2,S03,seasonal,CoPy_L,left,3,SS_vs_seasonal,2.098536988626165e-08,23904,2ec2ba37fa8cbb0b
2,S03,seasonal,CoPy_L,left,3,SS_vs_ar,-0.11465844527341518,23904,2ec2ba37fa8cbb0b
2,S03,seasonal,CoPy_L,left,3,SS_vs_probgru,0.1532356661345119,23904,2ec2ba37fa8cbb0b
2,S03,seasonal,CoPy_L,left,4,MSE,5.8528992953165965e-05,23904,2ec2ba37fa8cbb0b
2,S03,seasonal,CoPy_L,left,4,MAE,0.004499423512056403,23904,2ec2ba37fa8cbb0b
2,S03,seasonal,CoPy_L,left,4,SS_vs_persistence,1.708554919765959e-08,23904,2ec2ba37fa8cbb0b
2,S03,seasonal,CoPy_L,left,4,SS_vs_seasonal,1.708554919765959e-08,23904,2ec2ba37fa8cbb0b
2,S03,seasonal,CoPy_L,left,4,SS_vs_ar,-0.15030120565105332,23904,2ec2ba37fa8cbb0b
2,S03,seasonal,CoPy_L,left,4,SS_vs_probgru,0.06532097119414004,23904,2ec2ba37fa8cbb0b
2,S03,seasonal,CoPy_L,left,5,MSE,6.71240301334481e-05,23904,2ec2ba37fa8cbb0b
2,S03,seasonal,CoPy_L,left,5,MAE,0.004883402458737264,23904,2ec2ba37fa8cbb0b
2,S03,seasonal,CoPy_L,left,5,SS_vs_persistence,1.4897794109458573e-08,23904,2ec2ba37fa8cbb0b
2,S03,seasonal,CoPy_L,left,5,SS_vs_seasonal,1.4897794109458573e-08,23904,2ec2ba37fa8cbb0b
2,S03,seasonal,CoPy_L,left,5,SS_vs_ar,-0.17086108936517386,23904,2ec2ba37fa8cbb0b
2,S03,seasonal,CoPy_L,left,5,SS_vs_probgru,0.0013760858364425532,23904,2ec2ba37fa8cbb0b
2,S03,seasonal,CoPy_L,left,6,MSE,7.531208454778e-05,23904,2ec2ba37fa8cbb0b
2,S03,seasonal,CoPy_L,left,6,MAE,0.0052039435588289535,23904,2ec2ba37fa8cbb0b
2,S03,seasonal,CoPy_L,left,6,SS_vs_persistence,1.3278081301137945e-08,23904,2ec2ba37fa8cbb0b
2,S03,seasonal,CoPy_L,left,6,SS_vs_seasonal,1.3278081301137945e-08,23904,2ec2ba37fa8cbb0b
2,S03,seasonal,CoPy_L,left,6,SS_vs_ar,-0.18958150354181047,23904,2ec2ba37fa8cbb0b
2,S03,seasonal,CoPy_L,left,6,SS_vs_probgru,-0.06069355852090452,23904,2ec2ba37fa8cbb0b
2,S03,seasonal,CoPy_L,left,all,MSE,5.035817510665635e-05,23904,2ec2ba37fa8cbb0b
2,S03,seasonal,CoPy_L,left,all,MAE,0.0040768311042944936,23904,2ec2ba37fa8cbb0b
2,S03,seasonal,CoPy_L,left,all,Hausdorff,2.9180031114421263,23904,2ec2ba37fa8cbb0b
2,S03,seasonal,CoPy_L,left,all,SS_vs_persistence,1.9857748667639896e-08,23904,2ec2ba37fa8cbb0b
2,S03,seasonal,CoPy_L,left,all,HD_ratio_vs_persistence,1.0,23904,2ec2ba37fa8cbb0b
2,S03,seasonal,CoPy_L,left,all,SS_vs_seasonal,1.9857748667639896e-08,23904,2ec2ba37fa8cbb0b
2,S03,seasonal,CoPy_L,left,all,HD_ratio_vs_seasonal,1.0,23904,2ec2ba37fa8cbb0b
2,S03,seasonal,CoPy_L,left,all,SS_vs_ar,-0.13870395500218025,23904,2ec2ba37fa8cbb0b
2,S03,seasonal,CoPy_L,left,all,HD_ratio_vs_ar,1.1195014493589814,23904,2ec2ba37fa8cbb0b
2,S03,seasonal,CoPy_L,left,all,SS_vs_probgru,0.12177156576259707,23904,2ec2ba37fa8cbb0b
2,S03,seasonal,CoPy_L,left,all,HD_ratio_vs_probgru,1.027939264012523,23904,2ec2ba37fa8cbb0b
2,S03,seasonal,F_R,right,1,MSE,25.13674174694501,23910,2ec2ba37fa8cbb0b
2,S03,seasonal,F_R,right,1,MAE,3.4452878944846885,23910,2ec2ba37fa8cbb0b
2,S03,seasonal,F_R,right,1,SS_vs_persistence,3.9745984281580604e-14,23910,2ec2ba37fa8cbb0b
2,S03,seasonal,F_R,right,1,SS_vs_seasonal,3.9745984281580604e-14,23910,2ec2ba37fa8cbb0b
2,S03,seasonal,F_R,right,1,SS_vs_ar,-0.08177783825100926,23910,2ec2ba37fa8cbb0b
2,S03,seasonal,F_R,right,1,SS_vs_probgru,0.15608090114327566,23910,2ec2ba37fa8cbb0b
2,S03,seasonal,F_R,right,2,MSE,57.13955873560389,23910,2ec2ba37fa8cbb0b
2,S03,seasonal,F_R,right,2,MAE,5.245054636037485,23910,2ec2ba37fa8cbb0b
2,S03,seasonal,F_R,right,2,SS_vs_persistence,1.7541523789077473e-14,23910,2ec2ba37fa8cbb0b
2,S03,seasonal,F_R,right,2,SS_vs_seasonal,1.7541523789077473e-14,23910,2ec2ba37fa8cbb0b
2,S03,seasonal,F_R,right,2,SS_vs_ar,-0.11727878144560999,23910,2ec2ba37fa8cbb0b
2,S03,seasonal,F_R,right,2,SS_vs_probgru,0.01078072304837796,23910,2ec2ba37fa8cbb0b
2,S03,seasonal,F_R,right,3,MSE,85.35184717439769,23910,2ec2ba37fa8cbb0b
2,S03,seasonal,F_R,right,3,MAE,6.545707536072773,23910,2ec2ba37fa8cbb0b
2,S03,seasonal,F_R,right,3,SS_vs_persistence,1.1657341758564144e-14,23910,2ec2ba37fa8cbb0b
2,S03,seasonal,F_R,right,3,SS_vs_seasonal,1.1657341758564144e-14,23910,2ec2ba37fa8cbb0b
2,S03,seasonal,F_R,right,3,SS_vs_ar,-0.1715449201754191,23910,2ec2ba37fa8cbb0b
2,S03,seasonal,F_R,right,3,SS_vs_probgru,-0.07793929539726507,23910,2ec2ba37fa8cbb0b
2,S03,seasonal,F_R,right,4,MSE,109.09326756733238,23910,2ec2ba37fa8cbb0b
2,S03,seasonal,F_R,right,4,MAE,7.530561673536504,23910,2ec2ba37fa8cbb0b
2,S03,seasonal,F_R,right,4,SS_vs_persistence,9.103828801926284e-15,23910,2ec2ba37fa8cbb0b
2,S03,seasonal,F_R,right,4,SS_vs_seasonal,9.103828801926284e-15,23910,2ec2ba37fa8cbb0b
2,S03,seasonal,F_R,right,4,SS_vs_ar,-0.2272788356261417,23910,2ec2ba37fa8cbb0b
2,S03,seasonal,F_R,right,4,SS_vs_probgru,-0.15277146544044884,23910,2ec2ba37fa8cbb0b
2,S03,seasonal,F_R,right,5,MSE,128.28976168576978,23910,2ec2ba37fa8cbb0b
2,S03,seasonal,F_R,right,5,MAE,8.229356991182756,23910,2ec2ba37fa8cbb0b
2,S03,seasonal,F_R,right,5,SS_vs_persistence,7.771561172376096e-15,23910,2ec2ba37fa8cbb0b
2,S03,seasonal,F_R,right,5,SS_vs_seasonal,7.771561172376096e-15,23910,2ec2ba37fa8cbb0b
2,S03,seasonal,F_R,right,5,SS_vs_ar,-0.2810832527690079,23910,2ec2ba37fa8cbb0b
2,S03,seasonal,F_R,right,5,SS_vs_probgru,-0.21683597060131987,23910,2ec2ba37fa8cbb0b
2,S03,seasonal,F_R,right,6,MSE,143.3855103819768,23910,2ec2ba37fa8cbb0b
2,S03,seasonal,F_R,right,6,MAE,8.707693140659309,23910,2ec2ba37fa8cbb0b
2,S03,seasonal,F_R,right,6,SS_vs_persistence,6.8833827526759706e-15,23910,2ec2ba37fa8cbb0b
2,S03,seasonal,F_R,right,6,SS_vs_seasonal,6.8833827526759706e-15,23910,2ec2ba37fa8cbb0b
2,S03,seasonal,F_R,right,6,SS_vs_ar,-0.3340859348615304,23910,2ec2ba37fa8cbb0b
2,S03,seasonal,F_R,right,6,SS_vs_probgru,-0.2672790491763146,23910,2ec2ba37fa8cbb0b
2,S03,seasonal,F_R,right,all,MSE,91.39944788200425,23910,2ec2ba37fa8cbb0b
2,S03,seasonal,F_R,right,all,MAE,6.617276978662252,23910,2ec2ba37fa8cbb0b
2,S03,seasonal,F_R,right,all,Hausdorff,2.9873900527369015,23910,2ec2ba37fa8cbb0b
2,S03,seasonal,F_R,right,all,SS_vs_persistence,1.0880185641326534e-14,23910,2ec2ba37fa8cbb0b
2,S03,seasonal,F_R,right,all,HD_ratio_vs_persistence,1.0,23910,2ec2ba37fa8cbb0b
2,S03,seasonal,F_R,right,all,SS_vs_seasonal,1.0880185641326534e-14,23910,2ec2ba37fa8cbb0b
2,S03,seasonal,F_R,right,all,HD_ratio_vs_seasonal,1.0,23910,2ec2ba37fa8cbb0b
2,S03,seasonal,F_R,right,all,SS_vs_ar,-0.23584360275113592,23910,2ec2ba37fa8cbb0b
2,S03,seasonal,F_R,right,all,HD_ratio_vs_ar,1.1954572906324394,23910,2ec2ba37fa8cbb0b
2,S03,seasonal,F_R,right,all,SS_vs_probgru,-0.1426417161232374,23910,2ec2ba37fa8cbb0b
2,S03,seasonal,F_R,right,all,HD_ratio_vs_probgru,1.1022768040000448,23910,2ec2ba37fa8cbb0b
2,S03,seasonal,CoPx_R,right,1,MSE,1.233267343546977e-05,23544,2ec2ba37fa8cbb0b
2,S03,seasonal,CoPx_R,right,1,MAE,0.0023444777852465737,23544,2ec2ba37fa8cbb0b
2,S03,seasonal,CoPx_R,right,1,SS_vs_persistence,8.108541293960769e-08,23544,2ec2ba37fa8cbb0b
2,S03,seasonal,CoPx_R,right,1,SS_vs_seasonal,8.108541293960769e-08,23544,2ec2ba37fa8cbb0b
2,S03,seasonal,CoPx_R,right,1,SS_vs_ar,-0.02024670523498373,23544,2ec2ba37fa8cbb0b
2,S03,seasonal,CoPx_R,right,1,SS_vs_probgru,0.5363387036876448,23544,2ec2ba37fa8cbb0b
2,S03,seasonal,CoPx_R,right,2,MSE,2.0853169456973236e-05,23544,2ec2ba37fa8cbb0b
2,S03,seasonal,CoPx_R,right,2,MAE,0.0030650618004726426,23544,2ec2ba37fa8cbb0b
2,S03,seasonal,CoPx_R,right,2,SS_vs_persistence,4.7954338722178136e-08,23544,2ec2ba37fa8cbb0b
2,S03,seasonal,CoPx_R,right,2,SS_vs_seasonal,4.7954338722178136e-08,23544,2ec2ba37fa8cbb0b
2,S03,seasonal,CoPx_R,right,2,SS_vs_ar,-0.028880141499120215,23544,2ec2ba37fa8cbb0b
2,S03,seasonal,CoPx_R,right,2,SS_vs_probgru,0.4012499281638875,23544,2ec2ba37fa8cbb0b
2,S03,seasonal,CoPx_R,right,3,MSE,2.842249917082554e-05,23544,2ec2ba37fa8cbb0b
2,S03,seasonal,CoPx_R,right,3,MAE,0.0035583931382350952,23544,2ec2ba37fa8cbb0b
2,S03,seasonal,CoPx_R,right,3,SS_vs_persistence,3.518339319885655e-08,23544,2ec2ba37fa8cbb0b
2,S03,seasonal,CoPx_R,right,3,SS_vs_seasonal,3.518339319885655e-08,23544,2ec2ba37fa8cbb0b
2,S03,seasonal,CoPx_R,right,3,SS_vs_ar,-0.04905315137620536,23544,2ec2ba37fa8cbb0b
2,S03,seasonal,CoPx_R,right,3,SS_vs_probgru,0.30562943266623244,23544,2ec2ba37fa8cbb0b
2,S03,seasonal,CoPx_R,right,4,MSE,3.459982739069612e-05,23544,2ec2ba37fa8cbb0b
2,S03,seasonal,CoPx_R,right,4,MAE,0.003949554738881092,23544,2ec2ba37fa8cbb0b
2,S03,seasonal,CoPx_R,right,4,SS_vs_persistence,2.8901877557885314e-08,23544,2ec2ba37fa8cbb0b
2,S03,seasonal,CoPx_R,right,4,SS_vs_seasonal,2.8901877557885314e-08,23544,2ec2ba37fa8cbb0b
2,S03,seasonal,CoPx_R,right,4,SS_vs_ar,-0.07502570727522362,23544,2ec2ba37fa8cbb0b
2,S03,seasonal,CoPx_R,right,4,SS_vs_probgru,0.23631903742667004,23544,2ec2ba37fa8cbb0b
2,S03,seasonal,CoPx_R,right,5,MSE,4.005952675769561e-05,23544,2ec2ba37fa8cbb0b
2,S03,seasonal,CoPx_R,right,5,MAE,0.004251704816451718,23544,2ec2ba37fa8cbb0b
2,S03,seasonal,CoPx_R,right,5,SS_vs_persistence,2.496285045339164e-08,23544,2ec2ba37fa8cbb0b
2,S03,seasonal,CoPx_R,right,5,SS_vs_seasonal,2.496285045339164e-08,23544,2ec2ba37fa8cbb0b
2,S03,seasonal,CoPx_R,right,5,SS_vs_ar,-0.1112585431116444,23544,2ec2ba37fa8cbb0b
2,S03,seasonal,CoPx_R,right,5,SS_vs_probgru,0.1788749858922284,23544,2ec2ba37fa8cbb0b
2,S03,seasonal,CoPx_R,right,6,MSE,4.464148918711922e-05,23544,2ec2ba37fa8cbb0b
2,S03,seasonal,CoPx_R,right,6,MAE,0.004488339188126666,23544,2ec2ba37fa8cbb0b
2,S03,seasonal,CoPx_R,right,6,SS_vs_persistence,2.2400685972812084e-08,23544,2ec2ba37fa8cbb0b
2,S03,seasonal,CoPx_R,right,6,SS_vs_seasonal,2.2400685972812084e-08,23544,2ec2ba37fa8cbb0b
2,S03,seasonal,CoPx_R,right,6,SS_vs_ar,-0.14029465975783562,23544,2ec2ba37fa8cbb0b
2,S03,seasonal,CoPx_R,right,6,SS_vs_probgru,0.1340207645569762,23544,2ec2ba37fa8cbb0b
2,S03,seasonal,CoPx_R,right,all,MSE,3.015153089979719e-05,23544,2ec2ba37fa8cbb0b
2,S03,seasonal,CoPx_R,right,all,MAE,0.003609588577902298,23544,2ec2ba37fa8cbb0b
2,S03,seasonal,CoPx_R,right,all,Hausdorff,2.8953795824734456,23544,2ec2ba37fa8cbb0b
2,S03,seasonal,CoPx_R,right,all,SS_vs_persistence,3.3165810653379424e-08,23544,2ec2ba37fa8cbb0b
2,S03,seasonal,CoPx_R,right,all,HD_ratio_vs_persistence,1.0,23544,2ec2ba37fa8cbb0b
2,S03,seasonal,CoPx_R,right,all,SS_vs_seasonal,3.3165810653379424e-08,23544,2ec2ba37fa8cbb0b
2,S03,seasonal,CoPx_R,right,all,HD_ratio_vs_seasonal,1.0,23544,2ec2ba37fa8cbb0b
2,S03,seasonal,CoPx_R,right,all,SS_vs_ar,-0.0843778998598732,23544,2ec2ba37fa8cbb0b
2,S03,seasonal,CoPx_R,right,all,HD_ratio_vs_ar,1.1700835616408538,23544,2ec2ba37fa8cbb0b
2,S03,seasonal,CoPx_R,right,all,SS_vs_probgru,0.27053378154001473,23544,2ec2ba37fa8cbb0b
2,S03,seasonal,CoPx_R,right,all,HD_ratio_vs_probgru,1.0828478217299289,23544,2ec2ba37fa8cbb0b
2,S03,seasonal,CoPy_R,right,1,MSE,1.0428356153844632e-05,23544,2ec2ba37fa8cbb0b
2,S03,seasonal,CoPy_R,right,1,MAE,0.0022298393740873084,23544,2ec2ba37fa8cbb0b
2,S03,seasonal,CoPy_R,right,1,SS_vs_persistence,9.589238114671161e-08,23544,2ec2ba37fa8cbb0b
2,S03,seasonal,CoPy_R,right,1,SS_vs_seasonal,9.589238114671161e-08,23544,2ec2ba37fa8cbb0b
2,S03,seasonal,CoPy_R,right,1,SS_vs_ar,-0.049248248252373505,23544,2ec2ba37fa8cbb0b
2,S03,seasonal,CoPy_R,right,1,SS_vs_probgru,0.09719393321082881,23544,2ec2ba37fa8cbb0b
2,S03,seasonal,CoPy_R,right,2,MSE,1.9048354780702562e-05,23544,2ec2ba37fa8cbb0b
2,S03,seasonal,CoPy_R,right,2,MAE,0.0029868235143723507,23544,2ec2ba37fa8cbb0b
2,S03,seasonal,CoPy_R,right,2,SS_vs_persistence,5.249796941608764e-08,23544,2ec2ba37fa8cbb0b
2,S03,seasonal,CoPy_R,right,2,SS_vs_seasonal,5.249796941608764e-08,23544,2ec2ba37fa8cbb0b
2,S03,seasonal,CoPy_R,right,2,SS_vs_ar,-0.09921094783606454,23544,2ec2ba37fa8cbb0b
2,S03,seasonal,CoPy_R,right,2,SS_vs_probgru,-0.06901187707223233,23544,2ec2ba37fa8cbb0b
2,S03,seasonal,CoPy_R,right,3,MSE,2.598353319266468e-05,23544,2ec2ba37fa8cbb0b
2,S03,seasonal,CoPy_R,right,3,MAE,0.003466419142626547,23544,2ec2ba37fa8cbb0b
2,S03,seasonal,CoPy_R,right,3,SS_vs_persistence,3.8485911568741926e-08,23544,2ec2ba37fa8cbb0b
2,S03,seasonal,CoPy_R,right,3,SS_vs_seasonal,3.8485911568741926e-08,23544,2ec2ba37fa8cbb0b
2,S03,seasonal,CoPy_R,right,3,SS_vs_ar,-0.14267796109116304,23544,2ec2ba37fa8cbb0b
2,S03,seasonal,CoPy_R,right,3,SS_vs_probgru,-0.1436073601841057,23544,2ec2ba37fa8cbb0b
2,S03,seasonal,CoPy_R,right,4,MSE,3.18271490825561e-05,23544,2ec2ba37fa8cbb0b
2,S03,seasonal,CoPy_R,right,4,MAE,0.003832198475839031,23544,2ec2ba37fa8cbb0b
2,S03,seasonal,CoPy_R,right,4,SS_vs_persistence,3.141971560705059e-08,23544,2ec2ba37fa8cbb0b
2,S03,seasonal,CoPy_R,right,4,SS_vs_seasonal,3.141971560705059e-08,23544,2ec2ba37fa8cbb0b
2,S03,seasonal,CoPy_R,right,4,SS_vs_ar,-0.1808622370826023,23544,2ec2ba37fa8cbb0b
2,S03,seasonal,CoPy_R,right,4,SS_vs_probgru,-0.2008401796773318,23544,2ec2ba37fa8cbb0b
2,S03,seasonal,CoPy_R,right,5,MSE,3.6838142092759056e-05,23544,2ec2ba37fa8cbb0b
2,S03,seasonal,CoPy_R,right,5,MAE,0.004166019119308771,23544,2ec2ba37fa8cbb0b
2,S03,seasonal,CoPy_R,right,5,SS_vs_persistence,2.7145776626547047e-08,23544,2ec2ba37fa8cbb0b
2,S03,seasonal,CoPy_R,right,5,SS_vs_seasonal,2.7145776626547047e-08,23544,2ec2ba37fa8cbb0b
2,S03,seasonal,CoPy_R,right,5,SS_vs_ar,-0.21728150771689547,23544,2ec2ba37fa8cbb0b
2,S03,seasonal,CoPy_R,right,5,SS_vs_probgru,-0.25154521136433816,23544,2ec2ba37fa8cbb0b
2,S03,seasonal,CoPy_R,right,6,MSE,4.146253357799283e-05,23544,2ec2ba37fa8cbb0b
2,S03,seasonal,CoPy_R,right,6,MAE,0.004422067990205406,23544,2ec2ba37fa8cbb0b
2,S03,seasonal,CoPy_R,right,6,SS_vs_persistence,2.411815902547687e-08,23544,2ec2ba37fa8cbb0b
2,S03,seasonal,CoPy_R,right,6,SS_vs_seasonal,2.411815902547687e-08,23544,2ec2ba37fa8cbb0b
2,S03,seasonal,CoPy_R,right,6,SS_vs_ar,-0.25436755541128675,23544,2ec2ba37fa8cbb0b
2,S03,seasonal,CoPy_R,right,6,SS_vs_probgru,-0.30206665871423777,23544,2ec2ba37fa8cbb0b
2,S03,seasonal,CoPy_R,right,all,MSE,2.7598011480087303e-05,23544,2ec2ba37fa8cbb0b
2,S03,seasonal,CoPy_R,right,all,MAE,0.003517227936073236,23544,2ec2ba37fa8cbb0b
2,S03,seasonal,CoPy_R,right,all,Hausdorff,2.8952593094561236,23544,2ec2ba37fa8cbb0b
2,S03,seasonal,CoPy_R,right,all,SS_vs_persistence,3.623449329470674e-08,23544,2ec2ba37fa8cbb0b
2,S03,seasonal,CoPy_R,right,all,HD_ratio_vs_persistence,1.0,23544,2ec2ba37fa8cbb0b
2,S03,seasonal,CoPy_R,right,all,SS_vs_seasonal,3.623449329470674e-08,23544,2ec2ba37fa8cbb0b
2,S03,seasonal,CoPy_R,right,all,HD_ratio_vs_seasonal,1.0,23544,2ec2ba37fa8cbb0b
2,S03,seasonal,CoPy_R,right,all,SS_vs_ar,-0.18043813182105262,23544,2ec2ba37fa8cbb0b
2,S03,seasonal,CoPy_R,right,all,HD_ratio_vs_ar,1.14126929797747,23544,2ec2ba37fa8cbb0b
2,S03,seasonal,CoPy_R,right,all,SS_vs_probgru,-0.18385252661273999,23544,2ec2ba37fa8cbb0b
2,S03,seasonal,CoPy_R,right,all,HD_ratio_vs_probgru,1.098831969722742,23544,2ec2ba37fa8cbb0b
2,S03,ar,F_L,left,1,MSE,19.05019857731593,23910,2ec2ba37fa8cbb0b
2,S03,ar,F_L,left,1,MAE,2.497224271845191,23910,2ec2ba37fa8cbb0b
2,S03,ar,F_L,left,1,SS_vs_persistence,0.03282916961918425,23910,2ec2ba37fa8cbb0b
2,S03,ar,F_L,left,1,SS_vs_seasonal,0.03282916961918425,23910,2ec2ba37fa8cbb0b
2,S03,ar,F_L,left,1,SS_vs_ar,5.240252676230739e-14,23910,2ec2ba37fa8cbb0b
2,S03,ar,F_L,left,1,SS_vs_probgru,0.4904403438104008,23910,2ec2ba37fa8cbb0b
2,S03,ar,F_L,left,2,MSE,38.65324073166467,23910,2ec2ba37fa8cbb0b
2,S03,ar,F_L,left,2,MAE,3.580208939303145,23910,2ec2ba37fa8cbb0b
2,S03,ar,F_L,left,2,SS_vs_persistence,0.06389531043613639,23910,2ec2ba37fa8cbb0b
2,S03,ar,F_L,left,2,SS_vs_seasonal,0.06389531043613639,23910,2ec2ba37fa8cbb0b
2,S03,ar,F_L,left,2,SS_vs_ar,2.5868196473766147e-14,23910,2ec2ba37fa8cbb0b
2,S03,ar,F_L,left,2,SS_vs_probgru,0.29636214127436555,23910,2ec2ba37fa8cbb0b
2,S03,ar,F_L,left,3,MSE,54.35757890096114,23910,2ec2ba37fa8cbb0b
2,S03,ar,F_L,left,3,MAE,4.360031956170848,23910,2ec2ba37fa8cbb0b
2,S03,ar,F_L,left,3,SS_vs_persistence,0.09628277541480412,23910,2ec2ba37fa8cbb0b
2,S03,ar,F_L,left,3,SS_vs_seasonal,0.09628277541480412,23910,2ec2ba37fa8cbb0b
2,S03,ar,F_L,left,3,SS_vs_ar,1.84297022087776e-14,23910,2ec2ba37fa8cbb0b
2,S03,ar,F_L,left,3,SS_vs_probgru,0.21626059381845752,23910,2ec2ba37fa8cbb0b
2,S03,ar,F_L,left,4,MSE,68.08997591201134,23910,2ec2ba37fa8cbb0b
2,S03,ar,F_L,left,4,MAE,5.006720178292651,23910,2ec2ba37fa8cbb0b
2,S03,ar,F_L,left,4,SS_vs_persistence,0.12728357591695239,23910,2ec2ba37fa8cbb0b
2,S03,ar,F_L,left,4,SS_vs_seasonal,0.12728357591695239,23910,2ec2ba37fa8cbb0b
2,S03,ar,F_L,left,4,SS_vs_ar,1.4654943925052066e-14,23910,2ec2ba37fa8cbb0b
2,S03,ar,F_L,left,4,SS_vs_probgru,0.17491724007577325,23910,2ec2ba37fa8cbb0b
2,S03,ar,F_L,left,5,MSE,79.32606801092679,23910,2ec2ba37fa8cbb0b
2,S03,ar,F_L,left,5,MAE,5.474406760973118,23910,2ec2ba37fa8cbb0b
2,S03,ar,F_L,left,5,SS_vs_persistence,0.1551789533451985,23910,2ec2ba37fa8cbb0b
2,S03,ar,F_L,left,5,SS_vs_seasonal,0.1551789533451985,23910,2ec2ba37fa8cbb0b
2,S03,ar,F_L,left,5,SS_vs_ar,1.2545520178264269e-14,23910,2ec2ba37fa8cbb0b
2,S03,ar,F_L,left,5,SS_vs_probgru,0.15059859735235737,23910,2ec2ba37fa8cbb0b
2,S03,ar,F_L,left,6,MSE,88.04477295658717,23910,2ec2ba37fa8cbb0b
2,S03,ar,F_L,left,6,MAE,5.821156204058211,23910,2ec2ba37fa8cbb0b
2,S03,ar,F_L,left,6,SS_vs_persistence,0.1796576505155536,23910,2ec2ba37fa8cbb0b
2,S03,ar,F_L,left,6,SS_vs_seasonal,0.1796576505155536,23910,2ec2ba37fa8cbb0b
2,S03,ar,F_L,left,6,SS_vs_ar,1.1324274851176597e-14,23910,2ec2ba37fa8cbb0b
2,S03,ar,F_L,left,6,SS_vs_probgru,0.13729854738963,23910,2ec2ba37fa8cbb0b
2,S03,ar,F_L,left,all,MSE,57.920305848244375,23910,2ec2ba37fa8cbb0b
2,S03,ar,F_L,left,all,MAE,4.456624718440555,23910,2ec2ba37fa8cbb0b
2,S03,ar,F_L,left,all,Hausdorff,2.6707393528705845,23910,2ec2ba37fa8cbb0b
2,S03,ar,F_L,left,all,SS_vs_persistence,0.13202384439146764,23910,2ec2ba37fa8cbb0b
2,S03,ar,F_L,left,all,HD_ratio_vs_persistence,0.8840867261928794,23910,2ec2ba37fa8cbb0b
2,S03,ar,F_L,left,all,SS_vs_seasonal,0.13202384439146764,23910,2ec2ba37fa8cbb0b
2,S03,ar,F_L,left,all,HD_ratio_vs_seasonal,0.8840867261928794,23910,2ec2ba37fa8cbb0b
2,S03,ar,F_L,left,all,SS_vs_ar,1.7319479184152442e-14,23910,2ec2ba37fa8cbb0b
2,S03,ar,F_L,left,all,HD_ratio_vs_ar,1.0,23910,2ec2ba37fa8cbb0b
2,S03,ar,F_L,left,all,SS_vs_probgru,0.20954596449327945,23910,2ec2ba37fa8cbb0b
2,S03,ar,F_L,left,all,HD_ratio_vs_probgru,0.9192779466170062,23910,2ec2ba37fa8cbb0b
2,S03,ar,CoPx_L,left,1,MSE,1.7594136460640877e-05,23904,2ec2ba37fa8cbb0b
2,S03,ar,CoPx_L,left,1,MAE,0.0024409883525398817,23904,2ec2ba37fa8cbb0b
2,S03,ar,CoPx_L,left,1,SS_vs_persistence,-0.0557106664862812,23904,2ec2ba37fa8cbb0b
2,S03,ar,CoPx_L,left,1,SS_vs_seasonal,-0.0557106664862812,23904,2ec2ba37fa8cbb0b
2,S03,ar,CoPx_L,left,1,SS_vs_ar,5.6837114126295774e-08,23904,2ec2ba37fa8cbb0b
2,S03,ar,CoPx_L,left,1,SS_vs_probgru,0.5510567393247403,23904,2ec2ba37fa8cbb0b
2,S03,ar,CoPx_L,left,2,MSE,3.2188425826546934e-05,23904,2ec2ba37fa8cbb0b
2,S03,ar,CoPx_L,left,2,MAE,0.003171650627586292,23904,2ec2ba37fa8cbb0b
2,S03,ar,CoPx_L,left,2,SS_vs_persistence,-0.03118617340645402,23904,2ec2ba37fa8cbb0b
2,S03,ar,CoPx_L,left,2,SS_vs_seasonal,-0.03118617340645402,23904,2ec2ba37fa8cbb0b
2,S03,ar,CoPx_L,left,2,SS_vs_ar,3.106706669697701e-08,23904,2ec2ba37fa8cbb0b
2,S03,ar,CoPx_L,left,2,SS_vs_probgru,0.3587691471363875,23904,2ec2ba37fa8cbb0b
2,S03,ar,CoPx_L,left,3,MSE,4.5524666270250065e-05,23904,2ec2ba37fa8cbb0b
2,S03,ar,CoPx_L,left,3,MAE,0.0037106600685445903,23904,2ec2ba37fa8cbb0b
2,S03,ar,CoPx_L,left,3,SS_vs_persistence,-0.0088977228857261,23904,2ec2ba37fa8cbb0b
2,S03,ar,CoPx_L,left,3,SS_vs_seasonal,-0.0088977228857261,23904,2ec2ba37fa8cbb0b
2,S03,ar,CoPx_L,left,3,SS_vs_ar,2.1966113372684504e-08,23904,2ec2ba37fa8cbb0b
2,S03,ar,CoPx_L,left,3,SS_vs_probgru,0.23564314352713,23904,2ec2ba37fa8cbb0b
2,S03,ar,CoPx_L,left,4,MSE,5.78149990098141e-05,23904,2ec2ba37fa8cbb0b
2,S03,ar,CoPx_L,left,4,MAE,0.0041045018268081246,23904,2ec2ba37fa8cbb0b
2,S03,ar,CoPx_L,left,4,SS_vs_persistence,0.04774807624348143,23904,2ec2ba37fa8cbb0b
2,S03,ar,CoPx_L,left,4,SS_vs_seasonal,0.04774807624348143,23904,2ec2ba37fa8cbb0b
2,S03,ar,CoPx_L,left,4,SS_vs_ar,1.729654941495795e-08,23904,2ec2ba37fa8cbb0b
2,S03,ar,CoPx_L,left,4,SS_vs_probgru,0.1513643960693658,23904,2ec2ba37fa8cbb0b
2,S03,ar,CoPx_L,left,5,MSE,6.821271633546564e-05,23904,2ec2ba37fa8cbb0b
2,S03,ar,CoPx_L,left,5,MAE,0.0044320631020770785,23904,2ec2ba37fa8cbb0b
2,S03,ar,CoPx_L,left,5,SS_vs_persistence,0.09220706036923076,23904,2ec2ba37fa8cbb0b
2,S03,ar,CoPx_L,left,5,SS_vs_seasonal,0.09220706036923076,23904,2ec2ba37fa8cbb0b
2,S03,ar,CoPx_L,left,5,SS_vs_ar,1.4660022862322819e-08,23904,2ec2ba37fa8cbb0b
2,S03,ar,CoPx_L,left,5,SS_vs_probgru,0.10436441185434353,23904,2ec2ba37fa8cbb0b
2,S03,ar,CoPx_L,left,6,MSE,7.666190067592633e-05,23904,2ec2ba37fa8cbb0b
2,S03,ar,CoPx_L,left,6,MAE,0.004665599469295674,23904,2ec2ba37fa8cbb0b
2,S03,ar,CoPx_L,left,6,SS_vs_persistence,0.1374158812297468,23904,2ec2ba37fa8cbb0b
2,S03,ar,CoPx_L,left,6,SS_vs_seasonal,0.1374158812297468,23904,2ec2ba37fa8cbb0b
2,S03,ar,CoPx_L,left,6,SS_vs_ar,1.3044288982300145e-08,23904,2ec2ba37fa8cbb0b
2,S03,ar,CoPx_L,left,6,SS_vs_probgru,0.08006808196333459,23904,2ec2ba37fa8cbb0b
2,S03,ar,CoPx_L,left,all,MSE,4.9666140763107525e-05,23904,2ec2ba37fa8cbb0b
2,S03,ar,CoPx_L,left,all,MAE,0.0037542439078086,23904,2ec2ba37fa8cbb0b
2,S03,ar,CoPx_L,left,all,Hausdorff,2.5312492603401897,23904,2ec2ba37fa8cbb0b
2,S03,ar,CoPx_L,left,all,SS_vs_persistence,0.06211773726208247,23904,2ec2ba37fa8cbb0b
2,S03,ar,CoPx_L,left,all,HD_ratio_vs_persistence,0.8728518715048769,23904,2ec2ba37fa8cbb0b
2,S03,ar,CoPx_L,left,all,SS_vs_seasonal,0.06211773726208247,23904,2ec2ba37fa8cbb0b
2,S03,ar,CoPx_L,left,all,HD_ratio_vs_seasonal,0.8728518715048769,23904,2ec2ba37fa8cbb0b
2,S03,ar,CoPx_L,left,all,SS_vs_ar,2.0134441003349934e-08,23904,2ec2ba37fa8cbb0b
2,S03,ar,CoPx_L,left,all,HD_ratio_vs_ar,1.0,23904,2ec2ba37fa8cbb0b
2,S03,ar,CoPx_L,left,all,SS_vs_probgru,0.20865481763592075,23904,2ec2ba37fa8cbb0b
2,S03,ar,CoPx_L,left,all,HD_ratio_vs_probgru,0.9220405033808651,23904,2ec2ba37fa8cbb0b
2,S03,ar,CoPy_L,left,1,MSE,1.9086293294367088e-05,23904,2ec2ba37fa8cbb0b
2,S03,ar,CoPy_L,left,1,MAE,0.002562416384204201,23904,2ec2ba37fa8cbb0b
2,S03,ar,CoPy_L,left,1,SS_vs_persistence,0.018739696825504804,23904,2ec2ba37fa8cbb0b
2,S03,ar,CoPy_L,left,1,SS_vs_seasonal,0.018739696825504804,23904,2ec2ba37fa8cbb0b
2,S03,ar,CoPy_L,left,1,SS_vs_ar,5.2393617333557074e-08,23904,2ec2ba37fa8cbb0b
2,S03,ar,CoPy_L,left,1,SS_vs_probgru,0.5043869605858298,23904,2ec2ba37fa8cbb0b
2,S03,ar,CoPy_L,left,2,MSE,3.198790846081571e-05,23904,2ec2ba37fa8cbb0b
2,S03,ar,CoPy_L,left,2,MAE,0.0033753532973913127,23904,2ec2ba37fa8cbb0b
2,S03,ar,CoPy_L,left,2,SS_vs_persistence,0.06141258756178847,23904,2ec2ba37fa8cbb0b
2,S03,ar,CoPy_L,left,2,SS_vs_seasonal,0.06141258756178847,23904,2ec2ba37fa8cbb0b
2,S03,ar,CoPy_L,left,2,SS_vs_ar,3.1261811694882624e-08,23904,2ec2ba37fa8cbb0b
2,S03,ar,CoPy_L,left,2,SS_vs_probgru,0.33935333146715974,23904,2ec2ba37fa8cbb0b
2,S03,ar,CoPy_L,left,3,MSE,4.275053382206665e-05,23904,2ec2ba37fa8cbb0b
2,S03,ar,CoPy_L,left,3,MAE,0.003945827035203673,23904,2ec2ba37fa8cbb0b
2,S03,ar,CoPy_L,left,3,SS_vs_persistence,0.1028642362478851,23904,2ec2ba37fa8cbb0b
2,S03,ar,CoPy_L,left,3,SS_vs_seasonal,0.1028642362478851,23904,2ec2ba37fa8cbb0b
2,S03,ar,CoPy_L,left,3,SS_vs_ar,2.3391520276305755e-08,23904,2ec2ba37fa8cbb0b
2,S03,ar,CoPy_L,left,3,SS_vs_probgru,0.24033741667773412,23904,2ec2ba37fa8cbb0b
2,S03,ar,CoPy_L,left,4,MSE,5.08814487156329e-05,23904,2ec2ba37fa8cbb0b
2,S03,ar,CoPy_L,left,4,MAE,0.004360303199091547,23904,2ec2ba37fa8cbb0b
2,S03,ar,CoPy_L,left,4,SS_vs_persistence,0.13066250965551407,23904,2ec2ba37fa8cbb0b
2,S03,ar,CoPy_L,left,4,SS_vs_seasonal,0.13066250965551407,23904,2ec2ba37fa8cbb0b
2,S03,ar,CoPy_L,left,4,SS_vs_ar,1.965352813826371e-08,23904,2ec2ba37fa8cbb0b
2,S03,ar,CoPy_L,left,4,SS_vs_probgru,0.18744846493740308,23904,2ec2ba37fa8cbb0b
2,S03,ar,CoPy_L,left,5,MSE,5.732877244983929e-05,23904,2ec2ba37fa8cbb0b
2,S03,ar,CoPy_L,left,5,MAE,0.004650383090883265,23904,2ec2ba37fa8cbb0b
2,S03,ar,CoPy_L,left,5,SS_vs_persistence,0.14592774775601636,23904,2ec2ba37fa8cbb0b
2,S03,ar,CoPy_L,left,5,SS_vs_seasonal,0.14592774775601636,23904,2ec2ba37fa8cbb0b
2,S03,ar,CoPy_L,left,5,SS_vs_ar,1.7443247846138377e-08,23904,2ec2ba37fa8cbb0b
2,S03,ar,CoPy_L,left,5,SS_vs_probgru,0.14710301177934415,23904,2ec2ba37fa8cbb0b
2,S03,ar,CoPy_L,left,6,MSE,6.330972962673633e-05,23904,2ec2ba37fa8cbb0b
2,S03,ar,CoPy_L,left,6,MAE,0.004903362486963703,23904,2ec2ba37fa8cbb0b
2,S03,ar,CoPy_L,left,6,SS_vs_persistence,0.15936825854369752,23904,2ec2ba37fa8cbb0b
2,S03,ar,CoPy_L,left,6,SS_vs_seasonal,0.15936825854369752,23904,2ec2ba37fa8cbb0b
2,S03,ar,CoPy_L,left,6,SS_vs_ar,1.579536013096572e-08,23904,2ec2ba37fa8cbb0b
2,S03,ar,CoPy_L,left,6,SS_vs_probgru,0.10834731490965266,23904,2ec2ba37fa8cbb0b
2,S03,ar,CoPy_L,left,all,MSE,4.422411439490958e-05,23904,2ec2ba37fa8cbb0b
2,S03,ar,CoPy_L,left,all,MAE,0.003966274248956275,23904,2ec2ba37fa8cbb0b
2,S03,ar,CoPy_L,left,all,Hausdorff,2.606520172986783,23904,2ec2ba37fa8cbb0b
2,S03,ar,CoPy_L,left,all,SS_vs_persistence,0.12180865523713769,23904,2ec2ba37fa8cbb0b
2,S03,ar,CoPy_L,left,all,HD_ratio_vs_persistence,0.8932547613695301,23904,2ec2ba37fa8cbb0b
2,S03,ar,CoPy_L,left,all,SS_vs_seasonal,0.12180865523713769,23904,2ec2ba37fa8cbb0b
2,S03,ar,CoPy_L,left,all,HD_ratio_vs_seasonal,0.8932547613695301,23904,2ec2ba37fa8cbb0b
2,S03,ar,CoPy_L,left,all,SS_vs_ar,2.2612097305696466e-08,23904,2ec2ba37fa8cbb0b
2,S03,ar,CoPy_L,left,all,HD_ratio_vs_ar,1.0,23904,2ec2ba37fa8cbb0b
2,S03,ar,CoPy_L,left,all,SS_vs_probgru,0.22874737501273135,23904,2ec2ba37fa8cbb0b
2,S03,ar,CoPy_L,left,all,HD_ratio_vs_probgru,0.9182116419778765,23904,2ec2ba37fa8cbb0b
2,S03,ar,F_R,right,1,MSE,23.23651017623394,23910,2ec2ba37fa8cbb0b
2,S03,ar,F_R,right,1,MAE,3.34951112326329,23910,2ec2ba37fa8cbb0b
2,S03,ar,F_R,right,1,SS_vs_persistence,0.07559577887388447,23910,2ec2ba37fa8cbb0b
2,S03,ar,F_R,right,1,SS_vs_seasonal,0.07559577887388447,23910,2ec2ba37fa8cbb0b
2,S03,ar,F_R,right,1,SS_vs_ar,4.296563105299356e-14,23910,2ec2ba37fa8cbb0b
2,S03,ar,F_R,right,1,SS_vs_probgru,0.21987762272786537,23910,2ec2ba37fa8cbb0b
2,S03,ar,F_R,right,2,MSE,51.14172011901254,23910,2ec2ba37fa8cbb0b
2,S03,ar,F_R,right,2,MAE,4.992929890658958,23910,2ec2ba37fa8cbb0b
2,S03,ar,F_R,right,2,SS_vs_persistence,0.10496823478013617,23910,2ec2ba37fa8cbb0b
2,S03,ar,F_R,right,2,SS_vs_seasonal,0.10496823478013617,23910,2ec2ba37fa8cbb0b
2,S03,ar,F_R,right,2,SS_vs_ar,1.9539925233402755e-14,23910,2ec2ba37fa8cbb0b
2,S03,ar,F_R,right,2,SS_vs_probgru,0.1146173243604568,23910,2ec2ba37fa8cbb0b
2,S03,ar,F_R,right,3,MSE,72.85409693178177,23910,2ec2ba37fa8cbb0b
2,S03,ar,F_R,right,3,MAE,6.099723245156968,23910,2ec2ba37fa8cbb0b
2,S03,ar,F_R,right,3,SS_vs_persistence,0.14642624215361588,23910,2ec2ba37fa8cbb0b
2,S03,ar,F_R,right,3,SS_vs_seasonal,0.14642624215361588,23910,2ec2ba37fa8cbb0b
2,S03,ar,F_R,right,3,SS_vs_ar,1.3655743202889425e-14,23910,2ec2ba37fa8cbb0b
2,S03,ar,F_R,right,3,SS_vs_probgru,0.07989930489746222,23910,2ec2ba37fa8cbb0b
2,S03,ar,F_R,right,4,MSE,88.8903681873347,23910,2ec2ba37fa8cbb0b
2,S03,ar,F_R,right,4,MAE,6.85481161903137,23910,2ec2ba37fa8cbb0b
2,S03,ar,F_R,right,4,SS_vs_persistence,0.18518924064245534,23910,2ec2ba37fa8cbb0b
2,S03,ar,F_R,right,4,SS_vs_seasonal,0.18518924064245534,23910,2ec2ba37fa8cbb0b
2,S03,ar,F_R,right,4,SS_vs_ar,1.1213252548714081e-14,23910,2ec2ba37fa8cbb0b
2,S03,ar,F_R,right,4,SS_vs_probgru,0.060709406878749705,23910,2ec2ba37fa8cbb0b
2,S03,ar,F_R,right,5,MSE,100.14162733645573,23910,2ec2ba37fa8cbb0b
2,S03,ar,F_R,right,5,MAE,7.331060690924932,23910,2ec2ba37fa8cbb0b
2,S03,ar,F_R,right,5,SS_vs_persistence,0.21941060595513673,23910,2ec2ba37fa8cbb0b
2,S03,ar,F_R,right,5,SS_vs_seasonal,0.21941060595513673,23910,2ec2ba37fa8cbb0b
2,S03,ar,F_R,right,5,SS_vs_ar,9.880984919163893e-15,23910,2ec2ba37fa8cbb0b
2,S03,ar,F_R,right,5,SS_vs_probgru,0.05015074705631517,23910,2ec2ba37fa8cbb0b
2,S03,ar,F_R,right,6,MSE,107.47846644291168,23910,2ec2ba37fa8cbb0b
2,S03,ar,F_R,right,6,MAE,7.597410716216966,23910,2ec2ba37fa8cbb0b
2,S03,ar,F_R,right,6,SS_vs_persistence,0.2504230995406024,23910,2ec2ba37fa8cbb0b
2,S03,ar,F_R,right,6,SS_vs_seasonal,0.2504230995406024,23910,2ec2ba37fa8cbb0b
2,S03,ar,F_R,right,6,SS_vs_ar,9.2148511043888e-15,23910,2ec2ba37fa8cbb0b
2,S03,ar,F_R,right,6,SS_vs_probgru,0.05007689830127893,23910,2ec2ba37fa8cbb0b
2,S03,ar,F_R,right,all,MSE,73.95713153228847,23910,2ec2ba37fa8cbb0b
2,S03,ar,F_R,right,all,MAE,6.0375745475421025,23910,2ec2ba37fa8cbb0b
2,S03,ar,F_R,right,all,Hausdorff,2.4989517201040834,23910,2ec2ba37fa8cbb0b
2,S03,ar,F_R,right,all,SS_vs_persistence,0.19083612378309367,23910,2ec2ba37fa8cbb0b
2,S03,ar,F_R,right,all,HD_ratio_vs_persistence,0.8364999802468598,23910,2ec2ba37fa8cbb0b
2,S03,ar,F_R,right,all,SS_vs_seasonal,0.19083612378309367,23910,2ec2ba37fa8cbb0b
2,S03,ar,F_R,right,all,HD_ratio_vs_seasonal,0.8364999802468598,23910,2ec2ba37fa8cbb0b
2,S03,ar,F_R,right,all,SS_vs_ar,1.3433698597964394e-14,23910,2ec2ba37fa8cbb0b
2,S03,ar,F_R,right,all,HD_ratio_vs_ar,1.0,23910,2ec2ba37fa8cbb0b
2,S03,ar,F_R,right,all,SS_vs_probgru,0.07541559985457336,23910,2ec2ba37fa8cbb0b
2,S03,ar,F_R,right,all,HD_ratio_vs_probgru,0.9220545247726092,23910,2ec2ba37fa8cbb0b
2,S03,ar,CoPx_R,right,1,MSE,1.2087931626677095e-05,23544,2ec2ba37fa8cbb0b
2,S03,ar,CoPx_R,right,1,MAE,0.002341595684693087,23544,2ec2ba37fa8cbb0b
2,S03,ar,CoPx_R,right,1,SS_vs_persistence,0.019845071729840957,23544,2ec2ba37fa8cbb0b
2,S03,ar,CoPx_R,right,1,SS_vs_seasonal,0.019845071729840957,23544,2ec2ba37fa8cbb0b
2,S03,ar,CoPx_R,right,1,SS_vs_ar,8.272713214463323e-08,23544,2ec2ba37fa8cbb0b
2,S03,ar,CoPx_R,right,1,SS_vs_probgru,0.5455400585212425,23544,2ec2ba37fa8cbb0b
2,S03,ar,CoPx_R,right,2,MSE,2.026783061213445e-05,23544,2ec2ba37fa8cbb0b
2,S03,ar,CoPx_R,right,2,MAE,0.0030090106843589,23544,2ec2ba37fa8cbb0b
2,S03,ar,CoPx_R,right,2,SS_vs_persistence,0.02806958520031899,23544,2ec2ba37fa8cbb0b
2,S03,ar,CoPx_R,right,2,SS_vs_seasonal,0.02806958520031899,23544,2ec2ba37fa8cbb0b
2,S03,ar,CoPx_R,right,2,SS_vs_ar,4.93392691147676e-08,23544,2ec2ba37fa8cbb0b
2,S03,ar,CoPx_R,right,2,SS_vs_probgru,0.41805656641227584,23544,2ec2ba37fa8cbb0b
2,S03,ar,CoPx_R,right,3,MSE,2.7093477660770762e-05,23544,2ec2ba37fa8cbb0b
2,S03,ar,CoPx_R,right,3,MAE,0.0034030903360719217,23544,2ec2ba37fa8cbb0b
2,S03,ar,CoPx_R,right,3,SS_vs_persistence,0.046759521578575325,23544,2ec2ba37fa8cbb0b
2,S03,ar,CoPx_R,right,3,SS_vs_seasonal,0.046759521578575325,23544,2ec2ba37fa8cbb0b
2,S03,ar,CoPx_R,right,3,SS_vs_ar,3.690925076682561e-08,23544,2ec2ba37fa8cbb0b
2,S03,ar,CoPx_R,right,3,SS_vs_probgru,0.3380978449050396,23544,2ec2ba37fa8cbb0b
2,S03,ar,CoPx_R,right,4,MSE,3.218511527818963e-05,23544,2ec2ba37fa8cbb0b
2,S03,ar,CoPx_R,right,4,MAE,0.003700726594102031,23544,2ec2ba37fa8cbb0b
2,S03,ar,CoPx_R,right,4,SS_vs_persistence,0.06978974245883296,23544,2ec2ba37fa8cbb0b
2,S03,ar,CoPx_R,right,4,SS_vs_seasonal,0.06978974245883296,23544,2ec2ba37fa8cbb0b
2,S03,ar,CoPx_R,right,4,SS_vs_ar,3.107026225190879e-08,23544,2ec2ba37fa8cbb0b
2,S03,ar,CoPx_R,right,4,SS_vs_probgru,0.2896161145939483,23544,2ec2ba37fa8cbb0b
2,S03,ar,CoPx_R,right,5,MSE,3.604878981111457e-05,23544,2ec2ba37fa8cbb0b
2,S03,ar,CoPx_R,right,5,MAE,0.003917979999520318,23544,2ec2ba37fa8cbb0b
2,S03,ar,CoPx_R,right,5,SS_vs_persistence,0.1001194515032835,23544,2ec2ba37fa8cbb0b
2,S03,ar,CoPx_R,right,5,SS_vs_seasonal,0.1001194515032835,23544,2ec2ba37fa8cbb0b
2,S03,ar,CoPx_R,right,5,SS_vs_ar,2.774018159623637e-08,23544,2ec2ba37fa8cbb0b
2,S03,ar,CoPx_R,right,5,SS_vs_probgru,0.26108555347491347,23544,2ec2ba37fa8cbb0b
2,S03,ar,CoPx_R,right,6,MSE,3.914908104217999e-05,23544,2ec2ba37fa8cbb0b
2,S03,ar,CoPx_R,right,6,MAE,0.004069968407953034,23544,2ec2ba37fa8cbb0b
2,S03,ar,CoPx_R,right,6,SS_vs_persistence,0.12303373211595892,23544,2ec2ba37fa8cbb0b
2,S03,ar,CoPx_R,right,6,SS_vs_seasonal,0.12303373211595892,23544,2ec2ba37fa8cbb0b
2,S03,ar,CoPx_R,right,6,SS_vs_ar,2.554338318638827e-08,23544,2ec2ba37fa8cbb0b
2,S03,ar,CoPx_R,right,6,SS_vs_probgru,0.24056540481660027,23544,2ec2ba37fa8cbb0b
2,S03,ar,CoPx_R,right,all,MSE,2.780537100517778e-05,23544,2ec2ba37fa8cbb0b
2,S03,ar,CoPx_R,right,all,MAE,0.003407061951116574,23544,2ec2ba37fa8cbb0b
2,S03,ar,CoPx_R,right,all,Hausdorff,2.4745066740474004,23544,2ec2ba37fa8cbb0b
2,S03,ar,CoPx_R,right,all,SS_vs_persistence,0.07781232815687189,23544,2ec2ba37fa8cbb0b
2,S03,ar,CoPx_R,right,all,HD_ratio_vs_persistence,0.8546398161492509,23544,2ec2ba37fa8cbb0b
2,S03,ar,CoPx_R,right,all,SS_vs_seasonal,0.07781232815687189,23544,2ec2ba37fa8cbb0b
2,S03,ar,CoPx_R,right,all,HD_ratio_vs_seasonal,0.8546398161492509,23544,2ec2ba37fa8cbb0b
2,S03,ar,CoPx_R,right,all,SS_vs_ar,3.596427333718566e-08,23544,2ec2ba37fa8cbb0b
2,S03,ar,CoPx_R,right,all,HD_ratio_vs_ar,1.0,23544,2ec2ba37fa8cbb0b
2,S03,ar,CoPx_R,right,all,SS_vs_probgru,0.32729522399937616,23544,2ec2ba37fa8cbb0b
2,S03,ar,CoPx_R,right,all,HD_ratio_vs_probgru,0.9254448632808832,23544,2ec2ba37fa8cbb0b
2,S03,ar,CoPy_R,right,1,MSE,9.938882549449893e-06,23544,2ec2ba37fa8cbb0b
2,S03,ar,CoPy_R,right,1,MAE,0.0021981815779634805,23544,2ec2ba37fa8cbb0b
2,S03,ar,CoPy_R,right,1,SS_vs_persistence,0.04693688537645491,23544,2ec2ba37fa8cbb0b
2,S03,ar,CoPy_R,right,1,SS_vs_seasonal,0.04693688537645491,23544,2ec2ba37fa8cbb0b
2,S03,ar,CoPy_R,right,1,SS_vs_ar,1.0061492261570493e-07,23544,2ec2ba37fa8cbb0b
2,S03,ar,CoPy_R,right,1,SS_vs_probgru,0.13956875557607928,23544,2ec2ba37fa8cbb0b
2,S03,ar,CoPy_R,right,2,MSE,1.7329115688840895e-05,23544,2ec2ba37fa8cbb0b
2,S03,ar,CoPy_R,right,2,MAE,0.0028827360685438133,23544,2ec2ba37fa8cbb0b
2,S03,ar,CoPy_R,right,2,SS_vs_persistence,0.09025661383348305,23544,2ec2ba37fa8cbb0b
2,S03,ar,CoPy_R,right,2,SS_vs_seasonal,0.09025661383348305,23544,2ec2ba37fa8cbb0b
2,S03,ar,CoPy_R,right,2,SS_vs_ar,5.770634581292455e-08,23544,2ec2ba37fa8cbb0b
2,S03,ar,CoPy_R,right,2,SS_vs_probgru,0.027473464044414753,23544,2ec2ba37fa8cbb0b
2,S03,ar,CoPy_R,right,3,MSE,2.2739155680551147e-05,23544,2ec2ba37fa8cbb0b
2,S03,ar,CoPy_R,right,3,MAE,0.0032919624950610584,23544,2ec2ba37fa8cbb0b
2,S03,ar,CoPy_R,right,3,SS_vs_persistence,0.12486286461483143,23544,2ec2ba37fa8cbb0b
2,S03,ar,CoPy_R,right,3,SS_vs_seasonal,0.12486286461483143,23544,2ec2ba37fa8cbb0b
2,S03,ar,CoPy_R,right,3,SS_vs_ar,4.39770047044874e-08,23544,2ec2ba37fa8cbb0b
2,S03,ar,CoPy_R,right,3,SS_vs_probgru,-0.0008133077141252443,23544,2ec2ba37fa8cbb0b
2,S03,ar,CoPy_R,right,4,MSE,2.6952464819541458e-05,23544,2ec2ba37fa8cbb0b
2,S03,ar,CoPy_R,right,4,MAE,0.003602449182487801,23544,2ec2ba37fa8cbb0b
2,S03,ar,CoPy_R,right,4,SS_vs_persistence,0.15316122399807242,23544,2ec2ba37fa8cbb0b
2,S03,ar,CoPy_R,right,4,SS_vs_seasonal,0.15316122399807242,23544,2ec2ba37fa8cbb0b
2,S03,ar,CoPy_R,right,4,SS_vs_ar,3.710235663145767e-08,23544,2ec2ba37fa8cbb0b
2,S03,ar,CoPy_R,right,4,SS_vs_probgru,-0.01691805988316264,23544,2ec2ba37fa8cbb0b
2,S03,ar,CoPy_R,right,5,MSE,3.026263082281624e-05,23544,2ec2ba37fa8cbb0b
2,S03,ar,CoPy_R,right,5,MAE,0.0038456562878407927,23544,2ec2ba37fa8cbb0b
2,S03,ar,CoPy_R,right,5,SS_vs_persistence,0.1784973866186894,23544,2ec2ba37fa8cbb0b
2,S03,ar,CoPy_R,right,5,SS_vs_seasonal,0.1784973866186894,23544,2ec2ba37fa8cbb0b
2,S03,ar,CoPy_R,right,5,SS_vs_ar,3.3044052605291085e-08,23544,2ec2ba37fa8cbb0b
2,S03,ar,CoPy_R,right,5,SS_vs_probgru,-0.028147689810535947,23544,2ec2ba37fa8cbb0b
2,S03,ar,CoPy_R,right,6,MSE,3.305453185930848e-05,23544,2ec2ba37fa8cbb0b
2,S03,ar,CoPy_R,right,6,MAE,0.004024560083462388,23544,2ec2ba37fa8cbb0b
2,S03,ar,CoPy_R,right,6,SS_vs_persistence,0.2027855461384912,23544,2ec2ba37fa8cbb0b
2,S03,ar,CoPy_R,right,6,SS_vs_seasonal,0.2027855461384912,23544,2ec2ba37fa8cbb0b
2,S03,ar,CoPy_R,right,6,SS_vs_ar,3.025303696446713e-08,23544,2ec2ba37fa8cbb0b
2,S03,ar,CoPy_R,right,6,SS_vs_probgru,-0.038026385253435935,23544,2ec2ba37fa8cbb0b
2,S03,ar,CoPy_R,right,all,MSE,2.3379463570084725e-05,23544,2ec2ba37fa8cbb0b
2,S03,ar,CoPy_R,right,all,MAE,0.0033075909492265624,23544,2ec2ba37fa8cbb0b
2,S03,ar,CoPy_R,right,all,Hausdorff,2.536876541397401,23544,2ec2ba37fa8cbb0b
2,S03,ar,CoPy_R,right,all,SS_vs_persistence,0.1528569824746029,23544,2ec2ba37fa8cbb0b
2,S03,ar,CoPy_R,right,all,HD_ratio_vs_persistence,0.8762173851273981,23544,2ec2ba37fa8cbb0b
2,S03,ar,CoPy_R,right,all,SS_vs_seasonal,0.1528569824746029,23544,2ec2ba37fa8cbb0b
2,S03,ar,CoPy_R,right,all,HD_ratio_vs_seasonal,0.8762173851273981,23544,2ec2ba37fa8cbb0b
2,S03,ar,CoPy_R,right,all,SS_vs_ar,4.2772579145200496e-08,23544,2ec2ba37fa8cbb0b
2,S03,ar,CoPy_R,right,all,HD_ratio_vs_ar,1.0,23544,2ec2ba37fa8cbb0b
2,S03,ar,CoPy_R,right,all,SS_vs_probgru,-0.0028924380390813464,23544,2ec2ba37fa8cbb0b
2,S03,ar,CoPy_R,right,all,HD_ratio_vs_probgru,0.9628156752048492,23544,2ec2ba37fa8cbb0b
2,S03,probgru,F_L,left,1,MSE,37.38560999858108,23910,2ec2ba37fa8cbb0b
2,S03,probgru,F_L,left,1,MAE,3.2066173632974855,23910,2ec2ba37fa8cbb0b
2,S03,probgru,F_L,left,1,SS_vs_persistence,-0.8980522076907138,23910,2ec2ba37fa8cbb0b
2,S03,probgru,F_L,left,1,SS_vs_seasonal,-0.8980522076907138,23910,2ec2ba37fa8cbb0b
2,S03,probgru,F_L,left,1,SS_vs_ar,-0.9624787556333472,23910,2ec2ba37fa8cbb0b
2,S03,probgru,F_L,left,1,SS_vs_probgru,2.6756374893466273e-14,23910,2ec2ba37fa8cbb0b
2,S03,probgru,F_L,left,2,MSE,54.933429536706896,23910,2ec2ba37fa8cbb0b
2,S03,probgru,F_L,left,2,MAE,4.169592993229187,23910,2ec2ba37fa8cbb0b
2,S03,probgru,F_L,left,2,SS_vs_persistence,-0.3303785149639833,23910,2ec2ba37fa8cbb0b
2,S03,probgru,F_L,left,2,SS_vs_seasonal,-0.3303785149639833,23910,2ec2ba37fa8cbb0b
2,S03,probgru,F_L,left,2,SS_vs_ar,-0.421185610750203,23910,2ec2ba37fa8cbb0b
2,S03,probgru,F_L,left,2,SS_vs_probgru,1.8207657603852567e-14,23910,2ec2ba37fa8cbb0b
2,S03,probgru,F_L,left,3,MSE,69.35670003604383,23910,2ec2ba37fa8cbb0b
2,S03,probgru,F_L,left,3,MAE,4.905111202441818,23910,2ec2ba37fa8cbb0b
2,S03,probgru,F_L,left,3,SS_vs_persistence,-0.15308381517803804,23910,2ec2ba37fa8cbb0b
2,S03,probgru,F_L,left,3,SS_vs_seasonal,-0.15308381517803804,23910,2ec2ba37fa8cbb0b
2,S03,probgru,F_L,left,3,SS_vs_ar,-0.2759343119826885,23910,2ec2ba37fa8cbb0b
2,S03,probgru,F_L,left,3,SS_vs_probgru,1.432187701766452e-14,23910,2ec2ba37fa8cbb0b
2,S03,probgru,F_L,left,4,MSE,82.5250256328998,23910,2ec2ba37fa8cbb0b
2,S03,probgru,F_L,left,4,MAE,5.508163591578172,23910,2ec2ba37fa8cbb0b
2,S03,probgru,F_L,left,4,SS_vs_persistence,-0.05773198335059737,23910,2ec2ba37fa8cbb0b
2,S03,probgru,F_L,left,4,SS_vs_seasonal,-0.05773198335059737,23910,2ec2ba37fa8cbb0b
2,S03,probgru,F_L,left,4,SS_vs_ar,-0.21199963030594726,23910,2ec2ba37fa8cbb0b
2,S03,probgru,F_L,left,4,SS_vs_probgru,1.2101430968414206e-14,23910,2ec2ba37fa8cbb0b
2,S03,probgru,F_L,left,5,MSE,93.39055452894371,23910,2ec2ba37fa8cbb0b
2,S03,probgru,F_L,left,5,MAE,5.989556729107537,23910,2ec2ba37fa8cbb0b
2,S03,probgru,F_L,left,5,SS_vs_persistence,0.005392451647210472,23910,2ec2ba37fa8cbb0b
2,S03,probgru,F_L,left,5,SS_vs_seasonal,0.005392451647210472,23910,2ec2ba37fa8cbb0b
2,S03,probgru,F_L,left,5,SS_vs_ar,-0.17729968055492717,23910,2ec2ba37fa8cbb0b
2,S03,probgru,F_L,left,5,SS_vs_probgru,1.0658141036401503e-14,23910,2ec2ba37fa8cbb0b
2,S03,probgru,F_L,left,6,MSE,102.05705889352524,23910,2ec2ba37fa8cbb0b
2,S03,probgru,F_L,left,6,MAE,6.333877029199489,23910,2ec2ba37fa8cbb0b
2,S03,probgru,F_L,left,6,SS_vs_persistence,0.04910053529846403,23910,2ec2ba37fa8cbb0b
2,S03,probgru,F_L,left,6,SS_vs_seasonal,0.04910053529846403,23910,2ec2ba37fa8cbb0b
2,S03,probgru,F_L,left,6,SS_vs_ar,-0.15914954933038494,23910,2ec2ba37fa8cbb0b
2,S03,probgru,F_L,left,6,SS_vs_probgru,9.769962616701378e-15,23910,2ec2ba37fa8cbb0b
2,S03,probgru,F_L,left,all,MSE,73.27472977111664,23910,2ec2ba37fa8cbb0b
2,S03,probgru,F_L,left,all,MAE,5.018819818142259,23910,2ec2ba37fa8cbb0b
2,S03,probgru,F_L,left,all,Hausdorff,2.9052577217794173,23910,2ec2ba37fa8cbb0b
2,S03,probgru,F_L,left,all,SS_vs_persistence,-0.09807290066158547,23910,2ec2ba37fa8cbb0b
2,S03,probgru,F_L,left,all,HD_ratio_vs_persistence,0.9617186286763079,23910,2ec2ba37fa8cbb0b
2,S03,probgru,F_L,left,all,SS_vs_seasonal,-0.09807290066158547,23910,2ec2ba37fa8cbb0b
2,S03,probgru,F_L,left,all,HD_ratio_vs_seasonal,0.9617186286763079,23910,2ec2ba37fa8cbb0b
2,S03,probgru,F_L,left,all,SS_vs_ar,-0.26509569827032275,23910,2ec2ba37fa8cbb0b
2,S03,probgru,F_L,left,all,HD_ratio_vs_ar,1.0878102794481859,23910,2ec2ba37fa8cbb0b
2,S03,probgru,F_L,left,all,SS_vs_probgru,1.354472090042691e-14,23910,2ec2ba37fa8cbb0b
2,S03,probgru,F_L,left,all,HD_ratio_vs_probgru,1.0,23910,2ec2ba37fa8cbb0b
2,S03,probgru,CoPx_L,left,1,MSE,3.919011053921182e-05,23904,2ec2ba37fa8cbb0b
2,S03,probgru,CoPx_L,left,1,MAE,0.0032152286085491114,23904,2ec2ba37fa8cbb0b
2,S03,probgru,CoPx_L,left,1,SS_vs_persistence,-1.3515458010444061,23904,2ec2ba37fa8cbb0b
2,S03,probgru,CoPx_L,left,1,SS_vs_seasonal,-1.3515458010444061,23904,2ec2ba37fa8cbb0b
2,S03,probgru,CoPx_L,left,1,SS_vs_ar,-1.2274527880029589,23904,2ec2ba37fa8cbb0b
2,S03,probgru,CoPx_L,left,1,SS_vs_probgru,2.5516640911327215e-08,23904,2ec2ba37fa8cbb0b
2,S03,probgru,CoPx_L,left,2,MSE,5.019787342042078e-05,23904,2ec2ba37fa8cbb0b
2,S03,probgru,CoPx_L,left,2,MAE,0.003753951097559998,23904,2ec2ba37fa8cbb0b
2,S03,probgru,CoPx_L,left,2,SS_vs_persistence,-0.6081355852715913,23904,2ec2ba37fa8cbb0b
2,S03,probgru,CoPx_L,left,2,SS_vs_seasonal,-0.6081355852715913,23904,2ec2ba37fa8cbb0b
2,S03,probgru,CoPx_L,left,2,SS_vs_ar,-0.5595006767780528,23904,2ec2ba37fa8cbb0b
2,S03,probgru,CoPx_L,left,2,SS_vs_probgru,1.9921162275338133e-08,23904,2ec2ba37fa8cbb0b
2,S03,probgru,CoPx_L,left,3,MSE,5.955943891962596e-05,23904,2ec2ba37fa8cbb0b
2,S03,probgru,CoPx_L,left,3,MAE,0.00413143832648773,23904,2ec2ba37fa8cbb0b
2,S03,probgru,CoPx_L,left,3,SS_vs_persistence,-0.31993020982627085,23904,2ec2ba37fa8cbb0b
2,S03,probgru,CoPx_L,left,3,SS_vs_seasonal,-0.31993020982627085,23904,2ec2ba37fa8cbb0b
2,S03,probgru,CoPx_L,left,3,SS_vs_ar,-0.30828938443549014,23904,2ec2ba37fa8cbb0b
2,S03,probgru,CoPx_L,left,3,SS_vs_probgru,1.6789949763840184e-08,23904,2ec2ba37fa8cbb0b
2,S03,probgru,CoPx_L,left,4,MSE,6.812700043858186e-05,23904,2ec2ba37fa8cbb0b
2,S03,probgru,CoPx_L,left,4,MAE,0.004394908062169394,23904,2ec2ba37fa8cbb0b
2,S03,probgru,CoPx_L,left,4,SS_vs_persistence,-0.1220975237998081,23904,2ec2ba37fa8cbb0b
2,S03,probgru,CoPx_L,left,4,SS_vs_seasonal,-0.1220975237998081,23904,2ec2ba37fa8cbb0b
2,S03,probgru,CoPx_L,left,4,SS_vs_ar,-0.1783620241635786,23904,2ec2ba37fa8cbb0b
2,S03,probgru,CoPx_L,left,4,SS_vs_probgru,1.4678467774587034e-08,23904,2ec2ba37fa8cbb0b
2,S03,probgru,CoPx_L,left,5,MSE,7.616123827890666e-05,23904,2ec2ba37fa8cbb0b
2,S03,probgru,CoPx_L,left,5,MAE,0.004641121488919188,23904,2ec2ba37fa8cbb0b
2,S03,probgru,CoPx_L,left,5,SS_vs_persistence,-0.013573980005559427,23904,2ec2ba37fa8cbb0b
2,S03,probgru,CoPx_L,left,5,SS_vs_seasonal,-0.013573980005559427,23904,2ec2ba37fa8cbb0b
2,S03,probgru,CoPx_L,left,5,SS_vs_ar,-0.11652549926065436,23904,2ec2ba37fa8cbb0b
2,S03,probgru,CoPx_L,left,5,SS_vs_probgru,1.3130038389874699e-08,23904,2ec2ba37fa8cbb0b
2,S03,probgru,CoPx_L,left,6,MSE,8.33343188261231e-05,23904,2ec2ba37fa8cbb0b
2,S03,probgru,CoPx_L,left,6,MAE,0.004820029430565881,23904,2ec2ba37fa8cbb0b
2,S03,probgru,CoPx_L,left,6,SS_vs_persistence,0.062339188903991594,23904,2ec2ba37fa8cbb0b
2,S03,probgru,CoPx_L,left,6,SS_vs_seasonal,0.062339188903991594,23904,2ec2ba37fa8cbb0b
2,S03,probgru,CoPx_L,left,6,SS_vs_ar,-0.08703693757041342,23904,2ec2ba37fa8cbb0b
2,S03,probgru,CoPx_L,left,6,SS_vs_probgru,1.1999857885136578e-08,23904,2ec2ba37fa8cbb0b
2,S03,probgru,CoPx_L,left,all,MSE,6.276166340381172e-05,23904,2ec2ba37fa8cbb0b
2,S03,probgru,CoPx_L,left,all,MAE,0.004159446169041888,23904,2ec2ba37fa8cbb0b
2,S03,probgru,CoPx_L,left,all,Hausdorff,2.745269053863475,23904,2ec2ba37fa8cbb0b
2,S03,probgru,CoPx_L,left,all,SS_vs_persistence,-0.18517464779720738,23904,2ec2ba37fa8cbb0b
2,S03,probgru,CoPx_L,left,all,HD_ratio_vs_persistence,0.9466524174419375,23904,2ec2ba37fa8cbb0b
2,S03,probgru,CoPx_L,left,all,SS_vs_seasonal,-0.18517464779720738,23904,2ec2ba37fa8cbb0b
2,S03,probgru,CoPx_L,left,all,HD_ratio_vs_seasonal,0.9466524174419375,23904,2ec2ba37fa8cbb0b
2,S03,probgru,CoPx_L,left,all,SS_vs_ar,-0.2636710075682116,23904,2ec2ba37fa8cbb0b
2,S03,probgru,CoPx_L,left,all,HD_ratio_vs_ar,1.0845510542468353,23904,2ec2ba37fa8cbb0b
2,S03,probgru,CoPx_L,left,all,SS_vs_probgru,1.5933293129322124e-08,23904,2ec2ba37fa8cbb0b
2,S03,probgru,CoPx_L,left,all,HD_ratio_vs_probgru,1.0,23904,2ec2ba37fa8cbb0b
2,S03,probgru,CoPy_L,left,1,MSE,3.851047345589339e-05,23904,2ec2ba37fa8cbb0b
2,S03,probgru,CoPy_L,left,1,MAE,0.003315814016051446,23904,2ec2ba37fa8cbb0b
2,S03,probgru,CoPy_L,left,1,SS_vs_persistence,-0.9798919714744116,23904,2ec2ba37fa8cbb0b
2,S03,probgru,CoPy_L,left,1,SS_vs_seasonal,-0.9798919714744116,23904,2ec2ba37fa8cbb0b
2,S03,probgru,CoPy_L,left,1,SS_vs_ar,-1.0177030104402682,23904,2ec2ba37fa8cbb0b
2,S03,probgru,CoPy_L,left,1,SS_vs_probgru,2.596696135892529e-08,23904,2ec2ba37fa8cbb0b
2,S03,probgru,CoPy_L,left,2,MSE,4.841908591048764e-05,23904,2ec2ba37fa8cbb0b
2,S03,probgru,CoPy_L,left,2,MAE,0.003966428392140883,23904,2ec2ba37fa8cbb0b
2,S03,probgru,CoPy_L,left,2,SS_vs_persistence,-0.42071009778640467,23904,2ec2ba37fa8cbb0b
2,S03,probgru,CoPy_L,left,2,SS_vs_seasonal,-0.42071009778640467,23904,2ec2ba37fa8cbb0b
2,S03,probgru,CoPy_L,left,2,SS_vs_ar,-0.5136683430281572,23904,2ec2ba37fa8cbb0b
2,S03,probgru,CoPy_L,left,2,SS_vs_probgru,2.065301241138684e-08,23904,2ec2ba37fa8cbb0b
2,S03,probgru,CoPy_L,left,3,MSE,5.6275686075574864e-05,23904,2ec2ba37fa8cbb0b
2,S03,probgru,CoPy_L,left,3,MAE,0.004436343002165262,23904,2ec2ba37fa8cbb0b
2,S03,probgru,CoPy_L,left,3,SS_vs_persistence,-0.18096608613633602,23904,2ec2ba37fa8cbb0b
2,S03,probgru,CoPy_L,left,3,SS_vs_seasonal,-0.18096608613633602,23904,2ec2ba37fa8cbb0b
2,S03,probgru,CoPy_L,left,3,SS_vs_ar,-0.31637384911795063,23904,2ec2ba37fa8cbb0b
2,S03,probgru,CoPy_L,left,3,SS_vs_probgru,1.776966318534079e-08,23904,2ec2ba37fa8cbb0b
2,S03,probgru,CoPy_L,left,4,MSE,6.261934869049455e-05,23904,2ec2ba37fa8cbb0b
2,S03,probgru,CoPy_L,left,4,MAE,0.004790826837662073,23904,2ec2ba37fa8cbb0b
2,S03,probgru,CoPy_L,left,4,SS_vs_persistence,-0.06988595670381104,23904,2ec2ba37fa8cbb0b
2,S03,probgru,CoPy_L,left,4,SS_vs_seasonal,-0.06988595670381104,23904,2ec2ba37fa8cbb0b
2,S03,probgru,CoPy_L,left,4,SS_vs_ar,-0.23069112693255822,23904,2ec2ba37fa8cbb0b
2,S03,probgru,CoPy_L,left,4,SS_vs_probgru,1.5969504607582508e-08,23904,2ec2ba37fa8cbb0b
2,S03,probgru,CoPy_L,left,5,MSE,6.721652484263503e-05,23904,2ec2ba37fa8cbb0b
2,S03,probgru,CoPy_L,left,5,MAE,0.005028901545328311,23904,2ec2ba37fa8cbb0b
2,S03,probgru,CoPy_L,left,5,SS_vs_persistence,-0.0013779522419183898,23904,2ec2ba37fa8cbb0b
2,S03,probgru,CoPy_L,left,5,SS_vs_seasonal,-0.0013779522419183898,23904,2ec2ba37fa8cbb0b
2,S03,probgru,CoPy_L,left,5,SS_vs_ar,-0.17247449749552324,23904,2ec2ba37fa8cbb0b
2,S03,probgru,CoPy_L,left,5,SS_vs_probgru,1.4877293730286567e-08,23904,2ec2ba37fa8cbb0b
2,S03,probgru,CoPy_L,left,6,MSE,7.100267827788658e-05,23904,2ec2ba37fa8cbb0b
2,S03,probgru,CoPy_L,left,6,MAE,0.005222359211051746,23904,2ec2ba37fa8cbb0b
2,S03,probgru,CoPy_L,left,6,SS_vs_persistence,0.05722066038337781,23904,2ec2ba37fa8cbb0b
2,S03,probgru,CoPy_L,left,6,SS_vs_seasonal,0.05722066038337781,23904,2ec2ba37fa8cbb0b
2,S03,probgru,CoPy_L,left,6,SS_vs_ar,-0.12151287922083576,23904,2ec2ba37fa8cbb0b
2,S03,probgru,CoPy_L,left,6,SS_vs_probgru,1.4083975541367977e-08,23904,2ec2ba37fa8cbb0b
2,S03,probgru,CoPy_L,left,all,MSE,5.734063287549521e-05,23904,2ec2ba37fa8cbb0b
2,S03,probgru,CoPy_L,left,all,MAE,0.004460112167399943,23904,2ec2ba37fa8cbb0b
2,S03,probgru,CoPy_L,left,all,Hausdorff,2.838692142230086,23904,2ec2ba37fa8cbb0b
2,S03,probgru,CoPy_L,left,all,SS_vs_persistence,-0.13865587097615162,23904,2ec2ba37fa8cbb0b
2,S03,probgru,CoPy_L,left,all,HD_ratio_vs_persistence,0.9728201217808696,23904,2ec2ba37fa8cbb0b
2,S03,probgru,CoPy_L,left,all,SS_vs_seasonal,-0.13865587097615162,23904,2ec2ba37fa8cbb0b
2,S03,probgru,CoPy_L,left,all,HD_ratio_vs_seasonal,0.9728201217808696,23904,2ec2ba37fa8cbb0b
2,S03,probgru,CoPy_L,left,all,SS_vs_ar,-0.29659196941439325,23904,2ec2ba37fa8cbb0b
2,S03,probgru,CoPy_L,left,all,HD_ratio_vs_ar,1.0890735362992643,23904,2ec2ba37fa8cbb0b
2,S03,probgru,CoPy_L,left,all,SS_vs_probgru,1.743963984335295e-08,23904,2ec2ba37fa8cbb0b
2,S03,probgru,CoPy_L,left,all,HD_ratio_vs_probgru,1.0,23904,2ec2ba37fa8cbb0b
2,S03,probgru,F_R,right,1,MSE,29.785724462211437,23910,2ec2ba37fa8cbb0b
2,S03,probgru,F_R,right,1,MAE,3.9197676782537756,23910,2ec2ba37fa8cbb0b
2,S03,probgru,F_R,right,1,SS_vs_persistence,-0.1849477057156883,23910,2ec2ba37fa8cbb0b
2,S03,probgru,F_R,right,1,SS_vs_seasonal,-0.1849477057156883,23910,2ec2ba37fa8cbb0b
2,S03,probgru,F_R,right,1,SS_vs_ar,-0.2818501675296614,23910,2ec2ba37fa8cbb0b
2,S03,probgru,F_R,right,1,SS_vs_probgru,3.352873534367973e-14,23910,2ec2ba37fa8cbb0b
2,S03,probgru,F_R,right,2,MSE,57.76227785580984,23910,2ec2ba37fa8cbb0b
2,S03,probgru,F_R,right,2,MAE,5.507496005752498,23910,2ec2ba37fa8cbb0b
2,S03,probgru,F_R,right,2,SS_vs_persistence,-0.01089821367165933,23910,2ec2ba37fa8cbb0b
2,S03,probgru,F_R,right,2,SS_vs_seasonal,-0.01089821367165933,23910,2ec2ba37fa8cbb0b
2,S03,probgru,F_R,right,2,SS_vs_ar,-0.1294551243366353,23910,2ec2ba37fa8cbb0b
2,S03,probgru,F_R,right,2,SS_vs_probgru,1.7319479184152442e-14,23910,2ec2ba37fa8cbb0b
2,S03,probgru,F_R,right,3,MSE,79.1805693872037,23910,2ec2ba37fa8cbb0b
2,S03,probgru,F_R,right,3,MAE,6.555745489389938,23910,2ec2ba37fa8cbb0b
2,S03,probgru,F_R,right,3,SS_vs_persistence,0.07230397456525184,23910,2ec2ba37fa8cbb0b
2,S03,probgru,F_R,right,3,SS_vs_seasonal,0.07230397456525184,23910,2ec2ba37fa8cbb0b
2,S03,probgru,F_R,right,3,SS_vs_ar,-0.08683756606501847,23910,2ec2ba37fa8cbb0b
2,S03,probgru,F_R,right,3,SS_vs_probgru,1.2545520178264269e-14,23910,2ec2ba37fa8cbb0b
2,S03,probgru,F_R,right,4,MSE,94.6356418751648,23910,2ec2ba37fa8cbb0b
2,S03,probgru,F_R,right,4,MAE,7.274108600175897,23910,2ec2ba37fa8cbb0b
2,S03,probgru,F_R,right,4,SS_vs_persistence,0.13252537039689638,23910,2ec2ba37fa8cbb0b
2,S03,probgru,F_R,right,4,SS_vs_seasonal,0.13252537039689638,23910,2ec2ba37fa8cbb0b
2,S03,probgru,F_R,right,4,SS_vs_ar,-0.0646332533545253,23910,2ec2ba37fa8cbb0b
2,S03,probgru,F_R,right,4,SS_vs_probgru,1.0547118733938987e-14,23910,2ec2ba37fa8cbb0b
2,S03,probgru,F_R,right,5,MSE,105.42896888754203,23910,2ec2ba37fa8cbb0b
2,S03,probgru,F_R,right,5,MAE,7.739544704844994,23910,2ec2ba37fa8cbb0b
2,S03,probgru,F_R,right,5,SS_vs_persistence,0.1781965489516093,23910,2ec2ba37fa8cbb0b
2,S03,probgru,F_R,right,5,SS_vs_seasonal,0.1781965489516093,23910,2ec2ba37fa8cbb0b
2,S03,probgru,F_R,right,5,SS_vs_ar,-0.05279863820587671,23910,2ec2ba37fa8cbb0b
2,S03,probgru,F_R,right,5,SS_vs_probgru,9.43689570931383e-15,23910,2ec2ba37fa8cbb0b
2,S03,probgru,F_R,right,6,MSE,113.14438637265478,23910,2ec2ba37fa8cbb0b
2,S03,probgru,F_R,right,6,MAE,8.074295862553049,23910,2ec2ba37fa8cbb0b
2,S03,probgru,F_R,right,6,SS_vs_persistence,0.21090781020174842,23910,2ec2ba37fa8cbb0b
2,S03,probgru,F_R,right,6,SS_vs_seasonal,0.21090781020174842,23910,2ec2ba37fa8cbb0b
2,S03,probgru,F_R,right,6,SS_vs_ar,-0.05271679171893995,23910,2ec2ba37fa8cbb0b
2,S03,probgru,F_R,right,6,SS_vs_probgru,8.770761894538737e-15,23910,2ec2ba37fa8cbb0b
2,S03,probgru,F_R,right,all,MSE,79.98959480676392,23910,2ec2ba37fa8cbb0b
2,S03,probgru,F_R,right,all,MAE,6.511826390161701,23910,2ec2ba37fa8cbb0b
2,S03,probgru,F_R,right,all,Hausdorff,2.7101995087767263,23910,2ec2ba37fa8cbb0b
2,S03,probgru,F_R,right,all,SS_vs_persistence,0.12483503281082409,23910,2ec2ba37fa8cbb0b
2,S03,probgru,F_R,right,all,HD_ratio_vs_persistence,0.9072131395409091,23910,2ec2ba37fa8cbb0b
2,S03,probgru,F_R,right,all,SS_vs_seasonal,0.12483503281082409,23910,2ec2ba37fa8cbb0b
2,S03,probgru,F_R,right,all,HD_ratio_vs_seasonal,0.9072131395409091,23910,2ec2ba37fa8cbb0b
2,S03,probgru,F_R,right,all,SS_vs_ar,-0.08156702605266264,23910,2ec2ba37fa8cbb0b
2,S03,probgru,F_R,right,all,HD_ratio_vs_ar,1.0845345618217244,23910,2ec2ba37fa8cbb0b
2,S03,probgru,F_R,right,all,SS_vs_probgru,1.2434497875801753e-14,23910,2ec2ba37fa8cbb0b
2,S03,probgru,F_R,right,all,HD_ratio_vs_probgru,1.0,23910,2ec2ba37fa8cbb0b
2,S03,probgru,CoPx_R,right,1,MSE,2.6598452512413952e-05,23544,2ec2ba37fa8cbb0b
2,S03,probgru,CoPx_R,right,1,MAE,0.002922503080469303,23544,2ec2ba37fa8cbb0b
2,S03,probgru,CoPx_R,right,1,SS_vs_persistence,-1.156746507141602,23544,2ec2ba37fa8cbb0b
2,S03,probgru,CoPx_R,right,1,SS_vs_seasonal,-1.156746507141602,23544,2ec2ba37fa8cbb0b
2,S03,probgru,CoPx_R,right,1,SS_vs_ar,-1.2004136963597323,23544,2ec2ba37fa8cbb0b
2,S03,probgru,CoPx_R,right,1,SS_vs_probgru,3.7596170732179246e-08,23544,2ec2ba37fa8cbb0b
2,S03,probgru,CoPx_R,right,2,MSE,3.4827835250650305e-05,23544,2ec2ba37fa8cbb0b
2,S03,probgru,CoPx_R,right,2,MAE,0.0034802578503202158,23544,2ec2ba37fa8cbb0b
2,S03,probgru,CoPx_R,right,2,SS_vs_persistence,-0.6701458093631985,23544,2ec2ba37fa8cbb0b
2,S03,probgru,CoPx_R,right,2,SS_vs_seasonal,-0.6701458093631985,23544,2ec2ba37fa8cbb0b
2,S03,probgru,CoPx_R,right,2,SS_vs_ar,-0.7183799390655443,23544,2ec2ba37fa8cbb0b
2,S03,probgru,CoPx_R,right,2,SS_vs_probgru,2.8712665245400615e-08,23544,2ec2ba37fa8cbb0b
2,S03,probgru,CoPx_R,right,3,MSE,4.093275235670084e-05,23544,2ec2ba37fa8cbb0b
2,S03,probgru,CoPx_R,right,3,MAE,0.003795975448934381,23544,2ec2ba37fa8cbb0b
2,S03,probgru,CoPx_R,right,3,SS_vs_persistence,-0.4401531220225492,23544,2ec2ba37fa8cbb0b
2,S03,probgru,CoPx_R,right,3,SS_vs_seasonal,-0.4401531220225492,23544,2ec2ba37fa8cbb0b
2,S03,probgru,CoPx_R,right,3,SS_vs_ar,-0.5107972242770089,23544,2ec2ba37fa8cbb0b
2,S03,probgru,CoPx_R,right,3,SS_vs_probgru,2.4430313660950276e-08,23544,2ec2ba37fa8cbb0b
2,S03,probgru,CoPx_R,right,4,MSE,4.530665071239461e-05,23544,2ec2ba37fa8cbb0b
2,S03,probgru,CoPx_R,right,4,MAE,0.004020928925788454,23544,2ec2ba37fa8cbb0b
2,S03,probgru,CoPx_R,right,4,SS_vs_persistence,-0.309447266639552,23544,2ec2ba37fa8cbb0b
2,S03,probgru,CoPx_R,right,4,SS_vs_seasonal,-0.309447266639552,23544,2ec2ba37fa8cbb0b
2,S03,probgru,CoPx_R,right,4,SS_vs_ar,-0.40768951464366276,23544,2ec2ba37fa8cbb0b
2,S03,probgru,CoPx_R,right,4,SS_vs_probgru,2.207181426516769e-08,23544,2ec2ba37fa8cbb0b
2,S03,probgru,CoPx_R,right,5,MSE,4.878614735674443e-05,23544,2ec2ba37fa8cbb0b
2,S03,probgru,CoPx_R,right,5,MAE,0.004214415306077646,23544,2ec2ba37fa8cbb0b
2,S03,probgru,CoPx_R,right,5,SS_vs_persistence,-0.21784129987334655,23544,2ec2ba37fa8cbb0b
2,S03,probgru,CoPx_R,right,5,SS_vs_seasonal,-0.21784129987334655,23544,2ec2ba37fa8cbb0b
2,S03,probgru,CoPx_R,right,5,SS_vs_ar,-0.35333658242158483,23544,2ec2ba37fa8cbb0b
2,S03,probgru,CoPx_R,right,5,SS_vs_probgru,2.049762148903511e-08,23544,2ec2ba37fa8cbb0b
2,S03,probgru,CoPx_R,right,6,MSE,5.155029877627721e-05,23544,2ec2ba37fa8cbb0b
2,S03,probgru,CoPx_R,right,6,MAE,0.004348346833004886,23544,2ec2ba37fa8cbb0b
2,S03,probgru,CoPx_R,right,6,SS_vs_persistence,-0.15476205118151376,23544,2ec2ba37fa8cbb0b
2,S03,probgru,CoPx_R,right,6,SS_vs_seasonal,-0.15476205118151376,23544,2ec2ba37fa8cbb0b
2,S03,probgru,CoPx_R,right,6,SS_vs_ar,-0.316769029749814,23544,2ec2ba37fa8cbb0b
2,S03,probgru,CoPx_R,right,6,SS_vs_probgru,1.9398529338410242e-08,23544,2ec2ba37fa8cbb0b
2,S03,probgru,CoPx_R,right,all,MSE,4.133368949419681e-05,23544,2ec2ba37fa8cbb0b
2,S03,probgru,CoPx_R,right,all,MAE,0.0037970712407658317,23544,2ec2ba37fa8cbb0b
2,S03,probgru,CoPx_R,right,all,Hausdorff,2.673856403799995,23544,2ec2ba37fa8cbb0b
2,S03,probgru,CoPx_R,right,all,SS_vs_persistence,-0.37086532225166424,23544,2ec2ba37fa8cbb0b
2,S03,probgru,CoPx_R,right,all,HD_ratio_vs_persistence,0.923490798921705,23544,2ec2ba37fa8cbb0b
2,S03,probgru,CoPx_R,right,all,SS_vs_seasonal,-0.37086532225166424,23544,2ec2ba37fa8cbb0b
2,S03,probgru,CoPx_R,right,all,HD_ratio_vs_seasonal,0.923490798921705,23544,2ec2ba37fa8cbb0b
2,S03,probgru,CoPx_R,right,all,SS_vs_ar,-0.486536108436163,23544,2ec2ba37fa8cbb0b
2,S03,probgru,CoPx_R,right,all,HD_ratio_vs_ar,1.0805614031448663,23544,2ec2ba37fa8cbb0b
2,S03,probgru,CoPx_R,right,all,SS_vs_probgru,2.41933394429239e-08,23544,2ec2ba37fa8cbb0b
2,S03,probgru,CoPx_R,right,all,HD_ratio_vs_probgru,1.0,23544,2ec2ba37fa8cbb0b
2,S03,probgru,CoPy_R,right,1,MSE,1.1551046935392227e-05,23544,2ec2ba37fa8cbb0b
2,S03,probgru,CoPy_R,right,1,MAE,0.0024426434626513044,23544,2ec2ba37fa8cbb0b
2,S03,probgru,CoPy_R,right,1,SS_vs_persistence,-0.10765739655681927,23544,2ec2ba37fa8cbb0b
2,S03,probgru,CoPy_R,right,1,SS_vs_seasonal,-0.10765739655681927,23544,2ec2ba37fa8cbb0b
2,S03,probgru,CoPy_R,right,1,SS_vs_ar,-0.16220769444789052,23544,2ec2ba37fa8cbb0b
2,S03,probgru,CoPy_R,right,1,SS_vs_probgru,8.657223182773066e-08,23544,2ec2ba37fa8cbb0b
2,S03,probgru,CoPy_R,right,2,MSE,1.7818654890775928e-05,23544,2ec2ba37fa8cbb0b
2,S03,probgru,CoPy_R,right,2,MAE,0.003010919072855491,23544,2ec2ba37fa8cbb0b
2,S03,probgru,CoPy_R,right,2,SS_vs_persistence,0.06455679976181539,23544,2ec2ba37fa8cbb0b
2,S03,probgru,CoPy_R,right,2,SS_vs_seasonal,0.06455679976181539,23544,2ec2ba37fa8cbb0b
2,S03,probgru,CoPy_R,right,2,SS_vs_ar,-0.028249460761625045,23544,2ec2ba37fa8cbb0b
2,S03,probgru,CoPy_R,right,2,SS_vs_probgru,5.612095577145482e-08,23544,2ec2ba37fa8cbb0b
2,S03,probgru,CoPy_R,right,3,MSE,2.2720675778856755e-05,23544,2ec2ba37fa8cbb0b
2,S03,probgru,CoPy_R,right,3,MAE,0.0033938309960137142,23544,2ec2ba37fa8cbb0b
2,S03,probgru,CoPy_R,right,3,SS_vs_persistence,0.12557408047782237,23544,2ec2ba37fa8cbb0b
2,S03,probgru,CoPy_R,right,3,SS_vs_seasonal,0.12557408047782237,23544,2ec2ba37fa8cbb0b
2,S03,probgru,CoPy_R,right,3,SS_vs_ar,0.0008127347005000285,23544,2ec2ba37fa8cbb0b
2,S03,probgru,CoPy_R,right,3,SS_vs_probgru,4.401277342580556e-08,23544,2ec2ba37fa8cbb0b
2,S03,probgru,CoPy_R,right,4,MSE,2.6504066419786137e-05,23544,2ec2ba37fa8cbb0b
2,S03,probgru,CoPy_R,right,4,MAE,0.0036679753965989225,23544,2ec2ba37fa8cbb0b
2,S03,probgru,CoPy_R,right,4,SS_vs_persistence,0.16724977413819575,23544,2ec2ba37fa8cbb0b
2,S03,probgru,CoPy_R,right,4,SS_vs_seasonal,0.16724977413819575,23544,2ec2ba37fa8cbb0b
2,S03,probgru,CoPy_R,right,4,SS_vs_ar,0.016636674460791423,23544,2ec2ba37fa8cbb0b
2,S03,probgru,CoPy_R,right,4,SS_vs_probgru,3.7730057966811614e-08,23544,2ec2ba37fa8cbb0b
2,S03,probgru,CoPy_R,right,5,MSE,2.943412711479735e-05,23544,2ec2ba37fa8cbb0b
2,S03,probgru,CoPy_R,right,5,MAE,0.0038941326618211333,23544,2ec2ba37fa8cbb0b
2,S03,probgru,CoPy_R,right,5,SS_vs_persistence,0.20098776312688382,23544,2ec2ba37fa8cbb0b
2,S03,probgru,CoPy_R,right,5,SS_vs_seasonal,0.20098776312688382,23544,2ec2ba37fa8cbb0b
2,S03,probgru,CoPy_R,right,5,SS_vs_ar,0.027377153212241323,23544,2ec2ba37fa8cbb0b
2,S03,probgru,CoPy_R,right,5,SS_vs_probgru,3.397416747930038e-08,23544,2ec2ba37fa8cbb0b
2,S03,probgru,CoPy_R,right,6,MSE,3.1843632580892216e-05,23544,2ec2ba37fa8cbb0b
2,S03,probgru,CoPy_R,right,6,MAE,0.004087006199749545,23544,2ec2ba37fa8cbb0b
2,S03,probgru,CoPy_R,right,6,SS_vs_persistence,0.23199020742465815,23544,2ec2ba37fa8cbb0b
2,S03,probgru,CoPy_R,right,6,SS_vs_seasonal,0.23199020742465815,23544,2ec2ba37fa8cbb0b
2,S03,probgru,CoPy_R,right,6,SS_vs_ar,0.03663341072071036,23544,2ec2ba37fa8cbb0b
2,S03,probgru,CoPy_R,right,6,SS_vs_probgru,3.140345150587365e-08,23544,2ec2ba37fa8cbb0b
2,S03,probgru,CoPy_R,right,all,MSE,2.3312033953417067e-05,23544,2ec2ba37fa8cbb0b
2,S03,probgru,CoPy_R,right,all,MAE,0.0034160846316150318,23544,2ec2ba37fa8cbb0b
2,S03,probgru,CoPy_R,right,all,Hausdorff,2.6348517236776954,23544,2ec2ba37fa8cbb0b
2,S03,probgru,CoPy_R,right,all,SS_vs_persistence,0.15530026047211487,23544,2ec2ba37fa8cbb0b
2,S03,probgru,CoPy_R,right,all,HD_ratio_vs_persistence,0.9100572494740218,23544,2ec2ba37fa8cbb0b
2,S03,probgru,CoPy_R,right,all,SS_vs_seasonal,0.15530026047211487,23544,2ec2ba37fa8cbb0b
2,S03,probgru,CoPy_R,right,all,HD_ratio_vs_seasonal,0.9100572494740218,23544,2ec2ba37fa8cbb0b
2,S03,probgru,CoPy_R,right,all,SS_vs_ar,0.002884181391986984,23544,2ec2ba37fa8cbb0b
2,S03,probgru,CoPy_R,right,all,HD_ratio_vs_ar,1.0386203982265239,23544,2ec2ba37fa8cbb0b
2,S03,probgru,CoPy_R,right,all,SS_vs_probgru,4.289629806919493e-08,23544,2ec2ba37fa8cbb0b
2,S03,probgru,CoPy_R,right,all,HD_ratio_vs_probgru,1.0,23544,2ec2ba37fa8cbb0b
3,S04,persistence,F_L,left,1,MSE,11.588231412921827,30174,2ec2ba37fa8cbb0b
3,S04,persistence,F_L,left,1,MAE,2.20664714358867,30174,2ec2ba37fa8cbb0b
3,S04,persistence,F_L,left,1,SS_vs_persistence,8.626432901337466e-14,30174,2ec2ba37fa8cbb0b
3,S04,persistence,F_L,left,1,SS_vs_seasonal,0.5762510268933311,30174,2ec2ba37fa8cbb0b
3,S04,persistence,F_L,left,1,SS_vs_ar,-0.012529195185457587,30174,2ec2ba37fa8cbb0b
3,S04,persistence,F_L,left,1,SS_vs_probgru,0.5197784294217,30174,2ec2ba37fa8cbb0b
3,S04,persistence,F_L,left,2,MSE,23.94390289656941,30174,2ec2ba37fa8cbb0b
3,S04,persistence,F_L,left,2,MAE,3.258804548851039,30174,2ec2ba37fa8cbb0b
3,S04,persistence,F_L,left,2,SS_vs_persistence,4.1744385725905886e-14,30174,2ec2ba37fa8cbb0b
3,S04,persistence,F_L,left,2,SS_vs_seasonal,0.3794956424903282,30174,2ec2ba37fa8cbb0b
3,S04,persistence,F_L,left,2,SS_vs_ar,-0.04235542696962602,30174,2ec2ba37fa8cbb0b
3,S04,persistence,F_L,left,2,SS_vs_probgru,0.29006718567458456,30174,2ec2ba37fa8cbb0b
3,S04,persistence,F_L,left,3,MSE,36.19631229588963,30174,2ec2ba37fa8cbb0b
3,S04,persistence,F_L,left,3,MAE,4.034448732507705,30174,2ec2ba37fa8cbb0b
3,S04,persistence,F_L,left,3,SS_vs_persistence,2.7644553313166398e-14,30174,2ec2ba37fa8cbb0b
3,S04,persistence,F_L,left,3,SS_vs_seasonal,0.27416188932822527,30174,2ec2ba37fa8cbb0b
3,S04,persistence,F_L,left,3,SS_vs_ar,-0.06301490312375879,30174,2ec2ba37fa8cbb0b
3,S04,persistence,F_L,left,3,SS_vs_probgru,0.15339574563809533,30174,2ec2ba37fa8cbb0b
3,S04,persistence,F_L,left,4,MSE,47.59137260207644,30174,2ec2ba37fa8cbb0b
3,S04,persistence,F_L,left,4,MAE,4.675155654819236,30174,2ec2ba37fa8cbb0b
3,S04,persistence,F_L,left,4,SS_vs_persistence,2.1094237467877974e-14,30174,2ec2ba37fa8cbb0b
3,S04,persistence,F_L,left,4,SS_vs_seasonal,0.20871740996443033,30174,2ec2ba37fa8cbb0b
3,S04,persistence,F_L,left,4,SS_vs_ar,-0.0865592417253207,30174,2ec2ba37fa8cbb0b
3,S04,persistence,F_L,left,4,SS_vs_probgru,0.060833576649833465,30174,2ec2ba37fa8cbb0b
3,S04,persistence,F_L,left,5,MSE,58.81847716735494,30174,2ec2ba37fa8cbb0b
3,S04,persistence,F_L,left,5,MAE,5.21882525322854,30174,2ec2ba37fa8cbb0b
3,S04,persistence,F_L,left,5,SS_vs_persistence,1.6986412276764895e-14,30174,2ec2ba37fa8cbb0b
3,S04,persistence,F_L,left,5,SS_vs_seasonal,0.16209945167053152,30174,2ec2ba37fa8cbb0b
3,S04,persistence,F_L,left,5,SS_vs_ar,-0.11017508943644527,30174,2ec2ba37fa8cbb0b
3,S04,persistence,F_L,left,5,SS_vs_probgru,-0.01167627699197693,30174,2ec2ba37fa8cbb0b
3,S04,persistence,F_L,left,6,MSE,69.73853045486845,30174,2ec2ba37fa8cbb0b
3,S04,persistence,F_L,left,6,MAE,5.7080873863719335,30174,2ec2ba37fa8cbb0b
3,S04,persistence,F_L,left,6,SS_vs_persistence,1.4210854715202004e-14,30174,2ec2ba37fa8cbb0b
3,S04,persistence,F_L,left,6,SS_vs_seasonal,0.1251522540865626,30174,2ec2ba37fa8cbb0b
3,S04,persistence,F_L,left,6,SS_vs_ar,-0.13161785047359387,30174,2ec2ba37fa8cbb0b
3,S04,persistence,F_L,left,6,SS_vs_probgru,-0.07237876709936497,30174,2ec2ba37fa8cbb0b
3,S04,persistence,F_L,left,all,MSE,41.31280447161345,30174,2ec2ba37fa8cbb0b
3,S04,persistence,F_L,left,all,MAE,4.183661453227854,30174,2ec2ba37fa8cbb0b
3,S04,persistence,F_L,left,all,Hausdorff,3.016144233036973,30174,2ec2ba37fa8cbb0b
3,S04,persistence,F_L,left,all,SS_vs_persistence,2.4202861936828413e-14,30174,2ec2ba37fa8cbb0b
3,S04,persistence,F_L,left,all,HD_ratio_vs_persistence,1.0,30174,2ec2ba37fa8cbb0b
3,S04,persistence,F_L,left,all,SS_vs_seasonal,0.23931524665198323,30174,2ec2ba37fa8cbb0b
3,S04,persistence,F_L,left,all,HD_ratio_vs_seasonal,0.9349729898157294,30174,2ec2ba37fa8cbb0b
3,S04,persistence,F_L,left,all,SS_vs_ar,-0.09256991614801136,30174,2ec2ba37fa8cbb0b
3,S04,persistence,F_L,left,all,HD_ratio_vs_ar,1.0989539641848993,30174,2ec2ba37fa8cbb0b
3,S04,persistence,F_L,left,all,SS_vs_probgru,0.09684973031388311,30174,2ec2ba37fa8cbb0b
3,S04,persistence,F_L,left,all,HD_ratio_vs_probgru,0.9555246532490506,30174,2ec2ba37fa8cbb0b
3,S04,persistence,CoPx_L,left,1,MSE,8.292459242105793e-06,30174,2ec2ba37fa8cbb0b
3,S04,persistence,CoPx_L,left,1,MAE,0.002140852465754497,30174,2ec2ba37fa8cbb0b
3,S04,persistence,CoPx_L,left,1,SS_vs_persistence,1.205914734736524e-07,30174,2ec2ba37fa8cbb0b
3,S04,persistence,CoPx_L,left,1,SS_vs_seasonal,0.18231215920113097,30174,2ec2ba37fa8cbb0b
3,S04,persistence,CoPx_L,left,1,SS_vs_ar,-0.07417788345249043,30174,2ec2ba37fa8cbb0b
3,S04,persistence,CoPx_L,left,1,SS_vs_probgru,0.12013372146111967,30174,2ec2ba37fa8cbb0b
3,S04,persistence,CoPx_L,left,2,MSE,1.3893911875032656e-05,30174,2ec2ba37fa8cbb0b
3,S04,persistence,CoPx_L,left,2,MAE,0.002758768708729587,30174,2ec2ba37fa8cbb0b
3,S04,persistence,CoPx_L,left,2,SS_vs_persistence,7.197396501013031e-08,30174,2ec2ba37fa8cbb0b
3,S04,persistence,CoPx_L,left,2,SS_vs_seasonal,0.09906605562854176,30174,2ec2ba37fa8cbb0b
3,S04,persistence,CoPx_L,left,2,SS_vs_ar,-0.13158253161225786,30174,2ec2ba37fa8cbb0b
3,S04,persistence,CoPx_L,left,2,SS_vs_probgru,0.004565207684444239,30174,2ec2ba37fa8cbb0b
3,S04,persistence,CoPx_L,left,3,MSE,1.8073460430572474e-05,30174,2ec2ba37fa8cbb0b
3,S04,persistence,CoPx_L,left,3,MAE,0.003119386435528157,30174,2ec2ba37fa8cbb0b
3,S04,persistence,CoPx_L,left,3,SS_vs_persistence,5.5329744341747755e-08,30174,2ec2ba37fa8cbb0b
3,S04,persistence,CoPx_L,left,3,SS_vs_seasonal,0.06991637431970743,30174,2ec2ba37fa8cbb0b
3,S04,persistence,CoPx_L,left,3,SS_vs_ar,-0.18119259871720317,30174,2ec2ba37fa8cbb0b
3,S04,persistence,CoPx_L,left,3,SS_vs_probgru,-0.05566865859795911,30174,2ec2ba37fa8cbb0b
3,S04,persistence,CoPx_L,left,4,MSE,2.1444287122114177e-05,30174,2ec2ba37fa8cbb0b
3,S04,persistence,CoPx_L,left,4,MAE,0.003426412162798813,30174,2ec2ba37fa8cbb0b
3,S04,persistence,CoPx_L,left,4,SS_vs_persistence,4.663246422342837e-08,30174,2ec2ba37fa8cbb0b
3,S04,persistence,CoPx_L,left,4,SS_vs_seasonal,0.05124149067193329,30174,2ec2ba37fa8cbb0b
3,S04,persistence,CoPx_L,left,4,SS_vs_ar,-0.22097286199809996,30174,2ec2ba37fa8cbb0b
3,S04,persistence,CoPx_L,left,4,SS_vs_probgru,-0.09930305155110064,30174,2ec2ba37fa8cbb0b
3,S04,persistence,CoPx_L,left,5,MSE,2.39890549927646e-05,30174,2ec2ba37fa8cbb0b
3,S04,persistence,CoPx_L,left,5,MAE,0.0036510208983800765,30174,2ec2ba37fa8cbb0b
3,S04,persistence,CoPx_L,left,5,SS_vs_persistence,4.168567535600687e-08,30174,2ec2ba37fa8cbb0b
3,S04,persistence,CoPx_L,left,5,SS_vs_seasonal,0.04016153545434675,30174,2ec2ba37fa8cbb0b
3,S04,persistence,CoPx_L,left,5,SS_vs_ar,-0.24846804603632333,30174,2ec2ba37fa8cbb0b
3,S04,persistence,CoPx_L,left,5,SS_vs_probgru,-0.12656054723692578,30174,2ec2ba37fa8cbb0b
3,S04,persistence,CoPx_L,left,6,MSE,2.606724010800361e-05,30174,2ec2ba37fa8cbb0b
3,S04,persistence,CoPx_L,left,6,MAE,0.003826305898605751,30174,2ec2ba37fa8cbb0b
3,S04,persistence,CoPx_L,left,6,SS_vs_persistence,3.836232587151045e-08,30174,2ec2ba37fa8cbb0b
3,S04,persistence,CoPx_L,left,6,SS_vs_seasonal,0.03268877030897921,30174,2ec2ba37fa8cbb0b
3,S04,persistence,CoPx_L,left,6,SS_vs_ar,-0.26805810335121283,30174,2ec2ba37fa8cbb0b
3,S04,persistence,CoPx_L,left,6,SS_vs_probgru,-0.15154202435955155,30174,2ec2ba37fa8cbb0b
3,S04,persistence,CoPx_L,left,all,MSE,1.8626735628432783e-05,30174,2ec2ba37fa8cbb0b
3,S04,persistence,CoPx_L,left,all,MAE,0.003153791094966147,30174,2ec2ba37fa8cbb0b
3,S04,persistence,CoPx_L,left,all,Hausdorff,2.8500213014582707,30174,2ec2ba37fa8cbb0b
3,S04,persistence,CoPx_L,left,all,SS_vs_persistence,5.368626931900877e-08,30174,2ec2ba37fa8cbb0b
3,S04,persistence,CoPx_L,left,all,HD_ratio_vs_persistence,1.0,30174,2ec2ba37fa8cbb0b
3,S04,persistence,CoPx_L,left,all,SS_vs_seasonal,0.06506782782635379,30174,2ec2ba37fa8cbb0b
3,S04,persistence,CoPx_L,left,all,HD_ratio_vs_seasonal,0.9925617914595483,30174,2ec2ba37fa8cbb0b
3,S04,persistence,CoPx_L,left,all,SS_vs_ar,-0.20647242489041906,30174,2ec2ba37fa8cbb0b
3,S04,persistence,CoPx_L,left,all,HD_ratio_vs_ar,1.1872643072191866,30174,2ec2ba37fa8cbb0b
3,S04,persistence,CoPx_L,left,all,SS_vs_probgru,-0.07523195597736465,30174,2ec2ba37fa8cbb0b
3,S04,persistence,CoPx_L,left,all,HD_ratio_vs_probgru,1.1061187305650289,30174,2ec2ba37fa8cbb0b
3,S04,persistence,CoPy_L,left,1,MSE,9.008333949990061e-06,30174,2ec2ba37fa8cbb0b
3,S04,persistence,CoPy_L,left,1,MAE,0.0020922042147724093,30174,2ec2ba37fa8cbb0b
3,S04,persistence,CoPy_L,left,1,SS_vs_persistence,1.110083056587996e-07,30174,2ec2ba37fa8cbb0b
3,S04,persistence,CoPy_L,left,1,SS_vs_seasonal,0.40218603881807824,30174,2ec2ba37fa8cbb0b
3,S04,persistence,CoPy_L,left,1,SS_vs_ar,-0.04018703286087044,30174,2ec2ba37fa8cbb0b
3,S04,persistence,CoPy_L,left,1,SS_vs_probgru,0.32349284838592784,30174,2ec2ba37fa8cbb0b
3,S04,persistence,CoPy_L,left,2,MSE,1.5045657131090332e-05,30174,2ec2ba37fa8cbb0b
3,S04,persistence,CoPy_L,left,2,MAE,0.0026782283173942046,30174,2ec2ba37fa8cbb0b
3,S04,persistence,CoPy_L,left,2,SS_vs_persistence,6.646435735113698e-08,30174,2ec2ba37fa8cbb0b
3,S04,persistence,CoPy_L,left,2,SS_vs_seasonal,0.26888079287811306,30174,2ec2ba37fa8cbb0b
3,S04,persistence,CoPy_L,left,2,SS_vs_ar,-0.06127425849174872,30174,2ec2ba37fa8cbb0b
3,S04,persistence,CoPy_L,left,2,SS_vs_probgru,0.18373820671214824,30174,2ec2ba37fa8cbb0b
3,S04,persistence,CoPy_L,left,3,MSE,2.0277172288664623e-05,30174,2ec2ba37fa8cbb0b
3,S04,persistence,CoPy_L,left,3,MAE,0.0030965766260980434,30174,2ec2ba37fa8cbb0b
3,S04,persistence,CoPy_L,left,3,SS_vs_persistence,4.931653863060603e-08,30174,2ec2ba37fa8cbb0b
3,S04,persistence,CoPy_L,left,3,SS_vs_seasonal,0.20109876987167885,30174,2ec2ba37fa8cbb0b
3,S04,persistence,CoPy_L,left,3,SS_vs_ar,-0.08513415049998696,30174,2ec2ba37fa8cbb0b
3,S04,persistence,CoPy_L,left,3,SS_vs_probgru,0.09021954926943909,30174,2ec2ba37fa8cbb0b
3,S04,persistence,CoPy_L,left,4,MSE,2.4849001379531592e-05,30174,2ec2ba37fa8cbb0b
3,S04,persistence,CoPy_L,left,4,MAE,0.0033838072701805636,30174,2ec2ba37fa8cbb0b
3,S04,persistence,CoPy_L,left,4,SS_vs_persistence,4.024306421435142e-08,30174,2ec2ba37fa8cbb0b
3,S04,persistence,CoPy_L,left,4,SS_vs_seasonal,0.15815561882955842,30174,2ec2ba37fa8cbb0b
3,S04,persistence,CoPy_L,left,4,SS_vs_ar,-0.09933821059693426,30174,2ec2ba37fa8cbb0b
3,S04,persistence,CoPy_L,left,4,SS_vs_probgru,0.028493718649652777,30174,2ec2ba37fa8cbb0b
3,S04,persistence,CoPy_L,left,5,MSE,2.9849718055829455e-05,30174,2ec2ba37fa8cbb0b
3,S04,persistence,CoPy_L,left,5,MAE,0.00368550347199885,30174,2ec2ba37fa8cbb0b
3,S04,persistence,CoPy_L,left,5,SS_vs_persistence,3.350115285183364e-08,30174,2ec2ba37fa8cbb0b
3,S04,persistence,CoPy_L,left,5,SS_vs_seasonal,0.12143009033704821,30174,2ec2ba37fa8cbb0b
3,S04,persistence,CoPy_L,left,5,SS_vs_ar,-0.12338014402681208,30174,2ec2ba37fa8cbb0b
3,S04,persistence,CoPy_L,left,5,SS_vs_probgru,-0.03829351914174994,30174,2ec2ba37fa8cbb0b
3,S04,persistence,CoPy_L,left,6,MSE,3.47924414252553e-05,30174,2ec2ba37fa8cbb0b
3,S04,persistence,CoPy_L,left,6,MAE,0.003981717999750975,30174,2ec2ba37fa8cbb0b
3,S04,persistence,CoPy_L,left,6,SS_vs_persistence,2.874187421397778e-08,30174,2ec2ba37fa8cbb0b
3,S04,persistence,CoPy_L,left,6,SS_vs_seasonal,0.09122769690367749,30174,2ec2ba37fa8cbb0b
3,S04,persistence,CoPy_L,left,6,SS_vs_ar,-0.15630963937678333,30174,2ec2ba37fa8cbb0b
3,S04,persistence,CoPy_L,left,6,SS_vs_probgru,-0.09833571787058237,30174,2ec2ba37fa8cbb0b
3,S04,persistence,CoPy_L,left,all,MSE,2.2303720705061226e-05,30174,2ec2ba37fa8cbb0b
3,S04,persistence,CoPy_L,left,all,MAE,0.003153006316699174,30174,2ec2ba37fa8cbb0b
3,S04,persistence,CoPy_L,left,all,Hausdorff,2.8779719558430354,30174,2ec2ba37fa8cbb0b
3,S04,persistence,CoPy_L,left,all,SS_vs_persistence,4.483556659273802e-08,30174,2ec2ba37fa8cbb0b
3,S04,persistence,CoPy_L,left,all,HD_ratio_vs_persistence,1.0,30174,2ec2ba37fa8cbb0b
3,S04,persistence,CoPy_L,left,all,SS_vs_seasonal,0.17803008582911284,30174,2ec2ba37fa8cbb0b
3,S04,persistence,CoPy_L,left,all,HD_ratio_vs_seasonal,0.9697693766033489,30174,2ec2ba37fa8cbb0b
3,S04,persistence,CoPy_L,left,all,SS_vs_ar,-0.10791301350642879,30174,2ec2ba37fa8cbb0b
3,S04,persistence,CoPy_L,left,all,HD_ratio_vs_ar,1.1284344663041956,30174,2ec2ba37fa8cbb0b
3,S04,persistence,CoPy_L,left,all,SS_vs_probgru,0.044401850229976,30174,2ec2ba37fa8cbb0b
3,S04,persistence,CoPy_L,left,all,HD_ratio_vs_probgru,1.0776316794902836,30174,2ec2ba37fa8cbb0b
3,S04,persistence,F_R,right,1,MSE,22.389627477224693,30174,2ec2ba37fa8cbb0b
3,S04,persistence,F_R,right,1,MAE,3.2016586937850313,30174,2ec2ba37fa8cbb0b
3,S04,persistence,F_R,right,1,SS_vs_persistence,4.463096558993129e-14,30174,2ec2ba37fa8cbb0b
3,S04,persistence,F_R,right,1,SS_vs_seasonal,0.32224023377958844,30174,2ec2ba37fa8cbb0b
3,S04,persistence,F_R,right,1,SS_vs_ar,-0.03375614344591238,30174,2ec2ba37fa8cbb0b
3,S04,persistence,F_R,right,1,SS_vs_probgru,0.30841504603895553,30174,2ec2ba37fa8cbb0b
3,S04,persistence,F_R,right,2,MSE,49.46941347778096,30174,2ec2ba37fa8cbb0b
3,S04,persistence,F_R,right,2,MAE,4.831073772364427,30174,2ec2ba37fa8cbb0b
3,S04,persistence,F_R,right,2,SS_vs_persistence,2.020605904817785e-14,30174,2ec2ba37fa8cbb0b
3,S04,persistence,F_R,right,2,SS_vs_seasonal,0.15274794041491058,30174,2ec2ba37fa8cbb0b
3,S04,persistence,F_R,right,2,SS_vs_ar,-0.04491286969325925,30174,2ec2ba37fa8cbb0b
3,S04,persistence,F_R,right,2,SS_vs_probgru,0.09441534958642372,30174,2ec2ba37fa8cbb0b
3,S04,persistence,F_R,right,3,MSE,73.19177675340546,30174,2ec2ba37fa8cbb0b
3,S04,persistence,F_R,right,3,MAE,5.961523026067947,30174,2ec2ba37fa8cbb0b
3,S04,persistence,F_R,right,3,SS_vs_persistence,1.354472090042691e-14,30174,2ec2ba37fa8cbb0b
3,S04,persistence,F_R,right,3,SS_vs_seasonal,0.09680557062483375,30174,2ec2ba37fa8cbb0b
3,S04,persistence,F_R,right,3,SS_vs_ar,-0.06722856503362817,30174,2ec2ba37fa8cbb0b
3,S04,persistence,F_R,right,3,SS_vs_probgru,0.010869348888352115,30174,2ec2ba37fa8cbb0b
3,S04,persistence,F_R,right,4,MSE,92.93783555436102,30174,2ec2ba37fa8cbb0b
3,S04,persistence,F_R,right,4,MAE,6.845990217189519,30174,2ec2ba37fa8cbb0b
3,S04,persistence,F_R,right,4,SS_vs_persistence,1.0658141036401503e-14,30174,2ec2ba37fa8cbb0b
3,S04,persistence,F_R,right,4,SS_vs_seasonal,0.07423063360160842,30174,2ec2ba37fa8cbb0b
3,S04,persistence,F_R,right,4,SS_vs_ar,-0.08755400212547393,30174,2ec2ba37fa8cbb0b
3,S04,persistence,F_R,right,4,SS_vs_probgru,-0.03356258995261485,30174,2ec2ba37fa8cbb0b
3,S04,persistence,F_R,right,5,MSE,109.64824835043923,30174,2ec2ba37fa8cbb0b
3,S04,persistence,F_R,right,5,MAE,7.5421013080189585,30174,2ec2ba37fa8cbb0b
3,S04,persistence,F_R,right,5,SS_vs_persistence,9.103828801926284e-15,30174,2ec2ba37fa8cbb0b
3,S04,persistence,F_R,right,5,SS_vs_seasonal,0.05986991552286047,30174,2ec2ba37fa8cbb0b
3,S04,persistence,F_R,right,5,SS_vs_ar,-0.10298631289565763,30174,2ec2ba37fa8cbb0b
3,S04,persistence,F_R,right,5,SS_vs_probgru,-0.0629767466571527,30174,2ec2ba37fa8cbb0b
3,S04,persistence,F_R,right,6,MSE,123.09872823866145,30174,2ec2ba37fa8cbb0b
3,S04,persistence,F_R,right,6,MAE,8.089733974102549,30174,2ec2ba37fa8cbb0b
3,S04,persistence,F_R,right,6,SS_vs_persistence,8.104628079763643e-15,30174,2ec2ba37fa8cbb0b
3,S04,persistence,F_R,right,6,SS_vs_seasonal,0.047169504681461305,30174,2ec2ba37fa8cbb0b
3,S04,persistence,F_R,right,6,SS_vs_ar,-0.1069660793971905,30174,2ec2ba37fa8cbb0b
3,S04,persistence,F_R,right,6,SS_vs_probgru,-0.07708730465354474,30174,2ec2ba37fa8cbb0b
3,S04,persistence,F_R,right,all,MSE,78.45593830864547,30174,2ec2ba37fa8cbb0b
3,S04,persistence,F_R,right,all,MAE,6.078680165254739,30174,2ec2ba37fa8cbb0b
3,S04,persistence,F_R,right,all,Hausdorff,3.0011863803549663,30174,2ec2ba37fa8cbb0b
3,S04,persistence,F_R,right,all,SS_vs_persistence,1.2656542480726785e-14,30174,2ec2ba37fa8cbb0b
3,S04,persistence,F_R,right,all,HD_ratio_vs_persistence,1.0,30174,2ec2ba37fa8cbb0b
3,S04,persistence,F_R,right,all,SS_vs_seasonal,0.09242283711656674,30174,2ec2ba37fa8cbb0b
3,S04,persistence,F_R,right,all,HD_ratio_vs_seasonal,0.9748223923594785,30174,2ec2ba37fa8cbb0b
3,S04,persistence,F_R,right,all,SS_vs_ar,-0.08551305713164115,30174,2ec2ba37fa8cbb0b
3,S04,persistence,F_R,right,all,HD_ratio_vs_ar,1.1149734673327365,30174,2ec2ba37fa8cbb0b
3,S04,persistence,F_R,right,all,SS_vs_probgru,-0.005076581544926295,30174,2ec2ba37fa8cbb0b
3,S04,persistence,F_R,right,all,HD_ratio_vs_probgru,1.0031121087770785,30174,2ec2ba37fa8cbb0b
3,S04,persistence,CoPx_R,right,1,MSE,6.230775378491929e-06,29358,2ec2ba37fa8cbb0b
3,S04,persistence,CoPx_R,right,1,MAE,0.0018295196693479806,29358,2ec2ba37fa8cbb0b
3,S04,persistence,CoPx_R,right,1,SS_vs_persistence,1.6049364304215885e-07,29358,2ec2ba37fa8cbb0b
3,S04,persistence,CoPx_R,right,1,SS_vs_seasonal,0.16205271990990122,29358,2ec2ba37fa8cbb0b
3,S04,persistence,CoPx_R,right,1,SS_vs_ar,-0.07713525905556629,29358,2ec2ba37fa8cbb0b
3,S04,persistence,CoPx_R,right,1,SS_vs_probgru,0.07155601679975643,29358,2ec2ba37fa8cbb0b
3,S04,persistence,CoPx_R,right,2,MSE,1.0848875645684668e-05,29358,2ec2ba37fa8cbb0b
3,S04,persistence,CoPx_R,right,2,MAE,0.002413753209473539,29358,2ec2ba37fa8cbb0b
3,S04,persistence,CoPx_R,right,2,SS_vs_persistence,9.217544194584093e-08,29358,2ec2ba37fa8cbb0b
3,S04,persistence,CoPx_R,right,2,SS_vs_seasonal,0.07916741248429482,29358,2ec2ba37fa8cbb0b
3,S04,persistence,CoPx_R,right,2,SS_vs_ar,-0.1431771117997942,29358,2ec2ba37fa8cbb0b
3,S04,persistence,CoPx_R,right,2,SS_vs_probgru,-0.09797189100651216,29358,2ec2ba37fa8cbb0b
3,S04,persistence,CoPx_R,right,3,MSE,1.4085974508473134e-05,29358,2ec2ba37fa8cbb0b
3,S04,persistence,CoPx_R,right,3,MAE,0.002744606571410052,29358,2ec2ba37fa8cbb0b
3,S04,persistence,CoPx_R,right,3,SS_vs_persistence,7.099259824450144e-08,29358,2ec2ba37fa8cbb0b
3,S04,persistence,CoPx_R,right,3,SS_vs_seasonal,0.054016679441347915,29358,2ec2ba37fa8cbb0b
3,S04,persistence,CoPx_R,right,3,SS_vs_ar,-0.1766054955374341,29358,2ec2ba37fa8cbb0b
3,S04,persistence,CoPx_R,right,3,SS_vs_probgru,-0.17480489526844378,29358,2ec2ba37fa8cbb0b
3,S04,persistence,CoPx_R,right,4,MSE,1.680847815920202e-05,29358,2ec2ba37fa8cbb0b
3,S04,persistence,CoPx_R,right,4,MAE,0.00301459544396754,29358,2ec2ba37fa8cbb0b
3,S04,persistence,CoPx_R,right,4,SS_vs_persistence,5.949378223402135e-08,29358,2ec2ba37fa8cbb0b
3,S04,persistence,CoPx_R,right,4,SS_vs_seasonal,0.041664544410015436,29358,2ec2ba37fa8cbb0b
3,S04,persistence,CoPx_R,right,4,SS_vs_ar,-0.20958921403421593,29358,2ec2ba37fa8cbb0b
3,S04,persistence,CoPx_R,right,4,SS_vs_probgru,-0.23481196180114838,29358,2ec2ba37fa8cbb0b
3,S04,persistence,CoPx_R,right,5,MSE,1.9157713279330422e-05,29358,2ec2ba37fa8cbb0b
3,S04,persistence,CoPx_R,right,5,MAE,0.0032179620380749217,29358,2ec2ba37fa8cbb0b
3,S04,persistence,CoPx_R,right,5,SS_vs_persistence,5.2198293798433326e-08,29358,2ec2ba37fa8cbb0b
3,S04,persistence,CoPx_R,right,5,SS_vs_seasonal,0.03251484174021835,29358,2ec2ba37fa8cbb0b
3,S04,persistence,CoPx_R,right,5,SS_vs_ar,-0.24787696261928116,29358,2ec2ba37fa8cbb0b
3,S04,persistence,CoPx_R,right,5,SS_vs_probgru,-0.28916998874349553,29358,2ec2ba37fa8cbb0b
3,S04,persistence,CoPx_R,right,6,MSE,2.059085217856638e-05,29358,2ec2ba37fa8cbb0b
3,S04,persistence,CoPx_R,right,6,MAE,0.003351004418939471,29358,2ec2ba37fa8cbb0b
3,S04,persistence,CoPx_R,right,6,SS_vs_persistence,4.8565253263355146e-08,29358,2ec2ba37fa8cbb0b
3,S04,persistence,CoPx_R,right,6,SS_vs_seasonal,0.02816207387874181,29358,2ec2ba37fa8cbb0b
3,S04,persistence,CoPx_R,right,6,SS_vs_ar,-0.26147785768389453,29358,2ec2ba37fa8cbb0b
3,S04,persistence,CoPx_R,right,6,SS_vs_probgru,-0.31978820218335335,29358,2ec2ba37fa8cbb0b
3,S04,persistence,CoPx_R,right,all,MSE,1.4621706149634412e-05,29358,2ec2ba37fa8cbb0b
3,S04,persistence,CoPx_R,right,all,MAE,0.002762037935479783,29358,2ec2ba37fa8cbb0b
3,S04,persistence,CoPx_R,right,all,Hausdorff,2.8466476277906234,29358,2ec2ba37fa8cbb0b
3,S04,persistence,CoPx_R,right,all,SS_vs_persistence,6.839146682313668e-08,29358,2ec2ba37fa8cbb0b
3,S04,persistence,CoPx_R,right,all,HD_ratio_vs_persistence,1.0,29358,2ec2ba37fa8cbb0b
3,S04,persistence,CoPx_R,right,all,SS_vs_seasonal,0.05303154154093248,29358,2ec2ba37fa8cbb0b
3,S04,persistence,CoPx_R,right,all,HD_ratio_vs_seasonal,0.9949344704083861,29358,2ec2ba37fa8cbb0b
3,S04,persistence,CoPx_R,right,all,SS_vs_ar,-0.20470557942668144,29358,2ec2ba37fa8cbb0b
3,S04,persistence,CoPx_R,right,all,HD_ratio_vs_ar,1.1839638488283366,29358,2ec2ba37fa8cbb0b
3,S04,persistence,CoPx_R,right,all,SS_vs_probgru,-0.20739370174624305,29358,2ec2ba37fa8cbb0b
3,S04,persistence,CoPx_R,right,all,HD_ratio_vs_probgru,1.1318440153437415,29358,2ec2ba37fa8cbb0b
3,S04,persistence,CoPy_R,right,1,MSE,8.705107265735032e-06,29358,2ec2ba37fa8cbb0b
3,S04,persistence,CoPy_R,right,1,MAE,0.002019720648143771,29358,2ec2ba37fa8cbb0b
3,S04,persistence,CoPy_R,right,1,SS_vs_persistence,1.1487507900476146e-07,29358,2ec2ba37fa8cbb0b
3,S04,persistence,CoPy_R,right,1,SS_vs_seasonal,0.36908702834239704,29358,2ec2ba37fa8cbb0b
3,S04,persistence,CoPy_R,right,1,SS_vs_ar,-0.037596964825201695,29358,2ec2ba37fa8cbb0b
3,S04,persistence,CoPy_R,right,1,SS_vs_probgru,0.12680713293788748,29358,2ec2ba37fa8cbb0b
3,S04,persistence,CoPy_R,right,2,MSE,1.5258540486553832e-05,29358,2ec2ba37fa8cbb0b
3,S04,persistence,CoPy_R,right,2,MAE,0.0026396325423234486,29358,2ec2ba37fa8cbb0b
3,S04,persistence,CoPy_R,right,2,SS_vs_persistence,6.553706333178866e-08,29358,2ec2ba37fa8cbb0b
3,S04,persistence,CoPy_R,right,2,SS_vs_seasonal,0.21930530158127282,29358,2ec2ba37fa8cbb0b
3,S04,persistence,CoPy_R,right,2,SS_vs_ar,-0.0971105097166356,29358,2ec2ba37fa8cbb0b
3,S04,persistence,CoPy_R,right,2,SS_vs_probgru,-0.05536754753061657,29358,2ec2ba37fa8cbb0b
3,S04,persistence,CoPy_R,right,3,MSE,1.975110379129699e-05,29358,2ec2ba37fa8cbb0b
3,S04,persistence,CoPy_R,right,3,MAE,0.0029896485208380638,29358,2ec2ba37fa8cbb0b
3,S04,persistence,CoPy_R,right,3,SS_vs_persistence,5.0630079129199146e-08,29358,2ec2ba37fa8cbb0b
3,S04,persistence,CoPy_R,right,3,SS_vs_seasonal,0.1648957578379875,29358,2ec2ba37fa8cbb0b
3,S04,persistence,CoPy_R,right,3,SS_vs_ar,-0.13998166918564303,29358,2ec2ba37fa8cbb0b
3,S04,persistence,CoPy_R,right,3,SS_vs_probgru,-0.10310127507258837,29358,2ec2ba37fa8cbb0b
3,S04,persistence,CoPy_R,right,4,MSE,2.3256250652311263e-05,29358,2ec2ba37fa8cbb0b
3,S04,persistence,CoPy_R,right,4,MAE,0.0032576175247192624,29358,2ec2ba37fa8cbb0b
3,S04,persistence,CoPy_R,right,4,SS_vs_persistence,4.299919065253732e-08,29358,2ec2ba37fa8cbb0b
3,S04,persistence,CoPy_R,right,4,SS_vs_seasonal,0.13790292548740146,29358,2ec2ba37fa8cbb0b
3,S04,persistence,CoPy_R,right,4,SS_vs_ar,-0.16958937629806936,29358,2ec2ba37fa8cbb0b
3,S04,persistence,CoPy_R,right,4,SS_vs_probgru,-0.11790270897260258,29358,2ec2ba37fa8cbb0b
3,S04,persistence,CoPy_R,right,5,MSE,2.6155511168082823e-05,29358,2ec2ba37fa8cbb0b
3,S04,persistence,CoPy_R,right,5,MAE,0.0034867957322911734,29358,2ec2ba37fa8cbb0b
3,S04,persistence,CoPy_R,right,5,SS_vs_persistence,3.823285865678372e-08,29358,2ec2ba37fa8cbb0b
3,S04,persistence,CoPy_R,right,5,SS_vs_seasonal,0.11795437252758278,29358,2ec2ba37fa8cbb0b
3,S04,persistence,CoPy_R,right,5,SS_vs_ar,-0.1862682716018449,29358,2ec2ba37fa8cbb0b
3,S04,persistence,CoPy_R,right,5,SS_vs_probgru,-0.11042403074964602,29358,2ec2ba37fa8cbb0b
3,S04,persistence,CoPy_R,right,6,MSE,2.8966759809149585e-05,29358,2ec2ba37fa8cbb0b
3,S04,persistence,CoPy_R,right,6,MAE,0.0036862742334253813,29358,2ec2ba37fa8cbb0b
3,S04,persistence,CoPy_R,right,6,SS_vs_persistence,3.4522327330144265e-08,29358,2ec2ba37fa8cbb0b
3,S04,persistence,CoPy_R,right,6,SS_vs_seasonal,0.09720293306741379,29358,2ec2ba37fa8cbb0b
3,S04,persistence,CoPy_R,right,6,SS_vs_ar,-0.19968150947908114,29358,2ec2ba37fa8cbb0b
3,S04,persistence,CoPy_R,right,6,SS_vs_probgru,-0.10637823822330095,29358,2ec2ba37fa8cbb0b
3,S04,persistence,CoPy_R,right,all,MSE,2.0350630353290493e-05,29358,2ec2ba37fa8cbb0b
3,S04,persistence,CoPy_R,right,all,MAE,0.003013423923103745,29358,2ec2ba37fa8cbb0b
3,S04,persistence,CoPy_R,right,all,Hausdorff,2.85157150492826,29358,2ec2ba37fa8cbb0b
3,S04,persistence,CoPy_R,right,all,SS_vs_persistence,4.9138524582659215e-08,29358,2ec2ba37fa8cbb0b
3,S04,persistence,CoPy_R,right,all,HD_ratio_vs_persistence,1.0,29358,2ec2ba37fa8cbb0b
3,S04,persistence,CoPy_R,right,all,SS_vs_seasonal,0.1620556515449958,29358,2ec2ba37fa8cbb0b
3,S04,persistence,CoPy_R,right,all,HD_ratio_vs_seasonal,0.9691040775626233,29358,2ec2ba37fa8cbb0b
3,S04,persistence,CoPy_R,right,all,SS_vs_ar,-0.15508718447223635,29358,2ec2ba37fa8cbb0b
3,S04,persistence,CoPy_R,right,all,HD_ratio_vs_ar,1.1873267131614886,29358,2ec2ba37fa8cbb0b
3,S04,persistence,CoPy_R,right,all,SS_vs_probgru,-0.08170866000735355,29358,2ec2ba37fa8cbb0b
3,S04,persistence,CoPy_R,right,all,HD_ratio_vs_probgru,1.0748081843653545,29358,2ec2ba37fa8cbb0b
3,S04,seasonal,F_L,left,1,MSE,27.346925062646314,30174,2ec2ba37fa8cbb0b
3,S04,seasonal,F_L,left,1,MAE,2.802502656224756,30174,2ec2ba37fa8cbb0b
3,S04,seasonal,F_L,left,1,SS_vs_persistence,-1.359887724726475,30174,2ec2ba37fa8cbb0b
3,S04,seasonal,F_L,left,1,SS_vs_seasonal,3.652633751016765e-14,30174,2ec2ba37fa8cbb0b
3,S04,seasonal,F_L,left,1,SS_vs_ar,-1.3894552186455442,30174,2ec2ba37fa8cbb0b
3,S04,seasonal,F_L,left,1,SS_vs_probgru,-0.1332689895566963,30174,2ec2ba37fa8cbb0b
3,S04,seasonal,F_L,left,2,MSE,38.587807815991965,30174,2ec2ba37fa8cbb0b
3,S04,seasonal,F_L,left,2,MAE,3.7679287767666287,30174,2ec2ba37fa8cbb0b
3,S04,seasonal,F_L,left,2,SS_vs_persistence,-0.6115922279955066,30174,2ec2ba37fa8cbb0b
3,S04,seasonal,F_L,left,2,SS_vs_seasonal,2.5979218776228663e-14,30174,2ec2ba37fa8cbb0b
3,S04,seasonal,F_L,left,2,SS_vs_ar,-0.6798519049132574,30174,2ec2ba37fa8cbb0b
3,S04,seasonal,F_L,left,2,SS_vs_probgru,-0.14412220596586423,30174,2ec2ba37fa8cbb0b
3,S04,seasonal,F_L,left,3,MSE,49.868299506054655,30174,2ec2ba37fa8cbb0b
3,S04,seasonal,F_L,left,3,MAE,4.485248388934027,30174,2ec2ba37fa8cbb0b
3,S04,seasonal,F_L,left,3,SS_vs_persistence,-0.3777176829065043,30174,2ec2ba37fa8cbb0b
3,S04,seasonal,F_L,left,3,SS_vs_seasonal,2.0095036745715333e-14,30174,2ec2ba37fa8cbb0b
3,S04,seasonal,F_L,left,3,SS_vs_ar,-0.46453442922678745,30174,2ec2ba37fa8cbb0b
3,S04,seasonal,F_L,left,3,SS_vs_probgru,-0.16638165165830432,30174,2ec2ba37fa8cbb0b
3,S04,seasonal,F_L,left,4,MSE,60.14459714061992,30174,2ec2ba37fa8cbb0b
3,S04,seasonal,F_L,left,4,MAE,5.0693038482271575,30174,2ec2ba37fa8cbb0b
3,S04,seasonal,F_L,left,4,SS_vs_persistence,-0.2637710125215953,30174,2ec2ba37fa8cbb0b
3,S04,seasonal,F_L,left,4,SS_vs_seasonal,1.6653345369377348e-14,30174,2ec2ba37fa8cbb0b
3,S04,seasonal,F_L,left,4,SS_vs_ar,-0.3731620730799343,30174,2ec2ba37fa8cbb0b
3,S04,seasonal,F_L,left,4,SS_vs_probgru,-0.1868913017635503,30174,2ec2ba37fa8cbb0b
3,S04,seasonal,F_L,left,5,MSE,70.1974444158333,30174,2ec2ba37fa8cbb0b
3,S04,seasonal,F_L,left,5,MAE,5.564724755111758,30174,2ec2ba37fa8cbb0b
3,S04,seasonal,F_L,left,5,SS_vs_persistence,-0.19345905906575633,30174,2ec2ba37fa8cbb0b
3,S04,seasonal,F_L,left,5,SS_vs_seasonal,1.4210854715202004e-14,30174,2ec2ba37fa8cbb0b
3,S04,seasonal,F_L,left,5,SS_vs_ar,-0.32494851763708454,30174,2ec2ba37fa8cbb0b
3,S04,seasonal,F_L,left,5,SS_vs_probgru,-0.20739421761801302,30174,2ec2ba37fa8cbb0b
3,S04,seasonal,F_L,left,6,MSE,79.71504845343446,30174,2ec2ba37fa8cbb0b
3,S04,seasonal,F_L,left,6,MAE,6.007811856758146,30174,2ec2ba37fa8cbb0b
3,S04,seasonal,F_L,left,6,SS_vs_persistence,-0.14305603994654303,30174,2ec2ba37fa8cbb0b
3,S04,seasonal,F_L,left,6,SS_vs_seasonal,1.2434497875801753e-14,30174,2ec2ba37fa8cbb0b
3,S04,seasonal,F_L,left,6,SS_vs_ar,-0.2935026188951839,30174,2ec2ba37fa8cbb0b
3,S04,seasonal,F_L,left,6,SS_vs_probgru,-0.22578902684337376,30174,2ec2ba37fa8cbb0b
3,S04,seasonal,F_L,left,all,MSE,54.31002039909677,30174,2ec2ba37fa8cbb0b
3,S04,seasonal,F_L,left,all,MAE,4.616253380337079,30174,2ec2ba37fa8cbb0b
3,S04,seasonal,F_L,left,all,Hausdorff,3.225915899058661,30174,2ec2ba37fa8cbb0b
3,S04,seasonal,F_L,left,all,SS_vs_persistence,-0.3146050260618971,30174,2ec2ba37fa8cbb0b
3,S04,seasonal,F_L,left,all,HD_ratio_vs_persistence,1.069549613617273,30174,2ec2ba37fa8cbb0b
3,S04,seasonal,F_L,left,all,SS_vs_seasonal,1.84297022087776e-14,30174,2ec2ba37fa8cbb0b
3,S04,seasonal,F_L,left,all,HD_ratio_vs_seasonal,1.0,30174,2ec2ba37fa8cbb0b
3,S04,seasonal,F_L,left,all,SS_vs_ar,-0.43629790309223604,30174,2ec2ba37fa8cbb0b
3,S04,seasonal,F_L,left,all,HD_ratio_vs_ar,1.1753857877771297,30174,2ec2ba37fa8cbb0b
3,S04,seasonal,F_L,left,all,SS_vs_probgru,-0.18728588381855582,30174,2ec2ba37fa8cbb0b
3,S04,seasonal,F_L,left,all,HD_ratio_vs_probgru,1.0219810236843008,30174,2ec2ba37fa8cbb0b
3,S04,seasonal,CoPx_L,left,1,MSE,1.0141349804488156e-05,30174,2ec2ba37fa8cbb0b
3,S04,seasonal,CoPx_L,left,1,MAE,0.002286727450534979,30174,2ec2ba37fa8cbb0b
3,S04,seasonal,CoPx_L,left,1,SS_vs_persistence,-0.22296031676997896,30174,2ec2ba37fa8cbb0b
3,S04,seasonal,CoPx_L,left,1,SS_vs_seasonal,9.860619343271537e-08,30174,2ec2ba37fa8cbb0b
3,S04,seasonal,CoPx_L,left,1,SS_vs_ar,-0.3136770830326183,30174,2ec2ba37fa8cbb0b
3,S04,seasonal,CoPx_L,left,1,SS_vs_probgru,-0.0760416724785824,30174,2ec2ba37fa8cbb0b
3,S04,seasonal,CoPx_L,left,2,MSE,1.5421675541142895e-05,30174,2ec2ba37fa8cbb0b
3,S04,seasonal,CoPx_L,left,2,MAE,0.002870431888277905,30174,2ec2ba37fa8cbb0b
3,S04,seasonal,CoPx_L,left,2,SS_vs_persistence,-0.10995913677101199,30174,2ec2ba37fa8cbb0b
3,S04,seasonal,CoPx_L,left,2,SS_vs_seasonal,6.484379289073416e-08,30174,2ec2ba37fa8cbb0b
3,S04,seasonal,CoPx_L,left,2,SS_vs_ar,-0.25601046037355113,30174,2ec2ba37fa8cbb0b
3,S04,seasonal,CoPx_L,left,2,SS_vs_probgru,-0.10489202231386563,30174,2ec2ba37fa8cbb0b
3,S04,seasonal,CoPx_L,left,3,MSE,1.94320800855615e-05,30174,2ec2ba37fa8cbb0b
3,S04,seasonal,CoPx_L,left,3,MAE,0.003219536008818171,30174,2ec2ba37fa8cbb0b
3,S04,seasonal,CoPx_L,left,3,SS_vs_persistence,-0.07517202281411528,30174,2ec2ba37fa8cbb0b
3,S04,seasonal,CoPx_L,left,3,SS_vs_seasonal,5.1461292005505754e-08,30174,2ec2ba37fa8cbb0b
3,S04,seasonal,CoPx_L,left,3,SS_vs_ar,-0.2699853059637991,30174,2ec2ba37fa8cbb0b
3,S04,seasonal,CoPx_L,left,3,SS_vs_probgru,-0.13502546988690023,30174,2ec2ba37fa8cbb0b
3,S04,seasonal,CoPx_L,left,4,MSE,2.2602470452194438e-05,30174,2ec2ba37fa8cbb0b
3,S04,seasonal,CoPx_L,left,4,MAE,0.003504169056337389,30174,2ec2ba37fa8cbb0b
3,S04,seasonal,CoPx_L,left,4,SS_vs_persistence,-0.05400889614451221,30174,2ec2ba37fa8cbb0b
3,S04,seasonal,CoPx_L,left,4,SS_vs_seasonal,4.424294930416295e-08,30174,2ec2ba37fa8cbb0b
3,S04,seasonal,CoPx_L,left,4,SS_vs_ar,-0.2869163185091024,30174,2ec2ba37fa8cbb0b
3,S04,seasonal,CoPx_L,left,4,SS_vs_probgru,-0.1586752499255517,30174,2ec2ba37fa8cbb0b
3,S04,seasonal,CoPx_L,left,5,MSE,2.4992803392476603e-05,30174,2ec2ba37fa8cbb0b
3,S04,seasonal,CoPx_L,left,5,MAE,0.003713012461341289,30174,2ec2ba37fa8cbb0b
3,S04,seasonal,CoPx_L,left,5,SS_vs_persistence,-0.041841888234982916,30174,2ec2ba37fa8cbb0b
3,S04,seasonal,CoPx_L,left,5,SS_vs_seasonal,4.00115162113579e-08,30174,2ec2ba37fa8cbb0b
3,S04,seasonal,CoPx_L,left,5,SS_vs_ar,-0.30070636070434564,30174,2ec2ba37fa8cbb0b
3,S04,seasonal,CoPx_L,left,5,SS_vs_probgru,-0.1736980166707487,30174,2ec2ba37fa8cbb0b
3,S04,seasonal,CoPx_L,left,6,MSE,2.6948140723041947e-05,30174,2ec2ba37fa8cbb0b
3,S04,seasonal,CoPx_L,left,6,MAE,0.0038802442599849252,30174,2ec2ba37fa8cbb0b
3,S04,seasonal,CoPx_L,left,6,SS_vs_persistence,-0.03379335816124662,30174,2ec2ba37fa8cbb0b
3,S04,seasonal,CoPx_L,left,6,SS_vs_seasonal,3.710831009140492e-08,30174,2ec2ba37fa8cbb0b
3,S04,seasonal,CoPx_L,left,6,SS_vs_ar,-0.31091009529659197,30174,2ec2ba37fa8cbb0b
3,S04,seasonal,CoPx_L,left,6,SS_vs_probgru,-0.19045654209514273,30174,2ec2ba37fa8cbb0b
3,S04,seasonal,CoPx_L,left,all,MSE,1.9923086666484982e-05,30174,2ec2ba37fa8cbb0b
3,S04,seasonal,CoPx_L,left,all,MAE,0.003245686854215776,30174,2ec2ba37fa8cbb0b
3,S04,seasonal,CoPx_L,left,all,Hausdorff,2.871379218887072,30174,2ec2ba37fa8cbb0b
3,S04,seasonal,CoPx_L,left,all,SS_vs_persistence,-0.0695961973324617,30174,2ec2ba37fa8cbb0b
3,S04,seasonal,CoPx_L,left,all,HD_ratio_vs_persistence,1.0074939501041178,30174,2ec2ba37fa8cbb0b
3,S04,seasonal,CoPx_L,left,all,SS_vs_seasonal,5.019302307118778e-08,30174,2ec2ba37fa8cbb0b
3,S04,seasonal,CoPx_L,left,all,HD_ratio_vs_seasonal,1.0,30174,2ec2ba37fa8cbb0b
3,S04,seasonal,CoPx_L,left,all,SS_vs_ar,-0.2904383871280889,30174,2ec2ba37fa8cbb0b
3,S04,seasonal,CoPx_L,left,all,HD_ratio_vs_ar,1.1961616066978873,30174,2ec2ba37fa8cbb0b
3,S04,seasonal,CoPx_L,left,all,SS_vs_probgru,-0.1500640731063836,30174,2ec2ba37fa8cbb0b
3,S04,seasonal,CoPx_L,left,all,HD_ratio_vs_probgru,1.1144079291411135,30174,2ec2ba37fa8cbb0b
3,S04,seasonal,CoPy_L,left,1,MSE,1.5068790521997794e-05,30174,2ec2ba37fa8cbb0b
3,S04,seasonal,CoPy_L,left,1,MAE,0.0024271923176361096,30174,2ec2ba37fa8cbb0b
3,S04,seasonal,CoPy_L,left,1,SS_vs_persistence,-0.6727609048345189,30174,2ec2ba37fa8cbb0b
3,S04,seasonal,CoPy_L,left,1,SS_vs_seasonal,6.636232230405881e-08,30174,2ec2ba37fa8cbb0b
3,S04,seasonal,CoPy_L,left,1,SS_vs_ar,-0.7399843954382024,30174,2ec2ba37fa8cbb0b
3,S04,seasonal,CoPy_L,left,1,SS_vs_probgru,-0.1316348406818446,30174,2ec2ba37fa8cbb0b
3,S04,seasonal,CoPy_L,left,2,MSE,2.0578937406390448e-05,30174,2ec2ba37fa8cbb0b
3,S04,seasonal,CoPy_L,left,2,MAE,0.0029690696211251625,30174,2ec2ba37fa8cbb0b
3,S04,seasonal,CoPy_L,left,2,SS_vs_persistence,-0.3677658515891806,30174,2ec2ba37fa8cbb0b
3,S04,seasonal,CoPy_L,left,2,SS_vs_seasonal,4.859337154883292e-08,30174,2ec2ba37fa8cbb0b
3,S04,seasonal,CoPy_L,left,2,SS_vs_ar,-0.45157478641362836,30174,2ec2ba37fa8cbb0b
3,S04,seasonal,CoPy_L,left,2,SS_vs_probgru,-0.11645508102054003,30174,2ec2ba37fa8cbb0b
3,S04,seasonal,CoPy_L,left,3,MSE,2.5381324655748035e-05,30174,2ec2ba37fa8cbb0b
3,S04,seasonal,CoPy_L,left,3,MAE,0.003349754944390919,30174,2ec2ba37fa8cbb0b
3,S04,seasonal,CoPy_L,left,3,SS_vs_persistence,-0.2517190781190761,30174,2ec2ba37fa8cbb0b
3,S04,seasonal,CoPy_L,left,3,SS_vs_seasonal,3.939904535954497e-08,30174,2ec2ba37fa8cbb0b
3,S04,seasonal,CoPy_L,left,3,SS_vs_ar,-0.35828318548519555,30174,2ec2ba37fa8cbb0b
3,S04,seasonal,CoPy_L,left,3,SS_vs_probgru,-0.1387896032403766,30174,2ec2ba37fa8cbb0b
3,S04,seasonal,CoPy_L,left,4,MSE,2.951733253019863e-05,30174,2ec2ba37fa8cbb0b
3,S04,seasonal,CoPy_L,left,4,MAE,0.0036073847350603493,30174,2ec2ba37fa8cbb0b
3,S04,seasonal,CoPy_L,left,4,SS_vs_persistence,-0.18786791032353056,30174,2ec2ba37fa8cbb0b
3,S04,seasonal,CoPy_L,left,4,SS_vs_seasonal,3.3878398864040093e-08,30174,2ec2ba37fa8cbb0b
3,S04,seasonal,CoPy_L,left,4,SS_vs_ar,-0.3058686355127451,30174,2ec2ba37fa8cbb0b
3,S04,seasonal,CoPy_L,left,4,SS_vs_probgru,-0.15402118273516963,30174,2ec2ba37fa8cbb0b
3,S04,seasonal,CoPy_L,left,5,MSE,3.397534658193663e-05,30174,2ec2ba37fa8cbb0b
3,S04,seasonal,CoPy_L,left,5,MAE,0.0038813179082819197,30174,2ec2ba37fa8cbb0b
3,S04,seasonal,CoPy_L,left,5,SS_vs_persistence,-0.13821327826874374,30174,2ec2ba37fa8cbb0b
3,S04,seasonal,CoPy_L,left,5,SS_vs_seasonal,2.9433105841469853e-08,30174,2ec2ba37fa8cbb0b
3,S04,seasonal,CoPy_L,left,5,SS_vs_ar,-0.2786462393108944,30174,2ec2ba37fa8cbb0b
3,S04,seasonal,CoPy_L,left,5,SS_vs_probgru,-0.18179950981916781,30174,2ec2ba37fa8cbb0b
3,S04,seasonal,CoPy_L,left,6,MSE,3.8285102217508136e-05,30174,2ec2ba37fa8cbb0b
3,S04,seasonal,CoPy_L,left,6,MAE,0.0041452779701479,30174,2ec2ba37fa8cbb0b
3,S04,seasonal,CoPy_L,left,6,SS_vs_persistence,-0.1003855880413147,30174,2ec2ba37fa8cbb0b
3,S04,seasonal,CoPy_L,left,6,SS_vs_seasonal,2.611981997358015e-08,30174,2ec2ba37fa8cbb0b
3,S04,seasonal,CoPy_L,left,6,SS_vs_ar,-0.27238649905423484,30174,2ec2ba37fa8cbb0b
3,S04,seasonal,CoPy_L,left,6,SS_vs_probgru,-0.20859282951302327,30174,2ec2ba37fa8cbb0b
3,S04,seasonal,CoPy_L,left,all,MSE,2.7134472318964194e-05,30174,2ec2ba37fa8cbb0b
3,S04,seasonal,CoPy_L,left,all,MAE,0.0033966662494403933,30174,2ec2ba37fa8cbb0b
3,S04,seasonal,CoPy_L,left,all,Hausdorff,2.9676869833972614,30174,2ec2ba37fa8cbb0b
3,S04,seasonal,CoPy_L,left,all,SS_vs_persistence,-0.21658944089168597,30174,2ec2ba37fa8cbb0b
3,S04,seasonal,CoPy_L,left,all,HD_ratio_vs_persistence,1.0311730027014616,30174,2ec2ba37fa8cbb0b
3,S04,seasonal,CoPy_L,left,all,SS_vs_seasonal,3.685348848314618e-08,30174,2ec2ba37fa8cbb0b
3,S04,seasonal,CoPy_L,left,all,HD_ratio_vs_seasonal,1.0,30174,2ec2ba37fa8cbb0b
3,S04,seasonal,CoPy_L,left,all,SS_vs_ar,-0.34787533409116334,30174,2ec2ba37fa8cbb0b
3,S04,seasonal,CoPy_L,left,all,HD_ratio_vs_ar,1.1636111569707188,30174,2ec2ba37fa8cbb0b
3,S04,seasonal,CoPy_L,left,all,SS_vs_probgru,-0.1625706708703576,30174,2ec2ba37fa8cbb0b
3,S04,seasonal,CoPy_L,left,all,HD_ratio_vs_probgru,1.111224694746215,30174,2ec2ba37fa8cbb0b
3,S04,seasonal,F_R,right,1,MSE,33.034754485474686,30174,2ec2ba37fa8cbb0b
3,S04,seasonal,F_R,right,1,MAE,3.637792011169203,30174,2ec2ba37fa8cbb0b
3,S04,seasonal,F_R,right,1,SS_vs_persistence,-0.4754490452812141,30174,2ec2ba37fa8cbb0b
3,S04,seasonal,F_R,right,1,SS_vs_seasonal,3.0309088572266774e-14,30174,2ec2ba37fa8cbb0b
3,S04,seasonal,F_R,right,1,SS_vs_ar,-0.5252545149009293,30174,2ec2ba37fa8cbb0b
3,S04,seasonal,F_R,right,1,SS_vs_probgru,-0.02039836005272111,30174,2ec2ba37fa8cbb0b
3,S04,seasonal,F_R,right,2,MSE,58.388071080058445,30174,2ec2ba37fa8cbb0b
3,S04,seasonal,F_R,right,2,MAE,5.170468163314883,30174,2ec2ba37fa8cbb0b
3,S04,seasonal,F_R,right,2,SS_vs_persistence,-0.1802863016817875,30174,2ec2ba37fa8cbb0b
3,S04,seasonal,F_R,right,2,SS_vs_seasonal,1.7208456881689926e-14,30174,2ec2ba37fa8cbb0b
3,S04,seasonal,F_R,right,2,SS_vs_ar,-0.23329634654998554,30174,2ec2ba37fa8cbb0b
3,S04,seasonal,F_R,right,2,SS_vs_probgru,-0.06884915789645607,30174,2ec2ba37fa8cbb0b
3,S04,seasonal,F_R,right,3,MSE,81.03656795584861,30174,2ec2ba37fa8cbb0b
3,S04,seasonal,F_R,right,3,MAE,6.241839997691126,30174,2ec2ba37fa8cbb0b
3,S04,seasonal,F_R,right,3,SS_vs_persistence,-0.10718131941068143,30174,2ec2ba37fa8cbb0b
3,S04,seasonal,F_R,right,3,SS_vs_seasonal,1.2323475573339238e-14,30174,2ec2ba37fa8cbb0b
3,S04,seasonal,F_R,right,3,SS_vs_ar,-0.18161553074671688,30174,2ec2ba37fa8cbb0b
3,S04,seasonal,F_R,right,3,SS_vs_probgru,-0.09514697936735583,30174,2ec2ba37fa8cbb0b
3,S04,seasonal,F_R,right,4,MSE,100.3898367429514,30174,2ec2ba37fa8cbb0b
3,S04,seasonal,F_R,right,4,MAE,7.117043814333894,30174,2ec2ba37fa8cbb0b
3,S04,seasonal,F_R,right,4,SS_vs_persistence,-0.0801826419147722,30174,2ec2ba37fa8cbb0b
3,S04,seasonal,F_R,right,4,SS_vs_seasonal,9.880984919163893e-15,30174,2ec2ba37fa8cbb0b
3,S04,seasonal,F_R,right,4,SS_vs_ar,-0.17475695524089074,30174,2ec2ba37fa8cbb0b
3,S04,seasonal,F_R,right,4,SS_vs_probgru,-0.11643636899930176,30174,2ec2ba37fa8cbb0b
3,S04,seasonal,F_R,right,5,MSE,116.63093242188926,30174,2ec2ba37fa8cbb0b
3,S04,seasonal,F_R,right,5,MAE,7.8113226853585145,30174,2ec2ba37fa8cbb0b
3,S04,seasonal,F_R,right,5,SS_vs_persistence,-0.06368258660304438,30174,2ec2ba37fa8cbb0b
3,S04,seasonal,F_R,right,5,SS_vs_seasonal,8.548717289613705e-15,30174,2ec2ba37fa8cbb0b
3,S04,seasonal,F_R,right,5,SS_vs_ar,-0.17322733428861858,30174,2ec2ba37fa8cbb0b
3,S04,seasonal,F_R,right,5,SS_vs_probgru,-0.13066985538317955,30174,2ec2ba37fa8cbb0b
3,S04,seasonal,F_R,right,6,MSE,129.1926831093999,30174,2ec2ba37fa8cbb0b
3,S04,seasonal,F_R,right,6,MAE,8.311121362795008,30174,2ec2ba37fa8cbb0b
3,S04,seasonal,F_R,right,6,SS_vs_persistence,-0.049504612744029064,30174,2ec2ba37fa8cbb0b
3,S04,seasonal,F_R,right,6,SS_vs_seasonal,7.66053886991358e-15,30174,2ec2ba37fa8cbb0b
3,S04,seasonal,F_R,right,6,SS_vs_ar,-0.16176600647853379,30174,2ec2ba37fa8cbb0b
3,S04,seasonal,F_R,right,6,SS_vs_probgru,-0.1304080945619377,30174,2ec2ba37fa8cbb0b
3,S04,seasonal,F_R,right,all,MSE,86.44547429927039,30174,2ec2ba37fa8cbb0b
3,S04,seasonal,F_R,right,all,MAE,6.3815980057771045,30174,2ec2ba37fa8cbb0b
3,S04,seasonal,F_R,right,all,Hausdorff,3.0787006985865784,30174,2ec2ba37fa8cbb0b
3,S04,seasonal,F_R,right,all,SS_vs_persistence,-0.10183468788803474,30174,2ec2ba37fa8cbb0b
3,S04,seasonal,F_R,right,all,HD_ratio_vs_persistence,1.025827892175908,30174,2ec2ba37fa8cbb0b
3,S04,seasonal,F_R,right,all,SS_vs_seasonal,1.1546319456101628e-14,30174,2ec2ba37fa8cbb0b
3,S04,seasonal,F_R,right,all,HD_ratio_vs_seasonal,1.0,30174,2ec2ba37fa8cbb0b
3,S04,seasonal,F_R,right,all,SS_vs_ar,-0.1960559405030433,30174,2ec2ba37fa8cbb0b
3,S04,seasonal,F_R,right,all,HD_ratio_vs_ar,1.1437708818260048,30174,2ec2ba37fa8cbb0b
3,S04,seasonal,F_R,right,all,SS_vs_probgru,-0.10742824153014063,30174,2ec2ba37fa8cbb0b
3,S04,seasonal,F_R,right,all,HD_ratio_vs_probgru,1.0290203801629205,30174,2ec2ba37fa8cbb0b
3,S04,seasonal,CoPx_R,right,1,MSE,7.435759609929989e-06,29358,2ec2ba37fa8cbb0b
3,S04,seasonal,CoPx_R,right,1,MAE,0.001957338850646726,29358,2ec2ba37fa8cbb0b
3,S04,seasonal,CoPx_R,right,1,SS_vs_persistence,-0.19339214862493748,29358,2ec2ba37fa8cbb0b
3,S04,seasonal,CoPx_R,right,1,SS_vs_seasonal,1.3448523328296602e-07,29358,2ec2ba37fa8cbb0b
3,S04,seasonal,CoPx_R,right,1,SS_vs_ar,-0.28544496746974657,29358,2ec2ba37fa8cbb0b
3,S04,seasonal,CoPx_R,right,1,SS_vs_probgru,-0.10799793781585953,29358,2ec2ba37fa8cbb0b
3,S04,seasonal,CoPx_R,right,2,MSE,1.1781592953960319e-05,29358,2ec2ba37fa8cbb0b
3,S04,seasonal,CoPx_R,right,2,MAE,0.0024994301684150844,29358,2ec2ba37fa8cbb0b
3,S04,seasonal,CoPx_R,right,2,SS_vs_persistence,-0.08597353797424323,29358,2ec2ba37fa8cbb0b
3,S04,seasonal,CoPx_R,right,2,SS_vs_seasonal,8.487815850166669e-08,29358,2ec2ba37fa8cbb0b
3,S04,seasonal,CoPx_R,right,2,SS_vs_ar,-0.24146020706454285,29358,2ec2ba37fa8cbb0b
3,S04,seasonal,CoPx_R,right,2,SS_vs_probgru,-0.19236852897970835,29358,2ec2ba37fa8cbb0b
3,S04,seasonal,CoPx_R,right,3,MSE,1.4890298017275101e-05,29358,2ec2ba37fa8cbb0b
3,S04,seasonal,CoPx_R,right,3,MAE,0.0028174130311743807,29358,2ec2ba37fa8cbb0b
3,S04,seasonal,CoPx_R,right,3,SS_vs_persistence,-0.05710094471754146,29358,2ec2ba37fa8cbb0b
3,S04,seasonal,CoPx_R,right,3,SS_vs_seasonal,6.715781852850711e-08,29358,2ec2ba37fa8cbb0b
3,S04,seasonal,CoPx_R,right,3,SS_vs_ar,-0.243790869192418,29358,2ec2ba37fa8cbb0b
3,S04,seasonal,CoPx_R,right,3,SS_vs_probgru,-0.2418874528118813,29358,2ec2ba37fa8cbb0b
3,S04,seasonal,CoPx_R,right,4,MSE,1.7539241716272184e-05,29358,2ec2ba37fa8cbb0b
3,S04,seasonal,CoPx_R,right,4,MAE,0.003079098640075667,29358,2ec2ba37fa8cbb0b
3,S04,seasonal,CoPx_R,right,4,SS_vs_persistence,-0.04347582848803411,29358,2ec2ba37fa8cbb0b
3,S04,seasonal,CoPx_R,right,4,SS_vs_seasonal,5.701500427335304e-08,29358,2ec2ba37fa8cbb0b
3,S04,seasonal,CoPx_R,right,4,SS_vs_ar,-0.262177182336238,29358,2ec2ba37fa8cbb0b
3,S04,seasonal,CoPx_R,right,4,SS_vs_probgru,-0.2884965115249192,29358,2ec2ba37fa8cbb0b
3,S04,seasonal,CoPx_R,right,5,MSE,1.9801556797320072e-05,29358,2ec2ba37fa8cbb0b
3,S04,seasonal,CoPx_R,right,5,MAE,0.0032765395700030584,29358,2ec2ba37fa8cbb0b
3,S04,seasonal,CoPx_R,right,5,SS_vs_persistence,-0.03360748096573829,29358,2ec2ba37fa8cbb0b
3,S04,seasonal,CoPx_R,right,5,SS_vs_seasonal,5.0501077208942036e-08,29358,2ec2ba37fa8cbb0b
3,S04,seasonal,CoPx_R,right,5,SS_vs_ar,-0.289815031214236,29358,2ec2ba37fa8cbb0b
3,S04,seasonal,CoPx_R,right,5,SS_vs_probgru,-0.33249581415580165,29358,2ec2ba37fa8cbb0b
3,S04,seasonal,CoPx_R,right,6,MSE,2.118753616553064e-05,29358,2ec2ba37fa8cbb0b
3,S04,seasonal,CoPx_R,right,6,MAE,0.0034010036645303983,29358,2ec2ba37fa8cbb0b
3,S04,seasonal,CoPx_R,right,6,SS_vs_persistence,-0.028978060393600735,29358,2ec2ba37fa8cbb0b
3,S04,seasonal,CoPx_R,right,6,SS_vs_seasonal,4.7197557306866145e-08,29358,2ec2ba37fa8cbb0b
3,S04,seasonal,CoPx_R,right,6,SS_vs_ar,-0.2980331022683549,29358,2ec2ba37fa8cbb0b
3,S04,seasonal,CoPx_R,right,6,SS_vs_probgru,-0.3580331703662092,29358,2ec2ba37fa8cbb0b
3,S04,seasonal,CoPx_R,right,all,MSE,1.5440540888192608e-05,29358,2ec2ba37fa8cbb0b
3,S04,seasonal,CoPx_R,right,all,MAE,0.002838595473237192,29358,2ec2ba37fa8cbb0b
3,S04,seasonal,CoPx_R,right,all,Hausdorff,2.861140821286625,29358,2ec2ba37fa8cbb0b
3,S04,seasonal,CoPx_R,right,all,SS_vs_persistence,-0.056001240496645455,29358,2ec2ba37fa8cbb0b
3,S04,seasonal,CoPx_R,right,all,HD_ratio_vs_persistence,1.0050913198228368,29358,2ec2ba37fa8cbb0b
3,S04,seasonal,CoPx_R,right,all,SS_vs_seasonal,6.476456637649619e-08,29358,2ec2ba37fa8cbb0b
3,S04,seasonal,CoPx_R,right,all,HD_ratio_vs_seasonal,1.0,29358,2ec2ba37fa8cbb0b
3,S04,seasonal,CoPx_R,right,all,SS_vs_ar,-0.2721706733134239,29358,2ec2ba37fa8cbb0b
3,S04,seasonal,CoPx_R,right,all,HD_ratio_vs_ar,1.1899917874413986,29358,2ec2ba37fa8cbb0b
3,S04,seasonal,CoPx_R,right,all,SS_vs_probgru,-0.27500933401162797,29358,2ec2ba37fa8cbb0b
3,S04,seasonal,CoPx_R,right,all,HD_ratio_vs_probgru,1.1376065952154202,29358,2ec2ba37fa8cbb0b
3,S04,seasonal,CoPy_R,right,1,MSE,1.3797634580172066e-05,29358,2ec2ba37fa8cbb0b
3,S04,seasonal,CoPy_R,right,1,MAE,0.002323179139901251,29358,2ec2ba37fa8cbb0b
3,S04,seasonal,CoPy_R,right,1,SS_vs_persistence,-0.5850043628385635,29358,2ec2ba37fa8cbb0b
3,S04,seasonal,CoPy_R,right,1,SS_vs_seasonal,7.247618571959435e-08,29358,2ec2ba37fa8cbb0b
3,S04,seasonal,CoPy_R,right,1,SS_vs_ar,-0.6445959050390806,29358,2ec2ba37fa8cbb0b
3,S04,seasonal,CoPy_R,right,1,SS_vs_probgru,-0.3840146628817558,29358,2ec2ba37fa8cbb0b
3,S04,seasonal,CoPy_R,right,2,MSE,1.9544823010537706e-05,29358,2ec2ba37fa8cbb0b
3,S04,seasonal,CoPy_R,right,2,MAE,0.0028730380551406356,29358,2ec2ba37fa8cbb0b
3,S04,seasonal,CoPy_R,right,2,SS_vs_persistence,-0.28091030376402903,29358,2ec2ba37fa8cbb0b
3,S04,seasonal,CoPy_R,right,2,SS_vs_seasonal,5.1164441239315295e-08,29358,2ec2ba37fa8cbb0b
3,S04,seasonal,CoPy_R,right,2,SS_vs_ar,-0.40530024836309564,29358,2ec2ba37fa8cbb0b
3,S04,seasonal,CoPy_R,right,2,SS_vs_probgru,-0.3518312544851909,29358,2ec2ba37fa8cbb0b
3,S04,seasonal,CoPy_R,right,3,MSE,2.365106289612283e-05,29358,2ec2ba37fa8cbb0b
3,S04,seasonal,CoPy_R,right,3,MAE,0.0031955800881745375,29358,2ec2ba37fa8cbb0b
3,S04,seasonal,CoPy_R,right,3,SS_vs_persistence,-0.19745518774951232,29358,2ec2ba37fa8cbb0b
3,S04,seasonal,CoPy_R,right,3,SS_vs_seasonal,4.228139605100267e-08,29358,2ec2ba37fa8cbb0b
3,S04,seasonal,CoPy_R,right,3,SS_vs_ar,-0.3650770328196551,29358,2ec2ba37fa8cbb0b
3,S04,seasonal,CoPy_R,right,3,SS_vs_probgru,-0.3209144113267739,29358,2ec2ba37fa8cbb0b
3,S04,seasonal,CoPy_R,right,4,MSE,2.6976370153398923e-05,29358,2ec2ba37fa8cbb0b
3,S04,seasonal,CoPy_R,right,4,MAE,0.0034529351420494,29358,2ec2ba37fa8cbb0b
3,S04,seasonal,CoPy_R,right,4,SS_vs_persistence,-0.1599620848924701,29358,2ec2ba37fa8cbb0b
3,S04,seasonal,CoPy_R,right,4,SS_vs_seasonal,3.706947804271721e-08,29358,2ec2ba37fa8cbb0b
3,S04,seasonal,CoPy_R,right,4,SS_vs_ar,-0.35667938973490787,29358,2ec2ba37fa8cbb0b
3,S04,seasonal,CoPy_R,right,4,SS_vs_probgru,-0.2967248127649178,29358,2ec2ba37fa8cbb0b
3,S04,seasonal,CoPy_R,right,5,MSE,2.9653239550643443e-05,29358,2ec2ba37fa8cbb0b
3,S04,seasonal,CoPy_R,right,5,MAE,0.003678590129452353,29358,2ec2ba37fa8cbb0b
3,S04,seasonal,CoPy_R,right,5,SS_vs_persistence,-0.1337281166617279,29358,2ec2ba37fa8cbb0b
3,S04,seasonal,CoPy_R,right,5,SS_vs_seasonal,3.372312706861891e-08,29358,2ec2ba37fa8cbb0b
3,S04,seasonal,CoPy_R,right,5,SS_vs_ar,-0.34490574483831393,29358,2ec2ba37fa8cbb0b
3,S04,seasonal,CoPy_R,right,5,SS_vs_probgru,-0.2589189932097926,29358,2ec2ba37fa8cbb0b
3,S04,seasonal,CoPy_R,right,6,MSE,3.2085570464658505e-05,29358,2ec2ba37fa8cbb0b
3,S04,seasonal,CoPy_R,right,6,MAE,0.0038588434854922474,29358,2ec2ba37fa8cbb0b
3,S04,seasonal,CoPy_R,right,6,SS_vs_persistence,-0.10766856798582047,29358,2ec2ba37fa8cbb0b
3,S04,seasonal,CoPy_R,right,6,SS_vs_seasonal,3.116665703295496e-08,29358,2ec2ba37fa8cbb0b
3,S04,seasonal,CoPy_R,right,6,SS_vs_ar,-0.32884954551874035,29358,2ec2ba37fa8cbb0b
3,S04,seasonal,CoPy_R,right,6,SS_vs_probgru,-0.22550044109060607,29358,2ec2ba37fa8cbb0b
3,S04,seasonal,CoPy_R,right,all,MSE,2.4286373615226943e-05,29358,2ec2ba37fa8cbb0b
3,S04,seasonal,CoPy_R,right,all,MAE,0.0032304930620449318,29358,2ec2ba37fa8cbb0b
3,S04,seasonal,CoPy_R,right,all,Hausdorff,2.9424822069681076,29358,2ec2ba37fa8cbb0b
3,S04,seasonal,CoPy_R,right,all,SS_vs_persistence,-0.19339656807748518,29358,2ec2ba37fa8cbb0b
3,S04,seasonal,CoPy_R,right,all,HD_ratio_vs_persistence,1.0318809126415838,29358,2ec2ba37fa8cbb0b
3,S04,seasonal,CoPy_R,right,all,SS_vs_seasonal,4.1175351017663786e-08,29358,2ec2ba37fa8cbb0b
3,S04,seasonal,CoPy_R,right,all,HD_ratio_vs_seasonal,1.0,29358,2ec2ba37fa8cbb0b
3,S04,seasonal,CoPy_R,right,all,SS_vs_ar,-0.3784771495157855,29358,2ec2ba37fa8cbb0b
3,S04,seasonal,CoPy_R,right,all,HD_ratio_vs_ar,1.225179772380809,29358,2ec2ba37fa8cbb0b
3,S04,seasonal,CoPy_R,right,all,SS_vs_probgru,-0.29090746594575934,29358,2ec2ba37fa8cbb0b
3,S04,seasonal,CoPy_R,right,all,HD_ratio_vs_probgru,1.1090740501975656,29358,2ec2ba37fa8cbb0b
3,S04,ar,F_L,left,1,MSE,11.444836818555423,30174,2ec2ba37fa8cbb0b
3,S04,ar,F_L,left,1,MAE,2.227822294902209,30174,2ec2ba37fa8cbb0b
3,S04,ar,F_L,left,1,SS_vs_persistence,0.012374156957850824,30174,2ec2ba37fa8cbb0b
3,S04,ar,F_L,left,1,SS_vs_seasonal,0.581494563197245,30174,2ec2ba37fa8cbb0b
3,S04,ar,F_L,left,1,SS_vs_ar,8.737455203799982e-14,30174,2ec2ba37fa8cbb0b
3,S04,ar,F_L,left,1,SS_vs_probgru,0.5257207665105406,30174,2ec2ba37fa8cbb0b
3,S04,ar,F_L,left,2,MSE,22.97095815597081,30174,2ec2ba37fa8cbb0b
3,S04,ar,F_L,left,2,MAE,3.278575081132722,30174,2ec2ba37fa8cbb0b
3,S04,ar,F_L,left,2,SS_vs_persistence,0.04063434206204353,30174,2ec2ba37fa8cbb0b
3,S04,ar,F_L,left,2,SS_vs_seasonal,0.4047094288043399,30174,2ec2ba37fa8cbb0b
3,S04,ar,F_L,left,2,SS_vs_ar,4.340972026284362e-14,30174,2ec2ba37fa8cbb0b
3,S04,ar,F_L,left,2,SS_vs_probgru,0.31891483849292435,30174,2ec2ba37fa8cbb0b
3,S04,ar,F_L,left,3,MSE,34.05061602572331,30174,2ec2ba37fa8cbb0b
3,S04,ar,F_L,left,3,MAE,4.0321819550462035,30174,2ec2ba37fa8cbb0b
3,S04,ar,F_L,left,3,SS_vs_persistence,0.05927941643963908,30174,2ec2ba37fa8cbb0b
3,S04,ar,F_L,left,3,SS_vs_seasonal,0.3171891489584794,30174,2ec2ba37fa8cbb0b
3,S04,ar,F_L,left,3,SS_vs_ar,2.942091015256665e-14,30174,2ec2ba37fa8cbb0b
3,S04,ar,F_L,left,3,SS_vs_probgru,0.2035819517919628,30174,2ec2ba37fa8cbb0b
3,S04,ar,F_L,left,4,MSE,43.800071615521105,30174,2ec2ba37fa8cbb0b
3,S04,ar,F_L,left,4,MAE,4.648409710889773,30174,2ec2ba37fa8cbb0b
3,S04,ar,F_L,left,4,SS_vs_persistence,0.07966361924999066,30174,2ec2ba37fa8cbb0b
3,S04,ar,F_L,left,4,SS_vs_seasonal,0.2717538449361552,30174,2ec2ba37fa8cbb0b
3,S04,ar,F_L,left,4,SS_vs_ar,2.2870594307278225e-14,30174,2ec2ba37fa8cbb0b
3,S04,ar,F_L,left,4,SS_vs_probgru,0.1356509730119585,30174,2ec2ba37fa8cbb0b
3,S04,ar,F_L,left,5,MSE,52.981261899158326,30174,2ec2ba37fa8cbb0b
3,S04,ar,F_L,left,5,MAE,5.150640618541593,30174,2ec2ba37fa8cbb0b
3,S04,ar,F_L,left,5,SS_vs_persistence,0.09924118320147968,30174,2ec2ba37fa8cbb0b
3,S04,ar,F_L,left,5,SS_vs_seasonal,0.24525369349190373,30174,2ec2ba37fa8cbb0b
3,S04,ar,F_L,left,5,SS_vs_ar,1.887379141862766e-14,30174,2ec2ba37fa8cbb0b
3,S04,ar,F_L,left,5,SS_vs_probgru,0.08872367375355916,30174,2ec2ba37fa8cbb0b
3,S04,ar,F_L,left,6,MSE,61.627280292265645,30174,2ec2ba37fa8cbb0b
3,S04,ar,F_L,left,6,MAE,5.5647294919762205,30174,2ec2ba37fa8cbb0b
3,S04,ar,F_L,left,6,SS_vs_persistence,0.11630945059636599,30174,2ec2ba37fa8cbb0b
3,S04,ar,F_L,left,6,SS_vs_seasonal,0.22690531476921272,30174,2ec2ba37fa8cbb0b
3,S04,ar,F_L,left,6,SS_vs_ar,1.6209256159527285e-14,30174,2ec2ba37fa8cbb0b
3,S04,ar,F_L,left,6,SS_vs_probgru,0.052349018133157066,30174,2ec2ba37fa8cbb0b
3,S04,ar,F_L,left,all,MSE,37.81250413453236,30174,2ec2ba37fa8cbb0b
3,S04,ar,F_L,left,all,MAE,4.1503931920814345,30174,2ec2ba37fa8cbb0b
3,S04,ar,F_L,left,all,Hausdorff,2.744559218432835,30174,2ec2ba37fa8cbb0b
3,S04,ar,F_L,left,all,SS_vs_persistence,0.08472676647955735,30174,2ec2ba37fa8cbb0b
3,S04,ar,F_L,left,all,HD_ratio_vs_persistence,0.9099562243644173,30174,2ec2ba37fa8cbb0b
3,S04,ar,F_L,left,all,SS_vs_seasonal,0.3037656061134434,30174,2ec2ba37fa8cbb0b
3,S04,ar,F_L,left,all,HD_ratio_vs_seasonal,0.8507844916954319,30174,2ec2ba37fa8cbb0b
3,S04,ar,F_L,left,all,SS_vs_ar,2.653433028854124e-14,30174,2ec2ba37fa8cbb0b
3,S04,ar,F_L,left,all,HD_ratio_vs_ar,1.0,30174,2ec2ba37fa8cbb0b
3,S04,ar,F_L,left,all,SS_vs_probgru,0.17337073230950795,30174,2ec2ba37fa8cbb0b
3,S04,ar,F_L,left,all,HD_ratio_vs_probgru,0.869485605757625,30174,2ec2ba37fa8cbb0b
3,S04,ar,CoPx_L,left,1,MSE,7.719818379871415e-06,30174,2ec2ba37fa8cbb0b
3,S04,ar,CoPx_L,left,1,MAE,0.002070523691485656,30174,2ec2ba37fa8cbb0b
3,S04,ar,CoPx_L,left,1,SS_vs_persistence,0.06905572598668985,30174,2ec2ba37fa8cbb0b
3,S04,ar,CoPx_L,left,1,SS_vs_seasonal,0.23877809488111457,30174,2ec2ba37fa8cbb0b
3,S04,ar,CoPx_L,left,1,SS_vs_ar,1.2953670935900163e-07,30174,2ec2ba37fa8cbb0b
3,S04,ar,CoPx_L,left,1,SS_vs_probgru,0.18089342731956048,30174,2ec2ba37fa8cbb0b
3,S04,ar,CoPx_L,left,2,MSE,1.2278300835604397e-05,30174,2ec2ba37fa8cbb0b
3,S04,ar,CoPx_L,left,2,MAE,0.0026149608450875914,30174,2ec2ba37fa8cbb0b
3,S04,ar,CoPx_L,left,2,SS_vs_persistence,0.11628200449792014,30174,2ec2ba37fa8cbb0b
3,S04,ar,CoPx_L,left,2,SS_vs_seasonal,0.20382840329664598,30174,2ec2ba37fa8cbb0b
3,S04,ar,CoPx_L,left,2,SS_vs_ar,8.14444873764586e-08,30174,2ec2ba37fa8cbb0b
3,S04,ar,CoPx_L,left,2,SS_vs_probgru,0.1203162973675439,30174,2ec2ba37fa8cbb0b
3,S04,ar,CoPx_L,left,3,MSE,1.5301026495601128e-05,30174,2ec2ba37fa8cbb0b
3,S04,ar,CoPx_L,left,3,MAE,0.002919075229490824,30174,2ec2ba37fa8cbb0b
3,S04,ar,CoPx_L,left,3,SS_vs_persistence,0.15339811610639154,30174,2ec2ba37fa8cbb0b
3,S04,ar,CoPx_L,left,3,SS_vs_seasonal,0.21258940675323978,30174,2ec2ba37fa8cbb0b
3,S04,ar,CoPx_L,left,3,SS_vs_ar,6.535508800808998e-08,30174,2ec2ba37fa8cbb0b
3,S04,ar,CoPx_L,left,3,SS_vs_probgru,0.10626887541361474,30174,2ec2ba37fa8cbb0b
3,S04,ar,CoPx_L,left,4,MSE,1.7563278078145103e-05,30174,2ec2ba37fa8cbb0b
3,S04,ar,CoPx_L,left,4,MAE,0.0031585724050291896,30174,2ec2ba37fa8cbb0b
3,S04,ar,CoPx_L,left,4,SS_vs_persistence,0.1809810622702288,30174,2ec2ba37fa8cbb0b
3,S04,ar,CoPx_L,left,4,SS_vs_seasonal,0.22294877729223228,30174,2ec2ba37fa8cbb0b
3,S04,ar,CoPx_L,left,4,SS_vs_ar,5.693697602282555e-08,30174,2ec2ba37fa8cbb0b
3,S04,ar,CoPx_L,left,4,SS_vs_probgru,0.09964994048997966,30174,2ec2ba37fa8cbb0b
3,S04,ar,CoPx_L,left,5,MSE,1.9214791936772252e-05,30174,2ec2ba37fa8cbb0b
3,S04,ar,CoPx_L,left,5,MAE,0.0033404449073142954,30174,2ec2ba37fa8cbb0b
3,S04,ar,CoPx_L,left,5,SS_vs_persistence,0.19901842145986592,30174,2ec2ba37fa8cbb0b
3,S04,ar,CoPx_L,left,5,SS_vs_seasonal,0.23118703947619668,30174,2ec2ba37fa8cbb0b
3,S04,ar,CoPx_L,left,5,SS_vs_ar,5.204323583196668e-08,30174,2ec2ba37fa8cbb0b
3,S04,ar,CoPx_L,left,5,SS_vs_probgru,0.09764571693788227,30174,2ec2ba37fa8cbb0b
3,S04,ar,CoPx_L,left,6,MSE,2.0556817365904002e-05,30174,2ec2ba37fa8cbb0b
3,S04,ar,CoPx_L,left,6,MAE,0.003487079520112677,30174,2ec2ba37fa8cbb0b
3,S04,ar,CoPx_L,left,6,SS_vs_persistence,0.21139267171652087,30174,2ec2ba37fa8cbb0b
3,S04,ar,CoPx_L,left,6,SS_vs_seasonal,0.23717124627087205,30174,2ec2ba37fa8cbb0b
3,S04,ar,CoPx_L,left,6,SS_vs_ar,4.86456601667129e-08,30174,2ec2ba37fa8cbb0b
3,S04,ar,CoPx_L,left,6,SS_vs_probgru,0.09188548592628021,30174,2ec2ba37fa8cbb0b
3,S04,ar,CoPx_L,left,all,MSE,1.5439005515316423e-05,30174,2ec2ba37fa8cbb0b
3,S04,ar,CoPx_L,left,all,MAE,0.0029317760997533966,30174,2ec2ba37fa8cbb0b
3,S04,ar,CoPx_L,left,all,Hausdorff,2.4004943837093844,30174,2ec2ba37fa8cbb0b
3,S04,ar,CoPx_L,left,all,SS_vs_persistence,0.17113739119768556,30174,2ec2ba37fa8cbb0b
3,S04,ar,CoPx_L,left,all,HD_ratio_vs_persistence,0.8422724358169265,30174,2ec2ba37fa8cbb0b
3,S04,ar,CoPx_L,left,all,SS_vs_seasonal,0.2250696391158169,30174,2ec2ba37fa8cbb0b
3,S04,ar,CoPx_L,left,all,HD_ratio_vs_seasonal,0.8360074377914458,30174,2ec2ba37fa8cbb0b
3,S04,ar,CoPx_L,left,all,SS_vs_ar,6.477100700230665e-08,30174,2ec2ba37fa8cbb0b
3,S04,ar,CoPx_L,left,all,HD_ratio_vs_ar,1.0,30174,2ec2ba37fa8cbb0b
3,S04,ar,CoPx_L,left,all,SS_vs_probgru,0.10878038805473,30174,2ec2ba37fa8cbb0b
3,S04,ar,CoPx_L,left,all,HD_ratio_vs_probgru,0.9316533174957334,30174,2ec2ba37fa8cbb0b
3,S04,ar,CoPy_L,left,1,MSE,8.660301104722514e-06,30174,2ec2ba37fa8cbb0b
3,S04,ar,CoPy_L,left,1,MAE,0.00208060018287401,30174,2ec2ba37fa8cbb0b
3,S04,ar,CoPy_L,left,1,SS_vs_persistence,0.038634647490314644,30174,2ec2ba37fa8cbb0b
3,S04,ar,CoPy_L,left,1,SS_vs_seasonal,0.425282306674693,30174,2ec2ba37fa8cbb0b
3,S04,ar,CoPy_L,left,1,SS_vs_ar,1.154694129201772e-07,30174,2ec2ba37fa8cbb0b
3,S04,ar,CoPy_L,left,1,SS_vs_probgru,0.34962939151667505,30174,2ec2ba37fa8cbb0b
3,S04,ar,CoPy_L,left,2,MSE,1.4176972586896164e-05,30174,2ec2ba37fa8cbb0b
3,S04,ar,CoPy_L,left,2,MAE,0.002662526020626687,30174,2ec2ba37fa8cbb0b
3,S04,ar,CoPy_L,left,2,SS_vs_persistence,0.057736626515467404,30174,2ec2ba37fa8cbb0b
3,S04,ar,CoPy_L,left,2,SS_vs_seasonal,0.3110931036902399,30174,2ec2ba37fa8cbb0b
3,S04,ar,CoPy_L,left,2,SS_vs_ar,7.053691630787284e-08,30174,2ec2ba37fa8cbb0b
3,S04,ar,CoPy_L,left,2,SS_vs_probgru,0.23086635789008125,30174,2ec2ba37fa8cbb0b
3,S04,ar,CoPy_L,left,3,MSE,1.8686326657572757e-05,30174,2ec2ba37fa8cbb0b
3,S04,ar,CoPy_L,left,3,MAE,0.003041661784034462,30174,2ec2ba37fa8cbb0b
3,S04,ar,CoPy_L,left,3,SS_vs_persistence,0.07845504935252412,30174,2ec2ba37fa8cbb0b
3,S04,ar,CoPy_L,left,3,SS_vs_seasonal,0.26377656900119717,30174,2ec2ba37fa8cbb0b
3,S04,ar,CoPy_L,left,3,SS_vs_ar,5.351506282558205e-08,30174,2ec2ba37fa8cbb0b
3,S04,ar,CoPy_L,left,3,SS_vs_probgru,0.16159637808430227,30174,2ec2ba37fa8cbb0b
3,S04,ar,CoPy_L,left,4,MSE,2.260359918418602e-05,30174,2ec2ba37fa8cbb0b
3,S04,ar,CoPy_L,left,4,MAE,0.0033274853951388975,30174,2ec2ba37fa8cbb0b
3,S04,ar,CoPy_L,left,4,SS_vs_persistence,0.09036190511998732,30174,2ec2ba37fa8cbb0b
3,S04,ar,CoPy_L,left,4,SS_vs_seasonal,0.23422625010959408,30174,2ec2ba37fa8cbb0b
3,S04,ar,CoPy_L,left,4,SS_vs_ar,4.424074007136625e-08,30174,2ec2ba37fa8cbb0b
3,S04,ar,CoPy_L,left,4,SS_vs_probgru,0.11628084150493767,30174,2ec2ba37fa8cbb0b
3,S04,ar,CoPy_L,left,5,MSE,2.657134104707558e-05,30174,2ec2ba37fa8cbb0b
3,S04,ar,CoPy_L,left,5,MAE,0.003590974566129769,30174,2ec2ba37fa8cbb0b
3,S04,ar,CoPy_L,left,5,SS_vs_persistence,0.1098294427033687,30174,2ec2ba37fa8cbb0b
3,S04,ar,CoPy_L,left,5,SS_vs_seasonal,0.21792290769079503,30174,2ec2ba37fa8cbb0b
3,S04,ar,CoPy_L,left,5,SS_vs_ar,3.7634531158126094e-08,30174,2ec2ba37fa8cbb0b
3,S04,ar,CoPy_L,left,5,SS_vs_probgru,0.07574164846438769,30174,2ec2ba37fa8cbb0b
3,S04,ar,CoPy_L,left,6,MSE,3.008920715016936e-05,30174,2ec2ba37fa8cbb0b
3,S04,ar,CoPy_L,left,6,MAE,0.0038173979643644565,30174,2ec2ba37fa8cbb0b
3,S04,ar,CoPy_L,left,6,SS_vs_persistence,0.1351797961637765,30174,2ec2ba37fa8cbb0b
3,S04,ar,CoPy_L,left,6,SS_vs_seasonal,0.2140753290065761,30174,2ec2ba37fa8cbb0b
3,S04,ar,CoPy_L,left,6,SS_vs_ar,3.3234507035295735e-08,30174,2ec2ba37fa8cbb0b
3,S04,ar,CoPy_L,left,6,SS_vs_probgru,0.05013705328971685,30174,2ec2ba37fa8cbb0b
3,S04,ar,CoPy_L,left,all,MSE,2.0131291288437233e-05,30174,2ec2ba37fa8cbb0b
3,S04,ar,CoPy_L,left,all,MAE,0.0030867743188613796,30174,2ec2ba37fa8cbb0b
3,S04,ar,CoPy_L,left,all,Hausdorff,2.5504112483101093,30174,2ec2ba37fa8cbb0b
3,S04,ar,CoPy_L,left,all,SS_vs_persistence,0.0974021486347284,30174,2ec2ba37fa8cbb0b
3,S04,ar,CoPy_L,left,all,HD_ratio_vs_persistence,0.8861834956842118,30174,2ec2ba37fa8cbb0b
3,S04,ar,CoPy_L,left,all,SS_vs_seasonal,0.2580916883185811,30174,2ec2ba37fa8cbb0b
3,S04,ar,CoPy_L,left,all,HD_ratio_vs_seasonal,0.8593936161658547,30174,2ec2ba37fa8cbb0b
3,S04,ar,CoPy_L,left,all,SS_vs_ar,4.967390987431486e-08,30174,2ec2ba37fa8cbb0b
3,S04,ar,CoPy_L,left,all,HD_ratio_vs_ar,1.0,30174,2ec2ba37fa8cbb0b
3,S04,ar,CoPy_L,left,all,SS_vs_probgru,0.13747912457733524,30174,2ec2ba37fa8cbb0b
3,S04,ar,CoPy_L,left,all,HD_ratio_vs_probgru,0.9549794087907477,30174,2ec2ba37fa8cbb0b
3,S04,ar,F_R,right,1,MSE,21.65851938987303,30174,2ec2ba37fa8cbb0b
3,S04,ar,F_R,right,1,MAE,3.2061580062594603,30174,2ec2ba37fa8cbb0b
3,S04,ar,F_R,right,1,SS_vs_persistence,0.03265387457188951,30174,2ec2ba37fa8cbb0b
3,S04,ar,F_R,right,1,SS_vs_seasonal,0.3443717161755937,30174,2ec2ba37fa8cbb0b
3,S04,ar,F_R,right,1,SS_vs_ar,4.6074255521943996e-14,30174,2ec2ba37fa8cbb0b
3,S04,ar,F_R,right,1,SS_vs_probgru,0.3309979743813757,30174,2ec2ba37fa8cbb0b
3,S04,ar,F_R,right,2,MSE,47.3430990397333,30174,2ec2ba37fa8cbb0b
3,S04,ar,F_R,right,2,MAE,4.843886625999817,30174,2ec2ba37fa8cbb0b
3,S04,ar,F_R,right,2,SS_vs_persistence,0.04298240647230722,30174,2ec2ba37fa8cbb0b
3,S04,ar,F_R,right,2,SS_vs_seasonal,0.18916487282448002,30174,2ec2ba37fa8cbb0b
3,S04,ar,F_R,right,2,SS_vs_ar,2.120525977034049e-14,30174,2ec2ba37fa8cbb0b
3,S04,ar,F_R,right,2,SS_vs_probgru,0.13333955712556478,30174,2ec2ba37fa8cbb0b
3,S04,ar,F_R,right,3,MSE,68.58116354025638,30174,2ec2ba37fa8cbb0b
3,S04,ar,F_R,right,3,MAE,5.964915248890148,30174,2ec2ba37fa8cbb0b
3,S04,ar,F_R,right,3,SS_vs_persistence,0.0629935959702671,30174,2ec2ba37fa8cbb0b
3,S04,ar,F_R,right,3,SS_vs_seasonal,0.1537010355914774,30174,2ec2ba37fa8cbb0b
3,S04,ar,F_R,right,3,SS_vs_ar,1.454392162258955e-14,30174,2ec2ba37fa8cbb0b
3,S04,ar,F_R,right,3,SS_vs_probgru,0.07317824548627383,30174,2ec2ba37fa8cbb0b
3,S04,ar,F_R,right,4,MSE,85.4558351794263,30174,2ec2ba37fa8cbb0b
3,S04,ar,F_R,right,4,MAE,6.83382351447852,30174,2ec2ba37fa8cbb0b
3,S04,ar,F_R,right,4,SS_vs_persistence,0.08050542957350526,30174,2ec2ba37fa8cbb0b
3,S04,ar,F_R,right,4,SS_vs_seasonal,0.14876009412949365,30174,2ec2ba37fa8cbb0b
3,S04,ar,F_R,right,4,SS_vs_ar,1.1657341758564144e-14,30174,2ec2ba37fa8cbb0b
3,S04,ar,F_R,right,4,SS_vs_probgru,0.04964481034261492,30174,2ec2ba37fa8cbb0b
3,S04,ar,F_R,right,5,MSE,99.41034359944125,30174,2ec2ba37fa8cbb0b
3,S04,ar,F_R,right,5,MAE,7.472004209843864,30174,2ec2ba37fa8cbb0b
3,S04,ar,F_R,right,5,SS_vs_persistence,0.09337043596244443,30174,2ec2ba37fa8cbb0b
3,S04,ar,F_R,right,5,SS_vs_seasonal,0.1476502713718929,30174,2ec2ba37fa8cbb0b
3,S04,ar,F_R,right,5,SS_vs_ar,9.992007221626409e-15,30174,2ec2ba37fa8cbb0b
3,S04,ar,F_R,right,5,SS_vs_probgru,0.0362738555961577,30174,2ec2ba37fa8cbb0b
3,S04,ar,F_R,right,6,MSE,111.20370400662594,30174,2ec2ba37fa8cbb0b
3,S04,ar,F_R,right,6,MAE,7.9957594061375135,30174,2ec2ba37fa8cbb0b
3,S04,ar,F_R,right,6,SS_vs_persistence,0.09662995225242754,30174,2ec2ba37fa8cbb0b
3,S04,ar,F_R,right,6,SS_vs_seasonal,0.13924146994874165,30174,2ec2ba37fa8cbb0b
3,S04,ar,F_R,right,6,SS_vs_ar,8.992806499463768e-15,30174,2ec2ba37fa8cbb0b
3,S04,ar,F_R,right,6,SS_vs_probgru,0.026991590166815183,30174,2ec2ba37fa8cbb0b
3,S04,ar,F_R,right,all,MSE,72.27544412589224,30174,2ec2ba37fa8cbb0b
3,S04,ar,F_R,right,all,MAE,6.052757835268225,30174,2ec2ba37fa8cbb0b
3,S04,ar,F_R,right,all,Hausdorff,2.69171103015973,30174,2ec2ba37fa8cbb0b
3,S04,ar,F_R,right,all,SS_vs_persistence,0.07877662693217824,30174,2ec2ba37fa8cbb0b
3,S04,ar,F_R,right,all,HD_ratio_vs_persistence,0.8968823288613508,30174,2ec2ba37fa8cbb0b
3,S04,ar,F_R,right,all,SS_vs_seasonal,0.163918704689189,30174,2ec2ba37fa8cbb0b
3,S04,ar,F_R,right,all,HD_ratio_vs_seasonal,0.8743009774855627,30174,2ec2ba37fa8cbb0b
3,S04,ar,F_R,right,all,SS_vs_ar,1.3766765505351941e-14,30174,2ec2ba37fa8cbb0b
3,S04,ar,F_R,right,all,HD_ratio_vs_ar,1.0,30174,2ec2ba37fa8cbb0b
3,S04,ar,F_R,right,all,SS_vs_probgru,0.0740999613576957,30174,2ec2ba37fa8cbb0b
3,S04,ar,F_R,right,all,HD_ratio_vs_probgru,0.8996735242290067,30174,2ec2ba37fa8cbb0b
3,S04,ar,CoPx_R,right,1,MSE,5.784579280061653e-06,29358,2ec2ba37fa8cbb0b
3,S04,ar,CoPx_R,right,1,MAE,0.0017745885548963705,29358,2ec2ba37fa8cbb0b
3,S04,ar,CoPx_R,right,1,SS_vs_persistence,0.07161179784440797,29358,2ec2ba37fa8cbb0b
3,S04,ar,CoPx_R,right,1,SS_vs_seasonal,0.22205950628148086,29358,2ec2ba37fa8cbb0b
3,S04,ar,CoPx_R,right,1,SS_vs_ar,1.728733896033674e-07,29358,2ec2ba37fa8cbb0b
3,S04,ar,CoPx_R,right,1,SS_vs_probgru,0.13804342129599756,29358,2ec2ba37fa8cbb0b
3,S04,ar,CoPx_R,right,2,MSE,9.49010821728867e-06,29358,2ec2ba37fa8cbb0b
3,S04,ar,CoPx_R,right,2,MAE,0.0022853355185886346,29358,2ec2ba37fa8cbb0b
3,S04,ar,CoPx_R,right,2,SS_vs_persistence,0.1252450804606089,29358,2ec2ba37fa8cbb0b
3,S04,ar,CoPx_R,right,2,SS_vs_seasonal,0.19449708975086322,29358,2ec2ba37fa8cbb0b
3,S04,ar,CoPx_R,right,2,SS_vs_ar,1.0537286521117295e-07,29358,2ec2ba37fa8cbb0b
3,S04,ar,CoPx_R,right,2,SS_vs_probgru,0.039543598295592175,29358,2ec2ba37fa8cbb0b
3,S04,ar,CoPx_R,right,3,MSE,1.1971704522282243e-05,29358,2ec2ba37fa8cbb0b
3,S04,ar,CoPx_R,right,3,MAE,0.002560727447234327,29358,2ec2ba37fa8cbb0b
3,S04,ar,CoPx_R,right,3,SS_vs_persistence,0.15009759067940254,29358,2ec2ba37fa8cbb0b
3,S04,ar,CoPx_R,right,3,SS_vs_seasonal,0.19600643960251074,29358,2ec2ba37fa8cbb0b
3,S04,ar,CoPx_R,right,3,SS_vs_ar,8.35302871315946e-08,29358,2ec2ba37fa8cbb0b
3,S04,ar,CoPx_R,right,3,SS_vs_probgru,0.001530418145767598,29358,2ec2ba37fa8cbb0b
3,S04,ar,CoPx_R,right,4,MSE,1.3896020859472827e-05,29358,2ec2ba37fa8cbb0b
3,S04,ar,CoPx_R,right,4,MAE,0.002782527466646678,29358,2ec2ba37fa8cbb0b
3,S04,ar,CoPx_R,right,4,SS_vs_persistence,0.1732731600606906,29358,2ec2ba37fa8cbb0b
3,S04,ar,CoPx_R,right,4,SS_vs_seasonal,0.20771831006245922,29358,2ec2ba37fa8cbb0b
3,S04,ar,CoPx_R,right,4,SS_vs_ar,7.196304163681333e-08,29358,2ec2ba37fa8cbb0b
3,S04,ar,CoPx_R,right,4,SS_vs_probgru,-0.02085225183348438,29358,2ec2ba37fa8cbb0b
3,S04,ar,CoPx_R,right,5,MSE,1.535224433604545e-05,29358,2ec2ba37fa8cbb0b
3,S04,ar,CoPx_R,right,5,MAE,0.002935317464163932,29358,2ec2ba37fa8cbb0b
3,S04,ar,CoPx_R,right,5,SS_vs_persistence,0.19863903844681285,29358,2ec2ba37fa8cbb0b
3,S04,ar,CoPx_R,right,5,SS_vs_seasonal,0.22469512281891213,29358,2ec2ba37fa8cbb0b
3,S04,ar,CoPx_R,right,5,SS_vs_ar,6.513705175237305e-08,29358,2ec2ba37fa8cbb0b
3,S04,ar,CoPx_R,right,5,SS_vs_probgru,-0.03309055571056341,29358,2ec2ba37fa8cbb0b
3,S04,ar,CoPx_R,right,6,MSE,1.6322800112317347e-05,29358,2ec2ba37fa8cbb0b
3,S04,ar,CoPx_R,right,6,MAE,0.0030376960115849885,29358,2ec2ba37fa8cbb0b
3,S04,ar,CoPx_R,right,6,SS_vs_persistence,0.20727907820214908,29358,2ec2ba37fa8cbb0b
3,S04,ar,CoPx_R,right,6,SS_vs_seasonal,0.2296037059525533,29358,2ec2ba37fa8cbb0b
3,S04,ar,CoPx_R,right,6,SS_vs_ar,6.126399465511412e-08,29358,2ec2ba37fa8cbb0b
3,S04,ar,CoPx_R,right,6,SS_vs_probgru,-0.04622377102283881,29358,2ec2ba37fa8cbb0b
3,S04,ar,CoPx_R,right,all,MSE,1.2137160476908635e-05,29358,2ec2ba37fa8cbb0b
3,S04,ar,CoPx_R,right,all,MAE,0.002562806932314187,29358,2ec2ba37fa8cbb0b
3,S04,ar,CoPx_R,right,all,Hausdorff,2.404336610959614,29358,2ec2ba37fa8cbb0b
3,S04,ar,CoPx_R,right,all,SS_vs_persistence,0.1699217914365012,29358,2ec2ba37fa8cbb0b
3,S04,ar,CoPx_R,right,all,HD_ratio_vs_persistence,0.8446203834598588,29358,2ec2ba37fa8cbb0b
3,S04,ar,CoPx_R,right,all,SS_vs_seasonal,0.213942064676504,29358,2ec2ba37fa8cbb0b
3,S04,ar,CoPx_R,right,all,HD_ratio_vs_seasonal,0.8403419339137627,29358,2ec2ba37fa8cbb0b
3,S04,ar,CoPx_R,right,all,SS_vs_ar,8.239158733047702e-08,29358,2ec2ba37fa8cbb0b
3,S04,ar,CoPx_R,right,all,HD_ratio_vs_ar,1.0,29358,2ec2ba37fa8cbb0b
3,S04,ar,CoPx_R,right,all,SS_vs_probgru,-0.002231269520439394,29358,2ec2ba37fa8cbb0b
3,S04,ar,CoPx_R,right,all,HD_ratio_vs_probgru,0.9559785262563772,29358,2ec2ba37fa8cbb0b
3,S04,ar,CoPy_R,right,1,MSE,8.389679734273866e-06,29358,2ec2ba37fa8cbb0b
3,S04,ar,CoPy_R,right,1,MAE,0.0019829117169911648,29358,2ec2ba37fa8cbb0b
3,S04,ar,CoPy_R,right,1,SS_vs_persistence,0.03623487748024368,29358,2ec2ba37fa8cbb0b
3,S04,ar,CoPy_R,right,1,SS_vs_seasonal,0.3919480127210867,29358,2ec2ba37fa8cbb0b
3,S04,ar,CoPy_R,right,1,SS_vs_ar,1.1919404696580926e-07,29358,2ec2ba37fa8cbb0b
3,S04,ar,CoPy_R,right,1,SS_vs_probgru,0.1584470728190468,29358,2ec2ba37fa8cbb0b
3,S04,ar,CoPy_R,right,2,MSE,1.3907932933195887e-05,29358,2ec2ba37fa8cbb0b
3,S04,ar,CoPy_R,right,2,MAE,0.0025488002024535114,29358,2ec2ba37fa8cbb0b
3,S04,ar,CoPy_R,right,2,SS_vs_persistence,0.08851491831956093,29358,2ec2ba37fa8cbb0b
3,S04,ar,CoPy_R,right,2,SS_vs_seasonal,0.2884083824086958,29358,2ec2ba37fa8cbb0b
3,S04,ar,CoPy_R,right,2,SS_vs_ar,7.190140560719982e-08,29358,2ec2ba37fa8cbb0b
3,S04,ar,CoPy_R,right,2,SS_vs_probgru,0.038048161692672666,29358,2ec2ba37fa8cbb0b
3,S04,ar,CoPy_R,right,3,MSE,1.7325807234623968e-05,29358,2ec2ba37fa8cbb0b
3,S04,ar,CoPy_R,right,3,MAE,0.0028532898077522242,29358,2ec2ba37fa8cbb0b
3,S04,ar,CoPy_R,right,3,SS_vs_persistence,0.1227930073937783,29358,2ec2ba37fa8cbb0b
3,S04,ar,CoPy_R,right,3,SS_vs_seasonal,0.26744068213082695,29358,2ec2ba37fa8cbb0b
3,S04,ar,CoPy_R,right,3,SS_vs_ar,5.7717365109510865e-08,29358,2ec2ba37fa8cbb0b
3,S04,ar,CoPy_R,right,3,SS_vs_probgru,0.032351798961381295,29358,2ec2ba37fa8cbb0b
3,S04,ar,CoPy_R,right,4,MSE,1.988411484749588e-05,29358,2ec2ba37fa8cbb0b
3,S04,ar,CoPy_R,right,4,MAE,0.0030909509472581156,29358,2ec2ba37fa8cbb0b
3,S04,ar,CoPy_R,right,4,SS_vs_persistence,0.14499915357083137,29358,2ec2ba37fa8cbb0b
3,S04,ar,CoPy_R,right,4,SS_vs_seasonal,0.26290623989318307,29358,2ec2ba37fa8cbb0b
3,S04,ar,CoPy_R,right,4,SS_vs_ar,5.029139882317679e-08,29358,2ec2ba37fa8cbb0b
3,S04,ar,CoPy_R,right,4,SS_vs_probgru,0.04419219650400208,29358,2ec2ba37fa8cbb0b
3,S04,ar,CoPy_R,right,5,MSE,2.2048562376616693e-05,29358,2ec2ba37fa8cbb0b
3,S04,ar,CoPy_R,right,5,MAE,0.003285420916292898,29358,2ec2ba37fa8cbb0b
3,S04,ar,CoPy_R,right,5,SS_vs_persistence,0.15702043091619433,29358,2ec2ba37fa8cbb0b
3,S04,ar,CoPy_R,right,5,SS_vs_seasonal,0.25645352861313964,29358,2ec2ba37fa8cbb0b
3,S04,ar,CoPy_R,right,5,SS_vs_ar,4.5354428879207376e-08,29358,2ec2ba37fa8cbb0b
3,S04,ar,CoPy_R,right,5,SS_vs_probgru,0.06393519326992747,29358,2ec2ba37fa8cbb0b
3,S04,ar,CoPy_R,right,6,MSE,2.4145373901816538e-05,29358,2ec2ba37fa8cbb0b
3,S04,ar,CoPy_R,right,6,MAE,0.00347019333959802,29358,2ec2ba37fa8cbb0b
3,S04,ar,CoPy_R,right,6,SS_vs_persistence,0.1664454972752818,29358,2ec2ba37fa8cbb0b
3,S04,ar,CoPy_R,right,6,SS_vs_seasonal,0.2474694138325667,29358,2ec2ba37fa8cbb0b
3,S04,ar,CoPy_R,right,6,SS_vs_ar,4.1415799234556516e-08,29358,2ec2ba37fa8cbb0b
3,S04,ar,CoPy_R,right,6,SS_vs_probgru,0.07777340597491811,29358,2ec2ba37fa8cbb0b
3,S04,ar,CoPy_R,right,all,MSE,1.7618262475573726e-05,29358,2ec2ba37fa8cbb0b
3,S04,ar,CoPy_R,right,all,MAE,0.002872054233058864,29358,2ec2ba37fa8cbb0b
3,S04,ar,CoPy_R,right,all,Hausdorff,2.4016738386483323,29358,2ec2ba37fa8cbb0b
3,S04,ar,CoPy_R,right,all,SS_vs_persistence,0.13426457539731174,29358,2ec2ba37fa8cbb0b
3,S04,ar,CoPy_R,right,all,HD_ratio_vs_persistence,0.8422281659420474,29358,2ec2ba37fa8cbb0b
3,S04,ar,CoPy_R,right,all,SS_vs_seasonal,0.27456185804992395,29358,2ec2ba37fa8cbb0b
3,S04,ar,CoPy_R,right,all,HD_ratio_vs_seasonal,0.8162067498525278,29358,2ec2ba37fa8cbb0b
3,S04,ar,CoPy_R,right,all,SS_vs_ar,5.6759282829332847e-08,29358,2ec2ba37fa8cbb0b
3,S04,ar,CoPy_R,right,all,HD_ratio_vs_ar,1.0,29358,2ec2ba37fa8cbb0b
3,S04,ar,CoPy_R,right,all,SS_vs_probgru,0.06352644791520001,29358,2ec2ba37fa8cbb0b
3,S04,ar,CoPy_R,right,all,HD_ratio_vs_probgru,0.9052337258575344,29358,2ec2ba37fa8cbb0b
3,S04,probgru,F_L,left,1,MSE,24.131009773189458,30174,2ec2ba37fa8cbb0b
3,S04,probgru,F_L,left,1,MAE,3.098320460520998,30174,2ec2ba37fa8cbb0b
3,S04,probgru,F_L,left,1,SS_vs_persistence,-1.082372099186708,30174,2ec2ba37fa8cbb0b
3,S04,probgru,F_L,left,1,SS_vs_seasonal,0.11759696134357778,30174,2ec2ba37fa8cbb0b
3,S04,probgru,F_L,left,1,SS_vs_ar,-1.108462545666351,30174,2ec2ba37fa8cbb0b
3,S04,probgru,F_L,left,1,SS_vs_probgru,4.141131881851834e-14,30174,2ec2ba37fa8cbb0b
3,S04,probgru,F_L,left,2,MSE,33.72699840522291,30174,2ec2ba37fa8cbb0b
3,S04,probgru,F_L,left,2,MAE,3.8942814196398463,30174,2ec2ba37fa8cbb0b
3,S04,probgru,F_L,left,2,SS_vs_persistence,-0.4085839953040311,30174,2ec2ba37fa8cbb0b
3,S04,probgru,F_L,left,2,SS_vs_seasonal,0.1259674929954291,30174,2ec2ba37fa8cbb0b
3,S04,probgru,F_L,left,2,SS_vs_ar,-0.4682451718477765,30174,2ec2ba37fa8cbb0b
3,S04,probgru,F_L,left,2,SS_vs_probgru,2.9753977059954195e-14,30174,2ec2ba37fa8cbb0b
3,S04,probgru,F_L,left,3,MSE,42.7547016323115,30174,2ec2ba37fa8cbb0b
3,S04,probgru,F_L,left,3,MAE,4.543943240192959,30174,2ec2ba37fa8cbb0b
3,S04,probgru,F_L,left,3,SS_vs_persistence,-0.18118943396246023,30174,2ec2ba37fa8cbb0b
3,S04,probgru,F_L,left,3,SS_vs_seasonal,0.14264769290720103,30174,2ec2ba37fa8cbb0b
3,S04,probgru,F_L,left,3,SS_vs_ar,-0.255621971714447,30174,2ec2ba37fa8cbb0b
3,S04,probgru,F_L,left,3,SS_vs_probgru,2.3425705819590803e-14,30174,2ec2ba37fa8cbb0b
3,S04,probgru,F_L,left,4,MSE,50.674056715431725,30174,2ec2ba37fa8cbb0b
3,S04,probgru,F_L,left,4,MAE,5.074748406186173,30174,2ec2ba37fa8cbb0b
3,S04,probgru,F_L,left,4,SS_vs_persistence,-0.06477401143962203,30174,2ec2ba37fa8cbb0b
3,S04,probgru,F_L,left,4,SS_vs_seasonal,0.1574628624254748,30174,2ec2ba37fa8cbb0b
3,S04,probgru,F_L,left,4,SS_vs_ar,-0.15694004247868798,30174,2ec2ba37fa8cbb0b
3,S04,probgru,F_L,left,4,SS_vs_probgru,1.9761969838327786e-14,30174,2ec2ba37fa8cbb0b
3,S04,probgru,F_L,left,5,MSE,58.139622827016616,30174,2ec2ba37fa8cbb0b
3,S04,probgru,F_L,left,5,MAE,5.521606518905696,30174,2ec2ba37fa8cbb0b
3,S04,probgru,F_L,left,5,SS_vs_persistence,0.011541515065202845,30174,2ec2ba37fa8cbb0b
3,S04,probgru,F_L,left,5,SS_vs_seasonal,0.17177009347220373,30174,2ec2ba37fa8cbb0b
3,S04,probgru,F_L,left,5,SS_vs_ar,-0.09736198691672038,30174,2ec2ba37fa8cbb0b
3,S04,probgru,F_L,left,5,SS_vs_probgru,1.7208456881689926e-14,30174,2ec2ba37fa8cbb0b
3,S04,probgru,F_L,left,6,MSE,65.031621843372,30174,2ec2ba37fa8cbb0b
3,S04,probgru,F_L,left,6,MAE,5.908209578731746,30174,2ec2ba37fa8cbb0b
3,S04,probgru,F_L,left,6,SS_vs_persistence,0.06749365925545969,30174,2ec2ba37fa8cbb0b
3,S04,probgru,F_L,left,6,SS_vs_seasonal,0.18419892974963947,30174,2ec2ba37fa8cbb0b
3,S04,probgru,F_L,left,6,SS_vs_ar,-0.055240820866348406,30174,2ec2ba37fa8cbb0b
3,S04,probgru,F_L,left,6,SS_vs_probgru,1.532107773982716e-14,30174,2ec2ba37fa8cbb0b
3,S04,probgru,F_L,left,all,MSE,45.7430018660909,30174,2ec2ba37fa8cbb0b
3,S04,probgru,F_L,left,all,MAE,4.673518270696236,30174,2ec2ba37fa8cbb0b
3,S04,probgru,F_L,left,all,Hausdorff,3.156532092375891,30174,2ec2ba37fa8cbb0b
3,S04,probgru,F_L,left,all,SS_vs_persistence,-0.10723545523326528,30174,2ec2ba37fa8cbb0b
3,S04,probgru,F_L,left,all,HD_ratio_vs_persistence,1.0465454727931098,30174,2ec2ba37fa8cbb0b
3,S04,probgru,F_L,left,all,SS_vs_seasonal,0.15774287083768423,30174,2ec2ba37fa8cbb0b
3,S04,probgru,F_L,left,all,HD_ratio_vs_seasonal,0.9784917496754901,30174,2ec2ba37fa8cbb0b
3,S04,probgru,F_L,left,all,SS_vs_ar,-0.20973214848034316,30174,2ec2ba37fa8cbb0b
3,S04,probgru,F_L,left,all,HD_ratio_vs_ar,1.1501052960257478,30174,2ec2ba37fa8cbb0b
3,S04,probgru,F_L,left,all,SS_vs_probgru,2.1871393585115584e-14,30174,2ec2ba37fa8cbb0b
3,S04,probgru,F_L,left,all,HD_ratio_vs_probgru,1.0,30174,2ec2ba37fa8cbb0b
3,S04,probgru,CoPx_L,left,1,MSE,9.424680277564564e-06,30174,2ec2ba37fa8cbb0b
3,S04,probgru,CoPx_L,left,1,MAE,0.0022794380330549116,30174,2ec2ba37fa8cbb0b
3,S04,probgru,CoPx_L,left,1,SS_vs_persistence,-0.13653608246558857,30174,2ec2ba37fa8cbb0b
3,S04,probgru,CoPx_L,left,1,SS_vs_seasonal,0.07066815266921067,30174,2ec2ba37fa8cbb0b
3,S04,probgru,CoPx_L,left,1,SS_vs_ar,-0.22084207075341533,30174,2ec2ba37fa8cbb0b
3,S04,probgru,CoPx_L,left,1,SS_vs_probgru,1.061043838346265e-07,30174,2ec2ba37fa8cbb0b
3,S04,probgru,CoPx_L,left,2,MSE,1.3957630360978436e-05,30174,2ec2ba37fa8cbb0b
3,S04,probgru,CoPx_L,left,2,MAE,0.002785039498031917,30174,2ec2ba37fa8cbb0b
3,S04,probgru,CoPx_L,left,2,SS_vs_persistence,-0.004586000108024235,30174,2ec2ba37fa8cbb0b
3,S04,probgru,CoPx_L,left,2,SS_vs_seasonal,0.09493430732116492,30174,2ec2ba37fa8cbb0b
3,S04,probgru,CoPx_L,left,2,SS_vs_ar,-0.13677205104246193,30174,2ec2ba37fa8cbb0b
3,S04,probgru,CoPx_L,left,2,SS_vs_probgru,7.164539406190329e-08,30174,2ec2ba37fa8cbb0b
3,S04,probgru,CoPx_L,left,3,MSE,1.7120390216857726e-05,30174,2ec2ba37fa8cbb0b
3,S04,probgru,CoPx_L,left,3,MAE,0.003084024202114737,30174,2ec2ba37fa8cbb0b
3,S04,probgru,CoPx_L,left,3,SS_vs_persistence,0.05273318657722992,30174,2ec2ba37fa8cbb0b
3,S04,probgru,CoPx_L,left,3,SS_vs_seasonal,0.11896259893755867,30174,2ec2ba37fa8cbb0b
3,S04,probgru,CoPx_L,left,3,SS_vs_ar,-0.11890461093411187,30174,2ec2ba37fa8cbb0b
3,S04,probgru,CoPx_L,left,3,SS_vs_probgru,5.8409880154819405e-08,30174,2ec2ba37fa8cbb0b
3,S04,probgru,CoPx_L,left,4,MSE,1.9507165010188545e-05,30174,2ec2ba37fa8cbb0b
3,S04,probgru,CoPx_L,left,4,MAE,0.0033183288667908172,30174,2ec2ba37fa8cbb0b
3,S04,probgru,CoPx_L,left,4,SS_vs_persistence,0.09033282433507295,30174,2ec2ba37fa8cbb0b
3,S04,probgru,CoPx_L,left,4,SS_vs_seasonal,0.13694548618511249,30174,2ec2ba37fa8cbb0b
3,S04,probgru,CoPx_L,left,4,SS_vs_ar,-0.11067898673103249,30174,2ec2ba37fa8cbb0b
3,S04,probgru,CoPx_L,left,4,SS_vs_probgru,5.126321267479028e-08,30174,2ec2ba37fa8cbb0b
3,S04,probgru,CoPx_L,left,5,MSE,2.1294065307933194e-05,30174,2ec2ba37fa8cbb0b
3,S04,probgru,CoPx_L,left,5,MAE,0.0034991295268876734,30174,2ec2ba37fa8cbb0b
3,S04,probgru,CoPx_L,left,5,SS_vs_persistence,0.11234250675158908,30174,2ec2ba37fa8cbb0b
3,S04,probgru,CoPx_L,left,5,SS_vs_seasonal,0.14799215912147945,30174,2ec2ba37fa8cbb0b
3,S04,probgru,CoPx_L,left,5,SS_vs_ar,-0.10821206234191272,30174,2ec2ba37fa8cbb0b
3,S04,probgru,CoPx_L,left,5,SS_vs_probgru,4.696143918181406e-08,30174,2ec2ba37fa8cbb0b
3,S04,probgru,CoPx_L,left,6,MSE,2.2636810819786883e-05,30174,2ec2ba37fa8cbb0b
3,S04,probgru,CoPx_L,left,6,MAE,0.0036239735459934184,30174,2ec2ba37fa8cbb0b
3,S04,probgru,CoPx_L,left,6,SS_vs_persistence,0.13159928486499695,30174,2ec2ba37fa8cbb0b
3,S04,probgru,CoPx_L,left,6,SS_vs_seasonal,0.15998620415331533,30174,2ec2ba37fa8cbb0b
3,S04,probgru,CoPx_L,left,6,SS_vs_ar,-0.10118260602685503,30174,2ec2ba37fa8cbb0b
3,S04,probgru,CoPx_L,left,6,SS_vs_probgru,4.4175832103476864e-08,30174,2ec2ba37fa8cbb0b
3,S04,probgru,CoPx_L,left,all,MSE,1.7323456998884946e-05,30174,2ec2ba37fa8cbb0b
3,S04,probgru,CoPx_L,left,all,MAE,0.0030983222788122304,30174,2ec2ba37fa8cbb0b
3,S04,probgru,CoPx_L,left,all,Hausdorff,2.576596185115154,30174,2ec2ba37fa8cbb0b
3,S04,probgru,CoPx_L,left,all,SS_vs_persistence,0.06996822124807656,30174,2ec2ba37fa8cbb0b
3,S04,probgru,CoPx_L,left,all,HD_ratio_vs_persistence,0.9040620797454345,30174,2ec2ba37fa8cbb0b
3,S04,probgru,CoPx_L,left,all,SS_vs_seasonal,0.13048332221983783,30174,2ec2ba37fa8cbb0b
3,S04,probgru,CoPx_L,left,all,HD_ratio_vs_seasonal,0.8973374774627735,30174,2ec2ba37fa8cbb0b
3,S04,probgru,CoPx_L,left,all,SS_vs_ar,-0.1220577555750777,30174,2ec2ba37fa8cbb0b
3,S04,probgru,CoPx_L,left,all,HD_ratio_vs_ar,1.0733606387921004,30174,2ec2ba37fa8cbb0b
3,S04,probgru,CoPx_L,left,all,SS_vs_probgru,5.7725195512503547e-08,30174,2ec2ba37fa8cbb0b
3,S04,probgru,CoPx_L,left,all,HD_ratio_vs_probgru,1.0,30174,2ec2ba37fa8cbb0b
3,S04,probgru,CoPy_L,left,1,MSE,1.3315946848440568e-05,30174,2ec2ba37fa8cbb0b
3,S04,probgru,CoPy_L,left,1,MAE,0.0023531025131214973,30174,2ec2ba37fa8cbb0b
3,S04,probgru,CoPy_L,left,1,SS_vs_persistence,-0.478180698471393,30174,2ec2ba37fa8cbb0b
3,S04,probgru,CoPy_L,left,1,SS_vs_seasonal,0.11632284320865272,30174,2ec2ba37fa8cbb0b
3,S04,probgru,CoPy_L,left,1,SS_vs_ar,-0.5375845654598244,30174,2ec2ba37fa8cbb0b
3,S04,probgru,CoPy_L,left,1,SS_vs_probgru,7.509792099291701e-08,30174,2ec2ba37fa8cbb0b
3,S04,probgru,CoPy_L,left,2,MSE,1.8432390733646334e-05,30174,2ec2ba37fa8cbb0b
3,S04,probgru,CoPy_L,left,2,MAE,0.0028554817226461794,30174,2ec2ba37fa8cbb0b
3,S04,probgru,CoPy_L,left,2,SS_vs_persistence,-0.22509700626240225,30174,2ec2ba37fa8cbb0b
3,S04,probgru,CoPy_L,left,2,SS_vs_seasonal,0.10430798860244117,30174,2ec2ba37fa8cbb0b
3,S04,probgru,CoPy_L,left,2,SS_vs_ar,-0.300164003316157,30174,2ec2ba37fa8cbb0b
3,S04,probgru,CoPy_L,left,2,SS_vs_probgru,5.425231919264917e-08,30174,2ec2ba37fa8cbb0b
3,S04,probgru,CoPy_L,left,3,MSE,2.228798317506322e-05,30174,2ec2ba37fa8cbb0b
3,S04,probgru,CoPy_L,left,3,MAE,0.0031879243245760257,30174,2ec2ba37fa8cbb0b
3,S04,probgru,CoPy_L,left,3,SS_vs_persistence,-0.0991661834602302,30174,2ec2ba37fa8cbb0b
3,S04,probgru,CoPy_L,left,3,SS_vs_seasonal,0.12187474061207182,30174,2ec2ba37fa8cbb0b
3,S04,probgru,CoPy_L,left,3,SS_vs_ar,-0.19274282156937717,30174,2ec2ba37fa8cbb0b
3,S04,probgru,CoPy_L,left,3,SS_vs_probgru,4.486722493535211e-08,30174,2ec2ba37fa8cbb0b
3,S04,probgru,CoPy_L,left,4,MSE,2.5577807251525322e-05,30174,2ec2ba37fa8cbb0b
3,S04,probgru,CoPy_L,left,4,MAE,0.0034392373975742074,30174,2ec2ba37fa8cbb0b
3,S04,probgru,CoPy_L,left,4,SS_vs_persistence,-0.02932934130965581,30174,2ec2ba37fa8cbb0b
3,S04,probgru,CoPy_L,left,4,SS_vs_seasonal,0.13346484277256454,30174,2ec2ba37fa8cbb0b
3,S04,probgru,CoPy_L,left,4,SS_vs_ar,-0.13158112172856984,30174,2ec2ba37fa8cbb0b
3,S04,probgru,CoPy_L,left,4,SS_vs_probgru,3.909639123556019e-08,30174,2ec2ba37fa8cbb0b
3,S04,probgru,CoPy_L,left,5,MSE,2.874882339842554e-05,30174,2ec2ba37fa8cbb0b
3,S04,probgru,CoPy_L,left,5,MAE,0.0036849784929273623,30174,2ec2ba37fa8cbb0b
3,S04,probgru,CoPy_L,left,5,SS_vs_persistence,0.03688127366776395,30174,2ec2ba37fa8cbb0b
3,S04,probgru,CoPy_L,left,5,SS_vs_seasonal,0.15383283926401492,30174,2ec2ba37fa8cbb0b
3,S04,probgru,CoPy_L,left,5,SS_vs_ar,-0.08194848974854896,30174,2ec2ba37fa8cbb0b
3,S04,probgru,CoPy_L,left,5,SS_vs_probgru,3.478403098888805e-08,30174,2ec2ba37fa8cbb0b
3,S04,probgru,CoPy_L,left,6,MSE,3.167741862604089e-05,30174,2ec2ba37fa8cbb0b
3,S04,probgru,CoPy_L,left,6,MAE,0.003911112710329888,30174,2ec2ba37fa8cbb0b
3,S04,probgru,CoPy_L,left,6,SS_vs_persistence,0.0895316218718023,30174,2ec2ba37fa8cbb0b
3,S04,probgru,CoPy_L,left,6,SS_vs_seasonal,0.1725915313307943,30174,2ec2ba37fa8cbb0b
3,S04,probgru,CoPy_L,left,6,SS_vs_ar,-0.05278339223634876,30174,2ec2ba37fa8cbb0b
3,S04,probgru,CoPy_L,left,6,SS_vs_probgru,3.156822792060865e-08,30174,2ec2ba37fa8cbb0b
3,S04,probgru,CoPy_L,left,all,MSE,2.3340061672190063e-05,30174,2ec2ba37fa8cbb0b
3,S04,probgru,CoPy_L,left,all,MAE,0.0032386395268625334,30174,2ec2ba37fa8cbb0b
3,S04,probgru,CoPy_L,left,all,Hausdorff,2.670645277618701,30174,2ec2ba37fa8cbb0b
3,S04,probgru,CoPy_L,left,all,SS_vs_persistence,-0.0464648896194606,30174,2ec2ba37fa8cbb0b
3,S04,probgru,CoPy_L,left,all,HD_ratio_vs_persistence,0.9279608413822771,30174,2ec2ba37fa8cbb0b
3,S04,probgru,CoPy_L,left,all,SS_vs_seasonal,0.13983730593076327,30174,2ec2ba37fa8cbb0b
3,S04,probgru,CoPy_L,left,all,HD_ratio_vs_seasonal,0.89990800665961,30174,2ec2ba37fa8cbb0b
3,S04,probgru,CoPy_L,left,all,SS_vs_ar,-0.15939212136897174,30174,2ec2ba37fa8cbb0b
3,S04,probgru,CoPy_L,left,all,HD_ratio_vs_ar,1.047142996796402,30174,2ec2ba37fa8cbb0b
3,S04,probgru,CoPy_L,left,all,SS_vs_probgru,4.284478638538758e-08,30174,2ec2ba37fa8cbb0b
3,S04,probgru,CoPy_L,left,all,HD_ratio_vs_probgru,1.0,30174,2ec2ba37fa8cbb0b
3,S04,probgru,F_R,right,1,MSE,32.37437042114303,30174,2ec2ba37fa8cbb0b
3,S04,probgru,F_R,right,1,MAE,3.875393420341214,30174,2ec2ba37fa8cbb0b
3,S04,probgru,F_R,right,1,SS_vs_persistence,-0.44595395586968256,30174,2ec2ba37fa8cbb0b
3,S04,probgru,F_R,right,1,SS_vs_seasonal,0.019990584904241104,30174,2ec2ba37fa8cbb0b
3,S04,probgru,F_R,right,1,SS_vs_ar,-0.49476378502027063,30174,2ec2ba37fa8cbb0b
3,S04,probgru,F_R,right,1,SS_vs_probgru,3.097522238704187e-14,30174,2ec2ba37fa8cbb0b
3,S04,probgru,F_R,right,2,MSE,54.62704503128184,30174,2ec2ba37fa8cbb0b
3,S04,probgru,F_R,right,2,MAE,5.290173266086203,30174,2ec2ba37fa8cbb0b
3,S04,probgru,F_R,right,2,SS_vs_persistence,-0.10425899946875883,30174,2ec2ba37fa8cbb0b
3,S04,probgru,F_R,right,2,SS_vs_seasonal,0.06441428838470509,30174,2ec2ba37fa8cbb0b
3,S04,probgru,F_R,right,2,SS_vs_ar,-0.1538544400195314,30174,2ec2ba37fa8cbb0b
3,S04,probgru,F_R,right,2,SS_vs_probgru,1.8318679906315083e-14,30174,2ec2ba37fa8cbb0b
3,S04,probgru,F_R,right,3,MSE,73.99606580904849,30174,2ec2ba37fa8cbb0b
3,S04,probgru,F_R,right,3,MAE,6.339061673362624,30174,2ec2ba37fa8cbb0b
3,S04,probgru,F_R,right,3,SS_vs_persistence,-0.010988789879384786,30174,2ec2ba37fa8cbb0b
3,S04,probgru,F_R,right,3,SS_vs_seasonal,0.0868805568201868,30174,2ec2ba37fa8cbb0b
3,S04,probgru,F_R,right,3,SS_vs_ar,-0.07895611548807491,30174,2ec2ba37fa8cbb0b
3,S04,probgru,F_R,right,3,SS_vs_probgru,1.3433698597964394e-14,30174,2ec2ba37fa8cbb0b
3,S04,probgru,F_R,right,4,MSE,89.9198911201119,30174,2ec2ba37fa8cbb0b
3,S04,probgru,F_R,right,4,MAE,7.13752335500492,30174,2ec2ba37fa8cbb0b
3,S04,probgru,F_R,right,4,SS_vs_persistence,0.03247272132225232,30174,2ec2ba37fa8cbb0b
3,S04,probgru,F_R,right,4,SS_vs_seasonal,0.1042928842453319,30174,2ec2ba37fa8cbb0b
3,S04,probgru,F_R,right,4,SS_vs_ar,-0.05223816409156434,30174,2ec2ba37fa8cbb0b
3,S04,probgru,F_R,right,4,SS_vs_probgru,1.1102230246251565e-14,30174,2ec2ba37fa8cbb0b
3,S04,probgru,F_R,right,5,MSE,103.1520667740473,30174,2ec2ba37fa8cbb0b
3,S04,probgru,F_R,right,5,MAE,7.772670967180882,30174,2ec2ba37fa8cbb0b
3,S04,probgru,F_R,right,5,SS_vs_persistence,0.05924564846335589,30174,2ec2ba37fa8cbb0b
3,S04,probgru,F_R,right,5,SS_vs_seasonal,0.11556853201761019,30174,2ec2ba37fa8cbb0b
3,S04,probgru,F_R,right,5,SS_vs_ar,-0.03763917354195767,30174,2ec2ba37fa8cbb0b
3,S04,probgru,F_R,right,5,SS_vs_probgru,9.658940314238862e-15,30174,2ec2ba37fa8cbb0b
3,S04,probgru,F_R,right,6,MSE,114.28853325706613,30174,2ec2ba37fa8cbb0b
3,S04,probgru,F_R,right,6,MAE,8.280551181161371,30174,2ec2ba37fa8cbb0b
3,S04,probgru,F_R,right,6,SS_vs_persistence,0.0715701543602888,30174,2ec2ba37fa8cbb0b
3,S04,probgru,F_R,right,6,SS_vs_seasonal,0.11536373031059244,30174,2ec2ba37fa8cbb0b
3,S04,probgru,F_R,right,6,SS_vs_ar,-0.027740346223138035,30174,2ec2ba37fa8cbb0b
3,S04,probgru,F_R,right,6,SS_vs_probgru,8.659739592076221e-15,30174,2ec2ba37fa8cbb0b
3,S04,probgru,F_R,right,all,MSE,78.05966206878291,30174,2ec2ba37fa8cbb0b
3,S04,probgru,F_R,right,all,MAE,6.449228977189561,30174,2ec2ba37fa8cbb0b
3,S04,probgru,F_R,right,all,Hausdorff,2.9918753388529975,30174,2ec2ba37fa8cbb0b
3,S04,probgru,F_R,right,all,SS_vs_persistence,0.005050940035980389,30174,2ec2ba37fa8cbb0b
3,S04,probgru,F_R,right,all,HD_ratio_vs_persistence,0.996897546396013,30174,2ec2ba37fa8cbb0b
3,S04,probgru,F_R,right,all,SS_vs_seasonal,0.09700695494430467,30174,2ec2ba37fa8cbb0b
3,S04,probgru,F_R,right,all,HD_ratio_vs_seasonal,0.9717980511150558,30174,2ec2ba37fa8cbb0b
3,S04,probgru,F_R,right,all,SS_vs_ar,-0.08003019577180903,30174,2ec2ba37fa8cbb0b
3,S04,probgru,F_R,right,all,HD_ratio_vs_ar,1.1115143138806602,30174,2ec2ba37fa8cbb0b
3,S04,probgru,F_R,right,all,SS_vs_probgru,1.27675647831893e-14,30174,2ec2ba37fa8cbb0b
3,S04,probgru,F_R,right,all,HD_ratio_vs_probgru,1.0,30174,2ec2ba37fa8cbb0b
3,S04,probgru,CoPx_R,right,1,MSE,6.710985867527684e-06,29358,2ec2ba37fa8cbb0b
3,S04,probgru,CoPx_R,right,1,MAE,0.0019586040731567303,29358,2ec2ba37fa8cbb0b
3,S04,probgru,CoPx_R,right,1,SS_vs_persistence,-0.07707057032144404,29358,2ec2ba37fa8cbb0b
3,S04,probgru,CoPx_R,right,1,SS_vs_seasonal,0.09747150028396756,29358,2ec2ba37fa8cbb0b
3,S04,probgru,CoPx_R,right,1,SS_vs_ar,-0.16015087398115546,29358,2ec2ba37fa8cbb0b
3,S04,probgru,CoPx_R,right,1,SS_vs_probgru,1.4900938116735318e-07,29358,2ec2ba37fa8cbb0b
3,S04,probgru,CoPx_R,right,2,MSE,9.880830863318005e-06,29358,2ec2ba37fa8cbb0b
3,S04,probgru,CoPx_R,right,2,MAE,0.0023697331038232197,29358,2ec2ba37fa8cbb0b
3,S04,probgru,CoPx_R,right,2,SS_vs_persistence,0.08923004786414634,29358,2ec2ba37fa8cbb0b
3,S04,probgru,CoPx_R,right,2,SS_vs_seasonal,0.16133327103871054,29358,2ec2ba37fa8cbb0b
3,S04,probgru,CoPx_R,right,2,SS_vs_ar,-0.041171459367141505,29358,2ec2ba37fa8cbb0b
3,S04,probgru,CoPx_R,right,2,SS_vs_probgru,1.0120605364871693e-07,29358,2ec2ba37fa8cbb0b
3,S04,probgru,CoPx_R,right,3,MSE,1.1990053318980752e-05,29358,2ec2ba37fa8cbb0b
3,S04,probgru,CoPx_R,right,3,MAE,0.002585206281253752,29358,2ec2ba37fa8cbb0b
3,S04,probgru,CoPx_R,right,3,SS_vs_persistence,0.14879496192731712,29358,2ec2ba37fa8cbb0b
3,S04,probgru,CoPx_R,right,3,SS_vs_seasonal,0.19477417444267608,29358,2ec2ba37fa8cbb0b
3,S04,probgru,CoPx_R,right,3,SS_vs_ar,-0.001532596726870672,29358,2ec2ba37fa8cbb0b
3,S04,probgru,CoPx_R,right,3,SS_vs_probgru,8.34024578288961e-08,29358,2ec2ba37fa8cbb0b
3,S04,probgru,CoPx_R,right,4,MSE,1.3612175330624843e-05,29358,2ec2ba37fa8cbb0b
3,S04,probgru,CoPx_R,right,4,MAE,0.0027578174486761007,29358,2ec2ba37fa8cbb0b
3,S04,probgru,CoPx_R,right,4,SS_vs_persistence,0.19016020416263058,29358,2ec2ba37fa8cbb0b
3,S04,probgru,CoPx_R,right,4,SS_vs_seasonal,0.223901764128275,29358,2ec2ba37fa8cbb0b
3,S04,probgru,CoPx_R,right,4,SS_vs_ar,0.020426459580911382,29358,2ec2ba37fa8cbb0b
3,S04,probgru,CoPx_R,right,4,SS_vs_probgru,7.346363839477732e-08,29358,2ec2ba37fa8cbb0b
3,S04,probgru,CoPx_R,right,5,MSE,1.4860501064590188e-05,29358,2ec2ba37fa8cbb0b
3,S04,probgru,CoPx_R,right,5,MAE,0.002883287816765412,29358,2ec2ba37fa8cbb0b
3,S04,probgru,CoPx_R,right,5,SS_vs_persistence,0.22430719824319378,29358,2ec2ba37fa8cbb0b
3,S04,probgru,CoPx_R,right,5,SS_vs_seasonal,0.24952868775802084,29358,2ec2ba37fa8cbb0b
3,S04,probgru,CoPx_R,right,5,SS_vs_ar,0.032030772091734216,29358,2ec2ba37fa8cbb0b
3,S04,probgru,CoPx_R,right,5,SS_vs_probgru,6.729247736814159e-08,29358,2ec2ba37fa8cbb0b
3,S04,probgru,CoPx_R,right,6,MSE,1.5601632765556093e-05,29358,2ec2ba37fa8cbb0b
3,S04,probgru,CoPx_R,right,6,MAE,0.002940780456934967,29358,2ec2ba37fa8cbb0b
3,S04,probgru,CoPx_R,right,6,SS_vs_persistence,0.24230275305948523,29358,2ec2ba37fa8cbb0b
3,S04,probgru,CoPx_R,right,6,SS_vs_seasonal,0.263641043144084,29358,2ec2ba37fa8cbb0b
3,S04,probgru,CoPx_R,right,6,SS_vs_ar,0.04418165373693439,29358,2ec2ba37fa8cbb0b
3,S04,probgru,CoPx_R,right,6,SS_vs_probgru,6.409585140421115e-08,29358,2ec2ba37fa8cbb0b
3,S04,probgru,CoPx_R,right,all,MSE,1.2110138491772374e-05,29358,2ec2ba37fa8cbb0b
3,S04,probgru,CoPx_R,right,all,MAE,0.0025826559332449714,29358,2ec2ba37fa8cbb0b
3,S04,probgru,CoPx_R,right,all,Hausdorff,2.5150529482864257,29358,2ec2ba37fa8cbb0b
3,S04,probgru,CoPx_R,right,all,SS_vs_persistence,0.17176986463751154,29358,2ec2ba37fa8cbb0b
3,S04,probgru,CoPx_R,right,all,HD_ratio_vs_persistence,0.8835139705150091,29358,2ec2ba37fa8cbb0b
3,S04,probgru,CoPx_R,right,all,SS_vs_seasonal,0.21569213182647395,29358,2ec2ba37fa8cbb0b
3,S04,probgru,CoPx_R,right,all,HD_ratio_vs_seasonal,0.8790385043527611,29358,2ec2ba37fa8cbb0b
3,S04,probgru,CoPx_R,right,all,SS_vs_ar,0.0022264666402991296,29358,2ec2ba37fa8cbb0b
3,S04,probgru,CoPx_R,right,all,HD_ratio_vs_ar,1.0460486010245558,29358,2ec2ba37fa8cbb0b
3,S04,probgru,CoPx_R,right,all,SS_vs_probgru,8.257543193668226e-08,29358,2ec2ba37fa8cbb0b
3,S04,probgru,CoPx_R,right,all,HD_ratio_vs_probgru,1.0,29358,2ec2ba37fa8cbb0b
3,S04,probgru,CoPy_R,right,1,MSE,9.969282527273494e-06,29358,2ec2ba37fa8cbb0b
3,S04,probgru,CoPy_R,right,1,MAE,0.002245952849495589,29358,2ec2ba37fa8cbb0b
3,S04,probgru,CoPy_R,right,1,SS_vs_persistence,-0.14522211820322717,29358,2ec2ba37fa8cbb0b
3,S04,probgru,CoPy_R,right,1,SS_vs_seasonal,0.2774644271950564,29358,2ec2ba37fa8cbb0b
3,S04,probgru,CoPy_R,right,1,SS_vs_ar,-0.18827913040201572,29358,2ec2ba37fa8cbb0b
3,S04,probgru,CoPy_R,right,1,SS_vs_probgru,1.0030811103955983e-07,29358,2ec2ba37fa8cbb0b
3,S04,probgru,CoPy_R,right,2,MSE,1.4458033570284317e-05,29358,2ec2ba37fa8cbb0b
3,S04,probgru,CoPy_R,right,2,MAE,0.002703726944054195,29358,2ec2ba37fa8cbb0b
3,S04,probgru,CoPy_R,right,2,SS_vs_persistence,0.05246293801900659,29358,2ec2ba37fa8cbb0b
3,S04,probgru,CoPy_R,right,2,SS_vs_seasonal,0.26026279067597724,29358,2ec2ba37fa8cbb0b
3,S04,probgru,CoPy_R,right,2,SS_vs_ar,-0.03955293717461772,29358,2ec2ba37fa8cbb0b
3,S04,probgru,CoPy_R,right,2,SS_vs_probgru,6.916569428305763e-08,29358,2ec2ba37fa8cbb0b
3,S04,probgru,CoPy_R,right,3,MSE,1.7905067408154358e-05,29358,2ec2ba37fa8cbb0b
3,S04,probgru,CoPy_R,right,3,MAE,0.003043883948933981,29358,2ec2ba37fa8cbb0b
3,S04,probgru,CoPy_R,right,3,SS_vs_persistence,0.09346501892674164,29358,2ec2ba37fa8cbb0b
3,S04,probgru,CoPy_R,right,3,SS_vs_seasonal,0.24294875330789778,29358,2ec2ba37fa8cbb0b
3,S04,probgru,CoPy_R,right,3,SS_vs_ar,-0.033433313221878924,29358,2ec2ba37fa8cbb0b
3,S04,probgru,CoPy_R,right,3,SS_vs_probgru,5.585010776076871e-08,29358,2ec2ba37fa8cbb0b
3,S04,probgru,CoPy_R,right,4,MSE,2.080346469128962e-05,29358,2ec2ba37fa8cbb0b
3,S04,probgru,CoPy_R,right,4,MAE,0.0033274670687896595,29358,2ec2ba37fa8cbb0b
3,S04,probgru,CoPy_R,right,4,SS_vs_persistence,0.10546785430823624,29358,2ec2ba37fa8cbb0b
3,S04,probgru,CoPy_R,right,4,SS_vs_seasonal,0.22882642098181316,29358,2ec2ba37fa8cbb0b
3,S04,probgru,CoPy_R,right,4,SS_vs_ar,-0.04623533934547641,29358,2ec2ba37fa8cbb0b
3,S04,probgru,CoPy_R,right,4,SS_vs_probgru,4.8068913849341754e-08,29358,2ec2ba37fa8cbb0b
3,S04,probgru,CoPy_R,right,5,MSE,2.3554524517990878e-05,29358,2ec2ba37fa8cbb0b
3,S04,probgru,CoPy_R,right,5,MAE,0.0035834642191473133,29358,2ec2ba37fa8cbb0b
3,S04,probgru,CoPy_R,right,5,SS_vs_persistence,0.09944319321209438,29358,2ec2ba37fa8cbb0b
3,S04,probgru,CoPy_R,right,5,SS_vs_seasonal,0.20566777591261365,29358,2ec2ba37fa8cbb0b
3,S04,probgru,CoPy_R,right,5,SS_vs_ar,-0.06830200751180504,29358,2ec2ba37fa8cbb0b
3,S04,probgru,CoPy_R,right,5,SS_vs_probgru,4.245468665509122e-08,29358,2ec2ba37fa8cbb0b
3,S04,probgru,CoPy_R,right,6,MSE,2.61816056227644e-05,29358,2ec2ba37fa8cbb0b
3,S04,probgru,CoPy_R,right,6,MAE,0.0038203736772607507,29358,2ec2ba37fa8cbb0b
3,S04,probgru,CoPy_R,right,6,SS_vs_persistence,0.09615003916853038,29358,2ec2ba37fa8cbb0b
3,S04,probgru,CoPy_R,right,6,SS_vs_seasonal,0.18400687824423467,29358,2ec2ba37fa8cbb0b
3,S04,probgru,CoPy_R,right,6,SS_vs_ar,-0.08433212278657432,29358,2ec2ba37fa8cbb0b
3,S04,probgru,CoPy_R,right,6,SS_vs_probgru,3.819475302702102e-08,29358,2ec2ba37fa8cbb0b
3,S04,probgru,CoPy_R,right,all,MSE,1.8813410693636757e-05,29358,2ec2ba37fa8cbb0b
3,S04,probgru,CoPy_R,right,all,MAE,0.0031209486738066755,29358,2ec2ba37fa8cbb0b
3,S04,probgru,CoPy_R,right,all,Hausdorff,2.653098056386719,29358,2ec2ba37fa8cbb0b
3,S04,probgru,CoPy_R,right,all,SS_vs_persistence,0.07553675524691683,29358,2ec2ba37fa8cbb0b
3,S04,probgru,CoPy_R,right,all,HD_ratio_vs_persistence,0.9303985720861191,29358,2ec2ba37fa8cbb0b
3,S04,probgru,CoPy_R,right,all,SS_vs_seasonal,0.22535121063968,29358,2ec2ba37fa8cbb0b
3,S04,probgru,CoPy_R,right,all,HD_ratio_vs_seasonal,0.9016530499671004,29358,2ec2ba37fa8cbb0b
3,S04,probgru,CoPy_R,right,all,SS_vs_ar,-0.06783569900177766,29358,2ec2ba37fa8cbb0b
3,S04,probgru,CoPy_R,right,all,HD_ratio_vs_ar,1.1046870785251541,29358,2ec2ba37fa8cbb0b
3,S04,probgru,CoPy_R,right,all,SS_vs_probgru,5.315357021196121e-08,29358,2ec2ba37fa8cbb0b
3,S04,probgru,CoPy_R,right,all,HD_ratio_vs_probgru,1.0,29358,2ec2ba37fa8cbb0b
4,S05,persistence,F_L,left,1,MSE,7.513825146291163,35778,2ec2ba37fa8cbb0b
4,S05,persistence,F_L,left,1,MAE,1.787880170311321,35778,2ec2ba37fa8cbb0b
4,S05,persistence,F_L,left,1,SS_vs_persistence,1.3311574065255627e-13,35778,2ec2ba37fa8cbb0b
4,S05,persistence,F_L,left,1,SS_vs_seasonal,0.35900258363146476,35778,2ec2ba37fa8cbb0b
4,S05,persistence,F_L,left,1,SS_vs_ar,-0.005554917658351366,35778,2ec2ba37fa8cbb0b
4,S05,persistence,F_L,left,1,SS_vs_probgru,0.09796560673338339,35778,2ec2ba37fa8cbb0b
4,S05,persistence,F_L,left,2,MSE,15.45696287241199,35778,2ec2ba37fa8cbb0b
4,S05,persistence,F_L,left,2,MAE,2.5893175712712115,35778,2ec2ba37fa8cbb0b
4,S05,persistence,F_L,left,2,SS_vs_persistence,6.472600233564663e-14,35778,2ec2ba37fa8cbb0b
4,S05,persistence,F_L,left,2,SS_vs_seasonal,0.18336557580726753,35778,2ec2ba37fa8cbb0b
4,S05,persistence,F_L,left,2,SS_vs_ar,-0.020724839321786925,35778,2ec2ba37fa8cbb0b
4,S05,persistence,F_L,left,2,SS_vs_probgru,0.024728109480537053,35778,2ec2ba37fa8cbb0b
4,S05,persistence,F_L,left,3,MSE,22.657057133483423,35778,2ec2ba37fa8cbb0b
4,S05,persistence,F_L,left,3,MAE,3.16578675595862,35778,2ec2ba37fa8cbb0b
4,S05,persistence,F_L,left,3,SS_vs_persistence,4.4075854077618715e-14,35778,2ec2ba37fa8cbb0b
4,S05,persistence,F_L,left,3,SS_vs_seasonal,0.11615410263073034,35778,2ec2ba37fa8cbb0b
4,S05,persistence,F_L,left,3,SS_vs_ar,-0.03440313787793836,35778,2ec2ba37fa8cbb0b
4,S05,persistence,F_L,left,3,SS_vs_probgru,-0.004680826778286962,35778,2ec2ba37fa8cbb0b
4,S05,persistence,F_L,left,4,MSE,29.54099956916187,35778,2ec2ba37fa8cbb0b
4,S05,persistence,F_L,left,4,MAE,3.6358664789476514,35778,2ec2ba37fa8cbb0b
4,S05,persistence,F_L,left,4,SS_vs_persistence,3.375077994860476e-14,35778,2ec2ba37fa8cbb0b
4,S05,persistence,F_L,left,4,SS_vs_seasonal,0.08429740223008264,35778,2ec2ba37fa8cbb0b
4,S05,persistence,F_L,left,4,SS_vs_ar,-0.04834790219282992,35778,2ec2ba37fa8cbb0b
4,S05,persistence,F_L,left,4,SS_vs_probgru,-0.02118727382005292,35778,2ec2ba37fa8cbb0b
4,S05,persistence,F_L,left,5,MSE,36.03893998963735,35778,2ec2ba37fa8cbb0b
4,S05,persistence,F_L,left,5,MAE,4.039611074321925,35778,2ec2ba37fa8cbb0b
4,S05,persistence,F_L,left,5,SS_vs_persistence,2.7755575615628914e-14,35778,2ec2ba37fa8cbb0b
4,S05,persistence,F_L,left,5,SS_vs_seasonal,0.06118481948465104,35778,2ec2ba37fa8cbb0b
4,S05,persistence,F_L,left,5,SS_vs_ar,-0.060752405437946244,35778,2ec2ba37fa8cbb0b
4,S05,persistence,F_L,left,5,SS_vs_probgru,-0.035707530945305654,35778,2ec2ba37fa8cbb0b
4,S05,persistence,F_L,left,6,MSE,42.113745973051266,35778,2ec2ba37fa8cbb0b
4,S05,persistence,F_L,left,6,MAE,4.387698152891725,35778,2ec2ba37fa8cbb0b
4,S05,persistence,F_L,left,6,SS_vs_persistence,2.375877272697835e-14,35778,2ec2ba37fa8cbb0b
4,S05,persistence,F_L,left,6,SS_vs_seasonal,0.045189593088757474,35778,2ec2ba37fa8cbb0b
4,S05,persistence,F_L,left,6,SS_vs_ar,-0.07268020774228146,35778,2ec2ba37fa8cbb0b
4,S05,persistence,F_L,left,6,SS_vs_probgru,-0.043464162761780445,35778,2ec2ba37fa8cbb0b
4,S05,persistence,F_L,left,all,MSE,25.55358844733951,35778,2ec2ba37fa8cbb0b
4,S05,persistence,F_L,left,all,MAE,3.2676933672837425,35778,2ec2ba37fa8cbb0b
4,S05,persistence,F_L,left,all,Hausdorff,2.969623545714499,35778,2ec2ba37fa8cbb0b
4,S05,persistence,F_L,left,all,SS_vs_persistence,3.907985046680551e-14,35778,2ec2ba37fa8cbb0b
4,S05,persistence,F_L,left,all,HD_ratio_vs_persistence,1.0,35778,2ec2ba37fa8cbb0b
4,S05,persistence,F_L,left,all,SS_vs_seasonal,0.1035895323742485,35778,2ec2ba37fa8cbb0b
4,S05,persistence,F_L,left,all,HD_ratio_vs_seasonal,0.9984997384611559,35778,2ec2ba37fa8cbb0b
4,S05,persistence,F_L,left,all,SS_vs_ar,-0.05063137645429627,35778,2ec2ba37fa8cbb0b
4,S05,persistence,F_L,left,all,HD_ratio_vs_ar,1.13574507694027,35778,2ec2ba37fa8cbb0b
4,S05,persistence,F_L,left,all,SS_vs_probgru,-0.01662443689420745,35778,2ec2ba37fa8cbb0b
4,S05,persistence,F_L,left,all,HD_ratio_vs_probgru,1.0387802523468705,35778,2ec2ba37fa8cbb0b
4,S05,persistence,CoPx_L,left,1,MSE,4.384877947297043e-06,35675,2ec2ba37fa8cbb0b
4,S05,persistence,CoPx_L,left,1,MAE,0.0015677257762306464,35675,2ec2ba37fa8cbb0b
4,S05,persistence,CoPx_L,left,1,SS_vs_persistence,2.2805646682222402e-07,35675,2ec2ba37fa8cbb0b
4,S05,persistence,CoPx_L,left,1,SS_vs_seasonal,0.12857499924373006,35675,2ec2ba37fa8cbb0b
4,S05,persistence,CoPx_L,left,1,SS_vs_ar,-0.07144867749751826,35675,2ec2ba37fa8cbb0b
4,S05,persistence,CoPx_L,left,1,SS_vs_probgru,-0.056633090183131785,35675,2ec2ba37fa8cbb0b
4,S05,persistence,CoPx_L,left,2,MSE,6.822720251033005e-06,35675,2ec2ba37fa8cbb0b
4,S05,persistence,CoPx_L,left,2,MAE,0.001917796793272967,35675,2ec2ba37fa8cbb0b
4,S05,persistence,CoPx_L,left,2,SS_vs_persistence,1.4656908342569608e-07,35675,2ec2ba37fa8cbb0b
4,S05,persistence,CoPx_L,left,2,SS_vs_seasonal,0.055627294965056695,35675,2ec2ba37fa8cbb0b
4,S05,persistence,CoPx_L,left,2,SS_vs_ar,-0.08752654061252096,35675,2ec2ba37fa8cbb0b
4,S05,persistence,CoPx_L,left,2,SS_vs_probgru,-0.12343494159733148,35675,2ec2ba37fa8cbb0b
4,S05,persistence,CoPx_L,left,3,MSE,8.885323373186805e-06,35675,2ec2ba37fa8cbb0b
4,S05,persistence,CoPx_L,left,3,MAE,0.0021912883999190046,35675,2ec2ba37fa8cbb0b
4,S05,persistence,CoPx_L,left,3,SS_vs_persistence,1.1254513143654776e-07,35675,2ec2ba37fa8cbb0b
4,S05,persistence,CoPx_L,left,3,SS_vs_seasonal,0.031196420802790614,35675,2ec2ba37fa8cbb0b
4,S05,persistence,CoPx_L,left,3,SS_vs_ar,-0.10582210054556107,35675,2ec2ba37fa8cbb0b
4,S05,persistence,CoPx_L,left,3,SS_vs_probgru,-0.15476066819270207,35675,2ec2ba37fa8cbb0b
4,S05,persistence,CoPx_L,left,4,MSE,1.0732321430410513e-05,35675,2ec2ba37fa8cbb0b
4,S05,persistence,CoPx_L,left,4,MAE,0.0024116476451191194,35675,2ec2ba37fa8cbb0b
4,S05,persistence,CoPx_L,left,4,SS_vs_persistence,9.317647753359637e-08,35675,2ec2ba37fa8cbb0b
4,S05,persistence,CoPx_L,left,4,SS_vs_seasonal,0.013531045785410423,35675,2ec2ba37fa8cbb0b
4,S05,persistence,CoPx_L,left,4,SS_vs_ar,-0.1316019326302209,35675,2ec2ba37fa8cbb0b
4,S05,persistence,CoPx_L,left,4,SS_vs_probgru,-0.1861520716444136,35675,2ec2ba37fa8cbb0b
4,S05,persistence,CoPx_L,left,5,MSE,1.2129472906018648e-05,35675,2ec2ba37fa8cbb0b
4,S05,persistence,CoPx_L,left,5,MAE,0.002556689474264825,35675,2ec2ba37fa8cbb0b
4,S05,persistence,CoPx_L,left,5,SS_vs_persistence,8.244380644839566e-08,35675,2ec2ba37fa8cbb0b
4,S05,persistence,CoPx_L,left,5,SS_vs_seasonal,0.004580935637484629,35675,2ec2ba37fa8cbb0b
4,S05,persistence,CoPx_L,left,5,SS_vs_ar,-0.14218534843272845,35675,2ec2ba37fa8cbb0b
4,S05,persistence,CoPx_L,left,5,SS_vs_probgru,-0.20369396879771084,35675,2ec2ba37fa8cbb0b
4,S05,persistence,CoPx_L,left,6,MSE,1.3284341832227882e-05,35675,2ec2ba37fa8cbb0b
4,S05,persistence,CoPx_L,left,6,MAE,0.002682721647079731,35675,2ec2ba37fa8cbb0b
4,S05,persistence,CoPx_L,left,6,SS_vs_persistence,7.527658774098e-08,35675,2ec2ba37fa8cbb0b
4,S05,persistence,CoPx_L,left,6,SS_vs_seasonal,0.001678216046885117,35675,2ec2ba37fa8cbb0b
4,S05,persistence,CoPx_L,left,6,SS_vs_ar,-0.15288633432690513,35675,2ec2ba37fa8cbb0b
4,S05,persistence,CoPx_L,left,6,SS_vs_probgru,-0.2167511254020913,35675,2ec2ba37fa8cbb0b
4,S05,persistence,CoPx_L,left,all,MSE,9.373066656797865e-06,35675,2ec2ba37fa8cbb0b
4,S05,persistence,CoPx_L,left,all,MAE,0.002221298688939953,35675,2ec2ba37fa8cbb0b
4,S05,persistence,CoPx_L,left,all,Hausdorff,2.8255372798668916,35675,2ec2ba37fa8cbb0b
4,S05,persistence,CoPx_L,left,all,SS_vs_persistence,1.066886569089931e-07,35675,2ec2ba37fa8cbb0b
4,S05,persistence,CoPx_L,left,all,HD_ratio_vs_persistence,1.0,35675,2ec2ba37fa8cbb0b
4,S05,persistence,CoPx_L,left,all,SS_vs_seasonal,0.026996664717783725,35675,2ec2ba37fa8cbb0b
4,S05,persistence,CoPx_L,left,all,HD_ratio_vs_seasonal,1.005311547452323,35675,2ec2ba37fa8cbb0b
4,S05,persistence,CoPx_L,left,all,SS_vs_ar,-0.12416120844675094,35675,2ec2ba37fa8cbb0b
4,S05,persistence,CoPx_L,left,all,HD_ratio_vs_ar,1.1622397914185767,35675,2ec2ba37fa8cbb0b
4,S05,persistence,CoPx_L,left,all,SS_vs_probgru,-0.17261688731528602,35675,2ec2ba37fa8cbb0b
4,S05,persistence,CoPx_L,left,all,HD_ratio_vs_probgru,1.198757974726955,35675,2ec2ba37fa8cbb0b
4,S05,persistence,CoPy_L,left,1,MSE,6.818550787788279e-06,35675,2ec2ba37fa8cbb0b
4,S05,persistence,CoPy_L,left,1,MAE,0.0018120444297863175,35675,2ec2ba37fa8cbb0b
4,S05,persistence,CoPy_L,left,1,SS_vs_persistence,1.466587086218496e-07,35675,2ec2ba37fa8cbb0b
4,S05,persistence,CoPy_L,left,1,SS_vs_seasonal,0.33649736996865764,35675,2ec2ba37fa8cbb0b
4,S05,persistence,CoPy_L,left,1,SS_vs_ar,-0.003756882251609639,35675,2ec2ba37fa8cbb0b
4,S05,persistence,CoPy_L,left,1,SS_vs_probgru,0.006306552420688005,35675,2ec2ba37fa8cbb0b
4,S05,persistence,CoPy_L,left,2,MSE,1.1683446566082984e-05,35675,2ec2ba37fa8cbb0b
4,S05,persistence,CoPy_L,left,2,MAE,0.0023368999014346022,35675,2ec2ba37fa8cbb0b
4,S05,persistence,CoPy_L,left,2,SS_vs_persistence,8.559117448125875e-08,35675,2ec2ba37fa8cbb0b
4,S05,persistence,CoPy_L,left,2,SS_vs_seasonal,0.1937297123094911,35675,2ec2ba37fa8cbb0b
4,S05,persistence,CoPy_L,left,2,SS_vs_ar,-0.027792183818011962,35675,2ec2ba37fa8cbb0b
4,S05,persistence,CoPy_L,left,2,SS_vs_probgru,-0.07469586597135969,35675,2ec2ba37fa8cbb0b
4,S05,persistence,CoPy_L,left,3,MSE,1.5145595648659612e-05,35675,2ec2ba37fa8cbb0b
4,S05,persistence,CoPy_L,left,3,MAE,0.0026337959243621545,35675,2ec2ba37fa8cbb0b
4,S05,persistence,CoPy_L,left,3,SS_vs_persistence,6.602579105674522e-08,35675,2ec2ba37fa8cbb0b
4,S05,persistence,CoPy_L,left,3,SS_vs_seasonal,0.13587406712867112,35675,2ec2ba37fa8cbb0b
4,S05,persistence,CoPy_L,left,3,SS_vs_ar,-0.028380547587009586,35675,2ec2ba37fa8cbb0b
4,S05,persistence,CoPy_L,left,3,SS_vs_probgru,-0.10086227338218379,35675,2ec2ba37fa8cbb0b
4,S05,persistence,CoPy_L,left,4,MSE,1.8714431601437594e-05,35675,2ec2ba37fa8cbb0b
4,S05,persistence,CoPy_L,left,4,MAE,0.002926788895354984,35675,2ec2ba37fa8cbb0b
4,S05,persistence,CoPy_L,left,4,SS_vs_persistence,5.3434695113097064e-08,35675,2ec2ba37fa8cbb0b
4,S05,persistence,CoPy_L,left,4,SS_vs_seasonal,0.09622971577953343,35675,2ec2ba37fa8cbb0b
4,S05,persistence,CoPy_L,left,4,SS_vs_ar,-0.04592904162615086,35675,2ec2ba37fa8cbb0b
4,S05,persistence,CoPy_L,left,4,SS_vs_probgru,-0.12289129527179488,35675,2ec2ba37fa8cbb0b
4,S05,persistence,CoPy_L,left,5,MSE,2.225772976865648e-05,35675,2ec2ba37fa8cbb0b
4,S05,persistence,CoPy_L,left,5,MAE,0.003220923781716019,35675,2ec2ba37fa8cbb0b
4,S05,persistence,CoPy_L,left,5,SS_vs_persistence,4.492820993018398e-08,35675,2ec2ba37fa8cbb0b
4,S05,persistence,CoPy_L,left,5,SS_vs_seasonal,0.0699961754463101,35675,2ec2ba37fa8cbb0b
4,S05,persistence,CoPy_L,left,5,SS_vs_ar,-0.06666298622934819,35675,2ec2ba37fa8cbb0b
4,S05,persistence,CoPy_L,left,5,SS_vs_probgru,-0.14651620931812137,35675,2ec2ba37fa8cbb0b
4,S05,persistence,CoPy_L,left,6,MSE,2.5192058660536158e-05,35675,2ec2ba37fa8cbb0b
4,S05,persistence,CoPy_L,left,6,MAE,0.003456118270978175,35675,2ec2ba37fa8cbb0b
4,S05,persistence,CoPy_L,left,6,SS_vs_persistence,3.96950472492108e-08,35675,2ec2ba37fa8cbb0b
4,S05,persistence,CoPy_L,left,6,SS_vs_seasonal,0.05736646081880259,35675,2ec2ba37fa8cbb0b
4,S05,persistence,CoPy_L,left,6,SS_vs_ar,-0.07725054921327823,35675,2ec2ba37fa8cbb0b
4,S05,persistence,CoPy_L,left,6,SS_vs_probgru,-0.15847909989422404,35675,2ec2ba37fa8cbb0b
4,S05,persistence,CoPy_L,left,all,MSE,1.663506231917454e-05,35675,2ec2ba37fa8cbb0b
4,S05,persistence,CoPy_L,left,all,MAE,0.0027310748776041035,35675,2ec2ba37fa8cbb0b
4,S05,persistence,CoPy_L,left,all,Hausdorff,2.8688098803081923,35675,2ec2ba37fa8cbb0b
4,S05,persistence,CoPy_L,left,all,SS_vs_persistence,6.011398812066915e-08,35675,2ec2ba37fa8cbb0b
4,S05,persistence,CoPy_L,left,all,HD_ratio_vs_persistence,1.0,35675,2ec2ba37fa8cbb0b
4,S05,persistence,CoPy_L,left,all,SS_vs_seasonal,0.12183816577574635,35675,2ec2ba37fa8cbb0b
4,S05,persistence,CoPy_L,left,all,HD_ratio_vs_seasonal,0.9968377889504518,35675,2ec2ba37fa8cbb0b
4,S05,persistence,CoPy_L,left,all,SS_vs_ar,-0.05028454971227059,35675,2ec2ba37fa8cbb0b
4,S05,persistence,CoPy_L,left,all,HD_ratio_vs_ar,1.0998363394973658,35675,2ec2ba37fa8cbb0b
4,S05,persistence,CoPy_L,left,all,SS_vs_probgru,-0.11750389639910752,35675,2ec2ba37fa8cbb0b
4,S05,persistence,CoPy_L,left,all,HD_ratio_vs_probgru,1.110806686821069,35675,2ec2ba37fa8cbb0b
4,S05,persistence,F_R,right,1,MSE,16.205779332014117,35778,2ec2ba37fa8cbb0b
4,S05,persistence,F_R,right,1,MAE,2.7012343943248993,35778,2ec2ba37fa8cbb0b
4,S05,persistence,F_R,right,1,SS_vs_persistence,6.161737786669619e-14,35778,2ec2ba37fa8cbb0b
4,S05,persistence,F_R,right,1,SS_vs_seasonal,0.38971954986481616,35778,2ec2ba37fa8cbb0b
4,S05,persistence,F_R,right,1,SS_vs_ar,-0.02687223261936844,35778,2ec2ba37fa8cbb0b
4,S05,persistence,F_R,right,1,SS_vs_probgru,0.3619392049882987,35778,2ec2ba37fa8cbb0b
4,S05,persistence,F_R,right,2,MSE,36.1971692989007,35778,2ec2ba37fa8cbb0b
4,S05,persistence,F_R,right,2,MAE,4.066929746989573,35778,2ec2ba37fa8cbb0b
4,S05,persistence,F_R,right,2,SS_vs_persistence,2.7644553313166398e-14,35778,2ec2ba37fa8cbb0b
4,S05,persistence,F_R,right,2,SS_vs_seasonal,0.1958094604857934,35778,2ec2ba37fa8cbb0b
4,S05,persistence,F_R,right,2,SS_vs_ar,-0.039267513469580795,35778,2ec2ba37fa8cbb0b
4,S05,persistence,F_R,right,2,SS_vs_probgru,0.3046351028390504,35778,2ec2ba37fa8cbb0b
4,S05,persistence,F_R,right,3,MSE,54.23049581893952,35778,2ec2ba37fa8cbb0b
4,S05,persistence,F_R,right,3,MAE,5.072037533867705,35778,2ec2ba37fa8cbb0b
4,S05,persistence,F_R,right,3,SS_vs_persistence,1.84297022087776e-14,35778,2ec2ba37fa8cbb0b
4,S05,persistence,F_R,right,3,SS_vs_seasonal,0.1249473480547737,35778,2ec2ba37fa8cbb0b
4,S05,persistence,F_R,right,3,SS_vs_ar,-0.05987587345933876,35778,2ec2ba37fa8cbb0b
4,S05,persistence,F_R,right,3,SS_vs_probgru,0.28253924785261386,35778,2ec2ba37fa8cbb0b
4,S05,persistence,F_R,right,4,MSE,71.04252415720724,35778,2ec2ba37fa8cbb0b
4,S05,persistence,F_R,right,4,MAE,5.869663175192332,35778,2ec2ba37fa8cbb0b
4,S05,persistence,F_R,right,4,SS_vs_persistence,1.3988810110276972e-14,35778,2ec2ba37fa8cbb0b
4,S05,persistence,F_R,right,4,SS_vs_seasonal,0.0903347946238886,35778,2ec2ba37fa8cbb0b
4,S05,persistence,F_R,right,4,SS_vs_ar,-0.08390533365454456,35778,2ec2ba37fa8cbb0b
4,S05,persistence,F_R,right,4,SS_vs_probgru,0.2753996189045389,35778,2ec2ba37fa8cbb0b
4,S05,persistence,F_R,right,5,MSE,87.1757926801293,35778,2ec2ba37fa8cbb0b
4,S05,persistence,F_R,right,5,MAE,6.566495914257715,35778,2ec2ba37fa8cbb0b
4,S05,persistence,F_R,right,5,SS_vs_persistence,1.1435297153639112e-14,35778,2ec2ba37fa8cbb0b
4,S05,persistence,F_R,right,5,SS_vs_seasonal,0.06693321340415392,35778,2ec2ba37fa8cbb0b
4,S05,persistence,F_R,right,5,SS_vs_ar,-0.10982343607134437,35778,2ec2ba37fa8cbb0b
4,S05,persistence,F_R,right,5,SS_vs_probgru,0.27124790349436245,35778,2ec2ba37fa8cbb0b
4,S05,persistence,F_R,right,6,MSE,101.92251935803414,35778,2ec2ba37fa8cbb0b
4,S05,persistence,F_R,right,6,MAE,7.156826937296597,35778,2ec2ba37fa8cbb0b
4,S05,persistence,F_R,right,6,SS_vs_persistence,9.769962616701378e-15,35778,2ec2ba37fa8cbb0b
4,S05,persistence,F_R,right,6,SS_vs_seasonal,0.050769454332615704,35778,2ec2ba37fa8cbb0b
4,S05,persistence,F_R,right,6,SS_vs_ar,-0.13222960697747999,35778,2ec2ba37fa8cbb0b
4,S05,persistence,F_R,right,6,SS_vs_probgru,0.27032038139896153,35778,2ec2ba37fa8cbb0b
4,S05,persistence,F_R,right,all,MSE,61.12904677420417,35778,2ec2ba37fa8cbb0b
4,S05,persistence,F_R,right,all,MAE,5.2388646169881365,35778,2ec2ba37fa8cbb0b
4,S05,persistence,F_R,right,all,Hausdorff,3.0230176361193415,35778,2ec2ba37fa8cbb0b
4,S05,persistence,F_R,right,all,SS_vs_persistence,1.6431300764452317e-14,35778,2ec2ba37fa8cbb0b
4,S05,persistence,F_R,right,all,HD_ratio_vs_persistence,1.0,35778,2ec2ba37fa8cbb0b
4,S05,persistence,F_R,right,all,SS_vs_seasonal,0.11072066013349213,35778,2ec2ba37fa8cbb0b
4,S05,persistence,F_R,right,all,HD_ratio_vs_seasonal,0.9616966856897358,35778,2ec2ba37fa8cbb0b
4,S05,persistence,F_R,right,all,SS_vs_ar,-0.0919486337762947,35778,2ec2ba37fa8cbb0b
4,S05,persistence,F_R,right,all,HD_ratio_vs_ar,1.117751977479351,35778,2ec2ba37fa8cbb0b
4,S05,persistence,F_R,right,all,SS_vs_probgru,0.2813820634067492,35778,2ec2ba37fa8cbb0b
4,S05,persistence,F_R,right,all,HD_ratio_vs_probgru,0.8113750962989156,35778,2ec2ba37fa8cbb0b
4,S05,persistence,CoPx_R,right,1,MSE,5.773048189549098e-06,35772,2ec2ba37fa8cbb0b
4,S05,persistence,CoPx_R,right,1,MAE,0.0017404399000046954,35772,2ec2ba37fa8cbb0b
4,S05,persistence,CoPx_R,right,1,SS_vs_persistence,1.7321868694963882e-07,35772,2ec2ba37fa8cbb0b
4,S05,persistence,CoPx_R,right,1,SS_vs_seasonal,0.14179915134733534,35772,2ec2ba37fa8cbb0b
4,S05,persistence,CoPx_R,right,1,SS_vs_ar,-0.04533291270024842,35772,2ec2ba37fa8cbb0b
4,S05,persistence,CoPx_R,right,1,SS_vs_probgru,0.14487857800614046,35772,2ec2ba37fa8cbb0b
4,S05,persistence,CoPx_R,right,2,MSE,1.0162453356538054e-05,35772,2ec2ba37fa8cbb0b
4,S05,persistence,CoPx_R,right,2,MAE,0.0022921846373338602,35772,2ec2ba37fa8cbb0b
4,S05,persistence,CoPx_R,right,2,SS_vs_persistence,9.840142589645495e-08,35772,2ec2ba37fa8cbb0b
4,S05,persistence,CoPx_R,right,2,SS_vs_seasonal,0.06996534194981952,35772,2ec2ba37fa8cbb0b
4,S05,persistence,CoPx_R,right,2,SS_vs_ar,-0.0911876408506993,35772,2ec2ba37fa8cbb0b
4,S05,persistence,CoPx_R,right,2,SS_vs_probgru,0.04525673963218557,35772,2ec2ba37fa8cbb0b
4,S05,persistence,CoPx_R,right,3,MSE,1.3438882090671377e-05,35772,2ec2ba37fa8cbb0b
4,S05,persistence,CoPx_R,right,3,MAE,0.002637222215508285,35772,2ec2ba37fa8cbb0b
4,S05,persistence,CoPx_R,right,3,SS_vs_persistence,7.441094562743444e-08,35772,2ec2ba37fa8cbb0b
4,S05,persistence,CoPx_R,right,3,SS_vs_seasonal,0.04348458664341348,35772,2ec2ba37fa8cbb0b
4,S05,persistence,CoPx_R,right,3,SS_vs_ar,-0.11820734679639733,35772,2ec2ba37fa8cbb0b
4,S05,persistence,CoPx_R,right,3,SS_vs_probgru,-0.00917355202104253,35772,2ec2ba37fa8cbb0b
4,S05,persistence,CoPx_R,right,4,MSE,1.5807382533812406e-05,35772,2ec2ba37fa8cbb0b
4,S05,persistence,CoPx_R,right,4,MAE,0.0028784548007419974,35772,2ec2ba37fa8cbb0b
4,S05,persistence,CoPx_R,right,4,SS_vs_persistence,6.326157631075802e-08,35772,2ec2ba37fa8cbb0b
4,S05,persistence,CoPx_R,right,4,SS_vs_seasonal,0.03154341052085019,35772,2ec2ba37fa8cbb0b
4,S05,persistence,CoPx_R,right,4,SS_vs_ar,-0.1296862434787096,35772,2ec2ba37fa8cbb0b
4,S05,persistence,CoPx_R,right,4,SS_vs_probgru,-0.04082923599516808,35772,2ec2ba37fa8cbb0b
4,S05,persistence,CoPx_R,right,5,MSE,1.7620332687762817e-05,35772,2ec2ba37fa8cbb0b
4,S05,persistence,CoPx_R,right,5,MAE,0.0030541497753138517,35772,2ec2ba37fa8cbb0b
4,S05,persistence,CoPx_R,right,5,SS_vs_persistence,5.675261416371313e-08,35772,2ec2ba37fa8cbb0b
4,S05,persistence,CoPx_R,right,5,SS_vs_seasonal,0.02368324753044304,35772,2ec2ba37fa8cbb0b
4,S05,persistence,CoPx_R,right,5,SS_vs_ar,-0.1317498257246872,35772,2ec2ba37fa8cbb0b
4,S05,persistence,CoPx_R,right,5,SS_vs_probgru,-0.05982679929020418,35772,2ec2ba37fa8cbb0b
4,S05,persistence,CoPx_R,right,6,MSE,1.943688529802223e-05,35772,2ec2ba37fa8cbb0b
4,S05,persistence,CoPx_R,right,6,MAE,0.003215681184877896,35772,2ec2ba37fa8cbb0b
4,S05,persistence,CoPx_R,right,6,SS_vs_persistence,5.144856973782197e-08,35772,2ec2ba37fa8cbb0b
4,S05,persistence,CoPx_R,right,6,SS_vs_seasonal,0.01808477067216563,35772,2ec2ba37fa8cbb0b
4,S05,persistence,CoPx_R,right,6,SS_vs_ar,-0.14227154835557143,35772,2ec2ba37fa8cbb0b
4,S05,persistence,CoPx_R,right,6,SS_vs_probgru,-0.08642225895612943,35772,2ec2ba37fa8cbb0b
4,S05,persistence,CoPx_R,right,all,MSE,1.3706497359393168e-05,35772,2ec2ba37fa8cbb0b
4,S05,persistence,CoPx_R,right,all,MAE,0.002636355418963431,35772,2ec2ba37fa8cbb0b
4,S05,persistence,CoPx_R,right,all,Hausdorff,2.8502165794038627,35772,2ec2ba37fa8cbb0b
4,S05,persistence,CoPx_R,right,all,SS_vs_persistence,7.295809423268906e-08,35772,2ec2ba37fa8cbb0b
4,S05,persistence,CoPx_R,right,all,HD_ratio_vs_persistence,1.0,35772,2ec2ba37fa8cbb0b
4,S05,persistence,CoPx_R,right,all,SS_vs_seasonal,0.04226930737597312,35772,2ec2ba37fa8cbb0b
4,S05,persistence,CoPx_R,right,all,HD_ratio_vs_seasonal,0.9932956207467316,35772,2ec2ba37fa8cbb0b
4,S05,persistence,CoPx_R,right,all,SS_vs_ar,-0.11993464283995703,35772,2ec2ba37fa8cbb0b
4,S05,persistence,CoPx_R,right,all,HD_ratio_vs_ar,1.1767061374643861,35772,2ec2ba37fa8cbb0b
4,S05,persistence,CoPx_R,right,all,SS_vs_probgru,-0.022672781745342485,35772,2ec2ba37fa8cbb0b
4,S05,persistence,CoPx_R,right,all,HD_ratio_vs_probgru,1.1555013930739018,35772,2ec2ba37fa8cbb0b
4,S05,persistence,CoPy_R,right,1,MSE,6.134237317038181e-06,35772,2ec2ba37fa8cbb0b
4,S05,persistence,CoPy_R,right,1,MAE,0.0017283326745639036,35772,2ec2ba37fa8cbb0b
4,S05,persistence,CoPy_R,right,1,SS_vs_persistence,1.6301942451502072e-07,35772,2ec2ba37fa8cbb0b
4,S05,persistence,CoPy_R,right,1,SS_vs_seasonal,0.3434743157036786,35772,2ec2ba37fa8cbb0b
4,S05,persistence,CoPy_R,right,1,SS_vs_ar,-0.03089247559245445,35772,2ec2ba37fa8cbb0b
4,S05,persistence,CoPy_R,right,1,SS_vs_probgru,-0.01484848718223275,35772,2ec2ba37fa8cbb0b
4,S05,persistence,CoPy_R,right,2,MSE,1.0215468946080962e-05,35772,2ec2ba37fa8cbb0b
4,S05,persistence,CoPy_R,right,2,MAE,0.0021885736355666085,35772,2ec2ba37fa8cbb0b
4,S05,persistence,CoPy_R,right,2,SS_vs_persistence,9.789074850719004e-08,35772,2ec2ba37fa8cbb0b
4,S05,persistence,CoPy_R,right,2,SS_vs_seasonal,0.21512989981305752,35772,2ec2ba37fa8cbb0b
4,S05,persistence,CoPy_R,right,2,SS_vs_ar,-0.0490288165586239,35772,2ec2ba37fa8cbb0b
4,S05,persistence,CoPy_R,right,2,SS_vs_probgru,-0.030276226664686323,35772,2ec2ba37fa8cbb0b
4,S05,persistence,CoPy_R,right,3,MSE,1.3612449593245684e-05,35772,2ec2ba37fa8cbb0b
4,S05,persistence,CoPy_R,right,3,MAE,0.0024986567615773716,35772,2ec2ba37fa8cbb0b
4,S05,persistence,CoPy_R,right,3,SS_vs_persistence,7.346215824544089e-08,35772,2ec2ba37fa8cbb0b
4,S05,persistence,CoPy_R,right,3,SS_vs_seasonal,0.15593108101523379,35772,2ec2ba37fa8cbb0b
4,S05,persistence,CoPy_R,right,3,SS_vs_ar,-0.05309186044619674,35772,2ec2ba37fa8cbb0b
4,S05,persistence,CoPy_R,right,3,SS_vs_probgru,-0.025533346452732975,35772,2ec2ba37fa8cbb0b
4,S05,persistence,CoPy_R,right,4,MSE,1.692888953941916e-05,35772,2ec2ba37fa8cbb0b
4,S05,persistence,CoPy_R,right,4,MAE,0.00276492857435551,35772,2ec2ba37fa8cbb0b
4,S05,persistence,CoPy_R,right,4,SS_vs_persistence,5.907061639831568e-08,35772,2ec2ba37fa8cbb0b
4,S05,persistence,CoPy_R,right,4,SS_vs_seasonal,0.11685498985502629,35772,2ec2ba37fa8cbb0b
4,S05,persistence,CoPy_R,right,4,SS_vs_ar,-0.05951730639755537,35772,2ec2ba37fa8cbb0b
4,S05,persistence,CoPy_R,right,4,SS_vs_probgru,-0.03226474573824212,35772,2ec2ba37fa8cbb0b
4,S05,persistence,CoPy_R,right,5,MSE,2.003508442657663e-05,35772,2ec2ba37fa8cbb0b
4,S05,persistence,CoPy_R,right,5,MAE,0.00297086181414128,35772,2ec2ba37fa8cbb0b
4,S05,persistence,CoPy_R,right,5,SS_vs_persistence,4.9912439958887944e-08,35772,2ec2ba37fa8cbb0b
4,S05,persistence,CoPy_R,right,5,SS_vs_seasonal,0.0898242656302023,35772,2ec2ba37fa8cbb0b
4,S05,persistence,CoPy_R,right,5,SS_vs_ar,-0.06809921556754839,35772,2ec2ba37fa8cbb0b
4,S05,persistence,CoPy_R,right,5,SS_vs_probgru,-0.038037809040829984,35772,2ec2ba37fa8cbb0b
4,S05,persistence,CoPy_R,right,6,MSE,2.3379408303810983e-05,35772,2ec2ba37fa8cbb0b
4,S05,persistence,CoPy_R,right,6,MAE,0.003197485707083961,35772,2ec2ba37fa8cbb0b
4,S05,persistence,CoPy_R,right,6,SS_vs_persistence,4.277268028651804e-08,35772,2ec2ba37fa8cbb0b
4,S05,persistence,CoPy_R,right,6,SS_vs_seasonal,0.0683813641137403,35772,2ec2ba37fa8cbb0b
4,S05,persistence,CoPy_R,right,6,SS_vs_ar,-0.0834344725152032,35772,2ec2ba37fa8cbb0b
4,S05,persistence,CoPy_R,right,6,SS_vs_probgru,-0.05532181236057965,35772,2ec2ba37fa8cbb0b
4,S05,persistence,CoPy_R,right,all,MSE,1.5050923021029078e-05,35772,2ec2ba37fa8cbb0b
4,S05,persistence,CoPy_R,right,all,MAE,0.0025581398612147723,35772,2ec2ba37fa8cbb0b
4,S05,persistence,CoPy_R,right,all,Hausdorff,2.855839962698726,35772,2ec2ba37fa8cbb0b
4,S05,persistence,CoPy_R,right,all,SS_vs_persistence,6.64411033968193e-08,35772,2ec2ba37fa8cbb0b
4,S05,persistence,CoPy_R,right,all,HD_ratio_vs_persistence,1.0,35772,2ec2ba37fa8cbb0b
4,S05,persistence,CoPy_R,right,all,SS_vs_seasonal,0.1380000849659374,35772,2ec2ba37fa8cbb0b
4,S05,persistence,CoPy_R,right,all,HD_ratio_vs_seasonal,0.9779454014739053,35772,2ec2ba37fa8cbb0b
4,S05,persistence,CoPy_R,right,all,SS_vs_ar,-0.06330353755296603,35772,2ec2ba37fa8cbb0b
4,S05,persistence,CoPy_R,right,all,HD_ratio_vs_ar,1.1534033801987709,35772,2ec2ba37fa8cbb0b
4,S05,persistence,CoPy_R,right,all,SS_vs_probgru,-0.03694839954632467,35772,2ec2ba37fa8cbb0b
4,S05,persistence,CoPy_R,right,all,HD_ratio_vs_probgru,1.1559366832236688,35772,2ec2ba37fa8cbb0b
4,S05,seasonal,F_L,left,1,MSE,11.722083356995189,35778,2ec2ba37fa8cbb0b
4,S05,seasonal,F_L,left,1,MAE,2.0206753393157544,35778,2ec2ba37fa8cbb0b
4,S05,seasonal,F_L,left,1,SS_vs_persistence,-0.5600686905496688,35778,2ec2ba37fa8cbb0b
4,S05,seasonal,F_L,left,1,SS_vs_seasonal,8.526512829121202e-14,35778,2ec2ba37fa8cbb0b
4,S05,seasonal,F_L,left,1,SS_vs_ar,-0.568734743667253,35778,2ec2ba37fa8cbb0b
4,S05,seasonal,F_L,left,1,SS_vs_probgru,-0.40723561473440295,35778,2ec2ba37fa8cbb0b
4,S05,seasonal,F_L,left,2,MSE,18.927640587391164,35778,2ec2ba37fa8cbb0b
4,S05,seasonal,F_L,left,2,MAE,2.7545723909502478,35778,2ec2ba37fa8cbb0b
4,S05,seasonal,F_L,left,2,SS_vs_persistence,-0.22453814139467898,35778,2ec2ba37fa8cbb0b
4,S05,seasonal,F_L,left,2,SS_vs_seasonal,5.2735593669694936e-14,35778,2ec2ba37fa8cbb0b
4,S05,seasonal,F_L,left,2,SS_vs_ar,-0.24991649761856416,35778,2ec2ba37fa8cbb0b
4,S05,seasonal,F_L,left,2,SS_vs_probgru,-0.19425762817125536,35778,2ec2ba37fa8cbb0b
4,S05,seasonal,F_L,left,3,MSE,25.634623864771363,35778,2ec2ba37fa8cbb0b
4,S05,seasonal,F_L,left,3,MAE,3.295740537309175,35778,2ec2ba37fa8cbb0b
4,S05,seasonal,F_L,left,3,SS_vs_persistence,-0.13141895320934927,35778,2ec2ba37fa8cbb0b
4,S05,seasonal,F_L,left,3,SS_vs_seasonal,3.8968828164342995e-14,35778,2ec2ba37fa8cbb0b
4,S05,seasonal,F_L,left,3,SS_vs_ar,-0.17034331545437476,35778,2ec2ba37fa8cbb0b
4,S05,seasonal,F_L,left,3,SS_vs_probgru,-0.13671492934304297,35778,2ec2ba37fa8cbb0b
4,S05,seasonal,F_L,left,4,MSE,32.26047369648669,35778,2ec2ba37fa8cbb0b
4,S05,seasonal,F_L,left,4,MAE,3.7495341399322517,35778,2ec2ba37fa8cbb0b
4,S05,seasonal,F_L,left,4,SS_vs_persistence,-0.0920576204930661,35778,2ec2ba37fa8cbb0b
4,S05,seasonal,F_L,left,4,SS_vs_seasonal,3.108624468950438e-14,35778,2ec2ba37fa8cbb0b
4,S05,seasonal,F_L,left,4,SS_vs_ar,-0.1448563155176381,35778,2ec2ba37fa8cbb0b
4,S05,seasonal,F_L,left,4,SS_vs_probgru,-0.11519534432576584,35778,2ec2ba37fa8cbb0b
4,S05,seasonal,F_L,left,5,MSE,38.38768347338968,35778,2ec2ba37fa8cbb0b
4,S05,seasonal,F_L,left,5,MAE,4.122383472085019,35778,2ec2ba37fa8cbb0b
4,S05,seasonal,F_L,left,5,SS_vs_persistence,-0.06517237977661439,35778,2ec2ba37fa8cbb0b
4,S05,seasonal,F_L,left,5,SS_vs_seasonal,2.609024107869118e-14,35778,2ec2ba37fa8cbb0b
4,S05,seasonal,F_L,left,5,SS_vs_ar,-0.12988416405413683,35778,2ec2ba37fa8cbb0b
4,S05,seasonal,F_L,left,5,SS_vs_probgru,-0.10320705548960363,35778,2ec2ba37fa8cbb0b
4,S05,seasonal,F_L,left,6,MSE,44.10691972795509,35778,2ec2ba37fa8cbb0b
4,S05,seasonal,F_L,left,6,MAE,4.457188597465949,35778,2ec2ba37fa8cbb0b
4,S05,seasonal,F_L,left,6,SS_vs_persistence,-0.04732834158657395,35778,2ec2ba37fa8cbb0b
4,S05,seasonal,F_L,left,6,SS_vs_seasonal,2.275957200481571e-14,35778,2ec2ba37fa8cbb0b
4,S05,seasonal,F_L,left,6,SS_vs_ar,-0.12344838302749195,35778,2ec2ba37fa8cbb0b
4,S05,seasonal,F_L,left,6,SS_vs_probgru,-0.09284959109034419,35778,2ec2ba37fa8cbb0b
4,S05,seasonal,F_L,left,all,MSE,28.506570784498198,35778,2ec2ba37fa8cbb0b
4,S05,seasonal,F_L,left,all,MAE,3.4000157461763996,35778,2ec2ba37fa8cbb0b
4,S05,seasonal,F_L,left,all,Hausdorff,2.9740854517309665,35778,2ec2ba37fa8cbb0b
4,S05,seasonal,F_L,left,all,SS_vs_persistence,-0.11556037787972673,35778,2ec2ba37fa8cbb0b
4,S05,seasonal,F_L,left,all,HD_ratio_vs_persistence,1.0015025157053683,35778,2ec2ba37fa8cbb0b
4,S05,seasonal,F_L,left,all,SS_vs_seasonal,3.497202527569243e-14,35778,2ec2ba37fa8cbb0b
4,S05,seasonal,F_L,left,all,HD_ratio_vs_seasonal,1.0,35778,2ec2ba37fa8cbb0b
4,S05,seasonal,F_L,left,all,SS_vs_ar,-0.17204273532969805,35778,2ec2ba37fa8cbb0b
4,S05,seasonal,F_L,left,all,HD_ratio_vs_ar,1.1374515517556674,35778,2ec2ba37fa8cbb0b
4,S05,seasonal,F_L,left,all,SS_vs_probgru,-0.1341059409835108,35778,2ec2ba37fa8cbb0b
4,S05,seasonal,F_L,left,all,HD_ratio_vs_probgru,1.0403410359904484,35778,2ec2ba37fa8cbb0b
4,S05,seasonal,CoPx_L,left,1,MSE,5.031846770595987e-06,35675,2ec2ba37fa8cbb0b
4,S05,seasonal,CoPx_L,left,1,MAE,0.0016355213763345586,35675,2ec2ba37fa8cbb0b
4,S05,seasonal,CoPx_L,left,1,SS_vs_persistence,-0.1475451959050662,35675,2ec2ba37fa8cbb0b
4,S05,seasonal,CoPx_L,left,1,SS_vs_seasonal,1.9873415213478296e-07,35675,2ec2ba37fa8cbb0b
4,S05,seasonal,CoPx_L,left,1,SS_vs_ar,-0.22953606292476425,35675,2ec2ba37fa8cbb0b
4,S05,seasonal,CoPx_L,left,1,SS_vs_probgru,-0.21253450300031207,35675,2ec2ba37fa8cbb0b
4,S05,seasonal,CoPx_L,left,2,MSE,7.224604512905579e-06,35675,2ec2ba37fa8cbb0b
4,S05,seasonal,CoPx_L,left,2,MAE,0.0019586538743478336,35675,2ec2ba37fa8cbb0b
4,S05,seasonal,CoPx_L,left,2,SS_vs_persistence,-0.05890366132307179,35675,2ec2ba37fa8cbb0b
4,S05,seasonal,CoPx_L,left,2,SS_vs_seasonal,1.3841586210538992e-07,35675,2ec2ba37fa8cbb0b
4,S05,seasonal,CoPx_L,left,2,SS_vs_ar,-0.15158600442751813,35675,2ec2ba37fa8cbb0b
4,S05,seasonal,CoPx_L,left,2,SS_vs_probgru,-0.1896095472756667,35675,2ec2ba37fa8cbb0b
4,S05,seasonal,CoPx_L,left,3,MSE,9.171438457882217e-06,35675,2ec2ba37fa8cbb0b
4,S05,seasonal,CoPx_L,left,3,MAE,0.0022195951291851357,35675,2ec2ba37fa8cbb0b
4,S05,seasonal,CoPx_L,left,3,SS_vs_persistence,-0.032200747286032394,35675,2ec2ba37fa8cbb0b
4,S05,seasonal,CoPx_L,left,3,SS_vs_seasonal,1.0903413838470044e-07,35675,2ec2ba37fa8cbb0b
4,S05,seasonal,CoPx_L,left,3,SS_vs_ar,-0.14143052701098702,35675,2ec2ba37fa8cbb0b
4,S05,seasonal,CoPx_L,left,3,SS_vs_probgru,-0.19194495879262718,35675,2ec2ba37fa8cbb0b
4,S05,seasonal,CoPx_L,left,4,MSE,1.0879531888042496e-05,35675,2ec2ba37fa8cbb0b
4,S05,seasonal,CoPx_L,left,4,MAE,0.0024257780866042107,35675,2ec2ba37fa8cbb0b
4,S05,seasonal,CoPx_L,left,4,SS_vs_persistence,-0.013716458724241987,35675,2ec2ba37fa8cbb0b
4,S05,seasonal,CoPx_L,left,4,SS_vs_seasonal,9.1915710820345e-08,35675,2ec2ba37fa8cbb0b
4,S05,seasonal,CoPx_L,left,4,SS_vs_ar,-0.14712361071635316,35675,2ec2ba37fa8cbb0b
4,S05,seasonal,CoPx_L,left,4,SS_vs_probgru,-0.20242198961324376,35675,2ec2ba37fa8cbb0b
4,S05,seasonal,CoPx_L,left,5,MSE,1.2185291948740725e-05,35675,2ec2ba37fa8cbb0b
4,S05,seasonal,CoPx_L,left,5,MAE,0.002562687619411941,35675,2ec2ba37fa8cbb0b
4,S05,seasonal,CoPx_L,left,5,SS_vs_persistence,-0.004601851914977306,35675,2ec2ba37fa8cbb0b
4,S05,seasonal,CoPx_L,left,5,SS_vs_seasonal,8.206614343642116e-08,35675,2ec2ba37fa8cbb0b
4,S05,seasonal,CoPx_L,left,5,SS_vs_ar,-0.14744161086512664,35675,2ec2ba37fa8cbb0b
4,S05,seasonal,CoPx_L,left,5,SS_vs_probgru,-0.20923328988686452,35675,2ec2ba37fa8cbb0b
4,S05,seasonal,CoPx_L,left,6,MSE,1.3306672304898821e-05,35675,2ec2ba37fa8cbb0b
4,S05,seasonal,CoPx_L,left,6,MAE,0.002682849142393812,35675,2ec2ba37fa8cbb0b
4,S05,seasonal,CoPx_L,left,6,SS_vs_persistence,-0.001680886510755153,35675,2ec2ba37fa8cbb0b
4,S05,seasonal,CoPx_L,left,6,SS_vs_seasonal,7.515026301252448e-08,35675,2ec2ba37fa8cbb0b
4,S05,seasonal,CoPx_L,left,6,SS_vs_ar,-0.15482429234594153,35675,2ec2ba37fa8cbb0b
4,S05,seasonal,CoPx_L,left,6,SS_vs_probgru,-0.21879643770256285,35675,2ec2ba37fa8cbb0b
4,S05,seasonal,CoPx_L,left,all,MSE,9.633128010887964e-06,35675,2ec2ba37fa8cbb0b
4,S05,seasonal,CoPx_L,left,all,MAE,0.0022475020019115787,35675,2ec2ba37fa8cbb0b
4,S05,seasonal,CoPx_L,left,all,Hausdorff,2.8106085989238005,35675,2ec2ba37fa8cbb0b
4,S05,seasonal,CoPx_L,left,all,SS_vs_persistence,-0.027745489909217547,35675,2ec2ba37fa8cbb0b
4,S05,seasonal,CoPx_L,left,all,HD_ratio_vs_persistence,0.9947165160235315,35675,2ec2ba37fa8cbb0b
4,S05,seasonal,CoPx_L,left,all,SS_vs_seasonal,1.038084300741815e-07,35675,2ec2ba37fa8cbb0b
4,S05,seasonal,CoPx_L,left,all,HD_ratio_vs_seasonal,1.0,35675,2ec2ba37fa8cbb0b
4,S05,seasonal,CoPx_L,left,all,SS_vs_ar,-0.15535173517496914,35675,2ec2ba37fa8cbb0b
4,S05,seasonal,CoPx_L,left,all,HD_ratio_vs_ar,1.1560991161038026,35675,2ec2ba37fa8cbb0b
4,S05,seasonal,CoPx_L,left,all,SS_vs_probgru,-0.20515184590570223,35675,2ec2ba37fa8cbb0b
4,S05,seasonal,CoPx_L,left,all,HD_ratio_vs_probgru,1.1924243561758214,35675,2ec2ba37fa8cbb0b
4,S05,seasonal,CoPy_L,left,1,MSE,1.0276598487580308e-05,35675,2ec2ba37fa8cbb0b
4,S05,seasonal,CoPy_L,left,1,MAE,0.0020068703709813064,35675,2ec2ba37fa8cbb0b
4,S05,seasonal,CoPy_L,left,1,SS_vs_persistence,-0.5071526634123737,35675,2ec2ba37fa8cbb0b
4,S05,seasonal,CoPy_L,left,1,SS_vs_seasonal,9.730845307309721e-08,35675,2ec2ba37fa8cbb0b
4,S05,seasonal,CoPy_L,left,1,SS_vs_ar,-0.5128150803715201,35675,2ec2ba37fa8cbb0b
4,S05,seasonal,CoPy_L,left,1,SS_vs_probgru,-0.4976479457776979,35675,2ec2ba37fa8cbb0b
4,S05,seasonal,CoPy_L,left,2,MSE,1.4490730885394414e-05,35675,2ec2ba37fa8cbb0b
4,S05,seasonal,CoPy_L,left,2,MAE,0.002478716876113454,35675,2ec2ba37fa8cbb0b
4,S05,seasonal,CoPy_L,left,2,SS_vs_persistence,-0.24027867660064373,35675,2ec2ba37fa8cbb0b
4,S05,seasonal,CoPy_L,left,2,SS_vs_seasonal,6.90096267907947e-08,35675,2ec2ba37fa8cbb0b
4,S05,seasonal,CoPy_L,left,2,SS_vs_ar,-0.2747488386735397,35675,2ec2ba37fa8cbb0b
4,S05,seasonal,CoPy_L,left,2,SS_vs_probgru,-0.3329224804815414,35675,2ec2ba37fa8cbb0b
4,S05,seasonal,CoPy_L,left,3,MSE,1.752706892409501e-05,35675,2ec2ba37fa8cbb0b
4,S05,seasonal,CoPy_L,left,3,MAE,0.0027497021432523116,35675,2ec2ba37fa8cbb0b
4,S05,seasonal,CoPy_L,left,3,SS_vs_persistence,-0.15723859090398795,35675,2ec2ba37fa8cbb0b
4,S05,seasonal,CoPy_L,left,3,SS_vs_seasonal,5.7054602042860836e-08,35675,2ec2ba37fa8cbb0b
4,S05,seasonal,CoPy_L,left,3,SS_vs_ar,-0.19008173437875042,35675,2ec2ba37fa8cbb0b
4,S05,seasonal,CoPy_L,left,3,SS_vs_probgru,-0.2739603901424015,35675,2ec2ba37fa8cbb0b
4,S05,seasonal,CoPy_L,left,4,MSE,2.0707065749355945e-05,35675,2ec2ba37fa8cbb0b
4,S05,seasonal,CoPy_L,left,4,MAE,0.003016751152398014,35675,2ec2ba37fa8cbb0b
4,S05,seasonal,CoPy_L,left,4,SS_vs_persistence,-0.10647574470226173,35675,2ec2ba37fa8cbb0b
4,S05,seasonal,CoPy_L,left,4,SS_vs_seasonal,4.829269217854204e-08,35675,2ec2ba37fa8cbb0b
4,S05,seasonal,CoPy_L,left,4,SS_vs_ar,-0.15729517707873297,35675,2ec2ba37fa8cbb0b
4,S05,seasonal,CoPy_L,left,4,SS_vs_probgru,-0.24245204854559277,35675,2ec2ba37fa8cbb0b
4,S05,seasonal,CoPy_L,left,5,MSE,2.3932943339597735e-05,35675,2ec2ba37fa8cbb0b
4,S05,seasonal,CoPy_L,left,5,MAE,0.003289231250806341,35675,2ec2ba37fa8cbb0b
4,S05,seasonal,CoPy_L,left,5,SS_vs_persistence,-0.0752643020240098,35675,2ec2ba37fa8cbb0b
4,S05,seasonal,CoPy_L,left,5,SS_vs_seasonal,4.178340884397613e-08,35675,2ec2ba37fa8cbb0b
4,S05,seasonal,CoPy_L,left,5,SS_vs_ar,-0.1469446829129175,35675,2ec2ba37fa8cbb0b
4,S05,seasonal,CoPy_L,left,5,SS_vs_probgru,-0.2328080069595202,35675,2ec2ba37fa8cbb0b
4,S05,seasonal,CoPy_L,left,6,MSE,2.672518711755713e-05,35675,2ec2ba37fa8cbb0b
4,S05,seasonal,CoPy_L,left,6,MAE,0.0035118594605262395,35675,2ec2ba37fa8cbb0b
4,S05,seasonal,CoPy_L,left,6,SS_vs_persistence,-0.06085756693497535,35675,2ec2ba37fa8cbb0b
4,S05,seasonal,CoPy_L,left,6,SS_vs_seasonal,3.741788434652449e-08,35675,2ec2ba37fa8cbb0b
4,S05,seasonal,CoPy_L,left,6,SS_vs_ar,-0.14280944198163903,35675,2ec2ba37fa8cbb0b
4,S05,seasonal,CoPy_L,left,6,SS_vs_probgru,-0.22898136804328018,35675,2ec2ba37fa8cbb0b
4,S05,seasonal,CoPy_L,left,all,MSE,1.8943047616852655e-05,35675,2ec2ba37fa8cbb0b
4,S05,seasonal,CoPy_L,left,all,MAE,0.0028421697709119912,35675,2ec2ba37fa8cbb0b
4,S05,seasonal,CoPy_L,left,all,Hausdorff,2.87791044050276,35675,2ec2ba37fa8cbb0b
4,S05,seasonal,CoPy_L,left,all,SS_vs_persistence,-0.13874214082598657,35675,2ec2ba37fa8cbb0b
4,S05,seasonal,CoPy_L,left,all,HD_ratio_vs_persistence,1.0031722423493572,35675,2ec2ba37fa8cbb0b
4,S05,seasonal,CoPy_L,left,all,SS_vs_seasonal,5.278981329848165e-08,35675,2ec2ba37fa8cbb0b
4,S05,seasonal,CoPy_L,left,all,HD_ratio_vs_seasonal,1.0,35675,2ec2ba37fa8cbb0b
4,S05,seasonal,CoPy_L,left,all,SS_vs_ar,-0.19600334851233936,35675,2ec2ba37fa8cbb0b
4,S05,seasonal,CoPy_L,left,all,HD_ratio_vs_ar,1.1033252869108812,35675,2ec2ba37fa8cbb0b
4,S05,seasonal,CoPy_L,left,all,SS_vs_probgru,-0.27254885586488786,35675,2ec2ba37fa8cbb0b
4,S05,seasonal,CoPy_L,left,all,HD_ratio_vs_probgru,1.1143304348349519,35675,2ec2ba37fa8cbb0b
4,S05,seasonal,F_R,right,1,MSE,26.55464275223588,35778,2ec2ba37fa8cbb0b
4,S05,seasonal,F_R,right,1,MAE,3.1670258423035804,35778,2ec2ba37fa8cbb0b
4,S05,seasonal,F_R,right,1,SS_vs_persistence,-0.6385909130439782,35778,2ec2ba37fa8cbb0b
4,S05,seasonal,F_R,right,1,SS_vs_seasonal,3.7636560534792807e-14,35778,2ec2ba37fa8cbb0b
4,S05,seasonal,F_R,right,1,SS_vs_ar,-0.6826235092273827,35778,2ec2ba37fa8cbb0b
4,S05,seasonal,F_R,right,1,SS_vs_probgru,-0.04552062067585472,35778,2ec2ba37fa8cbb0b
4,S05,seasonal,F_R,right,2,MSE,45.01068779143533,35778,2ec2ba37fa8cbb0b
4,S05,seasonal,F_R,right,2,MAE,4.44077797070378,35778,2ec2ba37fa8cbb0b
4,S05,seasonal,F_R,right,2,SS_vs_persistence,-0.24348640137451438,35778,2ec2ba37fa8cbb0b
4,S05,seasonal,F_R,right,2,SS_vs_seasonal,2.220446049250313e-14,35778,2ec2ba37fa8cbb0b
4,S05,seasonal,F_R,right,2,SS_vs_ar,-0.2923150203897644,35778,2ec2ba37fa8cbb0b
4,S05,seasonal,F_R,right,2,SS_vs_probgru,0.13532320638714757,35778,2ec2ba37fa8cbb0b
4,S05,seasonal,F_R,right,3,MSE,61.97398030665381,35778,2ec2ba37fa8cbb0b
4,S05,seasonal,F_R,right,3,MAE,5.38622987508254,35778,2ec2ba37fa8cbb0b
4,S05,seasonal,F_R,right,3,SS_vs_persistence,-0.14278837710734704,35778,2ec2ba37fa8cbb0b
4,S05,seasonal,F_R,right,3,SS_vs_seasonal,1.6209256159527285e-14,35778,2ec2ba37fa8cbb0b
4,S05,seasonal,F_R,right,3,SS_vs_ar,-0.21121382936585187,35778,2ec2ba37fa8cbb0b
4,S05,seasonal,F_R,right,3,SS_vs_probgru,0.18009419141525695,35778,2ec2ba37fa8cbb0b
4,S05,seasonal,F_R,right,4,MSE,78.09744039603339,35778,2ec2ba37fa8cbb0b
4,S05,seasonal,F_R,right,4,MAE,6.152531359152928,35778,2ec2ba37fa8cbb0b
4,S05,seasonal,F_R,right,4,SS_vs_persistence,-0.09930554020312554,35778,2ec2ba37fa8cbb0b
4,S05,seasonal,F_R,right,4,SS_vs_seasonal,1.27675647831893e-14,35778,2ec2ba37fa8cbb0b
4,S05,seasonal,F_R,right,4,SS_vs_ar,-0.19154313834217462,35778,2ec2ba37fa8cbb0b
4,S05,seasonal,F_R,right,4,SS_vs_probgru,0.2034427866284524,35778,2ec2ba37fa8cbb0b
4,S05,seasonal,F_R,right,5,MSE,93.42931709977177,35778,2ec2ba37fa8cbb0b
4,S05,seasonal,F_R,right,5,MAE,6.809937639122898,35778,2ec2ba37fa8cbb0b
4,S05,seasonal,F_R,right,5,SS_vs_persistence,-0.07173464361359128,35778,2ec2ba37fa8cbb0b
4,S05,seasonal,F_R,right,5,SS_vs_seasonal,1.0658141036401503e-14,35778,2ec2ba37fa8cbb0b
4,S05,seasonal,F_R,right,5,SS_vs_ar,-0.1894362247319472,35778,2ec2ba37fa8cbb0b
4,S05,seasonal,F_R,right,5,SS_vs_probgru,0.21897113156886416,35778,2ec2ba37fa8cbb0b
4,S05,seasonal,F_R,right,6,MSE,107.37383012297985,35778,2ec2ba37fa8cbb0b
4,S05,seasonal,F_R,right,6,MAE,7.369608133006731,35778,2ec2ba37fa8cbb0b
4,S05,seasonal,F_R,right,6,SS_vs_persistence,-0.05348485103468903,35778,2ec2ba37fa8cbb0b
4,S05,seasonal,F_R,right,6,SS_vs_seasonal,9.2148511043888e-15,35778,2ec2ba37fa8cbb0b
4,S05,seasonal,F_R,right,6,SS_vs_ar,-0.19278673884374653,35778,2ec2ba37fa8cbb0b
4,S05,seasonal,F_R,right,6,SS_vs_probgru,0.23129357569502873,35778,2ec2ba37fa8cbb0b
4,S05,seasonal,F_R,right,all,MSE,68.739983078185,35778,2ec2ba37fa8cbb0b
4,S05,seasonal,F_R,right,all,MAE,5.554351803228743,35778,2ec2ba37fa8cbb0b
4,S05,seasonal,F_R,right,all,Hausdorff,3.143421081826035,35778,2ec2ba37fa8cbb0b
4,S05,seasonal,F_R,right,all,SS_vs_persistence,-0.12450605245150737,35778,2ec2ba37fa8cbb0b
4,S05,seasonal,F_R,right,all,HD_ratio_vs_persistence,1.0398288929141861,35778,2ec2ba37fa8cbb0b
4,S05,seasonal,F_R,right,all,SS_vs_seasonal,1.4432899320127035e-14,35778,2ec2ba37fa8cbb0b
4,S05,seasonal,F_R,right,all,HD_ratio_vs_seasonal,1.0,35778,2ec2ba37fa8cbb0b
4,S05,seasonal,F_R,right,all,SS_vs_ar,-0.22790284764761792,35778,2ec2ba37fa8cbb0b
4,S05,seasonal,F_R,right,all,HD_ratio_vs_ar,1.1622708012949958,35778,2ec2ba37fa8cbb0b
4,S05,seasonal,F_R,right,all,SS_vs_probgru,0.19190978090066269,35778,2ec2ba37fa8cbb0b
4,S05,seasonal,F_R,right,all,HD_ratio_vs_probgru,0.8436912681226426,35778,2ec2ba37fa8cbb0b
4,S05,seasonal,CoPx_R,right,1,MSE,6.72691869323092e-06,35772,2ec2ba37fa8cbb0b
4,S05,seasonal,CoPx_R,right,1,MAE,0.0018616144507177142,35772,2ec2ba37fa8cbb0b
4,S05,seasonal,CoPx_R,right,1,SS_vs_persistence,-0.1652280228979519,35772,2ec2ba37fa8cbb0b
4,S05,seasonal,CoPx_R,right,1,SS_vs_seasonal,1.4865644992756444e-07,35772,2ec2ba37fa8cbb0b
4,S05,seasonal,CoPx_R,right,1,SS_vs_ar,-0.2180514141251344,35772,2ec2ba37fa8cbb0b
4,S05,seasonal,CoPx_R,right,1,SS_vs_probgru,0.0035883835152979993,35772,2ec2ba37fa8cbb0b
4,S05,seasonal,CoPx_R,right,2,MSE,1.0926960988538855e-05,35772,2ec2ba37fa8cbb0b
4,S05,seasonal,CoPx_R,right,2,MAE,0.0023850177707638105,35772,2ec2ba37fa8cbb0b
4,S05,seasonal,CoPx_R,right,2,SS_vs_persistence,-0.0752285427495134,35772,2ec2ba37fa8cbb0b
4,S05,seasonal,CoPx_R,right,2,SS_vs_seasonal,9.15167455151078e-08,35772,2ec2ba37fa8cbb0b
4,S05,seasonal,CoPx_R,right,2,SS_vs_ar,-0.17327621239022917,35772,2ec2ba37fa8cbb0b
4,S05,seasonal,CoPx_R,right,2,SS_vs_probgru,-0.02656730556089104,35772,2ec2ba37fa8cbb0b
4,S05,seasonal,CoPx_R,right,3,MSE,1.4049832283409304e-05,35772,2ec2ba37fa8cbb0b
4,S05,seasonal,CoPx_R,right,3,MAE,0.002712168445288491,35772,2ec2ba37fa8cbb0b
4,S05,seasonal,CoPx_R,right,3,SS_vs_persistence,-0.0454613072095269,35772,2ec2ba37fa8cbb0b
4,S05,seasonal,CoPx_R,right,3,SS_vs_seasonal,7.117522171640189e-08,35772,2ec2ba37fa8cbb0b
4,S05,seasonal,CoPx_R,right,3,SS_vs_ar,-0.16904260150262385,35772,2ec2ba37fa8cbb0b
4,S05,seasonal,CoPx_R,right,3,SS_vs_probgru,-0.055051979404616036,35772,2ec2ba37fa8cbb0b
4,S05,seasonal,CoPx_R,right,4,MSE,1.6322240704518577e-05,35772,2ec2ba37fa8cbb0b
4,S05,seasonal,CoPx_R,right,4,MAE,0.0029448554914895315,35772,2ec2ba37fa8cbb0b
4,S05,seasonal,CoPx_R,right,4,SS_vs_persistence,-0.032570676203615756,35772,2ec2ba37fa8cbb0b
4,S05,seasonal,CoPx_R,right,4,SS_vs_seasonal,6.126609430889829e-08,35772,2ec2ba37fa8cbb0b
4,S05,seasonal,CoPx_R,right,4,SS_vs_ar,-0.16648096212015817,35772,2ec2ba37fa8cbb0b
4,S05,seasonal,CoPx_R,right,4,SS_vs_probgru,-0.07472981601312578,35772,2ec2ba37fa8cbb0b
4,S05,seasonal,CoPx_R,right,5,MSE,1.8047761309919235e-05,35772,2ec2ba37fa8cbb0b
4,S05,seasonal,CoPx_R,right,5,MAE,0.003110401916466655,35772,2ec2ba37fa8cbb0b
4,S05,seasonal,CoPx_R,right,5,SS_vs_persistence,-0.024257634942138617,35772,2ec2ba37fa8cbb0b
4,S05,seasonal,CoPx_R,right,5,SS_vs_seasonal,5.5408531096645675e-08,35772,2ec2ba37fa8cbb0b
4,S05,seasonal,CoPx_R,right,5,SS_vs_ar,-0.1592034656307728,35772,2ec2ba37fa8cbb0b
4,S05,seasonal,CoPx_R,right,5,SS_vs_probgru,-0.08553575249627299,35772,2ec2ba37fa8cbb0b
4,S05,seasonal,CoPx_R,right,6,MSE,1.979487000055232e-05,35772,2ec2ba37fa8cbb0b
4,S05,seasonal,CoPx_R,right,6,MAE,0.003262790707224863,35772,2ec2ba37fa8cbb0b
4,S05,seasonal,CoPx_R,right,6,SS_vs_persistence,-0.01841774948112529,35772,2ec2ba37fa8cbb0b
4,S05,seasonal,CoPx_R,right,6,SS_vs_seasonal,5.051813667389382e-08,35772,2ec2ba37fa8cbb0b
4,S05,seasonal,CoPx_R,right,6,SS_vs_ar,-0.16330967942322072,35772,2ec2ba37fa8cbb0b
4,S05,seasonal,CoPx_R,right,6,SS_vs_probgru,-0.10643176887663364,35772,2ec2ba37fa8cbb0b
4,S05,seasonal,CoPx_R,right,all,MSE,1.4311430663362052e-05,35772,2ec2ba37fa8cbb0b
4,S05,seasonal,CoPx_R,right,all,MAE,0.0027128081303251774,35772,2ec2ba37fa8cbb0b
4,S05,seasonal,CoPx_R,right,all,Hausdorff,2.8694544905585615,35772,2ec2ba37fa8cbb0b
4,S05,seasonal,CoPx_R,right,all,SS_vs_persistence,-0.04413470808569575,35772,2ec2ba37fa8cbb0b
4,S05,seasonal,CoPx_R,right,all,HD_ratio_vs_persistence,1.0067496313416022,35772,2ec2ba37fa8cbb0b
4,S05,seasonal,CoPx_R,right,all,SS_vs_seasonal,6.9874211305887e-08,35772,2ec2ba37fa8cbb0b
4,S05,seasonal,CoPx_R,right,all,HD_ratio_vs_seasonal,1.0,35772,2ec2ba37fa8cbb0b
4,S05,seasonal,CoPx_R,right,all,SS_vs_ar,-0.1693627166912317,35772,2ec2ba37fa8cbb0b
4,S05,seasonal,CoPx_R,right,all,HD_ratio_vs_ar,1.1846484700896716,35772,2ec2ba37fa8cbb0b
4,S05,seasonal,CoPx_R,right,all,SS_vs_probgru,-0.06780822434011258,35772,2ec2ba37fa8cbb0b
4,S05,seasonal,CoPx_R,right,all,HD_ratio_vs_probgru,1.1633006014918585,35772,2ec2ba37fa8cbb0b
4,S05,seasonal,CoPy_R,right,1,MSE,9.343483137430192e-06,35772,2ec2ba37fa8cbb0b
4,S05,seasonal,CoPy_R,right,1,MAE,0.001968160450084341,35772,2ec2ba37fa8cbb0b
4,S05,seasonal,CoPy_R,right,1,SS_vs_persistence,-0.5231692436008166,35772,2ec2ba37fa8cbb0b
4,S05,seasonal,CoPy_R,right,1,SS_vs_seasonal,1.0702645658611232e-07,35772,2ec2ba37fa8cbb0b
4,S05,seasonal,CoPy_R,right,1,SS_vs_ar,-0.5702239682589398,35772,2ec2ba37fa8cbb0b
4,S05,seasonal,CoPy_R,right,1,SS_vs_probgru,-0.54578625458398,35772,2ec2ba37fa8cbb0b
4,S05,seasonal,CoPy_R,right,2,MSE,1.3015489007388247e-05,35772,2ec2ba37fa8cbb0b
4,S05,seasonal,CoPy_R,right,2,MAE,0.0023830742056874204,35772,2ec2ba37fa8cbb0b
4,S05,seasonal,CoPy_R,right,2,SS_vs_persistence,-0.2740959619171979,35772,2ec2ba37fa8cbb0b
4,S05,seasonal,CoPy_R,right,2,SS_vs_seasonal,7.683152913884328e-08,35772,2ec2ba37fa8cbb0b
4,S05,seasonal,CoPy_R,right,2,SS_vs_ar,-0.33656350994932205,35772,2ec2ba37fa8cbb0b
4,S05,seasonal,CoPy_R,right,2,SS_vs_probgru,-0.31267090855110213,35772,2ec2ba37fa8cbb0b
4,S05,seasonal,CoPy_R,right,3,MSE,1.6127176872653503e-05,35772,2ec2ba37fa8cbb0b
4,S05,seasonal,CoPy_R,right,3,MAE,0.00266120311695777,35772,2ec2ba37fa8cbb0b
4,S05,seasonal,CoPy_R,right,3,SS_vs_persistence,-0.1847372199577051,35772,2ec2ba37fa8cbb0b
4,S05,seasonal,CoPy_R,right,3,SS_vs_seasonal,6.200712898696281e-08,35772,2ec2ba37fa8cbb0b
4,S05,seasonal,CoPy_R,right,3,SS_vs_ar,-0.24763721475923695,35772,2ec2ba37fa8cbb0b
4,S05,seasonal,CoPy_R,right,3,SS_vs_probgru,-0.21498761510594533,35772,2ec2ba37fa8cbb0b
4,S05,seasonal,CoPy_R,right,4,MSE,1.9168866337698232e-05,35772,2ec2ba37fa8cbb0b
4,S05,seasonal,CoPy_R,right,4,MAE,0.002905831395029551,35772,2ec2ba37fa8cbb0b
4,S05,seasonal,CoPy_R,right,4,SS_vs_persistence,-0.13231675124032827,35772,2ec2ba37fa8cbb0b
4,S05,seasonal,CoPy_R,right,4,SS_vs_seasonal,5.2167923203505495e-08,35772,2ec2ba37fa8cbb0b
4,S05,seasonal,CoPy_R,right,4,SS_vs_ar,-0.1997092651305492,35772,2ec2ba37fa8cbb0b
4,S05,seasonal,CoPy_R,right,4,SS_vs_probgru,-0.16885073235898318,35772,2ec2ba37fa8cbb0b
4,S05,seasonal,CoPy_R,right,5,MSE,2.2012324389501675e-05,35772,2ec2ba37fa8cbb0b
4,S05,seasonal,CoPy_R,right,5,MAE,0.003094206088680204,35772,2ec2ba37fa8cbb0b
4,S05,seasonal,CoPy_R,right,5,SS_vs_persistence,-0.09868882117678557,35772,2ec2ba37fa8cbb0b
4,S05,seasonal,CoPy_R,right,5,SS_vs_seasonal,4.5429094042148677e-08,35772,2ec2ba37fa8cbb0b
4,S05,seasonal,CoPy_R,right,5,SS_vs_ar,-0.17350872662444328,35772,2ec2ba37fa8cbb0b
4,S05,seasonal,CoPy_R,right,5,SS_vs_probgru,-0.14048059367617216,35772,2ec2ba37fa8cbb0b
4,S05,seasonal,CoPy_R,right,6,MSE,2.5095469832407598e-05,35772,2ec2ba37fa8cbb0b
4,S05,seasonal,CoPy_R,right,6,MAE,0.0033058291920325983,35772,2ec2ba37fa8cbb0b
4,S05,seasonal,CoPy_R,right,6,SS_vs_persistence,-0.0734005083831133,35772,2ec2ba37fa8cbb0b
4,S05,seasonal,CoPy_R,right,6,SS_vs_seasonal,3.984782781518703e-08,35772,2ec2ba37fa8cbb0b
4,S05,seasonal,CoPy_R,right,6,SS_vs_ar,-0.16295916334048988,35772,2ec2ba37fa8cbb0b
4,S05,seasonal,CoPy_R,right,6,SS_vs_probgru,-0.13278301834780049,35772,2ec2ba37fa8cbb0b
4,S05,seasonal,CoPy_R,right,all,MSE,1.746046826284712e-05,35772,2ec2ba37fa8cbb0b
4,S05,seasonal,CoPy_R,right,all,MAE,0.0027197174080786472,35772,2ec2ba37fa8cbb0b
4,S05,seasonal,CoPy_R,right,all,Hausdorff,2.9202447891207033,35772,2ec2ba37fa8cbb0b
4,S05,seasonal,CoPy_R,right,all,SS_vs_persistence,-0.1600927782541084,35772,2ec2ba37fa8cbb0b
4,S05,seasonal,CoPy_R,right,all,HD_ratio_vs_persistence,1.0225519732419164,35772,2ec2ba37fa8cbb0b
4,S05,seasonal,CoPy_R,right,all,SS_vs_seasonal,5.727222929241549e-08,35772,2ec2ba37fa8cbb0b
4,S05,seasonal,CoPy_R,right,all,HD_ratio_vs_seasonal,1.0,35772,2ec2ba37fa8cbb0b
4,S05,seasonal,CoPy_R,right,all,SS_vs_ar,-0.2335308369643918,35772,2ec2ba37fa8cbb0b
4,S05,seasonal,CoPy_R,right,all,HD_ratio_vs_ar,1.1794149023661495,35772,2ec2ba37fa8cbb0b
4,S05,seasonal,CoPy_R,right,all,SS_vs_probgru,-0.20295642966159955,35772,2ec2ba37fa8cbb0b
4,S05,seasonal,CoPy_R,right,all,HD_ratio_vs_probgru,1.1820053363730785,35772,2ec2ba37fa8cbb0b
4,S05,ar,F_L,left,1,MSE,7.472317040413564,35778,2ec2ba37fa8cbb0b
4,S05,ar,F_L,left,1,MAE,1.7869514123109498,35778,2ec2ba37fa8cbb0b
4,S05,ar,F_L,left,1,SS_vs_persistence,0.005524231010230696,35778,2ec2ba37fa8cbb0b
4,S05,ar,F_L,left,1,SS_vs_seasonal,0.3625436014363608,35778,2ec2ba37fa8cbb0b
4,S05,ar,F_L,left,1,SS_vs_ar,1.3389289676979388e-13,35778,2ec2ba37fa8cbb0b
4,S05,ar,F_L,left,1,SS_vs_probgru,0.10294865310084211,35778,2ec2ba37fa8cbb0b
4,S05,ar,F_L,left,2,MSE,15.143124059449004,35778,2ec2ba37fa8cbb0b
4,S05,ar,F_L,left,2,MAE,2.572558637783149,35778,2ec2ba37fa8cbb0b
4,S05,ar,F_L,left,2,SS_vs_persistence,0.020304041327815714,35778,2ec2ba37fa8cbb0b
4,S05,ar,F_L,left,2,SS_vs_seasonal,0.19994655490574198,35778,2ec2ba37fa8cbb0b
4,S05,ar,F_L,left,2,SS_vs_ar,6.605826996519681e-14,35778,2ec2ba37fa8cbb0b
4,S05,ar,F_L,left,2,SS_vs_probgru,0.0445300702514394,35778,2ec2ba37fa8cbb0b
4,S05,ar,F_L,left,3,MSE,21.903507736802677,35778,2ec2ba37fa8cbb0b
4,S05,ar,F_L,left,3,MAE,3.1296255764674723,35778,2ec2ba37fa8cbb0b
4,S05,ar,F_L,left,3,SS_vs_persistence,0.03325892644583961,35778,2ec2ba37fa8cbb0b
4,S05,ar,F_L,left,3,SS_vs_seasonal,0.14554986832075434,35778,2ec2ba37fa8cbb0b
4,S05,ar,F_L,left,3,SS_vs_ar,4.5630166312093934e-14,35778,2ec2ba37fa8cbb0b
4,S05,ar,F_L,left,3,SS_vs_probgru,0.028733778941034682,35778,2ec2ba37fa8cbb0b
4,S05,ar,F_L,left,4,MSE,28.178622294535906,35778,2ec2ba37fa8cbb0b
4,S05,ar,F_L,left,4,MAE,3.5890526647198557,35778,2ec2ba37fa8cbb0b
4,S05,ar,F_L,left,4,SS_vs_persistence,0.046118184709264654,35778,2ec2ba37fa8cbb0b
4,S05,ar,F_L,left,4,SS_vs_seasonal,0.12652794377275967,35778,2ec2ba37fa8cbb0b
4,S05,ar,F_L,left,4,SS_vs_ar,3.5416114485542494e-14,35778,2ec2ba37fa8cbb0b
4,S05,ar,F_L,left,4,SS_vs_probgru,0.025908029496697793,35778,2ec2ba37fa8cbb0b
4,S05,ar,F_L,left,5,MSE,33.97488405860094,35778,2ec2ba37fa8cbb0b
4,S05,ar,F_L,left,5,MAE,3.9731768320578094,35778,2ec2ba37fa8cbb0b
4,S05,ar,F_L,left,5,SS_vs_persistence,0.05727293676314704,35778,2ec2ba37fa8cbb0b
4,S05,ar,F_L,left,5,SS_vs_seasonal,0.11495352195056452,35778,2ec2ba37fa8cbb0b
4,S05,ar,F_L,left,5,SS_vs_ar,2.9531932455029164e-14,35778,2ec2ba37fa8cbb0b
4,S05,ar,F_L,left,5,SS_vs_probgru,0.023610480979612825,35778,2ec2ba37fa8cbb0b
4,S05,ar,F_L,left,6,MSE,39.260299266347886,35778,2ec2ba37fa8cbb0b
4,S05,ar,F_L,left,6,MAE,4.3026667274815615,35778,2ec2ba37fa8cbb0b
4,S05,ar,F_L,left,6,SS_vs_persistence,0.0677557087543399,35778,2ec2ba37fa8cbb0b
4,S05,ar,F_L,left,6,SS_vs_seasonal,0.1098834489350271,35778,2ec2ba37fa8cbb0b
4,S05,ar,F_L,left,6,SS_vs_ar,2.55351295663786e-14,35778,2ec2ba37fa8cbb0b
4,S05,ar,F_L,left,6,SS_vs_probgru,0.027236491145874786,35778,2ec2ba37fa8cbb0b
4,S05,ar,F_L,left,all,MSE,24.322125742691515,35778,2ec2ba37fa8cbb0b
4,S05,ar,F_L,left,all,MAE,3.2256719751368164,35778,2ec2ba37fa8cbb0b
4,S05,ar,F_L,left,all,Hausdorff,2.6146919815093987,35778,2ec2ba37fa8cbb0b
4,S05,ar,F_L,left,all,SS_vs_persistence,0.04819138052515515,35778,2ec2ba37fa8cbb0b
4,S05,ar,F_L,left,all,HD_ratio_vs_persistence,0.8804792733013899,35778,2ec2ba37fa8cbb0b
4,S05,ar,F_L,left,all,SS_vs_seasonal,0.1467887903263,35778,2ec2ba37fa8cbb0b
4,S05,ar,F_L,left,all,HD_ratio_vs_seasonal,0.8791583241119064,35778,2ec2ba37fa8cbb0b
4,S05,ar,F_L,left,all,SS_vs_ar,4.107825191113079e-14,35778,2ec2ba37fa8cbb0b
4,S05,ar,F_L,left,all,HD_ratio_vs_ar,1.0,35778,2ec2ba37fa8cbb0b
4,S05,ar,F_L,left,all,SS_vs_probgru,0.03236809819529496,35778,2ec2ba37fa8cbb0b
4,S05,ar,F_L,left,all,HD_ratio_vs_probgru,0.914624481706207,35778,2ec2ba37fa8cbb0b
4,S05,ar,CoPx_L,left,1,MSE,4.0924749527804815e-06,35675,2ec2ba37fa8cbb0b
4,S05,ar,CoPx_L,left,1,MAE,0.0015133499840339281,35675,2ec2ba37fa8cbb0b
4,S05,ar,CoPx_L,left,1,SS_vs_persistence,0.06668462186323476,35675,2ec2ba37fa8cbb0b
4,S05,ar,CoPx_L,left,1,SS_vs_seasonal,0.18668546041969059,35675,2ec2ba37fa8cbb0b
4,S05,ar,CoPx_L,left,1,SS_vs_ar,2.443508555494134e-07,35675,2ec2ba37fa8cbb0b
4,S05,ar,CoPx_L,left,1,SS_vs_probgru,0.013827862980978378,35675,2ec2ba37fa8cbb0b
4,S05,ar,CoPx_L,left,2,MSE,6.27361163955019e-06,35675,2ec2ba37fa8cbb0b
4,S05,ar,CoPx_L,left,2,MAE,0.0018521216343096293,35675,2ec2ba37fa8cbb0b
4,S05,ar,CoPx_L,left,2,SS_vs_persistence,0.08048249243652983,35675,2ec2ba37fa8cbb0b
4,S05,ar,CoPx_L,left,2,SS_vs_seasonal,0.13163263677948833,35675,2ec2ba37fa8cbb0b
4,S05,ar,CoPx_L,left,2,SS_vs_ar,1.5939779163254286e-07,35675,2ec2ba37fa8cbb0b
4,S05,ar,CoPx_L,left,2,SS_vs_probgru,-0.03301824881582882,35675,2ec2ba37fa8cbb0b
4,S05,ar,CoPx_L,left,3,MSE,8.035037699989086e-06,35675,2ec2ba37fa8cbb0b
4,S05,ar,CoPx_L,left,3,MAE,0.002106756063527349,35675,2ec2ba37fa8cbb0b
4,S05,ar,CoPx_L,left,3,SS_vs_persistence,0.09569562544769028,35675,2ec2ba37fa8cbb0b
4,S05,ar,CoPx_L,left,3,SS_vs_seasonal,0.12390658664998022,35675,2ec2ba37fa8cbb0b
4,S05,ar,CoPx_L,left,3,SS_vs_ar,1.244549076018231e-07,35675,2ec2ba37fa8cbb0b
4,S05,ar,CoPx_L,left,3,SS_vs_probgru,-0.044255241333452044,35675,2ec2ba37fa8cbb0b
4,S05,ar,CoPx_L,left,4,MSE,9.484183430000941e-06,35675,2ec2ba37fa8cbb0b
4,S05,ar,CoPx_L,left,4,MAE,0.0023089186964363874,35675,2ec2ba37fa8cbb0b
4,S05,ar,CoPx_L,left,4,SS_vs_persistence,0.11629719555134821,35675,2ec2ba37fa8cbb0b
4,S05,ar,CoPx_L,left,4,SS_vs_seasonal,0.12825453743286708,35675,2ec2ba37fa8cbb0b
4,S05,ar,CoPx_L,left,4,SS_vs_ar,1.0543869177759291e-07,35675,2ec2ba37fa8cbb0b
4,S05,ar,CoPx_L,left,4,SS_vs_probgru,-0.04820600988289003,35675,2ec2ba37fa8cbb0b
4,S05,ar,CoPx_L,left,5,MSE,1.0619530166865639e-05,35675,2ec2ba37fa8cbb0b
4,S05,ar,CoPx_L,left,5,MAE,0.0024414827060557755,35675,2ec2ba37fa8cbb0b
4,S05,ar,CoPx_L,left,5,SS_vs_persistence,0.12448550949961434,35675,2ec2ba37fa8cbb0b
4,S05,ar,CoPx_L,left,5,SS_vs_seasonal,0.12849611318018395,35675,2ec2ba37fa8cbb0b
4,S05,ar,CoPx_L,left,5,SS_vs_ar,9.4166115571781e-08,35675,2ec2ba37fa8cbb0b
4,S05,ar,CoPx_L,left,5,SS_vs_probgru,-0.05385159869385214,35675,2ec2ba37fa8cbb0b
4,S05,ar,CoPx_L,left,6,MSE,1.152268032311911e-05,35675,2ec2ba37fa8cbb0b
4,S05,ar,CoPx_L,left,6,MAE,0.0025541850616575814,35675,2ec2ba37fa8cbb0b
4,S05,ar,CoPx_L,left,6,SS_vs_persistence,0.13261194259718811,35675,2ec2ba37fa8cbb0b
4,S05,ar,CoPx_L,left,6,SS_vs_seasonal,0.1340675419695574,35675,2ec2ba37fa8cbb0b
4,S05,ar,CoPx_L,left,6,SS_vs_ar,8.678535590167513e-08,35675,2ec2ba37fa8cbb0b
4,S05,ar,CoPx_L,left,6,SS_vs_probgru,-0.05539547445177506,35675,2ec2ba37fa8cbb0b
4,S05,ar,CoPx_L,left,all,MSE,8.33783043055487e-06,35675,2ec2ba37fa8cbb0b
4,S05,ar,CoPx_L,left,all,MAE,0.0021294571191920863,35675,2ec2ba37fa8cbb0b
4,S05,ar,CoPx_L,left,all,Hausdorff,2.431113872308717,35675,2ec2ba37fa8cbb0b
4,S05,ar,CoPx_L,left,all,SS_vs_persistence,0.1104480693140184,35675,2ec2ba37fa8cbb0b
4,S05,ar,CoPx_L,left,all,HD_ratio_vs_persistence,0.860407643399858,35675,2ec2ba37fa8cbb0b
4,S05,ar,CoPx_L,left,all,SS_vs_seasonal,0.1344629121928156,35675,2ec2ba37fa8cbb0b
4,S05,ar,CoPx_L,left,all,HD_ratio_vs_seasonal,0.8649777394261178,35675,2ec2ba37fa8cbb0b
4,S05,ar,CoPx_L,left,all,SS_vs_ar,1.199352622771599e-07,35675,2ec2ba37fa8cbb0b
4,S05,ar,CoPx_L,left,all,HD_ratio_vs_ar,1.0,35675,2ec2ba37fa8cbb0b
4,S05,ar,CoPx_L,left,all,SS_vs_probgru,-0.04310372735363455,35675,2ec2ba37fa8cbb0b
4,S05,ar,CoPx_L,left,all,HD_ratio_vs_probgru,1.031420524041606,35675,2ec2ba37fa8cbb0b
4,S05,ar,CoPy_L,left,1,MSE,6.793029173295576e-06,35675,2ec2ba37fa8cbb0b
4,S05,ar,CoPy_L,left,1,MAE,0.0018261649276630097,35675,2ec2ba37fa8cbb0b
4,S05,ar,CoPy_L,left,1,SS_vs_persistence,0.0037431136826463485,35675,2ec2ba37fa8cbb0b
4,S05,ar,CoPy_L,left,1,SS_vs_seasonal,0.3389808387973833,35675,2ec2ba37fa8cbb0b
4,S05,ar,CoPy_L,left,1,SS_vs_ar,1.472097097554581e-07,35675,2ec2ba37fa8cbb0b
4,S05,ar,CoPy_L,left,1,SS_vs_probgru,0.010025914772357147,35675,2ec2ba37fa8cbb0b
4,S05,ar,CoPy_L,left,2,MSE,1.1367517405016141e-05,35675,2ec2ba37fa8cbb0b
4,S05,ar,CoPy_L,left,2,MAE,0.0023398508833163494,35675,2ec2ba37fa8cbb0b
4,S05,ar,CoPy_L,left,2,SS_vs_persistence,0.02704083356217446,35675,2ec2ba37fa8cbb0b
4,S05,ar,CoPy_L,left,2,SS_vs_seasonal,0.21553186582150774,35675,2ec2ba37fa8cbb0b
4,S05,ar,CoPy_L,left,2,SS_vs_ar,8.796994765969401e-08,35675,2ec2ba37fa8cbb0b
4,S05,ar,CoPy_L,left,2,SS_vs_probgru,-0.045635283426823214,35675,2ec2ba37fa8cbb0b
4,S05,ar,CoPy_L,left,3,MSE,1.4727616791096121e-05,35675,2ec2ba37fa8cbb0b
4,S05,ar,CoPy_L,left,3,MAE,0.0026539589621650643,35675,2ec2ba37fa8cbb0b
4,S05,ar,CoPy_L,left,3,SS_vs_persistence,0.027597450748200303,35675,2ec2ba37fa8cbb0b
4,S05,ar,CoPy_L,left,3,SS_vs_seasonal,0.15972168452128976,35675,2ec2ba37fa8cbb0b
4,S05,ar,CoPy_L,left,3,SS_vs_ar,6.789964357434286e-08,35675,2ec2ba37fa8cbb0b
4,S05,ar,CoPy_L,left,3,SS_vs_probgru,-0.07048135169134517,35675,2ec2ba37fa8cbb0b
4,S05,ar,CoPy_L,left,4,MSE,1.7892638803118446e-05,35675,2ec2ba37fa8cbb0b
4,S05,ar,CoPy_L,left,4,MAE,0.002936489378105725,35675,2ec2ba37fa8cbb0b
4,S05,ar,CoPy_L,left,4,SS_vs_persistence,0.043912301047055013,35675,2ec2ba37fa8cbb0b
4,S05,ar,CoPy_L,left,4,SS_vs_seasonal,0.1359163024055562,35675,2ec2ba37fa8cbb0b
4,S05,ar,CoPy_L,left,4,SS_vs_ar,5.588890239494049e-08,35675,2ec2ba37fa8cbb0b
4,S05,ar,CoPy_L,left,4,SS_vs_probgru,-0.0735826120372618,35675,2ec2ba37fa8cbb0b
4,S05,ar,CoPy_L,left,5,MSE,2.0866692656763617e-05,35675,2ec2ba37fa8cbb0b
4,S05,ar,CoPy_L,left,5,MAE,0.00319964301753569,35675,2ec2ba37fa8cbb0b
4,S05,ar,CoPy_L,left,5,SS_vs_persistence,0.062496852278028814,35675,2ec2ba37fa8cbb0b
4,S05,ar,CoPy_L,left,5,SS_vs_seasonal,0.12811844791536642,35675,2ec2ba37fa8cbb0b
4,S05,ar,CoPy_L,left,5,SS_vs_ar,4.7923260693139014e-08,35675,2ec2ba37fa8cbb0b
4,S05,ar,CoPy_L,left,5,SS_vs_probgru,-0.07486260344165374,35675,2ec2ba37fa8cbb0b
4,S05,ar,CoPy_L,left,6,MSE,2.338551379870124e-05,35675,2ec2ba37fa8cbb0b
4,S05,ar,CoPy_L,left,6,MAE,0.003411529552813048,35675,2ec2ba37fa8cbb0b
4,S05,ar,CoPy_L,left,6,SS_vs_persistence,0.07171092344882402,35675,2ec2ba37fa8cbb0b
4,S05,ar,CoPy_L,left,6,SS_vs_seasonal,0.12496354765270612,35675,2ec2ba37fa8cbb0b
4,S05,ar,CoPy_L,left,6,SS_vs_ar,4.276151321924715e-08,35675,2ec2ba37fa8cbb0b
4,S05,ar,CoPy_L,left,6,SS_vs_probgru,-0.07540353653284093,35675,2ec2ba37fa8cbb0b
4,S05,ar,CoPy_L,left,all,MSE,1.58386232316254e-05,35675,2ec2ba37fa8cbb0b
4,S05,ar,CoPy_L,left,all,MAE,0.0027279202919992794,35675,2ec2ba37fa8cbb0b
4,S05,ar,CoPy_L,left,all,Hausdorff,2.6083970653481607,35675,2ec2ba37fa8cbb0b
4,S05,ar,CoPy_L,left,all,SS_vs_persistence,0.04787719002133983,35675,2ec2ba37fa8cbb0b
4,S05,ar,CoPy_L,left,all,HD_ratio_vs_persistence,0.9092261858314377,35675,2ec2ba37fa8cbb0b
4,S05,ar,CoPy_L,left,all,SS_vs_seasonal,0.16388203652000388,35675,2ec2ba37fa8cbb0b
4,S05,ar,CoPy_L,left,all,HD_ratio_vs_seasonal,0.9063510207400629,35675,2ec2ba37fa8cbb0b
4,S05,ar,CoPy_L,left,all,SS_vs_ar,6.313679679070816e-08,35675,2ec2ba37fa8cbb0b
4,S05,ar,CoPy_L,left,all,HD_ratio_vs_ar,1.0,35675,2ec2ba37fa8cbb0b
4,S05,ar,CoPy_L,left,all,SS_vs_probgru,-0.06400101396296409,35675,2ec2ba37fa8cbb0b
4,S05,ar,CoPy_L,left,all,HD_ratio_vs_probgru,1.009974527054377,35675,2ec2ba37fa8cbb0b
4,S05,ar,F_R,right,1,MSE,15.781690084924227,35778,2ec2ba37fa8cbb0b
4,S05,ar,F_R,right,1,MAE,2.7006150910744537,35778,2ec2ba37fa8cbb0b
4,S05,ar,F_R,right,1,SS_vs_persistence,0.026169012819586168,35778,2ec2ba37fa8cbb0b
4,S05,ar,F_R,right,1,SS_vs_seasonal,0.40568998678791,35778,2ec2ba37fa8cbb0b
4,S05,ar,F_R,right,1,SS_vs_ar,6.339373470609644e-14,35778,2ec2ba37fa8cbb0b
4,S05,ar,F_R,right,1,SS_vs_probgru,0.37863662611259696,35778,2ec2ba37fa8cbb0b
4,S05,ar,F_R,right,2,MSE,34.82950138415843,35778,2ec2ba37fa8cbb0b
4,S05,ar,F_R,right,2,MAE,4.051516908021278,35778,2ec2ba37fa8cbb0b
4,S05,ar,F_R,right,2,SS_vs_persistence,0.03778383617375192,35778,2ec2ba37fa8cbb0b
4,S05,ar,F_R,right,2,SS_vs_seasonal,0.22619486408325795,35778,2ec2ba37fa8cbb0b
4,S05,ar,F_R,right,2,SS_vs_ar,2.8754776337791554e-14,35778,2ec2ba37fa8cbb0b
4,S05,ar,F_R,right,2,SS_vs_probgru,0.33090865619433907,35778,2ec2ba37fa8cbb0b
4,S05,ar,F_R,right,3,MSE,51.16683677489048,35778,2ec2ba37fa8cbb0b
4,S05,ar,F_R,right,3,MAE,5.022654105069423,35778,2ec2ba37fa8cbb0b
4,S05,ar,F_R,right,3,SS_vs_persistence,0.056493288467778124,35778,2ec2ba37fa8cbb0b
4,S05,ar,F_R,right,3,SS_vs_seasonal,0.17438194994559442,35778,2ec2ba37fa8cbb0b
4,S05,ar,F_R,right,3,SS_vs_ar,1.9539925233402755e-14,35778,2ec2ba37fa8cbb0b
4,S05,ar,F_R,right,3,SS_vs_probgru,0.32307096508797273,35778,2ec2ba37fa8cbb0b
4,S05,ar,F_R,right,4,MSE,65.54310782628586,35778,2ec2ba37fa8cbb0b
4,S05,ar,F_R,right,4,MAE,5.752409101270915,35778,2ec2ba37fa8cbb0b
4,S05,ar,F_R,right,4,SS_vs_persistence,0.0774102046086208,35778,2ec2ba37fa8cbb0b
4,S05,ar,F_R,right,4,SS_vs_seasonal,0.1607521642973846,35778,2ec2ba37fa8cbb0b
4,S05,ar,F_R,right,4,SS_vs_ar,1.5210055437364645e-14,35778,2ec2ba37fa8cbb0b
4,S05,ar,F_R,right,4,SS_vs_probgru,0.3314910826646137,35778,2ec2ba37fa8cbb0b
4,S05,ar,F_R,right,5,MSE,78.54924472375636,35778,2ec2ba37fa8cbb0b
4,S05,ar,F_R,right,5,MAE,6.3378765566660284,35778,2ec2ba37fa8cbb0b
4,S05,ar,F_R,right,5,SS_vs_persistence,0.09895577305533532,35778,2ec2ba37fa8cbb0b
4,S05,ar,F_R,right,5,SS_vs_seasonal,0.15926555858399394,35778,2ec2ba37fa8cbb0b
4,S05,ar,F_R,right,5,SS_vs_ar,1.2656542480726785e-14,35778,2ec2ba37fa8cbb0b
4,S05,ar,F_R,right,5,SS_vs_probgru,0.3433621305697666,35778,2ec2ba37fa8cbb0b
4,S05,ar,F_R,right,6,MSE,90.0193023834787,35778,2ec2ba37fa8cbb0b
4,S05,ar,F_R,right,6,MAE,6.817313453390457,35778,2ec2ba37fa8cbb0b
4,S05,ar,F_R,right,6,SS_vs_persistence,0.11678691862730173,35778,2ec2ba37fa8cbb0b
4,S05,ar,F_R,right,6,SS_vs_seasonal,0.16162716482801354,35778,2ec2ba37fa8cbb0b
4,S05,ar,F_R,right,6,SS_vs_ar,1.1102230246251565e-14,35778,2ec2ba37fa8cbb0b
4,S05,ar,F_R,right,6,SS_vs_probgru,0.3555374156405152,35778,2ec2ba37fa8cbb0b
4,S05,ar,F_R,right,all,MSE,55.981613862915886,35778,2ec2ba37fa8cbb0b
4,S05,ar,F_R,right,all,MAE,5.113730869248755,35778,2ec2ba37fa8cbb0b
4,S05,ar,F_R,right,all,Hausdorff,2.704551364728127,35778,2ec2ba37fa8cbb0b
4,S05,ar,F_R,right,all,SS_vs_persistence,0.0842060065209681,35778,2ec2ba37fa8cbb0b
4,S05,ar,F_R,right,all,HD_ratio_vs_persistence,0.8946528569379997,35778,2ec2ba37fa8cbb0b
4,S05,ar,F_R,right,all,SS_vs_seasonal,0.1856033220252401,35778,2ec2ba37fa8cbb0b
4,S05,ar,F_R,right,all,HD_ratio_vs_seasonal,0.8603846873601276,35778,2ec2ba37fa8cbb0b
4,S05,ar,F_R,right,all,SS_vs_ar,1.787459069646502e-14,35778,2ec2ba37fa8cbb0b
4,S05,ar,F_R,right,all,HD_ratio_vs_ar,1.0,35778,2ec2ba37fa8cbb0b
4,S05,ar,F_R,right,all,SS_vs_probgru,0.34189401006159437,35778,2ec2ba37fa8cbb0b
4,S05,ar,F_R,right,all,HD_ratio_vs_probgru,0.7258990479521694,35778,2ec2ba37fa8cbb0b
4,S05,ar,CoPx_R,right,1,MSE,5.522687628100752e-06,35772,2ec2ba37fa8cbb0b
4,S05,ar,CoPx_R,right,1,MAE,0.00172122515452278,35772,2ec2ba37fa8cbb0b
4,S05,ar,CoPx_R,right,1,SS_vs_persistence,0.0433673009233273,35772,2ec2ba37fa8cbb0b
4,S05,ar,CoPx_R,right,1,SS_vs_seasonal,0.17901686359388935,35772,2ec2ba37fa8cbb0b
4,S05,ar,CoPx_R,right,1,SS_vs_ar,1.8107122590205194e-07,35772,2ec2ba37fa8cbb0b
4,S05,ar,CoPx_R,right,1,SS_vs_probgru,0.1819627443403924,35772,2ec2ba37fa8cbb0b
4,S05,ar,CoPx_R,right,2,MSE,9.313203233705688e-06,35772,2ec2ba37fa8cbb0b
4,S05,ar,CoPx_R,right,2,MAE,0.0022276257916466554,35772,2ec2ba37fa8cbb0b
4,S05,ar,CoPx_R,right,2,SS_vs_persistence,0.08356752149012081,35772,2ec2ba37fa8cbb0b
4,S05,ar,CoPx_R,right,2,SS_vs_seasonal,0.1476859493540672,35772,2ec2ba37fa8cbb0b
4,S05,ar,CoPx_R,right,2,SS_vs_ar,1.073744303470292e-07,35772,2ec2ba37fa8cbb0b
4,S05,ar,CoPx_R,right,2,SS_vs_probgru,0.12504218146342394,35772,2ec2ba37fa8cbb0b
4,S05,ar,CoPx_R,right,3,MSE,1.2018237056808549e-05,35772,2ec2ba37fa8cbb0b
4,S05,ar,CoPx_R,right,3,MAE,0.002521063964015236,35772,2ec2ba37fa8cbb0b
4,S05,ar,CoPx_R,right,3,SS_vs_persistence,0.10571161489223546,35772,2ec2ba37fa8cbb0b
4,S05,ar,CoPx_R,right,3,SS_vs_seasonal,0.14459931200747822,35772,2ec2ba37fa8cbb0b
4,S05,ar,CoPx_R,right,3,SS_vs_ar,8.320687228113854e-08,35772,2ec2ba37fa8cbb0b
4,S05,ar,CoPx_R,right,3,SS_vs_probgru,0.09750774671433327,35772,2ec2ba37fa8cbb0b
4,S05,ar,CoPx_R,right,4,MSE,1.3992718328099278e-05,35772,2ec2ba37fa8cbb0b
4,S05,ar,CoPx_R,right,4,MAE,0.0027166886428495185,35772,2ec2ba37fa8cbb0b
4,S05,ar,CoPx_R,right,4,SS_vs_persistence,0.1147985814244028,35772,2ec2ba37fa8cbb0b
4,S05,ar,CoPx_R,right,4,SS_vs_seasonal,0.14272079893133816,35772,2ec2ba37fa8cbb0b
4,S05,ar,CoPx_R,right,4,SS_vs_ar,7.146573699490233e-08,35772,2ec2ba37fa8cbb0b
4,S05,ar,CoPx_R,right,4,SS_vs_probgru,0.07865642551647545,35772,2ec2ba37fa8cbb0b
4,S05,ar,CoPx_R,right,5,MSE,1.5569104722176795e-05,35772,2ec2ba37fa8cbb0b
4,S05,ar,CoPx_R,right,5,MAE,0.0028643826397542005,35772,2ec2ba37fa8cbb0b
4,S05,ar,CoPx_R,right,5,SS_vs_persistence,0.11641260613643112,35772,2ec2ba37fa8cbb0b
4,S05,ar,CoPx_R,right,5,SS_vs_seasonal,0.13733877614180146,35772,2ec2ba37fa8cbb0b
4,S05,ar,CoPx_R,right,5,SS_vs_ar,6.42297648401069e-08,35772,2ec2ba37fa8cbb0b
4,S05,ar,CoPx_R,right,5,SS_vs_probgru,0.06355034732243503,35772,2ec2ba37fa8cbb0b
4,S05,ar,CoPx_R,right,6,MSE,1.7015992548997885e-05,35772,2ec2ba37fa8cbb0b
4,S05,ar,CoPx_R,right,6,MAE,0.0029935806218021237,35772,2ec2ba37fa8cbb0b
4,S05,ar,CoPx_R,right,6,SS_vs_persistence,0.12455152085088228,35772,2ec2ba37fa8cbb0b
4,S05,ar,CoPx_R,right,6,SS_vs_seasonal,0.14038376160556432,35772,2ec2ba37fa8cbb0b
4,S05,ar,CoPx_R,right,6,SS_vs_ar,5.876824038519857e-08,35772,2ec2ba37fa8cbb0b
4,S05,ar,CoPx_R,right,6,SS_vs_probgru,0.04889323675002499,35772,2ec2ba37fa8cbb0b
4,S05,ar,CoPx_R,right,all,MSE,1.2238657252981536e-05,35772,2ec2ba37fa8cbb0b
4,S05,ar,CoPx_R,right,all,MAE,0.002507427802431769,35772,2ec2ba37fa8cbb0b
4,S05,ar,CoPx_R,right,all,Hausdorff,2.4221991274266865,35772,2ec2ba37fa8cbb0b
4,S05,ar,CoPx_R,right,all,SS_vs_persistence,0.10709088987747983,35772,2ec2ba37fa8cbb0b
4,S05,ar,CoPx_R,right,all,HD_ratio_vs_persistence,0.8498298497489274,35772,2ec2ba37fa8cbb0b
4,S05,ar,CoPx_R,right,all,SS_vs_seasonal,0.14483347712073535,35772,2ec2ba37fa8cbb0b
4,S05,ar,CoPx_R,right,all,HD_ratio_vs_seasonal,0.8441322681354625,35772,2ec2ba37fa8cbb0b
4,S05,ar,CoPx_R,right,all,SS_vs_ar,8.170830323450673e-08,35772,2ec2ba37fa8cbb0b
4,S05,ar,CoPx_R,right,all,HD_ratio_vs_ar,1.0,35772,2ec2ba37fa8cbb0b
4,S05,ar,CoPx_R,right,all,SS_vs_probgru,0.08684608988327491,35772,2ec2ba37fa8cbb0b
4,S05,ar,CoPx_R,right,all,HD_ratio_vs_probgru,0.9819795752606703,35772,2ec2ba37fa8cbb0b
4,S05,ar,CoPy_R,right,1,MSE,5.950413288854743e-06,35772,2ec2ba37fa8cbb0b
4,S05,ar,CoPy_R,right,1,MAE,0.0017006613334015306,35772,2ec2ba37fa8cbb0b
4,S05,ar,CoPy_R,right,1,SS_vs_persistence,0.029967050297484255,35772,2ec2ba37fa8cbb0b
4,S05,ar,CoPy_R,right,1,SS_vs_seasonal,0.3631483500873872,35772,2ec2ba37fa8cbb0b
4,S05,ar,CoPy_R,right,1,SS_vs_ar,1.680555254957028e-07,35772,2ec2ba37fa8cbb0b
4,S05,ar,CoPy_R,right,1,SS_vs_probgru,0.015563367995189759,35772,2ec2ba37fa8cbb0b
4,S05,ar,CoPy_R,right,2,MSE,9.738024099818677e-06,35772,2ec2ba37fa8cbb0b
4,S05,ar,CoPy_R,right,2,MAE,0.0021482595790905355,35772,2ec2ba37fa8cbb0b
4,S05,ar,CoPy_R,right,2,SS_vs_persistence,0.04673753129149483,35772,2ec2ba37fa8cbb0b
4,S05,ar,CoPy_R,right,2,SS_vs_seasonal,0.25181271743969036,35772,2ec2ba37fa8cbb0b
4,S05,ar,CoPy_R,right,2,SS_vs_ar,1.0269022610032152e-07,35772,2ec2ba37fa8cbb0b
4,S05,ar,CoPy_R,right,2,SS_vs_probgru,0.017876244577108236,35772,2ec2ba37fa8cbb0b
4,S05,ar,CoPy_R,right,3,MSE,1.2926173918376131e-05,35772,2ec2ba37fa8cbb0b
4,S05,ar,CoPy_R,right,3,MAE,0.002454414583565261,35772,2ec2ba37fa8cbb0b
4,S05,ar,CoPy_R,right,3,SS_vs_persistence,0.05041536571012961,35772,2ec2ba37fa8cbb0b
4,S05,ar,CoPy_R,right,3,SS_vs_seasonal,0.1984850653693876,35772,2ec2ba37fa8cbb0b
4,S05,ar,CoPy_R,right,3,SS_vs_ar,7.736240659195204e-08,35772,2ec2ba37fa8cbb0b
4,S05,ar,CoPy_R,right,3,SS_vs_probgru,0.02616922071690375,35772,2ec2ba37fa8cbb0b
4,S05,ar,CoPy_R,right,4,MSE,1.5977925398369797e-05,35772,2ec2ba37fa8cbb0b
4,S05,ar,CoPy_R,right,4,MAE,0.0027218494648101185,35772,2ec2ba37fa8cbb0b
4,S05,ar,CoPy_R,right,4,SS_vs_persistence,0.05617409710547927,35772,2ec2ba37fa8cbb0b
4,S05,ar,CoPy_R,right,4,SS_vs_seasonal,0.16646481417569237,35772,2ec2ba37fa8cbb0b
4,S05,ar,CoPy_R,right,4,SS_vs_ar,6.258634410727382e-08,35772,2ec2ba37fa8cbb0b
4,S05,ar,CoPy_R,right,4,SS_vs_probgru,0.025721736776203374,35772,2ec2ba37fa8cbb0b
4,S05,ar,CoPy_R,right,5,MSE,1.8757698785343188e-05,35772,2ec2ba37fa8cbb0b
4,S05,ar,CoPy_R,right,5,MAE,0.002944791056188477,35772,2ec2ba37fa8cbb0b
4,S05,ar,CoPy_R,right,5,SS_vs_persistence,0.06375748413525517,35772,2ec2ba37fa8cbb0b
4,S05,ar,CoPy_R,right,5,SS_vs_seasonal,0.1478547380419296,35772,2ec2ba37fa8cbb0b
4,S05,ar,CoPy_R,right,5,SS_vs_ar,5.3311440706416136e-08,35772,2ec2ba37fa8cbb0b
4,S05,ar,CoPy_R,right,5,SS_vs_probgru,0.028144821593222402,35772,2ec2ba37fa8cbb0b
4,S05,ar,CoPy_R,right,6,MSE,2.1578976683380767e-05,35772,2ec2ba37fa8cbb0b
4,S05,ar,CoPy_R,right,6,MAE,0.0031663718681802498,35772,2ec2ba37fa8cbb0b
4,S05,ar,CoPy_R,right,6,SS_vs_persistence,0.07700932889423917,35772,2ec2ba37fa8cbb0b
4,S05,ar,CoPy_R,right,6,SS_vs_seasonal,0.1401246532695345,35772,2ec2ba37fa8cbb0b
4,S05,ar,CoPy_R,right,6,SS_vs_ar,4.634139827430772e-08,35772,2ec2ba37fa8cbb0b
4,S05,ar,CoPy_R,right,6,SS_vs_probgru,0.025947770513936264,35772,2ec2ba37fa8cbb0b
4,S05,ar,CoPy_R,right,all,MSE,1.415486869569059e-05,35772,2ec2ba37fa8cbb0b
4,S05,ar,CoPy_R,right,all,MAE,0.0025227246475393404,35772,2ec2ba37fa8cbb0b
4,S05,ar,CoPy_R,right,all,Hausdorff,2.476011438605778,35772,2ec2ba37fa8cbb0b
4,S05,ar,CoPy_R,right,all,SS_vs_persistence,0.059534904573734004,35772,2ec2ba37fa8cbb0b
4,S05,ar,CoPy_R,right,all,HD_ratio_vs_persistence,0.8669993665422289,35772,2ec2ba37fa8cbb0b
4,S05,ar,CoPy_R,right,all,SS_vs_seasonal,0.18931911378752453,35772,2ec2ba37fa8cbb0b
4,S05,ar,CoPy_R,right,all,HD_ratio_vs_seasonal,0.8478780435907616,35772,2ec2ba37fa8cbb0b
4,S05,ar,CoPy_R,right,all,SS_vs_ar,7.064706497583728e-08,35772,2ec2ba37fa8cbb0b
4,S05,ar,CoPy_R,right,all,HD_ratio_vs_ar,1.0,35772,2ec2ba37fa8cbb0b
4,S05,ar,CoPy_R,right,all,SS_vs_probgru,0.024786159674268338,35772,2ec2ba37fa8cbb0b
4,S05,ar,CoPy_R,right,all,HD_ratio_vs_probgru,1.002196372117846,35772,2ec2ba37fa8cbb0b
4,S05,probgru,F_L,left,1,MSE,8.329865471182073,35778,2ec2ba37fa8cbb0b
4,S05,probgru,F_L,left,1,MAE,1.9969247721521657,35778,2ec2ba37fa8cbb0b
4,S05,probgru,F_L,left,1,SS_vs_persistence,-0.10860517898697708,35778,2ec2ba37fa8cbb0b
4,S05,probgru,F_L,left,1,SS_vs_seasonal,0.2893869444964755,35778,2ec2ba37fa8cbb0b
4,S05,probgru,F_L,left,1,SS_vs_ar,-0.11476338947201992,35778,2ec2ba37fa8cbb0b
4,S05,probgru,F_L,left,1,SS_vs_probgru,1.2001510896197942e-13,35778,2ec2ba37fa8cbb0b
4,S05,probgru,F_L,left,2,MSE,15.848875603477213,35778,2ec2ba37fa8cbb0b
4,S05,probgru,F_L,left,2,MAE,2.767855043679872,35778,2ec2ba37fa8cbb0b
4,S05,probgru,F_L,left,2,SS_vs_persistence,-0.02535509299590122,35778,2ec2ba37fa8cbb0b
4,S05,probgru,F_L,left,2,SS_vs_seasonal,0.16265973403815248,35778,2ec2ba37fa8cbb0b
4,S05,probgru,F_L,left,2,SS_vs_ar,-0.046605412546084635,35778,2ec2ba37fa8cbb0b
4,S05,probgru,F_L,left,2,SS_vs_probgru,6.306066779870889e-14,35778,2ec2ba37fa8cbb0b
4,S05,probgru,F_L,left,3,MSE,22.551497480186693,35778,2ec2ba37fa8cbb0b
4,S05,probgru,F_L,left,3,MAE,3.377353011957766,35778,2ec2ba37fa8cbb0b
4,S05,probgru,F_L,left,3,SS_vs_persistence,0.004659018718795704,35778,2ec2ba37fa8cbb0b
4,S05,probgru,F_L,left,3,SS_vs_seasonal,0.12027195721106587,35778,2ec2ba37fa8cbb0b
4,S05,probgru,F_L,left,3,SS_vs_ar,-0.029583834295829448,35778,2ec2ba37fa8cbb0b
4,S05,probgru,F_L,left,3,SS_vs_probgru,4.4297898682543746e-14,35778,2ec2ba37fa8cbb0b
4,S05,probgru,F_L,left,4,MSE,28.92809215948609,35778,2ec2ba37fa8cbb0b
4,S05,probgru,F_L,left,4,MAE,3.908845921995519,35778,2ec2ba37fa8cbb0b
4,S05,probgru,F_L,left,4,SS_vs_persistence,0.020747686896707918,35778,2ec2ba37fa8cbb0b
4,S05,probgru,F_L,left,4,SS_vs_seasonal,0.1032961130190847,35778,2ec2ba37fa8cbb0b
4,S05,probgru,F_L,left,4,SS_vs_ar,-0.026597108159347016,35778,2ec2ba37fa8cbb0b
4,S05,probgru,F_L,left,4,SS_vs_probgru,3.452793606584237e-14,35778,2ec2ba37fa8cbb0b
4,S05,probgru,F_L,left,5,MSE,34.7964448580798,35778,2ec2ba37fa8cbb0b
4,S05,probgru,F_L,left,5,MAE,4.347174629523066,35778,2ec2ba37fa8cbb0b
4,S05,probgru,F_L,left,5,SS_vs_persistence,0.03447646162500284,35778,2ec2ba37fa8cbb0b
4,S05,probgru,F_L,left,5,SS_vs_seasonal,0.09355184502863345,35778,2ec2ba37fa8cbb0b
4,S05,probgru,F_L,left,5,SS_vs_ar,-0.02418141583826383,35778,2ec2ba37fa8cbb0b
4,S05,probgru,F_L,left,5,SS_vs_probgru,2.8754776337791554e-14,35778,2ec2ba37fa8cbb0b
4,S05,probgru,F_L,left,6,MSE,40.35955184276382,35778,2ec2ba37fa8cbb0b
4,S05,probgru,F_L,left,6,MAE,4.73321664707902,35778,2ec2ba37fa8cbb0b
4,S05,probgru,F_L,left,6,SS_vs_persistence,0.041653718750427005,35778,2ec2ba37fa8cbb0b
4,S05,probgru,F_L,left,6,SS_vs_seasonal,0.08496099723819728,35778,2ec2ba37fa8cbb0b
4,S05,probgru,F_L,left,6,SS_vs_ar,-0.02799908805985929,35778,2ec2ba37fa8cbb0b
4,S05,probgru,F_L,left,6,SS_vs_probgru,2.4868995751603507e-14,35778,2ec2ba37fa8cbb0b
4,S05,probgru,F_L,left,all,MSE,25.13572123586251,35778,2ec2ba37fa8cbb0b
4,S05,probgru,F_L,left,all,MAE,3.521895004397903,35778,2ec2ba37fa8cbb0b
4,S05,probgru,F_L,left,all,Hausdorff,2.858760107352213,35778,2ec2ba37fa8cbb0b
4,S05,probgru,F_L,left,all,SS_vs_persistence,0.016352584387085978,35778,2ec2ba37fa8cbb0b
4,S05,probgru,F_L,left,all,HD_ratio_vs_persistence,0.9626675109973875,35778,2ec2ba37fa8cbb0b
4,S05,probgru,F_L,left,all,SS_vs_seasonal,0.11824816019153128,35778,2ec2ba37fa8cbb0b
4,S05,probgru,F_L,left,all,HD_ratio_vs_seasonal,0.9612232579559433,35778,2ec2ba37fa8cbb0b
4,S05,probgru,F_L,left,all,SS_vs_ar,-0.03345083821114758,35778,2ec2ba37fa8cbb0b
4,S05,probgru,F_L,left,all,HD_ratio_vs_ar,1.0933448863456259,35778,2ec2ba37fa8cbb0b
4,S05,probgru,F_L,left,all,SS_vs_probgru,3.9745984281580604e-14,35778,2ec2ba37fa8cbb0b
4,S05,probgru,F_L,left,all,HD_ratio_vs_probgru,1.0,35778,2ec2ba37fa8cbb0b
4,S05,probgru,CoPx_L,left,1,MSE,4.1498576292968285e-06,35675,2ec2ba37fa8cbb0b
4,S05,probgru,CoPx_L,left,1,MAE,0.0015362824040829717,35675,2ec2ba37fa8cbb0b
4,S05,probgru,CoPx_L,left,1,SS_vs_persistence,0.053598131402256444,35675,2ec2ba37fa8cbb0b
4,S05,probgru,CoPx_L,left,1,SS_vs_seasonal,0.17528156285910312,35675,2ec2ba37fa8cbb0b
4,S05,probgru,CoPx_L,left,1,SS_vs_ar,-0.014021261744338709,35675,2ec2ba37fa8cbb0b
4,S05,probgru,CoPx_L,left,1,SS_vs_probgru,2.4097206430262474e-07,35675,2ec2ba37fa8cbb0b
4,S05,probgru,CoPx_L,left,2,MSE,6.07308787983515e-06,35675,2ec2ba37fa8cbb0b
4,S05,probgru,CoPx_L,left,2,MAE,0.001838155976705693,35675,2ec2ba37fa8cbb0b
4,S05,probgru,CoPx_L,left,2,SS_vs_persistence,0.10987307609619201,35675,2ec2ba37fa8cbb0b
4,S05,probgru,CoPx_L,left,2,SS_vs_seasonal,0.15938830584084218,35675,2ec2ba37fa8cbb0b
4,S05,probgru,CoPx_L,left,2,SS_vs_ar,0.03196320385656104,35675,2ec2ba37fa8cbb0b
4,S05,probgru,CoPx_L,left,2,SS_vs_probgru,1.6466085384081453e-07,35675,2ec2ba37fa8cbb0b
4,S05,probgru,CoPx_L,left,3,MSE,7.694514078256941e-06,35675,2ec2ba37fa8cbb0b
4,S05,probgru,CoPx_L,left,3,MAE,0.002080651546721689,35675,2ec2ba37fa8cbb0b
4,S05,probgru,CoPx_L,left,3,SS_vs_persistence,0.13401990123437313,35675,2ec2ba37fa8cbb0b
4,S05,probgru,CoPx_L,left,3,SS_vs_seasonal,0.1610352863809138,35675,2ec2ba37fa8cbb0b
4,S05,probgru,CoPx_L,left,3,SS_vs_ar,0.04237996037686875,35675,2ec2ba37fa8cbb0b
4,S05,probgru,CoPx_L,left,3,SS_vs_probgru,1.299627058193309e-07,35675,2ec2ba37fa8cbb0b
4,S05,probgru,CoPx_L,left,4,MSE,9.048013741930886e-06,35675,2ec2ba37fa8cbb0b
4,S05,probgru,CoPx_L,left,4,MAE,0.0022787428901089174,35675,2ec2ba37fa8cbb0b
4,S05,probgru,CoPx_L,left,4,SS_vs_persistence,0.1569379506999401,35675,2ec2ba37fa8cbb0b
4,S05,probgru,CoPx_L,left,4,SS_vs_seasonal,0.1683453843983136,35675,2ec2ba37fa8cbb0b
4,S05,probgru,CoPx_L,left,4,SS_vs_ar,0.04598926679349813,35675,2ec2ba37fa8cbb0b
4,S05,probgru,CoPx_L,left,4,SS_vs_probgru,1.1052148207735257e-07,35675,2ec2ba37fa8cbb0b
4,S05,probgru,CoPx_L,left,5,MSE,1.0076873372091409e-05,35675,2ec2ba37fa8cbb0b
4,S05,probgru,CoPx_L,left,5,MAE,0.0024147379143978865,35675,2ec2ba37fa8cbb0b
4,S05,probgru,CoPx_L,left,5,SS_vs_persistence,0.1692242012993439,35675,2ec2ba37fa8cbb0b
4,S05,probgru,CoPx_L,left,5,SS_vs_seasonal,0.17302986358380557,35675,2ec2ba37fa8cbb0b
4,S05,probgru,CoPx_L,left,5,SS_vs_ar,0.051099976660683,35675,2ec2ba37fa8cbb0b
4,S05,probgru,CoPx_L,left,5,SS_vs_probgru,9.923712085413428e-08,35675,2ec2ba37fa8cbb0b
4,S05,probgru,CoPx_L,left,6,MSE,1.0917878223524777e-05,35675,2ec2ba37fa8cbb0b
4,S05,probgru,CoPx_L,left,6,MAE,0.0025189691284496574,35675,2ec2ba37fa8cbb0b
4,S05,probgru,CoPx_L,left,6,SS_vs_persistence,0.17813938096825155,35675,2ec2ba37fa8cbb0b
4,S05,probgru,CoPx_L,left,6,SS_vs_seasonal,0.17951857888437184,35675,2ec2ba37fa8cbb0b
4,S05,probgru,CoPx_L,left,6,SS_vs_ar,0.0524880522713802,35675,2ec2ba37fa8cbb0b
4,S05,probgru,CoPx_L,left,6,SS_vs_probgru,9.159287983617759e-08,35675,2ec2ba37fa8cbb0b
4,S05,probgru,CoPx_L,left,all,MSE,7.99328884444149e-06,35675,2ec2ba37fa8cbb0b
4,S05,probgru,CoPx_L,left,all,MAE,0.00211124521489018,35675,2ec2ba37fa8cbb0b
4,S05,probgru,CoPx_L,left,all,Hausdorff,2.357054000421122,35675,2ec2ba37fa8cbb0b
4,S05,probgru,CoPx_L,left,all,SS_vs_persistence,0.14720674840703663,35675,2ec2ba37fa8cbb0b
4,S05,probgru,CoPx_L,left,all,HD_ratio_vs_persistence,0.8341967445328347,35675,2ec2ba37fa8cbb0b
4,S05,probgru,CoPx_L,left,all,SS_vs_seasonal,0.17022923336675178,35675,2ec2ba37fa8cbb0b
4,S05,probgru,CoPx_L,left,all,HD_ratio_vs_seasonal,0.8386276201259942,35675,2ec2ba37fa8cbb0b
4,S05,probgru,CoPx_L,left,all,SS_vs_ar,0.04132280545403777,35675,2ec2ba37fa8cbb0b
4,S05,probgru,CoPx_L,left,all,HD_ratio_vs_ar,0.9695366503678975,35675,2ec2ba37fa8cbb0b
4,S05,probgru,CoPx_L,left,all,SS_vs_probgru,1.2510493407891232e-07,35675,2ec2ba37fa8cbb0b
4,S05,probgru,CoPx_L,left,all,HD_ratio_vs_probgru,1.0,35675,2ec2ba37fa8cbb0b
4,S05,probgru,CoPy_L,left,1,MSE,6.861824248419034e-06,35675,2ec2ba37fa8cbb0b
4,S05,probgru,CoPy_L,left,1,MAE,0.0018958230790066095,35675,2ec2ba37fa8cbb0b
4,S05,probgru,CoPy_L,left,1,SS_vs_persistence,-0.006346283195832525,35675,2ec2ba37fa8cbb0b
4,S05,probgru,CoPy_L,left,1,SS_vs_seasonal,0.33228649645129893,35675,2ec2ba37fa8cbb0b
4,S05,probgru,CoPy_L,left,1,SS_vs_ar,-0.010127155830088608,35675,2ec2ba37fa8cbb0b
4,S05,probgru,CoPy_L,left,1,SS_vs_probgru,1.457338192345503e-07,35675,2ec2ba37fa8cbb0b
4,S05,probgru,CoPy_L,left,2,MSE,1.0871397072721669e-05,35675,2ec2ba37fa8cbb0b
4,S05,probgru,CoPy_L,left,2,MAE,0.002353063344342848,35675,2ec2ba37fa8cbb0b
4,S05,probgru,CoPy_L,left,2,SS_vs_persistence,0.06950435552248246,35675,2ec2ba37fa8cbb0b
4,S05,probgru,CoPy_L,left,2,SS_vs_seasonal,0.24976894481918932,35675,2ec2ba37fa8cbb0b
4,S05,probgru,CoPy_L,left,2,SS_vs_ar,0.043643767673650635,35675,2ec2ba37fa8cbb0b
4,S05,probgru,CoPy_L,left,2,SS_vs_probgru,9.198448924774283e-08,35675,2ec2ba37fa8cbb0b
4,S05,probgru,CoPy_L,left,3,MSE,1.3757937676677271e-05,35675,2ec2ba37fa8cbb0b
4,S05,probgru,CoPy_L,left,3,MAE,0.0026342984246059756,35675,2ec2ba37fa8cbb0b
4,S05,probgru,CoPy_L,left,3,SS_vs_persistence,0.09162128136464986,35675,2ec2ba37fa8cbb0b
4,S05,probgru,CoPy_L,left,3,SS_vs_seasonal,0.21504634053157945,35675,2ec2ba37fa8cbb0b
4,S05,probgru,CoPy_L,left,3,SS_vs_ar,0.06584093423480131,35675,2ec2ba37fa8cbb0b
4,S05,probgru,CoPy_L,left,3,SS_vs_probgru,7.268530721749045e-08,35675,2ec2ba37fa8cbb0b
4,S05,probgru,CoPy_L,left,4,MSE,1.6666288675803198e-05,35675,2ec2ba37fa8cbb0b
4,S05,probgru,CoPy_L,left,4,MAE,0.002912950010380345,35675,2ec2ba37fa8cbb0b
4,S05,probgru,CoPy_L,left,4,SS_vs_persistence,0.10944194618420133,35675,2ec2ba37fa8cbb0b
4,S05,probgru,CoPy_L,left,4,SS_vs_seasonal,0.1951400515806242,35675,2ec2ba37fa8cbb0b
4,S05,probgru,CoPy_L,left,4,SS_vs_ar,0.06853941848767953,35675,2ec2ba37fa8cbb0b
4,S05,probgru,CoPy_L,left,4,SS_vs_probgru,6.000135721606625e-08,35675,2ec2ba37fa8cbb0b
4,S05,probgru,CoPy_L,left,5,MSE,1.9413357125912615e-05,35675,2ec2ba37fa8cbb0b
4,S05,probgru,CoPy_L,left,5,MAE,0.003149153104642026,35675,2ec2ba37fa8cbb0b
4,S05,probgru,CoPy_L,left,5,SS_vs_persistence,0.12779261607159587,35675,2ec2ba37fa8cbb0b
4,S05,probgru,CoPy_L,left,5,SS_vs_seasonal,0.1888437606988177,35675,2ec2ba37fa8cbb0b
4,S05,probgru,CoPy_L,left,5,SS_vs_ar,0.06964862544861894,35675,2ec2ba37fa8cbb0b
4,S05,probgru,CoPy_L,left,5,SS_vs_probgru,5.151092319355399e-08,35675,2ec2ba37fa8cbb0b
4,S05,probgru,CoPy_L,left,6,MSE,2.174580232337143e-05,35675,2ec2ba37fa8cbb0b
4,S05,probgru,CoPy_L,left,6,MAE,0.003345644298329076,35675,2ec2ba37fa8cbb0b
4,S05,probgru,CoPy_L,left,6,SS_vs_persistence,0.13679934803279925,35675,2ec2ba37fa8cbb0b
4,S05,probgru,CoPy_L,left,6,SS_vs_seasonal,0.18631808211349832,35675,2ec2ba37fa8cbb0b
4,S05,probgru,CoPy_L,left,6,SS_vs_ar,0.07011658667530707,35675,2ec2ba37fa8cbb0b
4,S05,probgru,CoPy_L,left,6,SS_vs_probgru,4.598588443371909e-08,35675,2ec2ba37fa8cbb0b
4,S05,probgru,CoPy_L,left,all,MSE,1.4885908904007585e-05,35675,2ec2ba37fa8cbb0b
4,S05,probgru,CoPy_L,left,all,MAE,0.00271513770375424,35675,2ec2ba37fa8cbb0b
4,S05,probgru,CoPy_L,left,all,Hausdorff,2.5826364878286925,35675,2ec2ba37fa8cbb0b
4,S05,probgru,CoPy_L,left,all,SS_vs_persistence,0.10514864786542633,35675,2ec2ba37fa8cbb0b
4,S05,probgru,CoPy_L,left,all,HD_ratio_vs_persistence,0.9002466512529033,35675,2ec2ba37fa8cbb0b
4,S05,probgru,CoPy_L,left,all,SS_vs_seasonal,0.2141756480124135,35675,2ec2ba37fa8cbb0b
4,S05,probgru,CoPy_L,left,all,HD_ratio_vs_seasonal,0.8973998813449927,35675,2ec2ba37fa8cbb0b
4,S05,probgru,CoPy_L,left,all,SS_vs_ar,0.060151394065874886,35675,2ec2ba37fa8cbb0b
4,S05,probgru,CoPy_L,left,all,HD_ratio_vs_ar,0.9901239815587548,35675,2ec2ba37fa8cbb0b
4,S05,probgru,CoPy_L,left,all,SS_vs_probgru,6.717762002228511e-08,35675,2ec2ba37fa8cbb0b
4,S05,probgru,CoPy_L,left,all,HD_ratio_vs_probgru,1.0,35675,2ec2ba37fa8cbb0b
4,S05,probgru,F_R,right,1,MSE,25.39848782233405,35778,2ec2ba37fa8cbb0b
4,S05,probgru,F_R,right,1,MAE,3.8365326187415763,35778,2ec2ba37fa8cbb0b
4,S05,probgru,F_R,right,1,SS_vs_persistence,-0.5672487760066189,35778,2ec2ba37fa8cbb0b
4,S05,probgru,F_R,right,1,SS_vs_seasonal,0.04353871150480593,35778,2ec2ba37fa8cbb0b
4,S05,probgru,F_R,right,1,SS_vs_ar,-0.6093642496879883,35778,2ec2ba37fa8cbb0b
4,S05,probgru,F_R,right,1,SS_vs_probgru,3.930189507173054e-14,35778,2ec2ba37fa8cbb0b
4,S05,probgru,F_R,right,2,MSE,52.0549274872611,35778,2ec2ba37fa8cbb0b
4,S05,probgru,F_R,right,2,MAE,5.4929514456949535,35778,2ec2ba37fa8cbb0b
4,S05,probgru,F_R,right,2,SS_vs_persistence,-0.43809387572305436,35778,2ec2ba37fa8cbb0b
4,S05,probgru,F_R,right,2,SS_vs_seasonal,-0.15650148978983136,35778,2ec2ba37fa8cbb0b
4,S05,probgru,F_R,right,2,SS_vs_ar,-0.4945642463585722,35778,2ec2ba37fa8cbb0b
4,S05,probgru,F_R,right,2,SS_vs_probgru,1.9206858326015208e-14,35778,2ec2ba37fa8cbb0b
4,S05,probgru,F_R,right,3,MSE,75.5867072263186,35778,2ec2ba37fa8cbb0b
4,S05,probgru,F_R,right,3,MAE,6.619037353270405,35778,2ec2ba37fa8cbb0b
4,S05,probgru,F_R,right,3,SS_vs_persistence,-0.3938044652713504,35778,2ec2ba37fa8cbb0b
4,S05,probgru,F_R,right,3,SS_vs_seasonal,-0.21965229362881566,35778,2ec2ba37fa8cbb0b
4,S05,probgru,F_R,right,3,SS_vs_ar,-0.4772597250610262,35778,2ec2ba37fa8cbb0b
4,S05,probgru,F_R,right,3,SS_vs_probgru,1.3211653993039363e-14,35778,2ec2ba37fa8cbb0b
4,S05,probgru,F_R,right,4,MSE,98.04373004855921,35778,2ec2ba37fa8cbb0b
4,S05,probgru,F_R,right,4,MAE,7.502322442581787,35778,2ec2ba37fa8cbb0b
4,S05,probgru,F_R,right,4,SS_vs_persistence,-0.3800710378983816,35778,2ec2ba37fa8cbb0b
4,S05,probgru,F_R,right,4,SS_vs_seasonal,-0.25540260412347204,35778,2ec2ba37fa8cbb0b
4,S05,probgru,F_R,right,4,SS_vs_ar,-0.49586635880023966,35778,2ec2ba37fa8cbb0b
4,S05,probgru,F_R,right,4,SS_vs_probgru,1.0103029524088925e-14,35778,2ec2ba37fa8cbb0b
4,S05,probgru,F_R,right,5,MSE,119.62338509643546,35778,2ec2ba37fa8cbb0b
4,S05,probgru,F_R,right,5,MAE,8.244323171420605,35778,2ec2ba37fa8cbb0b
4,S05,probgru,F_R,right,5,SS_vs_persistence,-0.37220874532639425,35778,2ec2ba37fa8cbb0b
4,S05,probgru,F_R,right,5,SS_vs_seasonal,-0.28036240454043093,35778,2ec2ba37fa8cbb0b
4,S05,probgru,F_R,right,5,SS_vs_ar,-0.5229094247453046,35778,2ec2ba37fa8cbb0b
4,S05,probgru,F_R,right,5,SS_vs_probgru,8.326672684688674e-15,35778,2ec2ba37fa8cbb0b
4,S05,probgru,F_R,right,6,MSE,139.68119262182768,35778,2ec2ba37fa8cbb0b
4,S05,probgru,F_R,right,6,MAE,8.876276824753774,35778,2ec2ba37fa8cbb0b
4,S05,probgru,F_R,right,6,SS_vs_persistence,-0.37046448127084886,35778,2ec2ba37fa8cbb0b
4,S05,probgru,F_R,right,6,SS_vs_seasonal,-0.3008867473745094,35778,2ec2ba37fa8cbb0b
4,S05,probgru,F_R,right,6,SS_vs_ar,-0.5516804610059043,35778,2ec2ba37fa8cbb0b
4,S05,probgru,F_R,right,6,SS_vs_probgru,7.105427357601002e-15,35778,2ec2ba37fa8cbb0b
4,S05,probgru,F_R,right,all,MSE,85.06473838378942,35778,2ec2ba37fa8cbb0b
4,S05,probgru,F_R,right,all,MAE,6.7619073094104865,35778,2ec2ba37fa8cbb0b
4,S05,probgru,F_R,right,all,Hausdorff,3.72579544271056,35778,2ec2ba37fa8cbb0b
4,S05,probgru,F_R,right,all,SS_vs_persistence,-0.39156003361211367,35778,2ec2ba37fa8cbb0b
4,S05,probgru,F_R,right,all,HD_ratio_vs_persistence,1.2324755893562622,35778,2ec2ba37fa8cbb0b
4,S05,probgru,F_R,right,all,SS_vs_seasonal,-0.23748558807521625,35778,2ec2ba37fa8cbb0b
4,S05,probgru,F_R,right,all,HD_ratio_vs_seasonal,1.1852676894774212,35778,2ec2ba37fa8cbb0b
4,S05,probgru,F_R,right,all,SS_vs_ar,-0.5195120775204671,35778,2ec2ba37fa8cbb0b
4,S05,probgru,F_R,right,all,HD_ratio_vs_ar,1.3776020271979905,35778,2ec2ba37fa8cbb0b
4,S05,probgru,F_R,right,all,SS_vs_probgru,1.1657341758564144e-14,35778,2ec2ba37fa8cbb0b
4,S05,probgru,F_R,right,all,HD_ratio_vs_probgru,1.0,35778,2ec2ba37fa8cbb0b
4,S05,probgru,CoPx_R,right,1,MSE,6.75114338846388e-06,35772,2ec2ba37fa8cbb0b
4,S05,probgru,CoPx_R,right,1,MAE,0.0018516659417919187,35772,2ec2ba37fa8cbb0b
4,S05,probgru,CoPx_R,right,1,SS_vs_persistence,-0.1694241927966622,35772,2ec2ba37fa8cbb0b
4,S05,probgru,CoPx_R,right,1,SS_vs_seasonal,-0.003601008535501826,35772,2ec2ba37fa8cbb0b
4,S05,probgru,CoPx_R,right,1,SS_vs_ar,-0.22243780938734403,35772,2ec2ba37fa8cbb0b
4,S05,probgru,CoPx_R,right,1,SS_vs_probgru,1.481230355038221e-07,35772,2ec2ba37fa8cbb0b
4,S05,probgru,CoPx_R,right,2,MSE,1.0644172966332031e-05,35772,2ec2ba37fa8cbb0b
4,S05,probgru,CoPx_R,right,2,MAE,0.0023224152985477525,35772,2ec2ba37fa8cbb0b
4,S05,probgru,CoPx_R,right,2,SS_vs_persistence,-0.047401798118194005,35772,2ec2ba37fa8cbb0b
4,S05,probgru,CoPx_R,right,2,SS_vs_seasonal,0.025879930991197453,35772,2ec2ba37fa8cbb0b
4,S05,probgru,CoPx_R,right,2,SS_vs_ar,-0.14291200957554406,35772,2ec2ba37fa8cbb0b
4,S05,probgru,CoPx_R,right,2,SS_vs_probgru,9.39481074047066e-08,35772,2ec2ba37fa8cbb0b
4,S05,probgru,CoPx_R,right,3,MSE,1.3316719462756599e-05,35772,2ec2ba37fa8cbb0b
4,S05,probgru,CoPx_R,right,3,MAE,0.0025926125098957556,35772,2ec2ba37fa8cbb0b
4,S05,probgru,CoPx_R,right,3,SS_vs_persistence,0.009090311083930547,35772,2ec2ba37fa8cbb0b
4,S05,probgru,CoPx_R,right,3,SS_vs_seasonal,0.052179538779182466,35772,2ec2ba37fa8cbb0b
4,S05,probgru,CoPx_R,right,3,SS_vs_ar,-0.1080425766081774,35772,2ec2ba37fa8cbb0b
4,S05,probgru,CoPx_R,right,3,SS_vs_probgru,7.509356392265687e-08,35772,2ec2ba37fa8cbb0b
4,S05,probgru,CoPx_R,right,4,MSE,1.5187295808297755e-05,35772,2ec2ba37fa8cbb0b
4,S05,probgru,CoPx_R,right,4,MAE,0.0027613363638543673,35772,2ec2ba37fa8cbb0b
4,S05,probgru,CoPx_R,right,4,SS_vs_persistence,0.03922772697886823,35772,2ec2ba37fa8cbb0b
4,S05,probgru,CoPx_R,right,4,SS_vs_seasonal,0.06953370234105938,35772,2ec2ba37fa8cbb0b
4,S05,probgru,CoPx_R,right,4,SS_vs_ar,-0.08537128861004217,35772,2ec2ba37fa8cbb0b
4,S05,probgru,CoPx_R,right,4,SS_vs_probgru,6.584450229496497e-08,35772,2ec2ba37fa8cbb0b
4,S05,probgru,CoPx_R,right,5,MSE,1.6625670949004923e-05,35772,2ec2ba37fa8cbb0b
4,S05,probgru,CoPx_R,right,5,MAE,0.0028832476700516104,35772,2ec2ba37fa8cbb0b
4,S05,probgru,CoPx_R,right,5,SS_vs_persistence,0.056449710679921994,35772,2ec2ba37fa8cbb0b
4,S05,probgru,CoPx_R,right,5,SS_vs_seasonal,0.07879599345857491,35772,2ec2ba37fa8cbb0b
4,S05,probgru,CoPx_R,right,5,SS_vs_ar,-0.06786293610448979,35772,2ec2ba37fa8cbb0b
4,S05,probgru,CoPx_R,right,5,SS_vs_probgru,6.014794484698882e-08,35772,2ec2ba37fa8cbb0b
4,S05,probgru,CoPx_R,right,6,MSE,1.7890727156378015e-05,35772,2ec2ba37fa8cbb0b
4,S05,probgru,CoPx_R,right,6,MAE,0.0029803765108775736,35772,2ec2ba37fa8cbb0b
4,S05,probgru,CoPx_R,right,6,SS_vs_persistence,0.07954767640954619,35772,2ec2ba37fa8cbb0b
4,S05,probgru,CoPx_R,right,6,SS_vs_seasonal,0.09619379909680514,35772,2ec2ba37fa8cbb0b
4,S05,probgru,CoPx_R,right,6,SS_vs_ar,-0.05140655494851454,35772,2ec2ba37fa8cbb0b
4,S05,probgru,CoPx_R,right,6,SS_vs_probgru,5.5894874173567644e-08,35772,2ec2ba37fa8cbb0b
4,S05,probgru,CoPx_R,right,all,MSE,1.340262162187227e-05,35772,2ec2ba37fa8cbb0b
4,S05,probgru,CoPx_R,right,all,MAE,0.0025652757158365026,35772,2ec2ba37fa8cbb0b
4,S05,probgru,CoPx_R,right,all,Hausdorff,2.466649193577885,35772,2ec2ba37fa8cbb0b
4,S05,probgru,CoPx_R,right,all,SS_vs_persistence,0.022170267675452493,35772,2ec2ba37fa8cbb0b
4,S05,probgru,CoPx_R,right,all,HD_ratio_vs_persistence,0.8654251790556201,35772,2ec2ba37fa8cbb0b
4,S05,probgru,CoPx_R,right,all,SS_vs_seasonal,0.06350238486736304,35772,2ec2ba37fa8cbb0b
4,S05,probgru,CoPx_R,right,all,HD_ratio_vs_seasonal,0.8596230404399036,35772,2ec2ba37fa8cbb0b
4,S05,probgru,CoPx_R,right,all,SS_vs_ar,-0.09510547192599117,35772,2ec2ba37fa8cbb0b
4,S05,probgru,CoPx_R,right,all,HD_ratio_vs_ar,1.0183511197109636,35772,2ec2ba37fa8cbb0b
4,S05,probgru,CoPx_R,right,all,SS_vs_probgru,7.461226270155663e-08,35772,2ec2ba37fa8cbb0b
4,S05,probgru,CoPx_R,right,all,HD_ratio_vs_probgru,1.0,35772,2ec2ba37fa8cbb0b
4,S05,probgru,CoPy_R,right,1,MSE,6.044484846424362e-06,35772,2ec2ba37fa8cbb0b
4,S05,probgru,CoPy_R,right,1,MAE,0.0017343418022343926,35772,2ec2ba37fa8cbb0b
4,S05,probgru,CoPy_R,right,1,SS_vs_persistence,0.01463155912357117,35772,2ec2ba37fa8cbb0b
4,S05,probgru,CoPy_R,right,1,SS_vs_seasonal,0.3530802046091105,35772,2ec2ba37fa8cbb0b
4,S05,probgru,CoPy_R,right,1,SS_vs_ar,-0.01580907698238998,35772,2ec2ba37fa8cbb0b
4,S05,probgru,CoPy_R,right,1,SS_vs_probgru,1.6544004333152174e-07,35772,2ec2ba37fa8cbb0b
4,S05,probgru,CoPy_R,right,2,MSE,9.915270925813047e-06,35772,2ec2ba37fa8cbb0b
4,S05,probgru,CoPy_R,right,2,MAE,0.0021617905078915077,35772,2ec2ba37fa8cbb0b
4,S05,probgru,CoPy_R,right,2,SS_vs_persistence,0.029386706813530616,35772,2ec2ba37fa8cbb0b
4,S05,probgru,CoPy_R,right,2,SS_vs_seasonal,0.23819457276025413,35772,2ec2ba37fa8cbb0b
4,S05,probgru,CoPy_R,right,2,SS_vs_ar,-0.018201413959969326,35772,2ec2ba37fa8cbb0b
4,S05,probgru,CoPy_R,right,2,SS_vs_probgru,1.0085452084585e-07,35772,2ec2ba37fa8cbb0b
4,S05,probgru,CoPy_R,right,3,MSE,1.3273530904477261e-05,35772,2ec2ba37fa8cbb0b
4,S05,probgru,CoPy_R,right,3,MAE,0.002465646542750914,35772,2ec2ba37fa8cbb0b
4,S05,probgru,CoPy_R,right,3,SS_vs_persistence,0.02489777181902786,35772,2ec2ba37fa8cbb0b
4,S05,probgru,CoPy_R,right,3,SS_vs_seasonal,0.17694645589636038,35772,2ec2ba37fa8cbb0b
4,S05,probgru,CoPy_R,right,3,SS_vs_ar,-0.026872295036586724,35772,2ec2ba37fa8cbb0b
4,S05,probgru,CoPy_R,right,3,SS_vs_probgru,7.53378984752473e-08,35772,2ec2ba37fa8cbb0b
4,S05,probgru,CoPy_R,right,4,MSE,1.6399754594977886e-05,35772,2ec2ba37fa8cbb0b
4,S05,probgru,CoPy_R,right,4,MAE,0.002713358312354185,35772,2ec2ba37fa8cbb0b
4,S05,probgru,CoPy_R,right,4,SS_vs_persistence,0.031256386424684646,35772,2ec2ba37fa8cbb0b
4,S05,probgru,CoPy_R,right,4,SS_vs_seasonal,0.14445886102380712,35772,2ec2ba37fa8cbb0b
4,S05,probgru,CoPy_R,right,4,SS_vs_ar,-0.026400684675273567,35772,2ec2ba37fa8cbb0b
4,S05,probgru,CoPy_R,right,4,SS_vs_probgru,6.097651839009899e-08,35772,2ec2ba37fa8cbb0b
4,S05,probgru,CoPy_R,right,5,MSE,1.9300918727663382e-05,35772,2ec2ba37fa8cbb0b
4,S05,probgru,CoPy_R,right,5,MAE,0.0029304116244279416,35772,2ec2ba37fa8cbb0b
4,S05,probgru,CoPy_R,right,5,SS_vs_persistence,0.03664405133702964,35772,2ec2ba37fa8cbb0b
4,S05,probgru,CoPy_R,right,5,SS_vs_seasonal,0.12317674820177982,35772,2ec2ba37fa8cbb0b
4,S05,probgru,CoPy_R,right,5,SS_vs_ar,-0.028959784437143643,35772,2ec2ba37fa8cbb0b
4,S05,probgru,CoPy_R,right,5,SS_vs_probgru,5.181100248830006e-08,35772,2ec2ba37fa8cbb0b
4,S05,probgru,CoPy_R,right,6,MSE,2.2153817891997628e-05,35772,2ec2ba37fa8cbb0b
4,S05,probgru,CoPy_R,right,6,MAE,0.0031187296114923743,35772,2ec2ba37fa8cbb0b
4,S05,probgru,CoPy_R,right,6,SS_vs_persistence,0.05242182964877451,35772,2ec2ba37fa8cbb0b
4,S05,probgru,CoPy_R,right,6,SS_vs_seasonal,0.11721847978286182,35772,2ec2ba37fa8cbb0b
4,S05,probgru,CoPy_R,right,6,SS_vs_ar,-0.0266388990734987,35772,2ec2ba37fa8cbb0b
4,S05,probgru,CoPy_R,right,6,SS_vs_probgru,4.513894436009025e-08,35772,2ec2ba37fa8cbb0b
4,S05,probgru,CoPy_R,right,all,MSE,1.4514629648558799e-05,35772,2ec2ba37fa8cbb0b
4,S05,probgru,CoPy_R,right,all,MAE,0.0025207130668585516,35772,2ec2ba37fa8cbb0b
4,S05,probgru,CoPy_R,right,all,Hausdorff,2.4705851143458637,35772,2ec2ba37fa8cbb0b
4,S05,probgru,CoPy_R,right,all,SS_vs_persistence,0.03563198988453942,35772,2ec2ba37fa8cbb0b
4,S05,probgru,CoPy_R,right,all,HD_ratio_vs_persistence,0.8650992865899942,35772,2ec2ba37fa8cbb0b
4,S05,probgru,CoPy_R,right,all,SS_vs_seasonal,0.16871480198739908,35772,2ec2ba37fa8cbb0b
4,S05,probgru,CoPy_R,right,all,HD_ratio_vs_seasonal,0.8460198691390409,35772,2ec2ba37fa8cbb0b
4,S05,probgru,CoPy_R,right,all,SS_vs_ar,-0.025415984788453194,35772,2ec2ba37fa8cbb0b
4,S05,probgru,CoPy_R,right,all,HD_ratio_vs_ar,0.9978084413604447,35772,2ec2ba37fa8cbb0b
4,S05,probgru,CoPy_R,right,all,SS_vs_probgru,6.889600046022792e-08,35772,2ec2ba37fa8cbb0b
4,S05,probgru,CoPy_R,right,all,HD_ratio_vs_probgru,1.0,35772,2ec2ba37fa8cbb0b
