fold,held_out,model,channel,hand,horizon_step,metric,value,n_frames,config_hash
0,S01,persistence,F_L,left,1,MSE,12.931642852400447,32388,2ec2ba37fa8cbb0b
0,S01,persistence,F_L,left,1,MAE,2.3053750274533824,32388,2ec2ba37fa8cbb0b
0,S01,persistence,F_L,left,1,SS_vs_persistence,7.738254481637341e-14,32388,2ec2ba37fa8cbb0b
0,S01,persistence,F_L,left,1,SS_vs_seasonal,0.021187963133122545,32388,2ec2ba37fa8cbb0b
0,S01,persistence,F_L,left,1,SS_vs_ar,-0.01616564175027979,32388,2ec2ba37fa8cbb0b
0,S01,persistence,F_L,left,2,MSE,24.859300793248472,32388,2ec2ba37fa8cbb0b
0,S01,persistence,F_L,left,2,MAE,3.354062402985987,32388,2ec2ba37fa8cbb0b
0,S01,persistence,F_L,left,2,SS_vs_persistence,4.0190073491430667e-14,32388,2ec2ba37fa8cbb0b
0,S01,persistence,F_L,left,2,SS_vs_seasonal,0.009436806241971851,32388,2ec2ba37fa8cbb0b
0,S01,persistence,F_L,left,2,SS_vs_ar,-0.03768800969717789,32388,2ec2ba37fa8cbb0b
0,S01,persistence,F_L,left,3,MSE,34.86910654458612,32388,2ec2ba37fa8cbb0b
0,S01,persistence,F_L,left,3,MAE,4.0824590388294855,32388,2ec2ba37fa8cbb0b
0,S01,persistence,F_L,left,3,SS_vs_persistence,2.8754776337791554e-14,32388,2ec2ba37fa8cbb0b
0,S01,persistence,F_L,left,3,SS_vs_seasonal,0.005457481354463778,32388,2ec2ba37fa8cbb0b
0,S01,persistence,F_L,left,3,SS_vs_ar,-0.05001401255426119,32388,2ec2ba37fa8cbb0b
0,S01,persistence,F_L,left,4,MSE,42.9524484788264,32388,2ec2ba37fa8cbb0b
0,S01,persistence,F_L,left,4,MAE,4.612147633346552,32388,2ec2ba37fa8cbb0b
0,S01,persistence,F_L,left,4,SS_vs_persistence,2.3314683517128287e-14,32388,2ec2ba37fa8cbb0b
0,S01,persistence,F_L,left,4,SS_vs_seasonal,0.003557997843692373,32388,2ec2ba37fa8cbb0b
0,S01,persistence,F_L,left,4,SS_vs_ar,-0.060245676079949684,32388,2ec2ba37fa8cbb0b
0,S01,persistence,F_L,left,5,MSE,50.20490825286866,32388,2ec2ba37fa8cbb0b
0,S01,persistence,F_L,left,5,MAE,5.069163596290004,32388,2ec2ba37fa8cbb0b
0,S01,persistence,F_L,left,5,SS_vs_persistence,1.9984014443252818e-14,32388,2ec2ba37fa8cbb0b
0,S01,persistence,F_L,left,5,SS_vs_seasonal,0.0023231074218520442,32388,2ec2ba37fa8cbb0b
0,S01,persistence,F_L,left,5,SS_vs_ar,-0.06743689901235173,32388,2ec2ba37fa8cbb0b
0,S01,persistence,F_L,left,6,MSE,57.12439311108948,32388,2ec2ba37fa8cbb0b
0,S01,persistence,F_L,left,6,MAE,5.472699075241626,32388,2ec2ba37fa8cbb0b
0,S01,persistence,F_L,left,6,SS_vs_persistence,1.7541523789077473e-14,32388,2ec2ba37fa8cbb0b
0,S01,persistence,F_L,left,6,SS_vs_seasonal,0.002079061590149034,32388,2ec2ba37fa8cbb0b
0,S01,persistence,F_L,left,6,SS_vs_ar,-0.07148418446071214,32388,2ec2ba37fa8cbb0b
0,S01,persistence,F_L,left,all,MSE,37.15696667216993,32388,2ec2ba37fa8cbb0b
0,S01,persistence,F_L,left,all,MAE,4.149317795691172,32388,2ec2ba37fa8cbb0b
0,S01,persistence,F_L,left,all,Hausdorff,2.995110688110277,32388,2ec2ba37fa8cbb0b
0,S01,persistence,F_L,left,all,SS_vs_persistence,2.6978419498391304e-14,32388,2ec2ba37fa8cbb0b
0,S01,persistence,F_L,left,all,HD_ratio_vs_persistence,1.0,32388,2ec2ba37fa8cbb0b
0,S01,persistence,F_L,left,all,SS_vs_seasonal,0.00489816657744202,32388,2ec2ba37fa8cbb0b
0,S01,persistence,F_L,left,all,HD_ratio_vs_seasonal,0.9970944089885444,32388,2ec2ba37fa8cbb0b
0,S01,persistence,F_L,left,all,SS_vs_ar,-0.05785540209547513,32388,2ec2ba37fa8cbb0b
0,S01,persistence,F_L,left,all,HD_ratio_vs_ar,1.160235455327338,32388,2ec2ba37fa8cbb0b
0,S01,persistence,CoPx_L,left,1,MSE,1.802487782758839e-05,15430,2ec2ba37fa8cbb0b
0,S01,persistence,CoPx_L,left,1,MAE,0.0026773711588463714,15430,2ec2ba37fa8cbb0b
0,S01,persistence,CoPx_L,left,1,SS_vs_persistence,5.547887504953053e-08,15430,2ec2ba37fa8cbb0b
0,S01,persistence,CoPx_L,left,1,SS_vs_seasonal,5.547887504953053e-08,15430,2ec2ba37fa8cbb0b
0,S01,persistence,CoPx_L,left,1,SS_vs_ar,-0.11191855299621278,15430,2ec2ba37fa8cbb0b
0,S01,persistence,CoPx_L,left,2,MSE,2.4883306832519078e-05,15430,2ec2ba37fa8cbb0b
0,S01,persistence,CoPx_L,left,2,MAE,0.003354078656236851,15430,2ec2ba37fa8cbb0b
0,S01,persistence,CoPx_L,left,2,SS_vs_persistence,4.018758303914183e-08,15430,2ec2ba37fa8cbb0b
0,S01,persistence,CoPx_L,left,2,SS_vs_seasonal,4.018758303914183e-08,15430,2ec2ba37fa8cbb0b
0,S01,persistence,CoPx_L,left,2,SS_vs_ar,-0.13016703782317007,15430,2ec2ba37fa8cbb0b
0,S01,persistence,CoPx_L,left,3,MSE,3.07817897511253e-05,15430,2ec2ba37fa8cbb0b
0,S01,persistence,CoPx_L,left,3,MAE,0.0037877367470586817,15430,2ec2ba37fa8cbb0b
0,S01,persistence,CoPx_L,left,3,SS_vs_persistence,3.2486739076631466e-08,15430,2ec2ba37fa8cbb0b
0,S01,persistence,CoPx_L,left,3,SS_vs_seasonal,3.2486739076631466e-08,15430,2ec2ba37fa8cbb0b
0,S01,persistence,CoPx_L,left,3,SS_vs_ar,-0.14329003839035592,15430,2ec2ba37fa8cbb0b
0,S01,persistence,CoPx_L,left,4,MSE,3.627259880898392e-05,15430,2ec2ba37fa8cbb0b
0,S01,persistence,CoPx_L,left,4,MAE,0.004191095410836354,15430,2ec2ba37fa8cbb0b
0,S01,persistence,CoPx_L,left,4,SS_vs_persistence,2.7569019289686025e-08,15430,2ec2ba37fa8cbb0b
0,S01,persistence,CoPx_L,left,4,SS_vs_seasonal,2.7569019289686025e-08,15430,2ec2ba37fa8cbb0b
0,S01,persistence,CoPx_L,left,4,SS_vs_ar,-0.16451122338240265,15430,2ec2ba37fa8cbb0b
0,S01,persistence,CoPx_L,left,5,MSE,4.120033453709755e-05,15430,2ec2ba37fa8cbb0b
0,S01,persistence,CoPx_L,left,5,MAE,0.004473997747249322,15430,2ec2ba37fa8cbb0b
0,S01,persistence,CoPx_L,left,5,SS_vs_persistence,2.427164702556439e-08,15430,2ec2ba37fa8cbb0b
0,S01,persistence,CoPx_L,left,5,SS_vs_seasonal,2.427164702556439e-08,15430,2ec2ba37fa8cbb0b
0,S01,persistence,CoPx_L,left,5,SS_vs_ar,-0.20118630416620187,15430,2ec2ba37fa8cbb0b
0,S01,persistence,CoPx_L,left,6,MSE,4.423000154520269e-05,15430,2ec2ba37fa8cbb0b
0,S01,persistence,CoPx_L,left,6,MAE,0.004750621874632115,15430,2ec2ba37fa8cbb0b
0,S01,persistence,CoPx_L,left,6,SS_vs_persistence,2.260908760209901e-08,15430,2ec2ba37fa8cbb0b
0,S01,persistence,CoPx_L,left,6,SS_vs_seasonal,2.260908760209901e-08,15430,2ec2ba37fa8cbb0b
0,S01,persistence,CoPx_L,left,6,SS_vs_ar,-0.22273253375394475,15430,2ec2ba37fa8cbb0b
0,S01,persistence,CoPx_L,left,all,MSE,3.2556381093009896e-05,15430,2ec2ba37fa8cbb0b
0,S01,persistence,CoPx_L,left,all,MAE,0.003871795323595158,15430,2ec2ba37fa8cbb0b
0,S01,persistence,CoPx_L,left,all,Hausdorff,2.9653102999818626,15430,2ec2ba37fa8cbb0b
0,S01,persistence,CoPx_L,left,all,SS_vs_persistence,3.071594378845077e-08,15430,2ec2ba37fa8cbb0b
0,S01,persistence,CoPx_L,left,all,HD_ratio_vs_persistence,1.0,15430,2ec2ba37fa8cbb0b
0,S01,persistence,CoPx_L,left,all,SS_vs_seasonal,3.071594378845077e-08,15430,2ec2ba37fa8cbb0b
0,S01,persistence,CoPx_L,left,all,HD_ratio_vs_seasonal,1.0,15430,2ec2ba37fa8cbb0b
0,S01,persistence,CoPx_L,left,all,SS_vs_ar,-0.17157669848545898,15430,2ec2ba37fa8cbb0b
0,S01,persistence,CoPx_L,left,all,HD_ratio_vs_ar,1.1663824708086412,15430,2ec2ba37fa8cbb0b
0,S01,persistence,CoPy_L,left,1,MSE,2.1222956693324443e-05,15430,2ec2ba37fa8cbb0b
0,S01,persistence,CoPy_L,left,1,MAE,0.0024420908490112234,15430,2ec2ba37fa8cbb0b
0,S01,persistence,CoPy_L,left,1,SS_vs_persistence,4.7118785873045965e-08,15430,2ec2ba37fa8cbb0b
0,S01,persistence,CoPy_L,left,1,SS_vs_seasonal,4.7118785873045965e-08,15430,2ec2ba37fa8cbb0b
0,S01,persistence,CoPy_L,left,1,SS_vs_ar,-0.1297411044577621,15430,2ec2ba37fa8cbb0b
0,S01,persistence,CoPy_L,left,2,MSE,2.786108987559973e-05,15430,2ec2ba37fa8cbb0b
0,S01,persistence,CoPy_L,left,2,MAE,0.003026567873774325,15430,2ec2ba37fa8cbb0b
0,S01,persistence,CoPy_L,left,2,SS_vs_persistence,3.589234909284755e-08,15430,2ec2ba37fa8cbb0b
0,S01,persistence,CoPy_L,left,2,SS_vs_seasonal,3.589234909284755e-08,15430,2ec2ba37fa8cbb0b
0,S01,persistence,CoPy_L,left,2,SS_vs_ar,-0.20418963665032663,15430,2ec2ba37fa8cbb0b
0,S01,persistence,CoPy_L,left,3,MSE,3.342921062015261e-05,15430,2ec2ba37fa8cbb0b
0,S01,persistence,CoPy_L,left,3,MAE,0.0033711933670320243,15430,2ec2ba37fa8cbb0b
0,S01,persistence,CoPy_L,left,3,SS_vs_persistence,2.991395708917821e-08,15430,2ec2ba37fa8cbb0b
0,S01,persistence,CoPy_L,left,3,SS_vs_seasonal,2.991395708917821e-08,15430,2ec2ba37fa8cbb0b
0,S01,persistence,CoPy_L,left,3,SS_vs_ar,-0.2670742890993192,15430,2ec2ba37fa8cbb0b
0,S01,persistence,CoPy_L,left,4,MSE,3.456724620590617e-05,15430,2ec2ba37fa8cbb0b
0,S01,persistence,CoPy_L,left,4,MAE,0.003587026487057464,15430,2ec2ba37fa8cbb0b
0,S01,persistence,CoPy_L,left,4,SS_vs_persistence,2.8929118878195936e-08,15430,2ec2ba37fa8cbb0b
0,S01,persistence,CoPy_L,left,4,SS_vs_seasonal,2.8929118878195936e-08,15430,2ec2ba37fa8cbb0b
0,S01,persistence,CoPy_L,left,4,SS_vs_ar,-0.2868443790423516,15430,2ec2ba37fa8cbb0b
0,S01,persistence,CoPy_L,left,5,MSE,3.7588767365111605e-05,15430,2ec2ba37fa8cbb0b
0,S01,persistence,CoPy_L,left,5,MAE,0.0038260384487158925,15430,2ec2ba37fa8cbb0b
0,S01,persistence,CoPy_L,left,5,SS_vs_persistence,2.6603691694049303e-08,15430,2ec2ba37fa8cbb0b
0,S01,persistence,CoPy_L,left,5,SS_vs_seasonal,2.6603691694049303e-08,15430,2ec2ba37fa8cbb0b
0,S01,persistence,CoPy_L,left,5,SS_vs_ar,-0.32188817070438813,15430,2ec2ba37fa8cbb0b
0,S01,persistence,CoPy_L,left,6,MSE,3.748096417451485e-05,15430,2ec2ba37fa8cbb0b
0,S01,persistence,CoPy_L,left,6,MAE,0.003913219015850832,15430,2ec2ba37fa8cbb0b
0,S01,persistence,CoPy_L,left,6,SS_vs_persistence,2.6680209486151796e-08,15430,2ec2ba37fa8cbb0b
0,S01,persistence,CoPy_L,left,6,SS_vs_seasonal,2.6680209486151796e-08,15430,2ec2ba37fa8cbb0b
0,S01,persistence,CoPy_L,left,6,SS_vs_ar,-0.2976392306231763,15430,2ec2ba37fa8cbb0b
0,S01,persistence,CoPy_L,left,all,MSE,3.201958358191271e-05,15430,2ec2ba37fa8cbb0b
0,S01,persistence,CoPy_L,left,all,MAE,0.0033605379271723092,15430,2ec2ba37fa8cbb0b
0,S01,persistence,CoPy_L,left,all,Hausdorff,2.8952757714441164,15430,2ec2ba37fa8cbb0b
0,S01,persistence,CoPy_L,left,all,SS_vs_persistence,3.1230886210487085e-08,15430,2ec2ba37fa8cbb0b
0,S01,persistence,CoPy_L,left,all,HD_ratio_vs_persistence,1.0,15430,2ec2ba37fa8cbb0b
0,S01,persistence,CoPy_L,left,all,SS_vs_seasonal,3.1230886210487085e-08,15430,2ec2ba37fa8cbb0b
0,S01,persistence,CoPy_L,left,all,HD_ratio_vs_seasonal,1.0,15430,2ec2ba37fa8cbb0b
0,S01,persistence,CoPy_L,left,all,SS_vs_ar,-0.2600525549508217,15430,2ec2ba37fa8cbb0b
0,S01,persistence,CoPy_L,left,all,HD_ratio_vs_ar,1.1835640803315737,15430,2ec2ba37fa8cbb0b
0,S01,persistence,F_R,right,1,MSE,28.121264220856332,32388,2ec2ba37fa8cbb0b
0,S01,persistence,F_R,right,1,MAE,3.4781877391203193,32388,2ec2ba37fa8cbb0b
0,S01,persistence,F_R,right,1,SS_vs_persistence,3.552713678800501e-14,32388,2ec2ba37fa8cbb0b
0,S01,persistence,F_R,right,1,SS_vs_seasonal,0.04722768145185596,32388,2ec2ba37fa8cbb0b
0,S01,persistence,F_R,right,1,SS_vs_ar,-0.03907354345377212,32388,2ec2ba37fa8cbb0b
0,S01,persistence,F_R,right,2,MSE,61.02950957958787,32388,2ec2ba37fa8cbb0b
0,S01,persistence,F_R,right,2,MAE,5.263838743624664,32388,2ec2ba37fa8cbb0b
0,S01,persistence,F_R,right,2,SS_vs_persistence,1.6431300764452317e-14,32388,2ec2ba37fa8cbb0b
0,S01,persistence,F_R,right,2,SS_vs_seasonal,0.01662360706360666,32388,2ec2ba37fa8cbb0b
0,S01,persistence,F_R,right,2,SS_vs_ar,-0.052575171638296725,32388,2ec2ba37fa8cbb0b
0,S01,persistence,F_R,right,3,MSE,88.08360444320705,32388,2ec2ba37fa8cbb0b
0,S01,persistence,F_R,right,3,MAE,6.461144898546409,32388,2ec2ba37fa8cbb0b
0,S01,persistence,F_R,right,3,SS_vs_persistence,1.1324274851176597e-14,32388,2ec2ba37fa8cbb0b
0,S01,persistence,F_R,right,3,SS_vs_seasonal,0.0078447847593337,32388,2ec2ba37fa8cbb0b
0,S01,persistence,F_R,right,3,SS_vs_ar,-0.0725790143049434,32388,2ec2ba37fa8cbb0b
0,S01,persistence,F_R,right,4,MSE,109.98571992529817,32388,2ec2ba37fa8cbb0b
0,S01,persistence,F_R,right,4,MAE,7.400519242062309,32388,2ec2ba37fa8cbb0b
0,S01,persistence,F_R,right,4,SS_vs_persistence,8.992806499463768e-15,32388,2ec2ba37fa8cbb0b
0,S01,persistence,F_R,right,4,SS_vs_seasonal,0.004196269314215462,32388,2ec2ba37fa8cbb0b
0,S01,persistence,F_R,right,4,SS_vs_ar,-0.08892715975302679,32388,2ec2ba37fa8cbb0b
0,S01,persistence,F_R,right,5,MSE,130.3731172817344,32388,2ec2ba37fa8cbb0b
0,S01,persistence,F_R,right,5,MAE,8.171352616854621,32388,2ec2ba37fa8cbb0b
0,S01,persistence,F_R,right,5,SS_vs_persistence,7.66053886991358e-15,32388,2ec2ba37fa8cbb0b
0,S01,persistence,F_R,right,5,SS_vs_seasonal,0.001869851815797019,32388,2ec2ba37fa8cbb0b
0,S01,persistence,F_R,right,5,SS_vs_ar,-0.10449391017026355,32388,2ec2ba37fa8cbb0b
0,S01,persistence,F_R,right,6,MSE,149.85266894307338,32388,2ec2ba37fa8cbb0b
0,S01,persistence,F_R,right,6,MAE,8.873741949872203,32388,2ec2ba37fa8cbb0b
0,S01,persistence,F_R,right,6,SS_vs_persistence,6.661338147750939e-15,32388,2ec2ba37fa8cbb0b
0,S01,persistence,F_R,right,6,SS_vs_seasonal,0.0006041363308344483,32388,2ec2ba37fa8cbb0b
0,S01,persistence,F_R,right,6,SS_vs_ar,-0.11373055945023824,32388,2ec2ba37fa8cbb0b
0,S01,persistence,F_R,right,all,MSE,94.5743140656262,32388,2ec2ba37fa8cbb0b
0,S01,persistence,F_R,right,all,MAE,6.608130865013421,32388,2ec2ba37fa8cbb0b
0,S01,persistence,F_R,right,all,Hausdorff,3.048839351860543,32388,2ec2ba37fa8cbb0b
0,S01,persistence,F_R,right,all,SS_vs_persistence,1.0547118733938987e-14,32388,2ec2ba37fa8cbb0b
0,S01,persistence,F_R,right,all,HD_ratio_vs_persistence,1.0,32388,2ec2ba37fa8cbb0b
0,S01,persistence,F_R,right,all,SS_vs_seasonal,0.006861398496094129,32388,2ec2ba37fa8cbb0b
0,S01,persistence,F_R,right,all,HD_ratio_vs_seasonal,0.9972393200723917,32388,2ec2ba37fa8cbb0b
0,S01,persistence,F_R,right,all,SS_vs_ar,-0.08964776601740931,32388,2ec2ba37fa8cbb0b
0,S01,persistence,F_R,right,all,HD_ratio_vs_ar,1.1208566535412257,32388,2ec2ba37fa8cbb0b
0,S01,persistence,CoPx_R,right,1,MSE,9.889593937558994e-06,22076,2ec2ba37fa8cbb0b
0,S01,persistence,CoPx_R,right,1,MAE,0.002232399130856286,22076,2ec2ba37fa8cbb0b
0,S01,persistence,CoPx_R,right,1,SS_vs_persistence,1.0111637593901435e-07,22076,2ec2ba37fa8cbb0b
0,S01,persistence,CoPx_R,right,1,SS_vs_seasonal,0.24560326499873342,22076,2ec2ba37fa8cbb0b
0,S01,persistence,CoPx_R,right,1,SS_vs_ar,-0.07146443106550482,22076,2ec2ba37fa8cbb0b
0,S01,persistence,CoPx_R,right,2,MSE,1.6302370438032494e-05,22076,2ec2ba37fa8cbb0b
0,S01,persistence,CoPx_R,right,2,MAE,0.0028819002643916797,22076,2ec2ba37fa8cbb0b
0,S01,persistence,CoPx_R,right,2,SS_vs_persistence,6.13407689087353e-08,22076,2ec2ba37fa8cbb0b
0,S01,persistence,CoPx_R,right,2,SS_vs_seasonal,0.1476445965931169,22076,2ec2ba37fa8cbb0b
0,S01,persistence,CoPx_R,right,2,SS_vs_ar,-0.11347602186062034,22076,2ec2ba37fa8cbb0b
0,S01,persistence,CoPx_R,right,3,MSE,2.1019839878444844e-05,22076,2ec2ba37fa8cbb0b
0,S01,persistence,CoPx_R,right,3,MAE,0.0032612139302580804,22076,2ec2ba37fa8cbb0b
0,S01,persistence,CoPx_R,right,3,SS_vs_persistence,4.757409943767499e-08,22076,2ec2ba37fa8cbb0b
0,S01,persistence,CoPx_R,right,3,SS_vs_seasonal,0.10632159678195385,22076,2ec2ba37fa8cbb0b
0,S01,persistence,CoPx_R,right,3,SS_vs_ar,-0.1404172720763015,22076,2ec2ba37fa8cbb0b
0,S01,persistence,CoPx_R,right,4,MSE,2.516888544685847e-05,22076,2ec2ba37fa8cbb0b
0,S01,persistence,CoPx_R,right,4,MAE,0.0035399606910015433,22076,2ec2ba37fa8cbb0b
0,S01,persistence,CoPx_R,right,4,SS_vs_persistence,3.973159490300304e-08,22076,2ec2ba37fa8cbb0b
0,S01,persistence,CoPx_R,right,4,SS_vs_seasonal,0.07274184749595591,22076,2ec2ba37fa8cbb0b
0,S01,persistence,CoPx_R,right,4,SS_vs_ar,-0.16439441753404926,22076,2ec2ba37fa8cbb0b
0,S01,persistence,CoPx_R,right,5,MSE,2.8199441938636327e-05,22076,2ec2ba37fa8cbb0b
0,S01,persistence,CoPx_R,right,5,MAE,0.0037340808968946253,22076,2ec2ba37fa8cbb0b
0,S01,persistence,CoPx_R,right,5,SS_vs_persistence,3.546169335955085e-08,22076,2ec2ba37fa8cbb0b
0,S01,persistence,CoPx_R,right,5,SS_vs_seasonal,0.053549575845404984,22076,2ec2ba37fa8cbb0b
0,S01,persistence,CoPx_R,right,5,SS_vs_ar,-0.1769207506517958,22076,2ec2ba37fa8cbb0b
0,S01,persistence,CoPx_R,right,6,MSE,3.1367197811561523e-05,22076,2ec2ba37fa8cbb0b
0,S01,persistence,CoPx_R,right,6,MAE,0.003987765974591332,22076,2ec2ba37fa8cbb0b
0,S01,persistence,CoPx_R,right,6,SS_vs_persistence,3.188043695701026e-08,22076,2ec2ba37fa8cbb0b
0,S01,persistence,CoPx_R,right,6,SS_vs_seasonal,0.03742316164437154,22076,2ec2ba37fa8cbb0b
0,S01,persistence,CoPx_R,right,6,SS_vs_ar,-0.200796109481987,22076,2ec2ba37fa8cbb0b
0,S01,persistence,CoPx_R,right,all,MSE,2.1964690071130963e-05,22076,2ec2ba37fa8cbb0b
0,S01,persistence,CoPx_R,right,all,MAE,0.0032708171855701583,22076,2ec2ba37fa8cbb0b
0,S01,persistence,CoPx_R,right,all,Hausdorff,2.8411732604358866,22076,2ec2ba37fa8cbb0b
0,S01,persistence,CoPx_R,right,all,SS_vs_persistence,4.552761501130931e-08,22076,2ec2ba37fa8cbb0b
0,S01,persistence,CoPx_R,right,all,HD_ratio_vs_persistence,1.0,22076,2ec2ba37fa8cbb0b
0,S01,persistence,CoPx_R,right,all,SS_vs_seasonal,0.0919781224725934,22076,2ec2ba37fa8cbb0b
0,S01,persistence,CoPx_R,right,all,HD_ratio_vs_seasonal,0.9855115010906587,22076,2ec2ba37fa8cbb0b
0,S01,persistence,CoPx_R,right,all,SS_vs_ar,-0.15729529528549024,22076,2ec2ba37fa8cbb0b
0,S01,persistence,CoPx_R,right,all,HD_ratio_vs_ar,1.1871079862131204,22076,2ec2ba37fa8cbb0b
0,S01,persistence,CoPy_R,right,1,MSE,9.813987589050312e-06,22076,2ec2ba37fa8cbb0b
0,S01,persistence,CoPy_R,right,1,MAE,0.002209867923355502,22076,2ec2ba37fa8cbb0b
0,S01,persistence,CoPy_R,right,1,SS_vs_persistence,1.0189537014149153e-07,22076,2ec2ba37fa8cbb0b
0,S01,persistence,CoPy_R,right,1,SS_vs_seasonal,0.06851556710177242,22076,2ec2ba37fa8cbb0b
0,S01,persistence,CoPy_R,right,1,SS_vs_ar,0.12330564811416156,22076,2ec2ba37fa8cbb0b
0,S01,persistence,CoPy_R,right,2,MSE,1.6626288280935496e-05,22076,2ec2ba37fa8cbb0b
0,S01,persistence,CoPy_R,right,2,MAE,0.0028972239051930373,22076,2ec2ba37fa8cbb0b
0,S01,persistence,CoPy_R,right,2,SS_vs_persistence,6.014571152235249e-08,22076,2ec2ba37fa8cbb0b
0,S01,persistence,CoPy_R,right,2,SS_vs_seasonal,0.02578230812841431,22076,2ec2ba37fa8cbb0b
0,S01,persistence,CoPy_R,right,2,SS_vs_ar,0.22805757171403007,22076,2ec2ba37fa8cbb0b
0,S01,persistence,CoPy_R,right,3,MSE,2.0991587100692148e-05,22076,2ec2ba37fa8cbb0b
0,S01,persistence,CoPy_R,right,3,MAE,0.003242558889632728,22076,2ec2ba37fa8cbb0b
0,S01,persistence,CoPy_R,right,3,SS_vs_persistence,4.763812988528571e-08,22076,2ec2ba37fa8cbb0b
0,S01,persistence,CoPy_R,right,3,SS_vs_seasonal,0.01498723108761335,22076,2ec2ba37fa8cbb0b
0,S01,persistence,CoPy_R,right,3,SS_vs_ar,0.31221798622956787,22076,2ec2ba37fa8cbb0b
0,S01,persistence,CoPy_R,right,4,MSE,2.441176200039493e-05,22076,2ec2ba37fa8cbb0b
0,S01,persistence,CoPy_R,right,4,MAE,0.003565675693242194,22076,2ec2ba37fa8cbb0b
0,S01,persistence,CoPy_R,right,4,SS_vs_persistence,4.09638583054317e-08,22076,2ec2ba37fa8cbb0b
0,S01,persistence,CoPy_R,right,4,SS_vs_seasonal,0.007627499949823036,22076,2ec2ba37fa8cbb0b
0,S01,persistence,CoPy_R,right,4,SS_vs_ar,0.379797378104484,22076,2ec2ba37fa8cbb0b
0,S01,persistence,CoPy_R,right,5,MSE,2.7557763452863368e-05,22076,2ec2ba37fa8cbb0b
0,S01,persistence,CoPy_R,right,5,MAE,0.0038258212260172514,22076,2ec2ba37fa8cbb0b
0,S01,persistence,CoPy_R,right,5,SS_vs_persistence,3.628741374051003e-08,22076,2ec2ba37fa8cbb0b
0,S01,persistence,CoPy_R,right,5,SS_vs_seasonal,0.000950848118247416,22076,2ec2ba37fa8cbb0b
0,S01,persistence,CoPy_R,right,5,SS_vs_ar,0.4245863472206627,22076,2ec2ba37fa8cbb0b
0,S01,persistence,CoPy_R,right,6,MSE,3.058526990552135e-05,22076,2ec2ba37fa8cbb0b
0,S01,persistence,CoPy_R,right,6,MAE,0.004037848689040999,22076,2ec2ba37fa8cbb0b
0,S01,persistence,CoPy_R,right,6,SS_vs_persistence,3.269547643736104e-08,22076,2ec2ba37fa8cbb0b
0,S01,persistence,CoPy_R,right,6,SS_vs_seasonal,-0.001107339660358253,22076,2ec2ba37fa8cbb0b
0,S01,persistence,CoPy_R,right,6,SS_vs_ar,0.4598254836675001,22076,2ec2ba37fa8cbb0b
0,S01,persistence,CoPy_R,right,all,MSE,2.1639257927373304e-05,22076,2ec2ba37fa8cbb0b
0,S01,persistence,CoPy_R,right,all,MAE,0.003294310248844173,22076,2ec2ba37fa8cbb0b
0,S01,persistence,CoPy_R,right,all,Hausdorff,2.882479031549548,22076,2ec2ba37fa8cbb0b
0,S01,persistence,CoPy_R,right,all,SS_vs_persistence,4.621230342838345e-08,22076,2ec2ba37fa8cbb0b
0,S01,persistence,CoPy_R,right,all,HD_ratio_vs_persistence,1.0,22076,2ec2ba37fa8cbb0b
0,S01,persistence,CoPy_R,right,all,SS_vs_seasonal,0.012675499611500163,22076,2ec2ba37fa8cbb0b
0,S01,persistence,CoPy_R,right,all,HD_ratio_vs_seasonal,0.992839320018404,22076,2ec2ba37fa8cbb0b
0,S01,persistence,CoPy_R,right,all,SS_vs_ar,0.37211205603163333,22076,2ec2ba37fa8cbb0b
0,S01,persistence,CoPy_R,right,all,HD_ratio_vs_ar,0.8723387579008701,22076,2ec2ba37fa8cbb0b
0,S01,seasonal,F_L,left,1,MSE,13.211569091235262,32388,2ec2ba37fa8cbb0b
0,S01,seasonal,F_L,left,1,MAE,2.3443444708887404,32388,2ec2ba37fa8cbb0b
0,S01,seasonal,F_L,left,1,SS_vs_persistence,-0.021646610722923842,32388,2ec2ba37fa8cbb0b
0,S01,seasonal,F_L,left,1,SS_vs_seasonal,7.571721027943568e-14,32388,2ec2ba37fa8cbb0b
0,S01,seasonal,F_L,left,1,SS_vs_ar,-0.03816218382733849,32388,2ec2ba37fa8cbb0b
0,S01,seasonal,F_L,left,2,MSE,25.096128091470398,32388,2ec2ba37fa8cbb0b
0,S01,seasonal,F_L,left,2,MAE,3.3833510182265134,32388,2ec2ba37fa8cbb0b
0,S01,seasonal,F_L,left,2,SS_vs_persistence,-0.009526707938834589,32388,2ec2ba37fa8cbb0b
0,S01,seasonal,F_L,left,2,SS_vs_seasonal,3.9745984281580604e-14,32388,2ec2ba37fa8cbb0b
0,S01,seasonal,F_L,left,2,SS_vs_ar,-0.04757376029723548,32388,2ec2ba37fa8cbb0b
0,S01,seasonal,F_L,left,3,MSE,35.06044828739271,32388,2ec2ba37fa8cbb0b
0,S01,seasonal,F_L,left,3,MAE,4.103019553230797,32388,2ec2ba37fa8cbb0b
0,S01,seasonal,F_L,left,3,SS_vs_persistence,-0.005487428895286417,32388,2ec2ba37fa8cbb0b
0,S01,seasonal,F_L,left,3,SS_vs_seasonal,2.853273173286652e-14,32388,2ec2ba37fa8cbb0b
0,S01,seasonal,F_L,left,3,SS_vs_ar,-0.055775889787237354,32388,2ec2ba37fa8cbb0b
0,S01,seasonal,F_L,left,4,MSE,43.10581888948478,32388,2ec2ba37fa8cbb0b
0,S01,seasonal,F_L,left,4,MAE,4.628793994158716,32388,2ec2ba37fa8cbb0b
0,S01,seasonal,F_L,left,4,SS_vs_persistence,-0.0035707023950679595,32388,2ec2ba37fa8cbb0b
0,S01,seasonal,F_L,left,4,SS_vs_seasonal,2.3203661214665772e-14,32388,2ec2ba37fa8cbb0b
0,S01,seasonal,F_L,left,4,SS_vs_ar,-0.06403149785491369,32388,2ec2ba37fa8cbb0b
0,S01,seasonal,F_L,left,5,MSE,50.32181122600784,32388,2ec2ba37fa8cbb0b
0,S01,seasonal,F_L,left,5,MAE,5.082168369922164,32388,2ec2ba37fa8cbb0b
0,S01,seasonal,F_L,left,5,SS_vs_persistence,-0.002328516816510584,32388,2ec2ba37fa8cbb0b
0,S01,seasonal,F_L,left,5,SS_vs_seasonal,1.9872992140790302e-14,32388,2ec2ba37fa8cbb0b
0,S01,seasonal,F_L,left,5,SS_vs_ar,-0.06992244378228718,32388,2ec2ba37fa8cbb0b
0,S01,seasonal,F_L,left,6,MSE,57.2434056771211,32388,2ec2ba37fa8cbb0b
0,S01,seasonal,F_L,left,6,MAE,5.484576468027799,32388,2ec2ba37fa8cbb0b
0,S01,seasonal,F_L,left,6,SS_vs_persistence,-0.0020833930926700273,32388,2ec2ba37fa8cbb0b
0,S01,seasonal,F_L,left,6,SS_vs_seasonal,1.7541523789077473e-14,32388,2ec2ba37fa8cbb0b
0,S01,seasonal,F_L,left,6,SS_vs_ar,-0.07371650720954159,32388,2ec2ba37fa8cbb0b
0,S01,seasonal,F_L,left,all,MSE,37.33986354378535,32388,2ec2ba37fa8cbb0b
0,S01,seasonal,F_L,left,all,MAE,4.171042312409122,32388,2ec2ba37fa8cbb0b
0,S01,seasonal,F_L,left,all,Hausdorff,3.0038386145886893,32388,2ec2ba37fa8cbb0b
0,S01,seasonal,F_L,left,all,SS_vs_persistence,-0.004922276708647422,32388,2ec2ba37fa8cbb0b
0,S01,seasonal,F_L,left,all,HD_ratio_vs_persistence,1.0029140580723976,32388,2ec2ba37fa8cbb0b
0,S01,seasonal,F_L,left,all,SS_vs_seasonal,2.6867397195928788e-14,32388,2ec2ba37fa8cbb0b
0,S01,seasonal,F_L,left,all,HD_ratio_vs_seasonal,1.0,32388,2ec2ba37fa8cbb0b
0,S01,seasonal,F_L,left,all,SS_vs_ar,-0.06306245910235542,32388,2ec2ba37fa8cbb0b
0,S01,seasonal,F_L,left,all,HD_ratio_vs_ar,1.1636164488218166,32388,2ec2ba37fa8cbb0b
0,S01,seasonal,CoPx_L,left,1,MSE,1.802487782758839e-05,15430,2ec2ba37fa8cbb0b
0,S01,seasonal,CoPx_L,left,1,MAE,0.0026773711588463714,15430,2ec2ba37fa8cbb0b
0,S01,seasonal,CoPx_L,left,1,SS_vs_persistence,5.547887504953053e-08,15430,2ec2ba37fa8cbb0b
0,S01,seasonal,CoPx_L,left,1,SS_vs_seasonal,5.547887504953053e-08,15430,2ec2ba37fa8cbb0b
0,S01,seasonal,CoPx_L,left,1,SS_vs_ar,-0.11191855299621278,15430,2ec2ba37fa8cbb0b
0,S01,seasonal,CoPx_L,left,2,MSE,2.4883306832519078e-05,15430,2ec2ba37fa8cbb0b
0,S01,seasonal,CoPx_L,left,2,MAE,0.003354078656236851,15430,2ec2ba37fa8cbb0b
0,S01,seasonal,CoPx_L,left,2,SS_vs_persistence,4.018758303914183e-08,15430,2ec2ba37fa8cbb0b
0,S01,seasonal,CoPx_L,left,2,SS_vs_seasonal,4.018758303914183e-08,15430,2ec2ba37fa8cbb0b
0,S01,seasonal,CoPx_L,left,2,SS_vs_ar,-0.13016703782317007,15430,2ec2ba37fa8cbb0b
0,S01,seasonal,CoPx_L,left,3,MSE,3.07817897511253e-05,15430,2ec2ba37fa8cbb0b
0,S01,seasonal,CoPx_L,left,3,MAE,0.0037877367470586817,15430,2ec2ba37fa8cbb0b
0,S01,seasonal,CoPx_L,left,3,SS_vs_persistence,3.2486739076631466e-08,15430,2ec2ba37fa8cbb0b
0,S01,seasonal,CoPx_L,left,3,SS_vs_seasonal,3.2486739076631466e-08,15430,2ec2ba37fa8cbb0b
0,S01,seasonal,CoPx_L,left,3,SS_vs_ar,-0.14329003839035592,15430,2ec2ba37fa8cbb0b
0,S01,seasonal,CoPx_L,left,4,MSE,3.627259880898392e-05,15430,2ec2ba37fa8cbb0b
0,S01,seasonal,CoPx_L,left,4,MAE,0.004191095410836354,15430,2ec2ba37fa8cbb0b
0,S01,seasonal,CoPx_L,left,4,SS_vs_persistence,2.7569019289686025e-08,15430,2ec2ba37fa8cbb0b
0,S01,seasonal,CoPx_L,left,4,SS_vs_seasonal,2.7569019289686025e-08,15430,2ec2ba37fa8cbb0b
0,S01,seasonal,CoPx_L,left,4,SS_vs_ar,-0.16451122338240265,15430,2ec2ba37fa8cbb0b
0,S01,seasonal,CoPx_L,left,5,MSE,4.120033453709755e-05,15430,2ec2ba37fa8cbb0b
0,S01,seasonal,CoPx_L,left,5,MAE,0.004473997747249322,15430,2ec2ba37fa8cbb0b
0,S01,seasonal,CoPx_L,left,5,SS_vs_persistence,2.427164702556439e-08,15430,2ec2ba37fa8cbb0b
0,S01,seasonal,CoPx_L,left,5,SS_vs_seasonal,2.427164702556439e-08,15430,2ec2ba37fa8cbb0b
0,S01,seasonal,CoPx_L,left,5,SS_vs_ar,-0.20118630416620187,15430,2ec2ba37fa8cbb0b
0,S01,seasonal,CoPx_L,left,6,MSE,4.423000154520269e-05,15430,2ec2ba37fa8cbb0b
0,S01,seasonal,CoPx_L,left,6,MAE,0.004750621874632115,15430,2ec2ba37fa8cbb0b
0,S01,seasonal,CoPx_L,left,6,SS_vs_persistence,2.260908760209901e-08,15430,2ec2ba37fa8cbb0b
0,S01,seasonal,CoPx_L,left,6,SS_vs_seasonal,2.260908760209901e-08,15430,2ec2ba37fa8cbb0b
0,S01,seasonal,CoPx_L,left,6,SS_vs_ar,-0.22273253375394475,15430,2ec2ba37fa8cbb0b
0,S01,seasonal,CoPx_L,left,all,MSE,3.2556381093009896e-05,15430,2ec2ba37fa8cbb0b
0,S01,seasonal,CoPx_L,left,all,MAE,0.003871795323595158,15430,2ec2ba37fa8cbb0b
0,S01,seasonal,CoPx_L,left,all,Hausdorff,2.9653102999818626,15430,2ec2ba37fa8cbb0b
0,S01,seasonal,CoPx_L,left,all,SS_vs_persistence,3.071594378845077e-08,15430,2ec2ba37fa8cbb0b
0,S01,seasonal,CoPx_L,left,all,HD_ratio_vs_persistence,1.0,15430,2ec2ba37fa8cbb0b
0,S01,seasonal,CoPx_L,left,all,SS_vs_seasonal,3.071594378845077e-08,15430,2ec2ba37fa8cbb0b
0,S01,seasonal,CoPx_L,left,all,HD_ratio_vs_seasonal,1.0,15430,2ec2ba37fa8cbb0b
0,S01,seasonal,CoPx_L,left,all,SS_vs_ar,-0.17157669848545898,15430,2ec2ba37fa8cbb0b
0,S01,seasonal,CoPx_L,left,all,HD_ratio_vs_ar,1.1663824708086412,15430,2ec2ba37fa8cbb0b
0,S01,seasonal,CoPy_L,left,1,MSE,2.1222956693324443e-05,15430,2ec2ba37fa8cbb0b
0,S01,seasonal,CoPy_L,left,1,MAE,0.0024420908490112234,15430,2ec2ba37fa8cbb0b
0,S01,seasonal,CoPy_L,left,1,SS_vs_persistence,4.7118785873045965e-08,15430,2ec2ba37fa8cbb0b
0,S01,seasonal,CoPy_L,left,1,SS_vs_seasonal,4.7118785873045965e-08,15430,2ec2ba37fa8cbb0b
0,S01,seasonal,CoPy_L,left,1,SS_vs_ar,-0.1297411044577621,15430,2ec2ba37fa8cbb0b
0,S01,seasonal,CoPy_L,left,2,MSE,2.786108987559973e-05,15430,2ec2ba37fa8cbb0b
0,S01,seasonal,CoPy_L,left,2,MAE,0.003026567873774325,15430,2ec2ba37fa8cbb0b
0,S01,seasonal,CoPy_L,left,2,SS_vs_persistence,3.589234909284755e-08,15430,2ec2ba37fa8cbb0b
0,S01,seasonal,CoPy_L,left,2,SS_vs_seasonal,3.589234909284755e-08,15430,2ec2ba37fa8cbb0b
0,S01,seasonal,CoPy_L,left,2,SS_vs_ar,-0.20418963665032663,15430,2ec2ba37fa8cbb0b
0,S01,seasonal,CoPy_L,left,3,MSE,3.342921062015261e-05,15430,2ec2ba37fa8cbb0b
0,S01,seasonal,CoPy_L,left,3,MAE,0.0033711933670320243,15430,2ec2ba37fa8cbb0b
0,S01,seasonal,CoPy_L,left,3,SS_vs_persistence,2.991395708917821e-08,15430,2ec2ba37fa8cbb0b
0,S01,seasonal,CoPy_L,left,3,SS_vs_seasonal,2.991395708917821e-08,15430,2ec2ba37fa8cbb0b
0,S01,seasonal,CoPy_L,left,3,SS_vs_ar,-0.2670742890993192,15430,2ec2ba37fa8cbb0b
0,S01,seasonal,CoPy_L,left,4,MSE,3.456724620590617e-05,15430,2ec2ba37fa8cbb0b
0,S01,seasonal,CoPy_L,left,4,MAE,0.003587026487057464,15430,2ec2ba37fa8cbb0b
0,S01,seasonal,CoPy_L,left,4,SS_vs_persistence,2.8929118878195936e-08,15430,2ec2ba37fa8cbb0b
0,S01,seasonal,CoPy_L,left,4,SS_vs_seasonal,2.8929118878195936e-08,15430,2ec2ba37fa8cbb0b
0,S01,seasonal,CoPy_L,left,4,SS_vs_ar,-0.2868443790423516,15430,2ec2ba37fa8cbb0b
0,S01,seasonal,CoPy_L,left,5,MSE,3.7588767365111605e-05,15430,2ec2ba37fa8cbb0b
0,S01,seasonal,CoPy_L,left,5,MAE,0.0038260384487158925,15430,2ec2ba37fa8cbb0b
0,S01,seasonal,CoPy_L,left,5,SS_vs_persistence,2.6603691694049303e-08,15430,2ec2ba37fa8cbb0b
0,S01,seasonal,CoPy_L,left,5,SS_vs_seasonal,2.6603691694049303e-08,15430,2ec2ba37fa8cbb0b
0,S01,seasonal,CoPy_L,left,5,SS_vs_ar,-0.32188817070438813,15430,2ec2ba37fa8cbb0b
0,S01,seasonal,CoPy_L,left,6,MSE,3.748096417451485e-05,15430,2ec2ba37fa8cbb0b
0,S01,seasonal,CoPy_L,left,6,MAE,0.003913219015850832,15430,2ec2ba37fa8cbb0b
0,S01,seasonal,CoPy_L,left,6,SS_vs_persistence,2.6680209486151796e-08,15430,2ec2ba37fa8cbb0b
0,S01,seasonal,CoPy_L,left,6,SS_vs_seasonal,2.6680209486151796e-08,15430,2ec2ba37fa8cbb0b
0,S01,seasonal,CoPy_L,left,6,SS_vs_ar,-0.2976392306231763,15430,2ec2ba37fa8cbb0b
0,S01,seasonal,CoPy_L,left,all,MSE,3.201958358191271e-05,15430,2ec2ba37fa8cbb0b
0,S01,seasonal,CoPy_L,left,all,MAE,0.0033605379271723092,15430,2ec2ba37fa8cbb0b
0,S01,seasonal,CoPy_L,left,all,Hausdorff,2.8952757714441164,15430,2ec2ba37fa8cbb0b
0,S01,seasonal,CoPy_L,left,all,SS_vs_persistence,3.1230886210487085e-08,15430,2ec2ba37fa8cbb0b
0,S01,seasonal,CoPy_L,left,all,HD_ratio_vs_persistence,1.0,15430,2ec2ba37fa8cbb0b
0,S01,seasonal,CoPy_L,left,all,SS_vs_seasonal,3.1230886210487085e-08,15430,2ec2ba37fa8cbb0b
0,S01,seasonal,CoPy_L,left,all,HD_ratio_vs_seasonal,1.0,15430,2ec2ba37fa8cbb0b
0,S01,seasonal,CoPy_L,left,all,SS_vs_ar,-0.2600525549508217,15430,2ec2ba37fa8cbb0b
0,S01,seasonal,CoPy_L,left,all,HD_ratio_vs_ar,1.1835640803315737,15430,2ec2ba37fa8cbb0b
0,S01,seasonal,F_R,right,1,MSE,29.515198619232766,32388,2ec2ba37fa8cbb0b
0,S01,seasonal,F_R,right,1,MAE,3.566953457651778,32388,2ec2ba37fa8cbb0b
0,S01,seasonal,F_R,right,1,SS_vs_persistence,-0.04956869603826575,32388,2ec2ba37fa8cbb0b
0,S01,seasonal,F_R,right,1,SS_vs_seasonal,3.3861802251067274e-14,32388,2ec2ba37fa8cbb0b
0,S01,seasonal,F_R,right,1,SS_vs_ar,-0.09057906409067473,32388,2ec2ba37fa8cbb0b
0,S01,seasonal,F_R,right,2,MSE,62.06119042307983,32388,2ec2ba37fa8cbb0b
0,S01,seasonal,F_R,right,2,MAE,5.327661367997985,32388,2ec2ba37fa8cbb0b
0,S01,seasonal,F_R,right,2,SS_vs_persistence,-0.01690462287175265,32388,2ec2ba37fa8cbb0b
0,S01,seasonal,F_R,right,2,SS_vs_seasonal,1.609823385706477e-14,32388,2ec2ba37fa8cbb0b
0,S01,seasonal,F_R,right,2,SS_vs_ar,-0.07036855795903008,32388,2ec2ba37fa8cbb0b
0,S01,seasonal,F_R,right,3,MSE,88.78006494360834,32388,2ec2ba37fa8cbb0b
0,S01,seasonal,F_R,right,3,MAE,6.500953275744851,32388,2ec2ba37fa8cbb0b
0,S01,seasonal,F_R,right,3,SS_vs_persistence,-0.007906811997564711,32388,2ec2ba37fa8cbb0b
0,S01,seasonal,F_R,right,3,SS_vs_seasonal,1.1213252548714081e-14,32388,2ec2ba37fa8cbb0b
0,S01,seasonal,F_R,right,3,SS_vs_ar,-0.08105969492359799,32388,2ec2ba37fa8cbb0b
0,S01,seasonal,F_R,right,4,MSE,110.44919449091924,32388,2ec2ba37fa8cbb0b
0,S01,seasonal,F_R,right,4,MAE,7.425996953533861,32388,2ec2ba37fa8cbb0b
0,S01,seasonal,F_R,right,4,SS_vs_persistence,-0.004213952192474224,32388,2ec2ba37fa8cbb0b
0,S01,seasonal,F_R,right,4,SS_vs_seasonal,8.992806499463768e-15,32388,2ec2ba37fa8cbb0b
0,S01,seasonal,F_R,right,4,SS_vs_ar,-0.09351584674532254,32388,2ec2ba37fa8cbb0b
0,S01,seasonal,F_R,right,5,MSE,130.61735237524687,32388,2ec2ba37fa8cbb0b
0,S01,seasonal,F_R,right,5,MAE,8.184796746371632,32388,2ec2ba37fa8cbb0b
0,S01,seasonal,F_R,right,5,SS_vs_persistence,-0.001873354711490638,32388,2ec2ba37fa8cbb0b
0,S01,seasonal,F_R,right,5,SS_vs_seasonal,7.66053886991358e-15,32388,2ec2ba37fa8cbb0b
0,S01,seasonal,F_R,right,5,SS_vs_ar,-0.10656301904070231,32388,2ec2ba37fa8cbb0b
0,S01,seasonal,F_R,right,6,MSE,149.94325511104856,32388,2ec2ba37fa8cbb0b
0,S01,seasonal,F_R,right,6,MAE,8.877624376034817,32388,2ec2ba37fa8cbb0b
0,S01,seasonal,F_R,right,6,SS_vs_persistence,-0.000604501532158741,32388,2ec2ba37fa8cbb0b
0,S01,seasonal,F_R,right,6,SS_vs_seasonal,6.661338147750939e-15,32388,2ec2ba37fa8cbb0b
0,S01,seasonal,F_R,right,6,SS_vs_ar,-0.11440381127984534,32388,2ec2ba37fa8cbb0b
0,S01,seasonal,F_R,right,all,MSE,95.22770932718927,32388,2ec2ba37fa8cbb0b
0,S01,seasonal,F_R,right,all,MAE,6.64733102955582,32388,2ec2ba37fa8cbb0b
0,S01,seasonal,F_R,right,all,Hausdorff,3.05727952207021,32388,2ec2ba37fa8cbb0b
0,S01,seasonal,F_R,right,all,SS_vs_persistence,-0.006908802543454717,32388,2ec2ba37fa8cbb0b
0,S01,seasonal,F_R,right,all,HD_ratio_vs_persistence,1.0027683223796349,32388,2ec2ba37fa8cbb0b
0,S01,seasonal,F_R,right,all,SS_vs_seasonal,1.0436096431476471e-14,32388,2ec2ba37fa8cbb0b
0,S01,seasonal,F_R,right,all,HD_ratio_vs_seasonal,1.0,32388,2ec2ba37fa8cbb0b
0,S01,seasonal,F_R,right,all,SS_vs_ar,-0.09717592727475144,32388,2ec2ba37fa8cbb0b
0,S01,seasonal,F_R,right,all,HD_ratio_vs_ar,1.1239595460995866,32388,2ec2ba37fa8cbb0b
0,S01,seasonal,CoPx_R,right,1,MSE,1.3109273574925606e-05,22076,2ec2ba37fa8cbb0b
0,S01,seasonal,CoPx_R,right,1,MAE,0.002366220329307527,22076,2ec2ba37fa8cbb0b
0,S01,seasonal,CoPx_R,right,1,SS_vs_persistence,-0.3255622356319998,22076,2ec2ba37fa8cbb0b
0,S01,seasonal,CoPx_R,right,1,SS_vs_seasonal,7.628187159713917e-08,22076,2ec2ba37fa8cbb0b
0,S01,seasonal,CoPx_R,right,1,SS_vs_ar,-0.420292930258233,22076,2ec2ba37fa8cbb0b
0,S01,seasonal,CoPx_R,right,2,MSE,1.912625827268316e-05,22076,2ec2ba37fa8cbb0b
0,S01,seasonal,CoPx_R,right,2,MAE,0.002988064800915002,22076,2ec2ba37fa8cbb0b
0,S01,seasonal,CoPx_R,right,2,SS_vs_persistence,-0.17321938991420005,22076,2ec2ba37fa8cbb0b
0,S01,seasonal,CoPx_R,right,2,SS_vs_seasonal,5.2284139018254905e-08,22076,2ec2ba37fa8cbb0b
0,S01,seasonal,CoPx_R,right,2,SS_vs_ar,-0.3063517391840276,22076,2ec2ba37fa8cbb0b
0,S01,seasonal,CoPx_R,right,3,MSE,2.3520585155774284e-05,22076,2ec2ba37fa8cbb0b
0,S01,seasonal,CoPx_R,right,3,MAE,0.0033518561834209597,22076,2ec2ba37fa8cbb0b
0,S01,seasonal,CoPx_R,right,3,SS_vs_persistence,-0.11897065690415731,22076,2ec2ba37fa8cbb0b
0,S01,seasonal,CoPx_R,right,3,SS_vs_seasonal,4.2515947207277804e-08,22076,2ec2ba37fa8cbb0b
0,S01,seasonal,CoPx_R,right,3,SS_vs_ar,-0.27609352478906635,22076,2ec2ba37fa8cbb0b
0,S01,seasonal,CoPx_R,right,4,MSE,2.7143341313993515e-05,22076,2ec2ba37fa8cbb0b
0,S01,seasonal,CoPx_R,right,4,MAE,0.0036102712307874113,22076,2ec2ba37fa8cbb0b
0,S01,seasonal,CoPx_R,right,4,SS_vs_persistence,-0.07844824089869462,22076,2ec2ba37fa8cbb0b
0,S01,seasonal,CoPx_R,right,4,SS_vs_seasonal,3.684144667115419e-08,22076,2ec2ba37fa8cbb0b
0,S01,seasonal,CoPx_R,right,4,SS_vs_ar,-0.25573916119437534,22076,2ec2ba37fa8cbb0b
0,S01,seasonal,CoPx_R,right,5,MSE,2.979494780973309e-05,22076,2ec2ba37fa8cbb0b
0,S01,seasonal,CoPx_R,right,5,MAE,0.0037847668169605025,22076,2ec2ba37fa8cbb0b
0,S01,seasonal,CoPx_R,right,5,SS_vs_persistence,-0.05657930458302585,22076,2ec2ba37fa8cbb0b
0,S01,seasonal,CoPx_R,right,5,SS_vs_seasonal,3.356273592380887e-08,22076,2ec2ba37fa8cbb0b
0,S01,seasonal,CoPx_R,right,5,SS_vs_ar,-0.24351015236998297,22076,2ec2ba37fa8cbb0b
0,S01,seasonal,CoPx_R,right,6,MSE,3.258669396468059e-05,22076,2ec2ba37fa8cbb0b
0,S01,seasonal,CoPx_R,right,6,MAE,0.004020958975759467,22076,2ec2ba37fa8cbb0b
0,S01,seasonal,CoPx_R,right,6,SS_vs_persistence,-0.03887803818393798,22076,2ec2ba37fa8cbb0b
0,S01,seasonal,CoPx_R,right,6,SS_vs_seasonal,3.068737119971132e-08,22076,2ec2ba37fa8cbb0b
0,S01,seasonal,CoPx_R,right,6,SS_vs_ar,-0.24748074624778305,22076,2ec2ba37fa8cbb0b
0,S01,seasonal,CoPx_R,right,all,MSE,2.4189603474004548e-05,22076,2ec2ba37fa8cbb0b
0,S01,seasonal,CoPx_R,right,all,MAE,0.003351746145237797,22076,2ec2ba37fa8cbb0b
0,S01,seasonal,CoPx_R,right,all,Hausdorff,2.882942773667867,22076,2ec2ba37fa8cbb0b
0,S01,seasonal,CoPx_R,right,all,SS_vs_persistence,-0.10129495542042344,22076,2ec2ba37fa8cbb0b
0,S01,seasonal,CoPx_R,right,all,HD_ratio_vs_persistence,1.0147015015992273,22076,2ec2ba37fa8cbb0b
0,S01,seasonal,CoPx_R,right,all,SS_vs_seasonal,4.1340072365336766e-08,22076,2ec2ba37fa8cbb0b
0,S01,seasonal,CoPx_R,right,all,HD_ratio_vs_seasonal,1.0,22076,2ec2ba37fa8cbb0b
0,S01,seasonal,CoPx_R,right,all,SS_vs_ar,-0.2745235286557164,22076,2ec2ba37fa8cbb0b
0,S01,seasonal,CoPx_R,right,all,HD_ratio_vs_ar,1.2045602561708881,22076,2ec2ba37fa8cbb0b
0,S01,seasonal,CoPy_R,right,1,MSE,1.0535856865616711e-05,22076,2ec2ba37fa8cbb0b
0,S01,seasonal,CoPy_R,right,1,MAE,0.002287169628717914,22076,2ec2ba37fa8cbb0b
0,S01,seasonal,CoPy_R,right,1,SS_vs_persistence,-0.07355503524548657,22076,2ec2ba37fa8cbb0b
0,S01,seasonal,CoPy_R,right,1,SS_vs_seasonal,9.491396069094549e-08,22076,2ec2ba37fa8cbb0b
0,S01,seasonal,CoPy_R,right,1,SS_vs_ar,0.05882026825982245,22076,2ec2ba37fa8cbb0b
0,S01,seasonal,CoPy_R,right,2,MSE,1.7066295803740506e-05,22076,2ec2ba37fa8cbb0b
0,S01,seasonal,CoPy_R,right,2,MAE,0.002949454284092474,22076,2ec2ba37fa8cbb0b
0,S01,seasonal,CoPy_R,right,2,SS_vs_persistence,-0.026464505420914497,22076,2ec2ba37fa8cbb0b
0,S01,seasonal,CoPy_R,right,2,SS_vs_seasonal,5.859501983618287e-08,22076,2ec2ba37fa8cbb0b
0,S01,seasonal,CoPy_R,right,2,SS_vs_ar,0.2076284494782713,22076,2ec2ba37fa8cbb0b
0,S01,seasonal,CoPy_R,right,3,MSE,2.1310978677827175e-05,22076,2ec2ba37fa8cbb0b
0,S01,seasonal,CoPy_R,right,3,MAE,0.0032824554437153926,22076,2ec2ba37fa8cbb0b
0,S01,seasonal,CoPy_R,right,3,SS_vs_persistence,-0.015215169791012562,22076,2ec2ba37fa8cbb0b
0,S01,seasonal,CoPy_R,right,3,SS_vs_seasonal,4.692416843976588e-08,22076,2ec2ba37fa8cbb0b
0,S01,seasonal,CoPy_R,right,3,SS_vs_ar,0.3017532328476761,22076,2ec2ba37fa8cbb0b
0,S01,seasonal,CoPy_R,right,4,MSE,2.459939287594941e-05,22076,2ec2ba37fa8cbb0b
0,S01,seasonal,CoPy_R,right,4,MAE,0.0035905904122160966,22076,2ec2ba37fa8cbb0b
0,S01,seasonal,CoPy_R,right,4,SS_vs_persistence,-0.007686043631975448,22076,2ec2ba37fa8cbb0b
0,S01,seasonal,CoPy_R,right,4,SS_vs_seasonal,4.065140812858914e-08,22076,2ec2ba37fa8cbb0b
0,S01,seasonal,CoPy_R,right,4,SS_vs_ar,0.37503044809076524,22076,2ec2ba37fa8cbb0b
0,S01,seasonal,CoPy_R,right,5,MSE,2.758399063940745e-05,22076,2ec2ba37fa8cbb0b
0,S01,seasonal,CoPy_R,right,5,MAE,0.0038388163361313364,22076,2ec2ba37fa8cbb0b
0,S01,seasonal,CoPy_R,right,5,SS_vs_persistence,-0.0009516804815188351,22076,2ec2ba37fa8cbb0b
0,S01,seasonal,CoPy_R,right,5,SS_vs_seasonal,3.6252911228551454e-08,22076,2ec2ba37fa8cbb0b
0,S01,seasonal,CoPy_R,right,5,SS_vs_ar,0.42403871637836776,22076,2ec2ba37fa8cbb0b
0,S01,seasonal,CoPy_R,right,6,MSE,3.055143808534113e-05,22076,2ec2ba37fa8cbb0b
0,S01,seasonal,CoPy_R,right,6,MAE,0.004044151989478767,22076,2ec2ba37fa8cbb0b
0,S01,seasonal,CoPy_R,right,6,SS_vs_persistence,0.0011061801703418084,22076,2ec2ba37fa8cbb0b
0,S01,seasonal,CoPy_R,right,6,SS_vs_seasonal,3.27316824755286e-08,22076,2ec2ba37fa8cbb0b
0,S01,seasonal,CoPy_R,right,6,SS_vs_ar,0.46042299636426387,22076,2ec2ba37fa8cbb0b
0,S01,seasonal,CoPy_R,right,all,MSE,2.191706671062455e-05,22076,2ec2ba37fa8cbb0b
0,S01,seasonal,CoPy_R,right,all,MAE,0.0033300048186089204,22076,2ec2ba37fa8cbb0b
0,S01,seasonal,CoPy_R,right,all,Hausdorff,2.903268407516451,22076,2ec2ba37fa8cbb0b
0,S01,seasonal,CoPy_R,right,all,SS_vs_persistence,-0.012838137580572395,22076,2ec2ba37fa8cbb0b
0,S01,seasonal,CoPy_R,right,all,HD_ratio_vs_persistence,1.0072123251338023,22076,2ec2ba37fa8cbb0b
0,S01,seasonal,CoPy_R,right,all,SS_vs_seasonal,4.5626541544940835e-08,22076,2ec2ba37fa8cbb0b
0,S01,seasonal,CoPy_R,right,all,HD_ratio_vs_seasonal,1.0,22076,2ec2ba37fa8cbb0b
0,S01,seasonal,CoPy_R,right,all,SS_vs_ar,0.3640511148331219,22076,2ec2ba37fa8cbb0b
0,S01,seasonal,CoPy_R,right,all,HD_ratio_vs_ar,0.8786303486496685,22076,2ec2ba37fa8cbb0b
0,S01,ar,F_L,left,1,MSE,12.725920185734198,32388,2ec2ba37fa8cbb0b
0,S01,ar,F_L,left,1,MAE,2.2835178918437378,32388,2ec2ba37fa8cbb0b
0,S01,ar,F_L,left,1,SS_vs_persistence,0.01590847110574556,32388,2ec2ba37fa8cbb0b
0,S01,ar,F_L,left,1,SS_vs_seasonal,0.036759366139500704,32388,2ec2ba37fa8cbb0b
0,S01,ar,F_L,left,1,SS_vs_ar,7.860379014346108e-14,32388,2ec2ba37fa8cbb0b
0,S01,ar,F_L,left,2,MSE,23.95643060432198,32388,2ec2ba37fa8cbb0b
0,S01,ar,F_L,left,2,MAE,3.3026945888393575,32388,2ec2ba37fa8cbb0b
0,S01,ar,F_L,left,2,SS_vs_persistence,0.03631921092377077,32388,2ec2ba37fa8cbb0b
0,S01,ar,F_L,left,2,SS_vs_seasonal,0.04541327980935539,32388,2ec2ba37fa8cbb0b
0,S01,ar,F_L,left,2,SS_vs_ar,4.163336342344337e-14,32388,2ec2ba37fa8cbb0b
0,S01,ar,F_L,left,3,MSE,33.2082297261563,32388,2ec2ba37fa8cbb0b
0,S01,ar,F_L,left,3,MAE,4.008678455234618,32388,2ec2ba37fa8cbb0b
0,S01,ar,F_L,left,3,SS_vs_persistence,0.047631757249273377,32388,2ec2ba37fa8cbb0b
0,S01,ar,F_L,left,3,SS_vs_seasonal,0.05282928917664165,32388,2ec2ba37fa8cbb0b
0,S01,ar,F_L,left,3,SS_vs_ar,3.019806626980426e-14,32388,2ec2ba37fa8cbb0b
0,S01,ar,F_L,left,4,MSE,40.51178839760383,32388,2ec2ba37fa8cbb0b
0,S01,ar,F_L,left,4,MAE,4.534944550108529,32388,2ec2ba37fa8cbb0b
0,S01,ar,F_L,left,4,SS_vs_persistence,0.05682237375656585,32388,2ec2ba37fa8cbb0b
0,S01,ar,F_L,left,4,SS_vs_seasonal,0.060178197716937,32388,2ec2ba37fa8cbb0b
0,S01,ar,F_L,left,4,SS_vs_ar,2.475797344914099e-14,32388,2ec2ba37fa8cbb0b
0,S01,ar,F_L,left,5,MSE,47.03313919475689,32388,2ec2ba37fa8cbb0b
0,S01,ar,F_L,left,5,MAE,4.994971555789318,32388,2ec2ba37fa8cbb0b
0,S01,ar,F_L,left,5,SS_vs_persistence,0.06317647354592026,32388,2ec2ba37fa8cbb0b
0,S01,ar,F_L,left,5,SS_vs_seasonal,0.0653528152331726,32388,2ec2ba37fa8cbb0b
0,S01,ar,F_L,left,5,SS_vs_ar,2.1316282072803006e-14,32388,2ec2ba37fa8cbb0b
0,S01,ar,F_L,left,6,MSE,53.31333298198857,32388,2ec2ba37fa8cbb0b
0,S01,ar,F_L,left,6,MAE,5.404618413040279,32388,2ec2ba37fa8cbb0b
0,S01,ar,F_L,left,6,SS_vs_persistence,0.06671510928248281,32388,2ec2ba37fa8cbb0b
0,S01,ar,F_L,left,6,SS_vs_seasonal,0.0686554660514237,32388,2ec2ba37fa8cbb0b
0,S01,ar,F_L,left,6,SS_vs_ar,1.8762769116165146e-14,32388,2ec2ba37fa8cbb0b
0,S01,ar,F_L,left,all,MSE,35.12480684842721,32388,2ec2ba37fa8cbb0b
0,S01,ar,F_L,left,all,MAE,4.088237575809318,32388,2ec2ba37fa8cbb0b
0,S01,ar,F_L,left,all,Hausdorff,2.5814679894136354,32388,2ec2ba37fa8cbb0b
0,S01,ar,F_L,left,all,SS_vs_persistence,0.054691219594782625,32388,2ec2ba37fa8cbb0b
0,S01,ar,F_L,left,all,HD_ratio_vs_persistence,0.8618940193633966,32388,2ec2ba37fa8cbb0b
0,S01,ar,F_L,left,all,SS_vs_seasonal,0.059321499468300565,32388,2ec2ba37fa8cbb0b
0,S01,ar,F_L,left,all,HD_ratio_vs_seasonal,0.859389707847907,32388,2ec2ba37fa8cbb0b
0,S01,ar,F_L,left,all,SS_vs_ar,2.853273173286652e-14,32388,2ec2ba37fa8cbb0b
0,S01,ar,F_L,left,all,HD_ratio_vs_ar,1.0,32388,2ec2ba37fa8cbb0b
0,S01,ar,CoPx_L,left,1,MSE,1.621060883200429e-05,15430,2ec2ba37fa8cbb0b
0,S01,ar,CoPx_L,left,1,MAE,0.0025737487070276073,15430,2ec2ba37fa8cbb0b
0,S01,ar,CoPx_L,left,1,SS_vs_persistence,0.10065365836508289,15430,2ec2ba37fa8cbb0b
0,S01,ar,CoPx_L,left,1,SS_vs_seasonal,0.10065365836508289,15430,2ec2ba37fa8cbb0b
0,S01,ar,CoPx_L,left,1,SS_vs_ar,6.168799382422208e-08,15430,2ec2ba37fa8cbb0b
0,S01,ar,CoPx_L,left,2,MSE,2.2017369883906818e-05,15430,2ec2ba37fa8cbb0b
0,S01,ar,CoPx_L,left,2,MAE,0.0031792990052066632,15430,2ec2ba37fa8cbb0b
0,S01,ar,CoPx_L,left,2,SS_vs_persistence,0.11517511931700941,15430,2ec2ba37fa8cbb0b
0,S01,ar,CoPx_L,left,2,SS_vs_seasonal,0.11517511931700941,15430,2ec2ba37fa8cbb0b
0,S01,ar,CoPx_L,left,2,SS_vs_ar,4.5418683480846767e-08,15430,2ec2ba37fa8cbb0b
0,S01,ar,CoPx_L,left,3,MSE,2.6923866712923612e-05,15430,2ec2ba37fa8cbb0b
0,S01,ar,CoPx_L,left,3,MAE,0.0035413776092721944,15430,2ec2ba37fa8cbb0b
0,S01,ar,CoPx_L,left,3,SS_vs_persistence,0.12533137104964087,15430,2ec2ba37fa8cbb0b
0,S01,ar,CoPx_L,left,3,SS_vs_seasonal,0.12533137104964087,15430,2ec2ba37fa8cbb0b
0,S01,ar,CoPx_L,left,3,SS_vs_ar,3.7141766218162786e-08,15430,2ec2ba37fa8cbb0b
0,S01,ar,CoPx_L,left,4,MSE,3.114834525949561e-05,15430,2ec2ba37fa8cbb0b
0,S01,ar,CoPx_L,left,4,MAE,0.003881843641098698,15430,2ec2ba37fa8cbb0b
0,S01,ar,CoPx_L,left,4,SS_vs_persistence,0.14127067198031795,15430,2ec2ba37fa8cbb0b
0,S01,ar,CoPx_L,left,4,SS_vs_seasonal,0.14127067198031795,15430,2ec2ba37fa8cbb0b
0,S01,ar,CoPx_L,left,4,SS_vs_ar,3.210443322299028e-08,15430,2ec2ba37fa8cbb0b
0,S01,ar,CoPx_L,left,5,MSE,3.429970287957144e-05,15430,2ec2ba37fa8cbb0b
0,S01,ar,CoPx_L,left,5,MAE,0.004134129320470432,15430,2ec2ba37fa8cbb0b
0,S01,ar,CoPx_L,left,5,SS_vs_persistence,0.1674897198667874,15430,2ec2ba37fa8cbb0b
0,S01,ar,CoPx_L,left,5,SS_vs_seasonal,0.1674897198667874,15430,2ec2ba37fa8cbb0b
0,S01,ar,CoPx_L,left,5,SS_vs_ar,2.9154770708750277e-08,15430,2ec2ba37fa8cbb0b
0,S01,ar,CoPx_L,left,6,MSE,3.617307882262559e-05,15430,2ec2ba37fa8cbb0b
0,S01,ar,CoPx_L,left,6,MAE,0.004333062239539854,15430,2ec2ba37fa8cbb0b
0,S01,ar,CoPx_L,left,6,SS_vs_persistence,0.18215969384905617,15430,2ec2ba37fa8cbb0b
0,S01,ar,CoPx_L,left,6,SS_vs_seasonal,0.18215969384905617,15430,2ec2ba37fa8cbb0b
0,S01,ar,CoPx_L,left,6,SS_vs_ar,2.764486761730467e-08,15430,2ec2ba37fa8cbb0b
0,S01,ar,CoPx_L,left,all,MSE,2.77885177842134e-05,15430,2ec2ba37fa8cbb0b
0,S01,ar,CoPx_L,left,all,MAE,0.0036066580608755403,15430,2ec2ba37fa8cbb0b
0,S01,ar,CoPx_L,left,all,Hausdorff,2.542313841467493,15430,2ec2ba37fa8cbb0b
0,S01,ar,CoPx_L,left,all,SS_vs_persistence,0.14644945175957358,15430,2ec2ba37fa8cbb0b
0,S01,ar,CoPx_L,left,all,HD_ratio_vs_persistence,0.8573517049743642,15430,2ec2ba37fa8cbb0b
0,S01,ar,CoPx_L,left,all,SS_vs_seasonal,0.14644945175957358,15430,2ec2ba37fa8cbb0b
0,S01,ar,CoPx_L,left,all,HD_ratio_vs_seasonal,0.8573517049743642,15430,2ec2ba37fa8cbb0b
0,S01,ar,CoPx_L,left,all,SS_vs_ar,3.598608500077205e-08,15430,2ec2ba37fa8cbb0b
0,S01,ar,CoPx_L,left,all,HD_ratio_vs_ar,1.0,15430,2ec2ba37fa8cbb0b
0,S01,ar,CoPy_L,left,1,MSE,1.8785680612877805e-05,15430,2ec2ba37fa8cbb0b
0,S01,ar,CoPy_L,left,1,MAE,0.0023335091037014703,15430,2ec2ba37fa8cbb0b
0,S01,ar,CoPy_L,left,1,SS_vs_persistence,0.11484153696509836,15430,2ec2ba37fa8cbb0b
0,S01,ar,CoPy_L,left,1,SS_vs_seasonal,0.11484153696509836,15430,2ec2ba37fa8cbb0b
0,S01,ar,CoPy_L,left,1,SS_vs_ar,5.3232031671512914e-08,15430,2ec2ba37fa8cbb0b
0,S01,ar,CoPy_L,left,2,MSE,2.3136794922858495e-05,15430,2ec2ba37fa8cbb0b
0,S01,ar,CoPy_L,left,2,MAE,0.0028189229004553533,15430,2ec2ba37fa8cbb0b
0,S01,ar,CoPy_L,left,2,SS_vs_persistence,0.1695660795851569,15430,2ec2ba37fa8cbb0b
0,S01,ar,CoPy_L,left,2,SS_vs_seasonal,0.1695660795851569,15430,2ec2ba37fa8cbb0b
0,S01,ar,CoPy_L,left,2,SS_vs_ar,4.322119639965649e-08,15430,2ec2ba37fa8cbb0b
0,S01,ar,CoPy_L,left,3,MSE,2.6382990832243136e-05,15430,2ec2ba37fa8cbb0b
0,S01,ar,CoPy_L,left,3,MAE,0.0030941489266256175,15430,2ec2ba37fa8cbb0b
0,S01,ar,CoPy_L,left,3,SS_vs_persistence,0.21078034588352978,15430,2ec2ba37fa8cbb0b
0,S01,ar,CoPy_L,left,3,SS_vs_seasonal,0.21078034588352978,15430,2ec2ba37fa8cbb0b
0,S01,ar,CoPy_L,left,3,SS_vs_ar,3.790320690644222e-08,15430,2ec2ba37fa8cbb0b
0,S01,ar,CoPy_L,left,4,MSE,2.686202425252552e-05,15430,2ec2ba37fa8cbb0b
0,S01,ar,CoPy_L,left,4,MAE,0.0032483667270028255,15430,2ec2ba37fa8cbb0b
0,S01,ar,CoPy_L,left,4,SS_vs_persistence,0.22290530997400726,15430,2ec2ba37fa8cbb0b
0,S01,ar,CoPy_L,left,4,SS_vs_seasonal,0.22290530997400726,15430,2ec2ba37fa8cbb0b
0,S01,ar,CoPy_L,left,4,SS_vs_ar,3.72272749293856e-08,15430,2ec2ba37fa8cbb0b
0,S01,ar,CoPy_L,left,5,MSE,2.8435662619776446e-05,15430,2ec2ba37fa8cbb0b
0,S01,ar,CoPy_L,left,5,MAE,0.0034377052054590917,15430,2ec2ba37fa8cbb0b
0,S01,ar,CoPy_L,left,5,SS_vs_persistence,0.2435064021366209,15430,2ec2ba37fa8cbb0b
0,S01,ar,CoPy_L,left,5,SS_vs_seasonal,0.2435064021366209,15430,2ec2ba37fa8cbb0b
0,S01,ar,CoPy_L,left,5,SS_vs_ar,3.5167106116062996e-08,15430,2ec2ba37fa8cbb0b
0,S01,ar,CoPy_L,left,6,MSE,2.8883962500791397e-05,15430,2ec2ba37fa8cbb0b
0,S01,ar,CoPy_L,left,6,MAE,0.0035593381802744174,15430,2ec2ba37fa8cbb0b
0,S01,ar,CoPy_L,left,6,SS_vs_persistence,0.22936983169176717,15430,2ec2ba37fa8cbb0b
0,S01,ar,CoPy_L,left,6,SS_vs_seasonal,0.22936983169176717,15430,2ec2ba37fa8cbb0b
0,S01,ar,CoPy_L,left,6,SS_vs_ar,3.462128728148883e-08,15430,2ec2ba37fa8cbb0b
0,S01,ar,CoPy_L,left,all,MSE,2.5411307009420607e-05,15430,2ec2ba37fa8cbb0b
0,S01,ar,CoPy_L,left,all,MAE,0.0030816083070986044,15430,2ec2ba37fa8cbb0b
0,S01,ar,CoPy_L,left,all,Hausdorff,2.446234909928163,15430,2ec2ba37fa8cbb0b
0,S01,ar,CoPy_L,left,all,SS_vs_persistence,0.20638236438036128,15430,2ec2ba37fa8cbb0b
0,S01,ar,CoPy_L,left,all,HD_ratio_vs_persistence,0.8449056680732078,15430,2ec2ba37fa8cbb0b
0,S01,ar,CoPy_L,left,all,SS_vs_seasonal,0.20638236438036128,15430,2ec2ba37fa8cbb0b
0,S01,ar,CoPy_L,left,all,HD_ratio_vs_seasonal,0.8449056680732078,15430,2ec2ba37fa8cbb0b
0,S01,ar,CoPy_L,left,all,SS_vs_ar,3.935255910025859e-08,15430,2ec2ba37fa8cbb0b
0,S01,ar,CoPy_L,left,all,HD_ratio_vs_ar,1.0,15430,2ec2ba37fa8cbb0b
0,S01,ar,F_R,right,1,MSE,27.063786194943567,32388,2ec2ba37fa8cbb0b
0,S01,ar,F_R,right,1,MAE,3.459994178156517,32388,2ec2ba37fa8cbb0b
0,S01,ar,F_R,right,1,SS_vs_persistence,0.0376042135804634,32388,2ec2ba37fa8cbb0b
0,S01,ar,F_R,right,1,SS_vs_seasonal,0.08305593521206123,32388,2ec2ba37fa8cbb0b
0,S01,ar,F_R,right,1,SS_vs_ar,3.68594044175552e-14,32388,2ec2ba37fa8cbb0b
0,S01,ar,F_R,right,2,MSE,57.98114113274826,32388,2ec2ba37fa8cbb0b
0,S01,ar,F_R,right,2,MAE,5.212811041158943,32388,2ec2ba37fa8cbb0b
0,S01,ar,F_R,right,2,SS_vs_persistence,0.049949089675466185,32388,2ec2ba37fa8cbb0b
0,S01,ar,F_R,right,2,SS_vs_seasonal,0.06574236269910771,32388,2ec2ba37fa8cbb0b
0,S01,ar,F_R,right,2,SS_vs_ar,1.7319479184152442e-14,32388,2ec2ba37fa8cbb0b
0,S01,ar,F_R,right,3,MSE,82.12318464974466,32388,2ec2ba37fa8cbb0b
0,S01,ar,F_R,right,3,MAE,6.366643308720151,32388,2ec2ba37fa8cbb0b
0,S01,ar,F_R,right,3,SS_vs_persistence,0.06766775532336866,32388,2ec2ba37fa8cbb0b
0,S01,ar,F_R,right,3,SS_vs_seasonal,0.07498170110703273,32388,2ec2ba37fa8cbb0b
0,S01,ar,F_R,right,3,SS_vs_ar,1.2101430968414206e-14,32388,2ec2ba37fa8cbb0b
0,S01,ar,F_R,right,4,MSE,101.00374385945366,32388,2ec2ba37fa8cbb0b
0,S01,ar,F_R,right,4,MAE,7.236372240186886,32388,2ec2ba37fa8cbb0b
0,S01,ar,F_R,right,4,SS_vs_persistence,0.08166492951944981,32388,2ec2ba37fa8cbb0b
0,S01,ar,F_R,right,4,SS_vs_seasonal,0.08551851079586692,32388,2ec2ba37fa8cbb0b
0,S01,ar,F_R,right,4,SS_vs_ar,9.880984919163893e-15,32388,2ec2ba37fa8cbb0b
0,S01,ar,F_R,right,5,MSE,118.03878326647867,32388,2ec2ba37fa8cbb0b
0,S01,ar,F_R,right,5,MAE,7.967264174688853,32388,2ec2ba37fa8cbb0b
0,S01,ar,F_R,right,5,SS_vs_persistence,0.09460795501730868,32388,2ec2ba37fa8cbb0b
0,S01,ar,F_R,right,5,SS_vs_seasonal,0.09630090397662083,32388,2ec2ba37fa8cbb0b
0,S01,ar,F_R,right,5,SS_vs_ar,8.43769498715119e-15,32388,2ec2ba37fa8cbb0b
0,S01,ar,F_R,right,6,MSE,134.55019948185927,32388,2ec2ba37fa8cbb0b
0,S01,ar,F_R,right,6,MAE,8.614495774747148,32388,2ec2ba37fa8cbb0b
0,S01,ar,F_R,right,6,SS_vs_persistence,0.10211676287879912,32388,2ec2ba37fa8cbb0b
0,S01,ar,F_R,right,6,SS_vs_seasonal,0.1026592067631854,32388,2ec2ba37fa8cbb0b
0,S01,ar,F_R,right,6,SS_vs_ar,7.438494264988549e-15,32388,2ec2ba37fa8cbb0b
0,S01,ar,F_R,right,all,MSE,86.79347309753867,32388,2ec2ba37fa8cbb0b
0,S01,ar,F_R,right,all,MAE,6.476263452943122,32388,2ec2ba37fa8cbb0b
0,S01,ar,F_R,right,all,Hausdorff,2.720097473863463,32388,2ec2ba37fa8cbb0b
0,S01,ar,F_R,right,all,SS_vs_persistence,0.0822722432085442,32388,2ec2ba37fa8cbb0b
0,S01,ar,F_R,right,all,HD_ratio_vs_persistence,0.892174745843376,32388,2ec2ba37fa8cbb0b
0,S01,ar,F_R,right,all,SS_vs_seasonal,0.08856913905880737,32388,2ec2ba37fa8cbb0b
0,S01,ar,F_R,right,all,HD_ratio_vs_seasonal,0.8897117369306071,32388,2ec2ba37fa8cbb0b
0,S01,ar,F_R,right,all,SS_vs_ar,1.1435297153639112e-14,32388,2ec2ba37fa8cbb0b
0,S01,ar,F_R,right,all,HD_ratio_vs_ar,1.0,32388,2ec2ba37fa8cbb0b
0,S01,ar,CoPx_R,right,1,MSE,9.229977756947077e-06,22076,2ec2ba37fa8cbb0b
0,S01,ar,CoPx_R,right,1,MAE,0.00218204890205564,22076,2ec2ba37fa8cbb0b
0,S01,ar,CoPx_R,right,1,SS_vs_persistence,0.06669809883788091,22076,2ec2ba37fa8cbb0b
0,S01,ar,CoPx_R,right,1,SS_vs_seasonal,0.29592002179880683,22076,2ec2ba37fa8cbb0b
0,S01,ar,CoPx_R,right,1,SS_vs_ar,1.0834261110481691e-07,22076,2ec2ba37fa8cbb0b
0,S01,ar,CoPx_R,right,2,MSE,1.4640970262938563e-05,22076,2ec2ba37fa8cbb0b
0,S01,ar,CoPx_R,right,2,MAE,0.0027450363446409726,22076,2ec2ba37fa8cbb0b
0,S01,ar,CoPx_R,right,2,SS_vs_persistence,0.10191162564349232,22076,2ec2ba37fa8cbb0b
0,S01,ar,CoPx_R,right,2,SS_vs_seasonal,0.2345094744245496,22076,2ec2ba37fa8cbb0b
0,S01,ar,CoPx_R,right,2,SS_vs_ar,6.830147958325483e-08,22076,2ec2ba37fa8cbb0b
0,S01,ar,CoPx_R,right,3,MSE,1.8431708509428122e-05,22076,2ec2ba37fa8cbb0b
0,S01,ar,CoPx_R,right,3,MAE,0.003077559236488517,22076,2ec2ba37fa8cbb0b
0,S01,ar,CoPx_R,right,3,SS_vs_persistence,0.12312806666727749,22076,2ec2ba37fa8cbb0b
0,S01,ar,CoPx_R,right,3,SS_vs_seasonal,0.21635845351145067,22076,2ec2ba37fa8cbb0b
0,S01,ar,CoPx_R,right,3,SS_vs_ar,5.425432725303381e-08,22076,2ec2ba37fa8cbb0b
0,S01,ar,CoPx_R,right,4,MSE,2.1615428503828312e-05,22076,2ec2ba37fa8cbb0b
0,S01,ar,CoPx_R,right,4,MAE,0.0033220046800559416,22076,2ec2ba37fa8cbb0b
0,S01,ar,CoPx_R,right,4,SS_vs_persistence,0.14118455143150332,22076,2ec2ba37fa8cbb0b
0,S01,ar,CoPx_R,right,4,SS_vs_seasonal,0.2036563421784403,22076,2ec2ba37fa8cbb0b
0,S01,ar,CoPx_R,right,4,SS_vs_ar,4.6263249120492844e-08,22076,2ec2ba37fa8cbb0b
0,S01,ar,CoPx_R,right,5,MSE,2.3960356503272047e-05,22076,2ec2ba37fa8cbb0b
0,S01,ar,CoPx_R,right,5,MAE,0.0034899249340576534,22076,2ec2ba37fa8cbb0b
0,S01,ar,CoPx_R,right,5,SS_vs_persistence,0.15032518353602886,22076,2ec2ba37fa8cbb0b
0,S01,ar,CoPx_R,right,5,SS_vs_seasonal,0.19582488104678542,22076,2ec2ba37fa8cbb0b
0,S01,ar,CoPx_R,right,5,SS_vs_ar,4.173560430587031e-08,22076,2ec2ba37fa8cbb0b
0,S01,ar,CoPx_R,right,6,MSE,2.612200053204449e-05,22076,2ec2ba37fa8cbb0b
0,S01,ar,CoPx_R,right,6,MAE,0.003671386820974688,22076,2ec2ba37fa8cbb0b
0,S01,ar,CoPx_R,right,6,SS_vs_persistence,0.1672192123698253,22076,2ec2ba37fa8cbb0b
0,S01,ar,CoPx_R,right,6,SS_vs_seasonal,0.19838447684378324,22076,2ec2ba37fa8cbb0b
0,S01,ar,CoPx_R,right,6,SS_vs_ar,3.82819057564987e-08,22076,2ec2ba37fa8cbb0b
0,S01,ar,CoPx_R,right,all,MSE,1.8979329651916762e-05,22076,2ec2ba37fa8cbb0b
0,S01,ar,CoPx_R,right,all,MAE,0.0030795624147069247,22076,2ec2ba37fa8cbb0b
0,S01,ar,CoPx_R,right,all,Hausdorff,2.393357043700162,22076,2ec2ba37fa8cbb0b
0,S01,ar,CoPx_R,right,all,SS_vs_persistence,0.1359163855091946,22076,2ec2ba37fa8cbb0b
0,S01,ar,CoPx_R,right,all,HD_ratio_vs_persistence,0.842383348114778,22076,2ec2ba37fa8cbb0b
0,S01,ar,CoPx_R,right,all,SS_vs_seasonal,0.2153931383081119,22076,2ec2ba37fa8cbb0b
0,S01,ar,CoPx_R,right,all,HD_ratio_vs_seasonal,0.8301784778943697,22076,2ec2ba37fa8cbb0b
0,S01,ar,CoPx_R,right,all,SS_vs_ar,5.268889713416769e-08,22076,2ec2ba37fa8cbb0b
0,S01,ar,CoPx_R,right,all,HD_ratio_vs_ar,1.0,22076,2ec2ba37fa8cbb0b
0,S01,ar,CoPy_R,right,1,MSE,1.1194308131728354e-05,22076,2ec2ba37fa8cbb0b
0,S01,ar,CoPy_R,right,1,MAE,0.002457357793700336,22076,2ec2ba37fa8cbb0b
0,S01,ar,CoPy_R,right,1,SS_vs_persistence,-0.14064817073642177,22076,2ec2ba37fa8cbb0b
0,S01,ar,CoPy_R,right,1,SS_vs_seasonal,-0.06249612271825211,22076,2ec2ba37fa8cbb0b
0,S01,ar,CoPy_R,right,1,SS_vs_ar,8.933110451359028e-08,22076,2ec2ba37fa8cbb0b
0,S01,ar,CoPy_R,right,2,MSE,2.1538248060687987e-05,22076,2ec2ba37fa8cbb0b
0,S01,ar,CoPy_R,right,2,MAE,0.003464498956093755,22076,2ec2ba37fa8cbb0b
0,S01,ar,CoPy_R,right,2,SS_vs_persistence,-0.2954332561376025,22076,2ec2ba37fa8cbb0b
0,S01,ar,CoPy_R,right,2,SS_vs_seasonal,-0.26203407267400514,22076,2ec2ba37fa8cbb0b
0,S01,ar,CoPy_R,right,2,SS_vs_ar,4.642902939888671e-08,22076,2ec2ba37fa8cbb0b
0,S01,ar,CoPy_R,right,3,MSE,3.0520696954306664e-05,22076,2ec2ba37fa8cbb0b
0,S01,ar,CoPy_R,right,3,MAE,0.0041847119777748965,22076,2ec2ba37fa8cbb0b
0,S01,ar,CoPy_R,right,3,SS_vs_persistence,-0.4539489250601443,22076,2ec2ba37fa8cbb0b
0,S01,ar,CoPy_R,right,3,SS_vs_seasonal,-0.4321583247560252,22076,2ec2ba37fa8cbb0b
0,S01,ar,CoPy_R,right,3,SS_vs_ar,3.2764650548244845e-08,22076,2ec2ba37fa8cbb0b
0,S01,ar,CoPy_R,right,4,MSE,3.936094514657646e-05,22076,2ec2ba37fa8cbb0b
0,S01,ar,CoPy_R,right,4,MAE,0.00484454270589569,22076,2ec2ba37fa8cbb0b
0,S01,ar,CoPy_R,right,4,SS_vs_persistence,-0.6123761788912863,22076,2ec2ba37fa8cbb0b
0,S01,ar,CoPy_R,right,4,SS_vs_seasonal,-0.6000778452130593,22076,2ec2ba37fa8cbb0b
0,S01,ar,CoPy_R,right,4,SS_vs_ar,2.5405893389063294e-08,22076,2ec2ba37fa8cbb0b
0,S01,ar,CoPy_R,right,5,MSE,4.789209074957023e-05,22076,2ec2ba37fa8cbb0b
0,S01,ar,CoPy_R,right,5,MAE,0.005376532758899764,22076,2ec2ba37fa8cbb0b
0,S01,ar,CoPy_R,right,5,SS_vs_persistence,-0.7378801111203357,22076,2ec2ba37fa8cbb0b
0,S01,ar,CoPy_R,right,5,SS_vs_seasonal,-0.7362277140901508,22076,2ec2ba37fa8cbb0b
0,S01,ar,CoPy_R,right,5,SS_vs_ar,2.0880274065326887e-08,22076,2ec2ba37fa8cbb0b
0,S01,ar,CoPy_R,right,6,MSE,5.662108900102263e-05,22076,2ec2ba37fa8cbb0b
0,S01,ar,CoPy_R,right,6,MAE,0.005838476586050972,22076,2ec2ba37fa8cbb0b
0,S01,ar,CoPy_R,right,6,SS_vs_persistence,-0.8512534734750776,22076,2ec2ba37fa8cbb0b
0,S01,ar,CoPy_R,right,6,SS_vs_seasonal,-0.8533035004622731,22076,2ec2ba37fa8cbb0b
0,S01,ar,CoPy_R,right,6,SS_vs_ar,1.7661263673751648e-08,22076,2ec2ba37fa8cbb0b
0,S01,ar,CoPy_R,right,all,MSE,3.446356552527716e-05,22076,2ec2ba37fa8cbb0b
0,S01,ar,CoPy_R,right,all,MAE,0.004356815921858077,22076,2ec2ba37fa8cbb0b
0,S01,ar,CoPy_R,right,all,Hausdorff,3.3043115480570036,22076,2ec2ba37fa8cbb0b
0,S01,ar,CoPy_R,right,all,SS_vs_persistence,-0.592640748047121,22076,2ec2ba37fa8cbb0b
0,S01,ar,CoPy_R,right,all,HD_ratio_vs_persistence,1.146343654850696,22076,2ec2ba37fa8cbb0b
0,S01,ar,CoPy_R,right,all,SS_vs_seasonal,-0.5724533035306796,22076,2ec2ba37fa8cbb0b
0,S01,ar,CoPy_R,right,all,HD_ratio_vs_seasonal,1.1381350547893772,22076,2ec2ba37fa8cbb0b
0,S01,ar,CoPy_R,right,all,SS_vs_ar,2.901614959416321e-08,22076,2ec2ba37fa8cbb0b
0,S01,ar,CoPy_R,right,all,HD_ratio_vs_ar,1.0,22076,2ec2ba37fa8cbb0b
1,S02,persistence,F_L,left,1,MSE,9.722110014672142,34782,2ec2ba37fa8cbb0b
1,S02,persistence,F_L,left,1,MAE,2.0474134981169545,34782,2ec2ba37fa8cbb0b
1,S02,persistence,F_L,left,1,SS_vs_persistence,1.0291767438275201e-13,34782,2ec2ba37fa8cbb0b
1,S02,persistence,F_L,left,1,SS_vs_seasonal,1.0291767438275201e-13,34782,2ec2ba37fa8cbb0b
1,S02,persistence,F_L,left,1,SS_vs_ar,0.0014792222444850456,34782,2ec2ba37fa8cbb0b
1,S02,persistence,F_L,left,2,MSE,19.64191121689102,34782,2ec2ba37fa8cbb0b
1,S02,persistence,F_L,left,2,MAE,2.929680166726526,34782,2ec2ba37fa8cbb0b
1,S02,persistence,F_L,left,2,SS_vs_persistence,5.084821452783217e-14,34782,2ec2ba37fa8cbb0b
1,S02,persistence,F_L,left,2,SS_vs_seasonal,5.084821452783217e-14,34782,2ec2ba37fa8cbb0b
1,S02,persistence,F_L,left,2,SS_vs_ar,-0.007423610074874576,34782,2ec2ba37fa8cbb0b
1,S02,persistence,F_L,left,3,MSE,28.53193332308112,34782,2ec2ba37fa8cbb0b
1,S02,persistence,F_L,left,3,MAE,3.5436728653341034,34782,2ec2ba37fa8cbb0b
1,S02,persistence,F_L,left,3,SS_vs_persistence,3.497202527569243e-14,34782,2ec2ba37fa8cbb0b
1,S02,persistence,F_L,left,3,SS_vs_seasonal,3.497202527569243e-14,34782,2ec2ba37fa8cbb0b
1,S02,persistence,F_L,left,3,SS_vs_ar,-0.016869439189646673,34782,2ec2ba37fa8cbb0b
1,S02,persistence,F_L,left,4,MSE,36.64848178701965,34782,2ec2ba37fa8cbb0b
1,S02,persistence,F_L,left,4,MAE,4.047832663396072,34782,2ec2ba37fa8cbb0b
1,S02,persistence,F_L,left,4,SS_vs_persistence,2.731148640577885e-14,34782,2ec2ba37fa8cbb0b
1,S02,persistence,F_L,left,4,SS_vs_seasonal,2.731148640577885e-14,34782,2ec2ba37fa8cbb0b
1,S02,persistence,F_L,left,4,SS_vs_ar,-0.02200289669454114,34782,2ec2ba37fa8cbb0b
1,S02,persistence,F_L,left,5,MSE,43.94704256506792,34782,2ec2ba37fa8cbb0b
1,S02,persistence,F_L,left,5,MAE,4.476347313433942,34782,2ec2ba37fa8cbb0b
1,S02,persistence,F_L,left,5,SS_vs_persistence,2.275957200481571e-14,34782,2ec2ba37fa8cbb0b
1,S02,persistence,F_L,left,5,SS_vs_seasonal,2.275957200481571e-14,34782,2ec2ba37fa8cbb0b
1,S02,persistence,F_L,left,5,SS_vs_ar,-0.025941136298025524,34782,2ec2ba37fa8cbb0b
1,S02,persistence,F_L,left,6,MSE,50.10712678165011,34782,2ec2ba37fa8cbb0b
1,S02,persistence,F_L,left,6,MAE,4.810074260528075,34782,2ec2ba37fa8cbb0b
1,S02,persistence,F_L,left,6,SS_vs_persistence,1.9984014443252818e-14,34782,2ec2ba37fa8cbb0b
1,S02,persistence,F_L,left,6,SS_vs_seasonal,1.9984014443252818e-14,34782,2ec2ba37fa8cbb0b
1,S02,persistence,F_L,left,6,SS_vs_ar,-0.026009104717661602,34782,2ec2ba37fa8cbb0b
1,S02,persistence,F_L,left,all,MSE,31.43310094806366,34782,2ec2ba37fa8cbb0b
1,S02,persistence,F_L,left,all,MAE,3.6425034612559455,34782,2ec2ba37fa8cbb0b
1,S02,persistence,F_L,left,all,Hausdorff,2.9725870819855467,34782,2ec2ba37fa8cbb0b
1,S02,persistence,F_L,left,all,SS_vs_persistence,3.175237850427948e-14,34782,2ec2ba37fa8cbb0b
1,S02,persistence,F_L,left,all,HD_ratio_vs_persistence,1.0,34782,2ec2ba37fa8cbb0b
1,S02,persistence,F_L,left,all,SS_vs_seasonal,3.175237850427948e-14,34782,2ec2ba37fa8cbb0b
1,S02,persistence,F_L,left,all,HD_ratio_vs_seasonal,1.0,34782,2ec2ba37fa8cbb0b
1,S02,persistence,F_L,left,all,SS_vs_ar,-0.020419893475960516,34782,2ec2ba37fa8cbb0b
1,S02,persistence,F_L,left,all,HD_ratio_vs_ar,1.0537634497786466,34782,2ec2ba37fa8cbb0b
1,S02,persistence,CoPx_L,left,1,MSE,9.939788420686304e-06,34782,2ec2ba37fa8cbb0b
1,S02,persistence,CoPx_L,left,1,MAE,0.002083196581487546,34782,2ec2ba37fa8cbb0b
1,S02,persistence,CoPx_L,left,1,SS_vs_persistence,1.0060575306169994e-07,34782,2ec2ba37fa8cbb0b
1,S02,persistence,CoPx_L,left,1,SS_vs_seasonal,1.0060575306169994e-07,34782,2ec2ba37fa8cbb0b
1,S02,persistence,CoPx_L,left,1,SS_vs_ar,-0.10573038148145653,34782,2ec2ba37fa8cbb0b
1,S02,persistence,CoPx_L,left,2,MSE,1.4806324222036209e-05,34782,2ec2ba37fa8cbb0b
1,S02,persistence,CoPx_L,left,2,MAE,0.0025985375209423693,34782,2ec2ba37fa8cbb0b
1,S02,persistence,CoPx_L,left,2,SS_vs_persistence,6.753870285258756e-08,34782,2ec2ba37fa8cbb0b
1,S02,persistence,CoPx_L,left,2,SS_vs_seasonal,6.753870285258756e-08,34782,2ec2ba37fa8cbb0b
1,S02,persistence,CoPx_L,left,2,SS_vs_ar,-0.15141524152690544,34782,2ec2ba37fa8cbb0b
1,S02,persistence,CoPx_L,left,3,MSE,1.8872521437634402e-05,34782,2ec2ba37fa8cbb0b
1,S02,persistence,CoPx_L,left,3,MAE,0.0029612616012153056,34782,2ec2ba37fa8cbb0b
1,S02,persistence,CoPx_L,left,3,SS_vs_persistence,5.2987087606481964e-08,34782,2ec2ba37fa8cbb0b
1,S02,persistence,CoPx_L,left,3,SS_vs_seasonal,5.2987087606481964e-08,34782,2ec2ba37fa8cbb0b
1,S02,persistence,CoPx_L,left,3,SS_vs_ar,-0.18709334829308677,34782,2ec2ba37fa8cbb0b
1,S02,persistence,CoPx_L,left,4,MSE,2.1594443732668106e-05,34782,2ec2ba37fa8cbb0b
1,S02,persistence,CoPx_L,left,4,MAE,0.003210728432699233,34782,2ec2ba37fa8cbb0b
1,S02,persistence,CoPx_L,left,4,SS_vs_persistence,4.630820615858511e-08,34782,2ec2ba37fa8cbb0b
1,S02,persistence,CoPx_L,left,4,SS_vs_seasonal,4.630820615858511e-08,34782,2ec2ba37fa8cbb0b
1,S02,persistence,CoPx_L,left,4,SS_vs_ar,-0.203565576415643,34782,2ec2ba37fa8cbb0b
1,S02,persistence,CoPx_L,left,5,MSE,2.390953097451007e-05,34782,2ec2ba37fa8cbb0b
1,S02,persistence,CoPx_L,left,5,MAE,0.0033981863474515255,34782,2ec2ba37fa8cbb0b
1,S02,persistence,CoPx_L,left,5,SS_vs_persistence,4.1824323449013434e-08,34782,2ec2ba37fa8cbb0b
1,S02,persistence,CoPx_L,left,5,SS_vs_seasonal,4.1824323449013434e-08,34782,2ec2ba37fa8cbb0b
1,S02,persistence,CoPx_L,left,5,SS_vs_ar,-0.2140453180859634,34782,2ec2ba37fa8cbb0b
1,S02,persistence,CoPx_L,left,6,MSE,2.6469268944459436e-05,34782,2ec2ba37fa8cbb0b
1,S02,persistence,CoPx_L,left,6,MAE,0.0035665365536167773,34782,2ec2ba37fa8cbb0b
1,S02,persistence,CoPx_L,left,6,SS_vs_persistence,3.777965928986049e-08,34782,2ec2ba37fa8cbb0b
1,S02,persistence,CoPx_L,left,6,SS_vs_seasonal,3.777965928986049e-08,34782,2ec2ba37fa8cbb0b
1,S02,persistence,CoPx_L,left,6,SS_vs_ar,-0.23286739762914443,34782,2ec2ba37fa8cbb0b
1,S02,persistence,CoPx_L,left,all,MSE,1.9265312955333136e-05,34782,2ec2ba37fa8cbb0b
1,S02,persistence,CoPx_L,left,all,MAE,0.002969741172902126,34782,2ec2ba37fa8cbb0b
1,S02,persistence,CoPx_L,left,all,Hausdorff,2.825166362214563,34782,2ec2ba37fa8cbb0b
1,S02,persistence,CoPx_L,left,all,SS_vs_persistence,5.190675855804017e-08,34782,2ec2ba37fa8cbb0b
1,S02,persistence,CoPx_L,left,all,HD_ratio_vs_persistence,1.0,34782,2ec2ba37fa8cbb0b
1,S02,persistence,CoPx_L,left,all,SS_vs_seasonal,5.190675855804017e-08,34782,2ec2ba37fa8cbb0b
1,S02,persistence,CoPx_L,left,all,HD_ratio_vs_seasonal,1.0,34782,2ec2ba37fa8cbb0b
1,S02,persistence,CoPx_L,left,all,SS_vs_ar,-0.19348349581952862,34782,2ec2ba37fa8cbb0b
1,S02,persistence,CoPx_L,left,all,HD_ratio_vs_ar,1.1600763091886657,34782,2ec2ba37fa8cbb0b
1,S02,persistence,CoPy_L,left,1,MSE,8.380398248354844e-06,34782,2ec2ba37fa8cbb0b
1,S02,persistence,CoPy_L,left,1,MAE,0.0019495680047088221,34782,2ec2ba37fa8cbb0b
1,S02,persistence,CoPy_L,left,1,SS_vs_persistence,1.193260571463739e-07,34782,2ec2ba37fa8cbb0b
1,S02,persistence,CoPy_L,left,1,SS_vs_seasonal,1.193260571463739e-07,34782,2ec2ba37fa8cbb0b
1,S02,persistence,CoPy_L,left,1,SS_vs_ar,-0.09190774290590342,34782,2ec2ba37fa8cbb0b
1,S02,persistence,CoPy_L,left,2,MSE,1.2629938443013261e-05,34782,2ec2ba37fa8cbb0b
1,S02,persistence,CoPy_L,left,2,MAE,0.002446563326764661,34782,2ec2ba37fa8cbb0b
1,S02,persistence,CoPy_L,left,2,SS_vs_persistence,7.917694333503533e-08,34782,2ec2ba37fa8cbb0b
1,S02,persistence,CoPy_L,left,2,SS_vs_seasonal,7.917694333503533e-08,34782,2ec2ba37fa8cbb0b
1,S02,persistence,CoPy_L,left,2,SS_vs_ar,-0.12635192581105104,34782,2ec2ba37fa8cbb0b
1,S02,persistence,CoPy_L,left,3,MSE,1.5383079600711678e-05,34782,2ec2ba37fa8cbb0b
1,S02,persistence,CoPy_L,left,3,MAE,0.002710571383971374,34782,2ec2ba37fa8cbb0b
1,S02,persistence,CoPy_L,left,3,SS_vs_persistence,6.500648508378504e-08,34782,2ec2ba37fa8cbb0b
1,S02,persistence,CoPy_L,left,3,SS_vs_seasonal,6.500648508378504e-08,34782,2ec2ba37fa8cbb0b
1,S02,persistence,CoPy_L,left,3,SS_vs_ar,-0.13941924507077452,34782,2ec2ba37fa8cbb0b
1,S02,persistence,CoPy_L,left,4,MSE,1.793147347932876e-05,34782,2ec2ba37fa8cbb0b
1,S02,persistence,CoPy_L,left,4,MAE,0.0029402959632649555,34782,2ec2ba37fa8cbb0b
1,S02,persistence,CoPy_L,left,4,SS_vs_persistence,5.5767862328082174e-08,34782,2ec2ba37fa8cbb0b
1,S02,persistence,CoPy_L,left,4,SS_vs_seasonal,5.5767862328082174e-08,34782,2ec2ba37fa8cbb0b
1,S02,persistence,CoPy_L,left,4,SS_vs_ar,-0.1438379720028844,34782,2ec2ba37fa8cbb0b
1,S02,persistence,CoPy_L,left,5,MSE,2.0489010613583214e-05,34782,2ec2ba37fa8cbb0b
1,S02,persistence,CoPy_L,left,5,MAE,0.0031710926525925754,34782,2ec2ba37fa8cbb0b
1,S02,persistence,CoPy_L,left,5,SS_vs_persistence,4.8806649055599394e-08,34782,2ec2ba37fa8cbb0b
1,S02,persistence,CoPy_L,left,5,SS_vs_seasonal,4.8806649055599394e-08,34782,2ec2ba37fa8cbb0b
1,S02,persistence,CoPy_L,left,5,SS_vs_ar,-0.16554732325059862,34782,2ec2ba37fa8cbb0b
1,S02,persistence,CoPy_L,left,6,MSE,2.2527604255926308e-05,34782,2ec2ba37fa8cbb0b
1,S02,persistence,CoPy_L,left,6,MAE,0.0033630942585607315,34782,2ec2ba37fa8cbb0b
1,S02,persistence,CoPy_L,left,6,SS_vs_persistence,4.4389982356562996e-08,34782,2ec2ba37fa8cbb0b
1,S02,persistence,CoPy_L,left,6,SS_vs_seasonal,4.4389982356562996e-08,34782,2ec2ba37fa8cbb0b
1,S02,persistence,CoPy_L,left,6,SS_vs_ar,-0.1849203218331057,34782,2ec2ba37fa8cbb0b
1,S02,persistence,CoPy_L,left,all,MSE,1.6223584106820566e-05,34782,2ec2ba37fa8cbb0b
1,S02,persistence,CoPy_L,left,all,MAE,0.0027635309316438534,34782,2ec2ba37fa8cbb0b
1,S02,persistence,CoPy_L,left,all,Hausdorff,2.8508272319238417,34782,2ec2ba37fa8cbb0b
1,S02,persistence,CoPy_L,left,all,SS_vs_persistence,6.163865706731997e-08,34782,2ec2ba37fa8cbb0b
1,S02,persistence,CoPy_L,left,all,HD_ratio_vs_persistence,1.0,34782,2ec2ba37fa8cbb0b
1,S02,persistence,CoPy_L,left,all,SS_vs_seasonal,6.163865706731997e-08,34782,2ec2ba37fa8cbb0b
1,S02,persistence,CoPy_L,left,all,HD_ratio_vs_seasonal,1.0,34782,2ec2ba37fa8cbb0b
1,S02,persistence,CoPy_L,left,all,SS_vs_ar,-0.14984325850299451,34782,2ec2ba37fa8cbb0b
1,S02,persistence,CoPy_L,left,all,HD_ratio_vs_ar,1.161839791563174,34782,2ec2ba37fa8cbb0b
1,S02,persistence,F_R,right,1,MSE,27.00628482044027,34782,2ec2ba37fa8cbb0b
1,S02,persistence,F_R,right,1,MAE,3.301580360969305,34782,2ec2ba37fa8cbb0b
1,S02,persistence,F_R,right,1,SS_vs_persistence,3.697042672001771e-14,34782,2ec2ba37fa8cbb0b
1,S02,persistence,F_R,right,1,SS_vs_seasonal,3.697042672001771e-14,34782,2ec2ba37fa8cbb0b
1,S02,persistence,F_R,right,1,SS_vs_ar,-0.0410059320078664,34782,2ec2ba37fa8cbb0b
1,S02,persistence,F_R,right,2,MSE,62.5336608975584,34782,2ec2ba37fa8cbb0b
1,S02,persistence,F_R,right,2,MAE,5.037531725225602,34782,2ec2ba37fa8cbb0b
1,S02,persistence,F_R,right,2,SS_vs_persistence,1.5987211554602254e-14,34782,2ec2ba37fa8cbb0b
1,S02,persistence,F_R,right,2,SS_vs_seasonal,1.5987211554602254e-14,34782,2ec2ba37fa8cbb0b
1,S02,persistence,F_R,right,2,SS_vs_ar,-0.04175293510192768,34782,2ec2ba37fa8cbb0b
1,S02,persistence,F_R,right,3,MSE,95.00588169980139,34782,2ec2ba37fa8cbb0b
1,S02,persistence,F_R,right,3,MAE,6.323199388136509,34782,2ec2ba37fa8cbb0b
1,S02,persistence,F_R,right,3,SS_vs_persistence,1.0436096431476471e-14,34782,2ec2ba37fa8cbb0b
1,S02,persistence,F_R,right,3,SS_vs_seasonal,1.0436096431476471e-14,34782,2ec2ba37fa8cbb0b
1,S02,persistence,F_R,right,3,SS_vs_ar,-0.054975665812747376,34782,2ec2ba37fa8cbb0b
1,S02,persistence,F_R,right,4,MSE,123.17775385566853,34782,2ec2ba37fa8cbb0b
1,S02,persistence,F_R,right,4,MAE,7.318842486634385,34782,2ec2ba37fa8cbb0b
1,S02,persistence,F_R,right,4,SS_vs_persistence,8.104628079763643e-15,34782,2ec2ba37fa8cbb0b
1,S02,persistence,F_R,right,4,SS_vs_seasonal,8.104628079763643e-15,34782,2ec2ba37fa8cbb0b
1,S02,persistence,F_R,right,4,SS_vs_ar,-0.06668682593361597,34782,2ec2ba37fa8cbb0b
1,S02,persistence,F_R,right,5,MSE,147.9878236729313,34782,2ec2ba37fa8cbb0b
1,S02,persistence,F_R,right,5,MAE,8.156793188674502,34782,2ec2ba37fa8cbb0b
1,S02,persistence,F_R,right,5,SS_vs_persistence,6.772360450213455e-15,34782,2ec2ba37fa8cbb0b
1,S02,persistence,F_R,right,5,SS_vs_seasonal,6.772360450213455e-15,34782,2ec2ba37fa8cbb0b
1,S02,persistence,F_R,right,5,SS_vs_ar,-0.0819380612975329,34782,2ec2ba37fa8cbb0b
1,S02,persistence,F_R,right,6,MSE,170.76790946878637,34782,2ec2ba37fa8cbb0b
1,S02,persistence,F_R,right,6,MAE,8.86756234451144,34782,2ec2ba37fa8cbb0b
1,S02,persistence,F_R,right,6,SS_vs_persistence,5.773159728050814e-15,34782,2ec2ba37fa8cbb0b
1,S02,persistence,F_R,right,6,SS_vs_seasonal,5.773159728050814e-15,34782,2ec2ba37fa8cbb0b
1,S02,persistence,F_R,right,6,SS_vs_ar,-0.10026151010812479,34782,2ec2ba37fa8cbb0b
1,S02,persistence,F_R,right,all,MSE,104.41321906919771,34782,2ec2ba37fa8cbb0b
1,S02,persistence,F_R,right,all,MAE,6.500918249025291,34782,2ec2ba37fa8cbb0b
1,S02,persistence,F_R,right,all,Hausdorff,3.0563029572194336,34782,2ec2ba37fa8cbb0b
1,S02,persistence,F_R,right,all,SS_vs_persistence,9.547918011776346e-15,34782,2ec2ba37fa8cbb0b
1,S02,persistence,F_R,right,all,HD_ratio_vs_persistence,1.0,34782,2ec2ba37fa8cbb0b
1,S02,persistence,F_R,right,all,SS_vs_seasonal,9.547918011776346e-15,34782,2ec2ba37fa8cbb0b
1,S02,persistence,F_R,right,all,HD_ratio_vs_seasonal,1.0,34782,2ec2ba37fa8cbb0b
1,S02,persistence,F_R,right,all,SS_vs_ar,-0.0736783783530528,34782,2ec2ba37fa8cbb0b
1,S02,persistence,F_R,right,all,HD_ratio_vs_ar,1.0705578691350364,34782,2ec2ba37fa8cbb0b
1,S02,persistence,CoPx_R,right,1,MSE,9.467838303706967e-06,34782,2ec2ba37fa8cbb0b
1,S02,persistence,CoPx_R,right,1,MAE,0.002169924265739731,34782,2ec2ba37fa8cbb0b
1,S02,persistence,CoPx_R,right,1,SS_vs_persistence,1.0562071950381835e-07,34782,2ec2ba37fa8cbb0b
1,S02,persistence,CoPx_R,right,1,SS_vs_seasonal,1.0562071950381835e-07,34782,2ec2ba37fa8cbb0b
1,S02,persistence,CoPx_R,right,1,SS_vs_ar,-0.07214459343356094,34782,2ec2ba37fa8cbb0b
1,S02,persistence,CoPx_R,right,2,MSE,1.6457037653463218e-05,34782,2ec2ba37fa8cbb0b
1,S02,persistence,CoPx_R,right,2,MAE,0.00282633051524834,34782,2ec2ba37fa8cbb0b
1,S02,persistence,CoPx_R,right,2,SS_vs_persistence,6.076427361279002e-08,34782,2ec2ba37fa8cbb0b
1,S02,persistence,CoPx_R,right,2,SS_vs_seasonal,6.076427361279002e-08,34782,2ec2ba37fa8cbb0b
1,S02,persistence,CoPx_R,right,2,SS_vs_ar,-0.1471860596697332,34782,2ec2ba37fa8cbb0b
1,S02,persistence,CoPx_R,right,3,MSE,2.1425354731424138e-05,34782,2ec2ba37fa8cbb0b
1,S02,persistence,CoPx_R,right,3,MAE,0.003262654382934286,34782,2ec2ba37fa8cbb0b
1,S02,persistence,CoPx_R,right,3,SS_vs_persistence,4.667367081712115e-08,34782,2ec2ba37fa8cbb0b
1,S02,persistence,CoPx_R,right,3,SS_vs_seasonal,4.667367081712115e-08,34782,2ec2ba37fa8cbb0b
1,S02,persistence,CoPx_R,right,3,SS_vs_ar,-0.19247803758973903,34782,2ec2ba37fa8cbb0b
1,S02,persistence,CoPx_R,right,4,MSE,2.4491160303419034e-05,34782,2ec2ba37fa8cbb0b
1,S02,persistence,CoPx_R,right,4,MAE,0.003517443321053504,34782,2ec2ba37fa8cbb0b
1,S02,persistence,CoPx_R,right,4,SS_vs_persistence,4.0831056868917415e-08,34782,2ec2ba37fa8cbb0b
1,S02,persistence,CoPx_R,right,4,SS_vs_seasonal,4.0831056868917415e-08,34782,2ec2ba37fa8cbb0b
1,S02,persistence,CoPx_R,right,4,SS_vs_ar,-0.21499671471976134,34782,2ec2ba37fa8cbb0b
1,S02,persistence,CoPx_R,right,5,MSE,2.6428390967412082e-05,34782,2ec2ba37fa8cbb0b
1,S02,persistence,CoPx_R,right,5,MAE,0.0036955470317386495,34782,2ec2ba37fa8cbb0b
1,S02,persistence,CoPx_R,right,5,SS_vs_persistence,3.783809476853861e-08,34782,2ec2ba37fa8cbb0b
1,S02,persistence,CoPx_R,right,5,SS_vs_seasonal,3.783809476853861e-08,34782,2ec2ba37fa8cbb0b
1,S02,persistence,CoPx_R,right,5,SS_vs_ar,-0.2323917121217869,34782,2ec2ba37fa8cbb0b
1,S02,persistence,CoPx_R,right,6,MSE,2.7216011445348746e-05,34782,2ec2ba37fa8cbb0b
1,S02,persistence,CoPx_R,right,6,MAE,0.0037816078656281995,34782,2ec2ba37fa8cbb0b
1,S02,persistence,CoPx_R,right,6,SS_vs_persistence,3.674307547107958e-08,34782,2ec2ba37fa8cbb0b
1,S02,persistence,CoPx_R,right,6,SS_vs_seasonal,3.674307547107958e-08,34782,2ec2ba37fa8cbb0b
1,S02,persistence,CoPx_R,right,6,SS_vs_ar,-0.23536327217238573,34782,2ec2ba37fa8cbb0b
1,S02,persistence,CoPx_R,right,all,MSE,2.091429890079605e-05,34782,2ec2ba37fa8cbb0b
1,S02,persistence,CoPx_R,right,all,MAE,0.003208917897057118,34782,2ec2ba37fa8cbb0b
1,S02,persistence,CoPx_R,right,all,Hausdorff,2.8523542327609444,34782,2ec2ba37fa8cbb0b
1,S02,persistence,CoPx_R,right,all,SS_vs_persistence,4.7814175174742957e-08,34782,2ec2ba37fa8cbb0b
1,S02,persistence,CoPx_R,right,all,HD_ratio_vs_persistence,1.0,34782,2ec2ba37fa8cbb0b
1,S02,persistence,CoPx_R,right,all,SS_vs_seasonal,4.7814175174742957e-08,34782,2ec2ba37fa8cbb0b
1,S02,persistence,CoPx_R,right,all,HD_ratio_vs_seasonal,1.0,34782,2ec2ba37fa8cbb0b
1,S02,persistence,CoPx_R,right,all,SS_vs_ar,-0.19765363118558632,34782,2ec2ba37fa8cbb0b
1,S02,persistence,CoPx_R,right,all,HD_ratio_vs_ar,1.1690713543823368,34782,2ec2ba37fa8cbb0b
1,S02,persistence,CoPy_R,right,1,MSE,6.0562695505230545e-06,34782,2ec2ba37fa8cbb0b
1,S02,persistence,CoPy_R,right,1,MAE,0.0017422725214444666,34782,2ec2ba37fa8cbb0b
1,S02,persistence,CoPy_R,right,1,SS_vs_persistence,1.6511811884445393e-07,34782,2ec2ba37fa8cbb0b
1,S02,persistence,CoPy_R,right,1,SS_vs_seasonal,1.6511811884445393e-07,34782,2ec2ba37fa8cbb0b
1,S02,persistence,CoPy_R,right,1,SS_vs_ar,-0.05640329982094339,34782,2ec2ba37fa8cbb0b
1,S02,persistence,CoPy_R,right,2,MSE,9.969682664977748e-06,34782,2ec2ba37fa8cbb0b
1,S02,persistence,CoPy_R,right,2,MAE,0.0022196147599621335,34782,2ec2ba37fa8cbb0b
1,S02,persistence,CoPy_R,right,2,SS_vs_persistence,1.0030408514882794e-07,34782,2ec2ba37fa8cbb0b
1,S02,persistence,CoPy_R,right,2,SS_vs_seasonal,1.0030408514882794e-07,34782,2ec2ba37fa8cbb0b
1,S02,persistence,CoPy_R,right,2,SS_vs_ar,-0.10041437195400449,34782,2ec2ba37fa8cbb0b
1,S02,persistence,CoPy_R,right,3,MSE,1.242505508993209e-05,34782,2ec2ba37fa8cbb0b
1,S02,persistence,CoPy_R,right,3,MAE,0.0024922400856824288,34782,2ec2ba37fa8cbb0b
1,S02,persistence,CoPy_R,right,3,SS_vs_persistence,8.048253397063831e-08,34782,2ec2ba37fa8cbb0b
1,S02,persistence,CoPy_R,right,3,SS_vs_seasonal,8.048253397063831e-08,34782,2ec2ba37fa8cbb0b
1,S02,persistence,CoPy_R,right,3,SS_vs_ar,-0.1040997590354682,34782,2ec2ba37fa8cbb0b
1,S02,persistence,CoPy_R,right,4,MSE,1.464060817729238e-05,34782,2ec2ba37fa8cbb0b
1,S02,persistence,CoPy_R,right,4,MAE,0.0027230368712876404,34782,2ec2ba37fa8cbb0b
1,S02,persistence,CoPy_R,right,4,SS_vs_persistence,6.83031687875868e-08,34782,2ec2ba37fa8cbb0b
1,S02,persistence,CoPy_R,right,4,SS_vs_seasonal,6.83031687875868e-08,34782,2ec2ba37fa8cbb0b
1,S02,persistence,CoPy_R,right,4,SS_vs_ar,-0.09688718827943665,34782,2ec2ba37fa8cbb0b
1,S02,persistence,CoPy_R,right,5,MSE,1.6722321069532943e-05,34782,2ec2ba37fa8cbb0b
1,S02,persistence,CoPy_R,right,5,MAE,0.002938408276842112,34782,2ec2ba37fa8cbb0b
1,S02,persistence,CoPy_R,right,5,SS_vs_persistence,5.98003073726261e-08,34782,2ec2ba37fa8cbb0b
1,S02,persistence,CoPy_R,right,5,SS_vs_seasonal,5.98003073726261e-08,34782,2ec2ba37fa8cbb0b
1,S02,persistence,CoPy_R,right,5,SS_vs_ar,-0.09263384012392284,34782,2ec2ba37fa8cbb0b
1,S02,persistence,CoPy_R,right,6,MSE,1.8844360047540286e-05,34782,2ec2ba37fa8cbb0b
1,S02,persistence,CoPy_R,right,6,MAE,0.0031317398218994584,34782,2ec2ba37fa8cbb0b
1,S02,persistence,CoPy_R,right,6,SS_vs_persistence,5.3066272598378816e-08,34782,2ec2ba37fa8cbb0b
1,S02,persistence,CoPy_R,right,6,SS_vs_seasonal,5.3066272598378816e-08,34782,2ec2ba37fa8cbb0b
1,S02,persistence,CoPy_R,right,6,SS_vs_ar,-0.09447144600868396,34782,2ec2ba37fa8cbb0b
1,S02,persistence,CoPy_R,right,all,MSE,1.3109716099967265e-05,34782,2ec2ba37fa8cbb0b
1,S02,persistence,CoPy_R,right,all,MAE,0.00254121872285304,34782,2ec2ba37fa8cbb0b
1,S02,persistence,CoPy_R,right,all,Hausdorff,2.8626816982789207,34782,2ec2ba37fa8cbb0b
1,S02,persistence,CoPy_R,right,all,SS_vs_persistence,7.627929665687816e-08,34782,2ec2ba37fa8cbb0b
1,S02,persistence,CoPy_R,right,all,HD_ratio_vs_persistence,1.0,34782,2ec2ba37fa8cbb0b
1,S02,persistence,CoPy_R,right,all,SS_vs_seasonal,7.627929665687816e-08,34782,2ec2ba37fa8cbb0b
1,S02,persistence,CoPy_R,right,all,HD_ratio_vs_seasonal,1.0,34782,2ec2ba37fa8cbb0b
1,S02,persistence,CoPy_R,right,all,SS_vs_ar,-0.09374941139352422,34782,2ec2ba37fa8cbb0b
1,S02,persistence,CoPy_R,right,all,HD_ratio_vs_ar,1.1812342228906854,34782,2ec2ba37fa8cbb0b
1,S02,seasonal,F_L,left,1,MSE,9.722110014672142,34782,2ec2ba37fa8cbb0b
1,S02,seasonal,F_L,left,1,MAE,2.0474134981169545,34782,2ec2ba37fa8cbb0b
1,S02,seasonal,F_L,left,1,SS_vs_persistence,1.0291767438275201e-13,34782,2ec2ba37fa8cbb0b
1,S02,seasonal,F_L,left,1,SS_vs_seasonal,1.0291767438275201e-13,34782,2ec2ba37fa8cbb0b
1,S02,seasonal,F_L,left,1,SS_vs_ar,0.0014792222444850456,34782,2ec2ba37fa8cbb0b
1,S02,seasonal,F_L,left,2,MSE,19.64191121689102,34782,2ec2ba37fa8cbb0b
1,S02,seasonal,F_L,left,2,MAE,2.929680166726526,34782,2ec2ba37fa8cbb0b
1,S02,seasonal,F_L,left,2,SS_vs_persistence,5.084821452783217e-14,34782,2ec2ba37fa8cbb0b
1,S02,seasonal,F_L,left,2,SS_vs_seasonal,5.084821452783217e-14,34782,2ec2ba37fa8cbb0b
1,S02,seasonal,F_L,left,2,SS_vs_ar,-0.007423610074874576,34782,2ec2ba37fa8cbb0b
1,S02,seasonal,F_L,left,3,MSE,28.53193332308112,34782,2ec2ba37fa8cbb0b
1,S02,seasonal,F_L,left,3,MAE,3.5436728653341034,34782,2ec2ba37fa8cbb0b
1,S02,seasonal,F_L,left,3,SS_vs_persistence,3.497202527569243e-14,34782,2ec2ba37fa8cbb0b
1,S02,seasonal,F_L,left,3,SS_vs_seasonal,3.497202527569243e-14,34782,2ec2ba37fa8cbb0b
1,S02,seasonal,F_L,left,3,SS_vs_ar,-0.016869439189646673,34782,2ec2ba37fa8cbb0b
1,S02,seasonal,F_L,left,4,MSE,36.64848178701965,34782,2ec2ba37fa8cbb0b
1,S02,seasonal,F_L,left,4,MAE,4.047832663396072,34782,2ec2ba37fa8cbb0b
1,S02,seasonal,F_L,left,4,SS_vs_persistence,2.731148640577885e-14,34782,2ec2ba37fa8cbb0b
1,S02,seasonal,F_L,left,4,SS_vs_seasonal,2.731148640577885e-14,34782,2ec2ba37fa8cbb0b
1,S02,seasonal,F_L,left,4,SS_vs_ar,-0.02200289669454114,34782,2ec2ba37fa8cbb0b
1,S02,seasonal,F_L,left,5,MSE,43.94704256506792,34782,2ec2ba37fa8cbb0b
1,S02,seasonal,F_L,left,5,MAE,4.476347313433942,34782,2ec2ba37fa8cbb0b
1,S02,seasonal,F_L,left,5,SS_vs_persistence,2.275957200481571e-14,34782,2ec2ba37fa8cbb0b
1,S02,seasonal,F_L,left,5,SS_vs_seasonal,2.275957200481571e-14,34782,2ec2ba37fa8cbb0b
1,S02,seasonal,F_L,left,5,SS_vs_ar,-0.025941136298025524,34782,2ec2ba37fa8cbb0b
1,S02,seasonal,F_L,left,6,MSE,50.10712678165011,34782,2ec2ba37fa8cbb0b
1,S02,seasonal,F_L,left,6,MAE,4.810074260528075,34782,2ec2ba37fa8cbb0b
1,S02,seasonal,F_L,left,6,SS_vs_persistence,1.9984014443252818e-14,34782,2ec2ba37fa8cbb0b
1,S02,seasonal,F_L,left,6,SS_vs_seasonal,1.9984014443252818e-14,34782,2ec2ba37fa8cbb0b
1,S02,seasonal,F_L,left,6,SS_vs_ar,-0.026009104717661602,34782,2ec2ba37fa8cbb0b
1,S02,seasonal,F_L,left,all,MSE,31.43310094806366,34782,2ec2ba37fa8cbb0b
1,S02,seasonal,F_L,left,all,MAE,3.6425034612559455,34782,2ec2ba37fa8cbb0b
1,S02,seasonal,F_L,left,all,Hausdorff,2.9725870819855467,34782,2ec2ba37fa8cbb0b
1,S02,seasonal,F_L,left,all,SS_vs_persistence,3.175237850427948e-14,34782,2ec2ba37fa8cbb0b
1,S02,seasonal,F_L,left,all,HD_ratio_vs_persistence,1.0,34782,2ec2ba37fa8cbb0b
1,S02,seasonal,F_L,left,all,SS_vs_seasonal,3.175237850427948e-14,34782,2ec2ba37fa8cbb0b
1,S02,seasonal,F_L,left,all,HD_ratio_vs_seasonal,1.0,34782,2ec2ba37fa8cbb0b
1,S02,seasonal,F_L,left,all,SS_vs_ar,-0.020419893475960516,34782,2ec2ba37fa8cbb0b
1,S02,seasonal,F_L,left,all,HD_ratio_vs_ar,1.0537634497786466,34782,2ec2ba37fa8cbb0b
1,S02,seasonal,CoPx_L,left,1,MSE,9.939788420686304e-06,34782,2ec2ba37fa8cbb0b
1,S02,seasonal,CoPx_L,left,1,MAE,0.002083196581487546,34782,2ec2ba37fa8cbb0b
1,S02,seasonal,CoPx_L,left,1,SS_vs_persistence,1.0060575306169994e-07,34782,2ec2ba37fa8cbb0b
1,S02,seasonal,CoPx_L,left,1,SS_vs_seasonal,1.0060575306169994e-07,34782,2ec2ba37fa8cbb0b
1,S02,seasonal,CoPx_L,left,1,SS_vs_ar,-0.10573038148145653,34782,2ec2ba37fa8cbb0b
1,S02,seasonal,CoPx_L,left,2,MSE,1.4806324222036209e-05,34782,2ec2ba37fa8cbb0b
1,S02,seasonal,CoPx_L,left,2,MAE,0.0025985375209423693,34782,2ec2ba37fa8cbb0b
1,S02,seasonal,CoPx_L,left,2,SS_vs_persistence,6.753870285258756e-08,34782,2ec2ba37fa8cbb0b
1,S02,seasonal,CoPx_L,left,2,SS_vs_seasonal,6.753870285258756e-08,34782,2ec2ba37fa8cbb0b
1,S02,seasonal,CoPx_L,left,2,SS_vs_ar,-0.15141524152690544,34782,2ec2ba37fa8cbb0b
1,S02,seasonal,CoPx_L,left,3,MSE,1.8872521437634402e-05,34782,2ec2ba37fa8cbb0b
1,S02,seasonal,CoPx_L,left,3,MAE,0.0029612616012153056,34782,2ec2ba37fa8cbb0b
1,S02,seasonal,CoPx_L,left,3,SS_vs_persistence,5.2987087606481964e-08,34782,2ec2ba37fa8cbb0b
1,S02,seasonal,CoPx_L,left,3,SS_vs_seasonal,5.2987087606481964e-08,34782,2ec2ba37fa8cbb0b
1,S02,seasonal,CoPx_L,left,3,SS_vs_ar,-0.18709334829308677,34782,2ec2ba37fa8cbb0b
1,S02,seasonal,CoPx_L,left,4,MSE,2.1594443732668106e-05,34782,2ec2ba37fa8cbb0b
1,S02,seasonal,CoPx_L,left,4,MAE,0.003210728432699233,34782,2ec2ba37fa8cbb0b
1,S02,seasonal,CoPx_L,left,4,SS_vs_persistence,4.630820615858511e-08,34782,2ec2ba37fa8cbb0b
1,S02,seasonal,CoPx_L,left,4,SS_vs_seasonal,4.630820615858511e-08,34782,2ec2ba37fa8cbb0b
1,S02,seasonal,CoPx_L,left,4,SS_vs_ar,-0.203565576415643,34782,2ec2ba37fa8cbb0b
1,S02,seasonal,CoPx_L,left,5,MSE,2.390953097451007e-05,34782,2ec2ba37fa8cbb0b
1,S02,seasonal,CoPx_L,left,5,MAE,0.0033981863474515255,34782,2ec2ba37fa8cbb0b
1,S02,seasonal,CoPx_L,left,5,SS_vs_persistence,4.1824323449013434e-08,34782,2ec2ba37fa8cbb0b
1,S02,seasonal,CoPx_L,left,5,SS_vs_seasonal,4.1824323449013434e-08,34782,2ec2ba37fa8cbb0b
1,S02,seasonal,CoPx_L,left,5,SS_vs_ar,-0.2140453180859634,34782,2ec2ba37fa8cbb0b
1,S02,seasonal,CoPx_L,left,6,MSE,2.6469268944459436e-05,34782,2ec2ba37fa8cbb0b
1,S02,seasonal,CoPx_L,left,6,MAE,0.0035665365536167773,34782,2ec2ba37fa8cbb0b
1,S02,seasonal,CoPx_L,left,6,SS_vs_persistence,3.777965928986049e-08,34782,2ec2ba37fa8cbb0b
1,S02,seasonal,CoPx_L,left,6,SS_vs_seasonal,3.777965928986049e-08,34782,2ec2ba37fa8cbb0b
1,S02,seasonal,CoPx_L,left,6,SS_vs_ar,-0.23286739762914443,34782,2ec2ba37fa8cbb0b
1,S02,seasonal,CoPx_L,left,all,MSE,1.9265312955333136e-05,34782,2ec2ba37fa8cbb0b
1,S02,seasonal,CoPx_L,left,all,MAE,0.002969741172902126,34782,2ec2ba37fa8cbb0b
1,S02,seasonal,CoPx_L,left,all,Hausdorff,2.825166362214563,34782,2ec2ba37fa8cbb0b
1,S02,seasonal,CoPx_L,left,all,SS_vs_persistence,5.190675855804017e-08,34782,2ec2ba37fa8cbb0b
1,S02,seasonal,CoPx_L,left,all,HD_ratio_vs_persistence,1.0,34782,2ec2ba37fa8cbb0b
1,S02,seasonal,CoPx_L,left,all,SS_vs_seasonal,5.190675855804017e-08,34782,2ec2ba37fa8cbb0b
1,S02,seasonal,CoPx_L,left,all,HD_ratio_vs_seasonal,1.0,34782,2ec2ba37fa8cbb0b
1,S02,seasonal,CoPx_L,left,all,SS_vs_ar,-0.19348349581952862,34782,2ec2ba37fa8cbb0b
1,S02,seasonal,CoPx_L,left,all,HD_ratio_vs_ar,1.1600763091886657,34782,2ec2ba37fa8cbb0b
1,S02,seasonal,CoPy_L,left,1,MSE,8.380398248354844e-06,34782,2ec2ba37fa8cbb0b
1,S02,seasonal,CoPy_L,left,1,MAE,0.0019495680047088221,34782,2ec2ba37fa8cbb0b
1,S02,seasonal,CoPy_L,left,1,SS_vs_persistence,1.193260571463739e-07,34782,2ec2ba37fa8cbb0b
1,S02,seasonal,CoPy_L,left,1,SS_vs_seasonal,1.193260571463739e-07,34782,2ec2ba37fa8cbb0b
1,S02,seasonal,CoPy_L,left,1,SS_vs_ar,-0.09190774290590342,34782,2ec2ba37fa8cbb0b
1,S02,seasonal,CoPy_L,left,2,MSE,1.2629938443013261e-05,34782,2ec2ba37fa8cbb0b
1,S02,seasonal,CoPy_L,left,2,MAE,0.002446563326764661,34782,2ec2ba37fa8cbb0b
1,S02,seasonal,CoPy_L,left,2,SS_vs_persistence,7.917694333503533e-08,34782,2ec2ba37fa8cbb0b
1,S02,seasonal,CoPy_L,left,2,SS_vs_seasonal,7.917694333503533e-08,34782,2ec2ba37fa8cbb0b
1,S02,seasonal,CoPy_L,left,2,SS_vs_ar,-0.12635192581105104,34782,2ec2ba37fa8cbb0b
1,S02,seasonal,CoPy_L,left,3,MSE,1.5383079600711678e-05,34782,2ec2ba37fa8cbb0b
1,S02,seasonal,CoPy_L,left,3,MAE,0.002710571383971374,34782,2ec2ba37fa8cbb0b
1,S02,seasonal,CoPy_L,left,3,SS_vs_persistence,6.500648508378504e-08,34782,2ec2ba37fa8cbb0b
1,S02,seasonal,CoPy_L,left,3,SS_vs_seasonal,6.500648508378504e-08,34782,2ec2ba37fa8cbb0b
1,S02,seasonal,CoPy_L,left,3,SS_vs_ar,-0.13941924507077452,34782,2ec2ba37fa8cbb0b
1,S02,seasonal,CoPy_L,left,4,MSE,1.793147347932876e-05,34782,2ec2ba37fa8cbb0b
1,S02,seasonal,CoPy_L,left,4,MAE,0.0029402959632649555,34782,2ec2ba37fa8cbb0b
1,S02,seasonal,CoPy_L,left,4,SS_vs_persistence,5.5767862328082174e-08,34782,2ec2ba37fa8cbb0b
1,S02,seasonal,CoPy_L,left,4,SS_vs_seasonal,5.5767862328082174e-08,34782,2ec2ba37fa8cbb0b
1,S02,seasonal,CoPy_L,left,4,SS_vs_ar,-0.1438379720028844,34782,2ec2ba37fa8cbb0b
1,S02,seasonal,CoPy_L,left,5,MSE,2.0489010613583214e-05,34782,2ec2ba37fa8cbb0b
1,S02,seasonal,CoPy_L,left,5,MAE,0.0031710926525925754,34782,2ec2ba37fa8cbb0b
1,S02,seasonal,CoPy_L,left,5,SS_vs_persistence,4.8806649055599394e-08,34782,2ec2ba37fa8cbb0b
1,S02,seasonal,CoPy_L,left,5,SS_vs_seasonal,4.8806649055599394e-08,34782,2ec2ba37fa8cbb0b
1,S02,seasonal,CoPy_L,left,5,SS_vs_ar,-0.16554732325059862,34782,2ec2ba37fa8cbb0b
1,S02,seasonal,CoPy_L,left,6,MSE,2.2527604255926308e-05,34782,2ec2ba37fa8cbb0b
1,S02,seasonal,CoPy_L,left,6,MAE,0.0033630942585607315,34782,2ec2ba37fa8cbb0b
1,S02,seasonal,CoPy_L,left,6,SS_vs_persistence,4.4389982356562996e-08,34782,2ec2ba37fa8cbb0b
1,S02,seasonal,CoPy_L,left,6,SS_vs_seasonal,4.4389982356562996e-08,34782,2ec2ba37fa8cbb0b
1,S02,seasonal,CoPy_L,left,6,SS_vs_ar,-0.1849203218331057,34782,2ec2ba37fa8cbb0b
1,S02,seasonal,CoPy_L,left,all,MSE,1.6223584106820566e-05,34782,2ec2ba37fa8cbb0b
1,S02,seasonal,CoPy_L,left,all,MAE,0.0027635309316438534,34782,2ec2ba37fa8cbb0b
1,S02,seasonal,CoPy_L,left,all,Hausdorff,2.8508272319238417,34782,2ec2ba37fa8cbb0b
1,S02,seasonal,CoPy_L,left,all,SS_vs_persistence,6.163865706731997e-08,34782,2ec2ba37fa8cbb0b
1,S02,seasonal,CoPy_L,left,all,HD_ratio_vs_persistence,1.0,34782,2ec2ba37fa8cbb0b
1,S02,seasonal,CoPy_L,left,all,SS_vs_seasonal,6.163865706731997e-08,34782,2ec2ba37fa8cbb0b
1,S02,seasonal,CoPy_L,left,all,HD_ratio_vs_seasonal,1.0,34782,2ec2ba37fa8cbb0b
1,S02,seasonal,CoPy_L,left,all,SS_vs_ar,-0.14984325850299451,34782,2ec2ba37fa8cbb0b
1,S02,seasonal,CoPy_L,left,all,HD_ratio_vs_ar,1.161839791563174,34782,2ec2ba37fa8cbb0b
1,S02,seasonal,F_R,right,1,MSE,27.00628482044027,34782,2ec2ba37fa8cbb0b
1,S02,seasonal,F_R,right,1,MAE,3.301580360969305,34782,2ec2ba37fa8cbb0b
1,S02,seasonal,F_R,right,1,SS_vs_persistence,3.697042672001771e-14,34782,2ec2ba37fa8cbb0b
1,S02,seasonal,F_R,right,1,SS_vs_seasonal,3.697042672001771e-14,34782,2ec2ba37fa8cbb0b
1,S02,seasonal,F_R,right,1,SS_vs_ar,-0.0410059320078664,34782,2ec2ba37fa8cbb0b
1,S02,seasonal,F_R,right,2,MSE,62.5336608975584,34782,2ec2ba37fa8cbb0b
1,S02,seasonal,F_R,right,2,MAE,5.037531725225602,34782,2ec2ba37fa8cbb0b
1,S02,seasonal,F_R,right,2,SS_vs_persistence,1.5987211554602254e-14,34782,2ec2ba37fa8cbb0b
1,S02,seasonal,F_R,right,2,SS_vs_seasonal,1.5987211554602254e-14,34782,2ec2ba37fa8cbb0b
1,S02,seasonal,F_R,right,2,SS_vs_ar,-0.04175293510192768,34782,2ec2ba37fa8cbb0b
1,S02,seasonal,F_R,right,3,MSE,95.00588169980139,34782,2ec2ba37fa8cbb0b
1,S02,seasonal,F_R,right,3,MAE,6.323199388136509,34782,2ec2ba37fa8cbb0b
1,S02,seasonal,F_R,right,3,SS_vs_persistence,1.0436096431476471e-14,34782,2ec2ba37fa8cbb0b
1,S02,seasonal,F_R,right,3,SS_vs_seasonal,1.0436096431476471e-14,34782,2ec2ba37fa8cbb0b
1,S02,seasonal,F_R,right,3,SS_vs_ar,-0.054975665812747376,34782,2ec2ba37fa8cbb0b
1,S02,seasonal,F_R,right,4,MSE,123.17775385566853,34782,2ec2ba37fa8cbb0b
1,S02,seasonal,F_R,right,4,MAE,7.318842486634385,34782,2ec2ba37fa8cbb0b
1,S02,seasonal,F_R,right,4,SS_vs_persistence,8.104628079763643e-15,34782,2ec2ba37fa8cbb0b
1,S02,seasonal,F_R,right,4,SS_vs_seasonal,8.104628079763643e-15,34782,2ec2ba37fa8cbb0b
1,S02,seasonal,F_R,right,4,SS_vs_ar,-0.06668682593361597,34782,2ec2ba37fa8cbb0b
1,S02,seasonal,F_R,right,5,MSE,147.9878236729313,34782,2ec2ba37fa8cbb0b
1,S02,seasonal,F_R,right,5,MAE,8.156793188674502,34782,2ec2ba37fa8cbb0b
1,S02,seasonal,F_R,right,5,SS_vs_persistence,6.772360450213455e-15,34782,2ec2ba37fa8cbb0b
1,S02,seasonal,F_R,right,5,SS_vs_seasonal,6.772360450213455e-15,34782,2ec2ba37fa8cbb0b
1,S02,seasonal,F_R,right,5,SS_vs_ar,-0.0819380612975329,34782,2ec2ba37fa8cbb0b
1,S02,seasonal,F_R,right,6,MSE,170.76790946878637,34782,2ec2ba37fa8cbb0b
1,S02,seasonal,F_R,right,6,MAE,8.86756234451144,34782,2ec2ba37fa8cbb0b
1,S02,seasonal,F_R,right,6,SS_vs_persistence,5.773159728050814e-15,34782,2ec2ba37fa8cbb0b
1,S02,seasonal,F_R,right,6,SS_vs_seasonal,5.773159728050814e-15,34782,2ec2ba37fa8cbb0b
1,S02,seasonal,F_R,right,6,SS_vs_ar,-0.10026151010812479,34782,2ec2ba37fa8cbb0b
1,S02,seasonal,F_R,right,all,MSE,104.41321906919771,34782,2ec2ba37fa8cbb0b
1,S02,seasonal,F_R,right,all,MAE,6.500918249025291,34782,2ec2ba37fa8cbb0b
1,S02,seasonal,F_R,right,all,Hausdorff,3.0563029572194336,34782,2ec2ba37fa8cbb0b
1,S02,seasonal,F_R,right,all,SS_vs_persistence,9.547918011776346e-15,34782,2ec2ba37fa8cbb0b
1,S02,seasonal,F_R,right,all,HD_ratio_vs_persistence,1.0,34782,2ec2ba37fa8cbb0b
1,S02,seasonal,F_R,right,all,SS_vs_seasonal,9.547918011776346e-15,34782,2ec2ba37fa8cbb0b
1,S02,seasonal,F_R,right,all,HD_ratio_vs_seasonal,1.0,34782,2ec2ba37fa8cbb0b
1,S02,seasonal,F_R,right,all,SS_vs_ar,-0.0736783783530528,34782,2ec2ba37fa8cbb0b
1,S02,seasonal,F_R,right,all,HD_ratio_vs_ar,1.0705578691350364,34782,2ec2ba37fa8cbb0b
1,S02,seasonal,CoPx_R,right,1,MSE,9.467838303706967e-06,34782,2ec2ba37fa8cbb0b
1,S02,seasonal,CoPx_R,right,1,MAE,0.002169924265739731,34782,2ec2ba37fa8cbb0b
1,S02,seasonal,CoPx_R,right,1,SS_vs_persistence,1.0562071950381835e-07,34782,2ec2ba37fa8cbb0b
1,S02,seasonal,CoPx_R,right,1,SS_vs_seasonal,1.0562071950381835e-07,34782,2ec2ba37fa8cbb0b
1,S02,seasonal,CoPx_R,right,1,SS_vs_ar,-0.07214459343356094,34782,2ec2ba37fa8cbb0b
1,S02,seasonal,CoPx_R,right,2,MSE,1.6457037653463218e-05,34782,2ec2ba37fa8cbb0b
1,S02,seasonal,CoPx_R,right,2,MAE,0.00282633051524834,34782,2ec2ba37fa8cbb0b
1,S02,seasonal,CoPx_R,right,2,SS_vs_persistence,6.076427361279002e-08,34782,2ec2ba37fa8cbb0b
1,S02,seasonal,CoPx_R,right,2,SS_vs_seasonal,6.076427361279002e-08,34782,2ec2ba37fa8cbb0b
1,S02,seasonal,CoPx_R,right,2,SS_vs_ar,-0.1471860596697332,34782,2ec2ba37fa8cbb0b
1,S02,seasonal,CoPx_R,right,3,MSE,2.1425354731424138e-05,34782,2ec2ba37fa8cbb0b
1,S02,seasonal,CoPx_R,right,3,MAE,0.003262654382934286,34782,2ec2ba37fa8cbb0b
1,S02,seasonal,CoPx_R,right,3,SS_vs_persistence,4.667367081712115e-08,34782,2ec2ba37fa8cbb0b
1,S02,seasonal,CoPx_R,right,3,SS_vs_seasonal,4.667367081712115e-08,34782,2ec2ba37fa8cbb0b
1,S02,seasonal,CoPx_R,right,3,SS_vs_ar,-0.19247803758973903,34782,2ec2ba37fa8cbb0b
1,S02,seasonal,CoPx_R,right,4,MSE,2.4491160303419034e-05,34782,2ec2ba37fa8cbb0b
1,S02,seasonal,CoPx_R,right,4,MAE,0.003517443321053504,34782,2ec2ba37fa8cbb0b
1,S02,seasonal,CoPx_R,right,4,SS_vs_persistence,4.0831056868917415e-08,34782,2ec2ba37fa8cbb0b
1,S02,seasonal,CoPx_R,right,4,SS_vs_seasonal,4.0831056868917415e-08,34782,2ec2ba37fa8cbb0b
1,S02,seasonal,CoPx_R,right,4,SS_vs_ar,-0.21499671471976134,34782,2ec2ba37fa8cbb0b
1,S02,seasonal,CoPx_R,right,5,MSE,2.6428390967412082e-05,34782,2ec2ba37fa8cbb0b
1,S02,seasonal,CoPx_R,right,5,MAE,0.0036955470317386495,34782,2ec2ba37fa8cbb0b
1,S02,seasonal,CoPx_R,right,5,SS_vs_persistence,3.783809476853861e-08,34782,2ec2ba37fa8cbb0b
1,S02,seasonal,CoPx_R,right,5,SS_vs_seasonal,3.783809476853861e-08,34782,2ec2ba37fa8cbb0b
1,S02,seasonal,CoPx_R,right,5,SS_vs_ar,-0.2323917121217869,34782,2ec2ba37fa8cbb0b
1,S02,seasonal,CoPx_R,right,6,MSE,2.7216011445348746e-05,34782,2ec2ba37fa8cbb0b
1,S02,seasonal,CoPx_R,right,6,MAE,0.0037816078656281995,34782,2ec2ba37fa8cbb0b
1,S02,seasonal,CoPx_R,right,6,SS_vs_persistence,3.674307547107958e-08,34782,2ec2ba37fa8cbb0b
1,S02,seasonal,CoPx_R,right,6,SS_vs_seasonal,3.674307547107958e-08,34782,2ec2ba37fa8cbb0b
1,S02,seasonal,CoPx_R,right,6,SS_vs_ar,-0.23536327217238573,34782,2ec2ba37fa8cbb0b
1,S02,seasonal,CoPx_R,right,all,MSE,2.091429890079605e-05,34782,2ec2ba37fa8cbb0b
1,S02,seasonal,CoPx_R,right,all,MAE,0.003208917897057118,34782,2ec2ba37fa8cbb0b
1,S02,seasonal,CoPx_R,right,all,Hausdorff,2.8523542327609444,34782,2ec2ba37fa8cbb0b
1,S02,seasonal,CoPx_R,right,all,SS_vs_persistence,4.7814175174742957e-08,34782,2ec2ba37fa8cbb0b
1,S02,seasonal,CoPx_R,right,all,HD_ratio_vs_persistence,1.0,34782,2ec2ba37fa8cbb0b
1,S02,seasonal,CoPx_R,right,all,SS_vs_seasonal,4.7814175174742957e-08,34782,2ec2ba37fa8cbb0b
1,S02,seasonal,CoPx_R,right,all,HD_ratio_vs_seasonal,1.0,34782,2ec2ba37fa8cbb0b
1,S02,seasonal,CoPx_R,right,all,SS_vs_ar,-0.19765363118558632,34782,2ec2ba37fa8cbb0b
1,S02,seasonal,CoPx_R,right,all,HD_ratio_vs_ar,1.1690713543823368,34782,2ec2ba37fa8cbb0b
1,S02,seasonal,CoPy_R,right,1,MSE,6.0562695505230545e-06,34782,2ec2ba37fa8cbb0b
1,S02,seasonal,CoPy_R,right,1,MAE,0.0017422725214444666,34782,2ec2ba37fa8cbb0b
1,S02,seasonal,CoPy_R,right,1,SS_vs_persistence,1.6511811884445393e-07,34782,2ec2ba37fa8cbb0b
1,S02,seasonal,CoPy_R,right,1,SS_vs_seasonal,1.6511811884445393e-07,34782,2ec2ba37fa8cbb0b
1,S02,seasonal,CoPy_R,right,1,SS_vs_ar,-0.05640329982094339,34782,2ec2ba37fa8cbb0b
1,S02,seasonal,CoPy_R,right,2,MSE,9.969682664977748e-06,34782,2ec2ba37fa8cbb0b
1,S02,seasonal,CoPy_R,right,2,MAE,0.0022196147599621335,34782,2ec2ba37fa8cbb0b
1,S02,seasonal,CoPy_R,right,2,SS_vs_persistence,1.0030408514882794e-07,34782,2ec2ba37fa8cbb0b
1,S02,seasonal,CoPy_R,right,2,SS_vs_seasonal,1.0030408514882794e-07,34782,2ec2ba37fa8cbb0b
1,S02,seasonal,CoPy_R,right,2,SS_vs_ar,-0.10041437195400449,34782,2ec2ba37fa8cbb0b
1,S02,seasonal,CoPy_R,right,3,MSE,1.242505508993209e-05,34782,2ec2ba37fa8cbb0b
1,S02,seasonal,CoPy_R,right,3,MAE,0.0024922400856824288,34782,2ec2ba37fa8cbb0b
1,S02,seasonal,CoPy_R,right,3,SS_vs_persistence,8.048253397063831e-08,34782,2ec2ba37fa8cbb0b
1,S02,seasonal,CoPy_R,right,3,SS_vs_seasonal,8.048253397063831e-08,34782,2ec2ba37fa8cbb0b
1,S02,seasonal,CoPy_R,right,3,SS_vs_ar,-0.1040997590354682,34782,2ec2ba37fa8cbb0b
1,S02,seasonal,CoPy_R,right,4,MSE,1.464060817729238e-05,34782,2ec2ba37fa8cbb0b
1,S02,seasonal,CoPy_R,right,4,MAE,0.0027230368712876404,34782,2ec2ba37fa8cbb0b
1,S02,seasonal,CoPy_R,right,4,SS_vs_persistence,6.83031687875868e-08,34782,2ec2ba37fa8cbb0b
1,S02,seasonal,CoPy_R,right,4,SS_vs_seasonal,6.83031687875868e-08,34782,2ec2ba37fa8cbb0b
1,S02,seasonal,CoPy_R,right,4,SS_vs_ar,-0.09688718827943665,34782,2ec2ba37fa8cbb0b
1,S02,seasonal,CoPy_R,right,5,MSE,1.6722321069532943e-05,34782,2ec2ba37fa8cbb0b
1,S02,seasonal,CoPy_R,right,5,MAE,0.002938408276842112,34782,2ec2ba37fa8cbb0b
1,S02,seasonal,CoPy_R,right,5,SS_vs_persistence,5.98003073726261e-08,34782,2ec2ba37fa8cbb0b
1,S02,seasonal,CoPy_R,right,5,SS_vs_seasonal,5.98003073726261e-08,34782,2ec2ba37fa8cbb0b
1,S02,seasonal,CoPy_R,right,5,SS_vs_ar,-0.09263384012392284,34782,2ec2ba37fa8cbb0b
1,S02,seasonal,CoPy_R,right,6,MSE,1.8844360047540286e-05,34782,2ec2ba37fa8cbb0b
1,S02,seasonal,CoPy_R,right,6,MAE,0.0031317398218994584,34782,2ec2ba37fa8cbb0b
1,S02,seasonal,CoPy_R,right,6,SS_vs_persistence,5.3066272598378816e-08,34782,2ec2ba37fa8cbb0b
1,S02,seasonal,CoPy_R,right,6,SS_vs_seasonal,5.3066272598378816e-08,34782,2ec2ba37fa8cbb0b
1,S02,seasonal,CoPy_R,right,6,SS_vs_ar,-0.09447144600868396,34782,2ec2ba37fa8cbb0b
1,S02,seasonal,CoPy_R,right,all,MSE,1.3109716099967265e-05,34782,2ec2ba37fa8cbb0b
1,S02,seasonal,CoPy_R,right,all,MAE,0.00254121872285304,34782,2ec2ba37fa8cbb0b
1,S02,seasonal,CoPy_R,right,all,Hausdorff,2.8626816982789207,34782,2ec2ba37fa8cbb0b
1,S02,seasonal,CoPy_R,right,all,SS_vs_persistence,7.627929665687816e-08,34782,2ec2ba37fa8cbb0b
1,S02,seasonal,CoPy_R,right,all,HD_ratio_vs_persistence,1.0,34782,2ec2ba37fa8cbb0b
1,S02,seasonal,CoPy_R,right,all,SS_vs_seasonal,7.627929665687816e-08,34782,2ec2ba37fa8cbb0b
1,S02,seasonal,CoPy_R,right,all,HD_ratio_vs_seasonal,1.0,34782,2ec2ba37fa8cbb0b
1,S02,seasonal,CoPy_R,right,all,SS_vs_ar,-0.09374941139352422,34782,2ec2ba37fa8cbb0b
1,S02,seasonal,CoPy_R,right,all,HD_ratio_vs_ar,1.1812342228906854,34782,2ec2ba37fa8cbb0b
1,S02,ar,F_L,left,1,MSE,9.736512480516028,34782,2ec2ba37fa8cbb0b
1,S02,ar,F_L,left,1,MAE,2.099221074431315,34782,2ec2ba37fa8cbb0b
1,S02,ar,F_L,left,1,SS_vs_persistence,-0.0014814135842065035,34782,2ec2ba37fa8cbb0b
1,S02,ar,F_L,left,1,SS_vs_seasonal,-0.0014814135842065035,34782,2ec2ba37fa8cbb0b
1,S02,ar,F_L,left,1,SS_vs_ar,1.0269562977782698e-13,34782,2ec2ba37fa8cbb0b
1,S02,ar,F_L,left,2,MSE,19.497171815766926,34782,2ec2ba37fa8cbb0b
1,S02,ar,F_L,left,2,MAE,3.0460353142022223,34782,2ec2ba37fa8cbb0b
1,S02,ar,F_L,left,2,SS_vs_persistence,0.007368906188753077,34782,2ec2ba37fa8cbb0b
1,S02,ar,F_L,left,2,SS_vs_seasonal,0.007368906188753077,34782,2ec2ba37fa8cbb0b
1,S02,ar,F_L,left,2,SS_vs_ar,5.1181281435219717e-14,34782,2ec2ba37fa8cbb0b
1,S02,ar,F_L,left,3,MSE,28.058600468726333,34782,2ec2ba37fa8cbb0b
1,S02,ar,F_L,left,3,MAE,3.703333398398381,34782,2ec2ba37fa8cbb0b
1,S02,ar,F_L,left,3,SS_vs_persistence,0.01658958224092244,34782,2ec2ba37fa8cbb0b
1,S02,ar,F_L,left,3,SS_vs_seasonal,0.01658958224092244,34782,2ec2ba37fa8cbb0b
1,S02,ar,F_L,left,3,SS_vs_ar,3.552713678800501e-14,34782,2ec2ba37fa8cbb0b
1,S02,ar,F_L,left,4,MSE,35.859469582278706,34782,2ec2ba37fa8cbb0b
1,S02,ar,F_L,left,4,MAE,4.249679824993721,34782,2ec2ba37fa8cbb0b
1,S02,ar,F_L,left,4,SS_vs_persistence,0.021529192104797645,34782,2ec2ba37fa8cbb0b
1,S02,ar,F_L,left,4,SS_vs_seasonal,0.021529192104797645,34782,2ec2ba37fa8cbb0b
1,S02,ar,F_L,left,4,SS_vs_ar,2.7977620220553945e-14,34782,2ec2ba37fa8cbb0b
1,S02,ar,F_L,left,5,MSE,42.83583239838111,34782,2ec2ba37fa8cbb0b
1,S02,ar,F_L,left,5,MAE,4.699156763333101,34782,2ec2ba37fa8cbb0b
1,S02,ar,F_L,left,5,SS_vs_persistence,0.02528520923888178,34782,2ec2ba37fa8cbb0b
1,S02,ar,F_L,left,5,SS_vs_seasonal,0.02528520923888178,34782,2ec2ba37fa8cbb0b
1,S02,ar,F_L,left,5,SS_vs_ar,2.3425705819590803e-14,34782,2ec2ba37fa8cbb0b
1,S02,ar,F_L,left,6,MSE,48.83692215912413,34782,2ec2ba37fa8cbb0b
1,S02,ar,F_L,left,6,MAE,5.054451064948292,34782,2ec2ba37fa8cbb0b
1,S02,ar,F_L,left,6,SS_vs_persistence,0.025349779644362358,34782,2ec2ba37fa8cbb0b
1,S02,ar,F_L,left,6,SS_vs_seasonal,0.025349779644362358,34782,2ec2ba37fa8cbb0b
1,S02,ar,F_L,left,6,SS_vs_ar,2.0539125955565396e-14,34782,2ec2ba37fa8cbb0b
1,S02,ar,F_L,left,all,MSE,30.80408481746554,34782,2ec2ba37fa8cbb0b
1,S02,ar,F_L,left,all,MAE,3.808646240051167,34782,2ec2ba37fa8cbb0b
1,S02,ar,F_L,left,all,Hausdorff,2.8209244518871555,34782,2ec2ba37fa8cbb0b
1,S02,ar,F_L,left,all,SS_vs_persistence,0.020011265564870984,34782,2ec2ba37fa8cbb0b
1,S02,ar,F_L,left,all,HD_ratio_vs_persistence,0.9489795838051318,34782,2ec2ba37fa8cbb0b
1,S02,ar,F_L,left,all,SS_vs_seasonal,0.020011265564870984,34782,2ec2ba37fa8cbb0b
1,S02,ar,F_L,left,all,HD_ratio_vs_seasonal,0.9489795838051318,34782,2ec2ba37fa8cbb0b
1,S02,ar,F_L,left,all,SS_vs_ar,3.241851231905457e-14,34782,2ec2ba37fa8cbb0b
1,S02,ar,F_L,left,all,HD_ratio_vs_ar,1.0,34782,2ec2ba37fa8cbb0b
1,S02,ar,CoPx_L,left,1,MSE,8.989340874977682e-06,34782,2ec2ba37fa8cbb0b
1,S02,ar,CoPx_L,left,1,MAE,0.00201673010829545,34782,2ec2ba37fa8cbb0b
1,S02,ar,CoPx_L,left,1,SS_vs_persistence,0.09562059169287684,34782,2ec2ba37fa8cbb0b
1,S02,ar,CoPx_L,left,1,SS_vs_seasonal,0.09562059169287684,34782,2ec2ba37fa8cbb0b
1,S02,ar,CoPx_L,left,1,SS_vs_ar,1.1124284882146895e-07,34782,2ec2ba37fa8cbb0b
1,S02,ar,CoPx_L,left,2,MSE,1.2859238384743045e-05,34782,2ec2ba37fa8cbb0b
1,S02,ar,CoPx_L,left,2,MAE,0.0024720365465748903,34782,2ec2ba37fa8cbb0b
1,S02,ar,CoPx_L,left,2,SS_vs_persistence,0.13150371939658057,34782,2ec2ba37fa8cbb0b
1,S02,ar,CoPx_L,left,2,SS_vs_seasonal,0.13150371939658057,34782,2ec2ba37fa8cbb0b
1,S02,ar,CoPx_L,left,2,SS_vs_ar,7.776509713952606e-08,34782,2ec2ba37fa8cbb0b
1,S02,ar,CoPx_L,left,3,MSE,1.5898092831265308e-05,34782,2ec2ba37fa8cbb0b
1,S02,ar,CoPx_L,left,3,MAE,0.002780079665217499,34782,2ec2ba37fa8cbb0b
1,S02,ar,CoPx_L,left,3,SS_vs_persistence,0.15760636217009727,34782,2ec2ba37fa8cbb0b
1,S02,ar,CoPx_L,left,3,SS_vs_seasonal,0.15760636217009727,34782,2ec2ba37fa8cbb0b
1,S02,ar,CoPx_L,left,3,SS_vs_ar,6.290062259939333e-08,34782,2ec2ba37fa8cbb0b
1,S02,ar,CoPx_L,left,4,MSE,1.7942057293972523e-05,34782,2ec2ba37fa8cbb0b
1,S02,ar,CoPx_L,left,4,MAE,0.0029866578613276283,34782,2ec2ba37fa8cbb0b
1,S02,ar,CoPx_L,left,4,SS_vs_persistence,0.16913551072560085,34782,2ec2ba37fa8cbb0b
1,S02,ar,CoPx_L,left,4,SS_vs_seasonal,0.16913551072560085,34782,2ec2ba37fa8cbb0b
1,S02,ar,CoPx_L,left,4,SS_vs_ar,5.573496542066181e-08,34782,2ec2ba37fa8cbb0b
1,S02,ar,CoPx_L,left,5,MSE,1.9694099885958115e-05,34782,2ec2ba37fa8cbb0b
1,S02,ar,CoPx_L,left,5,MAE,0.0031447752712531274,34782,2ec2ba37fa8cbb0b
1,S02,ar,CoPx_L,left,5,SS_vs_persistence,0.1763075953576182,34782,2ec2ba37fa8cbb0b
1,S02,ar,CoPx_L,left,5,SS_vs_seasonal,0.1763075953576182,34782,2ec2ba37fa8cbb0b
1,S02,ar,CoPx_L,left,5,SS_vs_ar,5.0776626236981315e-08,34782,2ec2ba37fa8cbb0b
1,S02,ar,CoPx_L,left,6,MSE,2.1469679352778365e-05,34782,2ec2ba37fa8cbb0b
1,S02,ar,CoPx_L,left,6,MAE,0.003282064410824489,34782,2ec2ba37fa8cbb0b
1,S02,ar,CoPx_L,left,6,SS_vs_persistence,0.18888282911359966,34782,2ec2ba37fa8cbb0b
1,S02,ar,CoPx_L,left,6,SS_vs_seasonal,0.18888282911359966,34782,2ec2ba37fa8cbb0b
1,S02,ar,CoPx_L,left,6,SS_vs_ar,4.6577312007300975e-08,34782,2ec2ba37fa8cbb0b
1,S02,ar,CoPx_L,left,all,MSE,1.6142084770615734e-05,34782,2ec2ba37fa8cbb0b
1,S02,ar,CoPx_L,left,all,MAE,0.002780390643915525,34782,2ec2ba37fa8cbb0b
1,S02,ar,CoPx_L,left,all,Hausdorff,2.4353280381964084,34782,2ec2ba37fa8cbb0b
1,S02,ar,CoPx_L,left,all,SS_vs_persistence,0.16211670320860827,34782,2ec2ba37fa8cbb0b
1,S02,ar,CoPx_L,left,all,HD_ratio_vs_persistence,0.8620122590895596,34782,2ec2ba37fa8cbb0b
1,S02,ar,CoPx_L,left,all,SS_vs_seasonal,0.16211670320860827,34782,2ec2ba37fa8cbb0b
1,S02,ar,CoPx_L,left,all,HD_ratio_vs_seasonal,0.8620122590895596,34782,2ec2ba37fa8cbb0b
1,S02,ar,CoPx_L,left,all,SS_vs_ar,6.194986279517423e-08,34782,2ec2ba37fa8cbb0b
1,S02,ar,CoPx_L,left,all,HD_ratio_vs_ar,1.0,34782,2ec2ba37fa8cbb0b
1,S02,ar,CoPy_L,left,1,MSE,7.675004789456185e-06,34782,2ec2ba37fa8cbb0b
1,S02,ar,CoPy_L,left,1,MAE,0.0018940169462100566,34782,2ec2ba37fa8cbb0b
1,S02,ar,CoPy_L,left,1,SS_vs_persistence,0.08417193954537838,34782,2ec2ba37fa8cbb0b
1,S02,ar,CoPy_L,left,1,SS_vs_seasonal,0.08417193954537838,34782,2ec2ba37fa8cbb0b
1,S02,ar,CoPy_L,left,1,SS_vs_ar,1.302930612290254e-07,34782,2ec2ba37fa8cbb0b
1,S02,ar,CoPy_L,left,2,MSE,1.1213135989949952e-05,34782,2ec2ba37fa8cbb0b
1,S02,ar,CoPy_L,left,2,MAE,0.0023452102781892463,34782,2ec2ba37fa8cbb0b
1,S02,ar,CoPy_L,left,2,SS_vs_persistence,0.11217816676445491,34782,2ec2ba37fa8cbb0b
1,S02,ar,CoPy_L,left,2,SS_vs_seasonal,0.11217816676445491,34782,2ec2ba37fa8cbb0b
1,S02,ar,CoPy_L,left,2,SS_vs_ar,8.918110960820513e-08,34782,2ec2ba37fa8cbb0b
1,S02,ar,CoPy_L,left,3,MSE,1.3500806246551434e-05,34782,2ec2ba37fa8cbb0b
1,S02,ar,CoPy_L,left,3,MAE,0.0025879601343307625,34782,2ec2ba37fa8cbb0b
1,S02,ar,CoPy_L,left,3,SS_vs_persistence,0.12236003977468346,34782,2ec2ba37fa8cbb0b
1,S02,ar,CoPy_L,left,3,SS_vs_seasonal,0.12236003977468346,34782,2ec2ba37fa8cbb0b
1,S02,ar,CoPy_L,left,3,SS_vs_ar,7.406964497302937e-08,34782,2ec2ba37fa8cbb0b
1,S02,ar,CoPy_L,left,4,MSE,1.5676584249159347e-05,34782,2ec2ba37fa8cbb0b
1,S02,ar,CoPy_L,left,4,MAE,0.0028170422297293727,34782,2ec2ba37fa8cbb0b
1,S02,ar,CoPy_L,left,4,SS_vs_persistence,0.12575040790810765,34782,2ec2ba37fa8cbb0b
1,S02,ar,CoPy_L,left,4,SS_vs_seasonal,0.12575040790810765,34782,2ec2ba37fa8cbb0b
1,S02,ar,CoPy_L,left,4,SS_vs_ar,6.378940209383899e-08,34782,2ec2ba37fa8cbb0b
1,S02,ar,CoPy_L,left,5,MSE,1.7578873924135512e-05,34782,2ec2ba37fa8cbb0b
1,S02,ar,CoPy_L,left,5,MAE,0.00301881321851037,34782,2ec2ba37fa8cbb0b
1,S02,ar,CoPy_L,left,5,SS_vs_persistence,0.1420340690088936,34782,2ec2ba37fa8cbb0b
1,S02,ar,CoPy_L,left,5,SS_vs_seasonal,0.1420340690088936,34782,2ec2ba37fa8cbb0b
1,S02,ar,CoPy_L,left,5,SS_vs_ar,5.688646198542813e-08,34782,2ec2ba37fa8cbb0b
1,S02,ar,CoPy_L,left,6,MSE,1.9011913844261814e-05,34782,2ec2ba37fa8cbb0b
1,S02,ar,CoPy_L,left,6,MAE,0.0031553816858493166,34782,2ec2ba37fa8cbb0b
1,S02,ar,CoPy_L,left,6,SS_vs_persistence,0.1560614797589116,34782,2ec2ba37fa8cbb0b
1,S02,ar,CoPy_L,left,6,SS_vs_seasonal,0.1560614797589116,34782,2ec2ba37fa8cbb0b
1,S02,ar,CoPy_L,left,6,SS_vs_ar,5.259859447992454e-08,34782,2ec2ba37fa8cbb0b
1,S02,ar,CoPy_L,left,all,MSE,1.4109386507252422e-05,34782,2ec2ba37fa8cbb0b
1,S02,ar,CoPy_L,left,all,MAE,0.0026364040821365243,34782,2ec2ba37fa8cbb0b
1,S02,ar,CoPy_L,left,all,Hausdorff,2.453718019149829,34782,2ec2ba37fa8cbb0b
1,S02,ar,CoPy_L,left,all,SS_vs_persistence,0.13031636260713497,34782,2ec2ba37fa8cbb0b
1,S02,ar,CoPy_L,left,all,HD_ratio_vs_persistence,0.8607038657666993,34782,2ec2ba37fa8cbb0b
1,S02,ar,CoPy_L,left,all,SS_vs_seasonal,0.13031636260713497,34782,2ec2ba37fa8cbb0b
1,S02,ar,CoPy_L,left,all,HD_ratio_vs_seasonal,0.8607038657666993,34782,2ec2ba37fa8cbb0b
1,S02,ar,CoPy_L,left,all,SS_vs_ar,7.08747986966074e-08,34782,2ec2ba37fa8cbb0b
1,S02,ar,CoPy_L,left,all,HD_ratio_vs_ar,1.0,34782,2ec2ba37fa8cbb0b
1,S02,ar,F_R,right,1,MSE,25.942488885101913,34782,2ec2ba37fa8cbb0b
1,S02,ar,F_R,right,1,MAE,3.383266817125832,34782,2ec2ba37fa8cbb0b
1,S02,ar,F_R,right,1,SS_vs_persistence,0.03939068044391514,34782,2ec2ba37fa8cbb0b
1,S02,ar,F_R,right,1,SS_vs_seasonal,0.03939068044391514,34782,2ec2ba37fa8cbb0b
1,S02,ar,F_R,right,1,SS_vs_ar,3.852473895449293e-14,34782,2ec2ba37fa8cbb0b
1,S02,ar,F_R,right,2,MSE,60.027343135288504,34782,2ec2ba37fa8cbb0b
1,S02,ar,F_R,right,2,MAE,5.209675363107376,34782,2ec2ba37fa8cbb0b
1,S02,ar,F_R,right,2,SS_vs_persistence,0.04007949840609304,34782,2ec2ba37fa8cbb0b
1,S02,ar,F_R,right,2,SS_vs_seasonal,0.04007949840609304,34782,2ec2ba37fa8cbb0b
1,S02,ar,F_R,right,2,SS_vs_ar,1.6653345369377348e-14,34782,2ec2ba37fa8cbb0b
1,S02,ar,F_R,right,3,MSE,90.05504560771867,34782,2ec2ba37fa8cbb0b
1,S02,ar,F_R,right,3,MAE,6.52413864519251,34782,2ec2ba37fa8cbb0b
1,S02,ar,F_R,right,3,SS_vs_persistence,0.052110837808202914,34782,2ec2ba37fa8cbb0b
1,S02,ar,F_R,right,3,SS_vs_seasonal,0.052110837808202914,34782,2ec2ba37fa8cbb0b
1,S02,ar,F_R,right,3,SS_vs_ar,1.099120794378905e-14,34782,2ec2ba37fa8cbb0b
1,S02,ar,F_R,right,4,MSE,115.47696180446997,34782,2ec2ba37fa8cbb0b
1,S02,ar,F_R,right,4,MAE,7.501813536481902,34782,2ec2ba37fa8cbb0b
1,S02,ar,F_R,right,4,SS_vs_persistence,0.062517717770879,34782,2ec2ba37fa8cbb0b
1,S02,ar,F_R,right,4,SS_vs_seasonal,0.062517717770879,34782,2ec2ba37fa8cbb0b
1,S02,ar,F_R,right,4,SS_vs_ar,8.659739592076221e-15,34782,2ec2ba37fa8cbb0b
1,S02,ar,F_R,right,5,MSE,136.780310229084,34782,2ec2ba37fa8cbb0b
1,S02,ar,F_R,right,5,MAE,8.264440355887917,34782,2ec2ba37fa8cbb0b
1,S02,ar,F_R,right,5,SS_vs_persistence,0.07573267290299524,34782,2ec2ba37fa8cbb0b
1,S02,ar,F_R,right,5,SS_vs_seasonal,0.07573267290299524,34782,2ec2ba37fa8cbb0b
1,S02,ar,F_R,right,5,SS_vs_ar,7.327471962526033e-15,34782,2ec2ba37fa8cbb0b
1,S02,ar,F_R,right,6,MSE,155.20665578131837,34782,2ec2ba37fa8cbb0b
1,S02,ar,F_R,right,6,MAE,8.864719852678798,34782,2ec2ba37fa8cbb0b
1,S02,ar,F_R,right,6,SS_vs_persistence,0.09112516359704714,34782,2ec2ba37fa8cbb0b
1,S02,ar,F_R,right,6,SS_vs_seasonal,0.09112516359704714,34782,2ec2ba37fa8cbb0b
1,S02,ar,F_R,right,6,SS_vs_ar,6.439293542825908e-15,34782,2ec2ba37fa8cbb0b
1,S02,ar,F_R,right,all,MSE,97.24813424049684,34782,2ec2ba37fa8cbb0b
1,S02,ar,F_R,right,all,MAE,6.624675761745748,34782,2ec2ba37fa8cbb0b
1,S02,ar,F_R,right,all,Hausdorff,2.854869452025785,34782,2ec2ba37fa8cbb0b
1,S02,ar,F_R,right,all,SS_vs_persistence,0.06862239180609198,34782,2ec2ba37fa8cbb0b
1,S02,ar,F_R,right,all,HD_ratio_vs_persistence,0.934092428658673,34782,2ec2ba37fa8cbb0b
1,S02,ar,F_R,right,all,SS_vs_seasonal,0.06862239180609198,34782,2ec2ba37fa8cbb0b
1,S02,ar,F_R,right,all,HD_ratio_vs_seasonal,0.934092428658673,34782,2ec2ba37fa8cbb0b
1,S02,ar,F_R,right,all,SS_vs_ar,1.021405182655144e-14,34782,2ec2ba37fa8cbb0b
1,S02,ar,F_R,right,all,HD_ratio_vs_ar,1.0,34782,2ec2ba37fa8cbb0b
1,S02,ar,CoPx_R,right,1,MSE,8.830746607825972e-06,34782,2ec2ba37fa8cbb0b
1,S02,ar,CoPx_R,right,1,MAE,0.0021228800921725896,34782,2ec2ba37fa8cbb0b
1,S02,ar,CoPx_R,right,1,SS_vs_persistence,0.06729018896967887,34782,2ec2ba37fa8cbb0b
1,S02,ar,CoPx_R,right,1,SS_vs_seasonal,0.06729018896967887,34782,2ec2ba37fa8cbb0b
1,S02,ar,CoPx_R,right,1,SS_vs_ar,1.1324069537632653e-07,34782,2ec2ba37fa8cbb0b
1,S02,ar,CoPx_R,right,2,MSE,1.4345568765902739e-05,34782,2ec2ba37fa8cbb0b
1,S02,ar,CoPx_R,right,2,MAE,0.002708013487969806,34782,2ec2ba37fa8cbb0b
1,S02,ar,CoPx_R,right,2,SS_vs_persistence,0.1283019340248157,34782,2ec2ba37fa8cbb0b
1,S02,ar,CoPx_R,right,2,SS_vs_seasonal,0.1283019340248157,34782,2ec2ba37fa8cbb0b
1,S02,ar,CoPx_R,right,2,SS_vs_ar,6.970793187122126e-08,34782,2ec2ba37fa8cbb0b
1,S02,ar,CoPx_R,right,3,MSE,1.7967084393647587e-05,34782,2ec2ba37fa8cbb0b
1,S02,ar,CoPx_R,right,3,MAE,0.003066831963793831,34782,2ec2ba37fa8cbb0b
1,S02,ar,CoPx_R,right,3,SS_vs_persistence,0.16141021792718124,34782,2ec2ba37fa8cbb0b
1,S02,ar,CoPx_R,right,3,SS_vs_seasonal,0.16141021792718124,34782,2ec2ba37fa8cbb0b
1,S02,ar,CoPx_R,right,3,SS_vs_ar,5.5657329967040425e-08,34782,2ec2ba37fa8cbb0b
1,S02,ar,CoPx_R,right,4,MSE,2.0157387087315045e-05,34782,2ec2ba37fa8cbb0b
1,S02,ar,CoPx_R,right,4,MAE,0.003281780642365329,34782,2ec2ba37fa8cbb0b
1,S02,ar,CoPx_R,right,4,SS_vs_persistence,0.1769525814808537,34782,2ec2ba37fa8cbb0b
1,S02,ar,CoPx_R,right,4,SS_vs_seasonal,0.1769525814808537,34782,2ec2ba37fa8cbb0b
1,S02,ar,CoPx_R,right,4,SS_vs_ar,4.9609601981970286e-08,34782,2ec2ba37fa8cbb0b
1,S02,ar,CoPx_R,right,5,MSE,2.1444796711200763e-05,34782,2ec2ba37fa8cbb0b
1,S02,ar,CoPx_R,right,5,MAE,0.0033975711293927997,34782,2ec2ba37fa8cbb0b
1,S02,ar,CoPx_R,right,5,SS_vs_persistence,0.18856974962216444,34782,2ec2ba37fa8cbb0b
1,S02,ar,CoPx_R,right,5,SS_vs_seasonal,0.18856974962216444,34782,2ec2ba37fa8cbb0b
1,S02,ar,CoPx_R,right,5,SS_vs_ar,4.663135610982749e-08,34782,2ec2ba37fa8cbb0b
1,S02,ar,CoPx_R,right,6,MSE,2.2030774933211453e-05,34782,2ec2ba37fa8cbb0b
1,S02,ar,CoPx_R,right,6,MAE,0.0034488128959507206,34782,2ec2ba37fa8cbb0b
1,S02,ar,CoPx_R,right,6,SS_vs_persistence,0.19052157337705278,34782,2ec2ba37fa8cbb0b
1,S02,ar,CoPx_R,right,6,SS_vs_seasonal,0.19052157337705278,34782,2ec2ba37fa8cbb0b
1,S02,ar,CoPx_R,right,6,SS_vs_ar,4.539104758727319e-08,34782,2ec2ba37fa8cbb0b
1,S02,ar,CoPx_R,right,all,MSE,1.7462726416517314e-05,34782,2ec2ba37fa8cbb0b
1,S02,ar,CoPx_R,right,all,MAE,0.0030043150352741725,34782,2ec2ba37fa8cbb0b
1,S02,ar,CoPx_R,right,all,Hausdorff,2.439846141186093,34782,2ec2ba37fa8cbb0b
1,S02,ar,CoPx_R,right,all,SS_vs_persistence,0.16503413935205935,34782,2ec2ba37fa8cbb0b
1,S02,ar,CoPx_R,right,all,HD_ratio_vs_persistence,0.8553797817827267,34782,2ec2ba37fa8cbb0b
1,S02,ar,CoPx_R,right,all,SS_vs_seasonal,0.16503413935205935,34782,2ec2ba37fa8cbb0b
1,S02,ar,CoPx_R,right,all,HD_ratio_vs_seasonal,0.8553797817827267,34782,2ec2ba37fa8cbb0b
1,S02,ar,CoPx_R,right,all,SS_vs_ar,5.726482332768512e-08,34782,2ec2ba37fa8cbb0b
1,S02,ar,CoPx_R,right,all,HD_ratio_vs_ar,1.0,34782,2ec2ba37fa8cbb0b
1,S02,ar,CoPy_R,right,1,MSE,5.732913268205685e-06,34782,2ec2ba37fa8cbb0b
1,S02,ar,CoPy_R,right,1,MAE,0.0016974230634802816,34782,2ec2ba37fa8cbb0b
1,S02,ar,CoPy_R,right,1,SS_vs_persistence,0.05339214614337906,34782,2ec2ba37fa8cbb0b
1,S02,ar,CoPy_R,right,1,SS_vs_seasonal,0.05339214614337906,34782,2ec2ba37fa8cbb0b
1,S02,ar,CoPy_R,right,1,SS_vs_ar,1.7443135436057133e-07,34782,2ec2ba37fa8cbb0b
1,S02,ar,CoPy_R,right,2,MSE,9.059933983650381e-06,34782,2ec2ba37fa8cbb0b
1,S02,ar,CoPy_R,right,2,MAE,0.0021310382355348065,34782,2ec2ba37fa8cbb0b
1,S02,ar,CoPy_R,right,2,SS_vs_persistence,0.09125160956943934,34782,2ec2ba37fa8cbb0b
1,S02,ar,CoPy_R,right,2,SS_vs_seasonal,0.09125160956943934,34782,2ec2ba37fa8cbb0b
1,S02,ar,CoPy_R,right,2,SS_vs_ar,1.1037606795216703e-07,34782,2ec2ba37fa8cbb0b
1,S02,ar,CoPy_R,right,3,MSE,1.1253560997682626e-05,34782,2ec2ba37fa8cbb0b
1,S02,ar,CoPy_R,right,3,MAE,0.002378540344094955,34782,2ec2ba37fa8cbb0b
1,S02,ar,CoPy_R,right,3,SS_vs_persistence,0.0942848936672982,34782,2ec2ba37fa8cbb0b
1,S02,ar,CoPy_R,right,3,SS_vs_seasonal,0.0942848936672982,34782,2ec2ba37fa8cbb0b
1,S02,ar,CoPy_R,right,3,SS_vs_ar,8.886075353320422e-08,34782,2ec2ba37fa8cbb0b
1,S02,ar,CoPy_R,right,4,MSE,1.3347413696544548e-05,34782,2ec2ba37fa8cbb0b
1,S02,ar,CoPy_R,right,4,MAE,0.002597692818362075,34782,2ec2ba37fa8cbb0b
1,S02,ar,CoPy_R,right,4,SS_vs_persistence,0.08832934921543978,34782,2ec2ba37fa8cbb0b
1,S02,ar,CoPy_R,right,4,SS_vs_seasonal,0.08832934921543978,34782,2ec2ba37fa8cbb0b
1,S02,ar,CoPy_R,right,4,SS_vs_ar,7.492087583660378e-08,34782,2ec2ba37fa8cbb0b
1,S02,ar,CoPy_R,right,5,MSE,1.530459643735958e-05,34782,2ec2ba37fa8cbb0b
1,S02,ar,CoPy_R,right,5,MAE,0.0027679874650810387,34782,2ec2ba37fa8cbb0b
1,S02,ar,CoPy_R,right,5,SS_vs_persistence,0.08478042859588109,34782,2ec2ba37fa8cbb0b
1,S02,ar,CoPy_R,right,5,SS_vs_seasonal,0.08478042859588109,34782,2ec2ba37fa8cbb0b
1,S02,ar,CoPy_R,right,5,SS_vs_ar,6.533984342471655e-08,34782,2ec2ba37fa8cbb0b
1,S02,ar,CoPy_R,right,6,MSE,1.7217771209829553e-05,34782,2ec2ba37fa8cbb0b
1,S02,ar,CoPy_R,right,6,MAE,0.0029265682804066172,34782,2ec2ba37fa8cbb0b
1,S02,ar,CoPy_R,right,6,SS_vs_persistence,0.08631705970858838,34782,2ec2ba37fa8cbb0b
1,S02,ar,CoPy_R,right,6,SS_vs_seasonal,0.08631705970858838,34782,2ec2ba37fa8cbb0b
1,S02,ar,CoPy_R,right,6,SS_vs_ar,5.807952307979036e-08,34782,2ec2ba37fa8cbb0b
1,S02,ar,CoPy_R,right,all,MSE,1.1986031598878785e-05,34782,2ec2ba37fa8cbb0b
1,S02,ar,CoPy_R,right,all,MAE,0.0024165417011599633,34782,2ec2ba37fa8cbb0b
1,S02,ar,CoPy_R,right,all,Hausdorff,2.423466610435178,34782,2ec2ba37fa8cbb0b
1,S02,ar,CoPy_R,right,all,SS_vs_persistence,0.0857139397074621,34782,2ec2ba37fa8cbb0b
1,S02,ar,CoPy_R,right,all,HD_ratio_vs_persistence,0.8465721536181251,34782,2ec2ba37fa8cbb0b
1,S02,ar,CoPy_R,right,all,SS_vs_seasonal,0.0857139397074621,34782,2ec2ba37fa8cbb0b
1,S02,ar,CoPy_R,right,all,HD_ratio_vs_seasonal,0.8465721536181251,34782,2ec2ba37fa8cbb0b
1,S02,ar,CoPy_R,right,all,SS_vs_ar,8.34304421104548e-08,34782,2ec2ba37fa8cbb0b
1,S02,ar,CoPy_R,right,all,HD_ratio_vs_ar,1.0,34782,2ec2ba37fa8cbb0b
2,S03,persistence,F_L,left,1,MSE,19.696829121504937,23910,2ec2ba37fa8cbb0b
2,S03,persistence,F_L,left,1,MAE,2.519584190531387,23910,2ec2ba37fa8cbb0b
2,S03,persistence,F_L,left,1,SS_vs_persistence,5.0737192225369654e-14,23910,2ec2ba37fa8cbb0b
2,S03,persistence,F_L,left,1,SS_vs_seasonal,5.0737192225369654e-14,23910,2ec2ba37fa8cbb0b
2,S03,persistence,F_L,left,1,SS_vs_ar,-0.03394350675997426,23910,2ec2ba37fa8cbb0b
2,S03,persistence,F_L,left,2,MSE,41.291578989602634,23910,2ec2ba37fa8cbb0b
2,S03,persistence,F_L,left,2,MAE,3.6602113730934365,23910,2ec2ba37fa8cbb0b
2,S03,persistence,F_L,left,2,SS_vs_persistence,2.4313884239290928e-14,23910,2ec2ba37fa8cbb0b
2,S03,persistence,F_L,left,2,SS_vs_seasonal,2.4313884239290928e-14,23910,2ec2ba37fa8cbb0b
2,S03,persistence,F_L,left,2,SS_vs_ar,-0.06825658620069008,23910,2ec2ba37fa8cbb0b
2,S03,persistence,F_L,left,3,MSE,60.14888000603312,23910,2ec2ba37fa8cbb0b
2,S03,persistence,F_L,left,3,MAE,4.525986870319362,23910,2ec2ba37fa8cbb0b
2,S03,persistence,F_L,left,3,SS_vs_persistence,1.6653345369377348e-14,23910,2ec2ba37fa8cbb0b
2,S03,persistence,F_L,left,3,SS_vs_seasonal,1.6653345369377348e-14,23910,2ec2ba37fa8cbb0b
2,S03,persistence,F_L,left,3,SS_vs_ar,-0.10654082139350907,23910,2ec2ba37fa8cbb0b
2,S03,persistence,F_L,left,4,MSE,78.0207339211609,23910,2ec2ba37fa8cbb0b
2,S03,persistence,F_L,left,4,MAE,5.2477182577365316,23910,2ec2ba37fa8cbb0b
2,S03,persistence,F_L,left,4,SS_vs_persistence,1.27675647831893e-14,23910,2ec2ba37fa8cbb0b
2,S03,persistence,F_L,left,4,SS_vs_seasonal,1.27675647831893e-14,23910,2ec2ba37fa8cbb0b
2,S03,persistence,F_L,left,4,SS_vs_ar,-0.14584757706452045,23910,2ec2ba37fa8cbb0b
2,S03,persistence,F_L,left,5,MSE,93.89688896249648,23910,2ec2ba37fa8cbb0b
2,S03,persistence,F_L,left,5,MAE,5.818038944258744,23910,2ec2ba37fa8cbb0b
2,S03,persistence,F_L,left,5,SS_vs_persistence,1.0547118733938987e-14,23910,2ec2ba37fa8cbb0b
2,S03,persistence,F_L,left,5,SS_vs_seasonal,1.0547118733938987e-14,23910,2ec2ba37fa8cbb0b
2,S03,persistence,F_L,left,5,SS_vs_ar,-0.18368263191314926,23910,2ec2ba37fa8cbb0b
2,S03,persistence,F_L,left,6,MSE,107.32686543845884,23910,2ec2ba37fa8cbb0b
2,S03,persistence,F_L,left,6,MAE,6.263097225557756,23910,2ec2ba37fa8cbb0b
2,S03,persistence,F_L,left,6,SS_vs_persistence,9.2148511043888e-15,23910,2ec2ba37fa8cbb0b
2,S03,persistence,F_L,left,6,SS_vs_seasonal,9.2148511043888e-15,23910,2ec2ba37fa8cbb0b
2,S03,persistence,F_L,left,6,SS_vs_ar,-0.2190032620264466,23910,2ec2ba37fa8cbb0b
2,S03,persistence,F_L,left,all,MSE,66.73029607320949,23910,2ec2ba37fa8cbb0b
2,S03,persistence,F_L,left,all,MAE,4.672439476916202,23910,2ec2ba37fa8cbb0b
2,S03,persistence,F_L,left,all,Hausdorff,3.0209019926942267,23910,2ec2ba37fa8cbb0b
2,S03,persistence,F_L,left,all,SS_vs_persistence,1.4876988529977098e-14,23910,2ec2ba37fa8cbb0b
2,S03,persistence,F_L,left,all,HD_ratio_vs_persistence,1.0,23910,2ec2ba37fa8cbb0b
2,S03,persistence,F_L,left,all,SS_vs_seasonal,1.4876988529977098e-14,23910,2ec2ba37fa8cbb0b
2,S03,persistence,F_L,left,all,HD_ratio_vs_seasonal,1.0,23910,2ec2ba37fa8cbb0b
2,S03,persistence,F_L,left,all,SS_vs_ar,-0.15210538162638176,23910,2ec2ba37fa8cbb0b
2,S03,persistence,F_L,left,all,HD_ratio_vs_ar,1.1311107500802269,23910,2ec2ba37fa8cbb0b
2,S03,persistence,CoPx_L,left,1,MSE,1.6665679303486363e-05,23904,2ec2ba37fa8cbb0b
2,S03,persistence,CoPx_L,left,1,MAE,0.002342347592259037,23904,2ec2ba37fa8cbb0b
2,S03,persistence,CoPx_L,left,1,SS_vs_persistence,6.000355112778522e-08,23904,2ec2ba37fa8cbb0b
2,S03,persistence,CoPx_L,left,1,SS_vs_seasonal,6.000355112778522e-08,23904,2ec2ba37fa8cbb0b
2,S03,persistence,CoPx_L,left,1,SS_vs_ar,0.052770882302785704,23904,2ec2ba37fa8cbb0b
2,S03,persistence,CoPx_L,left,2,MSE,3.121494995324507e-05,23904,2ec2ba37fa8cbb0b
2,S03,persistence,CoPx_L,left,2,MAE,0.0031022265733258517,23904,2ec2ba37fa8cbb0b
2,S03,persistence,CoPx_L,left,2,SS_vs_persistence,3.2035930574991767e-08,23904,2ec2ba37fa8cbb0b
2,S03,persistence,CoPx_L,left,2,SS_vs_seasonal,3.2035930574991767e-08,23904,2ec2ba37fa8cbb0b
2,S03,persistence,CoPx_L,left,2,SS_vs_ar,0.030243070857349452,23904,2ec2ba37fa8cbb0b
2,S03,persistence,CoPx_L,left,3,MSE,4.512317178310129e-05,23904,2ec2ba37fa8cbb0b
2,S03,persistence,CoPx_L,left,3,MAE,0.00368657129582748,23904,2ec2ba37fa8cbb0b
2,S03,persistence,CoPx_L,left,3,SS_vs_persistence,2.2161562251987732e-08,23904,2ec2ba37fa8cbb0b
2,S03,persistence,CoPx_L,left,3,SS_vs_seasonal,2.2161562251987732e-08,23904,2ec2ba37fa8cbb0b
2,S03,persistence,CoPx_L,left,3,SS_vs_ar,0.008819295367176738,23904,2ec2ba37fa8cbb0b
2,S03,persistence,CoPx_L,left,4,MSE,6.071397349294817e-05,23904,2ec2ba37fa8cbb0b
2,S03,persistence,CoPx_L,left,4,MAE,0.004193276573867289,23904,2ec2ba37fa8cbb0b
2,S03,persistence,CoPx_L,left,4,SS_vs_persistence,1.64706727145969e-08,23904,2ec2ba37fa8cbb0b
2,S03,persistence,CoPx_L,left,4,SS_vs_seasonal,1.64706727145969e-08,23904,2ec2ba37fa8cbb0b
2,S03,persistence,CoPx_L,left,4,SS_vs_ar,-0.05014223787325034,23904,2ec2ba37fa8cbb0b
2,S03,persistence,CoPx_L,left,5,MSE,7.514127115310808e-05,23904,2ec2ba37fa8cbb0b
2,S03,persistence,CoPx_L,left,5,MAE,0.004634483140340439,23904,2ec2ba37fa8cbb0b
2,S03,persistence,CoPx_L,left,5,SS_vs_persistence,1.3308265489619941e-08,23904,2ec2ba37fa8cbb0b
2,S03,persistence,CoPx_L,left,5,SS_vs_seasonal,1.3308265489619941e-08,23904,2ec2ba37fa8cbb0b
2,S03,persistence,CoPx_L,left,5,SS_vs_ar,-0.10157275781242192,23904,2ec2ba37fa8cbb0b
2,S03,persistence,CoPx_L,left,6,MSE,8.887469424157215e-05,23904,2ec2ba37fa8cbb0b
2,S03,persistence,CoPx_L,left,6,MAE,0.004975339897803762,23904,2ec2ba37fa8cbb0b
2,S03,persistence,CoPx_L,left,6,SS_vs_persistence,1.1251796605549202e-08,23904,2ec2ba37fa8cbb0b
2,S03,persistence,CoPx_L,left,6,SS_vs_seasonal,1.1251796605549202e-08,23904,2ec2ba37fa8cbb0b
2,S03,persistence,CoPx_L,left,6,SS_vs_ar,-0.1593071956037968,23904,2ec2ba37fa8cbb0b
2,S03,persistence,CoPx_L,left,all,MSE,5.295562332124411e-05,23904,2ec2ba37fa8cbb0b
2,S03,persistence,CoPx_L,left,all,MAE,0.0038223741789039766,23904,2ec2ba37fa8cbb0b
2,S03,persistence,CoPx_L,left,all,Hausdorff,2.8999757495806056,23904,2ec2ba37fa8cbb0b
2,S03,persistence,CoPx_L,left,all,SS_vs_persistence,1.8883735464214624e-08,23904,2ec2ba37fa8cbb0b
2,S03,persistence,CoPx_L,left,all,HD_ratio_vs_persistence,1.0,23904,2ec2ba37fa8cbb0b
2,S03,persistence,CoPx_L,left,all,SS_vs_seasonal,1.8883735464214624e-08,23904,2ec2ba37fa8cbb0b
2,S03,persistence,CoPx_L,left,all,HD_ratio_vs_seasonal,1.0,23904,2ec2ba37fa8cbb0b
2,S03,persistence,CoPx_L,left,all,SS_vs_ar,-0.06623187228487404,23904,2ec2ba37fa8cbb0b
2,S03,persistence,CoPx_L,left,all,HD_ratio_vs_ar,1.1456697667107112,23904,2ec2ba37fa8cbb0b
2,S03,persistence,CoPy_L,left,1,MSE,1.9450794301328946e-05,23904,2ec2ba37fa8cbb0b
2,S03,persistence,CoPy_L,left,1,MAE,0.002516485833186791,23904,2ec2ba37fa8cbb0b
2,S03,persistence,CoPy_L,left,1,SS_vs_persistence,5.141177950029885e-08,23904,2ec2ba37fa8cbb0b
2,S03,persistence,CoPy_L,left,1,SS_vs_seasonal,5.141177950029885e-08,23904,2ec2ba37fa8cbb0b
2,S03,persistence,CoPy_L,left,1,SS_vs_ar,-0.01909747389096017,23904,2ec2ba37fa8cbb0b
2,S03,persistence,CoPy_L,left,2,MSE,3.408090402483861e-05,23904,2ec2ba37fa8cbb0b
2,S03,persistence,CoPy_L,left,2,MAE,0.0033601254341794886,23904,2ec2ba37fa8cbb0b
2,S03,persistence,CoPy_L,left,2,SS_vs_persistence,2.9341943874605647e-08,23904,2ec2ba37fa8cbb0b
2,S03,persistence,CoPy_L,left,2,SS_vs_seasonal,2.9341943874605647e-08,23904,2ec2ba37fa8cbb0b
2,S03,persistence,CoPy_L,left,2,SS_vs_ar,-0.06543080180299854,23904,2ec2ba37fa8cbb0b
2,S03,persistence,CoPy_L,left,3,MSE,4.765224467937181e-05,23904,2ec2ba37fa8cbb0b
2,S03,persistence,CoPy_L,left,3,MAE,0.00399760582877806,23904,2ec2ba37fa8cbb0b
2,S03,persistence,CoPy_L,left,3,SS_vs_persistence,2.098536988626165e-08,23904,2ec2ba37fa8cbb0b
2,S03,persistence,CoPy_L,left,3,SS_vs_seasonal,2.098536988626165e-08,23904,2ec2ba37fa8cbb0b
2,S03,persistence,CoPy_L,left,3,SS_vs_ar,-0.11465844527341518,23904,2ec2ba37fa8cbb0b
2,S03,persistence,CoPy_L,left,4,MSE,5.8528992953165965e-05,23904,2ec2ba37fa8cbb0b
2,S03,persistence,CoPy_L,left,4,MAE,0.004499423512056403,23904,2ec2ba37fa8cbb0b
2,S03,persistence,CoPy_L,left,4,SS_vs_persistence,1.708554919765959e-08,23904,2ec2ba37fa8cbb0b
2,S03,persistence,CoPy_L,left,4,SS_vs_seasonal,1.708554919765959e-08,23904,2ec2ba37fa8cbb0b
2,S03,persistence,CoPy_L,left,4,SS_vs_ar,-0.15030120565105332,23904,2ec2ba37fa8cbb0b
2,S03,persistence,CoPy_L,left,5,MSE,6.71240301334481e-05,23904,2ec2ba37fa8cbb0b
2,S03,persistence,CoPy_L,left,5,MAE,0.004883402458737264,23904,2ec2ba37fa8cbb0b
2,S03,persistence,CoPy_L,left,5,SS_vs_persistence,1.4897794109458573e-08,23904,2ec2ba37fa8cbb0b
2,S03,persistence,CoPy_L,left,5,SS_vs_seasonal,1.4897794109458573e-08,23904,2ec2ba37fa8cbb0b
2,S03,persistence,CoPy_L,left,5,SS_vs_ar,-0.17086108936517386,23904,2ec2ba37fa8cbb0b
2,S03,persistence,CoPy_L,left,6,MSE,7.531208454778e-05,23904,2ec2ba37fa8cbb0b
2,S03,persistence,CoPy_L,left,6,MAE,0.0052039435588289535,23904,2ec2ba37fa8cbb0b
2,S03,persistence,CoPy_L,left,6,SS_vs_persistence,1.3278081301137945e-08,23904,2ec2ba37fa8cbb0b
2,S03,persistence,CoPy_L,left,6,SS_vs_seasonal,1.3278081301137945e-08,23904,2ec2ba37fa8cbb0b
2,S03,persistence,CoPy_L,left,6,SS_vs_ar,-0.18958150354181047,23904,2ec2ba37fa8cbb0b
2,S03,persistence,CoPy_L,left,all,MSE,5.035817510665635e-05,23904,2ec2ba37fa8cbb0b
2,S03,persistence,CoPy_L,left,all,MAE,0.0040768311042944936,23904,2ec2ba37fa8cbb0b
2,S03,persistence,CoPy_L,left,all,Hausdorff,2.9180031114421263,23904,2ec2ba37fa8cbb0b
2,S03,persistence,CoPy_L,left,all,SS_vs_persistence,1.9857748667639896e-08,23904,2ec2ba37fa8cbb0b
2,S03,persistence,CoPy_L,left,all,HD_ratio_vs_persistence,1.0,23904,2ec2ba37fa8cbb0b
2,S03,persistence,CoPy_L,left,all,SS_vs_seasonal,1.9857748667639896e-08,23904,2ec2ba37fa8cbb0b
2,S03,persistence,CoPy_L,left,all,HD_ratio_vs_seasonal,1.0,23904,2ec2ba37fa8cbb0b
2,S03,persistence,CoPy_L,left,all,SS_vs_ar,-0.13870395500218025,23904,2ec2ba37fa8cbb0b
2,S03,persistence,CoPy_L,left,all,HD_ratio_vs_ar,1.1195014493589814,23904,2ec2ba37fa8cbb0b
2,S03,persistence,F_R,right,1,MSE,25.13674174694501,23910,2ec2ba37fa8cbb0b
2,S03,persistence,F_R,right,1,MAE,3.4452878944846885,23910,2ec2ba37fa8cbb0b
2,S03,persistence,F_R,right,1,SS_vs_persistence,3.9745984281580604e-14,23910,2ec2ba37fa8cbb0b
2,S03,persistence,F_R,right,1,SS_vs_seasonal,3.9745984281580604e-14,23910,2ec2ba37fa8cbb0b
2,S03,persistence,F_R,right,1,SS_vs_ar,-0.08177783825100926,23910,2ec2ba37fa8cbb0b
2,S03,persistence,F_R,right,2,MSE,57.13955873560389,23910,2ec2ba37fa8cbb0b
2,S03,persistence,F_R,right,2,MAE,5.245054636037485,23910,2ec2ba37fa8cbb0b
2,S03,persistence,F_R,right,2,SS_vs_persistence,1.7541523789077473e-14,23910,2ec2ba37fa8cbb0b
2,S03,persistence,F_R,right,2,SS_vs_seasonal,1.7541523789077473e-14,23910,2ec2ba37fa8cbb0b
2,S03,persistence,F_R,right,2,SS_vs_ar,-0.11727878144560999,23910,2ec2ba37fa8cbb0b
2,S03,persistence,F_R,right,3,MSE,85.35184717439769,23910,2ec2ba37fa8cbb0b
2,S03,persistence,F_R,right,3,MAE,6.545707536072773,23910,2ec2ba37fa8cbb0b
2,S03,persistence,F_R,right,3,SS_vs_persistence,1.1657341758564144e-14,23910,2ec2ba37fa8cbb0b
2,S03,persistence,F_R,right,3,SS_vs_seasonal,1.1657341758564144e-14,23910,2ec2ba37fa8cbb0b
2,S03,persistence,F_R,right,3,SS_vs_ar,-0.1715449201754191,23910,2ec2ba37fa8cbb0b
2,S03,persistence,F_R,right,4,MSE,109.09326756733238,23910,2ec2ba37fa8cbb0b
2,S03,persistence,F_R,right,4,MAE,7.530561673536504,23910,2ec2ba37fa8cbb0b
2,S03,persistence,F_R,right,4,SS_vs_persistence,9.103828801926284e-15,23910,2ec2ba37fa8cbb0b
2,S03,persistence,F_R,right,4,SS_vs_seasonal,9.103828801926284e-15,23910,2ec2ba37fa8cbb0b
2,S03,persistence,F_R,right,4,SS_vs_ar,-0.2272788356261417,23910,2ec2ba37fa8cbb0b
2,S03,persistence,F_R,right,5,MSE,128.28976168576978,23910,2ec2ba37fa8cbb0b
2,S03,persistence,F_R,right,5,MAE,8.229356991182756,23910,2ec2ba37fa8cbb0b
2,S03,persistence,F_R,right,5,SS_vs_persistence,7.771561172376096e-15,23910,2ec2ba37fa8cbb0b
2,S03,persistence,F_R,right,5,SS_vs_seasonal,7.771561172376096e-15,23910,2ec2ba37fa8cbb0b
2,S03,persistence,F_R,right,5,SS_vs_ar,-0.2810832527690079,23910,2ec2ba37fa8cbb0b
2,S03,persistence,F_R,right,6,MSE,143.3855103819768,23910,2ec2ba37fa8cbb0b
2,S03,persistence,F_R,right,6,MAE,8.707693140659309,23910,2ec2ba37fa8cbb0b
2,S03,persistence,F_R,right,6,SS_vs_persistence,6.8833827526759706e-15,23910,2ec2ba37fa8cbb0b
2,S03,persistence,F_R,right,6,SS_vs_seasonal,6.8833827526759706e-15,23910,2ec2ba37fa8cbb0b
2,S03,persistence,F_R,right,6,SS_vs_ar,-0.3340859348615304,23910,2ec2ba37fa8cbb0b
2,S03,persistence,F_R,right,all,MSE,91.39944788200425,23910,2ec2ba37fa8cbb0b
2,S03,persistence,F_R,right,all,MAE,6.617276978662252,23910,2ec2ba37fa8cbb0b
2,S03,persistence,F_R,right,all,Hausdorff,2.9873900527369015,23910,2ec2ba37fa8cbb0b
2,S03,persistence,F_R,right,all,SS_vs_persistence,1.0880185641326534e-14,23910,2ec2ba37fa8cbb0b
2,S03,persistence,F_R,right,all,HD_ratio_vs_persistence,1.0,23910,2ec2ba37fa8cbb0b
2,S03,persistence,F_R,right,all,SS_vs_seasonal,1.0880185641326534e-14,23910,2ec2ba37fa8cbb0b
2,S03,persistence,F_R,right,all,HD_ratio_vs_seasonal,1.0,23910,2ec2ba37fa8cbb0b
2,S03,persistence,F_R,right,all,SS_vs_ar,-0.23584360275113592,23910,2ec2ba37fa8cbb0b
2,S03,persistence,F_R,right,all,HD_ratio_vs_ar,1.1954572906324394,23910,2ec2ba37fa8cbb0b
2,S03,persistence,CoPx_R,right,1,MSE,1.233267343546977e-05,23544,2ec2ba37fa8cbb0b
2,S03,persistence,CoPx_R,right,1,MAE,0.0023444777852465737,23544,2ec2ba37fa8cbb0b
2,S03,persistence,CoPx_R,right,1,SS_vs_persistence,8.108541293960769e-08,23544,2ec2ba37fa8cbb0b
2,S03,persistence,CoPx_R,right,1,SS_vs_seasonal,8.108541293960769e-08,23544,2ec2ba37fa8cbb0b
2,S03,persistence,CoPx_R,right,1,SS_vs_ar,-0.02024670523498373,23544,2ec2ba37fa8cbb0b
2,S03,persistence,CoPx_R,right,2,MSE,2.0853169456973236e-05,23544,2ec2ba37fa8cbb0b
2,S03,persistence,CoPx_R,right,2,MAE,0.0030650618004726426,23544,2ec2ba37fa8cbb0b
2,S03,persistence,CoPx_R,right,2,SS_vs_persistence,4.7954338722178136e-08,23544,2ec2ba37fa8cbb0b
2,S03,persistence,CoPx_R,right,2,SS_vs_seasonal,4.7954338722178136e-08,23544,2ec2ba37fa8cbb0b
2,S03,persistence,CoPx_R,right,2,SS_vs_ar,-0.028880141499120215,23544,2ec2ba37fa8cbb0b
2,S03,persistence,CoPx_R,right,3,MSE,2.842249917082554e-05,23544,2ec2ba37fa8cbb0b
2,S03,persistence,CoPx_R,right,3,MAE,0.0035583931382350952,23544,2ec2ba37fa8cbb0b
2,S03,persistence,CoPx_R,right,3,SS_vs_persistence,3.518339319885655e-08,23544,2ec2ba37fa8cbb0b
2,S03,persistence,CoPx_R,right,3,SS_vs_seasonal,3.518339319885655e-08,23544,2ec2ba37fa8cbb0b
2,S03,persistence,CoPx_R,right,3,SS_vs_ar,-0.04905315137620536,23544,2ec2ba37fa8cbb0b
2,S03,persistence,CoPx_R,right,4,MSE,3.459982739069612e-05,23544,2ec2ba37fa8cbb0b
2,S03,persistence,CoPx_R,right,4,MAE,0.003949554738881092,23544,2ec2ba37fa8cbb0b
2,S03,persistence,CoPx_R,right,4,SS_vs_persistence,2.8901877557885314e-08,23544,2ec2ba37fa8cbb0b
2,S03,persistence,CoPx_R,right,4,SS_vs_seasonal,2.8901877557885314e-08,23544,2ec2ba37fa8cbb0b
2,S03,persistence,CoPx_R,right,4,SS_vs_ar,-0.07502570727522362,23544,2ec2ba37fa8cbb0b
2,S03,persistence,CoPx_R,right,5,MSE,4.005952675769561e-05,23544,2ec2ba37fa8cbb0b
2,S03,persistence,CoPx_R,right,5,MAE,0.004251704816451718,23544,2ec2ba37fa8cbb0b
2,S03,persistence,CoPx_R,right,5,SS_vs_persistence,2.496285045339164e-08,23544,2ec2ba37fa8cbb0b
2,S03,persistence,CoPx_R,right,5,SS_vs_seasonal,2.496285045339164e-08,23544,2ec2ba37fa8cbb0b
2,S03,persistence,CoPx_R,right,5,SS_vs_ar,-0.1112585431116444,23544,2ec2ba37fa8cbb0b
2,S03,persistence,CoPx_R,right,6,MSE,4.464148918711922e-05,23544,2ec2ba37fa8cbb0b
2,S03,persistence,CoPx_R,right,6,MAE,0.004488339188126666,23544,2ec2ba37fa8cbb0b
2,S03,persistence,CoPx_R,right,6,SS_vs_persistence,2.2400685972812084e-08,23544,2ec2ba37fa8cbb0b
2,S03,persistence,CoPx_R,right,6,SS_vs_seasonal,2.2400685972812084e-08,23544,2ec2ba37fa8cbb0b
2,S03,persistence,CoPx_R,right,6,SS_vs_ar,-0.14029465975783562,23544,2ec2ba37fa8cbb0b
2,S03,persistence,CoPx_R,right,all,MSE,3.015153089979719e-05,23544,2ec2ba37fa8cbb0b
2,S03,persistence,CoPx_R,right,all,MAE,0.003609588577902298,23544,2ec2ba37fa8cbb0b
2,S03,persistence,CoPx_R,right,all,Hausdorff,2.8953795824734456,23544,2ec2ba37fa8cbb0b
2,S03,persistence,CoPx_R,right,all,SS_vs_persistence,3.3165810653379424e-08,23544,2ec2ba37fa8cbb0b
2,S03,persistence,CoPx_R,right,all,HD_ratio_vs_persistence,1.0,23544,2ec2ba37fa8cbb0b
2,S03,persistence,CoPx_R,right,all,SS_vs_seasonal,3.3165810653379424e-08,23544,2ec2ba37fa8cbb0b
2,S03,persistence,CoPx_R,right,all,HD_ratio_vs_seasonal,1.0,23544,2ec2ba37fa8cbb0b
2,S03,persistence,CoPx_R,right,all,SS_vs_ar,-0.0843778998598732,23544,2ec2ba37fa8cbb0b
2,S03,persistence,CoPx_R,right,all,HD_ratio_vs_ar,1.1700835616408538,23544,2ec2ba37fa8cbb0b
2,S03,persistence,CoPy_R,right,1,MSE,1.0428356153844632e-05,23544,2ec2ba37fa8cbb0b
2,S03,persistence,CoPy_R,right,1,MAE,0.0022298393740873084,23544,2ec2ba37fa8cbb0b
2,S03,persistence,CoPy_R,right,1,SS_vs_persistence,9.589238114671161e-08,23544,2ec2ba37fa8cbb0b
2,S03,persistence,CoPy_R,right,1,SS_vs_seasonal,9.589238114671161e-08,23544,2ec2ba37fa8cbb0b
2,S03,persistence,CoPy_R,right,1,SS_vs_ar,-0.049248248252373505,23544,2ec2ba37fa8cbb0b
2,S03,persistence,CoPy_R,right,2,MSE,1.9048354780702562e-05,23544,2ec2ba37fa8cbb0b
2,S03,persistence,CoPy_R,right,2,MAE,0.0029868235143723507,23544,2ec2ba37fa8cbb0b
2,S03,persistence,CoPy_R,right,2,SS_vs_persistence,5.249796941608764e-08,23544,2ec2ba37fa8cbb0b
2,S03,persistence,CoPy_R,right,2,SS_vs_seasonal,5.249796941608764e-08,23544,2ec2ba37fa8cbb0b
2,S03,persistence,CoPy_R,right,2,SS_vs_ar,-0.09921094783606454,23544,2ec2ba37fa8cbb0b
2,S03,persistence,CoPy_R,right,3,MSE,2.598353319266468e-05,23544,2ec2ba37fa8cbb0b
2,S03,persistence,CoPy_R,right,3,MAE,0.003466419142626547,23544,2ec2ba37fa8cbb0b
2,S03,persistence,CoPy_R,right,3,SS_vs_persistence,3.8485911568741926e-08,23544,2ec2ba37fa8cbb0b
2,S03,persistence,CoPy_R,right,3,SS_vs_seasonal,3.8485911568741926e-08,23544,2ec2ba37fa8cbb0b
2,S03,persistence,CoPy_R,right,3,SS_vs_ar,-0.14267796109116304,23544,2ec2ba37fa8cbb0b
2,S03,persistence,CoPy_R,right,4,MSE,3.18271490825561e-05,23544,2ec2ba37fa8cbb0b
2,S03,persistence,CoPy_R,right,4,MAE,0.003832198475839031,23544,2ec2ba37fa8cbb0b
2,S03,persistence,CoPy_R,right,4,SS_vs_persistence,3.141971560705059e-08,23544,2ec2ba37fa8cbb0b
2,S03,persistence,CoPy_R,right,4,SS_vs_seasonal,3.141971560705059e-08,23544,2ec2ba37fa8cbb0b
2,S03,persistence,CoPy_R,right,4,SS_vs_ar,-0.1808622370826023,23544,2ec2ba37fa8cbb0b
2,S03,persistence,CoPy_R,right,5,MSE,3.6838142092759056e-05,23544,2ec2ba37fa8cbb0b
2,S03,persistence,CoPy_R,right,5,MAE,0.004166019119308771,23544,2ec2ba37fa8cbb0b
2,S03,persistence,CoPy_R,right,5,SS_vs_persistence,2.7145776626547047e-08,23544,2ec2ba37fa8cbb0b
2,S03,persistence,CoPy_R,right,5,SS_vs_seasonal,2.7145776626547047e-08,23544,2ec2ba37fa8cbb0b
2,S03,persistence,CoPy_R,right,5,SS_vs_ar,-0.21728150771689547,23544,2ec2ba37fa8cbb0b
2,S03,persistence,CoPy_R,right,6,MSE,4.146253357799283e-05,23544,2ec2ba37fa8cbb0b
2,S03,persistence,CoPy_R,right,6,MAE,0.004422067990205406,23544,2ec2ba37fa8cbb0b
2,S03,persistence,CoPy_R,right,6,SS_vs_persistence,2.411815902547687e-08,23544,2ec2ba37fa8cbb0b
2,S03,persistence,CoPy_R,right,6,SS_vs_seasonal,2.411815902547687e-08,23544,2ec2ba37fa8cbb0b
2,S03,persistence,CoPy_R,right,6,SS_vs_ar,-0.25436755541128675,23544,2ec2ba37fa8cbb0b
2,S03,persistence,CoPy_R,right,all,MSE,2.7598011480087303e-05,23544,2ec2ba37fa8cbb0b
2,S03,persistence,CoPy_R,right,all,MAE,0.003517227936073236,23544,2ec2ba37fa8cbb0b
2,S03,persistence,CoPy_R,right,all,Hausdorff,2.8952593094561236,23544,2ec2ba37fa8cbb0b
2,S03,persistence,CoPy_R,right,all,SS_vs_persistence,3.623449329470674e-08,23544,2ec2ba37fa8cbb0b
2,S03,persistence,CoPy_R,right,all,HD_ratio_vs_persistence,1.0,23544,2ec2ba37fa8cbb0b
2,S03,persistence,CoPy_R,right,all,SS_vs_seasonal,3.623449329470674e-08,23544,2ec2ba37fa8cbb0b
2,S03,persistence,CoPy_R,right,all,HD_ratio_vs_seasonal,1.0,23544,2ec2ba37fa8cbb0b
2,S03,persistence,CoPy_R,right,all,SS_vs_ar,-0.18043813182105262,23544,2ec2ba37fa8cbb0b
2,S03,persistence,CoPy_R,right,all,HD_ratio_vs_ar,1.14126929797747,23544,2ec2ba37fa8cbb0b
2,S03,seasonal,F_L,left,1,MSE,19.696829121504937,23910,2ec2ba37fa8cbb0b
2,S03,seasonal,F_L,left,1,MAE,2.519584190531387,23910,2ec2ba37fa8cbb0b
2,S03,seasonal,F_L,left,1,SS_vs_persistence,5.0737192225369654e-14,23910,2ec2ba37fa8cbb0b
2,S03,seasonal,F_L,left,1,SS_vs_seasonal,5.0737192225369654e-14,23910,2ec2ba37fa8cbb0b
2,S03,seasonal,F_L,left,1,SS_vs_ar,-0.03394350675997426,23910,2ec2ba37fa8cbb0b
2,S03,seasonal,F_L,left,2,MSE,41.291578989602634,23910,2ec2ba37fa8cbb0b
2,S03,seasonal,F_L,left,2,MAE,3.6602113730934365,23910,2ec2ba37fa8cbb0b
2,S03,seasonal,F_L,left,2,SS_vs_persistence,2.4313884239290928e-14,23910,2ec2ba37fa8cbb0b
2,S03,seasonal,F_L,left,2,SS_vs_seasonal,2.4313884239290928e-14,23910,2ec2ba37fa8cbb0b
2,S03,seasonal,F_L,left,2,SS_vs_ar,-0.06825658620069008,23910,2ec2ba37fa8cbb0b
2,S03,seasonal,F_L,left,3,MSE,60.14888000603312,23910,2ec2ba37fa8cbb0b
2,S03,seasonal,F_L,left,3,MAE,4.525986870319362,23910,2ec2ba37fa8cbb0b
2,S03,seasonal,F_L,left,3,SS_vs_persistence,1.6653345369377348e-14,23910,2ec2ba37fa8cbb0b
2,S03,seasonal,F_L,left,3,SS_vs_seasonal,1.6653345369377348e-14,23910,2ec2ba37fa8cbb0b
2,S03,seasonal,F_L,left,3,SS_vs_ar,-0.10654082139350907,23910,2ec2ba37fa8cbb0b
2,S03,seasonal,F_L,left,4,MSE,78.0207339211609,23910,2ec2ba37fa8cbb0b
2,S03,seasonal,F_L,left,4,MAE,5.2477182577365316,23910,2ec2ba37fa8cbb0b
2,S03,seasonal,F_L,left,4,SS_vs_persistence,1.27675647831893e-14,23910,2ec2ba37fa8cbb0b
2,S03,seasonal,F_L,left,4,SS_vs_seasonal,1.27675647831893e-14,23910,2ec2ba37fa8cbb0b
2,S03,seasonal,F_L,left,4,SS_vs_ar,-0.14584757706452045,23910,2ec2ba37fa8cbb0b
2,S03,seasonal,F_L,left,5,MSE,93.89688896249648,23910,2ec2ba37fa8cbb0b
2,S03,seasonal,F_L,left,5,MAE,5.818038944258744,23910,2ec2ba37fa8cbb0b
2,S03,seasonal,F_L,left,5,SS_vs_persistence,1.0547118733938987e-14,23910,2ec2ba37fa8cbb0b
2,S03,seasonal,F_L,left,5,SS_vs_seasonal,1.0547118733938987e-14,23910,2ec2ba37fa8cbb0b
2,S03,seasonal,F_L,left,5,SS_vs_ar,-0.18368263191314926,23910,2ec2ba37fa8cbb0b
2,S03,seasonal,F_L,left,6,MSE,107.32686543845884,23910,2ec2ba37fa8cbb0b
2,S03,seasonal,F_L,left,6,MAE,6.263097225557756,23910,2ec2ba37fa8cbb0b
2,S03,seasonal,F_L,left,6,SS_vs_persistence,9.2148511043888e-15,23910,2ec2ba37fa8cbb0b
2,S03,seasonal,F_L,left,6,SS_vs_seasonal,9.2148511043888e-15,23910,2ec2ba37fa8cbb0b
2,S03,seasonal,F_L,left,6,SS_vs_ar,-0.2190032620264466,23910,2ec2ba37fa8cbb0b
2,S03,seasonal,F_L,left,all,MSE,66.73029607320949,23910,2ec2ba37fa8cbb0b
2,S03,seasonal,F_L,left,all,MAE,4.672439476916202,23910,2ec2ba37fa8cbb0b
2,S03,seasonal,F_L,left,all,Hausdorff,3.0209019926942267,23910,2ec2ba37fa8cbb0b
2,S03,seasonal,F_L,left,all,SS_vs_persistence,1.4876988529977098e-14,23910,2ec2ba37fa8cbb0b
2,S03,seasonal,F_L,left,all,HD_ratio_vs_persistence,1.0,23910,2ec2ba37fa8cbb0b
2,S03,seasonal,F_L,left,all,SS_vs_seasonal,1.4876988529977098e-14,23910,2ec2ba37fa8cbb0b
2,S03,seasonal,F_L,left,all,HD_ratio_vs_seasonal,1.0,23910,2ec2ba37fa8cbb0b
2,S03,seasonal,F_L,left,all,SS_vs_ar,-0.15210538162638176,23910,2ec2ba37fa8cbb0b
2,S03,seasonal,F_L,left,all,HD_ratio_vs_ar,1.1311107500802269,23910,2ec2ba37fa8cbb0b
2,S03,seasonal,CoPx_L,left,1,MSE,1.6665679303486363e-05,23904,2ec2ba37fa8cbb0b
2,S03,seasonal,CoPx_L,left,1,MAE,0.002342347592259037,23904,2ec2ba37fa8cbb0b
2,S03,seasonal,CoPx_L,left,1,SS_vs_persistence,6.000355112778522e-08,23904,2ec2ba37fa8cbb0b
2,S03,seasonal,CoPx_L,left,1,SS_vs_seasonal,6.000355112778522e-08,23904,2ec2ba37fa8cbb0b
2,S03,seasonal,CoPx_L,left,1,SS_vs_ar,0.052770882302785704,23904,2ec2ba37fa8cbb0b
2,S03,seasonal,CoPx_L,left,2,MSE,3.121494995324507e-05,23904,2ec2ba37fa8cbb0b
2,S03,seasonal,CoPx_L,left,2,MAE,0.0031022265733258517,23904,2ec2ba37fa8cbb0b
2,S03,seasonal,CoPx_L,left,2,SS_vs_persistence,3.2035930574991767e-08,23904,2ec2ba37fa8cbb0b
2,S03,seasonal,CoPx_L,left,2,SS_vs_seasonal,3.2035930574991767e-08,23904,2ec2ba37fa8cbb0b
2,S03,seasonal,CoPx_L,left,2,SS_vs_ar,0.030243070857349452,23904,2ec2ba37fa8cbb0b
2,S03,seasonal,CoPx_L,left,3,MSE,4.512317178310129e-05,23904,2ec2ba37fa8cbb0b
2,S03,seasonal,CoPx_L,left,3,MAE,0.00368657129582748,23904,2ec2ba37fa8cbb0b
2,S03,seasonal,CoPx_L,left,3,SS_vs_persistence,2.2161562251987732e-08,23904,2ec2ba37fa8cbb0b
2,S03,seasonal,CoPx_L,left,3,SS_vs_seasonal,2.2161562251987732e-08,23904,2ec2ba37fa8cbb0b
2,S03,seasonal,CoPx_L,left,3,SS_vs_ar,0.008819295367176738,23904,2ec2ba37fa8cbb0b
2,S03,seasonal,CoPx_L,left,4,MSE,6.071397349294817e-05,23904,2ec2ba37fa8cbb0b
2,S03,seasonal,CoPx_L,left,4,MAE,0.004193276573867289,23904,2ec2ba37fa8cbb0b
2,S03,seasonal,CoPx_L,left,4,SS_vs_persistence,1.64706727145969e-08,23904,2ec2ba37fa8cbb0b
2,S03,seasonal,CoPx_L,left,4,SS_vs_seasonal,1.64706727145969e-08,23904,2ec2ba37fa8cbb0b
2,S03,seasonal,CoPx_L,left,4,SS_vs_ar,-0.05014223787325034,23904,2ec2ba37fa8cbb0b
2,S03,seasonal,CoPx_L,left,5,MSE,7.514127115310808e-05,23904,2ec2ba37fa8cbb0b
2,S03,seasonal,CoPx_L,left,5,MAE,0.004634483140340439,23904,2ec2ba37fa8cbb0b
2,S03,seasonal,CoPx_L,left,5,SS_vs_persistence,1.3308265489619941e-08,23904,2ec2ba37fa8cbb0b
2,S03,seasonal,CoPx_L,left,5,SS_vs_seasonal,1.3308265489619941e-08,23904,2ec2ba37fa8cbb0b
2,S03,seasonal,CoPx_L,left,5,SS_vs_ar,-0.10157275781242192,23904,2ec2ba37fa8cbb0b
2,S03,seasonal,CoPx_L,left,6,MSE,8.887469424157215e-05,23904,2ec2ba37fa8cbb0b
2,S03,seasonal,CoPx_L,left,6,MAE,0.004975339897803762,23904,2ec2ba37fa8cbb0b
2,S03,seasonal,CoPx_L,left,6,SS_vs_persistence,1.1251796605549202e-08,23904,2ec2ba37fa8cbb0b
2,S03,seasonal,CoPx_L,left,6,SS_vs_seasonal,1.1251796605549202e-08,23904,2ec2ba37fa8cbb0b
2,S03,seasonal,CoPx_L,left,6,SS_vs_ar,-0.1593071956037968,23904,2ec2ba37fa8cbb0b
2,S03,seasonal,CoPx_L,left,all,MSE,5.295562332124411e-05,23904,2ec2ba37fa8cbb0b
2,S03,seasonal,CoPx_L,left,all,MAE,0.0038223741789039766,23904,2ec2ba37fa8cbb0b
2,S03,seasonal,CoPx_L,left,all,Hausdorff,2.8999757495806056,23904,2ec2ba37fa8cbb0b
2,S03,seasonal,CoPx_L,left,all,SS_vs_persistence,1.8883735464214624e-08,23904,2ec2ba37fa8cbb0b
2,S03,seasonal,CoPx_L,left,all,HD_ratio_vs_persistence,1.0,23904,2ec2ba37fa8cbb0b
2,S03,seasonal,CoPx_L,left,all,SS_vs_seasonal,1.8883735464214624e-08,23904,2ec2ba37fa8cbb0b
2,S03,seasonal,CoPx_L,left,all,HD_ratio_vs_seasonal,1.0,23904,2ec2ba37fa8cbb0b
2,S03,seasonal,CoPx_L,left,all,SS_vs_ar,-0.06623187228487404,23904,2ec2ba37fa8cbb0b
2,S03,seasonal,CoPx_L,left,all,HD_ratio_vs_ar,1.1456697667107112,23904,2ec2ba37fa8cbb0b
2,S03,seasonal,CoPy_L,left,1,MSE,1.9450794301328946e-05,23904,2ec2ba37fa8cbb0b
2,S03,seasonal,CoPy_L,left,1,MAE,0.002516485833186791,23904,2ec2ba37fa8cbb0b
2,S03,seasonal,CoPy_L,left,1,SS_vs_persistence,5.141177950029885e-08,23904,2ec2ba37fa8cbb0b
2,S03,seasonal,CoPy_L,left,1,SS_vs_seasonal,5.141177950029885e-08,23904,2ec2ba37fa8cbb0b
2,S03,seasonal,CoPy_L,left,1,SS_vs_ar,-0.01909747389096017,23904,2ec2ba37fa8cbb0b
2,S03,seasonal,CoPy_L,left,2,MSE,3.408090402483861e-05,23904,2ec2ba37fa8cbb0b
2,S03,seasonal,CoPy_L,left,2,MAE,0.0033601254341794886,23904,2ec2ba37fa8cbb0b
2,S03,seasonal,CoPy_L,left,2,SS_vs_persistence,2.9341943874605647e-08,23904,2ec2ba37fa8cbb0b
2,S03,seasonal,CoPy_L,left,2,SS_vs_seasonal,2.9341943874605647e-08,23904,2ec2ba37fa8cbb0b
2,S03,seasonal,CoPy_L,left,2,SS_vs_ar,-0.06543080180299854,23904,2ec2ba37fa8cbb0b
2,S03,seasonal,CoPy_L,left,3,MSE,4.765224467937181e-05,23904,2ec2ba37fa8cbb0b
2,S03,seasonal,CoPy_L,left,3,MAE,0.00399760582877806,23904,2ec2ba37fa8cbb0b
2,S03,seasonal,CoPy_L,left,3,SS_vs_persistence,2.098536988626165e-08,23904,2ec2ba37fa8cbb0b
2,S03,seasonal,CoPy_L,left,3,SS_vs_seasonal,2.098536988626165e-08,23904,2ec2ba37fa8cbb0b
2,S03,seasonal,CoPy_L,left,3,SS_vs_ar,-0.11465844527341518,23904,2ec2ba37fa8cbb0b
2,S03,seasonal,CoPy_L,left,4,MSE,5.8528992953165965e-05,23904,2ec2ba37fa8cbb0b
2,S03,seasonal,CoPy_L,left,4,MAE,0.004499423512056403,23904,2ec2ba37fa8cbb0b
2,S03,seasonal,CoPy_L,left,4,SS_vs_persistence,1.708554919765959e-08,23904,2ec2ba37fa8cbb0b
2,S03,seasonal,CoPy_L,left,4,SS_vs_seasonal,1.708554919765959e-08,23904,2ec2ba37fa8cbb0b
2,S03,seasonal,CoPy_L,left,4,SS_vs_ar,-0.15030120565105332,23904,2ec2ba37fa8cbb0b
2,S03,seasonal,CoPy_L,left,5,MSE,6.71240301334481e-05,23904,2ec2ba37fa8cbb0b
2,S03,seasonal,CoPy_L,left,5,MAE,0.004883402458737264,23904,2ec2ba37fa8cbb0b
2,S03,seasonal,CoPy_L,left,5,SS_vs_persistence,1.4897794109458573e-08,23904,2ec2ba37fa8cbb0b
2,S03,seasonal,CoPy_L,left,5,SS_vs_seasonal,1.4897794109458573e-08,23904,2ec2ba37fa8cbb0b
2,S03,seasonal,CoPy_L,left,5,SS_vs_ar,-0.17086108936517386,23904,2ec2ba37fa8cbb0b
2,S03,seasonal,CoPy_L,left,6,MSE,7.531208454778e-05,23904,2ec2ba37fa8cbb0b
2,S03,seasonal,CoPy_L,left,6,MAE,0.0052039435588289535,23904,2ec2ba37fa8cbb0b
2,S03,seasonal,CoPy_L,left,6,SS_vs_persistence,1.3278081301137945e-08,23904,2ec2ba37fa8cbb0b
2,S03,seasonal,CoPy_L,left,6,SS_vs_seasonal,1.3278081301137945e-08,23904,2ec2ba37fa8cbb0b
2,S03,seasonal,CoPy_L,left,6,SS_vs_ar,-0.18958150354181047,23904,2ec2ba37fa8cbb0b
2,S03,seasonal,CoPy_L,left,all,MSE,5.035817510665635e-05,23904,2ec2ba37fa8cbb0b
2,S03,seasonal,CoPy_L,left,all,MAE,0.0040768311042944936,23904,2ec2ba37fa8cbb0b
2,S03,seasonal,CoPy_L,left,all,Hausdorff,2.9180031114421263,23904,2ec2ba37fa8cbb0b
2,S03,seasonal,CoPy_L,left,all,SS_vs_persistence,1.9857748667639896e-08,23904,2ec2ba37fa8cbb0b
2,S03,seasonal,CoPy_L,left,all,HD_ratio_vs_persistence,1.0,23904,2ec2ba37fa8cbb0b
2,S03,seasonal,CoPy_L,left,all,SS_vs_seasonal,1.9857748667639896e-08,23904,2ec2ba37fa8cbb0b
2,S03,seasonal,CoPy_L,left,all,HD_ratio_vs_seasonal,1.0,23904,2ec2ba37fa8cbb0b
2,S03,seasonal,CoPy_L,left,all,SS_vs_ar,-0.13870395500218025,23904,2ec2ba37fa8cbb0b
2,S03,seasonal,CoPy_L,left,all,HD_ratio_vs_ar,1.1195014493589814,23904,2ec2ba37fa8cbb0b
2,S03,seasonal,F_R,right,1,MSE,25.13674174694501,23910,2ec2ba37fa8cbb0b
2,S03,seasonal,F_R,right,1,MAE,3.4452878944846885,23910,2ec2ba37fa8cbb0b
2,S03,seasonal,F_R,right,1,SS_vs_persistence,3.9745984281580604e-14,23910,2ec2ba37fa8cbb0b
2,S03,seasonal,F_R,right,1,SS_vs_seasonal,3.9745984281580604e-14,23910,2ec2ba37fa8cbb0b
2,S03,seasonal,F_R,right,1,SS_vs_ar,-0.08177783825100926,23910,2ec2ba37fa8cbb0b
2,S03,seasonal,F_R,right,2,MSE,57.13955873560389,23910,2ec2ba37fa8cbb0b
2,S03,seasonal,F_R,right,2,MAE,5.245054636037485,23910,2ec2ba37fa8cbb0b
2,S03,seasonal,F_R,right,2,SS_vs_persistence,1.7541523789077473e-14,23910,2ec2ba37fa8cbb0b
2,S03,seasonal,F_R,right,2,SS_vs_seasonal,1.7541523789077473e-14,23910,2ec2ba37fa8cbb0b
2,S03,seasonal,F_R,right,2,SS_vs_ar,-0.11727878144560999,23910,2ec2ba37fa8cbb0b
2,S03,seasonal,F_R,right,3,MSE,85.35184717439769,23910,2ec2ba37fa8cbb0b
2,S03,seasonal,F_R,right,3,MAE,6.545707536072773,23910,2ec2ba37fa8cbb0b
2,S03,seasonal,F_R,right,3,SS_vs_persistence,1.1657341758564144e-14,23910,2ec2ba37fa8cbb0b
2,S03,seasonal,F_R,right,3,SS_vs_seasonal,1.1657341758564144e-14,23910,2ec2ba37fa8cbb0b
2,S03,seasonal,F_R,right,3,SS_vs_ar,-0.1715449201754191,23910,2ec2ba37fa8cbb0b
2,S03,seasonal,F_R,right,4,MSE,109.09326756733238,23910,2ec2ba37fa8cbb0b
2,S03,seasonal,F_R,right,4,MAE,7.530561673536504,23910,2ec2ba37fa8cbb0b
2,S03,seasonal,F_R,right,4,SS_vs_persistence,9.103828801926284e-15,23910,2ec2ba37fa8cbb0b
2,S03,seasonal,F_R,right,4,SS_vs_seasonal,9.103828801926284e-15,23910,2ec2ba37fa8cbb0b
2,S03,seasonal,F_R,right,4,SS_vs_ar,-0.2272788356261417,23910,2ec2ba37fa8cbb0b
2,S03,seasonal,F_R,right,5,MSE,128.28976168576978,23910,2ec2ba37fa8cbb0b
2,S03,seasonal,F_R,right,5,MAE,8.229356991182756,23910,2ec2ba37fa8cbb0b
2,S03,seasonal,F_R,right,5,SS_vs_persistence,7.771561172376096e-15,23910,2ec2ba37fa8cbb0b
2,S03,seasonal,F_R,right,5,SS_vs_seasonal,7.771561172376096e-15,23910,2ec2ba37fa8cbb0b
2,S03,seasonal,F_R,right,5,SS_vs_ar,-0.2810832527690079,23910,2ec2ba37fa8cbb0b
2,S03,seasonal,F_R,right,6,MSE,143.3855103819768,23910,2ec2ba37fa8cbb0b
2,S03,seasonal,F_R,right,6,MAE,8.707693140659309,23910,2ec2ba37fa8cbb0b
2,S03,seasonal,F_R,right,6,SS_vs_persistence,6.8833827526759706e-15,23910,2ec2ba37fa8cbb0b
2,S03,seasonal,F_R,right,6,SS_vs_seasonal,6.8833827526759706e-15,23910,2ec2ba37fa8cbb0b
2,S03,seasonal,F_R,right,6,SS_vs_ar,-0.3340859348615304,23910,2ec2ba37fa8cbb0b
2,S03,seasonal,F_R,right,all,MSE,91.39944788200425,23910,2ec2ba37fa8cbb0b
2,S03,seasonal,F_R,right,all,MAE,6.617276978662252,23910,2ec2ba37fa8cbb0b
2,S03,seasonal,F_R,right,all,Hausdorff,2.9873900527369015,23910,2ec2ba37fa8cbb0b
2,S03,seasonal,F_R,right,all,SS_vs_persistence,1.0880185641326534e-14,23910,2ec2ba37fa8cbb0b
2,S03,seasonal,F_R,right,all,HD_ratio_vs_persistence,1.0,23910,2ec2ba37fa8cbb0b
2,S03,seasonal,F_R,right,all,SS_vs_seasonal,1.0880185641326534e-14,23910,2ec2ba37fa8cbb0b
2,S03,seasonal,F_R,right,all,HD_ratio_vs_seasonal,1.0,23910,2ec2ba37fa8cbb0b
2,S03,seasonal,F_R,right,all,SS_vs_ar,-0.23584360275113592,23910,2ec2ba37fa8cbb0b
2,S03,seasonal,F_R,right,all,HD_ratio_vs_ar,1.1954572906324394,23910,2ec2ba37fa8cbb0b
2,S03,seasonal,CoPx_R,right,1,MSE,1.233267343546977e-05,23544,2ec2ba37fa8cbb0b
2,S03,seasonal,CoPx_R,right,1,MAE,0.0023444777852465737,23544,2ec2ba37fa8cbb0b
2,S03,seasonal,CoPx_R,right,1,SS_vs_persistence,8.108541293960769e-08,23544,2ec2ba37fa8cbb0b
2,S03,seasonal,CoPx_R,right,1,SS_vs_seasonal,8.108541293960769e-08,23544,2ec2ba37fa8cbb0b
2,S03,seasonal,CoPx_R,right,1,SS_vs_ar,-0.02024670523498373,23544,2ec2ba37fa8cbb0b
2,S03,seasonal,CoPx_R,right,2,MSE,2.0853169456973236e-05,23544,2ec2ba37fa8cbb0b
2,S03,seasonal,CoPx_R,right,2,MAE,0.0030650618004726426,23544,2ec2ba37fa8cbb0b
2,S03,seasonal,CoPx_R,right,2,SS_vs_persistence,4.7954338722178136e-08,23544,2ec2ba37fa8cbb0b
2,S03,seasonal,CoPx_R,right,2,SS_vs_seasonal,4.7954338722178136e-08,23544,2ec2ba37fa8cbb0b
2,S03,seasonal,CoPx_R,right,2,SS_vs_ar,-0.028880141499120215,23544,2ec2ba37fa8cbb0b
2,S03,seasonal,CoPx_R,right,3,MSE,2.842249917082554e-05,23544,2ec2ba37fa8cbb0b
2,S03,seasonal,CoPx_R,right,3,MAE,0.0035583931382350952,23544,2ec2ba37fa8cbb0b
2,S03,seasonal,CoPx_R,right,3,SS_vs_persistence,3.518339319885655e-08,23544,2ec2ba37fa8cbb0b
2,S03,seasonal,CoPx_R,right,3,SS_vs_seasonal,3.518339319885655e-08,23544,2ec2ba37fa8cbb0b
2,S03,seasonal,CoPx_R,right,3,SS_vs_ar,-0.04905315137620536,23544,2ec2ba37fa8cbb0b
2,S03,seasonal,CoPx_R,right,4,MSE,3.459982739069612e-05,23544,2ec2ba37fa8cbb0b
2,S03,seasonal,CoPx_R,right,4,MAE,0.003949554738881092,23544,2ec2ba37fa8cbb0b
2,S03,seasonal,CoPx_R,right,4,SS_vs_persistence,2.8901877557885314e-08,23544,2ec2ba37fa8cbb0b
2,S03,seasonal,CoPx_R,right,4,SS_vs_seasonal,2.8901877557885314e-08,23544,2ec2ba37fa8cbb0b
2,S03,seasonal,CoPx_R,right,4,SS_vs_ar,-0.07502570727522362,23544,2ec2ba37fa8cbb0b
2,S03,seasonal,CoPx_R,right,5,MSE,4.005952675769561e-05,23544,2ec2ba37fa8cbb0b
2,S03,seasonal,CoPx_R,right,5,MAE,0.004251704816451718,23544,2ec2ba37fa8cbb0b
2,S03,seasonal,CoPx_R,right,5,SS_vs_persistence,2.496285045339164e-08,23544,2ec2ba37fa8cbb0b
2,S03,seasonal,CoPx_R,right,5,SS_vs_seasonal,2.496285045339164e-08,23544,2ec2ba37fa8cbb0b
2,S03,seasonal,CoPx_R,right,5,SS_vs_ar,-0.1112585431116444,23544,2ec2ba37fa8cbb0b
2,S03,seasonal,CoPx_R,right,6,MSE,4.464148918711922e-05,23544,2ec2ba37fa8cbb0b
2,S03,seasonal,CoPx_R,right,6,MAE,0.004488339188126666,23544,2ec2ba37fa8cbb0b
2,S03,seasonal,CoPx_R,right,6,SS_vs_persistence,2.2400685972812084e-08,23544,2ec2ba37fa8cbb0b
2,S03,seasonal,CoPx_R,right,6,SS_vs_seasonal,2.2400685972812084e-08,23544,2ec2ba37fa8cbb0b
2,S03,seasonal,CoPx_R,right,6,SS_vs_ar,-0.14029465975783562,23544,2ec2ba37fa8cbb0b
2,S03,seasonal,CoPx_R,right,all,MSE,3.015153089979719e-05,23544,2ec2ba37fa8cbb0b
2,S03,seasonal,CoPx_R,right,all,MAE,0.003609588577902298,23544,2ec2ba37fa8cbb0b
2,S03,seasonal,CoPx_R,right,all,Hausdorff,2.8953795824734456,23544,2ec2ba37fa8cbb0b
2,S03,seasonal,CoPx_R,right,all,SS_vs_persistence,3.3165810653379424e-08,23544,2ec2ba37fa8cbb0b
2,S03,seasonal,CoPx_R,right,all,HD_ratio_vs_persistence,1.0,23544,2ec2ba37fa8cbb0b
2,S03,seasonal,CoPx_R,right,all,SS_vs_seasonal,3.3165810653379424e-08,23544,2ec2ba37fa8cbb0b
2,S03,seasonal,CoPx_R,right,all,HD_ratio_vs_seasonal,1.0,23544,2ec2ba37fa8cbb0b
2,S03,seasonal,CoPx_R,right,all,SS_vs_ar,-0.0843778998598732,23544,2ec2ba37fa8cbb0b
2,S03,seasonal,CoPx_R,right,all,HD_ratio_vs_ar,1.1700835616408538,23544,2ec2ba37fa8cbb0b
2,S03,seasonal,CoPy_R,right,1,MSE,1.0428356153844632e-05,23544,2ec2ba37fa8cbb0b
2,S03,seasonal,CoPy_R,right,1,MAE,0.0022298393740873084,23544,2ec2ba37fa8cbb0b
2,S03,seasonal,CoPy_R,right,1,SS_vs_persistence,9.589238114671161e-08,23544,2ec2ba37fa8cbb0b
2,S03,seasonal,CoPy_R,right,1,SS_vs_seasonal,9.589238114671161e-08,23544,2ec2ba37fa8cbb0b
2,S03,seasonal,CoPy_R,right,1,SS_vs_ar,-0.049248248252373505,23544,2ec2ba37fa8cbb0b
2,S03,seasonal,CoPy_R,right,2,MSE,1.9048354780702562e-05,23544,2ec2ba37fa8cbb0b
2,S03,seasonal,CoPy_R,right,2,MAE,0.0029868235143723507,23544,2ec2ba37fa8cbb0b
2,S03,seasonal,CoPy_R,right,2,SS_vs_persistence,5.249796941608764e-08,23544,2ec2ba37fa8cbb0b
2,S03,seasonal,CoPy_R,right,2,SS_vs_seasonal,5.249796941608764e-08,23544,2ec2ba37fa8cbb0b
2,S03,seasonal,CoPy_R,right,2,SS_vs_ar,-0.09921094783606454,23544,2ec2ba37fa8cbb0b
2,S03,seasonal,CoPy_R,right,3,MSE,2.598353319266468e-05,23544,2ec2ba37fa8cbb0b
2,S03,seasonal,CoPy_R,right,3,MAE,0.003466419142626547,23544,2ec2ba37fa8cbb0b
2,S03,seasonal,CoPy_R,right,3,SS_vs_persistence,3.8485911568741926e-08,23544,2ec2ba37fa8cbb0b
2,S03,seasonal,CoPy_R,right,3,SS_vs_seasonal,3.8485911568741926e-08,23544,2ec2ba37fa8cbb0b
2,S03,seasonal,CoPy_R,right,3,SS_vs_ar,-0.14267796109116304,23544,2ec2ba37fa8cbb0b
2,S03,seasonal,CoPy_R,right,4,MSE,3.18271490825561e-05,23544,2ec2ba37fa8cbb0b
2,S03,seasonal,CoPy_R,right,4,MAE,0.003832198475839031,23544,2ec2ba37fa8cbb0b
2,S03,seasonal,CoPy_R,right,4,SS_vs_persistence,3.141971560705059e-08,23544,2ec2ba37fa8cbb0b
2,S03,seasonal,CoPy_R,right,4,SS_vs_seasonal,3.141971560705059e-08,23544,2ec2ba37fa8cbb0b
2,S03,seasonal,CoPy_R,right,4,SS_vs_ar,-0.1808622370826023,23544,2ec2ba37fa8cbb0b
2,S03,seasonal,CoPy_R,right,5,MSE,3.6838142092759056e-05,23544,2ec2ba37fa8cbb0b
2,S03,seasonal,CoPy_R,right,5,MAE,0.004166019119308771,23544,2ec2ba37fa8cbb0b
2,S03,seasonal,CoPy_R,right,5,SS_vs_persistence,2.7145776626547047e-08,23544,2ec2ba37fa8cbb0b
2,S03,seasonal,CoPy_R,right,5,SS_vs_seasonal,2.7145776626547047e-08,23544,2ec2ba37fa8cbb0b
2,S03,seasonal,CoPy_R,right,5,SS_vs_ar,-0.21728150771689547,23544,2ec2ba37fa8cbb0b
2,S03,seasonal,CoPy_R,right,6,MSE,4.146253357799283e-05,23544,2ec2ba37fa8cbb0b
2,S03,seasonal,CoPy_R,right,6,MAE,0.004422067990205406,23544,2ec2ba37fa8cbb0b
2,S03,seasonal,CoPy_R,right,6,SS_vs_persistence,2.411815902547687e-08,23544,2ec2ba37fa8cbb0b
2,S03,seasonal,CoPy_R,right,6,SS_vs_seasonal,2.411815902547687e-08,23544,2ec2ba37fa8cbb0b
2,S03,seasonal,CoPy_R,right,6,SS_vs_ar,-0.25436755541128675,23544,2ec2ba37fa8cbb0b
2,S03,seasonal,CoPy_R,right,all,MSE,2.7598011480087303e-05,23544,2ec2ba37fa8cbb0b
2,S03,seasonal,CoPy_R,right,all,MAE,0.003517227936073236,23544,2ec2ba37fa8cbb0b
2,S03,seasonal,CoPy_R,right,all,Hausdorff,2.8952593094561236,23544,2ec2ba37fa8cbb0b
2,S03,seasonal,CoPy_R,right,all,SS_vs_persistence,3.623449329470674e-08,23544,2ec2ba37fa8cbb0b
2,S03,seasonal,CoPy_R,right,all,HD_ratio_vs_persistence,1.0,23544,2ec2ba37fa8cbb0b
2,S03,seasonal,CoPy_R,right,all,SS_vs_seasonal,3.623449329470674e-08,23544,2ec2ba37fa8cbb0b
2,S03,seasonal,CoPy_R,right,all,HD_ratio_vs_seasonal,1.0,23544,2ec2ba37fa8cbb0b
2,S03,seasonal,CoPy_R,right,all,SS_vs_ar,-0.18043813182105262,23544,2ec2ba37fa8cbb0b
2,S03,seasonal,CoPy_R,right,all,HD_ratio_vs_ar,1.14126929797747,23544,2ec2ba37fa8cbb0b
2,S03,ar,F_L,left,1,MSE,19.05019857731593,23910,2ec2ba37fa8cbb0b
2,S03,ar,F_L,left,1,MAE,2.497224271845191,23910,2ec2ba37fa8cbb0b
2,S03,ar,F_L,left,1,SS_vs_persistence,0.03282916961918425,23910,2ec2ba37fa8cbb0b
2,S03,ar,F_L,left,1,SS_vs_seasonal,0.03282916961918425,23910,2ec2ba37fa8cbb0b
2,S03,ar,F_L,left,1,SS_vs_ar,5.240252676230739e-14,23910,2ec2ba37fa8cbb0b
2,S03,ar,F_L,left,2,MSE,38.65324073166467,23910,2ec2ba37fa8cbb0b
2,S03,ar,F_L,left,2,MAE,3.580208939303145,23910,2ec2ba37fa8cbb0b
2,S03,ar,F_L,left,2,SS_vs_persistence,0.06389531043613639,23910,2ec2ba37fa8cbb0b
2,S03,ar,F_L,left,2,SS_vs_seasonal,0.06389531043613639,23910,2ec2ba37fa8cbb0b
2,S03,ar,F_L,left,2,SS_vs_ar,2.5868196473766147e-14,23910,2ec2ba37fa8cbb0b
2,S03,ar,F_L,left,3,MSE,54.35757890096114,23910,2ec2ba37fa8cbb0b
2,S03,ar,F_L,left,3,MAE,4.360031956170848,23910,2ec2ba37fa8cbb0b
2,S03,ar,F_L,left,3,SS_vs_persistence,0.09628277541480412,23910,2ec2ba37fa8cbb0b
2,S03,ar,F_L,left,3,SS_vs_seasonal,0.09628277541480412,23910,2ec2ba37fa8cbb0b
2,S03,ar,F_L,left,3,SS_vs_ar,1.84297022087776e-14,23910,2ec2ba37fa8cbb0b
2,S03,ar,F_L,left,4,MSE,68.08997591201134,23910,2ec2ba37fa8cbb0b
2,S03,ar,F_L,left,4,MAE,5.006720178292651,23910,2ec2ba37fa8cbb0b
2,S03,ar,F_L,left,4,SS_vs_persistence,0.12728357591695239,23910,2ec2ba37fa8cbb0b
2,S03,ar,F_L,left,4,SS_vs_seasonal,0.12728357591695239,23910,2ec2ba37fa8cbb0b
2,S03,ar,F_L,left,4,SS_vs_ar,1.4654943925052066e-14,23910,2ec2ba37fa8cbb0b
2,S03,ar,F_L,left,5,MSE,79.32606801092679,23910,2ec2ba37fa8cbb0b
2,S03,ar,F_L,left,5,MAE,5.474406760973118,23910,2ec2ba37fa8cbb0b
2,S03,ar,F_L,left,5,SS_vs_persistence,0.1551789533451985,23910,2ec2ba37fa8cbb0b
2,S03,ar,F_L,left,5,SS_vs_seasonal,0.1551789533451985,23910,2ec2ba37fa8cbb0b
2,S03,ar,F_L,left,5,SS_vs_ar,1.2545520178264269e-14,23910,2ec2ba37fa8cbb0b
2,S03,ar,F_L,left,6,MSE,88.04477295658717,23910,2ec2ba37fa8cbb0b
2,S03,ar,F_L,left,6,MAE,5.821156204058211,23910,2ec2ba37fa8cbb0b
2,S03,ar,F_L,left,6,SS_vs_persistence,0.1796576505155536,23910,2ec2ba37fa8cbb0b
2,S03,ar,F_L,left,6,SS_vs_seasonal,0.1796576505155536,23910,2ec2ba37fa8cbb0b
2,S03,ar,F_L,left,6,SS_vs_ar,1.1324274851176597e-14,23910,2ec2ba37fa8cbb0b
2,S03,ar,F_L,left,all,MSE,57.920305848244375,23910,2ec2ba37fa8cbb0b
2,S03,ar,F_L,left,all,MAE,4.456624718440555,23910,2ec2ba37fa8cbb0b
2,S03,ar,F_L,left,all,Hausdorff,2.6707393528705845,23910,2ec2ba37fa8cbb0b
2,S03,ar,F_L,left,all,SS_vs_persistence,0.13202384439146764,23910,2ec2ba37fa8cbb0b
2,S03,ar,F_L,left,all,HD_ratio_vs_persistence,0.8840867261928794,23910,2ec2ba37fa8cbb0b
2,S03,ar,F_L,left,all,SS_vs_seasonal,0.13202384439146764,23910,2ec2ba37fa8cbb0b
2,S03,ar,F_L,left,all,HD_ratio_vs_seasonal,0.8840867261928794,23910,2ec2ba37fa8cbb0b
2,S03,ar,F_L,left,all,SS_vs_ar,1.7319479184152442e-14,23910,2ec2ba37fa8cbb0b
2,S03,ar,F_L,left,all,HD_ratio_vs_ar,1.0,23910,2ec2ba37fa8cbb0b
2,S03,ar,CoPx_L,left,1,MSE,1.7594136460640877e-05,23904,2ec2ba37fa8cbb0b
2,S03,ar,CoPx_L,left,1,MAE,0.0024409883525398817,23904,2ec2ba37fa8cbb0b
2,S03,ar,CoPx_L,left,1,SS_vs_persistence,-0.0557106664862812,23904,2ec2ba37fa8cbb0b
2,S03,ar,CoPx_L,left,1,SS_vs_seasonal,-0.0557106664862812,23904,2ec2ba37fa8cbb0b
2,S03,ar,CoPx_L,left,1,SS_vs_ar,5.6837114126295774e-08,23904,2ec2ba37fa8cbb0b
2,S03,ar,CoPx_L,left,2,MSE,3.2188425826546934e-05,23904,2ec2ba37fa8cbb0b
2,S03,ar,CoPx_L,left,2,MAE,0.003171650627586292,23904,2ec2ba37fa8cbb0b
2,S03,ar,CoPx_L,left,2,SS_vs_persistence,-0.03118617340645402,23904,2ec2ba37fa8cbb0b
2,S03,ar,CoPx_L,left,2,SS_vs_seasonal,-0.03118617340645402,23904,2ec2ba37fa8cbb0b
2,S03,ar,CoPx_L,left,2,SS_vs_ar,3.106706669697701e-08,23904,2ec2ba37fa8cbb0b
2,S03,ar,CoPx_L,left,3,MSE,4.5524666270250065e-05,23904,2ec2ba37fa8cbb0b
2,S03,ar,CoPx_L,left,3,MAE,0.0037106600685445903,23904,2ec2ba37fa8cbb0b
2,S03,ar,CoPx_L,left,3,SS_vs_persistence,-0.0088977228857261,23904,2ec2ba37fa8cbb0b
2,S03,ar,CoPx_L,left,3,SS_vs_seasonal,-0.0088977228857261,23904,2ec2ba37fa8cbb0b
2,S03,ar,CoPx_L,left,3,SS_vs_ar,2.1966113372684504e-08,23904,2ec2ba37fa8cbb0b
2,S03,ar,CoPx_L,left,4,MSE,5.78149990098141e-05,23904,2ec2ba37fa8cbb0b
2,S03,ar,CoPx_L,left,4,MAE,0.0041045018268081246,23904,2ec2ba37fa8cbb0b
2,S03,ar,CoPx_L,left,4,SS_vs_persistence,0.04774807624348143,23904,2ec2ba37fa8cbb0b
2,S03,ar,CoPx_L,left,4,SS_vs_seasonal,0.04774807624348143,23904,2ec2ba37fa8cbb0b
2,S03,ar,CoPx_L,left,4,SS_vs_ar,1.729654941495795e-08,23904,2ec2ba37fa8cbb0b
2,S03,ar,CoPx_L,left,5,MSE,6.821271633546564e-05,23904,2ec2ba37fa8cbb0b
2,S03,ar,CoPx_L,left,5,MAE,0.0044320631020770785,23904,2ec2ba37fa8cbb0b
2,S03,ar,CoPx_L,left,5,SS_vs_persistence,0.09220706036923076,23904,2ec2ba37fa8cbb0b
2,S03,ar,CoPx_L,left,5,SS_vs_seasonal,0.09220706036923076,23904,2ec2ba37fa8cbb0b
2,S03,ar,CoPx_L,left,5,SS_vs_ar,1.4660022862322819e-08,23904,2ec2ba37fa8cbb0b
2,S03,ar,CoPx_L,left,6,MSE,7.666190067592633e-05,23904,2ec2ba37fa8cbb0b
2,S03,ar,CoPx_L,left,6,MAE,0.004665599469295674,23904,2ec2ba37fa8cbb0b
2,S03,ar,CoPx_L,left,6,SS_vs_persistence,0.1374158812297468,23904,2ec2ba37fa8cbb0b
2,S03,ar,CoPx_L,left,6,SS_vs_seasonal,0.1374158812297468,23904,2ec2ba37fa8cbb0b
2,S03,ar,CoPx_L,left,6,SS_vs_ar,1.3044288982300145e-08,23904,2ec2ba37fa8cbb0b
2,S03,ar,CoPx_L,left,all,MSE,4.9666140763107525e-05,23904,2ec2ba37fa8cbb0b
2,S03,ar,CoPx_L,left,all,MAE,0.0037542439078086,23904,2ec2ba37fa8cbb0b
2,S03,ar,CoPx_L,left,all,Hausdorff,2.5312492603401897,23904,2ec2ba37fa8cbb0b
2,S03,ar,CoPx_L,left,all,SS_vs_persistence,0.06211773726208247,23904,2ec2ba37fa8cbb0b
2,S03,ar,CoPx_L,left,all,HD_ratio_vs_persistence,0.8728518715048769,23904,2ec2ba37fa8cbb0b
2,S03,ar,CoPx_L,left,all,SS_vs_seasonal,0.06211773726208247,23904,2ec2ba37fa8cbb0b
2,S03,ar,CoPx_L,left,all,HD_ratio_vs_seasonal,0.8728518715048769,23904,2ec2ba37fa8cbb0b
2,S03,ar,CoPx_L,left,all,SS_vs_ar,2.0134441003349934e-08,23904,2ec2ba37fa8cbb0b
2,S03,ar,CoPx_L,left,all,HD_ratio_vs_ar,1.0,23904,2ec2ba37fa8cbb0b
2,S03,ar,CoPy_L,left,1,MSE,1.9086293294367088e-05,23904,2ec2ba37fa8cbb0b
2,S03,ar,CoPy_L,left,1,MAE,0.002562416384204201,23904,2ec2ba37fa8cbb0b
2,S03,ar,CoPy_L,left,1,SS_vs_persistence,0.018739696825504804,23904,2ec2ba37fa8cbb0b
2,S03,ar,CoPy_L,left,1,SS_vs_seasonal,0.018739696825504804,23904,2ec2ba37fa8cbb0b
2,S03,ar,CoPy_L,left,1,SS_vs_ar,5.2393617333557074e-08,23904,2ec2ba37fa8cbb0b
2,S03,ar,CoPy_L,left,2,MSE,3.198790846081571e-05,23904,2ec2ba37fa8cbb0b
2,S03,ar,CoPy_L,left,2,MAE,0.0033753532973913127,23904,2ec2ba37fa8cbb0b
2,S03,ar,CoPy_L,left,2,SS_vs_persistence,0.06141258756178847,23904,2ec2ba37fa8cbb0b
2,S03,ar,CoPy_L,left,2,SS_vs_seasonal,0.06141258756178847,23904,2ec2ba37fa8cbb0b
2,S03,ar,CoPy_L,left,2,SS_vs_ar,3.1261811694882624e-08,23904,2ec2ba37fa8cbb0b
2,S03,ar,CoPy_L,left,3,MSE,4.275053382206665e-05,23904,2ec2ba37fa8cbb0b
2,S03,ar,CoPy_L,left,3,MAE,0.003945827035203673,23904,2ec2ba37fa8cbb0b
2,S03,ar,CoPy_L,left,3,SS_vs_persistence,0.1028642362478851,23904,2ec2ba37fa8cbb0b
2,S03,ar,CoPy_L,left,3,SS_vs_seasonal,0.1028642362478851,23904,2ec2ba37fa8cbb0b
2,S03,ar,CoPy_L,left,3,SS_vs_ar,2.3391520276305755e-08,23904,2ec2ba37fa8cbb0b
2,S03,ar,CoPy_L,left,4,MSE,5.08814487156329e-05,23904,2ec2ba37fa8cbb0b
2,S03,ar,CoPy_L,left,4,MAE,0.004360303199091547,23904,2ec2ba37fa8cbb0b
2,S03,ar,CoPy_L,left,4,SS_vs_persistence,0.13066250965551407,23904,2ec2ba37fa8cbb0b
2,S03,ar,CoPy_L,left,4,SS_vs_seasonal,0.13066250965551407,23904,2ec2ba37fa8cbb0b
2,S03,ar,CoPy_L,left,4,SS_vs_ar,1.965352813826371e-08,23904,2ec2ba37fa8cbb0b
2,S03,ar,CoPy_L,left,5,MSE,5.732877244983929e-05,23904,2ec2ba37fa8cbb0b
2,S03,ar,CoPy_L,left,5,MAE,0.004650383090883265,23904,2ec2ba37fa8cbb0b
2,S03,ar,CoPy_L,left,5,SS_vs_persistence,0.14592774775601636,23904,2ec2ba37fa8cbb0b
2,S03,ar,CoPy_L,left,5,SS_vs_seasonal,0.14592774775601636,23904,2ec2ba37fa8cbb0b
2,S03,ar,CoPy_L,left,5,SS_vs_ar,1.7443247846138377e-08,23904,2ec2ba37fa8cbb0b
2,S03,ar,CoPy_L,left,6,MSE,6.330972962673633e-05,23904,2ec2ba37fa8cbb0b
2,S03,ar,CoPy_L,left,6,MAE,0.004903362486963703,23904,2ec2ba37fa8cbb0b
2,S03,ar,CoPy_L,left,6,SS_vs_persistence,0.15936825854369752,23904,2ec2ba37fa8cbb0b
2,S03,ar,CoPy_L,left,6,SS_vs_seasonal,0.15936825854369752,23904,2ec2ba37fa8cbb0b
2,S03,ar,CoPy_L,left,6,SS_vs_ar,1.579536013096572e-08,23904,2ec2ba37fa8cbb0b
2,S03,ar,CoPy_L,left,all,MSE,4.422411439490958e-05,23904,2ec2ba37fa8cbb0b
2,S03,ar,CoPy_L,left,all,MAE,0.003966274248956275,23904,2ec2ba37fa8cbb0b
2,S03,ar,CoPy_L,left,all,Hausdorff,2.606520172986783,23904,2ec2ba37fa8cbb0b
2,S03,ar,CoPy_L,left,all,SS_vs_persistence,0.12180865523713769,23904,2ec2ba37fa8cbb0b
2,S03,ar,CoPy_L,left,all,HD_ratio_vs_persistence,0.8932547613695301,23904,2ec2ba37fa8cbb0b
2,S03,ar,CoPy_L,left,all,SS_vs_seasonal,0.12180865523713769,23904,2ec2ba37fa8cbb0b
2,S03,ar,CoPy_L,left,all,HD_ratio_vs_seasonal,0.8932547613695301,23904,2ec2ba37fa8cbb0b
2,S03,ar,CoPy_L,left,all,SS_vs_ar,2.2612097305696466e-08,23904,2ec2ba37fa8cbb0b
2,S03,ar,CoPy_L,left,all,HD_ratio_vs_ar,1.0,23904,2ec2ba37fa8cbb0b
2,S03,ar,F_R,right,1,MSE,23.23651017623394,23910,2ec2ba37fa8cbb0b
2,S03,ar,F_R,right,1,MAE,3.34951112326329,23910,2ec2ba37fa8cbb0b
2,S03,ar,F_R,right,1,SS_vs_persistence,0.07559577887388447,23910,2ec2ba37fa8cbb0b
2,S03,ar,F_R,right,1,SS_vs_seasonal,0.07559577887388447,23910,2ec2ba37fa8cbb0b
2,S03,ar,F_R,right,1,SS_vs_ar,4.296563105299356e-14,23910,2ec2ba37fa8cbb0b
2,S03,ar,F_R,right,2,MSE,51.14172011901254,23910,2ec2ba37fa8cbb0b
2,S03,ar,F_R,right,2,MAE,4.992929890658958,23910,2ec2ba37fa8cbb0b
2,S03,ar,F_R,right,2,SS_vs_persistence,0.10496823478013617,23910,2ec2ba37fa8cbb0b
2,S03,ar,F_R,right,2,SS_vs_seasonal,0.10496823478013617,23910,2ec2ba37fa8cbb0b
2,S03,ar,F_R,right,2,SS_vs_ar,1.9539925233402755e-14,23910,2ec2ba37fa8cbb0b
2,S03,ar,F_R,right,3,MSE,72.85409693178177,23910,2ec2ba37fa8cbb0b
2,S03,ar,F_R,right,3,MAE,6.099723245156968,23910,2ec2ba37fa8cbb0b
2,S03,ar,F_R,right,3,SS_vs_persistence,0.14642624215361588,23910,2ec2ba37fa8cbb0b
2,S03,ar,F_R,right,3,SS_vs_seasonal,0.14642624215361588,23910,2ec2ba37fa8cbb0b
2,S03,ar,F_R,right,3,SS_vs_ar,1.3655743202889425e-14,23910,2ec2ba37fa8cbb0b
2,S03,ar,F_R,right,4,MSE,88.8903681873347,23910,2ec2ba37fa8cbb0b
2,S03,ar,F_R,right,4,MAE,6.85481161903137,23910,2ec2ba37fa8cbb0b
2,S03,ar,F_R,right,4,SS_vs_persistence,0.18518924064245534,23910,2ec2ba37fa8cbb0b
2,S03,ar,F_R,right,4,SS_vs_seasonal,0.18518924064245534,23910,2ec2ba37fa8cbb0b
2,S03,ar,F_R,right,4,SS_vs_ar,1.1213252548714081e-14,23910,2ec2ba37fa8cbb0b
2,S03,ar,F_R,right,5,MSE,100.14162733645573,23910,2ec2ba37fa8cbb0b
2,S03,ar,F_R,right,5,MAE,7.331060690924932,23910,2ec2ba37fa8cbb0b
2,S03,ar,F_R,right,5,SS_vs_persistence,0.21941060595513673,23910,2ec2ba37fa8cbb0b
2,S03,ar,F_R,right,5,SS_vs_seasonal,0.21941060595513673,23910,2ec2ba37fa8cbb0b
2,S03,ar,F_R,right,5,SS_vs_ar,9.880984919163893e-15,23910,2ec2ba37fa8cbb0b
2,S03,ar,F_R,right,6,MSE,107.47846644291168,23910,2ec2ba37fa8cbb0b
2,S03,ar,F_R,right,6,MAE,7.597410716216966,23910,2ec2ba37fa8cbb0b
2,S03,ar,F_R,right,6,SS_vs_persistence,0.2504230995406024,23910,2ec2ba37fa8cbb0b
2,S03,ar,F_R,right,6,SS_vs_seasonal,0.2504230995406024,23910,2ec2ba37fa8cbb0b
2,S03,ar,F_R,right,6,SS_vs_ar,9.2148511043888e-15,23910,2ec2ba37fa8cbb0b
2,S03,ar,F_R,right,all,MSE,73.95713153228847,23910,2ec2ba37fa8cbb0b
2,S03,ar,F_R,right,all,MAE,6.0375745475421025,23910,2ec2ba37fa8cbb0b
2,S03,ar,F_R,right,all,Hausdorff,2.4989517201040834,23910,2ec2ba37fa8cbb0b
2,S03,ar,F_R,right,all,SS_vs_persistence,0.19083612378309367,23910,2ec2ba37fa8cbb0b
2,S03,ar,F_R,right,all,HD_ratio_vs_persistence,0.8364999802468598,23910,2ec2ba37fa8cbb0b
2,S03,ar,F_R,right,all,SS_vs_seasonal,0.19083612378309367,23910,2ec2ba37fa8cbb0b
2,S03,ar,F_R,right,all,HD_ratio_vs_seasonal,0.8364999802468598,23910,2ec2ba37fa8cbb0b
2,S03,ar,F_R,right,all,SS_vs_ar,1.3433698597964394e-14,23910,2ec2ba37fa8cbb0b
2,S03,ar,F_R,right,all,HD_ratio_vs_ar,1.0,23910,2ec2ba37fa8cbb0b
2,S03,ar,CoPx_R,right,1,MSE,1.2087931626677095e-05,23544,2ec2ba37fa8cbb0b
2,S03,ar,CoPx_R,right,1,MAE,0.002341595684693087,23544,2ec2ba37fa8cbb0b
2,S03,ar,CoPx_R,right,1,SS_vs_persistence,0.019845071729840957,23544,2ec2ba37fa8cbb0b
2,S03,ar,CoPx_R,right,1,SS_vs_seasonal,0.019845071729840957,23544,2ec2ba37fa8cbb0b
2,S03,ar,CoPx_R,right,1,SS_vs_ar,8.272713214463323e-08,23544,2ec2ba37fa8cbb0b
2,S03,ar,CoPx_R,right,2,MSE,2.026783061213445e-05,23544,2ec2ba37fa8cbb0b
2,S03,ar,CoPx_R,right,2,MAE,0.0030090106843589,23544,2ec2ba37fa8cbb0b
2,S03,ar,CoPx_R,right,2,SS_vs_persistence,0.02806958520031899,23544,2ec2ba37fa8cbb0b
2,S03,ar,CoPx_R,right,2,SS_vs_seasonal,0.02806958520031899,23544,2ec2ba37fa8cbb0b
2,S03,ar,CoPx_R,right,2,SS_vs_ar,4.93392691147676e-08,23544,2ec2ba37fa8cbb0b
2,S03,ar,CoPx_R,right,3,MSE,2.7093477660770762e-05,23544,2ec2ba37fa8cbb0b
2,S03,ar,CoPx_R,right,3,MAE,0.0034030903360719217,23544,2ec2ba37fa8cbb0b
2,S03,ar,CoPx_R,right,3,SS_vs_persistence,0.046759521578575325,23544,2ec2ba37fa8cbb0b
2,S03,ar,CoPx_R,right,3,SS_vs_seasonal,0.046759521578575325,23544,2ec2ba37fa8cbb0b
2,S03,ar,CoPx_R,right,3,SS_vs_ar,3.690925076682561e-08,23544,2ec2ba37fa8cbb0b
2,S03,ar,CoPx_R,right,4,MSE,3.218511527818963e-05,23544,2ec2ba37fa8cbb0b
2,S03,ar,CoPx_R,right,4,MAE,0.003700726594102031,23544,2ec2ba37fa8cbb0b
2,S03,ar,CoPx_R,right,4,SS_vs_persistence,0.06978974245883296,23544,2ec2ba37fa8cbb0b
2,S03,ar,CoPx_R,right,4,SS_vs_seasonal,0.06978974245883296,23544,2ec2ba37fa8cbb0b
2,S03,ar,CoPx_R,right,4,SS_vs_ar,3.107026225190879e-08,23544,2ec2ba37fa8cbb0b
2,S03,ar,CoPx_R,right,5,MSE,3.604878981111457e-05,23544,2ec2ba37fa8cbb0b
2,S03,ar,CoPx_R,right,5,MAE,0.003917979999520318,23544,2ec2ba37fa8cbb0b
2,S03,ar,CoPx_R,right,5,SS_vs_persistence,0.1001194515032835,23544,2ec2ba37fa8cbb0b
2,S03,ar,CoPx_R,right,5,SS_vs_seasonal,0.1001194515032835,23544,2ec2ba37fa8cbb0b
2,S03,ar,CoPx_R,right,5,SS_vs_ar,2.774018159623637e-08,23544,2ec2ba37fa8cbb0b
2,S03,ar,CoPx_R,right,6,MSE,3.914908104217999e-05,23544,2ec2ba37fa8cbb0b
2,S03,ar,CoPx_R,right,6,MAE,0.004069968407953034,23544,2ec2ba37fa8cbb0b
2,S03,ar,CoPx_R,right,6,SS_vs_persistence,0.12303373211595892,23544,2ec2ba37fa8cbb0b
2,S03,ar,CoPx_R,right,6,SS_vs_seasonal,0.12303373211595892,23544,2ec2ba37fa8cbb0b
2,S03,ar,CoPx_R,right,6,SS_vs_ar,2.554338318638827e-08,23544,2ec2ba37fa8cbb0b
2,S03,ar,CoPx_R,right,all,MSE,2.780537100517778e-05,23544,2ec2ba37fa8cbb0b
2,S03,ar,CoPx_R,right,all,MAE,0.003407061951116574,23544,2ec2ba37fa8cbb0b
2,S03,ar,CoPx_R,right,all,Hausdorff,2.4745066740474004,23544,2ec2ba37fa8cbb0b
2,S03,ar,CoPx_R,right,all,SS_vs_persistence,0.07781232815687189,23544,2ec2ba37fa8cbb0b
2,S03,ar,CoPx_R,right,all,HD_ratio_vs_persistence,0.8546398161492509,23544,2ec2ba37fa8cbb0b
2,S03,ar,CoPx_R,right,all,SS_vs_seasonal,0.07781232815687189,23544,2ec2ba37fa8cbb0b
2,S03,ar,CoPx_R,right,all,HD_ratio_vs_seasonal,0.8546398161492509,23544,2ec2ba37fa8cbb0b
2,S03,ar,CoPx_R,right,all,SS_vs_ar,3.596427333718566e-08,23544,2ec2ba37fa8cbb0b
2,S03,ar,CoPx_R,right,all,HD_ratio_vs_ar,1.0,23544,2ec2ba37fa8cbb0b
2,S03,ar,CoPy_R,right,1,MSE,9.938882549449893e-06,23544,2ec2ba37fa8cbb0b
2,S03,ar,CoPy_R,right,1,MAE,0.0021981815779634805,23544,2ec2ba37fa8cbb0b
2,S03,ar,CoPy_R,right,1,SS_vs_persistence,0.04693688537645491,23544,2ec2ba37fa8cbb0b
2,S03,ar,CoPy_R,right,1,SS_vs_seasonal,0.04693688537645491,23544,2ec2ba37fa8cbb0b
2,S03,ar,CoPy_R,right,1,SS_vs_ar,1.0061492261570493e-07,23544,2ec2ba37fa8cbb0b
2,S03,ar,CoPy_R,right,2,MSE,1.7329115688840895e-05,23544,2ec2ba37fa8cbb0b
2,S03,ar,CoPy_R,right,2,MAE,0.0028827360685438133,23544,2ec2ba37fa8cbb0b
2,S03,ar,CoPy_R,right,2,SS_vs_persistence,0.09025661383348305,23544,2ec2ba37fa8cbb0b
2,S03,ar,CoPy_R,right,2,SS_vs_seasonal,0.09025661383348305,23544,2ec2ba37fa8cbb0b
2,S03,ar,CoPy_R,right,2,SS_vs_ar,5.770634581292455e-08,23544,2ec2ba37fa8cbb0b
2,S03,ar,CoPy_R,right,3,MSE,2.2739155680551147e-05,23544,2ec2ba37fa8cbb0b
2,S03,ar,CoPy_R,right,3,MAE,0.0032919624950610584,23544,2ec2ba37fa8cbb0b
2,S03,ar,CoPy_R,right,3,SS_vs_persistence,0.12486286461483143,23544,2ec2ba37fa8cbb0b
2,S03,ar,CoPy_R,right,3,SS_vs_seasonal,0.12486286461483143,23544,2ec2ba37fa8cbb0b
2,S03,ar,CoPy_R,right,3,SS_vs_ar,4.39770047044874e-08,23544,2ec2ba37fa8cbb0b
2,S03,ar,CoPy_R,right,4,MSE,2.6952464819541458e-05,23544,2ec2ba37fa8cbb0b
2,S03,ar,CoPy_R,right,4,MAE,0.003602449182487801,23544,2ec2ba37fa8cbb0b
2,S03,ar,CoPy_R,right,4,SS_vs_persistence,0.15316122399807242,23544,2ec2ba37fa8cbb0b
2,S03,ar,CoPy_R,right,4,SS_vs_seasonal,0.15316122399807242,23544,2ec2ba37fa8cbb0b
2,S03,ar,CoPy_R,right,4,SS_vs_ar,3.710235663145767e-08,23544,2ec2ba37fa8cbb0b
2,S03,ar,CoPy_R,right,5,MSE,3.026263082281624e-05,23544,2ec2ba37fa8cbb0b
2,S03,ar,CoPy_R,right,5,MAE,0.0038456562878407927,23544,2ec2ba37fa8cbb0b
2,S03,ar,CoPy_R,right,5,SS_vs_persistence,0.1784973866186894,23544,2ec2ba37fa8cbb0b
2,S03,ar,CoPy_R,right,5,SS_vs_seasonal,0.1784973866186894,23544,2ec2ba37fa8cbb0b
2,S03,ar,CoPy_R,right,5,SS_vs_ar,3.3044052605291085e-08,23544,2ec2ba37fa8cbb0b
2,S03,ar,CoPy_R,right,6,MSE,3.305453185930848e-05,23544,2ec2ba37fa8cbb0b
2,S03,ar,CoPy_R,right,6,MAE,0.004024560083462388,23544,2ec2ba37fa8cbb0b
2,S03,ar,CoPy_R,right,6,SS_vs_persistence,0.2027855461384912,23544,2ec2ba37fa8cbb0b
2,S03,ar,CoPy_R,right,6,SS_vs_seasonal,0.2027855461384912,23544,2ec2ba37fa8cbb0b
2,S03,ar,CoPy_R,right,6,SS_vs_ar,3.025303696446713e-08,23544,2ec2ba37fa8cbb0b
2,S03,ar,CoPy_R,right,all,MSE,2.3379463570084725e-05,23544,2ec2ba37fa8cbb0b
2,S03,ar,CoPy_R,right,all,MAE,0.0033075909492265624,23544,2ec2ba37fa8cbb0b
2,S03,ar,CoPy_R,right,all,Hausdorff,2.536876541397401,23544,2ec2ba37fa8cbb0b
2,S03,ar,CoPy_R,right,all,SS_vs_persistence,0.1528569824746029,23544,2ec2ba37fa8cbb0b
2,S03,ar,CoPy_R,right,all,HD_ratio_vs_persistence,0.8762173851273981,23544,2ec2ba37fa8cbb0b
2,S03,ar,CoPy_R,right,all,SS_vs_seasonal,0.1528569824746029,23544,2ec2ba37fa8cbb0b
2,S03,ar,CoPy_R,right,all,HD_ratio_vs_seasonal,0.8762173851273981,23544,2ec2ba37fa8cbb0b
2,S03,ar,CoPy_R,right,all,SS_vs_ar,4.2772579145200496e-08,23544,2ec2ba37fa8cbb0b
2,S03,ar,CoPy_R,right,all,HD_ratio_vs_ar,1.0,23544,2ec2ba37fa8cbb0b
3,S04,persistence,F_L,left,1,MSE,11.588231412921827,30174,2ec2ba37fa8cbb0b
3,S04,persistence,F_L,left,1,MAE,2.20664714358867,30174,2ec2ba37fa8cbb0b
3,S04,persistence,F_L,left,1,SS_vs_persistence,8.626432901337466e-14,30174,2ec2ba37fa8cbb0b
3,S04,persistence,F_L,left,1,SS_vs_seasonal,0.5762510268933311,30174,2ec2ba37fa8cbb0b
3,S04,persistence,F_L,left,1,SS_vs_ar,-0.012529195185457587,30174,2ec2ba37fa8cbb0b
3,S04,persistence,F_L,left,2,MSE,23.94390289656941,30174,2ec2ba37fa8cbb0b
3,S04,persistence,F_L,left,2,MAE,3.258804548851039,30174,2ec2ba37fa8cbb0b
3,S04,persistence,F_L,left,2,SS_vs_persistence,4.1744385725905886e-14,30174,2ec2ba37fa8cbb0b
3,S04,persistence,F_L,left,2,SS_vs_seasonal,0.3794956424903282,30174,2ec2ba37fa8cbb0b
3,S04,persistence,F_L,left,2,SS_vs_ar,-0.04235542696962602,30174,2ec2ba37fa8cbb0b
3,S04,persistence,F_L,left,3,MSE,36.19631229588963,30174,2ec2ba37fa8cbb0b
3,S04,persistence,F_L,left,3,MAE,4.034448732507705,30174,2ec2ba37fa8cbb0b
3,S04,persistence,F_L,left,3,SS_vs_persistence,2.7644553313166398e-14,30174,2ec2ba37fa8cbb0b
3,S04,persistence,F_L,left,3,SS_vs_seasonal,0.27416188932822527,30174,2ec2ba37fa8cbb0b
3,S04,persistence,F_L,left,3,SS_vs_ar,-0.06301490312375879,30174,2ec2ba37fa8cbb0b
3,S04,persistence,F_L,left,4,MSE,47.59137260207644,30174,2ec2ba37fa8cbb0b
3,S04,persistence,F_L,left,4,MAE,4.675155654819236,30174,2ec2ba37fa8cbb0b
3,S04,persistence,F_L,left,4,SS_vs_persistence,2.1094237467877974e-14,30174,2ec2ba37fa8cbb0b
3,S04,persistence,F_L,left,4,SS_vs_seasonal,0.20871740996443033,30174,2ec2ba37fa8cbb0b
3,S04,persistence,F_L,left,4,SS_vs_ar,-0.0865592417253207,30174,2ec2ba37fa8cbb0b
3,S04,persistence,F_L,left,5,MSE,58.81847716735494,30174,2ec2ba37fa8cbb0b
3,S04,persistence,F_L,left,5,MAE,5.21882525322854,30174,2ec2ba37fa8cbb0b
3,S04,persistence,F_L,left,5,SS_vs_persistence,1.6986412276764895e-14,30174,2ec2ba37fa8cbb0b
3,S04,persistence,F_L,left,5,SS_vs_seasonal,0.16209945167053152,30174,2ec2ba37fa8cbb0b
3,S04,persistence,F_L,left,5,SS_vs_ar,-0.11017508943644527,30174,2ec2ba37fa8cbb0b
3,S04,persistence,F_L,left,6,MSE,69.73853045486845,30174,2ec2ba37fa8cbb0b
3,S04,persistence,F_L,left,6,MAE,5.7080873863719335,30174,2ec2ba37fa8cbb0b
3,S04,persistence,F_L,left,6,SS_vs_persistence,1.4210854715202004e-14,30174,2ec2ba37fa8cbb0b
3,S04,persistence,F_L,left,6,SS_vs_seasonal,0.1251522540865626,30174,2ec2ba37fa8cbb0b
3,S04,persistence,F_L,left,6,SS_vs_ar,-0.13161785047359387,30174,2ec2ba37fa8cbb0b
3,S04,persistence,F_L,left,all,MSE,41.31280447161345,30174,2ec2ba37fa8cbb0b
3,S04,persistence,F_L,left,all,MAE,4.183661453227854,30174,2ec2ba37fa8cbb0b
3,S04,persistence,F_L,left,all,Hausdorff,3.016144233036973,30174,2ec2ba37fa8cbb0b
3,S04,persistence,F_L,left,all,SS_vs_persistence,2.4202861936828413e-14,30174,2ec2ba37fa8cbb0b
3,S04,persistence,F_L,left,all,HD_ratio_vs_persistence,1.0,30174,2ec2ba37fa8cbb0b
3,S04,persistence,F_L,left,all,SS_vs_seasonal,0.23931524665198323,30174,2ec2ba37fa8cbb0b
3,S04,persistence,F_L,left,all,HD_ratio_vs_seasonal,0.9349729898157294,30174,2ec2ba37fa8cbb0b
3,S04,persistence,F_L,left,all,SS_vs_ar,-0.09256991614801136,30174,2ec2ba37fa8cbb0b
3,S04,persistence,F_L,left,all,HD_ratio_vs_ar,1.0989539641848993,30174,2ec2ba37fa8cbb0b
3,S04,persistence,CoPx_L,left,1,MSE,8.292459242105793e-06,30174,2ec2ba37fa8cbb0b
3,S04,persistence,CoPx_L,left,1,MAE,0.002140852465754497,30174,2ec2ba37fa8cbb0b
3,S04,persistence,CoPx_L,left,1,SS_vs_persistence,1.205914734736524e-07,30174,2ec2ba37fa8cbb0b
3,S04,persistence,CoPx_L,left,1,SS_vs_seasonal,0.18231215920113097,30174,2ec2ba37fa8cbb0b
3,S04,persistence,CoPx_L,left,1,SS_vs_ar,-0.07417788345249043,30174,2ec2ba37fa8cbb0b
3,S04,persistence,CoPx_L,left,2,MSE,1.3893911875032656e-05,30174,2ec2ba37fa8cbb0b
3,S04,persistence,CoPx_L,left,2,MAE,0.002758768708729587,30174,2ec2ba37fa8cbb0b
3,S04,persistence,CoPx_L,left,2,SS_vs_persistence,7.197396501013031e-08,30174,2ec2ba37fa8cbb0b
3,S04,persistence,CoPx_L,left,2,SS_vs_seasonal,0.09906605562854176,30174,2ec2ba37fa8cbb0b
3,S04,persistence,CoPx_L,left,2,SS_vs_ar,-0.13158253161225786,30174,2ec2ba37fa8cbb0b
3,S04,persistence,CoPx_L,left,3,MSE,1.8073460430572474e-05,30174,2ec2ba37fa8cbb0b
3,S04,persistence,CoPx_L,left,3,MAE,0.003119386435528157,30174,2ec2ba37fa8cbb0b
3,S04,persistence,CoPx_L,left,3,SS_vs_persistence,5.5329744341747755e-08,30174,2ec2ba37fa8cbb0b
3,S04,persistence,CoPx_L,left,3,SS_vs_seasonal,0.06991637431970743,30174,2ec2ba37fa8cbb0b
3,S04,persistence,CoPx_L,left,3,SS_vs_ar,-0.18119259871720317,30174,2ec2ba37fa8cbb0b
3,S04,persistence,CoPx_L,left,4,MSE,2.1444287122114177e-05,30174,2ec2ba37fa8cbb0b
3,S04,persistence,CoPx_L,left,4,MAE,0.003426412162798813,30174,2ec2ba37fa8cbb0b
3,S04,persistence,CoPx_L,left,4,SS_vs_persistence,4.663246422342837e-08,30174,2ec2ba37fa8cbb0b
3,S04,persistence,CoPx_L,left,4,SS_vs_seasonal,0.05124149067193329,30174,2ec2ba37fa8cbb0b
3,S04,persistence,CoPx_L,left,4,SS_vs_ar,-0.22097286199809996,30174,2ec2ba37fa8cbb0b
3,S04,persistence,CoPx_L,left,5,MSE,2.39890549927646e-05,30174,2ec2ba37fa8cbb0b
3,S04,persistence,CoPx_L,left,5,MAE,0.0036510208983800765,30174,2ec2ba37fa8cbb0b
3,S04,persistence,CoPx_L,left,5,SS_vs_persistence,4.168567535600687e-08,30174,2ec2ba37fa8cbb0b
3,S04,persistence,CoPx_L,left,5,SS_vs_seasonal,0.04016153545434675,30174,2ec2ba37fa8cbb0b
3,S04,persistence,CoPx_L,left,5,SS_vs_ar,-0.24846804603632333,30174,2ec2ba37fa8cbb0b
3,S04,persistence,CoPx_L,left,6,MSE,2.606724010800361e-05,30174,2ec2ba37fa8cbb0b
3,S04,persistence,CoPx_L,left,6,MAE,0.003826305898605751,30174,2ec2ba37fa8cbb0b
3,S04,persistence,CoPx_L,left,6,SS_vs_persistence,3.836232587151045e-08,30174,2ec2ba37fa8cbb0b
3,S04,persistence,CoPx_L,left,6,SS_vs_seasonal,0.03268877030897921,30174,2ec2ba37fa8cbb0b
3,S04,persistence,CoPx_L,left,6,SS_vs_ar,-0.26805810335121283,30174,2ec2ba37fa8cbb0b
3,S04,persistence,CoPx_L,left,all,MSE,1.8626735628432783e-05,30174,2ec2ba37fa8cbb0b
3,S04,persistence,CoPx_L,left,all,MAE,0.003153791094966147,30174,2ec2ba37fa8cbb0b
3,S04,persistence,CoPx_L,left,all,Hausdorff,2.8500213014582707,30174,2ec2ba37fa8cbb0b
3,S04,persistence,CoPx_L,left,all,SS_vs_persistence,5.368626931900877e-08,30174,2ec2ba37fa8cbb0b
3,S04,persistence,CoPx_L,left,all,HD_ratio_vs_persistence,1.0,30174,2ec2ba37fa8cbb0b
3,S04,persistence,CoPx_L,left,all,SS_vs_seasonal,0.06506782782635379,30174,2ec2ba37fa8cbb0b
3,S04,persistence,CoPx_L,left,all,HD_ratio_vs_seasonal,0.9925617914595483,30174,2ec2ba37fa8cbb0b
3,S04,persistence,CoPx_L,left,all,SS_vs_ar,-0.20647242489041906,30174,2ec2ba37fa8cbb0b
3,S04,persistence,CoPx_L,left,all,HD_ratio_vs_ar,1.1872643072191866,30174,2ec2ba37fa8cbb0b
3,S04,persistence,CoPy_L,left,1,MSE,9.008333949990061e-06,30174,2ec2ba37fa8cbb0b
3,S04,persistence,CoPy_L,left,1,MAE,0.0020922042147724093,30174,2ec2ba37fa8cbb0b
3,S04,persistence,CoPy_L,left,1,SS_vs_persistence,1.110083056587996e-07,30174,2ec2ba37fa8cbb0b
3,S04,persistence,CoPy_L,left,1,SS_vs_seasonal,0.40218603881807824,30174,2ec2ba37fa8cbb0b
3,S04,persistence,CoPy_L,left,1,SS_vs_ar,-0.04018703286087044,30174,2ec2ba37fa8cbb0b
3,S04,persistence,CoPy_L,left,2,MSE,1.5045657131090332e-05,30174,2ec2ba37fa8cbb0b
3,S04,persistence,CoPy_L,left,2,MAE,0.0026782283173942046,30174,2ec2ba37fa8cbb0b
3,S04,persistence,CoPy_L,left,2,SS_vs_persistence,6.646435735113698e-08,30174,2ec2ba37fa8cbb0b
3,S04,persistence,CoPy_L,left,2,SS_vs_seasonal,0.26888079287811306,30174,2ec2ba37fa8cbb0b
3,S04,persistence,CoPy_L,left,2,SS_vs_ar,-0.06127425849174872,30174,2ec2ba37fa8cbb0b
3,S04,persistence,CoPy_L,left,3,MSE,2.0277172288664623e-05,30174,2ec2ba37fa8cbb0b
3,S04,persistence,CoPy_L,left,3,MAE,0.0030965766260980434,30174,2ec2ba37fa8cbb0b
3,S04,persistence,CoPy_L,left,3,SS_vs_persistence,4.931653863060603e-08,30174,2ec2ba37fa8cbb0b
3,S04,persistence,CoPy_L,left,3,SS_vs_seasonal,0.20109876987167885,30174,2ec2ba37fa8cbb0b
3,S04,persistence,CoPy_L,left,3,SS_vs_ar,-0.08513415049998696,30174,2ec2ba37fa8cbb0b
3,S04,persistence,CoPy_L,left,4,MSE,2.4849001379531592e-05,30174,2ec2ba37fa8cbb0b
3,S04,persistence,CoPy_L,left,4,MAE,0.0033838072701805636,30174,2ec2ba37fa8cbb0b
3,S04,persistence,CoPy_L,left,4,SS_vs_persistence,4.024306421435142e-08,30174,2ec2ba37fa8cbb0b
3,S04,persistence,CoPy_L,left,4,SS_vs_seasonal,0.15815561882955842,30174,2ec2ba37fa8cbb0b
3,S04,persistence,CoPy_L,left,4,SS_vs_ar,-0.09933821059693426,30174,2ec2ba37fa8cbb0b
3,S04,persistence,CoPy_L,left,5,MSE,2.9849718055829455e-05,30174,2ec2ba37fa8cbb0b
3,S04,persistence,CoPy_L,left,5,MAE,0.00368550347199885,30174,2ec2ba37fa8cbb0b
3,S04,persistence,CoPy_L,left,5,SS_vs_persistence,3.350115285183364e-08,30174,2ec2ba37fa8cbb0b
3,S04,persistence,CoPy_L,left,5,SS_vs_seasonal,0.12143009033704821,30174,2ec2ba37fa8cbb0b
3,S04,persistence,CoPy_L,left,5,SS_vs_ar,-0.12338014402681208,30174,2ec2ba37fa8cbb0b
3,S04,persistence,CoPy_L,left,6,MSE,3.47924414252553e-05,30174,2ec2ba37fa8cbb0b
3,S04,persistence,CoPy_L,left,6,MAE,0.003981717999750975,30174,2ec2ba37fa8cbb0b
3,S04,persistence,CoPy_L,left,6,SS_vs_persistence,2.874187421397778e-08,30174,2ec2ba37fa8cbb0b
3,S04,persistence,CoPy_L,left,6,SS_vs_seasonal,0.09122769690367749,30174,2ec2ba37fa8cbb0b
3,S04,persistence,CoPy_L,left,6,SS_vs_ar,-0.15630963937678333,30174,2ec2ba37fa8cbb0b
3,S04,persistence,CoPy_L,left,all,MSE,2.2303720705061226e-05,30174,2ec2ba37fa8cbb0b
3,S04,persistence,CoPy_L,left,all,MAE,0.003153006316699174,30174,2ec2ba37fa8cbb0b
3,S04,persistence,CoPy_L,left,all,Hausdorff,2.8779719558430354,30174,2ec2ba37fa8cbb0b
3,S04,persistence,CoPy_L,left,all,SS_vs_persistence,4.483556659273802e-08,30174,2ec2ba37fa8cbb0b
3,S04,persistence,CoPy_L,left,all,HD_ratio_vs_persistence,1.0,30174,2ec2ba37fa8cbb0b
3,S04,persistence,CoPy_L,left,all,SS_vs_seasonal,0.17803008582911284,30174,2ec2ba37fa8cbb0b
3,S04,persistence,CoPy_L,left,all,HD_ratio_vs_seasonal,0.9697693766033489,30174,2ec2ba37fa8cbb0b
3,S04,persistence,CoPy_L,left,all,SS_vs_ar,-0.10791301350642879,30174,2ec2ba37fa8cbb0b
3,S04,persistence,CoPy_L,left,all,HD_ratio_vs_ar,1.1284344663041956,30174,2ec2ba37fa8cbb0b
3,S04,persistence,F_R,right,1,MSE,22.389627477224693,30174,2ec2ba37fa8cbb0b
3,S04,persistence,F_R,right,1,MAE,3.2016586937850313,30174,2ec2ba37fa8cbb0b
3,S04,persistence,F_R,right,1,SS_vs_persistence,4.463096558993129e-14,30174,2ec2ba37fa8cbb0b
3,S04,persistence,F_R,right,1,SS_vs_seasonal,0.32224023377958844,30174,2ec2ba37fa8cbb0b
3,S04,persistence,F_R,right,1,SS_vs_ar,-0.03375614344591238,30174,2ec2ba37fa8cbb0b
3,S04,persistence,F_R,right,2,MSE,49.46941347778096,30174,2ec2ba37fa8cbb0b
3,S04,persistence,F_R,right,2,MAE,4.831073772364427,30174,2ec2ba37fa8cbb0b
3,S04,persistence,F_R,right,2,SS_vs_persistence,2.020605904817785e-14,30174,2ec2ba37fa8cbb0b
3,S04,persistence,F_R,right,2,SS_vs_seasonal,0.15274794041491058,30174,2ec2ba37fa8cbb0b
3,S04,persistence,F_R,right,2,SS_vs_ar,-0.04491286969325925,30174,2ec2ba37fa8cbb0b
3,S04,persistence,F_R,right,3,MSE,73.19177675340546,30174,2ec2ba37fa8cbb0b
3,S04,persistence,F_R,right,3,MAE,5.961523026067947,30174,2ec2ba37fa8cbb0b
3,S04,persistence,F_R,right,3,SS_vs_persistence,1.354472090042691e-14,30174,2ec2ba37fa8cbb0b
3,S04,persistence,F_R,right,3,SS_vs_seasonal,0.09680557062483375,30174,2ec2ba37fa8cbb0b
3,S04,persistence,F_R,right,3,SS_vs_ar,-0.06722856503362817,30174,2ec2ba37fa8cbb0b
3,S04,persistence,F_R,right,4,MSE,92.93783555436102,30174,2ec2ba37fa8cbb0b
3,S04,persistence,F_R,right,4,MAE,6.845990217189519,30174,2ec2ba37fa8cbb0b
3,S04,persistence,F_R,right,4,SS_vs_persistence,1.0658141036401503e-14,30174,2ec2ba37fa8cbb0b
3,S04,persistence,F_R,right,4,SS_vs_seasonal,0.07423063360160842,30174,2ec2ba37fa8cbb0b
3,S04,persistence,F_R,right,4,SS_vs_ar,-0.08755400212547393,30174,2ec2ba37fa8cbb0b
3,S04,persistence,F_R,right,5,MSE,109.64824835043923,30174,2ec2ba37fa8cbb0b
3,S04,persistence,F_R,right,5,MAE,7.5421013080189585,30174,2ec2ba37fa8cbb0b
3,S04,persistence,F_R,right,5,SS_vs_persistence,9.103828801926284e-15,30174,2ec2ba37fa8cbb0b
3,S04,persistence,F_R,right,5,SS_vs_seasonal,0.05986991552286047,30174,2ec2ba37fa8cbb0b
3,S04,persistence,F_R,right,5,SS_vs_ar,-0.10298631289565763,30174,2ec2ba37fa8cbb0b
3,S04,persistence,F_R,right,6,MSE,123.09872823866145,30174,2ec2ba37fa8cbb0b
3,S04,persistence,F_R,right,6,MAE,8.089733974102549,30174,2ec2ba37fa8cbb0b
3,S04,persistence,F_R,right,6,SS_vs_persistence,8.104628079763643e-15,30174,2ec2ba37fa8cbb0b
3,S04,persistence,F_R,right,6,SS_vs_seasonal,0.047169504681461305,30174,2ec2ba37fa8cbb0b
3,S04,persistence,F_R,right,6,SS_vs_ar,-0.1069660793971905,30174,2ec2ba37fa8cbb0b
3,S04,persistence,F_R,right,all,MSE,78.45593830864547,30174,2ec2ba37fa8cbb0b
3,S04,persistence,F_R,right,all,MAE,6.078680165254739,30174,2ec2ba37fa8cbb0b
3,S04,persistence,F_R,right,all,Hausdorff,3.0011863803549663,30174,2ec2ba37fa8cbb0b
3,S04,persistence,F_R,right,all,SS_vs_persistence,1.2656542480726785e-14,30174,2ec2ba37fa8cbb0b
3,S04,persistence,F_R,right,all,HD_ratio_vs_persistence,1.0,30174,2ec2ba37fa8cbb0b
3,S04,persistence,F_R,right,all,SS_vs_seasonal,0.09242283711656674,30174,2ec2ba37fa8cbb0b
3,S04,persistence,F_R,right,all,HD_ratio_vs_seasonal,0.9748223923594785,30174,2ec2ba37fa8cbb0b
3,S04,persistence,F_R,right,all,SS_vs_ar,-0.08551305713164115,30174,2ec2ba37fa8cbb0b
3,S04,persistence,F_R,right,all,HD_ratio_vs_ar,1.1149734673327365,30174,2ec2ba37fa8cbb0b
3,S04,persistence,CoPx_R,right,1,MSE,6.230775378491929e-06,29358,2ec2ba37fa8cbb0b
3,S04,persistence,CoPx_R,right,1,MAE,0.0018295196693479806,29358,2ec2ba37fa8cbb0b
3,S04,persistence,CoPx_R,right,1,SS_vs_persistence,1.6049364304215885e-07,29358,2ec2ba37fa8cbb0b
3,S04,persistence,CoPx_R,right,1,SS_vs_seasonal,0.16205271990990122,29358,2ec2ba37fa8cbb0b
3,S04,persistence,CoPx_R,right,1,SS_vs_ar,-0.07713525905556629,29358,2ec2ba37fa8cbb0b
3,S04,persistence,CoPx_R,right,2,MSE,1.0848875645684668e-05,29358,2ec2ba37fa8cbb0b
3,S04,persistence,CoPx_R,right,2,MAE,0.002413753209473539,29358,2ec2ba37fa8cbb0b
3,S04,persistence,CoPx_R,right,2,SS_vs_persistence,9.217544194584093e-08,29358,2ec2ba37fa8cbb0b
3,S04,persistence,CoPx_R,right,2,SS_vs_seasonal,0.07916741248429482,29358,2ec2ba37fa8cbb0b
3,S04,persistence,CoPx_R,right,2,SS_vs_ar,-0.1431771117997942,29358,2ec2ba37fa8cbb0b
3,S04,persistence,CoPx_R,right,3,MSE,1.4085974508473134e-05,29358,2ec2ba37fa8cbb0b
3,S04,persistence,CoPx_R,right,3,MAE,0.002744606571410052,29358,2ec2ba37fa8cbb0b
3,S04,persistence,CoPx_R,right,3,SS_vs_persistence,7.099259824450144e-08,29358,2ec2ba37fa8cbb0b
3,S04,persistence,CoPx_R,right,3,SS_vs_seasonal,0.054016679441347915,29358,2ec2ba37fa8cbb0b
3,S04,persistence,CoPx_R,right,3,SS_vs_ar,-0.1766054955374341,29358,2ec2ba37fa8cbb0b
3,S04,persistence,CoPx_R,right,4,MSE,1.680847815920202e-05,29358,2ec2ba37fa8cbb0b
3,S04,persistence,CoPx_R,right,4,MAE,0.00301459544396754,29358,2ec2ba37fa8cbb0b
3,S04,persistence,CoPx_R,right,4,SS_vs_persistence,5.949378223402135e-08,29358,2ec2ba37fa8cbb0b
3,S04,persistence,CoPx_R,right,4,SS_vs_seasonal,0.041664544410015436,29358,2ec2ba37fa8cbb0b
3,S04,persistence,CoPx_R,right,4,SS_vs_ar,-0.20958921403421593,29358,2ec2ba37fa8cbb0b
3,S04,persistence,CoPx_R,right,5,MSE,1.9157713279330422e-05,29358,2ec2ba37fa8cbb0b
3,S04,persistence,CoPx_R,right,5,MAE,0.0032179620380749217,29358,2ec2ba37fa8cbb0b
3,S04,persistence,CoPx_R,right,5,SS_vs_persistence,5.2198293798433326e-08,29358,2ec2ba37fa8cbb0b
3,S04,persistence,CoPx_R,right,5,SS_vs_seasonal,0.03251484174021835,29358,2ec2ba37fa8cbb0b
3,S04,persistence,CoPx_R,right,5,SS_vs_ar,-0.24787696261928116,29358,2ec2ba37fa8cbb0b
3,S04,persistence,CoPx_R,right,6,MSE,2.059085217856638e-05,29358,2ec2ba37fa8cbb0b
3,S04,persistence,CoPx_R,right,6,MAE,0.003351004418939471,29358,2ec2ba37fa8cbb0b
3,S04,persistence,CoPx_R,right,6,SS_vs_persistence,4.8565253263355146e-08,29358,2ec2ba37fa8cbb0b
3,S04,persistence,CoPx_R,right,6,SS_vs_seasonal,0.02816207387874181,29358,2ec2ba37fa8cbb0b
3,S04,persistence,CoPx_R,right,6,SS_vs_ar,-0.26147785768389453,29358,2ec2ba37fa8cbb0b
3,S04,persistence,CoPx_R,right,all,MSE,1.4621706149634412e-05,29358,2ec2ba37fa8cbb0b
3,S04,persistence,CoPx_R,right,all,MAE,0.002762037935479783,29358,2ec2ba37fa8cbb0b
3,S04,persistence,CoPx_R,right,all,Hausdorff,2.8466476277906234,29358,2ec2ba37fa8cbb0b
3,S04,persistence,CoPx_R,right,all,SS_vs_persistence,6.839146682313668e-08,29358,2ec2ba37fa8cbb0b
3,S04,persistence,CoPx_R,right,all,HD_ratio_vs_persistence,1.0,29358,2ec2ba37fa8cbb0b
3,S04,persistence,CoPx_R,right,all,SS_vs_seasonal,0.05303154154093248,29358,2ec2ba37fa8cbb0b
3,S04,persistence,CoPx_R,right,all,HD_ratio_vs_seasonal,0.9949344704083861,29358,2ec2ba37fa8cbb0b
3,S04,persistence,CoPx_R,right,all,SS_vs_ar,-0.20470557942668144,29358,2ec2ba37fa8cbb0b
3,S04,persistence,CoPx_R,right,all,HD_ratio_vs_ar,1.1839638488283366,29358,2ec2ba37fa8cbb0b
3,S04,persistence,CoPy_R,right,1,MSE,8.705107265735032e-06,29358,2ec2ba37fa8cbb0b
3,S04,persistence,CoPy_R,right,1,MAE,0.002019720648143771,29358,2ec2ba37fa8cbb0b
3,S04,persistence,CoPy_R,right,1,SS_vs_persistence,1.1487507900476146e-07,29358,2ec2ba37fa8cbb0b
3,S04,persistence,CoPy_R,right,1,SS_vs_seasonal,0.36908702834239704,29358,2ec2ba37fa8cbb0b
3,S04,persistence,CoPy_R,right,1,SS_vs_ar,-0.037596964825201695,29358,2ec2ba37fa8cbb0b
3,S04,persistence,CoPy_R,right,2,MSE,1.5258540486553832e-05,29358,2ec2ba37fa8cbb0b
3,S04,persistence,CoPy_R,right,2,MAE,0.0026396325423234486,29358,2ec2ba37fa8cbb0b
3,S04,persistence,CoPy_R,right,2,SS_vs_persistence,6.553706333178866e-08,29358,2ec2ba37fa8cbb0b
3,S04,persistence,CoPy_R,right,2,SS_vs_seasonal,0.21930530158127282,29358,2ec2ba37fa8cbb0b
3,S04,persistence,CoPy_R,right,2,SS_vs_ar,-0.0971105097166356,29358,2ec2ba37fa8cbb0b
3,S04,persistence,CoPy_R,right,3,MSE,1.975110379129699e-05,29358,2ec2ba37fa8cbb0b
3,S04,persistence,CoPy_R,right,3,MAE,0.0029896485208380638,29358,2ec2ba37fa8cbb0b
3,S04,persistence,CoPy_R,right,3,SS_vs_persistence,5.0630079129199146e-08,29358,2ec2ba37fa8cbb0b
3,S04,persistence,CoPy_R,right,3,SS_vs_seasonal,0.1648957578379875,29358,2ec2ba37fa8cbb0b
3,S04,persistence,CoPy_R,right,3,SS_vs_ar,-0.13998166918564303,29358,2ec2ba37fa8cbb0b
3,S04,persistence,CoPy_R,right,4,MSE,2.3256250652311263e-05,29358,2ec2ba37fa8cbb0b
3,S04,persistence,CoPy_R,right,4,MAE,0.0032576175247192624,29358,2ec2ba37fa8cbb0b
3,S04,persistence,CoPy_R,right,4,SS_vs_persistence,4.299919065253732e-08,29358,2ec2ba37fa8cbb0b
3,S04,persistence,CoPy_R,right,4,SS_vs_seasonal,0.13790292548740146,29358,2ec2ba37fa8cbb0b
3,S04,persistence,CoPy_R,right,4,SS_vs_ar,-0.16958937629806936,29358,2ec2ba37fa8cbb0b
3,S04,persistence,CoPy_R,right,5,MSE,2.6155511168082823e-05,29358,2ec2ba37fa8cbb0b
3,S04,persistence,CoPy_R,right,5,MAE,0.0034867957322911734,29358,2ec2ba37fa8cbb0b
3,S04,persistence,CoPy_R,right,5,SS_vs_persistence,3.823285865678372e-08,29358,2ec2ba37fa8cbb0b
3,S04,persistence,CoPy_R,right,5,SS_vs_seasonal,0.11795437252758278,29358,2ec2ba37fa8cbb0b
3,S04,persistence,CoPy_R,right,5,SS_vs_ar,-0.1862682716018449,29358,2ec2ba37fa8cbb0b
3,S04,persistence,CoPy_R,right,6,MSE,2.8966759809149585e-05,29358,2ec2ba37fa8cbb0b
3,S04,persistence,CoPy_R,right,6,MAE,0.0036862742334253813,29358,2ec2ba37fa8cbb0b
3,S04,persistence,CoPy_R,right,6,SS_vs_persistence,3.4522327330144265e-08,29358,2ec2ba37fa8cbb0b
3,S04,persistence,CoPy_R,right,6,SS_vs_seasonal,0.09720293306741379,29358,2ec2ba37fa8cbb0b
3,S04,persistence,CoPy_R,right,6,SS_vs_ar,-0.19968150947908114,29358,2ec2ba37fa8cbb0b
3,S04,persistence,CoPy_R,right,all,MSE,2.0350630353290493e-05,29358,2ec2ba37fa8cbb0b
3,S04,persistence,CoPy_R,right,all,MAE,0.003013423923103745,29358,2ec2ba37fa8cbb0b
3,S04,persistence,CoPy_R,right,all,Hausdorff,2.85157150492826,29358,2ec2ba37fa8cbb0b
3,S04,persistence,CoPy_R,right,all,SS_vs_persistence,4.9138524582659215e-08,29358,2ec2ba37fa8cbb0b
3,S04,persistence,CoPy_R,right,all,HD_ratio_vs_persistence,1.0,29358,2ec2ba37fa8cbb0b
3,S04,persistence,CoPy_R,right,all,SS_vs_seasonal,0.1620556515449958,29358,2ec2ba37fa8cbb0b
3,S04,persistence,CoPy_R,right,all,HD_ratio_vs_seasonal,0.9691040775626233,29358,2ec2ba37fa8cbb0b
3,S04,persistence,CoPy_R,right,all,SS_vs_ar,-0.15508718447223635,29358,2ec2ba37fa8cbb0b
3,S04,persistence,CoPy_R,right,all,HD_ratio_vs_ar,1.1873267131614886,29358,2ec2ba37fa8cbb0b
3,S04,seasonal,F_L,left,1,MSE,27.346925062646314,30174,2ec2ba37fa8cbb0b
3,S04,seasonal,F_L,left,1,MAE,2.802502656224756,30174,2ec2ba37fa8cbb0b
3,S04,seasonal,F_L,left,1,SS_vs_persistence,-1.359887724726475,30174,2ec2ba37fa8cbb0b
3,S04,seasonal,F_L,left,1,SS_vs_seasonal,3.652633751016765e-14,30174,2ec2ba37fa8cbb0b
3,S04,seasonal,F_L,left,1,SS_vs_ar,-1.3894552186455442,30174,2ec2ba37fa8cbb0b
3,S04,seasonal,F_L,left,2,MSE,38.587807815991965,30174,2ec2ba37fa8cbb0b
3,S04,seasonal,F_L,left,2,MAE,3.7679287767666287,30174,2ec2ba37fa8cbb0b
3,S04,seasonal,F_L,left,2,SS_vs_persistence,-0.6115922279955066,30174,2ec2ba37fa8cbb0b
3,S04,seasonal,F_L,left,2,SS_vs_seasonal,2.5979218776228663e-14,30174,2ec2ba37fa8cbb0b
3,S04,seasonal,F_L,left,2,SS_vs_ar,-0.6798519049132574,30174,2ec2ba37fa8cbb0b
3,S04,seasonal,F_L,left,3,MSE,49.868299506054655,30174,2ec2ba37fa8cbb0b
3,S04,seasonal,F_L,left,3,MAE,4.485248388934027,30174,2ec2ba37fa8cbb0b
3,S04,seasonal,F_L,left,3,SS_vs_persistence,-0.3777176829065043,30174,2ec2ba37fa8cbb0b
3,S04,seasonal,F_L,left,3,SS_vs_seasonal,2.0095036745715333e-14,30174,2ec2ba37fa8cbb0b
3,S04,seasonal,F_L,left,3,SS_vs_ar,-0.46453442922678745,30174,2ec2ba37fa8cbb0b
3,S04,seasonal,F_L,left,4,MSE,60.14459714061992,30174,2ec2ba37fa8cbb0b
3,S04,seasonal,F_L,left,4,MAE,5.0693038482271575,30174,2ec2ba37fa8cbb0b
3,S04,seasonal,F_L,left,4,SS_vs_persistence,-0.2637710125215953,30174,2ec2ba37fa8cbb0b
3,S04,seasonal,F_L,left,4,SS_vs_seasonal,1.6653345369377348e-14,30174,2ec2ba37fa8cbb0b
3,S04,seasonal,F_L,left,4,SS_vs_ar,-0.3731620730799343,30174,2ec2ba37fa8cbb0b
3,S04,seasonal,F_L,left,5,MSE,70.1974444158333,30174,2ec2ba37fa8cbb0b
3,S04,seasonal,F_L,left,5,MAE,5.564724755111758,30174,2ec2ba37fa8cbb0b
3,S04,seasonal,F_L,left,5,SS_vs_persistence,-0.19345905906575633,30174,2ec2ba37fa8cbb0b
3,S04,seasonal,F_L,left,5,SS_vs_seasonal,1.4210854715202004e-14,30174,2ec2ba37fa8cbb0b
3,S04,seasonal,F_L,left,5,SS_vs_ar,-0.32494851763708454,30174,2ec2ba37fa8cbb0b
3,S04,seasonal,F_L,left,6,MSE,79.71504845343446,30174,2ec2ba37fa8cbb0b
3,S04,seasonal,F_L,left,6,MAE,6.007811856758146,30174,2ec2ba37fa8cbb0b
3,S04,seasonal,F_L,left,6,SS_vs_persistence,-0.14305603994654303,30174,2ec2ba37fa8cbb0b
3,S04,seasonal,F_L,left,6,SS_vs_seasonal,1.2434497875801753e-14,30174,2ec2ba37fa8cbb0b
3,S04,seasonal,F_L,left,6,SS_vs_ar,-0.2935026188951839,30174,2ec2ba37fa8cbb0b
3,S04,seasonal,F_L,left,all,MSE,54.31002039909677,30174,2ec2ba37fa8cbb0b
3,S04,seasonal,F_L,left,all,MAE,4.616253380337079,30174,2ec2ba37fa8cbb0b
3,S04,seasonal,F_L,left,all,Hausdorff,3.225915899058661,30174,2ec2ba37fa8cbb0b
3,S04,seasonal,F_L,left,all,SS_vs_persistence,-0.3146050260618971,30174,2ec2ba37fa8cbb0b
3,S04,seasonal,F_L,left,all,HD_ratio_vs_persistence,1.069549613617273,30174,2ec2ba37fa8cbb0b
3,S04,seasonal,F_L,left,all,SS_vs_seasonal,1.84297022087776e-14,30174,2ec2ba37fa8cbb0b
3,S04,seasonal,F_L,left,all,HD_ratio_vs_seasonal,1.0,30174,2ec2ba37fa8cbb0b
3,S04,seasonal,F_L,left,all,SS_vs_ar,-0.43629790309223604,30174,2ec2ba37fa8cbb0b
3,S04,seasonal,F_L,left,all,HD_ratio_vs_ar,1.1753857877771297,30174,2ec2ba37fa8cbb0b
3,S04,seasonal,CoPx_L,left,1,MSE,1.0141349804488156e-05,30174,2ec2ba37fa8cbb0b
3,S04,seasonal,CoPx_L,left,1,MAE,0.002286727450534979,30174,2ec2ba37fa8cbb0b
3,S04,seasonal,CoPx_L,left,1,SS_vs_persistence,-0.22296031676997896,30174,2ec2ba37fa8cbb0b
3,S04,seasonal,CoPx_L,left,1,SS_vs_seasonal,9.860619343271537e-08,30174,2ec2ba37fa8cbb0b
3,S04,seasonal,CoPx_L,left,1,SS_vs_ar,-0.3136770830326183,30174,2ec2ba37fa8cbb0b
3,S04,seasonal,CoPx_L,left,2,MSE,1.5421675541142895e-05,30174,2ec2ba37fa8cbb0b
3,S04,seasonal,CoPx_L,left,2,MAE,0.002870431888277905,30174,2ec2ba37fa8cbb0b
3,S04,seasonal,CoPx_L,left,2,SS_vs_persistence,-0.10995913677101199,30174,2ec2ba37fa8cbb0b
3,S04,seasonal,CoPx_L,left,2,SS_vs_seasonal,6.484379289073416e-08,30174,2ec2ba37fa8cbb0b
3,S04,seasonal,CoPx_L,left,2,SS_vs_ar,-0.25601046037355113,30174,2ec2ba37fa8cbb0b
3,S04,seasonal,CoPx_L,left,3,MSE,1.94320800855615e-05,30174,2ec2ba37fa8cbb0b
3,S04,seasonal,CoPx_L,left,3,MAE,0.003219536008818171,30174,2ec2ba37fa8cbb0b
3,S04,seasonal,CoPx_L,left,3,SS_vs_persistence,-0.07517202281411528,30174,2ec2ba37fa8cbb0b
3,S04,seasonal,CoPx_L,left,3,SS_vs_seasonal,5.1461292005505754e-08,30174,2ec2ba37fa8cbb0b
3,S04,seasonal,CoPx_L,left,3,SS_vs_ar,-0.2699853059637991,30174,2ec2ba37fa8cbb0b
3,S04,seasonal,CoPx_L,left,4,MSE,2.2602470452194438e-05,30174,2ec2ba37fa8cbb0b
3,S04,seasonal,CoPx_L,left,4,MAE,0.003504169056337389,30174,2ec2ba37fa8cbb0b
3,S04,seasonal,CoPx_L,left,4,SS_vs_persistence,-0.05400889614451221,30174,2ec2ba37fa8cbb0b
3,S04,seasonal,CoPx_L,left,4,SS_vs_seasonal,4.424294930416295e-08,30174,2ec2ba37fa8cbb0b
3,S04,seasonal,CoPx_L,left,4,SS_vs_ar,-0.2869163185091024,30174,2ec2ba37fa8cbb0b
3,S04,seasonal,CoPx_L,left,5,MSE,2.4992803392476603e-05,30174,2ec2ba37fa8cbb0b
3,S04,seasonal,CoPx_L,left,5,MAE,0.003713012461341289,30174,2ec2ba37fa8cbb0b
3,S04,seasonal,CoPx_L,left,5,SS_vs_persistence,-0.041841888234982916,30174,2ec2ba37fa8cbb0b
3,S04,seasonal,CoPx_L,left,5,SS_vs_seasonal,4.00115162113579e-08,30174,2ec2ba37fa8cbb0b
3,S04,seasonal,CoPx_L,left,5,SS_vs_ar,-0.30070636070434564,30174,2ec2ba37fa8cbb0b
3,S04,seasonal,CoPx_L,left,6,MSE,2.6948140723041947e-05,30174,2ec2ba37fa8cbb0b
3,S04,seasonal,CoPx_L,left,6,MAE,0.0038802442599849252,30174,2ec2ba37fa8cbb0b
3,S04,seasonal,CoPx_L,left,6,SS_vs_persistence,-0.03379335816124662,30174,2ec2ba37fa8cbb0b
3,S04,seasonal,CoPx_L,left,6,SS_vs_seasonal,3.710831009140492e-08,30174,2ec2ba37fa8cbb0b
3,S04,seasonal,CoPx_L,left,6,SS_vs_ar,-0.31091009529659197,30174,2ec2ba37fa8cbb0b
3,S04,seasonal,CoPx_L,left,all,MSE,1.9923086666484982e-05,30174,2ec2ba37fa8cbb0b
3,S04,seasonal,CoPx_L,left,all,MAE,0.003245686854215776,30174,2ec2ba37fa8cbb0b
3,S04,seasonal,CoPx_L,left,all,Hausdorff,2.871379218887072,30174,2ec2ba37fa8cbb0b
3,S04,seasonal,CoPx_L,left,all,SS_vs_persistence,-0.0695961973324617,30174,2ec2ba37fa8cbb0b
3,S04,seasonal,CoPx_L,left,all,HD_ratio_vs_persistence,1.0074939501041178,30174,2ec2ba37fa8cbb0b
3,S04,seasonal,CoPx_L,left,all,SS_vs_seasonal,5.019302307118778e-08,30174,2ec2ba37fa8cbb0b
3,S04,seasonal,CoPx_L,left,all,HD_ratio_vs_seasonal,1.0,30174,2ec2ba37fa8cbb0b
3,S04,seasonal,CoPx_L,left,all,SS_vs_ar,-0.2904383871280889,30174,2ec2ba37fa8cbb0b
3,S04,seasonal,CoPx_L,left,all,HD_ratio_vs_ar,1.1961616066978873,30174,2ec2ba37fa8cbb0b
3,S04,seasonal,CoPy_L,left,1,MSE,1.5068790521997794e-05,30174,2ec2ba37fa8cbb0b
3,S04,seasonal,CoPy_L,left,1,MAE,0.0024271923176361096,30174,2ec2ba37fa8cbb0b
3,S04,seasonal,CoPy_L,left,1,SS_vs_persistence,-0.6727609048345189,30174,2ec2ba37fa8cbb0b
3,S04,seasonal,CoPy_L,left,1,SS_vs_seasonal,6.636232230405881e-08,30174,2ec2ba37fa8cbb0b
3,S04,seasonal,CoPy_L,left,1,SS_vs_ar,-0.7399843954382024,30174,2ec2ba37fa8cbb0b
3,S04,seasonal,CoPy_L,left,2,MSE,2.0578937406390448e-05,30174,2ec2ba37fa8cbb0b
3,S04,seasonal,CoPy_L,left,2,MAE,0.0029690696211251625,30174,2ec2ba37fa8cbb0b
3,S04,seasonal,CoPy_L,left,2,SS_vs_persistence,-0.3677658515891806,30174,2ec2ba37fa8cbb0b
3,S04,seasonal,CoPy_L,left,2,SS_vs_seasonal,4.859337154883292e-08,30174,2ec2ba37fa8cbb0b
3,S04,seasonal,CoPy_L,left,2,SS_vs_ar,-0.45157478641362836,30174,2ec2ba37fa8cbb0b
3,S04,seasonal,CoPy_L,left,3,MSE,2.5381324655748035e-05,30174,2ec2ba37fa8cbb0b
3,S04,seasonal,CoPy_L,left,3,MAE,0.003349754944390919,30174,2ec2ba37fa8cbb0b
3,S04,seasonal,CoPy_L,left,3,SS_vs_persistence,-0.2517190781190761,30174,2ec2ba37fa8cbb0b
3,S04,seasonal,CoPy_L,left,3,SS_vs_seasonal,3.939904535954497e-08,30174,2ec2ba37fa8cbb0b
3,S04,seasonal,CoPy_L,left,3,SS_vs_ar,-0.35828318548519555,30174,2ec2ba37fa8cbb0b
3,S04,seasonal,CoPy_L,left,4,MSE,2.951733253019863e-05,30174,2ec2ba37fa8cbb0b
3,S04,seasonal,CoPy_L,left,4,MAE,0.0036073847350603493,30174,2ec2ba37fa8cbb0b
3,S04,seasonal,CoPy_L,left,4,SS_vs_persistence,-0.18786791032353056,30174,2ec2ba37fa8cbb0b
3,S04,seasonal,CoPy_L,left,4,SS_vs_seasonal,3.3878398864040093e-08,30174,2ec2ba37fa8cbb0b
3,S04,seasonal,CoPy_L,left,4,SS_vs_ar,-0.3058686355127451,30174,2ec2ba37fa8cbb0b
3,S04,seasonal,CoPy_L,left,5,MSE,3.397534658193663e-05,30174,2ec2ba37fa8cbb0b
3,S04,seasonal,CoPy_L,left,5,MAE,0.0038813179082819197,30174,2ec2ba37fa8cbb0b
3,S04,seasonal,CoPy_L,left,5,SS_vs_persistence,-0.13821327826874374,30174,2ec2ba37fa8cbb0b
3,S04,seasonal,CoPy_L,left,5,SS_vs_seasonal,2.9433105841469853e-08,30174,2ec2ba37fa8cbb0b
3,S04,seasonal,CoPy_L,left,5,SS_vs_ar,-0.2786462393108944,30174,2ec2ba37fa8cbb0b
3,S04,seasonal,CoPy_L,left,6,MSE,3.8285102217508136e-05,30174,2ec2ba37fa8cbb0b
3,S04,seasonal,CoPy_L,left,6,MAE,0.0041452779701479,30174,2ec2ba37fa8cbb0b
3,S04,seasonal,CoPy_L,left,6,SS_vs_persistence,-0.1003855880413147,30174,2ec2ba37fa8cbb0b
3,S04,seasonal,CoPy_L,left,6,SS_vs_seasonal,2.611981997358015e-08,30174,2ec2ba37fa8cbb0b
3,S04,seasonal,CoPy_L,left,6,SS_vs_ar,-0.27238649905423484,30174,2ec2ba37fa8cbb0b
3,S04,seasonal,CoPy_L,left,all,MSE,2.7134472318964194e-05,30174,2ec2ba37fa8cbb0b
3,S04,seasonal,CoPy_L,left,all,MAE,0.0033966662494403933,30174,2ec2ba37fa8cbb0b
3,S04,seasonal,CoPy_L,left,all,Hausdorff,2.9676869833972614,30174,2ec2ba37fa8cbb0b
3,S04,seasonal,CoPy_L,left,all,SS_vs_persistence,-0.21658944089168597,30174,2ec2ba37fa8cbb0b
3,S04,seasonal,CoPy_L,left,all,HD_ratio_vs_persistence,1.0311730027014616,30174,2ec2ba37fa8cbb0b
3,S04,seasonal,CoPy_L,left,all,SS_vs_seasonal,3.685348848314618e-08,30174,2ec2ba37fa8cbb0b
3,S04,seasonal,CoPy_L,left,all,HD_ratio_vs_seasonal,1.0,30174,2ec2ba37fa8cbb0b
3,S04,seasonal,CoPy_L,left,all,SS_vs_ar,-0.34787533409116334,30174,2ec2ba37fa8cbb0b
3,S04,seasonal,CoPy_L,left,all,HD_ratio_vs_ar,1.1636111569707188,30174,2ec2ba37fa8cbb0b
3,S04,seasonal,F_R,right,1,MSE,33.034754485474686,30174,2ec2ba37fa8cbb0b
3,S04,seasonal,F_R,right,1,MAE,3.637792011169203,30174,2ec2ba37fa8cbb0b
3,S04,seasonal,F_R,right,1,SS_vs_persistence,-0.4754490452812141,30174,2ec2ba37fa8cbb0b
3,S04,seasonal,F_R,right,1,SS_vs_seasonal,3.0309088572266774e-14,30174,2ec2ba37fa8cbb0b
3,S04,seasonal,F_R,right,1,SS_vs_ar,-0.5252545149009293,30174,2ec2ba37fa8cbb0b
3,S04,seasonal,F_R,right,2,MSE,58.388071080058445,30174,2ec2ba37fa8cbb0b
3,S04,seasonal,F_R,right,2,MAE,5.170468163314883,30174,2ec2ba37fa8cbb0b
3,S04,seasonal,F_R,right,2,SS_vs_persistence,-0.1802863016817875,30174,2ec2ba37fa8cbb0b
3,S04,seasonal,F_R,right,2,SS_vs_seasonal,1.7208456881689926e-14,30174,2ec2ba37fa8cbb0b
3,S04,seasonal,F_R,right,2,SS_vs_ar,-0.23329634654998554,30174,2ec2ba37fa8cbb0b
3,S04,seasonal,F_R,right,3,MSE,81.03656795584861,30174,2ec2ba37fa8cbb0b
3,S04,seasonal,F_R,right,3,MAE,6.241839997691126,30174,2ec2ba37fa8cbb0b
3,S04,seasonal,F_R,right,3,SS_vs_persistence,-0.10718131941068143,30174,2ec2ba37fa8cbb0b
3,S04,seasonal,F_R,right,3,SS_vs_seasonal,1.2323475573339238e-14,30174,2ec2ba37fa8cbb0b
3,S04,seasonal,F_R,right,3,SS_vs_ar,-0.18161553074671688,30174,2ec2ba37fa8cbb0b
3,S04,seasonal,F_R,right,4,MSE,100.3898367429514,30174,2ec2ba37fa8cbb0b
3,S04,seasonal,F_R,right,4,MAE,7.117043814333894,30174,2ec2ba37fa8cbb0b
3,S04,seasonal,F_R,right,4,SS_vs_persistence,-0.0801826419147722,30174,2ec2ba37fa8cbb0b
3,S04,seasonal,F_R,right,4,SS_vs_seasonal,9.880984919163893e-15,30174,2ec2ba37fa8cbb0b
3,S04,seasonal,F_R,right,4,SS_vs_ar,-0.17475695524089074,30174,2ec2ba37fa8cbb0b
3,S04,seasonal,F_R,right,5,MSE,116.63093242188926,30174,2ec2ba37fa8cbb0b
3,S04,seasonal,F_R,right,5,MAE,7.8113226853585145,30174,2ec2ba37fa8cbb0b
3,S04,seasonal,F_R,right,5,SS_vs_persistence,-0.06368258660304438,30174,2ec2ba37fa8cbb0b
3,S04,seasonal,F_R,right,5,SS_vs_seasonal,8.548717289613705e-15,30174,2ec2ba37fa8cbb0b
3,S04,seasonal,F_R,right,5,SS_vs_ar,-0.17322733428861858,30174,2ec2ba37fa8cbb0b
3,S04,seasonal,F_R,right,6,MSE,129.1926831093999,30174,2ec2ba37fa8cbb0b
3,S04,seasonal,F_R,right,6,MAE,8.311121362795008,30174,2ec2ba37fa8cbb0b
3,S04,seasonal,F_R,right,6,SS_vs_persistence,-0.049504612744029064,30174,2ec2ba37fa8cbb0b
3,S04,seasonal,F_R,right,6,SS_vs_seasonal,7.66053886991358e-15,30174,2ec2ba37fa8cbb0b
3,S04,seasonal,F_R,right,6,SS_vs_ar,-0.16176600647853379,30174,2ec2ba37fa8cbb0b
3,S04,seasonal,F_R,right,all,MSE,86.44547429927039,30174,2ec2ba37fa8cbb0b
3,S04,seasonal,F_R,right,all,MAE,6.3815980057771045,30174,2ec2ba37fa8cbb0b
3,S04,seasonal,F_R,right,all,Hausdorff,3.0787006985865784,30174,2ec2ba37fa8cbb0b
3,S04,seasonal,F_R,right,all,SS_vs_persistence,-0.10183468788803474,30174,2ec2ba37fa8cbb0b
3,S04,seasonal,F_R,right,all,HD_ratio_vs_persistence,1.025827892175908,30174,2ec2ba37fa8cbb0b
3,S04,seasonal,F_R,right,all,SS_vs_seasonal,1.1546319456101628e-14,30174,2ec2ba37fa8cbb0b
3,S04,seasonal,F_R,right,all,HD_ratio_vs_seasonal,1.0,30174,2ec2ba37fa8cbb0b
3,S04,seasonal,F_R,right,all,SS_vs_ar,-0.1960559405030433,30174,2ec2ba37fa8cbb0b
3,S04,seasonal,F_R,right,all,HD_ratio_vs_ar,1.1437708818260048,30174,2ec2ba37fa8cbb0b
3,S04,seasonal,CoPx_R,right,1,MSE,7.435759609929989e-06,29358,2ec2ba37fa8cbb0b
3,S04,seasonal,CoPx_R,right,1,MAE,0.001957338850646726,29358,2ec2ba37fa8cbb0b
3,S04,seasonal,CoPx_R,right,1,SS_vs_persistence,-0.19339214862493748,29358,2ec2ba37fa8cbb0b
3,S04,seasonal,CoPx_R,right,1,SS_vs_seasonal,1.3448523328296602e-07,29358,2ec2ba37fa8cbb0b
3,S04,seasonal,CoPx_R,right,1,SS_vs_ar,-0.28544496746974657,29358,2ec2ba37fa8cbb0b
3,S04,seasonal,CoPx_R,right,2,MSE,1.1781592953960319e-05,29358,2ec2ba37fa8cbb0b
3,S04,seasonal,CoPx_R,right,2,MAE,0.0024994301684150844,29358,2ec2ba37fa8cbb0b
3,S04,seasonal,CoPx_R,right,2,SS_vs_persistence,-0.08597353797424323,29358,2ec2ba37fa8cbb0b
3,S04,seasonal,CoPx_R,right,2,SS_vs_seasonal,8.487815850166669e-08,29358,2ec2ba37fa8cbb0b
3,S04,seasonal,CoPx_R,right,2,SS_vs_ar,-0.24146020706454285,29358,2ec2ba37fa8cbb0b
3,S04,seasonal,CoPx_R,right,3,MSE,1.4890298017275101e-05,29358,2ec2ba37fa8cbb0b
3,S04,seasonal,CoPx_R,right,3,MAE,0.0028174130311743807,29358,2ec2ba37fa8cbb0b
3,S04,seasonal,CoPx_R,right,3,SS_vs_persistence,-0.05710094471754146,29358,2ec2ba37fa8cbb0b
3,S04,seasonal,CoPx_R,right,3,SS_vs_seasonal,6.715781852850711e-08,29358,2ec2ba37fa8cbb0b
3,S04,seasonal,CoPx_R,right,3,SS_vs_ar,-0.243790869192418,29358,2ec2ba37fa8cbb0b
3,S04,seasonal,CoPx_R,right,4,MSE,1.7539241716272184e-05,29358,2ec2ba37fa8cbb0b
3,S04,seasonal,CoPx_R,right,4,MAE,0.003079098640075667,29358,2ec2ba37fa8cbb0b
3,S04,seasonal,CoPx_R,right,4,SS_vs_persistence,-0.04347582848803411,29358,2ec2ba37fa8cbb0b
3,S04,seasonal,CoPx_R,right,4,SS_vs_seasonal,5.701500427335304e-08,29358,2ec2ba37fa8cbb0b
3,S04,seasonal,CoPx_R,right,4,SS_vs_ar,-0.262177182336238,29358,2ec2ba37fa8cbb0b
3,S04,seasonal,CoPx_R,right,5,MSE,1.9801556797320072e-05,29358,2ec2ba37fa8cbb0b
3,S04,seasonal,CoPx_R,right,5,MAE,0.0032765395700030584,29358,2ec2ba37fa8cbb0b
3,S04,seasonal,CoPx_R,right,5,SS_vs_persistence,-0.03360748096573829,29358,2ec2ba37fa8cbb0b
3,S04,seasonal,CoPx_R,right,5,SS_vs_seasonal,5.0501077208942036e-08,29358,2ec2ba37fa8cbb0b
3,S04,seasonal,CoPx_R,right,5,SS_vs_ar,-0.289815031214236,29358,2ec2ba37fa8cbb0b
3,S04,seasonal,CoPx_R,right,6,MSE,2.118753616553064e-05,29358,2ec2ba37fa8cbb0b
3,S04,seasonal,CoPx_R,right,6,MAE,0.0034010036645303983,29358,2ec2ba37fa8cbb0b
3,S04,seasonal,CoPx_R,right,6,SS_vs_persistence,-0.028978060393600735,29358,2ec2ba37fa8cbb0b
3,S04,seasonal,CoPx_R,right,6,SS_vs_seasonal,4.7197557306866145e-08,29358,2ec2ba37fa8cbb0b
3,S04,seasonal,CoPx_R,right,6,SS_vs_ar,-0.2980331022683549,29358,2ec2ba37fa8cbb0b
3,S04,seasonal,CoPx_R,right,all,MSE,1.5440540888192608e-05,29358,2ec2ba37fa8cbb0b
3,S04,seasonal,CoPx_R,right,all,MAE,0.002838595473237192,29358,2ec2ba37fa8cbb0b
3,S04,seasonal,CoPx_R,right,all,Hausdorff,2.861140821286625,29358,2ec2ba37fa8cbb0b
3,S04,seasonal,CoPx_R,right,all,SS_vs_persistence,-0.056001240496645455,29358,2ec2ba37fa8cbb0b
3,S04,seasonal,CoPx_R,right,all,HD_ratio_vs_persistence,1.0050913198228368,29358,2ec2ba37fa8cbb0b
3,S04,seasonal,CoPx_R,right,all,SS_vs_seasonal,6.476456637649619e-08,29358,2ec2ba37fa8cbb0b
3,S04,seasonal,CoPx_R,right,all,HD_ratio_vs_seasonal,1.0,29358,2ec2ba37fa8cbb0b
3,S04,seasonal,CoPx_R,right,all,SS_vs_ar,-0.2721706733134239,29358,2ec2ba37fa8cbb0b
3,S04,seasonal,CoPx_R,right,all,HD_ratio_vs_ar,1.1899917874413986,29358,2ec2ba37fa8cbb0b
3,S04,seasonal,CoPy_R,right,1,MSE,1.3797634580172066e-05,29358,2ec2ba37fa8cbb0b
3,S04,seasonal,CoPy_R,right,1,MAE,0.002323179139901251,29358,2ec2ba37fa8cbb0b
3,S04,seasonal,CoPy_R,right,1,SS_vs_persistence,-0.5850043628385635,29358,2ec2ba37fa8cbb0b
3,S04,seasonal,CoPy_R,right,1,SS_vs_seasonal,7.247618571959435e-08,29358,2ec2ba37fa8cbb0b
3,S04,seasonal,CoPy_R,right,1,SS_vs_ar,-0.6445959050390806,29358,2ec2ba37fa8cbb0b
3,S04,seasonal,CoPy_R,right,2,MSE,1.9544823010537706e-05,29358,2ec2ba37fa8cbb0b
3,S04,seasonal,CoPy_R,right,2,MAE,0.0028730380551406356,29358,2ec2ba37fa8cbb0b
3,S04,seasonal,CoPy_R,right,2,SS_vs_persistence,-0.28091030376402903,29358,2ec2ba37fa8cbb0b
3,S04,seasonal,CoPy_R,right,2,SS_vs_seasonal,5.1164441239315295e-08,29358,2ec2ba37fa8cbb0b
3,S04,seasonal,CoPy_R,right,2,SS_vs_ar,-0.40530024836309564,29358,2ec2ba37fa8cbb0b
3,S04,seasonal,CoPy_R,right,3,MSE,2.365106289612283e-05,29358,2ec2ba37fa8cbb0b
3,S04,seasonal,CoPy_R,right,3,MAE,0.0031955800881745375,29358,2ec2ba37fa8cbb0b
3,S04,seasonal,CoPy_R,right,3,SS_vs_persistence,-0.19745518774951232,29358,2ec2ba37fa8cbb0b
3,S04,seasonal,CoPy_R,right,3,SS_vs_seasonal,4.228139605100267e-08,29358,2ec2ba37fa8cbb0b
3,S04,seasonal,CoPy_R,right,3,SS_vs_ar,-0.3650770328196551,29358,2ec2ba37fa8cbb0b
3,S04,seasonal,CoPy_R,right,4,MSE,2.6976370153398923e-05,29358,2ec2ba37fa8cbb0b
3,S04,seasonal,CoPy_R,right,4,MAE,0.0034529351420494,29358,2ec2ba37fa8cbb0b
3,S04,seasonal,CoPy_R,right,4,SS_vs_persistence,-0.1599620848924701,29358,2ec2ba37fa8cbb0b
3,S04,seasonal,CoPy_R,right,4,SS_vs_seasonal,3.706947804271721e-08,29358,2ec2ba37fa8cbb0b
3,S04,seasonal,CoPy_R,right,4,SS_vs_ar,-0.35667938973490787,29358,2ec2ba37fa8cbb0b
3,S04,seasonal,CoPy_R,right,5,MSE,2.9653239550643443e-05,29358,2ec2ba37fa8cbb0b
3,S04,seasonal,CoPy_R,right,5,MAE,0.003678590129452353,29358,2ec2ba37fa8cbb0b
3,S04,seasonal,CoPy_R,right,5,SS_vs_persistence,-0.1337281166617279,29358,2ec2ba37fa8cbb0b
3,S04,seasonal,CoPy_R,right,5,SS_vs_seasonal,3.372312706861891e-08,29358,2ec2ba37fa8cbb0b
3,S04,seasonal,CoPy_R,right,5,SS_vs_ar,-0.34490574483831393,29358,2ec2ba37fa8cbb0b
3,S04,seasonal,CoPy_R,right,6,MSE,3.2085570464658505e-05,29358,2ec2ba37fa8cbb0b
3,S04,seasonal,CoPy_R,right,6,MAE,0.0038588434854922474,29358,2ec2ba37fa8cbb0b
3,S04,seasonal,CoPy_R,right,6,SS_vs_persistence,-0.10766856798582047,29358,2ec2ba37fa8cbb0b
3,S04,seasonal,CoPy_R,right,6,SS_vs_seasonal,3.116665703295496e-08,29358,2ec2ba37fa8cbb0b
3,S04,seasonal,CoPy_R,right,6,SS_vs_ar,-0.32884954551874035,29358,2ec2ba37fa8cbb0b
3,S04,seasonal,CoPy_R,right,all,MSE,2.4286373615226943e-05,29358,2ec2ba37fa8cbb0b
3,S04,seasonal,CoPy_R,right,all,MAE,0.0032304930620449318,29358,2ec2ba37fa8cbb0b
3,S04,seasonal,CoPy_R,right,all,Hausdorff,2.9424822069681076,29358,2ec2ba37fa8cbb0b
3,S04,seasonal,CoPy_R,right,all,SS_vs_persistence,-0.19339656807748518,29358,2ec2ba37fa8cbb0b
3,S04,seasonal,CoPy_R,right,all,HD_ratio_vs_persistence,1.0318809126415838,29358,2ec2ba37fa8cbb0b
3,S04,seasonal,CoPy_R,right,all,SS_vs_seasonal,4.1175351017663786e-08,29358,2ec2ba37fa8cbb0b
3,S04,seasonal,CoPy_R,right,all,HD_ratio_vs_seasonal,1.0,29358,2ec2ba37fa8cbb0b
3,S04,seasonal,CoPy_R,right,all,SS_vs_ar,-0.3784771495157855,29358,2ec2ba37fa8cbb0b
3,S04,seasonal,CoPy_R,right,all,HD_ratio_vs_ar,1.225179772380809,29358,2ec2ba37fa8cbb0b
3,S04,ar,F_L,left,1,MSE,11.444836818555423,30174,2ec2ba37fa8cbb0b
3,S04,ar,F_L,left,1,MAE,2.227822294902209,30174,2ec2ba37fa8cbb0b
3,S04,ar,F_L,left,1,SS_vs_persistence,0.012374156957850824,30174,2ec2ba37fa8cbb0b
3,S04,ar,F_L,left,1,SS_vs_seasonal,0.581494563197245,30174,2ec2ba37fa8cbb0b
3,S04,ar,F_L,left,1,SS_vs_ar,8.737455203799982e-14,30174,2ec2ba37fa8cbb0b
3,S04,ar,F_L,left,2,MSE,22.97095815597081,30174,2ec2ba37fa8cbb0b
3,S04,ar,F_L,left,2,MAE,3.278575081132722,30174,2ec2ba37fa8cbb0b
3,S04,ar,F_L,left,2,SS_vs_persistence,0.04063434206204353,30174,2ec2ba37fa8cbb0b
3,S04,ar,F_L,left,2,SS_vs_seasonal,0.4047094288043399,30174,2ec2ba37fa8cbb0b
3,S04,ar,F_L,left,2,SS_vs_ar,4.340972026284362e-14,30174,2ec2ba37fa8cbb0b
3,S04,ar,F_L,left,3,MSE,34.05061602572331,30174,2ec2ba37fa8cbb0b
3,S04,ar,F_L,left,3,MAE,4.0321819550462035,30174,2ec2ba37fa8cbb0b
3,S04,ar,F_L,left,3,SS_vs_persistence,0.05927941643963908,30174,2ec2ba37fa8cbb0b
3,S04,ar,F_L,left,3,SS_vs_seasonal,0.3171891489584794,30174,2ec2ba37fa8cbb0b
3,S04,ar,F_L,left,3,SS_vs_ar,2.942091015256665e-14,30174,2ec2ba37fa8cbb0b
3,S04,ar,F_L,left,4,MSE,43.800071615521105,30174,2ec2ba37fa8cbb0b
3,S04,ar,F_L,left,4,MAE,4.648409710889773,30174,2ec2ba37fa8cbb0b
3,S04,ar,F_L,left,4,SS_vs_persistence,0.07966361924999066,30174,2ec2ba37fa8cbb0b
3,S04,ar,F_L,left,4,SS_vs_seasonal,0.2717538449361552,30174,2ec2ba37fa8cbb0b
3,S04,ar,F_L,left,4,SS_vs_ar,2.2870594307278225e-14,30174,2ec2ba37fa8cbb0b
3,S04,ar,F_L,left,5,MSE,52.981261899158326,30174,2ec2ba37fa8cbb0b
3,S04,ar,F_L,left,5,MAE,5.150640618541593,30174,2ec2ba37fa8cbb0b
3,S04,ar,F_L,left,5,SS_vs_persistence,0.09924118320147968,30174,2ec2ba37fa8cbb0b
3,S04,ar,F_L,left,5,SS_vs_seasonal,0.24525369349190373,30174,2ec2ba37fa8cbb0b
3,S04,ar,F_L,left,5,SS_vs_ar,1.887379141862766e-14,30174,2ec2ba37fa8cbb0b
3,S04,ar,F_L,left,6,MSE,61.627280292265645,30174,2ec2ba37fa8cbb0b
3,S04,ar,F_L,left,6,MAE,5.5647294919762205,30174,2ec2ba37fa8cbb0b
3,S04,ar,F_L,left,6,SS_vs_persistence,0.11630945059636599,30174,2ec2ba37fa8cbb0b
3,S04,ar,F_L,left,6,SS_vs_seasonal,0.22690531476921272,30174,2ec2ba37fa8cbb0b
3,S04,ar,F_L,left,6,SS_vs_ar,1.6209256159527285e-14,30174,2ec2ba37fa8cbb0b
3,S04,ar,F_L,left,all,MSE,37.81250413453236,30174,2ec2ba37fa8cbb0b
3,S04,ar,F_L,left,all,MAE,4.1503931920814345,30174,2ec2ba37fa8cbb0b
3,S04,ar,F_L,left,all,Hausdorff,2.744559218432835,30174,2ec2ba37fa8cbb0b
3,S04,ar,F_L,left,all,SS_vs_persistence,0.08472676647955735,30174,2ec2ba37fa8cbb0b
3,S04,ar,F_L,left,all,HD_ratio_vs_persistence,0.9099562243644173,30174,2ec2ba37fa8cbb0b
3,S04,ar,F_L,left,all,SS_vs_seasonal,0.3037656061134434,30174,2ec2ba37fa8cbb0b
3,S04,ar,F_L,left,all,HD_ratio_vs_seasonal,0.8507844916954319,30174,2ec2ba37fa8cbb0b
3,S04,ar,F_L,left,all,SS_vs_ar,2.653433028854124e-14,30174,2ec2ba37fa8cbb0b
3,S04,ar,F_L,left,all,HD_ratio_vs_ar,1.0,30174,2ec2ba37fa8cbb0b
3,S04,ar,CoPx_L,left,1,MSE,7.719818379871415e-06,30174,2ec2ba37fa8cbb0b
3,S04,ar,CoPx_L,left,1,MAE,0.002070523691485656,30174,2ec2ba37fa8cbb0b
3,S04,ar,CoPx_L,left,1,SS_vs_persistence,0.06905572598668985,30174,2ec2ba37fa8cbb0b
3,S04,ar,CoPx_L,left,1,SS_vs_seasonal,0.23877809488111457,30174,2ec2ba37fa8cbb0b
3,S04,ar,CoPx_L,left,1,SS_vs_ar,1.2953670935900163e-07,30174,2ec2ba37fa8cbb0b
3,S04,ar,CoPx_L,left,2,MSE,1.2278300835604397e-05,30174,2ec2ba37fa8cbb0b
3,S04,ar,CoPx_L,left,2,MAE,0.0026149608450875914,30174,2ec2ba37fa8cbb0b
3,S04,ar,CoPx_L,left,2,SS_vs_persistence,0.11628200449792014,30174,2ec2ba37fa8cbb0b
3,S04,ar,CoPx_L,left,2,SS_vs_seasonal,0.20382840329664598,30174,2ec2ba37fa8cbb0b
3,S04,ar,CoPx_L,left,2,SS_vs_ar,8.14444873764586e-08,30174,2ec2ba37fa8cbb0b
3,S04,ar,CoPx_L,left,3,MSE,1.5301026495601128e-05,30174,2ec2ba37fa8cbb0b
3,S04,ar,CoPx_L,left,3,MAE,0.002919075229490824,30174,2ec2ba37fa8cbb0b
3,S04,ar,CoPx_L,left,3,SS_vs_persistence,0.15339811610639154,30174,2ec2ba37fa8cbb0b
3,S04,ar,CoPx_L,left,3,SS_vs_seasonal,0.21258940675323978,30174,2ec2ba37fa8cbb0b
3,S04,ar,CoPx_L,left,3,SS_vs_ar,6.535508800808998e-08,30174,2ec2ba37fa8cbb0b
3,S04,ar,CoPx_L,left,4,MSE,1.7563278078145103e-05,30174,2ec2ba37fa8cbb0b
3,S04,ar,CoPx_L,left,4,MAE,0.0031585724050291896,30174,2ec2ba37fa8cbb0b
3,S04,ar,CoPx_L,left,4,SS_vs_persistence,0.1809810622702288,30174,2ec2ba37fa8cbb0b
3,S04,ar,CoPx_L,left,4,SS_vs_seasonal,0.22294877729223228,30174,2ec2ba37fa8cbb0b
3,S04,ar,CoPx_L,left,4,SS_vs_ar,5.693697602282555e-08,30174,2ec2ba37fa8cbb0b
3,S04,ar,CoPx_L,left,5,MSE,1.9214791936772252e-05,30174,2ec2ba37fa8cbb0b
3,S04,ar,CoPx_L,left,5,MAE,0.0033404449073142954,30174,2ec2ba37fa8cbb0b
3,S04,ar,CoPx_L,left,5,SS_vs_persistence,0.19901842145986592,30174,2ec2ba37fa8cbb0b
3,S04,ar,CoPx_L,left,5,SS_vs_seasonal,0.23118703947619668,30174,2ec2ba37fa8cbb0b
3,S04,ar,CoPx_L,left,5,SS_vs_ar,5.204323583196668e-08,30174,2ec2ba37fa8cbb0b
3,S04,ar,CoPx_L,left,6,MSE,2.0556817365904002e-05,30174,2ec2ba37fa8cbb0b
3,S04,ar,CoPx_L,left,6,MAE,0.003487079520112677,30174,2ec2ba37fa8cbb0b
3,S04,ar,CoPx_L,left,6,SS_vs_persistence,0.21139267171652087,30174,2ec2ba37fa8cbb0b
3,S04,ar,CoPx_L,left,6,SS_vs_seasonal,0.23717124627087205,30174,2ec2ba37fa8cbb0b
3,S04,ar,CoPx_L,left,6,SS_vs_ar,4.86456601667129e-08,30174,2ec2ba37fa8cbb0b
3,S04,ar,CoPx_L,left,all,MSE,1.5439005515316423e-05,30174,2ec2ba37fa8cbb0b
3,S04,ar,CoPx_L,left,all,MAE,0.0029317760997533966,30174,2ec2ba37fa8cbb0b
3,S04,ar,CoPx_L,left,all,Hausdorff,2.4004943837093844,30174,2ec2ba37fa8cbb0b
3,S04,ar,CoPx_L,left,all,SS_vs_persistence,0.17113739119768556,30174,2ec2ba37fa8cbb0b
3,S04,ar,CoPx_L,left,all,HD_ratio_vs_persistence,0.8422724358169265,30174,2ec2ba37fa8cbb0b
3,S04,ar,CoPx_L,left,all,SS_vs_seasonal,0.2250696391158169,30174,2ec2ba37fa8cbb0b
3,S04,ar,CoPx_L,left,all,HD_ratio_vs_seasonal,0.8360074377914458,30174,2ec2ba37fa8cbb0b
3,S04,ar,CoPx_L,left,all,SS_vs_ar,6.477100700230665e-08,30174,2ec2ba37fa8cbb0b
3,S04,ar,CoPx_L,left,all,HD_ratio_vs_ar,1.0,30174,2ec2ba37fa8cbb0b
3,S04,ar,CoPy_L,left,1,MSE,8.660301104722514e-06,30174,2ec2ba37fa8cbb0b
3,S04,ar,CoPy_L,left,1,MAE,0.00208060018287401,30174,2ec2ba37fa8cbb0b
3,S04,ar,CoPy_L,left,1,SS_vs_persistence,0.038634647490314644,30174,2ec2ba37fa8cbb0b
3,S04,ar,CoPy_L,left,1,SS_vs_seasonal,0.425282306674693,30174,2ec2ba37fa8cbb0b
3,S04,ar,CoPy_L,left,1,SS_vs_ar,1.154694129201772e-07,30174,2ec2ba37fa8cbb0b
3,S04,ar,CoPy_L,left,2,MSE,1.4176972586896164e-05,30174,2ec2ba37fa8cbb0b
3,S04,ar,CoPy_L,left,2,MAE,0.002662526020626687,30174,2ec2ba37fa8cbb0b
3,S04,ar,CoPy_L,left,2,SS_vs_persistence,0.057736626515467404,30174,2ec2ba37fa8cbb0b
3,S04,ar,CoPy_L,left,2,SS_vs_seasonal,0.3110931036902399,30174,2ec2ba37fa8cbb0b
3,S04,ar,CoPy_L,left,2,SS_vs_ar,7.053691630787284e-08,30174,2ec2ba37fa8cbb0b
3,S04,ar,CoPy_L,left,3,MSE,1.8686326657572757e-05,30174,2ec2ba37fa8cbb0b
3,S04,ar,CoPy_L,left,3,MAE,0.003041661784034462,30174,2ec2ba37fa8cbb0b
3,S04,ar,CoPy_L,left,3,SS_vs_persistence,0.07845504935252412,30174,2ec2ba37fa8cbb0b
3,S04,ar,CoPy_L,left,3,SS_vs_seasonal,0.26377656900119717,30174,2ec2ba37fa8cbb0b
3,S04,ar,CoPy_L,left,3,SS_vs_ar,5.351506282558205e-08,30174,2ec2ba37fa8cbb0b
3,S04,ar,CoPy_L,left,4,MSE,2.260359918418602e-05,30174,2ec2ba37fa8cbb0b
3,S04,ar,CoPy_L,left,4,MAE,0.0033274853951388975,30174,2ec2ba37fa8cbb0b
3,S04,ar,CoPy_L,left,4,SS_vs_persistence,0.09036190511998732,30174,2ec2ba37fa8cbb0b
3,S04,ar,CoPy_L,left,4,SS_vs_seasonal,0.23422625010959408,30174,2ec2ba37fa8cbb0b
3,S04,ar,CoPy_L,left,4,SS_vs_ar,4.424074007136625e-08,30174,2ec2ba37fa8cbb0b
3,S04,ar,CoPy_L,left,5,MSE,2.657134104707558e-05,30174,2ec2ba37fa8cbb0b
3,S04,ar,CoPy_L,left,5,MAE,0.003590974566129769,30174,2ec2ba37fa8cbb0b
3,S04,ar,CoPy_L,left,5,SS_vs_persistence,0.1098294427033687,30174,2ec2ba37fa8cbb0b
3,S04,ar,CoPy_L,left,5,SS_vs_seasonal,0.21792290769079503,30174,2ec2ba37fa8cbb0b
3,S04,ar,CoPy_L,left,5,SS_vs_ar,3.7634531158126094e-08,30174,2ec2ba37fa8cbb0b
3,S04,ar,CoPy_L,left,6,MSE,3.008920715016936e-05,30174,2ec2ba37fa8cbb0b
3,S04,ar,CoPy_L,left,6,MAE,0.0038173979643644565,30174,2ec2ba37fa8cbb0b
3,S04,ar,CoPy_L,left,6,SS_vs_persistence,0.1351797961637765,30174,2ec2ba37fa8cbb0b
3,S04,ar,CoPy_L,left,6,SS_vs_seasonal,0.2140753290065761,30174,2ec2ba37fa8cbb0b
3,S04,ar,CoPy_L,left,6,SS_vs_ar,3.3234507035295735e-08,30174,2ec2ba37fa8cbb0b
3,S04,ar,CoPy_L,left,all,MSE,2.0131291288437233e-05,30174,2ec2ba37fa8cbb0b
3,S04,ar,CoPy_L,left,all,MAE,0.0030867743188613796,30174,2ec2ba37fa8cbb0b
3,S04,ar,CoPy_L,left,all,Hausdorff,2.5504112483101093,30174,2ec2ba37fa8cbb0b
3,S04,ar,CoPy_L,left,all,SS_vs_persistence,0.0974021486347284,30174,2ec2ba37fa8cbb0b
3,S04,ar,CoPy_L,left,all,HD_ratio_vs_persistence,0.8861834956842118,30174,2ec2ba37fa8cbb0b
3,S04,ar,CoPy_L,left,all,SS_vs_seasonal,0.2580916883185811,30174,2ec2ba37fa8cbb0b
3,S04,ar,CoPy_L,left,all,HD_ratio_vs_seasonal,0.8593936161658547,30174,2ec2ba37fa8cbb0b
3,S04,ar,CoPy_L,left,all,SS_vs_ar,4.967390987431486e-08,30174,2ec2ba37fa8cbb0b
3,S04,ar,CoPy_L,left,all,HD_ratio_vs_ar,1.0,30174,2ec2ba37fa8cbb0b
3,S04,ar,F_R,right,1,MSE,21.65851938987303,30174,2ec2ba37fa8cbb0b
3,S04,ar,F_R,right,1,MAE,3.2061580062594603,30174,2ec2ba37fa8cbb0b
3,S04,ar,F_R,right,1,SS_vs_persistence,0.03265387457188951,30174,2ec2ba37fa8cbb0b
3,S04,ar,F_R,right,1,SS_vs_seasonal,0.3443717161755937,30174,2ec2ba37fa8cbb0b
3,S04,ar,F_R,right,1,SS_vs_ar,4.6074255521943996e-14,30174,2ec2ba37fa8cbb0b
3,S04,ar,F_R,right,2,MSE,47.3430990397333,30174,2ec2ba37fa8cbb0b
3,S04,ar,F_R,right,2,MAE,4.843886625999817,30174,2ec2ba37fa8cbb0b
3,S04,ar,F_R,right,2,SS_vs_persistence,0.04298240647230722,30174,2ec2ba37fa8cbb0b
3,S04,ar,F_R,right,2,SS_vs_seasonal,0.18916487282448002,30174,2ec2ba37fa8cbb0b
3,S04,ar,F_R,right,2,SS_vs_ar,2.120525977034049e-14,30174,2ec2ba37fa8cbb0b
3,S04,ar,F_R,right,3,MSE,68.58116354025638,30174,2ec2ba37fa8cbb0b
3,S04,ar,F_R,right,3,MAE,5.964915248890148,30174,2ec2ba37fa8cbb0b
3,S04,ar,F_R,right,3,SS_vs_persistence,0.0629935959702671,30174,2ec2ba37fa8cbb0b
3,S04,ar,F_R,right,3,SS_vs_seasonal,0.1537010355914774,30174,2ec2ba37fa8cbb0b
3,S04,ar,F_R,right,3,SS_vs_ar,1.454392162258955e-14,30174,2ec2ba37fa8cbb0b
3,S04,ar,F_R,right,4,MSE,85.4558351794263,30174,2ec2ba37fa8cbb0b
3,S04,ar,F_R,right,4,MAE,6.83382351447852,30174,2ec2ba37fa8cbb0b
3,S04,ar,F_R,right,4,SS_vs_persistence,0.08050542957350526,30174,2ec2ba37fa8cbb0b
3,S04,ar,F_R,right,4,SS_vs_seasonal,0.14876009412949365,30174,2ec2ba37fa8cbb0b
3,S04,ar,F_R,right,4,SS_vs_ar,1.1657341758564144e-14,30174,2ec2ba37fa8cbb0b
3,S04,ar,F_R,right,5,MSE,99.41034359944125,30174,2ec2ba37fa8cbb0b
3,S04,ar,F_R,right,5,MAE,7.472004209843864,30174,2ec2ba37fa8cbb0b
3,S04,ar,F_R,right,5,SS_vs_persistence,0.09337043596244443,30174,2ec2ba37fa8cbb0b
3,S04,ar,F_R,right,5,SS_vs_seasonal,0.1476502713718929,30174,2ec2ba37fa8cbb0b
3,S04,ar,F_R,right,5,SS_vs_ar,9.992007221626409e-15,30174,2ec2ba37fa8cbb0b
3,S04,ar,F_R,right,6,MSE,111.20370400662594,30174,2ec2ba37fa8cbb0b
3,S04,ar,F_R,right,6,MAE,7.9957594061375135,30174,2ec2ba37fa8cbb0b
3,S04,ar,F_R,right,6,SS_vs_persistence,0.09662995225242754,30174,2ec2ba37fa8cbb0b
3,S04,ar,F_R,right,6,SS_vs_seasonal,0.13924146994874165,30174,2ec2ba37fa8cbb0b
3,S04,ar,F_R,right,6,SS_vs_ar,8.992806499463768e-15,30174,2ec2ba37fa8cbb0b
3,S04,ar,F_R,right,all,MSE,72.27544412589224,30174,2ec2ba37fa8cbb0b
3,S04,ar,F_R,right,all,MAE,6.052757835268225,30174,2ec2ba37fa8cbb0b
3,S04,ar,F_R,right,all,Hausdorff,2.69171103015973,30174,2ec2ba37fa8cbb0b
3,S04,ar,F_R,right,all,SS_vs_persistence,0.07877662693217824,30174,2ec2ba37fa8cbb0b
3,S04,ar,F_R,right,all,HD_ratio_vs_persistence,0.8968823288613508,30174,2ec2ba37fa8cbb0b
3,S04,ar,F_R,right,all,SS_vs_seasonal,0.163918704689189,30174,2ec2ba37fa8cbb0b
3,S04,ar,F_R,right,all,HD_ratio_vs_seasonal,0.8743009774855627,30174,2ec2ba37fa8cbb0b
3,S04,ar,F_R,right,all,SS_vs_ar,1.3766765505351941e-14,30174,2ec2ba37fa8cbb0b
3,S04,ar,F_R,right,all,HD_ratio_vs_ar,1.0,30174,2ec2ba37fa8cbb0b
3,S04,ar,CoPx_R,right,1,MSE,5.784579280061653e-06,29358,2ec2ba37fa8cbb0b
3,S04,ar,CoPx_R,right,1,MAE,0.0017745885548963705,29358,2ec2ba37fa8cbb0b
3,S04,ar,CoPx_R,right,1,SS_vs_persistence,0.07161179784440797,29358,2ec2ba37fa8cbb0b
3,S04,ar,CoPx_R,right,1,SS_vs_seasonal,0.22205950628148086,29358,2ec2ba37fa8cbb0b
3,S04,ar,CoPx_R,right,1,SS_vs_ar,1.728733896033674e-07,29358,2ec2ba37fa8cbb0b
3,S04,ar,CoPx_R,right,2,MSE,9.49010821728867e-06,29358,2ec2ba37fa8cbb0b
3,S04,ar,CoPx_R,right,2,MAE,0.0022853355185886346,29358,2ec2ba37fa8cbb0b
3,S04,ar,CoPx_R,right,2,SS_vs_persistence,0.1252450804606089,29358,2ec2ba37fa8cbb0b
3,S04,ar,CoPx_R,right,2,SS_vs_seasonal,0.19449708975086322,29358,2ec2ba37fa8cbb0b
3,S04,ar,CoPx_R,right,2,SS_vs_ar,1.0537286521117295e-07,29358,2ec2ba37fa8cbb0b
3,S04,ar,CoPx_R,right,3,MSE,1.1971704522282243e-05,29358,2ec2ba37fa8cbb0b
3,S04,ar,CoPx_R,right,3,MAE,0.002560727447234327,29358,2ec2ba37fa8cbb0b
3,S04,ar,CoPx_R,right,3,SS_vs_persistence,0.15009759067940254,29358,2ec2ba37fa8cbb0b
3,S04,ar,CoPx_R,right,3,SS_vs_seasonal,0.19600643960251074,29358,2ec2ba37fa8cbb0b
3,S04,ar,CoPx_R,right,3,SS_vs_ar,8.35302871315946e-08,29358,2ec2ba37fa8cbb0b
3,S04,ar,CoPx_R,right,4,MSE,1.3896020859472827e-05,29358,2ec2ba37fa8cbb0b
3,S04,ar,CoPx_R,right,4,MAE,0.002782527466646678,29358,2ec2ba37fa8cbb0b
3,S04,ar,CoPx_R,right,4,SS_vs_persistence,0.1732731600606906,29358,2ec2ba37fa8cbb0b
3,S04,ar,CoPx_R,right,4,SS_vs_seasonal,0.20771831006245922,29358,2ec2ba37fa8cbb0b
3,S04,ar,CoPx_R,right,4,SS_vs_ar,7.196304163681333e-08,29358,2ec2ba37fa8cbb0b
3,S04,ar,CoPx_R,right,5,MSE,1.535224433604545e-05,29358,2ec2ba37fa8cbb0b
3,S04,ar,CoPx_R,right,5,MAE,0.002935317464163932,29358,2ec2ba37fa8cbb0b
3,S04,ar,CoPx_R,right,5,SS_vs_persistence,0.19863903844681285,29358,2ec2ba37fa8cbb0b
3,S04,ar,CoPx_R,right,5,SS_vs_seasonal,0.22469512281891213,29358,2ec2ba37fa8cbb0b
3,S04,ar,CoPx_R,right,5,SS_vs_ar,6.513705175237305e-08,29358,2ec2ba37fa8cbb0b
3,S04,ar,CoPx_R,right,6,MSE,1.6322800112317347e-05,29358,2ec2ba37fa8cbb0b
3,S04,ar,CoPx_R,right,6,MAE,0.0030376960115849885,29358,2ec2ba37fa8cbb0b
3,S04,ar,CoPx_R,right,6,SS_vs_persistence,0.20727907820214908,29358,2ec2ba37fa8cbb0b
3,S04,ar,CoPx_R,right,6,SS_vs_seasonal,0.2296037059525533,29358,2ec2ba37fa8cbb0b
3,S04,ar,CoPx_R,right,6,SS_vs_ar,6.126399465511412e-08,29358,2ec2ba37fa8cbb0b
3,S04,ar,CoPx_R,right,all,MSE,1.2137160476908635e-05,29358,2ec2ba37fa8cbb0b
3,S04,ar,CoPx_R,right,all,MAE,0.002562806932314187,29358,2ec2ba37fa8cbb0b
3,S04,ar,CoPx_R,right,all,Hausdorff,2.404336610959614,29358,2ec2ba37fa8cbb0b
3,S04,ar,CoPx_R,right,all,SS_vs_persistence,0.1699217914365012,29358,2ec2ba37fa8cbb0b
3,S04,ar,CoPx_R,right,all,HD_ratio_vs_persistence,0.8446203834598588,29358,2ec2ba37fa8cbb0b
3,S04,ar,CoPx_R,right,all,SS_vs_seasonal,0.213942064676504,29358,2ec2ba37fa8cbb0b
3,S04,ar,CoPx_R,right,all,HD_ratio_vs_seasonal,0.8403419339137627,29358,2ec2ba37fa8cbb0b
3,S04,ar,CoPx_R,right,all,SS_vs_ar,8.239158733047702e-08,29358,2ec2ba37fa8cbb0b
3,S04,ar,CoPx_R,right,all,HD_ratio_vs_ar,1.0,29358,2ec2ba37fa8cbb0b
3,S04,ar,CoPy_R,right,1,MSE,8.389679734273866e-06,29358,2ec2ba37fa8cbb0b
3,S04,ar,CoPy_R,right,1,MAE,0.0019829117169911648,29358,2ec2ba37fa8cbb0b
3,S04,ar,CoPy_R,right,1,SS_vs_persistence,0.03623487748024368,29358,2ec2ba37fa8cbb0b
3,S04,ar,CoPy_R,right,1,SS_vs_seasonal,0.3919480127210867,29358,2ec2ba37fa8cbb0b
3,S04,ar,CoPy_R,right,1,SS_vs_ar,1.1919404696580926e-07,29358,2ec2ba37fa8cbb0b
3,S04,ar,CoPy_R,right,2,MSE,1.3907932933195887e-05,29358,2ec2ba37fa8cbb0b
3,S04,ar,CoPy_R,right,2,MAE,0.0025488002024535114,29358,2ec2ba37fa8cbb0b
3,S04,ar,CoPy_R,right,2,SS_vs_persistence,0.08851491831956093,29358,2ec2ba37fa8cbb0b
3,S04,ar,CoPy_R,right,2,SS_vs_seasonal,0.2884083824086958,29358,2ec2ba37fa8cbb0b
3,S04,ar,CoPy_R,right,2,SS_vs_ar,7.190140560719982e-08,29358,2ec2ba37fa8cbb0b
3,S04,ar,CoPy_R,right,3,MSE,1.7325807234623968e-05,29358,2ec2ba37fa8cbb0b
3,S04,ar,CoPy_R,right,3,MAE,0.0028532898077522242,29358,2ec2ba37fa8cbb0b
3,S04,ar,CoPy_R,right,3,SS_vs_persistence,0.1227930073937783,29358,2ec2ba37fa8cbb0b
3,S04,ar,CoPy_R,right,3,SS_vs_seasonal,0.26744068213082695,29358,2ec2ba37fa8cbb0b
3,S04,ar,CoPy_R,right,3,SS_vs_ar,5.7717365109510865e-08,29358,2ec2ba37fa8cbb0b
3,S04,ar,CoPy_R,right,4,MSE,1.988411484749588e-05,29358,2ec2ba37fa8cbb0b
3,S04,ar,CoPy_R,right,4,MAE,0.0030909509472581156,29358,2ec2ba37fa8cbb0b
3,S04,ar,CoPy_R,right,4,SS_vs_persistence,0.14499915357083137,29358,2ec2ba37fa8cbb0b
3,S04,ar,CoPy_R,right,4,SS_vs_seasonal,0.26290623989318307,29358,2ec2ba37fa8cbb0b
3,S04,ar,CoPy_R,right,4,SS_vs_ar,5.029139882317679e-08,29358,2ec2ba37fa8cbb0b
3,S04,ar,CoPy_R,right,5,MSE,2.2048562376616693e-05,29358,2ec2ba37fa8cbb0b
3,S04,ar,CoPy_R,right,5,MAE,0.003285420916292898,29358,2ec2ba37fa8cbb0b
3,S04,ar,CoPy_R,right,5,SS_vs_persistence,0.15702043091619433,29358,2ec2ba37fa8cbb0b
3,S04,ar,CoPy_R,right,5,SS_vs_seasonal,0.25645352861313964,29358,2ec2ba37fa8cbb0b
3,S04,ar,CoPy_R,right,5,SS_vs_ar,4.5354428879207376e-08,29358,2ec2ba37fa8cbb0b
3,S04,ar,CoPy_R,right,6,MSE,2.4145373901816538e-05,29358,2ec2ba37fa8cbb0b
3,S04,ar,CoPy_R,right,6,MAE,0.00347019333959802,29358,2ec2ba37fa8cbb0b
3,S04,ar,CoPy_R,right,6,SS_vs_persistence,0.1664454972752818,29358,2ec2ba37fa8cbb0b
3,S04,ar,CoPy_R,right,6,SS_vs_seasonal,0.2474694138325667,29358,2ec2ba37fa8cbb0b
3,S04,ar,CoPy_R,right,6,SS_vs_ar,4.1415799234556516e-08,29358,2ec2ba37fa8cbb0b
3,S04,ar,CoPy_R,right,all,MSE,1.7618262475573726e-05,29358,2ec2ba37fa8cbb0b
3,S04,ar,CoPy_R,right,all,MAE,0.002872054233058864,29358,2ec2ba37fa8cbb0b
3,S04,ar,CoPy_R,right,all,Hausdorff,2.4016738386483323,29358,2ec2ba37fa8cbb0b
3,S04,ar,CoPy_R,right,all,SS_vs_persistence,0.13426457539731174,29358,2ec2ba37fa8cbb0b
3,S04,ar,CoPy_R,right,all,HD_ratio_vs_persistence,0.8422281659420474,29358,2ec2ba37fa8cbb0b
3,S04,ar,CoPy_R,right,all,SS_vs_seasonal,0.27456185804992395,29358,2ec2ba37fa8cbb0b
3,S04,ar,CoPy_R,right,all,HD_ratio_vs_seasonal,0.8162067498525278,29358,2ec2ba37fa8cbb0b
3,S04,ar,CoPy_R,right,all,SS_vs_ar,5.6759282829332847e-08,29358,2ec2ba37fa8cbb0b
3,S04,ar,CoPy_R,right,all,HD_ratio_vs_ar,1.0,29358,2ec2ba37fa8cbb0b
4,S05,persistence,F_L,left,1,MSE,7.513825146291163,35778,2ec2ba37fa8cbb0b
4,S05,persistence,F_L,left,1,MAE,1.787880170311321,35778,2ec2ba37fa8cbb0b
4,S05,persistence,F_L,left,1,SS_vs_persistence,1.3311574065255627e-13,35778,2ec2ba37fa8cbb0b
4,S05,persistence,F_L,left,1,SS_vs_seasonal,0.35900258363146476,35778,2ec2ba37fa8cbb0b
4,S05,persistence,F_L,left,1,SS_vs_ar,-0.005554917658351366,35778,2ec2ba37fa8cbb0b
4,S05,persistence,F_L,left,2,MSE,15.45696287241199,35778,2ec2ba37fa8cbb0b
4,S05,persistence,F_L,left,2,MAE,2.5893175712712115,35778,2ec2ba37fa8cbb0b
4,S05,persistence,F_L,left,2,SS_vs_persistence,6.472600233564663e-14,35778,2ec2ba37fa8cbb0b
4,S05,persistence,F_L,left,2,SS_vs_seasonal,0.18336557580726753,35778,2ec2ba37fa8cbb0b
4,S05,persistence,F_L,left,2,SS_vs_ar,-0.020724839321786925,35778,2ec2ba37fa8cbb0b
4,S05,persistence,F_L,left,3,MSE,22.657057133483423,35778,2ec2ba37fa8cbb0b
4,S05,persistence,F_L,left,3,MAE,3.16578675595862,35778,2ec2ba37fa8cbb0b
4,S05,persistence,F_L,left,3,SS_vs_persistence,4.4075854077618715e-14,35778,2ec2ba37fa8cbb0b
4,S05,persistence,F_L,left,3,SS_vs_seasonal,0.11615410263073034,35778,2ec2ba37fa8cbb0b
4,S05,persistence,F_L,left,3,SS_vs_ar,-0.03440313787793836,35778,2ec2ba37fa8cbb0b
4,S05,persistence,F_L,left,4,MSE,29.54099956916187,35778,2ec2ba37fa8cbb0b
4,S05,persistence,F_L,left,4,MAE,3.6358664789476514,35778,2ec2ba37fa8cbb0b
4,S05,persistence,F_L,left,4,SS_vs_persistence,3.375077994860476e-14,35778,2ec2ba37fa8cbb0b
4,S05,persistence,F_L,left,4,SS_vs_seasonal,0.08429740223008264,35778,2ec2ba37fa8cbb0b
4,S05,persistence,F_L,left,4,SS_vs_ar,-0.04834790219282992,35778,2ec2ba37fa8cbb0b
4,S05,persistence,F_L,left,5,MSE,36.03893998963735,35778,2ec2ba37fa8cbb0b
4,S05,persistence,F_L,left,5,MAE,4.039611074321925,35778,2ec2ba37fa8cbb0b
4,S05,persistence,F_L,left,5,SS_vs_persistence,2.7755575615628914e-14,35778,2ec2ba37fa8cbb0b
4,S05,persistence,F_L,left,5,SS_vs_seasonal,0.06118481948465104,35778,2ec2ba37fa8cbb0b
4,S05,persistence,F_L,left,5,SS_vs_ar,-0.060752405437946244,35778,2ec2ba37fa8cbb0b
4,S05,persistence,F_L,left,6,MSE,42.113745973051266,35778,2ec2ba37fa8cbb0b
4,S05,persistence,F_L,left,6,MAE,4.387698152891725,35778,2ec2ba37fa8cbb0b
4,S05,persistence,F_L,left,6,SS_vs_persistence,2.375877272697835e-14,35778,2ec2ba37fa8cbb0b
4,S05,persistence,F_L,left,6,SS_vs_seasonal,0.045189593088757474,35778,2ec2ba37fa8cbb0b
4,S05,persistence,F_L,left,6,SS_vs_ar,-0.07268020774228146,35778,2ec2ba37fa8cbb0b
4,S05,persistence,F_L,left,all,MSE,25.55358844733951,35778,2ec2ba37fa8cbb0b
4,S05,persistence,F_L,left,all,MAE,3.2676933672837425,35778,2ec2ba37fa8cbb0b
4,S05,persistence,F_L,left,all,Hausdorff,2.969623545714499,35778,2ec2ba37fa8cbb0b
4,S05,persistence,F_L,left,all,SS_vs_persistence,3.907985046680551e-14,35778,2ec2ba37fa8cbb0b
4,S05,persistence,F_L,left,all,HD_ratio_vs_persistence,1.0,35778,2ec2ba37fa8cbb0b
4,S05,persistence,F_L,left,all,SS_vs_seasonal,0.1035895323742485,35778,2ec2ba37fa8cbb0b
4,S05,persistence,F_L,left,all,HD_ratio_vs_seasonal,0.9984997384611559,35778,2ec2ba37fa8cbb0b
4,S05,persistence,F_L,left,all,SS_vs_ar,-0.05063137645429627,35778,2ec2ba37fa8cbb0b
4,S05,persistence,F_L,left,all,HD_ratio_vs_ar,1.13574507694027,35778,2ec2ba37fa8cbb0b
4,S05,persistence,CoPx_L,left,1,MSE,4.384877947297043e-06,35675,2ec2ba37fa8cbb0b
4,S05,persistence,CoPx_L,left,1,MAE,0.0015677257762306464,35675,2ec2ba37fa8cbb0b
4,S05,persistence,CoPx_L,left,1,SS_vs_persistence,2.2805646682222402e-07,35675,2ec2ba37fa8cbb0b
4,S05,persistence,CoPx_L,left,1,SS_vs_seasonal,0.12857499924373006,35675,2ec2ba37fa8cbb0b
4,S05,persistence,CoPx_L,left,1,SS_vs_ar,-0.07144867749751826,35675,2ec2ba37fa8cbb0b
4,S05,persistence,CoPx_L,left,2,MSE,6.822720251033005e-06,35675,2ec2ba37fa8cbb0b
4,S05,persistence,CoPx_L,left,2,MAE,0.001917796793272967,35675,2ec2ba37fa8cbb0b
4,S05,persistence,CoPx_L,left,2,SS_vs_persistence,1.4656908342569608e-07,35675,2ec2ba37fa8cbb0b
4,S05,persistence,CoPx_L,left,2,SS_vs_seasonal,0.055627294965056695,35675,2ec2ba37fa8cbb0b
4,S05,persistence,CoPx_L,left,2,SS_vs_ar,-0.08752654061252096,35675,2ec2ba37fa8cbb0b
4,S05,persistence,CoPx_L,left,3,MSE,8.885323373186805e-06,35675,2ec2ba37fa8cbb0b
4,S05,persistence,CoPx_L,left,3,MAE,0.0021912883999190046,35675,2ec2ba37fa8cbb0b
4,S05,persistence,CoPx_L,left,3,SS_vs_persistence,1.1254513143654776e-07,35675,2ec2ba37fa8cbb0b
4,S05,persistence,CoPx_L,left,3,SS_vs_seasonal,0.031196420802790614,35675,2ec2ba37fa8cbb0b
4,S05,persistence,CoPx_L,left,3,SS_vs_ar,-0.10582210054556107,35675,2ec2ba37fa8cbb0b
4,S05,persistence,CoPx_L,left,4,MSE,1.0732321430410513e-05,35675,2ec2ba37fa8cbb0b
4,S05,persistence,CoPx_L,left,4,MAE,0.0024116476451191194,35675,2ec2ba37fa8cbb0b
4,S05,persistence,CoPx_L,left,4,SS_vs_persistence,9.317647753359637e-08,35675,2ec2ba37fa8cbb0b
4,S05,persistence,CoPx_L,left,4,SS_vs_seasonal,0.013531045785410423,35675,2ec2ba37fa8cbb0b
4,S05,persistence,CoPx_L,left,4,SS_vs_ar,-0.1316019326302209,35675,2ec2ba37fa8cbb0b
4,S05,persistence,CoPx_L,left,5,MSE,1.2129472906018648e-05,35675,2ec2ba37fa8cbb0b
4,S05,persistence,CoPx_L,left,5,MAE,0.002556689474264825,35675,2ec2ba37fa8cbb0b
4,S05,persistence,CoPx_L,left,5,SS_vs_persistence,8.244380644839566e-08,35675,2ec2ba37fa8cbb0b
4,S05,persistence,CoPx_L,left,5,SS_vs_seasonal,0.004580935637484629,35675,2ec2ba37fa8cbb0b
4,S05,persistence,CoPx_L,left,5,SS_vs_ar,-0.14218534843272845,35675,2ec2ba37fa8cbb0b
4,S05,persistence,CoPx_L,left,6,MSE,1.3284341832227882e-05,35675,2ec2ba37fa8cbb0b
4,S05,persistence,CoPx_L,left,6,MAE,0.002682721647079731,35675,2ec2ba37fa8cbb0b
4,S05,persistence,CoPx_L,left,6,SS_vs_persistence,7.527658774098e-08,35675,2ec2ba37fa8cbb0b
4,S05,persistence,CoPx_L,left,6,SS_vs_seasonal,0.001678216046885117,35675,2ec2ba37fa8cbb0b
4,S05,persistence,CoPx_L,left,6,SS_vs_ar,-0.15288633432690513,35675,2ec2ba37fa8cbb0b
4,S05,persistence,CoPx_L,left,all,MSE,9.373066656797865e-06,35675,2ec2ba37fa8cbb0b
4,S05,persistence,CoPx_L,left,all,MAE,0.002221298688939953,35675,2ec2ba37fa8cbb0b
4,S05,persistence,CoPx_L,left,all,Hausdorff,2.8255372798668916,35675,2ec2ba37fa8cbb0b
4,S05,persistence,CoPx_L,left,all,SS_vs_persistence,1.066886569089931e-07,35675,2ec2ba37fa8cbb0b
4,S05,persistence,CoPx_L,left,all,HD_ratio_vs_persistence,1.0,35675,2ec2ba37fa8cbb0b
4,S05,persistence,CoPx_L,left,all,SS_vs_seasonal,0.026996664717783725,35675,2ec2ba37fa8cbb0b
4,S05,persistence,CoPx_L,left,all,HD_ratio_vs_seasonal,1.005311547452323,35675,2ec2ba37fa8cbb0b
4,S05,persistence,CoPx_L,left,all,SS_vs_ar,-0.12416120844675094,35675,2ec2ba37fa8cbb0b
4,S05,persistence,CoPx_L,left,all,HD_ratio_vs_ar,1.1622397914185767,35675,2ec2ba37fa8cbb0b
4,S05,persistence,CoPy_L,left,1,MSE,6.818550787788279e-06,35675,2ec2ba37fa8cbb0b
4,S05,persistence,CoPy_L,left,1,MAE,0.0018120444297863175,35675,2ec2ba37fa8cbb0b
4,S05,persistence,CoPy_L,left,1,SS_vs_persistence,1.466587086218496e-07,35675,2ec2ba37fa8cbb0b
4,S05,persistence,CoPy_L,left,1,SS_vs_seasonal,0.33649736996865764,35675,2ec2ba37fa8cbb0b
4,S05,persistence,CoPy_L,left,1,SS_vs_ar,-0.003756882251609639,35675,2ec2ba37fa8cbb0b
4,S05,persistence,CoPy_L,left,2,MSE,1.1683446566082984e-05,35675,2ec2ba37fa8cbb0b
4,S05,persistence,CoPy_L,left,2,MAE,0.0023368999014346022,35675,2ec2ba37fa8cbb0b
4,S05,persistence,CoPy_L,left,2,SS_vs_persistence,8.559117448125875e-08,35675,2ec2ba37fa8cbb0b
4,S05,persistence,CoPy_L,left,2,SS_vs_seasonal,0.1937297123094911,35675,2ec2ba37fa8cbb0b
4,S05,persistence,CoPy_L,left,2,SS_vs_ar,-0.027792183818011962,35675,2ec2ba37fa8cbb0b
4,S05,persistence,CoPy_L,left,3,MSE,1.5145595648659612e-05,35675,2ec2ba37fa8cbb0b
4,S05,persistence,CoPy_L,left,3,MAE,0.0026337959243621545,35675,2ec2ba37fa8cbb0b
4,S05,persistence,CoPy_L,left,3,SS_vs_persistence,6.602579105674522e-08,35675,2ec2ba37fa8cbb0b
4,S05,persistence,CoPy_L,left,3,SS_vs_seasonal,0.13587406712867112,35675,2ec2ba37fa8cbb0b
4,S05,persistence,CoPy_L,left,3,SS_vs_ar,-0.028380547587009586,35675,2ec2ba37fa8cbb0b
4,S05,persistence,CoPy_L,left,4,MSE,1.8714431601437594e-05,35675,2ec2ba37fa8cbb0b
4,S05,persistence,CoPy_L,left,4,MAE,0.002926788895354984,35675,2ec2ba37fa8cbb0b
4,S05,persistence,CoPy_L,left,4,SS_vs_persistence,5.3434695113097064e-08,35675,2ec2ba37fa8cbb0b
4,S05,persistence,CoPy_L,left,4,SS_vs_seasonal,0.09622971577953343,35675,2ec2ba37fa8cbb0b
4,S05,persistence,CoPy_L,left,4,SS_vs_ar,-0.04592904162615086,35675,2ec2ba37fa8cbb0b
4,S05,persistence,CoPy_L,left,5,MSE,2.225772976865648e-05,35675,2ec2ba37fa8cbb0b
4,S05,persistence,CoPy_L,left,5,MAE,0.003220923781716019,35675,2ec2ba37fa8cbb0b
4,S05,persistence,CoPy_L,left,5,SS_vs_persistence,4.492820993018398e-08,35675,2ec2ba37fa8cbb0b
4,S05,persistence,CoPy_L,left,5,SS_vs_seasonal,0.0699961754463101,35675,2ec2ba37fa8cbb0b
4,S05,persistence,CoPy_L,left,5,SS_vs_ar,-0.06666298622934819,35675,2ec2ba37fa8cbb0b
4,S05,persistence,CoPy_L,left,6,MSE,2.5192058660536158e-05,35675,2ec2ba37fa8cbb0b
4,S05,persistence,CoPy_L,left,6,MAE,0.003456118270978175,35675,2ec2ba37fa8cbb0b
4,S05,persistence,CoPy_L,left,6,SS_vs_persistence,3.96950472492108e-08,35675,2ec2ba37fa8cbb0b
4,S05,persistence,CoPy_L,left,6,SS_vs_seasonal,0.05736646081880259,35675,2ec2ba37fa8cbb0b
4,S05,persistence,CoPy_L,left,6,SS_vs_ar,-0.07725054921327823,35675,2ec2ba37fa8cbb0b
4,S05,persistence,CoPy_L,left,all,MSE,1.663506231917454e-05,35675,2ec2ba37fa8cbb0b
4,S05,persistence,CoPy_L,left,all,MAE,0.0027310748776041035,35675,2ec2ba37fa8cbb0b
4,S05,persistence,CoPy_L,left,all,Hausdorff,2.8688098803081923,35675,2ec2ba37fa8cbb0b
4,S05,persistence,CoPy_L,left,all,SS_vs_persistence,6.011398812066915e-08,35675,2ec2ba37fa8cbb0b
4,S05,persistence,CoPy_L,left,all,HD_ratio_vs_persistence,1.0,35675,2ec2ba37fa8cbb0b
4,S05,persistence,CoPy_L,left,all,SS_vs_seasonal,0.12183816577574635,35675,2ec2ba37fa8cbb0b
4,S05,persistence,CoPy_L,left,all,HD_ratio_vs_seasonal,0.9968377889504518,35675,2ec2ba37fa8cbb0b
4,S05,persistence,CoPy_L,left,all,SS_vs_ar,-0.05028454971227059,35675,2ec2ba37fa8cbb0b
4,S05,persistence,CoPy_L,left,all,HD_ratio_vs_ar,1.0998363394973658,35675,2ec2ba37fa8cbb0b
4,S05,persistence,F_R,right,1,MSE,16.205779332014117,35778,2ec2ba37fa8cbb0b
4,S05,persistence,F_R,right,1,MAE,2.7012343943248993,35778,2ec2ba37fa8cbb0b
4,S05,persistence,F_R,right,1,SS_vs_persistence,6.161737786669619e-14,35778,2ec2ba37fa8cbb0b
4,S05,persistence,F_R,right,1,SS_vs_seasonal,0.38971954986481616,35778,2ec2ba37fa8cbb0b
4,S05,persistence,F_R,right,1,SS_vs_ar,-0.02687223261936844,35778,2ec2ba37fa8cbb0b
4,S05,persistence,F_R,right,2,MSE,36.1971692989007,35778,2ec2ba37fa8cbb0b
4,S05,persistence,F_R,right,2,MAE,4.066929746989573,35778,2ec2ba37fa8cbb0b
4,S05,persistence,F_R,right,2,SS_vs_persistence,2.7644553313166398e-14,35778,2ec2ba37fa8cbb0b
4,S05,persistence,F_R,right,2,SS_vs_seasonal,0.1958094604857934,35778,2ec2ba37fa8cbb0b
4,S05,persistence,F_R,right,2,SS_vs_ar,-0.039267513469580795,35778,2ec2ba37fa8cbb0b
4,S05,persistence,F_R,right,3,MSE,54.23049581893952,35778,2ec2ba37fa8cbb0b
4,S05,persistence,F_R,right,3,MAE,5.072037533867705,35778,2ec2ba37fa8cbb0b
4,S05,persistence,F_R,right,3,SS_vs_persistence,1.84297022087776e-14,35778,2ec2ba37fa8cbb0b
4,S05,persistence,F_R,right,3,SS_vs_seasonal,0.1249473480547737,35778,2ec2ba37fa8cbb0b
4,S05,persistence,F_R,right,3,SS_vs_ar,-0.05987587345933876,35778,2ec2ba37fa8cbb0b
4,S05,persistence,F_R,right,4,MSE,71.04252415720724,35778,2ec2ba37fa8cbb0b
4,S05,persistence,F_R,right,4,MAE,5.869663175192332,35778,2ec2ba37fa8cbb0b
4,S05,persistence,F_R,right,4,SS_vs_persistence,1.3988810110276972e-14,35778,2ec2ba37fa8cbb0b
4,S05,persistence,F_R,right,4,SS_vs_seasonal,0.0903347946238886,35778,2ec2ba37fa8cbb0b
4,S05,persistence,F_R,right,4,SS_vs_ar,-0.08390533365454456,35778,2ec2ba37fa8cbb0b
4,S05,persistence,F_R,right,5,MSE,87.1757926801293,35778,2ec2ba37fa8cbb0b
4,S05,persistence,F_R,right,5,MAE,6.566495914257715,35778,2ec2ba37fa8cbb0b
4,S05,persistence,F_R,right,5,SS_vs_persistence,1.1435297153639112e-14,35778,2ec2ba37fa8cbb0b
4,S05,persistence,F_R,right,5,SS_vs_seasonal,0.06693321340415392,35778,2ec2ba37fa8cbb0b
4,S05,persistence,F_R,right,5,SS_vs_ar,-0.10982343607134437,35778,2ec2ba37fa8cbb0b
4,S05,persistence,F_R,right,6,MSE,101.92251935803414,35778,2ec2ba37fa8cbb0b
4,S05,persistence,F_R,right,6,MAE,7.156826937296597,35778,2ec2ba37fa8cbb0b
4,S05,persistence,F_R,right,6,SS_vs_persistence,9.769962616701378e-15,35778,2ec2ba37fa8cbb0b
4,S05,persistence,F_R,right,6,SS_vs_seasonal,0.050769454332615704,35778,2ec2ba37fa8cbb0b
4,S05,persistence,F_R,right,6,SS_vs_ar,-0.13222960697747999,35778,2ec2ba37fa8cbb0b
4,S05,persistence,F_R,right,all,MSE,61.12904677420417,35778,2ec2ba37fa8cbb0b
4,S05,persistence,F_R,right,all,MAE,5.2388646169881365,35778,2ec2ba37fa8cbb0b
4,S05,persistence,F_R,right,all,Hausdorff,3.0230176361193415,35778,2ec2ba37fa8cbb0b
4,S05,persistence,F_R,right,all,SS_vs_persistence,1.6431300764452317e-14,35778,2ec2ba37fa8cbb0b
4,S05,persistence,F_R,right,all,HD_ratio_vs_persistence,1.0,35778,2ec2ba37fa8cbb0b
4,S05,persistence,F_R,right,all,SS_vs_seasonal,0.11072066013349213,35778,2ec2ba37fa8cbb0b
4,S05,persistence,F_R,right,all,HD_ratio_vs_seasonal,0.9616966856897358,35778,2ec2ba37fa8cbb0b
4,S05,persistence,F_R,right,all,SS_vs_ar,-0.0919486337762947,35778,2ec2ba37fa8cbb0b
4,S05,persistence,F_R,right,all,HD_ratio_vs_ar,1.117751977479351,35778,2ec2ba37fa8cbb0b
4,S05,persistence,CoPx_R,right,1,MSE,5.773048189549098e-06,35772,2ec2ba37fa8cbb0b
4,S05,persistence,CoPx_R,right,1,MAE,0.0017404399000046954,35772,2ec2ba37fa8cbb0b
4,S05,persistence,CoPx_R,right,1,SS_vs_persistence,1.7321868694963882e-07,35772,2ec2ba37fa8cbb0b
4,S05,persistence,CoPx_R,right,1,SS_vs_seasonal,0.14179915134733534,35772,2ec2ba37fa8cbb0b
4,S05,persistence,CoPx_R,right,1,SS_vs_ar,-0.04533291270024842,35772,2ec2ba37fa8cbb0b
4,S05,persistence,CoPx_R,right,2,MSE,1.0162453356538054e-05,35772,2ec2ba37fa8cbb0b
4,S05,persistence,CoPx_R,right,2,MAE,0.0022921846373338602,35772,2ec2ba37fa8cbb0b
4,S05,persistence,CoPx_R,right,2,SS_vs_persistence,9.840142589645495e-08,35772,2ec2ba37fa8cbb0b
4,S05,persistence,CoPx_R,right,2,SS_vs_seasonal,0.06996534194981952,35772,2ec2ba37fa8cbb0b
4,S05,persistence,CoPx_R,right,2,SS_vs_ar,-0.0911876408506993,35772,2ec2ba37fa8cbb0b
4,S05,persistence,CoPx_R,right,3,MSE,1.3438882090671377e-05,35772,2ec2ba37fa8cbb0b
4,S05,persistence,CoPx_R,right,3,MAE,0.002637222215508285,35772,2ec2ba37fa8cbb0b
4,S05,persistence,CoPx_R,right,3,SS_vs_persistence,7.441094562743444e-08,35772,2ec2ba37fa8cbb0b
4,S05,persistence,CoPx_R,right,3,SS_vs_seasonal,0.04348458664341348,35772,2ec2ba37fa8cbb0b
4,S05,persistence,CoPx_R,right,3,SS_vs_ar,-0.11820734679639733,35772,2ec2ba37fa8cbb0b
4,S05,persistence,CoPx_R,right,4,MSE,1.5807382533812406e-05,35772,2ec2ba37fa8cbb0b
4,S05,persistence,CoPx_R,right,4,MAE,0.0028784548007419974,35772,2ec2ba37fa8cbb0b
4,S05,persistence,CoPx_R,right,4,SS_vs_persistence,6.326157631075802e-08,35772,2ec2ba37fa8cbb0b
4,S05,persistence,CoPx_R,right,4,SS_vs_seasonal,0.03154341052085019,35772,2ec2ba37fa8cbb0b
4,S05,persistence,CoPx_R,right,4,SS_vs_ar,-0.1296862434787096,35772,2ec2ba37fa8cbb0b
4,S05,persistence,CoPx_R,right,5,MSE,1.7620332687762817e-05,35772,2ec2ba37fa8cbb0b
4,S05,persistence,CoPx_R,right,5,MAE,0.0030541497753138517,35772,2ec2ba37fa8cbb0b
4,S05,persistence,CoPx_R,right,5,SS_vs_persistence,5.675261416371313e-08,35772,2ec2ba37fa8cbb0b
4,S05,persistence,CoPx_R,right,5,SS_vs_seasonal,0.02368324753044304,35772,2ec2ba37fa8cbb0b
4,S05,persistence,CoPx_R,right,5,SS_vs_ar,-0.1317498257246872,35772,2ec2ba37fa8cbb0b
4,S05,persistence,CoPx_R,right,6,MSE,1.943688529802223e-05,35772,2ec2ba37fa8cbb0b
4,S05,persistence,CoPx_R,right,6,MAE,0.003215681184877896,35772,2ec2ba37fa8cbb0b
4,S05,persistence,CoPx_R,right,6,SS_vs_persistence,5.144856973782197e-08,35772,2ec2ba37fa8cbb0b
4,S05,persistence,CoPx_R,right,6,SS_vs_seasonal,0.01808477067216563,35772,2ec2ba37fa8cbb0b
4,S05,persistence,CoPx_R,right,6,SS_vs_ar,-0.14227154835557143,35772,2ec2ba37fa8cbb0b
4,S05,persistence,CoPx_R,right,all,MSE,1.3706497359393168e-05,35772,2ec2ba37fa8cbb0b
4,S05,persistence,CoPx_R,right,all,MAE,0.002636355418963431,35772,2ec2ba37fa8cbb0b
4,S05,persistence,CoPx_R,right,all,Hausdorff,2.8502165794038627,35772,2ec2ba37fa8cbb0b
4,S05,persistence,CoPx_R,right,all,SS_vs_persistence,7.295809423268906e-08,35772,2ec2ba37fa8cbb0b
4,S05,persistence,CoPx_R,right,all,HD_ratio_vs_persistence,1.0,35772,2ec2ba37fa8cbb0b
4,S05,persistence,CoPx_R,right,all,SS_vs_seasonal,0.04226930737597312,35772,2ec2ba37fa8cbb0b
4,S05,persistence,CoPx_R,right,all,HD_ratio_vs_seasonal,0.9932956207467316,35772,2ec2ba37fa8cbb0b
4,S05,persistence,CoPx_R,right,all,SS_vs_ar,-0.11993464283995703,35772,2ec2ba37fa8cbb0b
4,S05,persistence,CoPx_R,right,all,HD_ratio_vs_ar,1.1767061374643861,35772,2ec2ba37fa8cbb0b
4,S05,persistence,CoPy_R,right,1,MSE,6.134237317038181e-06,35772,2ec2ba37fa8cbb0b
4,S05,persistence,CoPy_R,right,1,MAE,0.0017283326745639036,35772,2ec2ba37fa8cbb0b
4,S05,persistence,CoPy_R,right,1,SS_vs_persistence,1.6301942451502072e-07,35772,2ec2ba37fa8cbb0b
4,S05,persistence,CoPy_R,right,1,SS_vs_seasonal,0.3434743157036786,35772,2ec2ba37fa8cbb0b
4,S05,persistence,CoPy_R,right,1,SS_vs_ar,-0.03089247559245445,35772,2ec2ba37fa8cbb0b
4,S05,persistence,CoPy_R,right,2,MSE,1.0215468946080962e-05,35772,2ec2ba37fa8cbb0b
4,S05,persistence,CoPy_R,right,2,MAE,0.0021885736355666085,35772,2ec2ba37fa8cbb0b
4,S05,persistence,CoPy_R,right,2,SS_vs_persistence,9.789074850719004e-08,35772,2ec2ba37fa8cbb0b
4,S05,persistence,CoPy_R,right,2,SS_vs_seasonal,0.21512989981305752,35772,2ec2ba37fa8cbb0b
4,S05,persistence,CoPy_R,right,2,SS_vs_ar,-0.0490288165586239,35772,2ec2ba37fa8cbb0b
4,S05,persistence,CoPy_R,right,3,MSE,1.3612449593245684e-05,35772,2ec2ba37fa8cbb0b
4,S05,persistence,CoPy_R,right,3,MAE,0.0024986567615773716,35772,2ec2ba37fa8cbb0b
4,S05,persistence,CoPy_R,right,3,SS_vs_persistence,7.346215824544089e-08,35772,2ec2ba37fa8cbb0b
4,S05,persistence,CoPy_R,right,3,SS_vs_seasonal,0.15593108101523379,35772,2ec2ba37fa8cbb0b
4,S05,persistence,CoPy_R,right,3,SS_vs_ar,-0.05309186044619674,35772,2ec2ba37fa8cbb0b
4,S05,persistence,CoPy_R,right,4,MSE,1.692888953941916e-05,35772,2ec2ba37fa8cbb0b
4,S05,persistence,CoPy_R,right,4,MAE,0.00276492857435551,35772,2ec2ba37fa8cbb0b
4,S05,persistence,CoPy_R,right,4,SS_vs_persistence,5.907061639831568e-08,35772,2ec2ba37fa8cbb0b
4,S05,persistence,CoPy_R,right,4,SS_vs_seasonal,0.11685498985502629,35772,2ec2ba37fa8cbb0b
4,S05,persistence,CoPy_R,right,4,SS_vs_ar,-0.05951730639755537,35772,2ec2ba37fa8cbb0b
4,S05,persistence,CoPy_R,right,5,MSE,2.003508442657663e-05,35772,2ec2ba37fa8cbb0b
4,S05,persistence,CoPy_R,right,5,MAE,0.00297086181414128,35772,2ec2ba37fa8cbb0b
4,S05,persistence,CoPy_R,right,5,SS_vs_persistence,4.9912439958887944e-08,35772,2ec2ba37fa8cbb0b
4,S05,persistence,CoPy_R,right,5,SS_vs_seasonal,0.0898242656302023,35772,2ec2ba37fa8cbb0b
4,S05,persistence,CoPy_R,right,5,SS_vs_ar,-0.06809921556754839,35772,2ec2ba37fa8cbb0b
4,S05,persistence,CoPy_R,right,6,MSE,2.3379408303810983e-05,35772,2ec2ba37fa8cbb0b
4,S05,persistence,CoPy_R,right,6,MAE,0.003197485707083961,35772,2ec2ba37fa8cbb0b
4,S05,persistence,CoPy_R,right,6,SS_vs_persistence,4.277268028651804e-08,35772,2ec2ba37fa8cbb0b
4,S05,persistence,CoPy_R,right,6,SS_vs_seasonal,0.0683813641137403,35772,2ec2ba37fa8cbb0b
4,S05,persistence,CoPy_R,right,6,SS_vs_ar,-0.0834344725152032,35772,2ec2ba37fa8cbb0b
4,S05,persistence,CoPy_R,right,all,MSE,1.5050923021029078e-05,35772,2ec2ba37fa8cbb0b
4,S05,persistence,CoPy_R,right,all,MAE,0.0025581398612147723,35772,2ec2ba37fa8cbb0b
4,S05,persistence,CoPy_R,right,all,Hausdorff,2.855839962698726,35772,2ec2ba37fa8cbb0b
4,S05,persistence,CoPy_R,right,all,SS_vs_persistence,6.64411033968193e-08,35772,2ec2ba37fa8cbb0b
4,S05,persistence,CoPy_R,right,all,HD_ratio_vs_persistence,1.0,35772,2ec2ba37fa8cbb0b
4,S05,persistence,CoPy_R,right,all,SS_vs_seasonal,0.1380000849659374,35772,2ec2ba37fa8cbb0b
4,S05,persistence,CoPy_R,right,all,HD_ratio_vs_seasonal,0.9779454014739053,35772,2ec2ba37fa8cbb0b
4,S05,persistence,CoPy_R,right,all,SS_vs_ar,-0.06330353755296603,35772,2ec2ba37fa8cbb0b
4,S05,persistence,CoPy_R,right,all,HD_ratio_vs_ar,1.1534033801987709,35772,2ec2ba37fa8cbb0b
4,S05,seasonal,F_L,left,1,MSE,11.722083356995189,35778,2ec2ba37fa8cbb0b
4,S05,seasonal,F_L,left,1,MAE,2.0206753393157544,35778,2ec2ba37fa8cbb0b
4,S05,seasonal,F_L,left,1,SS_vs_persistence,-0.5600686905496688,35778,2ec2ba37fa8cbb0b
4,S05,seasonal,F_L,left,1,SS_vs_seasonal,8.526512829121202e-14,35778,2ec2ba37fa8cbb0b
4,S05,seasonal,F_L,left,1,SS_vs_ar,-0.568734743667253,35778,2ec2ba37fa8cbb0b
4,S05,seasonal,F_L,left,2,MSE,18.927640587391164,35778,2ec2ba37fa8cbb0b
4,S05,seasonal,F_L,left,2,MAE,2.7545723909502478,35778,2ec2ba37fa8cbb0b
4,S05,seasonal,F_L,left,2,SS_vs_persistence,-0.22453814139467898,35778,2ec2ba37fa8cbb0b
4,S05,seasonal,F_L,left,2,SS_vs_seasonal,5.2735593669694936e-14,35778,2ec2ba37fa8cbb0b
4,S05,seasonal,F_L,left,2,SS_vs_ar,-0.24991649761856416,35778,2ec2ba37fa8cbb0b
4,S05,seasonal,F_L,left,3,MSE,25.634623864771363,35778,2ec2ba37fa8cbb0b
4,S05,seasonal,F_L,left,3,MAE,3.295740537309175,35778,2ec2ba37fa8cbb0b
4,S05,seasonal,F_L,left,3,SS_vs_persistence,-0.13141895320934927,35778,2ec2ba37fa8cbb0b
4,S05,seasonal,F_L,left,3,SS_vs_seasonal,3.8968828164342995e-14,35778,2ec2ba37fa8cbb0b
4,S05,seasonal,F_L,left,3,SS_vs_ar,-0.17034331545437476,35778,2ec2ba37fa8cbb0b
4,S05,seasonal,F_L,left,4,MSE,32.26047369648669,35778,2ec2ba37fa8cbb0b
4,S05,seasonal,F_L,left,4,MAE,3.7495341399322517,35778,2ec2ba37fa8cbb0b
4,S05,seasonal,F_L,left,4,SS_vs_persistence,-0.0920576204930661,35778,2ec2ba37fa8cbb0b
4,S05,seasonal,F_L,left,4,SS_vs_seasonal,3.108624468950438e-14,35778,2ec2ba37fa8cbb0b
4,S05,seasonal,F_L,left,4,SS_vs_ar,-0.1448563155176381,35778,2ec2ba37fa8cbb0b
4,S05,seasonal,F_L,left,5,MSE,38.38768347338968,35778,2ec2ba37fa8cbb0b
4,S05,seasonal,F_L,left,5,MAE,4.122383472085019,35778,2ec2ba37fa8cbb0b
4,S05,seasonal,F_L,left,5,SS_vs_persistence,-0.06517237977661439,35778,2ec2ba37fa8cbb0b
4,S05,seasonal,F_L,left,5,SS_vs_seasonal,2.609024107869118e-14,35778,2ec2ba37fa8cbb0b
4,S05,seasonal,F_L,left,5,SS_vs_ar,-0.12988416405413683,35778,2ec2ba37fa8cbb0b
4,S05,seasonal,F_L,left,6,MSE,44.10691972795509,35778,2ec2ba37fa8cbb0b
4,S05,seasonal,F_L,left,6,MAE,4.457188597465949,35778,2ec2ba37fa8cbb0b
4,S05,seasonal,F_L,left,6,SS_vs_persistence,-0.04732834158657395,35778,2ec2ba37fa8cbb0b
4,S05,seasonal,F_L,left,6,SS_vs_seasonal,2.275957200481571e-14,35778,2ec2ba37fa8cbb0b
4,S05,seasonal,F_L,left,6,SS_vs_ar,-0.12344838302749195,35778,2ec2ba37fa8cbb0b
4,S05,seasonal,F_L,left,all,MSE,28.506570784498198,35778,2ec2ba37fa8cbb0b
4,S05,seasonal,F_L,left,all,MAE,3.4000157461763996,35778,2ec2ba37fa8cbb0b
4,S05,seasonal,F_L,left,all,Hausdorff,2.9740854517309665,35778,2ec2ba37fa8cbb0b
4,S05,seasonal,F_L,left,all,SS_vs_persistence,-0.11556037787972673,35778,2ec2ba37fa8cbb0b
4,S05,seasonal,F_L,left,all,HD_ratio_vs_persistence,1.0015025157053683,35778,2ec2ba37fa8cbb0b
4,S05,seasonal,F_L,left,all,SS_vs_seasonal,3.497202527569243e-14,35778,2ec2ba37fa8cbb0b
4,S05,seasonal,F_L,left,all,HD_ratio_vs_seasonal,1.0,35778,2ec2ba37fa8cbb0b
4,S05,seasonal,F_L,left,all,SS_vs_ar,-0.17204273532969805,35778,2ec2ba37fa8cbb0b
4,S05,seasonal,F_L,left,all,HD_ratio_vs_ar,1.1374515517556674,35778,2ec2ba37fa8cbb0b
4,S05,seasonal,CoPx_L,left,1,MSE,5.031846770595987e-06,35675,2ec2ba37fa8cbb0b
4,S05,seasonal,CoPx_L,left,1,MAE,0.0016355213763345586,35675,2ec2ba37fa8cbb0b
4,S05,seasonal,CoPx_L,left,1,SS_vs_persistence,-0.1475451959050662,35675,2ec2ba37fa8cbb0b
4,S05,seasonal,CoPx_L,left,1,SS_vs_seasonal,1.9873415213478296e-07,35675,2ec2ba37fa8cbb0b
4,S05,seasonal,CoPx_L,left,1,SS_vs_ar,-0.22953606292476425,35675,2ec2ba37fa8cbb0b
4,S05,seasonal,CoPx_L,left,2,MSE,7.224604512905579e-06,35675,2ec2ba37fa8cbb0b
4,S05,seasonal,CoPx_L,left,2,MAE,0.0019586538743478336,35675,2ec2ba37fa8cbb0b
4,S05,seasonal,CoPx_L,left,2,SS_vs_persistence,-0.05890366132307179,35675,2ec2ba37fa8cbb0b
4,S05,seasonal,CoPx_L,left,2,SS_vs_seasonal,1.3841586210538992e-07,35675,2ec2ba37fa8cbb0b
4,S05,seasonal,CoPx_L,left,2,SS_vs_ar,-0.15158600442751813,35675,2ec2ba37fa8cbb0b
4,S05,seasonal,CoPx_L,left,3,MSE,9.171438457882217e-06,35675,2ec2ba37fa8cbb0b
4,S05,seasonal,CoPx_L,left,3,MAE,0.0022195951291851357,35675,2ec2ba37fa8cbb0b
4,S05,seasonal,CoPx_L,left,3,SS_vs_persistence,-0.032200747286032394,35675,2ec2ba37fa8cbb0b
4,S05,seasonal,CoPx_L,left,3,SS_vs_seasonal,1.0903413838470044e-07,35675,2ec2ba37fa8cbb0b
4,S05,seasonal,CoPx_L,left,3,SS_vs_ar,-0.14143052701098702,35675,2ec2ba37fa8cbb0b
4,S05,seasonal,CoPx_L,left,4,MSE,1.0879531888042496e-05,35675,2ec2ba37fa8cbb0b
4,S05,seasonal,CoPx_L,left,4,MAE,0.0024257780866042107,35675,2ec2ba37fa8cbb0b
4,S05,seasonal,CoPx_L,left,4,SS_vs_persistence,-0.013716458724241987,35675,2ec2ba37fa8cbb0b
4,S05,seasonal,CoPx_L,left,4,SS_vs_seasonal,9.1915710820345e-08,35675,2ec2ba37fa8cbb0b
4,S05,seasonal,CoPx_L,left,4,SS_vs_ar,-0.14712361071635316,35675,2ec2ba37fa8cbb0b
4,S05,seasonal,CoPx_L,left,5,MSE,1.2185291948740725e-05,35675,2ec2ba37fa8cbb0b
4,S05,seasonal,CoPx_L,left,5,MAE,0.002562687619411941,35675,2ec2ba37fa8cbb0b
4,S05,seasonal,CoPx_L,left,5,SS_vs_persistence,-0.004601851914977306,35675,2ec2ba37fa8cbb0b
4,S05,seasonal,CoPx_L,left,5,SS_vs_seasonal,8.206614343642116e-08,35675,2ec2ba37fa8cbb0b
4,S05,seasonal,CoPx_L,left,5,SS_vs_ar,-0.14744161086512664,35675,2ec2ba37fa8cbb0b
4,S05,seasonal,CoPx_L,left,6,MSE,1.3306672304898821e-05,35675,2ec2ba37fa8cbb0b
4,S05,seasonal,CoPx_L,left,6,MAE,0.002682849142393812,35675,2ec2ba37fa8cbb0b
4,S05,seasonal,CoPx_L,left,6,SS_vs_persistence,-0.001680886510755153,35675,2ec2ba37fa8cbb0b
4,S05,seasonal,CoPx_L,left,6,SS_vs_seasonal,7.515026301252448e-08,35675,2ec2ba37fa8cbb0b
4,S05,seasonal,CoPx_L,left,6,SS_vs_ar,-0.15482429234594153,35675,2ec2ba37fa8cbb0b
4,S05,seasonal,CoPx_L,left,all,MSE,9.633128010887964e-06,35675,2ec2ba37fa8cbb0b
4,S05,seasonal,CoPx_L,left,all,MAE,0.0022475020019115787,35675,2ec2ba37fa8cbb0b
4,S05,seasonal,CoPx_L,left,all,Hausdorff,2.8106085989238005,35675,2ec2ba37fa8cbb0b
4,S05,seasonal,CoPx_L,left,all,SS_vs_persistence,-0.027745489909217547,35675,2ec2ba37fa8cbb0b
4,S05,seasonal,CoPx_L,left,all,HD_ratio_vs_persistence,0.9947165160235315,35675,2ec2ba37fa8cbb0b
4,S05,seasonal,CoPx_L,left,all,SS_vs_seasonal,1.038084300741815e-07,35675,2ec2ba37fa8cbb0b
4,S05,seasonal,CoPx_L,left,all,HD_ratio_vs_seasonal,1.0,35675,2ec2ba37fa8cbb0b
4,S05,seasonal,CoPx_L,left,all,SS_vs_ar,-0.15535173517496914,35675,2ec2ba37fa8cbb0b
4,S05,seasonal,CoPx_L,left,all,HD_ratio_vs_ar,1.1560991161038026,35675,2ec2ba37fa8cbb0b
4,S05,seasonal,CoPy_L,left,1,MSE,1.0276598487580308e-05,35675,2ec2ba37fa8cbb0b
4,S05,seasonal,CoPy_L,left,1,MAE,0.0020068703709813064,35675,2ec2ba37fa8cbb0b
4,S05,seasonal,CoPy_L,left,1,SS_vs_persistence,-0.5071526634123737,35675,2ec2ba37fa8cbb0b
4,S05,seasonal,CoPy_L,left,1,SS_vs_seasonal,9.730845307309721e-08,35675,2ec2ba37fa8cbb0b
4,S05,seasonal,CoPy_L,left,1,SS_vs_ar,-0.5128150803715201,35675,2ec2ba37fa8cbb0b
4,S05,seasonal,CoPy_L,left,2,MSE,1.4490730885394414e-05,35675,2ec2ba37fa8cbb0b
4,S05,seasonal,CoPy_L,left,2,MAE,0.002478716876113454,35675,2ec2ba37fa8cbb0b
4,S05,seasonal,CoPy_L,left,2,SS_vs_persistence,-0.24027867660064373,35675,2ec2ba37fa8cbb0b
4,S05,seasonal,CoPy_L,left,2,SS_vs_seasonal,6.90096267907947e-08,35675,2ec2ba37fa8cbb0b
4,S05,seasonal,CoPy_L,left,2,SS_vs_ar,-0.2747488386735397,35675,2ec2ba37fa8cbb0b
4,S05,seasonal,CoPy_L,left,3,MSE,1.752706892409501e-05,35675,2ec2ba37fa8cbb0b
4,S05,seasonal,CoPy_L,left,3,MAE,0.0027497021432523116,35675,2ec2ba37fa8cbb0b
4,S05,seasonal,CoPy_L,left,3,SS_vs_persistence,-0.15723859090398795,35675,2ec2ba37fa8cbb0b
4,S05,seasonal,CoPy_L,left,3,SS_vs_seasonal,5.7054602042860836e-08,35675,2ec2ba37fa8cbb0b
4,S05,seasonal,CoPy_L,left,3,SS_vs_ar,-0.19008173437875042,35675,2ec2ba37fa8cbb0b
4,S05,seasonal,CoPy_L,left,4,MSE,2.0707065749355945e-05,35675,2ec2ba37fa8cbb0b
4,S05,seasonal,CoPy_L,left,4,MAE,0.003016751152398014,35675,2ec2ba37fa8cbb0b
4,S05,seasonal,CoPy_L,left,4,SS_vs_persistence,-0.10647574470226173,35675,2ec2ba37fa8cbb0b
4,S05,seasonal,CoPy_L,left,4,SS_vs_seasonal,4.829269217854204e-08,35675,2ec2ba37fa8cbb0b
4,S05,seasonal,CoPy_L,left,4,SS_vs_ar,-0.15729517707873297,35675,2ec2ba37fa8cbb0b
4,S05,seasonal,CoPy_L,left,5,MSE,2.3932943339597735e-05,35675,2ec2ba37fa8cbb0b
4,S05,seasonal,CoPy_L,left,5,MAE,0.003289231250806341,35675,2ec2ba37fa8cbb0b
4,S05,seasonal,CoPy_L,left,5,SS_vs_persistence,-0.0752643020240098,35675,2ec2ba37fa8cbb0b
4,S05,seasonal,CoPy_L,left,5,SS_vs_seasonal,4.178340884397613e-08,35675,2ec2ba37fa8cbb0b
4,S05,seasonal,CoPy_L,left,5,SS_vs_ar,-0.1469446829129175,35675,2ec2ba37fa8cbb0b
4,S05,seasonal,CoPy_L,left,6,MSE,2.672518711755713e-05,35675,2ec2ba37fa8cbb0b
4,S05,seasonal,CoPy_L,left,6,MAE,0.0035118594605262395,35675,2ec2ba37fa8cbb0b
4,S05,seasonal,CoPy_L,left,6,SS_vs_persistence,-0.06085756693497535,35675,2ec2ba37fa8cbb0b
4,S05,seasonal,CoPy_L,left,6,SS_vs_seasonal,3.741788434652449e-08,35675,2ec2ba37fa8cbb0b
4,S05,seasonal,CoPy_L,left,6,SS_vs_ar,-0.14280944198163903,35675,2ec2ba37fa8cbb0b
4,S05,seasonal,CoPy_L,left,all,MSE,1.8943047616852655e-05,35675,2ec2ba37fa8cbb0b
4,S05,seasonal,CoPy_L,left,all,MAE,0.0028421697709119912,35675,2ec2ba37fa8cbb0b
4,S05,seasonal,CoPy_L,left,all,Hausdorff,2.87791044050276,35675,2ec2ba37fa8cbb0b
4,S05,seasonal,CoPy_L,left,all,SS_vs_persistence,-0.13874214082598657,35675,2ec2ba37fa8cbb0b
4,S05,seasonal,CoPy_L,left,all,HD_ratio_vs_persistence,1.0031722423493572,35675,2ec2ba37fa8cbb0b
4,S05,seasonal,CoPy_L,left,all,SS_vs_seasonal,5.278981329848165e-08,35675,2ec2ba37fa8cbb0b
4,S05,seasonal,CoPy_L,left,all,HD_ratio_vs_seasonal,1.0,35675,2ec2ba37fa8cbb0b
4,S05,seasonal,CoPy_L,left,all,SS_vs_ar,-0.19600334851233936,35675,2ec2ba37fa8cbb0b
4,S05,seasonal,CoPy_L,left,all,HD_ratio_vs_ar,1.1033252869108812,35675,2ec2ba37fa8cbb0b
4,S05,seasonal,F_R,right,1,MSE,26.55464275223588,35778,2ec2ba37fa8cbb0b
4,S05,seasonal,F_R,right,1,MAE,3.1670258423035804,35778,2ec2ba37fa8cbb0b
4,S05,seasonal,F_R,right,1,SS_vs_persistence,-0.6385909130439782,35778,2ec2ba37fa8cbb0b
4,S05,seasonal,F_R,right,1,SS_vs_seasonal,3.7636560534792807e-14,35778,2ec2ba37fa8cbb0b
4,S05,seasonal,F_R,right,1,SS_vs_ar,-0.6826235092273827,35778,2ec2ba37fa8cbb0b
4,S05,seasonal,F_R,right,2,MSE,45.01068779143533,35778,2ec2ba37fa8cbb0b
4,S05,seasonal,F_R,right,2,MAE,4.44077797070378,35778,2ec2ba37fa8cbb0b
4,S05,seasonal,F_R,right,2,SS_vs_persistence,-0.24348640137451438,35778,2ec2ba37fa8cbb0b
4,S05,seasonal,F_R,right,2,SS_vs_seasonal,2.220446049250313e-14,35778,2ec2ba37fa8cbb0b
4,S05,seasonal,F_R,right,2,SS_vs_ar,-0.2923150203897644,35778,2ec2ba37fa8cbb0b
4,S05,seasonal,F_R,right,3,MSE,61.97398030665381,35778,2ec2ba37fa8cbb0b
4,S05,seasonal,F_R,right,3,MAE,5.38622987508254,35778,2ec2ba37fa8cbb0b
4,S05,seasonal,F_R,right,3,SS_vs_persistence,-0.14278837710734704,35778,2ec2ba37fa8cbb0b
4,S05,seasonal,F_R,right,3,SS_vs_seasonal,1.6209256159527285e-14,35778,2ec2ba37fa8cbb0b
4,S05,seasonal,F_R,right,3,SS_vs_ar,-0.21121382936585187,35778,2ec2ba37fa8cbb0b
4,S05,seasonal,F_R,right,4,MSE,78.09744039603339,35778,2ec2ba37fa8cbb0b
4,S05,seasonal,F_R,right,4,MAE,6.152531359152928,35778,2ec2ba37fa8cbb0b
4,S05,seasonal,F_R,right,4,SS_vs_persistence,-0.09930554020312554,35778,2ec2ba37fa8cbb0b
4,S05,seasonal,F_R,right,4,SS_vs_seasonal,1.27675647831893e-14,35778,2ec2ba37fa8cbb0b
4,S05,seasonal,F_R,right,4,SS_vs_ar,-0.19154313834217462,35778,2ec2ba37fa8cbb0b
4,S05,seasonal,F_R,right,5,MSE,93.42931709977177,35778,2ec2ba37fa8cbb0b
4,S05,seasonal,F_R,right,5,MAE,6.809937639122898,35778,2ec2ba37fa8cbb0b
4,S05,seasonal,F_R,right,5,SS_vs_persistence,-0.07173464361359128,35778,2ec2ba37fa8cbb0b
4,S05,seasonal,F_R,right,5,SS_vs_seasonal,1.0658141036401503e-14,35778,2ec2ba37fa8cbb0b
4,S05,seasonal,F_R,right,5,SS_vs_ar,-0.1894362247319472,35778,2ec2ba37fa8cbb0b
4,S05,seasonal,F_R,right,6,MSE,107.37383012297985,35778,2ec2ba37fa8cbb0b
4,S05,seasonal,F_R,right,6,MAE,7.369608133006731,35778,2ec2ba37fa8cbb0b
4,S05,seasonal,F_R,right,6,SS_vs_persistence,-0.05348485103468903,35778,2ec2ba37fa8cbb0b
4,S05,seasonal,F_R,right,6,SS_vs_seasonal,9.2148511043888e-15,35778,2ec2ba37fa8cbb0b
4,S05,seasonal,F_R,right,6,SS_vs_ar,-0.19278673884374653,35778,2ec2ba37fa8cbb0b
4,S05,seasonal,F_R,right,all,MSE,68.739983078185,35778,2ec2ba37fa8cbb0b
4,S05,seasonal,F_R,right,all,MAE,5.554351803228743,35778,2ec2ba37fa8cbb0b
4,S05,seasonal,F_R,right,all,Hausdorff,3.143421081826035,35778,2ec2ba37fa8cbb0b
4,S05,seasonal,F_R,right,all,SS_vs_persistence,-0.12450605245150737,35778,2ec2ba37fa8cbb0b
4,S05,seasonal,F_R,right,all,HD_ratio_vs_persistence,1.0398288929141861,35778,2ec2ba37fa8cbb0b
4,S05,seasonal,F_R,right,all,SS_vs_seasonal,1.4432899320127035e-14,35778,2ec2ba37fa8cbb0b
4,S05,seasonal,F_R,right,all,HD_ratio_vs_seasonal,1.0,35778,2ec2ba37fa8cbb0b
4,S05,seasonal,F_R,right,all,SS_vs_ar,-0.22790284764761792,35778,2ec2ba37fa8cbb0b
4,S05,seasonal,F_R,right,all,HD_ratio_vs_ar,1.1622708012949958,35778,2ec2ba37fa8cbb0b
4,S05,seasonal,CoPx_R,right,1,MSE,6.72691869323092e-06,35772,2ec2ba37fa8cbb0b
4,S05,seasonal,CoPx_R,right,1,MAE,0.0018616144507177142,35772,2ec2ba37fa8cbb0b
4,S05,seasonal,CoPx_R,right,1,SS_vs_persistence,-0.1652280228979519,35772,2ec2ba37fa8cbb0b
4,S05,seasonal,CoPx_R,right,1,SS_vs_seasonal,1.4865644992756444e-07,35772,2ec2ba37fa8cbb0b
4,S05,seasonal,CoPx_R,right,1,SS_vs_ar,-0.2180514141251344,35772,2ec2ba37fa8cbb0b
4,S05,seasonal,CoPx_R,right,2,MSE,1.0926960988538855e-05,35772,2ec2ba37fa8cbb0b
4,S05,seasonal,CoPx_R,right,2,MAE,0.0023850177707638105,35772,2ec2ba37fa8cbb0b
4,S05,seasonal,CoPx_R,right,2,SS_vs_persistence,-0.0752285427495134,35772,2ec2ba37fa8cbb0b
4,S05,seasonal,CoPx_R,right,2,SS_vs_seasonal,9.15167455151078e-08,35772,2ec2ba37fa8cbb0b
4,S05,seasonal,CoPx_R,right,2,SS_vs_ar,-0.17327621239022917,35772,2ec2ba37fa8cbb0b
4,S05,seasonal,CoPx_R,right,3,MSE,1.4049832283409304e-05,35772,2ec2ba37fa8cbb0b
4,S05,seasonal,CoPx_R,right,3,MAE,0.002712168445288491,35772,2ec2ba37fa8cbb0b
4,S05,seasonal,CoPx_R,right,3,SS_vs_persistence,-0.0454613072095269,35772,2ec2ba37fa8cbb0b
4,S05,seasonal,CoPx_R,right,3,SS_vs_seasonal,7.117522171640189e-08,35772,2ec2ba37fa8cbb0b
4,S05,seasonal,CoPx_R,right,3,SS_vs_ar,-0.16904260150262385,35772,2ec2ba37fa8cbb0b
4,S05,seasonal,CoPx_R,right,4,MSE,1.6322240704518577e-05,35772,2ec2ba37fa8cbb0b
4,S05,seasonal,CoPx_R,right,4,MAE,0.0029448554914895315,35772,2ec2ba37fa8cbb0b
4,S05,seasonal,CoPx_R,right,4,SS_vs_persistence,-0.032570676203615756,35772,2ec2ba37fa8cbb0b
4,S05,seasonal,CoPx_R,right,4,SS_vs_seasonal,6.126609430889829e-08,35772,2ec2ba37fa8cbb0b
4,S05,seasonal,CoPx_R,right,4,SS_vs_ar,-0.16648096212015817,35772,2ec2ba37fa8cbb0b
4,S05,seasonal,CoPx_R,right,5,MSE,1.8047761309919235e-05,35772,2ec2ba37fa8cbb0b
4,S05,seasonal,CoPx_R,right,5,MAE,0.003110401916466655,35772,2ec2ba37fa8cbb0b
4,S05,seasonal,CoPx_R,right,5,SS_vs_persistence,-0.024257634942138617,35772,2ec2ba37fa8cbb0b
4,S05,seasonal,CoPx_R,right,5,SS_vs_seasonal,5.5408531096645675e-08,35772,2ec2ba37fa8cbb0b
4,S05,seasonal,CoPx_R,right,5,SS_vs_ar,-0.1592034656307728,35772,2ec2ba37fa8cbb0b
4,S05,seasonal,CoPx_R,right,6,MSE,1.979487000055232e-05,35772,2ec2ba37fa8cbb0b
4,S05,seasonal,CoPx_R,right,6,MAE,0.003262790707224863,35772,2ec2ba37fa8cbb0b
4,S05,seasonal,CoPx_R,right,6,SS_vs_persistence,-0.01841774948112529,35772,2ec2ba37fa8cbb0b
4,S05,seasonal,CoPx_R,right,6,SS_vs_seasonal,5.051813667389382e-08,35772,2ec2ba37fa8cbb0b
4,S05,seasonal,CoPx_R,right,6,SS_vs_ar,-0.16330967942322072,35772,2ec2ba37fa8cbb0b
4,S05,seasonal,CoPx_R,right,all,MSE,1.4311430663362052e-05,35772,2ec2ba37fa8cbb0b
4,S05,seasonal,CoPx_R,right,all,MAE,0.0027128081303251774,35772,2ec2ba37fa8cbb0b
4,S05,seasonal,CoPx_R,right,all,Hausdorff,2.8694544905585615,35772,2ec2ba37fa8cbb0b
4,S05,seasonal,CoPx_R,right,all,SS_vs_persistence,-0.04413470808569575,35772,2ec2ba37fa8cbb0b
4,S05,seasonal,CoPx_R,right,all,HD_ratio_vs_persistence,1.0067496313416022,35772,2ec2ba37fa8cbb0b
4,S05,seasonal,CoPx_R,right,all,SS_vs_seasonal,6.9874211305887e-08,35772,2ec2ba37fa8cbb0b
4,S05,seasonal,CoPx_R,right,all,HD_ratio_vs_seasonal,1.0,35772,2ec2ba37fa8cbb0b
4,S05,seasonal,CoPx_R,right,all,SS_vs_ar,-0.1693627166912317,35772,2ec2ba37fa8cbb0b
4,S05,seasonal,CoPx_R,right,all,HD_ratio_vs_ar,1.1846484700896716,35772,2ec2ba37fa8cbb0b
4,S05,seasonal,CoPy_R,right,1,MSE,9.343483137430192e-06,35772,2ec2ba37fa8cbb0b
4,S05,seasonal,CoPy_R,right,1,MAE,0.001968160450084341,35772,2ec2ba37fa8cbb0b
4,S05,seasonal,CoPy_R,right,1,SS_vs_persistence,-0.5231692436008166,35772,2ec2ba37fa8cbb0b
4,S05,seasonal,CoPy_R,right,1,SS_vs_seasonal,1.0702645658611232e-07,35772,2ec2ba37fa8cbb0b
4,S05,seasonal,CoPy_R,right,1,SS_vs_ar,-0.5702239682589398,35772,2ec2ba37fa8cbb0b
4,S05,seasonal,CoPy_R,right,2,MSE,1.3015489007388247e-05,35772,2ec2ba37fa8cbb0b
4,S05,seasonal,CoPy_R,right,2,MAE,0.0023830742056874204,35772,2ec2ba37fa8cbb0b
4,S05,seasonal,CoPy_R,right,2,SS_vs_persistence,-0.2740959619171979,35772,2ec2ba37fa8cbb0b
4,S05,seasonal,CoPy_R,right,2,SS_vs_seasonal,7.683152913884328e-08,35772,2ec2ba37fa8cbb0b
4,S05,seasonal,CoPy_R,right,2,SS_vs_ar,-0.33656350994932205,35772,2ec2ba37fa8cbb0b
4,S05,seasonal,CoPy_R,right,3,MSE,1.6127176872653503e-05,35772,2ec2ba37fa8cbb0b
4,S05,seasonal,CoPy_R,right,3,MAE,0.00266120311695777,35772,2ec2ba37fa8cbb0b
4,S05,seasonal,CoPy_R,right,3,SS_vs_persistence,-0.1847372199577051,35772,2ec2ba37fa8cbb0b
4,S05,seasonal,CoPy_R,right,3,SS_vs_seasonal,6.200712898696281e-08,35772,2ec2ba37fa8cbb0b
4,S05,seasonal,CoPy_R,right,3,SS_vs_ar,-0.24763721475923695,35772,2ec2ba37fa8cbb0b
4,S05,seasonal,CoPy_R,right,4,MSE,1.9168866337698232e-05,35772,2ec2ba37fa8cbb0b
4,S05,seasonal,CoPy_R,right,4,MAE,0.002905831395029551,35772,2ec2ba37fa8cbb0b
4,S05,seasonal,CoPy_R,right,4,SS_vs_persistence,-0.13231675124032827,35772,2ec2ba37fa8cbb0b
4,S05,seasonal,CoPy_R,right,4,SS_vs_seasonal,5.2167923203505495e-08,35772,2ec2ba37fa8cbb0b
4,S05,seasonal,CoPy_R,right,4,SS_vs_ar,-0.1997092651305492,35772,2ec2ba37fa8cbb0b
4,S05,seasonal,CoPy_R,right,5,MSE,2.2012324389501675e-05,35772,2ec2ba37fa8cbb0b
4,S05,seasonal,CoPy_R,right,5,MAE,0.003094206088680204,35772,2ec2ba37fa8cbb0b
4,S05,seasonal,CoPy_R,right,5,SS_vs_persistence,-0.09868882117678557,35772,2ec2ba37fa8cbb0b
4,S05,seasonal,CoPy_R,right,5,SS_vs_seasonal,4.5429094042148677e-08,35772,2ec2ba37fa8cbb0b
4,S05,seasonal,CoPy_R,right,5,SS_vs_ar,-0.17350872662444328,35772,2ec2ba37fa8cbb0b
4,S05,seasonal,CoPy_R,right,6,MSE,2.5095469832407598e-05,35772,2ec2ba37fa8cbb0b
4,S05,seasonal,CoPy_R,right,6,MAE,0.0033058291920325983,35772,2ec2ba37fa8cbb0b
4,S05,seasonal,CoPy_R,right,6,SS_vs_persistence,-0.0734005083831133,35772,2ec2ba37fa8cbb0b
4,S05,seasonal,CoPy_R,right,6,SS_vs_seasonal,3.984782781518703e-08,35772,2ec2ba37fa8cbb0b
4,S05,seasonal,CoPy_R,right,6,SS_vs_ar,-0.16295916334048988,35772,2ec2ba37fa8cbb0b
4,S05,seasonal,CoPy_R,right,all,MSE,1.746046826284712e-05,35772,2ec2ba37fa8cbb0b
4,S05,seasonal,CoPy_R,right,all,MAE,0.0027197174080786472,35772,2ec2ba37fa8cbb0b
4,S05,seasonal,CoPy_R,right,all,Hausdorff,2.9202447891207033,35772,2ec2ba37fa8cbb0b
4,S05,seasonal,CoPy_R,right,all,SS_vs_persistence,-0.1600927782541084,35772,2ec2ba37fa8cbb0b
4,S05,seasonal,CoPy_R,right,all,HD_ratio_vs_persistence,1.0225519732419164,35772,2ec2ba37fa8cbb0b
4,S05,seasonal,CoPy_R,right,all,SS_vs_seasonal,5.727222929241549e-08,35772,2ec2ba37fa8cbb0b
4,S05,seasonal,CoPy_R,right,all,HD_ratio_vs_seasonal,1.0,35772,2ec2ba37fa8cbb0b
4,S05,seasonal,CoPy_R,right,all,SS_vs_ar,-0.2335308369643918,35772,2ec2ba37fa8cbb0b
4,S05,seasonal,CoPy_R,right,all,HD_ratio_vs_ar,1.1794149023661495,35772,2ec2ba37fa8cbb0b
4,S05,ar,F_L,left,1,MSE,7.472317040413564,35778,2ec2ba37fa8cbb0b
4,S05,ar,F_L,left,1,MAE,1.7869514123109498,35778,2ec2ba37fa8cbb0b
4,S05,ar,F_L,left,1,SS_vs_persistence,0.005524231010230696,35778,2ec2ba37fa8cbb0b
4,S05,ar,F_L,left,1,SS_vs_seasonal,0.3625436014363608,35778,2ec2ba37fa8cbb0b
4,S05,ar,F_L,left,1,SS_vs_ar,1.3389289676979388e-13,35778,2ec2ba37fa8cbb0b
4,S05,ar,F_L,left,2,MSE,15.143124059449004,35778,2ec2ba37fa8cbb0b
4,S05,ar,F_L,left,2,MAE,2.572558637783149,35778,2ec2ba37fa8cbb0b
4,S05,ar,F_L,left,2,SS_vs_persistence,0.020304041327815714,35778,2ec2ba37fa8cbb0b
4,S05,ar,F_L,left,2,SS_vs_seasonal,0.19994655490574198,35778,2ec2ba37fa8cbb0b
4,S05,ar,F_L,left,2,SS_vs_ar,6.605826996519681e-14,35778,2ec2ba37fa8cbb0b
4,S05,ar,F_L,left,3,MSE,21.903507736802677,35778,2ec2ba37fa8cbb0b
4,S05,ar,F_L,left,3,MAE,3.1296255764674723,35778,2ec2ba37fa8cbb0b
4,S05,ar,F_L,left,3,SS_vs_persistence,0.03325892644583961,35778,2ec2ba37fa8cbb0b
4,S05,ar,F_L,left,3,SS_vs_seasonal,0.14554986832075434,35778,2ec2ba37fa8cbb0b
4,S05,ar,F_L,left,3,SS_vs_ar,4.5630166312093934e-14,35778,2ec2ba37fa8cbb0b
4,S05,ar,F_L,left,4,MSE,28.178622294535906,35778,2ec2ba37fa8cbb0b
4,S05,ar,F_L,left,4,MAE,3.5890526647198557,35778,2ec2ba37fa8cbb0b
4,S05,ar,F_L,left,4,SS_vs_persistence,0.046118184709264654,35778,2ec2ba37fa8cbb0b
4,S05,ar,F_L,left,4,SS_vs_seasonal,0.12652794377275967,35778,2ec2ba37fa8cbb0b
4,S05,ar,F_L,left,4,SS_vs_ar,3.5416114485542494e-14,35778,2ec2ba37fa8cbb0b
4,S05,ar,F_L,left,5,MSE,33.97488405860094,35778,2ec2ba37fa8cbb0b
4,S05,ar,F_L,left,5,MAE,3.9731768320578094,35778,2ec2ba37fa8cbb0b
4,S05,ar,F_L,left,5,SS_vs_persistence,0.05727293676314704,35778,2ec2ba37fa8cbb0b
4,S05,ar,F_L,left,5,SS_vs_seasonal,0.11495352195056452,35778,2ec2ba37fa8cbb0b
4,S05,ar,F_L,left,5,SS_vs_ar,2.9531932455029164e-14,35778,2ec2ba37fa8cbb0b
4,S05,ar,F_L,left,6,MSE,39.260299266347886,35778,2ec2ba37fa8cbb0b
4,S05,ar,F_L,left,6,MAE,4.3026667274815615,35778,2ec2ba37fa8cbb0b
4,S05,ar,F_L,left,6,SS_vs_persistence,0.0677557087543399,35778,2ec2ba37fa8cbb0b
4,S05,ar,F_L,left,6,SS_vs_seasonal,0.1098834489350271,35778,2ec2ba37fa8cbb0b
4,S05,ar,F_L,left,6,SS_vs_ar,2.55351295663786e-14,35778,2ec2ba37fa8cbb0b
4,S05,ar,F_L,left,all,MSE,24.322125742691515,35778,2ec2ba37fa8cbb0b
4,S05,ar,F_L,left,all,MAE,3.2256719751368164,35778,2ec2ba37fa8cbb0b
4,S05,ar,F_L,left,all,Hausdorff,2.6146919815093987,35778,2ec2ba37fa8cbb0b
4,S05,ar,F_L,left,all,SS_vs_persistence,0.04819138052515515,35778,2ec2ba37fa8cbb0b
4,S05,ar,F_L,left,all,HD_ratio_vs_persistence,0.8804792733013899,35778,2ec2ba37fa8cbb0b
4,S05,ar,F_L,left,all,SS_vs_seasonal,0.1467887903263,35778,2ec2ba37fa8cbb0b
4,S05,ar,F_L,left,all,HD_ratio_vs_seasonal,0.8791583241119064,35778,2ec2ba37fa8cbb0b
4,S05,ar,F_L,left,all,SS_vs_ar,4.107825191113079e-14,35778,2ec2ba37fa8cbb0b
4,S05,ar,F_L,left,all,HD_ratio_vs_ar,1.0,35778,2ec2ba37fa8cbb0b
4,S05,ar,CoPx_L,left,1,MSE,4.0924749527804815e-06,35675,2ec2ba37fa8cbb0b
4,S05,ar,CoPx_L,left,1,MAE,0.0015133499840339281,35675,2ec2ba37fa8cbb0b
4,S05,ar,CoPx_L,left,1,SS_vs_persistence,0.06668462186323476,35675,2ec2ba37fa8cbb0b
4,S05,ar,CoPx_L,left,1,SS_vs_seasonal,0.18668546041969059,35675,2ec2ba37fa8cbb0b
4,S05,ar,CoPx_L,left,1,SS_vs_ar,2.443508555494134e-07,35675,2ec2ba37fa8cbb0b
4,S05,ar,CoPx_L,left,2,MSE,6.27361163955019e-06,35675,2ec2ba37fa8cbb0b
4,S05,ar,CoPx_L,left,2,MAE,0.0018521216343096293,35675,2ec2ba37fa8cbb0b
4,S05,ar,CoPx_L,left,2,SS_vs_persistence,0.08048249243652983,35675,2ec2ba37fa8cbb0b
4,S05,ar,CoPx_L,left,2,SS_vs_seasonal,0.13163263677948833,35675,2ec2ba37fa8cbb0b
4,S05,ar,CoPx_L,left,2,SS_vs_ar,1.5939779163254286e-07,35675,2ec2ba37fa8cbb0b
4,S05,ar,CoPx_L,left,3,MSE,8.035037699989086e-06,35675,2ec2ba37fa8cbb0b
4,S05,ar,CoPx_L,left,3,MAE,0.002106756063527349,35675,2ec2ba37fa8cbb0b
4,S05,ar,CoPx_L,left,3,SS_vs_persistence,0.09569562544769028,35675,2ec2ba37fa8cbb0b
4,S05,ar,CoPx_L,left,3,SS_vs_seasonal,0.12390658664998022,35675,2ec2ba37fa8cbb0b
4,S05,ar,CoPx_L,left,3,SS_vs_ar,1.244549076018231e-07,35675,2ec2ba37fa8cbb0b
4,S05,ar,CoPx_L,left,4,MSE,9.484183430000941e-06,35675,2ec2ba37fa8cbb0b
4,S05,ar,CoPx_L,left,4,MAE,0.0023089186964363874,35675,2ec2ba37fa8cbb0b
4,S05,ar,CoPx_L,left,4,SS_vs_persistence,0.11629719555134821,35675,2ec2ba37fa8cbb0b
4,S05,ar,CoPx_L,left,4,SS_vs_seasonal,0.12825453743286708,35675,2ec2ba37fa8cbb0b
4,S05,ar,CoPx_L,left,4,SS_vs_ar,1.0543869177759291e-07,35675,2ec2ba37fa8cbb0b
4,S05,ar,CoPx_L,left,5,MSE,1.0619530166865639e-05,35675,2ec2ba37fa8cbb0b
4,S05,ar,CoPx_L,left,5,MAE,0.0024414827060557755,35675,2ec2ba37fa8cbb0b
4,S05,ar,CoPx_L,left,5,SS_vs_persistence,0.12448550949961434,35675,2ec2ba37fa8cbb0b
4,S05,ar,CoPx_L,left,5,SS_vs_seasonal,0.12849611318018395,35675,2ec2ba37fa8cbb0b
4,S05,ar,CoPx_L,left,5,SS_vs_ar,9.4166115571781e-08,35675,2ec2ba37fa8cbb0b
4,S05,ar,CoPx_L,left,6,MSE,1.152268032311911e-05,35675,2ec2ba37fa8cbb0b
4,S05,ar,CoPx_L,left,6,MAE,0.0025541850616575814,35675,2ec2ba37fa8cbb0b
4,S05,ar,CoPx_L,left,6,SS_vs_persistence,0.13261194259718811,35675,2ec2ba37fa8cbb0b
4,S05,ar,CoPx_L,left,6,SS_vs_seasonal,0.1340675419695574,35675,2ec2ba37fa8cbb0b
4,S05,ar,CoPx_L,left,6,SS_vs_ar,8.678535590167513e-08,35675,2ec2ba37fa8cbb0b
4,S05,ar,CoPx_L,left,all,MSE,8.33783043055487e-06,35675,2ec2ba37fa8cbb0b
4,S05,ar,CoPx_L,left,all,MAE,0.0021294571191920863,35675,2ec2ba37fa8cbb0b
4,S05,ar,CoPx_L,left,all,Hausdorff,2.431113872308717,35675,2ec2ba37fa8cbb0b
4,S05,ar,CoPx_L,left,all,SS_vs_persistence,0.1104480693140184,35675,2ec2ba37fa8cbb0b
4,S05,ar,CoPx_L,left,all,HD_ratio_vs_persistence,0.860407643399858,35675,2ec2ba37fa8cbb0b
4,S05,ar,CoPx_L,left,all,SS_vs_seasonal,0.1344629121928156,35675,2ec2ba37fa8cbb0b
4,S05,ar,CoPx_L,left,all,HD_ratio_vs_seasonal,0.8649777394261178,35675,2ec2ba37fa8cbb0b
4,S05,ar,CoPx_L,left,all,SS_vs_ar,1.199352622771599e-07,35675,2ec2ba37fa8cbb0b
4,S05,ar,CoPx_L,left,all,HD_ratio_vs_ar,1.0,35675,2ec2ba37fa8cbb0b
4,S05,ar,CoPy_L,left,1,MSE,6.793029173295576e-06,35675,2ec2ba37fa8cbb0b
4,S05,ar,CoPy_L,left,1,MAE,0.0018261649276630097,35675,2ec2ba37fa8cbb0b
4,S05,ar,CoPy_L,left,1,SS_vs_persistence,0.0037431136826463485,35675,2ec2ba37fa8cbb0b
4,S05,ar,CoPy_L,left,1,SS_vs_seasonal,0.3389808387973833,35675,2ec2ba37fa8cbb0b
4,S05,ar,CoPy_L,left,1,SS_vs_ar,1.472097097554581e-07,35675,2ec2ba37fa8cbb0b
4,S05,ar,CoPy_L,left,2,MSE,1.1367517405016141e-05,35675,2ec2ba37fa8cbb0b
4,S05,ar,CoPy_L,left,2,MAE,0.0023398508833163494,35675,2ec2ba37fa8cbb0b
4,S05,ar,CoPy_L,left,2,SS_vs_persistence,0.02704083356217446,35675,2ec2ba37fa8cbb0b
4,S05,ar,CoPy_L,left,2,SS_vs_seasonal,0.21553186582150774,35675,2ec2ba37fa8cbb0b
4,S05,ar,CoPy_L,left,2,SS_vs_ar,8.796994765969401e-08,35675,2ec2ba37fa8cbb0b
4,S05,ar,CoPy_L,left,3,MSE,1.4727616791096121e-05,35675,2ec2ba37fa8cbb0b
4,S05,ar,CoPy_L,left,3,MAE,0.0026539589621650643,35675,2ec2ba37fa8cbb0b
4,S05,ar,CoPy_L,left,3,SS_vs_persistence,0.027597450748200303,35675,2ec2ba37fa8cbb0b
4,S05,ar,CoPy_L,left,3,SS_vs_seasonal,0.15972168452128976,35675,2ec2ba37fa8cbb0b
4,S05,ar,CoPy_L,left,3,SS_vs_ar,6.789964357434286e-08,35675,2ec2ba37fa8cbb0b
4,S05,ar,CoPy_L,left,4,MSE,1.7892638803118446e-05,35675,2ec2ba37fa8cbb0b
4,S05,ar,CoPy_L,left,4,MAE,0.002936489378105725,35675,2ec2ba37fa8cbb0b
4,S05,ar,CoPy_L,left,4,SS_vs_persistence,0.043912301047055013,35675,2ec2ba37fa8cbb0b
4,S05,ar,CoPy_L,left,4,SS_vs_seasonal,0.1359163024055562,35675,2ec2ba37fa8cbb0b
4,S05,ar,CoPy_L,left,4,SS_vs_ar,5.588890239494049e-08,35675,2ec2ba37fa8cbb0b
4,S05,ar,CoPy_L,left,5,MSE,2.0866692656763617e-05,35675,2ec2ba37fa8cbb0b
4,S05,ar,CoPy_L,left,5,MAE,0.00319964301753569,35675,2ec2ba37fa8cbb0b
4,S05,ar,CoPy_L,left,5,SS_vs_persistence,0.062496852278028814,35675,2ec2ba37fa8cbb0b
4,S05,ar,CoPy_L,left,5,SS_vs_seasonal,0.12811844791536642,35675,2ec2ba37fa8cbb0b
4,S05,ar,CoPy_L,left,5,SS_vs_ar,4.7923260693139014e-08,35675,2ec2ba37fa8cbb0b
4,S05,ar,CoPy_L,left,6,MSE,2.338551379870124e-05,35675,2ec2ba37fa8cbb0b
4,S05,ar,CoPy_L,left,6,MAE,0.003411529552813048,35675,2ec2ba37fa8cbb0b
4,S05,ar,CoPy_L,left,6,SS_vs_persistence,0.07171092344882402,35675,2ec2ba37fa8cbb0b
4,S05,ar,CoPy_L,left,6,SS_vs_seasonal,0.12496354765270612,35675,2ec2ba37fa8cbb0b
4,S05,ar,CoPy_L,left,6,SS_vs_ar,4.276151321924715e-08,35675,2ec2ba37fa8cbb0b
4,S05,ar,CoPy_L,left,all,MSE,1.58386232316254e-05,35675,2ec2ba37fa8cbb0b
4,S05,ar,CoPy_L,left,all,MAE,0.0027279202919992794,35675,2ec2ba37fa8cbb0b
4,S05,ar,CoPy_L,left,all,Hausdorff,2.6083970653481607,35675,2ec2ba37fa8cbb0b
4,S05,ar,CoPy_L,left,all,SS_vs_persistence,0.04787719002133983,35675,2ec2ba37fa8cbb0b
4,S05,ar,CoPy_L,left,all,HD_ratio_vs_persistence,0.9092261858314377,35675,2ec2ba37fa8cbb0b
4,S05,ar,CoPy_L,left,all,SS_vs_seasonal,0.16388203652000388,35675,2ec2ba37fa8cbb0b
4,S05,ar,CoPy_L,left,all,HD_ratio_vs_seasonal,0.9063510207400629,35675,2ec2ba37fa8cbb0b
4,S05,ar,CoPy_L,left,all,SS_vs_ar,6.313679679070816e-08,35675,2ec2ba37fa8cbb0b
4,S05,ar,CoPy_L,left,all,HD_ratio_vs_ar,1.0,35675,2ec2ba37fa8cbb0b
4,S05,ar,F_R,right,1,MSE,15.781690084924227,35778,2ec2ba37fa8cbb0b
4,S05,ar,F_R,right,1,MAE,2.7006150910744537,35778,2ec2ba37fa8cbb0b
4,S05,ar,F_R,right,1,SS_vs_persistence,0.026169012819586168,35778,2ec2ba37fa8cbb0b
4,S05,ar,F_R,right,1,SS_vs_seasonal,0.40568998678791,35778,2ec2ba37fa8cbb0b
4,S05,ar,F_R,right,1,SS_vs_ar,6.339373470609644e-14,35778,2ec2ba37fa8cbb0b
4,S05,ar,F_R,right,2,MSE,34.82950138415843,35778,2ec2ba37fa8cbb0b
4,S05,ar,F_R,right,2,MAE,4.051516908021278,35778,2ec2ba37fa8cbb0b
4,S05,ar,F_R,right,2,SS_vs_persistence,0.03778383617375192,35778,2ec2ba37fa8cbb0b
4,S05,ar,F_R,right,2,SS_vs_seasonal,0.22619486408325795,35778,2ec2ba37fa8cbb0b
4,S05,ar,F_R,right,2,SS_vs_ar,2.8754776337791554e-14,35778,2ec2ba37fa8cbb0b
4,S05,ar,F_R,right,3,MSE,51.16683677489048,35778,2ec2ba37fa8cbb0b
4,S05,ar,F_R,right,3,MAE,5.022654105069423,35778,2ec2ba37fa8cbb0b
4,S05,ar,F_R,right,3,SS_vs_persistence,0.056493288467778124,35778,2ec2ba37fa8cbb0b
4,S05,ar,F_R,right,3,SS_vs_seasonal,0.17438194994559442,35778,2ec2ba37fa8cbb0b
4,S05,ar,F_R,right,3,SS_vs_ar,1.9539925233402755e-14,35778,2ec2ba37fa8cbb0b
4,S05,ar,F_R,right,4,MSE,65.54310782628586,35778,2ec2ba37fa8cbb0b
4,S05,ar,F_R,right,4,MAE,5.752409101270915,35778,2ec2ba37fa8cbb0b
4,S05,ar,F_R,right,4,SS_vs_persistence,0.0774102046086208,35778,2ec2ba37fa8cbb0b
4,S05,ar,F_R,right,4,SS_vs_seasonal,0.1607521642973846,35778,2ec2ba37fa8cbb0b
4,S05,ar,F_R,right,4,SS_vs_ar,1.5210055437364645e-14,35778,2ec2ba37fa8cbb0b
4,S05,ar,F_R,right,5,MSE,78.54924472375636,35778,2ec2ba37fa8cbb0b
4,S05,ar,F_R,right,5,MAE,6.3378765566660284,35778,2ec2ba37fa8cbb0b
4,S05,ar,F_R,right,5,SS_vs_persistence,0.09895577305533532,35778,2ec2ba37fa8cbb0b
4,S05,ar,F_R,right,5,SS_vs_seasonal,0.15926555858399394,35778,2ec2ba37fa8cbb0b
4,S05,ar,F_R,right,5,SS_vs_ar,1.2656542480726785e-14,35778,2ec2ba37fa8cbb0b
4,S05,ar,F_R,right,6,MSE,90.0193023834787,35778,2ec2ba37fa8cbb0b
4,S05,ar,F_R,right,6,MAE,6.817313453390457,35778,2ec2ba37fa8cbb0b
4,S05,ar,F_R,right,6,SS_vs_persistence,0.11678691862730173,35778,2ec2ba37fa8cbb0b
4,S05,ar,F_R,right,6,SS_vs_seasonal,0.16162716482801354,35778,2ec2ba37fa8cbb0b
4,S05,ar,F_R,right,6,SS_vs_ar,1.1102230246251565e-14,35778,2ec2ba37fa8cbb0b
4,S05,ar,F_R,right,all,MSE,55.981613862915886,35778,2ec2ba37fa8cbb0b
4,S05,ar,F_R,right,all,MAE,5.113730869248755,35778,2ec2ba37fa8cbb0b
4,S05,ar,F_R,right,all,Hausdorff,2.704551364728127,35778,2ec2ba37fa8cbb0b
4,S05,ar,F_R,right,all,SS_vs_persistence,0.0842060065209681,35778,2ec2ba37fa8cbb0b
4,S05,ar,F_R,right,all,HD_ratio_vs_persistence,0.8946528569379997,35778,2ec2ba37fa8cbb0b
4,S05,ar,F_R,right,all,SS_vs_seasonal,0.1856033220252401,35778,2ec2ba37fa8cbb0b
4,S05,ar,F_R,right,all,HD_ratio_vs_seasonal,0.8603846873601276,35778,2ec2ba37fa8cbb0b
4,S05,ar,F_R,right,all,SS_vs_ar,1.787459069646502e-14,35778,2ec2ba37fa8cbb0b
4,S05,ar,F_R,right,all,HD_ratio_vs_ar,1.0,35778,2ec2ba37fa8cbb0b
4,S05,ar,CoPx_R,right,1,MSE,5.522687628100752e-06,35772,2ec2ba37fa8cbb0b
4,S05,ar,CoPx_R,right,1,MAE,0.00172122515452278,35772,2ec2ba37fa8cbb0b
4,S05,ar,CoPx_R,right,1,SS_vs_persistence,0.0433673009233273,35772,2ec2ba37fa8cbb0b
4,S05,ar,CoPx_R,right,1,SS_vs_seasonal,0.17901686359388935,35772,2ec2ba37fa8cbb0b
4,S05,ar,CoPx_R,right,1,SS_vs_ar,1.8107122590205194e-07,35772,2ec2ba37fa8cbb0b
4,S05,ar,CoPx_R,right,2,MSE,9.313203233705688e-06,35772,2ec2ba37fa8cbb0b
4,S05,ar,CoPx_R,right,2,MAE,0.0022276257916466554,35772,2ec2ba37fa8cbb0b
4,S05,ar,CoPx_R,right,2,SS_vs_persistence,0.08356752149012081,35772,2ec2ba37fa8cbb0b
4,S05,ar,CoPx_R,right,2,SS_vs_seasonal,0.1476859493540672,35772,2ec2ba37fa8cbb0b
4,S05,ar,CoPx_R,right,2,SS_vs_ar,1.073744303470292e-07,35772,2ec2ba37fa8cbb0b
4,S05,ar,CoPx_R,right,3,MSE,1.2018237056808549e-05,35772,2ec2ba37fa8cbb0b
4,S05,ar,CoPx_R,right,3,MAE,0.002521063964015236,35772,2ec2ba37fa8cbb0b
4,S05,ar,CoPx_R,right,3,SS_vs_persistence,0.10571161489223546,35772,2ec2ba37fa8cbb0b
4,S05,ar,CoPx_R,right,3,SS_vs_seasonal,0.14459931200747822,35772,2ec2ba37fa8cbb0b
4,S05,ar,CoPx_R,right,3,SS_vs_ar,8.320687228113854e-08,35772,2ec2ba37fa8cbb0b
4,S05,ar,CoPx_R,right,4,MSE,1.3992718328099278e-05,35772,2ec2ba37fa8cbb0b
4,S05,ar,CoPx_R,right,4,MAE,0.0027166886428495185,35772,2ec2ba37fa8cbb0b
4,S05,ar,CoPx_R,right,4,SS_vs_persistence,0.1147985814244028,35772,2ec2ba37fa8cbb0b
4,S05,ar,CoPx_R,right,4,SS_vs_seasonal,0.14272079893133816,35772,2ec2ba37fa8cbb0b
4,S05,ar,CoPx_R,right,4,SS_vs_ar,7.146573699490233e-08,35772,2ec2ba37fa8cbb0b
4,S05,ar,CoPx_R,right,5,MSE,1.5569104722176795e-05,35772,2ec2ba37fa8cbb0b
4,S05,ar,CoPx_R,right,5,MAE,0.0028643826397542005,35772,2ec2ba37fa8cbb0b
4,S05,ar,CoPx_R,right,5,SS_vs_persistence,0.11641260613643112,35772,2ec2ba37fa8cbb0b
4,S05,ar,CoPx_R,right,5,SS_vs_seasonal,0.13733877614180146,35772,2ec2ba37fa8cbb0b
4,S05,ar,CoPx_R,right,5,SS_vs_ar,6.42297648401069e-08,35772,2ec2ba37fa8cbb0b
4,S05,ar,CoPx_R,right,6,MSE,1.7015992548997885e-05,35772,2ec2ba37fa8cbb0b
4,S05,ar,CoPx_R,right,6,MAE,0.0029935806218021237,35772,2ec2ba37fa8cbb0b
4,S05,ar,CoPx_R,right,6,SS_vs_persistence,0.12455152085088228,35772,2ec2ba37fa8cbb0b
4,S05,ar,CoPx_R,right,6,SS_vs_seasonal,0.14038376160556432,35772,2ec2ba37fa8cbb0b
4,S05,ar,CoPx_R,right,6,SS_vs_ar,5.876824038519857e-08,35772,2ec2ba37fa8cbb0b
4,S05,ar,CoPx_R,right,all,MSE,1.2238657252981536e-05,35772,2ec2ba37fa8cbb0b
4,S05,ar,CoPx_R,right,all,MAE,0.002507427802431769,35772,2ec2ba37fa8cbb0b
4,S05,ar,CoPx_R,right,all,Hausdorff,2.4221991274266865,35772,2ec2ba37fa8cbb0b
4,S05,ar,CoPx_R,right,all,SS_vs_persistence,0.10709088987747983,35772,2ec2ba37fa8cbb0b
4,S05,ar,CoPx_R,right,all,HD_ratio_vs_persistence,0.8498298497489274,35772,2ec2ba37fa8cbb0b
4,S05,ar,CoPx_R,right,all,SS_vs_seasonal,0.14483347712073535,35772,2ec2ba37fa8cbb0b
4,S05,ar,CoPx_R,right,all,HD_ratio_vs_seasonal,0.8441322681354625,35772,2ec2ba37fa8cbb0b
4,S05,ar,CoPx_R,right,all,SS_vs_ar,8.170830323450673e-08,35772,2ec2ba37fa8cbb0b
4,S05,ar,CoPx_R,right,all,HD_ratio_vs_ar,1.0,35772,2ec2ba37fa8cbb0b
4,S05,ar,CoPy_R,right,1,MSE,5.950413288854743e-06,35772,2ec2ba37fa8cbb0b
4,S05,ar,CoPy_R,right,1,MAE,0.0017006613334015306,35772,2ec2ba37fa8cbb0b
4,S05,ar,CoPy_R,right,1,SS_vs_persistence,0.029967050297484255,35772,2ec2ba37fa8cbb0b
4,S05,ar,CoPy_R,right,1,SS_vs_seasonal,0.3631483500873872,35772,2ec2ba37fa8cbb0b
4,S05,ar,CoPy_R,right,1,SS_vs_ar,1.680555254957028e-07,35772,2ec2ba37fa8cbb0b
4,S05,ar,CoPy_R,right,2,MSE,9.738024099818677e-06,35772,2ec2ba37fa8cbb0b
4,S05,ar,CoPy_R,right,2,MAE,0.0021482595790905355,35772,2ec2ba37fa8cbb0b
4,S05,ar,CoPy_R,right,2,SS_vs_persistence,0.04673753129149483,35772,2ec2ba37fa8cbb0b
4,S05,ar,CoPy_R,right,2,SS_vs_seasonal,0.25181271743969036,35772,2ec2ba37fa8cbb0b
4,S05,ar,CoPy_R,right,2,SS_vs_ar,1.0269022610032152e-07,35772,2ec2ba37fa8cbb0b
4,S05,ar,CoPy_R,right,3,MSE,1.2926173918376131e-05,35772,2ec2ba37fa8cbb0b
4,S05,ar,CoPy_R,right,3,MAE,0.002454414583565261,35772,2ec2ba37fa8cbb0b
4,S05,ar,CoPy_R,right,3,SS_vs_persistence,0.05041536571012961,35772,2ec2ba37fa8cbb0b
4,S05,ar,CoPy_R,right,3,SS_vs_seasonal,0.1984850653693876,35772,2ec2ba37fa8cbb0b
4,S05,ar,CoPy_R,right,3,SS_vs_ar,7.736240659195204e-08,35772,2ec2ba37fa8cbb0b
4,S05,ar,CoPy_R,right,4,MSE,1.5977925398369797e-05,35772,2ec2ba37fa8cbb0b
4,S05,ar,CoPy_R,right,4,MAE,0.0027218494648101185,35772,2ec2ba37fa8cbb0b
4,S05,ar,CoPy_R,right,4,SS_vs_persistence,0.05617409710547927,35772,2ec2ba37fa8cbb0b
4,S05,ar,CoPy_R,right,4,SS_vs_seasonal,0.16646481417569237,35772,2ec2ba37fa8cbb0b
4,S05,ar,CoPy_R,right,4,SS_vs_ar,6.258634410727382e-08,35772,2ec2ba37fa8cbb0b
4,S05,ar,CoPy_R,right,5,MSE,1.8757698785343188e-05,35772,2ec2ba37fa8cbb0b
4,S05,ar,CoPy_R,right,5,MAE,0.002944791056188477,35772,2ec2ba37fa8cbb0b
4,S05,ar,CoPy_R,right,5,SS_vs_persistence,0.06375748413525517,35772,2ec2ba37fa8cbb0b
4,S05,ar,CoPy_R,right,5,SS_vs_seasonal,0.1478547380419296,35772,2ec2ba37fa8cbb0b
4,S05,ar,CoPy_R,right,5,SS_vs_ar,5.3311440706416136e-08,35772,2ec2ba37fa8cbb0b
4,S05,ar,CoPy_R,right,6,MSE,2.1578976683380767e-05,35772,2ec2ba37fa8cbb0b
4,S05,ar,CoPy_R,right,6,MAE,0.0031663718681802498,35772,2ec2ba37fa8cbb0b
4,S05,ar,CoPy_R,right,6,SS_vs_persistence,0.07700932889423917,35772,2ec2ba37fa8cbb0b
4,S05,ar,CoPy_R,right,6,SS_vs_seasonal,0.1401246532695345,35772,2ec2ba37fa8cbb0b
4,S05,ar,CoPy_R,right,6,SS_vs_ar,4.634139827430772e-08,35772,2ec2ba37fa8cbb0b
4,S05,ar,CoPy_R,right,all,MSE,1.415486869569059e-05,35772,2ec2ba37fa8cbb0b
4,S05,ar,CoPy_R,right,all,MAE,0.0025227246475393404,35772,2ec2ba37fa8cbb0b
4,S05,ar,CoPy_R,right,all,Hausdorff,2.476011438605778,35772,2ec2ba37fa8cbb0b
4,S05,ar,CoPy_R,right,all,SS_vs_persistence,0.059534904573734004,35772,2ec2ba37fa8cbb0b
4,S05,ar,CoPy_R,right,all,HD_ratio_vs_persistence,0.8669993665422289,35772,2ec2ba37fa8cbb0b
4,S05,ar,CoPy_R,right,all,SS_vs_seasonal,0.18931911378752453,35772,2ec2ba37fa8cbb0b
4,S05,ar,CoPy_R,right,all,HD_ratio_vs_seasonal,0.8478780435907616,35772,2ec2ba37fa8cbb0b
4,S05,ar,CoPy_R,right,all,SS_vs_ar,7.064706497583728e-08,35772,2ec2ba37fa8cbb0b
4,S05,ar,CoPy_R,right,all,HD_ratio_vs_ar,1.0,35772,2ec2ba37fa8cbb0b
