model,channel,horizon_step,metric,value,n_frames,config_hash,exploratory,split,fold
persistence,F_R,1,MSE,600359.8994525027,1383540,fa85569c247e4428,True,location-k4-fold0-seed0,0
persistence,F_R,1,MAE,473.30210438864026,1383540,fa85569c247e4428,True,location-k4-fold0-seed0,0
persistence,F_R,1,SS_vs_persistence,0.0,1383540,fa85569c247e4428,True,location-k4-fold0-seed0,0
persistence,F_R,1,SS_vs_seasonal,0.26749308177354814,1383540,fa85569c247e4428,True,location-k4-fold0-seed0,0
persistence,F_R,1,SS_vs_ar,-0.49028984682733734,1383540,fa85569c247e4428,True,location-k4-fold0-seed0,0
persistence,F_R,2,MSE,654152.7625529151,1383540,fa85569c247e4428,True,location-k4-fold0-seed0,0
persistence,F_R,2,MAE,507.5195733994353,1383540,fa85569c247e4428,True,location-k4-fold0-seed0,0
persistence,F_R,2,SS_vs_persistence,0.0,1383540,fa85569c247e4428,True,location-k4-fold0-seed0,0
persistence,F_R,2,SS_vs_seasonal,0.20669840830743347,1383540,fa85569c247e4428,True,location-k4-fold0-seed0,0
persistence,F_R,2,SS_vs_ar,-0.5071176471500942,1383540,fa85569c247e4428,True,location-k4-fold0-seed0,0
persistence,F_R,3,MSE,702727.4815001063,1383540,fa85569c247e4428,True,location-k4-fold0-seed0,0
persistence,F_R,3,MAE,540.4602525584421,1383540,fa85569c247e4428,True,location-k4-fold0-seed0,0
persistence,F_R,3,SS_vs_persistence,0.0,1383540,fa85569c247e4428,True,location-k4-fold0-seed0,0
persistence,F_R,3,SS_vs_seasonal,0.15602015661463609,1383540,fa85569c247e4428,True,location-k4-fold0-seed0,0
persistence,F_R,3,SS_vs_ar,-0.5224945987807961,1383540,fa85569c247e4428,True,location-k4-fold0-seed0,0
persistence,F_R,4,MSE,727334.7406236446,1383540,fa85569c247e4428,True,location-k4-fold0-seed0,0
persistence,F_R,4,MAE,551.973791606077,1383540,fa85569c247e4428,True,location-k4-fold0-seed0,0
persistence,F_R,4,SS_vs_persistence,0.0,1383540,fa85569c247e4428,True,location-k4-fold0-seed0,0
persistence,F_R,4,SS_vs_seasonal,0.1297021333679218,1383540,fa85569c247e4428,True,location-k4-fold0-seed0,0
persistence,F_R,4,SS_vs_ar,-0.5148439215403677,1383540,fa85569c247e4428,True,location-k4-fold0-seed0,0
persistence,F_R,5,MSE,762347.6680175877,1383540,fa85569c247e4428,True,location-k4-fold0-seed0,0
persistence,F_R,5,MAE,571.8683427608594,1383540,fa85569c247e4428,True,location-k4-fold0-seed0,0
persistence,F_R,5,SS_vs_persistence,0.0,1383540,fa85569c247e4428,True,location-k4-fold0-seed0,0
persistence,F_R,5,SS_vs_seasonal,0.0919029061609814,1383540,fa85569c247e4428,True,location-k4-fold0-seed0,0
persistence,F_R,5,SS_vs_ar,-0.5385181423402003,1383540,fa85569c247e4428,True,location-k4-fold0-seed0,0
persistence,F_R,6,MSE,746021.1222362611,1383540,fa85569c247e4428,True,location-k4-fold0-seed0,0
persistence,F_R,6,MAE,566.1637718531217,1383540,fa85569c247e4428,True,location-k4-fold0-seed0,0
persistence,F_R,6,SS_vs_persistence,0.0,1383540,fa85569c247e4428,True,location-k4-fold0-seed0,0
persistence,F_R,6,SS_vs_seasonal,0.11024120057573106,1383540,fa85569c247e4428,True,location-k4-fold0-seed0,0
persistence,F_R,6,SS_vs_ar,-0.4760927306542746,1383540,fa85569c247e4428,True,location-k4-fold0-seed0,0
persistence,F_R,7,MSE,791634.1044448835,1383540,fa85569c247e4428,True,location-k4-fold0-seed0,0
persistence,F_R,7,MAE,584.3906840737941,1383540,fa85569c247e4428,True,location-k4-fold0-seed0,0
persistence,F_R,7,SS_vs_persistence,0.0,1383540,fa85569c247e4428,True,location-k4-fold0-seed0,0
persistence,F_R,7,SS_vs_seasonal,0.05657537597439122,1383540,fa85569c247e4428,True,location-k4-fold0-seed0,0
persistence,F_R,7,SS_vs_ar,-0.5104195664705167,1383540,fa85569c247e4428,True,location-k4-fold0-seed0,0
persistence,F_R,8,MSE,780187.5739244239,1383540,fa85569c247e4428,True,location-k4-fold0-seed0,0
persistence,F_R,8,MAE,579.4420690421937,1383540,fa85569c247e4428,True,location-k4-fold0-seed0,0
persistence,F_R,8,SS_vs_persistence,0.0,1383540,fa85569c247e4428,True,location-k4-fold0-seed0,0
persistence,F_R,8,SS_vs_seasonal,0.06274077392321853,1383540,fa85569c247e4428,True,location-k4-fold0-seed0,0
persistence,F_R,8,SS_vs_ar,-0.4670080785490447,1383540,fa85569c247e4428,True,location-k4-fold0-seed0,0
persistence,F_R,9,MSE,794512.1740784198,1383540,fa85569c247e4428,True,location-k4-fold0-seed0,0
persistence,F_R,9,MAE,589.6181146816997,1383540,fa85569c247e4428,True,location-k4-fold0-seed0,0
persistence,F_R,9,SS_vs_persistence,0.0,1383540,fa85569c247e4428,True,location-k4-fold0-seed0,0
persistence,F_R,9,SS_vs_seasonal,0.04940952162777301,1383540,fa85569c247e4428,True,location-k4-fold0-seed0,0
persistence,F_R,9,SS_vs_ar,-0.4573148627504118,1383540,fa85569c247e4428,True,location-k4-fold0-seed0,0
persistence,F_R,10,MSE,808372.4987469916,1383540,fa85569c247e4428,True,location-k4-fold0-seed0,0
persistence,F_R,10,MAE,589.6968565287856,1383540,fa85569c247e4428,True,location-k4-fold0-seed0,0
persistence,F_R,10,SS_vs_persistence,0.0,1383540,fa85569c247e4428,True,location-k4-fold0-seed0,0
persistence,F_R,10,SS_vs_seasonal,0.01882769559660169,1383540,fa85569c247e4428,True,location-k4-fold0-seed0,0
persistence,F_R,10,SS_vs_ar,-0.4473154169305973,1383540,fa85569c247e4428,True,location-k4-fold0-seed0,0
persistence,F_R,11,MSE,828166.2915410367,1383540,fa85569c247e4428,True,location-k4-fold0-seed0,0
persistence,F_R,11,MAE,603.0839164869872,1383540,fa85569c247e4428,True,location-k4-fold0-seed0,0
persistence,F_R,11,SS_vs_persistence,0.0,1383540,fa85569c247e4428,True,location-k4-fold0-seed0,0
persistence,F_R,11,SS_vs_seasonal,0.1194574573833711,1383540,fa85569c247e4428,True,location-k4-fold0-seed0,0
persistence,F_R,11,SS_vs_ar,-0.4524233297064384,1383540,fa85569c247e4428,True,location-k4-fold0-seed0,0
persistence,F_R,12,MSE,848487.5900385358,1383540,fa85569c247e4428,True,location-k4-fold0-seed0,0
persistence,F_R,12,MAE,614.295705170534,1383540,fa85569c247e4428,True,location-k4-fold0-seed0,0
persistence,F_R,12,SS_vs_persistence,0.0,1383540,fa85569c247e4428,True,location-k4-fold0-seed0,0
persistence,F_R,12,SS_vs_seasonal,0.09674462571413056,1383540,fa85569c247e4428,True,location-k4-fold0-seed0,0
persistence,F_R,12,SS_vs_ar,-0.46025123659539524,1383540,fa85569c247e4428,True,location-k4-fold0-seed0,0
persistence,F_R,13,MSE,858011.9196452806,1383540,fa85569c247e4428,True,location-k4-fold0-seed0,0
persistence,F_R,13,MAE,618.2065501048262,1383540,fa85569c247e4428,True,location-k4-fold0-seed0,0
persistence,F_R,13,SS_vs_persistence,0.0,1383540,fa85569c247e4428,True,location-k4-fold0-seed0,0
persistence,F_R,13,SS_vs_seasonal,0.0866198930999017,1383540,fa85569c247e4428,True,location-k4-fold0-seed0,0
persistence,F_R,13,SS_vs_ar,-0.46179451131114746,1383540,fa85569c247e4428,True,location-k4-fold0-seed0,0
persistence,F_R,14,MSE,862494.3859620848,1383540,fa85569c247e4428,True,location-k4-fold0-seed0,0
persistence,F_R,14,MAE,622.0904594271506,1383540,fa85569c247e4428,True,location-k4-fold0-seed0,0
persistence,F_R,14,SS_vs_persistence,0.0,1383540,fa85569c247e4428,True,location-k4-fold0-seed0,0
persistence,F_R,14,SS_vs_seasonal,0.0801051312005675,1383540,fa85569c247e4428,True,location-k4-fold0-seed0,0
persistence,F_R,14,SS_vs_ar,-0.45636541385826646,1383540,fa85569c247e4428,True,location-k4-fold0-seed0,0
persistence,F_R,15,MSE,847739.8113452165,1383540,fa85569c247e4428,True,location-k4-fold0-seed0,0
persistence,F_R,15,MAE,620.3252035867486,1383540,fa85569c247e4428,True,location-k4-fold0-seed0,0
persistence,F_R,15,SS_vs_persistence,0.0,1383540,fa85569c247e4428,True,location-k4-fold0-seed0,0
persistence,F_R,15,SS_vs_seasonal,0.09611023632495341,1383540,fa85569c247e4428,True,location-k4-fold0-seed0,0
persistence,F_R,15,SS_vs_ar,-0.4195116977194422,1383540,fa85569c247e4428,True,location-k4-fold0-seed0,0
persistence,F_R,16,MSE,897177.0254998012,1383540,fa85569c247e4428,True,location-k4-fold0-seed0,0
persistence,F_R,16,MAE,633.3480025879181,1383540,fa85569c247e4428,True,location-k4-fold0-seed0,0
persistence,F_R,16,SS_vs_persistence,0.0,1383540,fa85569c247e4428,True,location-k4-fold0-seed0,0
persistence,F_R,16,SS_vs_seasonal,0.06196850882248017,1383540,fa85569c247e4428,True,location-k4-fold0-seed0,0
persistence,F_R,16,SS_vs_ar,-0.42521378168310875,1383540,fa85569c247e4428,True,location-k4-fold0-seed0,0
persistence,F_R,17,MSE,905398.7795111283,1383540,fa85569c247e4428,True,location-k4-fold0-seed0,0
persistence,F_R,17,MAE,636.4206788972801,1383540,fa85569c247e4428,True,location-k4-fold0-seed0,0
persistence,F_R,17,SS_vs_persistence,0.0,1383540,fa85569c247e4428,True,location-k4-fold0-seed0,0
persistence,F_R,17,SS_vs_seasonal,0.05326063315091534,1383540,fa85569c247e4428,True,location-k4-fold0-seed0,0
persistence,F_R,17,SS_vs_ar,-0.41492547620818154,1383540,fa85569c247e4428,True,location-k4-fold0-seed0,0
persistence,F_R,18,MSE,924741.1262185925,1383540,fa85569c247e4428,True,location-k4-fold0-seed0,0
persistence,F_R,18,MAE,642.6239168833888,1383540,fa85569c247e4428,True,location-k4-fold0-seed0,0
persistence,F_R,18,SS_vs_persistence,0.0,1383540,fa85569c247e4428,True,location-k4-fold0-seed0,0
persistence,F_R,18,SS_vs_seasonal,0.03125829455412199,1383540,fa85569c247e4428,True,location-k4-fold0-seed0,0
persistence,F_R,18,SS_vs_ar,-0.41931730696551184,1383540,fa85569c247e4428,True,location-k4-fold0-seed0,0
persistence,F_R,19,MSE,929324.4466050096,1383540,fa85569c247e4428,True,location-k4-fold0-seed0,0
persistence,F_R,19,MAE,644.4669733817158,1383540,fa85569c247e4428,True,location-k4-fold0-seed0,0
persistence,F_R,19,SS_vs_persistence,0.0,1383540,fa85569c247e4428,True,location-k4-fold0-seed0,0
persistence,F_R,19,SS_vs_seasonal,0.02684866215533188,1383540,fa85569c247e4428,True,location-k4-fold0-seed0,0
persistence,F_R,19,SS_vs_ar,-0.4073090730897502,1383540,fa85569c247e4428,True,location-k4-fold0-seed0,0
persistence,F_R,20,MSE,940669.174733559,1383540,fa85569c247e4428,True,location-k4-fold0-seed0,0
persistence,F_R,20,MAE,650.0762321822554,1383540,fa85569c247e4428,True,location-k4-fold0-seed0,0
persistence,F_R,20,SS_vs_persistence,0.0,1383540,fa85569c247e4428,True,location-k4-fold0-seed0,0
persistence,F_R,20,SS_vs_seasonal,0.0029690407668471197,1383540,fa85569c247e4428,True,location-k4-fold0-seed0,0
persistence,F_R,20,SS_vs_ar,-0.40422053752377596,1383540,fa85569c247e4428,True,location-k4-fold0-seed0,0
persistence,F_R,21,MSE,920549.7888915974,1383540,fa85569c247e4428,True,location-k4-fold0-seed0,0
persistence,F_R,21,MAE,642.5657534578419,1383540,fa85569c247e4428,True,location-k4-fold0-seed0,0
persistence,F_R,21,SS_vs_persistence,0.0,1383540,fa85569c247e4428,True,location-k4-fold0-seed0,0
persistence,F_R,21,SS_vs_seasonal,0.07878176651718061,1383540,fa85569c247e4428,True,location-k4-fold0-seed0,0
persistence,F_R,21,SS_vs_ar,-0.3622412766746921,1383540,fa85569c247e4428,True,location-k4-fold0-seed0,0
persistence,F_R,22,MSE,935452.2765456417,1383540,fa85569c247e4428,True,location-k4-fold0-seed0,0
persistence,F_R,22,MAE,649.8654945717965,1383540,fa85569c247e4428,True,location-k4-fold0-seed0,0
persistence,F_R,22,SS_vs_persistence,0.0,1383540,fa85569c247e4428,True,location-k4-fold0-seed0,0
persistence,F_R,22,SS_vs_seasonal,0.06629521381522596,1383540,fa85569c247e4428,True,location-k4-fold0-seed0,0
persistence,F_R,22,SS_vs_ar,-0.35997911482266165,1383540,fa85569c247e4428,True,location-k4-fold0-seed0,0
persistence,F_R,23,MSE,953347.381680116,1383540,fa85569c247e4428,True,location-k4-fold0-seed0,0
persistence,F_R,23,MAE,656.6786441982472,1383540,fa85569c247e4428,True,location-k4-fold0-seed0,0
persistence,F_R,23,SS_vs_persistence,0.0,1383540,fa85569c247e4428,True,location-k4-fold0-seed0,0
persistence,F_R,23,SS_vs_seasonal,0.04924494833710502,1383540,fa85569c247e4428,True,location-k4-fold0-seed0,0
persistence,F_R,23,SS_vs_ar,-0.3655269809463624,1383540,fa85569c247e4428,True,location-k4-fold0-seed0,0
persistence,F_R,24,MSE,957359.98384096,1383540,fa85569c247e4428,True,location-k4-fold0-seed0,0
persistence,F_R,24,MAE,659.4913353318017,1383540,fa85569c247e4428,True,location-k4-fold0-seed0,0
persistence,F_R,24,SS_vs_persistence,0.0,1383540,fa85569c247e4428,True,location-k4-fold0-seed0,0
persistence,F_R,24,SS_vs_seasonal,0.046708235374156026,1383540,fa85569c247e4428,True,location-k4-fold0-seed0,0
persistence,F_R,24,SS_vs_ar,-0.35269396222780625,1383540,fa85569c247e4428,True,location-k4-fold0-seed0,0
persistence,F_R,25,MSE,975403.3927215649,1383540,fa85569c247e4428,True,location-k4-fold0-seed0,0
persistence,F_R,25,MAE,667.6987807230315,1383540,fa85569c247e4428,True,location-k4-fold0-seed0,0
persistence,F_R,25,SS_vs_persistence,0.0,1383540,fa85569c247e4428,True,location-k4-fold0-seed0,0
persistence,F_R,25,SS_vs_seasonal,0.030606990992053218,1383540,fa85569c247e4428,True,location-k4-fold0-seed0,0
persistence,F_R,25,SS_vs_ar,-0.36144218761325675,1383540,fa85569c247e4428,True,location-k4-fold0-seed0,0
persistence,F_R,26,MSE,990702.4397434486,1383540,fa85569c247e4428,True,location-k4-fold0-seed0,0
persistence,F_R,26,MAE,673.6647362027672,1383540,fa85569c247e4428,True,location-k4-fold0-seed0,0
persistence,F_R,26,SS_vs_persistence,0.0,1383540,fa85569c247e4428,True,location-k4-fold0-seed0,0
persistence,F_R,26,SS_vs_seasonal,0.019774600393564712,1383540,fa85569c247e4428,True,location-k4-fold0-seed0,0
persistence,F_R,26,SS_vs_ar,-0.3668524147732597,1383540,fa85569c247e4428,True,location-k4-fold0-seed0,0
persistence,F_R,27,MSE,1008963.1705095624,1383540,fa85569c247e4428,True,location-k4-fold0-seed0,0
persistence,F_R,27,MAE,680.3721322767226,1383540,fa85569c247e4428,True,location-k4-fold0-seed0,0
persistence,F_R,27,SS_vs_persistence,0.0,1383540,fa85569c247e4428,True,location-k4-fold0-seed0,0
persistence,F_R,27,SS_vs_seasonal,0.0028904368827663562,1383540,fa85569c247e4428,True,location-k4-fold0-seed0,0
persistence,F_R,27,SS_vs_ar,-0.37592037085386343,1383540,fa85569c247e4428,True,location-k4-fold0-seed0,0
persistence,F_R,28,MSE,1007587.6784397075,1383540,fa85569c247e4428,True,location-k4-fold0-seed0,0
persistence,F_R,28,MAE,679.4017114608264,1383540,fa85569c247e4428,True,location-k4-fold0-seed0,0
persistence,F_R,28,SS_vs_persistence,0.0,1383540,fa85569c247e4428,True,location-k4-fold0-seed0,0
persistence,F_R,28,SS_vs_seasonal,0.003765063966105653,1383540,fa85569c247e4428,True,location-k4-fold0-seed0,0
persistence,F_R,28,SS_vs_ar,-0.3664006554638384,1383540,fa85569c247e4428,True,location-k4-fold0-seed0,0
persistence,F_R,29,MSE,1014791.37799198,1383540,fa85569c247e4428,True,location-k4-fold0-seed0,0
persistence,F_R,29,MAE,682.8992490857353,1383540,fa85569c247e4428,True,location-k4-fold0-seed0,0
persistence,F_R,29,SS_vs_persistence,0.0,1383540,fa85569c247e4428,True,location-k4-fold0-seed0,0
persistence,F_R,29,SS_vs_seasonal,-0.0015585655479846139,1383540,fa85569c247e4428,True,location-k4-fold0-seed0,0
persistence,F_R,29,SS_vs_ar,-0.3657726925590532,1383540,fa85569c247e4428,True,location-k4-fold0-seed0,0
persistence,F_R,30,MSE,997316.7347718142,1383540,fa85569c247e4428,True,location-k4-fold0-seed0,0
persistence,F_R,30,MAE,676.3735306353234,1383540,fa85569c247e4428,True,location-k4-fold0-seed0,0
persistence,F_R,30,SS_vs_persistence,0.0,1383540,fa85569c247e4428,True,location-k4-fold0-seed0,0
persistence,F_R,30,SS_vs_seasonal,0.002941528400360216,1383540,fa85569c247e4428,True,location-k4-fold0-seed0,0
persistence,F_R,30,SS_vs_ar,-0.3403111273464057,1383540,fa85569c247e4428,True,location-k4-fold0-seed0,0
persistence,F_R,all,MSE,865711.1600623721,1383540,fa85569c247e4428,True,location-k4-fold0-seed0,0
persistence,F_R,all,MAE,616.9461522515315,1383540,fa85569c247e4428,True,location-k4-fold0-seed0,0
persistence,F_R,all,SS_vs_persistence,0.0,1383540,fa85569c247e4428,True,location-k4-fold0-seed0,0
persistence,F_R,all,SS_vs_seasonal,0.06725725894237311,1383540,fa85569c247e4428,True,location-k4-fold0-seed0,0
persistence,F_R,all,SS_vs_ar,-0.4202427919614813,1383540,fa85569c247e4428,True,location-k4-fold0-seed0,0
persistence,CoPx_R,1,MSE,0.01879502405863217,1278654,fa85569c247e4428,True,location-k4-fold0-seed0,0
persistence,CoPx_R,1,MAE,0.041161766437586275,1278654,fa85569c247e4428,True,location-k4-fold0-seed0,0
persistence,CoPx_R,1,SS_vs_persistence,5.3205551076018764e-11,1278654,fa85569c247e4428,True,location-k4-fold0-seed0,0
persistence,CoPx_R,1,SS_vs_seasonal,0.04366191749111836,1278654,fa85569c247e4428,True,location-k4-fold0-seed0,0
persistence,CoPx_R,1,SS_vs_ar,-0.6856756460632534,1278654,fa85569c247e4428,True,location-k4-fold0-seed0,0
persistence,CoPx_R,2,MSE,0.021507847201151002,1278654,fa85569c247e4428,True,location-k4-fold0-seed0,0
persistence,CoPx_R,2,MAE,0.04546706942436355,1278654,fa85569c247e4428,True,location-k4-fold0-seed0,0
persistence,CoPx_R,2,SS_vs_persistence,4.649458595906708e-11,1278654,fa85569c247e4428,True,location-k4-fold0-seed0,0
persistence,CoPx_R,2,SS_vs_seasonal,-0.054089736566787616,1278654,fa85569c247e4428,True,location-k4-fold0-seed0,0
persistence,CoPx_R,2,SS_vs_ar,-0.9015419113989511,1278654,fa85569c247e4428,True,location-k4-fold0-seed0,0
persistence,CoPx_R,3,MSE,0.020989790781237038,1278654,fa85569c247e4428,True,location-k4-fold0-seed0,0
persistence,CoPx_R,3,MAE,0.04660802222967354,1278654,fa85569c247e4428,True,location-k4-fold0-seed0,0
persistence,CoPx_R,3,SS_vs_persistence,4.764211247731964e-11,1278654,fa85569c247e4428,True,location-k4-fold0-seed0,0
persistence,CoPx_R,3,SS_vs_seasonal,-0.026986453377661812,1278654,fa85569c247e4428,True,location-k4-fold0-seed0,0
persistence,CoPx_R,3,SS_vs_ar,-0.87248554009115,1278654,fa85569c247e4428,True,location-k4-fold0-seed0,0
persistence,CoPx_R,4,MSE,0.02062416509929407,1278654,fa85569c247e4428,True,location-k4-fold0-seed0,0
persistence,CoPx_R,4,MAE,0.04707729101368877,1278654,fa85569c247e4428,True,location-k4-fold0-seed0,0
persistence,CoPx_R,4,SS_vs_persistence,4.848677015445446e-11,1278654,fa85569c247e4428,True,location-k4-fold0-seed0,0
persistence,CoPx_R,4,SS_vs_seasonal,-0.02260713372981349,1278654,fa85569c247e4428,True,location-k4-fold0-seed0,0
persistence,CoPx_R,4,SS_vs_ar,-0.8581363694200472,1278654,fa85569c247e4428,True,location-k4-fold0-seed0,0
persistence,CoPx_R,5,MSE,0.021576044127331967,1278654,fa85569c247e4428,True,location-k4-fold0-seed0,0
persistence,CoPx_R,5,MAE,0.048470491750097086,1278654,fa85569c247e4428,True,location-k4-fold0-seed0,0
persistence,CoPx_R,5,SS_vs_persistence,4.634759243060671e-11,1278654,fa85569c247e4428,True,location-k4-fold0-seed0,0
persistence,CoPx_R,5,SS_vs_seasonal,-0.026140371524013384,1278654,fa85569c247e4428,True,location-k4-fold0-seed0,0
persistence,CoPx_R,5,SS_vs_ar,-0.9652538423023853,1278654,fa85569c247e4428,True,location-k4-fold0-seed0,0
persistence,CoPx_R,6,MSE,0.021808042064963108,1278654,fa85569c247e4428,True,location-k4-fold0-seed0,0
persistence,CoPx_R,6,MAE,0.04845096655001134,1278654,fa85569c247e4428,True,location-k4-fold0-seed0,0
persistence,CoPx_R,6,SS_vs_persistence,4.585454238537068e-11,1278654,fa85569c247e4428,True,location-k4-fold0-seed0,0
persistence,CoPx_R,6,SS_vs_seasonal,-0.035897692550450166,1278654,fa85569c247e4428,True,location-k4-fold0-seed0,0
persistence,CoPx_R,6,SS_vs_ar,-1.0024966227529344,1278654,fa85569c247e4428,True,location-k4-fold0-seed0,0
persistence,CoPx_R,7,MSE,0.020041148452814038,1278654,fa85569c247e4428,True,location-k4-fold0-seed0,0
persistence,CoPx_R,7,MAE,0.049098469339167554,1278654,fa85569c247e4428,True,location-k4-fold0-seed0,0
persistence,CoPx_R,7,SS_vs_persistence,4.989730850724072e-11,1278654,fa85569c247e4428,True,location-k4-fold0-seed0,0
persistence,CoPx_R,7,SS_vs_seasonal,0.010322939235826945,1278654,fa85569c247e4428,True,location-k4-fold0-seed0,0
persistence,CoPx_R,7,SS_vs_ar,-0.8586369977392891,1278654,fa85569c247e4428,True,location-k4-fold0-seed0,0
persistence,CoPx_R,8,MSE,0.02095836820336603,1278654,fa85569c247e4428,True,location-k4-fold0-seed0,0
persistence,CoPx_R,8,MAE,0.04980060422714067,1278654,fa85569c247e4428,True,location-k4-fold0-seed0,0
persistence,CoPx_R,8,SS_vs_persistence,4.77136108401055e-11,1278654,fa85569c247e4428,True,location-k4-fold0-seed0,0
persistence,CoPx_R,8,SS_vs_seasonal,-0.012282422441034502,1278654,fa85569c247e4428,True,location-k4-fold0-seed0,0
persistence,CoPx_R,8,SS_vs_ar,-0.9372353019713939,1278654,fa85569c247e4428,True,location-k4-fold0-seed0,0
persistence,CoPx_R,9,MSE,0.020644226303927742,1278654,fa85569c247e4428,True,location-k4-fold0-seed0,0
persistence,CoPx_R,9,MAE,0.05018636774095821,1278654,fa85569c247e4428,True,location-k4-fold0-seed0,0
persistence,CoPx_R,9,SS_vs_persistence,4.843958567590789e-11,1278654,fa85569c247e4428,True,location-k4-fold0-seed0,0
persistence,CoPx_R,9,SS_vs_seasonal,0.005115037881288642,1278654,fa85569c247e4428,True,location-k4-fold0-seed0,0
persistence,CoPx_R,9,SS_vs_ar,-0.9177041926725047,1278654,fa85569c247e4428,True,location-k4-fold0-seed0,0
persistence,CoPx_R,10,MSE,0.02103434296488134,1278654,fa85569c247e4428,True,location-k4-fold0-seed0,0
persistence,CoPx_R,10,MAE,0.05033946077562787,1278654,fa85569c247e4428,True,location-k4-fold0-seed0,0
persistence,CoPx_R,10,SS_vs_persistence,4.7541193204381216e-11,1278654,fa85569c247e4428,True,location-k4-fold0-seed0,0
persistence,CoPx_R,10,SS_vs_seasonal,-0.011593673362733092,1278654,fa85569c247e4428,True,location-k4-fold0-seed0,0
persistence,CoPx_R,10,SS_vs_ar,-0.9538531118371143,1278654,fa85569c247e4428,True,location-k4-fold0-seed0,0
persistence,CoPx_R,11,MSE,0.021500577280494156,1278654,fa85569c247e4428,True,location-k4-fold0-seed0,0
persistence,CoPx_R,11,MAE,0.05118262682560946,1278654,fa85569c247e4428,True,location-k4-fold0-seed0,0
persistence,CoPx_R,11,SS_vs_persistence,4.651035112601676e-11,1278654,fa85569c247e4428,True,location-k4-fold0-seed0,0
persistence,CoPx_R,11,SS_vs_seasonal,-0.09364362184450759,1278654,fa85569c247e4428,True,location-k4-fold0-seed0,0
persistence,CoPx_R,11,SS_vs_ar,-0.9910515130710842,1278654,fa85569c247e4428,True,location-k4-fold0-seed0,0
persistence,CoPx_R,12,MSE,0.02202427873631387,1278654,fa85569c247e4428,True,location-k4-fold0-seed0,0
persistence,CoPx_R,12,MAE,0.05196499561401091,1278654,fa85569c247e4428,True,location-k4-fold0-seed0,0
persistence,CoPx_R,12,SS_vs_persistence,4.540434694888518e-11,1278654,fa85569c247e4428,True,location-k4-fold0-seed0,0
persistence,CoPx_R,12,SS_vs_seasonal,-0.12193982738229181,1278654,fa85569c247e4428,True,location-k4-fold0-seed0,0
persistence,CoPx_R,12,SS_vs_ar,-1.0526991864726445,1278654,fa85569c247e4428,True,location-k4-fold0-seed0,0
persistence,CoPx_R,13,MSE,0.02180904013862211,1278654,fa85569c247e4428,True,location-k4-fold0-seed0,0
persistence,CoPx_R,13,MAE,0.052722363319226195,1278654,fa85569c247e4428,True,location-k4-fold0-seed0,0
persistence,CoPx_R,13,SS_vs_persistence,4.585243296162389e-11,1278654,fa85569c247e4428,True,location-k4-fold0-seed0,0
persistence,CoPx_R,13,SS_vs_seasonal,-0.07290557851652735,1278654,fa85569c247e4428,True,location-k4-fold0-seed0,0
persistence,CoPx_R,13,SS_vs_ar,-1.0162253703542055,1278654,fa85569c247e4428,True,location-k4-fold0-seed0,0
persistence,CoPx_R,14,MSE,0.022270076292877278,1278654,fa85569c247e4428,True,location-k4-fold0-seed0,0
persistence,CoPx_R,14,MAE,0.052921943452386044,1278654,fa85569c247e4428,True,location-k4-fold0-seed0,0
persistence,CoPx_R,14,SS_vs_persistence,4.490319227556938e-11,1278654,fa85569c247e4428,True,location-k4-fold0-seed0,0
persistence,CoPx_R,14,SS_vs_seasonal,-0.08597777161929909,1278654,fa85569c247e4428,True,location-k4-fold0-seed0,0
persistence,CoPx_R,14,SS_vs_ar,-1.0326164222175889,1278654,fa85569c247e4428,True,location-k4-fold0-seed0,0
persistence,CoPx_R,15,MSE,0.021478309430792573,1278654,fa85569c247e4428,True,location-k4-fold0-seed0,0
persistence,CoPx_R,15,MAE,0.05258806626369529,1278654,fa85569c247e4428,True,location-k4-fold0-seed0,0
persistence,CoPx_R,15,SS_vs_persistence,4.655853480528549e-11,1278654,fa85569c247e4428,True,location-k4-fold0-seed0,0
persistence,CoPx_R,15,SS_vs_seasonal,-0.03792748598844087,1278654,fa85569c247e4428,True,location-k4-fold0-seed0,0
persistence,CoPx_R,15,SS_vs_ar,-0.9709295689039492,1278654,fa85569c247e4428,True,location-k4-fold0-seed0,0
persistence,CoPx_R,16,MSE,0.02148354553867557,1278654,fa85569c247e4428,True,location-k4-fold0-seed0,0
persistence,CoPx_R,16,MAE,0.053112288821726035,1278654,fa85569c247e4428,True,location-k4-fold0-seed0,0
persistence,CoPx_R,16,SS_vs_persistence,4.654721053043431e-11,1278654,fa85569c247e4428,True,location-k4-fold0-seed0,0
persistence,CoPx_R,16,SS_vs_seasonal,-0.031124780351407866,1278654,fa85569c247e4428,True,location-k4-fold0-seed0,0
persistence,CoPx_R,16,SS_vs_ar,-0.941219196319671,1278654,fa85569c247e4428,True,location-k4-fold0-seed0,0
persistence,CoPx_R,17,MSE,0.022381664828464296,1278654,fa85569c247e4428,True,location-k4-fold0-seed0,0
persistence,CoPx_R,17,MAE,0.053572860754393666,1278654,fa85569c247e4428,True,location-k4-fold0-seed0,0
persistence,CoPx_R,17,SS_vs_persistence,4.467937131380495e-11,1278654,fa85569c247e4428,True,location-k4-fold0-seed0,0
persistence,CoPx_R,17,SS_vs_seasonal,-0.04464389616445108,1278654,fa85569c247e4428,True,location-k4-fold0-seed0,0
persistence,CoPx_R,17,SS_vs_ar,-0.9772653314682858,1278654,fa85569c247e4428,True,location-k4-fold0-seed0,0
persistence,CoPx_R,18,MSE,0.022547299440819738,1278654,fa85569c247e4428,True,location-k4-fold0-seed0,0
persistence,CoPx_R,18,MAE,0.054190247926362504,1278654,fa85569c247e4428,True,location-k4-fold0-seed0,0
persistence,CoPx_R,18,SS_vs_persistence,4.4351189387725753e-11,1278654,fa85569c247e4428,True,location-k4-fold0-seed0,0
persistence,CoPx_R,18,SS_vs_seasonal,-0.049228770743643624,1278654,fa85569c247e4428,True,location-k4-fold0-seed0,0
persistence,CoPx_R,18,SS_vs_ar,-0.9869468993229684,1278654,fa85569c247e4428,True,location-k4-fold0-seed0,0
persistence,CoPx_R,19,MSE,0.021567279231906156,1278654,fa85569c247e4428,True,location-k4-fold0-seed0,0
persistence,CoPx_R,19,MAE,0.05386461119911914,1278654,fa85569c247e4428,True,location-k4-fold0-seed0,0
persistence,CoPx_R,19,SS_vs_persistence,4.636646622202534e-11,1278654,fa85569c247e4428,True,location-k4-fold0-seed0,0
persistence,CoPx_R,19,SS_vs_seasonal,-0.003497308542244948,1278654,fa85569c247e4428,True,location-k4-fold0-seed0,0
persistence,CoPx_R,19,SS_vs_ar,-0.8990750157314593,1278654,fa85569c247e4428,True,location-k4-fold0-seed0,0
persistence,CoPx_R,20,MSE,0.022250492439814046,1278654,fa85569c247e4428,True,location-k4-fold0-seed0,0
persistence,CoPx_R,20,MAE,0.054084235857848044,1278654,fa85569c247e4428,True,location-k4-fold0-seed0,0
persistence,CoPx_R,20,SS_vs_persistence,4.494271621524604e-11,1278654,fa85569c247e4428,True,location-k4-fold0-seed0,0
persistence,CoPx_R,20,SS_vs_seasonal,-0.014837492682684417,1278654,fa85569c247e4428,True,location-k4-fold0-seed0,0
persistence,CoPx_R,20,SS_vs_ar,-0.9421062980289394,1278654,fa85569c247e4428,True,location-k4-fold0-seed0,0
persistence,CoPx_R,21,MSE,0.02252031006206532,1278654,fa85569c247e4428,True,location-k4-fold0-seed0,0
persistence,CoPx_R,21,MAE,0.05448123239823305,1278654,fa85569c247e4428,True,location-k4-fold0-seed0,0
persistence,CoPx_R,21,SS_vs_persistence,4.4404258048302836e-11,1278654,fa85569c247e4428,True,location-k4-fold0-seed0,0
persistence,CoPx_R,21,SS_vs_seasonal,0.05505846325291519,1278654,fa85569c247e4428,True,location-k4-fold0-seed0,0
persistence,CoPx_R,21,SS_vs_ar,-0.9588017827631639,1278654,fa85569c247e4428,True,location-k4-fold0-seed0,0
persistence,CoPx_R,22,MSE,0.02385903680856816,1278654,fa85569c247e4428,True,location-k4-fold0-seed0,0
persistence,CoPx_R,22,MAE,0.05526332824017647,1278654,fa85569c247e4428,True,location-k4-fold0-seed0,0
persistence,CoPx_R,22,SS_vs_persistence,4.191280655874152e-11,1278654,fa85569c247e4428,True,location-k4-fold0-seed0,0
persistence,CoPx_R,22,SS_vs_seasonal,0.003318650037446247,1278654,fa85569c247e4428,True,location-k4-fold0-seed0,0
persistence,CoPx_R,22,SS_vs_ar,-1.0825448638263806,1278654,fa85569c247e4428,True,location-k4-fold0-seed0,0
persistence,CoPx_R,23,MSE,0.023016227313248865,1278654,fa85569c247e4428,True,location-k4-fold0-seed0,0
persistence,CoPx_R,23,MAE,0.05532701937318816,1278654,fa85569c247e4428,True,location-k4-fold0-seed0,0
persistence,CoPx_R,23,SS_vs_persistence,4.344757886798334e-11,1278654,fa85569c247e4428,True,location-k4-fold0-seed0,0
persistence,CoPx_R,23,SS_vs_seasonal,0.030092128814733998,1278654,fa85569c247e4428,True,location-k4-fold0-seed0,0
persistence,CoPx_R,23,SS_vs_ar,-1.02249903100678,1278654,fa85569c247e4428,True,location-k4-fold0-seed0,0
persistence,CoPx_R,24,MSE,0.02368047942690239,1278654,fa85569c247e4428,True,location-k4-fold0-seed0,0
persistence,CoPx_R,24,MAE,0.056028199824720265,1278654,fa85569c247e4428,True,location-k4-fold0-seed0,0
persistence,CoPx_R,24,SS_vs_persistence,4.222877603154984e-11,1278654,fa85569c247e4428,True,location-k4-fold0-seed0,0
persistence,CoPx_R,24,SS_vs_seasonal,0.0021077115640039112,1278654,fa85569c247e4428,True,location-k4-fold0-seed0,0
persistence,CoPx_R,24,SS_vs_ar,-1.0767350635755961,1278654,fa85569c247e4428,True,location-k4-fold0-seed0,0
persistence,CoPx_R,25,MSE,0.02274848161288846,1278654,fa85569c247e4428,True,location-k4-fold0-seed0,0
persistence,CoPx_R,25,MAE,0.05557664597951169,1278654,fa85569c247e4428,True,location-k4-fold0-seed0,0
persistence,CoPx_R,25,SS_vs_persistence,4.3958947593125686e-11,1278654,fa85569c247e4428,True,location-k4-fold0-seed0,0
persistence,CoPx_R,25,SS_vs_seasonal,0.04676138349840342,1278654,fa85569c247e4428,True,location-k4-fold0-seed0,0
persistence,CoPx_R,25,SS_vs_ar,-0.9971296967304406,1278654,fa85569c247e4428,True,location-k4-fold0-seed0,0
persistence,CoPx_R,26,MSE,0.022970003914561325,1278654,fa85569c247e4428,True,location-k4-fold0-seed0,0
persistence,CoPx_R,26,MAE,0.055614760893073455,1278654,fa85569c247e4428,True,location-k4-fold0-seed0,0
persistence,CoPx_R,26,SS_vs_persistence,4.353495342002134e-11,1278654,fa85569c247e4428,True,location-k4-fold0-seed0,0
persistence,CoPx_R,26,SS_vs_seasonal,0.03404370508286947,1278654,fa85569c247e4428,True,location-k4-fold0-seed0,0
persistence,CoPx_R,26,SS_vs_ar,-1.0227274105961786,1278654,fa85569c247e4428,True,location-k4-fold0-seed0,0
persistence,CoPx_R,27,MSE,0.024132655271155372,1278654,fa85569c247e4428,True,location-k4-fold0-seed0,0
persistence,CoPx_R,27,MAE,0.05676110279649586,1278654,fa85569c247e4428,True,location-k4-fold0-seed0,0
persistence,CoPx_R,27,SS_vs_persistence,4.143752008189949e-11,1278654,fa85569c247e4428,True,location-k4-fold0-seed0,0
persistence,CoPx_R,27,SS_vs_seasonal,0.004528687583026381,1278654,fa85569c247e4428,True,location-k4-fold0-seed0,0
persistence,CoPx_R,27,SS_vs_ar,-1.106411105271217,1278654,fa85569c247e4428,True,location-k4-fold0-seed0,0
persistence,CoPx_R,28,MSE,0.022385093665566347,1278654,fa85569c247e4428,True,location-k4-fold0-seed0,0
persistence,CoPx_R,28,MAE,0.05590747298189766,1278654,fa85569c247e4428,True,location-k4-fold0-seed0,0
persistence,CoPx_R,28,SS_vs_persistence,4.4672487931052274e-11,1278654,fa85569c247e4428,True,location-k4-fold0-seed0,0
persistence,CoPx_R,28,SS_vs_seasonal,0.07688971178605664,1278654,fa85569c247e4428,True,location-k4-fold0-seed0,0
persistence,CoPx_R,28,SS_vs_ar,-0.9573252433670392,1278654,fa85569c247e4428,True,location-k4-fold0-seed0,0
persistence,CoPx_R,29,MSE,0.02336061860081132,1278654,fa85569c247e4428,True,location-k4-fold0-seed0,0
persistence,CoPx_R,29,MAE,0.05703799357965383,1278654,fa85569c247e4428,True,location-k4-fold0-seed0,0
persistence,CoPx_R,29,SS_vs_persistence,4.2806980182774623e-11,1278654,fa85569c247e4428,True,location-k4-fold0-seed0,0
persistence,CoPx_R,29,SS_vs_seasonal,0.026381937152961776,1278654,fa85569c247e4428,True,location-k4-fold0-seed0,0
persistence,CoPx_R,29,SS_vs_ar,-1.0275260903570014,1278654,fa85569c247e4428,True,location-k4-fold0-seed0,0
persistence,CoPx_R,30,MSE,0.02414119421620416,1278654,fa85569c247e4428,True,location-k4-fold0-seed0,0
persistence,CoPx_R,30,MAE,0.05707420814595719,1278654,fa85569c247e4428,True,location-k4-fold0-seed0,0
persistence,CoPx_R,30,SS_vs_persistence,4.142286513797444e-11,1278654,fa85569c247e4428,True,location-k4-fold0-seed0,0
persistence,CoPx_R,30,SS_vs_seasonal,-0.009538573944781081,1278654,fa85569c247e4428,True,location-k4-fold0-seed0,0
persistence,CoPx_R,30,SS_vs_ar,-1.0953379490925417,1278654,fa85569c247e4428,True,location-k4-fold0-seed0,0
persistence,CoPx_R,all,MSE,0.022003832605122117,1278654,fa85569c247e4428,True,location-k4-fold0-seed0,0
persistence,CoPx_R,all,MAE,0.05219899616237313,1278654,fa85569c247e4428,True,location-k4-fold0-seed0,0
persistence,CoPx_R,all,SS_vs_persistence,4.544653542382093e-11,1278654,fa85569c247e4428,True,location-k4-fold0-seed0,0
persistence,CoPx_R,all,SS_vs_seasonal,-0.011651714644095756,1278654,fa85569c247e4428,True,location-k4-fold0-seed0,0
persistence,CoPx_R,all,SS_vs_ar,-0.9708508364313813,1278654,fa85569c247e4428,True,location-k4-fold0-seed0,0
persistence,CoPy_R,1,MSE,0.012432868585063194,1278654,fa85569c247e4428,True,location-k4-fold0-seed0,0
persistence,CoPy_R,1,MAE,0.05657027800360237,1278654,fa85569c247e4428,True,location-k4-fold0-seed0,0
persistence,CoPy_R,1,SS_vs_persistence,8.043199439811133e-11,1278654,fa85569c247e4428,True,location-k4-fold0-seed0,0
persistence,CoPy_R,1,SS_vs_seasonal,0.12396466386309724,1278654,fa85569c247e4428,True,location-k4-fold0-seed0,0
persistence,CoPy_R,1,SS_vs_ar,-0.5454918018555448,1278654,fa85569c247e4428,True,location-k4-fold0-seed0,0
persistence,CoPy_R,2,MSE,0.013702037341004855,1278654,fa85569c247e4428,True,location-k4-fold0-seed0,0
persistence,CoPy_R,2,MAE,0.06146632141078768,1278654,fa85569c247e4428,True,location-k4-fold0-seed0,0
persistence,CoPy_R,2,SS_vs_persistence,7.298184279136422e-11,1278654,fa85569c247e4428,True,location-k4-fold0-seed0,0
persistence,CoPy_R,2,SS_vs_seasonal,0.05391890938903432,1278654,fa85569c247e4428,True,location-k4-fold0-seed0,0
persistence,CoPy_R,2,SS_vs_ar,-0.6536975754727412,1278654,fa85569c247e4428,True,location-k4-fold0-seed0,0
persistence,CoPy_R,3,MSE,0.013950034531859305,1278654,fa85569c247e4428,True,location-k4-fold0-seed0,0
persistence,CoPy_R,3,MAE,0.0627412865250342,1278654,fa85569c247e4428,True,location-k4-fold0-seed0,0
persistence,CoPy_R,3,SS_vs_persistence,7.168443616478726e-11,1278654,fa85569c247e4428,True,location-k4-fold0-seed0,0
persistence,CoPy_R,3,SS_vs_seasonal,0.024130211327969997,1278654,fa85569c247e4428,True,location-k4-fold0-seed0,0
persistence,CoPy_R,3,SS_vs_ar,-0.6776792663644067,1278654,fa85569c247e4428,True,location-k4-fold0-seed0,0
persistence,CoPy_R,4,MSE,0.01405062635046742,1278654,fa85569c247e4428,True,location-k4-fold0-seed0,0
persistence,CoPy_R,4,MAE,0.06294377415156911,1278654,fa85569c247e4428,True,location-k4-fold0-seed0,0
persistence,CoPy_R,4,SS_vs_persistence,7.117118006050305e-11,1278654,fa85569c247e4428,True,location-k4-fold0-seed0,0
persistence,CoPy_R,4,SS_vs_seasonal,0.017845771244384023,1278654,fa85569c247e4428,True,location-k4-fold0-seed0,0
persistence,CoPy_R,4,SS_vs_ar,-0.6879372644947566,1278654,fa85569c247e4428,True,location-k4-fold0-seed0,0
persistence,CoPy_R,5,MSE,0.013682888113115766,1278654,fa85569c247e4428,True,location-k4-fold0-seed0,0
persistence,CoPy_R,5,MAE,0.06303179789078149,1278654,fa85569c247e4428,True,location-k4-fold0-seed0,0
persistence,CoPy_R,5,SS_vs_persistence,7.308398330962973e-11,1278654,fa85569c247e4428,True,location-k4-fold0-seed0,0
persistence,CoPy_R,5,SS_vs_seasonal,0.04313650667162616,1278654,fa85569c247e4428,True,location-k4-fold0-seed0,0
persistence,CoPy_R,5,SS_vs_ar,-0.6461481603545647,1278654,fa85569c247e4428,True,location-k4-fold0-seed0,0
persistence,CoPy_R,6,MSE,0.013958628812335687,1278654,fa85569c247e4428,True,location-k4-fold0-seed0,0
persistence,CoPy_R,6,MAE,0.06270242422906118,1278654,fa85569c247e4428,True,location-k4-fold0-seed0,0
persistence,CoPy_R,6,SS_vs_persistence,7.164036031070964e-11,1278654,fa85569c247e4428,True,location-k4-fold0-seed0,0
persistence,CoPy_R,6,SS_vs_seasonal,0.02119553954573561,1278654,fa85569c247e4428,True,location-k4-fold0-seed0,0
persistence,CoPy_R,6,SS_vs_ar,-0.6705999799786773,1278654,fa85569c247e4428,True,location-k4-fold0-seed0,0
persistence,CoPy_R,7,MSE,0.013955264389681907,1278654,fa85569c247e4428,True,location-k4-fold0-seed0,0
persistence,CoPy_R,7,MAE,0.06374620672125278,1278654,fa85569c247e4428,True,location-k4-fold0-seed0,0
persistence,CoPy_R,7,SS_vs_persistence,7.165756876759133e-11,1278654,fa85569c247e4428,True,location-k4-fold0-seed0,0
persistence,CoPy_R,7,SS_vs_seasonal,0.014426389128034955,1278654,fa85569c247e4428,True,location-k4-fold0-seed0,0
persistence,CoPy_R,7,SS_vs_ar,-0.6638164158564144,1278654,fa85569c247e4428,True,location-k4-fold0-seed0,0
persistence,CoPy_R,8,MSE,0.014299098598670108,1278654,fa85569c247e4428,True,location-k4-fold0-seed0,0
persistence,CoPy_R,8,MAE,0.06377153576307695,1278654,fa85569c247e4428,True,location-k4-fold0-seed0,0
persistence,CoPy_R,8,SS_vs_persistence,6.993450263337309e-11,1278654,fa85569c247e4428,True,location-k4-fold0-seed0,0
persistence,CoPy_R,8,SS_vs_seasonal,-0.006120204624865844,1278654,fa85569c247e4428,True,location-k4-fold0-seed0,0
persistence,CoPy_R,8,SS_vs_ar,-0.7066143832294809,1278654,fa85569c247e4428,True,location-k4-fold0-seed0,0
persistence,CoPy_R,9,MSE,0.014217944753769439,1278654,fa85569c247e4428,True,location-k4-fold0-seed0,0
persistence,CoPy_R,9,MAE,0.06378483235300922,1278654,fa85569c247e4428,True,location-k4-fold0-seed0,0
persistence,CoPy_R,9,SS_vs_persistence,7.033373883302829e-11,1278654,fa85569c247e4428,True,location-k4-fold0-seed0,0
persistence,CoPy_R,9,SS_vs_seasonal,0.008603222825671275,1278654,fa85569c247e4428,True,location-k4-fold0-seed0,0
persistence,CoPy_R,9,SS_vs_ar,-0.6906138532602841,1278654,fa85569c247e4428,True,location-k4-fold0-seed0,0
persistence,CoPy_R,10,MSE,0.014138365229529043,1278654,fa85569c247e4428,True,location-k4-fold0-seed0,0
persistence,CoPy_R,10,MAE,0.06414858206639737,1278654,fa85569c247e4428,True,location-k4-fold0-seed0,0
persistence,CoPy_R,10,SS_vs_persistence,7.072953334130716e-11,1278654,fa85569c247e4428,True,location-k4-fold0-seed0,0
persistence,CoPy_R,10,SS_vs_seasonal,0.010457923456102747,1278654,fa85569c247e4428,True,location-k4-fold0-seed0,0
persistence,CoPy_R,10,SS_vs_ar,-0.6747649259540756,1278654,fa85569c247e4428,True,location-k4-fold0-seed0,0
persistence,CoPy_R,11,MSE,0.014955189519461327,1278654,fa85569c247e4428,True,location-k4-fold0-seed0,0
persistence,CoPy_R,11,MAE,0.06584014376119332,1278654,fa85569c247e4428,True,location-k4-fold0-seed0,0
persistence,CoPy_R,11,SS_vs_persistence,6.686640130482147e-11,1278654,fa85569c247e4428,True,location-k4-fold0-seed0,0
persistence,CoPy_R,11,SS_vs_seasonal,-0.0402083752894935,1278654,fa85569c247e4428,True,location-k4-fold0-seed0,0
persistence,CoPy_R,11,SS_vs_ar,-0.7591745029596924,1278654,fa85569c247e4428,True,location-k4-fold0-seed0,0
persistence,CoPy_R,12,MSE,0.013849682116046359,1278654,fa85569c247e4428,True,location-k4-fold0-seed0,0
persistence,CoPy_R,12,MAE,0.06473121303593218,1278654,fa85569c247e4428,True,location-k4-fold0-seed0,0
persistence,CoPy_R,12,SS_vs_persistence,7.220390951800937e-11,1278654,fa85569c247e4428,True,location-k4-fold0-seed0,0
persistence,CoPy_R,12,SS_vs_seasonal,0.017390470612341002,1278654,fa85569c247e4428,True,location-k4-fold0-seed0,0
persistence,CoPy_R,12,SS_vs_ar,-0.6341256640184076,1278654,fa85569c247e4428,True,location-k4-fold0-seed0,0
persistence,CoPy_R,13,MSE,0.014258043416041543,1278654,fa85569c247e4428,True,location-k4-fold0-seed0,0
persistence,CoPy_R,13,MAE,0.06535914501469699,1278654,fa85569c247e4428,True,location-k4-fold0-seed0,0
persistence,CoPy_R,13,SS_vs_persistence,7.013589709004009e-11,1278654,fa85569c247e4428,True,location-k4-fold0-seed0,0
persistence,CoPy_R,13,SS_vs_seasonal,-0.0012359141095419357,1278654,fa85569c247e4428,True,location-k4-fold0-seed0,0
persistence,CoPy_R,13,SS_vs_ar,-0.6697894535432427,1278654,fa85569c247e4428,True,location-k4-fold0-seed0,0
persistence,CoPy_R,14,MSE,0.014427003334750207,1278654,fa85569c247e4428,True,location-k4-fold0-seed0,0
persistence,CoPy_R,14,MAE,0.0653687558131112,1278654,fa85569c247e4428,True,location-k4-fold0-seed0,0
persistence,CoPy_R,14,SS_vs_persistence,6.931444307411994e-11,1278654,fa85569c247e4428,True,location-k4-fold0-seed0,0
persistence,CoPy_R,14,SS_vs_seasonal,-0.019031057900206205,1278654,fa85569c247e4428,True,location-k4-fold0-seed0,0
persistence,CoPy_R,14,SS_vs_ar,-0.686867815235938,1278654,fa85569c247e4428,True,location-k4-fold0-seed0,0
persistence,CoPy_R,15,MSE,0.014182528020990813,1278654,fa85569c247e4428,True,location-k4-fold0-seed0,0
persistence,CoPy_R,15,MAE,0.06480158225589526,1278654,fa85569c247e4428,True,location-k4-fold0-seed0,0
persistence,CoPy_R,15,SS_vs_persistence,7.050937611552399e-11,1278654,fa85569c247e4428,True,location-k4-fold0-seed0,0
persistence,CoPy_R,15,SS_vs_seasonal,-0.0022203772914577424,1278654,fa85569c247e4428,True,location-k4-fold0-seed0,0
persistence,CoPy_R,15,SS_vs_ar,-0.6521652461174172,1278654,fa85569c247e4428,True,location-k4-fold0-seed0,0
persistence,CoPy_R,16,MSE,0.014510940933562769,1278654,fa85569c247e4428,True,location-k4-fold0-seed0,0
persistence,CoPy_R,16,MAE,0.0655061095212705,1278654,fa85569c247e4428,True,location-k4-fold0-seed0,0
persistence,CoPy_R,16,SS_vs_persistence,6.891354153992779e-11,1278654,fa85569c247e4428,True,location-k4-fold0-seed0,0
persistence,CoPy_R,16,SS_vs_seasonal,-0.011858349203851759,1278654,fa85569c247e4428,True,location-k4-fold0-seed0,0
persistence,CoPy_R,16,SS_vs_ar,-0.6752024981726119,1278654,fa85569c247e4428,True,location-k4-fold0-seed0,0
persistence,CoPy_R,17,MSE,0.014226378610759793,1278654,fa85569c247e4428,True,location-k4-fold0-seed0,0
persistence,CoPy_R,17,MAE,0.06558621075878825,1278654,fa85569c247e4428,True,location-k4-fold0-seed0,0
persistence,CoPy_R,17,SS_vs_persistence,7.029199444730239e-11,1278654,fa85569c247e4428,True,location-k4-fold0-seed0,0
persistence,CoPy_R,17,SS_vs_seasonal,0.006478198447568473,1278654,fa85569c247e4428,True,location-k4-fold0-seed0,0
persistence,CoPy_R,17,SS_vs_ar,-0.6307787624416623,1278654,fa85569c247e4428,True,location-k4-fold0-seed0,0
persistence,CoPy_R,18,MSE,0.014633296473494043,1278654,fa85569c247e4428,True,location-k4-fold0-seed0,0
persistence,CoPy_R,18,MAE,0.0659410417779681,1278654,fa85569c247e4428,True,location-k4-fold0-seed0,0
persistence,CoPy_R,18,SS_vs_persistence,6.833733579014734e-11,1278654,fa85569c247e4428,True,location-k4-fold0-seed0,0
persistence,CoPy_R,18,SS_vs_seasonal,-0.021823735718119686,1278654,fa85569c247e4428,True,location-k4-fold0-seed0,0
persistence,CoPy_R,18,SS_vs_ar,-0.6702044016730875,1278654,fa85569c247e4428,True,location-k4-fold0-seed0,0
persistence,CoPy_R,19,MSE,0.014803189551663362,1278654,fa85569c247e4428,True,location-k4-fold0-seed0,0
persistence,CoPy_R,19,MAE,0.06616709451498472,1278654,fa85569c247e4428,True,location-k4-fold0-seed0,0
persistence,CoPy_R,19,SS_vs_persistence,6.755307424555212e-11,1278654,fa85569c247e4428,True,location-k4-fold0-seed0,0
persistence,CoPy_R,19,SS_vs_seasonal,-0.01599628054324853,1278654,fa85569c247e4428,True,location-k4-fold0-seed0,0
persistence,CoPy_R,19,SS_vs_ar,-0.6758351235487703,1278654,fa85569c247e4428,True,location-k4-fold0-seed0,0
persistence,CoPy_R,20,MSE,0.014562010179341011,1278654,fa85569c247e4428,True,location-k4-fold0-seed0,0
persistence,CoPy_R,20,MAE,0.06618530922342437,1278654,fa85569c247e4428,True,location-k4-fold0-seed0,0
persistence,CoPy_R,20,SS_vs_persistence,6.86718459874669e-11,1278654,fa85569c247e4428,True,location-k4-fold0-seed0,0
persistence,CoPy_R,20,SS_vs_seasonal,-0.0004550630698512137,1278654,fa85569c247e4428,True,location-k4-fold0-seed0,0
persistence,CoPy_R,20,SS_vs_ar,-0.6477595848714823,1278654,fa85569c247e4428,True,location-k4-fold0-seed0,0
persistence,CoPy_R,21,MSE,0.015256407397683488,1278654,fa85569c247e4428,True,location-k4-fold0-seed0,0
persistence,CoPy_R,21,MAE,0.06702505704590962,1278654,fa85569c247e4428,True,location-k4-fold0-seed0,0
persistence,CoPy_R,21,SS_vs_persistence,6.554623510623969e-11,1278654,fa85569c247e4428,True,location-k4-fold0-seed0,0
persistence,CoPy_R,21,SS_vs_seasonal,0.031047754899965918,1278654,fa85569c247e4428,True,location-k4-fold0-seed0,0
persistence,CoPy_R,21,SS_vs_ar,-0.7236535251690159,1278654,fa85569c247e4428,True,location-k4-fold0-seed0,0
persistence,CoPy_R,22,MSE,0.015311002293433656,1278654,fa85569c247e4428,True,location-k4-fold0-seed0,0
persistence,CoPy_R,22,MAE,0.06702890397084214,1278654,fa85569c247e4428,True,location-k4-fold0-seed0,0
persistence,CoPy_R,22,SS_vs_persistence,6.53125331595561e-11,1278654,fa85569c247e4428,True,location-k4-fold0-seed0,0
persistence,CoPy_R,22,SS_vs_seasonal,0.012148282735454319,1278654,fa85569c247e4428,True,location-k4-fold0-seed0,0
persistence,CoPy_R,22,SS_vs_ar,-0.7333072474482298,1278654,fa85569c247e4428,True,location-k4-fold0-seed0,0
persistence,CoPy_R,23,MSE,0.015508666136705582,1278654,fa85569c247e4428,True,location-k4-fold0-seed0,0
persistence,CoPy_R,23,MAE,0.06688688192580278,1278654,fa85569c247e4428,True,location-k4-fold0-seed0,0
persistence,CoPy_R,23,SS_vs_persistence,6.448008793569215e-11,1278654,fa85569c247e4428,True,location-k4-fold0-seed0,0
persistence,CoPy_R,23,SS_vs_seasonal,0.005843119837289468,1278654,fa85569c247e4428,True,location-k4-fold0-seed0,0
persistence,CoPy_R,23,SS_vs_ar,-0.763111614823528,1278654,fa85569c247e4428,True,location-k4-fold0-seed0,0
persistence,CoPy_R,24,MSE,0.01520377055593498,1278654,fa85569c247e4428,True,location-k4-fold0-seed0,0
persistence,CoPy_R,24,MAE,0.06589248495223768,1278654,fa85569c247e4428,True,location-k4-fold0-seed0,0
persistence,CoPy_R,24,SS_vs_persistence,6.577316469247307e-11,1278654,fa85569c247e4428,True,location-k4-fold0-seed0,0
persistence,CoPy_R,24,SS_vs_seasonal,0.03436717902017783,1278654,fa85569c247e4428,True,location-k4-fold0-seed0,0
persistence,CoPy_R,24,SS_vs_ar,-0.7334931978391821,1278654,fa85569c247e4428,True,location-k4-fold0-seed0,0
persistence,CoPy_R,25,MSE,0.014994972616554317,1278654,fa85569c247e4428,True,location-k4-fold0-seed0,0
persistence,CoPy_R,25,MAE,0.06602436206748838,1278654,fa85569c247e4428,True,location-k4-fold0-seed0,0
persistence,CoPy_R,25,SS_vs_persistence,6.668909868778883e-11,1278654,fa85569c247e4428,True,location-k4-fold0-seed0,0
persistence,CoPy_R,25,SS_vs_seasonal,0.02984336923455111,1278654,fa85569c247e4428,True,location-k4-fold0-seed0,0
persistence,CoPy_R,25,SS_vs_ar,-0.7054310668010533,1278654,fa85569c247e4428,True,location-k4-fold0-seed0,0
persistence,CoPy_R,26,MSE,0.014741774831273983,1278654,fa85569c247e4428,True,location-k4-fold0-seed0,0
persistence,CoPy_R,26,MAE,0.0669342382109464,1278654,fa85569c247e4428,True,location-k4-fold0-seed0,0
persistence,CoPy_R,26,SS_vs_persistence,6.78345157822946e-11,1278654,fa85569c247e4428,True,location-k4-fold0-seed0,0
persistence,CoPy_R,26,SS_vs_seasonal,0.033431763234378464,1278654,fa85569c247e4428,True,location-k4-fold0-seed0,0
persistence,CoPy_R,26,SS_vs_ar,-0.6799239631965073,1278654,fa85569c247e4428,True,location-k4-fold0-seed0,0
persistence,CoPy_R,27,MSE,0.015322646442458081,1278654,fa85569c247e4428,True,location-k4-fold0-seed0,0
persistence,CoPy_R,27,MAE,0.06786738310344237,1278654,fa85569c247e4428,True,location-k4-fold0-seed0,0
persistence,CoPy_R,27,SS_vs_persistence,6.526290619035535e-11,1278654,fa85569c247e4428,True,location-k4-fold0-seed0,0
persistence,CoPy_R,27,SS_vs_seasonal,0.0019053822531406306,1278654,fa85569c247e4428,True,location-k4-fold0-seed0,0
persistence,CoPy_R,27,SS_vs_ar,-0.7447399259976935,1278654,fa85569c247e4428,True,location-k4-fold0-seed0,0
persistence,CoPy_R,28,MSE,0.01564706447277486,1278654,fa85569c247e4428,True,location-k4-fold0-seed0,0
persistence,CoPy_R,28,MAE,0.06807084261917458,1278654,fa85569c247e4428,True,location-k4-fold0-seed0,0
persistence,CoPy_R,28,SS_vs_persistence,6.390965534563975e-11,1278654,fa85569c247e4428,True,location-k4-fold0-seed0,0
persistence,CoPy_R,28,SS_vs_seasonal,-0.005992736186631209,1278654,fa85569c247e4428,True,location-k4-fold0-seed0,0
persistence,CoPy_R,28,SS_vs_ar,-0.7882169038457922,1278654,fa85569c247e4428,True,location-k4-fold0-seed0,0
persistence,CoPy_R,29,MSE,0.01588494409714898,1278654,fa85569c247e4428,True,location-k4-fold0-seed0,0
persistence,CoPy_R,29,MAE,0.06852662733102555,1278654,fa85569c247e4428,True,location-k4-fold0-seed0,0
persistence,CoPy_R,29,SS_vs_persistence,6.295264309841286e-11,1278654,fa85569c247e4428,True,location-k4-fold0-seed0,0
persistence,CoPy_R,29,SS_vs_seasonal,-0.019745530313340698,1278654,fa85569c247e4428,True,location-k4-fold0-seed0,0
persistence,CoPy_R,29,SS_vs_ar,-0.8196034094664899,1278654,fa85569c247e4428,True,location-k4-fold0-seed0,0
persistence,CoPy_R,30,MSE,0.015625767091857277,1278654,fa85569c247e4428,True,location-k4-fold0-seed0,0
persistence,CoPy_R,30,MAE,0.0675349240699002,1278654,fa85569c247e4428,True,location-k4-fold0-seed0,0
persistence,CoPy_R,30,SS_vs_persistence,6.399680785307282e-11,1278654,fa85569c247e4428,True,location-k4-fold0-seed0,0
persistence,CoPy_R,30,SS_vs_seasonal,-0.011118116041172188,1278654,fa85569c247e4428,True,location-k4-fold0-seed0,0
persistence,CoPy_R,30,SS_vs_ar,-0.780762516156819,1278654,fa85569c247e4428,True,location-k4-fold0-seed0,0
persistence,CoPy_R,all,MSE,0.014543283413046677,1278654,fa85569c247e4428,True,location-k4-fold0-seed0,0
persistence,CoPy_R,all,MAE,0.06507346517486966,1278654,fa85569c247e4428,True,location-k4-fold0-seed0,0
persistence,CoPy_R,all,SS_vs_persistence,6.876033076252952e-11,1278654,fa85569c247e4428,True,location-k4-fold0-seed0,0
persistence,CoPy_R,all,SS_vs_seasonal,0.011116373996630013,1278654,fa85569c247e4428,True,location-k4-fold0-seed0,0
persistence,CoPy_R,all,SS_vs_ar,-0.6938139360194406,1278654,fa85569c247e4428,True,location-k4-fold0-seed0,0
seasonal,F_R,1,MSE,819596.2174747728,1383540,fa85569c247e4428,True,location-k4-fold0-seed0,0
seasonal,F_R,1,MAE,592.2721109786055,1383540,fa85569c247e4428,True,location-k4-fold0-seed0,0
seasonal,F_R,1,SS_vs_persistence,-0.36517481967433585,1383540,fa85569c247e4428,True,location-k4-fold0-seed0,0
seasonal,F_R,1,SS_vs_seasonal,0.0,1383540,fa85569c247e4428,True,location-k4-fold0-seed0,0
seasonal,F_R,1,SS_vs_ar,-1.034506172905004,1383540,fa85569c247e4428,True,location-k4-fold0-seed0,0
seasonal,F_R,2,MSE,824595.2981856909,1383540,fa85569c247e4428,True,location-k4-fold0-seed0,0
seasonal,F_R,2,MAE,595.2548420659284,1383540,fa85569c247e4428,True,location-k4-fold0-seed0,0
seasonal,F_R,2,SS_vs_persistence,-0.2605546370661218,1383540,fa85569c247e4428,True,location-k4-fold0-seed0,0
seasonal,F_R,2,SS_vs_seasonal,0.0,1383540,fa85569c247e4428,True,location-k4-fold0-seed0,0
seasonal,F_R,2,SS_vs_ar,-0.8998041387192344,1383540,fa85569c247e4428,True,location-k4-fold0-seed0,0
seasonal,F_R,3,MSE,832635.3846098178,1383540,fa85569c247e4428,True,location-k4-fold0-seed0,0
seasonal,F_R,3,MAE,598.305086442658,1383540,fa85569c247e4428,True,location-k4-fold0-seed0,0
seasonal,F_R,3,SS_vs_persistence,-0.18486242039716183,1383540,fa85569c247e4428,True,location-k4-fold0-seed0,0
seasonal,F_R,3,SS_vs_seasonal,0.0,1383540,fa85569c247e4428,True,location-k4-fold0-seed0,0
seasonal,F_R,3,SS_vs_ar,-0.80394663535302,1383540,fa85569c247e4428,True,location-k4-fold0-seed0,0
seasonal,F_R,4,MSE,835730.8095426231,1383540,fa85569c247e4428,True,location-k4-fold0-seed0,0
seasonal,F_R,4,MAE,599.3021150980484,1383540,fa85569c247e4428,True,location-k4-fold0-seed0,0
seasonal,F_R,4,SS_vs_persistence,-0.1490318870593692,1383540,fa85569c247e4428,True,location-k4-fold0-seed0,0
seasonal,F_R,4,SS_vs_seasonal,0.0,1383540,fa85569c247e4428,True,location-k4-fold0-seed0,0
seasonal,F_R,4,SS_vs_ar,-0.7406039697679436,1383540,fa85569c247e4428,True,location-k4-fold0-seed0,0
seasonal,F_R,5,MSE,839500.173703597,1383540,fa85569c247e4428,True,location-k4-fold0-seed0,0
seasonal,F_R,5,MAE,601.0842121947622,1383540,fa85569c247e4428,True,location-k4-fold0-seed0,0
seasonal,F_R,5,SS_vs_persistence,-0.10120383248057552,1383540,fa85569c247e4428,True,location-k4-fold0-seed0,0
seasonal,F_R,5,SS_vs_seasonal,0.0,1383540,fa85569c247e4428,True,location-k4-fold0-seed0,0
seasonal,F_R,5,SS_vs_ar,-0.6942220746859242,1383540,fa85569c247e4428,True,location-k4-fold0-seed0,0
seasonal,F_R,6,MSE,838453.2108240848,1383540,fa85569c247e4428,True,location-k4-fold0-seed0,0
seasonal,F_R,6,MAE,601.0265757218575,1383540,fa85569c247e4428,True,location-k4-fold0-seed0,0
seasonal,F_R,6,SS_vs_persistence,-0.12390009589909567,1383540,fa85569c247e4428,True,location-k4-fold0-seed0,0
seasonal,F_R,6,SS_vs_seasonal,0.0,1383540,fa85569c247e4428,True,location-k4-fold0-seed0,0
seasonal,F_R,6,SS_vs_ar,-0.6589807615382972,1383540,fa85569c247e4428,True,location-k4-fold0-seed0,0
seasonal,F_R,7,MSE,839106.8923630246,1383540,fa85569c247e4428,True,location-k4-fold0-seed0,0
seasonal,F_R,7,MAE,601.5828431639524,1383540,fa85569c247e4428,True,location-k4-fold0-seed0,0
seasonal,F_R,7,SS_vs_persistence,-0.059968093405261325,1383540,fa85569c247e4428,True,location-k4-fold0-seed0,0
seasonal,F_R,7,SS_vs_seasonal,0.0,1383540,fa85569c247e4428,True,location-k4-fold0-seed0,0
seasonal,F_R,7,SS_vs_ar,-0.6009965481137549,1383540,fa85569c247e4428,True,location-k4-fold0-seed0,0
seasonal,F_R,8,MSE,832413.8639746075,1383540,fa85569c247e4428,True,location-k4-fold0-seed0,0
seasonal,F_R,8,MAE,600.2540086749276,1383540,fa85569c247e4428,True,location-k4-fold0-seed0,0
seasonal,F_R,8,SS_vs_persistence,-0.06694068426068367,1383540,fa85569c247e4428,True,location-k4-fold0-seed0,0
seasonal,F_R,8,SS_vs_seasonal,0.0,1383540,fa85569c247e4428,True,location-k4-fold0-seed0,0
seasonal,F_R,8,SS_vs_ar,-0.5652106031430686,1383540,fa85569c247e4428,True,location-k4-fold0-seed0,0
seasonal,F_R,9,MSE,835809.1019793585,1383540,fa85569c247e4428,True,location-k4-fold0-seed0,0
seasonal,F_R,9,MAE,600.5963044188278,1383540,fa85569c247e4428,True,location-k4-fold0-seed0,0
seasonal,F_R,9,SS_vs_persistence,-0.05197771569559695,1383540,fa85569c247e4428,True,location-k4-fold0-seed0,0
seasonal,F_R,9,SS_vs_seasonal,0.0,1383540,fa85569c247e4428,True,location-k4-fold0-seed0,0
seasonal,F_R,9,SS_vs_ar,-0.5330627603654206,1383540,fa85569c247e4428,True,location-k4-fold0-seed0,0
seasonal,F_R,10,MSE,823884.3423515938,1383540,fa85569c247e4428,True,location-k4-fold0-seed0,0
seasonal,F_R,10,MAE,597.3485197522778,1383540,fa85569c247e4428,True,location-k4-fold0-seed0,0
seasonal,F_R,10,SS_vs_persistence,-0.019188979868372646,1383540,fa85569c247e4428,True,location-k4-fold0-seed0,0
seasonal,F_R,10,SS_vs_seasonal,0.0,1383540,fa85569c247e4428,True,location-k4-fold0-seed0,0
seasonal,F_R,10,SS_vs_ar,-0.475087923329264,1383540,fa85569c247e4428,True,location-k4-fold0-seed0,0
seasonal,F_R,11,MSE,940518.2049240342,1383540,fa85569c247e4428,True,location-k4-fold0-seed0,0
seasonal,F_R,11,MAE,652.2174538545738,1383540,fa85569c247e4428,True,location-k4-fold0-seed0,0
seasonal,F_R,11,SS_vs_persistence,-0.13566347064662,1383540,fa85569c247e4428,True,location-k4-fold0-seed0,0
seasonal,F_R,11,SS_vs_seasonal,0.0,1383540,fa85569c247e4428,True,location-k4-fold0-seed0,0
seasonal,F_R,11,SS_vs_ar,-0.6494641194625339,1383540,fa85569c247e4428,True,location-k4-fold0-seed0,0
seasonal,F_R,12,MSE,939366.2237651958,1383540,fa85569c247e4428,True,location-k4-fold0-seed0,0
seasonal,F_R,12,MAE,651.9316349288442,1383540,fa85569c247e4428,True,location-k4-fold0-seed0,0
seasonal,F_R,12,SS_vs_persistence,-0.10710661510386088,1383540,fa85569c247e4428,True,location-k4-fold0-seed0,0
seasonal,F_R,12,SS_vs_seasonal,0.0,1383540,fa85569c247e4428,True,location-k4-fold0-seed0,0
seasonal,F_R,12,SS_vs_ar,-0.6166538037483553,1383540,fa85569c247e4428,True,location-k4-fold0-seed0,0
seasonal,F_R,13,MSE,939381.0015824292,1383540,fa85569c247e4428,True,location-k4-fold0-seed0,0
seasonal,F_R,13,MAE,651.5443655257471,1383540,fa85569c247e4428,True,location-k4-fold0-seed0,0
seasonal,F_R,13,SS_vs_persistence,-0.09483444235924865,1383540,fa85569c247e4428,True,location-k4-fold0-seed0,0
seasonal,F_R,13,SS_vs_seasonal,0.0,1383540,fa85569c247e4428,True,location-k4-fold0-seed0,0
seasonal,F_R,13,SS_vs_ar,-0.6004229786351505,1383540,fa85569c247e4428,True,location-k4-fold0-seed0,0
seasonal,F_R,14,MSE,937601.0403098977,1383540,fa85569c247e4428,True,location-k4-fold0-seed0,0
seasonal,F_R,14,MAE,651.1478835117931,1383540,fa85569c247e4428,True,location-k4-fold0-seed0,0
seasonal,F_R,14,SS_vs_persistence,-0.08708074576512637,1383540,fa85569c247e4428,True,location-k4-fold0-seed0,0
seasonal,F_R,14,SS_vs_seasonal,0.0,1383540,fa85569c247e4428,True,location-k4-fold0-seed0,0
seasonal,F_R,14,SS_vs_ar,-0.5831868002035812,1383540,fa85569c247e4428,True,location-k4-fold0-seed0,0
seasonal,F_R,15,MSE,937879.6457418271,1383540,fa85569c247e4428,True,location-k4-fold0-seed0,0
seasonal,F_R,15,MAE,651.0176316985098,1383540,fa85569c247e4428,True,location-k4-fold0-seed0,0
seasonal,F_R,15,SS_vs_persistence,-0.1063295992358484,1383540,fa85569c247e4428,True,location-k4-fold0-seed0,0
seasonal,F_R,15,SS_vs_seasonal,0.0,1383540,fa85569c247e4428,True,location-k4-fold0-seed0,0
seasonal,F_R,15,SS_vs_ar,-0.5704478076485495,1383540,fa85569c247e4428,True,location-k4-fold0-seed0,0
seasonal,F_R,16,MSE,956446.594744454,1383540,fa85569c247e4428,True,location-k4-fold0-seed0,0
seasonal,F_R,16,MAE,655.3544566447584,1383540,fa85569c247e4428,True,location-k4-fold0-seed0,0
seasonal,F_R,16,SS_vs_persistence,-0.06606229045113454,1383540,fa85569c247e4428,True,location-k4-fold0-seed0,0
seasonal,F_R,16,SS_vs_seasonal,0.0,1383540,fa85569c247e4428,True,location-k4-fold0-seed0,0
seasonal,F_R,16,SS_vs_ar,-0.5193666684836182,1383540,fa85569c247e4428,True,location-k4-fold0-seed0,0
seasonal,F_R,17,MSE,956333.718882373,1383540,fa85569c247e4428,True,location-k4-fold0-seed0,0
seasonal,F_R,17,MAE,655.498990689898,1383540,fa85569c247e4428,True,location-k4-fold0-seed0,0
seasonal,F_R,17,SS_vs_persistence,-0.0562569118977021,1383540,fa85569c247e4428,True,location-k4-fold0-seed0,0
seasonal,F_R,17,SS_vs_seasonal,0.0,1383540,fa85569c247e4428,True,location-k4-fold0-seed0,0
seasonal,F_R,17,SS_vs_ar,-0.49452481406503956,1383540,fa85569c247e4428,True,location-k4-fold0-seed0,0
seasonal,F_R,18,MSE,954579.6583548207,1383540,fa85569c247e4428,True,location-k4-fold0-seed0,0
seasonal,F_R,18,MAE,654.8844957934419,1383540,fa85569c247e4428,True,location-k4-fold0-seed0,0
seasonal,F_R,18,SS_vs_persistence,-0.03226690290962031,1383540,fa85569c247e4428,True,location-k4-fold0-seed0,0
seasonal,F_R,18,SS_vs_seasonal,0.0,1383540,fa85569c247e4428,True,location-k4-fold0-seed0,0
seasonal,F_R,18,SS_vs_ar,-0.46511428070731164,1383540,fa85569c247e4428,True,location-k4-fold0-seed0,0
seasonal,F_R,19,MSE,954963.9510985762,1383540,fa85569c247e4428,True,location-k4-fold0-seed0,0
seasonal,F_R,19,MAE,653.9247883507558,1383540,fa85569c247e4428,True,location-k4-fold0-seed0,0
seasonal,F_R,19,SS_vs_persistence,-0.02758940065251947,1383540,fa85569c247e4428,True,location-k4-fold0-seed0,0
seasonal,F_R,19,SS_vs_seasonal,0.0,1383540,fa85569c247e4428,True,location-k4-fold0-seed0,0
seasonal,F_R,19,SS_vs_ar,-0.4461358869491492,1383540,fa85569c247e4428,True,location-k4-fold0-seed0,0
seasonal,F_R,20,MSE,943470.3767444259,1383540,fa85569c247e4428,True,location-k4-fold0-seed0,0
seasonal,F_R,20,MAE,650.8290348126595,1383540,fa85569c247e4428,True,location-k4-fold0-seed0,0
seasonal,F_R,20,SS_vs_persistence,-0.0029778822205588362,1383540,fa85569c247e4428,True,location-k4-fold0-seed0,0
seasonal,F_R,20,SS_vs_seasonal,0.0,1383540,fa85569c247e4428,True,location-k4-fold0-seed0,0
seasonal,F_R,20,SS_vs_ar,-0.4084021408962115,1383540,fa85569c247e4428,True,location-k4-fold0-seed0,0
seasonal,F_R,21,MSE,999274.390620022,1383540,fa85569c247e4428,True,location-k4-fold0-seed0,0
seasonal,F_R,21,MAE,674.2876152476307,1383540,fa85569c247e4428,True,location-k4-fold0-seed0,0
seasonal,F_R,21,SS_vs_persistence,-0.08551911333683981,1383540,fa85569c247e4428,True,location-k4-fold0-seed0,0
seasonal,F_R,21,SS_vs_seasonal,0.0,1383540,fa85569c247e4428,True,location-k4-fold0-seed0,0
seasonal,F_R,21,SS_vs_ar,-0.47873894280675655,1383540,fa85569c247e4428,True,location-k4-fold0-seed0,0
seasonal,F_R,22,MSE,1001871.566245267,1383540,fa85569c247e4428,True,location-k4-fold0-seed0,0
seasonal,F_R,22,MAE,675.3032156842823,1383540,fa85569c247e4428,True,location-k4-fold0-seed0,0
seasonal,F_R,22,SS_vs_persistence,-0.0710023283548924,1383540,fa85569c247e4428,True,location-k4-fold0-seed0,0
seasonal,F_R,22,SS_vs_seasonal,0.0,1383540,fa85569c247e4428,True,location-k4-fold0-seed0,0
seasonal,F_R,22,SS_vs_ar,-0.45654079848909634,1383540,fa85569c247e4428,True,location-k4-fold0-seed0,0
seasonal,F_R,23,MSE,1002726.6013603472,1383540,fa85569c247e4428,True,location-k4-fold0-seed0,0
seasonal,F_R,23,MAE,675.2196867423478,1383540,fa85569c247e4428,True,location-k4-fold0-seed0,0
seasonal,F_R,23,SS_vs_persistence,-0.051795621018236426,1383540,fa85569c247e4428,True,location-k4-fold0-seed0,0
seasonal,F_R,23,SS_vs_seasonal,0.0,1383540,fa85569c247e4428,True,location-k4-fold0-seed0,0
seasonal,F_R,23,SS_vs_ar,-0.4362552989416366,1383540,fa85569c247e4428,True,location-k4-fold0-seed0,0
seasonal,F_R,24,MSE,1004267.5488932948,1383540,fa85569c247e4428,True,location-k4-fold0-seed0,0
seasonal,F_R,24,MAE,675.788840905776,1383540,fa85569c247e4428,True,location-k4-fold0-seed0,0
seasonal,F_R,24,SS_vs_persistence,-0.048996788923786116,1383540,fa85569c247e4428,True,location-k4-fold0-seed0,0
seasonal,F_R,24,SS_vs_seasonal,0.0,1383540,fa85569c247e4428,True,location-k4-fold0-seed0,0
seasonal,F_R,24,SS_vs_ar,-0.4189716227735618,1383540,fa85569c247e4428,True,location-k4-fold0-seed0,0
seasonal,F_R,25,MSE,1006200.1517008762,1383540,fa85569c247e4428,True,location-k4-fold0-seed0,0
seasonal,F_R,25,MAE,676.3215944367997,1383540,fa85569c247e4428,True,location-k4-fold0-seed0,0
seasonal,F_R,25,SS_vs_persistence,-0.03157335642782866,1383540,fa85569c247e4428,True,location-k4-fold0-seed0,0
seasonal,F_R,25,SS_vs_seasonal,0.0,1383540,fa85569c247e4428,True,location-k4-fold0-seed0,0
seasonal,F_R,25,SS_vs_ar,-0.40442748705865306,1383540,fa85569c247e4428,True,location-k4-fold0-seed0,0
seasonal,F_R,26,MSE,1010688.3989551994,1383540,fa85569c247e4428,True,location-k4-fold0-seed0,0
seasonal,F_R,26,MAE,677.5815172936983,1383540,fa85569c247e4428,True,location-k4-fold0-seed0,0
seasonal,F_R,26,SS_vs_persistence,-0.020173523764538626,1383540,fa85569c247e4428,True,location-k4-fold0-seed0,0
seasonal,F_R,26,SS_vs_seasonal,0.0,1383540,fa85569c247e4428,True,location-k4-fold0-seed0,0
seasonal,F_R,26,SS_vs_ar,-0.39442664444530484,1383540,fa85569c247e4428,True,location-k4-fold0-seed0,0
seasonal,F_R,27,MSE,1011887.9688158552,1383540,fa85569c247e4428,True,location-k4-fold0-seed0,0
seasonal,F_R,27,MAE,677.982636566076,1383540,fa85569c247e4428,True,location-k4-fold0-seed0,0
seasonal,F_R,27,SS_vs_persistence,-0.0028988157266589543,1383540,fa85569c247e4428,True,location-k4-fold0-seed0,0
seasonal,F_R,27,SS_vs_seasonal,0.0,1383540,fa85569c247e4428,True,location-k4-fold0-seed0,0
seasonal,F_R,27,SS_vs_ar,-0.37990891046352515,1383540,fa85569c247e4428,True,location-k4-fold0-seed0,0
seasonal,F_R,28,MSE,1011395.6477485215,1383540,fa85569c247e4428,True,location-k4-fold0-seed0,0
seasonal,F_R,28,MAE,677.841125162711,1383540,fa85569c247e4428,True,location-k4-fold0-seed0,0
seasonal,F_R,28,SS_vs_persistence,-0.0037792932469269402,1383540,fa85569c247e4428,True,location-k4-fold0-seed0,0
seasonal,F_R,28,SS_vs_seasonal,0.0,1383540,fa85569c247e4428,True,location-k4-fold0-seed0,0
seasonal,F_R,28,SS_vs_ar,-0.37156468423362954,1383540,fa85569c247e4428,True,location-k4-fold0-seed0,0
seasonal,F_R,29,MSE,1013212.2203325728,1383540,fa85569c247e4428,True,location-k4-fold0-seed0,0
seasonal,F_R,29,MAE,678.1905626789736,1383540,fa85569c247e4428,True,location-k4-fold0-seed0,0
seasonal,F_R,29,SS_vs_persistence,0.0015561402014786507,1383540,fa85569c247e4428,True,location-k4-fold0-seed0,0
seasonal,F_R,29,SS_vs_seasonal,0.0,1383540,fa85569c247e4428,True,location-k4-fold0-seed0,0
seasonal,F_R,29,SS_vs_ar,-0.36364735876608045,1383540,fa85569c247e4428,True,location-k4-fold0-seed0,0
seasonal,F_R,30,MSE,1000259.025101868,1383540,fa85569c247e4428,True,location-k4-fold0-seed0,0
seasonal,F_R,30,MAE,675.5831939010392,1383540,fa85569c247e4428,True,location-k4-fold0-seed0,0
seasonal,F_R,30,SS_vs_persistence,-0.0029502065166158165,1383540,fa85569c247e4428,True,location-k4-fold0-seed0,0
seasonal,F_R,30,SS_vs_seasonal,0.0,1383540,fa85569c247e4428,True,location-k4-fold0-seed0,0
seasonal,F_R,30,SS_vs_ar,-0.3442653219685956,1383540,fa85569c247e4428,True,location-k4-fold0-seed0,0
seasonal,F_R,all,MSE,928134.9743668352,1383540,fa85569c247e4428,True,location-k4-fold0-seed0,0
seasonal,F_R,all,MAE,642.6492447647388,1383540,fa85569c247e4428,True,location-k4-fold0-seed0,0
seasonal,F_R,all,SS_vs_persistence,-0.07210697653472042,1383540,fa85569c247e4428,True,location-k4-fold0-seed0,0
seasonal,F_R,all,SS_vs_seasonal,0.0,1383540,fa85569c247e4428,True,location-k4-fold0-seed0,0
seasonal,F_R,all,SS_vs_ar,-0.5226522056350538,1383540,fa85569c247e4428,True,location-k4-fold0-seed0,0
seasonal,CoPx_R,1,MSE,0.01965311682283789,1278654,fa85569c247e4428,True,location-k4-fold0-seed0,0
seasonal,CoPx_R,1,MAE,0.04980289605691014,1278654,fa85569c247e4428,True,location-k4-fold0-seed0,0
seasonal,CoPx_R,1,SS_vs_persistence,-0.045655316028497595,1278654,fa85569c247e4428,True,location-k4-fold0-seed0,0
seasonal,CoPx_R,1,SS_vs_seasonal,5.0882409396990624e-11,1278654,fa85569c247e4428,True,location-k4-fold0-seed0,0
seasonal,CoPx_R,1,SS_vs_ar,-0.762635700499595,1278654,fa85569c247e4428,True,location-k4-fold0-seed0,0
seasonal,CoPx_R,2,MSE,0.020404189941312618,1278654,fa85569c247e4428,True,location-k4-fold0-seed0,0
seasonal,CoPx_R,2,MAE,0.05046016690410344,1278654,fa85569c247e4428,True,location-k4-fold0-seed0,0
seasonal,CoPx_R,2,SS_vs_persistence,0.05131416689291002,1278654,fa85569c247e4428,True,location-k4-fold0-seed0,0
seasonal,CoPx_R,2,SS_vs_seasonal,4.9009463154447985e-11,1278654,fa85569c247e4428,True,location-k4-fold0-seed0,0
seasonal,CoPx_R,2,SS_vs_ar,-0.803965872487437,1278654,fa85569c247e4428,True,location-k4-fold0-seed0,0
seasonal,CoPx_R,3,MSE,0.0204382352962657,1278654,fa85569c247e4428,True,location-k4-fold0-seed0,0
seasonal,CoPx_R,3,MAE,0.05067889287056515,1278654,fa85569c247e4428,True,location-k4-fold0-seed0,0
seasonal,CoPx_R,3,SS_vs_persistence,0.02627732175577957,1278654,fa85569c247e4428,True,location-k4-fold0-seed0,0
seasonal,CoPx_R,3,SS_vs_seasonal,4.8927861762138036e-11,1278654,fa85569c247e4428,True,location-k4-fold0-seed0,0
seasonal,CoPx_R,3,SS_vs_ar,-0.8232816351579952,1278654,fa85569c247e4428,True,location-k4-fold0-seed0,0
seasonal,CoPx_R,4,MSE,0.02016821946376197,1278654,fa85569c247e4428,True,location-k4-fold0-seed0,0
seasonal,CoPx_R,4,MAE,0.050550329731001355,1278654,fa85569c247e4428,True,location-k4-fold0-seed0,0
seasonal,CoPx_R,4,SS_vs_persistence,0.022107350009799687,1278654,fa85569c247e4428,True,location-k4-fold0-seed0,0
seasonal,CoPx_R,4,SS_vs_seasonal,4.958289334666688e-11,1278654,fa85569c247e4428,True,location-k4-fold0-seed0,0
seasonal,CoPx_R,4,SS_vs_ar,-0.8170578984234429,1278654,fa85569c247e4428,True,location-k4-fold0-seed0,0
seasonal,CoPx_R,5,MSE,0.021026406060080556,1278654,fa85569c247e4428,True,location-k4-fold0-seed0,0
seasonal,CoPx_R,5,MAE,0.05095245824714862,1278654,fa85569c247e4428,True,location-k4-fold0-seed0,0
seasonal,CoPx_R,5,SS_vs_persistence,0.02547445977502749,1278654,fa85569c247e4428,True,location-k4-fold0-seed0,0
seasonal,CoPx_R,5,SS_vs_seasonal,4.7559178817380143e-11,1278654,fa85569c247e4428,True,location-k4-fold0-seed0,0
seasonal,CoPx_R,5,SS_vs_ar,-0.9151900624376996,1278654,fa85569c247e4428,True,location-k4-fold0-seed0,0
seasonal,CoPx_R,6,MSE,0.021052312618087154,1278654,fa85569c247e4428,True,location-k4-fold0-seed0,0
seasonal,CoPx_R,6,MAE,0.0510373479482148,1278654,fa85569c247e4428,True,location-k4-fold0-seed0,0
seasonal,CoPx_R,6,SS_vs_persistence,0.03465370460998218,1278654,fa85569c247e4428,True,location-k4-fold0-seed0,0
seasonal,CoPx_R,6,SS_vs_seasonal,4.75006700639824e-11,1278654,fa85569c247e4428,True,location-k4-fold0-seed0,0
seasonal,CoPx_R,6,SS_vs_ar,-0.9331026963942086,1278654,fa85569c247e4428,True,location-k4-fold0-seed0,0
seasonal,CoPx_R,7,MSE,0.020250189932006418,1278654,fa85569c247e4428,True,location-k4-fold0-seed0,0
seasonal,CoPx_R,7,MAE,0.05062834770735935,1278654,fa85569c247e4428,True,location-k4-fold0-seed0,0
seasonal,CoPx_R,7,SS_vs_persistence,-0.0104306137282566,1278654,fa85569c247e4428,True,location-k4-fold0-seed0,0
seasonal,CoPx_R,7,SS_vs_seasonal,4.938216502381465e-11,1278654,fa85569c247e4428,True,location-k4-fold0-seed0,0
seasonal,CoPx_R,7,SS_vs_ar,-0.8780237224174625,1278654,fa85569c247e4428,True,location-k4-fold0-seed0,0
seasonal,CoPx_R,8,MSE,0.020704072043268712,1278654,fa85569c247e4428,True,location-k4-fold0-seed0,0
seasonal,CoPx_R,8,MAE,0.05081277240593665,1278654,fa85569c247e4428,True,location-k4-fold0-seed0,0
seasonal,CoPx_R,8,SS_vs_persistence,0.012133395053358309,1278654,fa85569c247e4428,True,location-k4-fold0-seed0,0
seasonal,CoPx_R,8,SS_vs_seasonal,4.829958655250266e-11,1278654,fa85569c247e4428,True,location-k4-fold0-seed0,0
seasonal,CoPx_R,8,SS_vs_ar,-0.913730060832574,1278654,fa85569c247e4428,True,location-k4-fold0-seed0,0
seasonal,CoPx_R,9,MSE,0.020750365207017327,1278654,fa85569c247e4428,True,location-k4-fold0-seed0,0
seasonal,CoPx_R,9,MAE,0.05085370277559786,1278654,fa85569c247e4428,True,location-k4-fold0-seed0,0
seasonal,CoPx_R,9,SS_vs_persistence,-0.005141335912610678,1278654,fa85569c247e4428,True,location-k4-fold0-seed0,0
seasonal,CoPx_R,9,SS_vs_seasonal,4.819189491911402e-11,1278654,fa85569c247e4428,True,location-k4-fold0-seed0,0
seasonal,CoPx_R,9,SS_vs_ar,-0.9275637542014263,1278654,fa85569c247e4428,True,location-k4-fold0-seed0,0
seasonal,CoPx_R,10,MSE,0.02079327255373941,1278654,fa85569c247e4428,True,location-k4-fold0-seed0,0
seasonal,CoPx_R,10,MAE,0.050780580636028014,1278654,fa85569c247e4428,True,location-k4-fold0-seed0,0
seasonal,CoPx_R,10,SS_vs_persistence,0.011460800678821048,1278654,fa85569c247e4428,True,location-k4-fold0-seed0,0
seasonal,CoPx_R,10,SS_vs_seasonal,4.8092418936107606e-11,1278654,fa85569c247e4428,True,location-k4-fold0-seed0,0
seasonal,CoPx_R,10,SS_vs_ar,-0.9314603908584789,1278654,fa85569c247e4428,True,location-k4-fold0-seed0,0
seasonal,CoPx_R,11,MSE,0.01965958274701796,1278654,fa85569c247e4428,True,location-k4-fold0-seed0,0
seasonal,CoPx_R,11,MAE,0.053455954481235114,1278654,fa85569c247e4428,True,location-k4-fold0-seed0,0
seasonal,CoPx_R,11,SS_vs_persistence,0.08562535369972435,1278654,fa85569c247e4428,True,location-k4-fold0-seed0,0
seasonal,CoPx_R,11,SS_vs_seasonal,5.086575605162125e-11,1278654,fa85569c247e4428,True,location-k4-fold0-seed0,0
seasonal,CoPx_R,11,SS_vs_ar,-0.8205670231146764,1278654,fa85569c247e4428,True,location-k4-fold0-seed0,0
seasonal,CoPx_R,12,MSE,0.01963053472001163,1278654,fa85569c247e4428,True,location-k4-fold0-seed0,0
seasonal,CoPx_R,12,MAE,0.053362993403798235,1278654,fa85569c247e4428,True,location-k4-fold0-seed0,0
seasonal,CoPx_R,12,SS_vs_persistence,0.10868660199285984,1278654,fa85569c247e4428,True,location-k4-fold0-seed0,0
seasonal,CoPx_R,12,SS_vs_seasonal,5.094102917269083e-11,1278654,fa85569c247e4428,True,location-k4-fold0-seed0,0
seasonal,CoPx_R,12,SS_vs_ar,-0.8295982870644967,1278654,fa85569c247e4428,True,location-k4-fold0-seed0,0
seasonal,CoPx_R,13,MSE,0.020327082433203372,1278654,fa85569c247e4428,True,location-k4-fold0-seed0,0
seasonal,CoPx_R,13,MAE,0.053588872899685364,1278654,fa85569c247e4428,True,location-k4-fold0-seed0,0
seasonal,CoPx_R,13,SS_vs_persistence,0.0679515328015905,1278654,fa85569c247e4428,True,location-k4-fold0-seed0,0
seasonal,CoPx_R,13,SS_vs_seasonal,4.91954255110727e-11,1278654,fa85569c247e4428,True,location-k4-fold0-seed0,0
seasonal,CoPx_R,13,SS_vs_ar,-0.8792197660513499,1278654,fa85569c247e4428,True,location-k4-fold0-seed0,0
seasonal,CoPx_R,14,MSE,0.02050693566092466,1278654,fa85569c247e4428,True,location-k4-fold0-seed0,0
seasonal,CoPx_R,14,MAE,0.05370542982857954,1278654,fa85569c247e4428,True,location-k4-fold0-seed0,0
seasonal,CoPx_R,14,SS_vs_persistence,0.07917083936696523,1278654,fa85569c247e4428,True,location-k4-fold0-seed0,0
seasonal,CoPx_R,14,SS_vs_seasonal,4.87638818214009e-11,1278654,fa85569c247e4428,True,location-k4-fold0-seed0,0
seasonal,CoPx_R,14,SS_vs_ar,-0.8716924740435898,1278654,fa85569c247e4428,True,location-k4-fold0-seed0,0
seasonal,CoPx_R,15,MSE,0.020693458569796316,1278654,fa85569c247e4428,True,location-k4-fold0-seed0,0
seasonal,CoPx_R,15,MAE,0.05374557176203959,1278654,fa85569c247e4428,True,location-k4-fold0-seed0,0
seasonal,CoPx_R,15,SS_vs_persistence,0.0365415567034576,1278654,fa85569c247e4428,True,location-k4-fold0-seed0,0
seasonal,CoPx_R,15,SS_vs_seasonal,4.83243445259518e-11,1278654,fa85569c247e4428,True,location-k4-fold0-seed0,0
seasonal,CoPx_R,15,SS_vs_ar,-0.8989087343917348,1278654,fa85569c247e4428,True,location-k4-fold0-seed0,0
seasonal,CoPx_R,16,MSE,0.02083505890559903,1278654,fa85569c247e4428,True,location-k4-fold0-seed0,0
seasonal,CoPx_R,16,MAE,0.053777737162272285,1278654,fa85569c247e4428,True,location-k4-fold0-seed0,0
seasonal,CoPx_R,16,SS_vs_persistence,0.0301852705308312,1278654,fa85569c247e4428,True,location-k4-fold0-seed0,0
seasonal,CoPx_R,16,SS_vs_seasonal,4.799594055526768e-11,1278654,fa85569c247e4428,True,location-k4-fold0-seed0,0
seasonal,CoPx_R,16,SS_vs_ar,-0.88262296980675,1278654,fa85569c247e4428,True,location-k4-fold0-seed0,0
seasonal,CoPx_R,17,MSE,0.021425162114665976,1278654,fa85569c247e4428,True,location-k4-fold0-seed0,0
seasonal,CoPx_R,17,MAE,0.05396396155323074,1278654,fa85569c247e4428,True,location-k4-fold0-seed0,0
seasonal,CoPx_R,17,SS_vs_persistence,0.042735994935422905,1278654,fa85569c247e4428,True,location-k4-fold0-seed0,0
seasonal,CoPx_R,17,SS_vs_seasonal,4.6673997999846506e-11,1278654,fa85569c247e4428,True,location-k4-fold0-seed0,0
seasonal,CoPx_R,17,SS_vs_ar,-0.8927649303612373,1278654,fa85569c247e4428,True,location-k4-fold0-seed0,0
seasonal,CoPx_R,18,MSE,0.021489402567363886,1278654,fa85569c247e4428,True,location-k4-fold0-seed0,0
seasonal,CoPx_R,18,MAE,0.053917214348924034,1278654,fa85569c247e4428,True,location-k4-fold0-seed0,0
seasonal,CoPx_R,18,SS_vs_persistence,0.04691900585192521,1278654,fa85569c247e4428,True,location-k4-fold0-seed0,0
seasonal,CoPx_R,18,SS_vs_seasonal,4.6534553987953586e-11,1278654,fa85569c247e4428,True,location-k4-fold0-seed0,0
seasonal,CoPx_R,18,SS_vs_ar,-0.8937213262101582,1278654,fa85569c247e4428,True,location-k4-fold0-seed0,0
seasonal,CoPx_R,19,MSE,0.021492114674660064,1278654,fa85569c247e4428,True,location-k4-fold0-seed0,0
seasonal,CoPx_R,19,MAE,0.05388006990699809,1278654,fa85569c247e4428,True,location-k4-fold0-seed0,0
seasonal,CoPx_R,19,SS_vs_persistence,0.0034851200948615713,1278654,fa85569c247e4428,True,location-k4-fold0-seed0,0
seasonal,CoPx_R,19,SS_vs_seasonal,4.652866980592307e-11,1278654,fa85569c247e4428,True,location-k4-fold0-seed0,0
seasonal,CoPx_R,19,SS_vs_ar,-0.8924565113202305,1278654,fa85569c247e4428,True,location-k4-fold0-seed0,0
seasonal,CoPx_R,20,MSE,0.021925177774010773,1278654,fa85569c247e4428,True,location-k4-fold0-seed0,0
seasonal,CoPx_R,20,MAE,0.05402338720497747,1278654,fa85569c247e4428,True,location-k4-fold0-seed0,0
seasonal,CoPx_R,20,SS_vs_persistence,0.014620560316523479,1278654,fa85569c247e4428,True,location-k4-fold0-seed0,0
seasonal,CoPx_R,20,SS_vs_seasonal,4.560962718613837e-11,1278654,fa85569c247e4428,True,location-k4-fold0-seed0,0
seasonal,CoPx_R,20,SS_vs_ar,-0.9137116158435148,1278654,fa85569c247e4428,True,location-k4-fold0-seed0,0
seasonal,CoPx_R,21,MSE,0.023832490355589035,1278654,fa85569c247e4428,True,location-k4-fold0-seed0,0
seasonal,CoPx_R,21,MAE,0.0569261036698785,1278654,fa85569c247e4428,True,location-k4-fold0-seed0,0
seasonal,CoPx_R,21,SS_vs_persistence,-0.058266528695613884,1278654,fa85569c247e4428,True,location-k4-fold0-seed0,0
seasonal,CoPx_R,21,SS_vs_seasonal,4.195943592577578e-11,1278654,fa85569c247e4428,True,location-k4-fold0-seed0,0
seasonal,CoPx_R,21,SS_vs_ar,-1.0729343631396007,1278654,fa85569c247e4428,True,location-k4-fold0-seed0,0
seasonal,CoPx_R,22,MSE,0.02393848024593606,1278654,fa85569c247e4428,True,location-k4-fold0-seed0,0
seasonal,CoPx_R,22,MAE,0.05686188168856003,1278654,fa85569c247e4428,True,location-k4-fold0-seed0,0
seasonal,CoPx_R,22,SS_vs_persistence,-0.0033297000629983753,1278654,fa85569c247e4428,True,location-k4-fold0-seed0,0
seasonal,CoPx_R,22,SS_vs_seasonal,4.177369561375599e-11,1278654,fa85569c247e4428,True,location-k4-fold0-seed0,0
seasonal,CoPx_R,22,SS_vs_ar,-1.0894791136782365,1278654,fa85569c247e4428,True,location-k4-fold0-seed0,0
seasonal,CoPx_R,23,MSE,0.02373032325652973,1278654,fa85569c247e4428,True,location-k4-fold0-seed0,0
seasonal,CoPx_R,23,MAE,0.05669858766248512,1278654,fa85569c247e4428,True,location-k4-fold0-seed0,0
seasonal,CoPx_R,23,SS_vs_persistence,-0.031025759892403526,1278654,fa85569c247e4428,True,location-k4-fold0-seed0,0
seasonal,CoPx_R,23,SS_vs_seasonal,4.214006921188229e-11,1278654,fa85569c247e4428,True,location-k4-fold0-seed0,0
seasonal,CoPx_R,23,SS_vs_ar,-1.0852486004160142,1278654,fa85569c247e4428,True,location-k4-fold0-seed0,0
seasonal,CoPx_R,24,MSE,0.023730496467729085,1278654,fa85569c247e4428,True,location-k4-fold0-seed0,0
seasonal,CoPx_R,24,MAE,0.05665791354697952,1278654,fa85569c247e4428,True,location-k4-fold0-seed0,0
seasonal,CoPx_R,24,SS_vs_persistence,-0.002112163310670212,1278654,fa85569c247e4428,True,location-k4-fold0-seed0,0
seasonal,CoPx_R,24,SS_vs_seasonal,4.2139847167277367e-11,1278654,fa85569c247e4428,True,location-k4-fold0-seed0,0
seasonal,CoPx_R,24,SS_vs_ar,-1.081121467270746,1278654,fa85569c247e4428,True,location-k4-fold0-seed0,0
seasonal,CoPx_R,25,MSE,0.023864414657709287,1278654,fa85569c247e4428,True,location-k4-fold0-seed0,0
seasonal,CoPx_R,25,MAE,0.05669402290127366,1278654,fa85569c247e4428,True,location-k4-fold0-seed0,0
seasonal,CoPx_R,25,SS_vs_persistence,-0.049055275985520064,1278654,fa85569c247e4428,True,location-k4-fold0-seed0,0
seasonal,CoPx_R,25,SS_vs_seasonal,4.190336966303221e-11,1278654,fa85569c247e4428,True,location-k4-fold0-seed0,0
seasonal,CoPx_R,25,SS_vs_ar,-1.0950994452745286,1278654,fa85569c247e4428,True,location-k4-fold0-seed0,0
seasonal,CoPx_R,26,MSE,0.023779547826815465,1278654,fa85569c247e4428,True,location-k4-fold0-seed0,0
seasonal,CoPx_R,26,MAE,0.056613183591904585,1278654,fa85569c247e4428,True,location-k4-fold0-seed0,0
seasonal,CoPx_R,26,SS_vs_persistence,-0.03524352517439944,1278654,fa85569c247e4428,True,location-k4-fold0-seed0,0
seasonal,CoPx_R,26,SS_vs_seasonal,4.205291670444922e-11,1278654,fa85569c247e4428,True,location-k4-fold0-seed0,0
seasonal,CoPx_R,26,SS_vs_ar,-1.0940154551036358,1278654,fa85569c247e4428,True,location-k4-fold0-seed0,0
seasonal,CoPx_R,27,MSE,0.024242441714936575,1278654,fa85569c247e4428,True,location-k4-fold0-seed0,0
seasonal,CoPx_R,27,MAE,0.05683428098487857,1278654,fa85569c247e4428,True,location-k4-fold0-seed0,0
seasonal,CoPx_R,27,SS_vs_persistence,-0.004549289812624924,1278654,fa85569c247e4428,True,location-k4-fold0-seed0,0
seasonal,CoPx_R,27,SS_vs_seasonal,4.124989239073784e-11,1278654,fa85569c247e4428,True,location-k4-fold0-seed0,0
seasonal,CoPx_R,27,SS_vs_ar,-1.1159937799413089,1278654,fa85569c247e4428,True,location-k4-fold0-seed0,0
seasonal,CoPx_R,28,MSE,0.024249641619696897,1278654,fa85569c247e4428,True,location-k4-fold0-seed0,0
seasonal,CoPx_R,28,MAE,0.056792431695228594,1278654,fa85569c247e4428,True,location-k4-fold0-seed0,0
seasonal,CoPx_R,28,SS_vs_persistence,-0.08329417696006258,1278654,fa85569c247e4428,True,location-k4-fold0-seed0,0
seasonal,CoPx_R,28,SS_vs_seasonal,4.1237679937466964e-11,1278654,fa85569c247e4428,True,location-k4-fold0-seed0,0
seasonal,CoPx_R,28,SS_vs_ar,-1.1203590386511726,1278654,fa85569c247e4428,True,location-k4-fold0-seed0,0
seasonal,CoPx_R,29,MSE,0.02399361668735578,1278654,fa85569c247e4428,True,location-k4-fold0-seed0,0
seasonal,CoPx_R,29,MAE,0.05674079686354381,1278654,fa85569c247e4428,True,location-k4-fold0-seed0,0
seasonal,CoPx_R,29,SS_vs_persistence,-0.02709680322829211,1278654,fa85569c247e4428,True,location-k4-fold0-seed0,0
seasonal,CoPx_R,29,SS_vs_seasonal,4.1677661322125914e-11,1278654,fa85569c247e4428,True,location-k4-fold0-seed0,0
seasonal,CoPx_R,29,SS_vs_ar,-1.0824655659567775,1278654,fa85569c247e4428,True,location-k4-fold0-seed0,0
seasonal,CoPx_R,30,MSE,0.023913097367704028,1278654,fa85569c247e4428,True,location-k4-fold0-seed0,0
seasonal,CoPx_R,30,MAE,0.05664265487381873,1278654,fa85569c247e4428,True,location-k4-fold0-seed0,0
seasonal,CoPx_R,30,SS_vs_persistence,0.00944844929575095,1278654,fa85569c247e4428,True,location-k4-fold0-seed0,0
seasonal,CoPx_R,30,SS_vs_seasonal,4.1817993512438534e-11,1278654,fa85569c247e4428,True,location-k4-fold0-seed0,0
seasonal,CoPx_R,30,SS_vs_ar,-1.0755402548090527,1278654,fa85569c247e4428,True,location-k4-fold0-seed0,0
seasonal,CoPx_R,all,MSE,0.021750403113636324,1278654,fa85569c247e4428,True,location-k4-fold0-seed0,0
seasonal,CoPx_R,all,MAE,0.05371544462122818,1278654,fa85569c247e4428,True,location-k4-fold0-seed0,0
seasonal,CoPx_R,all,SS_vs_persistence,0.011517515926533606,1278654,fa85569c247e4428,True,location-k4-fold0-seed0,0
seasonal,CoPx_R,all,SS_vs_seasonal,4.597611180656713e-11,1278654,fa85569c247e4428,True,location-k4-fold0-seed0,0
seasonal,CoPx_R,all,SS_vs_ar,-0.9481515306224977,1278654,fa85569c247e4428,True,location-k4-fold0-seed0,0
seasonal,CoPy_R,1,MSE,0.014192199870627373,1278654,fa85569c247e4428,True,location-k4-fold0-seed0,0
seasonal,CoPy_R,1,MAE,0.06381147817063622,1278654,fa85569c247e4428,True,location-k4-fold0-seed0,0
seasonal,CoPy_R,1,SS_vs_persistence,-0.14150646509175901,1278654,fa85569c247e4428,True,location-k4-fold0-seed0,0
seasonal,CoPy_R,1,SS_vs_seasonal,7.046130345855772e-11,1278654,fa85569c247e4428,True,location-k4-fold0-seed0,0
seasonal,CoPy_R,1,SS_vs_ar,-0.7641888837063135,1278654,fa85569c247e4428,True,location-k4-fold0-seed0,0
seasonal,CoPy_R,2,MSE,0.014482941764759501,1278654,fa85569c247e4428,True,location-k4-fold0-seed0,0
seasonal,CoPy_R,2,MAE,0.06428878179079923,1278654,fa85569c247e4428,True,location-k4-fold0-seed0,0
seasonal,CoPy_R,2,SS_vs_persistence,-0.0569918475087432,1278654,fa85569c247e4428,True,location-k4-fold0-seed0,0
seasonal,CoPy_R,2,SS_vs_seasonal,6.904676830288281e-11,1278654,fa85569c247e4428,True,location-k4-fold0-seed0,0
seasonal,CoPy_R,2,SS_vs_ar,-0.7479448556472306,1278654,fa85569c247e4428,True,location-k4-fold0-seed0,0
seasonal,CoPy_R,3,MSE,0.014294975305943975,1278654,fa85569c247e4428,True,location-k4-fold0-seed0,0
seasonal,CoPy_R,3,MAE,0.06429943018662514,1278654,fa85569c247e4428,True,location-k4-fold0-seed0,0
seasonal,CoPy_R,3,SS_vs_persistence,-0.024726875927952863,1278654,fa85569c247e4428,True,location-k4-fold0-seed0,0
seasonal,CoPy_R,3,SS_vs_seasonal,6.995470869242126e-11,1278654,fa85569c247e4428,True,location-k4-fold0-seed0,0
seasonal,CoPy_R,3,SS_vs_ar,-0.7191630335539356,1278654,fa85569c247e4428,True,location-k4-fold0-seed0,0
seasonal,CoPy_R,4,MSE,0.01430592664380963,1278654,fa85569c247e4428,True,location-k4-fold0-seed0,0
seasonal,CoPy_R,4,MAE,0.06429362517469074,1278654,fa85569c247e4428,True,location-k4-fold0-seed0,0
seasonal,CoPy_R,4,SS_vs_persistence,-0.018170029289516165,1278654,fa85569c247e4428,True,location-k4-fold0-seed0,0
seasonal,CoPy_R,4,SS_vs_seasonal,6.990108492033187e-11,1278654,fa85569c247e4428,True,location-k4-fold0-seed0,0
seasonal,CoPy_R,4,SS_vs_ar,-0.7186071341518072,1278654,fa85569c247e4428,True,location-k4-fold0-seed0,0
seasonal,CoPy_R,5,MSE,0.014299728443567285,1278654,fa85569c247e4428,True,location-k4-fold0-seed0,0
seasonal,CoPy_R,5,MAE,0.06427190428484988,1278654,fa85569c247e4428,True,location-k4-fold0-seed0,0
seasonal,CoPy_R,5,SS_vs_persistence,-0.045081149849874436,1278654,fa85569c247e4428,True,location-k4-fold0-seed0,0
seasonal,CoPy_R,5,SS_vs_seasonal,6.993139400890414e-11,1278654,fa85569c247e4428,True,location-k4-fold0-seed0,0
seasonal,CoPy_R,5,SS_vs_ar,-0.7203584123723346,1278654,fa85569c247e4428,True,location-k4-fold0-seed0,0
seasonal,CoPy_R,6,MSE,0.01426089620073724,1278654,fa85569c247e4428,True,location-k4-fold0-seed0,0
seasonal,CoPy_R,6,MAE,0.06434344155025157,1278654,fa85569c247e4428,True,location-k4-fold0-seed0,0
seasonal,CoPy_R,6,SS_vs_persistence,-0.02165451860950518,1278654,fa85569c247e4428,True,location-k4-fold0-seed0,0
seasonal,CoPy_R,6,SS_vs_seasonal,7.012179725762735e-11,1278654,fa85569c247e4428,True,location-k4-fold0-seed0,0
seasonal,CoPy_R,6,SS_vs_ar,-0.7067760184564384,1278654,fa85569c247e4428,True,location-k4-fold0-seed0,0
seasonal,CoPy_R,7,MSE,0.01415953535560851,1278654,fa85569c247e4428,True,location-k4-fold0-seed0,0
seasonal,CoPy_R,7,MAE,0.06432080844965293,1278654,fa85569c247e4428,True,location-k4-fold0-seed0,0
seasonal,CoPy_R,7,SS_vs_persistence,-0.01463755606543704,1278654,fa85569c247e4428,True,location-k4-fold0-seed0,0
seasonal,CoPy_R,7,SS_vs_seasonal,7.062384010936285e-11,1278654,fa85569c247e4428,True,location-k4-fold0-seed0,0
seasonal,CoPy_R,7,SS_vs_ar,-0.6881706220470774,1278654,fa85569c247e4428,True,location-k4-fold0-seed0,0
seasonal,CoPy_R,8,MSE,0.01421211753022636,1278654,fa85569c247e4428,True,location-k4-fold0-seed0,0
seasonal,CoPy_R,8,MAE,0.06426396510924265,1278654,fa85569c247e4428,True,location-k4-fold0-seed0,0
seasonal,CoPy_R,8,SS_vs_persistence,0.006082975709095106,1278654,fa85569c247e4428,True,location-k4-fold0-seed0,0
seasonal,CoPy_R,8,SS_vs_seasonal,7.036249360936608e-11,1278654,fa85569c247e4428,True,location-k4-fold0-seed0,0
seasonal,CoPy_R,8,SS_vs_ar,-0.6962330895101287,1278654,fa85569c247e4428,True,location-k4-fold0-seed0,0
seasonal,CoPy_R,9,MSE,0.014341326379234272,1278654,fa85569c247e4428,True,location-k4-fold0-seed0,0
seasonal,CoPy_R,9,MAE,0.06427869126579336,1278654,fa85569c247e4428,True,location-k4-fold0-seed0,0
seasonal,CoPy_R,9,SS_vs_persistence,-0.008677880424555973,1278654,fa85569c247e4428,True,location-k4-fold0-seed0,0
seasonal,CoPy_R,9,SS_vs_seasonal,6.972855626230512e-11,1278654,fa85569c247e4428,True,location-k4-fold0-seed0,0
seasonal,CoPy_R,9,SS_vs_ar,-0.7052847982429138,1278654,fa85569c247e4428,True,location-k4-fold0-seed0,0
seasonal,CoPy_R,10,MSE,0.014287785798780338,1278654,fa85569c247e4428,True,location-k4-fold0-seed0,0
seasonal,CoPy_R,10,MAE,0.06414300611196438,1278654,fa85569c247e4428,True,location-k4-fold0-seed0,0
seasonal,CoPy_R,10,SS_vs_persistence,-0.010568447328595632,1278654,fa85569c247e4428,True,location-k4-fold0-seed0,0
seasonal,CoPy_R,10,SS_vs_seasonal,6.998990276230188e-11,1278654,fa85569c247e4428,True,location-k4-fold0-seed0,0
seasonal,CoPy_R,10,SS_vs_ar,-0.6924645909815077,1278654,fa85569c247e4428,True,location-k4-fold0-seed0,0
seasonal,CoPy_R,11,MSE,0.014377109311640601,1278654,fa85569c247e4428,True,location-k4-fold0-seed0,0
seasonal,CoPy_R,11,MAE,0.0656766552914043,1278654,fa85569c247e4428,True,location-k4-fold0-seed0,0
seasonal,CoPy_R,11,SS_vs_persistence,0.038654154668505636,1278654,fa85569c247e4428,True,location-k4-fold0-seed0,0
seasonal,CoPy_R,11,SS_vs_seasonal,6.955502840355621e-11,1278654,fa85569c247e4428,True,location-k4-fold0-seed0,0
seasonal,CoPy_R,11,SS_vs_ar,-0.6911750997464798,1278654,fa85569c247e4428,True,location-k4-fold0-seed0,0
seasonal,CoPy_R,12,MSE,0.014094797272823693,1278654,fa85569c247e4428,True,location-k4-fold0-seed0,0
seasonal,CoPy_R,12,MAE,0.06546499994552718,1278654,fa85569c247e4428,True,location-k4-fold0-seed0,0
seasonal,CoPy_R,12,SS_vs_persistence,-0.017698251389874464,1278654,fa85569c247e4428,True,location-k4-fold0-seed0,0
seasonal,CoPy_R,12,SS_vs_seasonal,7.094824727715832e-11,1278654,fa85569c247e4428,True,location-k4-fold0-seed0,0
seasonal,CoPy_R,12,SS_vs_ar,-0.6630468309429292,1278654,fa85569c247e4428,True,location-k4-fold0-seed0,0
seasonal,CoPy_R,13,MSE,0.01424044345005425,1278654,fa85569c247e4428,True,location-k4-fold0-seed0,0
seasonal,CoPy_R,13,MAE,0.06544716891184728,1278654,fa85569c247e4428,True,location-k4-fold0-seed0,0
seasonal,CoPy_R,13,SS_vs_persistence,0.0012343886515493452,1278654,fa85569c247e4428,True,location-k4-fold0-seed0,0
seasonal,CoPy_R,13,SS_vs_seasonal,7.022260550826331e-11,1278654,fa85569c247e4428,True,location-k4-fold0-seed0,0
seasonal,CoPy_R,13,SS_vs_ar,-0.6677282845082797,1278654,fa85569c247e4428,True,location-k4-fold0-seed0,0
seasonal,CoPy_R,14,MSE,0.014157569803082503,1278654,fa85569c247e4428,True,location-k4-fold0-seed0,0
seasonal,CoPy_R,14,MAE,0.06543351891396397,1278654,fa85569c247e4428,True,location-k4-fold0-seed0,0
seasonal,CoPy_R,14,SS_vs_persistence,0.018675640838041963,1278654,fa85569c247e4428,True,location-k4-fold0-seed0,0
seasonal,CoPy_R,14,SS_vs_seasonal,7.063361007197955e-11,1278654,fa85569c247e4428,True,location-k4-fold0-seed0,0
seasonal,CoPy_R,14,SS_vs_ar,-0.6553644778920797,1278654,fa85569c247e4428,True,location-k4-fold0-seed0,0
seasonal,CoPy_R,15,MSE,0.014151107222861965,1278654,fa85569c247e4428,True,location-k4-fold0-seed0,0
seasonal,CoPy_R,15,MAE,0.06547615282891989,1278654,fa85569c247e4428,True,location-k4-fold0-seed0,0
seasonal,CoPy_R,15,SS_vs_persistence,0.002215458279379301,1278654,fa85569c247e4428,True,location-k4-fold0-seed0,0
seasonal,CoPy_R,15,SS_vs_seasonal,7.066591756199614e-11,1278654,fa85569c247e4428,True,location-k4-fold0-seed0,0
seasonal,CoPy_R,15,SS_vs_ar,-0.6485049430602385,1278654,fa85569c247e4428,True,location-k4-fold0-seed0,0
seasonal,CoPy_R,16,MSE,0.014340881748881528,1278654,fa85569c247e4428,True,location-k4-fold0-seed0,0
seasonal,CoPy_R,16,MAE,0.06563009675078593,1278654,fa85569c247e4428,True,location-k4-fold0-seed0,0
seasonal,CoPy_R,16,SS_vs_persistence,0.011719376879013255,1278654,fa85569c247e4428,True,location-k4-fold0-seed0,0
seasonal,CoPy_R,16,SS_vs_seasonal,6.973077670835437e-11,1278654,fa85569c247e4428,True,location-k4-fold0-seed0,0
seasonal,CoPy_R,16,SS_vs_ar,-0.6555701688619537,1278654,fa85569c247e4428,True,location-k4-fold0-seed0,0
seasonal,CoPy_R,17,MSE,0.014319140845763812,1278654,fa85569c247e4428,True,location-k4-fold0-seed0,0
seasonal,CoPy_R,17,MAE,0.06564847858844296,1278654,fa85569c247e4428,True,location-k4-fold0-seed0,0
seasonal,CoPy_R,17,SS_vs_persistence,-0.00652043900528132,1278654,fa85569c247e4428,True,location-k4-fold0-seed0,0
seasonal,CoPy_R,17,SS_vs_seasonal,6.983658096260115e-11,1278654,fa85569c247e4428,True,location-k4-fold0-seed0,0
seasonal,CoPy_R,17,SS_vs_ar,-0.6414121560086494,1278654,fa85569c247e4428,True,location-k4-fold0-seed0,0
seasonal,CoPy_R,18,MSE,0.014320763905712365,1278654,fa85569c247e4428,True,location-k4-fold0-seed0,0
seasonal,CoPy_R,18,MAE,0.06560606141078863,1278654,fa85569c247e4428,True,location-k4-fold0-seed0,0
seasonal,CoPy_R,18,SS_vs_persistence,0.02135763252842071,1278654,fa85569c247e4428,True,location-k4-fold0-seed0,0
seasonal,CoPy_R,18,SS_vs_seasonal,6.982869837912631e-11,1278654,fa85569c247e4428,True,location-k4-fold0-seed0,0
seasonal,CoPy_R,18,SS_vs_ar,-0.6345327899265025,1278654,fa85569c247e4428,True,location-k4-fold0-seed0,0
seasonal,CoPy_R,19,MSE,0.014570121794867368,1278654,fa85569c247e4428,True,location-k4-fold0-seed0,0
seasonal,CoPy_R,19,MAE,0.06578359500056369,1278654,fa85569c247e4428,True,location-k4-fold0-seed0,0
seasonal,CoPy_R,19,SS_vs_persistence,0.01574442838597989,1278654,fa85569c247e4428,True,location-k4-fold0-seed0,0
seasonal,CoPy_R,19,SS_vs_seasonal,6.863365431541979e-11,1278654,fa85569c247e4428,True,location-k4-fold0-seed0,0
seasonal,CoPy_R,19,SS_vs_ar,-0.6494500575707722,1278654,fa85569c247e4428,True,location-k4-fold0-seed0,0
seasonal,CoPy_R,20,MSE,0.014555386559449941,1278654,fa85569c247e4428,True,location-k4-fold0-seed0,0
seasonal,CoPy_R,20,MAE,0.0657492956823716,1278654,fa85569c247e4428,True,location-k4-fold0-seed0,0
seasonal,CoPy_R,20,SS_vs_persistence,0.000454856218958799,1278654,fa85569c247e4428,True,location-k4-fold0-seed0,0
seasonal,CoPy_R,20,SS_vs_seasonal,6.870315427676132e-11,1278654,fa85569c247e4428,True,location-k4-fold0-seed0,0
seasonal,CoPy_R,20,SS_vs_ar,-0.6470100912900578,1278654,fa85569c247e4428,True,location-k4-fold0-seed0,0
seasonal,CoPy_R,21,MSE,0.015745262445972737,1278654,fa85569c247e4428,True,location-k4-fold0-seed0,0
seasonal,CoPy_R,21,MAE,0.06708946132535204,1278654,fa85569c247e4428,True,location-k4-fold0-seed0,0
seasonal,CoPy_R,21,SS_vs_persistence,-0.03204260574028939,1278654,fa85569c247e4428,True,location-k4-fold0-seed0,0
seasonal,CoPy_R,21,SS_vs_seasonal,6.351108527979932e-11,1278654,fa85569c247e4428,True,location-k4-fold0-seed0,0
seasonal,CoPy_R,21,SS_vs_ar,-0.7788838756254659,1278654,fa85569c247e4428,True,location-k4-fold0-seed0,0
seasonal,CoPy_R,22,MSE,0.01549929207476949,1278654,fa85569c247e4428,True,location-k4-fold0-seed0,0
seasonal,CoPy_R,22,MAE,0.06683709840997568,1278654,fa85569c247e4428,True,location-k4-fold0-seed0,0
seasonal,CoPy_R,22,SS_vs_persistence,-0.012297678278337498,1278654,fa85569c247e4428,True,location-k4-fold0-seed0,0
seasonal,CoPy_R,22,SS_vs_seasonal,6.45190567638565e-11,1278654,fa85569c247e4428,True,location-k4-fold0-seed0,0
seasonal,CoPy_R,22,SS_vs_ar,-0.7546229024494577,1278654,fa85569c247e4428,True,location-k4-fold0-seed0,0
seasonal,CoPy_R,23,MSE,0.01559981774020733,1278654,fa85569c247e4428,True,location-k4-fold0-seed0,0
seasonal,CoPy_R,23,MAE,0.06694308903795025,1278654,fa85569c247e4428,True,location-k4-fold0-seed0,0
seasonal,CoPy_R,23,SS_vs_persistence,-0.0058774624260002906,1278654,fa85569c247e4428,True,location-k4-fold0-seed0,0
seasonal,CoPy_R,23,SS_vs_seasonal,6.410338926343684e-11,1278654,fa85569c247e4428,True,location-k4-fold0-seed0,0
seasonal,CoPy_R,23,SS_vs_ar,-0.7734742372068517,1278654,fa85569c247e4428,True,location-k4-fold0-seed0,0
seasonal,CoPy_R,24,MSE,0.015744877581462247,1278654,fa85569c247e4428,True,location-k4-fold0-seed0,0
seasonal,CoPy_R,24,MAE,0.06701591679004099,1278654,fa85569c247e4428,True,location-k4-fold0-seed0,0
seasonal,CoPy_R,24,SS_vs_persistence,-0.03559031771105281,1278654,fa85569c247e4428,True,location-k4-fold0-seed0,0
seasonal,CoPy_R,24,SS_vs_seasonal,6.351263959203379e-11,1278654,fa85569c247e4428,True,location-k4-fold0-seed0,0
seasonal,CoPy_R,24,SS_vs_ar,-0.7951887716183028,1278654,fa85569c247e4428,True,location-k4-fold0-seed0,0
seasonal,CoPy_R,25,MSE,0.015456238858825506,1278654,fa85569c247e4428,True,location-k4-fold0-seed0,0
seasonal,CoPy_R,25,MAE,0.06688590658635415,1278654,fa85569c247e4428,True,location-k4-fold0-seed0,0
seasonal,CoPy_R,25,SS_vs_persistence,-0.030761392703791524,1278654,fa85569c247e4428,True,location-k4-fold0-seed0,0
seasonal,CoPy_R,25,SS_vs_seasonal,6.469880187154331e-11,1278654,fa85569c247e4428,True,location-k4-fold0-seed0,0
seasonal,CoPy_R,25,SS_vs_ar,-0.7578925016933988,1278654,fa85569c247e4428,True,location-k4-fold0-seed0,0
seasonal,CoPy_R,26,MSE,0.015251664879488562,1278654,fa85569c247e4428,True,location-k4-fold0-seed0,0
seasonal,CoPy_R,26,MAE,0.06674685982191579,1278654,fa85569c247e4428,True,location-k4-fold0-seed0,0
seasonal,CoPy_R,26,SS_vs_persistence,-0.03458810441862692,1278654,fa85569c247e4428,True,location-k4-fold0-seed0,0
seasonal,CoPy_R,26,SS_vs_seasonal,6.55666632098928e-11,1278654,fa85569c247e4428,True,location-k4-fold0-seed0,0
seasonal,CoPy_R,26,SS_vs_ar,-0.7380293487687999,1278654,fa85569c247e4428,True,location-k4-fold0-seed0,0
seasonal,CoPy_R,27,MSE,0.01535189767484166,1278654,fa85569c247e4428,True,location-k4-fold0-seed0,0
seasonal,CoPy_R,27,MAE,0.06678407970152526,1278654,fa85569c247e4428,True,location-k4-fold0-seed0,0
seasonal,CoPy_R,27,SS_vs_persistence,-0.0019090195346813665,1278654,fa85569c247e4428,True,location-k4-fold0-seed0,0
seasonal,CoPy_R,27,SS_vs_seasonal,6.513856121159733e-11,1278654,fa85569c247e4428,True,location-k4-fold0-seed0,0
seasonal,CoPy_R,27,SS_vs_ar,-0.7480706687134457,1278654,fa85569c247e4428,True,location-k4-fold0-seed0,0
seasonal,CoPy_R,28,MSE,0.015553854326107213,1278654,fa85569c247e4428,True,location-k4-fold0-seed0,0
seasonal,CoPy_R,28,MAE,0.06691040451915348,1278654,fa85569c247e4428,True,location-k4-fold0-seed0,0
seasonal,CoPy_R,28,SS_vs_persistence,0.0059570373614724614,1278654,fa85569c247e4428,True,location-k4-fold0-seed0,0
seasonal,CoPy_R,28,SS_vs_seasonal,6.429279331143789e-11,1278654,fa85569c247e4428,True,location-k4-fold0-seed0,0
seasonal,CoPy_R,28,SS_vs_ar,-0.7775644290527699,1278654,fa85569c247e4428,True,location-k4-fold0-seed0,0
seasonal,CoPy_R,29,MSE,0.015577360845355423,1278654,fa85569c247e4428,True,location-k4-fold0-seed0,0
seasonal,CoPy_R,29,MAE,0.06685035357849609,1278654,fa85569c247e4428,True,location-k4-fold0-seed0,0
seasonal,CoPy_R,29,SS_vs_persistence,0.019363193908211396,1278654,fa85569c247e4428,True,location-k4-fold0-seed0,0
seasonal,CoPy_R,29,SS_vs_seasonal,6.419575981908565e-11,1278654,fa85569c247e4428,True,location-k4-fold0-seed0,0
seasonal,CoPy_R,29,SS_vs_ar,-0.7843700759252785,1278654,fa85569c247e4428,True,location-k4-fold0-seed0,0
seasonal,CoPy_R,30,MSE,0.015453948300348607,1278654,fa85569c247e4428,True,location-k4-fold0-seed0,0
seasonal,CoPy_R,30,MAE,0.06679935698654334,1278654,fa85569c247e4428,True,location-k4-fold0-seed0,0
seasonal,CoPy_R,30,SS_vs_persistence,0.010995862890290309,1278654,fa85569c247e4428,True,location-k4-fold0-seed0,0
seasonal,CoPy_R,30,SS_vs_seasonal,6.470846081185755e-11,1278654,fa85569c247e4428,True,location-k4-fold0-seed0,0
seasonal,CoPy_R,30,SS_vs_ar,-0.7611814958017002,1278654,fa85569c247e4428,True,location-k4-fold0-seed0,0
seasonal,CoPy_R,all,MSE,0.014706769360551868,1278654,fa85569c247e4428,True,location-k4-fold0-seed0,0
seasonal,CoPy_R,all,MAE,0.06557012194653104,1278654,fa85569c247e4428,True,location-k4-fold0-seed0,0
seasonal,CoPy_R,all,SS_vs_persistence,-0.01124133676355954,1278654,fa85569c247e4428,True,location-k4-fold0-seed0,0
seasonal,CoPy_R,all,SS_vs_seasonal,6.79959422100751e-11,1278654,fa85569c247e4428,True,location-k4-fold0-seed0,0
seasonal,CoPy_R,all,SS_vs_ar,-0.712854669006822,1278654,fa85569c247e4428,True,location-k4-fold0-seed0,0
ar,F_R,1,MSE,402847.74182056106,1383540,fa85569c247e4428,True,location-k4-fold0-seed0,0
ar,F_R,1,MAE,411.1914096353719,1383540,fa85569c247e4428,True,location-k4-fold0-seed0,0
ar,F_R,1,SS_vs_persistence,0.3289895907639111,1383540,fa85569c247e4428,True,location-k4-fold0-seed0,0
ar,F_R,1,SS_vs_seasonal,0.5084802330326021,1383540,fa85569c247e4428,True,location-k4-fold0-seed0,0
ar,F_R,1,SS_vs_ar,0.0,1383540,fa85569c247e4428,True,location-k4-fold0-seed0,0
ar,F_R,2,MSE,434042.2685580616,1383540,fa85569c247e4428,True,location-k4-fold0-seed0,0
ar,F_R,2,MAE,434.1937681845264,1383540,fa85569c247e4428,True,location-k4-fold0-seed0,0
ar,F_R,2,SS_vs_persistence,0.336481792319953,1383540,fa85569c247e4428,True,location-k4-fold0-seed0,0
ar,F_R,2,SS_vs_seasonal,0.4736299497304197,1383540,fa85569c247e4428,True,location-k4-fold0-seed0,0
ar,F_R,2,SS_vs_ar,0.0,1383540,fa85569c247e4428,True,location-k4-fold0-seed0,0
ar,F_R,3,MSE,461563.20164475194,1383540,fa85569c247e4428,True,location-k4-fold0-seed0,0
ar,F_R,3,MAE,453.9673013684755,1383540,fa85569c247e4428,True,location-k4-fold0-seed0,0
ar,F_R,3,SS_vs_persistence,0.3431832199596677,1383540,fa85569c247e4428,True,location-k4-fold0-seed0,0
ar,F_R,3,SS_vs_seasonal,0.44565987684868136,1383540,fa85569c247e4428,True,location-k4-fold0-seed0,0
ar,F_R,3,SS_vs_ar,0.0,1383540,fa85569c247e4428,True,location-k4-fold0-seed0,0
ar,F_R,4,MSE,480138.40256496845,1383540,fa85569c247e4428,True,location-k4-fold0-seed0,0
ar,F_R,4,MAE,465.8680936826457,1383540,fa85569c247e4428,True,location-k4-fold0-seed0,0
ar,F_R,4,SS_vs_persistence,0.33986598501636334,1383540,fa85569c247e4428,True,location-k4-fold0-seed0,0
ar,F_R,4,SS_vs_seasonal,0.42548677506847266,1383540,fa85569c247e4428,True,location-k4-fold0-seed0,0
ar,F_R,4,SS_vs_ar,0.0,1383540,fa85569c247e4428,True,location-k4-fold0-seed0,0
ar,F_R,5,MSE,495507.75323195104,1383540,fa85569c247e4428,True,location-k4-fold0-seed0,0
ar,F_R,5,MAE,476.7288590511795,1383540,fa85569c247e4428,True,location-k4-fold0-seed0,0
ar,F_R,5,SS_vs_persistence,0.3500239142588688,1383540,fa85569c247e4428,True,location-k4-fold0-seed0,0
ar,F_R,5,SS_vs_seasonal,0.409758605473618,1383540,fa85569c247e4428,True,location-k4-fold0-seed0,0
ar,F_R,5,SS_vs_ar,0.0,1383540,fa85569c247e4428,True,location-k4-fold0-seed0,0
ar,F_R,6,MSE,505402.612412832,1383540,fa85569c247e4428,True,location-k4-fold0-seed0,0
ar,F_R,6,MAE,482.53830152213806,1383540,fa85569c247e4428,True,location-k4-fold0-seed0,0
ar,F_R,6,SS_vs_persistence,0.32253578705942654,1383540,fa85569c247e4428,True,location-k4-fold0-seed0,0
ar,F_R,6,SS_vs_seasonal,0.39722025524108817,1383540,fa85569c247e4428,True,location-k4-fold0-seed0,0
ar,F_R,6,SS_vs_ar,0.0,1383540,fa85569c247e4428,True,location-k4-fold0-seed0,0
ar,F_R,7,MSE,524115.3663645526,1383540,fa85569c247e4428,True,location-k4-fold0-seed0,0
ar,F_R,7,MAE,492.57297514614424,1383540,fa85569c247e4428,True,location-k4-fold0-seed0,0
ar,F_R,7,SS_vs_persistence,0.3379323055667526,1383540,fa85569c247e4428,True,location-k4-fold0-seed0,0
ar,F_R,7,SS_vs_seasonal,0.37538903429981196,1383540,fa85569c247e4428,True,location-k4-fold0-seed0,0
ar,F_R,7,SS_vs_ar,0.0,1383540,fa85569c247e4428,True,location-k4-fold0-seed0,0
ar,F_R,8,MSE,531822.2751002668,1383540,fa85569c247e4428,True,location-k4-fold0-seed0,0
ar,F_R,8,MAE,497.9039239309447,1383540,fa85569c247e4428,True,location-k4-fold0-seed0,0
ar,F_R,8,SS_vs_persistence,0.3183404954463118,1383540,fa85569c247e4428,True,location-k4-fold0-seed0,0
ar,F_R,8,SS_vs_seasonal,0.36110834031412786,1383540,fa85569c247e4428,True,location-k4-fold0-seed0,0
ar,F_R,8,SS_vs_ar,0.0,1383540,fa85569c247e4428,True,location-k4-fold0-seed0,0
ar,F_R,9,MSE,545189.097007441,1383540,fa85569c247e4428,True,location-k4-fold0-seed0,0
ar,F_R,9,MAE,506.14368898237024,1383540,fa85569c247e4428,True,location-k4-fold0-seed0,0
ar,F_R,9,SS_vs_persistence,0.31380649058043275,1383540,fa85569c247e4428,True,location-k4-fold0-seed0,0
ar,F_R,9,SS_vs_seasonal,0.34771098362493635,1383540,fa85569c247e4428,True,location-k4-fold0-seed0,0
ar,F_R,9,SS_vs_ar,0.0,1383540,fa85569c247e4428,True,location-k4-fold0-seed0,0
ar,F_R,10,MSE,558532.3622554594,1383540,fa85569c247e4428,True,location-k4-fold0-seed0,0
ar,F_R,10,MAE,513.6053799683684,1383540,fa85569c247e4428,True,location-k4-fold0-seed0,0
ar,F_R,10,SS_vs_persistence,0.30906560636191116,1383540,fa85569c247e4428,True,location-k4-fold0-seed0,0
ar,F_R,10,SS_vs_seasonal,0.3220743088025516,1383540,fa85569c247e4428,True,location-k4-fold0-seed0,0
ar,F_R,10,SS_vs_ar,0.0,1383540,fa85569c247e4428,True,location-k4-fold0-seed0,0
ar,F_R,11,MSE,570196.2193821442,1383540,fa85569c247e4428,True,location-k4-fold0-seed0,0
ar,F_R,11,MAE,521.5340953381153,1383540,fa85569c247e4428,True,location-k4-fold0-seed0,0
ar,F_R,11,SS_vs_persistence,0.311495498903809,1383540,fa85569c247e4428,True,location-k4-fold0-seed0,0
ar,F_R,11,SS_vs_seasonal,0.39374249600176636,1383540,fa85569c247e4428,True,location-k4-fold0-seed0,0
ar,F_R,11,SS_vs_ar,0.0,1383540,fa85569c247e4428,True,location-k4-fold0-seed0,0
ar,F_R,12,MSE,581055.8955709577,1383540,fa85569c247e4428,True,location-k4-fold0-seed0,0
ar,F_R,12,MAE,528.1712606400121,1383540,fa85569c247e4428,True,location-k4-fold0-seed0,0
ar,F_R,12,SS_vs_persistence,0.3151863357900522,1383540,fa85569c247e4428,True,location-k4-fold0-seed0,0
ar,F_R,12,SS_vs_seasonal,0.3814383774179658,1383540,fa85569c247e4428,True,location-k4-fold0-seed0,0
ar,F_R,12,SS_vs_ar,0.0,1383540,fa85569c247e4428,True,location-k4-fold0-seed0,0
ar,F_R,13,MSE,586957.9568168526,1383540,fa85569c247e4428,True,location-k4-fold0-seed0,0
ar,F_R,13,MAE,532.5073175219957,1383540,fa85569c247e4428,True,location-k4-fold0-seed0,0
ar,F_R,13,SS_vs_persistence,0.3159093208640822,1383540,fa85569c247e4428,True,location-k4-fold0-seed0,0
ar,F_R,13,SS_vs_seasonal,0.37516518236147445,1383540,fa85569c247e4428,True,location-k4-fold0-seed0,0
ar,F_R,13,SS_vs_ar,0.0,1383540,fa85569c247e4428,True,location-k4-fold0-seed0,0
ar,F_R,14,MSE,592223.8867765523,1383540,fa85569c247e4428,True,location-k4-fold0-seed0,0
ar,F_R,14,MAE,536.1602778337898,1383540,fa85569c247e4428,True,location-k4-fold0-seed0,0
ar,F_R,14,SS_vs_persistence,0.31335914016884225,1383540,fa85569c247e4428,True,location-k4-fold0-seed0,0
ar,F_R,14,SS_vs_seasonal,0.3683625963332877,1383540,fa85569c247e4428,True,location-k4-fold0-seed0,0
ar,F_R,14,SS_vs_ar,0.0,1383540,fa85569c247e4428,True,location-k4-fold0-seed0,0
ar,F_R,15,MSE,597205.2310010389,1383540,fa85569c247e4428,True,location-k4-fold0-seed0,0
ar,F_R,15,MAE,539.4072832038283,1383540,fa85569c247e4428,True,location-k4-fold0-seed0,0
ar,F_R,15,SS_vs_persistence,0.295532399199965,1383540,fa85569c247e4428,True,location-k4-fold0-seed0,0
ar,F_R,15,SS_vs_seasonal,0.36323894679612934,1383540,fa85569c247e4428,True,location-k4-fold0-seed0,0
ar,F_R,15,SS_vs_ar,0.0,1383540,fa85569c247e4428,True,location-k4-fold0-seed0,0
ar,F_R,16,MSE,629503.4731142428,1383540,fa85569c247e4428,True,location-k4-fold0-seed0,0
ar,F_R,16,MAE,549.8657052907183,1383540,fa85569c247e4428,True,location-k4-fold0-seed0,0
ar,F_R,16,SS_vs_persistence,0.2983508770038358,1383540,fa85569c247e4428,True,location-k4-fold0-seed0,0
ar,F_R,16,SS_vs_seasonal,0.3418310268725091,1383540,fa85569c247e4428,True,location-k4-fold0-seed0,0
ar,F_R,16,SS_vs_ar,0.0,1383540,fa85569c247e4428,True,location-k4-fold0-seed0,0
ar,F_R,17,MSE,639891.495866963,1383540,fa85569c247e4428,True,location-k4-fold0-seed0,0
ar,F_R,17,MAE,554.3174487812191,1383540,fa85569c247e4428,True,location-k4-fold0-seed0,0
ar,F_R,17,SS_vs_persistence,0.2932489966327615,1383540,fa85569c247e4428,True,location-k4-fold0-seed0,0
ar,F_R,17,SS_vs_seasonal,0.3308910025521453,1383540,fa85569c247e4428,True,location-k4-fold0-seed0,0
ar,F_R,17,SS_vs_ar,0.0,1383540,fa85569c247e4428,True,location-k4-fold0-seed0,0
ar,F_R,18,MSE,651539.3856470905,1383540,fa85569c247e4428,True,location-k4-fold0-seed0,0
ar,F_R,18,MAE,559.6574450439571,1383540,fa85569c247e4428,True,location-k4-fold0-seed0,0
ar,F_R,18,SS_vs_persistence,0.2954359147934359,1383540,fa85569c247e4428,True,location-k4-fold0-seed0,0
ar,F_R,18,SS_vs_seasonal,0.3174593865010782,1383540,fa85569c247e4428,True,location-k4-fold0-seed0,0
ar,F_R,18,SS_vs_ar,0.0,1383540,fa85569c247e4428,True,location-k4-fold0-seed0,0
ar,F_R,19,MSE,660355.6136852552,1383540,fa85569c247e4428,True,location-k4-fold0-seed0,0
ar,F_R,19,MAE,563.8676274608835,1383540,fa85569c247e4428,True,location-k4-fold0-seed0,0
ar,F_R,19,SS_vs_persistence,0.2894240368929778,1383540,fa85569c247e4428,True,location-k4-fold0-seed0,0
ar,F_R,19,SS_vs_seasonal,0.3085020508621378,1383540,fa85569c247e4428,True,location-k4-fold0-seed0,0
ar,F_R,19,SS_vs_ar,0.0,1383540,fa85569c247e4428,True,location-k4-fold0-seed0,0
ar,F_R,20,MSE,669887.0651702257,1383540,fa85569c247e4428,True,location-k4-fold0-seed0,0
ar,F_R,20,MAE,568.9812460641851,1383540,fa85569c247e4428,True,location-k4-fold0-seed0,0
ar,F_R,20,SS_vs_persistence,0.28786114910168215,1383540,fa85569c247e4428,True,location-k4-fold0-seed0,0
ar,F_R,20,SS_vs_seasonal,0.2899755183816549,1383540,fa85569c247e4428,True,location-k4-fold0-seed0,0
ar,F_R,20,SS_vs_ar,0.0,1383540,fa85569c247e4428,True,location-k4-fold0-seed0,0
ar,F_R,21,MSE,675761.1919811382,1383540,fa85569c247e4428,True,location-k4-fold0-seed0,0
ar,F_R,21,MAE,571.6863951514076,1383540,fa85569c247e4428,True,location-k4-fold0-seed0,0
ar,F_R,21,SS_vs_persistence,0.2659156515642688,1383540,fa85569c247e4428,True,location-k4-fold0-seed0,0
ar,F_R,21,SS_vs_seasonal,0.3237481133066492,1383540,fa85569c247e4428,True,location-k4-fold0-seed0,0
ar,F_R,21,SS_vs_ar,0.0,1383540,fa85569c247e4428,True,location-k4-fold0-seed0,0
ar,F_R,22,MSE,687843.1193170365,1383540,fa85569c247e4428,True,location-k4-fold0-seed0,0
ar,F_R,22,MAE,577.8083775210282,1383540,fa85569c247e4428,True,location-k4-fold0-seed0,0
ar,F_R,22,SS_vs_persistence,0.26469459045303223,1383540,fa85569c247e4428,True,location-k4-fold0-seed0,0
ar,F_R,22,SS_vs_seasonal,0.31344181979844077,1383540,fa85569c247e4428,True,location-k4-fold0-seed0,0
ar,F_R,22,SS_vs_ar,0.0,1383540,fa85569c247e4428,True,location-k4-fold0-seed0,0
ar,F_R,23,MSE,698153.4564915077,1383540,fa85569c247e4428,True,location-k4-fold0-seed0,0
ar,F_R,23,MAE,583.0393607682405,1383540,fa85569c247e4428,True,location-k4-fold0-seed0,0
ar,F_R,23,SS_vs_persistence,0.26768199094318745,1383540,fa85569c247e4428,True,location-k4-fold0-seed0,0
ar,F_R,23,SS_vs_seasonal,0.3037449534655219,1383540,fa85569c247e4428,True,location-k4-fold0-seed0,0
ar,F_R,23,SS_vs_ar,0.0,1383540,fa85569c247e4428,True,location-k4-fold0-seed0,0
ar,F_R,24,MSE,707743.2224686249,1383540,fa85569c247e4428,True,location-k4-fold0-seed0,0
ar,F_R,24,MAE,587.4045441784773,1383540,fa85569c247e4428,True,location-k4-fold0-seed0,0
ar,F_R,24,SS_vs_persistence,0.2607344839825708,1383540,fa85569c247e4428,True,location-k4-fold0-seed0,0
ar,F_R,24,SS_vs_seasonal,0.29526427170870984,1383540,fa85569c247e4428,True,location-k4-fold0-seed0,0
ar,F_R,24,SS_vs_ar,0.0,1383540,fa85569c247e4428,True,location-k4-fold0-seed0,0
ar,F_R,25,MSE,716448.6318964037,1383540,fa85569c247e4428,True,location-k4-fold0-seed0,0
ar,F_R,25,MAE,591.9440759967767,1383540,fa85569c247e4428,True,location-k4-fold0-seed0,0
ar,F_R,25,SS_vs_persistence,0.26548478584088897,1383540,fa85569c247e4428,True,location-k4-fold0-seed0,0
ar,F_R,25,SS_vs_seasonal,0.28796608638418286,1383540,fa85569c247e4428,True,location-k4-fold0-seed0,0
ar,F_R,25,SS_vs_ar,0.0,1383540,fa85569c247e4428,True,location-k4-fold0-seed0,0
ar,F_R,26,MSE,724805.7135033056,1383540,fa85569c247e4428,True,location-k4-fold0-seed0,0
ar,F_R,26,MAE,595.3457671312087,1383540,fa85569c247e4428,True,location-k4-fold0-seed0,0
ar,F_R,26,SS_vs_persistence,0.26839211813084807,1383540,fa85569c247e4428,True,location-k4-fold0-seed0,0
ar,F_R,26,SS_vs_seasonal,0.28285937163959285,1383540,fa85569c247e4428,True,location-k4-fold0-seed0,0
ar,F_R,26,SS_vs_ar,0.0,1383540,fa85569c247e4428,True,location-k4-fold0-seed0,0
ar,F_R,27,MSE,733300.5542198811,1383540,fa85569c247e4428,True,location-k4-fold0-seed0,0
ar,F_R,27,MAE,598.291570949124,1383540,fa85569c247e4428,True,location-k4-fold0-seed0,0
ar,F_R,27,SS_vs_persistence,0.2732137548196748,1383540,fa85569c247e4428,True,location-k4-fold0-seed0,0
ar,F_R,27,SS_vs_seasonal,0.2753144845886313,1383540,fa85569c247e4428,True,location-k4-fold0-seed0,0
ar,F_R,27,SS_vs_ar,0.0,1383540,fa85569c247e4428,True,location-k4-fold0-seed0,0
ar,F_R,28,MSE,737402.8067175302,1383540,fa85569c247e4428,True,location-k4-fold0-seed0,0
ar,F_R,28,MAE,600.1983322888752,1383540,fa85569c247e4428,True,location-k4-fold0-seed0,0
ar,F_R,28,SS_vs_persistence,0.2681502339732559,1383540,fa85569c247e4428,True,location-k4-fold0-seed0,0
ar,F_R,28,SS_vs_seasonal,0.270905695155926,1383540,fa85569c247e4428,True,location-k4-fold0-seed0,0
ar,F_R,28,SS_vs_ar,0.0,1383540,fa85569c247e4428,True,location-k4-fold0-seed0,0
ar,F_R,29,MSE,743016.3038994152,1383540,fa85569c247e4428,True,location-k4-fold0-seed0,0
ar,F_R,29,MAE,602.4088358096963,1383540,fa85569c247e4428,True,location-k4-fold0-seed0,0
ar,F_R,29,SS_vs_persistence,0.2678137398352164,1383540,fa85569c247e4428,True,location-k4-fold0-seed0,0
ar,F_R,29,SS_vs_seasonal,0.2666725795554159,1383540,fa85569c247e4428,True,location-k4-fold0-seed0,0
ar,F_R,29,SS_vs_ar,0.0,1383540,fa85569c247e4428,True,location-k4-fold0-seed0,0
ar,F_R,30,MSE,744093.4529480005,1383540,fa85569c247e4428,True,location-k4-fold0-seed0,0
ar,F_R,30,MAE,603.6569719726117,1383540,fa85569c247e4428,True,location-k4-fold0-seed0,0
ar,F_R,30,SS_vs_persistence,0.2539045751415684,1383540,fa85569c247e4428,True,location-k4-fold0-seed0,0
ar,F_R,30,SS_vs_seasonal,0.2560992360231682,1383540,fa85569c247e4428,True,location-k4-fold0-seed0,0
ar,F_R,30,SS_vs_ar,0.0,1383540,fa85569c247e4428,True,location-k4-fold0-seed0,0
ar,F_R,all,MSE,609551.5252478403,1383540,fa85569c247e4428,True,location-k4-fold0-seed0,0
ar,F_R,all,MAE,536.6989213472675,1383540,fa85569c247e4428,True,location-k4-fold0-seed0,0
ar,F_R,all,SS_vs_persistence,0.29589503593332,1383540,fa85569c247e4428,True,location-k4-fold0-seed0,0
ar,F_R,all,SS_vs_seasonal,0.34325120582416313,1383540,fa85569c247e4428,True,location-k4-fold0-seed0,0
ar,F_R,all,SS_vs_ar,0.0,1383540,fa85569c247e4428,True,location-k4-fold0-seed0,0
ar,CoPx_R,1,MSE,0.011149846117098869,1278654,fa85569c247e4428,True,location-k4-fold0-seed0,0
ar,CoPx_R,1,MAE,0.040048112859550296,1278654,fa85569c247e4428,True,location-k4-fold0-seed0,0
ar,CoPx_R,1,SS_vs_persistence,0.40676606309611296,1278654,fa85569c247e4428,True,location-k4-fold0-seed0,0
ar,CoPx_R,1,SS_vs_seasonal,0.43266779427195656,1278654,fa85569c247e4428,True,location-k4-fold0-seed0,0
ar,CoPx_R,1,SS_vs_ar,8.968736864289895e-11,1278654,fa85569c247e4428,True,location-k4-fold0-seed0,0
ar,CoPx_R,2,MSE,0.011310740547089118,1278654,fa85569c247e4428,True,location-k4-fold0-seed0,0
ar,CoPx_R,2,MAE,0.041847694536207146,1278654,fa85569c247e4428,True,location-k4-fold0-seed0,0
ar,CoPx_R,2,SS_vs_persistence,0.4741109865259815,1278654,fa85569c247e4428,True,location-k4-fold0-seed0,0
ar,CoPx_R,2,SS_vs_seasonal,0.4456657882980305,1278654,fa85569c247e4428,True,location-k4-fold0-seed0,0
ar,CoPx_R,2,SS_vs_ar,8.841161136530218e-11,1278654,fa85569c247e4428,True,location-k4-fold0-seed0,0
ar,CoPx_R,3,MSE,0.011209587646985406,1278654,fa85569c247e4428,True,location-k4-fold0-seed0,0
ar,CoPx_R,3,MAE,0.04238375915986573,1278654,fa85569c247e4428,True,location-k4-fold0-seed0,0
ar,CoPx_R,3,SS_vs_persistence,0.465950482151937,1278654,fa85569c247e4428,True,location-k4-fold0-seed0,0
ar,CoPx_R,3,SS_vs_seasonal,0.4515383797110376,1278654,fa85569c247e4428,True,location-k4-fold0-seed0,0
ar,CoPx_R,3,SS_vs_ar,8.920941763079782e-11,1278654,fa85569c247e4428,True,location-k4-fold0-seed0,0
ar,CoPx_R,4,MSE,0.011099381852082821,1278654,fa85569c247e4428,True,location-k4-fold0-seed0,0
ar,CoPx_R,4,MAE,0.04290577061764062,1278654,fa85569c247e4428,True,location-k4-fold0-seed0,0
ar,CoPx_R,4,SS_vs_persistence,0.4618263673653116,1278654,fa85569c247e4428,True,location-k4-fold0-seed0,0
ar,CoPx_R,4,SS_vs_seasonal,0.44965980405579553,1278654,fa85569c247e4428,True,location-k4-fold0-seed0,0
ar,CoPx_R,4,SS_vs_ar,9.009515355984377e-11,1278654,fa85569c247e4428,True,location-k4-fold0-seed0,0
ar,CoPx_R,5,MSE,0.010978756871473348,1278654,fa85569c247e4428,True,location-k4-fold0-seed0,0
ar,CoPx_R,5,MAE,0.043298350187949274,1278654,fa85569c247e4428,True,location-k4-fold0-seed0,0
ar,CoPx_R,5,SS_vs_persistence,0.4911598805521117,1278654,fa85569c247e4428,True,location-k4-fold0-seed0,0
ar,CoPx_R,5,SS_vs_seasonal,0.47785861075922054,1278654,fa85569c247e4428,True,location-k4-fold0-seed0,0
ar,CoPx_R,5,SS_vs_ar,9.108502840859956e-11,1278654,fa85569c247e4428,True,location-k4-fold0-seed0,0
ar,CoPx_R,6,MSE,0.010890426388325181,1278654,fa85569c247e4428,True,location-k4-fold0-seed0,0
ar,CoPx_R,6,MAE,0.04361690305482871,1278654,fa85569c247e4428,True,location-k4-fold0-seed0,0
ar,CoPx_R,6,SS_vs_persistence,0.5006233775877382,1278654,fa85569c247e4428,True,location-k4-fold0-seed0,0
ar,CoPx_R,6,SS_vs_seasonal,0.4826969091057798,1278654,fa85569c247e4428,True,location-k4-fold0-seed0,0
ar,CoPx_R,6,SS_vs_ar,9.182377080918513e-11,1278654,fa85569c247e4428,True,location-k4-fold0-seed0,0
ar,CoPx_R,7,MSE,0.01078271253361038,1278654,fa85569c247e4428,True,location-k4-fold0-seed0,0
ar,CoPx_R,7,MAE,0.04412864822488303,1278654,fa85569c247e4428,True,location-k4-fold0-seed0,0
ar,CoPx_R,7,SS_vs_persistence,0.46197132572218846,1278654,fa85569c247e4428,True,location-k4-fold0-seed0,0
ar,CoPx_R,7,SS_vs_seasonal,0.4675253630073217,1278654,fa85569c247e4428,True,location-k4-fold0-seed0,0
ar,CoPx_R,7,SS_vs_ar,9.274103707213044e-11,1278654,fa85569c247e4428,True,location-k4-fold0-seed0,0
ar,CoPx_R,8,MSE,0.010818700330363005,1278654,fa85569c247e4428,True,location-k4-fold0-seed0,0
ar,CoPx_R,8,MAE,0.04463939454757991,1278654,fa85569c247e4428,True,location-k4-fold0-seed0,0
ar,CoPx_R,8,SS_vs_persistence,0.4838004454893935,1278654,fa85569c247e4428,True,location-k4-fold0-seed0,0
ar,CoPx_R,8,SS_vs_seasonal,0.4774602644720882,1278654,fa85569c247e4428,True,location-k4-fold0-seed0,0
ar,CoPx_R,8,SS_vs_ar,9.243261711588957e-11,1278654,fa85569c247e4428,True,location-k4-fold0-seed0,0
ar,CoPx_R,9,MSE,0.010765073352236003,1278654,fa85569c247e4428,True,location-k4-fold0-seed0,0
ar,CoPx_R,9,MAE,0.045061629434178636,1278654,fa85569c247e4428,True,location-k4-fold0-seed0,0
ar,CoPx_R,9,SS_vs_persistence,0.47854314357780514,1278654,fa85569c247e4428,True,location-k4-fold0-seed0,0
ar,CoPx_R,9,SS_vs_seasonal,0.48121041512673246,1278654,fa85569c247e4428,True,location-k4-fold0-seed0,0
ar,CoPx_R,9,SS_vs_ar,9.289302660420162e-11,1278654,fa85569c247e4428,True,location-k4-fold0-seed0,0
ar,CoPx_R,10,MSE,0.010765570264977545,1278654,fa85569c247e4428,True,location-k4-fold0-seed0,0
ar,CoPx_R,10,MAE,0.045437900481439294,1278654,fa85569c247e4428,True,location-k4-fold0-seed0,0
ar,CoPx_R,10,SS_vs_persistence,0.4881907990927128,1278654,fa85569c247e4428,True,location-k4-fold0-seed0,0
ar,CoPx_R,10,SS_vs_seasonal,0.4822570503687381,1278654,fa85569c247e4428,True,location-k4-fold0-seed0,0
ar,CoPx_R,10,SS_vs_ar,9.288880775670805e-11,1278654,fa85569c247e4428,True,location-k4-fold0-seed0,0
ar,CoPx_R,11,MSE,0.01079860422362437,1278654,fa85569c247e4428,True,location-k4-fold0-seed0,0
ar,CoPx_R,11,MAE,0.04601097834802859,1278654,fa85569c247e4428,True,location-k4-fold0-seed0,0
ar,CoPx_R,11,SS_vs_persistence,0.4977528239244591,1278654,fa85569c247e4428,True,location-k4-fold0-seed0,0
ar,CoPx_R,11,SS_vs_seasonal,0.4507205792700222,1278654,fa85569c247e4428,True,location-k4-fold0-seed0,0
ar,CoPx_R,11,SS_vs_ar,9.260459066240401e-11,1278654,fa85569c247e4428,True,location-k4-fold0-seed0,0
ar,CoPx_R,12,MSE,0.010729423424241552,1278654,fa85569c247e4428,True,location-k4-fold0-seed0,0
ar,CoPx_R,12,MAE,0.04630187307752052,1278654,fa85569c247e4428,True,location-k4-fold0-seed0,0
ar,CoPx_R,12,SS_vs_persistence,0.5128365585900618,1278654,fa85569c247e4428,True,location-k4-fold0-seed0,0
ar,CoPx_R,12,SS_vs_seasonal,0.45343193261275416,1278654,fa85569c247e4428,True,location-k4-fold0-seed0,0
ar,CoPx_R,12,SS_vs_ar,9.320166860504742e-11,1278654,fa85569c247e4428,True,location-k4-fold0-seed0,0
ar,CoPx_R,13,MSE,0.010816767042651845,1278654,fa85569c247e4428,True,location-k4-fold0-seed0,0
ar,CoPx_R,13,MAE,0.04644354440025313,1278654,fa85569c247e4428,True,location-k4-fold0-seed0,0
ar,CoPx_R,13,SS_vs_persistence,0.504023699649201,1278654,fa85569c247e4428,True,location-k4-fold0-seed0,0
ar,CoPx_R,13,SS_vs_seasonal,0.4678642605172394,1278654,fa85569c247e4428,True,location-k4-fold0-seed0,0
ar,CoPx_R,13,SS_vs_ar,9.244915943895649e-11,1278654,fa85569c247e4428,True,location-k4-fold0-seed0,0
ar,CoPx_R,14,MSE,0.010956359521364074,1278654,fa85569c247e4428,True,location-k4-fold0-seed0,0
ar,CoPx_R,14,MAE,0.04666890438677806,1278654,fa85569c247e4428,True,location-k4-fold0-seed0,0
ar,CoPx_R,14,SS_vs_persistence,0.5080232605949216,1278654,fa85569c247e4428,True,location-k4-fold0-seed0,0
ar,CoPx_R,14,SS_vs_seasonal,0.46572419682835364,1278654,fa85569c247e4428,True,location-k4-fold0-seed0,0
ar,CoPx_R,14,SS_vs_ar,9.12712128098292e-11,1278654,fa85569c247e4428,True,location-k4-fold0-seed0,0
ar,CoPx_R,15,MSE,0.010897552996155978,1278654,fa85569c247e4428,True,location-k4-fold0-seed0,0
ar,CoPx_R,15,MAE,0.04694035278641845,1278654,fa85569c247e4428,True,location-k4-fold0-seed0,0
ar,CoPx_R,15,SS_vs_persistence,0.49262519795784165,1278654,fa85569c247e4428,True,location-k4-fold0-seed0,0
ar,CoPx_R,15,SS_vs_seasonal,0.4733817472379812,1278654,fa85569c247e4428,True,location-k4-fold0-seed0,0
ar,CoPx_R,15,SS_vs_ar,9.176370774355291e-11,1278654,fa85569c247e4428,True,location-k4-fold0-seed0,0
ar,CoPx_R,16,MSE,0.011067037446087844,1278654,fa85569c247e4428,True,location-k4-fold0-seed0,0
ar,CoPx_R,16,MAE,0.04743738868941925,1278654,fa85569c247e4428,True,location-k4-fold0-seed0,0
ar,CoPx_R,16,SS_vs_persistence,0.48485982327035526,1278654,fa85569c247e4428,True,location-k4-fold0-seed0,0
ar,CoPx_R,16,SS_vs_seasonal,0.46882619839473494,1278654,fa85569c247e4428,True,location-k4-fold0-seed0,0
ar,CoPx_R,16,SS_vs_ar,9.035849846128485e-11,1278654,fa85569c247e4428,True,location-k4-fold0-seed0,0
ar,CoPx_R,17,MSE,0.011319505010421015,1278654,fa85569c247e4428,True,location-k4-fold0-seed0,0
ar,CoPx_R,17,MAE,0.04765223675843337,1278654,fa85569c247e4428,True,location-k4-fold0-seed0,0
ar,CoPx_R,17,SS_vs_persistence,0.49425098192340555,1278654,fa85569c247e4428,True,location-k4-fold0-seed0,0
ar,CoPx_R,17,SS_vs_seasonal,0.47167237525151573,1278654,fa85569c247e4428,True,location-k4-fold0-seed0,0
ar,CoPx_R,17,SS_vs_ar,8.83431106046828e-11,1278654,fa85569c247e4428,True,location-k4-fold0-seed0,0
ar,CoPx_R,18,MSE,0.011347711127315757,1278654,fa85569c247e4428,True,location-k4-fold0-seed0,0
ar,CoPx_R,18,MAE,0.04792984254574519,1278654,fa85569c247e4428,True,location-k4-fold0-seed0,0
ar,CoPx_R,18,SS_vs_persistence,0.4967152870525806,1278654,fa85569c247e4428,True,location-k4-fold0-seed0,0
ar,CoPx_R,18,SS_vs_seasonal,0.4719391992766915,1278654,fa85569c247e4428,True,location-k4-fold0-seed0,0
ar,CoPx_R,18,SS_vs_ar,8.812350849041195e-11,1278654,fa85569c247e4428,True,location-k4-fold0-seed0,0
ar,CoPx_R,19,MSE,0.01135672843428994,1278654,fa85569c247e4428,True,location-k4-fold0-seed0,0
ar,CoPx_R,19,MAE,0.048299398934300304,1278654,fa85569c247e4428,True,location-k4-fold0-seed0,0
ar,CoPx_R,19,SS_vs_persistence,0.47342785746648675,1278654,fa85569c247e4428,True,location-k4-fold0-seed0,0
ar,CoPx_R,19,SS_vs_seasonal,0.4715862721897953,1278654,fa85569c247e4428,True,location-k4-fold0-seed0,0
ar,CoPx_R,19,SS_vs_ar,8.805356443986057e-11,1278654,fa85569c247e4428,True,location-k4-fold0-seed0,0
ar,CoPx_R,20,MSE,0.011456887020269774,1278654,fa85569c247e4428,True,location-k4-fold0-seed0,0
ar,CoPx_R,20,MAE,0.04849654259795938,1278654,fa85569c247e4428,True,location-k4-fold0-seed0,0
ar,CoPx_R,20,SS_vs_persistence,0.4850951253890263,1278654,fa85569c247e4428,True,location-k4-fold0-seed0,0
ar,CoPx_R,20,SS_vs_seasonal,0.47745522805622287,1278654,fa85569c247e4428,True,location-k4-fold0-seed0,0
ar,CoPx_R,20,SS_vs_ar,8.728373579458548e-11,1278654,fa85569c247e4428,True,location-k4-fold0-seed0,0
ar,CoPx_R,21,MSE,0.011496982623907187,1278654,fa85569c247e4428,True,location-k4-fold0-seed0,0
ar,CoPx_R,21,MAE,0.04860990564773128,1278654,fa85569c247e4428,True,location-k4-fold0-seed0,0
ar,CoPx_R,21,SS_vs_persistence,0.4894838218607416,1278654,fa85569c247e4428,True,location-k4-fold0-seed0,0
ar,CoPx_R,21,SS_vs_seasonal,0.5175920580734197,1278654,fa85569c247e4428,True,location-k4-fold0-seed0,0
ar,CoPx_R,21,SS_vs_ar,8.697942366353573e-11,1278654,fa85569c247e4428,True,location-k4-fold0-seed0,0
ar,CoPx_R,22,MSE,0.011456673621257801,1278654,fa85569c247e4428,True,location-k4-fold0-seed0,0
ar,CoPx_R,22,MAE,0.04877805457768349,1278654,fa85569c247e4428,True,location-k4-fold0-seed0,0
ar,CoPx_R,22,SS_vs_persistence,0.5198182679083112,1278654,fa85569c247e4428,True,location-k4-fold0-seed0,0
ar,CoPx_R,22,SS_vs_seasonal,0.5214118230114393,1278654,fa85569c247e4428,True,location-k4-fold0-seed0,0
ar,CoPx_R,22,SS_vs_ar,8.728540112912242e-11,1278654,fa85569c247e4428,True,location-k4-fold0-seed0,0
ar,CoPx_R,23,MSE,0.011380093121611591,1278654,fa85569c247e4428,True,location-k4-fold0-seed0,0
ar,CoPx_R,23,MAE,0.04900713401268262,1278654,fa85569c247e4428,True,location-k4-fold0-seed0,0
ar,CoPx_R,23,SS_vs_persistence,0.5055621859206085,1278654,fa85569c247e4428,True,location-k4-fold0-seed0,0
ar,CoPx_R,23,SS_vs_seasonal,0.5204408722919254,1278654,fa85569c247e4428,True,location-k4-fold0-seed0,0
ar,CoPx_R,23,SS_vs_ar,8.787282013145159e-11,1278654,fa85569c247e4428,True,location-k4-fold0-seed0,0
ar,CoPx_R,24,MSE,0.011402744548480847,1278654,fa85569c247e4428,True,location-k4-fold0-seed0,0
ar,CoPx_R,24,MAE,0.049286710428323985,1278654,fa85569c247e4428,True,location-k4-fold0-seed0,0
ar,CoPx_R,24,SS_vs_persistence,0.5184749285504268,1278654,fa85569c247e4428,True,location-k4-fold0-seed0,0
ar,CoPx_R,24,SS_vs_seasonal,0.5194898444915874,1278654,fa85569c247e4428,True,location-k4-fold0-seed0,0
ar,CoPx_R,24,SS_vs_ar,8.769818204967805e-11,1278654,fa85569c247e4428,True,location-k4-fold0-seed0,0
ar,CoPx_R,25,MSE,0.01139058802647296,1278654,fa85569c247e4428,True,location-k4-fold0-seed0,0
ar,CoPx_R,25,MAE,0.049695378064033666,1278654,fa85569c247e4428,True,location-k4-fold0-seed0,0
ar,CoPx_R,25,SS_vs_persistence,0.49928139293838625,1278654,fa85569c247e4428,True,location-k4-fold0-seed0,0
ar,CoPx_R,25,SS_vs_seasonal,0.522695687726999,1278654,fa85569c247e4428,True,location-k4-fold0-seed0,0
ar,CoPx_R,25,SS_vs_ar,8.779177385065395e-11,1278654,fa85569c247e4428,True,location-k4-fold0-seed0,0
ar,CoPx_R,26,MSE,0.011355956216447584,1278654,fa85569c247e4428,True,location-k4-fold0-seed0,0
ar,CoPx_R,26,MAE,0.049984920019655044,1278654,fa85569c247e4428,True,location-k4-fold0-seed0,0
ar,CoPx_R,26,SS_vs_persistence,0.5056180112901789,1278654,fa85569c247e4428,True,location-k4-fold0-seed0,0
ar,CoPx_R,26,SS_vs_seasonal,0.5224486058913084,1278654,fa85569c247e4428,True,location-k4-fold0-seed0,0
ar,CoPx_R,26,SS_vs_ar,8.805955964419354e-11,1278654,fa85569c247e4428,True,location-k4-fold0-seed0,0
ar,CoPx_R,27,MSE,0.01145676416567396,1278654,fa85569c247e4428,True,location-k4-fold0-seed0,0
ar,CoPx_R,27,MAE,0.050158380095030264,1278654,fa85569c247e4428,True,location-k4-fold0-seed0,0
ar,CoPx_R,27,SS_vs_persistence,0.5252588645356009,1278654,fa85569c247e4428,True,location-k4-fold0-seed0,0
ar,CoPx_R,27,SS_vs_seasonal,0.5274088188013473,1278654,fa85569c247e4428,True,location-k4-fold0-seed0,0
ar,CoPx_R,27,SS_vs_ar,8.728473499530764e-11,1278654,fa85569c247e4428,True,location-k4-fold0-seed0,0
ar,CoPx_R,28,MSE,0.011436573323451155,1278654,fa85569c247e4428,True,location-k4-fold0-seed0,0
ar,CoPx_R,28,MAE,0.05016776287294533,1278654,fa85569c247e4428,True,location-k4-fold0-seed0,0
ar,CoPx_R,28,SS_vs_persistence,0.4890987058708425,1278654,fa85569c247e4428,True,location-k4-fold0-seed0,0
ar,CoPx_R,28,SS_vs_seasonal,0.5283817591064883,1278654,fa85569c247e4428,True,location-k4-fold0-seed0,0
ar,CoPx_R,28,SS_vs_ar,8.743883395112562e-11,1278654,fa85569c247e4428,True,location-k4-fold0-seed0,0
ar,CoPx_R,29,MSE,0.011521735138150808,1278654,fa85569c247e4428,True,location-k4-fold0-seed0,0
ar,CoPx_R,29,MAE,0.050504845960753206,1278654,fa85569c247e4428,True,location-k4-fold0-seed0,0
ar,CoPx_R,29,SS_vs_persistence,0.5067880977579315,1278654,fa85569c247e4428,True,location-k4-fold0-seed0,0
ar,CoPx_R,29,SS_vs_seasonal,0.5197999831454186,1278654,fa85569c247e4428,True,location-k4-fold0-seed0,0
ar,CoPx_R,29,SS_vs_ar,8.679257312849131e-11,1278654,fa85569c247e4428,True,location-k4-fold0-seed0,0
ar,CoPx_R,30,MSE,0.011521384521558443,1278654,fa85569c247e4428,True,location-k4-fold0-seed0,0
ar,CoPx_R,30,MAE,0.050745303337925735,1278654,fa85569c247e4428,True,location-k4-fold0-seed0,0
ar,CoPx_R,30,SS_vs_persistence,0.5227500173397488,1278654,fa85569c247e4428,True,location-k4-fold0-seed0,0
ar,CoPx_R,30,SS_vs_seasonal,0.5181977330700408,1278654,fa85569c247e4428,True,location-k4-fold0-seed0,0
ar,CoPx_R,30,SS_vs_ar,8.679512664144795e-11,1278654,fa85569c247e4428,True,location-k4-fold0-seed0,0
ar,CoPx_R,all,MSE,0.01116463620503802,1278654,fa85569c247e4428,True,location-k4-fold0-seed0,0
ar,CoPx_R,all,MAE,0.04675043706417657,1278654,fa85569c247e4428,True,location-k4-fold0-seed0,0
ar,CoPx_R,all,SS_vs_persistence,0.49260492910986386,1278654,fa85569c247e4428,True,location-k4-fold0-seed0,0
ar,CoPx_R,all,SS_vs_seasonal,0.4866929065087032,1278654,fa85569c247e4428,True,location-k4-fold0-seed0,0
ar,CoPx_R,all,SS_vs_ar,8.956857477926405e-11,1278654,fa85569c247e4428,True,location-k4-fold0-seed0,0
ar,CoPy_R,1,MSE,0.008044603386825203,1278654,fa85569c247e4428,True,location-k4-fold0-seed0,0
ar,CoPy_R,1,MAE,0.04790667141671449,1278654,fa85569c247e4428,True,location-k4-fold0-seed0,0
ar,CoPy_R,1,SS_vs_persistence,0.35295677492779753,1278654,fa85569c247e4428,True,location-k4-fold0-seed0,0
ar,CoPy_R,1,SS_vs_seasonal,0.4331672707831761,1278654,fa85569c247e4428,True,location-k4-fold0-seed0,0
ar,CoPy_R,1,SS_vs_ar,1.2430700913057535e-10,1278654,fa85569c247e4428,True,location-k4-fold0-seed0,0
ar,CoPy_R,2,MSE,0.00828569718101822,1278654,fa85569c247e4428,True,location-k4-fold0-seed0,0
ar,CoPy_R,2,MAE,0.049095843883027734,1278654,fa85569c247e4428,True,location-k4-fold0-seed0,0
ar,CoPy_R,2,SS_vs_persistence,0.39529451174259667,1278654,fa85569c247e4428,True,location-k4-fold0-seed0,0
ar,CoPy_R,2,SS_vs_seasonal,0.42789957212924634,1278654,fa85569c247e4428,True,location-k4-fold0-seed0,0
ar,CoPy_R,2,SS_vs_ar,1.206899025163466e-10,1278654,fa85569c247e4428,True,location-k4-fold0-seed0,0
ar,CoPy_R,3,MSE,0.008315078340576902,1278654,fa85569c247e4428,True,location-k4-fold0-seed0,0
ar,CoPy_R,3,MAE,0.049327298134125744,1278654,fa85569c247e4428,True,location-k4-fold0-seed0,0
ar,CoPy_R,3,SS_vs_persistence,0.40393851205237263,1278654,fa85569c247e4428,True,location-k4-fold0-seed0,0
ar,CoPy_R,3,SS_vs_seasonal,0.41832160167931587,1278654,fa85569c247e4428,True,location-k4-fold0-seed0,0
ar,CoPy_R,3,SS_vs_ar,1.2026346585258807e-10,1278654,fa85569c247e4428,True,location-k4-fold0-seed0,0
ar,CoPy_R,4,MSE,0.008324140146870447,1278654,fa85569c247e4428,True,location-k4-fold0-seed0,0
ar,CoPy_R,4,MAE,0.04948177946097066,1278654,fa85569c247e4428,True,location-k4-fold0-seed0,0
ar,CoPy_R,4,SS_vs_persistence,0.407560920157763,1278654,fa85569c247e4428,True,location-k4-fold0-seed0,0
ar,CoPy_R,4,SS_vs_seasonal,0.4181334524114487,1278654,fa85569c247e4428,True,location-k4-fold0-seed0,0
ar,CoPy_R,4,SS_vs_ar,1.2013257055798476e-10,1278654,fa85569c247e4428,True,location-k4-fold0-seed0,0
ar,CoPy_R,5,MSE,0.008312063543856498,1278654,fa85569c247e4428,True,location-k4-fold0-seed0,0
ar,CoPy_R,5,MAE,0.0495299735174173,1278654,fa85569c247e4428,True,location-k4-fold0-seed0,0
ar,CoPy_R,5,SS_vs_persistence,0.39252126637785845,1278654,fa85569c247e4428,True,location-k4-fold0-seed0,0
ar,CoPy_R,5,SS_vs_seasonal,0.4187257767811392,1278654,fa85569c247e4428,True,location-k4-fold0-seed0,0
ar,CoPy_R,5,SS_vs_ar,1.2030709761745584e-10,1278654,fa85569c247e4428,True,location-k4-fold0-seed0,0
ar,CoPy_R,6,MSE,0.008355458504700358,1278654,fa85569c247e4428,True,location-k4-fold0-seed0,0
ar,CoPy_R,6,MAE,0.04969414917351335,1278654,fa85569c247e4428,True,location-k4-fold0-seed0,0
ar,CoPy_R,6,SS_vs_persistence,0.40141265904873236,1278654,fa85569c247e4428,True,location-k4-fold0-seed0,0
ar,CoPy_R,6,SS_vs_seasonal,0.4141000406634676,1278654,fa85569c247e4428,True,location-k4-fold0-seed0,0
ar,CoPy_R,6,SS_vs_ar,1.196822640991968e-10,1278654,fa85569c247e4428,True,location-k4-fold0-seed0,0
ar,CoPy_R,7,MSE,0.008387502524330433,1278654,fa85569c247e4428,True,location-k4-fold0-seed0,0
ar,CoPy_R,7,MAE,0.049892365923131454,1278654,fa85569c247e4428,True,location-k4-fold0-seed0,0
ar,CoPy_R,7,SS_vs_persistence,0.3989721520481643,1278654,fa85569c247e4428,True,location-k4-fold0-seed0,0
ar,CoPy_R,7,SS_vs_seasonal,0.407642813617056,1278654,fa85569c247e4428,True,location-k4-fold0-seed0,0
ar,CoPy_R,7,SS_vs_ar,1.1922507425765616e-10,1278654,fa85569c247e4428,True,location-k4-fold0-seed0,0
ar,CoPy_R,8,MSE,0.008378634762180343,1278654,fa85569c247e4428,True,location-k4-fold0-seed0,0
ar,CoPy_R,8,MAE,0.050006477396640235,1278654,fa85569c247e4428,True,location-k4-fold0-seed0,0
ar,CoPy_R,8,SS_vs_persistence,0.4140445494673598,1278654,fa85569c247e4428,True,location-k4-fold0-seed0,0
ar,CoPy_R,8,SS_vs_seasonal,0.41045838216781527,1278654,fa85569c247e4428,True,location-k4-fold0-seed0,0
ar,CoPy_R,8,SS_vs_ar,1.1935119559325358e-10,1278654,fa85569c247e4428,True,location-k4-fold0-seed0,0
ar,CoPy_R,9,MSE,0.0084099303484708,1278654,fa85569c247e4428,True,location-k4-fold0-seed0,0
ar,CoPy_R,9,MAE,0.050114388581658335,1278654,fa85569c247e4428,True,location-k4-fold0-seed0,0
ar,CoPy_R,9,SS_vs_persistence,0.4084988728311333,1278654,fa85569c247e4428,True,location-k4-fold0-seed0,0
ar,CoPy_R,9,SS_vs_seasonal,0.4135876887885582,1278654,fa85569c247e4428,True,location-k4-fold0-seed0,0
ar,CoPy_R,9,SS_vs_ar,1.1890710638340352e-10,1278654,fa85569c247e4428,True,location-k4-fold0-seed0,0
ar,CoPy_R,10,MSE,0.008441999834573782,1278654,fa85569c247e4428,True,location-k4-fold0-seed0,0
ar,CoPy_R,10,MAE,0.050236004436016564,1278654,fa85569c247e4428,True,location-k4-fold0-seed0,0
ar,CoPy_R,10,SS_vs_persistence,0.40290127628440886,1278654,fa85569c247e4428,True,location-k4-fold0-seed0,0
ar,CoPy_R,10,SS_vs_seasonal,0.40914568899097226,1278654,fa85569c247e4428,True,location-k4-fold0-seed0,0
ar,CoPy_R,10,SS_vs_ar,1.1845535663468354e-10,1278654,fa85569c247e4428,True,location-k4-fold0-seed0,0
ar,CoPy_R,11,MSE,0.008501254135130457,1278654,fa85569c247e4428,True,location-k4-fold0-seed0,0
ar,CoPy_R,11,MAE,0.05039599870352609,1278654,fa85569c247e4428,True,location-k4-fold0-seed0,0
ar,CoPy_R,11,SS_vs_persistence,0.43155156118220717,1278654,fa85569c247e4428,True,location-k4-fold0-seed0,0
ar,CoPy_R,11,SS_vs_seasonal,0.40869517298195623,1278654,fa85569c247e4428,True,location-k4-fold0-seed0,0
ar,CoPy_R,11,SS_vs_ar,1.1762979479357227e-10,1278654,fa85569c247e4428,True,location-k4-fold0-seed0,0
ar,CoPy_R,12,MSE,0.008475285848185677,1278654,fa85569c247e4428,True,location-k4-fold0-seed0,0
ar,CoPy_R,12,MAE,0.05043295003606237,1278654,fa85569c247e4428,True,location-k4-fold0-seed0,0
ar,CoPy_R,12,SS_vs_persistence,0.3880519584089088,1278654,fa85569c247e4428,True,location-k4-fold0-seed0,0
ar,CoPy_R,12,SS_vs_seasonal,0.39869402279906174,1278654,fa85569c247e4428,True,location-k4-fold0-seed0,0
ar,CoPy_R,12,SS_vs_ar,1.179901731873656e-10,1278654,fa85569c247e4428,True,location-k4-fold0-seed0,0
ar,CoPy_R,13,MSE,0.008538827086323138,1278654,fa85569c247e4428,True,location-k4-fold0-seed0,0
ar,CoPy_R,13,MAE,0.050544342493360664,1278654,fa85569c247e4428,True,location-k4-fold0-seed0,0
ar,CoPy_R,13,SS_vs_persistence,0.40112210093866496,1278654,fa85569c247e4428,True,location-k4-fold0-seed0,0
ar,CoPy_R,13,SS_vs_seasonal,0.4003819392512674,1278654,fa85569c247e4428,True,location-k4-fold0-seed0,0
ar,CoPy_R,13,SS_vs_ar,1.1711220881949203e-10,1278654,fa85569c247e4428,True,location-k4-fold0-seed0,0
ar,CoPy_R,14,MSE,0.008552539329257088,1278654,fa85569c247e4428,True,location-k4-fold0-seed0,0
ar,CoPy_R,14,MAE,0.05055595694438667,1278654,fa85569c247e4428,True,location-k4-fold0-seed0,0
ar,CoPy_R,14,SS_vs_persistence,0.40718532253584216,1278654,fa85569c247e4428,True,location-k4-fold0-seed0,0
ar,CoPy_R,14,SS_vs_seasonal,0.3959034320430571,1278654,fa85569c247e4428,True,location-k4-fold0-seed0,0
ar,CoPy_R,14,SS_vs_ar,1.1692435908372545e-10,1278654,fa85569c247e4428,True,location-k4-fold0-seed0,0
ar,CoPy_R,15,MSE,0.00858420672669852,1278654,fa85569c247e4428,True,location-k4-fold0-seed0,0
ar,CoPy_R,15,MAE,0.05067603598463297,1278654,fa85569c247e4428,True,location-k4-fold0-seed0,0
ar,CoPy_R,15,SS_vs_persistence,0.39473366712985014,1278654,fa85569c247e4428,True,location-k4-fold0-seed0,0
ar,CoPy_R,15,SS_vs_seasonal,0.39338974746628963,1278654,fa85569c247e4428,True,location-k4-fold0-seed0,0
ar,CoPy_R,15,SS_vs_ar,1.1649303743865858e-10,1278654,fa85569c247e4428,True,location-k4-fold0-seed0,0
ar,CoPy_R,16,MSE,0.008662201105667386,1278654,fa85569c247e4428,True,location-k4-fold0-seed0,0
ar,CoPy_R,16,MAE,0.05097974586194798,1278654,fa85569c247e4428,True,location-k4-fold0-seed0,0
ar,CoPy_R,16,SS_vs_persistence,0.4030572417922679,1278654,fa85569c247e4428,True,location-k4-fold0-seed0,0
ar,CoPy_R,16,SS_vs_seasonal,0.3959784860691048,1278654,fa85569c247e4428,True,location-k4-fold0-seed0,0
ar,CoPy_R,16,SS_vs_ar,1.1544409872499273e-10,1278654,fa85569c247e4428,True,location-k4-fold0-seed0,0
ar,CoPy_R,17,MSE,0.00872367174308105,1278654,fa85569c247e4428,True,location-k4-fold0-seed0,0
ar,CoPy_R,17,MAE,0.051205552222438507,1278654,fa85569c247e4428,True,location-k4-fold0-seed0,0
ar,CoPy_R,17,SS_vs_persistence,0.38679603705542476,1278654,fa85569c247e4428,True,location-k4-fold0-seed0,0
ar,CoPy_R,17,SS_vs_seasonal,0.3907684939733911,1278654,fa85569c247e4428,True,location-k4-fold0-seed0,0
ar,CoPy_R,17,SS_vs_ar,1.1463063831484988e-10,1278654,fa85569c247e4428,True,location-k4-fold0-seed0,0
ar,CoPy_R,18,MSE,0.008761380617345566,1278654,fa85569c247e4428,True,location-k4-fold0-seed0,0
ar,CoPy_R,18,MAE,0.051265903462341965,1278654,fa85569c247e4428,True,location-k4-fold0-seed0,0
ar,CoPy_R,18,SS_vs_persistence,0.4012708870747801,1278654,fa85569c247e4428,True,location-k4-fold0-seed0,0
ar,CoPy_R,18,SS_vs_seasonal,0.3882043811057474,1278654,fa85569c247e4428,True,location-k4-fold0-seed0,0
ar,CoPy_R,18,SS_vs_ar,1.1413736622500892e-10,1278654,fa85569c247e4428,True,location-k4-fold0-seed0,0
ar,CoPy_R,19,MSE,0.00883332097649326,1278654,fa85569c247e4428,True,location-k4-fold0-seed0,0
ar,CoPy_R,19,MAE,0.05144533844882104,1278654,fa85569c247e4428,True,location-k4-fold0-seed0,0
ar,CoPy_R,19,SS_vs_persistence,0.4032825868325124,1278654,fa85569c247e4428,True,location-k4-fold0-seed0,0
ar,CoPy_R,19,SS_vs_seasonal,0.39373732764548885,1278654,fa85569c247e4428,True,location-k4-fold0-seed0,0
ar,CoPy_R,19,SS_vs_ar,1.1320777648649027e-10,1278654,fa85569c247e4428,True,location-k4-fold0-seed0,0
ar,CoPy_R,20,MSE,0.008837460459275083,1278654,fa85569c247e4428,True,location-k4-fold0-seed0,0
ar,CoPy_R,20,MAE,0.05154017210172412,1278654,fa85569c247e4428,True,location-k4-fold0-seed0,0
ar,CoPy_R,20,SS_vs_persistence,0.3931153494724361,1278654,fa85569c247e4428,True,location-k4-fold0-seed0,0
ar,CoPy_R,20,SS_vs_seasonal,0.3928391786386265,1278654,fa85569c247e4428,True,location-k4-fold0-seed0,0
ar,CoPy_R,20,SS_vs_ar,1.1315470782591319e-10,1278654,fa85569c247e4428,True,location-k4-fold0-seed0,0
ar,CoPy_R,21,MSE,0.008851203082976806,1278654,fa85569c247e4428,True,location-k4-fold0-seed0,0
ar,CoPy_R,21,MAE,0.051593148299117535,1278654,fa85569c247e4428,True,location-k4-fold0-seed0,0
ar,CoPy_R,21,SS_vs_persistence,0.41983700017472025,1278654,fa85569c247e4428,True,location-k4-fold0-seed0,0
ar,CoPy_R,21,SS_vs_seasonal,0.43784975875847765,1278654,fa85569c247e4428,True,location-k4-fold0-seed0,0
ar,CoPy_R,21,SS_vs_ar,1.1297907054341749e-10,1278654,fa85569c247e4428,True,location-k4-fold0-seed0,0
ar,CoPy_R,22,MSE,0.0088334034916436,1278654,fa85569c247e4428,True,location-k4-fold0-seed0,0
ar,CoPy_R,22,MAE,0.051532689227266955,1278654,fa85569c247e4428,True,location-k4-fold0-seed0,0
ar,CoPy_R,22,SS_vs_persistence,0.4230682406170758,1278654,fa85569c247e4428,True,location-k4-fold0-seed0,0
ar,CoPy_R,22,SS_vs_seasonal,0.43007697071189954,1278654,fa85569c247e4428,True,location-k4-fold0-seed0,0
ar,CoPy_R,22,SS_vs_ar,1.1320666626346565e-10,1278654,fa85569c247e4428,True,location-k4-fold0-seed0,0
ar,CoPy_R,23,MSE,0.008796190782564127,1278654,fa85569c247e4428,True,location-k4-fold0-seed0,0
ar,CoPy_R,23,MAE,0.051462593139600325,1278654,fa85569c247e4428,True,location-k4-fold0-seed0,0
ar,CoPy_R,23,SS_vs_persistence,0.43282093350515105,1278654,fa85569c247e4428,True,location-k4-fold0-seed0,0
ar,CoPy_R,23,SS_vs_seasonal,0.4361350287235243,1278654,fa85569c247e4428,True,location-k4-fold0-seed0,0
ar,CoPy_R,23,SS_vs_ar,1.1368561647628894e-10,1278654,fa85569c247e4428,True,location-k4-fold0-seed0,0
ar,CoPy_R,24,MSE,0.008770597180971434,1278654,fa85569c247e4428,True,location-k4-fold0-seed0,0
ar,CoPy_R,24,MAE,0.05137463891304366,1278654,fa85569c247e4428,True,location-k4-fold0-seed0,0
ar,CoPy_R,24,SS_vs_persistence,0.4231301276135838,1278654,fa85569c247e4428,True,location-k4-fold0-seed0,0
ar,CoPy_R,24,SS_vs_seasonal,0.44295551775259634,1278654,fa85569c247e4428,True,location-k4-fold0-seed0,0
ar,CoPy_R,24,SS_vs_ar,1.1401735111604694e-10,1278654,fa85569c247e4428,True,location-k4-fold0-seed0,0
ar,CoPy_R,25,MSE,0.008792482385685379,1278654,fa85569c247e4428,True,location-k4-fold0-seed0,0
ar,CoPy_R,25,MAE,0.05147335892202819,1278654,fa85569c247e4428,True,location-k4-fold0-seed0,0
ar,CoPy_R,25,SS_vs_persistence,0.413637983213641,1278654,fa85569c247e4428,True,location-k4-fold0-seed0,0
ar,CoPy_R,25,SS_vs_seasonal,0.43113700134777544,1278654,fa85569c247e4428,True,location-k4-fold0-seed0,0
ar,CoPy_R,25,SS_vs_ar,1.1373357811095275e-10,1278654,fa85569c247e4428,True,location-k4-fold0-seed0,0
ar,CoPy_R,26,MSE,0.008775263138424352,1278654,fa85569c247e4428,True,location-k4-fold0-seed0,0
ar,CoPy_R,26,MAE,0.05160681952614471,1278654,fa85569c247e4428,True,location-k4-fold0-seed0,0
ar,CoPy_R,26,SS_vs_persistence,0.4047349631733095,1278654,fa85569c247e4428,True,location-k4-fold0-seed0,0
ar,CoPy_R,26,SS_vs_seasonal,0.42463572290717344,1278654,fa85569c247e4428,True,location-k4-fold0-seed0,0
ar,CoPy_R,26,SS_vs_ar,1.139567329389024e-10,1278654,fa85569c247e4428,True,location-k4-fold0-seed0,0
ar,CoPy_R,27,MSE,0.008782195106787278,1278654,fa85569c247e4428,True,location-k4-fold0-seed0,0
ar,CoPy_R,27,MAE,0.051624093206135424,1278654,fa85569c247e4428,True,location-k4-fold0-seed0,0
ar,CoPy_R,27,SS_vs_persistence,0.4268486753124303,1278654,fa85569c247e4428,True,location-k4-fold0-seed0,0
ar,CoPy_R,27,SS_vs_seasonal,0.42794074763751977,1278654,fa85569c247e4428,True,location-k4-fold0-seed0,0
ar,CoPy_R,27,SS_vs_ar,1.1386680487390777e-10,1278654,fa85569c247e4428,True,location-k4-fold0-seed0,0
ar,CoPy_R,28,MSE,0.008750093144369456,1278654,fa85569c247e4428,True,location-k4-fold0-seed0,0
ar,CoPy_R,28,MAE,0.05148084501485366,1278654,fa85569c247e4428,True,location-k4-fold0-seed0,0
ar,CoPy_R,28,SS_vs_persistence,0.44078372278487243,1278654,fa85569c247e4428,True,location-k4-fold0-seed0,0
ar,CoPy_R,28,SS_vs_seasonal,0.43743248712829863,1278654,fa85569c247e4428,True,location-k4-fold0-seed0,0
ar,CoPy_R,28,SS_vs_ar,1.1428458179807421e-10,1278654,fa85569c247e4428,True,location-k4-fold0-seed0,0
ar,CoPy_R,29,MSE,0.008729893565096618,1278654,fa85569c247e4428,True,location-k4-fold0-seed0,0
ar,CoPy_R,29,MAE,0.051375513297048425,1278654,fa85569c247e4428,True,location-k4-fold0-seed0,0
ar,CoPy_R,29,SS_vs_persistence,0.4504296954929867,1278654,fa85569c247e4428,True,location-k4-fold0-seed0,0
ar,CoPy_R,29,SS_vs_seasonal,0.43957813835075166,1278654,fa85569c247e4428,True,location-k4-fold0-seed0,0
ar,CoPy_R,29,SS_vs_ar,1.1454903692253993e-10,1278654,fa85569c247e4428,True,location-k4-fold0-seed0,0
ar,CoPy_R,30,MSE,0.008774761905815219,1278654,fa85569c247e4428,True,location-k4-fold0-seed0,0
ar,CoPy_R,30,MAE,0.051471247381528536,1278654,fa85569c247e4428,True,location-k4-fold0-seed0,0
ar,CoPy_R,30,SS_vs_persistence,0.43844280708457084,1278654,fa85569c247e4428,True,location-k4-fold0-seed0,0
ar,CoPy_R,30,SS_vs_seasonal,0.43219934901364476,1278654,fa85569c247e4428,True,location-k4-fold0-seed0,0
ar,CoPy_R,30,SS_vs_ar,1.139632832547477e-10,1278654,fa85569c247e4428,True,location-k4-fold0-seed0,0
ar,CoPy_R,all,MSE,0.008586116280003227,1278654,fa85569c247e4428,True,location-k4-fold0-seed0,0
ar,CoPy_R,all,MAE,0.05064435502345569,1278654,fa85569c247e4428,True,location-k4-fold0-seed0,0
ar,CoPy_R,all,SS_vs_persistence,0.40961638197119243,1278654,fa85569c247e4428,True,location-k4-fold0-seed0,0
ar,CoPy_R,all,SS_vs_seasonal,0.4161793070305405,1278654,fa85569c247e4428,True,location-k4-fold0-seed0,0
ar,CoPy_R,all,SS_vs_ar,1.164671692421848e-10,1278654,fa85569c247e4428,True,location-k4-fold0-seed0,0
cnn,F_R,1,MSE,425364.43974223494,1383540,fa85569c247e4428,True,location-k4-fold0-seed0,0
cnn,F_R,1,MAE,436.2231052078317,1383540,fa85569c247e4428,True,location-k4-fold0-seed0,0
cnn,F_R,1,SS_vs_persistence,0.29148425780911524,1383540,fa85569c247e4428,True,location-k4-fold0-seed0,0
cnn,F_R,1,SS_vs_seasonal,0.48100731717282763,1383540,fa85569c247e4428,True,location-k4-fold0-seed0,0
cnn,F_R,1,SS_vs_ar,-0.055893816904410976,1383540,fa85569c247e4428,True,location-k4-fold0-seed0,0
cnn,F_R,2,MSE,451930.08343878214,1383540,fa85569c247e4428,True,location-k4-fold0-seed0,0
cnn,F_R,2,MAE,443.12866032329265,1383540,fa85569c247e4428,True,location-k4-fold0-seed0,0
cnn,F_R,2,SS_vs_persistence,0.309136780719129,1383540,fa85569c247e4428,True,location-k4-fold0-seed0,0
cnn,F_R,2,SS_vs_seasonal,0.45193710850263435,1383540,fa85569c247e4428,True,location-k4-fold0-seed0,0
cnn,F_R,2,SS_vs_ar,-0.041212149545125865,1383540,fa85569c247e4428,True,location-k4-fold0-seed0,0
cnn,F_R,3,MSE,481725.69250273606,1383540,fa85569c247e4428,True,location-k4-fold0-seed0,0
cnn,F_R,3,MAE,473.2961341886731,1383540,fa85569c247e4428,True,location-k4-fold0-seed0,0
cnn,F_R,3,SS_vs_persistence,0.31449145624076014,1383540,fa85569c247e4428,True,location-k4-fold0-seed0,0
cnn,F_R,3,SS_vs_seasonal,0.42144460659874783,1383540,fa85569c247e4428,True,location-k4-fold0-seed0,0
cnn,F_R,3,SS_vs_ar,-0.043683055291531714,1383540,fa85569c247e4428,True,location-k4-fold0-seed0,0
cnn,F_R,4,MSE,506581.07119302935,1383540,fa85569c247e4428,True,location-k4-fold0-seed0,0
cnn,F_R,4,MAE,489.5240824796589,1383540,fa85569c247e4428,True,location-k4-fold0-seed0,0
cnn,F_R,4,SS_vs_persistence,0.3035104156324674,1383540,fa85569c247e4428,True,location-k4-fold0-seed0,0
cnn,F_R,4,SS_vs_seasonal,0.39384660059347354,1383540,fa85569c247e4428,True,location-k4-fold0-seed0,0
cnn,F_R,4,SS_vs_ar,-0.05507301329533387,1383540,fa85569c247e4428,True,location-k4-fold0-seed0,0
cnn,F_R,5,MSE,530322.2233666508,1383540,fa85569c247e4428,True,location-k4-fold0-seed0,0
cnn,F_R,5,MAE,513.5656445619761,1383540,fa85569c247e4428,True,location-k4-fold0-seed0,0
cnn,F_R,5,SS_vs_persistence,0.30435646934461935,1383540,fa85569c247e4428,True,location-k4-fold0-seed0,0
cnn,F_R,5,SS_vs_seasonal,0.3682881314639346,1383540,fa85569c247e4428,True,location-k4-fold0-seed0,0
cnn,F_R,5,SS_vs_ar,-0.07026019251489446,1383540,fa85569c247e4428,True,location-k4-fold0-seed0,0
cnn,F_R,6,MSE,514737.324865659,1383540,fa85569c247e4428,True,location-k4-fold0-seed0,0
cnn,F_R,6,MAE,501.2506204725301,1383540,fa85569c247e4428,True,location-k4-fold0-seed0,0
cnn,F_R,6,SS_vs_persistence,0.3100231219691334,1383540,fa85569c247e4428,True,location-k4-fold0-seed0,0
cnn,F_R,6,SS_vs_seasonal,0.38608700137275087,1383540,fa85569c247e4428,True,location-k4-fold0-seed0,0
cnn,F_R,6,SS_vs_ar,-0.018469853980893403,1383540,fa85569c247e4428,True,location-k4-fold0-seed0,0
cnn,F_R,7,MSE,529768.5192649718,1383540,fa85569c247e4428,True,location-k4-fold0-seed0,0
cnn,F_R,7,MAE,490.7488706214489,1383540,fa85569c247e4428,True,location-k4-fold0-seed0,0
cnn,F_R,7,SS_vs_persistence,0.33079118712746636,1383540,fa85569c247e4428,True,location-k4-fold0-seed0,0
cnn,F_R,7,SS_vs_seasonal,0.36865192732110597,1383540,fa85569c247e4428,True,location-k4-fold0-seed0,0
cnn,F_R,7,SS_vs_ar,-0.01078608501718148,1383540,fa85569c247e4428,True,location-k4-fold0-seed0,0
cnn,F_R,8,MSE,534383.6708808738,1383540,fa85569c247e4428,True,location-k4-fold0-seed0,0
cnn,F_R,8,MAE,497.26803947777904,1383540,fa85569c247e4428,True,location-k4-fold0-seed0,0
cnn,F_R,8,SS_vs_persistence,0.3150574442081039,1383540,fa85569c247e4428,True,location-k4-fold0-seed0,0
cnn,F_R,8,SS_vs_seasonal,0.3580312702514348,1383540,fa85569c247e4428,True,location-k4-fold0-seed0,0
cnn,F_R,8,SS_vs_ar,-0.004816262688741357,1383540,fa85569c247e4428,True,location-k4-fold0-seed0,0
cnn,F_R,9,MSE,539684.7126620391,1383540,fa85569c247e4428,True,location-k4-fold0-seed0,0
cnn,F_R,9,MAE,506.18898353410316,1383540,fa85569c247e4428,True,location-k4-fold0-seed0,0
cnn,F_R,9,SS_vs_persistence,0.32073449561923106,1383540,fa85569c247e4428,True,location-k4-fold0-seed0,0
cnn,F_R,9,SS_vs_seasonal,0.3542966792489328,1383540,fa85569c247e4428,True,location-k4-fold0-seed0,0
cnn,F_R,9,SS_vs_ar,0.010096284712250547,1383540,fa85569c247e4428,True,location-k4-fold0-seed0,0
cnn,F_R,10,MSE,552691.2833593246,1383540,fa85569c247e4428,True,location-k4-fold0-seed0,0
cnn,F_R,10,MAE,505.48185439517874,1383540,fa85569c247e4428,True,location-k4-fold0-seed0,0
cnn,F_R,10,SS_vs_persistence,0.3162913332454812,1383540,fa85569c247e4428,True,location-k4-fold0-seed0,0
cnn,F_R,10,SS_vs_seasonal,0.32916399189989365,1383540,fa85569c247e4428,True,location-k4-fold0-seed0,0
cnn,F_R,10,SS_vs_ar,0.010457905917120813,1383540,fa85569c247e4428,True,location-k4-fold0-seed0,0
cnn,F_R,11,MSE,567431.9489720758,1383540,fa85569c247e4428,True,location-k4-fold0-seed0,0
cnn,F_R,11,MAE,517.3514132704593,1383540,fa85569c247e4428,True,location-k4-fold0-seed0,0
cnn,F_R,11,SS_vs_persistence,0.31483331938539927,1383540,fa85569c247e4428,True,location-k4-fold0-seed0,0
cnn,F_R,11,SS_vs_seasonal,0.3966815889354237,1383540,fa85569c247e4428,True,location-k4-fold0-seed0,0
cnn,F_R,11,SS_vs_ar,0.004847928337833651,1383540,fa85569c247e4428,True,location-k4-fold0-seed0,0
cnn,F_R,12,MSE,573695.596872539,1383540,fa85569c247e4428,True,location-k4-fold0-seed0,0
cnn,F_R,12,MAE,521.5841162234806,1383540,fa85569c247e4428,True,location-k4-fold0-seed0,0
cnn,F_R,12,SS_vs_persistence,0.3238609455130823,1383540,fa85569c247e4428,True,location-k4-fold0-seed0,0
cnn,F_R,12,SS_vs_seasonal,0.38927376527012525,1383540,fa85569c247e4428,True,location-k4-fold0-seed0,0
cnn,F_R,12,SS_vs_ar,0.012667109575037139,1383540,fa85569c247e4428,True,location-k4-fold0-seed0,0
cnn,F_R,13,MSE,591154.3377183031,1383540,fa85569c247e4428,True,location-k4-fold0-seed0,0
cnn,F_R,13,MAE,538.3942072830904,1383540,fa85569c247e4428,True,location-k4-fold0-seed0,0
cnn,F_R,13,SS_vs_persistence,0.31101850197757364,1383540,fa85569c247e4428,True,location-k4-fold0-seed0,0
cnn,F_R,13,SS_vs_seasonal,0.3706980056840864,1383540,fa85569c247e4428,True,location-k4-fold0-seed0,0
cnn,F_R,13,SS_vs_ar,-0.007149372204114934,1383540,fa85569c247e4428,True,location-k4-fold0-seed0,0
cnn,F_R,14,MSE,579384.9986908381,1383540,fa85569c247e4428,True,location-k4-fold0-seed0,0
cnn,F_R,14,MAE,526.1033864698716,1383540,fa85569c247e4428,True,location-k4-fold0-seed0,0
cnn,F_R,14,SS_vs_persistence,0.3282449044064759,1383540,fa85569c247e4428,True,location-k4-fold0-seed0,0
cnn,F_R,14,SS_vs_seasonal,0.38205593447364494,1383540,fa85569c247e4428,True,location-k4-fold0-seed0,0
cnn,F_R,14,SS_vs_ar,0.021679112194537886,1383540,fa85569c247e4428,True,location-k4-fold0-seed0,0
cnn,F_R,15,MSE,581828.6839817006,1383540,fa85569c247e4428,True,location-k4-fold0-seed0,0
cnn,F_R,15,MAE,528.9021205760052,1383540,fa85569c247e4428,True,location-k4-fold0-seed0,0
cnn,F_R,15,SS_vs_persistence,0.31367068504375295,1383540,fa85569c247e4428,True,location-k4-fold0-seed0,0
cnn,F_R,15,SS_vs_seasonal,0.3796339577009412,1383540,fa85569c247e4428,True,location-k4-fold0-seed0,0
cnn,F_R,15,SS_vs_ar,0.02574750893183586,1383540,fa85569c247e4428,True,location-k4-fold0-seed0,0
cnn,F_R,16,MSE,611738.9911055027,1383540,fa85569c247e4428,True,location-k4-fold0-seed0,0
cnn,F_R,16,MAE,536.1510069294152,1383540,fa85569c247e4428,True,location-k4-fold0-seed0,0
cnn,F_R,16,SS_vs_persistence,0.3181512971035856,1383540,fa85569c247e4428,True,location-k4-fold0-seed0,0
cnn,F_R,16,SS_vs_seasonal,0.3604044444646187,1383540,fa85569c247e4428,True,location-k4-fold0-seed0,0
cnn,F_R,16,SS_vs_ar,0.028219831609278767,1383540,fa85569c247e4428,True,location-k4-fold0-seed0,0
cnn,F_R,17,MSE,614609.9469638575,1383540,fa85569c247e4428,True,location-k4-fold0-seed0,0
cnn,F_R,17,MAE,540.8861012870915,1383540,fa85569c247e4428,True,location-k4-fold0-seed0,0
cnn,F_R,17,SS_vs_persistence,0.32117210573696897,1383540,fa85569c247e4428,True,location-k4-fold0-seed0,0
cnn,F_R,17,SS_vs_seasonal,0.3573269091859207,1383540,fa85569c247e4428,True,location-k4-fold0-seed0,0
cnn,F_R,17,SS_vs_ar,0.03950911844648386,1383540,fa85569c247e4428,True,location-k4-fold0-seed0,0
cnn,F_R,18,MSE,622339.233641499,1383540,fa85569c247e4428,True,location-k4-fold0-seed0,0
cnn,F_R,18,MAE,548.2496419538593,1383540,fa85569c247e4428,True,location-k4-fold0-seed0,0
cnn,F_R,18,SS_vs_persistence,0.3270124838219979,1383540,fa85569c247e4428,True,location-k4-fold0-seed0,0
cnn,F_R,18,SS_vs_seasonal,0.34804892583393676,1383540,fa85569c247e4428,True,location-k4-fold0-seed0,0
cnn,F_R,18,SS_vs_ar,0.04481717091682924,1383540,fa85569c247e4428,True,location-k4-fold0-seed0,0
cnn,F_R,19,MSE,630399.5766585602,1383540,fa85569c247e4428,True,location-k4-fold0-seed0,0
cnn,F_R,19,MAE,551.8604678704226,1383540,fa85569c247e4428,True,location-k4-fold0-seed0,0
cnn,F_R,19,SS_vs_persistence,0.3216582443714636,1383540,fa85569c247e4428,True,location-k4-fold0-seed0,0
cnn,F_R,19,SS_vs_seasonal,0.339870812994189,1383540,fa85569c247e4428,True,location-k4-fold0-seed0,0
cnn,F_R,19,SS_vs_ar,0.04536349264833073,1383540,fa85569c247e4428,True,location-k4-fold0-seed0,0
cnn,F_R,20,MSE,634051.9834921526,1383540,fa85569c247e4428,True,location-k4-fold0-seed0,0
cnn,F_R,20,MAE,553.6117461526666,1383540,fa85569c247e4428,True,location-k4-fold0-seed0,0
cnn,F_R,20,SS_vs_persistence,0.32595645682580654,1383540,fa85569c247e4428,True,location-k4-fold0-seed0,0
cnn,F_R,20,SS_vs_seasonal,0.3279577195841208,1383540,fa85569c247e4428,True,location-k4-fold0-seed0,0
cnn,F_R,20,SS_vs_ar,0.05349421348950356,1383540,fa85569c247e4428,True,location-k4-fold0-seed0,0
cnn,F_R,21,MSE,635422.2753183616,1383540,fa85569c247e4428,True,location-k4-fold0-seed0,0
cnn,F_R,21,MAE,553.808539360469,1383540,fa85569c247e4428,True,location-k4-fold0-seed0,0
cnn,F_R,21,SS_vs_persistence,0.30973611315097704,1383540,fa85569c247e4428,True,location-k4-fold0-seed0,0
cnn,F_R,21,SS_vs_seasonal,0.3641163215199583,1383540,fa85569c247e4428,True,location-k4-fold0-seed0,0
cnn,F_R,21,SS_vs_ar,0.059694041536351716,1383540,fa85569c247e4428,True,location-k4-fold0-seed0,0
cnn,F_R,22,MSE,644306.2940974373,1383540,fa85569c247e4428,True,location-k4-fold0-seed0,0
cnn,F_R,22,MAE,555.0566044610463,1383540,fa85569c247e4428,True,location-k4-fold0-seed0,0
cnn,F_R,22,SS_vs_persistence,0.3112355271861901,1383540,fa85569c247e4428,True,location-k4-fold0-seed0,0
cnn,F_R,22,SS_vs_seasonal,0.356897315179713,1383540,fa85569c247e4428,True,location-k4-fold0-seed0,0
cnn,F_R,22,SS_vs_ar,0.06329470194137754,1383540,fa85569c247e4428,True,location-k4-fold0-seed0,0
cnn,F_R,23,MSE,650565.4866257921,1383540,fa85569c247e4428,True,location-k4-fold0-seed0,0
cnn,F_R,23,MAE,553.6123468840378,1383540,fa85569c247e4428,True,location-k4-fold0-seed0,0
cnn,F_R,23,SS_vs_persistence,0.31759870627716125,1383540,fa85569c247e4428,True,location-k4-fold0-seed0,0
cnn,F_R,23,SS_vs_seasonal,0.35120352273171607,1383540,fa85569c247e4428,True,location-k4-fold0-seed0,0
cnn,F_R,23,SS_vs_ar,0.06816262158876019,1383540,fa85569c247e4428,True,location-k4-fold0-seed0,0
cnn,F_R,24,MSE,659100.8614650434,1383540,fa85569c247e4428,True,location-k4-fold0-seed0,0
cnn,F_R,24,MAE,566.5429473204823,1383540,fa85569c247e4428,True,location-k4-fold0-seed0,0
cnn,F_R,24,SS_vs_persistence,0.31154333522411404,1383540,fa85569c247e4428,True,location-k4-fold0-seed0,0
cnn,F_R,24,SS_vs_seasonal,0.3436999311673725,1383540,fa85569c247e4428,True,location-k4-fold0-seed0,0
cnn,F_R,24,SS_vs_ar,0.06872882630216626,1383540,fa85569c247e4428,True,location-k4-fold0-seed0,0
cnn,F_R,25,MSE,666119.9140919338,1383540,fa85569c247e4428,True,location-k4-fold0-seed0,0
cnn,F_R,25,MAE,572.9416408931428,1383540,fa85569c247e4428,True,location-k4-fold0-seed0,0
cnn,F_R,25,SS_vs_persistence,0.3170826356946229,1383540,fa85569c247e4428,True,location-k4-fold0-seed0,0
cnn,F_R,25,SS_vs_seasonal,0.33798468131223425,1383540,fa85569c247e4428,True,location-k4-fold0-seed0,0
cnn,F_R,25,SS_vs_ar,0.0702474895810079,1383540,fa85569c247e4428,True,location-k4-fold0-seed0,0
cnn,F_R,26,MSE,668363.4510232063,1383540,fa85569c247e4428,True,location-k4-fold0-seed0,0
cnn,F_R,26,MAE,567.0317234616209,1383540,fa85569c247e4428,True,location-k4-fold0-seed0,0
cnn,F_R,26,SS_vs_persistence,0.32536408086742463,1383540,fa85569c247e4428,True,location-k4-fold0-seed0,0
cnn,F_R,26,SS_vs_seasonal,0.3387047365794166,1383540,fa85569c247e4428,True,location-k4-fold0-seed0,0
cnn,F_R,26,SS_vs_ar,0.07787226484086185,1383540,fa85569c247e4428,True,location-k4-fold0-seed0,0
cnn,F_R,27,MSE,685972.7490034602,1383540,fa85569c247e4428,True,location-k4-fold0-seed0,0
cnn,F_R,27,MAE,582.8132076412685,1383540,fa85569c247e4428,True,location-k4-fold0-seed0,0
cnn,F_R,27,SS_vs_persistence,0.3201211213120698,1383540,fa85569c247e4428,True,location-k4-fold0-seed0,0
cnn,F_R,27,SS_vs_seasonal,0.32208626829884324,1383540,fa85569c247e4428,True,location-k4-fold0-seed0,0
cnn,F_R,27,SS_vs_ar,0.06454080109999427,1383540,fa85569c247e4428,True,location-k4-fold0-seed0,0
cnn,F_R,28,MSE,681111.7505767439,1383540,fa85569c247e4428,True,location-k4-fold0-seed0,0
cnn,F_R,28,MAE,580.2480061236346,1383540,fa85569c247e4428,True,location-k4-fold0-seed0,0
cnn,F_R,28,SS_vs_persistence,0.32401738811308767,1383540,fa85569c247e4428,True,location-k4-fold0-seed0,0
cnn,F_R,28,SS_vs_seasonal,0.326562505886817,1383540,fa85569c247e4428,True,location-k4-fold0-seed0,0
cnn,F_R,28,SS_vs_ar,0.07633691603556547,1383540,fa85569c247e4428,True,location-k4-fold0-seed0,0
cnn,F_R,29,MSE,680726.5107718377,1383540,fa85569c247e4428,True,location-k4-fold0-seed0,0
cnn,F_R,29,MAE,568.4012861577304,1383540,fa85569c247e4428,True,location-k4-fold0-seed0,0
cnn,F_R,29,SS_vs_persistence,0.32919561051176227,1383540,fa85569c247e4428,True,location-k4-fold0-seed0,0
cnn,F_R,29,SS_vs_seasonal,0.3281501179008691,1383540,fa85569c247e4428,True,location-k4-fold0-seed0,0
cnn,F_R,29,SS_vs_ar,0.08383368278821768,1383540,fa85569c247e4428,True,location-k4-fold0-seed0,0
cnn,F_R,30,MSE,679322.6532334941,1383540,fa85569c247e4428,True,location-k4-fold0-seed0,0
cnn,F_R,30,MAE,566.039973837532,1383540,fa85569c247e4428,True,location-k4-fold0-seed0,0
cnn,F_R,30,SS_vs_persistence,0.3188496396895185,1383540,fa85569c247e4428,True,location-k4-fold0-seed0,0
cnn,F_R,30,SS_vs_seasonal,0.3208532628192874,1383540,fa85569c247e4428,True,location-k4-fold0-seed0,0
cnn,F_R,30,SS_vs_ar,0.08704659267984816,1383540,fa85569c247e4428,True,location-k4-fold0-seed0,0
cnn,F_R,all,MSE,590827.8755193502,1383540,fa85569c247e4428,True,location-k4-fold0-seed0,0
cnn,F_R,all,MAE,529.5422159806546,1383540,fa85569c247e4428,True,location-k4-fold0-seed0,0
cnn,F_R,all,SS_vs_persistence,0.3175230922554092,1383540,fa85569c247e4428,True,location-k4-fold0-seed0,0
cnn,F_R,all,SS_vs_seasonal,0.3634246183617773,1383540,fa85569c247e4428,True,location-k4-fold0-seed0,0
cnn,F_R,all,SS_vs_ar,0.03071709109558407,1383540,fa85569c247e4428,True,location-k4-fold0-seed0,0
cnn,CoPx_R,1,MSE,0.0135899604313929,1278654,fa85569c247e4428,True,location-k4-fold0-seed0,0
cnn,CoPx_R,1,MAE,0.04012311659347244,1278654,fa85569c247e4428,True,location-k4-fold0-seed0,0
cnn,CoPx_R,1,SS_vs_persistence,0.2769383860177477,1278654,fa85569c247e4428,True,location-k4-fold0-seed0,0
cnn,CoPx_R,1,SS_vs_seasonal,0.30850864251164445,1278654,fa85569c247e4428,True,location-k4-fold0-seed0,0
cnn,CoPx_R,1,SS_vs_ar,-0.21884735335792138,1278654,fa85569c247e4428,True,location-k4-fold0-seed0,0
cnn,CoPx_R,2,MSE,0.014507740353142909,1278654,fa85569c247e4428,True,location-k4-fold0-seed0,0
cnn,CoPx_R,2,MAE,0.03985734189927173,1278654,fa85569c247e4428,True,location-k4-fold0-seed0,0
cnn,CoPx_R,2,SS_vs_persistence,0.3254675739145111,1278654,fa85569c247e4428,True,location-k4-fold0-seed0,0
cnn,CoPx_R,2,SS_vs_seasonal,0.28898229264873243,1278654,fa85569c247e4428,True,location-k4-fold0-seed0,0
cnn,CoPx_R,2,SS_vs_ar,-0.2826516788588085,1278654,fa85569c247e4428,True,location-k4-fold0-seed0,0
cnn,CoPx_R,3,MSE,0.013523098549992714,1278654,fa85569c247e4428,True,location-k4-fold0-seed0,0
cnn,CoPx_R,3,MAE,0.04020382887861194,1278654,fa85569c247e4428,True,location-k4-fold0-seed0,0
cnn,CoPx_R,3,SS_vs_persistence,0.3557297121114298,1278654,fa85569c247e4428,True,location-k4-fold0-seed0,0
cnn,CoPx_R,3,SS_vs_seasonal,0.3383431419931894,1278654,fa85569c247e4428,True,location-k4-fold0-seed0,0
cnn,CoPx_R,3,SS_vs_ar,-0.20638679803918492,1278654,fa85569c247e4428,True,location-k4-fold0-seed0,0
cnn,CoPx_R,4,MSE,0.013368322091240226,1278654,fa85569c247e4428,True,location-k4-fold0-seed0,0
cnn,CoPx_R,4,MAE,0.04042546499477148,1278654,fa85569c247e4428,True,location-k4-fold0-seed0,0
cnn,CoPx_R,4,SS_vs_persistence,0.35181269029650974,1278654,fa85569c247e4428,True,location-k4-fold0-seed0,0
cnn,CoPx_R,4,SS_vs_seasonal,0.33715903307193595,1278654,fa85569c247e4428,True,location-k4-fold0-seed0,0
cnn,CoPx_R,4,SS_vs_ar,-0.20442041441498948,1278654,fa85569c247e4428,True,location-k4-fold0-seed0,0
cnn,CoPx_R,5,MSE,0.013719468321656235,1278654,fa85569c247e4428,True,location-k4-fold0-seed0,0
cnn,CoPx_R,5,MAE,0.04304084526850166,1278654,fa85569c247e4428,True,location-k4-fold0-seed0,0
cnn,CoPx_R,5,SS_vs_persistence,0.3641342110697249,1278654,fa85569c247e4428,True,location-k4-fold0-seed0,0
cnn,CoPx_R,5,SS_vs_seasonal,0.34751244307743634,1278654,fa85569c247e4428,True,location-k4-fold0-seed0,0
cnn,CoPx_R,5,SS_vs_ar,-0.24963768494177851,1278654,fa85569c247e4428,True,location-k4-fold0-seed0,0
cnn,CoPx_R,6,MSE,0.013462854060289546,1278654,fa85569c247e4428,True,location-k4-fold0-seed0,0
cnn,CoPx_R,6,MAE,0.0411798592407976,1278654,fa85569c247e4428,True,location-k4-fold0-seed0,0
cnn,CoPx_R,6,SS_vs_persistence,0.3826656230959087,1278654,fa85569c247e4428,True,location-k4-fold0-seed0,0
cnn,CoPx_R,6,SS_vs_seasonal,0.3605047434036581,1278654,fa85569c247e4428,True,location-k4-fold0-seed0,0
cnn,CoPx_R,6,SS_vs_ar,-0.23621000491641575,1278654,fa85569c247e4428,True,location-k4-fold0-seed0,0
cnn,CoPx_R,7,MSE,0.01366183663722822,1278654,fa85569c247e4428,True,location-k4-fold0-seed0,0
cnn,CoPx_R,7,MAE,0.04239317574862803,1278654,fa85569c247e4428,True,location-k4-fold0-seed0,0
cnn,CoPx_R,7,SS_vs_persistence,0.31831069119054245,1278654,fa85569c247e4428,True,location-k4-fold0-seed0,0
cnn,CoPx_R,7,SS_vs_seasonal,0.32534772846943194,1278654,fa85569c247e4428,True,location-k4-fold0-seed0,0
cnn,CoPx_R,7,SS_vs_ar,-0.2670129703798019,1278654,fa85569c247e4428,True,location-k4-fold0-seed0,0
cnn,CoPx_R,8,MSE,0.014664612080395848,1278654,fa85569c247e4428,True,location-k4-fold0-seed0,0
cnn,CoPx_R,8,MAE,0.044088473886467534,1278654,fa85569c247e4428,True,location-k4-fold0-seed0,0
cnn,CoPx_R,8,SS_vs_persistence,0.3002980032891621,1278654,fa85569c247e4428,True,location-k4-fold0-seed0,0
cnn,CoPx_R,8,SS_vs_seasonal,0.29170396774892904,1278654,fa85569c247e4428,True,location-k4-fold0-seed0,0
cnn,CoPx_R,8,SS_vs_ar,-0.3554874089527824,1278654,fa85569c247e4428,True,location-k4-fold0-seed0,0
cnn,CoPx_R,9,MSE,0.01374151822856062,1278654,fa85569c247e4428,True,location-k4-fold0-seed0,0
cnn,CoPx_R,9,MAE,0.045663274393013854,1278654,fa85569c247e4428,True,location-k4-fold0-seed0,0
cnn,CoPx_R,9,SS_vs_persistence,0.33436506529282994,1278654,fa85569c247e4428,True,location-k4-fold0-seed0,0
cnn,CoPx_R,9,SS_vs_seasonal,0.33776981316688803,1278654,fa85569c247e4428,True,location-k4-fold0-seed0,0
cnn,CoPx_R,9,SS_vs_ar,-0.2764909051390616,1278654,fa85569c247e4428,True,location-k4-fold0-seed0,0
cnn,CoPx_R,10,MSE,0.013832486731798835,1278654,fa85569c247e4428,True,location-k4-fold0-seed0,0
cnn,CoPx_R,10,MAE,0.043470311573959586,1278654,fa85569c247e4428,True,location-k4-fold0-seed0,0
cnn,CoPx_R,10,SS_vs_persistence,0.34238560461642376,1278654,fa85569c247e4428,True,location-k4-fold0-seed0,0
cnn,CoPx_R,10,SS_vs_seasonal,0.33476143808608916,1278654,fa85569c247e4428,True,location-k4-fold0-seed0,0
cnn,CoPx_R,10,SS_vs_ar,-0.2848819328701677,1278654,fa85569c247e4428,True,location-k4-fold0-seed0,0
cnn,CoPx_R,11,MSE,0.013934229866108842,1278654,fa85569c247e4428,True,location-k4-fold0-seed0,0
cnn,CoPx_R,11,MAE,0.04465473994468719,1278654,fa85569c247e4428,True,location-k4-fold0-seed0,0
cnn,CoPx_R,11,SS_vs_persistence,0.35191368661053457,1278654,fa85569c247e4428,True,location-k4-fold0-seed0,0
cnn,CoPx_R,11,SS_vs_seasonal,0.291224536923925,1278654,fa85569c247e4428,True,location-k4-fold0-seed0,0
cnn,CoPx_R,11,SS_vs_ar,-0.29037323493477163,1278654,fa85569c247e4428,True,location-k4-fold0-seed0,0
cnn,CoPx_R,12,MSE,0.014247743672692968,1278654,fa85569c247e4428,True,location-k4-fold0-seed0,0
cnn,CoPx_R,12,MAE,0.04536518182841543,1278654,fa85569c247e4428,True,location-k4-fold0-seed0,0
cnn,CoPx_R,12,SS_vs_persistence,0.35308920475319705,1278654,fa85569c247e4428,True,location-k4-fold0-seed0,0
cnn,CoPx_R,12,SS_vs_seasonal,0.27420501401610653,1278654,fa85569c247e4428,True,location-k4-fold0-seed0,0
cnn,CoPx_R,12,SS_vs_ar,-0.3279132631837771,1278654,fa85569c247e4428,True,location-k4-fold0-seed0,0
cnn,CoPx_R,13,MSE,0.014479548012853664,1278654,fa85569c247e4428,True,location-k4-fold0-seed0,0
cnn,CoPx_R,13,MAE,0.04607623689334877,1278654,fa85569c247e4428,True,location-k4-fold0-seed0,0
cnn,CoPx_R,13,SS_vs_persistence,0.33607586944885337,1278654,fa85569c247e4428,True,location-k4-fold0-seed0,0
cnn,CoPx_R,13,SS_vs_seasonal,0.28767209658727766,1278654,fa85569c247e4428,True,location-k4-fold0-seed0,0
cnn,CoPx_R,13,SS_vs_ar,-0.3386206760689585,1278654,fa85569c247e4428,True,location-k4-fold0-seed0,0
cnn,CoPx_R,14,MSE,0.015153321084105977,1278654,fa85569c247e4428,True,location-k4-fold0-seed0,0
cnn,CoPx_R,14,MAE,0.04703506572778623,1278654,fa85569c247e4428,True,location-k4-fold0-seed0,0
cnn,CoPx_R,14,SS_vs_persistence,0.3195658207838252,1278654,fa85569c247e4428,True,location-k4-fold0-seed0,0
cnn,CoPx_R,14,SS_vs_seasonal,0.26106360628803105,1278654,fa85569c247e4428,True,location-k4-fold0-seed0,0
cnn,CoPx_R,14,SS_vs_ar,-0.38306168697504694,1278654,fa85569c247e4428,True,location-k4-fold0-seed0,0
cnn,CoPx_R,15,MSE,0.014888681694919869,1278654,fa85569c247e4428,True,location-k4-fold0-seed0,0
cnn,CoPx_R,15,MAE,0.04620468533939427,1278654,fa85569c247e4428,True,location-k4-fold0-seed0,0
cnn,CoPx_R,15,SS_vs_persistence,0.30680383657750177,1278654,fa85569c247e4428,True,location-k4-fold0-seed0,0
cnn,CoPx_R,15,SS_vs_seasonal,0.28051264876855575,1278654,fa85569c247e4428,True,location-k4-fold0-seed0,0
cnn,CoPx_R,15,SS_vs_ar,-0.3662408156037862,1278654,fa85569c247e4428,True,location-k4-fold0-seed0,0
cnn,CoPx_R,16,MSE,0.015071757707343888,1278654,fa85569c247e4428,True,location-k4-fold0-seed0,0
cnn,CoPx_R,16,MAE,0.04566776095836171,1278654,fa85569c247e4428,True,location-k4-fold0-seed0,0
cnn,CoPx_R,16,SS_vs_persistence,0.2984511015879787,1278654,fa85569c247e4428,True,location-k4-fold0-seed0,0
cnn,CoPx_R,16,SS_vs_seasonal,0.2766155461854608,1278654,fa85569c247e4428,True,location-k4-fold0-seed0,0
cnn,CoPx_R,16,SS_vs_ar,-0.3618601888177253,1278654,fa85569c247e4428,True,location-k4-fold0-seed0,0
cnn,CoPx_R,17,MSE,0.014930775524152505,1278654,fa85569c247e4428,True,location-k4-fold0-seed0,0
cnn,CoPx_R,17,MAE,0.04693631915557688,1278654,fa85569c247e4428,True,location-k4-fold0-seed0,0
cnn,CoPx_R,17,SS_vs_persistence,0.33290147815559645,1278654,fa85569c247e4428,True,location-k4-fold0-seed0,0
cnn,CoPx_R,17,SS_vs_seasonal,0.30311960098378,1278654,fa85569c247e4428,True,location-k4-fold0-seed0,0
cnn,CoPx_R,17,SS_vs_ar,-0.31903077997561136,1278654,fa85569c247e4428,True,location-k4-fold0-seed0,0
cnn,CoPx_R,18,MSE,0.01608111439231037,1278654,fa85569c247e4428,True,location-k4-fold0-seed0,0
cnn,CoPx_R,18,MAE,0.04810326756983158,1278654,fa85569c247e4428,True,location-k4-fold0-seed0,0
cnn,CoPx_R,18,SS_vs_persistence,0.28678312745144874,1278654,fa85569c247e4428,True,location-k4-fold0-seed0,0
cnn,CoPx_R,18,SS_vs_seasonal,0.25167233750906837,1278654,fa85569c247e4428,True,location-k4-fold0-seed0,0
cnn,CoPx_R,18,SS_vs_ar,-0.41712405351801984,1278654,fa85569c247e4428,True,location-k4-fold0-seed0,0
cnn,CoPx_R,19,MSE,0.014318851152682324,1278654,fa85569c247e4428,True,location-k4-fold0-seed0,0
cnn,CoPx_R,19,MAE,0.04644943483167389,1278654,fa85569c247e4428,True,location-k4-fold0-seed0,0
cnn,CoPx_R,19,SS_vs_persistence,0.3360844917871969,1278654,fa85569c247e4428,True,location-k4-fold0-seed0,0
cnn,CoPx_R,19,SS_vs_seasonal,0.3337625743781043,1278654,fa85569c247e4428,True,location-k4-fold0-seed0,0
cnn,CoPx_R,19,SS_vs_ar,-0.2608253542620489,1278654,fa85569c247e4428,True,location-k4-fold0-seed0,0
cnn,CoPx_R,20,MSE,0.014667943947524353,1278654,fa85569c247e4428,True,location-k4-fold0-seed0,0
cnn,CoPx_R,20,MAE,0.046313199193368335,1278654,fa85569c247e4428,True,location-k4-fold0-seed0,0
cnn,CoPx_R,20,SS_vs_persistence,0.3407811541007081,1278654,fa85569c247e4428,True,location-k4-fold0-seed0,0
cnn,CoPx_R,20,SS_vs_seasonal,0.330999999268323,1278654,fa85569c247e4428,True,location-k4-fold0-seed0,0
cnn,CoPx_R,20,SS_vs_ar,-0.28027307245792277,1278654,fa85569c247e4428,True,location-k4-fold0-seed0,0
cnn,CoPx_R,21,MSE,0.014272414983040832,1278654,fa85569c247e4428,True,location-k4-fold0-seed0,0
cnn,CoPx_R,21,MAE,0.046401983307992126,1278654,fa85569c247e4428,True,location-k4-fold0-seed0,0
cnn,CoPx_R,21,SS_vs_persistence,0.36624251872764124,1278654,fa85569c247e4428,True,location-k4-fold0-seed0,0
cnn,CoPx_R,21,SS_vs_seasonal,0.4011362316949434,1278654,fa85569c247e4428,True,location-k4-fold0-seed0,0
cnn,CoPx_R,21,SS_vs_ar,-0.24140528421091267,1278654,fa85569c247e4428,True,location-k4-fold0-seed0,0
cnn,CoPx_R,22,MSE,0.014520400064286282,1278654,fa85569c247e4428,True,location-k4-fold0-seed0,0
cnn,CoPx_R,22,MAE,0.04693517081794657,1278654,fa85569c247e4428,True,location-k4-fold0-seed0,0
cnn,CoPx_R,22,SS_vs_persistence,0.3914087907160114,1278654,fa85569c247e4428,True,location-k4-fold0-seed0,0
cnn,CoPx_R,22,SS_vs_seasonal,0.3934284919300681,1278654,fa85569c247e4428,True,location-k4-fold0-seed0,0
cnn,CoPx_R,22,SS_vs_ar,-0.2674184971173774,1278654,fa85569c247e4428,True,location-k4-fold0-seed0,0
cnn,CoPx_R,23,MSE,0.014709299628077818,1278654,fa85569c247e4428,True,location-k4-fold0-seed0,0
cnn,CoPx_R,23,MAE,0.04597515932978531,1278654,fa85569c247e4428,True,location-k4-fold0-seed0,0
cnn,CoPx_R,23,SS_vs_persistence,0.3609161298571465,1278654,fa85569c247e4428,True,location-k4-fold0-seed0,0
cnn,CoPx_R,23,SS_vs_seasonal,0.380147523973973,1278654,fa85569c247e4428,True,location-k4-fold0-seed0,0
cnn,CoPx_R,23,SS_vs_ar,-0.2925465081521419,1278654,fa85569c247e4428,True,location-k4-fold0-seed0,0
cnn,CoPx_R,24,MSE,0.014826287432955826,1278654,fa85569c247e4428,True,location-k4-fold0-seed0,0
cnn,CoPx_R,24,MAE,0.04649641376968043,1278654,fa85569c247e4428,True,location-k4-fold0-seed0,0
cnn,CoPx_R,24,SS_vs_persistence,0.37390256484899487,1278654,fa85569c247e4428,True,location-k4-fold0-seed0,0
cnn,CoPx_R,24,SS_vs_seasonal,0.37522219762687226,1278654,fa85569c247e4428,True,location-k4-fold0-seed0,0
cnn,CoPx_R,24,SS_vs_ar,-0.30023849684774784,1278654,fa85569c247e4428,True,location-k4-fold0-seed0,0
cnn,CoPx_R,25,MSE,0.01474956365773459,1278654,fa85569c247e4428,True,location-k4-fold0-seed0,0
cnn,CoPx_R,25,MAE,0.04751965675466673,1278654,fa85569c247e4428,True,location-k4-fold0-seed0,0
cnn,CoPx_R,25,SS_vs_persistence,0.35162425747441317,1278654,fa85569c247e4428,True,location-k4-fold0-seed0,0
cnn,CoPx_R,25,SS_vs_seasonal,0.3819432041945451,1278654,fa85569c247e4428,True,location-k4-fold0-seed0,0
cnn,CoPx_R,25,SS_vs_ar,-0.2948904500944214,1278654,fa85569c247e4428,True,location-k4-fold0-seed0,0
cnn,CoPx_R,26,MSE,0.014717978390411505,1278654,fa85569c247e4428,True,location-k4-fold0-seed0,0
cnn,CoPx_R,26,MAE,0.04828833759964821,1278654,fa85569c247e4428,True,location-k4-fold0-seed0,0
cnn,CoPx_R,26,SS_vs_persistence,0.35925224721269544,1278654,fa85569c247e4428,True,location-k4-fold0-seed0,0
cnn,CoPx_R,26,SS_vs_seasonal,0.38106567471415254,1278654,fa85569c247e4428,True,location-k4-fold0-seed0,0
cnn,CoPx_R,26,SS_vs_ar,-0.2960580428972086,1278654,fa85569c247e4428,True,location-k4-fold0-seed0,0
cnn,CoPx_R,27,MSE,0.014053952749628479,1278654,fa85569c247e4428,True,location-k4-fold0-seed0,0
cnn,CoPx_R,27,MAE,0.0463237079115688,1278654,fa85569c247e4428,True,location-k4-fold0-seed0,0
cnn,CoPx_R,27,SS_vs_persistence,0.4176375292674841,1278654,fa85569c247e4428,True,location-k4-fold0-seed0,0
cnn,CoPx_R,27,SS_vs_seasonal,0.4202748669334886,1278654,fa85569c247e4428,True,location-k4-fold0-seed0,0
cnn,CoPx_R,27,SS_vs_ar,-0.22669477569498708,1278654,fa85569c247e4428,True,location-k4-fold0-seed0,0
cnn,CoPx_R,28,MSE,0.014450581114031144,1278654,fa85569c247e4428,True,location-k4-fold0-seed0,0
cnn,CoPx_R,28,MAE,0.04719452970294616,1278654,fa85569c247e4428,True,location-k4-fold0-seed0,0
cnn,CoPx_R,28,SS_vs_persistence,0.35445518659526243,1278654,fa85569c247e4428,True,location-k4-fold0-seed0,0
cnn,CoPx_R,28,SS_vs_seasonal,0.4040909412163157,1278654,fa85569c247e4428,True,location-k4-fold0-seed0,0
cnn,CoPx_R,28,SS_vs_ar,-0.2635411590582035,1278654,fa85569c247e4428,True,location-k4-fold0-seed0,0
cnn,CoPx_R,29,MSE,0.014150076985570937,1278654,fa85569c247e4428,True,location-k4-fold0-seed0,0
cnn,CoPx_R,29,MAE,0.04644112913248145,1278654,fa85569c247e4428,True,location-k4-fold0-seed0,0
cnn,CoPx_R,29,SS_vs_persistence,0.3942764433269854,1278654,fa85569c247e4428,True,location-k4-fold0-seed0,0
cnn,CoPx_R,29,SS_vs_seasonal,0.4102566041059562,1278654,fa85569c247e4428,True,location-k4-fold0-seed0,0
cnn,CoPx_R,29,SS_vs_ar,-0.22812031475094696,1278654,fa85569c247e4428,True,location-k4-fold0-seed0,0
cnn,CoPx_R,30,MSE,0.01486377643046855,1278654,fa85569c247e4428,True,location-k4-fold0-seed0,0
cnn,CoPx_R,30,MAE,0.046915719297314626,1278654,fa85569c247e4428,True,location-k4-fold0-seed0,0
cnn,CoPx_R,30,SS_vs_persistence,0.38429821256001007,1278654,fa85569c247e4428,True,location-k4-fold0-seed0,0
cnn,CoPx_R,30,SS_vs_seasonal,0.37842529550683235,1278654,fa85569c247e4428,True,location-k4-fold0-seed0,0
cnn,CoPx_R,30,SS_vs_ar,-0.2901033206005603,1278654,fa85569c247e4428,True,location-k4-fold0-seed0,0
cnn,CoPx_R,all,MSE,0.014372141303616009,1278654,fa85569c247e4428,True,location-k4-fold0-seed0,0
cnn,CoPx_R,all,MAE,0.045058792498837784,1278654,fa85569c247e4428,True,location-k4-fold0-seed0,0
cnn,CoPx_R,all,SS_vs_persistence,0.34683463736143605,1278654,fa85569c247e4428,True,location-k4-fold0-seed0,0
cnn,CoPx_R,all,SS_vs_seasonal,0.3392241409105342,1278654,fa85569c247e4428,True,location-k4-fold0-seed0,0
cnn,CoPx_R,all,SS_vs_ar,-0.2872915013427233,1278654,fa85569c247e4428,True,location-k4-fold0-seed0,0
cnn,CoPy_R,1,MSE,0.008005910443548769,1278654,fa85569c247e4428,True,location-k4-fold0-seed0,0
cnn,CoPy_R,1,MAE,0.046772161938850226,1278654,fa85569c247e4428,True,location-k4-fold0-seed0,0
cnn,CoPy_R,1,SS_vs_persistence,0.35606892422854763,1278654,fa85569c247e4428,True,location-k4-fold0-seed0,0
cnn,CoPy_R,1,SS_vs_seasonal,0.4358936235421862,1278654,fa85569c247e4428,True,location-k4-fold0-seed0,0
cnn,CoPy_R,1,SS_vs_ar,0.004809801355153631,1278654,fa85569c247e4428,True,location-k4-fold0-seed0,0
cnn,CoPy_R,2,MSE,0.008083862842147639,1278654,fa85569c247e4428,True,location-k4-fold0-seed0,0
cnn,CoPy_R,2,MAE,0.04781726786202548,1278654,fa85569c247e4428,True,location-k4-fold0-seed0,0
cnn,CoPy_R,2,SS_vs_persistence,0.4100247546862382,1278654,fa85569c247e4428,True,location-k4-fold0-seed0,0
cnn,CoPy_R,2,SS_vs_seasonal,0.44183557643934834,1278654,fa85569c247e4428,True,location-k4-fold0-seed0,0
cnn,CoPy_R,2,SS_vs_ar,0.024359367164492274,1278654,fa85569c247e4428,True,location-k4-fold0-seed0,0
cnn,CoPy_R,3,MSE,0.008186275470720815,1278654,fa85569c247e4428,True,location-k4-fold0-seed0,0
cnn,CoPy_R,3,MAE,0.048576695963730064,1278654,fa85569c247e4428,True,location-k4-fold0-seed0,0
cnn,CoPy_R,3,SS_vs_persistence,0.4131716698307776,1278654,fa85569c247e4428,True,location-k4-fold0-seed0,0
cnn,CoPy_R,3,SS_vs_seasonal,0.4273319614099492,1278654,fa85569c247e4428,True,location-k4-fold0-seed0,0
cnn,CoPy_R,3,SS_vs_ar,0.015490277489275117,1278654,fa85569c247e4428,True,location-k4-fold0-seed0,0
cnn,CoPy_R,4,MSE,0.008225895041158145,1278654,fa85569c247e4428,True,location-k4-fold0-seed0,0
cnn,CoPy_R,4,MAE,0.04921137301254736,1278654,fa85569c247e4428,True,location-k4-fold0-seed0,0
cnn,CoPy_R,4,SS_vs_persistence,0.41455314265765475,1278654,fa85569c247e4428,True,location-k4-fold0-seed0,0
cnn,CoPy_R,4,SS_vs_seasonal,0.42500089330860624,1278654,fa85569c247e4428,True,location-k4-fold0-seed0,0
cnn,CoPy_R,4,SS_vs_ar,0.011802433040178473,1278654,fa85569c247e4428,True,location-k4-fold0-seed0,0
cnn,CoPy_R,5,MSE,0.008205884302982623,1278654,fa85569c247e4428,True,location-k4-fold0-seed0,0
cnn,CoPy_R,5,MAE,0.048873862474151875,1278654,fa85569c247e4428,True,location-k4-fold0-seed0,0
cnn,CoPy_R,5,SS_vs_persistence,0.40028126850521173,1278654,fa85569c247e4428,True,location-k4-fold0-seed0,0
cnn,CoPy_R,5,SS_vs_seasonal,0.4261510395254966,1278654,fa85569c247e4428,True,location-k4-fold0-seed0,0
cnn,CoPy_R,5,SS_vs_ar,0.012774113347530647,1278654,fa85569c247e4428,True,location-k4-fold0-seed0,0
cnn,CoPy_R,6,MSE,0.00827735892641024,1278654,fa85569c247e4428,True,location-k4-fold0-seed0,0
cnn,CoPy_R,6,MAE,0.04900732881708358,1278654,fa85569c247e4428,True,location-k4-fold0-seed0,0
cnn,CoPy_R,6,SS_vs_persistence,0.4070077342767163,1278654,fa85569c247e4428,True,location-k4-fold0-seed0,0
cnn,CoPy_R,6,SS_vs_seasonal,0.4195765252535878,1278654,fa85569c247e4428,True,location-k4-fold0-seed0,0
cnn,CoPy_R,6,SS_vs_ar,0.009347132684201065,1278654,fa85569c247e4428,True,location-k4-fold0-seed0,0
cnn,CoPy_R,7,MSE,0.008254126039821747,1278654,fa85569c247e4428,True,location-k4-fold0-seed0,0
cnn,CoPy_R,7,MAE,0.049284356899277335,1278654,fa85569c247e4428,True,location-k4-fold0-seed0,0
cnn,CoPy_R,7,SS_vs_persistence,0.4085295836219969,1278654,fa85569c247e4428,True,location-k4-fold0-seed0,0
cnn,CoPy_R,7,SS_vs_seasonal,0.417062365964615,1278654,fa85569c247e4428,True,location-k4-fold0-seed0,0
cnn,CoPy_R,7,SS_vs_ar,0.015901811666331755,1278654,fa85569c247e4428,True,location-k4-fold0-seed0,0
cnn,CoPy_R,8,MSE,0.008431239697294026,1278654,fa85569c247e4428,True,location-k4-fold0-seed0,0
cnn,CoPy_R,8,MAE,0.049252707743374195,1278654,fa85569c247e4428,True,location-k4-fold0-seed0,0
cnn,CoPy_R,8,SS_vs_persistence,0.41036565077685794,1278654,fa85569c247e4428,True,location-k4-fold0-seed0,0
cnn,CoPy_R,8,SS_vs_seasonal,0.4067569678642745,1278654,fa85569c247e4428,True,location-k4-fold0-seed0,0
cnn,CoPy_R,8,SS_vs_ar,-0.006278461300742499,1278654,fa85569c247e4428,True,location-k4-fold0-seed0,0
cnn,CoPy_R,9,MSE,0.008467246748194183,1278654,fa85569c247e4428,True,location-k4-fold0-seed0,0
cnn,CoPy_R,9,MAE,0.049581532475212665,1278654,fa85569c247e4428,True,location-k4-fold0-seed0,0
cnn,CoPy_R,9,SS_vs_persistence,0.4044676010325735,1278654,fa85569c247e4428,True,location-k4-fold0-seed0,0
cnn,CoPy_R,9,SS_vs_seasonal,0.40959109891927115,1278654,fa85569c247e4428,True,location-k4-fold0-seed0,0
cnn,CoPy_R,9,SS_vs_ar,-0.006815323830474895,1278654,fa85569c247e4428,True,location-k4-fold0-seed0,0
cnn,CoPy_R,10,MSE,0.008518855098729875,1278654,fa85569c247e4428,True,location-k4-fold0-seed0,0
cnn,CoPy_R,10,MAE,0.049932342291806084,1278654,fa85569c247e4428,True,location-k4-fold0-seed0,0
cnn,CoPy_R,10,SS_vs_persistence,0.3974653391797328,1278654,fa85569c247e4428,True,location-k4-fold0-seed0,0
cnn,CoPy_R,10,SS_vs_seasonal,0.40376660050006874,1278654,fa85569c247e4428,True,location-k4-fold0-seed0,0
cnn,CoPy_R,10,SS_vs_ar,-0.009103916684792157,1278654,fa85569c247e4428,True,location-k4-fold0-seed0,0
cnn,CoPy_R,11,MSE,0.008655889972745816,1278654,fa85569c247e4428,True,location-k4-fold0-seed0,0
cnn,CoPy_R,11,MAE,0.05022370007160923,1278654,fa85569c247e4428,True,location-k4-fold0-seed0,0
cnn,CoPy_R,11,SS_vs_persistence,0.42121161614815794,1278654,fa85569c247e4428,True,location-k4-fold0-seed0,0
cnn,CoPy_R,11,SS_vs_seasonal,0.397939475556786,1278654,fa85569c247e4428,True,location-k4-fold0-seed0,0
cnn,CoPy_R,11,SS_vs_ar,-0.018189767549490643,1278654,fa85569c247e4428,True,location-k4-fold0-seed0,0
cnn,CoPy_R,12,MSE,0.008379294315434839,1278654,fa85569c247e4428,True,location-k4-fold0-seed0,0
cnn,CoPy_R,12,MAE,0.04996203337221406,1278654,fa85569c247e4428,True,location-k4-fold0-seed0,0
cnn,CoPy_R,12,SS_vs_persistence,0.3949829140755873,1278654,fa85569c247e4428,True,location-k4-fold0-seed0,0
cnn,CoPy_R,12,SS_vs_seasonal,0.40550444588539514,1278654,fa85569c247e4428,True,location-k4-fold0-seed0,0
cnn,CoPy_R,12,SS_vs_ar,0.011326052649901053,1278654,fa85569c247e4428,True,location-k4-fold0-seed0,0
cnn,CoPy_R,13,MSE,0.008405610044857618,1278654,fa85569c247e4428,True,location-k4-fold0-seed0,0
cnn,CoPy_R,13,MAE,0.05017235437851613,1278654,fa85569c247e4428,True,location-k4-fold0-seed0,0
cnn,CoPy_R,13,SS_vs_persistence,0.41046539142873983,1278654,fa85569c247e4428,True,location-k4-fold0-seed0,0
cnn,CoPy_R,13,SS_vs_seasonal,0.40973677724654467,1278654,fa85569c247e4428,True,location-k4-fold0-seed0,0
cnn,CoPy_R,13,SS_vs_ar,0.015601328039924423,1278654,fa85569c247e4428,True,location-k4-fold0-seed0,0
cnn,CoPy_R,14,MSE,0.008601327345112205,1278654,fa85569c247e4428,True,location-k4-fold0-seed0,0
cnn,CoPy_R,14,MAE,0.05028448352117247,1278654,fa85569c247e4428,True,location-k4-fold0-seed0,0
cnn,CoPy_R,14,SS_vs_persistence,0.40380360737852883,1278654,fa85569c247e4428,True,location-k4-fold0-seed0,0
cnn,CoPy_R,14,SS_vs_seasonal,0.3924573592685441,1278654,fa85569c247e4428,True,location-k4-fold0-seed0,0
cnn,CoPy_R,14,SS_vs_ar,-0.005704506342638416,1278654,fa85569c247e4428,True,location-k4-fold0-seed0,0
cnn,CoPy_R,15,MSE,0.008745597907244117,1278654,fa85569c247e4428,True,location-k4-fold0-seed0,0
cnn,CoPy_R,15,MAE,0.05122083436728321,1278654,fa85569c247e4428,True,location-k4-fold0-seed0,0
cnn,CoPy_R,15,SS_vs_persistence,0.3833540893637881,1278654,fa85569c247e4428,True,location-k4-fold0-seed0,0
cnn,CoPy_R,15,SS_vs_seasonal,0.3819849027433654,1278654,fa85569c247e4428,True,location-k4-fold0-seed0,0
cnn,CoPy_R,15,SS_vs_ar,-0.01880094278541078,1278654,fa85569c247e4428,True,location-k4-fold0-seed0,0
cnn,CoPy_R,16,MSE,0.008644724846214867,1278654,fa85569c247e4428,True,location-k4-fold0-seed0,0
cnn,CoPy_R,16,MAE,0.051305045280070675,1278654,fa85569c247e4428,True,location-k4-fold0-seed0,0
cnn,CoPy_R,16,SS_vs_persistence,0.40426159232551917,1278654,fa85569c247e4428,True,location-k4-fold0-seed0,0
cnn,CoPy_R,16,SS_vs_seasonal,0.3971971182116273,1278654,fa85569c247e4428,True,location-k4-fold0-seed0,0
cnn,CoPy_R,16,SS_vs_ar,0.0020175311375613125,1278654,fa85569c247e4428,True,location-k4-fold0-seed0,0
cnn,CoPy_R,17,MSE,0.00846193462494331,1278654,fa85569c247e4428,True,location-k4-fold0-seed0,0
cnn,CoPy_R,17,MAE,0.05063518273099777,1278654,fa85569c247e4428,True,location-k4-fold0-seed0,0
cnn,CoPy_R,17,SS_vs_persistence,0.405194051425813,1278654,fa85569c247e4428,True,location-k4-fold0-seed0,0
cnn,CoPy_R,17,SS_vs_seasonal,0.40904732235693153,1278654,fa85569c247e4428,True,location-k4-fold0-seed0,0
cnn,CoPy_R,17,SS_vs_ar,0.030003091223065326,1278654,fa85569c247e4428,True,location-k4-fold0-seed0,0
cnn,CoPy_R,18,MSE,0.00860321834953388,1278654,fa85569c247e4428,True,location-k4-fold0-seed0,0
cnn,CoPy_R,18,MAE,0.05046539358438879,1278654,fa85569c247e4428,True,location-k4-fold0-seed0,0
cnn,CoPy_R,18,SS_vs_persistence,0.41207926973055176,1278654,fa85569c247e4428,True,location-k4-fold0-seed0,0
cnn,CoPy_R,18,SS_vs_seasonal,0.3992486430488936,1278654,fa85569c247e4428,True,location-k4-fold0-seed0,0
cnn,CoPy_R,18,SS_vs_ar,0.01805220840200783,1278654,fa85569c247e4428,True,location-k4-fold0-seed0,0
cnn,CoPy_R,19,MSE,0.008900538722465953,1278654,fa85569c247e4428,True,location-k4-fold0-seed0,0
cnn,CoPy_R,19,MAE,0.0507959416093771,1278654,fa85569c247e4428,True,location-k4-fold0-seed0,0
cnn,CoPy_R,19,SS_vs_persistence,0.39874182582059925,1278654,fa85569c247e4428,True,location-k4-fold0-seed0,0
cnn,CoPy_R,19,SS_vs_seasonal,0.3891239313462377,1278654,fa85569c247e4428,True,location-k4-fold0-seed0,0
cnn,CoPy_R,19,SS_vs_ar,-0.007609566678711044,1278654,fa85569c247e4428,True,location-k4-fold0-seed0,0
cnn,CoPy_R,20,MSE,0.008950392436720453,1278654,fa85569c247e4428,True,location-k4-fold0-seed0,0
cnn,CoPy_R,20,MAE,0.0509618306407758,1278654,fa85569c247e4428,True,location-k4-fold0-seed0,0
cnn,CoPy_R,20,SS_vs_persistence,0.38536010304376445,1278654,fa85569c247e4428,True,location-k4-fold0-seed0,0
cnn,CoPy_R,20,SS_vs_seasonal,0.3850804030831748,1278654,fa85569c247e4428,True,location-k4-fold0-seed0,0
cnn,CoPy_R,20,SS_vs_ar,-0.012778781523606897,1278654,fa85569c247e4428,True,location-k4-fold0-seed0,0
cnn,CoPy_R,21,MSE,0.00885298959094748,1278654,fa85569c247e4428,True,location-k4-fold0-seed0,0
cnn,CoPy_R,21,MAE,0.05168944655151044,1278654,fa85569c247e4428,True,location-k4-fold0-seed0,0
cnn,CoPy_R,21,SS_vs_persistence,0.4197199013110108,1278654,fa85569c247e4428,True,location-k4-fold0-seed0,0
cnn,CoPy_R,21,SS_vs_seasonal,0.4377362955515802,1278654,fa85569c247e4428,True,location-k4-fold0-seed0,0
cnn,CoPy_R,21,SS_vs_ar,-0.00020183775626025913,1278654,fa85569c247e4428,True,location-k4-fold0-seed0,0
cnn,CoPy_R,22,MSE,0.008859573922930967,1278654,fa85569c247e4428,True,location-k4-fold0-seed0,0
cnn,CoPy_R,22,MAE,0.051403397931603374,1278654,fa85569c247e4428,True,location-k4-fold0-seed0,0
cnn,CoPy_R,22,SS_vs_persistence,0.4213589840456179,1278654,fa85569c247e4428,True,location-k4-fold0-seed0,0
cnn,CoPy_R,22,SS_vs_seasonal,0.4283884786724289,1278654,fa85569c247e4428,True,location-k4-fold0-seed0,0
cnn,CoPy_R,22,SS_vs_ar,-0.002962666690043303,1278654,fa85569c247e4428,True,location-k4-fold0-seed0,0
cnn,CoPy_R,23,MSE,0.009088052499613813,1278654,fa85569c247e4428,True,location-k4-fold0-seed0,0
cnn,CoPy_R,23,MAE,0.05206048696712691,1278654,fa85569c247e4428,True,location-k4-fold0-seed0,0
cnn,CoPy_R,23,SS_vs_persistence,0.41400166726663845,1278654,fa85569c247e4428,True,location-k4-fold0-seed0,0
cnn,CoPy_R,23,SS_vs_seasonal,0.4174257257116868,1278654,fa85569c247e4428,True,location-k4-fold0-seed0,0
cnn,CoPy_R,23,SS_vs_ar,-0.03318046677603159,1278654,fa85569c247e4428,True,location-k4-fold0-seed0,0
cnn,CoPy_R,24,MSE,0.008834434237914315,1278654,fa85569c247e4428,True,location-k4-fold0-seed0,0
cnn,CoPy_R,24,MAE,0.051230663096574,1278654,fa85569c247e4428,True,location-k4-fold0-seed0,0
cnn,CoPy_R,24,SS_vs_persistence,0.4189313627937765,1278654,fa85569c247e4428,True,location-k4-fold0-seed0,0
cnn,CoPy_R,24,SS_vs_seasonal,0.4389010526347483,1278654,fa85569c247e4428,True,location-k4-fold0-seed0,0
cnn,CoPy_R,24,SS_vs_ar,-0.0072785301409239445,1278654,fa85569c247e4428,True,location-k4-fold0-seed0,0
cnn,CoPy_R,25,MSE,0.009003375531917528,1278654,fa85569c247e4428,True,location-k4-fold0-seed0,0
cnn,CoPy_R,25,MAE,0.05110511608774262,1278654,fa85569c247e4428,True,location-k4-fold0-seed0,0
cnn,CoPy_R,25,SS_vs_persistence,0.3995737263716337,1278654,fa85569c247e4428,True,location-k4-fold0-seed0,0
cnn,CoPy_R,25,SS_vs_seasonal,0.41749246931480377,1278654,fa85569c247e4428,True,location-k4-fold0-seed0,0
cnn,CoPy_R,25,SS_vs_ar,-0.023985620437694477,1278654,fa85569c247e4428,True,location-k4-fold0-seed0,0
cnn,CoPy_R,26,MSE,0.0086150557610106,1278654,fa85569c247e4428,True,location-k4-fold0-seed0,0
cnn,CoPy_R,26,MAE,0.050798145188102904,1278654,fa85569c247e4428,True,location-k4-fold0-seed0,0
cnn,CoPy_R,26,SS_vs_persistence,0.4156025404654963,1278654,fa85569c247e4428,True,location-k4-fold0-seed0,0
cnn,CoPy_R,26,SS_vs_seasonal,0.4351399779291092,1278654,fa85569c247e4428,True,location-k4-fold0-seed0,0
cnn,CoPy_R,26,SS_vs_ar,0.01825670363023002,1278654,fa85569c247e4428,True,location-k4-fold0-seed0,0
cnn,CoPy_R,27,MSE,0.008829310813998795,1278654,fa85569c247e4428,True,location-k4-fold0-seed0,0
cnn,CoPy_R,27,MAE,0.05117111732145164,1278654,fa85569c247e4428,True,location-k4-fold0-seed0,0
cnn,CoPy_R,27,SS_vs_persistence,0.42377376867764116,1278654,fa85569c247e4428,True,location-k4-fold0-seed0,0
cnn,CoPy_R,27,SS_vs_seasonal,0.42487169987506235,1278654,fa85569c247e4428,True,location-k4-fold0-seed0,0
cnn,CoPy_R,27,SS_vs_ar,-0.005364912260915178,1278654,fa85569c247e4428,True,location-k4-fold0-seed0,0
cnn,CoPy_R,28,MSE,0.00900163329515303,1278654,fa85569c247e4428,True,location-k4-fold0-seed0,0
cnn,CoPy_R,28,MAE,0.05129007468595393,1278654,fa85569c247e4428,True,location-k4-fold0-seed0,0
cnn,CoPy_R,28,SS_vs_persistence,0.42470785429176516,1278654,fa85569c247e4428,True,location-k4-fold0-seed0,0
cnn,CoPy_R,28,SS_vs_seasonal,0.4212602801953076,1278654,fa85569c247e4428,True,location-k4-fold0-seed0,0
cnn,CoPy_R,28,SS_vs_ar,-0.0287471396709289,1278654,fa85569c247e4428,True,location-k4-fold0-seed0,0
cnn,CoPy_R,29,MSE,0.008978716955382044,1278654,fa85569c247e4428,True,location-k4-fold0-seed0,0
cnn,CoPy_R,29,MAE,0.05139289019458945,1278654,fa85569c247e4428,True,location-k4-fold0-seed0,0
cnn,CoPy_R,29,SS_vs_persistence,0.43476559313618834,1278654,fa85569c247e4428,True,location-k4-fold0-seed0,0
cnn,CoPy_R,29,SS_vs_seasonal,0.42360473998503023,1278654,fa85569c247e4428,True,location-k4-fold0-seed0,0
cnn,CoPy_R,29,SS_vs_ar,-0.028502453941907646,1278654,fa85569c247e4428,True,location-k4-fold0-seed0,0
cnn,CoPy_R,30,MSE,0.009078454019253888,1278654,fa85569c247e4428,True,location-k4-fold0-seed0,0
cnn,CoPy_R,30,MAE,0.051805790947582024,1278654,fa85569c247e4428,True,location-k4-fold0-seed0,0
cnn,CoPy_R,30,SS_vs_persistence,0.41900746598202165,1278654,fa85569c247e4428,True,location-k4-fold0-seed0,0
cnn,CoPy_R,30,SS_vs_seasonal,0.4125479235321601,1278654,fa85569c247e4428,True,location-k4-fold0-seed0,0
cnn,CoPy_R,30,SS_vs_ar,-0.03460972681239327,1278654,fa85569c247e4428,True,location-k4-fold0-seed0,0
cnn,CoPy_R,all,MSE,0.008604979643977656,1278654,fa85569c247e4428,True,location-k4-fold0-seed0,0
cnn,CoPy_R,all,MAE,0.0502764736243451,1278654,fa85569c247e4428,True,location-k4-fold0-seed0,0
cnn,CoPy_R,all,SS_vs_persistence,0.40831933209343163,1278654,fa85569c247e4428,True,location-k4-fold0-seed0,0
cnn,CoPy_R,all,SS_vs_seasonal,0.41489667564422505,1278654,fa85569c247e4428,True,location-k4-fold0-seed0,0
cnn,CoPy_R,all,SS_vs_ar,-0.002196961042347345,1278654,fa85569c247e4428,True,location-k4-fold0-seed0,0
persistence,F_R,1,MSE,92217.13336272474,1297860,f4d62ad7513e0a9d,True,location-k4-fold1-seed0,1
persistence,F_R,1,MAE,149.75105716017015,1297860,f4d62ad7513e0a9d,True,location-k4-fold1-seed0,1
persistence,F_R,1,SS_vs_persistence,0.0,1297860,f4d62ad7513e0a9d,True,location-k4-fold1-seed0,1
persistence,F_R,1,SS_vs_seasonal,0.16258639412482145,1297860,f4d62ad7513e0a9d,True,location-k4-fold1-seed0,1
persistence,F_R,1,SS_vs_ar,-0.5370343669418602,1297860,f4d62ad7513e0a9d,True,location-k4-fold1-seed0,1
persistence,F_R,2,MSE,105516.8534650091,1297860,f4d62ad7513e0a9d,True,location-k4-fold1-seed0,1
persistence,F_R,2,MAE,166.55326995842555,1297860,f4d62ad7513e0a9d,True,location-k4-fold1-seed0,1
persistence,F_R,2,SS_vs_persistence,0.0,1297860,f4d62ad7513e0a9d,True,location-k4-fold1-seed0,1
persistence,F_R,2,SS_vs_seasonal,0.054488388913535024,1297860,f4d62ad7513e0a9d,True,location-k4-fold1-seed0,1
persistence,F_R,2,SS_vs_ar,-0.6396676108447905,1297860,f4d62ad7513e0a9d,True,location-k4-fold1-seed0,1
persistence,F_R,3,MSE,105991.64423552714,1297860,f4d62ad7513e0a9d,True,location-k4-fold1-seed0,1
persistence,F_R,3,MAE,167.45568559847737,1297860,f4d62ad7513e0a9d,True,location-k4-fold1-seed0,1
persistence,F_R,3,SS_vs_persistence,0.0,1297860,f4d62ad7513e0a9d,True,location-k4-fold1-seed0,1
persistence,F_R,3,SS_vs_seasonal,0.04696919084307405,1297860,f4d62ad7513e0a9d,True,location-k4-fold1-seed0,1
persistence,F_R,3,SS_vs_ar,-0.6247302275537785,1297860,f4d62ad7513e0a9d,True,location-k4-fold1-seed0,1
persistence,F_R,4,MSE,108238.19505515973,1297860,f4d62ad7513e0a9d,True,location-k4-fold1-seed0,1
persistence,F_R,4,MAE,172.8588146989022,1297860,f4d62ad7513e0a9d,True,location-k4-fold1-seed0,1
persistence,F_R,4,SS_vs_persistence,0.0,1297860,f4d62ad7513e0a9d,True,location-k4-fold1-seed0,1
persistence,F_R,4,SS_vs_seasonal,0.027395937134897075,1297860,f4d62ad7513e0a9d,True,location-k4-fold1-seed0,1
persistence,F_R,4,SS_vs_ar,-0.6345204570805865,1297860,f4d62ad7513e0a9d,True,location-k4-fold1-seed0,1
persistence,F_R,5,MSE,111325.38649286098,1297860,f4d62ad7513e0a9d,True,location-k4-fold1-seed0,1
persistence,F_R,5,MAE,177.2775803229541,1297860,f4d62ad7513e0a9d,True,location-k4-fold1-seed0,1
persistence,F_R,5,SS_vs_persistence,0.0,1297860,f4d62ad7513e0a9d,True,location-k4-fold1-seed0,1
persistence,F_R,5,SS_vs_seasonal,0.00014336716777041403,1297860,f4d62ad7513e0a9d,True,location-k4-fold1-seed0,1
persistence,F_R,5,SS_vs_ar,-0.6581919818215092,1297860,f4d62ad7513e0a9d,True,location-k4-fold1-seed0,1
persistence,F_R,6,MSE,108257.20365254639,1297860,f4d62ad7513e0a9d,True,location-k4-fold1-seed0,1
persistence,F_R,6,MAE,173.9621968936184,1297860,f4d62ad7513e0a9d,True,location-k4-fold1-seed0,1
persistence,F_R,6,SS_vs_persistence,0.0,1297860,f4d62ad7513e0a9d,True,location-k4-fold1-seed0,1
persistence,F_R,6,SS_vs_seasonal,0.01992460523490036,1297860,f4d62ad7513e0a9d,True,location-k4-fold1-seed0,1
persistence,F_R,6,SS_vs_ar,-0.6151434711591062,1297860,f4d62ad7513e0a9d,True,location-k4-fold1-seed0,1
persistence,F_R,7,MSE,109732.0976208797,1297860,f4d62ad7513e0a9d,True,location-k4-fold1-seed0,1
persistence,F_R,7,MAE,176.305206356672,1297860,f4d62ad7513e0a9d,True,location-k4-fold1-seed0,1
persistence,F_R,7,SS_vs_persistence,0.0,1297860,f4d62ad7513e0a9d,True,location-k4-fold1-seed0,1
persistence,F_R,7,SS_vs_seasonal,-0.0015668472486074503,1297860,f4d62ad7513e0a9d,True,location-k4-fold1-seed0,1
persistence,F_R,7,SS_vs_ar,-0.6362547353403634,1297860,f4d62ad7513e0a9d,True,location-k4-fold1-seed0,1
persistence,F_R,8,MSE,110685.52279937445,1297860,f4d62ad7513e0a9d,True,location-k4-fold1-seed0,1
persistence,F_R,8,MAE,175.5634733176001,1297860,f4d62ad7513e0a9d,True,location-k4-fold1-seed0,1
persistence,F_R,8,SS_vs_persistence,0.0,1297860,f4d62ad7513e0a9d,True,location-k4-fold1-seed0,1
persistence,F_R,8,SS_vs_seasonal,-0.00984768727638441,1297860,f4d62ad7513e0a9d,True,location-k4-fold1-seed0,1
persistence,F_R,8,SS_vs_ar,-0.6354185060754123,1297860,f4d62ad7513e0a9d,True,location-k4-fold1-seed0,1
persistence,F_R,9,MSE,107237.85334132871,1297860,f4d62ad7513e0a9d,True,location-k4-fold1-seed0,1
persistence,F_R,9,MAE,172.02982069777966,1297860,f4d62ad7513e0a9d,True,location-k4-fold1-seed0,1
persistence,F_R,9,SS_vs_persistence,0.0,1297860,f4d62ad7513e0a9d,True,location-k4-fold1-seed0,1
persistence,F_R,9,SS_vs_seasonal,0.0002760666637892095,1297860,f4d62ad7513e0a9d,True,location-k4-fold1-seed0,1
persistence,F_R,9,SS_vs_ar,-0.5778988224392931,1297860,f4d62ad7513e0a9d,True,location-k4-fold1-seed0,1
persistence,F_R,10,MSE,107283.86308651578,1297860,f4d62ad7513e0a9d,True,location-k4-fold1-seed0,1
persistence,F_R,10,MAE,171.45052612299045,1297860,f4d62ad7513e0a9d,True,location-k4-fold1-seed0,1
persistence,F_R,10,SS_vs_persistence,0.0,1297860,f4d62ad7513e0a9d,True,location-k4-fold1-seed0,1
persistence,F_R,10,SS_vs_seasonal,0.09109591533404904,1297860,f4d62ad7513e0a9d,True,location-k4-fold1-seed0,1
persistence,F_R,10,SS_vs_ar,-0.5573875497750287,1297860,f4d62ad7513e0a9d,True,location-k4-fold1-seed0,1
persistence,F_R,11,MSE,111598.3754394633,1297860,f4d62ad7513e0a9d,True,location-k4-fold1-seed0,1
persistence,F_R,11,MAE,173.20228616798158,1297860,f4d62ad7513e0a9d,True,location-k4-fold1-seed0,1
persistence,F_R,11,SS_vs_persistence,0.0,1297860,f4d62ad7513e0a9d,True,location-k4-fold1-seed0,1
persistence,F_R,11,SS_vs_seasonal,0.0575588851066714,1297860,f4d62ad7513e0a9d,True,location-k4-fold1-seed0,1
persistence,F_R,11,SS_vs_ar,-0.5866424045289795,1297860,f4d62ad7513e0a9d,True,location-k4-fold1-seed0,1
persistence,F_R,12,MSE,112990.993651356,1297860,f4d62ad7513e0a9d,True,location-k4-fold1-seed0,1
persistence,F_R,12,MAE,177.01223486402617,1297860,f4d62ad7513e0a9d,True,location-k4-fold1-seed0,1
persistence,F_R,12,SS_vs_persistence,0.0,1297860,f4d62ad7513e0a9d,True,location-k4-fold1-seed0,1
persistence,F_R,12,SS_vs_seasonal,0.04509917574780287,1297860,f4d62ad7513e0a9d,True,location-k4-fold1-seed0,1
persistence,F_R,12,SS_vs_ar,-0.5874469926591244,1297860,f4d62ad7513e0a9d,True,location-k4-fold1-seed0,1
persistence,F_R,13,MSE,113173.09221806328,1297860,f4d62ad7513e0a9d,True,location-k4-fold1-seed0,1
persistence,F_R,13,MAE,178.1454103582803,1297860,f4d62ad7513e0a9d,True,location-k4-fold1-seed0,1
persistence,F_R,13,SS_vs_persistence,0.0,1297860,f4d62ad7513e0a9d,True,location-k4-fold1-seed0,1
persistence,F_R,13,SS_vs_seasonal,0.04583629057635907,1297860,f4d62ad7513e0a9d,True,location-k4-fold1-seed0,1
persistence,F_R,13,SS_vs_ar,-0.5746521893402294,1297860,f4d62ad7513e0a9d,True,location-k4-fold1-seed0,1
persistence,F_R,14,MSE,114053.2120439595,1297860,f4d62ad7513e0a9d,True,location-k4-fold1-seed0,1
persistence,F_R,14,MAE,179.526571531544,1297860,f4d62ad7513e0a9d,True,location-k4-fold1-seed0,1
persistence,F_R,14,SS_vs_persistence,0.0,1297860,f4d62ad7513e0a9d,True,location-k4-fold1-seed0,1
persistence,F_R,14,SS_vs_seasonal,0.037692457905790455,1297860,f4d62ad7513e0a9d,True,location-k4-fold1-seed0,1
persistence,F_R,14,SS_vs_ar,-0.5739089023684107,1297860,f4d62ad7513e0a9d,True,location-k4-fold1-seed0,1
persistence,F_R,15,MSE,112413.83537862111,1297860,f4d62ad7513e0a9d,True,location-k4-fold1-seed0,1
persistence,F_R,15,MAE,181.2553904559266,1297860,f4d62ad7513e0a9d,True,location-k4-fold1-seed0,1
persistence,F_R,15,SS_vs_persistence,0.0,1297860,f4d62ad7513e0a9d,True,location-k4-fold1-seed0,1
persistence,F_R,15,SS_vs_seasonal,0.04733981152449762,1297860,f4d62ad7513e0a9d,True,location-k4-fold1-seed0,1
persistence,F_R,15,SS_vs_ar,-0.550131559425707,1297860,f4d62ad7513e0a9d,True,location-k4-fold1-seed0,1
persistence,F_R,16,MSE,117138.4641191717,1297860,f4d62ad7513e0a9d,True,location-k4-fold1-seed0,1
persistence,F_R,16,MAE,185.08501558725757,1297860,f4d62ad7513e0a9d,True,location-k4-fold1-seed0,1
persistence,F_R,16,SS_vs_persistence,0.0,1297860,f4d62ad7513e0a9d,True,location-k4-fold1-seed0,1
persistence,F_R,16,SS_vs_seasonal,0.01509937420884555,1297860,f4d62ad7513e0a9d,True,location-k4-fold1-seed0,1
persistence,F_R,16,SS_vs_ar,-0.5788968042799141,1297860,f4d62ad7513e0a9d,True,location-k4-fold1-seed0,1
persistence,F_R,17,MSE,116277.39496217079,1297860,f4d62ad7513e0a9d,True,location-k4-fold1-seed0,1
persistence,F_R,17,MAE,184.16744833013274,1297860,f4d62ad7513e0a9d,True,location-k4-fold1-seed0,1
persistence,F_R,17,SS_vs_persistence,0.0,1297860,f4d62ad7513e0a9d,True,location-k4-fold1-seed0,1
persistence,F_R,17,SS_vs_seasonal,0.027044236372291475,1297860,f4d62ad7513e0a9d,True,location-k4-fold1-seed0,1
persistence,F_R,17,SS_vs_ar,-0.5589540799214878,1297860,f4d62ad7513e0a9d,True,location-k4-fold1-seed0,1
persistence,F_R,18,MSE,116648.33350702196,1297860,f4d62ad7513e0a9d,True,location-k4-fold1-seed0,1
persistence,F_R,18,MAE,182.93146137108636,1297860,f4d62ad7513e0a9d,True,location-k4-fold1-seed0,1
persistence,F_R,18,SS_vs_persistence,0.0,1297860,f4d62ad7513e0a9d,True,location-k4-fold1-seed0,1
persistence,F_R,18,SS_vs_seasonal,-0.001036910151384074,1297860,f4d62ad7513e0a9d,True,location-k4-fold1-seed0,1
persistence,F_R,18,SS_vs_ar,-0.5554033963660101,1297860,f4d62ad7513e0a9d,True,location-k4-fold1-seed0,1
persistence,F_R,19,MSE,116279.21959602566,1297860,f4d62ad7513e0a9d,True,location-k4-fold1-seed0,1
persistence,F_R,19,MAE,180.45937311400775,1297860,f4d62ad7513e0a9d,True,location-k4-fold1-seed0,1
persistence,F_R,19,SS_vs_persistence,0.0,1297860,f4d62ad7513e0a9d,True,location-k4-fold1-seed0,1
persistence,F_R,19,SS_vs_seasonal,0.0697849982523886,1297860,f4d62ad7513e0a9d,True,location-k4-fold1-seed0,1
persistence,F_R,19,SS_vs_ar,-0.5376835635636263,1297860,f4d62ad7513e0a9d,True,location-k4-fold1-seed0,1
persistence,F_R,20,MSE,114662.80014210513,1297860,f4d62ad7513e0a9d,True,location-k4-fold1-seed0,1
persistence,F_R,20,MAE,178.06357365554825,1297860,f4d62ad7513e0a9d,True,location-k4-fold1-seed0,1
persistence,F_R,20,SS_vs_persistence,0.0,1297860,f4d62ad7513e0a9d,True,location-k4-fold1-seed0,1
persistence,F_R,20,SS_vs_seasonal,0.08097315705391583,1297860,f4d62ad7513e0a9d,True,location-k4-fold1-seed0,1
persistence,F_R,20,SS_vs_ar,-0.5010842929899242,1297860,f4d62ad7513e0a9d,True,location-k4-fold1-seed0,1
persistence,F_R,21,MSE,114625.68470213932,1297860,f4d62ad7513e0a9d,True,location-k4-fold1-seed0,1
persistence,F_R,21,MAE,180.19738086127114,1297860,f4d62ad7513e0a9d,True,location-k4-fold1-seed0,1
persistence,F_R,21,SS_vs_persistence,0.0,1297860,f4d62ad7513e0a9d,True,location-k4-fold1-seed0,1
persistence,F_R,21,SS_vs_seasonal,0.07892383406078196,1297860,f4d62ad7513e0a9d,True,location-k4-fold1-seed0,1
persistence,F_R,21,SS_vs_ar,-0.4829646134010215,1297860,f4d62ad7513e0a9d,True,location-k4-fold1-seed0,1
persistence,F_R,22,MSE,116814.6933834936,1297860,f4d62ad7513e0a9d,True,location-k4-fold1-seed0,1
persistence,F_R,22,MAE,181.21111210383103,1297860,f4d62ad7513e0a9d,True,location-k4-fold1-seed0,1
persistence,F_R,22,SS_vs_persistence,0.0,1297860,f4d62ad7513e0a9d,True,location-k4-fold1-seed0,1
persistence,F_R,22,SS_vs_seasonal,0.05612024416161654,1297860,f4d62ad7513e0a9d,True,location-k4-fold1-seed0,1
persistence,F_R,22,SS_vs_ar,-0.4996438481520775,1297860,f4d62ad7513e0a9d,True,location-k4-fold1-seed0,1
persistence,F_R,23,MSE,115729.3777537471,1297860,f4d62ad7513e0a9d,True,location-k4-fold1-seed0,1
persistence,F_R,23,MAE,181.48276356578089,1297860,f4d62ad7513e0a9d,True,location-k4-fold1-seed0,1
persistence,F_R,23,SS_vs_persistence,0.0,1297860,f4d62ad7513e0a9d,True,location-k4-fold1-seed0,1
persistence,F_R,23,SS_vs_seasonal,0.06638603608867988,1297860,f4d62ad7513e0a9d,True,location-k4-fold1-seed0,1
persistence,F_R,23,SS_vs_ar,-0.47355425040002075,1297860,f4d62ad7513e0a9d,True,location-k4-fold1-seed0,1
persistence,F_R,24,MSE,117883.52391556336,1297860,f4d62ad7513e0a9d,True,location-k4-fold1-seed0,1
persistence,F_R,24,MAE,185.06606475673476,1297860,f4d62ad7513e0a9d,True,location-k4-fold1-seed0,1
persistence,F_R,24,SS_vs_persistence,0.0,1297860,f4d62ad7513e0a9d,True,location-k4-fold1-seed0,1
persistence,F_R,24,SS_vs_seasonal,0.04916539161606859,1297860,f4d62ad7513e0a9d,True,location-k4-fold1-seed0,1
persistence,F_R,24,SS_vs_ar,-0.47808500166804824,1297860,f4d62ad7513e0a9d,True,location-k4-fold1-seed0,1
persistence,F_R,25,MSE,119030.37777995893,1297860,f4d62ad7513e0a9d,True,location-k4-fold1-seed0,1
persistence,F_R,25,MAE,185.66891684203046,1297860,f4d62ad7513e0a9d,True,location-k4-fold1-seed0,1
persistence,F_R,25,SS_vs_persistence,0.0,1297860,f4d62ad7513e0a9d,True,location-k4-fold1-seed0,1
persistence,F_R,25,SS_vs_seasonal,0.04019525727858464,1297860,f4d62ad7513e0a9d,True,location-k4-fold1-seed0,1
persistence,F_R,25,SS_vs_ar,-0.47469247047829954,1297860,f4d62ad7513e0a9d,True,location-k4-fold1-seed0,1
persistence,F_R,26,MSE,122209.83032958733,1297860,f4d62ad7513e0a9d,True,location-k4-fold1-seed0,1
persistence,F_R,26,MAE,189.29592451520858,1297860,f4d62ad7513e0a9d,True,location-k4-fold1-seed0,1
persistence,F_R,26,SS_vs_persistence,0.0,1297860,f4d62ad7513e0a9d,True,location-k4-fold1-seed0,1
persistence,F_R,26,SS_vs_seasonal,0.0231144422670172,1297860,f4d62ad7513e0a9d,True,location-k4-fold1-seed0,1
persistence,F_R,26,SS_vs_ar,-0.49305874588045917,1297860,f4d62ad7513e0a9d,True,location-k4-fold1-seed0,1
persistence,F_R,27,MSE,122645.42845089555,1297860,f4d62ad7513e0a9d,True,location-k4-fold1-seed0,1
persistence,F_R,27,MAE,192.02793565360116,1297860,f4d62ad7513e0a9d,True,location-k4-fold1-seed0,1
persistence,F_R,27,SS_vs_persistence,0.0,1297860,f4d62ad7513e0a9d,True,location-k4-fold1-seed0,1
persistence,F_R,27,SS_vs_seasonal,-0.001613767301421154,1297860,f4d62ad7513e0a9d,True,location-k4-fold1-seed0,1
persistence,F_R,27,SS_vs_ar,-0.5099226618123085,1297860,f4d62ad7513e0a9d,True,location-k4-fold1-seed0,1
persistence,F_R,28,MSE,120583.4182587117,1297860,f4d62ad7513e0a9d,True,location-k4-fold1-seed0,1
persistence,F_R,28,MAE,187.09439021592817,1297860,f4d62ad7513e0a9d,True,location-k4-fold1-seed0,1
persistence,F_R,28,SS_vs_persistence,0.0,1297860,f4d62ad7513e0a9d,True,location-k4-fold1-seed0,1
persistence,F_R,28,SS_vs_seasonal,0.030235050765583527,1297860,f4d62ad7513e0a9d,True,location-k4-fold1-seed0,1
persistence,F_R,28,SS_vs_ar,-0.4886528344988026,1297860,f4d62ad7513e0a9d,True,location-k4-fold1-seed0,1
persistence,F_R,29,MSE,119179.39042221302,1297860,f4d62ad7513e0a9d,True,location-k4-fold1-seed0,1
persistence,F_R,29,MAE,184.26523040324253,1297860,f4d62ad7513e0a9d,True,location-k4-fold1-seed0,1
persistence,F_R,29,SS_vs_persistence,0.0,1297860,f4d62ad7513e0a9d,True,location-k4-fold1-seed0,1
persistence,F_R,29,SS_vs_seasonal,0.04070662898489219,1297860,f4d62ad7513e0a9d,True,location-k4-fold1-seed0,1
persistence,F_R,29,SS_vs_ar,-0.47308394950810273,1297860,f4d62ad7513e0a9d,True,location-k4-fold1-seed0,1
persistence,F_R,30,MSE,116573.75853601524,1297860,f4d62ad7513e0a9d,True,location-k4-fold1-seed0,1
persistence,F_R,30,MAE,183.83704921963488,1297860,f4d62ad7513e0a9d,True,location-k4-fold1-seed0,1
persistence,F_R,30,SS_vs_persistence,0.0,1297860,f4d62ad7513e0a9d,True,location-k4-fold1-seed0,1
persistence,F_R,30,SS_vs_seasonal,0.06095818637294781,1297860,f4d62ad7513e0a9d,True,location-k4-fold1-seed0,1
persistence,F_R,30,SS_vs_ar,-0.4397738660187993,1297860,f4d62ad7513e0a9d,True,location-k4-fold1-seed0,1
persistence,F_R,all,MSE,113233.23192347161,1297860,f4d62ad7513e0a9d,True,location-k4-fold1-seed0,1
persistence,F_R,all,MAE,178.4401054900215,1297860,f4d62ad7513e0a9d,True,location-k4-fold1-seed0,1
persistence,F_R,all,SS_vs_persistence,0.0,1297860,f4d62ad7513e0a9d,True,location-k4-fold1-seed0,1
persistence,F_R,all,SS_vs_seasonal,0.042433950475380344,1297860,f4d62ad7513e0a9d,True,location-k4-fold1-seed0,1
persistence,F_R,all,SS_vs_ar,-0.5470016733051208,1297860,f4d62ad7513e0a9d,True,location-k4-fold1-seed0,1
persistence,CoPx_R,1,MSE,0.21394488376258894,1297860,f4d62ad7513e0a9d,True,location-k4-fold1-seed0,1
persistence,CoPx_R,1,MAE,0.2801823311959633,1297860,f4d62ad7513e0a9d,True,location-k4-fold1-seed0,1
persistence,CoPx_R,1,SS_vs_persistence,4.6741499559743716e-12,1297860,f4d62ad7513e0a9d,True,location-k4-fold1-seed0,1
persistence,CoPx_R,1,SS_vs_seasonal,0.11086661093318073,1297860,f4d62ad7513e0a9d,True,location-k4-fold1-seed0,1
persistence,CoPx_R,1,SS_vs_ar,-0.6544117219493311,1297860,f4d62ad7513e0a9d,True,location-k4-fold1-seed0,1
persistence,CoPx_R,2,MSE,0.24184976200131497,1297860,f4d62ad7513e0a9d,True,location-k4-fold1-seed0,1
persistence,CoPx_R,2,MAE,0.31367146384424704,1297860,f4d62ad7513e0a9d,True,location-k4-fold1-seed0,1
persistence,CoPx_R,2,SS_vs_persistence,4.1348036106114705e-12,1297860,f4d62ad7513e0a9d,True,location-k4-fold1-seed0,1
persistence,CoPx_R,2,SS_vs_seasonal,0.017294843309898833,1297860,f4d62ad7513e0a9d,True,location-k4-fold1-seed0,1
persistence,CoPx_R,2,SS_vs_ar,-0.804918501662081,1297860,f4d62ad7513e0a9d,True,location-k4-fold1-seed0,1
persistence,CoPx_R,3,MSE,0.24049826792301005,1297860,f4d62ad7513e0a9d,True,location-k4-fold1-seed0,1
persistence,CoPx_R,3,MAE,0.31079011903251896,1297860,f4d62ad7513e0a9d,True,location-k4-fold1-seed0,1
persistence,CoPx_R,3,SS_vs_persistence,4.158007271826136e-12,1297860,f4d62ad7513e0a9d,True,location-k4-fold1-seed0,1
persistence,CoPx_R,3,SS_vs_seasonal,0.018851848975264707,1297860,f4d62ad7513e0a9d,True,location-k4-fold1-seed0,1
persistence,CoPx_R,3,SS_vs_ar,-0.7819807565855188,1297860,f4d62ad7513e0a9d,True,location-k4-fold1-seed0,1
persistence,CoPx_R,4,MSE,0.24751383700704466,1297860,f4d62ad7513e0a9d,True,location-k4-fold1-seed0,1
persistence,CoPx_R,4,MAE,0.3195191080248765,1297860,f4d62ad7513e0a9d,True,location-k4-fold1-seed0,1
persistence,CoPx_R,4,SS_vs_persistence,4.040212608913407e-12,1297860,f4d62ad7513e0a9d,True,location-k4-fold1-seed0,1
persistence,CoPx_R,4,SS_vs_seasonal,-0.0010704397485350459,1297860,f4d62ad7513e0a9d,True,location-k4-fold1-seed0,1
persistence,CoPx_R,4,SS_vs_ar,-0.8103668229835863,1297860,f4d62ad7513e0a9d,True,location-k4-fold1-seed0,1
persistence,CoPx_R,5,MSE,0.2599854002784506,1297860,f4d62ad7513e0a9d,True,location-k4-fold1-seed0,1
persistence,CoPx_R,5,MAE,0.3335872317941476,1297860,f4d62ad7513e0a9d,True,location-k4-fold1-seed0,1
persistence,CoPx_R,5,SS_vs_persistence,3.846256646511392e-12,1297860,f4d62ad7513e0a9d,True,location-k4-fold1-seed0,1
persistence,CoPx_R,5,SS_vs_seasonal,-0.04350148147964572,1297860,f4d62ad7513e0a9d,True,location-k4-fold1-seed0,1
persistence,CoPx_R,5,SS_vs_ar,-0.8896292994616435,1297860,f4d62ad7513e0a9d,True,location-k4-fold1-seed0,1
persistence,CoPx_R,6,MSE,0.25531272471753247,1297860,f4d62ad7513e0a9d,True,location-k4-fold1-seed0,1
persistence,CoPx_R,6,MAE,0.3290720004601642,1297860,f4d62ad7513e0a9d,True,location-k4-fold1-seed0,1
persistence,CoPx_R,6,SS_vs_persistence,3.916644786272627e-12,1297860,f4d62ad7513e0a9d,True,location-k4-fold1-seed0,1
persistence,CoPx_R,6,SS_vs_seasonal,-0.0313374073194197,1297860,f4d62ad7513e0a9d,True,location-k4-fold1-seed0,1
persistence,CoPx_R,6,SS_vs_ar,-0.8593291642191414,1297860,f4d62ad7513e0a9d,True,location-k4-fold1-seed0,1
persistence,CoPx_R,7,MSE,0.257086743477043,1297860,f4d62ad7513e0a9d,True,location-k4-fold1-seed0,1
persistence,CoPx_R,7,MAE,0.3304526831999924,1297860,f4d62ad7513e0a9d,True,location-k4-fold1-seed0,1
persistence,CoPx_R,7,SS_vs_persistence,3.889666366774236e-12,1297860,f4d62ad7513e0a9d,True,location-k4-fold1-seed0,1
persistence,CoPx_R,7,SS_vs_seasonal,-0.03999735066954657,1297860,f4d62ad7513e0a9d,True,location-k4-fold1-seed0,1
persistence,CoPx_R,7,SS_vs_ar,-0.8751092192524963,1297860,f4d62ad7513e0a9d,True,location-k4-fold1-seed0,1
persistence,CoPx_R,8,MSE,0.25351317700528087,1297860,f4d62ad7513e0a9d,True,location-k4-fold1-seed0,1
persistence,CoPx_R,8,MAE,0.3264962052007049,1297860,f4d62ad7513e0a9d,True,location-k4-fold1-seed0,1
persistence,CoPx_R,8,SS_vs_persistence,3.944511384190719e-12,1297860,f4d62ad7513e0a9d,True,location-k4-fold1-seed0,1
persistence,CoPx_R,8,SS_vs_seasonal,-0.02659939856961646,1297860,f4d62ad7513e0a9d,True,location-k4-fold1-seed0,1
persistence,CoPx_R,8,SS_vs_ar,-0.8475882522759617,1297860,f4d62ad7513e0a9d,True,location-k4-fold1-seed0,1
persistence,CoPx_R,9,MSE,0.24289054900403392,1297860,f4d62ad7513e0a9d,True,location-k4-fold1-seed0,1
persistence,CoPx_R,9,MAE,0.3174040474489885,1297860,f4d62ad7513e0a9d,True,location-k4-fold1-seed0,1
persistence,CoPx_R,9,SS_vs_persistence,4.1171510645199305e-12,1297860,f4d62ad7513e0a9d,True,location-k4-fold1-seed0,1
persistence,CoPx_R,9,SS_vs_seasonal,0.0021647924490566517,1297860,f4d62ad7513e0a9d,True,location-k4-fold1-seed0,1
persistence,CoPx_R,9,SS_vs_ar,-0.7654760282929642,1297860,f4d62ad7513e0a9d,True,location-k4-fold1-seed0,1
persistence,CoPx_R,10,MSE,0.241176026208169,1297860,f4d62ad7513e0a9d,True,location-k4-fold1-seed0,1
persistence,CoPx_R,10,MAE,0.3142577793991382,1297860,f4d62ad7513e0a9d,True,location-k4-fold1-seed0,1
persistence,CoPx_R,10,SS_vs_persistence,4.146349930067572e-12,1297860,f4d62ad7513e0a9d,True,location-k4-fold1-seed0,1
persistence,CoPx_R,10,SS_vs_seasonal,0.07065416647458034,1297860,f4d62ad7513e0a9d,True,location-k4-fold1-seed0,1
persistence,CoPx_R,10,SS_vs_ar,-0.7358841789446888,1297860,f4d62ad7513e0a9d,True,location-k4-fold1-seed0,1
persistence,CoPx_R,11,MSE,0.24511269141312783,1297860,f4d62ad7513e0a9d,True,location-k4-fold1-seed0,1
persistence,CoPx_R,11,MAE,0.3177858793272725,1297860,f4d62ad7513e0a9d,True,location-k4-fold1-seed0,1
persistence,CoPx_R,11,SS_vs_persistence,4.079736548590063e-12,1297860,f4d62ad7513e0a9d,True,location-k4-fold1-seed0,1
persistence,CoPx_R,11,SS_vs_seasonal,0.06225377162484902,1297860,f4d62ad7513e0a9d,True,location-k4-fold1-seed0,1
persistence,CoPx_R,11,SS_vs_ar,-0.7404155870060558,1297860,f4d62ad7513e0a9d,True,location-k4-fold1-seed0,1
persistence,CoPx_R,12,MSE,0.25537708464723136,1297860,f4d62ad7513e0a9d,True,location-k4-fold1-seed0,1
persistence,CoPx_R,12,MAE,0.3285407663510242,1297860,f4d62ad7513e0a9d,True,location-k4-fold1-seed0,1
persistence,CoPx_R,12,SS_vs_persistence,3.915645585550465e-12,1297860,f4d62ad7513e0a9d,True,location-k4-fold1-seed0,1
persistence,CoPx_R,12,SS_vs_seasonal,0.025515594003877484,1297860,f4d62ad7513e0a9d,True,location-k4-fold1-seed0,1
persistence,CoPx_R,12,SS_vs_ar,-0.7966068600915894,1297860,f4d62ad7513e0a9d,True,location-k4-fold1-seed0,1
persistence,CoPx_R,13,MSE,0.2577519074932461,1297860,f4d62ad7513e0a9d,True,location-k4-fold1-seed0,1
persistence,CoPx_R,13,MAE,0.33124725593489596,1297860,f4d62ad7513e0a9d,True,location-k4-fold1-seed0,1
persistence,CoPx_R,13,SS_vs_persistence,3.879563337250147e-12,1297860,f4d62ad7513e0a9d,True,location-k4-fold1-seed0,1
persistence,CoPx_R,13,SS_vs_seasonal,0.014391971962017136,1297860,f4d62ad7513e0a9d,True,location-k4-fold1-seed0,1
persistence,CoPx_R,13,SS_vs_ar,-0.8101328726953849,1297860,f4d62ad7513e0a9d,True,location-k4-fold1-seed0,1
persistence,CoPx_R,14,MSE,0.25690897607486607,1297860,f4d62ad7513e0a9d,True,location-k4-fold1-seed0,1
persistence,CoPx_R,14,MAE,0.3309983083736268,1297860,f4d62ad7513e0a9d,True,location-k4-fold1-seed0,1
persistence,CoPx_R,14,SS_vs_persistence,3.892330902033336e-12,1297860,f4d62ad7513e0a9d,True,location-k4-fold1-seed0,1
persistence,CoPx_R,14,SS_vs_seasonal,0.017873760987677456,1297860,f4d62ad7513e0a9d,True,location-k4-fold1-seed0,1
persistence,CoPx_R,14,SS_vs_ar,-0.7972459112178227,1297860,f4d62ad7513e0a9d,True,location-k4-fold1-seed0,1
persistence,CoPx_R,15,MSE,0.2667687033707894,1297860,f4d62ad7513e0a9d,True,location-k4-fold1-seed0,1
persistence,CoPx_R,15,MAE,0.34067693838122404,1297860,f4d62ad7513e0a9d,True,location-k4-fold1-seed0,1
persistence,CoPx_R,15,SS_vs_persistence,3.748445998041916e-12,1297860,f4d62ad7513e0a9d,True,location-k4-fold1-seed0,1
persistence,CoPx_R,15,SS_vs_seasonal,-0.010230059082726228,1297860,f4d62ad7513e0a9d,True,location-k4-fold1-seed0,1
persistence,CoPx_R,15,SS_vs_ar,-0.8547306260472622,1297860,f4d62ad7513e0a9d,True,location-k4-fold1-seed0,1
persistence,CoPx_R,16,MSE,0.2740561367223914,1297860,f4d62ad7513e0a9d,True,location-k4-fold1-seed0,1
persistence,CoPx_R,16,MAE,0.3475401942097775,1297860,f4d62ad7513e0a9d,True,location-k4-fold1-seed0,1
persistence,CoPx_R,16,SS_vs_persistence,3.6488589927330395e-12,1297860,f4d62ad7513e0a9d,True,location-k4-fold1-seed0,1
persistence,CoPx_R,16,SS_vs_seasonal,-0.03654253526471529,1297860,f4d62ad7513e0a9d,True,location-k4-fold1-seed0,1
persistence,CoPx_R,16,SS_vs_ar,-0.9016208485494888,1297860,f4d62ad7513e0a9d,True,location-k4-fold1-seed0,1
persistence,CoPx_R,17,MSE,0.26835865592106256,1297860,f4d62ad7513e0a9d,True,location-k4-fold1-seed0,1
persistence,CoPx_R,17,MAE,0.34217502631136487,1297860,f4d62ad7513e0a9d,True,location-k4-fold1-seed0,1
persistence,CoPx_R,17,SS_vs_persistence,3.726241537549413e-12,1297860,f4d62ad7513e0a9d,True,location-k4-fold1-seed0,1
persistence,CoPx_R,17,SS_vs_seasonal,-0.01328126300149668,1297860,f4d62ad7513e0a9d,True,location-k4-fold1-seed0,1
persistence,CoPx_R,17,SS_vs_ar,-0.8632273897245215,1297860,f4d62ad7513e0a9d,True,location-k4-fold1-seed0,1
persistence,CoPx_R,18,MSE,0.2631201149842913,1297860,f4d62ad7513e0a9d,True,location-k4-fold1-seed0,1
persistence,CoPx_R,18,MAE,0.33794714964990663,1297860,f4d62ad7513e0a9d,True,location-k4-fold1-seed0,1
persistence,CoPx_R,18,SS_vs_persistence,3.800515457896836e-12,1297860,f4d62ad7513e0a9d,True,location-k4-fold1-seed0,1
persistence,CoPx_R,18,SS_vs_seasonal,0.0013286445469329333,1297860,f4d62ad7513e0a9d,True,location-k4-fold1-seed0,1
persistence,CoPx_R,18,SS_vs_ar,-0.8263053241823706,1297860,f4d62ad7513e0a9d,True,location-k4-fold1-seed0,1
persistence,CoPx_R,19,MSE,0.25895898051318084,1297860,f4d62ad7513e0a9d,True,location-k4-fold1-seed0,1
persistence,CoPx_R,19,MAE,0.3334776046448517,1297860,f4d62ad7513e0a9d,True,location-k4-fold1-seed0,1
persistence,CoPx_R,19,SS_vs_persistence,3.8615777242512195e-12,1297860,f4d62ad7513e0a9d,True,location-k4-fold1-seed0,1
persistence,CoPx_R,19,SS_vs_seasonal,0.06197836707834781,1297860,f4d62ad7513e0a9d,True,location-k4-fold1-seed0,1
persistence,CoPx_R,19,SS_vs_ar,-0.7918606745531025,1297860,f4d62ad7513e0a9d,True,location-k4-fold1-seed0,1
persistence,CoPx_R,20,MSE,0.253822870058057,1297860,f4d62ad7513e0a9d,True,location-k4-fold1-seed0,1
persistence,CoPx_R,20,MAE,0.32692779765798363,1297860,f4d62ad7513e0a9d,True,location-k4-fold1-seed0,1
persistence,CoPx_R,20,SS_vs_persistence,3.939626402882368e-12,1297860,f4d62ad7513e0a9d,True,location-k4-fold1-seed0,1
persistence,CoPx_R,20,SS_vs_seasonal,0.07938890511373187,1297860,f4d62ad7513e0a9d,True,location-k4-fold1-seed0,1
persistence,CoPx_R,20,SS_vs_ar,-0.7517835744281351,1297860,f4d62ad7513e0a9d,True,location-k4-fold1-seed0,1
persistence,CoPx_R,21,MSE,0.25458881450729615,1297860,f4d62ad7513e0a9d,True,location-k4-fold1-seed0,1
persistence,CoPx_R,21,MAE,0.32987625095306544,1297860,f4d62ad7513e0a9d,True,location-k4-fold1-seed0,1
persistence,CoPx_R,21,SS_vs_persistence,3.927858038821341e-12,1297860,f4d62ad7513e0a9d,True,location-k4-fold1-seed0,1
persistence,CoPx_R,21,SS_vs_seasonal,0.07649237432984912,1297860,f4d62ad7513e0a9d,True,location-k4-fold1-seed0,1
persistence,CoPx_R,21,SS_vs_ar,-0.7472862104412736,1297860,f4d62ad7513e0a9d,True,location-k4-fold1-seed0,1
persistence,CoPx_R,22,MSE,0.2564237639551358,1297860,f4d62ad7513e0a9d,True,location-k4-fold1-seed0,1
persistence,CoPx_R,22,MAE,0.33092895987275533,1297860,f4d62ad7513e0a9d,True,location-k4-fold1-seed0,1
persistence,CoPx_R,22,SS_vs_persistence,3.899658373995862e-12,1297860,f4d62ad7513e0a9d,True,location-k4-fold1-seed0,1
persistence,CoPx_R,22,SS_vs_seasonal,0.07396776228521285,1297860,f4d62ad7513e0a9d,True,location-k4-fold1-seed0,1
persistence,CoPx_R,22,SS_vs_ar,-0.7465278040736658,1297860,f4d62ad7513e0a9d,True,location-k4-fold1-seed0,1
persistence,CoPx_R,23,MSE,0.2584145248059596,1297860,f4d62ad7513e0a9d,True,location-k4-fold1-seed0,1
persistence,CoPx_R,23,MAE,0.3327959201050881,1297860,f4d62ad7513e0a9d,True,location-k4-fold1-seed0,1
persistence,CoPx_R,23,SS_vs_persistence,3.869682352330983e-12,1297860,f4d62ad7513e0a9d,True,location-k4-fold1-seed0,1
persistence,CoPx_R,23,SS_vs_seasonal,0.06627323338692437,1297860,f4d62ad7513e0a9d,True,location-k4-fold1-seed0,1
persistence,CoPx_R,23,SS_vs_ar,-0.7491457718386849,1297860,f4d62ad7513e0a9d,True,location-k4-fold1-seed0,1
persistence,CoPx_R,24,MSE,0.2674944893578023,1297860,f4d62ad7513e0a9d,True,location-k4-fold1-seed0,1
persistence,CoPx_R,24,MAE,0.34325221799576977,1297860,f4d62ad7513e0a9d,True,location-k4-fold1-seed0,1
persistence,CoPx_R,24,SS_vs_persistence,3.738342968517827e-12,1297860,f4d62ad7513e0a9d,True,location-k4-fold1-seed0,1
persistence,CoPx_R,24,SS_vs_seasonal,0.04464953562489038,1297860,f4d62ad7513e0a9d,True,location-k4-fold1-seed0,1
persistence,CoPx_R,24,SS_vs_ar,-0.7970379506019363,1297860,f4d62ad7513e0a9d,True,location-k4-fold1-seed0,1
persistence,CoPx_R,25,MSE,0.27175213208806426,1297860,f4d62ad7513e0a9d,True,location-k4-fold1-seed0,1
persistence,CoPx_R,25,MAE,0.34694498378643807,1297860,f4d62ad7513e0a9d,True,location-k4-fold1-seed0,1
persistence,CoPx_R,25,SS_vs_persistence,3.679723192817619e-12,1297860,f4d62ad7513e0a9d,True,location-k4-fold1-seed0,1
persistence,CoPx_R,25,SS_vs_seasonal,0.026772968221430604,1297860,f4d62ad7513e0a9d,True,location-k4-fold1-seed0,1
persistence,CoPx_R,25,SS_vs_ar,-0.8214456571202242,1297860,f4d62ad7513e0a9d,True,location-k4-fold1-seed0,1
persistence,CoPx_R,26,MSE,0.27774510226897353,1297860,f4d62ad7513e0a9d,True,location-k4-fold1-seed0,1
persistence,CoPx_R,26,MAE,0.3537599498914144,1297860,f4d62ad7513e0a9d,True,location-k4-fold1-seed0,1
persistence,CoPx_R,26,SS_vs_persistence,3.60034224655692e-12,1297860,f4d62ad7513e0a9d,True,location-k4-fold1-seed0,1
persistence,CoPx_R,26,SS_vs_seasonal,0.011566364631922732,1297860,f4d62ad7513e0a9d,True,location-k4-fold1-seed0,1
persistence,CoPx_R,26,SS_vs_ar,-0.8593284399840757,1297860,f4d62ad7513e0a9d,True,location-k4-fold1-seed0,1
persistence,CoPx_R,27,MSE,0.2818044831946605,1297860,f4d62ad7513e0a9d,True,location-k4-fold1-seed0,1
persistence,CoPx_R,27,MAE,0.3568438765059381,1297860,f4d62ad7513e0a9d,True,location-k4-fold1-seed0,1
persistence,CoPx_R,27,SS_vs_persistence,3.5484948313069253e-12,1297860,f4d62ad7513e0a9d,True,location-k4-fold1-seed0,1
persistence,CoPx_R,27,SS_vs_seasonal,-0.001884623802081098,1297860,f4d62ad7513e0a9d,True,location-k4-fold1-seed0,1
persistence,CoPx_R,27,SS_vs_ar,-0.8905468902476601,1297860,f4d62ad7513e0a9d,True,location-k4-fold1-seed0,1
persistence,CoPx_R,28,MSE,0.26915757833176207,1297860,f4d62ad7513e0a9d,True,location-k4-fold1-seed0,1
persistence,CoPx_R,28,MAE,0.34355407399027466,1297860,f4d62ad7513e0a9d,True,location-k4-fold1-seed0,1
persistence,CoPx_R,28,SS_vs_persistence,3.715250329605624e-12,1297860,f4d62ad7513e0a9d,True,location-k4-fold1-seed0,1
persistence,CoPx_R,28,SS_vs_seasonal,0.026957748850021335,1297860,f4d62ad7513e0a9d,True,location-k4-fold1-seed0,1
persistence,CoPx_R,28,SS_vs_ar,-0.8149518809510052,1297860,f4d62ad7513e0a9d,True,location-k4-fold1-seed0,1
persistence,CoPx_R,29,MSE,0.2646103820342413,1297860,f4d62ad7513e0a9d,True,location-k4-fold1-seed0,1
persistence,CoPx_R,29,MAE,0.3411310428802811,1297860,f4d62ad7513e0a9d,True,location-k4-fold1-seed0,1
persistence,CoPx_R,29,SS_vs_persistence,3.77908815352157e-12,1297860,f4d62ad7513e0a9d,True,location-k4-fold1-seed0,1
persistence,CoPx_R,29,SS_vs_seasonal,0.03797950089251678,1297860,f4d62ad7513e0a9d,True,location-k4-fold1-seed0,1
persistence,CoPx_R,29,SS_vs_ar,-0.7853407841541624,1297860,f4d62ad7513e0a9d,True,location-k4-fold1-seed0,1
persistence,CoPx_R,30,MSE,0.2689416977853564,1297860,f4d62ad7513e0a9d,True,location-k4-fold1-seed0,1
persistence,CoPx_R,30,MAE,0.34566072021839955,1297860,f4d62ad7513e0a9d,True,location-k4-fold1-seed0,1
persistence,CoPx_R,30,SS_vs_persistence,3.718247931772112e-12,1297860,f4d62ad7513e0a9d,True,location-k4-fold1-seed0,1
persistence,CoPx_R,30,SS_vs_seasonal,0.031957855025063875,1297860,f4d62ad7513e0a9d,True,location-k4-fold1-seed0,1
persistence,CoPx_R,30,SS_vs_ar,-0.8065886203559518,1297860,f4d62ad7513e0a9d,True,location-k4-fold1-seed0,1
persistence,CoPx_R,all,MSE,0.25749801536428224,1297860,f4d62ad7513e0a9d,True,location-k4-fold1-seed0,1
persistence,CoPx_R,all,MAE,0.33124992955473637,1297860,f4d62ad7513e0a9d,True,location-k4-fold1-seed0,1
persistence,CoPx_R,all,SS_vs_persistence,3.883449117836335e-12,1297860,f4d62ad7513e0a9d,True,location-k4-fold1-seed0,1
persistence,CoPx_R,all,SS_vs_seasonal,0.023185369177633253,1297860,f4d62ad7513e0a9d,True,location-k4-fold1-seed0,1
persistence,CoPx_R,all,SS_vs_ar,-0.8063112930181422,1297860,f4d62ad7513e0a9d,True,location-k4-fold1-seed0,1
persistence,CoPy_R,1,MSE,0.12715350464588093,1297860,f4d62ad7513e0a9d,True,location-k4-fold1-seed0,1
persistence,CoPy_R,1,MAE,0.23629019445839353,1297860,f4d62ad7513e0a9d,True,location-k4-fold1-seed0,1
persistence,CoPy_R,1,SS_vs_persistence,7.864597861839684e-12,1297860,f4d62ad7513e0a9d,True,location-k4-fold1-seed0,1
persistence,CoPy_R,1,SS_vs_seasonal,0.1771395054234013,1297860,f4d62ad7513e0a9d,True,location-k4-fold1-seed0,1
persistence,CoPy_R,1,SS_vs_ar,-0.5786527392769736,1297860,f4d62ad7513e0a9d,True,location-k4-fold1-seed0,1
persistence,CoPy_R,2,MSE,0.14440159383000067,1297860,f4d62ad7513e0a9d,True,location-k4-fold1-seed0,1
persistence,CoPy_R,2,MAE,0.2645153387113184,1297860,f4d62ad7513e0a9d,True,location-k4-fold1-seed0,1
persistence,CoPy_R,2,SS_vs_persistence,6.9251271384018764e-12,1297860,f4d62ad7513e0a9d,True,location-k4-fold1-seed0,1
persistence,CoPy_R,2,SS_vs_seasonal,0.08500645310144572,1297860,f4d62ad7513e0a9d,True,location-k4-fold1-seed0,1
persistence,CoPy_R,2,SS_vs_ar,-0.7038415229817832,1297860,f4d62ad7513e0a9d,True,location-k4-fold1-seed0,1
persistence,CoPy_R,3,MSE,0.14831175034093153,1297860,f4d62ad7513e0a9d,True,location-k4-fold1-seed0,1
persistence,CoPy_R,3,MAE,0.2674367200265308,1297860,f4d62ad7513e0a9d,True,location-k4-fold1-seed0,1
persistence,CoPy_R,3,SS_vs_persistence,6.742606473153501e-12,1297860,f4d62ad7513e0a9d,True,location-k4-fold1-seed0,1
persistence,CoPy_R,3,SS_vs_seasonal,0.06665886726864179,1297860,f4d62ad7513e0a9d,True,location-k4-fold1-seed0,1
persistence,CoPy_R,3,SS_vs_ar,-0.7185919682334208,1297860,f4d62ad7513e0a9d,True,location-k4-fold1-seed0,1
persistence,CoPy_R,4,MSE,0.15104221747412713,1297860,f4d62ad7513e0a9d,True,location-k4-fold1-seed0,1
persistence,CoPy_R,4,MAE,0.27072318808275814,1297860,f4d62ad7513e0a9d,True,location-k4-fold1-seed0,1
persistence,CoPy_R,4,SS_vs_persistence,6.6207039850496585e-12,1297860,f4d62ad7513e0a9d,True,location-k4-fold1-seed0,1
persistence,CoPy_R,4,SS_vs_seasonal,0.05063183855869735,1297860,f4d62ad7513e0a9d,True,location-k4-fold1-seed0,1
persistence,CoPy_R,4,SS_vs_ar,-0.7281386003433632,1297860,f4d62ad7513e0a9d,True,location-k4-fold1-seed0,1
persistence,CoPy_R,5,MSE,0.15499123326342895,1297860,f4d62ad7513e0a9d,True,location-k4-fold1-seed0,1
persistence,CoPy_R,5,MAE,0.27697988617390934,1297860,f4d62ad7513e0a9d,True,location-k4-fold1-seed0,1
persistence,CoPy_R,5,SS_vs_persistence,6.452061107609097e-12,1297860,f4d62ad7513e0a9d,True,location-k4-fold1-seed0,1
persistence,CoPy_R,5,SS_vs_seasonal,0.026741132417809288,1297860,f4d62ad7513e0a9d,True,location-k4-fold1-seed0,1
persistence,CoPy_R,5,SS_vs_ar,-0.7492408342270764,1297860,f4d62ad7513e0a9d,True,location-k4-fold1-seed0,1
persistence,CoPy_R,6,MSE,0.1551394853456989,1297860,f4d62ad7513e0a9d,True,location-k4-fold1-seed0,1
persistence,CoPy_R,6,MAE,0.27633786869797977,1297860,f4d62ad7513e0a9d,True,location-k4-fold1-seed0,1
persistence,CoPy_R,6,SS_vs_persistence,6.445843858671196e-12,1297860,f4d62ad7513e0a9d,True,location-k4-fold1-seed0,1
persistence,CoPy_R,6,SS_vs_seasonal,0.02470682093259724,1297860,f4d62ad7513e0a9d,True,location-k4-fold1-seed0,1
persistence,CoPy_R,6,SS_vs_ar,-0.7379777611275382,1297860,f4d62ad7513e0a9d,True,location-k4-fold1-seed0,1
persistence,CoPy_R,7,MSE,0.1602343181239557,1297860,f4d62ad7513e0a9d,True,location-k4-fold1-seed0,1
persistence,CoPy_R,7,MAE,0.2832105345189501,1297860,f4d62ad7513e0a9d,True,location-k4-fold1-seed0,1
persistence,CoPy_R,7,SS_vs_persistence,6.2408966883253925e-12,1297860,f4d62ad7513e0a9d,True,location-k4-fold1-seed0,1
persistence,CoPy_R,7,SS_vs_seasonal,-0.0034382486946884505,1297860,f4d62ad7513e0a9d,True,location-k4-fold1-seed0,1
persistence,CoPy_R,7,SS_vs_ar,-0.7785481076188494,1297860,f4d62ad7513e0a9d,True,location-k4-fold1-seed0,1
persistence,CoPy_R,8,MSE,0.15972753902704626,1297860,f4d62ad7513e0a9d,True,location-k4-fold1-seed0,1
persistence,CoPy_R,8,MAE,0.2815457138890952,1297860,f4d62ad7513e0a9d,True,location-k4-fold1-seed0,1
persistence,CoPy_R,8,SS_vs_persistence,6.26065865816372e-12,1297860,f4d62ad7513e0a9d,True,location-k4-fold1-seed0,1
persistence,CoPy_R,8,SS_vs_seasonal,-0.007670308721394736,1297860,f4d62ad7513e0a9d,True,location-k4-fold1-seed0,1
persistence,CoPy_R,8,SS_vs_ar,-0.7657124192562954,1297860,f4d62ad7513e0a9d,True,location-k4-fold1-seed0,1
persistence,CoPy_R,9,MSE,0.15686997801792507,1297860,f4d62ad7513e0a9d,True,location-k4-fold1-seed0,1
persistence,CoPy_R,9,MAE,0.2748986907477116,1297860,f4d62ad7513e0a9d,True,location-k4-fold1-seed0,1
persistence,CoPy_R,9,SS_vs_persistence,6.374789585095186e-12,1297860,f4d62ad7513e0a9d,True,location-k4-fold1-seed0,1
persistence,CoPy_R,9,SS_vs_seasonal,0.0018984697812900464,1297860,f4d62ad7513e0a9d,True,location-k4-fold1-seed0,1
persistence,CoPy_R,9,SS_vs_ar,-0.7254059185796096,1297860,f4d62ad7513e0a9d,True,location-k4-fold1-seed0,1
persistence,CoPy_R,10,MSE,0.1621656167291734,1297860,f4d62ad7513e0a9d,True,location-k4-fold1-seed0,1
persistence,CoPy_R,10,MAE,0.28161383819241315,1297860,f4d62ad7513e0a9d,True,location-k4-fold1-seed0,1
persistence,CoPy_R,10,SS_vs_persistence,6.1666227679779695e-12,1297860,f4d62ad7513e0a9d,True,location-k4-fold1-seed0,1
persistence,CoPy_R,10,SS_vs_seasonal,0.05008636862233362,1297860,f4d62ad7513e0a9d,True,location-k4-fold1-seed0,1
persistence,CoPy_R,10,SS_vs_ar,-0.7667183393851549,1297860,f4d62ad7513e0a9d,True,location-k4-fold1-seed0,1
persistence,CoPy_R,11,MSE,0.16720076891774452,1297860,f4d62ad7513e0a9d,True,location-k4-fold1-seed0,1
persistence,CoPy_R,11,MAE,0.28871257335503997,1297860,f4d62ad7513e0a9d,True,location-k4-fold1-seed0,1
persistence,CoPy_R,11,SS_vs_persistence,5.980882455958181e-12,1297860,f4d62ad7513e0a9d,True,location-k4-fold1-seed0,1
persistence,CoPy_R,11,SS_vs_seasonal,0.029149459352879936,1297860,f4d62ad7513e0a9d,True,location-k4-fold1-seed0,1
persistence,CoPy_R,11,SS_vs_ar,-0.8118797193414524,1297860,f4d62ad7513e0a9d,True,location-k4-fold1-seed0,1
persistence,CoPy_R,12,MSE,0.16628278145395112,1297860,f4d62ad7513e0a9d,True,location-k4-fold1-seed0,1
persistence,CoPy_R,12,MAE,0.28700718173776224,1297860,f4d62ad7513e0a9d,True,location-k4-fold1-seed0,1
persistence,CoPy_R,12,SS_vs_persistence,6.013856079789548e-12,1297860,f4d62ad7513e0a9d,True,location-k4-fold1-seed0,1
persistence,CoPy_R,12,SS_vs_seasonal,0.03135432985849573,1297860,f4d62ad7513e0a9d,True,location-k4-fold1-seed0,1
persistence,CoPy_R,12,SS_vs_ar,-0.8012394679730599,1297860,f4d62ad7513e0a9d,True,location-k4-fold1-seed0,1
persistence,CoPy_R,13,MSE,0.16647983743929198,1297860,f4d62ad7513e0a9d,True,location-k4-fold1-seed0,1
persistence,CoPy_R,13,MAE,0.286024387247511,1297860,f4d62ad7513e0a9d,True,location-k4-fold1-seed0,1
persistence,CoPy_R,13,SS_vs_persistence,6.006750652431947e-12,1297860,f4d62ad7513e0a9d,True,location-k4-fold1-seed0,1
persistence,CoPy_R,13,SS_vs_seasonal,0.023320976124866277,1297860,f4d62ad7513e0a9d,True,location-k4-fold1-seed0,1
persistence,CoPy_R,13,SS_vs_ar,-0.7985438299795558,1297860,f4d62ad7513e0a9d,True,location-k4-fold1-seed0,1
persistence,CoPy_R,14,MSE,0.16242747884358835,1297860,f4d62ad7513e0a9d,True,location-k4-fold1-seed0,1
persistence,CoPy_R,14,MAE,0.28316687555841336,1297860,f4d62ad7513e0a9d,True,location-k4-fold1-seed0,1
persistence,CoPy_R,14,SS_vs_persistence,6.156630760756343e-12,1297860,f4d62ad7513e0a9d,True,location-k4-fold1-seed0,1
persistence,CoPy_R,14,SS_vs_seasonal,0.04269548036572535,1297860,f4d62ad7513e0a9d,True,location-k4-fold1-seed0,1
persistence,CoPy_R,14,SS_vs_ar,-0.7511597551002422,1297860,f4d62ad7513e0a9d,True,location-k4-fold1-seed0,1
persistence,CoPy_R,15,MSE,0.15964069210565232,1297860,f4d62ad7513e0a9d,True,location-k4-fold1-seed0,1
persistence,CoPy_R,15,MAE,0.28185699448146784,1297860,f4d62ad7513e0a9d,True,location-k4-fold1-seed0,1
persistence,CoPy_R,15,SS_vs_persistence,6.264100349540058e-12,1297860,f4d62ad7513e0a9d,True,location-k4-fold1-seed0,1
persistence,CoPy_R,15,SS_vs_seasonal,0.05093136520068342,1297860,f4d62ad7513e0a9d,True,location-k4-fold1-seed0,1
persistence,CoPy_R,15,SS_vs_ar,-0.7137653789437015,1297860,f4d62ad7513e0a9d,True,location-k4-fold1-seed0,1
persistence,CoPy_R,16,MSE,0.16289171997355964,1297860,f4d62ad7513e0a9d,True,location-k4-fold1-seed0,1
persistence,CoPy_R,16,MAE,0.2859295245714111,1297860,f4d62ad7513e0a9d,True,location-k4-fold1-seed0,1
persistence,CoPy_R,16,SS_vs_persistence,6.139089236967266e-12,1297860,f4d62ad7513e0a9d,True,location-k4-fold1-seed0,1
persistence,CoPy_R,16,SS_vs_seasonal,0.033818022955991345,1297860,f4d62ad7513e0a9d,True,location-k4-fold1-seed0,1
persistence,CoPy_R,16,SS_vs_ar,-0.7325096506429243,1297860,f4d62ad7513e0a9d,True,location-k4-fold1-seed0,1
persistence,CoPy_R,17,MSE,0.16547633548838925,1297860,f4d62ad7513e0a9d,True,location-k4-fold1-seed0,1
persistence,CoPy_R,17,MAE,0.2878130615636414,1297860,f4d62ad7513e0a9d,True,location-k4-fold1-seed0,1
persistence,CoPy_R,17,SS_vs_persistence,6.043165967639652e-12,1297860,f4d62ad7513e0a9d,True,location-k4-fold1-seed0,1
persistence,CoPy_R,17,SS_vs_seasonal,0.02178157366752631,1297860,f4d62ad7513e0a9d,True,location-k4-fold1-seed0,1
persistence,CoPy_R,17,SS_vs_ar,-0.7496386192700562,1297860,f4d62ad7513e0a9d,True,location-k4-fold1-seed0,1
persistence,CoPy_R,18,MSE,0.1701684934719216,1297860,f4d62ad7513e0a9d,True,location-k4-fold1-seed0,1
persistence,CoPy_R,18,MAE,0.2900540826821701,1297860,f4d62ad7513e0a9d,True,location-k4-fold1-seed0,1
persistence,CoPy_R,18,SS_vs_persistence,5.876521491643416e-12,1297860,f4d62ad7513e0a9d,True,location-k4-fold1-seed0,1
persistence,CoPy_R,18,SS_vs_seasonal,0.0009392186670781344,1297860,f4d62ad7513e0a9d,True,location-k4-fold1-seed0,1
persistence,CoPy_R,18,SS_vs_ar,-0.785318316316544,1297860,f4d62ad7513e0a9d,True,location-k4-fold1-seed0,1
persistence,CoPy_R,19,MSE,0.17144640637598507,1297860,f4d62ad7513e0a9d,True,location-k4-fold1-seed0,1
persistence,CoPy_R,19,MAE,0.29004734033463664,1297860,f4d62ad7513e0a9d,True,location-k4-fold1-seed0,1
persistence,CoPy_R,19,SS_vs_persistence,5.832778704473185e-12,1297860,f4d62ad7513e0a9d,True,location-k4-fold1-seed0,1
persistence,CoPy_R,19,SS_vs_seasonal,0.02588092281234744,1297860,f4d62ad7513e0a9d,True,location-k4-fold1-seed0,1
persistence,CoPy_R,19,SS_vs_ar,-0.7923479845117452,1297860,f4d62ad7513e0a9d,True,location-k4-fold1-seed0,1
persistence,CoPy_R,20,MSE,0.1707022006567582,1297860,f4d62ad7513e0a9d,True,location-k4-fold1-seed0,1
persistence,CoPy_R,20,MAE,0.2905828984854034,1297860,f4d62ad7513e0a9d,True,location-k4-fold1-seed0,1
persistence,CoPy_R,20,SS_vs_persistence,5.858202811737101e-12,1297860,f4d62ad7513e0a9d,True,location-k4-fold1-seed0,1
persistence,CoPy_R,20,SS_vs_seasonal,0.028274966403535662,1297860,f4d62ad7513e0a9d,True,location-k4-fold1-seed0,1
persistence,CoPy_R,20,SS_vs_ar,-0.7850719942207738,1297860,f4d62ad7513e0a9d,True,location-k4-fold1-seed0,1
persistence,CoPy_R,21,MSE,0.1727990433765987,1297860,f4d62ad7513e0a9d,True,location-k4-fold1-seed0,1
persistence,CoPy_R,21,MAE,0.29434297392670333,1297860,f4d62ad7513e0a9d,True,location-k4-fold1-seed0,1
persistence,CoPy_R,21,SS_vs_persistence,5.787148538161091e-12,1297860,f4d62ad7513e0a9d,True,location-k4-fold1-seed0,1
persistence,CoPy_R,21,SS_vs_seasonal,0.01906126812462916,1297860,f4d62ad7513e0a9d,True,location-k4-fold1-seed0,1
persistence,CoPy_R,21,SS_vs_ar,-0.8055435677043539,1297860,f4d62ad7513e0a9d,True,location-k4-fold1-seed0,1
persistence,CoPy_R,22,MSE,0.17137417862946952,1297860,f4d62ad7513e0a9d,True,location-k4-fold1-seed0,1
persistence,CoPy_R,22,MAE,0.29137837331261673,1297860,f4d62ad7513e0a9d,True,location-k4-fold1-seed0,1
persistence,CoPy_R,22,SS_vs_persistence,5.83522119512736e-12,1297860,f4d62ad7513e0a9d,True,location-k4-fold1-seed0,1
persistence,CoPy_R,22,SS_vs_seasonal,0.02941365158414233,1297860,f4d62ad7513e0a9d,True,location-k4-fold1-seed0,1
persistence,CoPy_R,22,SS_vs_ar,-0.788605483988531,1297860,f4d62ad7513e0a9d,True,location-k4-fold1-seed0,1
persistence,CoPy_R,23,MSE,0.16910696857863786,1297860,f4d62ad7513e0a9d,True,location-k4-fold1-seed0,1
persistence,CoPy_R,23,MAE,0.2884931309109034,1297860,f4d62ad7513e0a9d,True,location-k4-fold1-seed0,1
persistence,CoPy_R,23,SS_vs_persistence,5.913491918363434e-12,1297860,f4d62ad7513e0a9d,True,location-k4-fold1-seed0,1
persistence,CoPy_R,23,SS_vs_seasonal,0.03384684331578358,1297860,f4d62ad7513e0a9d,True,location-k4-fold1-seed0,1
persistence,CoPy_R,23,SS_vs_ar,-0.7598826613379097,1297860,f4d62ad7513e0a9d,True,location-k4-fold1-seed0,1
persistence,CoPy_R,24,MSE,0.16933192072441206,1297860,f4d62ad7513e0a9d,True,location-k4-fold1-seed0,1
persistence,CoPy_R,24,MAE,0.29178380228732026,1297860,f4d62ad7513e0a9d,True,location-k4-fold1-seed0,1
persistence,CoPy_R,24,SS_vs_persistence,5.905609334888595e-12,1297860,f4d62ad7513e0a9d,True,location-k4-fold1-seed0,1
persistence,CoPy_R,24,SS_vs_seasonal,0.027530019204773493,1297860,f4d62ad7513e0a9d,True,location-k4-fold1-seed0,1
persistence,CoPy_R,24,SS_vs_ar,-0.7586571241914362,1297860,f4d62ad7513e0a9d,True,location-k4-fold1-seed0,1
persistence,CoPy_R,25,MSE,0.17227057304831062,1297860,f4d62ad7513e0a9d,True,location-k4-fold1-seed0,1
persistence,CoPy_R,25,MAE,0.29592001646453175,1297860,f4d62ad7513e0a9d,True,location-k4-fold1-seed0,1
persistence,CoPy_R,25,SS_vs_persistence,5.804801084252631e-12,1297860,f4d62ad7513e0a9d,True,location-k4-fold1-seed0,1
persistence,CoPy_R,25,SS_vs_seasonal,0.014570405047765411,1297860,f4d62ad7513e0a9d,True,location-k4-fold1-seed0,1
persistence,CoPy_R,25,SS_vs_ar,-0.7788103850998922,1297860,f4d62ad7513e0a9d,True,location-k4-fold1-seed0,1
persistence,CoPy_R,26,MSE,0.17583710865873836,1297860,f4d62ad7513e0a9d,True,location-k4-fold1-seed0,1
persistence,CoPy_R,26,MAE,0.29963568542084035,1297860,f4d62ad7513e0a9d,True,location-k4-fold1-seed0,1
persistence,CoPy_R,26,SS_vs_persistence,5.687117443642364e-12,1297860,f4d62ad7513e0a9d,True,location-k4-fold1-seed0,1
persistence,CoPy_R,26,SS_vs_seasonal,-0.004077002022054632,1297860,f4d62ad7513e0a9d,True,location-k4-fold1-seed0,1
persistence,CoPy_R,26,SS_vs_ar,-0.8089117617603057,1297860,f4d62ad7513e0a9d,True,location-k4-fold1-seed0,1
persistence,CoPy_R,27,MSE,0.17560934293325414,1297860,f4d62ad7513e0a9d,True,location-k4-fold1-seed0,1
persistence,CoPy_R,27,MAE,0.29841669912274116,1297860,f4d62ad7513e0a9d,True,location-k4-fold1-seed0,1
persistence,CoPy_R,27,SS_vs_persistence,5.6944449156048904e-12,1297860,f4d62ad7513e0a9d,True,location-k4-fold1-seed0,1
persistence,CoPy_R,27,SS_vs_seasonal,-0.00031330395428130764,1297860,f4d62ad7513e0a9d,True,location-k4-fold1-seed0,1
persistence,CoPy_R,27,SS_vs_ar,-0.8043551301807947,1297860,f4d62ad7513e0a9d,True,location-k4-fold1-seed0,1
persistence,CoPy_R,28,MSE,0.17625493184728194,1297860,f4d62ad7513e0a9d,True,location-k4-fold1-seed0,1
persistence,CoPy_R,28,MAE,0.2963740711772488,1297860,f4d62ad7513e0a9d,True,location-k4-fold1-seed0,1
persistence,CoPy_R,28,SS_vs_persistence,5.6736837450444e-12,1297860,f4d62ad7513e0a9d,True,location-k4-fold1-seed0,1
persistence,CoPy_R,28,SS_vs_seasonal,0.019480979086384242,1297860,f4d62ad7513e0a9d,True,location-k4-fold1-seed0,1
persistence,CoPy_R,28,SS_vs_ar,-0.8103256616475836,1297860,f4d62ad7513e0a9d,True,location-k4-fold1-seed0,1
persistence,CoPy_R,29,MSE,0.17303746425214786,1297860,f4d62ad7513e0a9d,True,location-k4-fold1-seed0,1
persistence,CoPy_R,29,MAE,0.2939382525042833,1297860,f4d62ad7513e0a9d,True,location-k4-fold1-seed0,1
persistence,CoPy_R,29,SS_vs_persistence,5.77915493238379e-12,1297860,f4d62ad7513e0a9d,True,location-k4-fold1-seed0,1
persistence,CoPy_R,29,SS_vs_seasonal,0.02926395485679001,1297860,f4d62ad7513e0a9d,True,location-k4-fold1-seed0,1
persistence,CoPy_R,29,SS_vs_ar,-0.7763641230554246,1297860,f4d62ad7513e0a9d,True,location-k4-fold1-seed0,1
persistence,CoPy_R,30,MSE,0.170024163553769,1297860,f4d62ad7513e0a9d,True,location-k4-fold1-seed0,1
persistence,CoPy_R,30,MAE,0.29057860089918913,1297860,f4d62ad7513e0a9d,True,location-k4-fold1-seed0,1
persistence,CoPy_R,30,SS_vs_persistence,5.881517495254229e-12,1297860,f4d62ad7513e0a9d,True,location-k4-fold1-seed0,1
persistence,CoPy_R,30,SS_vs_seasonal,0.042000513796688455,1297860,f4d62ad7513e0a9d,True,location-k4-fold1-seed0,1
persistence,CoPy_R,30,SS_vs_ar,-0.742789930798694,1297860,f4d62ad7513e0a9d,True,location-k4-fold1-seed0,1
persistence,CoPy_R,all,MSE,0.1636133215710668,1297860,f4d62ad7513e0a9d,True,location-k4-fold1-seed0,1
persistence,CoPy_R,all,MAE,0.2841869499847629,1297860,f4d62ad7513e0a9d,True,location-k4-fold1-seed0,1
persistence,CoPy_R,all,SS_vs_persistence,6.111999795166412e-12,1297860,f4d62ad7513e0a9d,True,location-k4-fold1-seed0,1
persistence,CoPy_R,all,SS_vs_seasonal,0.03179464451002845,1297860,f4d62ad7513e0a9d,True,location-k4-fold1-seed0,1
persistence,CoPy_R,all,SS_vs_ar,-0.7618157095740268,1297860,f4d62ad7513e0a9d,True,location-k4-fold1-seed0,1
seasonal,F_R,1,MSE,110121.36979354291,1297860,f4d62ad7513e0a9d,True,location-k4-fold1-seed0,1
seasonal,F_R,1,MAE,171.7129351563132,1297860,f4d62ad7513e0a9d,True,location-k4-fold1-seed0,1
seasonal,F_R,1,SS_vs_persistence,-0.1941530361868229,1297860,f4d62ad7513e0a9d,True,location-k4-fold1-seed0,1
seasonal,F_R,1,SS_vs_seasonal,0.0,1297860,f4d62ad7513e0a9d,True,location-k4-fold1-seed0,1
seasonal,F_R,1,SS_vs_ar,-0.8354542560071136,1297860,f4d62ad7513e0a9d,True,location-k4-fold1-seed0,1
seasonal,F_R,2,MSE,111597.62844558005,1297860,f4d62ad7513e0a9d,True,location-k4-fold1-seed0,1
seasonal,F_R,2,MAE,173.8279636917936,1297860,f4d62ad7513e0a9d,True,location-k4-fold1-seed0,1
seasonal,F_R,2,SS_vs_persistence,-0.05762847148003147,1297860,f4d62ad7513e0a9d,True,location-k4-fold1-seed0,1
seasonal,F_R,2,SS_vs_seasonal,0.0,1297860,f4d62ad7513e0a9d,True,location-k4-fold1-seed0,1
seasonal,F_R,2,SS_vs_ar,-0.7341591489930912,1297860,f4d62ad7513e0a9d,True,location-k4-fold1-seed0,1
seasonal,F_R,3,MSE,111215.33870378221,1297860,f4d62ad7513e0a9d,True,location-k4-fold1-seed0,1
seasonal,F_R,3,MAE,173.73953856688246,1297860,f4d62ad7513e0a9d,True,location-k4-fold1-seed0,1
seasonal,F_R,3,SS_vs_persistence,-0.049284021452175475,1297860,f4d62ad7513e0a9d,True,location-k4-fold1-seed0,1
seasonal,F_R,3,SS_vs_seasonal,0.0,1297860,f4d62ad7513e0a9d,True,location-k4-fold1-seed0,1
seasonal,F_R,3,SS_vs_ar,-0.7048034669425367,1297860,f4d62ad7513e0a9d,True,location-k4-fold1-seed0,1
seasonal,F_R,4,MSE,111287.00690012645,1297860,f4d62ad7513e0a9d,True,location-k4-fold1-seed0,1
seasonal,F_R,4,MAE,174.76906792908434,1297860,f4d62ad7513e0a9d,True,location-k4-fold1-seed0,1
seasonal,F_R,4,SS_vs_persistence,-0.028167615354385722,1297860,f4d62ad7513e0a9d,True,location-k4-fold1-seed0,1
seasonal,F_R,4,SS_vs_seasonal,0.0,1297860,f4d62ad7513e0a9d,True,location-k4-fold1-seed0,1
seasonal,F_R,4,SS_vs_ar,-0.6805610006045073,1297860,f4d62ad7513e0a9d,True,location-k4-fold1-seed0,1
seasonal,F_R,5,MSE,111341.34918674962,1297860,f4d62ad7513e0a9d,True,location-k4-fold1-seed0,1
seasonal,F_R,5,MAE,175.08867390997548,1297860,f4d62ad7513e0a9d,True,location-k4-fold1-seed0,1
seasonal,F_R,5,SS_vs_persistence,-0.00014338772486244267,1297860,f4d62ad7513e0a9d,True,location-k4-fold1-seed0,1
seasonal,F_R,5,SS_vs_seasonal,0.0,1297860,f4d62ad7513e0a9d,True,location-k4-fold1-seed0,1
seasonal,F_R,5,SS_vs_ar,-0.6584297461971675,1297860,f4d62ad7513e0a9d,True,location-k4-fold1-seed0,1
seasonal,F_R,6,MSE,110458.03642330295,1297860,f4d62ad7513e0a9d,True,location-k4-fold1-seed0,1
seasonal,F_R,6,MAE,174.47921823329906,1297860,f4d62ad7513e0a9d,True,location-k4-fold1-seed0,1
seasonal,F_R,6,SS_vs_persistence,-0.020329665800533414,1297860,f4d62ad7513e0a9d,True,location-k4-fold1-seed0,1
seasonal,F_R,6,SS_vs_seasonal,0.0,1297860,f4d62ad7513e0a9d,True,location-k4-fold1-seed0,1
seasonal,F_R,6,SS_vs_ar,-0.6479787981476846,1297860,f4d62ad7513e0a9d,True,location-k4-fold1-seed0,1
seasonal,F_R,7,MSE,109560.43315763042,1297860,f4d62ad7513e0a9d,True,location-k4-fold1-seed0,1
seasonal,F_R,7,MAE,174.2020829356685,1297860,f4d62ad7513e0a9d,True,location-k4-fold1-seed0,1
seasonal,F_R,7,SS_vs_persistence,0.0015643960789154532,1297860,f4d62ad7513e0a9d,True,location-k4-fold1-seed0,1
seasonal,F_R,7,SS_vs_seasonal,0.0,1297860,f4d62ad7513e0a9d,True,location-k4-fold1-seed0,1
seasonal,F_R,7,SS_vs_ar,-0.63369498484829,1297860,f4d62ad7513e0a9d,True,location-k4-fold1-seed0,1
seasonal,F_R,8,MSE,109606.1556549181,1297860,f4d62ad7513e0a9d,True,location-k4-fold1-seed0,1
seasonal,F_R,8,MAE,173.72748496578623,1297860,f4d62ad7513e0a9d,True,location-k4-fold1-seed0,1
seasonal,F_R,8,SS_vs_persistence,0.009751656017497279,1297860,f4d62ad7513e0a9d,True,location-k4-fold1-seed0,1
seasonal,F_R,8,SS_vs_seasonal,0.0,1297860,f4d62ad7513e0a9d,True,location-k4-fold1-seed0,1
seasonal,F_R,8,SS_vs_ar,-0.6194704673595155,1297860,f4d62ad7513e0a9d,True,location-k4-fold1-seed0,1
seasonal,F_R,9,MSE,107267.46631288683,1297860,f4d62ad7513e0a9d,True,location-k4-fold1-seed0,1
seasonal,F_R,9,MAE,172.0681474632851,1297860,f4d62ad7513e0a9d,True,location-k4-fold1-seed0,1
seasonal,F_R,9,SS_vs_persistence,-0.00027614289763766564,1297860,f4d62ad7513e0a9d,True,location-k4-fold1-seed0,1
seasonal,F_R,9,SS_vs_seasonal,0.0,1297860,f4d62ad7513e0a9d,True,location-k4-fold1-seed0,1
seasonal,F_R,9,SS_vs_ar,-0.5783345479923006,1297860,f4d62ad7513e0a9d,True,location-k4-fold1-seed0,1
seasonal,F_R,10,MSE,118036.5067079061,1297860,f4d62ad7513e0a9d,True,location-k4-fold1-seed0,1
seasonal,F_R,10,MAE,182.2937953529783,1297860,f4d62ad7513e0a9d,True,location-k4-fold1-seed0,1
seasonal,F_R,10,SS_vs_persistence,-0.10022610402012821,1297860,f4d62ad7513e0a9d,True,location-k4-fold1-seed0,1
seasonal,F_R,10,SS_vs_seasonal,0.0,1297860,f4d62ad7513e0a9d,True,location-k4-fold1-seed0,1
seasonal,F_R,10,SS_vs_ar,-0.7134784363384334,1297860,f4d62ad7513e0a9d,True,location-k4-fold1-seed0,1
seasonal,F_R,11,MSE,118414.16262075398,1297860,f4d62ad7513e0a9d,True,location-k4-fold1-seed0,1
seasonal,F_R,11,MAE,182.4833432008388,1297860,f4d62ad7513e0a9d,True,location-k4-fold1-seed0,1
seasonal,F_R,11,SS_vs_persistence,-0.06107425089702945,1297860,f4d62ad7513e0a9d,True,location-k4-fold1-seed0,1
seasonal,F_R,11,SS_vs_seasonal,0.0,1297860,f4d62ad7513e0a9d,True,location-k4-fold1-seed0,1
seasonal,F_R,11,SS_vs_ar,-0.6835454008270487,1297860,f4d62ad7513e0a9d,True,location-k4-fold1-seed0,1
seasonal,F_R,12,MSE,118327.46478132073,1297860,f4d62ad7513e0a9d,True,location-k4-fold1-seed0,1
seasonal,F_R,12,MAE,182.85101793807752,1297860,f4d62ad7513e0a9d,True,location-k4-fold1-seed0,1
seasonal,F_R,12,SS_vs_persistence,-0.04722917249874703,1297860,f4d62ad7513e0a9d,True,location-k4-fold1-seed0,1
seasonal,F_R,12,SS_vs_seasonal,0.0,1297860,f4d62ad7513e0a9d,True,location-k4-fold1-seed0,1
seasonal,F_R,12,SS_vs_ar,-0.6624208005080394,1297860,f4d62ad7513e0a9d,True,location-k4-fold1-seed0,1
seasonal,F_R,13,MSE,118609.7218960728,1297860,f4d62ad7513e0a9d,True,location-k4-fold1-seed0,1
seasonal,F_R,13,MAE,182.6825918716375,1297860,f4d62ad7513e0a9d,True,location-k4-fold1-seed0,1
seasonal,F_R,13,SS_vs_persistence,-0.048038182676268804,1297860,f4d62ad7513e0a9d,True,location-k4-fold1-seed0,1
seasonal,F_R,13,SS_vs_seasonal,0.0,1297860,f4d62ad7513e0a9d,True,location-k4-fold1-seed0,1
seasonal,F_R,13,SS_vs_ar,-0.6502956188633418,1297860,f4d62ad7513e0a9d,True,location-k4-fold1-seed0,1
seasonal,F_R,14,MSE,118520.54260715099,1297860,f4d62ad7513e0a9d,True,location-k4-fold1-seed0,1
seasonal,F_R,14,MAE,182.87021078734296,1297860,f4d62ad7513e0a9d,True,location-k4-fold1-seed0,1
seasonal,F_R,14,SS_vs_persistence,-0.0391688272792321,1297860,f4d62ad7513e0a9d,True,location-k4-fold1-seed0,1
seasonal,F_R,14,SS_vs_seasonal,0.0,1297860,f4d62ad7513e0a9d,True,location-k4-fold1-seed0,1
seasonal,F_R,14,SS_vs_ar,-0.6355570683185248,1297860,f4d62ad7513e0a9d,True,location-k4-fold1-seed0,1
seasonal,F_R,15,MSE,117999.92981601521,1297860,f4d62ad7513e0a9d,True,location-k4-fold1-seed0,1
seasonal,F_R,15,MAE,183.24746415305472,1297860,f4d62ad7513e0a9d,True,location-k4-fold1-seed0,1
seasonal,F_R,15,SS_vs_persistence,-0.049692232442559936,1297860,f4d62ad7513e0a9d,True,location-k4-fold1-seed0,1
seasonal,F_R,15,SS_vs_seasonal,0.0,1297860,f4d62ad7513e0a9d,True,location-k4-fold1-seed0,1
seasonal,F_R,15,SS_vs_ar,-0.6271610571932371,1297860,f4d62ad7513e0a9d,True,location-k4-fold1-seed0,1
seasonal,F_R,16,MSE,118934.2975846688,1297860,f4d62ad7513e0a9d,True,location-k4-fold1-seed0,1
seasonal,F_R,16,MAE,183.96783025428638,1297860,f4d62ad7513e0a9d,True,location-k4-fold1-seed0,1
seasonal,F_R,16,SS_vs_persistence,-0.015330860610141661,1297860,f4d62ad7513e0a9d,True,location-k4-fold1-seed0,1
seasonal,F_R,16,SS_vs_seasonal,0.0,1297860,f4d62ad7513e0a9d,True,location-k4-fold1-seed0,1
seasonal,F_R,16,SS_vs_ar,-0.6031026511041278,1297860,f4d62ad7513e0a9d,True,location-k4-fold1-seed0,1
seasonal,F_R,17,MSE,119509.43640913887,1297860,f4d62ad7513e0a9d,True,location-k4-fold1-seed0,1
seasonal,F_R,17,MAE,184.06088174866943,1297860,f4d62ad7513e0a9d,True,location-k4-fold1-seed0,1
seasonal,F_R,17,SS_vs_persistence,-0.02779595679813407,1297860,f4d62ad7513e0a9d,True,location-k4-fold1-seed0,1
seasonal,F_R,17,SS_vs_seasonal,0.0,1297860,f4d62ad7513e0a9d,True,location-k4-fold1-seed0,1
seasonal,F_R,17,SS_vs_ar,-0.6022867001772605,1297860,f4d62ad7513e0a9d,True,location-k4-fold1-seed0,1
seasonal,F_R,18,MSE,116527.50495421946,1297860,f4d62ad7513e0a9d,True,location-k4-fold1-seed0,1
seasonal,F_R,18,MAE,182.64843976860828,1297860,f4d62ad7513e0a9d,True,location-k4-fold1-seed0,1
seasonal,F_R,18,SS_vs_persistence,0.001035836082435182,1297860,f4d62ad7513e0a9d,True,location-k4-fold1-seed0,1
seasonal,F_R,18,SS_vs_seasonal,0.0,1297860,f4d62ad7513e0a9d,True,location-k4-fold1-seed0,1
seasonal,F_R,18,SS_vs_ar,-0.5537922534053119,1297860,f4d62ad7513e0a9d,True,location-k4-fold1-seed0,1
seasonal,F_R,19,MSE,125002.52025345736,1297860,f4d62ad7513e0a9d,True,location-k4-fold1-seed0,1
seasonal,F_R,19,MAE,191.2781861598733,1297860,f4d62ad7513e0a9d,True,location-k4-fold1-seed0,1
seasonal,F_R,19,SS_vs_persistence,-0.07502028898833313,1297860,f4d62ad7513e0a9d,True,location-k4-fold1-seed0,1
seasonal,F_R,19,SS_vs_seasonal,0.0,1297860,f4d62ad7513e0a9d,True,location-k4-fold1-seed0,1
seasonal,F_R,19,SS_vs_ar,-0.6530410288747797,1297860,f4d62ad7513e0a9d,True,location-k4-fold1-seed0,1
seasonal,F_R,20,MSE,124765.45274187597,1297860,f4d62ad7513e0a9d,True,location-k4-fold1-seed0,1
seasonal,F_R,20,MAE,190.9761735804065,1297860,f4d62ad7513e0a9d,True,location-k4-fold1-seed0,1
seasonal,F_R,20,SS_vs_persistence,-0.08810749944402474,1297860,f4d62ad7513e0a9d,True,location-k4-fold1-seed0,1
seasonal,F_R,20,SS_vs_seasonal,0.0,1297860,f4d62ad7513e0a9d,True,location-k4-fold1-seed0,1
seasonal,F_R,20,SS_vs_ar,-0.6333410764999678,1297860,f4d62ad7513e0a9d,True,location-k4-fold1-seed0,1
seasonal,F_R,21,MSE,124447.56355763035,1297860,f4d62ad7513e0a9d,True,location-k4-fold1-seed0,1
seasonal,F_R,21,MAE,190.93778414036495,1297860,f4d62ad7513e0a9d,True,location-k4-fold1-seed0,1
seasonal,F_R,21,SS_vs_persistence,-0.08568654469557746,1297860,f4d62ad7513e0a9d,True,location-k4-fold1-seed0,1
seasonal,F_R,21,SS_vs_seasonal,0.0,1297860,f4d62ad7513e0a9d,True,location-k4-fold1-seed0,1
seasonal,F_R,21,SS_vs_ar,-0.610034727029168,1297860,f4d62ad7513e0a9d,True,location-k4-fold1-seed0,1
seasonal,F_R,22,MSE,123760.14281579241,1297860,f4d62ad7513e0a9d,True,location-k4-fold1-seed0,1
seasonal,F_R,22,MAE,190.82512610301765,1297860,f4d62ad7513e0a9d,True,location-k4-fold1-seed0,1
seasonal,F_R,22,SS_vs_persistence,-0.05945698465772131,1297860,f4d62ad7513e0a9d,True,location-k4-fold1-seed0,1
seasonal,F_R,22,SS_vs_seasonal,0.0,1297860,f4d62ad7513e0a9d,True,location-k4-fold1-seed0,1
seasonal,F_R,22,SS_vs_ar,-0.5888081494237016,1297860,f4d62ad7513e0a9d,True,location-k4-fold1-seed0,1
seasonal,F_R,23,MSE,123958.49058309471,1297860,f4d62ad7513e0a9d,True,location-k4-fold1-seed0,1
seasonal,F_R,23,MAE,191.36114287225402,1297860,f4d62ad7513e0a9d,True,location-k4-fold1-seed0,1
seasonal,F_R,23,SS_vs_persistence,-0.07110651581362326,1297860,f4d62ad7513e0a9d,True,location-k4-fold1-seed0,1
seasonal,F_R,23,SS_vs_seasonal,0.0,1297860,f4d62ad7513e0a9d,True,location-k4-fold1-seed0,1
seasonal,F_R,23,SS_vs_ar,-0.5783335590083216,1297860,f4d62ad7513e0a9d,True,location-k4-fold1-seed0,1
seasonal,F_R,24,MSE,123979.00000287319,1297860,f4d62ad7513e0a9d,True,location-k4-fold1-seed0,1
seasonal,F_R,24,MAE,191.74859017846566,1297860,f4d62ad7513e0a9d,True,location-k4-fold1-seed0,1
seasonal,F_R,24,SS_vs_persistence,-0.05170761684793068,1297860,f4d62ad7513e0a9d,True,location-k4-fold1-seed0,1
seasonal,F_R,24,SS_vs_seasonal,0.0,1297860,f4d62ad7513e0a9d,True,location-k4-fold1-seed0,1
seasonal,F_R,24,SS_vs_ar,-0.5545132546029727,1297860,f4d62ad7513e0a9d,True,location-k4-fold1-seed0,1
seasonal,F_R,25,MSE,124015.20067765248,1297860,f4d62ad7513e0a9d,True,location-k4-fold1-seed0,1
seasonal,F_R,25,MAE,191.6525210569737,1297860,f4d62ad7513e0a9d,True,location-k4-fold1-seed0,1
seasonal,F_R,25,SS_vs_persistence,-0.041878577474638856,1297860,f4d62ad7513e0a9d,True,location-k4-fold1-seed0,1
seasonal,F_R,25,SS_vs_seasonal,0.0,1297860,f4d62ad7513e0a9d,True,location-k4-fold1-seed0,1
seasonal,F_R,25,SS_vs_ar,-0.5364504933544918,1297860,f4d62ad7513e0a9d,True,location-k4-fold1-seed0,1
seasonal,F_R,26,MSE,125101.48129653442,1297860,f4d62ad7513e0a9d,True,location-k4-fold1-seed0,1
seasonal,F_R,26,MAE,192.49459471347004,1297860,f4d62ad7513e0a9d,True,location-k4-fold1-seed0,1
seasonal,F_R,26,SS_vs_persistence,-0.023661361439980766,1297860,f4d62ad7513e0a9d,True,location-k4-fold1-seed0,1
seasonal,F_R,26,SS_vs_seasonal,0.0,1297860,f4d62ad7513e0a9d,True,location-k4-fold1-seed0,1
seasonal,F_R,26,SS_vs_ar,-0.5283865485178609,1297860,f4d62ad7513e0a9d,True,location-k4-fold1-seed0,1
seasonal,F_R,27,MSE,122447.82615291986,1297860,f4d62ad7513e0a9d,True,location-k4-fold1-seed0,1
seasonal,F_R,27,MAE,191.54831864749954,1297860,f4d62ad7513e0a9d,True,location-k4-fold1-seed0,1
seasonal,F_R,27,SS_vs_persistence,0.0016111672523920761,1297860,f4d62ad7513e0a9d,True,location-k4-fold1-seed0,1
seasonal,F_R,27,SS_vs_seasonal,0.0,1297860,f4d62ad7513e0a9d,True,location-k4-fold1-seed0,1
seasonal,F_R,27,SS_vs_ar,-0.5074899238659518,1297860,f4d62ad7513e0a9d,True,location-k4-fold1-seed0,1
seasonal,F_R,28,MSE,124342.93315499452,1297860,f4d62ad7513e0a9d,True,location-k4-fold1-seed0,1
seasonal,F_R,28,MAE,191.24465508553806,1297860,f4d62ad7513e0a9d,True,location-k4-fold1-seed0,1
seasonal,F_R,28,SS_vs_persistence,-0.0311777104229769,1297860,f4d62ad7513e0a9d,True,location-k4-fold1-seed0,1
seasonal,F_R,28,SS_vs_seasonal,0.0,1297860,f4d62ad7513e0a9d,True,location-k4-fold1-seed0,1
seasonal,F_R,28,SS_vs_ar,-0.5350656214931502,1297860,f4d62ad7513e0a9d,True,location-k4-fold1-seed0,1
seasonal,F_R,29,MSE,124236.64545508058,1297860,f4d62ad7513e0a9d,True,location-k4-fold1-seed0,1
seasonal,F_R,29,MAE,190.69463918609287,1297860,f4d62ad7513e0a9d,True,location-k4-fold1-seed0,1
seasonal,F_R,29,SS_vs_persistence,-0.04243397297931617,1297860,f4d62ad7513e0a9d,True,location-k4-fold1-seed0,1
seasonal,F_R,29,SS_vs_seasonal,0.0,1297860,f4d62ad7513e0a9d,True,location-k4-fold1-seed0,1
seasonal,F_R,29,SS_vs_ar,-0.5355927540177938,1297860,f4d62ad7513e0a9d,True,location-k4-fold1-seed0,1
seasonal,F_R,30,MSE,124141.1797050322,1297860,f4d62ad7513e0a9d,True,location-k4-fold1-seed0,1
seasonal,F_R,30,MAE,190.58533171951387,1297860,f4d62ad7513e0a9d,True,location-k4-fold1-seed0,1
seasonal,F_R,30,SS_vs_persistence,-0.06491530567472448,1297860,f4d62ad7513e0a9d,True,location-k4-fold1-seed0,1
seasonal,F_R,30,SS_vs_seasonal,0.0,1297860,f4d62ad7513e0a9d,True,location-k4-fold1-seed0,1
seasonal,F_R,30,SS_vs_ar,-0.5332372266338896,1297860,f4d62ad7513e0a9d,True,location-k4-fold1-seed0,1
seasonal,F_R,all,MSE,118251.0929451664,1297860,f4d62ad7513e0a9d,True,location-k4-fold1-seed0,1
seasonal,F_R,all,MAE,183.53559171236842,1297860,f4d62ad7513e0a9d,True,location-k4-fold1-seed0,1
seasonal,F_R,all,SS_vs_persistence,-0.04431438488911188,1297860,f4d62ad7513e0a9d,True,location-k4-fold1-seed0,1
seasonal,F_R,all,SS_vs_seasonal,0.0,1297860,f4d62ad7513e0a9d,True,location-k4-fold1-seed0,1
seasonal,F_R,all,SS_vs_ar,-0.6155561008800639,1297860,f4d62ad7513e0a9d,True,location-k4-fold1-seed0,1
seasonal,CoPx_R,1,MSE,0.240621808147643,1297860,f4d62ad7513e0a9d,True,location-k4-fold1-seed0,1
seasonal,CoPx_R,1,MAE,0.3135803973943265,1297860,f4d62ad7513e0a9d,True,location-k4-fold1-seed0,1
seasonal,CoPx_R,1,SS_vs_persistence,-0.12469063954589488,1297860,f4d62ad7513e0a9d,True,location-k4-fold1-seed0,1
seasonal,CoPx_R,1,SS_vs_seasonal,4.1558978480793485e-12,1297860,f4d62ad7513e0a9d,True,location-k4-fold1-seed0,1
seasonal,CoPx_R,1,SS_vs_ar,-0.8607013776401156,1297860,f4d62ad7513e0a9d,True,location-k4-fold1-seed0,1
seasonal,CoPx_R,2,MSE,0.24610612893791933,1297860,f4d62ad7513e0a9d,True,location-k4-fold1-seed0,1
seasonal,CoPx_R,2,MAE,0.3198111911734806,1297860,f4d62ad7513e0a9d,True,location-k4-fold1-seed0,1
seasonal,CoPx_R,2,SS_vs_persistence,-0.017599219037327973,1297860,f4d62ad7513e0a9d,True,location-k4-fold1-seed0,1
seasonal,CoPx_R,2,SS_vs_seasonal,4.0633052478256104e-12,1297860,f4d62ad7513e0a9d,True,location-k4-fold1-seed0,1
seasonal,CoPx_R,2,SS_vs_ar,-0.8366836577249521,1297860,f4d62ad7513e0a9d,True,location-k4-fold1-seed0,1
seasonal,CoPx_R,3,MSE,0.24511921840839895,1297860,f4d62ad7513e0a9d,True,location-k4-fold1-seed0,1
seasonal,CoPx_R,3,MAE,0.31878175773748085,1297860,f4d62ad7513e0a9d,True,location-k4-fold1-seed0,1
seasonal,CoPx_R,3,SS_vs_persistence,-0.01921406970735018,1297860,f4d62ad7513e0a9d,True,location-k4-fold1-seed0,1
seasonal,CoPx_R,3,SS_vs_seasonal,4.0796255262876e-12,1297860,f4d62ad7513e0a9d,True,location-k4-fold1-seed0,1
seasonal,CoPx_R,3,SS_vs_ar,-0.8162198590672616,1297860,f4d62ad7513e0a9d,True,location-k4-fold1-seed0,1
seasonal,CoPx_R,4,MSE,0.2472491716649011,1297860,f4d62ad7513e0a9d,True,location-k4-fold1-seed0,1
seasonal,CoPx_R,4,MAE,0.3210581137340391,1297860,f4d62ad7513e0a9d,True,location-k4-fold1-seed0,1
seasonal,CoPx_R,4,SS_vs_persistence,0.001069295140598392,1297860,f4d62ad7513e0a9d,True,location-k4-fold1-seed0,1
seasonal,CoPx_R,4,SS_vs_seasonal,4.044542478709445e-12,1297860,f4d62ad7513e0a9d,True,location-k4-fold1-seed0,1
seasonal,CoPx_R,4,SS_vs_ar,-0.8084310065443758,1297860,f4d62ad7513e0a9d,True,location-k4-fold1-seed0,1
seasonal,CoPx_R,5,MSE,0.24914713097365,1297860,f4d62ad7513e0a9d,True,location-k4-fold1-seed0,1
seasonal,CoPx_R,5,MAE,0.3233737754455183,1297860,f4d62ad7513e0a9d,True,location-k4-fold1-seed0,1
seasonal,CoPx_R,5,SS_vs_persistence,0.04168799207244267,1297860,f4d62ad7513e0a9d,True,location-k4-fold1-seed0,1
seasonal,CoPx_R,5,SS_vs_seasonal,4.013678278624866e-12,1297860,f4d62ad7513e0a9d,True,location-k4-fold1-seed0,1
seasonal,CoPx_R,5,SS_vs_ar,-0.8108544482127962,1297860,f4d62ad7513e0a9d,True,location-k4-fold1-seed0,1
seasonal,CoPx_R,6,MSE,0.24755499306487116,1297860,f4d62ad7513e0a9d,True,location-k4-fold1-seed0,1
seasonal,CoPx_R,6,MAE,0.32169635011664816,1297860,f4d62ad7513e0a9d,True,location-k4-fold1-seed0,1
seasonal,CoPx_R,6,SS_vs_persistence,0.0303852135149697,1297860,f4d62ad7513e0a9d,True,location-k4-fold1-seed0,1
seasonal,CoPx_R,6,SS_vs_seasonal,4.039546475098632e-12,1297860,f4d62ad7513e0a9d,True,location-k4-fold1-seed0,1
seasonal,CoPx_R,6,SS_vs_ar,-0.802833050576794,1297860,f4d62ad7513e0a9d,True,location-k4-fold1-seed0,1
seasonal,CoPx_R,7,MSE,0.24719942152784477,1297860,f4d62ad7513e0a9d,True,location-k4-fold1-seed0,1
seasonal,CoPx_R,7,MAE,0.3211379410598629,1297860,f4d62ad7513e0a9d,True,location-k4-fold1-seed0,1
seasonal,CoPx_R,7,SS_vs_persistence,0.03845908900799733,1297860,f4d62ad7513e0a9d,True,location-k4-fold1-seed0,1
seasonal,CoPx_R,7,SS_vs_seasonal,4.045319634826683e-12,1297860,f4d62ad7513e0a9d,True,location-k4-fold1-seed0,1
seasonal,CoPx_R,7,SS_vs_ar,-0.8029942268965613,1297860,f4d62ad7513e0a9d,True,location-k4-fold1-seed0,1
seasonal,CoPx_R,8,MSE,0.24694459918589445,1297860,f4d62ad7513e0a9d,True,location-k4-fold1-seed0,1
seasonal,CoPx_R,8,MAE,0.32096808621468176,1297860,f4d62ad7513e0a9d,True,location-k4-fold1-seed0,1
seasonal,CoPx_R,8,SS_vs_persistence,0.025910202767186585,1297860,f4d62ad7513e0a9d,True,location-k4-fold1-seed0,1
seasonal,CoPx_R,8,SS_vs_seasonal,4.0495384823202585e-12,1297860,f4d62ad7513e0a9d,True,location-k4-fold1-seed0,1
seasonal,CoPx_R,8,SS_vs_ar,-0.7997168660363188,1297860,f4d62ad7513e0a9d,True,location-k4-fold1-seed0,1
seasonal,CoPx_R,9,MSE,0.2434174973632964,1297860,f4d62ad7513e0a9d,True,location-k4-fold1-seed0,1
seasonal,CoPx_R,9,MAE,0.31768930050967514,1297860,f4d62ad7513e0a9d,True,location-k4-fold1-seed0,1
seasonal,CoPx_R,9,SS_vs_persistence,-0.002169488934094188,1297860,f4d62ad7513e0a9d,True,location-k4-fold1-seed0,1
seasonal,CoPx_R,9,SS_vs_seasonal,4.108158258020467e-12,1297860,f4d62ad7513e0a9d,True,location-k4-fold1-seed0,1
seasonal,CoPx_R,9,SS_vs_ar,-0.7693062090070388,1297860,f4d62ad7513e0a9d,True,location-k4-fold1-seed0,1
seasonal,CoPx_R,10,MSE,0.2595116021474507,1297860,f4d62ad7513e0a9d,True,location-k4-fold1-seed0,1
seasonal,CoPx_R,10,MAE,0.33393673999559276,1297860,f4d62ad7513e0a9d,True,location-k4-fold1-seed0,1
seasonal,CoPx_R,10,SS_vs_persistence,-0.076025698849435,1297860,f4d62ad7513e0a9d,True,location-k4-fold1-seed0,1
seasonal,CoPx_R,10,SS_vs_seasonal,3.853362073868993e-12,1297860,f4d62ad7513e0a9d,True,location-k4-fold1-seed0,1
seasonal,CoPx_R,10,SS_vs_ar,-0.8678559867783813,1297860,f4d62ad7513e0a9d,True,location-k4-fold1-seed0,1
seasonal,CoPx_R,11,MSE,0.26138488643873414,1297860,f4d62ad7513e0a9d,True,location-k4-fold1-seed0,1
seasonal,CoPx_R,11,MAE,0.33575098361641975,1297860,f4d62ad7513e0a9d,True,location-k4-fold1-seed0,1
seasonal,CoPx_R,11,SS_vs_persistence,-0.06638658704584888,1297860,f4d62ad7513e0a9d,True,location-k4-fold1-seed0,1
seasonal,CoPx_R,11,SS_vs_seasonal,3.825717520555827e-12,1297860,f4d62ad7513e0a9d,True,location-k4-fold1-seed0,1
seasonal,CoPx_R,11,SS_vs_ar,-0.8559558378763574,1297860,f4d62ad7513e0a9d,True,location-k4-fold1-seed0,1
seasonal,CoPx_R,12,MSE,0.26206379812225855,1297860,f4d62ad7513e0a9d,True,location-k4-fold1-seed0,1
seasonal,CoPx_R,12,MAE,0.33688172349979767,1297860,f4d62ad7513e0a9d,True,location-k4-fold1-seed0,1
seasonal,CoPx_R,12,SS_vs_persistence,-0.026183686305440546,1297860,f4d62ad7513e0a9d,True,location-k4-fold1-seed0,1
seasonal,CoPx_R,12,SS_vs_seasonal,3.8157255133342005e-12,1297860,f4d62ad7513e0a9d,True,location-k4-fold1-seed0,1
seasonal,CoPx_R,12,SS_vs_ar,-0.8436486505376493,1297860,f4d62ad7513e0a9d,True,location-k4-fold1-seed0,1
seasonal,CoPx_R,13,MSE,0.2615156331522164,1297860,f4d62ad7513e0a9d,True,location-k4-fold1-seed0,1
seasonal,CoPx_R,13,MAE,0.3360203679593556,1297860,f4d62ad7513e0a9d,True,location-k4-fold1-seed0,1
seasonal,CoPx_R,13,SS_vs_persistence,-0.014602125332687566,1297860,f4d62ad7513e0a9d,True,location-k4-fold1-seed0,1
seasonal,CoPx_R,13,SS_vs_seasonal,3.823830141413964e-12,1297860,f4d62ad7513e0a9d,True,location-k4-fold1-seed0,1
seasonal,CoPx_R,13,SS_vs_ar,-0.836564659778426,1297860,f4d62ad7513e0a9d,True,location-k4-fold1-seed0,1
seasonal,CoPx_R,14,MSE,0.2615844744482594,1297860,f4d62ad7513e0a9d,True,location-k4-fold1-seed0,1
seasonal,CoPx_R,14,MAE,0.3365991926717039,1297860,f4d62ad7513e0a9d,True,location-k4-fold1-seed0,1
seasonal,CoPx_R,14,SS_vs_persistence,-0.018199046385256157,1297860,f4d62ad7513e0a9d,True,location-k4-fold1-seed0,1
seasonal,CoPx_R,14,SS_vs_seasonal,3.822719918389339e-12,1297860,f4d62ad7513e0a9d,True,location-k4-fold1-seed0,1
seasonal,CoPx_R,14,SS_vs_ar,-0.8299540729289105,1297860,f4d62ad7513e0a9d,True,location-k4-fold1-seed0,1
seasonal,CoPx_R,15,MSE,0.2640672794986928,1297860,f4d62ad7513e0a9d,True,location-k4-fold1-seed0,1
seasonal,CoPx_R,15,MAE,0.3383670670673695,1297860,f4d62ad7513e0a9d,True,location-k4-fold1-seed0,1
seasonal,CoPx_R,15,SS_vs_persistence,0.010126464757493125,1297860,f4d62ad7513e0a9d,True,location-k4-fold1-seed0,1
seasonal,CoPx_R,15,SS_vs_seasonal,3.7868597146939464e-12,1297860,f4d62ad7513e0a9d,True,location-k4-fold1-seed0,1
seasonal,CoPx_R,15,SS_vs_ar,-0.8359487617348333,1297860,f4d62ad7513e0a9d,True,location-k4-fold1-seed0,1
seasonal,CoPx_R,16,MSE,0.26439449168515367,1297860,f4d62ad7513e0a9d,True,location-k4-fold1-seed0,1
seasonal,CoPx_R,16,MAE,0.33894038061105536,1297860,f4d62ad7513e0a9d,True,location-k4-fold1-seed0,1
seasonal,CoPx_R,16,SS_vs_persistence,0.035254255400926526,1297860,f4d62ad7513e0a9d,True,location-k4-fold1-seed0,1
seasonal,CoPx_R,16,SS_vs_seasonal,3.782196777990521e-12,1297860,f4d62ad7513e0a9d,True,location-k4-fold1-seed0,1
seasonal,CoPx_R,16,SS_vs_ar,-0.8345806214856923,1297860,f4d62ad7513e0a9d,True,location-k4-fold1-seed0,1
seasonal,CoPx_R,17,MSE,0.264841229892211,1297860,f4d62ad7513e0a9d,True,location-k4-fold1-seed0,1
seasonal,CoPx_R,17,MAE,0.3394280029097696,1297860,f4d62ad7513e0a9d,True,location-k4-fold1-seed0,1
seasonal,CoPx_R,17,SS_vs_persistence,0.013107183063523431,1297860,f4d62ad7513e0a9d,True,location-k4-fold1-seed0,1
seasonal,CoPx_R,17,SS_vs_seasonal,3.775757484447695e-12,1297860,f4d62ad7513e0a9d,True,location-k4-fold1-seed0,1
seasonal,CoPx_R,17,SS_vs_ar,-0.8388057272452834,1297860,f4d62ad7513e0a9d,True,location-k4-fold1-seed0,1
seasonal,CoPx_R,18,MSE,0.2634701731921839,1297860,f4d62ad7513e0a9d,True,location-k4-fold1-seed0,1
seasonal,CoPx_R,18,MAE,0.33799217338036525,1297860,f4d62ad7513e0a9d,True,location-k4-fold1-seed0,1
seasonal,CoPx_R,18,SS_vs_persistence,-0.0013304121842308003,1297860,f4d62ad7513e0a9d,True,location-k4-fold1-seed0,1
seasonal,CoPx_R,18,SS_vs_seasonal,3.79540843198356e-12,1297860,f4d62ad7513e0a9d,True,location-k4-fold1-seed0,1
seasonal,CoPx_R,18,SS_vs_ar,-0.8287350630447385,1297860,f4d62ad7513e0a9d,True,location-k4-fold1-seed0,1
seasonal,CoPx_R,19,MSE,0.27606930525223,1297860,f4d62ad7513e0a9d,True,location-k4-fold1-seed0,1
seasonal,CoPx_R,19,MAE,0.3514869373202948,1297860,f4d62ad7513e0a9d,True,location-k4-fold1-seed0,1
seasonal,CoPx_R,19,SS_vs_persistence,-0.06607349435835541,1297860,f4d62ad7513e0a9d,True,location-k4-fold1-seed0,1
seasonal,CoPx_R,19,SS_vs_seasonal,3.6222136401420357e-12,1297860,f4d62ad7513e0a9d,True,location-k4-fold1-seed0,1
seasonal,CoPx_R,19,SS_vs_ar,-0.9102551707315223,1297860,f4d62ad7513e0a9d,True,location-k4-fold1-seed0,1
seasonal,CoPx_R,20,MSE,0.2757112872819478,1297860,f4d62ad7513e0a9d,True,location-k4-fold1-seed0,1
seasonal,CoPx_R,20,MAE,0.351107935136318,1297860,f4d62ad7513e0a9d,True,location-k4-fold1-seed0,1
seasonal,CoPx_R,20,SS_vs_persistence,-0.08623500797149641,1297860,f4d62ad7513e0a9d,True,location-k4-fold1-seed0,1
seasonal,CoPx_R,20,SS_vs_seasonal,3.6268765768454614e-12,1297860,f4d62ad7513e0a9d,True,location-k4-fold1-seed0,1
seasonal,CoPx_R,20,SS_vs_ar,-0.9028486449407784,1297860,f4d62ad7513e0a9d,True,location-k4-fold1-seed0,1
seasonal,CoPx_R,21,MSE,0.2756759201870458,1297860,f4d62ad7513e0a9d,True,location-k4-fold1-seed0,1
seasonal,CoPx_R,21,MAE,0.3512669455001576,1297860,f4d62ad7513e0a9d,True,location-k4-fold1-seed0,1
seasonal,CoPx_R,21,SS_vs_persistence,-0.08282809171909822,1297860,f4d62ad7513e0a9d,True,location-k4-fold1-seed0,1
seasonal,CoPx_R,21,SS_vs_seasonal,3.6273206660553114e-12,1297860,f4d62ad7513e0a9d,True,location-k4-fold1-seed0,1
seasonal,CoPx_R,21,SS_vs_ar,-0.8920105929466506,1297860,f4d62ad7513e0a9d,True,location-k4-fold1-seed0,1
seasonal,CoPx_R,22,MSE,0.2769058716433011,1297860,f4d62ad7513e0a9d,True,location-k4-fold1-seed0,1
seasonal,CoPx_R,22,MAE,0.3523397446086008,1297860,f4d62ad7513e0a9d,True,location-k4-fold1-seed0,1
seasonal,CoPx_R,22,SS_vs_persistence,-0.07987601215723927,1297860,f4d62ad7513e0a9d,True,location-k4-fold1-seed0,1
seasonal,CoPx_R,22,SS_vs_seasonal,3.6112224321982467e-12,1297860,f4d62ad7513e0a9d,True,location-k4-fold1-seed0,1
seasonal,CoPx_R,22,SS_vs_ar,-0.8860334801921654,1297860,f4d62ad7513e0a9d,True,location-k4-fold1-seed0,1
seasonal,CoPx_R,23,MSE,0.27675604260802944,1297860,f4d62ad7513e0a9d,True,location-k4-fold1-seed0,1
seasonal,CoPx_R,23,MAE,0.3522364202872167,1297860,f4d62ad7513e0a9d,True,location-k4-fold1-seed0,1
seasonal,CoPx_R,23,SS_vs_persistence,-0.07097711637831239,1297860,f4d62ad7513e0a9d,True,location-k4-fold1-seed0,1
seasonal,CoPx_R,23,SS_vs_seasonal,3.613220833642572e-12,1297860,f4d62ad7513e0a9d,True,location-k4-fold1-seed0,1
seasonal,CoPx_R,23,SS_vs_ar,-0.8732950948563614,1297860,f4d62ad7513e0a9d,True,location-k4-fold1-seed0,1
seasonal,CoPx_R,24,MSE,0.279996189180495,1297860,f4d62ad7513e0a9d,True,location-k4-fold1-seed0,1
seasonal,CoPx_R,24,MAE,0.3551569425429729,1297860,f4d62ad7513e0a9d,True,location-k4-fold1-seed0,1
seasonal,CoPx_R,24,SS_vs_persistence,-0.04673628922846196,1297860,f4d62ad7513e0a9d,True,location-k4-fold1-seed0,1
seasonal,CoPx_R,24,SS_vs_seasonal,3.5713654256142036e-12,1297860,f4d62ad7513e0a9d,True,location-k4-fold1-seed0,1
seasonal,CoPx_R,24,SS_vs_ar,-0.881024836022823,1297860,f4d62ad7513e0a9d,True,location-k4-fold1-seed0,1
seasonal,CoPx_R,25,MSE,0.27922789155420896,1297860,f4d62ad7513e0a9d,True,location-k4-fold1-seed0,1
seasonal,CoPx_R,25,MAE,0.35477242397415243,1297860,f4d62ad7513e0a9d,True,location-k4-fold1-seed0,1
seasonal,CoPx_R,25,SS_vs_persistence,-0.027509478610804772,1297860,f4d62ad7513e0a9d,True,location-k4-fold1-seed0,1
seasonal,CoPx_R,25,SS_vs_seasonal,3.5812464105333675e-12,1297860,f4d62ad7513e0a9d,True,location-k4-fold1-seed0,1
seasonal,CoPx_R,25,SS_vs_ar,-0.8715526774724032,1297860,f4d62ad7513e0a9d,True,location-k4-fold1-seed0,1
seasonal,CoPx_R,26,MSE,0.28099519515496574,1297860,f4d62ad7513e0a9d,True,location-k4-fold1-seed0,1
seasonal,CoPx_R,26,MAE,0.3559631612898566,1297860,f4d62ad7513e0a9d,True,location-k4-fold1-seed0,1
seasonal,CoPx_R,26,SS_vs_persistence,-0.01170171087961469,1297860,f4d62ad7513e0a9d,True,location-k4-fold1-seed0,1
seasonal,CoPx_R,26,SS_vs_seasonal,3.5587088831334768e-12,1297860,f4d62ad7513e0a9d,True,location-k4-fold1-seed0,1
seasonal,CoPx_R,26,SS_vs_ar,-0.8810857638257867,1297860,f4d62ad7513e0a9d,True,location-k4-fold1-seed0,1
seasonal,CoPx_R,27,MSE,0.2812743867893996,1297860,f4d62ad7513e0a9d,True,location-k4-fold1-seed0,1
seasonal,CoPx_R,27,MAE,0.3560581184674233,1297860,f4d62ad7513e0a9d,True,location-k4-fold1-seed0,1
seasonal,CoPx_R,27,SS_vs_persistence,0.0018810786835241622,1297860,f4d62ad7513e0a9d,True,location-k4-fold1-seed0,1
seasonal,CoPx_R,27,SS_vs_seasonal,3.5551561694546763e-12,1297860,f4d62ad7513e0a9d,True,location-k4-fold1-seed0,1
seasonal,CoPx_R,27,SS_vs_ar,-0.8869906227989082,1297860,f4d62ad7513e0a9d,True,location-k4-fold1-seed0,1
seasonal,CoPx_R,28,MSE,0.2766144820666197,1297860,f4d62ad7513e0a9d,True,location-k4-fold1-seed0,1
seasonal,CoPx_R,28,MAE,0.35121461209588656,1297860,f4d62ad7513e0a9d,True,location-k4-fold1-seed0,1
seasonal,CoPx_R,28,SS_vs_persistence,-0.027704602560506775,1297860,f4d62ad7513e0a9d,True,location-k4-fold1-seed0,1
seasonal,CoPx_R,28,SS_vs_seasonal,3.6151082127844347e-12,1297860,f4d62ad7513e0a9d,True,location-k4-fold1-seed0,1
seasonal,CoPx_R,28,SS_vs_ar,-0.8652344014861268,1297860,f4d62ad7513e0a9d,True,location-k4-fold1-seed0,1
seasonal,CoPx_R,29,MSE,0.27505690604178623,1297860,f4d62ad7513e0a9d,True,location-k4-fold1-seed0,1
seasonal,CoPx_R,29,MAE,0.34992177813724235,1297860,f4d62ad7513e0a9d,True,location-k4-fold1-seed0,1
seasonal,CoPx_R,29,SS_vs_persistence,-0.039478889400317074,1297860,f4d62ad7513e0a9d,True,location-k4-fold1-seed0,1
seasonal,CoPx_R,29,SS_vs_seasonal,3.6355363164375376e-12,1297860,f4d62ad7513e0a9d,True,location-k4-fold1-seed0,1
seasonal,CoPx_R,29,SS_vs_ar,-0.8558240555206733,1297860,f4d62ad7513e0a9d,True,location-k4-fold1-seed0,1
seasonal,CoPx_R,30,MSE,0.27782023662962696,1297860,f4d62ad7513e0a9d,True,location-k4-fold1-seed0,1
seasonal,CoPx_R,30,MAE,0.3522322084053195,1297860,f4d62ad7513e0a9d,True,location-k4-fold1-seed0,1
seasonal,CoPx_R,30,SS_vs_persistence,-0.03301287571376732,1297860,f4d62ad7513e0a9d,True,location-k4-fold1-seed0,1
seasonal,CoPx_R,30,SS_vs_seasonal,3.5993430458347575e-12,1297860,f4d62ad7513e0a9d,True,location-k4-fold1-seed0,1
seasonal,CoPx_R,30,SS_vs_ar,-0.8662293059526083,1297860,f4d62ad7513e0a9d,True,location-k4-fold1-seed0,1
seasonal,CoPx_R,all,MSE,0.2636099084086419,1297860,f4d62ad7513e0a9d,True,location-k4-fold1-seed0,1
seasonal,CoPx_R,all,MAE,0.33819235909541995,1297860,f4d62ad7513e0a9d,True,location-k4-fold1-seed0,1
seasonal,CoPx_R,all,SS_vs_persistence,-0.02373568990304431,1297860,f4d62ad7513e0a9d,True,location-k4-fold1-seed0,1
seasonal,CoPx_R,all,SS_vs_seasonal,3.793410030539235e-12,1297860,f4d62ad7513e0a9d,True,location-k4-fold1-seed0,1
seasonal,CoPx_R,all,SS_vs_ar,-0.8491853377447689,1297860,f4d62ad7513e0a9d,True,location-k4-fold1-seed0,1
seasonal,CoPy_R,1,MSE,0.15452619913474477,1297860,f4d62ad7513e0a9d,True,location-k4-fold1-seed0,1
seasonal,CoPy_R,1,MAE,0.2715346874113895,1297860,f4d62ad7513e0a9d,True,location-k4-fold1-seed0,1
seasonal,CoPy_R,1,SS_vs_persistence,-0.2152728276257958,1297860,f4d62ad7513e0a9d,True,location-k4-fold1-seed0,1
seasonal,CoPy_R,1,SS_vs_seasonal,6.471378988237575e-12,1297860,f4d62ad7513e0a9d,True,location-k4-fold1-seed0,1
seasonal,CoPy_R,1,SS_vs_ar,-0.9184937783154241,1297860,f4d62ad7513e0a9d,True,location-k4-fold1-seed0,1
seasonal,CoPy_R,2,MSE,0.15781706255584724,1297860,f4d62ad7513e0a9d,True,location-k4-fold1-seed0,1
seasonal,CoPy_R,2,MAE,0.2768023065614357,1297860,f4d62ad7513e0a9d,True,location-k4-fold1-seed0,1
seasonal,CoPy_R,2,SS_vs_persistence,-0.09290388262990534,1297860,f4d62ad7513e0a9d,True,location-k4-fold1-seed0,1
seasonal,CoPy_R,2,SS_vs_seasonal,6.3364868907456184e-12,1297860,f4d62ad7513e0a9d,True,location-k4-fold1-seed0,1
seasonal,CoPy_R,2,SS_vs_ar,-0.8621350158657377,1297860,f4d62ad7513e0a9d,True,location-k4-fold1-seed0,1
seasonal,CoPy_R,3,MSE,0.1589041189109218,1297860,f4d62ad7513e0a9d,True,location-k4-fold1-seed0,1
seasonal,CoPy_R,3,MAE,0.27752851518498706,1297860,f4d62ad7513e0a9d,True,location-k4-fold1-seed0,1
seasonal,CoPy_R,3,SS_vs_persistence,-0.07141961809883335,1297860,f4d62ad7513e0a9d,True,location-k4-fold1-seed0,1
seasonal,CoPy_R,3,SS_vs_seasonal,6.293188192785237e-12,1297860,f4d62ad7513e0a9d,True,location-k4-fold1-seed0,1
seasonal,CoPy_R,3,SS_vs_ar,-0.8413331502847894,1297860,f4d62ad7513e0a9d,True,location-k4-fold1-seed0,1
seasonal,CoPy_R,4,MSE,0.15909762261657262,1297860,f4d62ad7513e0a9d,True,location-k4-fold1-seed0,1
seasonal,CoPy_R,4,MAE,0.27768045062479724,1297860,f4d62ad7513e0a9d,True,location-k4-fold1-seed0,1
seasonal,CoPy_R,4,SS_vs_persistence,-0.05333214300016498,1297860,f4d62ad7513e0a9d,True,location-k4-fold1-seed0,1
seasonal,CoPy_R,4,SS_vs_seasonal,6.285527653915324e-12,1297860,f4d62ad7513e0a9d,True,location-k4-fold1-seed0,1
seasonal,CoPy_R,4,SS_vs_ar,-0.8203039353130319,1297860,f4d62ad7513e0a9d,True,location-k4-fold1-seed0,1
seasonal,CoPy_R,5,MSE,0.159249751967317,1297860,f4d62ad7513e0a9d,True,location-k4-fold1-seed0,1
seasonal,CoPy_R,5,MAE,0.2782762670229251,1297860,f4d62ad7513e0a9d,True,location-k4-fold1-seed0,1
seasonal,CoPy_R,5,SS_vs_persistence,-0.02747586823586734,1297860,f4d62ad7513e0a9d,True,location-k4-fold1-seed0,1
seasonal,CoPy_R,5,SS_vs_seasonal,6.279532449582348e-12,1297860,f4d62ad7513e0a9d,True,location-k4-fold1-seed0,1
seasonal,CoPy_R,5,SS_vs_ar,-0.7973027449126946,1297860,f4d62ad7513e0a9d,True,location-k4-fold1-seed0,1
seasonal,CoPy_R,6,MSE,0.15906958920093286,1297860,f4d62ad7513e0a9d,True,location-k4-fold1-seed0,1
seasonal,CoPy_R,6,MAE,0.27773229440629976,1297860,f4d62ad7513e0a9d,True,location-k4-fold1-seed0,1
seasonal,CoPy_R,6,SS_vs_persistence,-0.02533271169136042,1297860,f4d62ad7513e0a9d,True,location-k4-fold1-seed0,1
seasonal,CoPy_R,6,SS_vs_seasonal,6.286637876939949e-12,1297860,f4d62ad7513e0a9d,True,location-k4-fold1-seed0,1
seasonal,CoPy_R,6,SS_vs_ar,-0.7820054506876648,1297860,f4d62ad7513e0a9d,True,location-k4-fold1-seed0,1
seasonal,CoPy_R,7,MSE,0.15968528041600097,1297860,f4d62ad7513e0a9d,True,location-k4-fold1-seed0,1
seasonal,CoPy_R,7,MAE,0.27862200401079007,1297860,f4d62ad7513e0a9d,True,location-k4-fold1-seed0,1
seasonal,CoPy_R,7,SS_vs_persistence,0.003426467659234933,1297860,f4d62ad7513e0a9d,True,location-k4-fold1-seed0,1
seasonal,CoPy_R,7,SS_vs_seasonal,6.262323992700658e-12,1297860,f4d62ad7513e0a9d,True,location-k4-fold1-seed0,1
seasonal,CoPy_R,7,SS_vs_ar,-0.7724539700587614,1297860,f4d62ad7513e0a9d,True,location-k4-fold1-seed0,1
seasonal,CoPy_R,8,MSE,0.15851170531035344,1297860,f4d62ad7513e0a9d,True,location-k4-fold1-seed0,1
seasonal,CoPy_R,8,MAE,0.27718271422407453,1297860,f4d62ad7513e0a9d,True,location-k4-fold1-seed0,1
seasonal,CoPy_R,8,SS_vs_persistence,0.0076119229350885,1297860,f4d62ad7513e0a9d,True,location-k4-fold1-seed0,1
seasonal,CoPy_R,8,SS_vs_seasonal,6.3087313151299895e-12,1297860,f4d62ad7513e0a9d,True,location-k4-fold1-seed0,1
seasonal,CoPy_R,8,SS_vs_ar,-0.7522719524063584,1297860,f4d62ad7513e0a9d,True,location-k4-fold1-seed0,1
seasonal,CoPy_R,9,MSE,0.1571683573940145,1297860,f4d62ad7513e0a9d,True,location-k4-fold1-seed0,1
seasonal,CoPy_R,9,MAE,0.275049030166951,1297860,f4d62ad7513e0a9d,True,location-k4-fold1-seed0,1
seasonal,CoPy_R,9,SS_vs_persistence,-0.0019020808114948995,1297860,f4d62ad7513e0a9d,True,location-k4-fold1-seed0,1
seasonal,CoPy_R,9,SS_vs_seasonal,6.362688154126772e-12,1297860,f4d62ad7513e0a9d,True,location-k4-fold1-seed0,1
seasonal,CoPy_R,9,SS_vs_ar,-0.7286877800803995,1297860,f4d62ad7513e0a9d,True,location-k4-fold1-seed0,1
seasonal,CoPy_R,10,MSE,0.17071616973538273,1297860,f4d62ad7513e0a9d,True,location-k4-fold1-seed0,1
seasonal,CoPy_R,10,MAE,0.29031918976774634,1297860,f4d62ad7513e0a9d,True,location-k4-fold1-seed0,1
seasonal,CoPy_R,10,SS_vs_persistence,-0.05272728694046491,1297860,f4d62ad7513e0a9d,True,location-k4-fold1-seed0,1
seasonal,CoPy_R,10,SS_vs_seasonal,5.857758722527251e-12,1297860,f4d62ad7513e0a9d,True,location-k4-fold1-seed0,1
seasonal,CoPy_R,10,SS_vs_ar,-0.8598726042203666,1297860,f4d62ad7513e0a9d,True,location-k4-fold1-seed0,1
seasonal,CoPy_R,11,MSE,0.1722209154926422,1297860,f4d62ad7513e0a9d,True,location-k4-fold1-seed0,1
seasonal,CoPy_R,11,MAE,0.29215358239495975,1297860,f4d62ad7513e0a9d,True,location-k4-fold1-seed0,1
seasonal,CoPy_R,11,SS_vs_persistence,-0.030024662005815106,1297860,f4d62ad7513e0a9d,True,location-k4-fold1-seed0,1
seasonal,CoPy_R,11,SS_vs_seasonal,5.806577441092031e-12,1297860,f4d62ad7513e0a9d,True,location-k4-fold1-seed0,1
seasonal,CoPy_R,11,SS_vs_ar,-0.8662807955210323,1297860,f4d62ad7513e0a9d,True,location-k4-fold1-seed0,1
seasonal,CoPy_R,12,MSE,0.1716652296899145,1297860,f4d62ad7513e0a9d,True,location-k4-fold1-seed0,1
seasonal,CoPy_R,12,MAE,0.2913697604565947,1297860,f4d62ad7513e0a9d,True,location-k4-fold1-seed0,1
seasonal,CoPy_R,12,SS_vs_persistence,-0.032369245858577145,1297860,f4d62ad7513e0a9d,True,location-k4-fold1-seed0,1
seasonal,CoPy_R,12,SS_vs_seasonal,5.825340210208196e-12,1297860,f4d62ad7513e0a9d,True,location-k4-fold1-seed0,1
seasonal,CoPy_R,12,SS_vs_ar,-0.8595442311732358,1297860,f4d62ad7513e0a9d,True,location-k4-fold1-seed0,1
seasonal,CoPy_R,13,MSE,0.17045501476808556,1297860,f4d62ad7513e0a9d,True,location-k4-fold1-seed0,1
seasonal,CoPy_R,13,MAE,0.2899818093883906,1297860,f4d62ad7513e0a9d,True,location-k4-fold1-seed0,1
seasonal,CoPy_R,13,SS_vs_persistence,-0.02387783042627767,1297860,f4d62ad7513e0a9d,True,location-k4-fold1-seed0,1
seasonal,CoPy_R,13,SS_vs_seasonal,5.866640506724252e-12,1297860,f4d62ad7513e0a9d,True,location-k4-fold1-seed0,1
seasonal,CoPy_R,13,SS_vs_ar,-0.8414891545770968,1297860,f4d62ad7513e0a9d,True,location-k4-fold1-seed0,1
seasonal,CoPy_R,14,MSE,0.16967169329220788,1297860,f4d62ad7513e0a9d,True,location-k4-fold1-seed0,1
seasonal,CoPy_R,14,MAE,0.2894852144117848,1297860,f4d62ad7513e0a9d,True,location-k4-fold1-seed0,1
seasonal,CoPy_R,14,SS_vs_persistence,-0.044599685343579276,1297860,f4d62ad7513e0a9d,True,location-k4-fold1-seed0,1
seasonal,CoPy_R,14,SS_vs_seasonal,5.893729948525106e-12,1297860,f4d62ad7513e0a9d,True,location-k4-fold1-seed0,1
seasonal,CoPy_R,14,SS_vs_ar,-0.8292609291753146,1297860,f4d62ad7513e0a9d,True,location-k4-fold1-seed0,1
seasonal,CoPy_R,15,MSE,0.1682077420443462,1297860,f4d62ad7513e0a9d,True,location-k4-fold1-seed0,1
seasonal,CoPy_R,15,MAE,0.2883762155061819,1297860,f4d62ad7513e0a9d,True,location-k4-fold1-seed0,1
seasonal,CoPy_R,15,SS_vs_persistence,-0.05366457526988433,1297860,f4d62ad7513e0a9d,True,location-k4-fold1-seed0,1
seasonal,CoPy_R,15,SS_vs_seasonal,5.945022252262788e-12,1297860,f4d62ad7513e0a9d,True,location-k4-fold1-seed0,1
seasonal,CoPy_R,15,SS_vs_ar,-0.8057338701282588,1297860,f4d62ad7513e0a9d,True,location-k4-fold1-seed0,1
seasonal,CoPy_R,16,MSE,0.16859320898424696,1297860,f4d62ad7513e0a9d,True,location-k4-fold1-seed0,1
seasonal,CoPy_R,16,MAE,0.2887804184822723,1297860,f4d62ad7513e0a9d,True,location-k4-fold1-seed0,1
seasonal,CoPy_R,16,SS_vs_persistence,-0.03500171163136945,1297860,f4d62ad7513e0a9d,True,location-k4-fold1-seed0,1
seasonal,CoPy_R,16,SS_vs_seasonal,5.931477531362361e-12,1297860,f4d62ad7513e0a9d,True,location-k4-fold1-seed0,1
seasonal,CoPy_R,16,SS_vs_ar,-0.7931504538443006,1297860,f4d62ad7513e0a9d,True,location-k4-fold1-seed0,1
seasonal,CoPy_R,17,MSE,0.16916092667341504,1297860,f4d62ad7513e0a9d,True,location-k4-fold1-seed0,1
seasonal,CoPy_R,17,MAE,0.28916634495983384,1297860,f4d62ad7513e0a9d,True,location-k4-fold1-seed0,1
seasonal,CoPy_R,17,SS_vs_persistence,-0.022266574692560992,1297860,f4d62ad7513e0a9d,True,location-k4-fold1-seed0,1
seasonal,CoPy_R,17,SS_vs_seasonal,5.911604539221571e-12,1297860,f4d62ad7513e0a9d,True,location-k4-fold1-seed0,1
seasonal,CoPy_R,17,SS_vs_ar,-0.788597078281831,1297860,f4d62ad7513e0a9d,True,location-k4-fold1-seed0,1
seasonal,CoPy_R,18,MSE,0.1703284691486818,1297860,f4d62ad7513e0a9d,True,location-k4-fold1-seed0,1
seasonal,CoPy_R,18,MAE,0.2901893293749205,1297860,f4d62ad7513e0a9d,True,location-k4-fold1-seed0,1
seasonal,CoPy_R,18,SS_vs_persistence,-0.0009401016163175235,1297860,f4d62ad7513e0a9d,True,location-k4-fold1-seed0,1
seasonal,CoPy_R,18,SS_vs_seasonal,5.871081398822753e-12,1297860,f4d62ad7513e0a9d,True,location-k4-fold1-seed0,1
seasonal,CoPy_R,18,SS_vs_ar,-0.7869966969618558,1297860,f4d62ad7513e0a9d,True,location-k4-fold1-seed0,1
seasonal,CoPy_R,19,MSE,0.17600148728222045,1297860,f4d62ad7513e0a9d,True,location-k4-fold1-seed0,1
seasonal,CoPy_R,19,MAE,0.29833855635068285,1297860,f4d62ad7513e0a9d,True,location-k4-fold1-seed0,1
seasonal,CoPy_R,19,SS_vs_persistence,-0.026568541163933368,1297860,f4d62ad7513e0a9d,True,location-k4-fold1-seed0,1
seasonal,CoPy_R,19,SS_vs_seasonal,5.681788373124164e-12,1297860,f4d62ad7513e0a9d,True,location-k4-fold1-seed0,1
seasonal,CoPy_R,19,SS_vs_ar,-0.8399680557290705,1297860,f4d62ad7513e0a9d,True,location-k4-fold1-seed0,1
seasonal,CoPy_R,20,MSE,0.17566924258809954,1297860,f4d62ad7513e0a9d,True,location-k4-fold1-seed0,1
seasonal,CoPy_R,20,MAE,0.2983758034702785,1297860,f4d62ad7513e0a9d,True,location-k4-fold1-seed0,1
seasonal,CoPy_R,20,SS_vs_persistence,-0.029097702965761973,1297860,f4d62ad7513e0a9d,True,location-k4-fold1-seed0,1
seasonal,CoPy_R,20,SS_vs_seasonal,5.692557536463028e-12,1297860,f4d62ad7513e0a9d,True,location-k4-fold1-seed0,1
seasonal,CoPy_R,20,SS_vs_ar,-0.8370134888918717,1297860,f4d62ad7513e0a9d,True,location-k4-fold1-seed0,1
seasonal,CoPy_R,21,MSE,0.17615681567110558,1297860,f4d62ad7513e0a9d,True,location-k4-fold1-seed0,1
seasonal,CoPy_R,21,MAE,0.2989141842696407,1297860,f4d62ad7513e0a9d,True,location-k4-fold1-seed0,1
seasonal,CoPy_R,21,SS_vs_persistence,-0.019431660198311995,1297860,f4d62ad7513e0a9d,True,location-k4-fold1-seed0,1
seasonal,CoPy_R,21,SS_vs_seasonal,5.6767923695133504e-12,1297860,f4d62ad7513e0a9d,True,location-k4-fold1-seed0,1
seasonal,CoPy_R,21,SS_vs_ar,-0.8406282767958846,1297860,f4d62ad7513e0a9d,True,location-k4-fold1-seed0,1
seasonal,CoPy_R,22,MSE,0.17656767881415936,1297860,f4d62ad7513e0a9d,True,location-k4-fold1-seed0,1
seasonal,CoPy_R,22,MAE,0.29926559864874364,1297860,f4d62ad7513e0a9d,True,location-k4-fold1-seed0,1
seasonal,CoPy_R,22,SS_vs_persistence,-0.030305033262265635,1297860,f4d62ad7513e0a9d,True,location-k4-fold1-seed0,1
seasonal,CoPy_R,22,SS_vs_seasonal,5.663580715520311e-12,1297860,f4d62ad7513e0a9d,True,location-k4-fold1-seed0,1
seasonal,CoPy_R,22,SS_vs_ar,-0.8428092326846273,1297860,f4d62ad7513e0a9d,True,location-k4-fold1-seed0,1
seasonal,CoPy_R,23,MSE,0.1750312229564486,1297860,f4d62ad7513e0a9d,True,location-k4-fold1-seed0,1
seasonal,CoPy_R,23,MAE,0.2973241004413828,1297860,f4d62ad7513e0a9d,True,location-k4-fold1-seed0,1
seasonal,CoPy_R,23,SS_vs_persistence,-0.035032585744808165,1297860,f4d62ad7513e0a9d,True,location-k4-fold1-seed0,1
seasonal,CoPy_R,23,SS_vs_seasonal,5.713318707023518e-12,1297860,f4d62ad7513e0a9d,True,location-k4-fold1-seed0,1
seasonal,CoPy_R,23,SS_vs_ar,-0.8215359015828028,1297860,f4d62ad7513e0a9d,True,location-k4-fold1-seed0,1
seasonal,CoPy_R,24,MSE,0.17412560188744364,1297860,f4d62ad7513e0a9d,True,location-k4-fold1-seed0,1
seasonal,CoPy_R,24,MAE,0.2972141966085225,1297860,f4d62ad7513e0a9d,True,location-k4-fold1-seed0,1
seasonal,CoPy_R,24,SS_vs_persistence,-0.028309376882371673,1297860,f4d62ad7513e0a9d,True,location-k4-fold1-seed0,1
seasonal,CoPy_R,24,SS_vs_seasonal,5.74296166178101e-12,1297860,f4d62ad7513e0a9d,True,location-k4-fold1-seed0,1
seasonal,CoPy_R,24,SS_vs_ar,-0.8084436115377194,1297860,f4d62ad7513e0a9d,True,location-k4-fold1-seed0,1
seasonal,CoPy_R,25,MSE,0.17481773830394795,1297860,f4d62ad7513e0a9d,True,location-k4-fold1-seed0,1
seasonal,CoPy_R,25,MAE,0.29763639629722216,1297860,f4d62ad7513e0a9d,True,location-k4-fold1-seed0,1
seasonal,CoPy_R,25,SS_vs_persistence,-0.0147858407245689,1297860,f4d62ad7513e0a9d,True,location-k4-fold1-seed0,1
seasonal,CoPy_R,25,SS_vs_seasonal,5.7203131120786566e-12,1297860,f4d62ad7513e0a9d,True,location-k4-fold1-seed0,1
seasonal,CoPy_R,25,SS_vs_ar,-0.8051115921436669,1297860,f4d62ad7513e0a9d,True,location-k4-fold1-seed0,1
seasonal,CoPy_R,26,MSE,0.17512313129732654,1297860,f4d62ad7513e0a9d,True,location-k4-fold1-seed0,1
seasonal,CoPy_R,26,MAE,0.2982889448639437,1297860,f4d62ad7513e0a9d,True,location-k4-fold1-seed0,1
seasonal,CoPy_R,26,SS_vs_persistence,0.004060447580456095,1297860,f4d62ad7513e0a9d,True,location-k4-fold1-seed0,1
seasonal,CoPy_R,26,SS_vs_seasonal,5.71032110485703e-12,1297860,f4d62ad7513e0a9d,True,location-k4-fold1-seed0,1
seasonal,CoPy_R,26,SS_vs_ar,-0.8015667703842531,1297860,f4d62ad7513e0a9d,True,location-k4-fold1-seed0,1
seasonal,CoPy_R,27,MSE,0.17555434106300755,1297860,f4d62ad7513e0a9d,True,location-k4-fold1-seed0,1
seasonal,CoPy_R,27,MAE,0.29827091740253137,1297860,f4d62ad7513e0a9d,True,location-k4-fold1-seed0,1
seasonal,CoPy_R,27,SS_vs_persistence,0.0003132058370447499,1297860,f4d62ad7513e0a9d,True,location-k4-fold1-seed0,1
seasonal,CoPy_R,27,SS_vs_seasonal,5.696221272444291e-12,1297860,f4d62ad7513e0a9d,True,location-k4-fold1-seed0,1
seasonal,CoPy_R,27,SS_vs_ar,-0.8037899956321921,1297860,f4d62ad7513e0a9d,True,location-k4-fold1-seed0,1
seasonal,CoPy_R,28,MSE,0.17975676971781007,1297860,f4d62ad7513e0a9d,True,location-k4-fold1-seed0,1
seasonal,CoPy_R,28,MAE,0.3015644188420932,1297860,f4d62ad7513e0a9d,True,location-k4-fold1-seed0,1
seasonal,CoPy_R,28,SS_vs_persistence,-0.019868027707403257,1297860,f4d62ad7513e0a9d,True,location-k4-fold1-seed0,1
seasonal,CoPy_R,28,SS_vs_seasonal,5.563105531791734e-12,1297860,f4d62ad7513e0a9d,True,location-k4-fold1-seed0,1
seasonal,CoPy_R,28,SS_vs_ar,-0.8462932620630959,1297860,f4d62ad7513e0a9d,True,location-k4-fold1-seed0,1
seasonal,CoPy_R,29,MSE,0.17825387768067208,1297860,f4d62ad7513e0a9d,True,location-k4-fold1-seed0,1
seasonal,CoPy_R,29,MAE,0.3000273568978305,1297860,f4d62ad7513e0a9d,True,location-k4-fold1-seed0,1
seasonal,CoPy_R,29,SS_vs_persistence,-0.030146150430711227,1297860,f4d62ad7513e0a9d,True,location-k4-fold1-seed0,1
seasonal,CoPy_R,29,SS_vs_seasonal,5.609956943430916e-12,1297860,f4d62ad7513e0a9d,True,location-k4-fold1-seed0,1
seasonal,CoPy_R,29,SS_vs_ar,-0.8299146631393473,1297860,f4d62ad7513e0a9d,True,location-k4-fold1-seed0,1
seasonal,CoPy_R,30,MSE,0.17747834524070674,1297860,f4d62ad7513e0a9d,True,location-k4-fold1-seed0,1
seasonal,CoPy_R,30,MAE,0.29938861805758626,1297860,f4d62ad7513e0a9d,True,location-k4-fold1-seed0,1
seasonal,CoPy_R,30,SS_vs_persistence,-0.043841895940494036,1297860,f4d62ad7513e0a9d,True,location-k4-fold1-seed0,1
seasonal,CoPy_R,30,SS_vs_seasonal,5.634492872275132e-12,1297860,f4d62ad7513e0a9d,True,location-k4-fold1-seed0,1
seasonal,CoPy_R,30,SS_vs_ar,-0.8191971456016112,1297860,f4d62ad7513e0a9d,True,location-k4-fold1-seed0,1
seasonal,CoPy_R,all,MSE,0.1689861769947556,1297860,f4d62ad7513e0a9d,True,location-k4-fold1-seed0,1
seasonal,CoPy_R,all,MAE,0.2894946408835592,1297860,f4d62ad7513e0a9d,True,location-k4-fold1-seed0,1
seasonal,CoPy_R,all,SS_vs_persistence,-0.032838740580926284,1297860,f4d62ad7513e0a9d,True,location-k4-fold1-seed0,1
seasonal,CoPy_R,all,SS_vs_seasonal,5.917710765857009e-12,1297860,f4d62ad7513e0a9d,True,location-k4-fold1-seed0,1
seasonal,CoPy_R,all,SS_vs_ar,-0.8196715186232508,1297860,f4d62ad7513e0a9d,True,location-k4-fold1-seed0,1
ar,F_R,1,MSE,59996.793400399576,1297860,f4d62ad7513e0a9d,True,location-k4-fold1-seed0,1
ar,F_R,1,MAE,134.67648857675405,1297860,f4d62ad7513e0a9d,True,location-k4-fold1-seed0,1
ar,F_R,1,SS_vs_persistence,0.3493964601522628,1297860,f4d62ad7513e0a9d,True,location-k4-fold1-seed0,1
ar,F_R,1,SS_vs_seasonal,0.45517574370095093,1297860,f4d62ad7513e0a9d,True,location-k4-fold1-seed0,1
ar,F_R,1,SS_vs_ar,0.0,1297860,f4d62ad7513e0a9d,True,location-k4-fold1-seed0,1
ar,F_R,2,MSE,64352.58754098621,1297860,f4d62ad7513e0a9d,True,location-k4-fold1-seed0,1
ar,F_R,2,MAE,142.3336582772921,1297860,f4d62ad7513e0a9d,True,location-k4-fold1-seed0,1
ar,F_R,2,SS_vs_persistence,0.3901202942681905,1297860,f4d62ad7513e0a9d,True,location-k4-fold1-seed0,1
ar,F_R,2,SS_vs_seasonal,0.42335165686457765,1297860,f4d62ad7513e0a9d,True,location-k4-fold1-seed0,1
ar,F_R,2,SS_vs_ar,0.0,1297860,f4d62ad7513e0a9d,True,location-k4-fold1-seed0,1
ar,F_R,3,MSE,65236.45737490215,1297860,f4d62ad7513e0a9d,True,location-k4-fold1-seed0,1
ar,F_R,3,MAE,145.63774008204277,1297860,f4d62ad7513e0a9d,True,location-k4-fold1-seed0,1
ar,F_R,3,SS_vs_persistence,0.38451320530570976,1297860,f4d62ad7513e0a9d,True,location-k4-fold1-seed0,1
ar,F_R,3,SS_vs_seasonal,0.4134221220270978,1297860,f4d62ad7513e0a9d,True,location-k4-fold1-seed0,1
ar,F_R,3,SS_vs_ar,0.0,1297860,f4d62ad7513e0a9d,True,location-k4-fold1-seed0,1
ar,F_R,4,MSE,66220.1531869988,1297860,f4d62ad7513e0a9d,True,location-k4-fold1-seed0,1
ar,F_R,4,MAE,149.48283307451769,1297860,f4d62ad7513e0a9d,True,location-k4-fold1-seed0,1
ar,F_R,4,SS_vs_persistence,0.3881997648496257,1297860,f4d62ad7513e0a9d,True,location-k4-fold1-seed0,1
ar,F_R,4,SS_vs_seasonal,0.4049606056309206,1297860,f4d62ad7513e0a9d,True,location-k4-fold1-seed0,1
ar,F_R,4,SS_vs_ar,0.0,1297860,f4d62ad7513e0a9d,True,location-k4-fold1-seed0,1
ar,F_R,5,MSE,67136.60885669646,1297860,f4d62ad7513e0a9d,True,location-k4-fold1-seed0,1
ar,F_R,5,MAE,151.72053519104955,1297860,f4d62ad7513e0a9d,True,location-k4-fold1-seed0,1
ar,F_R,5,SS_vs_persistence,0.3969335209898259,1297860,f4d62ad7513e0a9d,True,location-k4-fold1-seed0,1
ar,F_R,5,SS_vs_seasonal,0.3970199809228989,1297860,f4d62ad7513e0a9d,True,location-k4-fold1-seed0,1
ar,F_R,5,SS_vs_ar,0.0,1297860,f4d62ad7513e0a9d,True,location-k4-fold1-seed0,1
ar,F_R,6,MSE,67026.36984617577,1297860,f4d62ad7513e0a9d,True,location-k4-fold1-seed0,1
ar,F_R,6,MAE,152.3083439324994,1297860,f4d62ad7513e0a9d,True,location-k4-fold1-seed0,1
ar,F_R,6,SS_vs_persistence,0.3808599558760245,1297860,f4d62ad7513e0a9d,True,location-k4-fold1-seed0,1
ar,F_R,6,SS_vs_seasonal,0.39319607684031355,1297860,f4d62ad7513e0a9d,True,location-k4-fold1-seed0,1
ar,F_R,6,SS_vs_ar,0.0,1297860,f4d62ad7513e0a9d,True,location-k4-fold1-seed0,1
ar,F_R,7,MSE,67062.96718405152,1297860,f4d62ad7513e0a9d,True,location-k4-fold1-seed0,1
ar,F_R,7,MAE,153.6229767276114,1297860,f4d62ad7513e0a9d,True,location-k4-fold1-seed0,1
ar,F_R,7,SS_vs_persistence,0.3888482163555137,1297860,f4d62ad7513e0a9d,True,location-k4-fold1-seed0,1
ar,F_R,7,SS_vs_seasonal,0.3878906348648288,1297860,f4d62ad7513e0a9d,True,location-k4-fold1-seed0,1
ar,F_R,7,SS_vs_ar,0.0,1297860,f4d62ad7513e0a9d,True,location-k4-fold1-seed0,1
ar,F_R,8,MSE,67680.24355123112,1297860,f4d62ad7513e0a9d,True,location-k4-fold1-seed0,1
ar,F_R,8,MAE,154.28245037360108,1297860,f4d62ad7513e0a9d,True,location-k4-fold1-seed0,1
ar,F_R,8,SS_vs_persistence,0.3885357195818059,1297860,f4d62ad7513e0a9d,True,location-k4-fold1-seed0,1
ar,F_R,8,SS_vs_seasonal,0.38251421056756796,1297860,f4d62ad7513e0a9d,True,location-k4-fold1-seed0,1
ar,F_R,8,SS_vs_ar,0.0,1297860,f4d62ad7513e0a9d,True,location-k4-fold1-seed0,1
ar,F_R,9,MSE,67962.43955334753,1297860,f4d62ad7513e0a9d,True,location-k4-fold1-seed0,1
ar,F_R,9,MAE,155.1663610058514,1297860,f4d62ad7513e0a9d,True,location-k4-fold1-seed0,1
ar,F_R,9,SS_vs_persistence,0.366245803736587,1297860,f4d62ad7513e0a9d,True,location-k4-fold1-seed0,1
ar,F_R,9,SS_vs_seasonal,0.36642076214321184,1297860,f4d62ad7513e0a9d,True,location-k4-fold1-seed0,1
ar,F_R,9,SS_vs_ar,0.0,1297860,f4d62ad7513e0a9d,True,location-k4-fold1-seed0,1
ar,F_R,10,MSE,68887.06866958927,1297860,f4d62ad7513e0a9d,True,location-k4-fold1-seed0,1
ar,F_R,10,MAE,157.30661033335124,1297860,f4d62ad7513e0a9d,True,location-k4-fold1-seed0,1
ar,F_R,10,SS_vs_persistence,0.3578990661993835,1297860,f4d62ad7513e0a9d,True,location-k4-fold1-seed0,1
ar,F_R,10,SS_vs_seasonal,0.4163918385007983,1297860,f4d62ad7513e0a9d,True,location-k4-fold1-seed0,1
ar,F_R,10,SS_vs_ar,0.0,1297860,f4d62ad7513e0a9d,True,location-k4-fold1-seed0,1
ar,F_R,11,MSE,70336.18610022785,1297860,f4d62ad7513e0a9d,True,location-k4-fold1-seed0,1
ar,F_R,11,MAE,159.72274649262246,1297860,f4d62ad7513e0a9d,True,location-k4-fold1-seed0,1
ar,F_R,11,SS_vs_persistence,0.3697382616615077,1297860,f4d62ad7513e0a9d,True,location-k4-fold1-seed0,1
ar,F_R,11,SS_vs_seasonal,0.406015424645664,1297860,f4d62ad7513e0a9d,True,location-k4-fold1-seed0,1
ar,F_R,11,SS_vs_ar,0.0,1297860,f4d62ad7513e0a9d,True,location-k4-fold1-seed0,1
ar,F_R,12,MSE,71177.80573075096,1297860,f4d62ad7513e0a9d,True,location-k4-fold1-seed0,1
ar,F_R,12,MAE,161.80539304944654,1297860,f4d62ad7513e0a9d,True,location-k4-fold1-seed0,1
ar,F_R,12,SS_vs_persistence,0.3700577061002175,1297860,f4d62ad7513e0a9d,True,location-k4-fold1-seed0,1
ar,F_R,12,SS_vs_seasonal,0.3984675843237778,1297860,f4d62ad7513e0a9d,True,location-k4-fold1-seed0,1
ar,F_R,12,SS_vs_ar,0.0,1297860,f4d62ad7513e0a9d,True,location-k4-fold1-seed0,1
ar,F_R,13,MSE,71871.80317291667,1297860,f4d62ad7513e0a9d,True,location-k4-fold1-seed0,1
ar,F_R,13,MAE,163.79527563510334,1297860,f4d62ad7513e0a9d,True,location-k4-fold1-seed0,1
ar,F_R,13,SS_vs_persistence,0.364939123211079,1297860,f4d62ad7513e0a9d,True,location-k4-fold1-seed0,1
ar,F_R,13,SS_vs_seasonal,0.39404795809325344,1297860,f4d62ad7513e0a9d,True,location-k4-fold1-seed0,1
ar,F_R,13,SS_vs_ar,0.0,1297860,f4d62ad7513e0a9d,True,location-k4-fold1-seed0,1
ar,F_R,14,MSE,72464.93864564382,1297860,f4d62ad7513e0a9d,True,location-k4-fold1-seed0,1
ar,F_R,14,MAE,165.58525541608572,1297860,f4d62ad7513e0a9d,True,location-k4-fold1-seed0,1
ar,F_R,14,SS_vs_persistence,0.3646392122852824,1297860,f4d62ad7513e0a9d,True,location-k4-fold1-seed0,1
ar,F_R,14,SS_vs_seasonal,0.3885875220312093,1297860,f4d62ad7513e0a9d,True,location-k4-fold1-seed0,1
ar,F_R,14,SS_vs_ar,0.0,1297860,f4d62ad7513e0a9d,True,location-k4-fold1-seed0,1
ar,F_R,15,MSE,72518.8998927731,1297860,f4d62ad7513e0a9d,True,location-k4-fold1-seed0,1
ar,F_R,15,MAE,167.11498617114893,1297860,f4d62ad7513e0a9d,True,location-k4-fold1-seed0,1
ar,F_R,15,SS_vs_persistence,0.35489346441634917,1297860,f4d62ad7513e0a9d,True,location-k4-fold1-seed0,1
ar,F_R,15,SS_vs_seasonal,0.3854326862241009,1297860,f4d62ad7513e0a9d,True,location-k4-fold1-seed0,1
ar,F_R,15,SS_vs_ar,0.0,1297860,f4d62ad7513e0a9d,True,location-k4-fold1-seed0,1
ar,F_R,16,MSE,74190.06980167708,1297860,f4d62ad7513e0a9d,True,location-k4-fold1-seed0,1
ar,F_R,16,MAE,168.91440257111873,1297860,f4d62ad7513e0a9d,True,location-k4-fold1-seed0,1
ar,F_R,16,SS_vs_persistence,0.36664638417830664,1297860,f4d62ad7513e0a9d,True,location-k4-fold1-seed0,1
ar,F_R,16,SS_vs_seasonal,0.37620962743012387,1297860,f4d62ad7513e0a9d,True,location-k4-fold1-seed0,1
ar,F_R,16,SS_vs_ar,0.0,1297860,f4d62ad7513e0a9d,True,location-k4-fold1-seed0,1
ar,F_R,17,MSE,74586.79922632921,1297860,f4d62ad7513e0a9d,True,location-k4-fold1-seed0,1
ar,F_R,17,MAE,169.56030423610042,1297860,f4d62ad7513e0a9d,True,location-k4-fold1-seed0,1
ar,F_R,17,SS_vs_persistence,0.35854428755825696,1297860,f4d62ad7513e0a9d,True,location-k4-fold1-seed0,1
ar,F_R,17,SS_vs_seasonal,0.375891967467888,1297860,f4d62ad7513e0a9d,True,location-k4-fold1-seed0,1
ar,F_R,17,SS_vs_ar,0.0,1297860,f4d62ad7513e0a9d,True,location-k4-fold1-seed0,1
ar,F_R,18,MSE,74995.55020874651,1297860,f4d62ad7513e0a9d,True,location-k4-fold1-seed0,1
ar,F_R,18,MAE,170.56893440746197,1297860,f4d62ad7513e0a9d,True,location-k4-fold1-seed0,1
ar,F_R,18,SS_vs_persistence,0.35707996887729254,1297860,f4d62ad7513e0a9d,True,location-k4-fold1-seed0,1
ar,F_R,18,SS_vs_seasonal,0.3564133185704932,1297860,f4d62ad7513e0a9d,True,location-k4-fold1-seed0,1
ar,F_R,18,SS_vs_ar,0.0,1297860,f4d62ad7513e0a9d,True,location-k4-fold1-seed0,1
ar,F_R,19,MSE,75619.73240225394,1297860,f4d62ad7513e0a9d,True,location-k4-fold1-seed0,1
ar,F_R,19,MAE,171.83713742326228,1297860,f4d62ad7513e0a9d,True,location-k4-fold1-seed0,1
ar,F_R,19,SS_vs_persistence,0.34967113930614513,1297860,f4d62ad7513e0a9d,True,location-k4-fold1-seed0,1
ar,F_R,19,SS_vs_seasonal,0.3950543377131437,1297860,f4d62ad7513e0a9d,True,location-k4-fold1-seed0,1
ar,F_R,19,SS_vs_ar,0.0,1297860,f4d62ad7513e0a9d,True,location-k4-fold1-seed0,1
ar,F_R,20,MSE,76386.64975550097,1297860,f4d62ad7513e0a9d,True,location-k4-fold1-seed0,1
ar,F_R,20,MAE,173.5485906321523,1297860,f4d62ad7513e0a9d,True,location-k4-fold1-seed0,1
ar,F_R,20,SS_vs_persistence,0.3338148932275101,1297860,f4d62ad7513e0a9d,True,location-k4-fold1-seed0,1
ar,F_R,20,SS_vs_seasonal,0.3877580045051787,1297860,f4d62ad7513e0a9d,True,location-k4-fold1-seed0,1
ar,F_R,20,SS_vs_ar,0.0,1297860,f4d62ad7513e0a9d,True,location-k4-fold1-seed0,1
ar,F_R,21,MSE,77294.95610772364,1297860,f4d62ad7513e0a9d,True,location-k4-fold1-seed0,1
ar,F_R,21,MAE,175.55987657011462,1297860,f4d62ad7513e0a9d,True,location-k4-fold1-seed0,1
ar,F_R,21,SS_vs_persistence,0.32567507615262214,1297860,f4d62ad7513e0a9d,True,location-k4-fold1-seed0,1
ar,F_R,21,SS_vs_seasonal,0.37889538454540195,1297860,f4d62ad7513e0a9d,True,location-k4-fold1-seed0,1
ar,F_R,21,SS_vs_ar,0.0,1297860,f4d62ad7513e0a9d,True,location-k4-fold1-seed0,1
ar,F_R,22,MSE,77894.95721096543,1297860,f4d62ad7513e0a9d,True,location-k4-fold1-seed0,1
ar,F_R,22,MAE,177.49682810798302,1297860,f4d62ad7513e0a9d,True,location-k4-fold1-seed0,1
ar,F_R,22,SS_vs_persistence,0.3331750060307713,1297860,f4d62ad7513e0a9d,True,location-k4-fold1-seed0,1
ar,F_R,22,SS_vs_seasonal,0.37059738750539284,1297860,f4d62ad7513e0a9d,True,location-k4-fold1-seed0,1
ar,F_R,22,SS_vs_ar,0.0,1297860,f4d62ad7513e0a9d,True,location-k4-fold1-seed0,1
ar,F_R,23,MSE,78537.57520113728,1297860,f4d62ad7513e0a9d,True,location-k4-fold1-seed0,1
ar,F_R,23,MAE,179.45286691480513,1297860,f4d62ad7513e0a9d,True,location-k4-fold1-seed0,1
ar,F_R,23,SS_vs_persistence,0.3213687248172007,1297860,f4d62ad7513e0a9d,True,location-k4-fold1-seed0,1
ar,F_R,23,SS_vs_seasonal,0.36642036514239285,1297860,f4d62ad7513e0a9d,True,location-k4-fold1-seed0,1
ar,F_R,23,SS_vs_ar,0.0,1297860,f4d62ad7513e0a9d,True,location-k4-fold1-seed0,1
ar,F_R,24,MSE,79754.22508348942,1297860,f4d62ad7513e0a9d,True,location-k4-fold1-seed0,1
ar,F_R,24,MAE,181.71738760225145,1297860,f4d62ad7513e0a9d,True,location-k4-fold1-seed0,1
ar,F_R,24,SS_vs_persistence,0.32344892284849647,1297860,f4d62ad7513e0a9d,True,location-k4-fold1-seed0,1
ar,F_R,24,SS_vs_seasonal,0.3567118215049231,1297860,f4d62ad7513e0a9d,True,location-k4-fold1-seed0,1
ar,F_R,24,SS_vs_ar,0.0,1297860,f4d62ad7513e0a9d,True,location-k4-fold1-seed0,1
ar,F_R,25,MSE,80715.38992896111,1297860,f4d62ad7513e0a9d,True,location-k4-fold1-seed0,1
ar,F_R,25,MAE,182.95212903808115,1297860,f4d62ad7513e0a9d,True,location-k4-fold1-seed0,1
ar,F_R,25,SS_vs_persistence,0.3218925165626828,1297860,f4d62ad7513e0a9d,True,location-k4-fold1-seed0,1
ar,F_R,25,SS_vs_seasonal,0.34914922132197934,1297860,f4d62ad7513e0a9d,True,location-k4-fold1-seed0,1
ar,F_R,25,SS_vs_ar,0.0,1297860,f4d62ad7513e0a9d,True,location-k4-fold1-seed0,1
ar,F_R,26,MSE,81851.99053070079,1297860,f4d62ad7513e0a9d,True,location-k4-fold1-seed0,1
ar,F_R,26,MAE,184.55499067556448,1297860,f4d62ad7513e0a9d,True,location-k4-fold1-seed0,1
ar,F_R,26,SS_vs_persistence,0.33023398927930436,1297860,f4d62ad7513e0a9d,True,location-k4-fold1-seed0,1
ar,F_R,26,SS_vs_seasonal,0.3457152570665183,1297860,f4d62ad7513e0a9d,True,location-k4-fold1-seed0,1
ar,F_R,26,SS_vs_ar,0.0,1297860,f4d62ad7513e0a9d,True,location-k4-fold1-seed0,1
ar,F_R,27,MSE,81226.29824211555,1297860,f4d62ad7513e0a9d,True,location-k4-fold1-seed0,1
ar,F_R,27,MAE,184.8900625812725,1297860,f4d62ad7513e0a9d,True,location-k4-fold1-seed0,1
ar,F_R,27,SS_vs_persistence,0.33771442386344863,1297860,f4d62ad7513e0a9d,True,location-k4-fold1-seed0,1
ar,F_R,27,SS_vs_seasonal,0.33664564905647665,1297860,f4d62ad7513e0a9d,True,location-k4-fold1-seed0,1
ar,F_R,27,SS_vs_ar,0.0,1297860,f4d62ad7513e0a9d,True,location-k4-fold1-seed0,1
ar,F_R,28,MSE,81001.7053434151,1297860,f4d62ad7513e0a9d,True,location-k4-fold1-seed0,1
ar,F_R,28,MAE,184.99844898371694,1297860,f4d62ad7513e0a9d,True,location-k4-fold1-seed0,1
ar,F_R,28,SS_vs_persistence,0.3282517072983786,1297860,f4d62ad7513e0a9d,True,location-k4-fold1-seed0,1
ar,F_R,28,SS_vs_seasonal,0.34856205102990623,1297860,f4d62ad7513e0a9d,True,location-k4-fold1-seed0,1
ar,F_R,28,SS_vs_ar,0.0,1297860,f4d62ad7513e0a9d,True,location-k4-fold1-seed0,1
ar,F_R,29,MSE,80904.6833087889,1297860,f4d62ad7513e0a9d,True,location-k4-fold1-seed0,1
ar,F_R,29,MAE,185.54358577321946,1297860,f4d62ad7513e0a9d,True,location-k4-fold1-seed0,1
ar,F_R,29,SS_vs_persistence,0.3211520631027692,1297860,f4d62ad7513e0a9d,True,location-k4-fold1-seed0,1
ar,F_R,29,SS_vs_seasonal,0.3487856742072043,1297860,f4d62ad7513e0a9d,True,location-k4-fold1-seed0,1
ar,F_R,29,SS_vs_ar,0.0,1297860,f4d62ad7513e0a9d,True,location-k4-fold1-seed0,1
ar,F_R,30,MSE,80966.7137926041,1297860,f4d62ad7513e0a9d,True,location-k4-fold1-seed0,1
ar,F_R,30,MAE,186.7728065620674,1297860,f4d62ad7513e0a9d,True,location-k4-fold1-seed0,1
ar,F_R,30,SS_vs_persistence,0.305446484616951,1297860,f4d62ad7513e0a9d,True,location-k4-fold1-seed0,1
ar,F_R,30,SS_vs_seasonal,0.347785207253657,1297860,f4d62ad7513e0a9d,True,location-k4-fold1-seed0,1
ar,F_R,30,SS_vs_ar,0.0,1297860,f4d62ad7513e0a9d,True,location-k4-fold1-seed0,1
ar,F_R,all,MSE,73195.28729503721,1297860,f4d62ad7513e0a9d,True,location-k4-fold1-seed0,1
ar,F_R,all,MAE,166.43100021393286,1297860,f4d62ad7513e0a9d,True,location-k4-fold1-seed0,1
ar,F_R,all,SS_vs_persistence,0.35358828806983045,1297860,f4d62ad7513e0a9d,True,location-k4-fold1-seed0,1
ar,F_R,all,SS_vs_seasonal,0.3810180906405811,1297860,f4d62ad7513e0a9d,True,location-k4-fold1-seed0,1
ar,F_R,all,SS_vs_ar,0.0,1297860,f4d62ad7513e0a9d,True,location-k4-fold1-seed0,1
ar,CoPx_R,1,MSE,0.12931779974869334,1297860,f4d62ad7513e0a9d,True,location-k4-fold1-seed0,1
ar,CoPx_R,1,MAE,0.2518103971387941,1297860,f4d62ad7513e0a9d,True,location-k4-fold1-seed0,1
ar,CoPx_R,1,SS_vs_persistence,0.3955555399418166,1297860,f4d62ad7513e0a9d,True,location-k4-fold1-seed0,1
ar,CoPx_R,1,SS_vs_seasonal,0.4625682487232916,1297860,f4d62ad7513e0a9d,True,location-k4-fold1-seed0,1
ar,CoPx_R,1,SS_vs_ar,7.73292541111914e-12,1297860,f4d62ad7513e0a9d,True,location-k4-fold1-seed0,1
ar,CoPx_R,2,MSE,0.13399483787040786,1297860,f4d62ad7513e0a9d,True,location-k4-fold1-seed0,1
ar,CoPx_R,2,MAE,0.2585852309510656,1297860,f4d62ad7513e0a9d,True,location-k4-fold1-seed0,1
ar,CoPx_R,2,SS_vs_persistence,0.4459583637335758,1297860,f4d62ad7513e0a9d,True,location-k4-fold1-seed0,1
ar,CoPx_R,2,SS_vs_seasonal,0.45554042701771225,1297860,f4d62ad7513e0a9d,True,location-k4-fold1-seed0,1
ar,CoPx_R,2,SS_vs_ar,7.463030193832765e-12,1297860,f4d62ad7513e0a9d,True,location-k4-fold1-seed0,1
ar,CoPx_R,3,MSE,0.13496120372368697,1297860,f4d62ad7513e0a9d,True,location-k4-fold1-seed0,1
ar,CoPx_R,3,MAE,0.25993779199602884,1297860,f4d62ad7513e0a9d,True,location-k4-fold1-seed0,1
ar,CoPx_R,3,SS_vs_persistence,0.4388267121893348,1297860,f4d62ad7513e0a9d,True,location-k4-fold1-seed0,1
ar,CoPx_R,3,SS_vs_seasonal,0.44940586625780476,1297860,f4d62ad7513e0a9d,True,location-k4-fold1-seed0,1
ar,CoPx_R,3,SS_vs_ar,7.409628466348295e-12,1297860,f4d62ad7513e0a9d,True,location-k4-fold1-seed0,1
ar,CoPx_R,4,MSE,0.1367202678832335,1297860,f4d62ad7513e0a9d,True,location-k4-fold1-seed0,1
ar,CoPx_R,4,MAE,0.26231038520789246,1297860,f4d62ad7513e0a9d,True,location-k4-fold1-seed0,1
ar,CoPx_R,4,SS_vs_persistence,0.4476257588831697,1297860,f4d62ad7513e0a9d,True,location-k4-fold1-seed0,1
ar,CoPx_R,4,SS_vs_seasonal,0.44703447553717723,1297860,f4d62ad7513e0a9d,True,location-k4-fold1-seed0,1
ar,CoPx_R,4,SS_vs_ar,7.314260308532994e-12,1297860,f4d62ad7513e0a9d,True,location-k4-fold1-seed0,1
ar,CoPx_R,5,MSE,0.1375853985491392,1297860,f4d62ad7513e0a9d,True,location-k4-fold1-seed0,1
ar,CoPx_R,5,MAE,0.2638911453817586,1297860,f4d62ad7513e0a9d,True,location-k4-fold1-seed0,1
ar,CoPx_R,5,SS_vs_persistence,0.470795673906101,1297860,f4d62ad7513e0a9d,True,location-k4-fold1-seed0,1
ar,CoPx_R,5,SS_vs_seasonal,0.4477745017134549,1297860,f4d62ad7513e0a9d,True,location-k4-fold1-seed0,1
ar,CoPx_R,5,SS_vs_ar,7.268297075313512e-12,1297860,f4d62ad7513e0a9d,True,location-k4-fold1-seed0,1
ar,CoPx_R,6,MSE,0.13731443018745756,1297860,f4d62ad7513e0a9d,True,location-k4-fold1-seed0,1
ar,CoPx_R,6,MAE,0.26345721224141727,1297860,f4d62ad7513e0a9d,True,location-k4-fold1-seed0,1
ar,CoPx_R,6,SS_vs_persistence,0.4621716158533077,1297860,f4d62ad7513e0a9d,True,location-k4-fold1-seed0,1
ar,CoPx_R,6,SS_vs_seasonal,0.4453174687091851,1297860,f4d62ad7513e0a9d,True,location-k4-fold1-seed0,1
ar,CoPx_R,6,SS_vs_ar,7.282618952331177e-12,1297860,f4d62ad7513e0a9d,True,location-k4-fold1-seed0,1
ar,CoPx_R,7,MSE,0.13710494345372284,1297860,f4d62ad7513e0a9d,True,location-k4-fold1-seed0,1
ar,CoPx_R,7,MAE,0.263343655623811,1297860,f4d62ad7513e0a9d,True,location-k4-fold1-seed0,1
ar,CoPx_R,7,SS_vs_persistence,0.46669773167268513,1297860,f4d62ad7513e0a9d,True,location-k4-fold1-seed0,1
ar,CoPx_R,7,SS_vs_seasonal,0.44536705383137565,1297860,f4d62ad7513e0a9d,True,location-k4-fold1-seed0,1
ar,CoPx_R,7,SS_vs_ar,7.293721182577428e-12,1297860,f4d62ad7513e0a9d,True,location-k4-fold1-seed0,1
ar,CoPx_R,8,MSE,0.13721302714018757,1297860,f4d62ad7513e0a9d,True,location-k4-fold1-seed0,1
ar,CoPx_R,8,MAE,0.26348668637363665,1297860,f4d62ad7513e0a9d,True,location-k4-fold1-seed0,1
ar,CoPx_R,8,SS_vs_persistence,0.45875386533936224,1297860,f4d62ad7513e0a9d,True,location-k4-fold1-seed0,1
ar,CoPx_R,8,SS_vs_seasonal,0.44435704367706785,1297860,f4d62ad7513e0a9d,True,location-k4-fold1-seed0,1
ar,CoPx_R,8,SS_vs_ar,7.287948022849378e-12,1297860,f4d62ad7513e0a9d,True,location-k4-fold1-seed0,1
ar,CoPx_R,9,MSE,0.1375779365506984,1297860,f4d62ad7513e0a9d,True,location-k4-fold1-seed0,1
ar,CoPx_R,9,MAE,0.26373883405178045,1297860,f4d62ad7513e0a9d,True,location-k4-fold1-seed0,1
ar,CoPx_R,9,SS_vs_persistence,0.433580527878641,1297860,f4d62ad7513e0a9d,True,location-k4-fold1-seed0,1
ar,CoPx_R,9,SS_vs_seasonal,0.434806708472561,1297860,f4d62ad7513e0a9d,True,location-k4-fold1-seed0,1
ar,CoPx_R,9,SS_vs_ar,7.2686301422209e-12,1297860,f4d62ad7513e0a9d,True,location-k4-fold1-seed0,1
ar,CoPx_R,10,MSE,0.13893555176766076,1297860,f4d62ad7513e0a9d,True,location-k4-fold1-seed0,1
ar,CoPx_R,10,MAE,0.26523227366614527,1297860,f4d62ad7513e0a9d,True,location-k4-fold1-seed0,1
ar,CoPx_R,10,SS_vs_persistence,0.4239246995173407,1297860,f4d62ad7513e0a9d,True,location-k4-fold1-seed0,1
ar,CoPx_R,10,SS_vs_seasonal,0.46462681969731656,1297860,f4d62ad7513e0a9d,True,location-k4-fold1-seed0,1
ar,CoPx_R,10,SS_vs_ar,7.19757586864489e-12,1297860,f4d62ad7513e0a9d,True,location-k4-fold1-seed0,1
ar,CoPx_R,11,MSE,0.14083572523792534,1297860,f4d62ad7513e0a9d,True,location-k4-fold1-seed0,1
ar,CoPx_R,11,MAE,0.2675066591900712,1297860,f4d62ad7513e0a9d,True,location-k4-fold1-seed0,1
ar,CoPx_R,11,SS_vs_persistence,0.4254245897044243,1297860,f4d62ad7513e0a9d,True,location-k4-fold1-seed0,1
ar,CoPx_R,11,SS_vs_seasonal,0.4611940760760207,1297860,f4d62ad7513e0a9d,True,location-k4-fold1-seed0,1
ar,CoPx_R,11,SS_vs_ar,7.100542376292651e-12,1297860,f4d62ad7513e0a9d,True,location-k4-fold1-seed0,1
ar,CoPx_R,12,MSE,0.1421441108336945,1297860,f4d62ad7513e0a9d,True,location-k4-fold1-seed0,1
ar,CoPx_R,12,MAE,0.2692347665575832,1297860,f4d62ad7513e0a9d,True,location-k4-fold1-seed0,1
ar,CoPx_R,12,SS_vs_persistence,0.4433952011415174,1297860,f4d62ad7513e0a9d,True,location-k4-fold1-seed0,1
ar,CoPx_R,12,SS_vs_seasonal,0.45759730320767644,1297860,f4d62ad7513e0a9d,True,location-k4-fold1-seed0,1
ar,CoPx_R,12,SS_vs_ar,7.0351502401422294e-12,1297860,f4d62ad7513e0a9d,True,location-k4-fold1-seed0,1
ar,CoPx_R,13,MSE,0.14239391559561568,1297860,f4d62ad7513e0a9d,True,location-k4-fold1-seed0,1
ar,CoPx_R,13,MAE,0.26954567740135865,1297860,f4d62ad7513e0a9d,True,location-k4-fold1-seed0,1
ar,CoPx_R,13,SS_vs_persistence,0.44755436737633303,1297860,f4d62ad7513e0a9d,True,location-k4-fold1-seed0,1
ar,CoPx_R,13,SS_vs_seasonal,0.4555051494294792,1297860,f4d62ad7513e0a9d,True,location-k4-fold1-seed0,1
ar,CoPx_R,13,SS_vs_ar,7.02282676456889e-12,1297860,f4d62ad7513e0a9d,True,location-k4-fold1-seed0,1
ar,CoPx_R,14,MSE,0.1429459232426274,1297860,f4d62ad7513e0a9d,True,location-k4-fold1-seed0,1
ar,CoPx_R,14,MAE,0.2701124167298651,1297860,f4d62ad7513e0a9d,True,location-k4-fold1-seed0,1
ar,CoPx_R,14,SS_vs_persistence,0.443593114471738,1297860,f4d62ad7513e0a9d,True,location-k4-fold1-seed0,1
ar,CoPx_R,14,SS_vs_seasonal,0.4535381981534412,1297860,f4d62ad7513e0a9d,True,location-k4-fold1-seed0,1
ar,CoPx_R,14,SS_vs_ar,6.995737322768036e-12,1297860,f4d62ad7513e0a9d,True,location-k4-fold1-seed0,1
ar,CoPx_R,15,MSE,0.143831508264606,1297860,f4d62ad7513e0a9d,True,location-k4-fold1-seed0,1
ar,CoPx_R,15,MAE,0.27121137720075944,1297860,f4d62ad7513e0a9d,True,location-k4-fold1-seed0,1
ar,CoPx_R,15,SS_vs_persistence,0.46083814762876685,1297860,f4d62ad7513e0a9d,True,location-k4-fold1-seed0,1
ar,CoPx_R,15,SS_vs_seasonal,0.45532249002181535,1297860,f4d62ad7513e0a9d,True,location-k4-fold1-seed0,1
ar,CoPx_R,15,SS_vs_ar,6.95266066941258e-12,1297860,f4d62ad7513e0a9d,True,location-k4-fold1-seed0,1
ar,CoPx_R,16,MSE,0.1441171287796583,1297860,f4d62ad7513e0a9d,True,location-k4-fold1-seed0,1
ar,CoPx_R,16,MAE,0.2714369051931676,1297860,f4d62ad7513e0a9d,True,location-k4-fold1-seed0,1
ar,CoPx_R,16,SS_vs_persistence,0.47413281635390747,1297860,f4d62ad7513e0a9d,True,location-k4-fold1-seed0,1
ar,CoPx_R,16,SS_vs_seasonal,0.45491629624897467,1297860,f4d62ad7513e0a9d,True,location-k4-fold1-seed0,1
ar,CoPx_R,16,SS_vs_ar,6.938893903907228e-12,1297860,f4d62ad7513e0a9d,True,location-k4-fold1-seed0,1
ar,CoPx_R,17,MSE,0.14402893463200764,1297860,f4d62ad7513e0a9d,True,location-k4-fold1-seed0,1
ar,CoPx_R,17,MAE,0.2712488327851903,1297860,f4d62ad7513e0a9d,True,location-k4-fold1-seed0,1
ar,CoPx_R,17,SS_vs_persistence,0.46329685496026285,1297860,f4d62ad7513e0a9d,True,location-k4-fold1-seed0,1
ar,CoPx_R,17,SS_vs_seasonal,0.45616875933523326,1297860,f4d62ad7513e0a9d,True,location-k4-fold1-seed0,1
ar,CoPx_R,17,SS_vs_ar,6.943112751400804e-12,1297860,f4d62ad7513e0a9d,True,location-k4-fold1-seed0,1
ar,CoPx_R,18,MSE,0.1440723582735339,1297860,f4d62ad7513e0a9d,True,location-k4-fold1-seed0,1
ar,CoPx_R,18,MAE,0.2711967173797788,1297860,f4d62ad7513e0a9d,True,location-k4-fold1-seed0,1
ar,CoPx_R,18,SS_vs_persistence,0.4524464300968106,1297860,f4d62ad7513e0a9d,True,location-k4-fold1-seed0,1
ar,CoPx_R,18,SS_vs_seasonal,0.453173934159538,1297860,f4d62ad7513e0a9d,True,location-k4-fold1-seed0,1
ar,CoPx_R,18,SS_vs_ar,6.941003327654016e-12,1297860,f4d62ad7513e0a9d,True,location-k4-fold1-seed0,1
ar,CoPx_R,19,MSE,0.14451959585305058,1297860,f4d62ad7513e0a9d,True,location-k4-fold1-seed0,1
ar,CoPx_R,19,MAE,0.27161249495788586,1297860,f4d62ad7513e0a9d,True,location-k4-fold1-seed0,1
ar,CoPx_R,19,SS_vs_persistence,0.4419208958650632,1297860,f4d62ad7513e0a9d,True,location-k4-fold1-seed0,1
ar,CoPx_R,19,SS_vs_seasonal,0.47650972743787234,1297860,f4d62ad7513e0a9d,True,location-k4-fold1-seed0,1
ar,CoPx_R,19,SS_vs_ar,6.919465000976288e-12,1297860,f4d62ad7513e0a9d,True,location-k4-fold1-seed0,1
ar,CoPx_R,20,MSE,0.14489396621906617,1297860,f4d62ad7513e0a9d,True,location-k4-fold1-seed0,1
ar,CoPx_R,20,MAE,0.2720276489183418,1297860,f4d62ad7513e0a9d,True,location-k4-fold1-seed0,1
ar,CoPx_R,20,SS_vs_persistence,0.429153227266898,1297860,f4d62ad7513e0a9d,True,location-k4-fold1-seed0,1
ar,CoPx_R,20,SS_vs_seasonal,0.47447212753981594,1297860,f4d62ad7513e0a9d,True,location-k4-fold1-seed0,1
ar,CoPx_R,20,SS_vs_ar,6.901590410279823e-12,1297860,f4d62ad7513e0a9d,True,location-k4-fold1-seed0,1
ar,CoPx_R,21,MSE,0.14570527311679118,1297860,f4d62ad7513e0a9d,True,location-k4-fold1-seed0,1
ar,CoPx_R,21,MAE,0.2730859641197407,1297860,f4d62ad7513e0a9d,True,location-k4-fold1-seed0,1
ar,CoPx_R,21,SS_vs_persistence,0.42768391691441265,1297860,f4d62ad7513e0a9d,True,location-k4-fold1-seed0,1
ar,CoPx_R,21,SS_vs_seasonal,0.4714617329747125,1297860,f4d62ad7513e0a9d,True,location-k4-fold1-seed0,1
ar,CoPx_R,21,SS_vs_ar,6.863176693627793e-12,1297860,f4d62ad7513e0a9d,True,location-k4-fold1-seed0,1
ar,CoPx_R,22,MSE,0.14681917078863388,1297860,f4d62ad7513e0a9d,True,location-k4-fold1-seed0,1
ar,CoPx_R,22,MAE,0.2741309615349441,1297860,f4d62ad7513e0a9d,True,location-k4-fold1-seed0,1
ar,CoPx_R,22,SS_vs_persistence,0.42743539630067595,1297860,f4d62ad7513e0a9d,True,location-k4-fold1-seed0,1
ar,CoPx_R,22,SS_vs_seasonal,0.46978671879796696,1297860,f4d62ad7513e0a9d,True,location-k4-fold1-seed0,1
ar,CoPx_R,22,SS_vs_ar,6.811107233772873e-12,1297860,f4d62ad7513e0a9d,True,location-k4-fold1-seed0,1
ar,CoPx_R,23,MSE,0.14773755793524723,1297860,f4d62ad7513e0a9d,True,location-k4-fold1-seed0,1
ar,CoPx_R,23,MAE,0.2751836828385133,1297860,f4d62ad7513e0a9d,True,location-k4-fold1-seed0,1
ar,CoPx_R,23,SS_vs_persistence,0.4282923607114967,1297860,f4d62ad7513e0a9d,True,location-k4-fold1-seed0,1
ar,CoPx_R,23,SS_vs_seasonal,0.4661812745170856,1297860,f4d62ad7513e0a9d,True,location-k4-fold1-seed0,1
ar,CoPx_R,23,SS_vs_ar,6.768807736534654e-12,1297860,f4d62ad7513e0a9d,True,location-k4-fold1-seed0,1
ar,CoPx_R,24,MSE,0.14885299960771847,1297860,f4d62ad7513e0a9d,True,location-k4-fold1-seed0,1
ar,CoPx_R,24,MAE,0.2763638179550662,1297860,f4d62ad7513e0a9d,True,location-k4-fold1-seed0,1
ar,CoPx_R,24,SS_vs_persistence,0.4435287247803624,1297860,f4d62ad7513e0a9d,True,location-k4-fold1-seed0,1
ar,CoPx_R,24,SS_vs_seasonal,0.46837490880552246,1297860,f4d62ad7513e0a9d,True,location-k4-fold1-seed0,1
ar,CoPx_R,24,SS_vs_ar,6.718070544309285e-12,1297860,f4d62ad7513e0a9d,True,location-k4-fold1-seed0,1
ar,CoPx_R,25,MSE,0.1491958494748031,1297860,f4d62ad7513e0a9d,True,location-k4-fold1-seed0,1
ar,CoPx_R,25,MAE,0.27668537972228985,1297860,f4d62ad7513e0a9d,True,location-k4-fold1-seed0,1
ar,CoPx_R,25,SS_vs_persistence,0.45098554212665554,1297860,f4d62ad7513e0a9d,True,location-k4-fold1-seed0,1
ar,CoPx_R,25,SS_vs_seasonal,0.46568428875843837,1297860,f4d62ad7513e0a9d,True,location-k4-fold1-seed0,1
ar,CoPx_R,25,SS_vs_ar,6.702638444266995e-12,1297860,f4d62ad7513e0a9d,True,location-k4-fold1-seed0,1
ar,CoPx_R,26,MSE,0.14937925774399113,1297860,f4d62ad7513e0a9d,True,location-k4-fold1-seed0,1
ar,CoPx_R,26,MAE,0.27682249809588527,1297860,f4d62ad7513e0a9d,True,location-k4-fold1-seed0,1
ar,CoPx_R,26,SS_vs_persistence,0.4621714063609602,1297860,f4d62ad7513e0a9d,True,location-k4-fold1-seed0,1
ar,CoPx_R,26,SS_vs_seasonal,0.4683921279825496,1297860,f4d62ad7513e0a9d,True,location-k4-fold1-seed0,1
ar,CoPx_R,26,SS_vs_ar,6.694422793884769e-12,1297860,f4d62ad7513e0a9d,True,location-k4-fold1-seed0,1
ar,CoPx_R,27,MSE,0.1490597692373839,1297860,f4d62ad7513e0a9d,True,location-k4-fold1-seed0,1
ar,CoPx_R,27,MAE,0.27640511864972606,1297860,f4d62ad7513e0a9d,True,location-k4-fold1-seed0,1
ar,CoPx_R,27,SS_vs_persistence,0.4710525271030206,1297860,f4d62ad7513e0a9d,True,location-k4-fold1-seed0,1
ar,CoPx_R,27,SS_vs_seasonal,0.47005566010366784,1297860,f4d62ad7513e0a9d,True,location-k4-fold1-seed0,1
ar,CoPx_R,27,SS_vs_ar,6.7087446709024334e-12,1297860,f4d62ad7513e0a9d,True,location-k4-fold1-seed0,1
ar,CoPx_R,28,MSE,0.148300118121541,1297860,f4d62ad7513e0a9d,True,location-k4-fold1-seed0,1
ar,CoPx_R,28,MAE,0.2754603294083715,1297860,f4d62ad7513e0a9d,True,location-k4-fold1-seed0,1
ar,CoPx_R,28,SS_vs_persistence,0.44902120519825683,1297860,f4d62ad7513e0a9d,True,location-k4-fold1-seed0,1
ar,CoPx_R,28,SS_vs_seasonal,0.4638743531682178,1297860,f4d62ad7513e0a9d,True,location-k4-fold1-seed0,1
ar,CoPx_R,28,SS_vs_ar,6.743161584665813e-12,1297860,f4d62ad7513e0a9d,True,location-k4-fold1-seed0,1
ar,CoPx_R,29,MSE,0.14821281425989488,1297860,f4d62ad7513e0a9d,True,location-k4-fold1-seed0,1
ar,CoPx_R,29,MAE,0.27565899744615324,1297860,f4d62ad7513e0a9d,True,location-k4-fold1-seed0,1
ar,CoPx_R,29,SS_vs_persistence,0.4398828454124841,1297860,f4d62ad7513e0a9d,True,location-k4-fold1-seed0,1
ar,CoPx_R,29,SS_vs_seasonal,0.4611558153830183,1297860,f4d62ad7513e0a9d,True,location-k4-fold1-seed0,1
ar,CoPx_R,29,SS_vs_ar,6.747047365252001e-12,1297860,f4d62ad7513e0a9d,True,location-k4-fold1-seed0,1
ar,CoPx_R,30,MSE,0.14886714925203076,1297860,f4d62ad7513e0a9d,True,location-k4-fold1-seed0,1
ar,CoPx_R,30,MAE,0.27618161631647103,1297860,f4d62ad7513e0a9d,True,location-k4-fold1-seed0,1
ar,CoPx_R,30,SS_vs_persistence,0.446470552995881,1297860,f4d62ad7513e0a9d,True,location-k4-fold1-seed0,1
ar,CoPx_R,30,SS_vs_seasonal,0.46416016681335004,1297860,f4d62ad7513e0a9d,True,location-k4-fold1-seed0,1
ar,CoPx_R,30,SS_vs_ar,6.71740441049451e-12,1297860,f4d62ad7513e0a9d,True,location-k4-fold1-seed0,1
ar,CoPx_R,all,MSE,0.14255461744482914,1297860,f4d62ad7513e0a9d,True,location-k4-fold1-seed0,1
ar,CoPx_R,all,MAE,0.2692301825011296,1297860,f4d62ad7513e0a9d,True,location-k4-fold1-seed0,1
ar,CoPx_R,all,SS_vs_persistence,0.44638556828252196,1297860,f4d62ad7513e0a9d,True,location-k4-fold1-seed0,1
ar,CoPx_R,all,SS_vs_seasonal,0.4592213232618573,1297860,f4d62ad7513e0a9d,True,location-k4-fold1-seed0,1
ar,CoPx_R,all,SS_vs_ar,7.014944181094052e-12,1297860,f4d62ad7513e0a9d,True,location-k4-fold1-seed0,1
ar,CoPy_R,1,MSE,0.08054558262290087,1297860,f4d62ad7513e0a9d,True,location-k4-fold1-seed0,1
ar,CoPy_R,1,MAE,0.21429596604538922,1297860,f4d62ad7513e0a9d,True,location-k4-fold1-seed0,1
ar,CoPy_R,1,SS_vs_persistence,0.36654846560002663,1297860,f4d62ad7513e0a9d,True,location-k4-fold1-seed0,1
ar,CoPy_R,1,SS_vs_seasonal,0.4787577571092332,1297860,f4d62ad7513e0a9d,True,location-k4-fold1-seed0,1
ar,CoPy_R,1,SS_vs_ar,1.24154020397782e-11,1297860,f4d62ad7513e0a9d,True,location-k4-fold1-seed0,1
ar,CoPy_R,2,MSE,0.08475060143832444,1297860,f4d62ad7513e0a9d,True,location-k4-fold1-seed0,1
ar,CoPy_R,2,MAE,0.2220149043705597,1297860,f4d62ad7513e0a9d,True,location-k4-fold1-seed0,1
ar,CoPy_R,2,SS_vs_persistence,0.4130909556475417,1297860,f4d62ad7513e0a9d,True,location-k4-fold1-seed0,1
ar,CoPy_R,2,SS_vs_seasonal,0.4629820117973844,1297860,f4d62ad7513e0a9d,True,location-k4-fold1-seed0,1
ar,CoPy_R,2,SS_vs_ar,1.1799339283413701e-11,1297860,f4d62ad7513e0a9d,True,location-k4-fold1-seed0,1
ar,CoPy_R,3,MSE,0.08629840769689265,1297860,f4d62ad7513e0a9d,True,location-k4-fold1-seed0,1
ar,CoPy_R,3,MAE,0.22449086171844107,1297860,f4d62ad7513e0a9d,True,location-k4-fold1-seed0,1
ar,CoPy_R,3,SS_vs_persistence,0.41812831756126956,1297860,f4d62ad7513e0a9d,True,location-k4-fold1-seed0,1
ar,CoPy_R,3,SS_vs_seasonal,0.4569152248046724,1297860,f4d62ad7513e0a9d,True,location-k4-fold1-seed0,1
ar,CoPy_R,3,SS_vs_ar,1.1587730774920146e-11,1297860,f4d62ad7513e0a9d,True,location-k4-fold1-seed0,1
ar,CoPy_R,4,MSE,0.08740168030642245,1297860,f4d62ad7513e0a9d,True,location-k4-fold1-seed0,1
ar,CoPy_R,4,MAE,0.22663675915931103,1297860,f4d62ad7513e0a9d,True,location-k4-fold1-seed0,1
ar,CoPy_R,4,SS_vs_persistence,0.4213427095585689,1297860,f4d62ad7513e0a9d,True,location-k4-fold1-seed0,1
ar,CoPy_R,4,SS_vs_seasonal,0.45064119206537545,1297860,f4d62ad7513e0a9d,True,location-k4-fold1-seed0,1
ar,CoPy_R,4,SS_vs_ar,1.1441514402577013e-11,1297860,f4d62ad7513e0a9d,True,location-k4-fold1-seed0,1
ar,CoPy_R,5,MSE,0.08860485659206811,1297860,f4d62ad7513e0a9d,True,location-k4-fold1-seed0,1
ar,CoPy_R,5,MAE,0.22863546964962764,1297860,f4d62ad7513e0a9d,True,location-k4-fold1-seed0,1
ar,CoPy_R,5,SS_vs_persistence,0.4283234301329787,1297860,f4d62ad7513e0a9d,True,location-k4-fold1-seed0,1
ar,CoPy_R,5,SS_vs_seasonal,0.44361070898436195,1297860,f4d62ad7513e0a9d,True,location-k4-fold1-seed0,1
ar,CoPy_R,5,SS_vs_ar,1.1286083179129491e-11,1297860,f4d62ad7513e0a9d,True,location-k4-fold1-seed0,1
ar,CoPy_R,6,MSE,0.08926436736642242,1297860,f4d62ad7513e0a9d,True,location-k4-fold1-seed0,1
ar,CoPy_R,6,MAE,0.2297330955691619,1297860,f4d62ad7513e0a9d,True,location-k4-fold1-seed0,1
ar,CoPy_R,6,SS_vs_persistence,0.42461864452535514,1297860,f4d62ad7513e0a9d,True,location-k4-fold1-seed0,1
ar,CoPy_R,6,SS_vs_seasonal,0.4388344886394051,1297860,f4d62ad7513e0a9d,True,location-k4-fold1-seed0,1
ar,CoPy_R,6,SS_vs_ar,1.1202705429980142e-11,1297860,f4d62ad7513e0a9d,True,location-k4-fold1-seed0,1
ar,CoPy_R,7,MSE,0.09009276579912229,1297860,f4d62ad7513e0a9d,True,location-k4-fold1-seed0,1
ar,CoPy_R,7,MAE,0.23121055598741508,1297860,f4d62ad7513e0a9d,True,location-k4-fold1-seed0,1
ar,CoPy_R,7,SS_vs_persistence,0.43774363161788377,1297860,f4d62ad7513e0a9d,True,location-k4-fold1-seed0,1
ar,CoPy_R,7,SS_vs_seasonal,0.4358104543896927,1297860,f4d62ad7513e0a9d,True,location-k4-fold1-seed0,1
ar,CoPy_R,7,SS_vs_ar,1.109978775559739e-11,1297860,f4d62ad7513e0a9d,True,location-k4-fold1-seed0,1
ar,CoPy_R,8,MSE,0.090460675976078,1297860,f4d62ad7513e0a9d,True,location-k4-fold1-seed0,1
ar,CoPy_R,8,MAE,0.23172008075193934,1297860,f4d62ad7513e0a9d,True,location-k4-fold1-seed0,1
ar,CoPy_R,8,SS_vs_persistence,0.4336563592819509,1297860,f4d62ad7513e0a9d,True,location-k4-fold1-seed0,1
ar,CoPy_R,8,SS_vs_seasonal,0.4293123287116719,1297860,f4d62ad7513e0a9d,True,location-k4-fold1-seed0,1
ar,CoPy_R,8,SS_vs_ar,1.1054601678495146e-11,1297860,f4d62ad7513e0a9d,True,location-k4-fold1-seed0,1
ar,CoPy_R,9,MSE,0.09091772337569023,1297860,f4d62ad7513e0a9d,True,location-k4-fold1-seed0,1
ar,CoPy_R,9,MAE,0.23237077671757167,1297860,f4d62ad7513e0a9d,True,location-k4-fold1-seed0,1
ar,CoPy_R,9,SS_vs_persistence,0.4204262375511919,1297860,f4d62ad7513e0a9d,True,location-k4-fold1-seed0,1
ar,CoPy_R,9,SS_vs_seasonal,0.42152654082154195,1297860,f4d62ad7513e0a9d,True,location-k4-fold1-seed0,1
ar,CoPy_R,9,SS_vs_ar,1.0998979504961426e-11,1297860,f4d62ad7513e0a9d,True,location-k4-fold1-seed0,1
ar,CoPy_R,10,MSE,0.09178917381015177,1297860,f4d62ad7513e0a9d,True,location-k4-fold1-seed0,1
ar,CoPy_R,10,MAE,0.2337915248322363,1297860,f4d62ad7513e0a9d,True,location-k4-fold1-seed0,1
ar,CoPy_R,10,SS_vs_persistence,0.43397881954915674,1297860,f4d62ad7513e0a9d,True,location-k4-fold1-seed0,1
ar,CoPy_R,10,SS_vs_seasonal,0.4623287650379505,1297860,f4d62ad7513e0a9d,True,location-k4-fold1-seed0,1
ar,CoPy_R,10,SS_vs_ar,1.0894618540646661e-11,1297860,f4d62ad7513e0a9d,True,location-k4-fold1-seed0,1
ar,CoPy_R,11,MSE,0.09228028060091295,1297860,f4d62ad7513e0a9d,True,location-k4-fold1-seed0,1
ar,CoPy_R,11,MAE,0.23444811923479472,1297860,f4d62ad7513e0a9d,True,location-k4-fold1-seed0,1
ar,CoPy_R,11,SS_vs_persistence,0.4480869843023335,1297860,f4d62ad7513e0a9d,True,location-k4-fold1-seed0,1
ar,CoPy_R,11,SS_vs_seasonal,0.46417495031653333,1297860,f4d62ad7513e0a9d,True,location-k4-fold1-seed0,1
ar,CoPy_R,11,SS_vs_ar,1.0836664898761228e-11,1297860,f4d62ad7513e0a9d,True,location-k4-fold1-seed0,1
ar,CoPy_R,12,MSE,0.09231575501688755,1297860,f4d62ad7513e0a9d,True,location-k4-fold1-seed0,1
ar,CoPy_R,12,MAE,0.23456620195298758,1297860,f4d62ad7513e0a9d,True,location-k4-fold1-seed0,1
ar,CoPy_R,12,SS_vs_persistence,0.444826733055957,1297860,f4d62ad7513e0a9d,True,location-k4-fold1-seed0,1
ar,CoPy_R,12,SS_vs_seasonal,0.4622338187931052,1297860,f4d62ad7513e0a9d,True,location-k4-fold1-seed0,1
ar,CoPy_R,12,SS_vs_ar,1.0832446051267652e-11,1297860,f4d62ad7513e0a9d,True,location-k4-fold1-seed0,1
ar,CoPy_R,13,MSE,0.09256368105268017,1297860,f4d62ad7513e0a9d,True,location-k4-fold1-seed0,1
ar,CoPy_R,13,MAE,0.23495463876643924,1297860,f4d62ad7513e0a9d,True,location-k4-fold1-seed0,1
ar,CoPy_R,13,SS_vs_persistence,0.44399464538233857,1297860,f4d62ad7513e0a9d,True,location-k4-fold1-seed0,1
ar,CoPy_R,13,SS_vs_seasonal,0.45696123297941293,1297860,f4d62ad7513e0a9d,True,location-k4-fold1-seed0,1
ar,CoPy_R,13,SS_vs_ar,1.0803469230324936e-11,1297860,f4d62ad7513e0a9d,True,location-k4-fold1-seed0,1
ar,CoPy_R,14,MSE,0.09275423237015819,1297860,f4d62ad7513e0a9d,True,location-k4-fold1-seed0,1
ar,CoPy_R,14,MAE,0.23542393685124338,1297860,f4d62ad7513e0a9d,True,location-k4-fold1-seed0,1
ar,CoPy_R,14,SS_vs_persistence,0.428949873322198,1297860,f4d62ad7513e0a9d,True,location-k4-fold1-seed0,1
ar,CoPy_R,14,SS_vs_seasonal,0.4533311327902494,1297860,f4d62ad7513e0a9d,True,location-k4-fold1-seed0,1
ar,CoPy_R,14,SS_vs_ar,1.0781264769832433e-11,1297860,f4d62ad7513e0a9d,True,location-k4-fold1-seed0,1
ar,CoPy_R,15,MSE,0.09315201139279337,1297860,f4d62ad7513e0a9d,True,location-k4-fold1-seed0,1
ar,CoPy_R,15,MAE,0.2360503940767076,1297860,f4d62ad7513e0a9d,True,location-k4-fold1-seed0,1
ar,CoPy_R,15,SS_vs_persistence,0.4164895543639925,1297860,f4d62ad7513e0a9d,True,location-k4-fold1-seed0,1
ar,CoPy_R,15,SS_vs_seasonal,0.44620853796562443,1297860,f4d62ad7513e0a9d,True,location-k4-fold1-seed0,1
ar,CoPy_R,15,SS_vs_ar,1.0735190514310489e-11,1297860,f4d62ad7513e0a9d,True,location-k4-fold1-seed0,1
ar,CoPy_R,16,MSE,0.0940206710602616,1297860,f4d62ad7513e0a9d,True,location-k4-fold1-seed0,1
ar,CoPy_R,16,MAE,0.23736598581238336,1297860,f4d62ad7513e0a9d,True,location-k4-fold1-seed0,1
ar,CoPy_R,16,SS_vs_persistence,0.42280263800427853,1297860,f4d62ad7513e0a9d,True,location-k4-fold1-seed0,1
ar,CoPy_R,16,SS_vs_seasonal,0.44232231163896385,1297860,f4d62ad7513e0a9d,True,location-k4-fold1-seed0,1
ar,CoPy_R,16,SS_vs_ar,1.0636047598211462e-11,1297860,f4d62ad7513e0a9d,True,location-k4-fold1-seed0,1
ar,CoPy_R,17,MSE,0.09457743654268207,1297860,f4d62ad7513e0a9d,True,location-k4-fold1-seed0,1
ar,CoPy_R,17,MAE,0.23809541614801732,1297860,f4d62ad7513e0a9d,True,location-k4-fold1-seed0,1
ar,CoPy_R,17,SS_vs_persistence,0.4284534023371178,1297860,f4d62ad7513e0a9d,True,location-k4-fold1-seed0,1
ar,CoPy_R,17,SS_vs_seasonal,0.44090258665515725,1297860,f4d62ad7513e0a9d,True,location-k4-fold1-seed0,1
ar,CoPy_R,17,SS_vs_ar,1.0573431019622603e-11,1297860,f4d62ad7513e0a9d,True,location-k4-fold1-seed0,1
ar,CoPy_R,18,MSE,0.09531549187330732,1297860,f4d62ad7513e0a9d,True,location-k4-fold1-seed0,1
ar,CoPy_R,18,MAE,0.23915589711588467,1297860,f4d62ad7513e0a9d,True,location-k4-fold1-seed0,1
ar,CoPy_R,18,SS_vs_persistence,0.4398757964647869,1297860,f4d62ad7513e0a9d,True,location-k4-fold1-seed0,1
ar,CoPy_R,18,SS_vs_seasonal,0.44040187556934085,1297860,f4d62ad7513e0a9d,True,location-k4-fold1-seed0,1
ar,CoPy_R,18,SS_vs_ar,1.0491496560405267e-11,1297860,f4d62ad7513e0a9d,True,location-k4-fold1-seed0,1
ar,CoPy_R,19,MSE,0.09565464287946102,1297860,f4d62ad7513e0a9d,True,location-k4-fold1-seed0,1
ar,CoPy_R,19,MAE,0.23984826539374768,1297860,f4d62ad7513e0a9d,True,location-k4-fold1-seed0,1
ar,CoPy_R,19,SS_vs_persistence,0.4420726284041747,1297860,f4d62ad7513e0a9d,True,location-k4-fold1-seed0,1
ar,CoPy_R,19,SS_vs_seasonal,0.45651230364017215,1297860,f4d62ad7513e0a9d,True,location-k4-fold1-seed0,1
ar,CoPy_R,19,SS_vs_ar,1.0454304089080324e-11,1297860,f4d62ad7513e0a9d,True,location-k4-fold1-seed0,1
ar,CoPy_R,20,MSE,0.0956276280215178,1297860,f4d62ad7513e0a9d,True,location-k4-fold1-seed0,1
ar,CoPy_R,20,MAE,0.2400897539130403,1297860,f4d62ad7513e0a9d,True,location-k4-fold1-seed0,1
ar,CoPy_R,20,SS_vs_persistence,0.4397985049223697,1297860,f4d62ad7513e0a9d,True,location-k4-fold1-seed0,1
ar,CoPy_R,20,SS_vs_seasonal,0.45563818337171114,1297860,f4d62ad7513e0a9d,True,location-k4-fold1-seed0,1
ar,CoPy_R,20,SS_vs_ar,1.0457301691246812e-11,1297860,f4d62ad7513e0a9d,True,location-k4-fold1-seed0,1
ar,CoPy_R,21,MSE,0.09570472098576792,1297860,f4d62ad7513e0a9d,True,location-k4-fold1-seed0,1
ar,CoPy_R,21,MAE,0.240243040831049,1297860,f4d62ad7513e0a9d,True,location-k4-fold1-seed0,1
ar,CoPy_R,21,SS_vs_persistence,0.4461501689182681,1297860,f4d62ad7513e0a9d,True,location-k4-fold1-seed0,1
ar,CoPy_R,21,SS_vs_seasonal,0.45670724904615345,1297860,f4d62ad7513e0a9d,True,location-k4-fold1-seed0,1
ar,CoPy_R,21,SS_vs_ar,1.044886399625966e-11,1297860,f4d62ad7513e0a9d,True,location-k4-fold1-seed0,1
ar,CoPy_R,22,MSE,0.09581440969616294,1297860,f4d62ad7513e0a9d,True,location-k4-fold1-seed0,1
ar,CoPy_R,22,MAE,0.24044189844983335,1297860,f4d62ad7513e0a9d,True,location-k4-fold1-seed0,1
ar,CoPy_R,22,SS_vs_persistence,0.4409052141818547,1297860,f4d62ad7513e0a9d,True,location-k4-fold1-seed0,1
ar,CoPy_R,22,SS_vs_seasonal,0.4573502334112538,1297860,f4d62ad7513e0a9d,True,location-k4-fold1-seed0,1
ar,CoPy_R,22,SS_vs_ar,1.0436873587593709e-11,1297860,f4d62ad7513e0a9d,True,location-k4-fold1-seed0,1
ar,CoPy_R,23,MSE,0.09608991115823502,1297860,f4d62ad7513e0a9d,True,location-k4-fold1-seed0,1
ar,CoPy_R,23,MAE,0.24082132653779925,1297860,f4d62ad7513e0a9d,True,location-k4-fold1-seed0,1
ar,CoPy_R,23,SS_vs_persistence,0.43178029879364066,1297860,f4d62ad7513e0a9d,True,location-k4-fold1-seed0,1
ar,CoPy_R,23,SS_vs_seasonal,0.45101274198606733,1297860,f4d62ad7513e0a9d,True,location-k4-fold1-seed0,1
ar,CoPy_R,23,SS_vs_ar,1.0407008588231292e-11,1297860,f4d62ad7513e0a9d,True,location-k4-fold1-seed0,1
ar,CoPy_R,24,MSE,0.09628478365304197,1297860,f4d62ad7513e0a9d,True,location-k4-fold1-seed0,1
ar,CoPy_R,24,MAE,0.24144033318974795,1297860,f4d62ad7513e0a9d,True,location-k4-fold1-seed0,1
ar,CoPy_R,24,SS_vs_persistence,0.43138432942494653,1297860,f4d62ad7513e0a9d,True,location-k4-fold1-seed0,1
ar,CoPy_R,24,SS_vs_seasonal,0.4470383297527474,1297860,f4d62ad7513e0a9d,True,location-k4-fold1-seed0,1
ar,CoPy_R,24,SS_vs_ar,1.0385914350763414e-11,1297860,f4d62ad7513e0a9d,True,location-k4-fold1-seed0,1
ar,CoPy_R,25,MSE,0.09684594518311047,1297860,f4d62ad7513e0a9d,True,location-k4-fold1-seed0,1
ar,CoPy_R,25,MAE,0.2423712603939802,1297860,f4d62ad7513e0a9d,True,location-k4-fold1-seed0,1
ar,CoPy_R,25,SS_vs_persistence,0.4378265337551913,1297860,f4d62ad7513e0a9d,True,location-k4-fold1-seed0,1
ar,CoPy_R,25,SS_vs_seasonal,0.4460176288622686,1297860,f4d62ad7513e0a9d,True,location-k4-fold1-seed0,1
ar,CoPy_R,25,SS_vs_ar,1.0325740262828731e-11,1297860,f4d62ad7513e0a9d,True,location-k4-fold1-seed0,1
ar,CoPy_R,26,MSE,0.09720601765882551,1297860,f4d62ad7513e0a9d,True,location-k4-fold1-seed0,1
ar,CoPy_R,26,MAE,0.24292977758228698,1297860,f4d62ad7513e0a9d,True,location-k4-fold1-seed0,1
ar,CoPy_R,26,SS_vs_persistence,0.44718143741246075,1297860,f4d62ad7513e0a9d,True,location-k4-fold1-seed0,1
ar,CoPy_R,26,SS_vs_seasonal,0.44492759501180523,1297860,f4d62ad7513e0a9d,True,location-k4-fold1-seed0,1
ar,CoPy_R,26,SS_vs_ar,1.0287437568479163e-11,1297860,f4d62ad7513e0a9d,True,location-k4-fold1-seed0,1
ar,CoPy_R,27,MSE,0.09732526596017375,1297860,f4d62ad7513e0a9d,True,location-k4-fold1-seed0,1
ar,CoPy_R,27,MAE,0.24308672319083446,1297860,f4d62ad7513e0a9d,True,location-k4-fold1-seed0,1
ar,CoPy_R,27,SS_vs_persistence,0.4457853760285917,1297860,f4d62ad7513e0a9d,True,location-k4-fold1-seed0,1
ar,CoPy_R,27,SS_vs_seasonal,0.445611738392224,1297860,f4d62ad7513e0a9d,True,location-k4-fold1-seed0,1
ar,CoPy_R,27,SS_vs_ar,1.0274892048300899e-11,1297860,f4d62ad7513e0a9d,True,location-k4-fold1-seed0,1
ar,CoPy_R,28,MSE,0.09736089786467557,1297860,f4d62ad7513e0a9d,True,location-k4-fold1-seed0,1
ar,CoPy_R,28,MAE,0.24313782231428546,1297860,f4d62ad7513e0a9d,True,location-k4-fold1-seed0,1
ar,CoPy_R,28,SS_vs_persistence,0.4476131995643525,1297860,f4d62ad7513e0a9d,True,location-k4-fold1-seed0,1
ar,CoPy_R,28,SS_vs_seasonal,0.4583742352681611,1297860,f4d62ad7513e0a9d,True,location-k4-fold1-seed0,1
ar,CoPy_R,28,SS_vs_ar,1.0271117290017173e-11,1297860,f4d62ad7513e0a9d,True,location-k4-fold1-seed0,1
ar,CoPy_R,29,MSE,0.09741103302218208,1297860,f4d62ad7513e0a9d,True,location-k4-fold1-seed0,1
ar,CoPy_R,29,MAE,0.2432805008957592,1297860,f4d62ad7513e0a9d,True,location-k4-fold1-seed0,1
ar,CoPy_R,29,SS_vs_persistence,0.43705235486071914,1297860,f4d62ad7513e0a9d,True,location-k4-fold1-seed0,1
ar,CoPy_R,29,SS_vs_seasonal,0.4535264293316532,1297860,f4d62ad7513e0a9d,True,location-k4-fold1-seed0,1
ar,CoPy_R,29,SS_vs_ar,1.0265788219498972e-11,1297860,f4d62ad7513e0a9d,True,location-k4-fold1-seed0,1
ar,CoPy_R,30,MSE,0.09755861021879253,1297860,f4d62ad7513e0a9d,True,location-k4-fold1-seed0,1
ar,CoPy_R,30,MAE,0.24354781199763328,1297860,f4d62ad7513e0a9d,True,location-k4-fold1-seed0,1
ar,CoPy_R,30,SS_vs_persistence,0.42620738029764527,1297860,f4d62ad7513e0a9d,True,location-k4-fold1-seed0,1
ar,CoPy_R,30,SS_vs_seasonal,0.45030696513465907,1297860,f4d62ad7513e0a9d,True,location-k4-fold1-seed0,1
ar,CoPy_R,30,SS_vs_ar,1.0250356119456683e-11,1297860,f4d62ad7513e0a9d,True,location-k4-fold1-seed0,1
ar,CoPy_R,all,MSE,0.09286630870652388,1297860,f4d62ad7513e0a9d,True,location-k4-fold1-seed0,1
ar,CoPy_R,all,MAE,0.23553996998167948,1297860,f4d62ad7513e0a9d,True,location-k4-fold1-seed0,1
ar,CoPy_R,all,SS_vs_persistence,0.4324037443025749,1297860,f4d62ad7513e0a9d,True,location-k4-fold1-seed0,1
ar,CoPy_R,all,SS_vs_seasonal,0.45045026547433886,1297860,f4d62ad7513e0a9d,True,location-k4-fold1-seed0,1
ar,CoPy_R,all,SS_vs_ar,1.0768275160444318e-11,1297860,f4d62ad7513e0a9d,True,location-k4-fold1-seed0,1
cnn,F_R,1,MSE,61722.193910762995,1297860,f4d62ad7513e0a9d,True,location-k4-fold1-seed0,1
cnn,F_R,1,MAE,142.1028932837895,1297860,f4d62ad7513e0a9d,True,location-k4-fold1-seed0,1
cnn,F_R,1,SS_vs_persistence,0.3306862655555953,1297860,f4d62ad7513e0a9d,True,location-k4-fold1-seed0,1
cnn,F_R,1,SS_vs_seasonal,0.4395075721771293,1297860,f4d62ad7513e0a9d,True,location-k4-fold1-seed0,1
cnn,F_R,1,SS_vs_ar,-0.028758212107247827,1297860,f4d62ad7513e0a9d,True,location-k4-fold1-seed0,1
cnn,F_R,2,MSE,66363.14919168918,1297860,f4d62ad7513e0a9d,True,location-k4-fold1-seed0,1
cnn,F_R,2,MAE,148.24426531277953,1297860,f4d62ad7513e0a9d,True,location-k4-fold1-seed0,1
cnn,F_R,2,SS_vs_persistence,0.37106588177692246,1297860,f4d62ad7513e0a9d,True,location-k4-fold1-seed0,1
cnn,F_R,2,SS_vs_seasonal,0.4053354886116527,1297860,f4d62ad7513e0a9d,True,location-k4-fold1-seed0,1
cnn,F_R,2,SS_vs_ar,-0.031242903005608724,1297860,f4d62ad7513e0a9d,True,location-k4-fold1-seed0,1
cnn,F_R,3,MSE,66715.19163405354,1297860,f4d62ad7513e0a9d,True,location-k4-fold1-seed0,1
cnn,F_R,3,MAE,152.7106329273226,1297860,f4d62ad7513e0a9d,True,location-k4-fold1-seed0,1
cnn,F_R,3,SS_vs_persistence,0.3705617823438633,1297860,f4d62ad7513e0a9d,True,location-k4-fold1-seed0,1
cnn,F_R,3,SS_vs_seasonal,0.40012598611287875,1297860,f4d62ad7513e0a9d,True,location-k4-fold1-seed0,1
cnn,F_R,3,SS_vs_ar,-0.022667298603499697,1297860,f4d62ad7513e0a9d,True,location-k4-fold1-seed0,1
cnn,F_R,4,MSE,64727.27812579488,1297860,f4d62ad7513e0a9d,True,location-k4-fold1-seed0,1
cnn,F_R,4,MAE,143.8971340452984,1297860,f4d62ad7513e0a9d,True,location-k4-fold1-seed0,1
cnn,F_R,4,SS_vs_persistence,0.4019922625944664,1297860,f4d62ad7513e0a9d,True,location-k4-fold1-seed0,1
cnn,F_R,4,SS_vs_seasonal,0.4183752449746104,1297860,f4d62ad7513e0a9d,True,location-k4-fold1-seed0,1
cnn,F_R,4,SS_vs_ar,0.022544119718179934,1297860,f4d62ad7513e0a9d,True,location-k4-fold1-seed0,1
cnn,F_R,5,MSE,66025.43137505765,1297860,f4d62ad7513e0a9d,True,location-k4-fold1-seed0,1
cnn,F_R,5,MAE,144.03312186244915,1297860,f4d62ad7513e0a9d,True,location-k4-fold1-seed0,1
cnn,F_R,5,SS_vs_persistence,0.40691486950919586,1297860,f4d62ad7513e0a9d,True,location-k4-fold1-seed0,1
cnn,F_R,5,SS_vs_seasonal,0.40699989844460105,1297860,f4d62ad7513e0a9d,True,location-k4-fold1-seed0,1
cnn,F_R,5,SS_vs_ar,0.01655099208258526,1297860,f4d62ad7513e0a9d,True,location-k4-fold1-seed0,1
cnn,F_R,6,MSE,66301.15458199786,1297860,f4d62ad7513e0a9d,True,location-k4-fold1-seed0,1
cnn,F_R,6,MAE,149.12071984597785,1297860,f4d62ad7513e0a9d,True,location-k4-fold1-seed0,1
cnn,F_R,6,SS_vs_persistence,0.38755895824916453,1297860,f4d62ad7513e0a9d,True,location-k4-fold1-seed0,1
cnn,F_R,6,SS_vs_seasonal,0.39976160423570106,1297860,f4d62ad7513e0a9d,True,location-k4-fold1-seed0,1
cnn,F_R,6,SS_vs_ar,0.01081984994625651,1297860,f4d62ad7513e0a9d,True,location-k4-fold1-seed0,1
cnn,F_R,7,MSE,66386.35812226188,1297860,f4d62ad7513e0a9d,True,location-k4-fold1-seed0,1
cnn,F_R,7,MAE,148.24861305487107,1297860,f4d62ad7513e0a9d,True,location-k4-fold1-seed0,1
cnn,F_R,7,SS_vs_persistence,0.39501422499345384,1297860,f4d62ad7513e0a9d,True,location-k4-fold1-seed0,1
cnn,F_R,7,SS_vs_seasonal,0.3940663046964382,1297860,f4d62ad7513e0a9d,True,location-k4-fold1-seed0,1
cnn,F_R,7,SS_vs_ar,0.010089160831979194,1297860,f4d62ad7513e0a9d,True,location-k4-fold1-seed0,1
cnn,F_R,8,MSE,65522.555787497644,1297860,f4d62ad7513e0a9d,True,location-k4-fold1-seed0,1
cnn,F_R,8,MAE,139.56492291552289,1297860,f4d62ad7513e0a9d,True,location-k4-fold1-seed0,1
cnn,F_R,8,SS_vs_persistence,0.40802957667497275,1297860,f4d62ad7513e0a9d,True,location-k4-fold1-seed0,1
cnn,F_R,8,SS_vs_seasonal,0.40220003706919893,1297860,f4d62ad7513e0a9d,True,location-k4-fold1-seed0,1
cnn,F_R,8,SS_vs_ar,0.03188061464495462,1297860,f4d62ad7513e0a9d,True,location-k4-fold1-seed0,1
cnn,F_R,9,MSE,66741.82191199402,1297860,f4d62ad7513e0a9d,True,location-k4-fold1-seed0,1
cnn,F_R,9,MAE,143.38273733712913,1297860,f4d62ad7513e0a9d,True,location-k4-fold1-seed0,1
cnn,F_R,9,SS_vs_persistence,0.37762814311882353,1297860,f4d62ad7513e0a9d,True,location-k4-fold1-seed0,1
cnn,F_R,9,SS_vs_seasonal,0.3777999592409891,1297860,f4d62ad7513e0a9d,True,location-k4-fold1-seed0,1
cnn,F_R,9,SS_vs_ar,0.017960179907835494,1297860,f4d62ad7513e0a9d,True,location-k4-fold1-seed0,1
cnn,F_R,10,MSE,66499.95225848886,1297860,f4d62ad7513e0a9d,True,location-k4-fold1-seed0,1
cnn,F_R,10,MAE,142.14756312150888,1297860,f4d62ad7513e0a9d,True,location-k4-fold1-seed0,1
cnn,F_R,10,SS_vs_persistence,0.38014953651639094,1297860,f4d62ad7513e0a9d,True,location-k4-fold1-seed0,1
cnn,F_R,10,SS_vs_seasonal,0.4366153818576648,1297860,f4d62ad7513e0a9d,True,location-k4-fold1-seed0,1
cnn,F_R,10,SS_vs_ar,0.03465260544834614,1297860,f4d62ad7513e0a9d,True,location-k4-fold1-seed0,1
cnn,F_R,11,MSE,69704.64103879283,1297860,f4d62ad7513e0a9d,True,location-k4-fold1-seed0,1
cnn,F_R,11,MAE,154.84245682714896,1297860,f4d62ad7513e0a9d,True,location-k4-fold1-seed0,1
cnn,F_R,11,SS_vs_persistence,0.3753973499676595,1297860,f4d62ad7513e0a9d,True,location-k4-fold1-seed0,1
cnn,F_R,11,SS_vs_seasonal,0.4113487821381935,1297860,f4d62ad7513e0a9d,True,location-k4-fold1-seed0,1
cnn,F_R,11,SS_vs_ar,0.008978949477514653,1297860,f4d62ad7513e0a9d,True,location-k4-fold1-seed0,1
cnn,F_R,12,MSE,68041.97764050061,1297860,f4d62ad7513e0a9d,True,location-k4-fold1-seed0,1
cnn,F_R,12,MAE,149.17592941855438,1297860,f4d62ad7513e0a9d,True,location-k4-fold1-seed0,1
cnn,F_R,12,SS_vs_persistence,0.39781060913181865,1297860,f4d62ad7513e0a9d,True,location-k4-fold1-seed0,1
cnn,F_R,12,SS_vs_seasonal,0.4249688543040451,1297860,f4d62ad7513e0a9d,True,location-k4-fold1-seed0,1
cnn,F_R,12,SS_vs_ar,0.044056262455075546,1297860,f4d62ad7513e0a9d,True,location-k4-fold1-seed0,1
cnn,F_R,13,MSE,72068.802523403,1297860,f4d62ad7513e0a9d,True,location-k4-fold1-seed0,1
cnn,F_R,13,MAE,149.71099360914585,1297860,f4d62ad7513e0a9d,True,location-k4-fold1-seed0,1
cnn,F_R,13,SS_vs_persistence,0.363198432498955,1297860,f4d62ad7513e0a9d,True,location-k4-fold1-seed0,1
cnn,F_R,13,SS_vs_seasonal,0.39238705418641384,1297860,f4d62ad7513e0a9d,True,location-k4-fold1-seed0,1
cnn,F_R,13,SS_vs_ar,-0.0027409824408102246,1297860,f4d62ad7513e0a9d,True,location-k4-fold1-seed0,1
cnn,F_R,14,MSE,68083.44230786103,1297860,f4d62ad7513e0a9d,True,location-k4-fold1-seed0,1
cnn,F_R,14,MAE,144.90152502687468,1297860,f4d62ad7513e0a9d,True,location-k4-fold1-seed0,1
cnn,F_R,14,SS_vs_persistence,0.4030554590464349,1297860,f4d62ad7513e0a9d,True,location-k4-fold1-seed0,1
cnn,F_R,14,SS_vs_seasonal,0.4255557660284186,1297860,f4d62ad7513e0a9d,True,location-k4-fold1-seed0,1
cnn,F_R,14,SS_vs_ar,0.0604636727729595,1297860,f4d62ad7513e0a9d,True,location-k4-fold1-seed0,1
cnn,F_R,15,MSE,68051.542225633,1297860,f4d62ad7513e0a9d,True,location-k4-fold1-seed0,1
cnn,F_R,15,MAE,147.35882886340943,1297860,f4d62ad7513e0a9d,True,location-k4-fold1-seed0,1
cnn,F_R,15,SS_vs_persistence,0.3946337477372909,1297860,f4d62ad7513e0a9d,True,location-k4-fold1-seed0,1
cnn,F_R,15,SS_vs_seasonal,0.4232916720226989,1297860,f4d62ad7513e0a9d,True,location-k4-fold1-seed0,1
cnn,F_R,15,SS_vs_ar,0.0616026673563107,1297860,f4d62ad7513e0a9d,True,location-k4-fold1-seed0,1
cnn,F_R,16,MSE,76322.47051618439,1297860,f4d62ad7513e0a9d,True,location-k4-fold1-seed0,1
cnn,F_R,16,MAE,155.94169439219527,1297860,f4d62ad7513e0a9d,True,location-k4-fold1-seed0,1
cnn,F_R,16,SS_vs_persistence,0.34844228076494876,1297860,f4d62ad7513e0a9d,True,location-k4-fold1-seed0,1
cnn,F_R,16,SS_vs_seasonal,0.35828039458634076,1297860,f4d62ad7513e0a9d,True,location-k4-fold1-seed0,1
cnn,F_R,16,SS_vs_ar,-0.02874240070413192,1297860,f4d62ad7513e0a9d,True,location-k4-fold1-seed0,1
cnn,F_R,17,MSE,72050.1463036881,1297860,f4d62ad7513e0a9d,True,location-k4-fold1-seed0,1
cnn,F_R,17,MAE,150.79803420080256,1297860,f4d62ad7513e0a9d,True,location-k4-fold1-seed0,1
cnn,F_R,17,SS_vs_persistence,0.380359816909137,1297860,f4d62ad7513e0a9d,True,location-k4-fold1-seed0,1
cnn,F_R,17,SS_vs_seasonal,0.39711751248641625,1297860,f4d62ad7513e0a9d,True,location-k4-fold1-seed0,1
cnn,F_R,17,SS_vs_ar,0.034009408487201354,1297860,f4d62ad7513e0a9d,True,location-k4-fold1-seed0,1
cnn,F_R,18,MSE,69837.81428429963,1297860,f4d62ad7513e0a9d,True,location-k4-fold1-seed0,1
cnn,F_R,18,MAE,149.36017350046785,1297860,f4d62ad7513e0a9d,True,location-k4-fold1-seed0,1
cnn,F_R,18,SS_vs_persistence,0.4012960821245204,1297860,f4d62ad7513e0a9d,True,location-k4-fold1-seed0,1
cnn,F_R,18,SS_vs_seasonal,0.4006752799544019,1297860,f4d62ad7513e0a9d,True,location-k4-fold1-seed0,1
cnn,F_R,18,SS_vs_ar,0.06877389271884227,1297860,f4d62ad7513e0a9d,True,location-k4-fold1-seed0,1
cnn,F_R,19,MSE,72267.87732486596,1297860,f4d62ad7513e0a9d,True,location-k4-fold1-seed0,1
cnn,F_R,19,MAE,161.4521889357096,1297860,f4d62ad7513e0a9d,True,location-k4-fold1-seed0,1
cnn,F_R,19,SS_vs_persistence,0.37849705582874404,1297860,f4d62ad7513e0a9d,True,location-k4-fold1-seed0,1
cnn,F_R,19,SS_vs_seasonal,0.42186863770158944,1297860,f4d62ad7513e0a9d,True,location-k4-fold1-seed0,1
cnn,F_R,19,SS_vs_ar,0.044325138041457546,1297860,f4d62ad7513e0a9d,True,location-k4-fold1-seed0,1
cnn,F_R,20,MSE,70498.04885706937,1297860,f4d62ad7513e0a9d,True,location-k4-fold1-seed0,1
cnn,F_R,20,MAE,151.1332444754126,1297860,f4d62ad7513e0a9d,True,location-k4-fold1-seed0,1
cnn,F_R,20,SS_vs_persistence,0.38517070253212926,1297860,f4d62ad7513e0a9d,True,location-k4-fold1-seed0,1
cnn,F_R,20,SS_vs_seasonal,0.4349553717973439,1297860,f4d62ad7513e0a9d,True,location-k4-fold1-seed0,1
cnn,F_R,20,SS_vs_ar,0.07708939870094944,1297860,f4d62ad7513e0a9d,True,location-k4-fold1-seed0,1
cnn,F_R,21,MSE,70489.06514036229,1297860,f4d62ad7513e0a9d,True,location-k4-fold1-seed0,1
cnn,F_R,21,MAE,149.26311797425814,1297860,f4d62ad7513e0a9d,True,location-k4-fold1-seed0,1
cnn,F_R,21,SS_vs_persistence,0.3850499970967962,1297860,f4d62ad7513e0a9d,True,location-k4-fold1-seed0,1
cnn,F_R,21,SS_vs_seasonal,0.4335842090816061,1297860,f4d62ad7513e0a9d,True,location-k4-fold1-seed0,1
cnn,F_R,21,SS_vs_ar,0.08805090668369342,1297860,f4d62ad7513e0a9d,True,location-k4-fold1-seed0,1
cnn,F_R,22,MSE,71600.498580511,1297860,f4d62ad7513e0a9d,True,location-k4-fold1-seed0,1
cnn,F_R,22,MAE,151.22193702968187,1297860,f4d62ad7513e0a9d,True,location-k4-fold1-seed0,1
cnn,F_R,22,SS_vs_persistence,0.38705914036471334,1297860,f4d62ad7513e0a9d,True,location-k4-fold1-seed0,1
cnn,F_R,22,SS_vs_seasonal,0.4214575310640768,1297860,f4d62ad7513e0a9d,True,location-k4-fold1-seed0,1
cnn,F_R,22,SS_vs_ar,0.08080701056689632,1297860,f4d62ad7513e0a9d,True,location-k4-fold1-seed0,1
cnn,F_R,23,MSE,74558.35989277413,1297860,f4d62ad7513e0a9d,True,location-k4-fold1-seed0,1
cnn,F_R,23,MAE,160.03290053699868,1297860,f4d62ad7513e0a9d,True,location-k4-fold1-seed0,1
cnn,F_R,23,SS_vs_persistence,0.35575252075214703,1297860,f4d62ad7513e0a9d,True,location-k4-fold1-seed0,1
cnn,F_R,23,SS_vs_seasonal,0.39852155715953597,1297860,f4d62ad7513e0a9d,True,location-k4-fold1-seed0,1
cnn,F_R,23,SS_vs_ar,0.05066638864482709,1297860,f4d62ad7513e0a9d,True,location-k4-fold1-seed0,1
cnn,F_R,24,MSE,73645.28539552295,1297860,f4d62ad7513e0a9d,True,location-k4-fold1-seed0,1
cnn,F_R,24,MAE,163.2106521002489,1297860,f4d62ad7513e0a9d,True,location-k4-fold1-seed0,1
cnn,F_R,24,SS_vs_persistence,0.3752707507431404,1297860,f4d62ad7513e0a9d,True,location-k4-fold1-seed0,1
cnn,F_R,24,SS_vs_seasonal,0.4059858089368664,1297860,f4d62ad7513e0a9d,True,location-k4-fold1-seed0,1
cnn,F_R,24,SS_vs_ar,0.07659706657009613,1297860,f4d62ad7513e0a9d,True,location-k4-fold1-seed0,1
cnn,F_R,25,MSE,72555.96782283577,1297860,f4d62ad7513e0a9d,True,location-k4-fold1-seed0,1
cnn,F_R,25,MAE,157.0287353373008,1297860,f4d62ad7513e0a9d,True,location-k4-fold1-seed0,1
cnn,F_R,25,SS_vs_persistence,0.3904415899866869,1297860,f4d62ad7513e0a9d,True,location-k4-fold1-seed0,1
cnn,F_R,25,SS_vs_seasonal,0.414942947103497,1297860,f4d62ad7513e0a9d,True,location-k4-fold1-seed0,1
cnn,F_R,25,SS_vs_ar,0.10108880243664298,1297860,f4d62ad7513e0a9d,True,location-k4-fold1-seed0,1
cnn,F_R,26,MSE,77006.6925397706,1297860,f4d62ad7513e0a9d,True,location-k4-fold1-seed0,1
cnn,F_R,26,MAE,168.82802916871128,1297860,f4d62ad7513e0a9d,True,location-k4-fold1-seed0,1
cnn,F_R,26,SS_vs_persistence,0.3698813562534905,1297860,f4d62ad7513e0a9d,True,location-k4-fold1-seed0,1
cnn,F_R,26,SS_vs_seasonal,0.3844461972657405,1297860,f4d62ad7513e0a9d,True,location-k4-fold1-seed0,1
cnn,F_R,26,SS_vs_ar,0.05919584801194078,1297860,f4d62ad7513e0a9d,True,location-k4-fold1-seed0,1
cnn,F_R,27,MSE,71886.357482795,1297860,f4d62ad7513e0a9d,True,location-k4-fold1-seed0,1
cnn,F_R,27,MAE,153.04629846703583,1297860,f4d62ad7513e0a9d,True,location-k4-fold1-seed0,1
cnn,F_R,27,SS_vs_persistence,0.41386843039504995,1297860,f4d62ad7513e0a9d,True,location-k4-fold1-seed0,1
cnn,F_R,27,SS_vs_seasonal,0.41292255043369086,1297860,f4d62ad7513e0a9d,True,location-k4-fold1-seed0,1
cnn,F_R,27,SS_vs_ar,0.11498666024986737,1297860,f4d62ad7513e0a9d,True,location-k4-fold1-seed0,1
cnn,F_R,28,MSE,72866.1992171034,1297860,f4d62ad7513e0a9d,True,location-k4-fold1-seed0,1
cnn,F_R,28,MAE,161.7468602031328,1297860,f4d62ad7513e0a9d,True,location-k4-fold1-seed0,1
cnn,F_R,28,SS_vs_persistence,0.39571957513454303,1297860,f4d62ad7513e0a9d,True,location-k4-fold1-seed0,1
cnn,F_R,28,SS_vs_seasonal,0.4139900244569985,1297860,f4d62ad7513e0a9d,True,location-k4-fold1-seed0,1
cnn,F_R,28,SS_vs_ar,0.10043623269189672,1297860,f4d62ad7513e0a9d,True,location-k4-fold1-seed0,1
cnn,F_R,29,MSE,72651.37176949548,1297860,f4d62ad7513e0a9d,True,location-k4-fold1-seed0,1
cnn,F_R,29,MAE,156.7726914434403,1297860,f4d62ad7513e0a9d,True,location-k4-fold1-seed0,1
cnn,F_R,29,SS_vs_persistence,0.3904032273355671,1297860,f4d62ad7513e0a9d,True,location-k4-fold1-seed0,1
cnn,F_R,29,SS_vs_seasonal,0.4152178569908058,1297860,f4d62ad7513e0a9d,True,location-k4-fold1-seed0,1
cnn,F_R,29,SS_vs_ar,0.10201277851608415,1297860,f4d62ad7513e0a9d,True,location-k4-fold1-seed0,1
cnn,F_R,30,MSE,70668.04613407479,1297860,f4d62ad7513e0a9d,True,location-k4-fold1-seed0,1
cnn,F_R,30,MAE,154.6258813845054,1297860,f4d62ad7513e0a9d,True,location-k4-fold1-seed0,1
cnn,F_R,30,SS_vs_persistence,0.39379113257086906,1297860,f4d62ad7513e0a9d,True,location-k4-fold1-seed0,1
cnn,F_R,30,SS_vs_seasonal,0.4307445256925476,1297860,f4d62ad7513e0a9d,True,location-k4-fold1-seed0,1
cnn,F_R,30,SS_vs_ar,0.1271963153266824,1297860,f4d62ad7513e0a9d,True,location-k4-fold1-seed0,1
cnn,F_R,all,MSE,69728.65646323768,1297860,f4d62ad7513e0a9d,True,location-k4-fold1-seed0,1
cnn,F_R,all,MAE,151.463492553397,1297860,f4d62ad7513e0a9d,True,location-k4-fold1-seed0,1
cnn,F_R,all,SS_vs_persistence,0.38420324776772585,1297860,f4d62ad7513e0a9d,True,location-k4-fold1-seed0,1
cnn,F_R,all,SS_vs_seasonal,0.4103339366548502,1297860,f4d62ad7513e0a9d,True,location-k4-fold1-seed0,1
cnn,F_R,all,SS_vs_ar,0.04736139388081306,1297860,f4d62ad7513e0a9d,True,location-k4-fold1-seed0,1
cnn,CoPx_R,1,MSE,0.1336856852590594,1297860,f4d62ad7513e0a9d,True,location-k4-fold1-seed0,1
cnn,CoPx_R,1,MAE,0.2555822649827089,1297860,f4d62ad7513e0a9d,True,location-k4-fold1-seed0,1
cnn,CoPx_R,1,SS_vs_persistence,0.37513960181079475,1297860,f4d62ad7513e0a9d,True,location-k4-fold1-seed0,1
cnn,CoPx_R,1,SS_vs_seasonal,0.444415756461793,1297860,f4d62ad7513e0a9d,True,location-k4-fold1-seed0,1
cnn,CoPx_R,1,SS_vs_ar,-0.033776367350979664,1297860,f4d62ad7513e0a9d,True,location-k4-fold1-seed0,1
cnn,CoPx_R,2,MSE,0.1381671165141838,1297860,f4d62ad7513e0a9d,True,location-k4-fold1-seed0,1
cnn,CoPx_R,2,MAE,0.26159023783562146,1297860,f4d62ad7513e0a9d,True,location-k4-fold1-seed0,1
cnn,CoPx_R,2,SS_vs_persistence,0.42870683282764077,1297860,f4d62ad7513e0a9d,True,location-k4-fold1-seed0,1
cnn,CoPx_R,2,SS_vs_seasonal,0.43858725863558123,1297860,f4d62ad7513e0a9d,True,location-k4-fold1-seed0,1
cnn,CoPx_R,2,SS_vs_ar,-0.031137607306782833,1297860,f4d62ad7513e0a9d,True,location-k4-fold1-seed0,1
cnn,CoPx_R,3,MSE,0.13911964489913536,1297860,f4d62ad7513e0a9d,True,location-k4-fold1-seed0,1
cnn,CoPx_R,3,MAE,0.2616761279490761,1297860,f4d62ad7513e0a9d,True,location-k4-fold1-seed0,1
cnn,CoPx_R,3,SS_vs_persistence,0.4215357719620133,1297860,f4d62ad7513e0a9d,True,location-k4-fold1-seed0,1
cnn,CoPx_R,3,SS_vs_seasonal,0.43244089222421855,1297860,f4d62ad7513e0a9d,True,location-k4-fold1-seed0,1
cnn,CoPx_R,3,SS_vs_ar,-0.03081212274107581,1297860,f4d62ad7513e0a9d,True,location-k4-fold1-seed0,1
cnn,CoPx_R,4,MSE,0.14079902288878357,1297860,f4d62ad7513e0a9d,True,location-k4-fold1-seed0,1
cnn,CoPx_R,4,MAE,0.26344099443658636,1297860,f4d62ad7513e0a9d,True,location-k4-fold1-seed0,1
cnn,CoPx_R,4,SS_vs_persistence,0.4311468619663177,1297860,f4d62ad7513e0a9d,True,location-k4-fold1-seed0,1
cnn,CoPx_R,4,SS_vs_seasonal,0.43053793895398684,1297860,f4d62ad7513e0a9d,True,location-k4-fold1-seed0,1
cnn,CoPx_R,4,SS_vs_ar,-0.029832848250441746,1297860,f4d62ad7513e0a9d,True,location-k4-fold1-seed0,1
cnn,CoPx_R,5,MSE,0.14174797066498737,1297860,f4d62ad7513e0a9d,True,location-k4-fold1-seed0,1
cnn,CoPx_R,5,MAE,0.26429556391773235,1297860,f4d62ad7513e0a9d,True,location-k4-fold1-seed0,1
cnn,CoPx_R,5,SS_vs_persistence,0.45478488210250767,1297860,f4d62ad7513e0a9d,True,location-k4-fold1-seed0,1
cnn,CoPx_R,5,SS_vs_seasonal,0.4310672167466788,1297860,f4d62ad7513e0a9d,True,location-k4-fold1-seed0,1
cnn,CoPx_R,5,SS_vs_ar,-0.030254461292498425,1297860,f4d62ad7513e0a9d,True,location-k4-fold1-seed0,1
cnn,CoPx_R,6,MSE,0.14154645535871627,1297860,f4d62ad7513e0a9d,True,location-k4-fold1-seed0,1
cnn,CoPx_R,6,MAE,0.26408496447152174,1297860,f4d62ad7513e0a9d,True,location-k4-fold1-seed0,1
cnn,CoPx_R,6,SS_vs_persistence,0.4455957668590037,1297860,f4d62ad7513e0a9d,True,location-k4-fold1-seed0,1
cnn,CoPx_R,6,SS_vs_seasonal,0.4282221755832144,1297860,f4d62ad7513e0a9d,True,location-k4-fold1-seed0,1
cnn,CoPx_R,6,SS_vs_ar,-0.03081995944964011,1297860,f4d62ad7513e0a9d,True,location-k4-fold1-seed0,1
cnn,CoPx_R,7,MSE,0.1423783727464845,1297860,f4d62ad7513e0a9d,True,location-k4-fold1-seed0,1
cnn,CoPx_R,7,MAE,0.2660489495064066,1297860,f4d62ad7513e0a9d,True,location-k4-fold1-seed0,1
cnn,CoPx_R,7,SS_vs_persistence,0.4461854749089986,1297860,f4d62ad7513e0a9d,True,location-k4-fold1-seed0,1
cnn,CoPx_R,7,SS_vs_seasonal,0.42403436114080517,1297860,f4d62ad7513e0a9d,True,location-k4-fold1-seed0,1
cnn,CoPx_R,7,SS_vs_ar,-0.038462721758119045,1297860,f4d62ad7513e0a9d,True,location-k4-fold1-seed0,1
cnn,CoPx_R,8,MSE,0.14292593166410125,1297860,f4d62ad7513e0a9d,True,location-k4-fold1-seed0,1
cnn,CoPx_R,8,MAE,0.2663839108774342,1297860,f4d62ad7513e0a9d,True,location-k4-fold1-seed0,1
cnn,CoPx_R,8,SS_vs_persistence,0.4362189241920146,1297860,f4d62ad7513e0a9d,True,location-k4-fold1-seed0,1
cnn,CoPx_R,8,SS_vs_seasonal,0.42122268664830775,1297860,f4d62ad7513e0a9d,True,location-k4-fold1-seed0,1
cnn,CoPx_R,8,SS_vs_ar,-0.04163529252244613,1297860,f4d62ad7513e0a9d,True,location-k4-fold1-seed0,1
cnn,CoPx_R,9,MSE,0.1432127266485933,1297860,f4d62ad7513e0a9d,True,location-k4-fold1-seed0,1
cnn,CoPx_R,9,MAE,0.2658888442827458,1297860,f4d62ad7513e0a9d,True,location-k4-fold1-seed0,1
cnn,CoPx_R,9,SS_vs_persistence,0.4103816421213441,1297860,f4d62ad7513e0a9d,True,location-k4-fold1-seed0,1
cnn,CoPx_R,9,SS_vs_seasonal,0.4116580434878827,1297860,f4d62ad7513e0a9d,True,location-k4-fold1-seed0,1
cnn,CoPx_R,9,SS_vs_ar,-0.04095707668051474,1297860,f4d62ad7513e0a9d,True,location-k4-fold1-seed0,1
cnn,CoPx_R,10,MSE,0.14358031557113582,1297860,f4d62ad7513e0a9d,True,location-k4-fold1-seed0,1
cnn,CoPx_R,10,MAE,0.26624690409822566,1297860,f4d62ad7513e0a9d,True,location-k4-fold1-seed0,1
cnn,CoPx_R,10,SS_vs_persistence,0.4046658872859511,1297860,f4d62ad7513e0a9d,True,location-k4-fold1-seed0,1
cnn,CoPx_R,10,SS_vs_seasonal,0.4467287227913521,1297860,f4d62ad7513e0a9d,True,location-k4-fold1-seed0,1
cnn,CoPx_R,10,SS_vs_ar,-0.03343106745067659,1297860,f4d62ad7513e0a9d,True,location-k4-fold1-seed0,1
cnn,CoPx_R,11,MSE,0.14604376965646598,1297860,f4d62ad7513e0a9d,True,location-k4-fold1-seed0,1
cnn,CoPx_R,11,MAE,0.2700451271052982,1297860,f4d62ad7513e0a9d,True,location-k4-fold1-seed0,1
cnn,CoPx_R,11,SS_vs_persistence,0.4041770386759814,1297860,f4d62ad7513e0a9d,True,location-k4-fold1-seed0,1
cnn,CoPx_R,11,SS_vs_seasonal,0.44126926523680865,1297860,f4d62ad7513e0a9d,True,location-k4-fold1-seed0,1
cnn,CoPx_R,11,SS_vs_ar,-0.03697956898865873,1297860,f4d62ad7513e0a9d,True,location-k4-fold1-seed0,1
cnn,CoPx_R,12,MSE,0.14590249362881796,1297860,f4d62ad7513e0a9d,True,location-k4-fold1-seed0,1
cnn,CoPx_R,12,MAE,0.26980986462805323,1297860,f4d62ad7513e0a9d,True,location-k4-fold1-seed0,1
cnn,CoPx_R,12,SS_vs_persistence,0.42867820803189505,1297860,f4d62ad7513e0a9d,True,location-k4-fold1-seed0,1
cnn,CoPx_R,12,SS_vs_seasonal,0.4432558229191409,1297860,f4d62ad7513e0a9d,True,location-k4-fold1-seed0,1
cnn,CoPx_R,12,SS_vs_ar,-0.026440650773736696,1297860,f4d62ad7513e0a9d,True,location-k4-fold1-seed0,1
cnn,CoPx_R,13,MSE,0.1475675201795283,1297860,f4d62ad7513e0a9d,True,location-k4-fold1-seed0,1
cnn,CoPx_R,13,MAE,0.27140099720930133,1297860,f4d62ad7513e0a9d,True,location-k4-fold1-seed0,1
cnn,CoPx_R,13,SS_vs_persistence,0.42748233518767464,1297860,f4d62ad7513e0a9d,True,location-k4-fold1-seed0,1
cnn,CoPx_R,13,SS_vs_seasonal,0.4357219933652239,1297860,f4d62ad7513e0a9d,True,location-k4-fold1-seed0,1
cnn,CoPx_R,13,SS_vs_ar,-0.03633304527960868,1297860,f4d62ad7513e0a9d,True,location-k4-fold1-seed0,1
cnn,CoPx_R,14,MSE,0.1480808218524658,1297860,f4d62ad7513e0a9d,True,location-k4-fold1-seed0,1
cnn,CoPx_R,14,MAE,0.2720942400821483,1297860,f4d62ad7513e0a9d,True,location-k4-fold1-seed0,1
cnn,CoPx_R,14,SS_vs_persistence,0.4236058851881569,1297860,f4d62ad7513e0a9d,True,location-k4-fold1-seed0,1
cnn,CoPx_R,14,SS_vs_seasonal,0.43390821582880423,1297860,f4d62ad7513e0a9d,True,location-k4-fold1-seed0,1
cnn,CoPx_R,14,SS_vs_ar,-0.035921966099633496,1297860,f4d62ad7513e0a9d,True,location-k4-fold1-seed0,1
cnn,CoPx_R,15,MSE,0.1482272355028891,1297860,f4d62ad7513e0a9d,True,location-k4-fold1-seed0,1
cnn,CoPx_R,15,MAE,0.2723817527997683,1297860,f4d62ad7513e0a9d,True,location-k4-fold1-seed0,1
cnn,CoPx_R,15,SS_vs_persistence,0.44436047546286483,1297860,f4d62ad7513e0a9d,True,location-k4-fold1-seed0,1
cnn,CoPx_R,15,SS_vs_seasonal,0.43867625029604795,1297860,f4d62ad7513e0a9d,True,location-k4-fold1-seed0,1
cnn,CoPx_R,15,SS_vs_ar,-0.030561643205226918,1297860,f4d62ad7513e0a9d,True,location-k4-fold1-seed0,1
cnn,CoPx_R,16,MSE,0.14711353149933548,1297860,f4d62ad7513e0a9d,True,location-k4-fold1-seed0,1
cnn,CoPx_R,16,MAE,0.2707102140710007,1297860,f4d62ad7513e0a9d,True,location-k4-fold1-seed0,1
cnn,CoPx_R,16,SS_vs_persistence,0.4631992800518121,1297860,f4d62ad7513e0a9d,True,location-k4-fold1-seed0,1
cnn,CoPx_R,16,SS_vs_seasonal,0.4435832208109507,1297860,f4d62ad7513e0a9d,True,location-k4-fold1-seed0,1
cnn,CoPx_R,16,SS_vs_ar,-0.02079144057357407,1297860,f4d62ad7513e0a9d,True,location-k4-fold1-seed0,1
cnn,CoPx_R,17,MSE,0.14866658424005433,1297860,f4d62ad7513e0a9d,True,location-k4-fold1-seed0,1
cnn,CoPx_R,17,MAE,0.27328574177305553,1297860,f4d62ad7513e0a9d,True,location-k4-fold1-seed0,1
cnn,CoPx_R,17,SS_vs_persistence,0.4460153195757901,1297860,f4d62ad7513e0a9d,True,location-k4-fold1-seed0,1
cnn,CoPx_R,17,SS_vs_seasonal,0.4386577033341843,1297860,f4d62ad7513e0a9d,True,location-k4-fold1-seed0,1
cnn,CoPx_R,17,SS_vs_ar,-0.03219943005802017,1297860,f4d62ad7513e0a9d,True,location-k4-fold1-seed0,1
cnn,CoPx_R,18,MSE,0.14920615265995685,1297860,f4d62ad7513e0a9d,True,location-k4-fold1-seed0,1
cnn,CoPx_R,18,MAE,0.2736667166100577,1297860,f4d62ad7513e0a9d,True,location-k4-fold1-seed0,1
cnn,CoPx_R,18,SS_vs_persistence,0.4329352103380707,1297860,f4d62ad7513e0a9d,True,location-k4-fold1-seed0,1
cnn,CoPx_R,18,SS_vs_seasonal,0.4336886378764604,1297860,f4d62ad7513e0a9d,True,location-k4-fold1-seed0,1
cnn,CoPx_R,18,SS_vs_ar,-0.0356334445198736,1297860,f4d62ad7513e0a9d,True,location-k4-fold1-seed0,1
cnn,CoPx_R,19,MSE,0.1492605351934852,1297860,f4d62ad7513e0a9d,True,location-k4-fold1-seed0,1
cnn,CoPx_R,19,MAE,0.2735584412991641,1297860,f4d62ad7513e0a9d,True,location-k4-fold1-seed0,1
cnn,CoPx_R,19,SS_vs_persistence,0.4236132112618062,1297860,f4d62ad7513e0a9d,True,location-k4-fold1-seed0,1
cnn,CoPx_R,19,SS_vs_seasonal,0.4593367232312442,1297860,f4d62ad7513e0a9d,True,location-k4-fold1-seed0,1
cnn,CoPx_R,19,SS_vs_ar,-0.032804820075904795,1297860,f4d62ad7513e0a9d,True,location-k4-fold1-seed0,1
cnn,CoPx_R,20,MSE,0.1493514259774654,1297860,f4d62ad7513e0a9d,True,location-k4-fold1-seed0,1
cnn,CoPx_R,20,MAE,0.2742585130774547,1297860,f4d62ad7513e0a9d,True,location-k4-fold1-seed0,1
cnn,CoPx_R,20,SS_vs_persistence,0.411591926516646,1297860,f4d62ad7513e0a9d,True,location-k4-fold1-seed0,1
cnn,CoPx_R,20,SS_vs_seasonal,0.4583049992284357,1297860,f4d62ad7513e0a9d,True,location-k4-fold1-seed0,1
cnn,CoPx_R,20,SS_vs_ar,-0.03076359819310337,1297860,f4d62ad7513e0a9d,True,location-k4-fold1-seed0,1
cnn,CoPx_R,21,MSE,0.1494578396864669,1297860,f4d62ad7513e0a9d,True,location-k4-fold1-seed0,1
cnn,CoPx_R,21,MAE,0.2757925254942163,1297860,f4d62ad7513e0a9d,True,location-k4-fold1-seed0,1
cnn,CoPx_R,21,SS_vs_persistence,0.4129442019079884,1297860,f4d62ad7513e0a9d,True,location-k4-fold1-seed0,1
cnn,CoPx_R,21,SS_vs_seasonal,0.45784949376602135,1297860,f4d62ad7513e0a9d,True,location-k4-fold1-seed0,1
cnn,CoPx_R,21,SS_vs_ar,-0.02575450076979746,1297860,f4d62ad7513e0a9d,True,location-k4-fold1-seed0,1
cnn,CoPx_R,22,MSE,0.15091782895376604,1297860,f4d62ad7513e0a9d,True,location-k4-fold1-seed0,1
cnn,CoPx_R,22,MAE,0.2760619685452485,1297860,f4d62ad7513e0a9d,True,location-k4-fold1-seed0,1
cnn,CoPx_R,22,SS_vs_persistence,0.41145147148069205,1297860,f4d62ad7513e0a9d,True,location-k4-fold1-seed0,1
cnn,CoPx_R,22,SS_vs_seasonal,0.4549850891293946,1297860,f4d62ad7513e0a9d,True,location-k4-fold1-seed0,1
cnn,CoPx_R,22,SS_vs_ar,-0.027916369109622696,1297860,f4d62ad7513e0a9d,True,location-k4-fold1-seed0,1
cnn,CoPx_R,23,MSE,0.15193337831064824,1297860,f4d62ad7513e0a9d,True,location-k4-fold1-seed0,1
cnn,CoPx_R,23,MAE,0.27638222103270976,1297860,f4d62ad7513e0a9d,True,location-k4-fold1-seed0,1
cnn,CoPx_R,23,SS_vs_persistence,0.41205557843876894,1297860,f4d62ad7513e0a9d,True,location-k4-fold1-seed0,1
cnn,CoPx_R,23,SS_vs_seasonal,0.45102055630531235,1297860,f4d62ad7513e0a9d,True,location-k4-fold1-seed0,1
cnn,CoPx_R,23,SS_vs_ar,-0.028400499053948147,1297860,f4d62ad7513e0a9d,True,location-k4-fold1-seed0,1
cnn,CoPx_R,24,MSE,0.15244449378192446,1297860,f4d62ad7513e0a9d,True,location-k4-fold1-seed0,1
cnn,CoPx_R,24,MAE,0.2775885098294294,1297860,f4d62ad7513e0a9d,True,location-k4-fold1-seed0,1
cnn,CoPx_R,24,SS_vs_persistence,0.430102301743331,1297860,f4d62ad7513e0a9d,True,location-k4-fold1-seed0,1
cnn,CoPx_R,24,SS_vs_seasonal,0.4555479693221498,1297860,f4d62ad7513e0a9d,True,location-k4-fold1-seed0,1
cnn,CoPx_R,24,SS_vs_ar,-0.024127791731753723,1297860,f4d62ad7513e0a9d,True,location-k4-fold1-seed0,1
cnn,CoPx_R,25,MSE,0.1525759202450015,1297860,f4d62ad7513e0a9d,True,location-k4-fold1-seed0,1
cnn,CoPx_R,25,MAE,0.27810051445802497,1297860,f4d62ad7513e0a9d,True,location-k4-fold1-seed0,1
cnn,CoPx_R,25,SS_vs_persistence,0.4385474768050903,1297860,f4d62ad7513e0a9d,True,location-k4-fold1-seed0,1
cnn,CoPx_R,25,SS_vs_seasonal,0.453579227364419,1297860,f4d62ad7513e0a9d,True,location-k4-fold1-seed0,1
cnn,CoPx_R,25,SS_vs_ar,-0.022655260056323234,1297860,f4d62ad7513e0a9d,True,location-k4-fold1-seed0,1
cnn,CoPx_R,26,MSE,0.15314687247791878,1297860,f4d62ad7513e0a9d,True,location-k4-fold1-seed0,1
cnn,CoPx_R,26,MAE,0.2779565136420222,1297860,f4d62ad7513e0a9d,True,location-k4-fold1-seed0,1
cnn,CoPx_R,26,SS_vs_persistence,0.4486063976420469,1297860,f4d62ad7513e0a9d,True,location-k4-fold1-seed0,1
cnn,CoPx_R,26,SS_vs_seasonal,0.45498401710066616,1297860,f4d62ad7513e0a9d,True,location-k4-fold1-seed0,1
cnn,CoPx_R,26,SS_vs_ar,-0.025221806493103793,1297860,f4d62ad7513e0a9d,True,location-k4-fold1-seed0,1
cnn,CoPx_R,27,MSE,0.15286689479699947,1297860,f4d62ad7513e0a9d,True,location-k4-fold1-seed0,1
cnn,CoPx_R,27,MAE,0.27810209926455254,1297860,f4d62ad7513e0a9d,True,location-k4-fold1-seed0,1
cnn,CoPx_R,27,SS_vs_persistence,0.4575427152063368,1297860,f4d62ad7513e0a9d,True,location-k4-fold1-seed0,1
cnn,CoPx_R,27,SS_vs_seasonal,0.4565203872938739,1297860,f4d62ad7513e0a9d,True,location-k4-fold1-seed0,1
cnn,CoPx_R,27,SS_vs_ar,-0.025540932862488264,1297860,f4d62ad7513e0a9d,True,location-k4-fold1-seed0,1
cnn,CoPx_R,28,MSE,0.1524354041975235,1297860,f4d62ad7513e0a9d,True,location-k4-fold1-seed0,1
cnn,CoPx_R,28,MAE,0.276449508866743,1297860,f4d62ad7513e0a9d,True,location-k4-fold1-seed0,1
cnn,CoPx_R,28,SS_vs_persistence,0.43365739452052077,1297860,f4d62ad7513e0a9d,True,location-k4-fold1-seed0,1
cnn,CoPx_R,28,SS_vs_seasonal,0.4489247162400559,1297860,f4d62ad7513e0a9d,True,location-k4-fold1-seed0,1
cnn,CoPx_R,28,SS_vs_ar,-0.027884577081492834,1297860,f4d62ad7513e0a9d,True,location-k4-fold1-seed0,1
cnn,CoPx_R,29,MSE,0.15284337353748564,1297860,f4d62ad7513e0a9d,True,location-k4-fold1-seed0,1
cnn,CoPx_R,29,MAE,0.2785270675354274,1297860,f4d62ad7513e0a9d,True,location-k4-fold1-seed0,1
cnn,CoPx_R,29,SS_vs_persistence,0.4223833080096998,1297860,f4d62ad7513e0a9d,True,location-k4-fold1-seed0,1
cnn,CoPx_R,29,SS_vs_seasonal,0.444320901676578,1297860,f4d62ad7513e0a9d,True,location-k4-fold1-seed0,1
cnn,CoPx_R,29,SS_vs_ar,-0.031242637822393116,1297860,f4d62ad7513e0a9d,True,location-k4-fold1-seed0,1
cnn,CoPx_R,30,MSE,0.15311353609781805,1297860,f4d62ad7513e0a9d,True,location-k4-fold1-seed0,1
cnn,CoPx_R,30,MAE,0.2778216109678067,1297860,f4d62ad7513e0a9d,True,location-k4-fold1-seed0,1
cnn,CoPx_R,30,SS_vs_persistence,0.4306813061786746,1297860,f4d62ad7513e0a9d,True,location-k4-fold1-seed0,1
cnn,CoPx_R,30,SS_vs_seasonal,0.44887551045682605,1297860,f4d62ad7513e0a9d,True,location-k4-fold1-seed0,1
cnn,CoPx_R,30,SS_vs_ar,-0.02852467361734501,1297860,f4d62ad7513e0a9d,True,location-k4-fold1-seed0,1
cnn,CoPx_R,all,MSE,0.14694396182304206,1297860,f4d62ad7513e0a9d,True,location-k4-fold1-seed0,1
cnn,CoPx_R,all,MAE,0.2709744303549749,1297860,f4d62ad7513e0a9d,True,location-k4-fold1-seed0,1
cnn,CoPx_R,all,SS_vs_persistence,0.4293394393172705,1297860,f4d62ad7513e0a9d,True,location-k4-fold1-seed0,1
cnn,CoPx_R,all,SS_vs_seasonal,0.44257041508965,1297860,f4d62ad7513e0a9d,True,location-k4-fold1-seed0,1
cnn,CoPx_R,all,SS_vs_ar,-0.03079061524528215,1297860,f4d62ad7513e0a9d,True,location-k4-fold1-seed0,1
cnn,CoPy_R,1,MSE,0.08383977651519085,1297860,f4d62ad7513e0a9d,True,location-k4-fold1-seed0,1
cnn,CoPy_R,1,MAE,0.21844773455011487,1297860,f4d62ad7513e0a9d,True,location-k4-fold1-seed0,1
cnn,CoPy_R,1,SS_vs_persistence,0.3406412450209454,1297860,f4d62ad7513e0a9d,True,location-k4-fold1-seed0,1
cnn,CoPy_R,1,SS_vs_seasonal,0.45743972877025774,1297860,f4d62ad7513e0a9d,True,location-k4-fold1-seed0,1
cnn,CoPy_R,1,SS_vs_ar,-0.04089850472212575,1297860,f4d62ad7513e0a9d,True,location-k4-fold1-seed0,1
cnn,CoPy_R,2,MSE,0.08899816006624066,1297860,f4d62ad7513e0a9d,True,location-k4-fold1-seed0,1
cnn,CoPy_R,2,MAE,0.2269797448380446,1297860,f4d62ad7513e0a9d,True,location-k4-fold1-seed0,1
cnn,CoPy_R,2,SS_vs_persistence,0.3836760543626756,1297860,f4d62ad7513e0a9d,True,location-k4-fold1-seed0,1
cnn,CoPy_R,2,SS_vs_seasonal,0.4360675669388875,1297860,f4d62ad7513e0a9d,True,location-k4-fold1-seed0,1
cnn,CoPy_R,2,SS_vs_ar,-0.05011833019211287,1297860,f4d62ad7513e0a9d,True,location-k4-fold1-seed0,1
cnn,CoPy_R,3,MSE,0.09021591796419748,1297860,f4d62ad7513e0a9d,True,location-k4-fold1-seed0,1
cnn,CoPy_R,3,MAE,0.22823917637108632,1297860,f4d62ad7513e0a9d,True,location-k4-fold1-seed0,1
cnn,CoPy_R,3,SS_vs_persistence,0.39171429265580493,1297860,f4d62ad7513e0a9d,True,location-k4-fold1-seed0,1
cnn,CoPy_R,3,SS_vs_seasonal,0.4322619288792455,1297860,f4d62ad7513e0a9d,True,location-k4-fold1-seed0,1
cnn,CoPy_R,3,SS_vs_ar,-0.04539493103996728,1297860,f4d62ad7513e0a9d,True,location-k4-fold1-seed0,1
cnn,CoPy_R,4,MSE,0.09145071965970566,1297860,f4d62ad7513e0a9d,True,location-k4-fold1-seed0,1
cnn,CoPy_R,4,MAE,0.2301384348275604,1297860,f4d62ad7513e0a9d,True,location-k4-fold1-seed0,1
cnn,CoPy_R,4,SS_vs_persistence,0.3945353743580645,1297860,f4d62ad7513e0a9d,True,location-k4-fold1-seed0,1
cnn,CoPy_R,4,SS_vs_seasonal,0.4251911615327635,1297860,f4d62ad7513e0a9d,True,location-k4-fold1-seed0,1
cnn,CoPy_R,4,SS_vs_ar,-0.04632679072120016,1297860,f4d62ad7513e0a9d,True,location-k4-fold1-seed0,1
cnn,CoPy_R,5,MSE,0.09272711109881626,1297860,f4d62ad7513e0a9d,True,location-k4-fold1-seed0,1
cnn,CoPy_R,5,MAE,0.2320454680645154,1297860,f4d62ad7513e0a9d,True,location-k4-fold1-seed0,1
cnn,CoPy_R,5,SS_vs_persistence,0.40172673546886695,1297860,f4d62ad7513e0a9d,True,location-k4-fold1-seed0,1
cnn,CoPy_R,5,SS_vs_seasonal,0.41772524005397216,1297860,f4d62ad7513e0a9d,True,location-k4-fold1-seed0,1
cnn,CoPy_R,5,SS_vs_ar,-0.046524024350947935,1297860,f4d62ad7513e0a9d,True,location-k4-fold1-seed0,1
cnn,CoPy_R,6,MSE,0.09313442837294195,1297860,f4d62ad7513e0a9d,True,location-k4-fold1-seed0,1
cnn,CoPy_R,6,MAE,0.2329872766237477,1297860,f4d62ad7513e0a9d,True,location-k4-fold1-seed0,1
cnn,CoPy_R,6,SS_vs_persistence,0.3996729577592113,1297860,f4d62ad7513e0a9d,True,location-k4-fold1-seed0,1
cnn,CoPy_R,6,SS_vs_seasonal,0.4145051304890761,1297860,f4d62ad7513e0a9d,True,location-k4-fold1-seed0,1
cnn,CoPy_R,6,SS_vs_ar,-0.043355048824688325,1297860,f4d62ad7513e0a9d,True,location-k4-fold1-seed0,1
cnn,CoPy_R,7,MSE,0.09453700481501502,1297860,f4d62ad7513e0a9d,True,location-k4-fold1-seed0,1
cnn,CoPy_R,7,MAE,0.23457237221951618,1297860,f4d62ad7513e0a9d,True,location-k4-fold1-seed0,1
cnn,CoPy_R,7,SS_vs_persistence,0.41000775663243294,1297860,f4d62ad7513e0a9d,True,location-k4-fold1-seed0,1
cnn,CoPy_R,7,SS_vs_seasonal,0.4079792165681033,1297860,f4d62ad7513e0a9d,True,location-k4-fold1-seed0,1
cnn,CoPy_R,7,SS_vs_ar,-0.04932958795773468,1297860,f4d62ad7513e0a9d,True,location-k4-fold1-seed0,1
cnn,CoPy_R,8,MSE,0.09572634132242035,1297860,f4d62ad7513e0a9d,True,location-k4-fold1-seed0,1
cnn,CoPy_R,8,MAE,0.23654680907794765,1297860,f4d62ad7513e0a9d,True,location-k4-fold1-seed0,1
cnn,CoPy_R,8,SS_vs_persistence,0.40068981275913895,1297860,f4d62ad7513e0a9d,True,location-k4-fold1-seed0,1
cnn,CoPy_R,8,SS_vs_seasonal,0.3960929185993438,1297860,f4d62ad7513e0a9d,True,location-k4-fold1-seed0,1
cnn,CoPy_R,8,SS_vs_ar,-0.0582094406046294,1297860,f4d62ad7513e0a9d,True,location-k4-fold1-seed0,1
cnn,CoPy_R,9,MSE,0.09471084951754402,1297860,f4d62ad7513e0a9d,True,location-k4-fold1-seed0,1
cnn,CoPy_R,9,MAE,0.23392679492760754,1297860,f4d62ad7513e0a9d,True,location-k4-fold1-seed0,1
cnn,CoPy_R,9,SS_vs_persistence,0.39624617333650713,1297860,f4d62ad7513e0a9d,True,location-k4-fold1-seed0,1
cnn,CoPy_R,9,SS_vs_seasonal,0.39739238172792457,1297860,f4d62ad7513e0a9d,True,location-k4-fold1-seed0,1
cnn,CoPy_R,9,SS_vs_ar,-0.041720425896919044,1297860,f4d62ad7513e0a9d,True,location-k4-fold1-seed0,1
cnn,CoPy_R,10,MSE,0.0960413206898592,1297860,f4d62ad7513e0a9d,True,location-k4-fold1-seed0,1
cnn,CoPy_R,10,MAE,0.23652825468426258,1297860,f4d62ad7513e0a9d,True,location-k4-fold1-seed0,1
cnn,CoPy_R,10,SS_vs_persistence,0.40775780571499387,1297860,f4d62ad7513e0a9d,True,location-k4-fold1-seed0,1
cnn,CoPy_R,10,SS_vs_seasonal,0.43742106656818325,1297860,f4d62ad7513e0a9d,True,location-k4-fold1-seed0,1
cnn,CoPy_R,10,SS_vs_ar,-0.0463251460074785,1297860,f4d62ad7513e0a9d,True,location-k4-fold1-seed0,1
cnn,CoPy_R,11,MSE,0.0966722681643322,1297860,f4d62ad7513e0a9d,True,location-k4-fold1-seed0,1
cnn,CoPy_R,11,MAE,0.23729527455455326,1297860,f4d62ad7513e0a9d,True,location-k4-fold1-seed0,1
cnn,CoPy_R,11,SS_vs_persistence,0.42181923690008527,1297860,f4d62ad7513e0a9d,True,location-k4-fold1-seed0,1
cnn,CoPy_R,11,SS_vs_seasonal,0.43867289354932615,1297860,f4d62ad7513e0a9d,True,location-k4-fold1-seed0,1
cnn,CoPy_R,11,SS_vs_ar,-0.04759399878036574,1297860,f4d62ad7513e0a9d,True,location-k4-fold1-seed0,1
cnn,CoPy_R,12,MSE,0.09730572203195012,1297860,f4d62ad7513e0a9d,True,location-k4-fold1-seed0,1
cnn,CoPy_R,12,MAE,0.2383452531881035,1297860,f4d62ad7513e0a9d,True,location-k4-fold1-seed0,1
cnn,CoPy_R,12,SS_vs_persistence,0.4148178110773789,1297860,f4d62ad7513e0a9d,True,location-k4-fold1-seed0,1
cnn,CoPy_R,12,SS_vs_seasonal,0.4331658064527665,1297860,f4d62ad7513e0a9d,True,location-k4-fold1-seed0,1
cnn,CoPy_R,12,SS_vs_ar,-0.05405325464863164,1297860,f4d62ad7513e0a9d,True,location-k4-fold1-seed0,1
cnn,CoPy_R,13,MSE,0.09821322168684432,1297860,f4d62ad7513e0a9d,True,location-k4-fold1-seed0,1
cnn,CoPy_R,13,MAE,0.2389920000076575,1297860,f4d62ad7513e0a9d,True,location-k4-fold1-seed0,1
cnn,CoPy_R,13,SS_vs_persistence,0.4100593609597408,1297860,f4d62ad7513e0a9d,True,location-k4-fold1-seed0,1
cnn,CoPy_R,13,SS_vs_seasonal,0.4238173525144261,1297860,f4d62ad7513e0a9d,True,location-k4-fold1-seed0,1
cnn,CoPy_R,13,SS_vs_ar,-0.06103409640642776,1297860,f4d62ad7513e0a9d,True,location-k4-fold1-seed0,1
cnn,CoPy_R,14,MSE,0.09838771842534394,1297860,f4d62ad7513e0a9d,True,location-k4-fold1-seed0,1
cnn,CoPy_R,14,MAE,0.23987232812445589,1297860,f4d62ad7513e0a9d,True,location-k4-fold1-seed0,1
cnn,CoPy_R,14,SS_vs_persistence,0.3942667883216858,1297860,f4d62ad7513e0a9d,True,location-k4-fold1-seed0,1
cnn,CoPy_R,14,SS_vs_seasonal,0.42012885876419503,1297860,f4d62ad7513e0a9d,True,location-k4-fold1-seed0,1
cnn,CoPy_R,14,SS_vs_ar,-0.060735622625210484,1297860,f4d62ad7513e0a9d,True,location-k4-fold1-seed0,1
cnn,CoPy_R,15,MSE,0.09836939003555385,1297860,f4d62ad7513e0a9d,True,location-k4-fold1-seed0,1
cnn,CoPy_R,15,MAE,0.23989749798404839,1297860,f4d62ad7513e0a9d,True,location-k4-fold1-seed0,1
cnn,CoPy_R,15,SS_vs_persistence,0.3838075446964644,1297860,f4d62ad7513e0a9d,True,location-k4-fold1-seed0,1
cnn,CoPy_R,15,SS_vs_seasonal,0.41519106766777125,1297860,f4d62ad7513e0a9d,True,location-k4-fold1-seed0,1
cnn,CoPy_R,15,SS_vs_ar,-0.05600929667212862,1297860,f4d62ad7513e0a9d,True,location-k4-fold1-seed0,1
cnn,CoPy_R,16,MSE,0.09928082850539476,1297860,f4d62ad7513e0a9d,True,location-k4-fold1-seed0,1
cnn,CoPy_R,16,MAE,0.24184370924513993,1297860,f4d62ad7513e0a9d,True,location-k4-fold1-seed0,1
cnn,CoPy_R,16,SS_vs_persistence,0.3905102817939402,1297860,f4d62ad7513e0a9d,True,location-k4-fold1-seed0,1
cnn,CoPy_R,16,SS_vs_seasonal,0.41112201907205825,1297860,f4d62ad7513e0a9d,True,location-k4-fold1-seed0,1
cnn,CoPy_R,16,SS_vs_ar,-0.0559468187661174,1297860,f4d62ad7513e0a9d,True,location-k4-fold1-seed0,1
cnn,CoPy_R,17,MSE,0.10077119850200503,1297860,f4d62ad7513e0a9d,True,location-k4-fold1-seed0,1
cnn,CoPy_R,17,MAE,0.24213058968474235,1297860,f4d62ad7513e0a9d,True,location-k4-fold1-seed0,1
cnn,CoPy_R,17,SS_vs_persistence,0.39102350675111053,1297860,f4d62ad7513e0a9d,True,location-k4-fold1-seed0,1
cnn,CoPy_R,17,SS_vs_seasonal,0.40428797309700304,1297860,f4d62ad7513e0a9d,True,location-k4-fold1-seed0,1
cnn,CoPy_R,17,SS_vs_ar,-0.06548879082234671,1297860,f4d62ad7513e0a9d,True,location-k4-fold1-seed0,1
cnn,CoPy_R,18,MSE,0.10224010876083621,1297860,f4d62ad7513e0a9d,True,location-k4-fold1-seed0,1
cnn,CoPy_R,18,MAE,0.2442907669947565,1297860,f4d62ad7513e0a9d,True,location-k4-fold1-seed0,1
cnn,CoPy_R,18,SS_vs_persistence,0.39918308804264424,1297860,f4d62ad7513e0a9d,True,location-k4-fold1-seed0,1
cnn,CoPy_R,18,SS_vs_seasonal,0.3997473864983233,1297860,f4d62ad7513e0a9d,True,location-k4-fold1-seed0,1
cnn,CoPy_R,18,SS_vs_ar,-0.07264943767651522,1297860,f4d62ad7513e0a9d,True,location-k4-fold1-seed0,1
cnn,CoPy_R,19,MSE,0.10181885451701812,1297860,f4d62ad7513e0a9d,True,location-k4-fold1-seed0,1
cnn,CoPy_R,19,MAE,0.24448635615771033,1297860,f4d62ad7513e0a9d,True,location-k4-fold1-seed0,1
cnn,CoPy_R,19,SS_vs_persistence,0.40611846775526084,1297860,f4d62ad7513e0a9d,True,location-k4-fold1-seed0,1
cnn,CoPy_R,19,SS_vs_seasonal,0.42148866984759126,1297860,f4d62ad7513e0a9d,True,location-k4-fold1-seed0,1
cnn,CoPy_R,19,SS_vs_ar,-0.06444236736381392,1297860,f4d62ad7513e0a9d,True,location-k4-fold1-seed0,1
cnn,CoPy_R,20,MSE,0.1008952211166097,1297860,f4d62ad7513e0a9d,True,location-k4-fold1-seed0,1
cnn,CoPy_R,20,MAE,0.24348580976117545,1297860,f4d62ad7513e0a9d,True,location-k4-fold1-seed0,1
cnn,CoPy_R,20,SS_vs_persistence,0.4089401265605527,1297860,f4d62ad7513e0a9d,True,location-k4-fold1-seed0,1
cnn,CoPy_R,20,SS_vs_seasonal,0.42565232462116653,1297860,f4d62ad7513e0a9d,True,location-k4-fold1-seed0,1
cnn,CoPy_R,20,SS_vs_ar,-0.05508442699061322,1297860,f4d62ad7513e0a9d,True,location-k4-fold1-seed0,1
cnn,CoPy_R,21,MSE,0.10176900225059468,1297860,f4d62ad7513e0a9d,True,location-k4-fold1-seed0,1
cnn,CoPy_R,21,MAE,0.2451960050217742,1297860,f4d62ad7513e0a9d,True,location-k4-fold1-seed0,1
cnn,CoPy_R,21,SS_vs_persistence,0.4110557543527016,1297860,f4d62ad7513e0a9d,True,location-k4-fold1-seed0,1
cnn,CoPy_R,21,SS_vs_seasonal,0.4222817785260988,1297860,f4d62ad7513e0a9d,True,location-k4-fold1-seed0,1
cnn,CoPy_R,21,SS_vs_ar,-0.06336449447112646,1297860,f4d62ad7513e0a9d,True,location-k4-fold1-seed0,1
cnn,CoPy_R,22,MSE,0.10230891708327841,1297860,f4d62ad7513e0a9d,True,location-k4-fold1-seed0,1
cnn,CoPy_R,22,MAE,0.2463100832292925,1297860,f4d62ad7513e0a9d,True,location-k4-fold1-seed0,1
cnn,CoPy_R,22,SS_vs_persistence,0.4030085634786035,1297860,f4d62ad7513e0a9d,True,location-k4-fold1-seed0,1
cnn,CoPy_R,22,SS_vs_seasonal,0.4205682615877794,1297860,f4d62ad7513e0a9d,True,location-k4-fold1-seed0,1
cnn,CoPy_R,22,SS_vs_ar,-0.0677821572625914,1297860,f4d62ad7513e0a9d,True,location-k4-fold1-seed0,1
cnn,CoPy_R,23,MSE,0.10184557437623429,1297860,f4d62ad7513e0a9d,True,location-k4-fold1-seed0,1
cnn,CoPy_R,23,MAE,0.24467548574415363,1297860,f4d62ad7513e0a9d,True,location-k4-fold1-seed0,1
cnn,CoPy_R,23,SS_vs_persistence,0.39774466285065024,1297860,f4d62ad7513e0a9d,True,location-k4-fold1-seed0,1
cnn,CoPy_R,23,SS_vs_seasonal,0.41812910487979793,1297860,f4d62ad7513e0a9d,True,location-k4-fold1-seed0,1
cnn,CoPy_R,23,SS_vs_ar,-0.05989872555362541,1297860,f4d62ad7513e0a9d,True,location-k4-fold1-seed0,1
cnn,CoPy_R,24,MSE,0.10220434147827831,1297860,f4d62ad7513e0a9d,True,location-k4-fold1-seed0,1
cnn,CoPy_R,24,MAE,0.24528308246078645,1297860,f4d62ad7513e0a9d,True,location-k4-fold1-seed0,1
cnn,CoPy_R,24,SS_vs_persistence,0.3964260191437121,1297860,f4d62ad7513e0a9d,True,location-k4-fold1-seed0,1
cnn,CoPy_R,24,SS_vs_seasonal,0.413042422424721,1297860,f4d62ad7513e0a9d,True,location-k4-fold1-seed0,1
cnn,CoPy_R,24,SS_vs_ar,-0.061479681415764764,1297860,f4d62ad7513e0a9d,True,location-k4-fold1-seed0,1
cnn,CoPy_R,25,MSE,0.10351789203871219,1297860,f4d62ad7513e0a9d,True,location-k4-fold1-seed0,1
cnn,CoPy_R,25,MAE,0.24787490553832392,1297860,f4d62ad7513e0a9d,True,location-k4-fold1-seed0,1
cnn,CoPy_R,25,SS_vs_persistence,0.39909707034479247,1297860,f4d62ad7513e0a9d,True,location-k4-fold1-seed0,1
cnn,CoPy_R,25,SS_vs_seasonal,0.40785246942082043,1297860,f4d62ad7513e0a9d,True,location-k4-fold1-seed0,1
cnn,CoPy_R,25,SS_vs_ar,-0.06889237171383789,1297860,f4d62ad7513e0a9d,True,location-k4-fold1-seed0,1
cnn,CoPy_R,26,MSE,0.10312240745670131,1297860,f4d62ad7513e0a9d,True,location-k4-fold1-seed0,1
cnn,CoPy_R,26,MAE,0.2477632314227534,1297860,f4d62ad7513e0a9d,True,location-k4-fold1-seed0,1
cnn,CoPy_R,26,SS_vs_persistence,0.4135344453584423,1297860,f4d62ad7513e0a9d,True,location-k4-fold1-seed0,1
cnn,CoPy_R,26,SS_vs_seasonal,0.41114342410295435,1297860,f4d62ad7513e0a9d,True,location-k4-fold1-seed0,1
cnn,CoPy_R,26,SS_vs_ar,-0.06086443966442823,1297860,f4d62ad7513e0a9d,True,location-k4-fold1-seed0,1
cnn,CoPy_R,27,MSE,0.10333933162231923,1297860,f4d62ad7513e0a9d,True,location-k4-fold1-seed0,1
cnn,CoPy_R,27,MAE,0.24777712422927478,1297860,f4d62ad7513e0a9d,True,location-k4-fold1-seed0,1
cnn,CoPy_R,27,SS_vs_persistence,0.4115385326564992,1297860,f4d62ad7513e0a9d,True,location-k4-fold1-seed0,1
cnn,CoPy_R,27,SS_vs_seasonal,0.41135416534848634,1297860,f4d62ad7513e0a9d,True,location-k4-fold1-seed0,1
cnn,CoPy_R,27,SS_vs_ar,-0.061793467521010115,1297860,f4d62ad7513e0a9d,True,location-k4-fold1-seed0,1
cnn,CoPy_R,28,MSE,0.1031555313672418,1297860,f4d62ad7513e0a9d,True,location-k4-fold1-seed0,1
cnn,CoPy_R,28,MAE,0.2470000831587071,1297860,f4d62ad7513e0a9d,True,location-k4-fold1-seed0,1
cnn,CoPy_R,28,SS_vs_persistence,0.4147367663105348,1297860,f4d62ad7513e0a9d,True,location-k4-fold1-seed0,1
cnn,CoPy_R,28,SS_vs_seasonal,0.426138267122813,1297860,f4d62ad7513e0a9d,True,location-k4-fold1-seed0,1
cnn,CoPy_R,28,SS_vs_ar,-0.05951705077289682,1297860,f4d62ad7513e0a9d,True,location-k4-fold1-seed0,1
cnn,CoPy_R,29,MSE,0.10312883822039785,1297860,f4d62ad7513e0a9d,True,location-k4-fold1-seed0,1
cnn,CoPy_R,29,MAE,0.2473122085733683,1297860,f4d62ad7513e0a9d,True,location-k4-fold1-seed0,1
cnn,CoPy_R,29,SS_vs_persistence,0.40400861359408324,1297860,f4d62ad7513e0a9d,True,location-k4-fold1-seed0,1
cnn,CoPy_R,29,SS_vs_seasonal,0.4214496786175582,1297860,f4d62ad7513e0a9d,True,location-k4-fold1-seed0,1
cnn,CoPy_R,29,SS_vs_ar,-0.05869771646765143,1297860,f4d62ad7513e0a9d,True,location-k4-fold1-seed0,1
cnn,CoPy_R,30,MSE,0.10296407732698001,1297860,f4d62ad7513e0a9d,True,location-k4-fold1-seed0,1
cnn,CoPy_R,30,MAE,0.24584573923465414,1297860,f4d62ad7513e0a9d,True,location-k4-fold1-seed0,1
cnn,CoPy_R,30,SS_vs_persistence,0.3944150338736251,1297860,f4d62ad7513e0a9d,True,location-k4-fold1-seed0,1
cnn,CoPy_R,30,SS_vs_seasonal,0.41984991359507084,1297860,f4d62ad7513e0a9d,True,location-k4-fold1-seed0,1
cnn,CoPy_R,30,SS_vs_ar,-0.05540738121432187,1297860,f4d62ad7513e0a9d,True,location-k4-fold1-seed0,1
cnn,CoPy_R,all,MSE,0.09808973583295498,1297860,f4d62ad7513e0a9d,True,location-k4-fold1-seed0,1
cnn,CoPy_R,all,MAE,0.2395363200166709,1297860,f4d62ad7513e0a9d,True,location-k4-fold1-seed0,1
cnn,CoPy_R,all,SS_vs_persistence,0.40047830524759953,1297860,f4d62ad7513e0a9d,True,location-k4-fold1-seed0,1
cnn,CoPy_R,all,SS_vs_seasonal,0.4195398844047541,1297860,f4d62ad7513e0a9d,True,location-k4-fold1-seed0,1
cnn,CoPy_R,all,SS_vs_ar,-0.05624674005167929,1297860,f4d62ad7513e0a9d,True,location-k4-fold1-seed0,1
persistence,F_R,1,MSE,111800.2342799106,1286610,46c1dc5661c5fdc8,True,location-k4-fold2-seed0,2
persistence,F_R,1,MAE,183.8192572081684,1286610,46c1dc5661c5fdc8,True,location-k4-fold2-seed0,2
persistence,F_R,1,SS_vs_persistence,0.0,1286610,46c1dc5661c5fdc8,True,location-k4-fold2-seed0,2
persistence,F_R,1,SS_vs_seasonal,0.20922352496746532,1286610,46c1dc5661c5fdc8,True,location-k4-fold2-seed0,2
persistence,F_R,1,SS_vs_ar,-0.28292102760209037,1286610,46c1dc5661c5fdc8,True,location-k4-fold2-seed0,2
persistence,F_R,2,MSE,131026.12461079903,1286610,46c1dc5661c5fdc8,True,location-k4-fold2-seed0,2
persistence,F_R,2,MAE,199.86877663134916,1286610,46c1dc5661c5fdc8,True,location-k4-fold2-seed0,2
persistence,F_R,2,SS_vs_persistence,0.0,1286610,46c1dc5661c5fdc8,True,location-k4-fold2-seed0,2
persistence,F_R,2,SS_vs_seasonal,0.08957575349450342,1286610,46c1dc5661c5fdc8,True,location-k4-fold2-seed0,2
persistence,F_R,2,SS_vs_ar,-0.3280240626553874,1286610,46c1dc5661c5fdc8,True,location-k4-fold2-seed0,2
persistence,F_R,3,MSE,137739.3570097214,1286610,46c1dc5661c5fdc8,True,location-k4-fold2-seed0,2
persistence,F_R,3,MAE,202.38839834322974,1286610,46c1dc5661c5fdc8,True,location-k4-fold2-seed0,2
persistence,F_R,3,SS_vs_persistence,0.0,1286610,46c1dc5661c5fdc8,True,location-k4-fold2-seed0,2
persistence,F_R,3,SS_vs_seasonal,0.07025024950158298,1286610,46c1dc5661c5fdc8,True,location-k4-fold2-seed0,2
persistence,F_R,3,SS_vs_ar,-0.3195346761059783,1286610,46c1dc5661c5fdc8,True,location-k4-fold2-seed0,2
persistence,F_R,4,MSE,138073.2017959278,1286610,46c1dc5661c5fdc8,True,location-k4-fold2-seed0,2
persistence,F_R,4,MAE,201.67636478064813,1286610,46c1dc5661c5fdc8,True,location-k4-fold2-seed0,2
persistence,F_R,4,SS_vs_persistence,0.0,1286610,46c1dc5661c5fdc8,True,location-k4-fold2-seed0,2
persistence,F_R,4,SS_vs_seasonal,0.09131432955841023,1286610,46c1dc5661c5fdc8,True,location-k4-fold2-seed0,2
persistence,F_R,4,SS_vs_ar,-0.276787584087842,1286610,46c1dc5661c5fdc8,True,location-k4-fold2-seed0,2
persistence,F_R,5,MSE,143534.55144563795,1286610,46c1dc5661c5fdc8,True,location-k4-fold2-seed0,2
persistence,F_R,5,MAE,209.0124629385799,1286610,46c1dc5661c5fdc8,True,location-k4-fold2-seed0,2
persistence,F_R,5,SS_vs_persistence,0.0,1286610,46c1dc5661c5fdc8,True,location-k4-fold2-seed0,2
persistence,F_R,5,SS_vs_seasonal,0.05590562362200979,1286610,46c1dc5661c5fdc8,True,location-k4-fold2-seed0,2
persistence,F_R,5,SS_vs_ar,-0.2857232083550656,1286610,46c1dc5661c5fdc8,True,location-k4-fold2-seed0,2
persistence,F_R,6,MSE,140164.90529923918,1286610,46c1dc5661c5fdc8,True,location-k4-fold2-seed0,2
persistence,F_R,6,MAE,205.43622562658302,1286610,46c1dc5661c5fdc8,True,location-k4-fold2-seed0,2
persistence,F_R,6,SS_vs_persistence,0.0,1286610,46c1dc5661c5fdc8,True,location-k4-fold2-seed0,2
persistence,F_R,6,SS_vs_seasonal,0.07071323587454348,1286610,46c1dc5661c5fdc8,True,location-k4-fold2-seed0,2
persistence,F_R,6,SS_vs_ar,-0.22736413798599808,1286610,46c1dc5661c5fdc8,True,location-k4-fold2-seed0,2
persistence,F_R,7,MSE,144397.88056281686,1286610,46c1dc5661c5fdc8,True,location-k4-fold2-seed0,2
persistence,F_R,7,MAE,209.44189819731577,1286610,46c1dc5661c5fdc8,True,location-k4-fold2-seed0,2
persistence,F_R,7,SS_vs_persistence,0.0,1286610,46c1dc5661c5fdc8,True,location-k4-fold2-seed0,2
persistence,F_R,7,SS_vs_seasonal,0.05562556405206376,1286610,46c1dc5661c5fdc8,True,location-k4-fold2-seed0,2
persistence,F_R,7,SS_vs_ar,-0.21765951173445064,1286610,46c1dc5661c5fdc8,True,location-k4-fold2-seed0,2
persistence,F_R,8,MSE,148466.57549941435,1286610,46c1dc5661c5fdc8,True,location-k4-fold2-seed0,2
persistence,F_R,8,MAE,210.73111689221093,1286610,46c1dc5661c5fdc8,True,location-k4-fold2-seed0,2
persistence,F_R,8,SS_vs_persistence,0.0,1286610,46c1dc5661c5fdc8,True,location-k4-fold2-seed0,2
persistence,F_R,8,SS_vs_seasonal,0.022601065444803004,1286610,46c1dc5661c5fdc8,True,location-k4-fold2-seed0,2
persistence,F_R,8,SS_vs_ar,-0.21754361563820246,1286610,46c1dc5661c5fdc8,True,location-k4-fold2-seed0,2
persistence,F_R,9,MSE,147789.12772180256,1286610,46c1dc5661c5fdc8,True,location-k4-fold2-seed0,2
persistence,F_R,9,MAE,210.93538240868628,1286610,46c1dc5661c5fdc8,True,location-k4-fold2-seed0,2
persistence,F_R,9,SS_vs_persistence,0.0,1286610,46c1dc5661c5fdc8,True,location-k4-fold2-seed0,2
persistence,F_R,9,SS_vs_seasonal,0.0034691581908474767,1286610,46c1dc5661c5fdc8,True,location-k4-fold2-seed0,2
persistence,F_R,9,SS_vs_ar,-0.19269285464553998,1286610,46c1dc5661c5fdc8,True,location-k4-fold2-seed0,2
persistence,F_R,10,MSE,148695.48142258328,1286610,46c1dc5661c5fdc8,True,location-k4-fold2-seed0,2
persistence,F_R,10,MAE,210.91748676481947,1286610,46c1dc5661c5fdc8,True,location-k4-fold2-seed0,2
persistence,F_R,10,SS_vs_persistence,0.0,1286610,46c1dc5661c5fdc8,True,location-k4-fold2-seed0,2
persistence,F_R,10,SS_vs_seasonal,0.025277473414619278,1286610,46c1dc5661c5fdc8,True,location-k4-fold2-seed0,2
persistence,F_R,10,SS_vs_ar,-0.17237239571798346,1286610,46c1dc5661c5fdc8,True,location-k4-fold2-seed0,2
persistence,F_R,11,MSE,152663.84994261994,1286610,46c1dc5661c5fdc8,True,location-k4-fold2-seed0,2
persistence,F_R,11,MAE,215.98700455398233,1286610,46c1dc5661c5fdc8,True,location-k4-fold2-seed0,2
persistence,F_R,11,SS_vs_persistence,0.0,1286610,46c1dc5661c5fdc8,True,location-k4-fold2-seed0,2
persistence,F_R,11,SS_vs_seasonal,0.019191738855387164,1286610,46c1dc5661c5fdc8,True,location-k4-fold2-seed0,2
persistence,F_R,11,SS_vs_ar,-0.17194201205666215,1286610,46c1dc5661c5fdc8,True,location-k4-fold2-seed0,2
persistence,F_R,12,MSE,153896.87094814723,1286610,46c1dc5661c5fdc8,True,location-k4-fold2-seed0,2
persistence,F_R,12,MAE,219.45364983943998,1286610,46c1dc5661c5fdc8,True,location-k4-fold2-seed0,2
persistence,F_R,12,SS_vs_persistence,0.0,1286610,46c1dc5661c5fdc8,True,location-k4-fold2-seed0,2
persistence,F_R,12,SS_vs_seasonal,0.026759160334236087,1286610,46c1dc5661c5fdc8,True,location-k4-fold2-seed0,2
persistence,F_R,12,SS_vs_ar,-0.16426694379390616,1286610,46c1dc5661c5fdc8,True,location-k4-fold2-seed0,2
persistence,F_R,13,MSE,155548.9962285719,1286610,46c1dc5661c5fdc8,True,location-k4-fold2-seed0,2
persistence,F_R,13,MAE,219.17051598828206,1286610,46c1dc5661c5fdc8,True,location-k4-fold2-seed0,2
persistence,F_R,13,SS_vs_persistence,0.0,1286610,46c1dc5661c5fdc8,True,location-k4-fold2-seed0,2
persistence,F_R,13,SS_vs_seasonal,0.030634531795641684,1286610,46c1dc5661c5fdc8,True,location-k4-fold2-seed0,2
persistence,F_R,13,SS_vs_ar,-0.1583593346745531,1286610,46c1dc5661c5fdc8,True,location-k4-fold2-seed0,2
persistence,F_R,14,MSE,157825.4561637657,1286610,46c1dc5661c5fdc8,True,location-k4-fold2-seed0,2
persistence,F_R,14,MAE,217.94659084688578,1286610,46c1dc5661c5fdc8,True,location-k4-fold2-seed0,2
persistence,F_R,14,SS_vs_persistence,0.0,1286610,46c1dc5661c5fdc8,True,location-k4-fold2-seed0,2
persistence,F_R,14,SS_vs_seasonal,0.019140514937850406,1286610,46c1dc5661c5fdc8,True,location-k4-fold2-seed0,2
persistence,F_R,14,SS_vs_ar,-0.1550886570835126,1286610,46c1dc5661c5fdc8,True,location-k4-fold2-seed0,2
persistence,F_R,15,MSE,160566.48030897338,1286610,46c1dc5661c5fdc8,True,location-k4-fold2-seed0,2
persistence,F_R,15,MAE,222.49150499696148,1286610,46c1dc5661c5fdc8,True,location-k4-fold2-seed0,2
persistence,F_R,15,SS_vs_persistence,0.0,1286610,46c1dc5661c5fdc8,True,location-k4-fold2-seed0,2
persistence,F_R,15,SS_vs_seasonal,0.005701012632799207,1286610,46c1dc5661c5fdc8,True,location-k4-fold2-seed0,2
persistence,F_R,15,SS_vs_ar,-0.15535314711859138,1286610,46c1dc5661c5fdc8,True,location-k4-fold2-seed0,2
persistence,F_R,16,MSE,165238.19981318325,1286610,46c1dc5661c5fdc8,True,location-k4-fold2-seed0,2
persistence,F_R,16,MAE,225.92721350333616,1286610,46c1dc5661c5fdc8,True,location-k4-fold2-seed0,2
persistence,F_R,16,SS_vs_persistence,0.0,1286610,46c1dc5661c5fdc8,True,location-k4-fold2-seed0,2
persistence,F_R,16,SS_vs_seasonal,0.00991722994209121,1286610,46c1dc5661c5fdc8,True,location-k4-fold2-seed0,2
persistence,F_R,16,SS_vs_ar,-0.12923538114574318,1286610,46c1dc5661c5fdc8,True,location-k4-fold2-seed0,2
persistence,F_R,17,MSE,164459.92872828056,1286610,46c1dc5661c5fdc8,True,location-k4-fold2-seed0,2
persistence,F_R,17,MAE,225.37114553602527,1286610,46c1dc5661c5fdc8,True,location-k4-fold2-seed0,2
persistence,F_R,17,SS_vs_persistence,0.0,1286610,46c1dc5661c5fdc8,True,location-k4-fold2-seed0,2
persistence,F_R,17,SS_vs_seasonal,0.0179961168696412,1286610,46c1dc5661c5fdc8,True,location-k4-fold2-seed0,2
persistence,F_R,17,SS_vs_ar,-0.11115841108864566,1286610,46c1dc5661c5fdc8,True,location-k4-fold2-seed0,2
persistence,F_R,18,MSE,165390.8733041835,1286610,46c1dc5661c5fdc8,True,location-k4-fold2-seed0,2
persistence,F_R,18,MAE,223.78100077583971,1286610,46c1dc5661c5fdc8,True,location-k4-fold2-seed0,2
persistence,F_R,18,SS_vs_persistence,0.0,1286610,46c1dc5661c5fdc8,True,location-k4-fold2-seed0,2
persistence,F_R,18,SS_vs_seasonal,0.007629644261659463,1286610,46c1dc5661c5fdc8,True,location-k4-fold2-seed0,2
persistence,F_R,18,SS_vs_ar,-0.08562046853100602,1286610,46c1dc5661c5fdc8,True,location-k4-fold2-seed0,2
persistence,F_R,19,MSE,167073.02484181014,1286610,46c1dc5661c5fdc8,True,location-k4-fold2-seed0,2
persistence,F_R,19,MAE,226.6658776010395,1286610,46c1dc5661c5fdc8,True,location-k4-fold2-seed0,2
persistence,F_R,19,SS_vs_persistence,0.0,1286610,46c1dc5661c5fdc8,True,location-k4-fold2-seed0,2
persistence,F_R,19,SS_vs_seasonal,0.03160564103643981,1286610,46c1dc5661c5fdc8,True,location-k4-fold2-seed0,2
persistence,F_R,19,SS_vs_ar,-0.08202101588040334,1286610,46c1dc5661c5fdc8,True,location-k4-fold2-seed0,2
persistence,F_R,20,MSE,171286.36023764734,1286610,46c1dc5661c5fdc8,True,location-k4-fold2-seed0,2
persistence,F_R,20,MAE,230.52547215511476,1286610,46c1dc5661c5fdc8,True,location-k4-fold2-seed0,2
persistence,F_R,20,SS_vs_persistence,0.0,1286610,46c1dc5661c5fdc8,True,location-k4-fold2-seed0,2
persistence,F_R,20,SS_vs_seasonal,0.01023678379223203,1286610,46c1dc5661c5fdc8,True,location-k4-fold2-seed0,2
persistence,F_R,20,SS_vs_ar,-0.09821358636303446,1286610,46c1dc5661c5fdc8,True,location-k4-fold2-seed0,2
persistence,F_R,21,MSE,171117.93221642255,1286610,46c1dc5661c5fdc8,True,location-k4-fold2-seed0,2
persistence,F_R,21,MAE,230.44367708172422,1286610,46c1dc5661c5fdc8,True,location-k4-fold2-seed0,2
persistence,F_R,21,SS_vs_persistence,0.0,1286610,46c1dc5661c5fdc8,True,location-k4-fold2-seed0,2
persistence,F_R,21,SS_vs_seasonal,0.0199292630157607,1286610,46c1dc5661c5fdc8,True,location-k4-fold2-seed0,2
persistence,F_R,21,SS_vs_ar,-0.09025996224409738,1286610,46c1dc5661c5fdc8,True,location-k4-fold2-seed0,2
persistence,F_R,22,MSE,167809.80439759465,1286610,46c1dc5661c5fdc8,True,location-k4-fold2-seed0,2
persistence,F_R,22,MAE,228.5901501283533,1286610,46c1dc5661c5fdc8,True,location-k4-fold2-seed0,2
persistence,F_R,22,SS_vs_persistence,0.0,1286610,46c1dc5661c5fdc8,True,location-k4-fold2-seed0,2
persistence,F_R,22,SS_vs_seasonal,0.047429004291708265,1286610,46c1dc5661c5fdc8,True,location-k4-fold2-seed0,2
persistence,F_R,22,SS_vs_ar,-0.0578868165935047,1286610,46c1dc5661c5fdc8,True,location-k4-fold2-seed0,2
persistence,F_R,23,MSE,168852.3034887337,1286610,46c1dc5661c5fdc8,True,location-k4-fold2-seed0,2
persistence,F_R,23,MAE,228.41575637608534,1286610,46c1dc5661c5fdc8,True,location-k4-fold2-seed0,2
persistence,F_R,23,SS_vs_persistence,0.0,1286610,46c1dc5661c5fdc8,True,location-k4-fold2-seed0,2
persistence,F_R,23,SS_vs_seasonal,0.055965953276032376,1286610,46c1dc5661c5fdc8,True,location-k4-fold2-seed0,2
persistence,F_R,23,SS_vs_ar,-0.05559625461416795,1286610,46c1dc5661c5fdc8,True,location-k4-fold2-seed0,2
persistence,F_R,24,MSE,164877.66604989077,1286610,46c1dc5661c5fdc8,True,location-k4-fold2-seed0,2
persistence,F_R,24,MAE,228.52110691823498,1286610,46c1dc5661c5fdc8,True,location-k4-fold2-seed0,2
persistence,F_R,24,SS_vs_persistence,0.0,1286610,46c1dc5661c5fdc8,True,location-k4-fold2-seed0,2
persistence,F_R,24,SS_vs_seasonal,0.06641028218079359,1286610,46c1dc5661c5fdc8,True,location-k4-fold2-seed0,2
persistence,F_R,24,SS_vs_ar,-0.03162064109020557,1286610,46c1dc5661c5fdc8,True,location-k4-fold2-seed0,2
persistence,F_R,25,MSE,163323.84288423724,1286610,46c1dc5661c5fdc8,True,location-k4-fold2-seed0,2
persistence,F_R,25,MAE,228.56514236244192,1286610,46c1dc5661c5fdc8,True,location-k4-fold2-seed0,2
persistence,F_R,25,SS_vs_persistence,0.0,1286610,46c1dc5661c5fdc8,True,location-k4-fold2-seed0,2
persistence,F_R,25,SS_vs_seasonal,0.06607129268874301,1286610,46c1dc5661c5fdc8,True,location-k4-fold2-seed0,2
persistence,F_R,25,SS_vs_ar,-0.02654574024041856,1286610,46c1dc5661c5fdc8,True,location-k4-fold2-seed0,2
persistence,F_R,26,MSE,165851.11412631156,1286610,46c1dc5661c5fdc8,True,location-k4-fold2-seed0,2
persistence,F_R,26,MAE,230.72553730520212,1286610,46c1dc5661c5fdc8,True,location-k4-fold2-seed0,2
persistence,F_R,26,SS_vs_persistence,0.0,1286610,46c1dc5661c5fdc8,True,location-k4-fold2-seed0,2
persistence,F_R,26,SS_vs_seasonal,0.053420191773455694,1286610,46c1dc5661c5fdc8,True,location-k4-fold2-seed0,2
persistence,F_R,26,SS_vs_ar,-0.028907676019513495,1286610,46c1dc5661c5fdc8,True,location-k4-fold2-seed0,2
persistence,F_R,27,MSE,171621.90783336962,1286610,46c1dc5661c5fdc8,True,location-k4-fold2-seed0,2
persistence,F_R,27,MAE,234.0133429936064,1286610,46c1dc5661c5fdc8,True,location-k4-fold2-seed0,2
persistence,F_R,27,SS_vs_persistence,0.0,1286610,46c1dc5661c5fdc8,True,location-k4-fold2-seed0,2
persistence,F_R,27,SS_vs_seasonal,0.007497276356190352,1286610,46c1dc5661c5fdc8,True,location-k4-fold2-seed0,2
persistence,F_R,27,SS_vs_ar,-0.052296811083841765,1286610,46c1dc5661c5fdc8,True,location-k4-fold2-seed0,2
persistence,F_R,28,MSE,169773.65792794805,1286610,46c1dc5661c5fdc8,True,location-k4-fold2-seed0,2
persistence,F_R,28,MAE,229.9807511679949,1286610,46c1dc5661c5fdc8,True,location-k4-fold2-seed0,2
persistence,F_R,28,SS_vs_persistence,0.0,1286610,46c1dc5661c5fdc8,True,location-k4-fold2-seed0,2
persistence,F_R,28,SS_vs_seasonal,0.01893946301124827,1286610,46c1dc5661c5fdc8,True,location-k4-fold2-seed0,2
persistence,F_R,28,SS_vs_ar,-0.031280958367090994,1286610,46c1dc5661c5fdc8,True,location-k4-fold2-seed0,2
persistence,F_R,29,MSE,170294.38820863146,1286610,46c1dc5661c5fdc8,True,location-k4-fold2-seed0,2
persistence,F_R,29,MAE,233.2813528433915,1286610,46c1dc5661c5fdc8,True,location-k4-fold2-seed0,2
persistence,F_R,29,SS_vs_persistence,0.0,1286610,46c1dc5661c5fdc8,True,location-k4-fold2-seed0,2
persistence,F_R,29,SS_vs_seasonal,0.015280051763659208,1286610,46c1dc5661c5fdc8,True,location-k4-fold2-seed0,2
persistence,F_R,29,SS_vs_ar,-0.02568327101674628,1286610,46c1dc5661c5fdc8,True,location-k4-fold2-seed0,2
persistence,F_R,30,MSE,169190.88663086234,1286610,46c1dc5661c5fdc8,True,location-k4-fold2-seed0,2
persistence,F_R,30,MAE,233.99323463995864,1286610,46c1dc5661c5fdc8,True,location-k4-fold2-seed0,2
persistence,F_R,30,SS_vs_persistence,0.0,1286610,46c1dc5661c5fdc8,True,location-k4-fold2-seed0,2
persistence,F_R,30,SS_vs_seasonal,0.02347373873023806,1286610,46c1dc5661c5fdc8,True,location-k4-fold2-seed0,2
persistence,F_R,30,SS_vs_ar,-0.009339869195025052,1286610,46c1dc5661c5fdc8,True,location-k4-fold2-seed0,2
persistence,F_R,all,MSE,156278.3661318564,1286610,46c1dc5661c5fdc8,True,location-k4-fold2-seed0,2
persistence,F_R,all,MAE,219.26924658018305,1286610,46c1dc5661c5fdc8,True,location-k4-fold2-seed0,2
persistence,F_R,all,SS_vs_persistence,0.0,1286610,46c1dc5661c5fdc8,True,location-k4-fold2-seed0,2
persistence,F_R,all,SS_vs_seasonal,0.04038342837412179,1286610,46c1dc5661c5fdc8,True,location-k4-fold2-seed0,2
persistence,F_R,all,SS_vs_ar,-0.1265010218191256,1286610,46c1dc5661c5fdc8,True,location-k4-fold2-seed0,2
persistence,CoPx_R,1,MSE,0.19236380183743368,1286610,46c1dc5661c5fdc8,True,location-k4-fold2-seed0,2
persistence,CoPx_R,1,MAE,0.2566856797453144,1286610,46c1dc5661c5fdc8,True,location-k4-fold2-seed0,2
persistence,CoPx_R,1,SS_vs_persistence,5.198508290504833e-12,1286610,46c1dc5661c5fdc8,True,location-k4-fold2-seed0,2
persistence,CoPx_R,1,SS_vs_seasonal,0.08183077492754631,1286610,46c1dc5661c5fdc8,True,location-k4-fold2-seed0,2
persistence,CoPx_R,1,SS_vs_ar,-0.7339691708992162,1286610,46c1dc5661c5fdc8,True,location-k4-fold2-seed0,2
persistence,CoPx_R,2,MSE,0.21352088472135625,1286610,46c1dc5661c5fdc8,True,location-k4-fold2-seed0,2
persistence,CoPx_R,2,MAE,0.2813513280097145,1286610,46c1dc5661c5fdc8,True,location-k4-fold2-seed0,2
persistence,CoPx_R,2,SS_vs_persistence,4.68336480707876e-12,1286610,46c1dc5661c5fdc8,True,location-k4-fold2-seed0,2
persistence,CoPx_R,2,SS_vs_seasonal,-0.008625070241113697,1286610,46c1dc5661c5fdc8,True,location-k4-fold2-seed0,2
persistence,CoPx_R,2,SS_vs_ar,-0.8881219991426257,1286610,46c1dc5661c5fdc8,True,location-k4-fold2-seed0,2
persistence,CoPx_R,3,MSE,0.21011542625065197,1286610,46c1dc5661c5fdc8,True,location-k4-fold2-seed0,2
persistence,CoPx_R,3,MAE,0.27776300518329905,1286610,46c1dc5661c5fdc8,True,location-k4-fold2-seed0,2
persistence,CoPx_R,3,SS_vs_persistence,4.759304061963121e-12,1286610,46c1dc5661c5fdc8,True,location-k4-fold2-seed0,2
persistence,CoPx_R,3,SS_vs_seasonal,0.010610025935201994,1286610,46c1dc5661c5fdc8,True,location-k4-fold2-seed0,2
persistence,CoPx_R,3,SS_vs_ar,-0.8608383749527857,1286610,46c1dc5661c5fdc8,True,location-k4-fold2-seed0,2
persistence,CoPx_R,4,MSE,0.20361348376634622,1286610,46c1dc5661c5fdc8,True,location-k4-fold2-seed0,2
persistence,CoPx_R,4,MAE,0.2745867111411548,1286610,46c1dc5661c5fdc8,True,location-k4-fold2-seed0,2
persistence,CoPx_R,4,SS_vs_persistence,4.911293594034305e-12,1286610,46c1dc5661c5fdc8,True,location-k4-fold2-seed0,2
persistence,CoPx_R,4,SS_vs_seasonal,0.029334070764900022,1286610,46c1dc5661c5fdc8,True,location-k4-fold2-seed0,2
persistence,CoPx_R,4,SS_vs_ar,-0.8071612214323112,1286610,46c1dc5661c5fdc8,True,location-k4-fold2-seed0,2
persistence,CoPx_R,5,MSE,0.2098602287778716,1286610,46c1dc5661c5fdc8,True,location-k4-fold2-seed0,2
persistence,CoPx_R,5,MAE,0.2822332663370192,1286610,46c1dc5661c5fdc8,True,location-k4-fold2-seed0,2
persistence,CoPx_R,5,SS_vs_persistence,4.765077221691172e-12,1286610,46c1dc5661c5fdc8,True,location-k4-fold2-seed0,2
persistence,CoPx_R,5,SS_vs_seasonal,0.003996802548845491,1286610,46c1dc5661c5fdc8,True,location-k4-fold2-seed0,2
persistence,CoPx_R,5,SS_vs_ar,-0.8523450317624759,1286610,46c1dc5661c5fdc8,True,location-k4-fold2-seed0,2
persistence,CoPx_R,6,MSE,0.2119952582087112,1286610,46c1dc5661c5fdc8,True,location-k4-fold2-seed0,2
persistence,CoPx_R,6,MAE,0.28230155126901857,1286610,46c1dc5661c5fdc8,True,location-k4-fold2-seed0,2
persistence,CoPx_R,6,SS_vs_persistence,4.717115587027365e-12,1286610,46c1dc5661c5fdc8,True,location-k4-fold2-seed0,2
persistence,CoPx_R,6,SS_vs_seasonal,-0.008079872969319668,1286610,46c1dc5661c5fdc8,True,location-k4-fold2-seed0,2
persistence,CoPx_R,6,SS_vs_ar,-0.867846277140855,1286610,46c1dc5661c5fdc8,True,location-k4-fold2-seed0,2
persistence,CoPx_R,7,MSE,0.21283572569621495,1286610,46c1dc5661c5fdc8,True,location-k4-fold2-seed0,2
persistence,CoPx_R,7,MAE,0.2839729209335493,1286610,46c1dc5661c5fdc8,True,location-k4-fold2-seed0,2
persistence,CoPx_R,7,SS_vs_persistence,4.6984638402136625e-12,1286610,46c1dc5661c5fdc8,True,location-k4-fold2-seed0,2
persistence,CoPx_R,7,SS_vs_seasonal,-0.01436712698446585,1286610,46c1dc5661c5fdc8,True,location-k4-fold2-seed0,2
persistence,CoPx_R,7,SS_vs_ar,-0.8709897514608271,1286610,46c1dc5661c5fdc8,True,location-k4-fold2-seed0,2
persistence,CoPx_R,8,MSE,0.2065338845142205,1286610,46c1dc5661c5fdc8,True,location-k4-fold2-seed0,2
persistence,CoPx_R,8,MAE,0.27844413807631463,1286610,46c1dc5661c5fdc8,True,location-k4-fold2-seed0,2
persistence,CoPx_R,8,SS_vs_persistence,4.84179363269277e-12,1286610,46c1dc5661c5fdc8,True,location-k4-fold2-seed0,2
persistence,CoPx_R,8,SS_vs_seasonal,0.014536857573795414,1286610,46c1dc5661c5fdc8,True,location-k4-fold2-seed0,2
persistence,CoPx_R,8,SS_vs_ar,-0.8105729294203627,1286610,46c1dc5661c5fdc8,True,location-k4-fold2-seed0,2
persistence,CoPx_R,9,MSE,0.20948206113461063,1286610,46c1dc5661c5fdc8,True,location-k4-fold2-seed0,2
persistence,CoPx_R,9,MAE,0.27997796667127767,1286610,46c1dc5661c5fdc8,True,location-k4-fold2-seed0,2
persistence,CoPx_R,9,SS_vs_persistence,4.773736961283248e-12,1286610,46c1dc5661c5fdc8,True,location-k4-fold2-seed0,2
persistence,CoPx_R,9,SS_vs_seasonal,-0.0005675511070060146,1286610,46c1dc5661c5fdc8,True,location-k4-fold2-seed0,2
persistence,CoPx_R,9,SS_vs_ar,-0.8258933557031434,1286610,46c1dc5661c5fdc8,True,location-k4-fold2-seed0,2
persistence,CoPx_R,10,MSE,0.21000835073743265,1286610,46c1dc5661c5fdc8,True,location-k4-fold2-seed0,2
persistence,CoPx_R,10,MAE,0.2782857195313237,1286610,46c1dc5661c5fdc8,True,location-k4-fold2-seed0,2
persistence,CoPx_R,10,SS_vs_persistence,4.761746552617296e-12,1286610,46c1dc5661c5fdc8,True,location-k4-fold2-seed0,2
persistence,CoPx_R,10,SS_vs_seasonal,0.007910064624653712,1286610,46c1dc5661c5fdc8,True,location-k4-fold2-seed0,2
persistence,CoPx_R,10,SS_vs_ar,-0.8214483043023344,1286610,46c1dc5661c5fdc8,True,location-k4-fold2-seed0,2
persistence,CoPx_R,11,MSE,0.21953103822878095,1286610,46c1dc5661c5fdc8,True,location-k4-fold2-seed0,2
persistence,CoPx_R,11,MAE,0.2869906651425627,1286610,46c1dc5661c5fdc8,True,location-k4-fold2-seed0,2
persistence,CoPx_R,11,SS_vs_persistence,4.555245070037017e-12,1286610,46c1dc5661c5fdc8,True,location-k4-fold2-seed0,2
persistence,CoPx_R,11,SS_vs_seasonal,-0.027009548949499917,1286610,46c1dc5661c5fdc8,True,location-k4-fold2-seed0,2
persistence,CoPx_R,11,SS_vs_ar,-0.8948731578033027,1286610,46c1dc5661c5fdc8,True,location-k4-fold2-seed0,2
persistence,CoPx_R,12,MSE,0.22269855546125428,1286610,46c1dc5661c5fdc8,True,location-k4-fold2-seed0,2
persistence,CoPx_R,12,MAE,0.2924343440745771,1286610,46c1dc5661c5fdc8,True,location-k4-fold2-seed0,2
persistence,CoPx_R,12,SS_vs_persistence,4.490408045398908e-12,1286610,46c1dc5661c5fdc8,True,location-k4-fold2-seed0,2
persistence,CoPx_R,12,SS_vs_seasonal,-0.04530401073398416,1286610,46c1dc5661c5fdc8,True,location-k4-fold2-seed0,2
persistence,CoPx_R,12,SS_vs_ar,-0.9281395413233282,1286610,46c1dc5661c5fdc8,True,location-k4-fold2-seed0,2
persistence,CoPx_R,13,MSE,0.216379177056174,1286610,46c1dc5661c5fdc8,True,location-k4-fold2-seed0,2
persistence,CoPx_R,13,MAE,0.2868096370545082,1286610,46c1dc5661c5fdc8,True,location-k4-fold2-seed0,2
persistence,CoPx_R,13,SS_vs_persistence,4.621525384607139e-12,1286610,46c1dc5661c5fdc8,True,location-k4-fold2-seed0,2
persistence,CoPx_R,13,SS_vs_seasonal,-0.01275480890607028,1286610,46c1dc5661c5fdc8,True,location-k4-fold2-seed0,2
persistence,CoPx_R,13,SS_vs_ar,-0.8696957138915768,1286610,46c1dc5661c5fdc8,True,location-k4-fold2-seed0,2
persistence,CoPx_R,14,MSE,0.20819065375307613,1286610,46c1dc5661c5fdc8,True,location-k4-fold2-seed0,2
persistence,CoPx_R,14,MAE,0.28020361284529627,1286610,46c1dc5661c5fdc8,True,location-k4-fold2-seed0,2
persistence,CoPx_R,14,SS_vs_persistence,4.803268893738277e-12,1286610,46c1dc5661c5fdc8,True,location-k4-fold2-seed0,2
persistence,CoPx_R,14,SS_vs_seasonal,0.02382139021725216,1286610,46c1dc5661c5fdc8,True,location-k4-fold2-seed0,2
persistence,CoPx_R,14,SS_vs_ar,-0.8005188605233071,1286610,46c1dc5661c5fdc8,True,location-k4-fold2-seed0,2
persistence,CoPx_R,15,MSE,0.21785947430326594,1286610,46c1dc5661c5fdc8,True,location-k4-fold2-seed0,2
persistence,CoPx_R,15,MAE,0.2892579547627679,1286610,46c1dc5661c5fdc8,True,location-k4-fold2-seed0,2
persistence,CoPx_R,15,SS_vs_persistence,4.590106073010247e-12,1286610,46c1dc5661c5fdc8,True,location-k4-fold2-seed0,2
persistence,CoPx_R,15,SS_vs_seasonal,-0.018317272675024254,1286610,46c1dc5661c5fdc8,True,location-k4-fold2-seed0,2
persistence,CoPx_R,15,SS_vs_ar,-0.8775686973286005,1286610,46c1dc5661c5fdc8,True,location-k4-fold2-seed0,2
persistence,CoPx_R,16,MSE,0.2226794424427481,1286610,46c1dc5661c5fdc8,True,location-k4-fold2-seed0,2
persistence,CoPx_R,16,MAE,0.29420935371900003,1286610,46c1dc5661c5fdc8,True,location-k4-fold2-seed0,2
persistence,CoPx_R,16,SS_vs_persistence,4.490741112306296e-12,1286610,46c1dc5661c5fdc8,True,location-k4-fold2-seed0,2
persistence,CoPx_R,16,SS_vs_seasonal,-0.04601555065077423,1286610,46c1dc5661c5fdc8,True,location-k4-fold2-seed0,2
persistence,CoPx_R,16,SS_vs_ar,-0.9261220523108176,1286610,46c1dc5661c5fdc8,True,location-k4-fold2-seed0,2
persistence,CoPx_R,17,MSE,0.21619512806134028,1286610,46c1dc5661c5fdc8,True,location-k4-fold2-seed0,2
persistence,CoPx_R,17,MAE,0.28735504232232356,1286610,46c1dc5661c5fdc8,True,location-k4-fold2-seed0,2
persistence,CoPx_R,17,SS_vs_persistence,4.62552218749579e-12,1286610,46c1dc5661c5fdc8,True,location-k4-fold2-seed0,2
persistence,CoPx_R,17,SS_vs_seasonal,-0.016798844035528226,1286610,46c1dc5661c5fdc8,True,location-k4-fold2-seed0,2
persistence,CoPx_R,17,SS_vs_ar,-0.8715495302385621,1286610,46c1dc5661c5fdc8,True,location-k4-fold2-seed0,2
persistence,CoPx_R,18,MSE,0.2130668058962739,1286610,46c1dc5661c5fdc8,True,location-k4-fold2-seed0,2
persistence,CoPx_R,18,MAE,0.2843737876192063,1286610,46c1dc5661c5fdc8,True,location-k4-fold2-seed0,2
persistence,CoPx_R,18,SS_vs_persistence,4.693356814300387e-12,1286610,46c1dc5661c5fdc8,True,location-k4-fold2-seed0,2
persistence,CoPx_R,18,SS_vs_seasonal,-0.0006343122437035831,1286610,46c1dc5661c5fdc8,True,location-k4-fold2-seed0,2
persistence,CoPx_R,18,SS_vs_ar,-0.838802167656195,1286610,46c1dc5661c5fdc8,True,location-k4-fold2-seed0,2
persistence,CoPx_R,19,MSE,0.21752838775339384,1286610,46c1dc5661c5fdc8,True,location-k4-fold2-seed0,2
persistence,CoPx_R,19,MAE,0.28947194909828505,1286610,46c1dc5661c5fdc8,True,location-k4-fold2-seed0,2
persistence,CoPx_R,19,SS_vs_persistence,4.597100478065386e-12,1286610,46c1dc5661c5fdc8,True,location-k4-fold2-seed0,2
persistence,CoPx_R,19,SS_vs_seasonal,-0.002038396044115487,1286610,46c1dc5661c5fdc8,True,location-k4-fold2-seed0,2
persistence,CoPx_R,19,SS_vs_ar,-0.8767174623362535,1286610,46c1dc5661c5fdc8,True,location-k4-fold2-seed0,2
persistence,CoPx_R,20,MSE,0.22456389368325327,1286610,46c1dc5661c5fdc8,True,location-k4-fold2-seed0,2
persistence,CoPx_R,20,MAE,0.29444991457430475,1286610,46c1dc5661c5fdc8,True,location-k4-fold2-seed0,2
persistence,CoPx_R,20,SS_vs_persistence,4.453104551771503e-12,1286610,46c1dc5661c5fdc8,True,location-k4-fold2-seed0,2
persistence,CoPx_R,20,SS_vs_seasonal,-0.034759457266684946,1286610,46c1dc5661c5fdc8,True,location-k4-fold2-seed0,2
persistence,CoPx_R,20,SS_vs_ar,-0.9362457927297105,1286610,46c1dc5661c5fdc8,True,location-k4-fold2-seed0,2
persistence,CoPx_R,21,MSE,0.22368965151511452,1286610,46c1dc5661c5fdc8,True,location-k4-fold2-seed0,2
persistence,CoPx_R,21,MAE,0.29191428714507694,1286610,46c1dc5661c5fdc8,True,location-k4-fold2-seed0,2
persistence,CoPx_R,21,SS_vs_persistence,4.470535053258118e-12,1286610,46c1dc5661c5fdc8,True,location-k4-fold2-seed0,2
persistence,CoPx_R,21,SS_vs_seasonal,-0.03322490289541613,1286610,46c1dc5661c5fdc8,True,location-k4-fold2-seed0,2
persistence,CoPx_R,21,SS_vs_ar,-0.9306108391205645,1286610,46c1dc5661c5fdc8,True,location-k4-fold2-seed0,2
persistence,CoPx_R,22,MSE,0.2177981626816153,1286610,46c1dc5661c5fdc8,True,location-k4-fold2-seed0,2
persistence,CoPx_R,22,MAE,0.2865793625178979,1286610,46c1dc5661c5fdc8,True,location-k4-fold2-seed0,2
persistence,CoPx_R,22,SS_vs_persistence,4.591438340639797e-12,1286610,46c1dc5661c5fdc8,True,location-k4-fold2-seed0,2
persistence,CoPx_R,22,SS_vs_seasonal,-0.0064205345354155785,1286610,46c1dc5661c5fdc8,True,location-k4-fold2-seed0,2
persistence,CoPx_R,22,SS_vs_ar,-0.88617792151932,1286610,46c1dc5661c5fdc8,True,location-k4-fold2-seed0,2
persistence,CoPx_R,23,MSE,0.21576854693177647,1286610,46c1dc5661c5fdc8,True,location-k4-fold2-seed0,2
persistence,CoPx_R,23,MAE,0.28827180400010455,1286610,46c1dc5661c5fdc8,True,location-k4-fold2-seed0,2
persistence,CoPx_R,23,SS_vs_persistence,4.634626016297716e-12,1286610,46c1dc5661c5fdc8,True,location-k4-fold2-seed0,2
persistence,CoPx_R,23,SS_vs_seasonal,0.0036129933588585628,1286610,46c1dc5661c5fdc8,True,location-k4-fold2-seed0,2
persistence,CoPx_R,23,SS_vs_ar,-0.8609629200242204,1286610,46c1dc5661c5fdc8,True,location-k4-fold2-seed0,2
persistence,CoPx_R,24,MSE,0.21590044018174473,1286610,46c1dc5661c5fdc8,True,location-k4-fold2-seed0,2
persistence,CoPx_R,24,MAE,0.2889774384389171,1286610,46c1dc5661c5fdc8,True,location-k4-fold2-seed0,2
persistence,CoPx_R,24,SS_vs_persistence,4.6317394364336906e-12,1286610,46c1dc5661c5fdc8,True,location-k4-fold2-seed0,2
persistence,CoPx_R,24,SS_vs_seasonal,0.004048930332469558,1286610,46c1dc5661c5fdc8,True,location-k4-fold2-seed0,2
persistence,CoPx_R,24,SS_vs_ar,-0.8651684551107373,1286610,46c1dc5661c5fdc8,True,location-k4-fold2-seed0,2
persistence,CoPx_R,25,MSE,0.2187310660890863,1286610,46c1dc5661c5fdc8,True,location-k4-fold2-seed0,2
persistence,CoPx_R,25,MAE,0.2908559187665633,1286610,46c1dc5661c5fdc8,True,location-k4-fold2-seed0,2
persistence,CoPx_R,25,SS_vs_persistence,4.571898415406395e-12,1286610,46c1dc5661c5fdc8,True,location-k4-fold2-seed0,2
persistence,CoPx_R,25,SS_vs_seasonal,-0.011341025396697235,1286610,46c1dc5661c5fdc8,True,location-k4-fold2-seed0,2
persistence,CoPx_R,25,SS_vs_ar,-0.8900042468118432,1286610,46c1dc5661c5fdc8,True,location-k4-fold2-seed0,2
persistence,CoPx_R,26,MSE,0.2213935344433107,1286610,46c1dc5661c5fdc8,True,location-k4-fold2-seed0,2
persistence,CoPx_R,26,MAE,0.2940484452837478,1286610,46c1dc5661c5fdc8,True,location-k4-fold2-seed0,2
persistence,CoPx_R,26,SS_vs_persistence,4.516831353384987e-12,1286610,46c1dc5661c5fdc8,True,location-k4-fold2-seed0,2
persistence,CoPx_R,26,SS_vs_seasonal,-0.018311753921855134,1286610,46c1dc5661c5fdc8,True,location-k4-fold2-seed0,2
persistence,CoPx_R,26,SS_vs_ar,-0.9151588845023131,1286610,46c1dc5661c5fdc8,True,location-k4-fold2-seed0,2
persistence,CoPx_R,27,MSE,0.21659474130382436,1286610,46c1dc5661c5fdc8,True,location-k4-fold2-seed0,2
persistence,CoPx_R,27,MAE,0.2919152085430018,1286610,46c1dc5661c5fdc8,True,location-k4-fold2-seed0,2
persistence,CoPx_R,27,SS_vs_persistence,4.616973470206176e-12,1286610,46c1dc5661c5fdc8,True,location-k4-fold2-seed0,2
persistence,CoPx_R,27,SS_vs_seasonal,0.0006602179018486698,1286610,46c1dc5661c5fdc8,True,location-k4-fold2-seed0,2
persistence,CoPx_R,27,SS_vs_ar,-0.8849386581430898,1286610,46c1dc5661c5fdc8,True,location-k4-fold2-seed0,2
persistence,CoPx_R,28,MSE,0.2146966516056558,1286610,46c1dc5661c5fdc8,True,location-k4-fold2-seed0,2
persistence,CoPx_R,28,MAE,0.28787454697608744,1286610,46c1dc5661c5fdc8,True,location-k4-fold2-seed0,2
persistence,CoPx_R,28,SS_vs_persistence,4.657718655209919e-12,1286610,46c1dc5661c5fdc8,True,location-k4-fold2-seed0,2
persistence,CoPx_R,28,SS_vs_seasonal,-0.016704971849863748,1286610,46c1dc5661c5fdc8,True,location-k4-fold2-seed0,2
persistence,CoPx_R,28,SS_vs_ar,-0.8620941355633001,1286610,46c1dc5661c5fdc8,True,location-k4-fold2-seed0,2
persistence,CoPx_R,29,MSE,0.221101832500895,1286610,46c1dc5661c5fdc8,True,location-k4-fold2-seed0,2
persistence,CoPx_R,29,MAE,0.2930460182323301,1286610,46c1dc5661c5fdc8,True,location-k4-fold2-seed0,2
persistence,CoPx_R,29,SS_vs_persistence,4.522826557717963e-12,1286610,46c1dc5661c5fdc8,True,location-k4-fold2-seed0,2
persistence,CoPx_R,29,SS_vs_seasonal,-0.04263328518594145,1286610,46c1dc5661c5fdc8,True,location-k4-fold2-seed0,2
persistence,CoPx_R,29,SS_vs_ar,-0.9094487809280905,1286610,46c1dc5661c5fdc8,True,location-k4-fold2-seed0,2
persistence,CoPx_R,30,MSE,0.22397811911477988,1286610,46c1dc5661c5fdc8,True,location-k4-fold2-seed0,2
persistence,CoPx_R,30,MAE,0.29579987628672155,1286610,46c1dc5661c5fdc8,True,location-k4-fold2-seed0,2
persistence,CoPx_R,30,SS_vs_persistence,4.464761893530067e-12,1286610,46c1dc5661c5fdc8,True,location-k4-fold2-seed0,2
persistence,CoPx_R,30,SS_vs_seasonal,-0.0574744848922597,1286610,46c1dc5661c5fdc8,True,location-k4-fold2-seed0,2
persistence,CoPx_R,30,SS_vs_ar,-0.9423884138076162,1286610,46c1dc5661c5fdc8,True,location-k4-fold2-seed0,2
persistence,CoPx_R,all,MSE,0.21495581362208607,1286610,46c1dc5661c5fdc8,True,location-k4-fold2-seed0,2
persistence,CoPx_R,all,MAE,0.2856813818100422,1286610,46c1dc5661c5fdc8,True,location-k4-fold2-seed0,2
persistence,CoPx_R,all,SS_vs_persistence,4.6521675400867935e-12,1286610,46c1dc5661c5fdc8,True,location-k4-fold2-seed0,2
persistence,CoPx_R,all,SS_vs_seasonal,-0.00812565067387272,1286610,46c1dc5661c5fdc8,True,location-k4-fold2-seed0,2
persistence,CoPx_R,all,SS_vs_ar,-0.8705028796546233,1286610,46c1dc5661c5fdc8,True,location-k4-fold2-seed0,2
persistence,CoPy_R,1,MSE,0.11366753712972724,1286610,46c1dc5661c5fdc8,True,location-k4-fold2-seed0,2
persistence,CoPy_R,1,MAE,0.2286665822908019,1286610,46c1dc5661c5fdc8,True,location-k4-fold2-seed0,2
persistence,CoPy_R,1,SS_vs_persistence,8.797629291734665e-12,1286610,46c1dc5661c5fdc8,True,location-k4-fold2-seed0,2
persistence,CoPy_R,1,SS_vs_seasonal,0.10816843628245154,1286610,46c1dc5661c5fdc8,True,location-k4-fold2-seed0,2
persistence,CoPy_R,1,SS_vs_ar,-0.7237869370025678,1286610,46c1dc5661c5fdc8,True,location-k4-fold2-seed0,2
persistence,CoPy_R,2,MSE,0.13091281424289555,1286610,46c1dc5661c5fdc8,True,location-k4-fold2-seed0,2
persistence,CoPy_R,2,MAE,0.2537142409855702,1286610,46c1dc5661c5fdc8,True,location-k4-fold2-seed0,2
persistence,CoPy_R,2,SS_vs_persistence,7.638667476328465e-12,1286610,46c1dc5661c5fdc8,True,location-k4-fold2-seed0,2
persistence,CoPy_R,2,SS_vs_seasonal,-0.0193589256068456,1286610,46c1dc5661c5fdc8,True,location-k4-fold2-seed0,2
persistence,CoPy_R,2,SS_vs_ar,-0.935368463857635,1286610,46c1dc5661c5fdc8,True,location-k4-fold2-seed0,2
persistence,CoPy_R,3,MSE,0.132824585027909,1286610,46c1dc5661c5fdc8,True,location-k4-fold2-seed0,2
persistence,CoPy_R,3,MAE,0.2544551981413422,1286610,46c1dc5661c5fdc8,True,location-k4-fold2-seed0,2
persistence,CoPy_R,3,SS_vs_persistence,7.528755396890574e-12,1286610,46c1dc5661c5fdc8,True,location-k4-fold2-seed0,2
persistence,CoPy_R,3,SS_vs_seasonal,-0.03208524013232261,1286610,46c1dc5661c5fdc8,True,location-k4-fold2-seed0,2
persistence,CoPy_R,3,SS_vs_ar,-0.961733401913281,1286610,46c1dc5661c5fdc8,True,location-k4-fold2-seed0,2
persistence,CoPy_R,4,MSE,0.1267363569299114,1286610,46c1dc5661c5fdc8,True,location-k4-fold2-seed0,2
persistence,CoPy_R,4,MAE,0.24830598057223596,1286610,46c1dc5661c5fdc8,True,location-k4-fold2-seed0,2
persistence,CoPy_R,4,SS_vs_persistence,7.89046605831345e-12,1286610,46c1dc5661c5fdc8,True,location-k4-fold2-seed0,2
persistence,CoPy_R,4,SS_vs_seasonal,0.009774454182875592,1286610,46c1dc5661c5fdc8,True,location-k4-fold2-seed0,2
persistence,CoPy_R,4,SS_vs_ar,-0.875138639157993,1286610,46c1dc5661c5fdc8,True,location-k4-fold2-seed0,2
persistence,CoPy_R,5,MSE,0.12690124356419794,1286610,46c1dc5661c5fdc8,True,location-k4-fold2-seed0,2
persistence,CoPy_R,5,MAE,0.24978234981027161,1286610,46c1dc5661c5fdc8,True,location-k4-fold2-seed0,2
persistence,CoPy_R,5,SS_vs_persistence,7.880140984184436e-12,1286610,46c1dc5661c5fdc8,True,location-k4-fold2-seed0,2
persistence,CoPy_R,5,SS_vs_seasonal,0.006690990228605975,1286610,46c1dc5661c5fdc8,True,location-k4-fold2-seed0,2
persistence,CoPy_R,5,SS_vs_ar,-0.8759959052578346,1286610,46c1dc5661c5fdc8,True,location-k4-fold2-seed0,2
persistence,CoPy_R,6,MSE,0.12783226728974068,1286610,46c1dc5661c5fdc8,True,location-k4-fold2-seed0,2
persistence,CoPy_R,6,MAE,0.24994760933425264,1286610,46c1dc5661c5fdc8,True,location-k4-fold2-seed0,2
persistence,CoPy_R,6,SS_vs_persistence,7.822742453811315e-12,1286610,46c1dc5661c5fdc8,True,location-k4-fold2-seed0,2
persistence,CoPy_R,6,SS_vs_seasonal,-0.0025986314604351524,1286610,46c1dc5661c5fdc8,True,location-k4-fold2-seed0,2
persistence,CoPy_R,6,SS_vs_ar,-0.8866158740044447,1286610,46c1dc5661c5fdc8,True,location-k4-fold2-seed0,2
persistence,CoPy_R,7,MSE,0.1314655154473934,1286610,46c1dc5661c5fdc8,True,location-k4-fold2-seed0,2
persistence,CoPy_R,7,MAE,0.2571678663481535,1286610,46c1dc5661c5fdc8,True,location-k4-fold2-seed0,2
persistence,CoPy_R,7,SS_vs_persistence,7.606582030916798e-12,1286610,46c1dc5661c5fdc8,True,location-k4-fold2-seed0,2
persistence,CoPy_R,7,SS_vs_seasonal,-0.028990093218675073,1286610,46c1dc5661c5fdc8,True,location-k4-fold2-seed0,2
persistence,CoPy_R,7,SS_vs_ar,-0.9342809103763354,1286610,46c1dc5661c5fdc8,True,location-k4-fold2-seed0,2
persistence,CoPy_R,8,MSE,0.1345614891045349,1286610,46c1dc5661c5fdc8,True,location-k4-fold2-seed0,2
persistence,CoPy_R,8,MAE,0.25839224958783374,1286610,46c1dc5661c5fdc8,True,location-k4-fold2-seed0,2
persistence,CoPy_R,8,SS_vs_persistence,7.431610882235873e-12,1286610,46c1dc5661c5fdc8,True,location-k4-fold2-seed0,2
persistence,CoPy_R,8,SS_vs_seasonal,-0.05443283380152297,1286610,46c1dc5661c5fdc8,True,location-k4-fold2-seed0,2
persistence,CoPy_R,8,SS_vs_ar,-0.9789854076620514,1286610,46c1dc5661c5fdc8,True,location-k4-fold2-seed0,2
persistence,CoPy_R,9,MSE,0.1273974308286703,1286610,46c1dc5661c5fdc8,True,location-k4-fold2-seed0,2
persistence,CoPy_R,9,MAE,0.2504242111182173,1286610,46c1dc5661c5fdc8,True,location-k4-fold2-seed0,2
persistence,CoPy_R,9,SS_vs_persistence,7.849498828704782e-12,1286610,46c1dc5661c5fdc8,True,location-k4-fold2-seed0,2
persistence,CoPy_R,9,SS_vs_seasonal,-0.002945662834130891,1286610,46c1dc5661c5fdc8,True,location-k4-fold2-seed0,2
persistence,CoPy_R,9,SS_vs_ar,-0.8826322894510201,1286610,46c1dc5661c5fdc8,True,location-k4-fold2-seed0,2
persistence,CoPy_R,10,MSE,0.12741081325467168,1286610,46c1dc5661c5fdc8,True,location-k4-fold2-seed0,2
persistence,CoPy_R,10,MAE,0.2528792126977975,1286610,46c1dc5661c5fdc8,True,location-k4-fold2-seed0,2
persistence,CoPy_R,10,SS_vs_persistence,7.848721672587544e-12,1286610,46c1dc5661c5fdc8,True,location-k4-fold2-seed0,2
persistence,CoPy_R,10,SS_vs_seasonal,0.0021899899353019503,1286610,46c1dc5661c5fdc8,True,location-k4-fold2-seed0,2
persistence,CoPy_R,10,SS_vs_ar,-0.8801011920850099,1286610,46c1dc5661c5fdc8,True,location-k4-fold2-seed0,2
persistence,CoPy_R,11,MSE,0.13309422626679238,1286610,46c1dc5661c5fdc8,True,location-k4-fold2-seed0,2
persistence,CoPy_R,11,MAE,0.2590440180891827,1286610,46c1dc5661c5fdc8,True,location-k4-fold2-seed0,2
persistence,CoPy_R,11,SS_vs_persistence,7.51354534145321e-12,1286610,46c1dc5661c5fdc8,True,location-k4-fold2-seed0,2
persistence,CoPy_R,11,SS_vs_seasonal,-0.03609826573881425,1286610,46c1dc5661c5fdc8,True,location-k4-fold2-seed0,2
persistence,CoPy_R,11,SS_vs_ar,-0.9600476518957188,1286610,46c1dc5661c5fdc8,True,location-k4-fold2-seed0,2
persistence,CoPy_R,12,MSE,0.13383828785703394,1286610,46c1dc5661c5fdc8,True,location-k4-fold2-seed0,2
persistence,CoPy_R,12,MAE,0.2595611504734406,1286610,46c1dc5661c5fdc8,True,location-k4-fold2-seed0,2
persistence,CoPy_R,12,SS_vs_persistence,7.471800955727304e-12,1286610,46c1dc5661c5fdc8,True,location-k4-fold2-seed0,2
persistence,CoPy_R,12,SS_vs_seasonal,-0.043341473431116606,1286610,46c1dc5661c5fdc8,True,location-k4-fold2-seed0,2
persistence,CoPy_R,12,SS_vs_ar,-0.9703815727927065,1286610,46c1dc5661c5fdc8,True,location-k4-fold2-seed0,2
persistence,CoPy_R,13,MSE,0.12727213248340588,1286610,46c1dc5661c5fdc8,True,location-k4-fold2-seed0,2
persistence,CoPy_R,13,MAE,0.2523183472167489,1286610,46c1dc5661c5fdc8,True,location-k4-fold2-seed0,2
persistence,CoPy_R,13,SS_vs_persistence,7.857270389877158e-12,1286610,46c1dc5661c5fdc8,True,location-k4-fold2-seed0,2
persistence,CoPy_R,13,SS_vs_seasonal,0.00700374604463172,1286610,46c1dc5661c5fdc8,True,location-k4-fold2-seed0,2
persistence,CoPy_R,13,SS_vs_ar,-0.8749544135201872,1286610,46c1dc5661c5fdc8,True,location-k4-fold2-seed0,2
persistence,CoPy_R,14,MSE,0.1251256619126181,1286610,46c1dc5661c5fdc8,True,location-k4-fold2-seed0,2
persistence,CoPy_R,14,MAE,0.24908626634633493,1286610,46c1dc5661c5fdc8,True,location-k4-fold2-seed0,2
persistence,CoPy_R,14,SS_vs_persistence,7.992051465066652e-12,1286610,46c1dc5661c5fdc8,True,location-k4-fold2-seed0,2
persistence,CoPy_R,14,SS_vs_seasonal,0.019530876368940353,1286610,46c1dc5661c5fdc8,True,location-k4-fold2-seed0,2
persistence,CoPy_R,14,SS_vs_ar,-0.8379534766938739,1286610,46c1dc5661c5fdc8,True,location-k4-fold2-seed0,2
persistence,CoPy_R,15,MSE,0.13234959475400723,1286610,46c1dc5661c5fdc8,True,location-k4-fold2-seed0,2
persistence,CoPy_R,15,MAE,0.25758195388832605,1286610,46c1dc5661c5fdc8,True,location-k4-fold2-seed0,2
persistence,CoPy_R,15,SS_vs_persistence,7.555733816388965e-12,1286610,46c1dc5661c5fdc8,True,location-k4-fold2-seed0,2
persistence,CoPy_R,15,SS_vs_seasonal,-0.032654919981467634,1286610,46c1dc5661c5fdc8,True,location-k4-fold2-seed0,2
persistence,CoPy_R,15,SS_vs_ar,-0.9331707061038625,1286610,46c1dc5661c5fdc8,True,location-k4-fold2-seed0,2
persistence,CoPy_R,16,MSE,0.13588551658183068,1286610,46c1dc5661c5fdc8,True,location-k4-fold2-seed0,2
persistence,CoPy_R,16,MAE,0.26219862224092283,1286610,46c1dc5661c5fdc8,True,location-k4-fold2-seed0,2
persistence,CoPy_R,16,SS_vs_persistence,7.359224341030313e-12,1286610,46c1dc5661c5fdc8,True,location-k4-fold2-seed0,2
persistence,CoPy_R,16,SS_vs_seasonal,-0.05999243666590903,1286610,46c1dc5661c5fdc8,True,location-k4-fold2-seed0,2
persistence,CoPy_R,16,SS_vs_ar,-0.98217226037254,1286610,46c1dc5661c5fdc8,True,location-k4-fold2-seed0,2
persistence,CoPy_R,17,MSE,0.13288036216421503,1286610,46c1dc5661c5fdc8,True,location-k4-fold2-seed0,2
persistence,CoPy_R,17,MAE,0.2583919185085399,1286610,46c1dc5661c5fdc8,True,location-k4-fold2-seed0,2
persistence,CoPy_R,17,SS_vs_persistence,7.525646772421624e-12,1286610,46c1dc5661c5fdc8,True,location-k4-fold2-seed0,2
persistence,CoPy_R,17,SS_vs_seasonal,-0.036565292342584765,1286610,46c1dc5661c5fdc8,True,location-k4-fold2-seed0,2
persistence,CoPy_R,17,SS_vs_ar,-0.9428892262939528,1286610,46c1dc5661c5fdc8,True,location-k4-fold2-seed0,2
persistence,CoPy_R,18,MSE,0.12728425356032413,1286610,46c1dc5661c5fdc8,True,location-k4-fold2-seed0,2
persistence,CoPy_R,18,MAE,0.25228411365391623,1286610,46c1dc5661c5fdc8,True,location-k4-fold2-seed0,2
persistence,CoPy_R,18,SS_vs_persistence,7.85649323375992e-12,1286610,46c1dc5661c5fdc8,True,location-k4-fold2-seed0,2
persistence,CoPy_R,18,SS_vs_seasonal,0.0023851418635889576,1286610,46c1dc5661c5fdc8,True,location-k4-fold2-seed0,2
persistence,CoPy_R,18,SS_vs_ar,-0.8629773674997931,1286610,46c1dc5661c5fdc8,True,location-k4-fold2-seed0,2
persistence,CoPy_R,19,MSE,0.12902298100252627,1286610,46c1dc5661c5fdc8,True,location-k4-fold2-seed0,2
persistence,CoPy_R,19,MAE,0.25589839991327695,1286610,46c1dc5661c5fdc8,True,location-k4-fold2-seed0,2
persistence,CoPy_R,19,SS_vs_persistence,7.75057795721068e-12,1286610,46c1dc5661c5fdc8,True,location-k4-fold2-seed0,2
persistence,CoPy_R,19,SS_vs_seasonal,0.022931935436781736,1286610,46c1dc5661c5fdc8,True,location-k4-fold2-seed0,2
persistence,CoPy_R,19,SS_vs_ar,-0.88421021298694,1286610,46c1dc5661c5fdc8,True,location-k4-fold2-seed0,2
persistence,CoPy_R,20,MSE,0.13661675749540153,1286610,46c1dc5661c5fdc8,True,location-k4-fold2-seed0,2
persistence,CoPy_R,20,MAE,0.2641789923752595,1286610,46c1dc5661c5fdc8,True,location-k4-fold2-seed0,2
persistence,CoPy_R,20,SS_vs_persistence,7.31981142365612e-12,1286610,46c1dc5661c5fdc8,True,location-k4-fold2-seed0,2
persistence,CoPy_R,20,SS_vs_seasonal,-0.030690691546032323,1286610,46c1dc5661c5fdc8,True,location-k4-fold2-seed0,2
persistence,CoPy_R,20,SS_vs_ar,-0.9894308990072973,1286610,46c1dc5661c5fdc8,True,location-k4-fold2-seed0,2
persistence,CoPy_R,21,MSE,0.13845071685135404,1286610,46c1dc5661c5fdc8,True,location-k4-fold2-seed0,2
persistence,CoPy_R,21,MAE,0.2661047555009824,1286610,46c1dc5661c5fdc8,True,location-k4-fold2-seed0,2
persistence,CoPy_R,21,SS_vs_persistence,7.222777931303881e-12,1286610,46c1dc5661c5fdc8,True,location-k4-fold2-seed0,2
persistence,CoPy_R,21,SS_vs_seasonal,-0.05296031308842286,1286610,46c1dc5661c5fdc8,True,location-k4-fold2-seed0,2
persistence,CoPy_R,21,SS_vs_ar,-1.0186865907833034,1286610,46c1dc5661c5fdc8,True,location-k4-fold2-seed0,2
persistence,CoPy_R,22,MSE,0.134546129434759,1286610,46c1dc5661c5fdc8,True,location-k4-fold2-seed0,2
persistence,CoPy_R,22,MAE,0.2605446759779111,1286610,46c1dc5661c5fdc8,True,location-k4-fold2-seed0,2
persistence,CoPy_R,22,SS_vs_persistence,7.43238803835311e-12,1286610,46c1dc5661c5fdc8,True,location-k4-fold2-seed0,2
persistence,CoPy_R,22,SS_vs_seasonal,-0.017988783042550027,1286610,46c1dc5661c5fdc8,True,location-k4-fold2-seed0,2
persistence,CoPy_R,22,SS_vs_ar,-0.9712080976776143,1286610,46c1dc5661c5fdc8,True,location-k4-fold2-seed0,2
persistence,CoPy_R,23,MSE,0.1293362968647889,1286610,46c1dc5661c5fdc8,True,location-k4-fold2-seed0,2
persistence,CoPy_R,23,MAE,0.2533535933572485,1286610,46c1dc5661c5fdc8,True,location-k4-fold2-seed0,2
persistence,CoPy_R,23,SS_vs_persistence,7.731815188094515e-12,1286610,46c1dc5661c5fdc8,True,location-k4-fold2-seed0,2
persistence,CoPy_R,23,SS_vs_seasonal,0.014111158473374408,1286610,46c1dc5661c5fdc8,True,location-k4-fold2-seed0,2
persistence,CoPy_R,23,SS_vs_ar,-0.8987764153174775,1286610,46c1dc5661c5fdc8,True,location-k4-fold2-seed0,2
persistence,CoPy_R,24,MSE,0.13082776918876937,1286610,46c1dc5661c5fdc8,True,location-k4-fold2-seed0,2
persistence,CoPy_R,24,MAE,0.25620455853904794,1286610,46c1dc5661c5fdc8,True,location-k4-fold2-seed0,2
persistence,CoPy_R,24,SS_vs_persistence,7.643663479939278e-12,1286610,46c1dc5661c5fdc8,True,location-k4-fold2-seed0,2
persistence,CoPy_R,24,SS_vs_seasonal,0.0036585651767512273,1286610,46c1dc5661c5fdc8,True,location-k4-fold2-seed0,2
persistence,CoPy_R,24,SS_vs_ar,-0.9166929345795654,1286610,46c1dc5661c5fdc8,True,location-k4-fold2-seed0,2
persistence,CoPy_R,25,MSE,0.13157293227863248,1286610,46c1dc5661c5fdc8,True,location-k4-fold2-seed0,2
persistence,CoPy_R,25,MAE,0.2584964804549263,1286610,46c1dc5661c5fdc8,True,location-k4-fold2-seed0,2
persistence,CoPy_R,25,SS_vs_persistence,7.600364781978897e-12,1286610,46c1dc5661c5fdc8,True,location-k4-fold2-seed0,2
persistence,CoPy_R,25,SS_vs_seasonal,-0.0034551104766573637,1286610,46c1dc5661c5fdc8,True,location-k4-fold2-seed0,2
persistence,CoPy_R,25,SS_vs_ar,-0.9302723465025222,1286610,46c1dc5661c5fdc8,True,location-k4-fold2-seed0,2
persistence,CoPy_R,26,MSE,0.1305959778557556,1286610,46c1dc5661c5fdc8,True,location-k4-fold2-seed0,2
persistence,CoPy_R,26,MAE,0.256483129225928,1286610,46c1dc5661c5fdc8,True,location-k4-fold2-seed0,2
persistence,CoPy_R,26,SS_vs_persistence,7.657208200839705e-12,1286610,46c1dc5661c5fdc8,True,location-k4-fold2-seed0,2
persistence,CoPy_R,26,SS_vs_seasonal,0.0032205322686827964,1286610,46c1dc5661c5fdc8,True,location-k4-fold2-seed0,2
persistence,CoPy_R,26,SS_vs_ar,-0.9164178868479822,1286610,46c1dc5661c5fdc8,True,location-k4-fold2-seed0,2
persistence,CoPy_R,27,MSE,0.1307406693424423,1286610,46c1dc5661c5fdc8,True,location-k4-fold2-seed0,2
persistence,CoPy_R,27,MAE,0.25679209646495355,1286610,46c1dc5661c5fdc8,True,location-k4-fold2-seed0,2
persistence,CoPy_R,27,SS_vs_persistence,7.648770505852553e-12,1286610,46c1dc5661c5fdc8,True,location-k4-fold2-seed0,2
persistence,CoPy_R,27,SS_vs_seasonal,0.0019082107152553762,1286610,46c1dc5661c5fdc8,True,location-k4-fold2-seed0,2
persistence,CoPy_R,27,SS_vs_ar,-0.9189911779031055,1286610,46c1dc5661c5fdc8,True,location-k4-fold2-seed0,2
persistence,CoPy_R,28,MSE,0.13377100884392648,1286610,46c1dc5661c5fdc8,True,location-k4-fold2-seed0,2
persistence,CoPy_R,28,MAE,0.2583190450525087,1286610,46c1dc5661c5fdc8,True,location-k4-fold2-seed0,2
persistence,CoPy_R,28,SS_vs_persistence,7.475464691708567e-12,1286610,46c1dc5661c5fdc8,True,location-k4-fold2-seed0,2
persistence,CoPy_R,28,SS_vs_seasonal,-0.04062921308195322,1286610,46c1dc5661c5fdc8,True,location-k4-fold2-seed0,2
persistence,CoPy_R,28,SS_vs_ar,-0.9582389861752798,1286610,46c1dc5661c5fdc8,True,location-k4-fold2-seed0,2
persistence,CoPy_R,29,MSE,0.1362633189726477,1286610,46c1dc5661c5fdc8,True,location-k4-fold2-seed0,2
persistence,CoPy_R,29,MAE,0.2625657464090339,1286610,46c1dc5661c5fdc8,True,location-k4-fold2-seed0,2
persistence,CoPy_R,29,SS_vs_persistence,7.33879623737721e-12,1286610,46c1dc5661c5fdc8,True,location-k4-fold2-seed0,2
persistence,CoPy_R,29,SS_vs_seasonal,-0.05946565773761758,1286610,46c1dc5661c5fdc8,True,location-k4-fold2-seed0,2
persistence,CoPy_R,29,SS_vs_ar,-0.9951105365719273,1286610,46c1dc5661c5fdc8,True,location-k4-fold2-seed0,2
persistence,CoPy_R,30,MSE,0.13451804831422737,1286610,46c1dc5661c5fdc8,True,location-k4-fold2-seed0,2
persistence,CoPy_R,30,MAE,0.2614192335529553,1286610,46c1dc5661c5fdc8,True,location-k4-fold2-seed0,2
persistence,CoPy_R,30,SS_vs_persistence,7.433942350587586e-12,1286610,46c1dc5661c5fdc8,True,location-k4-fold2-seed0,2
persistence,CoPy_R,30,SS_vs_seasonal,-0.04370807177261615,1286610,46c1dc5661c5fdc8,True,location-k4-fold2-seed0,2
persistence,CoPy_R,30,SS_vs_ar,-0.9698721620191946,1286610,46c1dc5661c5fdc8,True,location-k4-fold2-seed0,2
persistence,CoPy_R,all,MSE,0.13079008982818371,1286610,46c1dc5661c5fdc8,True,location-k4-fold2-seed0,2
persistence,CoPy_R,all,MAE,0.2554854199375978,1286610,46c1dc5661c5fdc8,True,location-k4-fold2-seed0,2
persistence,CoPy_R,all,SS_vs_persistence,7.645883925988528e-12,1286610,46c1dc5661c5fdc8,True,location-k4-fold2-seed0,2
persistence,CoPy_R,all,SS_vs_seasonal,-0.013221352823462817,1286610,46c1dc5661c5fdc8,True,location-k4-fold2-seed0,2
persistence,CoPy_R,all,SS_vs_ar,-0.9225385919593199,1286610,46c1dc5661c5fdc8,True,location-k4-fold2-seed0,2
seasonal,F_R,1,MSE,141380.3240357028,1286610,46c1dc5661c5fdc8,True,location-k4-fold2-seed0,2
seasonal,F_R,1,MAE,204.92795364444282,1286610,46c1dc5661c5fdc8,True,location-k4-fold2-seed0,2
seasonal,F_R,1,SS_vs_persistence,-0.2645798548304783,1286610,46c1dc5661c5fdc8,True,location-k4-fold2-seed0,2
seasonal,F_R,1,SS_vs_seasonal,0.0,1286610,46c1dc5661c5fdc8,True,location-k4-fold2-seed0,2
seasonal,F_R,1,SS_vs_ar,-0.6223560868440194,1286610,46c1dc5661c5fdc8,True,location-k4-fold2-seed0,2
seasonal,F_R,2,MSE,143917.65719522495,1286610,46c1dc5661c5fdc8,True,location-k4-fold2-seed0,2
seasonal,F_R,2,MAE,208.6378024936898,1286610,46c1dc5661c5fdc8,True,location-k4-fold2-seed0,2
seasonal,F_R,2,SS_vs_persistence,-0.09838902449964859,1286610,46c1dc5661c5fdc8,True,location-k4-fold2-seed0,2
seasonal,F_R,2,SS_vs_seasonal,0.0,1286610,46c1dc5661c5fdc8,True,location-k4-fold2-seed0,2
seasonal,F_R,2,SS_vs_ar,-0.45868705469211135,1286610,46c1dc5661c5fdc8,True,location-k4-fold2-seed0,2
seasonal,F_R,3,MSE,148146.69962092763,1286610,46c1dc5661c5fdc8,True,location-k4-fold2-seed0,2
seasonal,F_R,3,MAE,210.51527186223026,1286610,46c1dc5661c5fdc8,True,location-k4-fold2-seed0,2
seasonal,F_R,3,SS_vs_persistence,-0.07555823431404352,1286610,46c1dc5661c5fdc8,True,location-k4-fold2-seed0,2
seasonal,F_R,3,SS_vs_seasonal,0.0,1286610,46c1dc5661c5fdc8,True,location-k4-fold2-seed0,2
seasonal,F_R,3,SS_vs_ar,-0.4192363863486994,1286610,46c1dc5661c5fdc8,True,location-k4-fold2-seed0,2
seasonal,F_R,4,MSE,151948.2548116215,1286610,46c1dc5661c5fdc8,True,location-k4-fold2-seed0,2
seasonal,F_R,4,MAE,210.92355036928438,1286610,46c1dc5661c5fdc8,True,location-k4-fold2-seed0,2
seasonal,F_R,4,SS_vs_persistence,-0.10049055743779323,1286610,46c1dc5661c5fdc8,True,location-k4-fold2-seed0,2
seasonal,F_R,4,SS_vs_seasonal,0.0,1286610,46c1dc5661c5fdc8,True,location-k4-fold2-seed0,2
seasonal,F_R,4,SS_vs_ar,-0.40509268014248256,1286610,46c1dc5661c5fdc8,True,location-k4-fold2-seed0,2
seasonal,F_R,5,MSE,152034.11336513516,1286610,46c1dc5661c5fdc8,True,location-k4-fold2-seed0,2
seasonal,F_R,5,MAE,211.76684770693734,1286610,46c1dc5661c5fdc8,True,location-k4-fold2-seed0,2
seasonal,F_R,5,SS_vs_persistence,-0.059216138789525585,1286610,46c1dc5661c5fdc8,True,location-k4-fold2-seed0,2
seasonal,F_R,5,SS_vs_seasonal,0.0,1286610,46c1dc5661c5fdc8,True,location-k4-fold2-seed0,2
seasonal,F_R,5,SS_vs_ar,-0.36185877230593344,1286610,46c1dc5661c5fdc8,True,location-k4-fold2-seed0,2
seasonal,F_R,6,MSE,150830.62700365385,1286610,46c1dc5661c5fdc8,True,location-k4-fold2-seed0,2
seasonal,F_R,6,MAE,210.4943434825366,1286610,46c1dc5661c5fdc8,True,location-k4-fold2-seed0,2
seasonal,F_R,6,SS_vs_persistence,-0.07609409560577474,1286610,46c1dc5661c5fdc8,True,location-k4-fold2-seed0,2
seasonal,F_R,6,SS_vs_seasonal,0.0,1286610,46c1dc5661c5fdc8,True,location-k4-fold2-seed0,2
seasonal,F_R,6,SS_vs_ar,-0.3207593020450039,1286610,46c1dc5661c5fdc8,True,location-k4-fold2-seed0,2
seasonal,F_R,7,MSE,152903.2077386491,1286610,46c1dc5661c5fdc8,True,location-k4-fold2-seed0,2
seasonal,F_R,7,MAE,212.08905717395788,1286610,46c1dc5661c5fdc8,True,location-k4-fold2-seed0,2
seasonal,F_R,7,SS_vs_persistence,-0.05890202226432395,1286610,46c1dc5661c5fdc8,True,location-k4-fold2-seed0,2
seasonal,F_R,7,SS_vs_seasonal,0.0,1286610,46c1dc5661c5fdc8,True,location-k4-fold2-seed0,2
seasonal,F_R,7,SS_vs_ar,-0.28938211940499925,1286610,46c1dc5661c5fdc8,True,location-k4-fold2-seed0,2
seasonal,F_R,8,MSE,151899.6698794027,1286610,46c1dc5661c5fdc8,True,location-k4-fold2-seed0,2
seasonal,F_R,8,MAE,211.94261350139612,1286610,46c1dc5661c5fdc8,True,location-k4-fold2-seed0,2
seasonal,F_R,8,SS_vs_persistence,-0.023123685371202685,1286610,46c1dc5661c5fdc8,True,location-k4-fold2-seed0,2
seasonal,F_R,8,SS_vs_seasonal,0.0,1286610,46c1dc5661c5fdc8,True,location-k4-fold2-seed0,2
seasonal,F_R,8,SS_vs_ar,-0.24569771113193672,1286610,46c1dc5661c5fdc8,True,location-k4-fold2-seed0,2
seasonal,F_R,9,MSE,148303.6164274642,1286610,46c1dc5661c5fdc8,True,location-k4-fold2-seed0,2
seasonal,F_R,9,MAE,211.1874923433875,1286610,46c1dc5661c5fdc8,True,location-k4-fold2-seed0,2
seasonal,F_R,9,SS_vs_persistence,-0.0034812351462694124,1286610,46c1dc5661c5fdc8,True,location-k4-fold2-seed0,2
seasonal,F_R,9,SS_vs_seasonal,0.0,1286610,46c1dc5661c5fdc8,True,location-k4-fold2-seed0,2
seasonal,F_R,9,SS_vs_ar,-0.19684489892983636,1286610,46c1dc5661c5fdc8,True,location-k4-fold2-seed0,2
seasonal,F_R,10,MSE,152551.60044724616,1286610,46c1dc5661c5fdc8,True,location-k4-fold2-seed0,2
seasonal,F_R,10,MAE,219.17510960284258,1286610,46c1dc5661c5fdc8,True,location-k4-fold2-seed0,2
seasonal,F_R,10,SS_vs_persistence,-0.02593299398052351,1286610,46c1dc5661c5fdc8,True,location-k4-fold2-seed0,2
seasonal,F_R,10,SS_vs_seasonal,0.0,1286610,46c1dc5661c5fdc8,True,location-k4-fold2-seed0,2
seasonal,F_R,10,SS_vs_ar,-0.20277552199906967,1286610,46c1dc5661c5fdc8,True,location-k4-fold2-seed0,2
seasonal,F_R,11,MSE,155651.06452555745,1286610,46c1dc5661c5fdc8,True,location-k4-fold2-seed0,2
seasonal,F_R,11,MAE,220.31873081463533,1286610,46c1dc5661c5fdc8,True,location-k4-fold2-seed0,2
seasonal,F_R,11,SS_vs_persistence,-0.01956726876768977,1286610,46c1dc5661c5fdc8,True,location-k4-fold2-seed0,2
seasonal,F_R,11,SS_vs_seasonal,0.0,1286610,46c1dc5661c5fdc8,True,location-k4-fold2-seed0,2
seasonal,F_R,11,SS_vs_ar,-0.19487371638672202,1286610,46c1dc5661c5fdc8,True,location-k4-fold2-seed0,2
seasonal,F_R,12,MSE,158128.25014720857,1286610,46c1dc5661c5fdc8,True,location-k4-fold2-seed0,2
seasonal,F_R,12,MAE,221.29225512525102,1286610,46c1dc5661c5fdc8,True,location-k4-fold2-seed0,2
seasonal,F_R,12,SS_vs_persistence,-0.027494900792927934,1286610,46c1dc5661c5fdc8,True,location-k4-fold2-seed0,2
seasonal,F_R,12,SS_vs_seasonal,0.0,1286610,46c1dc5661c5fdc8,True,location-k4-fold2-seed0,2
seasonal,F_R,12,SS_vs_ar,-0.19627834791000498,1286610,46c1dc5661c5fdc8,True,location-k4-fold2-seed0,2
seasonal,F_R,13,MSE,160464.75898992884,1286610,46c1dc5661c5fdc8,True,location-k4-fold2-seed0,2
seasonal,F_R,13,MAE,221.76566425650546,1286610,46c1dc5661c5fdc8,True,location-k4-fold2-seed0,2
seasonal,F_R,13,SS_vs_persistence,-0.03160266463007888,1286610,46c1dc5661c5fdc8,True,location-k4-fold2-seed0,2
seasonal,F_R,13,SS_vs_seasonal,0.0,1286610,46c1dc5661c5fdc8,True,location-k4-fold2-seed0,2
seasonal,F_R,13,SS_vs_ar,-0.19496657624939417,1286610,46c1dc5661c5fdc8,True,location-k4-fold2-seed0,2
seasonal,F_R,14,MSE,160905.26580753358,1286610,46c1dc5661c5fdc8,True,location-k4-fold2-seed0,2
seasonal,F_R,14,MAE,221.78726227385155,1286610,46c1dc5661c5fdc8,True,location-k4-fold2-seed0,2
seasonal,F_R,14,SS_vs_persistence,-0.019514023394123114,1286610,46c1dc5661c5fdc8,True,location-k4-fold2-seed0,2
seasonal,F_R,14,SS_vs_seasonal,0.0,1286610,46c1dc5661c5fdc8,True,location-k4-fold2-seed0,2
seasonal,F_R,14,SS_vs_ar,-0.17762908416012668,1286610,46c1dc5661c5fdc8,True,location-k4-fold2-seed0,2
seasonal,F_R,15,MSE,161487.12042253662,1286610,46c1dc5661c5fdc8,True,location-k4-fold2-seed0,2
seasonal,F_R,15,MAE,222.34642755439623,1286610,46c1dc5661c5fdc8,True,location-k4-fold2-seed0,2
seasonal,F_R,15,SS_vs_persistence,-0.005733700531964647,1286610,46c1dc5661c5fdc8,True,location-k4-fold2-seed0,2
seasonal,F_R,15,SS_vs_seasonal,0.0,1286610,46c1dc5661c5fdc8,True,location-k4-fold2-seed0,2
seasonal,F_R,15,SS_vs_ar,-0.16197759607283224,1286610,46c1dc5661c5fdc8,True,location-k4-fold2-seed0,2
seasonal,F_R,16,MSE,166893.31923584396,1286610,46c1dc5661c5fdc8,True,location-k4-fold2-seed0,2
seasonal,F_R,16,MAE,224.4937861836137,1286610,46c1dc5661c5fdc8,True,location-k4-fold2-seed0,2
seasonal,F_R,16,SS_vs_persistence,-0.010016566535655524,1286610,46c1dc5661c5fdc8,True,location-k4-fold2-seed0,2
seasonal,F_R,16,SS_vs_seasonal,0.0,1286610,46c1dc5661c5fdc8,True,location-k4-fold2-seed0,2
seasonal,F_R,16,SS_vs_ar,-0.14054644247540593,1286610,46c1dc5661c5fdc8,True,location-k4-fold2-seed0,2
seasonal,F_R,17,MSE,167473.80693040384,1286610,46c1dc5661c5fdc8,True,location-k4-fold2-seed0,2
seasonal,F_R,17,MAE,225.20557643100437,1286610,46c1dc5661c5fdc8,True,location-k4-fold2-seed0,2
seasonal,F_R,17,SS_vs_persistence,-0.01832591212600354,1286610,46c1dc5661c5fdc8,True,location-k4-fold2-seed0,2
seasonal,F_R,17,SS_vs_seasonal,0.0,1286610,46c1dc5661c5fdc8,True,location-k4-fold2-seed0,2
seasonal,F_R,17,SS_vs_ar,-0.13152140248832578,1286610,46c1dc5661c5fdc8,True,location-k4-fold2-seed0,2
seasonal,F_R,18,MSE,166662.4484980004,1286610,46c1dc5661c5fdc8,True,location-k4-fold2-seed0,2
seasonal,F_R,18,MAE,224.41258988009187,1286610,46c1dc5661c5fdc8,True,location-k4-fold2-seed0,2
seasonal,F_R,18,SS_vs_persistence,-0.0076883032806667195,1286610,46c1dc5661c5fdc8,True,location-k4-fold2-seed0,2
seasonal,F_R,18,SS_vs_seasonal,0.0,1286610,46c1dc5661c5fdc8,True,location-k4-fold2-seed0,2
seasonal,F_R,18,SS_vs_ar,-0.09396704794077193,1286610,46c1dc5661c5fdc8,True,location-k4-fold2-seed0,2
seasonal,F_R,19,MSE,172525.81378171468,1286610,46c1dc5661c5fdc8,True,location-k4-fold2-seed0,2
seasonal,F_R,19,MAE,232.56430696624452,1286610,46c1dc5661c5fdc8,True,location-k4-fold2-seed0,2
seasonal,F_R,19,SS_vs_persistence,-0.03263715938026146,1286610,46c1dc5661c5fdc8,True,location-k4-fold2-seed0,2
seasonal,F_R,19,SS_vs_seasonal,0.0,1286610,46c1dc5661c5fdc8,True,location-k4-fold2-seed0,2
seasonal,F_R,19,SS_vs_ar,-0.11733510822848436,1286610,46c1dc5661c5fdc8,True,location-k4-fold2-seed0,2
seasonal,F_R,20,MSE,173057.91671458867,1286610,46c1dc5661c5fdc8,True,location-k4-fold2-seed0,2
seasonal,F_R,20,MAE,233.34624248069417,1286610,46c1dc5661c5fdc8,True,location-k4-fold2-seed0,2
seasonal,F_R,20,SS_vs_persistence,-0.01034265935993628,1286610,46c1dc5661c5fdc8,True,location-k4-fold2-seed0,2
seasonal,F_R,20,SS_vs_seasonal,0.0,1286610,46c1dc5661c5fdc8,True,location-k4-fold2-seed0,2
seasonal,F_R,20,SS_vs_ar,-0.10957203539124127,1286610,46c1dc5661c5fdc8,True,location-k4-fold2-seed0,2
seasonal,F_R,21,MSE,174597.53236074257,1286610,46c1dc5661c5fdc8,True,location-k4-fold2-seed0,2
seasonal,F_R,21,MAE,233.84502248345763,1286610,46c1dc5661c5fdc8,True,location-k4-fold2-seed0,2
seasonal,F_R,21,SS_vs_persistence,-0.020334514911734436,1286610,46c1dc5661c5fdc8,True,location-k4-fold2-seed0,2
seasonal,F_R,21,SS_vs_seasonal,0.0,1286610,46c1dc5661c5fdc8,True,location-k4-fold2-seed0,2
seasonal,F_R,21,SS_vs_ar,-0.11242986970401714,1286610,46c1dc5661c5fdc8,True,location-k4-fold2-seed0,2
seasonal,F_R,22,MSE,176165.14165730853,1286610,46c1dc5661c5fdc8,True,location-k4-fold2-seed0,2
seasonal,F_R,22,MAE,233.2741334319968,1286610,46c1dc5661c5fdc8,True,location-k4-fold2-seed0,2
seasonal,F_R,22,SS_vs_persistence,-0.04979051903259135,1286610,46c1dc5661c5fdc8,True,location-k4-fold2-seed0,2
seasonal,F_R,22,SS_vs_seasonal,0.0,1286610,46c1dc5661c5fdc8,True,location-k4-fold2-seed0,2
seasonal,F_R,22,SS_vs_ar,-0.11055955026943098,1286610,46c1dc5661c5fdc8,True,location-k4-fold2-seed0,2
seasonal,F_R,23,MSE,178862.51462507428,1286610,46c1dc5661c5fdc8,True,location-k4-fold2-seed0,2
seasonal,F_R,23,MAE,234.56662965799842,1286610,46c1dc5661c5fdc8,True,location-k4-fold2-seed0,2
seasonal,F_R,23,SS_vs_persistence,-0.05928382929646259,1286610,46c1dc5661c5fdc8,True,location-k4-fold2-seed0,2
seasonal,F_R,23,SS_vs_seasonal,0.0,1286610,46c1dc5661c5fdc8,True,location-k4-fold2-seed0,2
seasonal,F_R,23,SS_vs_ar,-0.11817604277869953,1286610,46c1dc5661c5fdc8,True,location-k4-fold2-seed0,2
seasonal,F_R,24,MSE,176606.12890535287,1286610,46c1dc5661c5fdc8,True,location-k4-fold2-seed0,2
seasonal,F_R,24,MAE,234.48807664482027,1286610,46c1dc5661c5fdc8,True,location-k4-fold2-seed0,2
seasonal,F_R,24,SS_vs_persistence,-0.07113433332998031,1286610,46c1dc5661c5fdc8,True,location-k4-fold2-seed0,2
seasonal,F_R,24,SS_vs_seasonal,0.0,1286610,46c1dc5661c5fdc8,True,location-k4-fold2-seed0,2
seasonal,F_R,24,SS_vs_ar,-0.10500428764360437,1286610,46c1dc5661c5fdc8,True,location-k4-fold2-seed0,2
seasonal,F_R,25,MSE,174878.27668820674,1286610,46c1dc5661c5fdc8,True,location-k4-fold2-seed0,2
seasonal,F_R,25,MAE,233.88178880236873,1286610,46c1dc5661c5fdc8,True,location-k4-fold2-seed0,2
seasonal,F_R,25,SS_vs_persistence,-0.07074554210776918,1286610,46c1dc5661c5fdc8,True,location-k4-fold2-seed0,2
seasonal,F_R,25,SS_vs_seasonal,0.0,1286610,46c1dc5661c5fdc8,True,location-k4-fold2-seed0,2
seasonal,F_R,25,SS_vs_ar,-0.09916927513214824,1286610,46c1dc5661c5fdc8,True,location-k4-fold2-seed0,2
seasonal,F_R,26,MSE,175210.9147954892,1286610,46c1dc5661c5fdc8,True,location-k4-fold2-seed0,2
seasonal,F_R,26,MAE,234.18173517989499,1286610,46c1dc5661c5fdc8,True,location-k4-fold2-seed0,2
seasonal,F_R,26,SS_vs_persistence,-0.05643495805550791,1286610,46c1dc5661c5fdc8,True,location-k4-fold2-seed0,2
seasonal,F_R,26,SS_vs_seasonal,0.0,1286610,46c1dc5661c5fdc8,True,location-k4-fold2-seed0,2
seasonal,F_R,26,SS_vs_ar,-0.08697403755866473,1286610,46c1dc5661c5fdc8,True,location-k4-fold2-seed0,2
seasonal,F_R,27,MSE,172918.32429767866,1286610,46c1dc5661c5fdc8,True,location-k4-fold2-seed0,2
seasonal,F_R,27,MAE,234.44304898902203,1286610,46c1dc5661c5fdc8,True,location-k4-fold2-seed0,2
seasonal,F_R,27,SS_vs_persistence,-0.007553910107838568,1286610,46c1dc5661c5fdc8,True,location-k4-fold2-seed0,2
seasonal,F_R,27,SS_vs_seasonal,0.0,1286610,46c1dc5661c5fdc8,True,location-k4-fold2-seed0,2
seasonal,F_R,27,SS_vs_ar,-0.060245766601534356,1286610,46c1dc5661c5fdc8,True,location-k4-fold2-seed0,2
seasonal,F_R,28,MSE,173051.15385544713,1286610,46c1dc5661c5fdc8,True,location-k4-fold2-seed0,2
seasonal,F_R,28,MAE,233.00917357245677,1286610,46c1dc5661c5fdc8,True,location-k4-fold2-seed0,2
seasonal,F_R,28,SS_vs_persistence,-0.019305091069487634,1286610,46c1dc5661c5fdc8,True,location-k4-fold2-seed0,2
seasonal,F_R,28,SS_vs_seasonal,0.0,1286610,46c1dc5661c5fdc8,True,location-k4-fold2-seed0,2
seasonal,F_R,28,SS_vs_ar,-0.051189931186596205,1286610,46c1dc5661c5fdc8,True,location-k4-fold2-seed0,2
seasonal,F_R,29,MSE,172936.87257339832,1286610,46c1dc5661c5fdc8,True,location-k4-fold2-seed0,2
seasonal,F_R,29,MAE,233.87079757856583,1286610,46c1dc5661c5fdc8,True,location-k4-fold2-seed0,2
seasonal,F_R,29,SS_vs_persistence,-0.015517154690555701,1286610,46c1dc5661c5fdc8,True,location-k4-fold2-seed0,2
seasonal,F_R,29,SS_vs_seasonal,0.0,1286610,46c1dc5661c5fdc8,True,location-k4-fold2-seed0,2
seasonal,F_R,29,SS_vs_ar,-0.04159895699662819,1286610,46c1dc5661c5fdc8,True,location-k4-fold2-seed0,2
seasonal,F_R,30,MSE,173257.89724371166,1286610,46c1dc5661c5fdc8,True,location-k4-fold2-seed0,2
seasonal,F_R,30,MAE,233.54629577868695,1286610,46c1dc5661c5fdc8,True,location-k4-fold2-seed0,2
seasonal,F_R,30,SS_vs_persistence,-0.024038000472937027,1286610,46c1dc5661c5fdc8,True,location-k4-fold2-seed0,2
seasonal,F_R,30,SS_vs_seasonal,0.0,1286610,46c1dc5661c5fdc8,True,location-k4-fold2-seed0,2
seasonal,F_R,30,SS_vs_ar,-0.03360238144808947,1286610,46c1dc5661c5fdc8,True,location-k4-fold2-seed0,2
seasonal,F_R,all,MSE,162855.00975360814,1286610,46c1dc5661c5fdc8,True,location-k4-fold2-seed0,2
seasonal,F_R,all,MAE,223.27665287554206,1286610,46c1dc5661c5fdc8,True,location-k4-fold2-seed0,2
seasonal,F_R,all,SS_vs_persistence,-0.042082879316788224,1286610,46c1dc5661c5fdc8,True,location-k4-fold2-seed0,2
seasonal,F_R,all,SS_vs_seasonal,0.0,1286610,46c1dc5661c5fdc8,True,location-k4-fold2-seed0,2
seasonal,F_R,all,SS_vs_ar,-0.17390742837057838,1286610,46c1dc5661c5fdc8,True,location-k4-fold2-seed0,2
seasonal,CoPx_R,1,MSE,0.2095080041713834,1286610,46c1dc5661c5fdc8,True,location-k4-fold2-seed0,2
seasonal,CoPx_R,1,MAE,0.27889722531463285,1286610,46c1dc5661c5fdc8,True,location-k4-fold2-seed0,2
seasonal,CoPx_R,1,SS_vs_persistence,-0.08912384850528765,1286610,46c1dc5661c5fdc8,True,location-k4-fold2-seed0,2
seasonal,CoPx_R,1,SS_vs_seasonal,4.773070827468473e-12,1286610,46c1dc5661c5fdc8,True,location-k4-fold2-seed0,2
seasonal,CoPx_R,1,SS_vs_ar,-0.8885071766090944,1286610,46c1dc5661c5fdc8,True,location-k4-fold2-seed0,2
seasonal,CoPx_R,2,MSE,0.21169500047158757,1286610,46c1dc5661c5fdc8,True,location-k4-fold2-seed0,2
seasonal,CoPx_R,2,MAE,0.2815181116718989,1286610,46c1dc5661c5fdc8,True,location-k4-fold2-seed0,2
seasonal,CoPx_R,2,SS_vs_persistence,0.008551314561771828,1286610,46c1dc5661c5fdc8,True,location-k4-fold2-seed0,2
seasonal,CoPx_R,2,SS_vs_seasonal,4.723776925175116e-12,1286610,46c1dc5661c5fdc8,True,location-k4-fold2-seed0,2
seasonal,CoPx_R,2,SS_vs_ar,-0.8719760740057227,1286610,46c1dc5661c5fdc8,True,location-k4-fold2-seed0,2
seasonal,CoPx_R,3,MSE,0.21236866327483273,1286610,46c1dc5661c5fdc8,True,location-k4-fold2-seed0,2
seasonal,CoPx_R,3,MAE,0.28151960871253257,1286610,46c1dc5661c5fdc8,True,location-k4-fold2-seed0,2
seasonal,CoPx_R,3,SS_vs_persistence,-0.010723805783217966,1286610,46c1dc5661c5fdc8,True,location-k4-fold2-seed0,2
seasonal,CoPx_R,3,SS_vs_seasonal,4.7087889143426764e-12,1286610,46c1dc5661c5fdc8,True,location-k4-fold2-seed0,2
seasonal,CoPx_R,3,SS_vs_ar,-0.8807936442886894,1286610,46c1dc5661c5fdc8,True,location-k4-fold2-seed0,2
seasonal,CoPx_R,4,MSE,0.20976679785786462,1286610,46c1dc5661c5fdc8,True,location-k4-fold2-seed0,2
seasonal,CoPx_R,4,MAE,0.2800870806565268,1286610,46c1dc5661c5fdc8,True,location-k4-fold2-seed0,2
seasonal,CoPx_R,4,SS_vs_persistence,-0.0302205628854586,1286610,46c1dc5661c5fdc8,True,location-k4-fold2-seed0,2
seasonal,CoPx_R,4,SS_vs_seasonal,4.76718664543796e-12,1286610,46c1dc5661c5fdc8,True,location-k4-fold2-seed0,2
seasonal,CoPx_R,4,SS_vs_ar,-0.861774650777912,1286610,46c1dc5661c5fdc8,True,location-k4-fold2-seed0,2
seasonal,CoPx_R,5,MSE,0.2107023645244547,1286610,46c1dc5661c5fdc8,True,location-k4-fold2-seed0,2
seasonal,CoPx_R,5,MAE,0.2807651022638144,1286610,46c1dc5661c5fdc8,True,location-k4-fold2-seed0,2
seasonal,CoPx_R,5,SS_vs_persistence,-0.004012841072762008,1286610,46c1dc5661c5fdc8,True,location-k4-fold2-seed0,2
seasonal,CoPx_R,5,SS_vs_seasonal,4.746092407970082e-12,1286610,46c1dc5661c5fdc8,True,location-k4-fold2-seed0,2
seasonal,CoPx_R,5,SS_vs_ar,-0.8597781979957211,1286610,46c1dc5661c5fdc8,True,location-k4-fold2-seed0,2
seasonal,CoPx_R,6,MSE,0.21029609249440404,1286610,46c1dc5661c5fdc8,True,location-k4-fold2-seed0,2
seasonal,CoPx_R,6,MAE,0.2803368040290863,1286610,46c1dc5661c5fdc8,True,location-k4-fold2-seed0,2
seasonal,CoPx_R,6,SS_vs_persistence,0.008015111892862747,1286610,46c1dc5661c5fdc8,True,location-k4-fold2-seed0,2
seasonal,CoPx_R,6,SS_vs_seasonal,4.755196236772008e-12,1286610,46c1dc5661c5fdc8,True,location-k4-fold2-seed0,2
seasonal,CoPx_R,6,SS_vs_ar,-0.852875280239644,1286610,46c1dc5661c5fdc8,True,location-k4-fold2-seed0,2
seasonal,CoPx_R,7,MSE,0.20982119790092527,1286610,46c1dc5661c5fdc8,True,location-k4-fold2-seed0,2
seasonal,CoPx_R,7,MAE,0.280286468949884,1286610,46c1dc5661c5fdc8,True,location-k4-fold2-seed0,2
seasonal,CoPx_R,7,SS_vs_persistence,0.014163636233600285,1286610,46c1dc5661c5fdc8,True,location-k4-fold2-seed0,2
seasonal,CoPx_R,7,SS_vs_seasonal,4.765965400110872e-12,1286610,46c1dc5661c5fdc8,True,location-k4-fold2-seed0,2
seasonal,CoPx_R,7,SS_vs_ar,-0.8444897332330081,1286610,46c1dc5661c5fdc8,True,location-k4-fold2-seed0,2
seasonal,CoPx_R,8,MSE,0.20958052678129574,1286610,46c1dc5661c5fdc8,True,location-k4-fold2-seed0,2
seasonal,CoPx_R,8,MAE,0.2801233006172771,1286610,46c1dc5661c5fdc8,True,location-k4-fold2-seed0,2
seasonal,CoPx_R,8,SS_vs_persistence,-0.014751295039195922,1286610,46c1dc5661c5fdc8,True,location-k4-fold2-seed0,2
seasonal,CoPx_R,8,SS_vs_seasonal,4.771516515233998e-12,1286610,46c1dc5661c5fdc8,True,location-k4-fold2-seed0,2
seasonal,CoPx_R,8,SS_vs_ar,-0.8372812249011194,1286610,46c1dc5661c5fdc8,True,location-k4-fold2-seed0,2
seasonal,CoPx_R,9,MSE,0.20936323679679966,1286610,46c1dc5661c5fdc8,True,location-k4-fold2-seed0,2
seasonal,CoPx_R,9,MAE,0.2797383700981758,1286610,46c1dc5661c5fdc8,True,location-k4-fold2-seed0,2
seasonal,CoPx_R,9,SS_vs_persistence,0.0005672291850042921,1286610,46c1dc5661c5fdc8,True,location-k4-fold2-seed0,2
seasonal,CoPx_R,9,SS_vs_seasonal,4.7764014965423485e-12,1286610,46c1dc5661c5fdc8,True,location-k4-fold2-seed0,2
seasonal,CoPx_R,9,SS_vs_ar,-0.8248576557117946,1286610,46c1dc5661c5fdc8,True,location-k4-fold2-seed0,2
seasonal,CoPx_R,10,MSE,0.21168277516794504,1286610,46c1dc5661c5fdc8,True,location-k4-fold2-seed0,2
seasonal,CoPx_R,10,MAE,0.2831034310525999,1286610,46c1dc5661c5fdc8,True,location-k4-fold2-seed0,2
seasonal,CoPx_R,10,SS_vs_persistence,-0.007973132609368827,1286610,46c1dc5661c5fdc8,True,location-k4-fold2-seed0,2
seasonal,CoPx_R,10,SS_vs_seasonal,4.7241099920825036e-12,1286610,46c1dc5661c5fdc8,True,location-k4-fold2-seed0,2
seasonal,CoPx_R,10,SS_vs_ar,-0.8359709531823896,1286610,46c1dc5661c5fdc8,True,location-k4-fold2-seed0,2
seasonal,CoPx_R,11,MSE,0.21375754339607286,1286610,46c1dc5661c5fdc8,True,location-k4-fold2-seed0,2
seasonal,CoPx_R,11,MAE,0.2842738915541816,1286610,46c1dc5661c5fdc8,True,location-k4-fold2-seed0,2
seasonal,CoPx_R,11,SS_vs_persistence,0.026299218918033107,1286610,46c1dc5661c5fdc8,True,location-k4-fold2-seed0,2
seasonal,CoPx_R,11,SS_vs_seasonal,4.678257781165485e-12,1286610,46c1dc5661c5fdc8,True,location-k4-fold2-seed0,2
seasonal,CoPx_R,11,SS_vs_ar,-0.8450394738127336,1286610,46c1dc5661c5fdc8,True,location-k4-fold2-seed0,2
seasonal,CoPx_R,12,MSE,0.21304668610602198,1286610,46c1dc5661c5fdc8,True,location-k4-fold2-seed0,2
seasonal,CoPx_R,12,MAE,0.2843146001120642,1286610,46c1dc5661c5fdc8,True,location-k4-fold2-seed0,2
seasonal,CoPx_R,12,SS_vs_persistence,0.043340511734339615,1286610,46c1dc5661c5fdc8,True,location-k4-fold2-seed0,2
seasonal,CoPx_R,12,SS_vs_seasonal,4.693800903510237e-12,1286610,46c1dc5661c5fdc8,True,location-k4-fold2-seed0,2
seasonal,CoPx_R,12,SS_vs_ar,-0.8445729869154432,1286610,46c1dc5661c5fdc8,True,location-k4-fold2-seed0,2
seasonal,CoPx_R,13,MSE,0.21365406034347423,1286610,46c1dc5661c5fdc8,True,location-k4-fold2-seed0,2
seasonal,CoPx_R,13,MAE,0.28472782644365535,1286610,46c1dc5661c5fdc8,True,location-k4-fold2-seed0,2
seasonal,CoPx_R,13,SS_vs_persistence,0.01259417264989282,1286610,46c1dc5661c5fdc8,True,location-k4-fold2-seed0,2
seasonal,CoPx_R,13,SS_vs_seasonal,4.680478227214735e-12,1286610,46c1dc5661c5fdc8,True,location-k4-fold2-seed0,2
seasonal,CoPx_R,13,SS_vs_ar,-0.846148443276594,1286610,46c1dc5661c5fdc8,True,location-k4-fold2-seed0,2
seasonal,CoPx_R,14,MSE,0.21327106706264906,1286610,46c1dc5661c5fdc8,True,location-k4-fold2-seed0,2
seasonal,CoPx_R,14,MAE,0.2842591799924622,1286610,46c1dc5661c5fdc8,True,location-k4-fold2-seed0,2
seasonal,CoPx_R,14,SS_vs_persistence,-0.024402696360107168,1286610,46c1dc5661c5fdc8,True,location-k4-fold2-seed0,2
seasonal,CoPx_R,14,SS_vs_seasonal,4.688915922201886e-12,1286610,46c1dc5661c5fdc8,True,location-k4-fold2-seed0,2
seasonal,CoPx_R,14,SS_vs_ar,-0.8444563755761629,1286610,46c1dc5661c5fdc8,True,location-k4-fold2-seed0,2
seasonal,CoPx_R,15,MSE,0.21394066480867122,1286610,46c1dc5661c5fdc8,True,location-k4-fold2-seed0,2
seasonal,CoPx_R,15,MAE,0.28484605398600416,1286610,46c1dc5661c5fdc8,True,location-k4-fold2-seed0,2
seasonal,CoPx_R,15,SS_vs_persistence,0.017987785512241006,1286610,46c1dc5661c5fdc8,True,location-k4-fold2-seed0,2
seasonal,CoPx_R,15,SS_vs_seasonal,4.674260978276834e-12,1286610,46c1dc5661c5fdc8,True,location-k4-fold2-seed0,2
seasonal,CoPx_R,15,SS_vs_ar,-0.8437953943250192,1286610,46c1dc5661c5fdc8,True,location-k4-fold2-seed0,2
seasonal,CoPx_R,16,MSE,0.21288349136221063,1286610,46c1dc5661c5fdc8,True,location-k4-fold2-seed0,2
seasonal,CoPx_R,16,MAE,0.28431539491092833,1286610,46c1dc5661c5fdc8,True,location-k4-fold2-seed0,2
seasonal,CoPx_R,16,SS_vs_persistence,0.04399126822859756,1286610,46c1dc5661c5fdc8,True,location-k4-fold2-seed0,2
seasonal,CoPx_R,16,SS_vs_seasonal,4.6974646394915e-12,1286610,46c1dc5661c5fdc8,True,location-k4-fold2-seed0,2
seasonal,CoPx_R,16,SS_vs_ar,-0.841389500474865,1286610,46c1dc5661c5fdc8,True,location-k4-fold2-seed0,2
seasonal,CoPx_R,17,MSE,0.21262330236556537,1286610,46c1dc5661c5fdc8,True,location-k4-fold2-seed0,2
seasonal,CoPx_R,17,MAE,0.283826011454881,1286610,46c1dc5661c5fdc8,True,location-k4-fold2-seed0,2
seasonal,CoPx_R,17,SS_vs_persistence,0.016521305215282056,1286610,46c1dc5661c5fdc8,True,location-k4-fold2-seed0,2
seasonal,CoPx_R,17,SS_vs_seasonal,4.703126776917088e-12,1286610,46c1dc5661c5fdc8,True,location-k4-fold2-seed0,2
seasonal,CoPx_R,17,SS_vs_ar,-0.8406290892324868,1286610,46c1dc5661c5fdc8,True,location-k4-fold2-seed0,2
seasonal,CoPx_R,18,MSE,0.21293174068508358,1286610,46c1dc5661c5fdc8,True,location-k4-fold2-seed0,2
seasonal,CoPx_R,18,MAE,0.283996759245875,1286610,46c1dc5661c5fdc8,True,location-k4-fold2-seed0,2
seasonal,CoPx_R,18,SS_vs_persistence,0.0006339101561199101,1286610,46c1dc5661c5fdc8,True,location-k4-fold2-seed0,2
seasonal,CoPx_R,18,SS_vs_seasonal,4.696354416466875e-12,1286610,46c1dc5661c5fdc8,True,location-k4-fold2-seed0,2
seasonal,CoPx_R,18,SS_vs_ar,-0.8376365322956472,1286610,46c1dc5661c5fdc8,True,location-k4-fold2-seed0,2
seasonal,CoPx_R,19,MSE,0.2170858807518339,1286610,46c1dc5661c5fdc8,True,location-k4-fold2-seed0,2
seasonal,CoPx_R,19,MAE,0.29152668930894304,1286610,46c1dc5661c5fdc8,True,location-k4-fold2-seed0,2
seasonal,CoPx_R,19,SS_vs_persistence,0.002034249447293135,1286610,46c1dc5661c5fdc8,True,location-k4-fold2-seed0,2
seasonal,CoPx_R,19,SS_vs_seasonal,4.6065373737746995e-12,1286610,46c1dc5661c5fdc8,True,location-k4-fold2-seed0,2
seasonal,CoPx_R,19,SS_vs_ar,-0.8728997508843808,1286610,46c1dc5661c5fdc8,True,location-k4-fold2-seed0,2
seasonal,CoPx_R,20,MSE,0.21702038295489814,1286610,46c1dc5661c5fdc8,True,location-k4-fold2-seed0,2
seasonal,CoPx_R,20,MAE,0.2913005397599046,1286610,46c1dc5661c5fdc8,True,location-k4-fold2-seed0,2
seasonal,CoPx_R,20,SS_vs_persistence,0.0335918237148205,1286610,46c1dc5661c5fdc8,True,location-k4-fold2-seed0,2
seasonal,CoPx_R,20,SS_vs_seasonal,4.60786964140425e-12,1286610,46c1dc5661c5fdc8,True,location-k4-fold2-seed0,2
seasonal,CoPx_R,20,SS_vs_ar,-0.8712037654001039,1286610,46c1dc5661c5fdc8,True,location-k4-fold2-seed0,2
seasonal,CoPx_R,21,MSE,0.21649657387005833,1286610,46c1dc5661c5fdc8,True,location-k4-fold2-seed0,2
seasonal,CoPx_R,21,MAE,0.2907662894481673,1286610,46c1dc5661c5fdc8,True,location-k4-fold2-seed0,2
seasonal,CoPx_R,21,SS_vs_persistence,0.03215650611149534,1286610,46c1dc5661c5fdc8,True,location-k4-fold2-seed0,2
seasonal,CoPx_R,21,SS_vs_seasonal,4.619082893952964e-12,1286610,46c1dc5661c5fdc8,True,location-k4-fold2-seed0,2
seasonal,CoPx_R,21,SS_vs_ar,-0.8685291398818182,1286610,46c1dc5661c5fdc8,True,location-k4-fold2-seed0,2
seasonal,CoPx_R,22,MSE,0.21640870312840843,1286610,46c1dc5661c5fdc8,True,location-k4-fold2-seed0,2
seasonal,CoPx_R,22,MAE,0.29050126284505123,1286610,46c1dc5661c5fdc8,True,location-k4-fold2-seed0,2
seasonal,CoPx_R,22,SS_vs_persistence,0.0063795742677208445,1286610,46c1dc5661c5fdc8,True,location-k4-fold2-seed0,2
seasonal,CoPx_R,22,SS_vs_seasonal,4.620859250792364e-12,1286610,46c1dc5661c5fdc8,True,location-k4-fold2-seed0,2
seasonal,CoPx_R,22,SS_vs_ar,-0.8741449093954572,1286610,46c1dc5661c5fdc8,True,location-k4-fold2-seed0,2
seasonal,CoPx_R,23,MSE,0.21655094405349992,1286610,46c1dc5661c5fdc8,True,location-k4-fold2-seed0,2
seasonal,CoPx_R,23,MAE,0.29097656165485586,1286610,46c1dc5661c5fdc8,True,location-k4-fold2-seed0,2
seasonal,CoPx_R,23,SS_vs_persistence,-0.003626094404608482,1286610,46c1dc5661c5fdc8,True,location-k4-fold2-seed0,2
seasonal,CoPx_R,23,SS_vs_seasonal,4.617861648625876e-12,1286610,46c1dc5661c5fdc8,True,location-k4-fold2-seed0,2
seasonal,CoPx_R,23,SS_vs_ar,-0.8677109472643603,1286610,46c1dc5661c5fdc8,True,location-k4-fold2-seed0,2
seasonal,CoPx_R,24,MSE,0.21677815984757254,1286610,46c1dc5661c5fdc8,True,location-k4-fold2-seed0,2
seasonal,CoPx_R,24,MAE,0.29154636672513473,1286610,46c1dc5661c5fdc8,True,location-k4-fold2-seed0,2
seasonal,CoPx_R,24,SS_vs_persistence,-0.004065390807378,1286610,46c1dc5661c5fdc8,True,location-k4-fold2-seed0,2
seasonal,CoPx_R,24,SS_vs_seasonal,4.613087689619988e-12,1286610,46c1dc5661c5fdc8,True,location-k4-fold2-seed0,2
seasonal,CoPx_R,24,SS_vs_ar,-0.8727510938110301,1286610,46c1dc5661c5fdc8,True,location-k4-fold2-seed0,2
seasonal,CoPx_R,25,MSE,0.2162782489737109,1286610,46c1dc5661c5fdc8,True,location-k4-fold2-seed0,2
seasonal,CoPx_R,25,MAE,0.2909504513043131,1286610,46c1dc5661c5fdc8,True,location-k4-fold2-seed0,2
seasonal,CoPx_R,25,SS_vs_persistence,0.011213848861163611,1286610,46c1dc5661c5fdc8,True,location-k4-fold2-seed0,2
seasonal,CoPx_R,25,SS_vs_seasonal,4.6237458306563894e-12,1286610,46c1dc5661c5fdc8,True,location-k4-fold2-seed0,2
seasonal,CoPx_R,25,SS_vs_ar,-0.8688100248496817,1286610,46c1dc5661c5fdc8,True,location-k4-fold2-seed0,2
seasonal,CoPx_R,26,MSE,0.21741233329541046,1286610,46c1dc5661c5fdc8,True,location-k4-fold2-seed0,2
seasonal,CoPx_R,26,MAE,0.2919939281391626,1286610,46c1dc5661c5fdc8,True,location-k4-fold2-seed0,2
seasonal,CoPx_R,26,SS_vs_persistence,0.017982463484730538,1286610,46c1dc5661c5fdc8,True,location-k4-fold2-seed0,2
seasonal,CoPx_R,26,SS_vs_seasonal,4.599542968719561e-12,1286610,46c1dc5661c5fdc8,True,location-k4-fold2-seed0,2
seasonal,CoPx_R,26,SS_vs_ar,-0.8807196098027881,1286610,46c1dc5661c5fdc8,True,location-k4-fold2-seed0,2
seasonal,CoPx_R,27,MSE,0.21673783550183126,1286610,46c1dc5661c5fdc8,True,location-k4-fold2-seed0,2
seasonal,CoPx_R,27,MAE,0.29171437247787685,1286610,46c1dc5661c5fdc8,True,location-k4-fold2-seed0,2
seasonal,CoPx_R,27,SS_vs_persistence,-0.0006606540682605466,1286610,46c1dc5661c5fdc8,True,location-k4-fold2-seed0,2
seasonal,CoPx_R,27,SS_vs_seasonal,4.6138648457372256e-12,1286610,46c1dc5661c5fdc8,True,location-k4-fold2-seed0,2
seasonal,CoPx_R,27,SS_vs_ar,-0.8861839505447222,1286610,46c1dc5661c5fdc8,True,location-k4-fold2-seed0,2
seasonal,CoPx_R,28,MSE,0.2111690780994265,1286610,46c1dc5661c5fdc8,True,location-k4-fold2-seed0,2
seasonal,CoPx_R,28,MAE,0.28665385921388165,1286610,46c1dc5661c5fdc8,True,location-k4-fold2-seed0,2
seasonal,CoPx_R,28,SS_vs_persistence,0.01643050080581665,1286610,46c1dc5661c5fdc8,True,location-k4-fold2-seed0,2
seasonal,CoPx_R,28,SS_vs_seasonal,4.735545289236143e-12,1286610,46c1dc5661c5fdc8,True,location-k4-fold2-seed0,2
seasonal,CoPx_R,28,SS_vs_ar,-0.8314989963769515,1286610,46c1dc5661c5fdc8,True,location-k4-fold2-seed0,2
seasonal,CoPx_R,29,MSE,0.21206097641552027,1286610,46c1dc5661c5fdc8,True,location-k4-fold2-seed0,2
seasonal,CoPx_R,29,MAE,0.2872809843599464,1286610,46c1dc5661c5fdc8,True,location-k4-fold2-seed0,2
seasonal,CoPx_R,29,SS_vs_persistence,0.040890009748323686,1286610,46c1dc5661c5fdc8,True,location-k4-fold2-seed0,2
seasonal,CoPx_R,29,SS_vs_seasonal,4.7156722970953524e-12,1286610,46c1dc5661c5fdc8,True,location-k4-fold2-seed0,2
seasonal,CoPx_R,29,SS_vs_ar,-0.8313714016702989,1286610,46c1dc5661c5fdc8,True,location-k4-fold2-seed0,2
seasonal,CoPx_R,30,MSE,0.2118047501983391,1286610,46c1dc5661c5fdc8,True,location-k4-fold2-seed0,2
seasonal,CoPx_R,30,MAE,0.2873913513360108,1286610,46c1dc5661c5fdc8,True,location-k4-fold2-seed0,2
seasonal,CoPx_R,30,SS_vs_persistence,0.05435070606672998,1286610,46c1dc5661c5fdc8,True,location-k4-fold2-seed0,2
seasonal,CoPx_R,30,SS_vs_seasonal,4.721334434520941e-12,1286610,46c1dc5661c5fdc8,True,location-k4-fold2-seed0,2
seasonal,CoPx_R,30,SS_vs_ar,-0.8368182320695376,1286610,46c1dc5661c5fdc8,True,location-k4-fold2-seed0,2
seasonal,CoPx_R,all,MSE,0.2132232360890655,1286610,46c1dc5661c5fdc8,True,location-k4-fold2-seed0,2
seasonal,CoPx_R,all,MAE,0.285451262587991,1286610,46c1dc5661c5fdc8,True,location-k4-fold2-seed0,2
seasonal,CoPx_R,all,SS_vs_persistence,0.008060156665772089,1286610,46c1dc5661c5fdc8,True,location-k4-fold2-seed0,2
seasonal,CoPx_R,all,SS_vs_seasonal,4.689915122924049e-12,1286610,46c1dc5661c5fdc8,True,location-k4-fold2-seed0,2
seasonal,CoPx_R,all,SS_vs_ar,-0.8554263334094607,1286610,46c1dc5661c5fdc8,True,location-k4-fold2-seed0,2
seasonal,CoPy_R,1,MSE,0.12745404149525594,1286610,46c1dc5661c5fdc8,True,location-k4-fold2-seed0,2
seasonal,CoPy_R,1,MAE,0.24967492440384137,1286610,46c1dc5661c5fdc8,True,location-k4-fold2-seed0,2
seasonal,CoPy_R,1,SS_vs_persistence,-0.12128796587431157,1286610,46c1dc5661c5fdc8,True,location-k4-fold2-seed0,2
seasonal,CoPy_R,1,SS_vs_seasonal,7.846057137328444e-12,1286610,46c1dc5661c5fdc8,True,location-k4-fold2-seed0,2
seasonal,CoPy_R,1,SS_vs_ar,-0.9328615482093239,1286610,46c1dc5661c5fdc8,True,location-k4-fold2-seed0,2
seasonal,CoPy_R,2,MSE,0.12842661299496747,1286610,46c1dc5661c5fdc8,True,location-k4-fold2-seed0,2
seasonal,CoPy_R,2,MAE,0.2517714650887279,1286610,46c1dc5661c5fdc8,True,location-k4-fold2-seed0,2
seasonal,CoPy_R,2,SS_vs_persistence,0.01899127494346131,1286610,46c1dc5661c5fdc8,True,location-k4-fold2-seed0,2
seasonal,CoPy_R,2,SS_vs_seasonal,7.786549183208535e-12,1286610,46c1dc5661c5fdc8,True,location-k4-fold2-seed0,2
seasonal,CoPy_R,2,SS_vs_ar,-0.8986133492581132,1286610,46c1dc5661c5fdc8,True,location-k4-fold2-seed0,2
seasonal,CoPy_R,3,MSE,0.12869536338863602,1286610,46c1dc5661c5fdc8,True,location-k4-fold2-seed0,2
seasonal,CoPy_R,3,MAE,0.25190156519987006,1286610,46c1dc5661c5fdc8,True,location-k4-fold2-seed0,2
seasonal,CoPy_R,3,SS_vs_persistence,0.031087781221934674,1286610,46c1dc5661c5fdc8,True,location-k4-fold2-seed0,2
seasonal,CoPy_R,3,SS_vs_seasonal,7.770339927049008e-12,1286610,46c1dc5661c5fdc8,True,location-k4-fold2-seed0,2
seasonal,CoPy_R,3,SS_vs_ar,-0.9007474631131493,1286610,46c1dc5661c5fdc8,True,location-k4-fold2-seed0,2
seasonal,CoPy_R,4,MSE,0.12798736354992696,1286610,46c1dc5661c5fdc8,True,location-k4-fold2-seed0,2
seasonal,CoPy_R,4,MAE,0.2514126038084284,1286610,46c1dc5661c5fdc8,True,location-k4-fold2-seed0,2
seasonal,CoPy_R,4,SS_vs_persistence,-0.009870937190482154,1286610,46c1dc5661c5fdc8,True,location-k4-fold2-seed0,2
seasonal,CoPy_R,4,SS_vs_seasonal,7.813305558102002e-12,1286610,46c1dc5661c5fdc8,True,location-k4-fold2-seed0,2
seasonal,CoPy_R,4,SS_vs_ar,-0.8936480149035093,1286610,46c1dc5661c5fdc8,True,location-k4-fold2-seed0,2
seasonal,CoPy_R,5,MSE,0.12775605809959423,1286610,46c1dc5661c5fdc8,True,location-k4-fold2-seed0,2
seasonal,CoPy_R,5,MAE,0.2514711813085744,1286610,46c1dc5661c5fdc8,True,location-k4-fold2-seed0,2
seasonal,CoPy_R,5,SS_vs_persistence,-0.0067360611321125585,1286610,46c1dc5661c5fdc8,True,location-k4-fold2-seed0,2
seasonal,CoPy_R,5,SS_vs_seasonal,7.827516412817204e-12,1286610,46c1dc5661c5fdc8,True,location-k4-fold2-seed0,2
seasonal,CoPy_R,5,SS_vs_ar,-0.8886327283741271,1286610,46c1dc5661c5fdc8,True,location-k4-fold2-seed0,2
seasonal,CoPy_R,6,MSE,0.1275009393365431,1286610,46c1dc5661c5fdc8,True,location-k4-fold2-seed0,2
seasonal,CoPy_R,6,MAE,0.2507379715445311,1286610,46c1dc5661c5fdc8,True,location-k4-fold2-seed0,2
seasonal,CoPy_R,6,SS_vs_persistence,0.002591896093370627,1286610,46c1dc5661c5fdc8,True,location-k4-fold2-seed0,2
seasonal,CoPy_R,6,SS_vs_seasonal,7.843170557464418e-12,1286610,46c1dc5661c5fdc8,True,location-k4-fold2-seed0,2
seasonal,CoPy_R,6,SS_vs_ar,-0.8817259617056421,1286610,46c1dc5661c5fdc8,True,location-k4-fold2-seed0,2
seasonal,CoPy_R,7,MSE,0.12776169208309968,1286610,46c1dc5661c5fdc8,True,location-k4-fold2-seed0,2
seasonal,CoPy_R,7,MAE,0.2513253780450512,1286610,46c1dc5661c5fdc8,True,location-k4-fold2-seed0,2
seasonal,CoPy_R,7,SS_vs_persistence,0.028173345326802934,1286610,46c1dc5661c5fdc8,True,location-k4-fold2-seed0,2
seasonal,CoPy_R,7,SS_vs_seasonal,7.827072323607354e-12,1286610,46c1dc5661c5fdc8,True,location-k4-fold2-seed0,2
seasonal,CoPy_R,7,SS_vs_ar,-0.879785746343559,1286610,46c1dc5661c5fdc8,True,location-k4-fold2-seed0,2
seasonal,CoPy_R,8,MSE,0.1276150407971923,1286610,46c1dc5661c5fdc8,True,location-k4-fold2-seed0,2
seasonal,CoPy_R,8,MAE,0.25097078419744506,1286610,46c1dc5661c5fdc8,True,location-k4-fold2-seed0,2
seasonal,CoPy_R,8,SS_vs_persistence,0.0516228555028444,1286610,46c1dc5661c5fdc8,True,location-k4-fold2-seed0,2
seasonal,CoPy_R,8,SS_vs_seasonal,7.836065130106817e-12,1286610,46c1dc5661c5fdc8,True,location-k4-fold2-seed0,2
seasonal,CoPy_R,8,SS_vs_ar,-0.8768245299340236,1286610,46c1dc5661c5fdc8,True,location-k4-fold2-seed0,2
seasonal,CoPy_R,9,MSE,0.12702326312241763,1286610,46c1dc5661c5fdc8,True,location-k4-fold2-seed0,2
seasonal,CoPy_R,9,MAE,0.2501179847773402,1286610,46c1dc5661c5fdc8,True,location-k4-fold2-seed0,2
seasonal,CoPy_R,9,SS_vs_persistence,0.0029370114045151885,1286610,46c1dc5661c5fdc8,True,location-k4-fold2-seed0,2
seasonal,CoPy_R,9,SS_vs_seasonal,7.872591467616985e-12,1286610,46c1dc5661c5fdc8,True,location-k4-fold2-seed0,2
seasonal,CoPy_R,9,SS_vs_ar,-0.877102976961128,1286610,46c1dc5661c5fdc8,True,location-k4-fold2-seed0,2
seasonal,CoPy_R,10,MSE,0.12769045406290577,1286610,46c1dc5661c5fdc8,True,location-k4-fold2-seed0,2
seasonal,CoPy_R,10,MAE,0.2528247217246073,1286610,46c1dc5661c5fdc8,True,location-k4-fold2-seed0,2
seasonal,CoPy_R,10,SS_vs_persistence,-0.0021947965018709326,1286610,46c1dc5661c5fdc8,True,location-k4-fold2-seed0,2
seasonal,CoPy_R,10,SS_vs_seasonal,7.831513215705854e-12,1286610,46c1dc5661c5fdc8,True,location-k4-fold2-seed0,2
seasonal,CoPy_R,10,SS_vs_ar,-0.8842276316193503,1286610,46c1dc5661c5fdc8,True,location-k4-fold2-seed0,2
seasonal,CoPy_R,11,MSE,0.12845714607084135,1286610,46c1dc5661c5fdc8,True,location-k4-fold2-seed0,2
seasonal,CoPy_R,11,MAE,0.25389369639287457,1286610,46c1dc5661c5fdc8,True,location-k4-fold2-seed0,2
seasonal,CoPy_R,11,SS_vs_persistence,0.03484058119561839,1286610,46c1dc5661c5fdc8,True,location-k4-fold2-seed0,2
seasonal,CoPy_R,11,SS_vs_seasonal,7.784772826369135e-12,1286610,46c1dc5661c5fdc8,True,location-k4-fold2-seed0,2
seasonal,CoPy_R,11,SS_vs_ar,-0.8917584525467788,1286610,46c1dc5661c5fdc8,True,location-k4-fold2-seed0,2
seasonal,CoPy_R,12,MSE,0.12827850829685902,1286610,46c1dc5661c5fdc8,True,location-k4-fold2-seed0,2
seasonal,CoPy_R,12,MAE,0.25357697802185186,1286610,46c1dc5661c5fdc8,True,location-k4-fold2-seed0,2
seasonal,CoPy_R,12,SS_vs_persistence,0.041541024247652825,1286610,46c1dc5661c5fdc8,True,location-k4-fold2-seed0,2
seasonal,CoPy_R,12,SS_vs_seasonal,7.795541989707999e-12,1286610,46c1dc5661c5fdc8,True,location-k4-fold2-seed0,2
seasonal,CoPy_R,12,SS_vs_ar,-0.8885299041143071,1286610,46c1dc5661c5fdc8,True,location-k4-fold2-seed0,2
seasonal,CoPy_R,13,MSE,0.12816980122075397,1286610,46c1dc5661c5fdc8,True,location-k4-fold2-seed0,2
seasonal,CoPy_R,13,MAE,0.2534769887250383,1286610,46c1dc5661c5fdc8,True,location-k4-fold2-seed0,2
seasonal,CoPy_R,13,SS_vs_persistence,-0.007053144461597549,1286610,46c1dc5661c5fdc8,True,location-k4-fold2-seed0,2
seasonal,CoPy_R,13,SS_vs_seasonal,7.80220332785575e-12,1286610,46c1dc5661c5fdc8,True,location-k4-fold2-seed0,2
seasonal,CoPy_R,13,SS_vs_ar,-0.8881787378724906,1286610,46c1dc5661c5fdc8,True,location-k4-fold2-seed0,2
seasonal,CoPy_R,14,MSE,0.12761815634565674,1286610,46c1dc5661c5fdc8,True,location-k4-fold2-seed0,2
seasonal,CoPy_R,14,MAE,0.2524862051729668,1286610,46c1dc5661c5fdc8,True,location-k4-fold2-seed0,2
seasonal,CoPy_R,14,SS_vs_persistence,-0.019919930044081324,1286610,46c1dc5661c5fdc8,True,location-k4-fold2-seed0,2
seasonal,CoPy_R,14,SS_vs_seasonal,7.835954107804355e-12,1286610,46c1dc5661c5fdc8,True,location-k4-fold2-seed0,2
seasonal,CoPy_R,14,SS_vs_ar,-0.8745653813888734,1286610,46c1dc5661c5fdc8,True,location-k4-fold2-seed0,2
seasonal,CoPy_R,15,MSE,0.12816439663634174,1286610,46c1dc5661c5fdc8,True,location-k4-fold2-seed0,2
seasonal,CoPy_R,15,MAE,0.25327028523338513,1286610,46c1dc5661c5fdc8,True,location-k4-fold2-seed0,2
seasonal,CoPy_R,15,SS_vs_persistence,0.03162229643704406,1286610,46c1dc5661c5fdc8,True,location-k4-fold2-seed0,2
seasonal,CoPy_R,15,SS_vs_seasonal,7.802536394763138e-12,1286610,46c1dc5661c5fdc8,True,location-k4-fold2-seed0,2
seasonal,CoPy_R,15,SS_vs_ar,-0.8720394089861809,1286610,46c1dc5661c5fdc8,True,location-k4-fold2-seed0,2
seasonal,CoPy_R,16,MSE,0.12819479826496102,1286610,46c1dc5661c5fdc8,True,location-k4-fold2-seed0,2
seasonal,CoPy_R,16,MAE,0.2533548296783347,1286610,46c1dc5661c5fdc8,True,location-k4-fold2-seed0,2
seasonal,CoPy_R,16,SS_vs_persistence,0.056597042210761894,1286610,46c1dc5661c5fdc8,True,location-k4-fold2-seed0,2
seasonal,CoPy_R,16,SS_vs_seasonal,7.800649015621275e-12,1286610,46c1dc5661c5fdc8,True,location-k4-fold2-seed0,2
seasonal,CoPy_R,16,SS_vs_ar,-0.8699871732969955,1286610,46c1dc5661c5fdc8,True,location-k4-fold2-seed0,2
seasonal,CoPy_R,17,MSE,0.1281929494888601,1286610,46c1dc5661c5fdc8,True,location-k4-fold2-seed0,2
seasonal,CoPy_R,17,MAE,0.25299612277236505,1286610,46c1dc5661c5fdc8,True,location-k4-fold2-seed0,2
seasonal,CoPy_R,17,SS_vs_persistence,0.035275435737651795,1286610,46c1dc5661c5fdc8,True,location-k4-fold2-seed0,2
seasonal,CoPy_R,17,SS_vs_seasonal,7.800760037923737e-12,1286610,46c1dc5661c5fdc8,True,location-k4-fold2-seed0,2
seasonal,CoPy_R,17,SS_vs_ar,-0.8743529622605499,1286610,46c1dc5661c5fdc8,True,location-k4-fold2-seed0,2
seasonal,CoPy_R,18,MSE,0.1275885703999028,1286610,46c1dc5661c5fdc8,True,location-k4-fold2-seed0,2
seasonal,CoPy_R,18,MAE,0.25238571374272145,1286610,46c1dc5661c5fdc8,True,location-k4-fold2-seed0,2
seasonal,CoPy_R,18,SS_vs_persistence,-0.002390844350845356,1286610,46c1dc5661c5fdc8,True,location-k4-fold2-seed0,2
seasonal,CoPy_R,18,SS_vs_seasonal,7.837730464643755e-12,1286610,46c1dc5661c5fdc8,True,location-k4-fold2-seed0,2
seasonal,CoPy_R,18,SS_vs_ar,-0.867431456429304,1286610,46c1dc5661c5fdc8,True,location-k4-fold2-seed0,2
seasonal,CoPy_R,19,MSE,0.13205116990414248,1286610,46c1dc5661c5fdc8,True,location-k4-fold2-seed0,2
seasonal,CoPy_R,19,MAE,0.25816315400036244,1286610,46c1dc5661c5fdc8,True,location-k4-fold2-seed0,2
seasonal,CoPy_R,19,SS_vs_persistence,-0.023470151418478302,1286610,46c1dc5661c5fdc8,True,location-k4-fold2-seed0,2
seasonal,CoPy_R,19,SS_vs_seasonal,7.572831250968193e-12,1286610,46c1dc5661c5fdc8,True,location-k4-fold2-seed0,2
seasonal,CoPy_R,19,SS_vs_ar,-0.9284329120049333,1286610,46c1dc5661c5fdc8,True,location-k4-fold2-seed0,2
seasonal,CoPy_R,20,MSE,0.13254874485132506,1286610,46c1dc5661c5fdc8,True,location-k4-fold2-seed0,2
seasonal,CoPy_R,20,MAE,0.2587018289423739,1286610,46c1dc5661c5fdc8,True,location-k4-fold2-seed0,2
seasonal,CoPy_R,20,SS_vs_persistence,0.02977682035224427,1286610,46c1dc5661c5fdc8,True,location-k4-fold2-seed0,2
seasonal,CoPy_R,20,SS_vs_seasonal,7.544409541537789e-12,1286610,46c1dc5661c5fdc8,True,location-k4-fold2-seed0,2
seasonal,CoPy_R,20,SS_vs_ar,-0.9301919725384817,1286610,46c1dc5661c5fdc8,True,location-k4-fold2-seed0,2
seasonal,CoPy_R,21,MSE,0.13148711791825587,1286610,46c1dc5661c5fdc8,True,location-k4-fold2-seed0,2
seasonal,CoPy_R,21,MAE,0.2578471380062605,1286610,46c1dc5661c5fdc8,True,location-k4-fold2-seed0,2
seasonal,CoPy_R,21,SS_vs_persistence,0.050296589952107396,1286610,46c1dc5661c5fdc8,True,location-k4-fold2-seed0,2
seasonal,CoPy_R,21,SS_vs_seasonal,7.60536078558971e-12,1286610,46c1dc5661c5fdc8,True,location-k4-fold2-seed0,2
seasonal,CoPy_R,21,SS_vs_ar,-0.9171535390987051,1286610,46c1dc5661c5fdc8,True,location-k4-fold2-seed0,2
seasonal,CoPy_R,22,MSE,0.13216857756684852,1286610,46c1dc5661c5fdc8,True,location-k4-fold2-seed0,2
seasonal,CoPy_R,22,MAE,0.2582335691340245,1286610,46c1dc5661c5fdc8,True,location-k4-fold2-seed0,2
seasonal,CoPy_R,22,SS_vs_persistence,0.01767090498166779,1286610,46c1dc5661c5fdc8,True,location-k4-fold2-seed0,2
seasonal,CoPy_R,22,SS_vs_seasonal,7.566169912820442e-12,1286610,46c1dc5661c5fdc8,True,location-k4-fold2-seed0,2
seasonal,CoPy_R,22,SS_vs_ar,-0.9363750666988511,1286610,46c1dc5661c5fdc8,True,location-k4-fold2-seed0,2
seasonal,CoPy_R,23,MSE,0.13118750452995168,1286610,46c1dc5661c5fdc8,True,location-k4-fold2-seed0,2
seasonal,CoPy_R,23,MAE,0.25717992455449407,1286610,46c1dc5661c5fdc8,True,location-k4-fold2-seed0,2
seasonal,CoPy_R,23,SS_vs_persistence,-0.014313133350986273,1286610,46c1dc5661c5fdc8,True,location-k4-fold2-seed0,2
seasonal,CoPy_R,23,SS_vs_seasonal,7.622680264773862e-12,1286610,46c1dc5661c5fdc8,True,location-k4-fold2-seed0,2
seasonal,CoPy_R,23,SS_vs_ar,-0.9259538553685152,1286610,46c1dc5661c5fdc8,True,location-k4-fold2-seed0,2
seasonal,CoPy_R,24,MSE,0.1313081686811328,1286610,46c1dc5661c5fdc8,True,location-k4-fold2-seed0,2
seasonal,CoPy_R,24,MAE,0.2574473076968551,1286610,46c1dc5661c5fdc8,True,location-k4-fold2-seed0,2
seasonal,CoPy_R,24,SS_vs_persistence,-0.0036719994106646503,1286610,46c1dc5661c5fdc8,True,location-k4-fold2-seed0,2
seasonal,CoPy_R,24,SS_vs_seasonal,7.615685859718724e-12,1286610,46c1dc5661c5fdc8,True,location-k4-fold2-seed0,2
seasonal,CoPy_R,24,SS_vs_ar,-0.9237310299204711,1286610,46c1dc5661c5fdc8,True,location-k4-fold2-seed0,2
seasonal,CoPy_R,25,MSE,0.13111989854247666,1286610,46c1dc5661c5fdc8,True,location-k4-fold2-seed0,2
seasonal,CoPy_R,25,MAE,0.25729411248635536,1286610,46c1dc5661c5fdc8,True,location-k4-fold2-seed0,2
seasonal,CoPy_R,25,SS_vs_persistence,0.003443213807783785,1286610,46c1dc5661c5fdc8,True,location-k4-fold2-seed0,2
seasonal,CoPy_R,25,SS_vs_seasonal,7.626677067662513e-12,1286610,46c1dc5661c5fdc8,True,location-k4-fold2-seed0,2
seasonal,CoPy_R,25,SS_vs_ar,-0.9236260061208819,1286610,46c1dc5661c5fdc8,True,location-k4-fold2-seed0,2
seasonal,CoPy_R,26,MSE,0.13101792531099876,1286610,46c1dc5661c5fdc8,True,location-k4-fold2-seed0,2
seasonal,CoPy_R,26,MAE,0.25715101786412764,1286610,46c1dc5661c5fdc8,True,location-k4-fold2-seed0,2
seasonal,CoPy_R,26,SS_vs_persistence,-0.0032309375921666383,1286610,46c1dc5661c5fdc8,True,location-k4-fold2-seed0,2
seasonal,CoPy_R,26,SS_vs_seasonal,7.632561249693026e-12,1286610,46c1dc5661c5fdc8,True,location-k4-fold2-seed0,2
seasonal,CoPy_R,26,SS_vs_ar,-0.9226097134556217,1286610,46c1dc5661c5fdc8,True,location-k4-fold2-seed0,2
seasonal,CoPy_R,27,MSE,0.13099062705959735,1286610,46c1dc5661c5fdc8,True,location-k4-fold2-seed0,2
seasonal,CoPy_R,27,MAE,0.2569833049128542,1286610,46c1dc5661c5fdc8,True,location-k4-fold2-seed0,2
seasonal,CoPy_R,27,SS_vs_persistence,-0.0019118589296680533,1286610,46c1dc5661c5fdc8,True,location-k4-fold2-seed0,2
seasonal,CoPy_R,27,SS_vs_seasonal,7.634226584229964e-12,1286610,46c1dc5661c5fdc8,True,location-k4-fold2-seed0,2
seasonal,CoPy_R,27,SS_vs_ar,-0.92266001833724,1286610,46c1dc5661c5fdc8,True,location-k4-fold2-seed0,2
seasonal,CoPy_R,28,MSE,0.12854819676521123,1286610,46c1dc5661c5fdc8,True,location-k4-fold2-seed0,2
seasonal,CoPy_R,28,MAE,0.25291329570437876,1286610,46c1dc5661c5fdc8,True,location-k4-fold2-seed0,2
seasonal,CoPy_R,28,SS_vs_persistence,0.03904292959149158,1286610,46c1dc5661c5fdc8,True,location-k4-fold2-seed0,2
seasonal,CoPy_R,28,SS_vs_seasonal,7.77922171124601e-12,1286610,46c1dc5661c5fdc8,True,location-k4-fold2-seed0,2
seasonal,CoPy_R,28,SS_vs_ar,-0.8817835993287919,1286610,46c1dc5661c5fdc8,True,location-k4-fold2-seed0,2
seasonal,CoPy_R,29,MSE,0.12861513535282007,1286610,46c1dc5661c5fdc8,True,location-k4-fold2-seed0,2
seasonal,CoPy_R,29,MAE,0.253189274526254,1286610,46c1dc5661c5fdc8,True,location-k4-fold2-seed0,2
seasonal,CoPy_R,29,SS_vs_persistence,0.05612797103750822,1286610,46c1dc5661c5fdc8,True,location-k4-fold2-seed0,2
seasonal,CoPy_R,29,SS_vs_seasonal,7.775224908357359e-12,1286610,46c1dc5661c5fdc8,True,location-k4-fold2-seed0,2
seasonal,CoPy_R,29,SS_vs_ar,-0.8831290301724106,1286610,46c1dc5661c5fdc8,True,location-k4-fold2-seed0,2
seasonal,CoPy_R,30,MSE,0.12888474464389307,1286610,46c1dc5661c5fdc8,True,location-k4-fold2-seed0,2
seasonal,CoPy_R,30,MAE,0.25360159953188494,1286610,46c1dc5661c5fdc8,True,location-k4-fold2-seed0,2
seasonal,CoPy_R,30,SS_vs_persistence,0.041877679180516436,1286610,46c1dc5661c5fdc8,True,location-k4-fold2-seed0,2
seasonal,CoPy_R,30,SS_vs_seasonal,7.758904629895369e-12,1286610,46c1dc5661c5fdc8,True,location-k4-fold2-seed0,2
seasonal,CoPy_R,30,SS_vs_ar,-0.887378487605555,1286610,46c1dc5661c5fdc8,True,location-k4-fold2-seed0,2
seasonal,CoPy_R,all,MSE,0.12908343222604637,1286610,46c1dc5661c5fdc8,True,location-k4-fold2-seed0,2
seasonal,CoPy_R,all,MAE,0.2538784975732728,1286610,46c1dc5661c5fdc8,True,location-k4-fold2-seed0,2
seasonal,CoPy_R,all,SS_vs_persistence,0.013048829658013794,1286610,46c1dc5661c5fdc8,True,location-k4-fold2-seed0,2
seasonal,CoPy_R,all,SS_vs_seasonal,7.74702524353188e-12,1286610,46c1dc5661c5fdc8,True,location-k4-fold2-seed0,2
seasonal,CoPy_R,all,SS_vs_ar,-0.8974517133763926,1286610,46c1dc5661c5fdc8,True,location-k4-fold2-seed0,2
ar,F_R,1,MSE,87145.06339402401,1286610,46c1dc5661c5fdc8,True,location-k4-fold2-seed0,2
ar,F_R,1,MAE,179.02727872634776,1286610,46c1dc5661c5fdc8,True,location-k4-fold2-seed0,2
ar,F_R,1,SS_vs_persistence,0.22052879445814255,1286610,46c1dc5661c5fdc8,True,location-k4-fold2-seed0,2
ar,F_R,1,SS_vs_seasonal,0.38361250769224964,1286610,46c1dc5661c5fdc8,True,location-k4-fold2-seed0,2
ar,F_R,1,SS_vs_ar,0.0,1286610,46c1dc5661c5fdc8,True,location-k4-fold2-seed0,2
ar,F_R,2,MSE,98662.46274846252,1286610,46c1dc5661c5fdc8,True,location-k4-fold2-seed0,2
ar,F_R,2,MAE,190.72339431324613,1286610,46c1dc5661c5fdc8,True,location-k4-fold2-seed0,2
ar,F_R,2,SS_vs_persistence,0.247001595738787,1286610,46c1dc5661c5fdc8,True,location-k4-fold2-seed0,2
ar,F_R,2,SS_vs_seasonal,0.3144519951806438,1286610,46c1dc5661c5fdc8,True,location-k4-fold2-seed0,2
ar,F_R,2,SS_vs_ar,0.0,1286610,46c1dc5661c5fdc8,True,location-k4-fold2-seed0,2
ar,F_R,3,MSE,104384.79526449282,1286610,46c1dc5661c5fdc8,True,location-k4-fold2-seed0,2
ar,F_R,3,MAE,196.88246555494663,1286610,46c1dc5661c5fdc8,True,location-k4-fold2-seed0,2
ar,F_R,3,SS_vs_persistence,0.24215708908002576,1286610,46c1dc5661c5fdc8,True,location-k4-fold2-seed0,2
ar,F_R,3,SS_vs_seasonal,0.2953957426551599,1286610,46c1dc5661c5fdc8,True,location-k4-fold2-seed0,2
ar,F_R,3,SS_vs_ar,0.0,1286610,46c1dc5661c5fdc8,True,location-k4-fold2-seed0,2
ar,F_R,4,MSE,108141.09059070273,1286610,46c1dc5661c5fdc8,True,location-k4-fold2-seed0,2
ar,F_R,4,MAE,201.53098985968265,1286610,46c1dc5661c5fdc8,True,location-k4-fold2-seed0,2
ar,F_R,4,SS_vs_persistence,0.21678436377150667,1286610,46c1dc5661c5fdc8,True,location-k4-fold2-seed0,2
ar,F_R,4,SS_vs_seasonal,0.2883031744933753,1286610,46c1dc5661c5fdc8,True,location-k4-fold2-seed0,2
ar,F_R,4,SS_vs_ar,0.0,1286610,46c1dc5661c5fdc8,True,location-k4-fold2-seed0,2
ar,F_R,5,MSE,111637.20971426956,1286610,46c1dc5661c5fdc8,True,location-k4-fold2-seed0,2
ar,F_R,5,MAE,207.05216201661864,1286610,46c1dc5661c5fdc8,True,location-k4-fold2-seed0,2
ar,F_R,5,SS_vs_persistence,0.2222276198316553,1286610,46c1dc5661c5fdc8,True,location-k4-fold2-seed0,2
ar,F_R,5,SS_vs_seasonal,0.26570946978094145,1286610,46c1dc5661c5fdc8,True,location-k4-fold2-seed0,2
ar,F_R,5,SS_vs_ar,0.0,1286610,46c1dc5661c5fdc8,True,location-k4-fold2-seed0,2
ar,F_R,6,MSE,114199.93542359651,1286610,46c1dc5661c5fdc8,True,location-k4-fold2-seed0,2
ar,F_R,6,MAE,209.66855570091258,1286610,46c1dc5661c5fdc8,True,location-k4-fold2-seed0,2
ar,F_R,6,SS_vs_persistence,0.18524587035684748,1286610,46c1dc5661c5fdc8,True,location-k4-fold2-seed0,2
ar,F_R,6,SS_vs_seasonal,0.24285977130606218,1286610,46c1dc5661c5fdc8,True,location-k4-fold2-seed0,2
ar,F_R,6,SS_vs_ar,0.0,1286610,46c1dc5661c5fdc8,True,location-k4-fold2-seed0,2
ar,F_R,7,MSE,118586.41859343305,1286610,46c1dc5661c5fdc8,True,location-k4-fold2-seed0,2
ar,F_R,7,MAE,214.42543679851244,1286610,46c1dc5661c5fdc8,True,location-k4-fold2-seed0,2
ar,F_R,7,SS_vs_persistence,0.1787523602755039,1286610,46c1dc5661c5fdc8,True,location-k4-fold2-seed0,2
ar,F_R,7,SS_vs_seasonal,0.22443472346160498,1286610,46c1dc5661c5fdc8,True,location-k4-fold2-seed0,2
ar,F_R,7,SS_vs_ar,0.0,1286610,46c1dc5661c5fdc8,True,location-k4-fold2-seed0,2
ar,F_R,8,MSE,121939.43082818623,1286610,46c1dc5661c5fdc8,True,location-k4-fold2-seed0,2
ar,F_R,8,MAE,217.37607931215703,1286610,46c1dc5661c5fdc8,True,location-k4-fold2-seed0,2
ar,F_R,8,SS_vs_persistence,0.17867418698111448,1286610,46c1dc5661c5fdc8,True,location-k4-fold2-seed0,2
ar,F_R,8,SS_vs_seasonal,0.19723702543266042,1286610,46c1dc5661c5fdc8,True,location-k4-fold2-seed0,2
ar,F_R,8,SS_vs_ar,0.0,1286610,46c1dc5661c5fdc8,True,location-k4-fold2-seed0,2
ar,F_R,9,MSE,123912.14313573168,1286610,46c1dc5661c5fdc8,True,location-k4-fold2-seed0,2
ar,F_R,9,MAE,220.19167672175078,1286610,46c1dc5661c5fdc8,True,location-k4-fold2-seed0,2
ar,F_R,9,SS_vs_persistence,0.1615611713401326,1286610,46c1dc5661c5fdc8,True,location-k4-fold2-seed0,2
ar,F_R,9,SS_vs_seasonal,0.16446984827010258,1286610,46c1dc5661c5fdc8,True,location-k4-fold2-seed0,2
ar,F_R,9,SS_vs_ar,0.0,1286610,46c1dc5661c5fdc8,True,location-k4-fold2-seed0,2
ar,F_R,10,MSE,126832.97727384591,1286610,46c1dc5661c5fdc8,True,location-k4-fold2-seed0,2
ar,F_R,10,MAE,223.49569519954701,1286610,46c1dc5661c5fdc8,True,location-k4-fold2-seed0,2
ar,F_R,10,SS_vs_persistence,0.14702870550992397,1286610,46c1dc5661c5fdc8,True,location-k4-fold2-seed0,2
ar,F_R,10,SS_vs_seasonal,0.16858966472983028,1286610,46c1dc5661c5fdc8,True,location-k4-fold2-seed0,2
ar,F_R,10,SS_vs_ar,0.0,1286610,46c1dc5661c5fdc8,True,location-k4-fold2-seed0,2
ar,F_R,11,MSE,130265.7028863633,1286610,46c1dc5661c5fdc8,True,location-k4-fold2-seed0,2
ar,F_R,11,MAE,227.10471103203855,1286610,46c1dc5661c5fdc8,True,location-k4-fold2-seed0,2
ar,F_R,11,SS_vs_persistence,0.14671546056695928,1286610,46c1dc5661c5fdc8,True,location-k4-fold2-seed0,2
ar,F_R,11,SS_vs_seasonal,0.1630914746170974,1286610,46c1dc5661c5fdc8,True,location-k4-fold2-seed0,2
ar,F_R,11,SS_vs_ar,0.0,1286610,46c1dc5661c5fdc8,True,location-k4-fold2-seed0,2
ar,F_R,12,MSE,132183.49259891847,1286610,46c1dc5661c5fdc8,True,location-k4-fold2-seed0,2
ar,F_R,12,MAE,228.88889580259755,1286610,46c1dc5661c5fdc8,True,location-k4-fold2-seed0,2
ar,F_R,12,SS_vs_persistence,0.14109044722907127,1286610,46c1dc5661c5fdc8,True,location-k4-fold2-seed0,2
ar,F_R,12,SS_vs_seasonal,0.16407414566427558,1286610,46c1dc5661c5fdc8,True,location-k4-fold2-seed0,2
ar,F_R,12,SS_vs_ar,0.0,1286610,46c1dc5661c5fdc8,True,location-k4-fold2-seed0,2
ar,F_R,13,MSE,134283.8889214582,1286610,46c1dc5661c5fdc8,True,location-k4-fold2-seed0,2
ar,F_R,13,MAE,230.4628248092067,1286610,46c1dc5661c5fdc8,True,location-k4-fold2-seed0,2
ar,F_R,13,SS_vs_persistence,0.13671002592562953,1286610,46c1dc5661c5fdc8,True,location-k4-fold2-seed0,2
ar,F_R,13,SS_vs_seasonal,0.16315651008526943,1286610,46c1dc5661c5fdc8,True,location-k4-fold2-seed0,2
ar,F_R,13,SS_vs_ar,0.0,1286610,46c1dc5661c5fdc8,True,location-k4-fold2-seed0,2
ar,F_R,14,MSE,136634.92857964663,1286610,46c1dc5661c5fdc8,True,location-k4-fold2-seed0,2
ar,F_R,14,MAE,232.41472415912344,1286610,46c1dc5661c5fdc8,True,location-k4-fold2-seed0,2
ar,F_R,14,SS_vs_persistence,0.13426558743559702,1286610,46c1dc5661c5fdc8,True,location-k4-fold2-seed0,2
ar,F_R,14,SS_vs_seasonal,0.15083618989149705,1286610,46c1dc5661c5fdc8,True,location-k4-fold2-seed0,2
ar,F_R,14,SS_vs_ar,0.0,1286610,46c1dc5661c5fdc8,True,location-k4-fold2-seed0,2
ar,F_R,15,MSE,138976.10501985502,1286610,46c1dc5661c5fdc8,True,location-k4-fold2-seed0,2
ar,F_R,15,MAE,234.81146296566078,1286610,46c1dc5661c5fdc8,True,location-k4-fold2-seed0,2
ar,F_R,15,SS_vs_persistence,0.13446377629734818,1286610,46c1dc5661c5fdc8,True,location-k4-fold2-seed0,2
ar,F_R,15,SS_vs_seasonal,0.1393982092428223,1286610,46c1dc5661c5fdc8,True,location-k4-fold2-seed0,2
ar,F_R,15,SS_vs_ar,0.0,1286610,46c1dc5661c5fdc8,True,location-k4-fold2-seed0,2
ar,F_R,16,MSE,146327.50848235865,1286610,46c1dc5661c5fdc8,True,location-k4-fold2-seed0,2
ar,F_R,16,MAE,238.76782676364581,1286610,46c1dc5661c5fdc8,True,location-k4-fold2-seed0,2
ar,F_R,16,SS_vs_persistence,0.11444503360727032,1286610,46c1dc5661c5fdc8,True,location-k4-fold2-seed0,2
ar,F_R,16,SS_vs_seasonal,0.12322728583534792,1286610,46c1dc5661c5fdc8,True,location-k4-fold2-seed0,2
ar,F_R,16,SS_vs_ar,0.0,1286610,46c1dc5661c5fdc8,True,location-k4-fold2-seed0,2
ar,F_R,17,MSE,148007.63517341574,1286610,46c1dc5661c5fdc8,True,location-k4-fold2-seed0,2
ar,F_R,17,MAE,240.70588161110817,1286610,46c1dc5661c5fdc8,True,location-k4-fold2-seed0,2
ar,F_R,17,SS_vs_persistence,0.10003831135088948,1286610,46c1dc5661c5fdc8,True,location-k4-fold2-seed0,2
ar,F_R,17,SS_vs_seasonal,0.1162341270780185,1286610,46c1dc5661c5fdc8,True,location-k4-fold2-seed0,2
ar,F_R,17,SS_vs_ar,0.0,1286610,46c1dc5661c5fdc8,True,location-k4-fold2-seed0,2
ar,F_R,18,MSE,152346.86347428593,1286610,46c1dc5661c5fdc8,True,location-k4-fold2-seed0,2
ar,F_R,18,MAE,243.35826795856048,1286610,46c1dc5661c5fdc8,True,location-k4-fold2-seed0,2
ar,F_R,18,SS_vs_persistence,0.07886777286620472,1286610,46c1dc5661c5fdc8,True,location-k4-fold2-seed0,2
ar,F_R,18,SS_vs_seasonal,0.08589568407718562,1286610,46c1dc5661c5fdc8,True,location-k4-fold2-seed0,2
ar,F_R,18,SS_vs_ar,0.0,1286610,46c1dc5661c5fdc8,True,location-k4-fold2-seed0,2
ar,F_R,19,MSE,154408.29927491618,1286610,46c1dc5661c5fdc8,True,location-k4-fold2-seed0,2
ar,F_R,19,MAE,245.24080523366396,1286610,46c1dc5661c5fdc8,True,location-k4-fold2-seed0,2
ar,F_R,19,SS_vs_persistence,0.0758035330891107,1286610,46c1dc5661c5fdc8,True,location-k4-fold2-seed0,2
ar,F_R,19,SS_vs_seasonal,0.10501335486944219,1286610,46c1dc5661c5fdc8,True,location-k4-fold2-seed0,2
ar,F_R,19,SS_vs_ar,0.0,1286610,46c1dc5661c5fdc8,True,location-k4-fold2-seed0,2
ar,F_R,20,MSE,155968.16718039176,1286610,46c1dc5661c5fdc8,True,location-k4-fold2-seed0,2
ar,F_R,20,MAE,246.19985717516064,1286610,46c1dc5661c5fdc8,True,location-k4-fold2-seed0,2
ar,F_R,20,SS_vs_persistence,0.08943031445120742,1286610,46c1dc5661c5fdc8,True,location-k4-fold2-seed0,2
ar,F_R,20,SS_vs_seasonal,0.09875161944993105,1286610,46c1dc5661c5fdc8,True,location-k4-fold2-seed0,2
ar,F_R,20,SS_vs_ar,0.0,1286610,46c1dc5661c5fdc8,True,location-k4-fold2-seed0,2
ar,F_R,21,MSE,156951.49610392746,1286610,46c1dc5661c5fdc8,True,location-k4-fold2-seed0,2
ar,F_R,21,MAE,246.96038050323665,1286610,46c1dc5661c5fdc8,True,location-k4-fold2-seed0,2
ar,F_R,21,SS_vs_persistence,0.08278756018730982,1286610,46c1dc5661c5fdc8,True,location-k4-fold2-seed0,2
ar,F_R,21,SS_vs_seasonal,0.1010669281416644,1286610,46c1dc5661c5fdc8,True,location-k4-fold2-seed0,2
ar,F_R,21,SS_vs_ar,0.0,1286610,46c1dc5661c5fdc8,True,location-k4-fold2-seed0,2
ar,F_R,22,MSE,158627.37087315074,1286610,46c1dc5661c5fdc8,True,location-k4-fold2-seed0,2
ar,F_R,22,MAE,248.11394521636745,1286610,46c1dc5661c5fdc8,True,location-k4-fold2-seed0,2
ar,F_R,22,SS_vs_persistence,0.05471929102955042,1286610,46c1dc5661c5fdc8,True,location-k4-fold2-seed0,2
ar,F_R,22,SS_vs_seasonal,0.09955301383217896,1286610,46c1dc5661c5fdc8,True,location-k4-fold2-seed0,2
ar,F_R,22,SS_vs_ar,0.0,1286610,46c1dc5661c5fdc8,True,location-k4-fold2-seed0,2
ar,F_R,23,MSE,159959.1726009402,1286610,46c1dc5661c5fdc8,True,location-k4-fold2-seed0,2
ar,F_R,23,MAE,249.24431568893743,1286610,46c1dc5661c5fdc8,True,location-k4-fold2-seed0,2
ar,F_R,23,SS_vs_persistence,0.052668105225978756,1286610,46c1dc5661c5fdc8,True,location-k4-fold2-seed0,2
ar,F_R,23,SS_vs_seasonal,0.1056864377857969,1286610,46c1dc5661c5fdc8,True,location-k4-fold2-seed0,2
ar,F_R,23,SS_vs_ar,0.0,1286610,46c1dc5661c5fdc8,True,location-k4-fold2-seed0,2
ar,F_R,24,MSE,159823.93089348215,1286610,46c1dc5661c5fdc8,True,location-k4-fold2-seed0,2
ar,F_R,24,MAE,250.44393076953574,1286610,46c1dc5661c5fdc8,True,location-k4-fold2-seed0,2
ar,F_R,24,SS_vs_persistence,0.030651423430990365,1286610,46c1dc5661c5fdc8,True,location-k4-fold2-seed0,2
ar,F_R,24,SS_vs_seasonal,0.09502613593248899,1286610,46c1dc5661c5fdc8,True,location-k4-fold2-seed0,2
ar,F_R,24,SS_vs_ar,0.0,1286610,46c1dc5661c5fdc8,True,location-k4-fold2-seed0,2
ar,F_R,25,MSE,159100.4048645573,1286610,46c1dc5661c5fdc8,True,location-k4-fold2-seed0,2
ar,F_R,25,MAE,251.00189709415992,1286610,46c1dc5661c5fdc8,True,location-k4-fold2-seed0,2
ar,F_R,25,SS_vs_persistence,0.025859286342371224,1286610,46c1dc5661c5fdc8,True,location-k4-fold2-seed0,2
ar,F_R,25,SS_vs_seasonal,0.09022202255446554,1286610,46c1dc5661c5fdc8,True,location-k4-fold2-seed0,2
ar,F_R,25,SS_vs_ar,0.0,1286610,46c1dc5661c5fdc8,True,location-k4-fold2-seed0,2
ar,F_R,26,MSE,161191.4440836246,1286610,46c1dc5661c5fdc8,True,location-k4-fold2-seed0,2
ar,F_R,26,MAE,252.6408312501001,1286610,46c1dc5661c5fdc8,True,location-k4-fold2-seed0,2
ar,F_R,26,SS_vs_persistence,0.028095500396446926,1286610,46c1dc5661c5fdc8,True,location-k4-fold2-seed0,2
ar,F_R,26,SS_vs_seasonal,0.0800148251507532,1286610,46c1dc5661c5fdc8,True,location-k4-fold2-seed0,2
ar,F_R,26,SS_vs_ar,0.0,1286610,46c1dc5661c5fdc8,True,location-k4-fold2-seed0,2
ar,F_R,27,MSE,163092.68072056872,1286610,46c1dc5661c5fdc8,True,location-k4-fold2-seed0,2
ar,F_R,27,MAE,253.72405585702987,1286610,46c1dc5661c5fdc8,True,location-k4-fold2-seed0,2
ar,F_R,27,SS_vs_persistence,0.049697775886992535,1286610,46c1dc5661c5fdc8,True,location-k4-fold2-seed0,2
ar,F_R,27,SS_vs_seasonal,0.05682245428307009,1286610,46c1dc5661c5fdc8,True,location-k4-fold2-seed0,2
ar,F_R,27,SS_vs_ar,0.0,1286610,46c1dc5661c5fdc8,True,location-k4-fold2-seed0,2
ar,F_R,28,MSE,164624.05957418642,1286610,46c1dc5661c5fdc8,True,location-k4-fold2-seed0,2
ar,F_R,28,MAE,254.4441105027911,1286610,46c1dc5661c5fdc8,True,location-k4-fold2-seed0,2
ar,F_R,28,SS_vs_persistence,0.03033213995982298,1286610,46c1dc5661c5fdc8,True,location-k4-fold2-seed0,2
ar,F_R,28,SS_vs_seasonal,0.048697128528250255,1286610,46c1dc5661c5fdc8,True,location-k4-fold2-seed0,2
ar,F_R,28,SS_vs_ar,0.0,1286610,46c1dc5661c5fdc8,True,location-k4-fold2-seed0,2
ar,F_R,29,MSE,166030.18984585843,1286610,46c1dc5661c5fdc8,True,location-k4-fold2-seed0,2
ar,F_R,29,MAE,256.13004560018953,1286610,46c1dc5661c5fdc8,True,location-k4-fold2-seed0,2
ar,F_R,29,SS_vs_persistence,0.025040157856222822,1286610,46c1dc5661c5fdc8,True,location-k4-fold2-seed0,2
ar,F_R,29,SS_vs_seasonal,0.03993759471166869,1286610,46c1dc5661c5fdc8,True,location-k4-fold2-seed0,2
ar,F_R,29,SS_vs_ar,0.0,1286610,46c1dc5661c5fdc8,True,location-k4-fold2-seed0,2
ar,F_R,30,MSE,167625.2883637664,1286610,46c1dc5661c5fdc8,True,location-k4-fold2-seed0,2
ar,F_R,30,MAE,257.97521469650434,1286610,46c1dc5661c5fdc8,True,location-k4-fold2-seed0,2
ar,F_R,30,SS_vs_persistence,0.009253443245508475,1286610,46c1dc5661c5fdc8,True,location-k4-fold2-seed0,2
ar,F_R,30,SS_vs_seasonal,0.03250996906664638,1286610,46c1dc5661c5fdc8,True,location-k4-fold2-seed0,2
ar,F_R,30,SS_vs_ar,0.0,1286610,46c1dc5661c5fdc8,True,location-k4-fold2-seed0,2
ar,F_R,all,MSE,138729.00521607243,1286610,46c1dc5661c5fdc8,True,location-k4-fold2-seed0,2
ar,F_R,all,MAE,231.63359062977585,1286610,46c1dc5661c5fdc8,True,location-k4-fold2-seed0,2
ar,F_R,all,SS_vs_persistence,0.11229552336743198,1286610,46c1dc5661c5fdc8,True,location-k4-fold2-seed0,2
ar,F_R,all,SS_vs_seasonal,0.1481440735169106,1286610,46c1dc5661c5fdc8,True,location-k4-fold2-seed0,2
ar,F_R,all,SS_vs_ar,0.0,1286610,46c1dc5661c5fdc8,True,location-k4-fold2-seed0,2
ar,CoPx_R,1,MSE,0.11093842097316071,1286610,46c1dc5661c5fdc8,True,location-k4-fold2-seed0,2
ar,CoPx_R,1,MAE,0.2208396840174709,1286610,46c1dc5661c5fdc8,True,location-k4-fold2-seed0,2
ar,CoPx_R,1,SS_vs_persistence,0.4232884778065581,1286610,46c1dc5661c5fdc8,True,location-k4-fold2-seed0,2
ar,CoPx_R,1,SS_vs_seasonal,0.47048122857453956,1286610,46c1dc5661c5fdc8,True,location-k4-fold2-seed0,2
ar,CoPx_R,1,SS_vs_ar,9.014011759234108e-12,1286610,46c1dc5661c5fdc8,True,location-k4-fold2-seed0,2
ar,CoPx_R,2,MSE,0.11308638150311552,1286610,46c1dc5661c5fdc8,True,location-k4-fold2-seed0,2
ar,CoPx_R,2,MAE,0.2236959471350058,1286610,46c1dc5661c5fdc8,True,location-k4-fold2-seed0,2
ar,CoPx_R,2,SS_vs_persistence,0.4703732065827514,1286610,46c1dc5661c5fdc8,True,location-k4-fold2-seed0,2
ar,CoPx_R,2,SS_vs_seasonal,0.46580513828545,1286610,46c1dc5661c5fdc8,True,location-k4-fold2-seed0,2
ar,CoPx_R,2,SS_vs_ar,8.84281536883691e-12,1286610,46c1dc5661c5fdc8,True,location-k4-fold2-seed0,2
ar,CoPx_R,3,MSE,0.1129143879860723,1286610,46c1dc5661c5fdc8,True,location-k4-fold2-seed0,2
ar,CoPx_R,3,MAE,0.2238235776287853,1286610,46c1dc5661c5fdc8,True,location-k4-fold2-seed0,2
ar,CoPx_R,3,SS_vs_persistence,0.46260781514044336,1286610,46c1dc5661c5fdc8,True,location-k4-fold2-seed0,2
ar,CoPx_R,3,SS_vs_seasonal,0.4683095601566476,1286610,46c1dc5661c5fdc8,True,location-k4-fold2-seed0,2
ar,CoPx_R,3,SS_vs_ar,8.856360089737336e-12,1286610,46c1dc5661c5fdc8,True,location-k4-fold2-seed0,2
ar,CoPx_R,4,MSE,0.11267034802969049,1286610,46c1dc5661c5fdc8,True,location-k4-fold2-seed0,2
ar,CoPx_R,4,MAE,0.22452604268105464,1286610,46c1dc5661c5fdc8,True,location-k4-fold2-seed0,2
ar,CoPx_R,4,SS_vs_persistence,0.44664593942889164,1286610,46c1dc5661c5fdc8,True,location-k4-fold2-seed0,2
ar,CoPx_R,4,SS_vs_seasonal,0.4628780665970913,1286610,46c1dc5661c5fdc8,True,location-k4-fold2-seed0,2
ar,CoPx_R,4,SS_vs_ar,8.875455925760889e-12,1286610,46c1dc5661c5fdc8,True,location-k4-fold2-seed0,2
ar,CoPx_R,5,MSE,0.1132943513101016,1286610,46c1dc5661c5fdc8,True,location-k4-fold2-seed0,2
ar,CoPx_R,5,MAE,0.22572352651234373,1286610,46c1dc5661c5fdc8,True,location-k4-fold2-seed0,2
ar,CoPx_R,5,SS_vs_persistence,0.4601437729800669,1286610,46c1dc5661c5fdc8,True,location-k4-fold2-seed0,2
ar,CoPx_R,5,SS_vs_seasonal,0.46230147172166813,1286610,46c1dc5661c5fdc8,True,location-k4-fold2-seed0,2
ar,CoPx_R,5,SS_vs_ar,8.826606112677382e-12,1286610,46c1dc5661c5fdc8,True,location-k4-fold2-seed0,2
ar,CoPx_R,6,MSE,0.11349716558653221,1286610,46c1dc5661c5fdc8,True,location-k4-fold2-seed0,2
ar,CoPx_R,6,MAE,0.22622321465625694,1286610,46c1dc5661c5fdc8,True,location-k4-fold2-seed0,2
ar,CoPx_R,6,SS_vs_persistence,0.46462403666473584,1286610,46c1dc5661c5fdc8,True,location-k4-fold2-seed0,2
ar,CoPx_R,6,SS_vs_seasonal,0.4602982668876139,1286610,46c1dc5661c5fdc8,True,location-k4-fold2-seed0,2
ar,CoPx_R,6,SS_vs_ar,8.810840945727705e-12,1286610,46c1dc5661c5fdc8,True,location-k4-fold2-seed0,2
ar,CoPx_R,7,MSE,0.11375568761302222,1286610,46c1dc5661c5fdc8,True,location-k4-fold2-seed0,2
ar,CoPx_R,7,MAE,0.22682200052465487,1286610,46c1dc5661c5fdc8,True,location-k4-fold2-seed0,2
ar,CoPx_R,7,SS_vs_persistence,0.4655235288137025,1286610,46c1dc5661c5fdc8,True,location-k4-fold2-seed0,2
ar,CoPx_R,7,SS_vs_seasonal,0.4578446374794125,1286610,46c1dc5661c5fdc8,True,location-k4-fold2-seed0,2
ar,CoPx_R,7,SS_vs_ar,8.790856931284452e-12,1286610,46c1dc5661c5fdc8,True,location-k4-fold2-seed0,2
ar,CoPx_R,8,MSE,0.11407101098022587,1286610,46c1dc5661c5fdc8,True,location-k4-fold2-seed0,2
ar,CoPx_R,8,MAE,0.22712082543921794,1286610,46c1dc5661c5fdc8,True,location-k4-fold2-seed0,2
ar,CoPx_R,8,SS_vs_persistence,0.4476886383656846,1286610,46c1dc5661c5fdc8,True,location-k4-fold2-seed0,2
ar,CoPx_R,8,SS_vs_seasonal,0.45571750996351634,1286610,46c1dc5661c5fdc8,True,location-k4-fold2-seed0,2
ar,CoPx_R,8,SS_vs_ar,8.766543047045161e-12,1286610,46c1dc5661c5fdc8,True,location-k4-fold2-seed0,2
ar,CoPx_R,9,MSE,0.11472853027175517,1286610,46c1dc5661c5fdc8,True,location-k4-fold2-seed0,2
ar,CoPx_R,9,MAE,0.22800007214032048,1286610,46c1dc5661c5fdc8,True,location-k4-fold2-seed0,2
ar,CoPx_R,9,SS_vs_persistence,0.45232288793700415,1286610,46c1dc5661c5fdc8,True,location-k4-fold2-seed0,2
ar,CoPx_R,9,SS_vs_seasonal,0.45201205318315496,1286610,46c1dc5661c5fdc8,True,location-k4-fold2-seed0,2
ar,CoPx_R,9,SS_vs_ar,8.716249944029641e-12,1286610,46c1dc5661c5fdc8,True,location-k4-fold2-seed0,2
ar,CoPx_R,10,MSE,0.11529745326263885,1286610,46c1dc5661c5fdc8,True,location-k4-fold2-seed0,2
ar,CoPx_R,10,MAE,0.22890633162840376,1286610,46c1dc5661c5fdc8,True,location-k4-fold2-seed0,2
ar,CoPx_R,10,SS_vs_persistence,0.4509863400325309,1286610,46c1dc5661c5fdc8,True,location-k4-fold2-seed0,2
ar,CoPx_R,10,SS_vs_seasonal,0.45532907356009766,1286610,46c1dc5661c5fdc8,True,location-k4-fold2-seed0,2
ar,CoPx_R,10,SS_vs_ar,8.673284312976648e-12,1286610,46c1dc5661c5fdc8,True,location-k4-fold2-seed0,2
ar,CoPx_R,11,MSE,0.11585526837130619,1286610,46c1dc5661c5fdc8,True,location-k4-fold2-seed0,2
ar,CoPx_R,11,MAE,0.2297763347949393,1286610,46c1dc5661c5fdc8,True,location-k4-fold2-seed0,2
ar,CoPx_R,11,SS_vs_persistence,0.4722601901511456,1286610,46c1dc5661c5fdc8,True,location-k4-fold2-seed0,2
ar,CoPx_R,11,SS_vs_seasonal,0.45800617592196435,1286610,46c1dc5661c5fdc8,True,location-k4-fold2-seed0,2
ar,CoPx_R,11,SS_vs_ar,8.631539927250742e-12,1286610,46c1dc5661c5fdc8,True,location-k4-fold2-seed0,2
ar,CoPx_R,12,MSE,0.11549919011903194,1286610,46c1dc5661c5fdc8,True,location-k4-fold2-seed0,2
ar,CoPx_R,12,MAE,0.22966786518281881,1286610,46c1dc5661c5fdc8,True,location-k4-fold2-seed0,2
ar,CoPx_R,12,SS_vs_persistence,0.4813653376453617,1286610,46c1dc5661c5fdc8,True,location-k4-fold2-seed0,2
ar,CoPx_R,12,SS_vs_seasonal,0.45786910733259656,1286610,46c1dc5661c5fdc8,True,location-k4-fold2-seed0,2
ar,CoPx_R,12,SS_vs_ar,8.658074257539283e-12,1286610,46c1dc5661c5fdc8,True,location-k4-fold2-seed0,2
ar,CoPx_R,13,MSE,0.11572962137455702,1286610,46c1dc5661c5fdc8,True,location-k4-fold2-seed0,2
ar,CoPx_R,13,MAE,0.22974331910331022,1286610,46c1dc5661c5fdc8,True,location-k4-fold2-seed0,2
ar,CoPx_R,13,SS_vs_persistence,0.46515361159739643,1286610,46c1dc5661c5fdc8,True,location-k4-fold2-seed0,2
ar,CoPx_R,13,SS_vs_seasonal,0.45833174811671606,1286610,46c1dc5661c5fdc8,True,location-k4-fold2-seed0,2
ar,CoPx_R,13,SS_vs_ar,8.640865800657593e-12,1286610,46c1dc5661c5fdc8,True,location-k4-fold2-seed0,2
ar,CoPx_R,14,MSE,0.11562814381781404,1286610,46c1dc5661c5fdc8,True,location-k4-fold2-seed0,2
ar,CoPx_R,14,MAE,0.22994468196676837,1286610,46c1dc5661c5fdc8,True,location-k4-fold2-seed0,2
ar,CoPx_R,14,SS_vs_persistence,0.4446045404401341,1286610,46c1dc5661c5fdc8,True,location-k4-fold2-seed0,2
ar,CoPx_R,14,SS_vs_seasonal,0.45783483240459555,1286610,46c1dc5661c5fdc8,True,location-k4-fold2-seed0,2
ar,CoPx_R,14,SS_vs_ar,8.648415317225044e-12,1286610,46c1dc5661c5fdc8,True,location-k4-fold2-seed0,2
ar,CoPx_R,15,MSE,0.11603275800845966,1286610,46c1dc5661c5fdc8,True,location-k4-fold2-seed0,2
ar,CoPx_R,15,MAE,0.23080244525446975,1286610,46c1dc5661c5fdc8,True,location-k4-fold2-seed0,2
ar,CoPx_R,15,SS_vs_persistence,0.4673963187554262,1286610,46c1dc5661c5fdc8,True,location-k4-fold2-seed0,2
ar,CoPx_R,15,SS_vs_seasonal,0.4576404718958582,1286610,46c1dc5661c5fdc8,True,location-k4-fold2-seed0,2
ar,CoPx_R,15,SS_vs_ar,8.618328273257703e-12,1286610,46c1dc5661c5fdc8,True,location-k4-fold2-seed0,2
ar,CoPx_R,16,MSE,0.11561024503803784,1286610,46c1dc5661c5fdc8,True,location-k4-fold2-seed0,2
ar,CoPx_R,16,MAE,0.2305985773048086,1286610,46c1dc5661c5fdc8,True,location-k4-fold2-seed0,2
ar,CoPx_R,16,SS_vs_persistence,0.480822101181421,1286610,46c1dc5661c5fdc8,True,location-k4-fold2-seed0,2
ar,CoPx_R,16,SS_vs_seasonal,0.45693184427913336,1286610,46c1dc5661c5fdc8,True,location-k4-fold2-seed0,2
ar,CoPx_R,16,SS_vs_ar,8.649747584854595e-12,1286610,46c1dc5661c5fdc8,True,location-k4-fold2-seed0,2
ar,CoPx_R,17,MSE,0.11551664787194321,1286610,46c1dc5661c5fdc8,True,location-k4-fold2-seed0,2
ar,CoPx_R,17,MAE,0.23046727298040826,1286610,46c1dc5661c5fdc8,True,location-k4-fold2-seed0,2
ar,CoPx_R,17,SS_vs_persistence,0.4656833902444195,1286610,46c1dc5661c5fdc8,True,location-k4-fold2-seed0,2
ar,CoPx_R,17,SS_vs_seasonal,0.45670748884903034,1286610,46c1dc5661c5fdc8,True,location-k4-fold2-seed0,2
ar,CoPx_R,17,SS_vs_ar,8.656853012212196e-12,1286610,46c1dc5661c5fdc8,True,location-k4-fold2-seed0,2
ar,CoPx_R,18,MSE,0.11587260970331456,1286610,46c1dc5661c5fdc8,True,location-k4-fold2-seed0,2
ar,CoPx_R,18,MAE,0.23088542612407112,1286610,46c1dc5661c5fdc8,True,location-k4-fold2-seed0,2
ar,CoPx_R,18,SS_vs_persistence,0.4561677065775307,1286610,46c1dc5661c5fdc8,True,location-k4-fold2-seed0,2
ar,CoPx_R,18,SS_vs_seasonal,0.4558227470927374,1286610,46c1dc5661c5fdc8,True,location-k4-fold2-seed0,2
ar,CoPx_R,18,SS_vs_ar,8.630207659621192e-12,1286610,46c1dc5661c5fdc8,True,location-k4-fold2-seed0,2
ar,CoPx_R,19,MSE,0.11590896984606536,1286610,46c1dc5661c5fdc8,True,location-k4-fold2-seed0,2
ar,CoPx_R,19,MAE,0.23106644342540217,1286610,46c1dc5661c5fdc8,True,location-k4-fold2-seed0,2
ar,CoPx_R,19,SS_vs_persistence,0.4671547422264011,1286610,46c1dc5661c5fdc8,True,location-k4-fold2-seed0,2
ar,CoPx_R,19,SS_vs_seasonal,0.46606859255837507,1286610,46c1dc5661c5fdc8,True,location-k4-fold2-seed0,2
ar,CoPx_R,19,SS_vs_ar,8.627543124362091e-12,1286610,46c1dc5661c5fdc8,True,location-k4-fold2-seed0,2
ar,CoPx_R,20,MSE,0.11597902214921167,1286610,46c1dc5661c5fdc8,True,location-k4-fold2-seed0,2
ar,CoPx_R,20,MAE,0.23119530160685278,1286610,46c1dc5661c5fdc8,True,location-k4-fold2-seed0,2
ar,CoPx_R,20,SS_vs_persistence,0.4835366440863228,1286610,46c1dc5661c5fdc8,True,location-k4-fold2-seed0,2
ar,CoPx_R,20,SS_vs_seasonal,0.46558465813425287,1286610,46c1dc5661c5fdc8,True,location-k4-fold2-seed0,2
ar,CoPx_R,20,SS_vs_ar,8.622325076146353e-12,1286610,46c1dc5661c5fdc8,True,location-k4-fold2-seed0,2
ar,CoPx_R,21,MSE,0.11586470301548676,1286610,46c1dc5661c5fdc8,True,location-k4-fold2-seed0,2
ar,CoPx_R,21,MAE,0.23092320264285002,1286610,46c1dc5661c5fdc8,True,location-k4-fold2-seed0,2
ar,CoPx_R,21,SS_vs_persistence,0.4820292211544712,1286610,46c1dc5661c5fdc8,True,location-k4-fold2-seed0,2
ar,CoPx_R,21,SS_vs_seasonal,0.46481969232227294,1286610,46c1dc5661c5fdc8,True,location-k4-fold2-seed0,2
ar,CoPx_R,21,SS_vs_ar,8.630762771133504e-12,1286610,46c1dc5661c5fdc8,True,location-k4-fold2-seed0,2
ar,CoPx_R,22,MSE,0.11547063519028591,1286610,46c1dc5661c5fdc8,True,location-k4-fold2-seed0,2
ar,CoPx_R,22,MAE,0.23042873456551802,1286610,46c1dc5661c5fdc8,True,location-k4-fold2-seed0,2
ar,CoPx_R,22,SS_vs_persistence,0.46982732192027443,1286610,46c1dc5661c5fdc8,True,location-k4-fold2-seed0,2
ar,CoPx_R,22,SS_vs_seasonal,0.4664233299284799,1286610,46c1dc5661c5fdc8,True,location-k4-fold2-seed0,2
ar,CoPx_R,22,SS_vs_ar,8.660294703588534e-12,1286610,46c1dc5661c5fdc8,True,location-k4-fold2-seed0,2
ar,CoPx_R,23,MSE,0.11594457074249888,1286610,46c1dc5661c5fdc8,True,location-k4-fold2-seed0,2
ar,CoPx_R,23,MAE,0.23086581489238808,1286610,46c1dc5661c5fdc8,True,location-k4-fold2-seed0,2
ar,CoPx_R,23,SS_vs_persistence,0.46264378014918983,1286610,46c1dc5661c5fdc8,True,location-k4-fold2-seed0,2
ar,CoPx_R,23,SS_vs_seasonal,0.46458524460037076,1286610,46c1dc5661c5fdc8,True,location-k4-fold2-seed0,2
ar,CoPx_R,23,SS_vs_ar,8.624878589102991e-12,1286610,46c1dc5661c5fdc8,True,location-k4-fold2-seed0,2
ar,CoPx_R,24,MSE,0.11575385568434422,1286610,46c1dc5661c5fdc8,True,location-k4-fold2-seed0,2
ar,CoPx_R,24,MAE,0.23083172042383046,1286610,46c1dc5661c5fdc8,True,location-k4-fold2-seed0,2
ar,CoPx_R,24,SS_vs_persistence,0.463855397486144,1286610,46c1dc5661c5fdc8,True,location-k4-fold2-seed0,2
ar,CoPx_R,24,SS_vs_seasonal,0.46602620962737895,1286610,46c1dc5661c5fdc8,True,location-k4-fold2-seed0,2
ar,CoPx_R,24,SS_vs_ar,8.639089443818193e-12,1286610,46c1dc5661c5fdc8,True,location-k4-fold2-seed0,2
ar,CoPx_R,25,MSE,0.11573046275222035,1286610,46c1dc5661c5fdc8,True,location-k4-fold2-seed0,2
ar,CoPx_R,25,MAE,0.23093487160793913,1286610,46c1dc5661c5fdc8,True,location-k4-fold2-seed0,2
ar,CoPx_R,25,SS_vs_persistence,0.4709006597875962,1286610,46c1dc5661c5fdc8,True,location-k4-fold2-seed0,2
ar,CoPx_R,25,SS_vs_seasonal,0.46490013073042524,1286610,46c1dc5661c5fdc8,True,location-k4-fold2-seed0,2
ar,CoPx_R,25,SS_vs_ar,8.640865800657593e-12,1286610,46c1dc5661c5fdc8,True,location-k4-fold2-seed0,2
ar,CoPx_R,26,MSE,0.11560060955408848,1286610,46c1dc5661c5fdc8,True,location-k4-fold2-seed0,2
ar,CoPx_R,26,MAE,0.23100962361892738,1286610,46c1dc5661c5fdc8,True,location-k4-fold2-seed0,2
ar,CoPx_R,26,SS_vs_persistence,0.4778501104639682,1286610,46c1dc5661c5fdc8,True,location-k4-fold2-seed0,2
ar,CoPx_R,26,SS_vs_seasonal,0.46828863017405886,1286610,46c1dc5661c5fdc8,True,location-k4-fold2-seed0,2
ar,CoPx_R,26,SS_vs_ar,8.650524740971832e-12,1286610,46c1dc5661c5fdc8,True,location-k4-fold2-seed0,2
ar,CoPx_R,27,MSE,0.11490811139462409,1286610,46c1dc5661c5fdc8,True,location-k4-fold2-seed0,2
ar,CoPx_R,27,MAE,0.23044915806764907,1286610,46c1dc5661c5fdc8,True,location-k4-fold2-seed0,2
ar,CoPx_R,27,SS_vs_persistence,0.4694787569523293,1286610,46c1dc5661c5fdc8,True,location-k4-fold2-seed0,2
ar,CoPx_R,27,SS_vs_seasonal,0.4698290165718526,1286610,46c1dc5661c5fdc8,True,location-k4-fold2-seed0,2
ar,CoPx_R,27,SS_vs_ar,8.702705223129215e-12,1286610,46c1dc5661c5fdc8,True,location-k4-fold2-seed0,2
ar,CoPx_R,28,MSE,0.11529849512084202,1286610,46c1dc5661c5fdc8,True,location-k4-fold2-seed0,2
ar,CoPx_R,28,MAE,0.23062139705292248,1286610,46c1dc5661c5fdc8,True,location-k4-fold2-seed0,2
ar,CoPx_R,28,SS_vs_persistence,0.4629702221342531,1286610,46c1dc5661c5fdc8,True,location-k4-fold2-seed0,2
ar,CoPx_R,28,SS_vs_seasonal,0.45399915480992414,1286610,46c1dc5661c5fdc8,True,location-k4-fold2-seed0,2
ar,CoPx_R,28,SS_vs_ar,8.673173290674185e-12,1286610,46c1dc5661c5fdc8,True,location-k4-fold2-seed0,2
ar,CoPx_R,29,MSE,0.11579353932265135,1286610,46c1dc5661c5fdc8,True,location-k4-fold2-seed0,2
ar,CoPx_R,29,MAE,0.23110124480883898,1286610,46c1dc5661c5fdc8,True,location-k4-fold2-seed0,2
ar,CoPx_R,29,SS_vs_persistence,0.4762886493866625,1286610,46c1dc5661c5fdc8,True,location-k4-fold2-seed0,2
ar,CoPx_R,29,SS_vs_seasonal,0.4539611140183799,1286610,46c1dc5661c5fdc8,True,location-k4-fold2-seed0,2
ar,CoPx_R,29,SS_vs_ar,8.636091841651705e-12,1286610,46c1dc5661c5fdc8,True,location-k4-fold2-seed0,2
ar,CoPx_R,30,MSE,0.11531067500231773,1286610,46c1dc5661c5fdc8,True,location-k4-fold2-seed0,2
ar,CoPx_R,30,MAE,0.2306486484618948,1286610,46c1dc5661c5fdc8,True,location-k4-fold2-seed0,2
ar,CoPx_R,30,SS_vs_persistence,0.4851699109826404,1286610,46c1dc5661c5fdc8,True,location-k4-fold2-seed0,2
ar,CoPx_R,30,SS_vs_seasonal,0.4555803168069007,1286610,46c1dc5661c5fdc8,True,location-k4-fold2-seed0,2
ar,CoPx_R,30,SS_vs_ar,8.672285112254485e-12,1286610,46c1dc5661c5fdc8,True,location-k4-fold2-seed0,2
ar,CoPx_R,all,MSE,0.11491872905317624,1286610,46c1dc5661c5fdc8,True,location-k4-fold2-seed0,2
ar,CoPx_R,all,MAE,0.22892144354166535,1286610,46c1dc5661c5fdc8,True,location-k4-fold2-seed0,2
ar,CoPx_R,all,SS_vs_persistence,0.46538441032964895,1286610,46c1dc5661c5fdc8,True,location-k4-fold2-seed0,2
ar,CoPx_R,all,SS_vs_seasonal,0.46104031080067387,1286610,46c1dc5661c5fdc8,True,location-k4-fold2-seed0,2
ar,CoPx_R,all,SS_vs_ar,8.701817044709514e-12,1286610,46c1dc5661c5fdc8,True,location-k4-fold2-seed0,2
ar,CoPy_R,1,MSE,0.06594059549241968,1286610,46c1dc5661c5fdc8,True,location-k4-fold2-seed0,2
ar,CoPy_R,1,MAE,0.18918695388079046,1286610,46c1dc5661c5fdc8,True,location-k4-fold2-seed0,2
ar,CoPy_R,1,SS_vs_persistence,0.41988190157949457,1286610,46c1dc5661c5fdc8,True,location-k4-fold2-seed0,2
ar,CoPy_R,1,SS_vs_seasonal,0.48263236914023844,1286610,46c1dc5661c5fdc8,True,location-k4-fold2-seed0,2
ar,CoPy_R,1,SS_vs_ar,1.5165202427169788e-11,1286610,46c1dc5661c5fdc8,True,location-k4-fold2-seed0,2
ar,CoPy_R,2,MSE,0.06764232066694979,1286610,46c1dc5661c5fdc8,True,location-k4-fold2-seed0,2
ar,CoPy_R,2,MAE,0.19291201027169402,1286610,46c1dc5661c5fdc8,True,location-k4-fold2-seed0,2
ar,CoPy_R,2,SS_vs_persistence,0.48330252422097064,1286610,46c1dc5661c5fdc8,True,location-k4-fold2-seed0,2
ar,CoPy_R,2,SS_vs_seasonal,0.47329981622209627,1286610,46c1dc5661c5fdc8,True,location-k4-fold2-seed0,2
ar,CoPy_R,2,SS_vs_ar,1.4783729795908584e-11,1286610,46c1dc5661c5fdc8,True,location-k4-fold2-seed0,2
ar,CoPy_R,3,MSE,0.06770776543663032,1286610,46c1dc5661c5fdc8,True,location-k4-fold2-seed0,2
ar,CoPy_R,3,MAE,0.1933465262603219,1286610,46c1dc5661c5fdc8,True,location-k4-fold2-seed0,2
ar,CoPy_R,3,SS_vs_persistence,0.4902467384189918,1286610,46c1dc5661c5fdc8,True,location-k4-fold2-seed0,2
ar,CoPy_R,3,SS_vs_seasonal,0.47389118260896956,1286610,46c1dc5661c5fdc8,True,location-k4-fold2-seed0,2
ar,CoPy_R,3,SS_vs_ar,1.476940791889092e-11,1286610,46c1dc5661c5fdc8,True,location-k4-fold2-seed0,2
ar,CoPy_R,4,MSE,0.06758772619871221,1286610,46c1dc5661c5fdc8,True,location-k4-fold2-seed0,2
ar,CoPy_R,4,MAE,0.19369430550957645,1286610,46c1dc5661c5fdc8,True,location-k4-fold2-seed0,2
ar,CoPy_R,4,SS_vs_persistence,0.46670609890138515,1286610,46c1dc5661c5fdc8,True,location-k4-fold2-seed0,2
ar,CoPy_R,4,SS_vs_seasonal,0.4719187556995137,1286610,46c1dc5661c5fdc8,True,location-k4-fold2-seed0,2
ar,CoPy_R,4,SS_vs_ar,1.4795720204574536e-11,1286610,46c1dc5661c5fdc8,True,location-k4-fold2-seed0,2
ar,CoPy_R,5,MSE,0.06764473376869166,1286610,46c1dc5661c5fdc8,True,location-k4-fold2-seed0,2
ar,CoPy_R,5,MAE,0.1940078348717782,1286610,46c1dc5661c5fdc8,True,location-k4-fold2-seed0,2
ar,CoPy_R,5,SS_vs_persistence,0.4669497960125356,1286610,46c1dc5661c5fdc8,True,location-k4-fold2-seed0,2
ar,CoPy_R,5,SS_vs_seasonal,0.4705164297145997,1286610,46c1dc5661c5fdc8,True,location-k4-fold2-seed0,2
ar,CoPy_R,5,SS_vs_ar,1.4783174684396272e-11,1286610,46c1dc5661c5fdc8,True,location-k4-fold2-seed0,2
ar,CoPy_R,6,MSE,0.06775744286330164,1286610,46c1dc5661c5fdc8,True,location-k4-fold2-seed0,2
ar,CoPy_R,6,MAE,0.1942973165132886,1286610,46c1dc5661c5fdc8,True,location-k4-fold2-seed0,2
ar,CoPy_R,6,SS_vs_persistence,0.4699503943773863,1286610,46c1dc5661c5fdc8,True,location-k4-fold2-seed0,2
ar,CoPy_R,6,SS_vs_seasonal,0.46857299079246695,1286610,46c1dc5661c5fdc8,True,location-k4-fold2-seed0,2
ar,CoPy_R,6,SS_vs_ar,1.4758638755552056e-11,1286610,46c1dc5661c5fdc8,True,location-k4-fold2-seed0,2
ar,CoPy_R,7,MSE,0.06796609258780363,1286610,46c1dc5661c5fdc8,True,location-k4-fold2-seed0,2
ar,CoPy_R,7,MAE,0.19519527536306205,1286610,46c1dc5661c5fdc8,True,location-k4-fold2-seed0,2
ar,CoPy_R,7,SS_vs_persistence,0.4830120099861197,1286610,46c1dc5661c5fdc8,True,location-k4-fold2-seed0,2
ar,CoPy_R,7,SS_vs_seasonal,0.4680244799586354,1286610,46c1dc5661c5fdc8,True,location-k4-fold2-seed0,2
ar,CoPy_R,7,SS_vs_ar,1.471334165614735e-11,1286610,46c1dc5661c5fdc8,True,location-k4-fold2-seed0,2
ar,CoPy_R,8,MSE,0.06799519015227361,1286610,46c1dc5661c5fdc8,True,location-k4-fold2-seed0,2
ar,CoPy_R,8,MAE,0.1954141682195274,1286610,46c1dc5661c5fdc8,True,location-k4-fold2-seed0,2
ar,CoPy_R,8,SS_vs_persistence,0.4946905641112085,1286610,46c1dc5661c5fdc8,True,location-k4-fold2-seed0,2
ar,CoPy_R,8,SS_vs_seasonal,0.4671851395651728,1286610,46c1dc5661c5fdc8,True,location-k4-fold2-seed0,2
ar,CoPy_R,8,SS_vs_ar,1.4707013384906986e-11,1286610,46c1dc5661c5fdc8,True,location-k4-fold2-seed0,2
ar,CoPy_R,9,MSE,0.06766984266690605,1286610,46c1dc5661c5fdc8,True,location-k4-fold2-seed0,2
ar,CoPy_R,9,MAE,0.19498190013955283,1286610,46c1dc5661c5fdc8,True,location-k4-fold2-seed0,2
ar,CoPy_R,9,SS_vs_persistence,0.4688288278169418,1286610,46c1dc5661c5fdc8,True,location-k4-fold2-seed0,2
ar,CoPy_R,9,SS_vs_seasonal,0.4672641766322988,1286610,46c1dc5661c5fdc8,True,location-k4-fold2-seed0,2
ar,CoPy_R,9,SS_vs_ar,1.477773459157561e-11,1286610,46c1dc5661c5fdc8,True,location-k4-fold2-seed0,2
ar,CoPy_R,10,MSE,0.06776806152199419,1286610,46c1dc5661c5fdc8,True,location-k4-fold2-seed0,2
ar,CoPy_R,10,MAE,0.19538663555855076,1286610,46c1dc5661c5fdc8,True,location-k4-fold2-seed0,2
ar,CoPy_R,10,SS_vs_persistence,0.46811373548015955,1286610,46c1dc5661c5fdc8,True,location-k4-fold2-seed0,2
ar,CoPy_R,10,SS_vs_seasonal,0.4692785610420179,1286610,46c1dc5661c5fdc8,True,location-k4-fold2-seed0,2
ar,CoPy_R,10,SS_vs_ar,1.4756307287200343e-11,1286610,46c1dc5661c5fdc8,True,location-k4-fold2-seed0,2
ar,CoPy_R,11,MSE,0.06790356659752952,1286610,46c1dc5661c5fdc8,True,location-k4-fold2-seed0,2
ar,CoPy_R,11,MAE,0.19568210388548257,1286610,46c1dc5661c5fdc8,True,location-k4-fold2-seed0,2
ar,CoPy_R,11,SS_vs_persistence,0.4898083222565637,1286610,46c1dc5661c5fdc8,True,location-k4-fold2-seed0,2
ar,CoPy_R,11,SS_vs_seasonal,0.4713912874916779,1286610,46c1dc5661c5fdc8,True,location-k4-fold2-seed0,2
ar,CoPy_R,11,SS_vs_ar,1.4726886377047776e-11,1286610,46c1dc5661c5fdc8,True,location-k4-fold2-seed0,2
ar,CoPy_R,12,MSE,0.06792506065988467,1286610,46c1dc5661c5fdc8,True,location-k4-fold2-seed0,2
ar,CoPy_R,12,MAE,0.19577931816100758,1286610,46c1dc5661c5fdc8,True,location-k4-fold2-seed0,2
ar,CoPy_R,12,SS_vs_persistence,0.4924840884699997,1286610,46c1dc5661c5fdc8,True,location-k4-fold2-seed0,2
ar,CoPy_R,12,SS_vs_seasonal,0.47048760107059695,1286610,46c1dc5661c5fdc8,True,location-k4-fold2-seed0,2
ar,CoPy_R,12,SS_vs_ar,1.472222344034435e-11,1286610,46c1dc5661c5fdc8,True,location-k4-fold2-seed0,2
ar,CoPy_R,13,MSE,0.0678801210118918,1286610,46c1dc5661c5fdc8,True,location-k4-fold2-seed0,2
ar,CoPy_R,13,MAE,0.19572704641447997,1286610,46c1dc5661c5fdc8,True,location-k4-fold2-seed0,2
ar,CoPy_R,13,SS_vs_persistence,0.4666536995425228,1286610,46c1dc5661c5fdc8,True,location-k4-fold2-seed0,2
ar,CoPy_R,13,SS_vs_seasonal,0.4703891215806095,1286610,46c1dc5661c5fdc8,True,location-k4-fold2-seed0,2
ar,CoPy_R,13,SS_vs_ar,1.473188238065859e-11,1286610,46c1dc5661c5fdc8,True,location-k4-fold2-seed0,2
ar,CoPy_R,14,MSE,0.06807879714989153,1286610,46c1dc5661c5fdc8,True,location-k4-fold2-seed0,2
ar,CoPy_R,14,MAE,0.1960371432010079,1286610,46c1dc5661c5fdc8,True,location-k4-fold2-seed0,2
ar,CoPy_R,14,SS_vs_persistence,0.4559165873033264,1286610,46c1dc5661c5fdc8,True,location-k4-fold2-seed0,2
ar,CoPy_R,14,SS_vs_seasonal,0.4665430131668329,1286610,46c1dc5661c5fdc8,True,location-k4-fold2-seed0,2
ar,CoPy_R,14,SS_vs_ar,1.4688916749605596e-11,1286610,46c1dc5661c5fdc8,True,location-k4-fold2-seed0,2
ar,CoPy_R,15,MSE,0.06846244583273929,1286610,46c1dc5661c5fdc8,True,location-k4-fold2-seed0,2
ar,CoPy_R,15,MAE,0.1966250584026963,1286610,46c1dc5661c5fdc8,True,location-k4-fold2-seed0,2
ar,CoPy_R,15,SS_vs_persistence,0.48271510797240935,1286610,46c1dc5661c5fdc8,True,location-k4-fold2-seed0,2
ar,CoPy_R,15,SS_vs_seasonal,0.4658232112115901,1286610,46c1dc5661c5fdc8,True,location-k4-fold2-seed0,2
ar,CoPy_R,15,SS_vs_ar,1.4606649223480872e-11,1286610,46c1dc5661c5fdc8,True,location-k4-fold2-seed0,2
ar,CoPy_R,16,MSE,0.06855383827957992,1286610,46c1dc5661c5fdc8,True,location-k4-fold2-seed0,2
ar,CoPy_R,16,MAE,0.19674236444061632,1286610,46c1dc5661c5fdc8,True,location-k4-fold2-seed0,2
ar,CoPy_R,16,SS_vs_persistence,0.4955029792465624,1286610,46c1dc5661c5fdc8,True,location-k4-fold2-seed0,2
ar,CoPy_R,16,SS_vs_seasonal,0.4652369736769366,1286610,46c1dc5661c5fdc8,True,location-k4-fold2-seed0,2
ar,CoPy_R,16,SS_vs_ar,1.458710929824747e-11,1286610,46c1dc5661c5fdc8,True,location-k4-fold2-seed0,2
ar,CoPy_R,17,MSE,0.06839317464111964,1286610,46c1dc5661c5fdc8,True,location-k4-fold2-seed0,2
ar,CoPy_R,17,MAE,0.19654669465055982,1286610,46c1dc5661c5fdc8,True,location-k4-fold2-seed0,2
ar,CoPy_R,17,SS_vs_persistence,0.48530261713101075,1286610,46c1dc5661c5fdc8,True,location-k4-fold2-seed0,2
ar,CoPy_R,17,SS_vs_seasonal,0.46648255685442774,1286610,46c1dc5661c5fdc8,True,location-k4-fold2-seed0,2
ar,CoPy_R,17,SS_vs_ar,1.4621415189708387e-11,1286610,46c1dc5661c5fdc8,True,location-k4-fold2-seed0,2
ar,CoPy_R,18,MSE,0.0683230273104621,1286610,46c1dc5661c5fdc8,True,location-k4-fold2-seed0,2
ar,CoPy_R,18,MAE,0.19650715163325286,1286610,46c1dc5661c5fdc8,True,location-k4-fold2-seed0,2
ar,CoPy_R,18,SS_vs_persistence,0.46322482633293816,1286610,46c1dc5661c5fdc8,True,location-k4-fold2-seed0,2
ar,CoPy_R,18,SS_vs_seasonal,0.4645051112667796,1286610,46c1dc5661c5fdc8,True,location-k4-fold2-seed0,2
ar,CoPy_R,18,SS_vs_ar,1.4636403200540826e-11,1286610,46c1dc5661c5fdc8,True,location-k4-fold2-seed0,2
ar,CoPy_R,19,MSE,0.06847589515827358,1286610,46c1dc5661c5fdc8,True,location-k4-fold2-seed0,2
ar,CoPy_R,19,MAE,0.1968175441168977,1286610,46c1dc5661c5fdc8,True,location-k4-fold2-seed0,2
ar,CoPy_R,19,SS_vs_persistence,0.4692736547731594,1286610,46c1dc5661c5fdc8,True,location-k4-fold2-seed0,2
ar,CoPy_R,19,SS_vs_seasonal,0.4814442370524813,1286610,46c1dc5661c5fdc8,True,location-k4-fold2-seed0,2
ar,CoPy_R,19,SS_vs_ar,1.4603762643616847e-11,1286610,46c1dc5661c5fdc8,True,location-k4-fold2-seed0,2
ar,CoPy_R,20,MSE,0.06867127557010512,1286610,46c1dc5661c5fdc8,True,location-k4-fold2-seed0,2
ar,CoPy_R,20,MAE,0.19698741924204355,1286610,46c1dc5661c5fdc8,True,location-k4-fold2-seed0,2
ar,CoPy_R,20,SS_vs_persistence,0.4973436873444027,1286610,46c1dc5661c5fdc8,True,location-k4-fold2-seed0,2
ar,CoPy_R,20,SS_vs_seasonal,0.4819168174952315,1286610,46c1dc5661c5fdc8,True,location-k4-fold2-seed0,2
ar,CoPy_R,20,SS_vs_ar,1.4562240302495866e-11,1286610,46c1dc5661c5fdc8,True,location-k4-fold2-seed0,2
ar,CoPy_R,21,MSE,0.06858455268958459,1286610,46c1dc5661c5fdc8,True,location-k4-fold2-seed0,2
ar,CoPy_R,21,MAE,0.19682448127814234,1286610,46c1dc5661c5fdc8,True,location-k4-fold2-seed0,2
ar,CoPy_R,21,SS_vs_persistence,0.5046284031687305,1286610,46c1dc5661c5fdc8,True,location-k4-fold2-seed0,2
ar,CoPy_R,21,SS_vs_seasonal,0.4783933683016669,1286610,46c1dc5661c5fdc8,True,location-k4-fold2-seed0,2
ar,CoPy_R,21,SS_vs_ar,1.4580670004704643e-11,1286610,46c1dc5661c5fdc8,True,location-k4-fold2-seed0,2
ar,CoPy_R,22,MSE,0.06825567000830798,1286610,46c1dc5661c5fdc8,True,location-k4-fold2-seed0,2
ar,CoPy_R,22,MAE,0.19625365338203687,1286610,46c1dc5661c5fdc8,True,location-k4-fold2-seed0,2
ar,CoPy_R,22,SS_vs_persistence,0.4926968892041027,1286610,46c1dc5661c5fdc8,True,location-k4-fold2-seed0,2
ar,CoPy_R,22,SS_vs_seasonal,0.4835711236033463,1286610,46c1dc5661c5fdc8,True,location-k4-fold2-seed0,2
ar,CoPy_R,22,SS_vs_ar,1.4650836099860953e-11,1286610,46c1dc5661c5fdc8,True,location-k4-fold2-seed0,2
ar,CoPy_R,23,MSE,0.06811560108895967,1286610,46c1dc5661c5fdc8,True,location-k4-fold2-seed0,2
ar,CoPy_R,23,MAE,0.1960087628866406,1286610,46c1dc5661c5fdc8,True,location-k4-fold2-seed0,2
ar,CoPy_R,23,SS_vs_persistence,0.4733450489954679,1286610,46c1dc5661c5fdc8,True,location-k4-fold2-seed0,2
ar,CoPy_R,23,SS_vs_seasonal,0.4807767604658656,1286610,46c1dc5661c5fdc8,True,location-k4-fold2-seed0,2
ar,CoPy_R,23,SS_vs_ar,1.4681034166130758e-11,1286610,46c1dc5661c5fdc8,True,location-k4-fold2-seed0,2
ar,CoPy_R,24,MSE,0.06825703106979433,1286610,46c1dc5661c5fdc8,True,location-k4-fold2-seed0,2
ar,CoPy_R,24,MAE,0.19627632736453587,1286610,46c1dc5661c5fdc8,True,location-k4-fold2-seed0,2
ar,CoPy_R,24,SS_vs_persistence,0.4782680199126106,1286610,46c1dc5661c5fdc8,True,location-k4-fold2-seed0,2
ar,CoPy_R,24,SS_vs_seasonal,0.4801768103625824,1286610,46c1dc5661c5fdc8,True,location-k4-fold2-seed0,2
ar,CoPy_R,24,SS_vs_ar,1.4650614055256028e-11,1286610,46c1dc5661c5fdc8,True,location-k4-fold2-seed0,2
ar,CoPy_R,25,MSE,0.06816288515716468,1286610,46c1dc5661c5fdc8,True,location-k4-fold2-seed0,2
ar,CoPy_R,25,MAE,0.1963129925264776,1286610,46c1dc5661c5fdc8,True,location-k4-fold2-seed0,2
ar,CoPy_R,25,SS_vs_persistence,0.4819383897875148,1286610,46c1dc5661c5fdc8,True,location-k4-fold2-seed0,2
ar,CoPy_R,25,SS_vs_seasonal,0.48014842968656457,1286610,46c1dc5661c5fdc8,True,location-k4-fold2-seed0,2
ar,CoPy_R,25,SS_vs_ar,1.4670820114304206e-11,1286610,46c1dc5661c5fdc8,True,location-k4-fold2-seed0,2
ar,CoPy_R,26,MSE,0.068145877133633,1286610,46c1dc5661c5fdc8,True,location-k4-fold2-seed0,2
ar,CoPy_R,26,MAE,0.19625053697906095,1286610,46c1dc5661c5fdc8,True,location-k4-fold2-seed0,2
ar,CoPy_R,26,SS_vs_persistence,0.47819314000329394,1286610,46c1dc5661c5fdc8,True,location-k4-fold2-seed0,2
ar,CoPy_R,26,SS_vs_seasonal,0.4798736358299506,1286610,46c1dc5661c5fdc8,True,location-k4-fold2-seed0,2
ar,CoPy_R,26,SS_vs_ar,1.467448385028547e-11,1286610,46c1dc5661c5fdc8,True,location-k4-fold2-seed0,2
ar,CoPy_R,27,MSE,0.06812989598179628,1286610,46c1dc5661c5fdc8,True,location-k4-fold2-seed0,2
ar,CoPy_R,27,MAE,0.19621245461274134,1286610,46c1dc5661c5fdc8,True,location-k4-fold2-seed0,2
ar,CoPy_R,27,SS_vs_persistence,0.47889286230571426,1286610,46c1dc5661c5fdc8,True,location-k4-fold2-seed0,2
ar,CoPy_R,27,SS_vs_seasonal,0.4798872445256803,1286610,46c1dc5661c5fdc8,True,location-k4-fold2-seed0,2
ar,CoPy_R,27,SS_vs_ar,1.4677925541661807e-11,1286610,46c1dc5661c5fdc8,True,location-k4-fold2-seed0,2
ar,CoPy_R,28,MSE,0.06831189134031189,1286610,46c1dc5661c5fdc8,True,location-k4-fold2-seed0,2
ar,CoPy_R,28,MAE,0.1964966091383655,1286610,46c1dc5661c5fdc8,True,location-k4-fold2-seed0,2
ar,CoPy_R,28,SS_vs_persistence,0.48933709979340756,1286610,46c1dc5661c5fdc8,True,location-k4-fold2-seed0,2
ar,CoPy_R,28,SS_vs_seasonal,0.4685892680038931,1286610,46c1dc5661c5fdc8,True,location-k4-fold2-seed0,2
ar,CoPy_R,28,SS_vs_ar,1.4638845691195e-11,1286610,46c1dc5661c5fdc8,True,location-k4-fold2-seed0,2
ar,CoPy_R,29,MSE,0.06829863131532815,1286610,46c1dc5661c5fdc8,True,location-k4-fold2-seed0,2
ar,CoPy_R,29,MAE,0.19660825410422808,1286610,46c1dc5661c5fdc8,True,location-k4-fold2-seed0,2
ar,CoPy_R,29,SS_vs_persistence,0.4987746384737878,1286610,46c1dc5661c5fdc8,True,location-k4-fold2-seed0,2
ar,CoPy_R,29,SS_vs_seasonal,0.4689689426719592,1286610,46c1dc5661c5fdc8,True,location-k4-fold2-seed0,2
ar,CoPy_R,29,SS_vs_ar,1.4641621248756564e-11,1286610,46c1dc5661c5fdc8,True,location-k4-fold2-seed0,2
ar,CoPy_R,30,MSE,0.0682877046063595,1286610,46c1dc5661c5fdc8,True,location-k4-fold2-seed0,2
ar,CoPy_R,30,MAE,0.19654325742246337,1286610,46c1dc5661c5fdc8,True,location-k4-fold2-seed0,2
ar,CoPy_R,30,SS_vs_persistence,0.4923528443831179,1286610,46c1dc5661c5fdc8,True,location-k4-fold2-seed0,2
ar,CoPy_R,30,SS_vs_seasonal,0.47016456606631196,1286610,46c1dc5661c5fdc8,True,location-k4-fold2-seed0,2
ar,CoPy_R,30,SS_vs_ar,1.4643952717108277e-11,1286610,46c1dc5661c5fdc8,True,location-k4-fold2-seed0,2
ar,CoPy_R,all,MSE,0.0680298904652774,1286610,46c1dc5661c5fdc8,True,location-k4-fold2-seed0,2
ar,CoPy_R,all,MAE,0.1955220700143551,1286610,46c1dc5661c5fdc8,True,location-k4-fold2-seed0,2
ar,CoPy_R,all,SS_vs_persistence,0.47985439451775946,1286610,46c1dc5661c5fdc8,True,location-k4-fold2-seed0,2
ar,CoPy_R,all,SS_vs_seasonal,0.47297736594407547,1286610,46c1dc5661c5fdc8,True,location-k4-fold2-seed0,2
ar,CoPy_R,all,SS_vs_ar,1.4699463868339535e-11,1286610,46c1dc5661c5fdc8,True,location-k4-fold2-seed0,2
cnn,F_R,1,MSE,76662.6152486006,1286610,46c1dc5661c5fdc8,True,location-k4-fold2-seed0,2
cnn,F_R,1,MAE,156.46126489583574,1286610,46c1dc5661c5fdc8,True,location-k4-fold2-seed0,2
cnn,F_R,1,SS_vs_persistence,0.3142893148446996,1286610,46c1dc5661c5fdc8,True,location-k4-fold2-seed0,2
cnn,F_R,1,SS_vs_seasonal,0.4577561215007473,1286610,46c1dc5661c5fdc8,True,location-k4-fold2-seed0,2
cnn,F_R,1,SS_vs_ar,0.12028734316282841,1286610,46c1dc5661c5fdc8,True,location-k4-fold2-seed0,2
cnn,F_R,2,MSE,88527.58321903842,1286610,46c1dc5661c5fdc8,True,location-k4-fold2-seed0,2
cnn,F_R,2,MAE,171.71193496100298,1286610,46c1dc5661c5fdc8,True,location-k4-fold2-seed0,2
cnn,F_R,2,SS_vs_persistence,0.3243516628305888,1286610,46c1dc5661c5fdc8,True,location-k4-fold2-seed0,2
cnn,F_R,2,SS_vs_seasonal,0.38487337172984715,1286610,46c1dc5661c5fdc8,True,location-k4-fold2-seed0,2
cnn,F_R,2,SS_vs_ar,0.10272275034592149,1286610,46c1dc5661c5fdc8,True,location-k4-fold2-seed0,2
cnn,F_R,3,MSE,91027.59746033562,1286610,46c1dc5661c5fdc8,True,location-k4-fold2-seed0,2
cnn,F_R,3,MAE,173.0282986937036,1286610,46c1dc5661c5fdc8,True,location-k4-fold2-seed0,2
cnn,F_R,3,SS_vs_persistence,0.33913153483131875,1286610,46c1dc5661c5fdc8,True,location-k4-fold2-seed0,2
cnn,F_R,3,SS_vs_seasonal,0.38555770939714684,1286610,46c1dc5661c5fdc8,True,location-k4-fold2-seed0,2
cnn,F_R,3,SS_vs_ar,0.12796114386498914,1286610,46c1dc5661c5fdc8,True,location-k4-fold2-seed0,2
cnn,F_R,4,MSE,90474.23160174329,1286610,46c1dc5661c5fdc8,True,location-k4-fold2-seed0,2
cnn,F_R,4,MAE,163.77545361041584,1286610,46c1dc5661c5fdc8,True,location-k4-fold2-seed0,2
cnn,F_R,4,SS_vs_persistence,0.3447372087781073,1286610,46c1dc5661c5fdc8,True,location-k4-fold2-seed0,2
cnn,F_R,4,SS_vs_seasonal,0.404572091243107,1286610,46c1dc5661c5fdc8,True,location-k4-fold2-seed0,2
cnn,F_R,4,SS_vs_ar,0.16336860385314378,1286610,46c1dc5661c5fdc8,True,location-k4-fold2-seed0,2
cnn,F_R,5,MSE,91526.33505123905,1286610,46c1dc5661c5fdc8,True,location-k4-fold2-seed0,2
cnn,F_R,5,MAE,166.6773432467807,1286610,46c1dc5661c5fdc8,True,location-k4-fold2-seed0,2
cnn,F_R,5,SS_vs_persistence,0.3623393522367081,1286610,46c1dc5661c5fdc8,True,location-k4-fold2-seed0,2
cnn,F_R,5,SS_vs_seasonal,0.39798816840912954,1286610,46c1dc5661c5fdc8,True,location-k4-fold2-seed0,2
cnn,F_R,5,SS_vs_ar,0.18014490611601086,1286610,46c1dc5661c5fdc8,True,location-k4-fold2-seed0,2
cnn,F_R,6,MSE,92881.41020607989,1286610,46c1dc5661c5fdc8,True,location-k4-fold2-seed0,2
cnn,F_R,6,MAE,167.89084481028942,1286610,46c1dc5661c5fdc8,True,location-k4-fold2-seed0,2
cnn,F_R,6,SS_vs_persistence,0.3373418973330976,1286610,46c1dc5661c5fdc8,True,location-k4-fold2-seed0,2
cnn,F_R,6,SS_vs_seasonal,0.38420059605115975,1286610,46c1dc5661c5fdc8,True,location-k4-fold2-seed0,2
cnn,F_R,6,SS_vs_ar,0.18667720904080032,1286610,46c1dc5661c5fdc8,True,location-k4-fold2-seed0,2
cnn,F_R,7,MSE,94025.96863119335,1286610,46c1dc5661c5fdc8,True,location-k4-fold2-seed0,2
cnn,F_R,7,MAE,169.91637603385948,1286610,46c1dc5661c5fdc8,True,location-k4-fold2-seed0,2
cnn,F_R,7,SS_vs_persistence,0.34884107533496944,1286610,46c1dc5661c5fdc8,True,location-k4-fold2-seed0,2
cnn,F_R,7,SS_vs_seasonal,0.38506215780699704,1286610,46c1dc5661c5fdc8,True,location-k4-fold2-seed0,2
cnn,F_R,7,SS_vs_ar,0.20711014173084896,1286610,46c1dc5661c5fdc8,True,location-k4-fold2-seed0,2
cnn,F_R,8,MSE,96930.22797661746,1286610,46c1dc5661c5fdc8,True,location-k4-fold2-seed0,2
cnn,F_R,8,MAE,174.36137243864198,1286610,46c1dc5661c5fdc8,True,location-k4-fold2-seed0,2
cnn,F_R,8,SS_vs_persistence,0.3471242422709493,1286610,46c1dc5661c5fdc8,True,location-k4-fold2-seed0,2
cnn,F_R,8,SS_vs_seasonal,0.3618799299987089,1286610,46c1dc5661c5fdc8,True,location-k4-fold2-seed0,2
cnn,F_R,8,SS_vs_ar,0.20509528937204047,1286610,46c1dc5661c5fdc8,True,location-k4-fold2-seed0,2
cnn,F_R,9,MSE,97420.41269625648,1286610,46c1dc5661c5fdc8,True,location-k4-fold2-seed0,2
cnn,F_R,9,MAE,176.00166370881723,1286610,46c1dc5661c5fdc8,True,location-k4-fold2-seed0,2
cnn,F_R,9,SS_vs_persistence,0.3408147527628682,1286610,46c1dc5661c5fdc8,True,location-k4-fold2-seed0,2
cnn,F_R,9,SS_vs_seasonal,0.3431015706626067,1286610,46c1dc5661c5fdc8,True,location-k4-fold2-seed0,2
cnn,F_R,9,SS_vs_ar,0.21379446573251915,1286610,46c1dc5661c5fdc8,True,location-k4-fold2-seed0,2
cnn,F_R,10,MSE,98201.61884826749,1286610,46c1dc5661c5fdc8,True,location-k4-fold2-seed0,2
cnn,F_R,10,MAE,176.13228717014587,1286610,46c1dc5661c5fdc8,True,location-k4-fold2-seed0,2
cnn,F_R,10,SS_vs_persistence,0.3395789979038797,1286610,46c1dc5661c5fdc8,True,location-k4-fold2-seed0,2
cnn,F_R,10,SS_vs_seasonal,0.35627277222682063,1286610,46c1dc5661c5fdc8,True,location-k4-fold2-seed0,2
cnn,F_R,10,SS_vs_ar,0.22574064759010004,1286610,46c1dc5661c5fdc8,True,location-k4-fold2-seed0,2
cnn,F_R,11,MSE,100082.33150973186,1286610,46c1dc5661c5fdc8,True,location-k4-fold2-seed0,2
cnn,F_R,11,MAE,175.55252157807487,1286610,46c1dc5661c5fdc8,True,location-k4-fold2-seed0,2
cnn,F_R,11,SS_vs_persistence,0.34442678114466074,1286610,46c1dc5661c5fdc8,True,location-k4-fold2-seed0,2
cnn,F_R,11,SS_vs_seasonal,0.35700837116151796,1286610,46c1dc5661c5fdc8,True,location-k4-fold2-seed0,2
cnn,F_R,11,SS_vs_ar,0.23170620284421117,1286610,46c1dc5661c5fdc8,True,location-k4-fold2-seed0,2
cnn,F_R,12,MSE,100076.64696982905,1286610,46c1dc5661c5fdc8,True,location-k4-fold2-seed0,2
cnn,F_R,12,MAE,175.75429194235025,1286610,46c1dc5661c5fdc8,True,location-k4-fold2-seed0,2
cnn,F_R,12,SS_vs_persistence,0.3497161680204137,1286610,46c1dc5661c5fdc8,True,location-k4-fold2-seed0,2
cnn,F_R,12,SS_vs_seasonal,0.36711721734311686,1286610,46c1dc5661c5fdc8,True,location-k4-fold2-seed0,2
cnn,F_R,12,SS_vs_ar,0.24289603034253704,1286610,46c1dc5661c5fdc8,True,location-k4-fold2-seed0,2
cnn,F_R,13,MSE,101096.76396101133,1286610,46c1dc5661c5fdc8,True,location-k4-fold2-seed0,2
cnn,F_R,13,MAE,174.6903922563845,1286610,46c1dc5661c5fdc8,True,location-k4-fold2-seed0,2
cnn,F_R,13,SS_vs_persistence,0.3500648257964043,1286610,46c1dc5661c5fdc8,True,location-k4-fold2-seed0,2
cnn,F_R,13,SS_vs_seasonal,0.3699752855556503,1286610,46c1dc5661c5fdc8,True,location-k4-fold2-seed0,2
cnn,F_R,13,SS_vs_ar,0.2471415240279331,1286610,46c1dc5661c5fdc8,True,location-k4-fold2-seed0,2
cnn,F_R,14,MSE,102888.69909367697,1286610,46c1dc5661c5fdc8,True,location-k4-fold2-seed0,2
cnn,F_R,14,MAE,182.4686672273718,1286610,46c1dc5661c5fdc8,True,location-k4-fold2-seed0,2
cnn,F_R,14,SS_vs_persistence,0.34808552691958794,1286610,46c1dc5661c5fdc8,True,location-k4-fold2-seed0,2
cnn,F_R,14,SS_vs_seasonal,0.36056350562978445,1286610,46c1dc5661c5fdc8,True,location-k4-fold2-seed0,2
cnn,F_R,14,SS_vs_ar,0.24698098675624114,1286610,46c1dc5661c5fdc8,True,location-k4-fold2-seed0,2
cnn,F_R,15,MSE,103616.30007851426,1286610,46c1dc5661c5fdc8,True,location-k4-fold2-seed0,2
cnn,F_R,15,MAE,178.0861340032229,1286610,46c1dc5661c5fdc8,True,location-k4-fold2-seed0,2
cnn,F_R,15,SS_vs_persistence,0.3546828710504929,1286610,46c1dc5661c5fdc8,True,location-k4-fold2-seed0,2
cnn,F_R,15,SS_vs_seasonal,0.3583618321547958,1286610,46c1dc5661c5fdc8,True,location-k4-fold2-seed0,2
cnn,F_R,15,SS_vs_ar,0.25443082417865304,1286610,46c1dc5661c5fdc8,True,location-k4-fold2-seed0,2
cnn,F_R,16,MSE,108293.92944275618,1286610,46c1dc5661c5fdc8,True,location-k4-fold2-seed0,2
cnn,F_R,16,MAE,181.02595984579233,1286610,46c1dc5661c5fdc8,True,location-k4-fold2-seed0,2
cnn,F_R,16,SS_vs_persistence,0.34461928558171007,1286610,46c1dc5661c5fdc8,True,location-k4-fold2-seed0,2
cnn,F_R,16,SS_vs_seasonal,0.3511188468262083,1286610,46c1dc5661c5fdc8,True,location-k4-fold2-seed0,2
cnn,F_R,16,SS_vs_ar,0.2599209091582928,1286610,46c1dc5661c5fdc8,True,location-k4-fold2-seed0,2
cnn,F_R,17,MSE,110578.45971776138,1286610,46c1dc5661c5fdc8,True,location-k4-fold2-seed0,2
cnn,F_R,17,MAE,185.35724657844642,1286610,46c1dc5661c5fdc8,True,location-k4-fold2-seed0,2
cnn,F_R,17,SS_vs_persistence,0.3276267320992321,1286610,46c1dc5661c5fdc8,True,location-k4-fold2-seed0,2
cnn,F_R,17,SS_vs_seasonal,0.3397268400083969,1286610,46c1dc5661c5fdc8,True,location-k4-fold2-seed0,2
cnn,F_R,17,SS_vs_ar,0.2528867879809026,1286610,46c1dc5661c5fdc8,True,location-k4-fold2-seed0,2
cnn,F_R,18,MSE,109492.99423814628,1286610,46c1dc5661c5fdc8,True,location-k4-fold2-seed0,2
cnn,F_R,18,MAE,179.977285902474,1286610,46c1dc5661c5fdc8,True,location-k4-fold2-seed0,2
cnn,F_R,18,SS_vs_persistence,0.3379743872760802,1286610,46c1dc5661c5fdc8,True,location-k4-fold2-seed0,2
cnn,F_R,18,SS_vs_seasonal,0.3430254071932709,1286610,46c1dc5661c5fdc8,True,location-k4-fold2-seed0,2
cnn,F_R,18,SS_vs_ar,0.28129144413513185,1286610,46c1dc5661c5fdc8,True,location-k4-fold2-seed0,2
cnn,F_R,19,MSE,111645.08145399843,1286610,46c1dc5661c5fdc8,True,location-k4-fold2-seed0,2
cnn,F_R,19,MAE,184.38541599457395,1286610,46c1dc5661c5fdc8,True,location-k4-fold2-seed0,2
cnn,F_R,19,SS_vs_persistence,0.3317587829650692,1286610,46c1dc5661c5fdc8,True,location-k4-fold2-seed0,2
cnn,F_R,19,SS_vs_seasonal,0.35287897499642895,1286610,46c1dc5661c5fdc8,True,location-k4-fold2-seed0,2
cnn,F_R,19,SS_vs_ar,0.2769489594907072,1286610,46c1dc5661c5fdc8,True,location-k4-fold2-seed0,2
cnn,F_R,20,MSE,112022.2283534524,1286610,46c1dc5661c5fdc8,True,location-k4-fold2-seed0,2
cnn,F_R,20,MAE,185.4862255812309,1286610,46c1dc5661c5fdc8,True,location-k4-fold2-seed0,2
cnn,F_R,20,SS_vs_persistence,0.3459944609831762,1286610,46c1dc5661c5fdc8,True,location-k4-fold2-seed0,2
cnn,F_R,20,SS_vs_seasonal,0.35268937428501357,1286610,46c1dc5661c5fdc8,True,location-k4-fold2-seed0,2
cnn,F_R,20,SS_vs_ar,0.28176223149504454,1286610,46c1dc5661c5fdc8,True,location-k4-fold2-seed0,2
cnn,F_R,21,MSE,113434.23845809328,1286610,46c1dc5661c5fdc8,True,location-k4-fold2-seed0,2
cnn,F_R,21,MAE,185.16440971345847,1286610,46c1dc5661c5fdc8,True,location-k4-fold2-seed0,2
cnn,F_R,21,SS_vs_persistence,0.3370990580073947,1286610,46c1dc5661c5fdc8,True,location-k4-fold2-seed0,2
cnn,F_R,21,SS_vs_seasonal,0.3503101852337609,1286610,46c1dc5661c5fdc8,True,location-k4-fold2-seed0,2
cnn,F_R,21,SS_vs_ar,0.2772656440115656,1286610,46c1dc5661c5fdc8,True,location-k4-fold2-seed0,2
cnn,F_R,22,MSE,111407.9340551242,1286610,46c1dc5661c5fdc8,True,location-k4-fold2-seed0,2
cnn,F_R,22,MAE,186.64080258328062,1286610,46c1dc5661c5fdc8,True,location-k4-fold2-seed0,2
cnn,F_R,22,SS_vs_persistence,0.33610592983492504,1286610,46c1dc5661c5fdc8,True,location-k4-fold2-seed0,2
cnn,F_R,22,SS_vs_seasonal,0.36759376453802406,1286610,46c1dc5661c5fdc8,True,location-k4-fold2-seed0,2
cnn,F_R,22,SS_vs_ar,0.2976752155577641,1286610,46c1dc5661c5fdc8,True,location-k4-fold2-seed0,2
cnn,F_R,23,MSE,111814.86173429224,1286610,46c1dc5661c5fdc8,True,location-k4-fold2-seed0,2
cnn,F_R,23,MAE,186.1405077617576,1286610,46c1dc5661c5fdc8,True,location-k4-fold2-seed0,2
cnn,F_R,23,SS_vs_persistence,0.33779486910136924,1286610,46c1dc5661c5fdc8,True,location-k4-fold2-seed0,2
cnn,F_R,23,SS_vs_seasonal,0.37485581051639094,1286610,46c1dc5661c5fdc8,True,location-k4-fold2-seed0,2
cnn,F_R,23,SS_vs_ar,0.30097874403712044,1286610,46c1dc5661c5fdc8,True,location-k4-fold2-seed0,2
cnn,F_R,24,MSE,109088.4035213171,1286610,46c1dc5661c5fdc8,True,location-k4-fold2-seed0,2
cnn,F_R,24,MAE,185.80366869779024,1286610,46c1dc5661c5fdc8,True,location-k4-fold2-seed0,2
cnn,F_R,24,SS_vs_persistence,0.3383676143965566,1286610,46c1dc5661c5fdc8,True,location-k4-fold2-seed0,2
cnn,F_R,24,SS_vs_seasonal,0.38230680782443294,1286610,46c1dc5661c5fdc8,True,location-k4-fold2-seed0,2
cnn,F_R,24,SS_vs_ar,0.3174463741977336,1286610,46c1dc5661c5fdc8,True,location-k4-fold2-seed0,2
cnn,F_R,25,MSE,105550.55811896319,1286610,46c1dc5661c5fdc8,True,location-k4-fold2-seed0,2
cnn,F_R,25,MAE,182.8434363670899,1286610,46c1dc5661c5fdc8,True,location-k4-fold2-seed0,2
cnn,F_R,25,SS_vs_persistence,0.353734542030237,1286610,46c1dc5661c5fdc8,True,location-k4-fold2-seed0,2
cnn,F_R,25,SS_vs_seasonal,0.39643413625838186,1286610,46c1dc5661c5fdc8,True,location-k4-fold2-seed0,2
cnn,F_R,25,SS_vs_ar,0.3365789470566166,1286610,46c1dc5661c5fdc8,True,location-k4-fold2-seed0,2
cnn,F_R,26,MSE,108569.44906743382,1286610,46c1dc5661c5fdc8,True,location-k4-fold2-seed0,2
cnn,F_R,26,MAE,185.53089995397315,1286610,46c1dc5661c5fdc8,True,location-k4-fold2-seed0,2
cnn,F_R,26,SS_vs_persistence,0.3453800437858515,1286610,46c1dc5661c5fdc8,True,location-k4-fold2-seed0,2
cnn,F_R,26,SS_vs_seasonal,0.3803499673855425,1286610,46c1dc5661c5fdc8,True,location-k4-fold2-seed0,2
cnn,F_R,26,SS_vs_ar,0.32645650217570477,1286610,46c1dc5661c5fdc8,True,location-k4-fold2-seed0,2
cnn,F_R,27,MSE,109029.4315641513,1286610,46c1dc5661c5fdc8,True,location-k4-fold2-seed0,2
cnn,F_R,27,MAE,185.2227095260023,1286610,46c1dc5661c5fdc8,True,location-k4-fold2-seed0,2
cnn,F_R,27,SS_vs_persistence,0.3647114582247293,1286610,46c1dc5661c5fdc8,True,location-k4-fold2-seed0,2
cnn,F_R,27,SS_vs_seasonal,0.36947439198833965,1286610,46c1dc5661c5fdc8,True,location-k4-fold2-seed0,2
cnn,F_R,27,SS_vs_ar,0.33148789337177864,1286610,46c1dc5661c5fdc8,True,location-k4-fold2-seed0,2
cnn,F_R,28,MSE,110603.39313768495,1286610,46c1dc5661c5fdc8,True,location-k4-fold2-seed0,2
cnn,F_R,28,MAE,185.62803721156638,1286610,46c1dc5661c5fdc8,True,location-k4-fold2-seed0,2
cnn,F_R,28,SS_vs_persistence,0.34852441487344854,1286610,46c1dc5661c5fdc8,True,location-k4-fold2-seed0,2
cnn,F_R,28,SS_vs_seasonal,0.3608630126206842,1286610,46c1dc5661c5fdc8,True,location-k4-fold2-seed0,2
cnn,F_R,28,SS_vs_ar,0.32814563421792864,1286610,46c1dc5661c5fdc8,True,location-k4-fold2-seed0,2
cnn,F_R,29,MSE,108764.6244636381,1286610,46c1dc5661c5fdc8,True,location-k4-fold2-seed0,2
cnn,F_R,29,MAE,187.83828690861154,1286610,46c1dc5661c5fdc8,True,location-k4-fold2-seed0,2
cnn,F_R,29,SS_vs_persistence,0.3613141007888755,1286610,46c1dc5661c5fdc8,True,location-k4-fold2-seed0,2
cnn,F_R,29,SS_vs_seasonal,0.37107325438954064,1286610,46c1dc5661c5fdc8,True,location-k4-fold2-seed0,2
cnn,F_R,29,SS_vs_ar,0.3449105577448619,1286610,46c1dc5661c5fdc8,True,location-k4-fold2-seed0,2
cnn,F_R,30,MSE,109811.43403588641,1286610,46c1dc5661c5fdc8,True,location-k4-fold2-seed0,2
cnn,F_R,30,MAE,184.5791427539777,1286610,46c1dc5661c5fdc8,True,location-k4-fold2-seed0,2
cnn,F_R,30,SS_vs_persistence,0.35096129453195046,1286610,46c1dc5661c5fdc8,True,location-k4-fold2-seed0,2
cnn,F_R,30,SS_vs_seasonal,0.3661966595299194,1286610,46c1dc5661c5fdc8,True,location-k4-fold2-seed0,2
cnn,F_R,30,SS_vs_ar,0.3448993579203705,1286610,46c1dc5661c5fdc8,True,location-k4-fold2-seed0,2
cnn,F_R,all,MSE,102518.19213049451,1286610,46c1dc5661c5fdc8,True,location-k4-fold2-seed0,2
cnn,F_R,all,MAE,178.47109606523827,1286610,46c1dc5661c5fdc8,True,location-k4-fold2-seed0,2
cnn,F_R,all,SS_vs_persistence,0.3440026622495076,1286610,46c1dc5661c5fdc8,True,location-k4-fold2-seed0,2
cnn,F_R,all,SS_vs_seasonal,0.3704940837521692,1286610,46c1dc5661c5fdc8,True,location-k4-fold2-seed0,2
cnn,F_R,all,SS_vs_ar,0.2610183287134442,1286610,46c1dc5661c5fdc8,True,location-k4-fold2-seed0,2
cnn,CoPx_R,1,MSE,0.11682213759951479,1286610,46c1dc5661c5fdc8,True,location-k4-fold2-seed0,2
cnn,CoPx_R,1,MAE,0.2252881677233361,1286610,46c1dc5661c5fdc8,True,location-k4-fold2-seed0,2
cnn,CoPx_R,1,SS_vs_persistence,0.3927020755306465,1286610,46c1dc5661c5fdc8,True,location-k4-fold2-seed0,2
cnn,CoPx_R,1,SS_vs_seasonal,0.4423977352989654,1286610,46c1dc5661c5fdc8,True,location-k4-fold2-seed0,2
cnn,CoPx_R,1,SS_vs_ar,-0.05303587858641401,1286610,46c1dc5661c5fdc8,True,location-k4-fold2-seed0,2
cnn,CoPx_R,2,MSE,0.12073122267473375,1286610,46c1dc5661c5fdc8,True,location-k4-fold2-seed0,2
cnn,CoPx_R,2,MAE,0.2275180169185339,1286610,46c1dc5661c5fdc8,True,location-k4-fold2-seed0,2
cnn,CoPx_R,2,SS_vs_persistence,0.4345694903253984,1286610,46c1dc5661c5fdc8,True,location-k4-fold2-seed0,2
cnn,CoPx_R,2,SS_vs_seasonal,0.4296926124603152,1286610,46c1dc5661c5fdc8,True,location-k4-fold2-seed0,2
cnn,CoPx_R,2,SS_vs_ar,-0.06760178430804253,1286610,46c1dc5661c5fdc8,True,location-k4-fold2-seed0,2
cnn,CoPx_R,3,MSE,0.1217978453206996,1286610,46c1dc5661c5fdc8,True,location-k4-fold2-seed0,2
cnn,CoPx_R,3,MAE,0.22942579515295616,1286610,46c1dc5661c5fdc8,True,location-k4-fold2-seed0,2
cnn,CoPx_R,3,SS_vs_persistence,0.4203288759254439,1286610,46c1dc5661c5fdc8,True,location-k4-fold2-seed0,2
cnn,CoPx_R,3,SS_vs_seasonal,0.4264792015830331,1286610,46c1dc5661c5fdc8,True,location-k4-fold2-seed0,2
cnn,CoPx_R,3,SS_vs_ar,-0.0786742725350853,1286610,46c1dc5661c5fdc8,True,location-k4-fold2-seed0,2
cnn,CoPx_R,4,MSE,0.11956156012077766,1286610,46c1dc5661c5fdc8,True,location-k4-fold2-seed0,2
cnn,CoPx_R,4,MAE,0.2292441024366854,1286610,46c1dc5661c5fdc8,True,location-k4-fold2-seed0,2
cnn,CoPx_R,4,SS_vs_persistence,0.4128013631091758,1286610,46c1dc5661c5fdc8,True,location-k4-fold2-seed0,2
cnn,CoPx_R,4,SS_vs_seasonal,0.4300262894739847,1286610,46c1dc5661c5fdc8,True,location-k4-fold2-seed0,2
cnn,CoPx_R,4,SS_vs_ar,-0.061162605872221665,1286610,46c1dc5661c5fdc8,True,location-k4-fold2-seed0,2
cnn,CoPx_R,5,MSE,0.12023554112760726,1286610,46c1dc5661c5fdc8,True,location-k4-fold2-seed0,2
cnn,CoPx_R,5,MAE,0.22934598429926126,1286610,46c1dc5661c5fdc8,True,location-k4-fold2-seed0,2
cnn,CoPx_R,5,SS_vs_persistence,0.42706847396845893,1286610,46c1dc5661c5fdc8,True,location-k4-fold2-seed0,2
cnn,CoPx_R,5,SS_vs_seasonal,0.4293583681492965,1286610,46c1dc5661c5fdc8,True,location-k4-fold2-seed0,2
cnn,CoPx_R,5,SS_vs_ar,-0.061266865789675995,1286610,46c1dc5661c5fdc8,True,location-k4-fold2-seed0,2
cnn,CoPx_R,6,MSE,0.1218953126994563,1286610,46c1dc5661c5fdc8,True,location-k4-fold2-seed0,2
cnn,CoPx_R,6,MAE,0.23042769329716692,1286610,46c1dc5661c5fdc8,True,location-k4-fold2-seed0,2
cnn,CoPx_R,6,SS_vs_persistence,0.425009249127288,1286610,46c1dc5661c5fdc8,True,location-k4-fold2-seed0,2
cnn,CoPx_R,6,SS_vs_seasonal,0.4203633968989686,1286610,46c1dc5661c5fdc8,True,location-k4-fold2-seed0,2
cnn,CoPx_R,6,SS_vs_ar,-0.07399433341308592,1286610,46c1dc5661c5fdc8,True,location-k4-fold2-seed0,2
cnn,CoPx_R,7,MSE,0.12170663905909333,1286610,46c1dc5661c5fdc8,True,location-k4-fold2-seed0,2
cnn,CoPx_R,7,MAE,0.2320062946728494,1286610,46c1dc5661c5fdc8,True,location-k4-fold2-seed0,2
cnn,CoPx_R,7,SS_vs_persistence,0.42816630685284474,1286610,46c1dc5661c5fdc8,True,location-k4-fold2-seed0,2
cnn,CoPx_R,7,SS_vs_seasonal,0.4199506995666782,1286610,46c1dc5661c5fdc8,True,location-k4-fold2-seed0,2
cnn,CoPx_R,7,SS_vs_ar,-0.06989497942334988,1286610,46c1dc5661c5fdc8,True,location-k4-fold2-seed0,2
cnn,CoPx_R,8,MSE,0.12074063831464545,1286610,46c1dc5661c5fdc8,True,location-k4-fold2-seed0,2
cnn,CoPx_R,8,MAE,0.23179480409815126,1286610,46c1dc5661c5fdc8,True,location-k4-fold2-seed0,2
cnn,CoPx_R,8,SS_vs_persistence,0.41539549988104996,1286610,46c1dc5661c5fdc8,True,location-k4-fold2-seed0,2
cnn,CoPx_R,8,SS_vs_seasonal,0.42389381223348954,1286610,46c1dc5661c5fdc8,True,location-k4-fold2-seed0,2
cnn,CoPx_R,8,SS_vs_ar,-0.05846908233781911,1286610,46c1dc5661c5fdc8,True,location-k4-fold2-seed0,2
cnn,CoPx_R,9,MSE,0.1211295967420485,1286610,46c1dc5661c5fdc8,True,location-k4-fold2-seed0,2
cnn,CoPx_R,9,MAE,0.23271222413516277,1286610,46c1dc5661c5fdc8,True,location-k4-fold2-seed0,2
cnn,CoPx_R,9,SS_vs_persistence,0.42176625489839026,1286610,46c1dc5661c5fdc8,True,location-k4-fold2-seed0,2
cnn,CoPx_R,9,SS_vs_seasonal,0.42143807769348773,1286610,46c1dc5661c5fdc8,True,location-k4-fold2-seed0,2
cnn,CoPx_R,9,SS_vs_ar,-0.05579315322941425,1286610,46c1dc5661c5fdc8,True,location-k4-fold2-seed0,2
cnn,CoPx_R,10,MSE,0.12057507022620106,1286610,46c1dc5661c5fdc8,True,location-k4-fold2-seed0,2
cnn,CoPx_R,10,MAE,0.2330107986723631,1286610,46c1dc5661c5fdc8,True,location-k4-fold2-seed0,2
cnn,CoPx_R,10,SS_vs_persistence,0.42585583000754845,1286610,46c1dc5661c5fdc8,True,location-k4-fold2-seed0,2
cnn,CoPx_R,10,SS_vs_seasonal,0.4303973474933446,1286610,46c1dc5661c5fdc8,True,location-k4-fold2-seed0,2
cnn,CoPx_R,10,SS_vs_ar,-0.04577392486280174,1286610,46c1dc5661c5fdc8,True,location-k4-fold2-seed0,2
cnn,CoPx_R,11,MSE,0.12246553968839441,1286610,46c1dc5661c5fdc8,True,location-k4-fold2-seed0,2
cnn,CoPx_R,11,MAE,0.23364527927631537,1286610,46c1dc5661c5fdc8,True,location-k4-fold2-seed0,2
cnn,CoPx_R,11,SS_vs_persistence,0.4421493166710625,1286610,46c1dc5661c5fdc8,True,location-k4-fold2-seed0,2
cnn,CoPx_R,11,SS_vs_seasonal,0.42708202133056783,1286610,46c1dc5661c5fdc8,True,location-k4-fold2-seed0,2
cnn,CoPx_R,11,SS_vs_ar,-0.05705628590704914,1286610,46c1dc5661c5fdc8,True,location-k4-fold2-seed0,2
cnn,CoPx_R,12,MSE,0.1226207674853928,1286610,46c1dc5661c5fdc8,True,location-k4-fold2-seed0,2
cnn,CoPx_R,12,MAE,0.23344790441565155,1286610,46c1dc5661c5fdc8,True,location-k4-fold2-seed0,2
cnn,CoPx_R,12,SS_vs_persistence,0.44938678550981404,1286610,46c1dc5661c5fdc8,True,location-k4-fold2-seed0,2
cnn,CoPx_R,12,SS_vs_seasonal,0.4244417985276926,1286610,46c1dc5661c5fdc8,True,location-k4-fold2-seed0,2
cnn,CoPx_R,12,SS_vs_ar,-0.06165911083843789,1286610,46c1dc5661c5fdc8,True,location-k4-fold2-seed0,2
cnn,CoPx_R,13,MSE,0.12189057853967371,1286610,46c1dc5661c5fdc8,True,location-k4-fold2-seed0,2
cnn,CoPx_R,13,MAE,0.23192274875494626,1286610,46c1dc5661c5fdc8,True,location-k4-fold2-seed0,2
cnn,CoPx_R,13,SS_vs_persistence,0.43668064460996403,1286610,46c1dc5661c5fdc8,True,location-k4-fold2-seed0,2
cnn,CoPx_R,13,SS_vs_seasonal,0.4294956138762369,1286610,46c1dc5661c5fdc8,True,location-k4-fold2-seed0,2
cnn,CoPx_R,13,SS_vs_ar,-0.05323578432978371,1286610,46c1dc5661c5fdc8,True,location-k4-fold2-seed0,2
cnn,CoPx_R,14,MSE,0.12043754148428391,1286610,46c1dc5661c5fdc8,True,location-k4-fold2-seed0,2
cnn,CoPx_R,14,MAE,0.228297708341022,1286610,46c1dc5661c5fdc8,True,location-k4-fold2-seed0,2
cnn,CoPx_R,14,SS_vs_persistence,0.4215036106925819,1286610,46c1dc5661c5fdc8,True,location-k4-fold2-seed0,2
cnn,CoPx_R,14,SS_vs_seasonal,0.43528419891883285,1286610,46c1dc5661c5fdc8,True,location-k4-fold2-seed0,2
cnn,CoPx_R,14,SS_vs_ar,-0.04159365969764295,1286610,46c1dc5661c5fdc8,True,location-k4-fold2-seed0,2
cnn,CoPx_R,15,MSE,0.12207150942923993,1286610,46c1dc5661c5fdc8,True,location-k4-fold2-seed0,2
cnn,CoPx_R,15,MAE,0.23188427140926365,1286610,46c1dc5661c5fdc8,True,location-k4-fold2-seed0,2
cnn,CoPx_R,15,SS_vs_persistence,0.4396777564112132,1286610,46c1dc5661c5fdc8,True,location-k4-fold2-seed0,2
cnn,CoPx_R,15,SS_vs_seasonal,0.429414181086897,1286610,46c1dc5661c5fdc8,True,location-k4-fold2-seed0,2
cnn,CoPx_R,15,SS_vs_ar,-0.05204350498406618,1286610,46c1dc5661c5fdc8,True,location-k4-fold2-seed0,2
cnn,CoPx_R,16,MSE,0.12150626183594954,1286610,46c1dc5661c5fdc8,True,location-k4-fold2-seed0,2
cnn,CoPx_R,16,MAE,0.2304526987698231,1286610,46c1dc5661c5fdc8,True,location-k4-fold2-seed0,2
cnn,CoPx_R,16,SS_vs_persistence,0.4543445030106733,1286610,46c1dc5661c5fdc8,True,location-k4-fold2-seed0,2
cnn,CoPx_R,16,SS_vs_seasonal,0.4292358648485244,1286610,46c1dc5661c5fdc8,True,location-k4-fold2-seed0,2
cnn,CoPx_R,16,SS_vs_ar,-0.05099908572048095,1286610,46c1dc5661c5fdc8,True,location-k4-fold2-seed0,2
cnn,CoPx_R,17,MSE,0.12172612566126301,1286610,46c1dc5661c5fdc8,True,location-k4-fold2-seed0,2
cnn,CoPx_R,17,MAE,0.23158248874461573,1286610,46c1dc5661c5fdc8,True,location-k4-fold2-seed0,2
cnn,CoPx_R,17,SS_vs_persistence,0.43696175416976535,1286610,46c1dc5661c5fdc8,True,location-k4-fold2-seed0,2
cnn,CoPx_R,17,SS_vs_seasonal,0.4275033624893777,1286610,46c1dc5661c5fdc8,True,location-k4-fold2-seed0,2
cnn,CoPx_R,17,SS_vs_ar,-0.05375396449479375,1286610,46c1dc5661c5fdc8,True,location-k4-fold2-seed0,2
cnn,CoPx_R,18,MSE,0.12145555470135887,1286610,46c1dc5661c5fdc8,True,location-k4-fold2-seed0,2
cnn,CoPx_R,18,MAE,0.2317144064638219,1286610,46c1dc5661c5fdc8,True,location-k4-fold2-seed0,2
cnn,CoPx_R,18,SS_vs_persistence,0.429964915511446,1286610,46c1dc5661c5fdc8,True,location-k4-fold2-seed0,2
cnn,CoPx_R,18,SS_vs_seasonal,0.4296033352753371,1286610,46c1dc5661c5fdc8,True,location-k4-fold2-seed0,2
cnn,CoPx_R,18,SS_vs_ar,-0.0481817490025549,1286610,46c1dc5661c5fdc8,True,location-k4-fold2-seed0,2
cnn,CoPx_R,19,MSE,0.1211247461721788,1286610,46c1dc5661c5fdc8,True,location-k4-fold2-seed0,2
cnn,CoPx_R,19,MAE,0.23225073819786538,1286610,46c1dc5661c5fdc8,True,location-k4-fold2-seed0,2
cnn,CoPx_R,19,SS_vs_persistence,0.44317729091552915,1286610,46c1dc5661c5fdc8,True,location-k4-fold2-seed0,2
cnn,CoPx_R,19,SS_vs_seasonal,0.44204226570549265,1286610,46c1dc5661c5fdc8,True,location-k4-fold2-seed0,2
cnn,CoPx_R,19,SS_vs_ar,-0.044998901569009986,1286610,46c1dc5661c5fdc8,True,location-k4-fold2-seed0,2
cnn,CoPx_R,20,MSE,0.12239451443975516,1286610,46c1dc5661c5fdc8,True,location-k4-fold2-seed0,2
cnn,CoPx_R,20,MAE,0.23213693236119448,1286610,46c1dc5661c5fdc8,True,location-k4-fold2-seed0,2
cnn,CoPx_R,20,SS_vs_persistence,0.45496797177979453,1286610,46c1dc5661c5fdc8,True,location-k4-fold2-seed0,2
cnn,CoPx_R,20,SS_vs_seasonal,0.4360229542833882,1286610,46c1dc5661c5fdc8,True,location-k4-fold2-seed0,2
cnn,CoPx_R,20,SS_vs_ar,-0.05531597154901324,1286610,46c1dc5661c5fdc8,True,location-k4-fold2-seed0,2
cnn,CoPx_R,21,MSE,0.12283502640854918,1286610,46c1dc5661c5fdc8,True,location-k4-fold2-seed0,2
cnn,CoPx_R,21,MAE,0.2334506825002973,1286610,46c1dc5661c5fdc8,True,location-k4-fold2-seed0,2
cnn,CoPx_R,21,SS_vs_persistence,0.45086853336306354,1286610,46c1dc5661c5fdc8,True,location-k4-fold2-seed0,2
cnn,CoPx_R,21,SS_vs_seasonal,0.43262369370469744,1286610,46c1dc5661c5fdc8,True,location-k4-fold2-seed0,2
cnn,CoPx_R,21,SS_vs_ar,-0.06015916159618162,1286610,46c1dc5661c5fdc8,True,location-k4-fold2-seed0,2
cnn,CoPx_R,22,MSE,0.12114224225190148,1286610,46c1dc5661c5fdc8,True,location-k4-fold2-seed0,2
cnn,CoPx_R,22,MAE,0.23012434895056882,1286610,46c1dc5661c5fdc8,True,location-k4-fold2-seed0,2
cnn,CoPx_R,22,SS_vs_persistence,0.4437866657836087,1286610,46c1dc5661c5fdc8,True,location-k4-fold2-seed0,2
cnn,CoPx_R,22,SS_vs_seasonal,0.4402154788596434,1286610,46c1dc5661c5fdc8,True,location-k4-fold2-seed0,2
cnn,CoPx_R,22,SS_vs_ar,-0.04911731065842084,1286610,46c1dc5661c5fdc8,True,location-k4-fold2-seed0,2
cnn,CoPx_R,23,MSE,0.1206011544304376,1286610,46c1dc5661c5fdc8,True,location-k4-fold2-seed0,2
cnn,CoPx_R,23,MAE,0.22993118094792156,1286610,46c1dc5661c5fdc8,True,location-k4-fold2-seed0,2
cnn,CoPx_R,23,SS_vs_persistence,0.4410623969766485,1286610,46c1dc5661c5fdc8,True,location-k4-fold2-seed0,2
cnn,CoPx_R,23,SS_vs_seasonal,0.4430818348218071,1286610,46c1dc5661c5fdc8,True,location-k4-fold2-seed0,2
cnn,CoPx_R,23,SS_vs_ar,-0.04016215383849553,1286610,46c1dc5661c5fdc8,True,location-k4-fold2-seed0,2
cnn,CoPx_R,24,MSE,0.11975876633338255,1286610,46c1dc5661c5fdc8,True,location-k4-fold2-seed0,2
cnn,CoPx_R,24,MAE,0.2310914055460277,1286610,46c1dc5661c5fdc8,True,location-k4-fold2-seed0,2
cnn,CoPx_R,24,SS_vs_persistence,0.4453055944118731,1286610,46c1dc5661c5fdc8,True,location-k4-fold2-seed0,2
cnn,CoPx_R,24,SS_vs_seasonal,0.4475515134133512,1286610,46c1dc5661c5fdc8,True,location-k4-fold2-seed0,2
cnn,CoPx_R,24,SS_vs_ar,-0.03459850753416749,1286610,46c1dc5661c5fdc8,True,location-k4-fold2-seed0,2
cnn,CoPx_R,25,MSE,0.12035002805820086,1286610,46c1dc5661c5fdc8,True,location-k4-fold2-seed0,2
cnn,CoPx_R,25,MAE,0.22995243103244845,1286610,46c1dc5661c5fdc8,True,location-k4-fold2-seed0,2
cnn,CoPx_R,25,SS_vs_persistence,0.4497808189320778,1286610,46c1dc5661c5fdc8,True,location-k4-fold2-seed0,2
cnn,CoPx_R,25,SS_vs_seasonal,0.44354076922329244,1286610,46c1dc5661c5fdc8,True,location-k4-fold2-seed0,2
cnn,CoPx_R,25,SS_vs_ar,-0.03991658890046179,1286610,46c1dc5661c5fdc8,True,location-k4-fold2-seed0,2
cnn,CoPx_R,26,MSE,0.12212979996534357,1286610,46c1dc5661c5fdc8,True,location-k4-fold2-seed0,2
cnn,CoPx_R,26,MAE,0.231849898362422,1286610,46c1dc5661c5fdc8,True,location-k4-fold2-seed0,2
cnn,CoPx_R,26,SS_vs_persistence,0.4483587776314937,1286610,46c1dc5661c5fdc8,True,location-k4-fold2-seed0,2
cnn,CoPx_R,26,SS_vs_seasonal,0.4382572593117928,1286610,46c1dc5661c5fdc8,True,location-k4-fold2-seed0,2
cnn,CoPx_R,26,SS_vs_ar,-0.05648058808153311,1286610,46c1dc5661c5fdc8,True,location-k4-fold2-seed0,2
cnn,CoPx_R,27,MSE,0.1202265227093853,1286610,46c1dc5661c5fdc8,True,location-k4-fold2-seed0,2
cnn,CoPx_R,27,MAE,0.2291982498224188,1286610,46c1dc5661c5fdc8,True,location-k4-fold2-seed0,2
cnn,CoPx_R,27,SS_vs_persistence,0.44492409194651383,1286610,46c1dc5661c5fdc8,True,location-k4-fold2-seed0,2
cnn,CoPx_R,27,SS_vs_seasonal,0.44529056299533465,1286610,46c1dc5661c5fdc8,True,location-k4-fold2-seed0,2
cnn,CoPx_R,27,SS_vs_ar,-0.04628403729872588,1286610,46c1dc5661c5fdc8,True,location-k4-fold2-seed0,2
cnn,CoPx_R,28,MSE,0.11936568839763835,1286610,46c1dc5661c5fdc8,True,location-k4-fold2-seed0,2
cnn,CoPx_R,28,MAE,0.23076956952413127,1286610,46c1dc5661c5fdc8,True,location-k4-fold2-seed0,2
cnn,CoPx_R,28,SS_vs_persistence,0.4440263157139154,1286610,46c1dc5661c5fdc8,True,location-k4-fold2-seed0,2
cnn,CoPx_R,28,SS_vs_seasonal,0.43473879096601853,1286610,46c1dc5661c5fdc8,True,location-k4-fold2-seed0,2
cnn,CoPx_R,28,SS_vs_ar,-0.035275337041461796,1286610,46c1dc5661c5fdc8,True,location-k4-fold2-seed0,2
cnn,CoPx_R,29,MSE,0.12145382426790617,1286610,46c1dc5661c5fdc8,True,location-k4-fold2-seed0,2
cnn,CoPx_R,29,MAE,0.23042443954532765,1286610,46c1dc5661c5fdc8,True,location-k4-fold2-seed0,2
cnn,CoPx_R,29,SS_vs_persistence,0.450688296457854,1286610,46c1dc5661c5fdc8,True,location-k4-fold2-seed0,2
cnn,CoPx_R,29,SS_vs_seasonal,0.4272693339421759,1286610,46c1dc5661c5fdc8,True,location-k4-fold2-seed0,2
cnn,CoPx_R,29,SS_vs_ar,-0.04888256268282731,1286610,46c1dc5661c5fdc8,True,location-k4-fold2-seed0,2
cnn,CoPx_R,30,MSE,0.12062768433631282,1286610,46c1dc5661c5fdc8,True,location-k4-fold2-seed0,2
cnn,CoPx_R,30,MAE,0.22934542248821577,1286610,46c1dc5661c5fdc8,True,location-k4-fold2-seed0,2
cnn,CoPx_R,30,SS_vs_persistence,0.46143094328800327,1286610,46c1dc5661c5fdc8,True,location-k4-fold2-seed0,2
cnn,CoPx_R,30,SS_vs_seasonal,0.4304769641720282,1286610,46c1dc5661c5fdc8,True,location-k4-fold2-seed0,2
cnn,CoPx_R,30,SS_vs_ar,-0.04611029579735004,1286610,46c1dc5661c5fdc8,True,location-k4-fold2-seed0,2
cnn,CoPx_R,all,MSE,0.12104598134937844,1286610,46c1dc5661c5fdc8,True,location-k4-fold2-seed0,2
cnn,CoPx_R,all,MAE,0.23080822289536404,1286610,46c1dc5661c5fdc8,True,location-k4-fold2-seed0,2
cnn,CoPx_R,all,SS_vs_persistence,0.4368797042092273,1286610,46c1dc5661c5fdc8,True,location-k4-fold2-seed0,2
cnn,CoPx_R,all,SS_vs_seasonal,0.43230398539562254,1286610,46c1dc5661c5fdc8,True,location-k4-fold2-seed0,2
cnn,CoPx_R,all,SS_vs_ar,-0.053318134873503675,1286610,46c1dc5661c5fdc8,True,location-k4-fold2-seed0,2
cnn,CoPy_R,1,MSE,0.0696469718432358,1286610,46c1dc5661c5fdc8,True,location-k4-fold2-seed0,2
cnn,CoPy_R,1,MAE,0.1925251386406427,1286610,46c1dc5661c5fdc8,True,location-k4-fold2-seed0,2
cnn,CoPy_R,1,SS_vs_persistence,0.3872747347104397,1286610,46c1dc5661c5fdc8,True,location-k4-fold2-seed0,2
cnn,CoPy_R,1,SS_vs_seasonal,0.4535522685227543,1286610,46c1dc5661c5fdc8,True,location-k4-fold2-seed0,2
cnn,CoPy_R,1,SS_vs_ar,-0.05620780828686911,1286610,46c1dc5661c5fdc8,True,location-k4-fold2-seed0,2
cnn,CoPy_R,2,MSE,0.07209244093816641,1286610,46c1dc5661c5fdc8,True,location-k4-fold2-seed0,2
cnn,CoPy_R,2,MAE,0.1985806825858008,1286610,46c1dc5661c5fdc8,True,location-k4-fold2-seed0,2
cnn,CoPy_R,2,SS_vs_persistence,0.4493095167608615,1286610,46c1dc5661c5fdc8,True,location-k4-fold2-seed0,2
cnn,CoPy_R,2,SS_vs_seasonal,0.43864874065914916,1286610,46c1dc5661c5fdc8,True,location-k4-fold2-seed0,2
cnn,CoPy_R,2,SS_vs_ar,-0.06578899461569132,1286610,46c1dc5661c5fdc8,True,location-k4-fold2-seed0,2
cnn,CoPy_R,3,MSE,0.07268216433304837,1286610,46c1dc5661c5fdc8,True,location-k4-fold2-seed0,2
cnn,CoPy_R,3,MAE,0.19922158437096646,1286610,46c1dc5661c5fdc8,True,location-k4-fold2-seed0,2
cnn,CoPy_R,3,SS_vs_persistence,0.45279584862072597,1286610,46c1dc5661c5fdc8,True,location-k4-fold2-seed0,2
cnn,CoPy_R,3,SS_vs_seasonal,0.4352386720180663,1286610,46c1dc5661c5fdc8,True,location-k4-fold2-seed0,2
cnn,CoPy_R,3,SS_vs_ar,-0.0734686614344151,1286610,46c1dc5661c5fdc8,True,location-k4-fold2-seed0,2
cnn,CoPy_R,4,MSE,0.07235512135611391,1286610,46c1dc5661c5fdc8,True,location-k4-fold2-seed0,2
cnn,CoPy_R,4,MAE,0.19903844674742985,1286610,46c1dc5661c5fdc8,True,location-k4-fold2-seed0,2
cnn,CoPy_R,4,SS_vs_persistence,0.42908946486794375,1286610,46c1dc5661c5fdc8,True,location-k4-fold2-seed0,2
cnn,CoPy_R,4,SS_vs_seasonal,0.4346698037316523,1286610,46c1dc5661c5fdc8,True,location-k4-fold2-seed0,2
cnn,CoPy_R,4,SS_vs_ar,-0.0705364039369325,1286610,46c1dc5661c5fdc8,True,location-k4-fold2-seed0,2
cnn,CoPy_R,5,MSE,0.07314420859866273,1286610,46c1dc5661c5fdc8,True,location-k4-fold2-seed0,2
cnn,CoPy_R,5,MAE,0.2004244193771314,1286610,46c1dc5661c5fdc8,True,location-k4-fold2-seed0,2
cnn,CoPy_R,5,SS_vs_persistence,0.42361314559471985,1286610,46c1dc5661c5fdc8,True,location-k4-fold2-seed0,2
cnn,CoPy_R,5,SS_vs_seasonal,0.427469744400931,1286610,46c1dc5661c5fdc8,True,location-k4-fold2-seed0,2
cnn,CoPy_R,5,SS_vs_ar,-0.08129937871727,1286610,46c1dc5661c5fdc8,True,location-k4-fold2-seed0,2
cnn,CoPy_R,6,MSE,0.07412982249711851,1286610,46c1dc5661c5fdc8,True,location-k4-fold2-seed0,2
cnn,CoPy_R,6,MAE,0.2022481440017387,1286610,46c1dc5661c5fdc8,True,location-k4-fold2-seed0,2
cnn,CoPy_R,6,SS_vs_persistence,0.42010085506409556,1286610,46c1dc5661c5fdc8,True,location-k4-fold2-seed0,2
cnn,CoPy_R,6,SS_vs_seasonal,0.4185939108976374,1286610,46c1dc5661c5fdc8,True,location-k4-fold2-seed0,2
cnn,CoPy_R,6,SS_vs_ar,-0.09404693216624005,1286610,46c1dc5661c5fdc8,True,location-k4-fold2-seed0,2
cnn,CoPy_R,7,MSE,0.07323782096813411,1286610,46c1dc5661c5fdc8,True,location-k4-fold2-seed0,2
cnn,CoPy_R,7,MAE,0.20020477041668228,1286610,46c1dc5661c5fdc8,True,location-k4-fold2-seed0,2
cnn,CoPy_R,7,SS_vs_persistence,0.4429123050380196,1286610,46c1dc5661c5fdc8,True,location-k4-fold2-seed0,2
cnn,CoPy_R,7,SS_vs_seasonal,0.42676228082573453,1286610,46c1dc5661c5fdc8,True,location-k4-fold2-seed0,2
cnn,CoPy_R,7,SS_vs_ar,-0.07756409377871032,1286610,46c1dc5661c5fdc8,True,location-k4-fold2-seed0,2
cnn,CoPy_R,8,MSE,0.07360469697702751,1286610,46c1dc5661c5fdc8,True,location-k4-fold2-seed0,2
cnn,CoPy_R,8,MAE,0.20183895813976926,1286610,46c1dc5661c5fdc8,True,location-k4-fold2-seed0,2
cnn,CoPy_R,8,SS_vs_persistence,0.4530032517751028,1286610,46c1dc5661c5fdc8,True,location-k4-fold2-seed0,2
cnn,CoPy_R,8,SS_vs_seasonal,0.4232286686847171,1286610,46c1dc5661c5fdc8,True,location-k4-fold2-seed0,2
cnn,CoPy_R,8,SS_vs_ar,-0.08249858278370925,1286610,46c1dc5661c5fdc8,True,location-k4-fold2-seed0,2
cnn,CoPy_R,9,MSE,0.07343582927837027,1286610,46c1dc5661c5fdc8,True,location-k4-fold2-seed0,2
cnn,CoPy_R,9,MAE,0.20152073603228732,1286610,46c1dc5661c5fdc8,True,location-k4-fold2-seed0,2
cnn,CoPy_R,9,SS_vs_persistence,0.42356899350228205,1286610,46c1dc5661c5fdc8,True,location-k4-fold2-seed0,2
cnn,CoPy_R,9,SS_vs_seasonal,0.421871022105463,1286610,46c1dc5661c5fdc8,True,location-k4-fold2-seed0,2
cnn,CoPy_R,9,SS_vs_ar,-0.085207625481873,1286610,46c1dc5661c5fdc8,True,location-k4-fold2-seed0,2
cnn,CoPy_R,10,MSE,0.07375060765973292,1286610,46c1dc5661c5fdc8,True,location-k4-fold2-seed0,2
cnn,CoPy_R,10,MAE,0.20119994015370024,1286610,46c1dc5661c5fdc8,True,location-k4-fold2-seed0,2
cnn,CoPy_R,10,SS_vs_persistence,0.4211589599405535,1286610,46c1dc5661c5fdc8,True,location-k4-fold2-seed0,2
cnn,CoPy_R,10,SS_vs_seasonal,0.4224266159878902,1286610,46c1dc5661c5fdc8,True,location-k4-fold2-seed0,2
cnn,CoPy_R,10,SS_vs_ar,-0.0882797294520341,1286610,46c1dc5661c5fdc8,True,location-k4-fold2-seed0,2
cnn,CoPy_R,11,MSE,0.07415300080069305,1286610,46c1dc5661c5fdc8,True,location-k4-fold2-seed0,2
cnn,CoPy_R,11,MAE,0.2014910025740586,1286610,46c1dc5661c5fdc8,True,location-k4-fold2-seed0,2
cnn,CoPy_R,11,SS_vs_persistence,0.4428533612608151,1286610,46c1dc5661c5fdc8,True,location-k4-fold2-seed0,2
cnn,CoPy_R,11,SS_vs_seasonal,0.4227413338357836,1286610,46c1dc5661c5fdc8,True,location-k4-fold2-seed0,2
cnn,CoPy_R,11,SS_vs_ar,-0.09203396103053674,1286610,46c1dc5661c5fdc8,True,location-k4-fold2-seed0,2
cnn,CoPy_R,12,MSE,0.07311568419700809,1286610,46c1dc5661c5fdc8,True,location-k4-fold2-seed0,2
cnn,CoPy_R,12,MAE,0.20068696245058565,1286610,46c1dc5661c5fdc8,True,location-k4-fold2-seed0,2
cnn,CoPy_R,12,SS_vs_persistence,0.45370128856875425,1286610,46c1dc5661c5fdc8,True,location-k4-fold2-seed0,2
cnn,CoPy_R,12,SS_vs_seasonal,0.430023897477545,1286610,46c1dc5661c5fdc8,True,location-k4-fold2-seed0,2
cnn,CoPy_R,12,SS_vs_ar,-0.07641691425256969,1286610,46c1dc5661c5fdc8,True,location-k4-fold2-seed0,2
cnn,CoPy_R,13,MSE,0.0725203958195178,1286610,46c1dc5661c5fdc8,True,location-k4-fold2-seed0,2
cnn,CoPy_R,13,MAE,0.20021342455333133,1286610,46c1dc5661c5fdc8,True,location-k4-fold2-seed0,2
cnn,CoPy_R,13,SS_vs_persistence,0.4301942270952094,1286610,46c1dc5661c5fdc8,True,location-k4-fold2-seed0,2
cnn,CoPy_R,13,SS_vs_seasonal,0.43418500201895394,1286610,46c1dc5661c5fdc8,True,location-k4-fold2-seed0,2
cnn,CoPy_R,13,SS_vs_ar,-0.06835984876551304,1286610,46c1dc5661c5fdc8,True,location-k4-fold2-seed0,2
cnn,CoPy_R,14,MSE,0.07291673553700094,1286610,46c1dc5661c5fdc8,True,location-k4-fold2-seed0,2
cnn,CoPy_R,14,MAE,0.19969274214499858,1286610,46c1dc5661c5fdc8,True,location-k4-fold2-seed0,2
cnn,CoPy_R,14,SS_vs_persistence,0.41725194958537104,1286610,46c1dc5661c5fdc8,True,location-k4-fold2-seed0,2
cnn,CoPy_R,14,SS_vs_seasonal,0.42863352970769375,1286610,46c1dc5661c5fdc8,True,location-k4-fold2-seed0,2
cnn,CoPy_R,14,SS_vs_ar,-0.07106380530470413,1286610,46c1dc5661c5fdc8,True,location-k4-fold2-seed0,2
cnn,CoPy_R,15,MSE,0.07420073478767258,1286610,46c1dc5661c5fdc8,True,location-k4-fold2-seed0,2
cnn,CoPy_R,15,MAE,0.20192809811135026,1286610,46c1dc5661c5fdc8,True,location-k4-fold2-seed0,2
cnn,CoPy_R,15,SS_vs_persistence,0.43935805073656775,1286610,46c1dc5661c5fdc8,True,location-k4-fold2-seed0,2
cnn,CoPy_R,15,SS_vs_seasonal,0.4210503327407419,1286610,46c1dc5661c5fdc8,True,location-k4-fold2-seed0,2
cnn,CoPy_R,15,SS_vs_ar,-0.0838165929372241,1286610,46c1dc5661c5fdc8,True,location-k4-fold2-seed0,2
cnn,CoPy_R,16,MSE,0.07397449366016738,1286610,46c1dc5661c5fdc8,True,location-k4-fold2-seed0,2
cnn,CoPy_R,16,MAE,0.20217858679138892,1286610,46c1dc5661c5fdc8,True,location-k4-fold2-seed0,2
cnn,CoPy_R,16,SS_vs_persistence,0.4556116389705497,1286610,46c1dc5661c5fdc8,True,location-k4-fold2-seed0,2
cnn,CoPy_R,16,SS_vs_seasonal,0.42295245469558584,1286610,46c1dc5661c5fdc8,True,location-k4-fold2-seed0,2
cnn,CoPy_R,16,SS_vs_ar,-0.07907150811018893,1286610,46c1dc5661c5fdc8,True,location-k4-fold2-seed0,2
cnn,CoPy_R,17,MSE,0.07396928646359449,1286610,46c1dc5661c5fdc8,True,location-k4-fold2-seed0,2
cnn,CoPy_R,17,MAE,0.20196315669204581,1286610,46c1dc5661c5fdc8,True,location-k4-fold2-seed0,2
cnn,CoPy_R,17,SS_vs_persistence,0.4433392168842394,1286610,46c1dc5661c5fdc8,True,location-k4-fold2-seed0,2
cnn,CoPy_R,17,SS_vs_seasonal,0.422984752609617,1286610,46c1dc5661c5fdc8,True,location-k4-fold2-seed0,2
cnn,CoPy_R,17,SS_vs_ar,-0.08153023822410521,1286610,46c1dc5661c5fdc8,True,location-k4-fold2-seed0,2
cnn,CoPy_R,18,MSE,0.07255731765669254,1286610,46c1dc5661c5fdc8,True,location-k4-fold2-seed0,2
cnn,CoPy_R,18,MAE,0.19971421788871258,1286610,46c1dc5661c5fdc8,True,location-k4-fold2-seed0,2
cnn,CoPy_R,18,SS_vs_persistence,0.42995841491315945,1286610,46c1dc5661c5fdc8,True,location-k4-fold2-seed0,2
cnn,CoPy_R,18,SS_vs_seasonal,0.4313180449572689,1286610,46c1dc5661c5fdc8,True,location-k4-fold2-seed0,2
cnn,CoPy_R,18,SS_vs_ar,-0.0619745715588349,1286610,46c1dc5661c5fdc8,True,location-k4-fold2-seed0,2
cnn,CoPy_R,19,MSE,0.07276387062188662,1286610,46c1dc5661c5fdc8,True,location-k4-fold2-seed0,2
cnn,CoPy_R,19,MAE,0.19929982277192881,1286610,46c1dc5661c5fdc8,True,location-k4-fold2-seed0,2
cnn,CoPy_R,19,SS_vs_persistence,0.43603945548353173,1286610,46c1dc5661c5fdc8,True,location-k4-fold2-seed0,2
cnn,CoPy_R,19,SS_vs_seasonal,0.4489721622750048,1286610,46c1dc5661c5fdc8,True,location-k4-fold2-seed0,2
cnn,CoPy_R,19,SS_vs_ar,-0.06262021770784143,1286610,46c1dc5661c5fdc8,True,location-k4-fold2-seed0,2
cnn,CoPy_R,20,MSE,0.07432262867428548,1286610,46c1dc5661c5fdc8,True,location-k4-fold2-seed0,2
cnn,CoPy_R,20,MAE,0.20194817824557615,1286610,46c1dc5661c5fdc8,True,location-k4-fold2-seed0,2
cnn,CoPy_R,20,SS_vs_persistence,0.4559772165852851,1286610,46c1dc5661c5fdc8,True,location-k4-fold2-seed0,2
cnn,CoPy_R,20,SS_vs_seasonal,0.4392807811413858,1286610,46c1dc5661c5fdc8,True,location-k4-fold2-seed0,2
cnn,CoPy_R,20,SS_vs_ar,-0.08229573509711052,1286610,46c1dc5661c5fdc8,True,location-k4-fold2-seed0,2
cnn,CoPy_R,21,MSE,0.07431451870812715,1286610,46c1dc5661c5fdc8,True,location-k4-fold2-seed0,2
cnn,CoPy_R,21,MAE,0.2025536629458123,1286610,46c1dc5661c5fdc8,True,location-k4-fold2-seed0,2
cnn,CoPy_R,21,SS_vs_persistence,0.4632420806648673,1286610,46c1dc5661c5fdc8,True,location-k4-fold2-seed0,2
cnn,CoPy_R,21,SS_vs_seasonal,0.4348152132001061,1286610,46c1dc5661c5fdc8,True,location-k4-fold2-seed0,2
cnn,CoPy_R,21,SS_vs_ar,-0.08354601426640462,1286610,46c1dc5661c5fdc8,True,location-k4-fold2-seed0,2
cnn,CoPy_R,22,MSE,0.07440837512151897,1286610,46c1dc5661c5fdc8,True,location-k4-fold2-seed0,2
cnn,CoPy_R,22,MAE,0.20241235539333757,1286610,46c1dc5661c5fdc8,True,location-k4-fold2-seed0,2
cnn,CoPy_R,22,SS_vs_persistence,0.44696755355533035,1286610,46c1dc5661c5fdc8,True,location-k4-fold2-seed0,2
cnn,CoPy_R,22,SS_vs_seasonal,0.4370191728565622,1286610,46c1dc5661c5fdc8,True,location-k4-fold2-seed0,2
cnn,CoPy_R,22,SS_vs_ar,-0.09014203671829679,1286610,46c1dc5661c5fdc8,True,location-k4-fold2-seed0,2
cnn,CoPy_R,23,MSE,0.07377090017859797,1286610,46c1dc5661c5fdc8,True,location-k4-fold2-seed0,2
cnn,CoPy_R,23,MAE,0.20054504307551813,1286610,46c1dc5661c5fdc8,True,location-k4-fold2-seed0,2
cnn,CoPy_R,23,SS_vs_persistence,0.42961951156565614,1286610,46c1dc5661c5fdc8,True,location-k4-fold2-seed0,2
cnn,CoPy_R,23,SS_vs_seasonal,0.43766824102372603,1286610,46c1dc5661c5fdc8,True,location-k4-fold2-seed0,2
cnn,CoPy_R,23,SS_vs_ar,-0.08302501920476901,1286610,46c1dc5661c5fdc8,True,location-k4-fold2-seed0,2
cnn,CoPy_R,24,MSE,0.07414595535249904,1286610,46c1dc5661c5fdc8,True,location-k4-fold2-seed0,2
cnn,CoPy_R,24,MAE,0.20200877377813206,1286610,46c1dc5661c5fdc8,True,location-k4-fold2-seed0,2
cnn,CoPy_R,24,SS_vs_persistence,0.4332552193491258,1286610,46c1dc5661c5fdc8,True,location-k4-fold2-seed0,2
cnn,CoPy_R,24,SS_vs_seasonal,0.4353286920634044,1286610,46c1dc5661c5fdc8,True,location-k4-fold2-seed0,2
cnn,CoPy_R,24,SS_vs_ar,-0.08627571679167922,1286610,46c1dc5661c5fdc8,True,location-k4-fold2-seed0,2
cnn,CoPy_R,25,MSE,0.07343597770806824,1286610,46c1dc5661c5fdc8,True,location-k4-fold2-seed0,2
cnn,CoPy_R,25,MAE,0.20151616648366039,1286610,46c1dc5661c5fdc8,True,location-k4-fold2-seed0,2
cnn,CoPy_R,25,SS_vs_persistence,0.44186105427828837,1286610,46c1dc5661c5fdc8,True,location-k4-fold2-seed0,2
cnn,CoPy_R,25,SS_vs_seasonal,0.439932622555238,1286610,46c1dc5661c5fdc8,True,location-k4-fold2-seed0,2
cnn,CoPy_R,25,SS_vs_ar,-0.07736017244088056,1286610,46c1dc5661c5fdc8,True,location-k4-fold2-seed0,2
cnn,CoPy_R,26,MSE,0.07228740073809613,1286610,46c1dc5661c5fdc8,True,location-k4-fold2-seed0,2
cnn,CoPy_R,26,MAE,0.19983124856116122,1286610,46c1dc5661c5fdc8,True,location-k4-fold2-seed0,2
cnn,CoPy_R,26,SS_vs_persistence,0.4464806502893629,1286610,46c1dc5661c5fdc8,True,location-k4-fold2-seed0,2
cnn,CoPy_R,26,SS_vs_seasonal,0.4482632772122215,1286610,46c1dc5661c5fdc8,True,location-k4-fold2-seed0,2
cnn,CoPy_R,26,SS_vs_ar,-0.06077438251005085,1286610,46c1dc5661c5fdc8,True,location-k4-fold2-seed0,2
cnn,CoPy_R,27,MSE,0.07316844297624672,1286610,46c1dc5661c5fdc8,True,location-k4-fold2-seed0,2
cnn,CoPy_R,27,MAE,0.20134801190212917,1286610,46c1dc5661c5fdc8,True,location-k4-fold2-seed0,2
cnn,CoPy_R,27,SS_vs_persistence,0.44035437982927306,1286610,46c1dc5661c5fdc8,True,location-k4-fold2-seed0,2
cnn,CoPy_R,27,SS_vs_seasonal,0.4414223015941561,1286610,46c1dc5661c5fdc8,True,location-k4-fold2-seed0,2
cnn,CoPy_R,27,SS_vs_ar,-0.07395500786795184,1286610,46c1dc5661c5fdc8,True,location-k4-fold2-seed0,2
cnn,CoPy_R,28,MSE,0.07324649500151469,1286610,46c1dc5661c5fdc8,True,location-k4-fold2-seed0,2
cnn,CoPy_R,28,MAE,0.20013470185799476,1286610,46c1dc5661c5fdc8,True,location-k4-fold2-seed0,2
cnn,CoPy_R,28,SS_vs_persistence,0.4524486610815248,1286610,46c1dc5661c5fdc8,True,location-k4-fold2-seed0,2
cnn,CoPy_R,28,SS_vs_seasonal,0.43020208105503777,1286610,46c1dc5661c5fdc8,True,location-k4-fold2-seed0,2
cnn,CoPy_R,28,SS_vs_ar,-0.07223637881064748,1286610,46c1dc5661c5fdc8,True,location-k4-fold2-seed0,2
cnn,CoPy_R,29,MSE,0.07387287603801292,1286610,46c1dc5661c5fdc8,True,location-k4-fold2-seed0,2
cnn,CoPy_R,29,MAE,0.20096452865004508,1286610,46c1dc5661c5fdc8,True,location-k4-fold2-seed0,2
cnn,CoPy_R,29,SS_vs_persistence,0.4578667495079922,1286610,46c1dc5661c5fdc8,True,location-k4-fold2-seed0,2
cnn,CoPy_R,29,SS_vs_seasonal,0.4256284391818371,1286610,46c1dc5661c5fdc8,True,location-k4-fold2-seed0,2
cnn,CoPy_R,29,SS_vs_ar,-0.08161576029053053,1286610,46c1dc5661c5fdc8,True,location-k4-fold2-seed0,2
cnn,CoPy_R,30,MSE,0.07413199780798073,1286610,46c1dc5661c5fdc8,True,location-k4-fold2-seed0,2
cnn,CoPy_R,30,MAE,0.20182370424517032,1286610,46c1dc5661c5fdc8,True,location-k4-fold2-seed0,2
cnn,CoPy_R,30,SS_vs_persistence,0.44890668028232894,1286610,46c1dc5661c5fdc8,True,location-k4-fold2-seed0,2
cnn,CoPy_R,30,SS_vs_seasonal,0.4248194539064237,1286610,46c1dc5661c5fdc8,True,location-k4-fold2-seed0,2
cnn,CoPy_R,30,SS_vs_ar,-0.08558338919465425,1286610,46c1dc5661c5fdc8,True,location-k4-fold2-seed0,2
cnn,CoPy_R,all,MSE,0.07331189240995865,1286610,46c1dc5661c5fdc8,True,location-k4-fold2-seed0,2
cnn,CoPy_R,all,MAE,0.2006352403194402,1286610,46c1dc5661c5fdc8,True,location-k4-fold2-seed0,2
cnn,CoPy_R,all,SS_vs_persistence,0.43946905682451576,1286610,46c1dc5661c5fdc8,True,location-k4-fold2-seed0,2
cnn,CoPy_R,all,SS_vs_seasonal,0.43205807945198194,1286610,46c1dc5661c5fdc8,True,location-k4-fold2-seed0,2
cnn,CoPy_R,all,SS_vs_ar,-0.0776423702504645,1286610,46c1dc5661c5fdc8,True,location-k4-fold2-seed0,2
persistence,F_R,1,MSE,506859.1718829967,1529550,cc289a63a4f23862,True,location-k4-fold3-seed0,3
persistence,F_R,1,MAE,427.1469391416823,1529550,cc289a63a4f23862,True,location-k4-fold3-seed0,3
persistence,F_R,1,SS_vs_persistence,0.0,1529550,cc289a63a4f23862,True,location-k4-fold3-seed0,3
persistence,F_R,1,SS_vs_seasonal,0.36990842186958306,1529550,cc289a63a4f23862,True,location-k4-fold3-seed0,3
persistence,F_R,1,SS_vs_ar,-0.36911136730669103,1529550,cc289a63a4f23862,True,location-k4-fold3-seed0,3
persistence,F_R,2,MSE,572895.6648924924,1529550,cc289a63a4f23862,True,location-k4-fold3-seed0,3
persistence,F_R,2,MAE,468.9032909112361,1529550,cc289a63a4f23862,True,location-k4-fold3-seed0,3
persistence,F_R,2,SS_vs_persistence,0.0,1529550,cc289a63a4f23862,True,location-k4-fold3-seed0,3
persistence,F_R,2,SS_vs_seasonal,0.3029122185962123,1529550,cc289a63a4f23862,True,location-k4-fold3-seed0,3
persistence,F_R,2,SS_vs_ar,-0.3681930968348097,1529550,cc289a63a4f23862,True,location-k4-fold3-seed0,3
persistence,F_R,3,MSE,605355.3170093213,1529550,cc289a63a4f23862,True,location-k4-fold3-seed0,3
persistence,F_R,3,MAE,488.4006785514811,1529550,cc289a63a4f23862,True,location-k4-fold3-seed0,3
persistence,F_R,3,SS_vs_persistence,0.0,1529550,cc289a63a4f23862,True,location-k4-fold3-seed0,3
persistence,F_R,3,SS_vs_seasonal,0.27375631193237004,1529550,cc289a63a4f23862,True,location-k4-fold3-seed0,3
persistence,F_R,3,SS_vs_ar,-0.3471793332743798,1529550,cc289a63a4f23862,True,location-k4-fold3-seed0,3
persistence,F_R,4,MSE,619099.5048014243,1529550,cc289a63a4f23862,True,location-k4-fold3-seed0,3
persistence,F_R,4,MAE,496.2382496939204,1529550,cc289a63a4f23862,True,location-k4-fold3-seed0,3
persistence,F_R,4,SS_vs_persistence,0.0,1529550,cc289a63a4f23862,True,location-k4-fold3-seed0,3
persistence,F_R,4,SS_vs_seasonal,0.2613675291819607,1529550,cc289a63a4f23862,True,location-k4-fold3-seed0,3
persistence,F_R,4,SS_vs_ar,-0.3005660751495052,1529550,cc289a63a4f23862,True,location-k4-fold3-seed0,3
persistence,F_R,5,MSE,648785.6112354279,1529550,cc289a63a4f23862,True,location-k4-fold3-seed0,3
persistence,F_R,5,MAE,513.4772020684699,1529550,cc289a63a4f23862,True,location-k4-fold3-seed0,3
persistence,F_R,5,SS_vs_persistence,0.0,1529550,cc289a63a4f23862,True,location-k4-fold3-seed0,3
persistence,F_R,5,SS_vs_seasonal,0.23356918696804485,1529550,cc289a63a4f23862,True,location-k4-fold3-seed0,3
persistence,F_R,5,SS_vs_ar,-0.28488100233560276,1529550,cc289a63a4f23862,True,location-k4-fold3-seed0,3
persistence,F_R,6,MSE,650790.7749800603,1529550,cc289a63a4f23862,True,location-k4-fold3-seed0,3
persistence,F_R,6,MAE,510.39243165977894,1529550,cc289a63a4f23862,True,location-k4-fold3-seed0,3
persistence,F_R,6,SS_vs_persistence,0.0,1529550,cc289a63a4f23862,True,location-k4-fold3-seed0,3
persistence,F_R,6,SS_vs_seasonal,0.234281539926101,1529550,cc289a63a4f23862,True,location-k4-fold3-seed0,3
persistence,F_R,6,SS_vs_ar,-0.23894972398737102,1529550,cc289a63a4f23862,True,location-k4-fold3-seed0,3
persistence,F_R,7,MSE,680945.64533609,1529550,cc289a63a4f23862,True,location-k4-fold3-seed0,3
persistence,F_R,7,MAE,523.7967492353756,1529550,cc289a63a4f23862,True,location-k4-fold3-seed0,3
persistence,F_R,7,SS_vs_persistence,0.0,1529550,cc289a63a4f23862,True,location-k4-fold3-seed0,3
persistence,F_R,7,SS_vs_seasonal,0.20711260140453258,1529550,cc289a63a4f23862,True,location-k4-fold3-seed0,3
persistence,F_R,7,SS_vs_ar,-0.23656847390025937,1529550,cc289a63a4f23862,True,location-k4-fold3-seed0,3
persistence,F_R,8,MSE,687964.4009626999,1529550,cc289a63a4f23862,True,location-k4-fold3-seed0,3
persistence,F_R,8,MAE,525.9552734901732,1529550,cc289a63a4f23862,True,location-k4-fold3-seed0,3
persistence,F_R,8,SS_vs_persistence,0.0,1529550,cc289a63a4f23862,True,location-k4-fold3-seed0,3
persistence,F_R,8,SS_vs_seasonal,0.20415150447874864,1529550,cc289a63a4f23862,True,location-k4-fold3-seed0,3
persistence,F_R,8,SS_vs_ar,-0.20237310590281488,1529550,cc289a63a4f23862,True,location-k4-fold3-seed0,3
persistence,F_R,9,MSE,697547.4252095156,1529550,cc289a63a4f23862,True,location-k4-fold3-seed0,3
persistence,F_R,9,MAE,532.8476407018072,1529550,cc289a63a4f23862,True,location-k4-fold3-seed0,3
persistence,F_R,9,SS_vs_persistence,0.0,1529550,cc289a63a4f23862,True,location-k4-fold3-seed0,3
persistence,F_R,9,SS_vs_seasonal,0.1959129818439833,1529550,cc289a63a4f23862,True,location-k4-fold3-seed0,3
persistence,F_R,9,SS_vs_ar,-0.17781781270446206,1529550,cc289a63a4f23862,True,location-k4-fold3-seed0,3
persistence,F_R,10,MSE,696608.8464283322,1529550,cc289a63a4f23862,True,location-k4-fold3-seed0,3
persistence,F_R,10,MAE,529.329225665522,1529550,cc289a63a4f23862,True,location-k4-fold3-seed0,3
persistence,F_R,10,SS_vs_persistence,0.0,1529550,cc289a63a4f23862,True,location-k4-fold3-seed0,3
persistence,F_R,10,SS_vs_seasonal,0.19881658909762756,1529550,cc289a63a4f23862,True,location-k4-fold3-seed0,3
persistence,F_R,10,SS_vs_ar,-0.13952021249935287,1529550,cc289a63a4f23862,True,location-k4-fold3-seed0,3
persistence,F_R,11,MSE,719049.4629310621,1529550,cc289a63a4f23862,True,location-k4-fold3-seed0,3
persistence,F_R,11,MAE,544.6972859281528,1529550,cc289a63a4f23862,True,location-k4-fold3-seed0,3
persistence,F_R,11,SS_vs_persistence,0.0,1529550,cc289a63a4f23862,True,location-k4-fold3-seed0,3
persistence,F_R,11,SS_vs_seasonal,0.18581259669201877,1529550,cc289a63a4f23862,True,location-k4-fold3-seed0,3
persistence,F_R,11,SS_vs_ar,-0.1268935120567778,1529550,cc289a63a4f23862,True,location-k4-fold3-seed0,3
persistence,F_R,12,MSE,736035.3224660472,1529550,cc289a63a4f23862,True,location-k4-fold3-seed0,3
persistence,F_R,12,MAE,552.0513406114391,1529550,cc289a63a4f23862,True,location-k4-fold3-seed0,3
persistence,F_R,12,SS_vs_persistence,0.0,1529550,cc289a63a4f23862,True,location-k4-fold3-seed0,3
persistence,F_R,12,SS_vs_seasonal,0.17184844984313363,1529550,cc289a63a4f23862,True,location-k4-fold3-seed0,3
persistence,F_R,12,SS_vs_ar,-0.11660721237847715,1529550,cc289a63a4f23862,True,location-k4-fold3-seed0,3
persistence,F_R,13,MSE,749450.1820404826,1529550,cc289a63a4f23862,True,location-k4-fold3-seed0,3
persistence,F_R,13,MAE,556.4306793856342,1529550,cc289a63a4f23862,True,location-k4-fold3-seed0,3
persistence,F_R,13,SS_vs_persistence,0.0,1529550,cc289a63a4f23862,True,location-k4-fold3-seed0,3
persistence,F_R,13,SS_vs_seasonal,0.16039682038280245,1529550,cc289a63a4f23862,True,location-k4-fold3-seed0,3
persistence,F_R,13,SS_vs_ar,-0.1133458637163991,1529550,cc289a63a4f23862,True,location-k4-fold3-seed0,3
persistence,F_R,14,MSE,747881.6072558817,1529550,cc289a63a4f23862,True,location-k4-fold3-seed0,3
persistence,F_R,14,MAE,553.687835974084,1529550,cc289a63a4f23862,True,location-k4-fold3-seed0,3
persistence,F_R,14,SS_vs_persistence,0.0,1529550,cc289a63a4f23862,True,location-k4-fold3-seed0,3
persistence,F_R,14,SS_vs_seasonal,0.16466829084194345,1529550,cc289a63a4f23862,True,location-k4-fold3-seed0,3
persistence,F_R,14,SS_vs_ar,-0.0904560637927998,1529550,cc289a63a4f23862,True,location-k4-fold3-seed0,3
persistence,F_R,15,MSE,756219.7885593312,1529550,cc289a63a4f23862,True,location-k4-fold3-seed0,3
persistence,F_R,15,MAE,560.7745496866036,1529550,cc289a63a4f23862,True,location-k4-fold3-seed0,3
persistence,F_R,15,SS_vs_persistence,0.0,1529550,cc289a63a4f23862,True,location-k4-fold3-seed0,3
persistence,F_R,15,SS_vs_seasonal,0.161261572080582,1529550,cc289a63a4f23862,True,location-k4-fold3-seed0,3
persistence,F_R,15,SS_vs_ar,-0.07169398821838024,1529550,cc289a63a4f23862,True,location-k4-fold3-seed0,3
persistence,F_R,16,MSE,797547.7317623873,1529550,cc289a63a4f23862,True,location-k4-fold3-seed0,3
persistence,F_R,16,MAE,575.2049321482039,1529550,cc289a63a4f23862,True,location-k4-fold3-seed0,3
persistence,F_R,16,SS_vs_persistence,0.0,1529550,cc289a63a4f23862,True,location-k4-fold3-seed0,3
persistence,F_R,16,SS_vs_seasonal,0.13994241015140385,1529550,cc289a63a4f23862,True,location-k4-fold3-seed0,3
persistence,F_R,16,SS_vs_ar,-0.07342715789876153,1529550,cc289a63a4f23862,True,location-k4-fold3-seed0,3
persistence,F_R,17,MSE,815910.7178427181,1529550,cc289a63a4f23862,True,location-k4-fold3-seed0,3
persistence,F_R,17,MAE,578.3705046233727,1529550,cc289a63a4f23862,True,location-k4-fold3-seed0,3
persistence,F_R,17,SS_vs_persistence,0.0,1529550,cc289a63a4f23862,True,location-k4-fold3-seed0,3
persistence,F_R,17,SS_vs_seasonal,0.1295604010356355,1529550,cc289a63a4f23862,True,location-k4-fold3-seed0,3
persistence,F_R,17,SS_vs_ar,-0.06781873737871091,1529550,cc289a63a4f23862,True,location-k4-fold3-seed0,3
persistence,F_R,18,MSE,825578.625126207,1529550,cc289a63a4f23862,True,location-k4-fold3-seed0,3
persistence,F_R,18,MAE,582.3390213478076,1529550,cc289a63a4f23862,True,location-k4-fold3-seed0,3
persistence,F_R,18,SS_vs_persistence,0.0,1529550,cc289a63a4f23862,True,location-k4-fold3-seed0,3
persistence,F_R,18,SS_vs_seasonal,0.12204170850336249,1529550,cc289a63a4f23862,True,location-k4-fold3-seed0,3
persistence,F_R,18,SS_vs_ar,-0.04790141625468003,1529550,cc289a63a4f23862,True,location-k4-fold3-seed0,3
persistence,F_R,19,MSE,841738.1560501043,1529550,cc289a63a4f23862,True,location-k4-fold3-seed0,3
persistence,F_R,19,MAE,591.3443934662922,1529550,cc289a63a4f23862,True,location-k4-fold3-seed0,3
persistence,F_R,19,SS_vs_persistence,0.0,1529550,cc289a63a4f23862,True,location-k4-fold3-seed0,3
persistence,F_R,19,SS_vs_seasonal,0.10975490774999352,1529550,cc289a63a4f23862,True,location-k4-fold3-seed0,3
persistence,F_R,19,SS_vs_ar,-0.037019701359718216,1529550,cc289a63a4f23862,True,location-k4-fold3-seed0,3
persistence,F_R,20,MSE,855249.7816459275,1529550,cc289a63a4f23862,True,location-k4-fold3-seed0,3
persistence,F_R,20,MAE,595.7664421109226,1529550,cc289a63a4f23862,True,location-k4-fold3-seed0,3
persistence,F_R,20,SS_vs_persistence,0.0,1529550,cc289a63a4f23862,True,location-k4-fold3-seed0,3
persistence,F_R,20,SS_vs_seasonal,0.09520935174803924,1529550,cc289a63a4f23862,True,location-k4-fold3-seed0,3
persistence,F_R,20,SS_vs_ar,-0.02690694334005439,1529550,cc289a63a4f23862,True,location-k4-fold3-seed0,3
persistence,F_R,21,MSE,858741.268131435,1529550,cc289a63a4f23862,True,location-k4-fold3-seed0,3
persistence,F_R,21,MAE,596.4841940673037,1529550,cc289a63a4f23862,True,location-k4-fold3-seed0,3
persistence,F_R,21,SS_vs_persistence,0.0,1529550,cc289a63a4f23862,True,location-k4-fold3-seed0,3
persistence,F_R,21,SS_vs_seasonal,0.09639380068492254,1529550,cc289a63a4f23862,True,location-k4-fold3-seed0,3
persistence,F_R,21,SS_vs_ar,-0.01242564284090264,1529550,cc289a63a4f23862,True,location-k4-fold3-seed0,3
persistence,F_R,22,MSE,874286.840690103,1529550,cc289a63a4f23862,True,location-k4-fold3-seed0,3
persistence,F_R,22,MAE,600.9043971936446,1529550,cc289a63a4f23862,True,location-k4-fold3-seed0,3
persistence,F_R,22,SS_vs_persistence,0.0,1529550,cc289a63a4f23862,True,location-k4-fold3-seed0,3
persistence,F_R,22,SS_vs_seasonal,0.08103943787695744,1529550,cc289a63a4f23862,True,location-k4-fold3-seed0,3
persistence,F_R,22,SS_vs_ar,-0.007338961877166872,1529550,cc289a63a4f23862,True,location-k4-fold3-seed0,3
persistence,F_R,23,MSE,892176.7570585428,1529550,cc289a63a4f23862,True,location-k4-fold3-seed0,3
persistence,F_R,23,MAE,608.929106226479,1529550,cc289a63a4f23862,True,location-k4-fold3-seed0,3
persistence,F_R,23,SS_vs_persistence,0.0,1529550,cc289a63a4f23862,True,location-k4-fold3-seed0,3
persistence,F_R,23,SS_vs_seasonal,0.07099862177592697,1529550,cc289a63a4f23862,True,location-k4-fold3-seed0,3
persistence,F_R,23,SS_vs_ar,-0.006639275189066041,1529550,cc289a63a4f23862,True,location-k4-fold3-seed0,3
persistence,F_R,24,MSE,897209.1226814287,1529550,cc289a63a4f23862,True,location-k4-fold3-seed0,3
persistence,F_R,24,MAE,609.667807114876,1529550,cc289a63a4f23862,True,location-k4-fold3-seed0,3
persistence,F_R,24,SS_vs_persistence,0.0,1529550,cc289a63a4f23862,True,location-k4-fold3-seed0,3
persistence,F_R,24,SS_vs_seasonal,0.06723910041655345,1529550,cc289a63a4f23862,True,location-k4-fold3-seed0,3
persistence,F_R,24,SS_vs_ar,0.000680505544868315,1529550,cc289a63a4f23862,True,location-k4-fold3-seed0,3
persistence,F_R,25,MSE,907977.3646561325,1529550,cc289a63a4f23862,True,location-k4-fold3-seed0,3
persistence,F_R,25,MAE,613.592149388492,1529550,cc289a63a4f23862,True,location-k4-fold3-seed0,3
persistence,F_R,25,SS_vs_persistence,0.0,1529550,cc289a63a4f23862,True,location-k4-fold3-seed0,3
persistence,F_R,25,SS_vs_seasonal,0.05834607714439011,1529550,cc289a63a4f23862,True,location-k4-fold3-seed0,3
persistence,F_R,25,SS_vs_ar,0.0039092006815640845,1529550,cc289a63a4f23862,True,location-k4-fold3-seed0,3
persistence,F_R,26,MSE,925063.6743029966,1529550,cc289a63a4f23862,True,location-k4-fold3-seed0,3
persistence,F_R,26,MAE,622.7710850301789,1529550,cc289a63a4f23862,True,location-k4-fold3-seed0,3
persistence,F_R,26,SS_vs_persistence,0.0,1529550,cc289a63a4f23862,True,location-k4-fold3-seed0,3
persistence,F_R,26,SS_vs_seasonal,0.03988009445692131,1529550,cc289a63a4f23862,True,location-k4-fold3-seed0,3
persistence,F_R,26,SS_vs_ar,0.0046966024455800115,1529550,cc289a63a4f23862,True,location-k4-fold3-seed0,3
persistence,F_R,27,MSE,950329.6762148091,1529550,cc289a63a4f23862,True,location-k4-fold3-seed0,3
persistence,F_R,27,MAE,632.3767875489574,1529550,cc289a63a4f23862,True,location-k4-fold3-seed0,3
persistence,F_R,27,SS_vs_persistence,0.0,1529550,cc289a63a4f23862,True,location-k4-fold3-seed0,3
persistence,F_R,27,SS_vs_seasonal,0.01797749412668115,1529550,cc289a63a4f23862,True,location-k4-fold3-seed0,3
persistence,F_R,27,SS_vs_ar,-0.008576949778867027,1529550,cc289a63a4f23862,True,location-k4-fold3-seed0,3
persistence,F_R,28,MSE,951622.6911745978,1529550,cc289a63a4f23862,True,location-k4-fold3-seed0,3
persistence,F_R,28,MAE,631.7304024295596,1529550,cc289a63a4f23862,True,location-k4-fold3-seed0,3
persistence,F_R,28,SS_vs_persistence,0.0,1529550,cc289a63a4f23862,True,location-k4-fold3-seed0,3
persistence,F_R,28,SS_vs_seasonal,0.018174145025941946,1529550,cc289a63a4f23862,True,location-k4-fold3-seed0,3
persistence,F_R,28,SS_vs_ar,0.0018542219132710036,1529550,cc289a63a4f23862,True,location-k4-fold3-seed0,3
persistence,F_R,29,MSE,963169.8902083646,1529550,cc289a63a4f23862,True,location-k4-fold3-seed0,3
persistence,F_R,29,MAE,636.4685812875034,1529550,cc289a63a4f23862,True,location-k4-fold3-seed0,3
persistence,F_R,29,SS_vs_persistence,0.0,1529550,cc289a63a4f23862,True,location-k4-fold3-seed0,3
persistence,F_R,29,SS_vs_seasonal,0.005893841503287756,1529550,cc289a63a4f23862,True,location-k4-fold3-seed0,3
persistence,F_R,29,SS_vs_ar,0.00459093014980172,1529550,cc289a63a4f23862,True,location-k4-fold3-seed0,3
persistence,F_R,30,MSE,957045.2712736105,1529550,cc289a63a4f23862,True,location-k4-fold3-seed0,3
persistence,F_R,30,MAE,635.7309579219071,1529550,cc289a63a4f23862,True,location-k4-fold3-seed0,3
persistence,F_R,30,SS_vs_persistence,0.0,1529550,cc289a63a4f23862,True,location-k4-fold3-seed0,3
persistence,F_R,30,SS_vs_seasonal,0.01032639476065944,1529550,cc289a63a4f23862,True,location-k4-fold3-seed0,3
persistence,F_R,30,SS_vs_ar,0.02390857488849296,1529550,cc289a63a4f23862,True,location-k4-fold3-seed0,3
persistence,F_R,all,MSE,779637.8764960174,1529550,cc289a63a4f23862,True,location-k4-fold3-seed0,3
persistence,F_R,all,MAE,563.1936711536954,1529550,cc289a63a4f23862,True,location-k4-fold3-seed0,3
persistence,F_R,all,SS_vs_persistence,0.0,1529550,cc289a63a4f23862,True,location-k4-fold3-seed0,3
persistence,F_R,all,SS_vs_seasonal,0.14125599311596493,1529550,cc289a63a4f23862,True,location-k4-fold3-seed0,3
persistence,F_R,all,SS_vs_ar,-0.08498064658955728,1529550,cc289a63a4f23862,True,location-k4-fold3-seed0,3
persistence,CoPx_R,1,MSE,0.044526934173003116,1445553,cc289a63a4f23862,True,location-k4-fold3-seed0,3
persistence,CoPx_R,1,MAE,0.0878631945152933,1445553,cc289a63a4f23862,True,location-k4-fold3-seed0,3
persistence,CoPx_R,1,SS_vs_persistence,2.245825747593244e-11,1445553,cc289a63a4f23862,True,location-k4-fold3-seed0,3
persistence,CoPx_R,1,SS_vs_seasonal,0.07176213407680199,1445553,cc289a63a4f23862,True,location-k4-fold3-seed0,3
persistence,CoPx_R,1,SS_vs_ar,-1.2413313843704374,1445553,cc289a63a4f23862,True,location-k4-fold3-seed0,3
persistence,CoPx_R,2,MSE,0.05077815309137707,1445553,cc289a63a4f23862,True,location-k4-fold3-seed0,3
persistence,CoPx_R,2,MAE,0.09638748213910897,1445553,cc289a63a4f23862,True,location-k4-fold3-seed0,3
persistence,CoPx_R,2,SS_vs_persistence,1.9693469077708414e-11,1445553,cc289a63a4f23862,True,location-k4-fold3-seed0,3
persistence,CoPx_R,2,SS_vs_seasonal,-0.021147497535521254,1445553,cc289a63a4f23862,True,location-k4-fold3-seed0,3
persistence,CoPx_R,2,SS_vs_ar,-1.5331056282147921,1445553,cc289a63a4f23862,True,location-k4-fold3-seed0,3
persistence,CoPx_R,3,MSE,0.047760164557810666,1445553,cc289a63a4f23862,True,location-k4-fold3-seed0,3
persistence,CoPx_R,3,MAE,0.0956852161612696,1445553,cc289a63a4f23862,True,location-k4-fold3-seed0,3
persistence,CoPx_R,3,SS_vs_persistence,2.0937918066010752e-11,1445553,cc289a63a4f23862,True,location-k4-fold3-seed0,3
persistence,CoPx_R,3,SS_vs_seasonal,0.014889210349300463,1445553,cc289a63a4f23862,True,location-k4-fold3-seed0,3
persistence,CoPx_R,3,SS_vs_ar,-1.3874433861718662,1445553,cc289a63a4f23862,True,location-k4-fold3-seed0,3
persistence,CoPx_R,4,MSE,0.05019879833819835,1445553,cc289a63a4f23862,True,location-k4-fold3-seed0,3
persistence,CoPx_R,4,MAE,0.096925903808701,1445553,cc289a63a4f23862,True,location-k4-fold3-seed0,3
persistence,CoPx_R,4,SS_vs_persistence,1.9920731730849184e-11,1445553,cc289a63a4f23862,True,location-k4-fold3-seed0,3
persistence,CoPx_R,4,SS_vs_seasonal,-0.021546551806974845,1445553,cc289a63a4f23862,True,location-k4-fold3-seed0,3
persistence,CoPx_R,4,SS_vs_ar,-1.4941306247231978,1445553,cc289a63a4f23862,True,location-k4-fold3-seed0,3
persistence,CoPx_R,5,MSE,0.052768091356657006,1445553,cc289a63a4f23862,True,location-k4-fold3-seed0,3
persistence,CoPx_R,5,MAE,0.09979446836785578,1445553,cc289a63a4f23862,True,location-k4-fold3-seed0,3
persistence,CoPx_R,5,SS_vs_persistence,1.8950840896536647e-11,1445553,cc289a63a4f23862,True,location-k4-fold3-seed0,3
persistence,CoPx_R,5,SS_vs_seasonal,-0.05834068767206535,1445553,cc289a63a4f23862,True,location-k4-fold3-seed0,3
persistence,CoPx_R,5,SS_vs_ar,-1.6259089148284183,1445553,cc289a63a4f23862,True,location-k4-fold3-seed0,3
persistence,CoPx_R,6,MSE,0.05096849329799404,1445553,cc289a63a4f23862,True,location-k4-fold3-seed0,3
persistence,CoPx_R,6,MAE,0.09810133676730191,1445553,cc289a63a4f23862,True,location-k4-fold3-seed0,3
persistence,CoPx_R,6,SS_vs_persistence,1.961997231347823e-11,1445553,cc289a63a4f23862,True,location-k4-fold3-seed0,3
persistence,CoPx_R,6,SS_vs_seasonal,-0.03490780221883272,1445553,cc289a63a4f23862,True,location-k4-fold3-seed0,3
persistence,CoPx_R,6,SS_vs_ar,-1.5268176494417522,1445553,cc289a63a4f23862,True,location-k4-fold3-seed0,3
persistence,CoPx_R,7,MSE,0.050707433264384115,1445553,cc289a63a4f23862,True,location-k4-fold3-seed0,3
persistence,CoPx_R,7,MAE,0.10091331581030608,1445553,cc289a63a4f23862,True,location-k4-fold3-seed0,3
persistence,CoPx_R,7,SS_vs_persistence,1.9721002608719118e-11,1445553,cc289a63a4f23862,True,location-k4-fold3-seed0,3
persistence,CoPx_R,7,SS_vs_seasonal,-0.0380972023688253,1445553,cc289a63a4f23862,True,location-k4-fold3-seed0,3
persistence,CoPx_R,7,SS_vs_ar,-1.5107022172405014,1445553,cc289a63a4f23862,True,location-k4-fold3-seed0,3
persistence,CoPx_R,8,MSE,0.05213118742045637,1445553,cc289a63a4f23862,True,location-k4-fold3-seed0,3
persistence,CoPx_R,8,MAE,0.10148597074388639,1445553,cc289a63a4f23862,True,location-k4-fold3-seed0,3
persistence,CoPx_R,8,SS_vs_persistence,1.9182322397170992e-11,1445553,cc289a63a4f23862,True,location-k4-fold3-seed0,3
persistence,CoPx_R,8,SS_vs_seasonal,-0.05819413962628994,1445553,cc289a63a4f23862,True,location-k4-fold3-seed0,3
persistence,CoPx_R,8,SS_vs_ar,-1.5789258673842044,1445553,cc289a63a4f23862,True,location-k4-fold3-seed0,3
persistence,CoPx_R,9,MSE,0.0524277570125183,1445553,cc289a63a4f23862,True,location-k4-fold3-seed0,3
persistence,CoPx_R,9,MAE,0.10240189764997383,1445553,cc289a63a4f23862,True,location-k4-fold3-seed0,3
persistence,CoPx_R,9,SS_vs_persistence,1.9073853607665114e-11,1445553,cc289a63a4f23862,True,location-k4-fold3-seed0,3
persistence,CoPx_R,9,SS_vs_seasonal,-0.07272365200321396,1445553,cc289a63a4f23862,True,location-k4-fold3-seed0,3
persistence,CoPx_R,9,SS_vs_ar,-1.608181984724458,1445553,cc289a63a4f23862,True,location-k4-fold3-seed0,3
persistence,CoPx_R,10,MSE,0.05139635511759803,1445553,cc289a63a4f23862,True,location-k4-fold3-seed0,3
persistence,CoPx_R,10,MAE,0.10056855980691103,1445553,cc289a63a4f23862,True,location-k4-fold3-seed0,3
persistence,CoPx_R,10,SS_vs_persistence,1.9456658506555868e-11,1445553,cc289a63a4f23862,True,location-k4-fold3-seed0,3
persistence,CoPx_R,10,SS_vs_seasonal,-0.056509769211740446,1445553,cc289a63a4f23862,True,location-k4-fold3-seed0,3
persistence,CoPx_R,10,SS_vs_ar,-1.5671039833149276,1445553,cc289a63a4f23862,True,location-k4-fold3-seed0,3
persistence,CoPx_R,11,MSE,0.05274028794627692,1445553,cc289a63a4f23862,True,location-k4-fold3-seed0,3
persistence,CoPx_R,11,MAE,0.10198327672263388,1445553,cc289a63a4f23862,True,location-k4-fold3-seed0,3
persistence,CoPx_R,11,SS_vs_persistence,1.8960832903758273e-11,1445553,cc289a63a4f23862,True,location-k4-fold3-seed0,3
persistence,CoPx_R,11,SS_vs_seasonal,-0.07004602584104758,1445553,cc289a63a4f23862,True,location-k4-fold3-seed0,3
persistence,CoPx_R,11,SS_vs_ar,-1.6293791944491192,1445553,cc289a63a4f23862,True,location-k4-fold3-seed0,3
persistence,CoPx_R,12,MSE,0.05511889384348241,1445553,cc289a63a4f23862,True,location-k4-fold3-seed0,3
persistence,CoPx_R,12,MAE,0.10518228415692576,1445553,cc289a63a4f23862,True,location-k4-fold3-seed0,3
persistence,CoPx_R,12,SS_vs_persistence,1.8142598534609533e-11,1445553,cc289a63a4f23862,True,location-k4-fold3-seed0,3
persistence,CoPx_R,12,SS_vs_seasonal,-0.11101484410166895,1445553,cc289a63a4f23862,True,location-k4-fold3-seed0,3
persistence,CoPx_R,12,SS_vs_ar,-1.751180995200151,1445553,cc289a63a4f23862,True,location-k4-fold3-seed0,3
persistence,CoPx_R,13,MSE,0.05638690144681532,1445553,cc289a63a4f23862,True,location-k4-fold3-seed0,3
persistence,CoPx_R,13,MAE,0.10678393468659644,1445553,cc289a63a4f23862,True,location-k4-fold3-seed0,3
persistence,CoPx_R,13,SS_vs_persistence,1.7734591573059788e-11,1445553,cc289a63a4f23862,True,location-k4-fold3-seed0,3
persistence,CoPx_R,13,SS_vs_seasonal,-0.12291044485374214,1445553,cc289a63a4f23862,True,location-k4-fold3-seed0,3
persistence,CoPx_R,13,SS_vs_ar,-1.8111533733029126,1445553,cc289a63a4f23862,True,location-k4-fold3-seed0,3
persistence,CoPx_R,14,MSE,0.05239414875363277,1445553,cc289a63a4f23862,True,location-k4-fold3-seed0,3
persistence,CoPx_R,14,MAE,0.10353487258189155,1445553,cc289a63a4f23862,True,location-k4-fold3-seed0,3
persistence,CoPx_R,14,SS_vs_persistence,1.908606606093599e-11,1445553,cc289a63a4f23862,True,location-k4-fold3-seed0,3
persistence,CoPx_R,14,SS_vs_seasonal,-0.05664724957484202,1445553,cc289a63a4f23862,True,location-k4-fold3-seed0,3
persistence,CoPx_R,14,SS_vs_ar,-1.6145693398302083,1445553,cc289a63a4f23862,True,location-k4-fold3-seed0,3
persistence,CoPx_R,15,MSE,0.05333578470234898,1445553,cc289a63a4f23862,True,location-k4-fold3-seed0,3
persistence,CoPx_R,15,MAE,0.10413464239091175,1445553,cc289a63a4f23862,True,location-k4-fold3-seed0,3
persistence,CoPx_R,15,SS_vs_persistence,1.8749113372962256e-11,1445553,cc289a63a4f23862,True,location-k4-fold3-seed0,3
persistence,CoPx_R,15,SS_vs_seasonal,-0.061509130697428915,1445553,cc289a63a4f23862,True,location-k4-fold3-seed0,3
persistence,CoPx_R,15,SS_vs_ar,-1.6516761855170756,1445553,cc289a63a4f23862,True,location-k4-fold3-seed0,3
persistence,CoPx_R,16,MSE,0.05538814719576707,1445553,cc289a63a4f23862,True,location-k4-fold3-seed0,3
persistence,CoPx_R,16,MAE,0.10547032384143476,1445553,cc289a63a4f23862,True,location-k4-fold3-seed0,3
persistence,CoPx_R,16,SS_vs_persistence,1.8054335804151833e-11,1445553,cc289a63a4f23862,True,location-k4-fold3-seed0,3
persistence,CoPx_R,16,SS_vs_seasonal,-0.09650099022136915,1445553,cc289a63a4f23862,True,location-k4-fold3-seed0,3
persistence,CoPx_R,16,SS_vs_ar,-1.7529689042575916,1445553,cc289a63a4f23862,True,location-k4-fold3-seed0,3
persistence,CoPx_R,17,MSE,0.05254629897455397,1445553,cc289a63a4f23862,True,location-k4-fold3-seed0,3
persistence,CoPx_R,17,MAE,0.10420880431750122,1445553,cc289a63a4f23862,True,location-k4-fold3-seed0,3
persistence,CoPx_R,17,SS_vs_persistence,1.9030776954309658e-11,1445553,cc289a63a4f23862,True,location-k4-fold3-seed0,3
persistence,CoPx_R,17,SS_vs_seasonal,-0.06724452738932607,1445553,cc289a63a4f23862,True,location-k4-fold3-seed0,3
persistence,CoPx_R,17,SS_vs_ar,-1.620208477090078,1445553,cc289a63a4f23862,True,location-k4-fold3-seed0,3
persistence,CoPx_R,18,MSE,0.05309385656486269,1445553,cc289a63a4f23862,True,location-k4-fold3-seed0,3
persistence,CoPx_R,18,MAE,0.10634888427336324,1445553,cc289a63a4f23862,True,location-k4-fold3-seed0,3
persistence,CoPx_R,18,SS_vs_persistence,1.8834600545858393e-11,1445553,cc289a63a4f23862,True,location-k4-fold3-seed0,3
persistence,CoPx_R,18,SS_vs_seasonal,-0.06309085480027266,1445553,cc289a63a4f23862,True,location-k4-fold3-seed0,3
persistence,CoPx_R,18,SS_vs_ar,-1.6560659426894224,1445553,cc289a63a4f23862,True,location-k4-fold3-seed0,3
persistence,CoPx_R,19,MSE,0.05528439803669192,1445553,cc289a63a4f23862,True,location-k4-fold3-seed0,3
persistence,CoPx_R,19,MAE,0.10823517685919117,1445553,cc289a63a4f23862,True,location-k4-fold3-seed0,3
persistence,CoPx_R,19,SS_vs_persistence,1.8088308628705363e-11,1445553,cc289a63a4f23862,True,location-k4-fold3-seed0,3
persistence,CoPx_R,19,SS_vs_seasonal,-0.09638766940452803,1445553,cc289a63a4f23862,True,location-k4-fold3-seed0,3
persistence,CoPx_R,19,SS_vs_ar,-1.766564572238666,1445553,cc289a63a4f23862,True,location-k4-fold3-seed0,3
persistence,CoPx_R,20,MSE,0.05564232948893608,1445553,cc289a63a4f23862,True,location-k4-fold3-seed0,3
persistence,CoPx_R,20,MAE,0.10734366205150696,1445553,cc289a63a4f23862,True,location-k4-fold3-seed0,3
persistence,CoPx_R,20,SS_vs_persistence,1.7971957255724647e-11,1445553,cc289a63a4f23862,True,location-k4-fold3-seed0,3
persistence,CoPx_R,20,SS_vs_seasonal,-0.11211932014437953,1445553,cc289a63a4f23862,True,location-k4-fold3-seed0,3
persistence,CoPx_R,20,SS_vs_ar,-1.7924317549093423,1445553,cc289a63a4f23862,True,location-k4-fold3-seed0,3
persistence,CoPx_R,21,MSE,0.0538423975370522,1445553,cc289a63a4f23862,True,location-k4-fold3-seed0,3
persistence,CoPx_R,21,MAE,0.1062349263413104,1445553,cc289a63a4f23862,True,location-k4-fold3-seed0,3
persistence,CoPx_R,21,SS_vs_persistence,1.857269893434932e-11,1445553,cc289a63a4f23862,True,location-k4-fold3-seed0,3
persistence,CoPx_R,21,SS_vs_seasonal,-0.08440879400528378,1445553,cc289a63a4f23862,True,location-k4-fold3-seed0,3
persistence,CoPx_R,21,SS_vs_ar,-1.7037444258776278,1445553,cc289a63a4f23862,True,location-k4-fold3-seed0,3
persistence,CoPx_R,22,MSE,0.05273550913963334,1445553,cc289a63a4f23862,True,location-k4-fold3-seed0,3
persistence,CoPx_R,22,MAE,0.10619965991588926,1445553,cc289a63a4f23862,True,location-k4-fold3-seed0,3
persistence,CoPx_R,22,SS_vs_persistence,1.896249823829521e-11,1445553,cc289a63a4f23862,True,location-k4-fold3-seed0,3
persistence,CoPx_R,22,SS_vs_seasonal,-0.05187436625197028,1445553,cc289a63a4f23862,True,location-k4-fold3-seed0,3
persistence,CoPx_R,22,SS_vs_ar,-1.674252124899139,1445553,cc289a63a4f23862,True,location-k4-fold3-seed0,3
persistence,CoPx_R,23,MSE,0.05531104656643612,1445553,cc289a63a4f23862,True,location-k4-fold3-seed0,3
persistence,CoPx_R,23,MAE,0.10892642521530867,1445553,cc289a63a4f23862,True,location-k4-fold3-seed0,3
persistence,CoPx_R,23,SS_vs_persistence,1.8079537866810824e-11,1445553,cc289a63a4f23862,True,location-k4-fold3-seed0,3
persistence,CoPx_R,23,SS_vs_seasonal,-0.09207316280970512,1445553,cc289a63a4f23862,True,location-k4-fold3-seed0,3
persistence,CoPx_R,23,SS_vs_ar,-1.791942087566258,1445553,cc289a63a4f23862,True,location-k4-fold3-seed0,3
persistence,CoPx_R,24,MSE,0.05488426455761443,1445553,cc289a63a4f23862,True,location-k4-fold3-seed0,3
persistence,CoPx_R,24,MAE,0.10915278242988605,1445553,cc289a63a4f23862,True,location-k4-fold3-seed0,3
persistence,CoPx_R,24,SS_vs_persistence,1.822009210172837e-11,1445553,cc289a63a4f23862,True,location-k4-fold3-seed0,3
persistence,CoPx_R,24,SS_vs_seasonal,-0.08665698622661777,1445553,cc289a63a4f23862,True,location-k4-fold3-seed0,3
persistence,CoPx_R,24,SS_vs_ar,-1.7732825847159632,1445553,cc289a63a4f23862,True,location-k4-fold3-seed0,3
persistence,CoPx_R,25,MSE,0.05277663222408746,1445553,cc289a63a4f23862,True,location-k4-fold3-seed0,3
persistence,CoPx_R,25,MAE,0.10742380930093458,1445553,cc289a63a4f23862,True,location-k4-fold3-seed0,3
persistence,CoPx_R,25,SS_vs_persistence,1.8947732272067697e-11,1445553,cc289a63a4f23862,True,location-k4-fold3-seed0,3
persistence,CoPx_R,25,SS_vs_seasonal,-0.04338183278519048,1445553,cc289a63a4f23862,True,location-k4-fold3-seed0,3
persistence,CoPx_R,25,SS_vs_ar,-1.6757685877828217,1445553,cc289a63a4f23862,True,location-k4-fold3-seed0,3
persistence,CoPx_R,26,MSE,0.05670120124053215,1445553,cc289a63a4f23862,True,location-k4-fold3-seed0,3
persistence,CoPx_R,26,MAE,0.109141466548791,1445553,cc289a63a4f23862,True,location-k4-fold3-seed0,3
persistence,CoPx_R,26,SS_vs_persistence,1.7636336835380462e-11,1445553,cc289a63a4f23862,True,location-k4-fold3-seed0,3
persistence,CoPx_R,26,SS_vs_seasonal,-0.10880302180767698,1445553,cc289a63a4f23862,True,location-k4-fold3-seed0,3
persistence,CoPx_R,26,SS_vs_ar,-1.8688885445475178,1445553,cc289a63a4f23862,True,location-k4-fold3-seed0,3
persistence,CoPx_R,27,MSE,0.05730970243698271,1445553,cc289a63a4f23862,True,location-k4-fold3-seed0,3
persistence,CoPx_R,27,MAE,0.11078042070874587,1445553,cc289a63a4f23862,True,location-k4-fold3-seed0,3
persistence,CoPx_R,27,SS_vs_persistence,1.7449042211126198e-11,1445553,cc289a63a4f23862,True,location-k4-fold3-seed0,3
persistence,CoPx_R,27,SS_vs_seasonal,-0.11556517532564548,1445553,cc289a63a4f23862,True,location-k4-fold3-seed0,3
persistence,CoPx_R,27,SS_vs_ar,-1.8998589966706843,1445553,cc289a63a4f23862,True,location-k4-fold3-seed0,3
persistence,CoPx_R,28,MSE,0.05537381096536328,1445553,cc289a63a4f23862,True,location-k4-fold3-seed0,3
persistence,CoPx_R,28,MAE,0.10948069071150598,1445553,cc289a63a4f23862,True,location-k4-fold3-seed0,3
persistence,CoPx_R,28,SS_vs_persistence,1.805910976315772e-11,1445553,cc289a63a4f23862,True,location-k4-fold3-seed0,3
persistence,CoPx_R,28,SS_vs_seasonal,-0.06993412078441152,1445553,cc289a63a4f23862,True,location-k4-fold3-seed0,3
persistence,CoPx_R,28,SS_vs_ar,-1.7919552069825215,1445553,cc289a63a4f23862,True,location-k4-fold3-seed0,3
persistence,CoPx_R,29,MSE,0.05723606653296729,1445553,cc289a63a4f23862,True,location-k4-fold3-seed0,3
persistence,CoPx_R,29,MAE,0.11155946850771122,1445553,cc289a63a4f23862,True,location-k4-fold3-seed0,3
persistence,CoPx_R,29,SS_vs_persistence,1.7471468716223626e-11,1445553,cc289a63a4f23862,True,location-k4-fold3-seed0,3
persistence,CoPx_R,29,SS_vs_seasonal,-0.10458075078913054,1445553,cc289a63a4f23862,True,location-k4-fold3-seed0,3
persistence,CoPx_R,29,SS_vs_ar,-1.8905335853069465,1445553,cc289a63a4f23862,True,location-k4-fold3-seed0,3
persistence,CoPx_R,30,MSE,0.058705796766710526,1445553,cc289a63a4f23862,True,location-k4-fold3-seed0,3
persistence,CoPx_R,30,MAE,0.11197657801116678,1445553,cc289a63a4f23862,True,location-k4-fold3-seed0,3
persistence,CoPx_R,30,SS_vs_persistence,1.7034040844521314e-11,1445553,cc289a63a4f23862,True,location-k4-fold3-seed0,3
persistence,CoPx_R,30,SS_vs_seasonal,-0.11614245903845011,1445553,cc289a63a4f23862,True,location-k4-fold3-seed0,3
persistence,CoPx_R,30,SS_vs_ar,-1.9758645979236236,1445553,cc289a63a4f23862,True,location-k4-fold3-seed0,3
persistence,CoPx_R,all,MSE,0.05335039225193332,1445553,cc289a63a4f23862,True,location-k4-fold3-seed0,3
persistence,CoPx_R,all,MAE,0.10414395151365867,1445553,cc289a63a4f23862,True,location-k4-fold3-seed0,3
persistence,CoPx_R,all,SS_vs_persistence,1.874400634704898e-11,1445553,cc289a63a4f23862,True,location-k4-fold3-seed0,3
persistence,CoPx_R,all,SS_vs_seasonal,-0.06745513787288249,1445553,cc289a63a4f23862,True,location-k4-fold3-seed0,3
persistence,CoPx_R,all,SS_vs_ar,-1.671681890737542,1445553,cc289a63a4f23862,True,location-k4-fold3-seed0,3
persistence,CoPy_R,1,MSE,0.035421637028251726,1445553,cc289a63a4f23862,True,location-k4-fold3-seed0,3
persistence,CoPy_R,1,MAE,0.10543452980563112,1445553,cc289a63a4f23862,True,location-k4-fold3-seed0,3
persistence,CoPy_R,1,SS_vs_persistence,2.8231306181680793e-11,1445553,cc289a63a4f23862,True,location-k4-fold3-seed0,3
persistence,CoPy_R,1,SS_vs_seasonal,0.03723485672840254,1445553,cc289a63a4f23862,True,location-k4-fold3-seed0,3
persistence,CoPy_R,1,SS_vs_ar,-0.7572290511285091,1445553,cc289a63a4f23862,True,location-k4-fold3-seed0,3
persistence,CoPy_R,2,MSE,0.040987603219500256,1445553,cc289a63a4f23862,True,location-k4-fold3-seed0,3
persistence,CoPy_R,2,MAE,0.11646227457648035,1445553,cc289a63a4f23862,True,location-k4-fold3-seed0,3
persistence,CoPy_R,2,SS_vs_persistence,2.4397595055347665e-11,1445553,cc289a63a4f23862,True,location-k4-fold3-seed0,3
persistence,CoPy_R,2,SS_vs_seasonal,-0.06834753520943049,1445553,cc289a63a4f23862,True,location-k4-fold3-seed0,3
persistence,CoPy_R,2,SS_vs_ar,-0.9947859080758275,1445553,cc289a63a4f23862,True,location-k4-fold3-seed0,3
persistence,CoPy_R,3,MSE,0.04256514330253954,1445553,cc289a63a4f23862,True,location-k4-fold3-seed0,3
persistence,CoPy_R,3,MAE,0.11935287401417882,1445553,cc289a63a4f23862,True,location-k4-fold3-seed0,3
persistence,CoPy_R,3,SS_vs_persistence,2.3493318401790475e-11,1445553,cc289a63a4f23862,True,location-k4-fold3-seed0,3
persistence,CoPy_R,3,SS_vs_seasonal,-0.08789138859268286,1445553,cc289a63a4f23862,True,location-k4-fold3-seed0,3
persistence,CoPy_R,3,SS_vs_ar,-1.065578012523626,1445553,cc289a63a4f23862,True,location-k4-fold3-seed0,3
persistence,CoPy_R,4,MSE,0.04324195978647453,1445553,cc289a63a4f23862,True,location-k4-fold3-seed0,3
persistence,CoPy_R,4,MAE,0.12050331431556598,1445553,cc289a63a4f23862,True,location-k4-fold3-seed0,3
persistence,CoPy_R,4,SS_vs_persistence,2.3125612536034623e-11,1445553,cc289a63a4f23862,True,location-k4-fold3-seed0,3
persistence,CoPy_R,4,SS_vs_seasonal,-0.09646866421409883,1445553,cc289a63a4f23862,True,location-k4-fold3-seed0,3
persistence,CoPy_R,4,SS_vs_ar,-1.101207365846839,1445553,cc289a63a4f23862,True,location-k4-fold3-seed0,3
persistence,CoPy_R,5,MSE,0.04317712361096159,1445553,cc289a63a4f23862,True,location-k4-fold3-seed0,3
persistence,CoPy_R,5,MAE,0.12042153076957154,1445553,cc289a63a4f23862,True,location-k4-fold3-seed0,3
persistence,CoPy_R,5,SS_vs_persistence,2.316036251670539e-11,1445553,cc289a63a4f23862,True,location-k4-fold3-seed0,3
persistence,CoPy_R,5,SS_vs_seasonal,-0.10717928456346004,1445553,cc289a63a4f23862,True,location-k4-fold3-seed0,3
persistence,CoPy_R,5,SS_vs_ar,-1.1018172879689079,1445553,cc289a63a4f23862,True,location-k4-fold3-seed0,3
persistence,CoPy_R,6,MSE,0.042522470815474896,1445553,cc289a63a4f23862,True,location-k4-fold3-seed0,3
persistence,CoPy_R,6,MAE,0.11890718510112233,1445553,cc289a63a4f23862,True,location-k4-fold3-seed0,3
persistence,CoPy_R,6,SS_vs_persistence,2.351696615221499e-11,1445553,cc289a63a4f23862,True,location-k4-fold3-seed0,3
persistence,CoPy_R,6,SS_vs_seasonal,-0.10106275383543695,1445553,cc289a63a4f23862,True,location-k4-fold3-seed0,3
persistence,CoPy_R,6,SS_vs_ar,-1.0689459856512853,1445553,cc289a63a4f23862,True,location-k4-fold3-seed0,3
persistence,CoPy_R,7,MSE,0.041042958806619616,1445553,cc289a63a4f23862,True,location-k4-fold3-seed0,3
persistence,CoPy_R,7,MAE,0.11766538552897048,1445553,cc289a63a4f23862,True,location-k4-fold3-seed0,3
persistence,CoPy_R,7,SS_vs_persistence,2.436473245381876e-11,1445553,cc289a63a4f23862,True,location-k4-fold3-seed0,3
persistence,CoPy_R,7,SS_vs_seasonal,-0.06975893279377998,1445553,cc289a63a4f23862,True,location-k4-fold3-seed0,3
persistence,CoPy_R,7,SS_vs_ar,-1.0010859463521538,1445553,cc289a63a4f23862,True,location-k4-fold3-seed0,3
persistence,CoPy_R,8,MSE,0.04081029277030757,1445553,cc289a63a4f23862,True,location-k4-fold3-seed0,3
persistence,CoPy_R,8,MAE,0.11709919240256202,1445553,cc289a63a4f23862,True,location-k4-fold3-seed0,3
persistence,CoPy_R,8,SS_vs_persistence,2.4503621354199367e-11,1445553,cc289a63a4f23862,True,location-k4-fold3-seed0,3
persistence,CoPy_R,8,SS_vs_seasonal,-0.07036125907759883,1445553,cc289a63a4f23862,True,location-k4-fold3-seed0,3
persistence,CoPy_R,8,SS_vs_ar,-0.9922976567655724,1445553,cc289a63a4f23862,True,location-k4-fold3-seed0,3
persistence,CoPy_R,9,MSE,0.04079027066926776,1445553,cc289a63a4f23862,True,location-k4-fold3-seed0,3
persistence,CoPy_R,9,MAE,0.1167979222228227,1445553,cc289a63a4f23862,True,location-k4-fold3-seed0,3
persistence,CoPy_R,9,SS_vs_persistence,2.451561176286532e-11,1445553,cc289a63a4f23862,True,location-k4-fold3-seed0,3
persistence,CoPy_R,9,SS_vs_seasonal,-0.06753252995921599,1445553,cc289a63a4f23862,True,location-k4-fold3-seed0,3
persistence,CoPy_R,9,SS_vs_ar,-0.9885526734234147,1445553,cc289a63a4f23862,True,location-k4-fold3-seed0,3
persistence,CoPy_R,10,MSE,0.04130454842196983,1445553,cc289a63a4f23862,True,location-k4-fold3-seed0,3
persistence,CoPy_R,10,MAE,0.11769984790880639,1445553,cc289a63a4f23862,True,location-k4-fold3-seed0,3
persistence,CoPy_R,10,SS_vs_persistence,2.4210411453395864e-11,1445553,cc289a63a4f23862,True,location-k4-fold3-seed0,3
persistence,CoPy_R,10,SS_vs_seasonal,-0.07832646986730452,1445553,cc289a63a4f23862,True,location-k4-fold3-seed0,3
persistence,CoPy_R,10,SS_vs_ar,-1.005364344107555,1445553,cc289a63a4f23862,True,location-k4-fold3-seed0,3
persistence,CoPy_R,11,MSE,0.04133437928579923,1445553,cc289a63a4f23862,True,location-k4-fold3-seed0,3
persistence,CoPy_R,11,MAE,0.11912804483969747,1445553,cc289a63a4f23862,True,location-k4-fold3-seed0,3
persistence,CoPy_R,11,SS_vs_persistence,2.4192869929606786e-11,1445553,cc289a63a4f23862,True,location-k4-fold3-seed0,3
persistence,CoPy_R,11,SS_vs_seasonal,-0.08275671176265176,1445553,cc289a63a4f23862,True,location-k4-fold3-seed0,3
persistence,CoPy_R,11,SS_vs_ar,-1.0044540169995901,1445553,cc289a63a4f23862,True,location-k4-fold3-seed0,3
persistence,CoPy_R,12,MSE,0.04201812700236013,1445553,cc289a63a4f23862,True,location-k4-fold3-seed0,3
persistence,CoPy_R,12,MAE,0.11979058924629658,1445553,cc289a63a4f23862,True,location-k4-fold3-seed0,3
persistence,CoPy_R,12,SS_vs_persistence,2.3799184845074706e-11,1445553,cc289a63a4f23862,True,location-k4-fold3-seed0,3
persistence,CoPy_R,12,SS_vs_seasonal,-0.09400257452701766,1445553,cc289a63a4f23862,True,location-k4-fold3-seed0,3
persistence,CoPy_R,12,SS_vs_ar,-1.0392477868080991,1445553,cc289a63a4f23862,True,location-k4-fold3-seed0,3
persistence,CoPy_R,13,MSE,0.04246258571336299,1445553,cc289a63a4f23862,True,location-k4-fold3-seed0,3
persistence,CoPy_R,13,MAE,0.1203309552423452,1445553,cc289a63a4f23862,True,location-k4-fold3-seed0,3
persistence,CoPy_R,13,SS_vs_persistence,2.3550161820651283e-11,1445553,cc289a63a4f23862,True,location-k4-fold3-seed0,3
persistence,CoPy_R,13,SS_vs_seasonal,-0.10656631528370286,1445553,cc289a63a4f23862,True,location-k4-fold3-seed0,3
persistence,CoPy_R,13,SS_vs_ar,-1.0575193577572524,1445553,cc289a63a4f23862,True,location-k4-fold3-seed0,3
persistence,CoPy_R,14,MSE,0.042405963307717814,1445553,cc289a63a4f23862,True,location-k4-fold3-seed0,3
persistence,CoPy_R,14,MAE,0.1200745248784047,1445553,cc289a63a4f23862,True,location-k4-fold3-seed0,3
persistence,CoPy_R,14,SS_vs_persistence,2.3581581132248175e-11,1445553,cc289a63a4f23862,True,location-k4-fold3-seed0,3
persistence,CoPy_R,14,SS_vs_seasonal,-0.09781056356641726,1445553,cc289a63a4f23862,True,location-k4-fold3-seed0,3
persistence,CoPy_R,14,SS_vs_ar,-1.0534823382629197,1445553,cc289a63a4f23862,True,location-k4-fold3-seed0,3
persistence,CoPy_R,15,MSE,0.040705926200428184,1445553,cc289a63a4f23862,True,location-k4-fold3-seed0,3
persistence,CoPy_R,15,MAE,0.11798021412292338,1445553,cc289a63a4f23862,True,location-k4-fold3-seed0,3
persistence,CoPy_R,15,SS_vs_persistence,2.456645997739315e-11,1445553,cc289a63a4f23862,True,location-k4-fold3-seed0,3
persistence,CoPy_R,15,SS_vs_seasonal,-0.05684793117955045,1445553,cc289a63a4f23862,True,location-k4-fold3-seed0,3
persistence,CoPy_R,15,SS_vs_ar,-0.9713233063867104,1445553,cc289a63a4f23862,True,location-k4-fold3-seed0,3
persistence,CoPy_R,16,MSE,0.041027369418483645,1445553,cc289a63a4f23862,True,location-k4-fold3-seed0,3
persistence,CoPy_R,16,MAE,0.11816585637736206,1445553,cc289a63a4f23862,True,location-k4-fold3-seed0,3
persistence,CoPy_R,16,SS_vs_persistence,2.437394730492315e-11,1445553,cc289a63a4f23862,True,location-k4-fold3-seed0,3
persistence,CoPy_R,16,SS_vs_seasonal,-0.07210267075301191,1445553,cc289a63a4f23862,True,location-k4-fold3-seed0,3
persistence,CoPy_R,16,SS_vs_ar,-0.978160928819499,1445553,cc289a63a4f23862,True,location-k4-fold3-seed0,3
persistence,CoPy_R,17,MSE,0.04137500631809357,1445553,cc289a63a4f23862,True,location-k4-fold3-seed0,3
persistence,CoPy_R,17,MAE,0.11913627743567003,1445553,cc289a63a4f23862,True,location-k4-fold3-seed0,3
persistence,CoPy_R,17,SS_vs_persistence,2.4169111156879808e-11,1445553,cc289a63a4f23862,True,location-k4-fold3-seed0,3
persistence,CoPy_R,17,SS_vs_seasonal,-0.08770491933275881,1445553,cc289a63a4f23862,True,location-k4-fold3-seed0,3
persistence,CoPy_R,17,SS_vs_ar,-1.0024466690830622,1445553,cc289a63a4f23862,True,location-k4-fold3-seed0,3
persistence,CoPy_R,18,MSE,0.04163152701359595,1445553,cc289a63a4f23862,True,location-k4-fold3-seed0,3
persistence,CoPy_R,18,MAE,0.12009377990491511,1445553,cc289a63a4f23862,True,location-k4-fold3-seed0,3
persistence,CoPy_R,18,SS_vs_persistence,2.4020230249277574e-11,1445553,cc289a63a4f23862,True,location-k4-fold3-seed0,3
persistence,CoPy_R,18,SS_vs_seasonal,-0.09534982165560946,1445553,cc289a63a4f23862,True,location-k4-fold3-seed0,3
persistence,CoPy_R,18,SS_vs_ar,-1.0216655482874688,1445553,cc289a63a4f23862,True,location-k4-fold3-seed0,3
persistence,CoPy_R,19,MSE,0.04215700016504205,1445553,cc289a63a4f23862,True,location-k4-fold3-seed0,3
persistence,CoPy_R,19,MAE,0.12036415100952476,1445553,cc289a63a4f23862,True,location-k4-fold3-seed0,3
persistence,CoPy_R,19,SS_vs_persistence,2.372080309953617e-11,1445553,cc289a63a4f23862,True,location-k4-fold3-seed0,3
persistence,CoPy_R,19,SS_vs_seasonal,-0.10812780565751057,1445553,cc289a63a4f23862,True,location-k4-fold3-seed0,3
persistence,CoPy_R,19,SS_vs_ar,-1.051715394183581,1445553,cc289a63a4f23862,True,location-k4-fold3-seed0,3
persistence,CoPy_R,20,MSE,0.04261811947077177,1445553,cc289a63a4f23862,True,location-k4-fold3-seed0,3
persistence,CoPy_R,20,MAE,0.12108750893526041,1445553,cc289a63a4f23862,True,location-k4-fold3-seed0,3
persistence,CoPy_R,20,SS_vs_persistence,2.3464119536242833e-11,1445553,cc289a63a4f23862,True,location-k4-fold3-seed0,3
persistence,CoPy_R,20,SS_vs_seasonal,-0.11801342487731792,1445553,cc289a63a4f23862,True,location-k4-fold3-seed0,3
persistence,CoPy_R,20,SS_vs_ar,-1.0681171673631265,1445553,cc289a63a4f23862,True,location-k4-fold3-seed0,3
persistence,CoPy_R,21,MSE,0.04284535865795245,1445553,cc289a63a4f23862,True,location-k4-fold3-seed0,3
persistence,CoPy_R,21,MAE,0.1216502122858143,1445553,cc289a63a4f23862,True,location-k4-fold3-seed0,3
persistence,CoPy_R,21,SS_vs_persistence,2.3339774557484816e-11,1445553,cc289a63a4f23862,True,location-k4-fold3-seed0,3
persistence,CoPy_R,21,SS_vs_seasonal,-0.11263891873154619,1445553,cc289a63a4f23862,True,location-k4-fold3-seed0,3
persistence,CoPy_R,21,SS_vs_ar,-1.0738685851558425,1445553,cc289a63a4f23862,True,location-k4-fold3-seed0,3
persistence,CoPy_R,22,MSE,0.04241629747226731,1445553,cc289a63a4f23862,True,location-k4-fold3-seed0,3
persistence,CoPy_R,22,MAE,0.12053439806844793,1445553,cc289a63a4f23862,True,location-k4-fold3-seed0,3
persistence,CoPy_R,22,SS_vs_persistence,2.3575807972520124e-11,1445553,cc289a63a4f23862,True,location-k4-fold3-seed0,3
persistence,CoPy_R,22,SS_vs_seasonal,-0.10095332640366084,1445553,cc289a63a4f23862,True,location-k4-fold3-seed0,3
persistence,CoPy_R,22,SS_vs_ar,-1.05174583007991,1445553,cc289a63a4f23862,True,location-k4-fold3-seed0,3
persistence,CoPy_R,23,MSE,0.041606369757336774,1445553,cc289a63a4f23862,True,location-k4-fold3-seed0,3
persistence,CoPy_R,23,MAE,0.11907433376165935,1445553,cc289a63a4f23862,True,location-k4-fold3-seed0,3
persistence,CoPy_R,23,SS_vs_persistence,2.4034774170900164e-11,1445553,cc289a63a4f23862,True,location-k4-fold3-seed0,3
persistence,CoPy_R,23,SS_vs_seasonal,-0.07988882633308392,1445553,cc289a63a4f23862,True,location-k4-fold3-seed0,3
persistence,CoPy_R,23,SS_vs_ar,-1.00956057959992,1445553,cc289a63a4f23862,True,location-k4-fold3-seed0,3
persistence,CoPy_R,24,MSE,0.04131443592696965,1445553,cc289a63a4f23862,True,location-k4-fold3-seed0,3
persistence,CoPy_R,24,MAE,0.11860998507009271,1445553,cc289a63a4f23862,True,location-k4-fold3-seed0,3
persistence,CoPy_R,24,SS_vs_persistence,2.4204638293667813e-11,1445553,cc289a63a4f23862,True,location-k4-fold3-seed0,3
persistence,CoPy_R,24,SS_vs_seasonal,-0.08193595011268862,1445553,cc289a63a4f23862,True,location-k4-fold3-seed0,3
persistence,CoPy_R,24,SS_vs_ar,-1.0064960384496677,1445553,cc289a63a4f23862,True,location-k4-fold3-seed0,3
persistence,CoPy_R,25,MSE,0.040303789850140576,1445553,cc289a63a4f23862,True,location-k4-fold3-seed0,3
persistence,CoPy_R,25,MAE,0.11832269150902705,1445553,cc289a63a4f23862,True,location-k4-fold3-seed0,3
persistence,CoPy_R,25,SS_vs_persistence,2.4811486198927923e-11,1445553,cc289a63a4f23862,True,location-k4-fold3-seed0,3
persistence,CoPy_R,25,SS_vs_seasonal,-0.05743096165506767,1445553,cc289a63a4f23862,True,location-k4-fold3-seed0,3
persistence,CoPy_R,25,SS_vs_ar,-0.9515039011164048,1445553,cc289a63a4f23862,True,location-k4-fold3-seed0,3
persistence,CoPy_R,26,MSE,0.04257394025825196,1445553,cc289a63a4f23862,True,location-k4-fold3-seed0,3
persistence,CoPy_R,26,MAE,0.12081634103267397,1445553,cc289a63a4f23862,True,location-k4-fold3-seed0,3
persistence,CoPy_R,26,SS_vs_persistence,2.3488544442784587e-11,1445553,cc289a63a4f23862,True,location-k4-fold3-seed0,3
persistence,CoPy_R,26,SS_vs_seasonal,-0.10472862329655097,1445553,cc289a63a4f23862,True,location-k4-fold3-seed0,3
persistence,CoPy_R,26,SS_vs_ar,-1.0547856140697989,1445553,cc289a63a4f23862,True,location-k4-fold3-seed0,3
persistence,CoPy_R,27,MSE,0.044393918337901586,1445553,cc289a63a4f23862,True,location-k4-fold3-seed0,3
persistence,CoPy_R,27,MAE,0.1240197925820606,1445553,cc289a63a4f23862,True,location-k4-fold3-seed0,3
persistence,CoPy_R,27,SS_vs_persistence,2.2525536991224726e-11,1445553,cc289a63a4f23862,True,location-k4-fold3-seed0,3
persistence,CoPy_R,27,SS_vs_seasonal,-0.1464078571356806,1445553,cc289a63a4f23862,True,location-k4-fold3-seed0,3
persistence,CoPy_R,27,SS_vs_ar,-1.144613067123136,1445553,cc289a63a4f23862,True,location-k4-fold3-seed0,3
persistence,CoPy_R,28,MSE,0.04498911053017545,1445553,cc289a63a4f23862,True,location-k4-fold3-seed0,3
persistence,CoPy_R,28,MAE,0.12491348582519081,1445553,cc289a63a4f23862,True,location-k4-fold3-seed0,3
persistence,CoPy_R,28,SS_vs_persistence,2.2227553131415334e-11,1445553,cc289a63a4f23862,True,location-k4-fold3-seed0,3
persistence,CoPy_R,28,SS_vs_seasonal,-0.1597629903502482,1445553,cc289a63a4f23862,True,location-k4-fold3-seed0,3
persistence,CoPy_R,28,SS_vs_ar,-1.1679643869117435,1445553,cc289a63a4f23862,True,location-k4-fold3-seed0,3
persistence,CoPy_R,29,MSE,0.04502319627842727,1445553,cc289a63a4f23862,True,location-k4-fold3-seed0,3
persistence,CoPy_R,29,MAE,0.12456718006115877,1445553,cc289a63a4f23862,True,location-k4-fold3-seed0,3
persistence,CoPy_R,29,SS_vs_persistence,2.2210788763743494e-11,1445553,cc289a63a4f23862,True,location-k4-fold3-seed0,3
persistence,CoPy_R,29,SS_vs_seasonal,-0.15409090628639976,1445553,cc289a63a4f23862,True,location-k4-fold3-seed0,3
persistence,CoPy_R,29,SS_vs_ar,-1.1700231028740329,1445553,cc289a63a4f23862,True,location-k4-fold3-seed0,3
persistence,CoPy_R,30,MSE,0.04329129964830751,1445553,cc289a63a4f23862,True,location-k4-fold3-seed0,3
persistence,CoPy_R,30,MAE,0.12123641823941149,1445553,cc289a63a4f23862,True,location-k4-fold3-seed0,3
persistence,CoPy_R,30,SS_vs_persistence,2.3099300250351007e-11,1445553,cc289a63a4f23862,True,location-k4-fold3-seed0,3
persistence,CoPy_R,30,SS_vs_seasonal,-0.11399345773627001,1445553,cc289a63a4f23862,True,location-k4-fold3-seed0,3
persistence,CoPy_R,30,SS_vs_ar,-1.0926445597726229,1445553,cc289a63a4f23862,True,location-k4-fold3-seed0,3
persistence,CoPy_R,all,MSE,0.04194571867771579,1445553,cc289a63a4f23862,True,location-k4-fold3-seed0,3
persistence,CoPy_R,all,MAE,0.11934246897971112,1445553,cc289a63a4f23862,True,location-k4-fold3-seed0,3
persistence,CoPy_R,all,SS_vs_persistence,2.3840263096985836e-11,1445553,cc289a63a4f23862,True,location-k4-fold3-seed0,3
persistence,CoPy_R,all,SS_vs_seasonal,-0.09165878710523234,1445553,cc289a63a4f23862,True,location-k4-fold3-seed0,3
persistence,CoPy_R,all,SS_vs_ar,-1.0352385783499423,1445553,cc289a63a4f23862,True,location-k4-fold3-seed0,3
seasonal,F_R,1,MSE,804421.4356696043,1529550,cc289a63a4f23862,True,location-k4-fold3-seed0,3
seasonal,F_R,1,MAE,565.7068798861644,1529550,cc289a63a4f23862,True,location-k4-fold3-seed0,3
seasonal,F_R,1,SS_vs_persistence,-0.5870708873258723,1529550,cc289a63a4f23862,True,location-k4-fold3-seed0,3
seasonal,F_R,1,SS_vs_seasonal,0.0,1529550,cc289a63a4f23862,True,location-k4-fold3-seed0,3
seasonal,F_R,1,SS_vs_ar,-1.1728767925593684,1529550,cc289a63a4f23862,True,location-k4-fold3-seed0,3
seasonal,F_R,2,MSE,821841.4956848065,1529550,cc289a63a4f23862,True,location-k4-fold3-seed0,3
seasonal,F_R,2,MAE,577.2127854699912,1529550,cc289a63a4f23862,True,location-k4-fold3-seed0,3
seasonal,F_R,2,SS_vs_persistence,-0.43453956112415426,1529550,cc289a63a4f23862,True,location-k4-fold3-seed0,3
seasonal,F_R,2,SS_vs_seasonal,0.0,1529550,cc289a63a4f23862,True,location-k4-fold3-seed0,3
seasonal,F_R,2,SS_vs_ar,-0.9627271246665052,1529550,cc289a63a4f23862,True,location-k4-fold3-seed0,3
seasonal,F_R,3,MSE,833542.9649241217,1529550,cc289a63a4f23862,True,location-k4-fold3-seed0,3
seasonal,F_R,3,MAE,583.1579774918481,1529550,cc289a63a4f23862,True,location-k4-fold3-seed0,3
seasonal,F_R,3,SS_vs_persistence,-0.37694828393038926,1529550,cc289a63a4f23862,True,location-k4-fold3-seed0,3
seasonal,F_R,3,SS_vs_seasonal,0.0,1529550,cc289a63a4f23862,True,location-k4-fold3-seed0,3
seasonal,F_R,3,SS_vs_ar,-0.8549962710986432,1529550,cc289a63a4f23862,True,location-k4-fold3-seed0,3
seasonal,F_R,4,MSE,838169.9008111143,1529550,cc289a63a4f23862,True,location-k4-fold3-seed0,3
seasonal,F_R,4,MAE,585.1113398807171,1529550,cc289a63a4f23862,True,location-k4-fold3-seed0,3
seasonal,F_R,4,SS_vs_persistence,-0.3538532890281614,1529550,cc289a63a4f23862,True,location-k4-fold3-seed0,3
seasonal,F_R,4,SS_vs_seasonal,0.0,1529550,cc289a63a4f23862,True,location-k4-fold3-seed0,3
seasonal,F_R,4,SS_vs_ar,-0.7607756584396046,1529550,cc289a63a4f23862,True,location-k4-fold3-seed0,3
seasonal,F_R,5,MSE,846502.515561542,1529550,cc289a63a4f23862,True,location-k4-fold3-seed0,3
seasonal,F_R,5,MAE,589.7417488561281,1529550,cc289a63a4f23862,True,location-k4-fold3-seed0,3
seasonal,F_R,5,SS_vs_persistence,-0.3047492128403071,1529550,cc289a63a4f23862,True,location-k4-fold3-seed0,3
seasonal,F_R,5,SS_vs_seasonal,0.0,1529550,cc289a63a4f23862,True,location-k4-fold3-seed0,3
seasonal,F_R,5,SS_vs_ar,-0.6764474763908424,1529550,cc289a63a4f23862,True,location-k4-fold3-seed0,3
seasonal,F_R,6,MSE,849908.6921807434,1529550,cc289a63a4f23862,True,location-k4-fold3-seed0,3
seasonal,F_R,6,MAE,590.3678852484952,1529550,cc289a63a4f23862,True,location-k4-fold3-seed0,3
seasonal,F_R,6,SS_vs_persistence,-0.3059630296799827,1529550,cc289a63a4f23862,True,location-k4-fold3-seed0,3
seasonal,F_R,6,SS_vs_seasonal,0.0,1529550,cc289a63a4f23862,True,location-k4-fold3-seed0,3
seasonal,F_R,6,SS_vs_ar,-0.6180225351597255,1529550,cc289a63a4f23862,True,location-k4-fold3-seed0,3
seasonal,F_R,7,MSE,858817.5906721777,1529550,cc289a63a4f23862,True,location-k4-fold3-seed0,3
seasonal,F_R,7,MAE,594.026527084406,1529550,cc289a63a4f23862,True,location-k4-fold3-seed0,3
seasonal,F_R,7,SS_vs_persistence,-0.2612131328753804,1529550,cc289a63a4f23862,True,location-k4-fold3-seed0,3
seasonal,F_R,7,SS_vs_seasonal,0.0,1529550,cc289a63a4f23862,True,location-k4-fold3-seed0,3
seasonal,F_R,7,SS_vs_ar,-0.5595763989826741,1529550,cc289a63a4f23862,True,location-k4-fold3-seed0,3
seasonal,F_R,8,MSE,864441.4167197848,1529550,cc289a63a4f23862,True,location-k4-fold3-seed0,3
seasonal,F_R,8,MAE,596.1008509175875,1529550,cc289a63a4f23862,True,location-k4-fold3-seed0,3
seasonal,F_R,8,SS_vs_persistence,-0.2565205634334169,1529550,cc289a63a4f23862,True,location-k4-fold3-seed0,3
seasonal,F_R,8,SS_vs_seasonal,0.0,1529550,cc289a63a4f23862,True,location-k4-fold3-seed0,3
seasonal,F_R,8,SS_vs_ar,-0.5108065324861923,1529550,cc289a63a4f23862,True,location-k4-fold3-seed0,3
seasonal,F_R,9,MSE,867502.4088924798,1529550,cc289a63a4f23862,True,location-k4-fold3-seed0,3
seasonal,F_R,9,MAE,598.5128956959998,1529550,cc289a63a4f23862,True,location-k4-fold3-seed0,3
seasonal,F_R,9,SS_vs_persistence,-0.24364649275555195,1529550,cc289a63a4f23862,True,location-k4-fold3-seed0,3
seasonal,F_R,9,SS_vs_seasonal,0.0,1529550,cc289a63a4f23862,True,location-k4-fold3-seed0,3
seasonal,F_R,9,SS_vs_ar,-0.46478899187491995,1529550,cc289a63a4f23862,True,location-k4-fold3-seed0,3
seasonal,F_R,10,MSE,869474.8754766927,1529550,cc289a63a4f23862,True,location-k4-fold3-seed0,3
seasonal,F_R,10,MAE,598.0847255981002,1529550,cc289a63a4f23862,True,location-k4-fold3-seed0,3
seasonal,F_R,10,SS_vs_persistence,-0.2481536517009264,1529550,cc289a63a4f23862,True,location-k4-fold3-seed0,3
seasonal,F_R,10,SS_vs_seasonal,0.0,1529550,cc289a63a4f23862,True,location-k4-fold3-seed0,3
seasonal,F_R,10,SS_vs_ar,-0.4222963144180829,1529550,cc289a63a4f23862,True,location-k4-fold3-seed0,3
seasonal,F_R,11,MSE,883149.8252240443,1529550,cc289a63a4f23862,True,location-k4-fold3-seed0,3
seasonal,F_R,11,MAE,604.8602533364209,1529550,cc289a63a4f23862,True,location-k4-fold3-seed0,3
seasonal,F_R,11,SS_vs_persistence,-0.22821846166751825,1529550,cc289a63a4f23862,True,location-k4-fold3-seed0,3
seasonal,F_R,11,SS_vs_seasonal,0.0,1529550,cc289a63a4f23862,True,location-k4-fold3-seed0,3
seasonal,F_R,11,SS_vs_ar,-0.3840714158414824,1529550,cc289a63a4f23862,True,location-k4-fold3-seed0,3
seasonal,F_R,12,MSE,888768.8760911325,1529550,cc289a63a4f23862,True,location-k4-fold3-seed0,3
seasonal,F_R,12,MAE,606.8468468341639,1529550,cc289a63a4f23862,True,location-k4-fold3-seed0,3
seasonal,F_R,12,SS_vs_persistence,-0.20750845640581428,1529550,cc289a63a4f23862,True,location-k4-fold3-seed0,3
seasonal,F_R,12,SS_vs_seasonal,0.0,1529550,cc289a63a4f23862,True,location-k4-fold3-seed0,3
seasonal,F_R,12,SS_vs_ar,-0.3483126514307342,1529550,cc289a63a4f23862,True,location-k4-fold3-seed0,3
seasonal,F_R,13,MSE,892624.2780335604,1529550,cc289a63a4f23862,True,location-k4-fold3-seed0,3
seasonal,F_R,13,MAE,607.9272786601988,1529550,cc289a63a4f23862,True,location-k4-fold3-seed0,3
seasonal,F_R,13,SS_vs_persistence,-0.19103884344022215,1529550,cc289a63a4f23862,True,location-k4-fold3-seed0,3
seasonal,F_R,13,SS_vs_seasonal,0.0,1529550,cc289a63a4f23862,True,location-k4-fold3-seed0,3
seasonal,F_R,13,SS_vs_ar,-0.326038169869735,1529550,cc289a63a4f23862,True,location-k4-fold3-seed0,3
seasonal,F_R,14,MSE,895310.9274514227,1529550,cc289a63a4f23862,True,location-k4-fold3-seed0,3
seasonal,F_R,14,MAE,608.497207828053,1529550,cc289a63a4f23862,True,location-k4-fold3-seed0,3
seasonal,F_R,14,SS_vs_persistence,-0.19712922308182823,1529550,cc289a63a4f23862,True,location-k4-fold3-seed0,3
seasonal,F_R,14,SS_vs_seasonal,0.0,1529550,cc289a63a4f23862,True,location-k4-fold3-seed0,3
seasonal,F_R,14,SS_vs_ar,-0.3054168204531431,1529550,cc289a63a4f23862,True,location-k4-fold3-seed0,3
seasonal,F_R,15,MSE,901615.7640889505,1529550,cc289a63a4f23862,True,location-k4-fold3-seed0,3
seasonal,F_R,15,MAE,610.3784254579318,1529550,cc289a63a4f23862,True,location-k4-fold3-seed0,3
seasonal,F_R,15,SS_vs_persistence,-0.1922668220658601,1529550,cc289a63a4f23862,True,location-k4-fold3-seed0,3
seasonal,F_R,15,SS_vs_seasonal,0.0,1529550,cc289a63a4f23862,True,location-k4-fold3-seed0,3
seasonal,F_R,15,SS_vs_ar,-0.27774518556021555,1529550,cc289a63a4f23862,True,location-k4-fold3-seed0,3
seasonal,F_R,16,MSE,927318.9855841944,1529550,cc289a63a4f23862,True,location-k4-fold3-seed0,3
seasonal,F_R,16,MAE,617.2480155631329,1529550,cc289a63a4f23862,True,location-k4-fold3-seed0,3
seasonal,F_R,16,SS_vs_persistence,-0.16271283667880798,1529550,cc289a63a4f23862,True,location-k4-fold3-seed0,3
seasonal,F_R,16,SS_vs_seasonal,0.0,1529550,cc289a63a4f23862,True,location-k4-fold3-seed0,3
seasonal,F_R,16,SS_vs_ar,-0.2480875357285397,1529550,cc289a63a4f23862,True,location-k4-fold3-seed0,3
seasonal,F_R,17,MSE,937354.7789111111,1529550,cc289a63a4f23862,True,location-k4-fold3-seed0,3
seasonal,F_R,17,MAE,618.6058944362466,1529550,cc289a63a4f23862,True,location-k4-fold3-seed0,3
seasonal,F_R,17,SS_vs_persistence,-0.14884479197612843,1529550,cc289a63a4f23862,True,location-k4-fold3-seed0,3
seasonal,F_R,17,SS_vs_seasonal,0.0,1529550,cc289a63a4f23862,True,location-k4-fold3-seed0,3
seasonal,F_R,17,SS_vs_ar,-0.22675799521205708,1529550,cc289a63a4f23862,True,location-k4-fold3-seed0,3
seasonal,F_R,18,MSE,940339.2315127637,1529550,cc289a63a4f23862,True,location-k4-fold3-seed0,3
seasonal,F_R,18,MAE,619.0397459405186,1529550,cc289a63a4f23862,True,location-k4-fold3-seed0,3
seasonal,F_R,18,SS_vs_persistence,-0.13900627135182075,1529550,cc289a63a4f23862,True,location-k4-fold3-seed0,3
seasonal,F_R,18,SS_vs_seasonal,0.0,1529550,cc289a63a4f23862,True,location-k4-fold3-seed0,3
seasonal,F_R,18,SS_vs_ar,-0.19356628487253524,1529550,cc289a63a4f23862,True,location-k4-fold3-seed0,3
seasonal,F_R,19,MSE,945512.829419474,1529550,cc289a63a4f23862,True,location-k4-fold3-seed0,3
seasonal,F_R,19,MAE,620.2939352902125,1529550,cc289a63a4f23862,True,location-k4-fold3-seed0,3
seasonal,F_R,19,SS_vs_persistence,-0.12328616996090225,1529550,cc289a63a4f23862,True,location-k4-fold3-seed0,3
seasonal,F_R,19,SS_vs_seasonal,0.0,1529550,cc289a63a4f23862,True,location-k4-fold3-seed0,3
seasonal,F_R,19,SS_vs_ar,-0.1648698885143567,1529550,cc289a63a4f23862,True,location-k4-fold3-seed0,3
seasonal,F_R,20,MSE,945246.0448151787,1529550,cc289a63a4f23862,True,location-k4-fold3-seed0,3
seasonal,F_R,20,MAE,620.0680341223215,1529550,cc289a63a4f23862,True,location-k4-fold3-seed0,3
seasonal,F_R,20,SS_vs_persistence,-0.10522804577167322,1529550,cc289a63a4f23862,True,location-k4-fold3-seed0,3
seasonal,F_R,20,SS_vs_seasonal,0.0,1529550,cc289a63a4f23862,True,location-k4-fold3-seed0,3
seasonal,F_R,20,SS_vs_ar,-0.1349663541770909,1529550,cc289a63a4f23862,True,location-k4-fold3-seed0,3
seasonal,F_R,21,MSE,950349.0223754004,1529550,cc289a63a4f23862,True,location-k4-fold3-seed0,3
seasonal,F_R,21,MAE,620.9896878083781,1529550,cc289a63a4f23862,True,location-k4-fold3-seed0,3
seasonal,F_R,21,SS_vs_persistence,-0.10667678105571654,1529550,cc289a63a4f23862,True,location-k4-fold3-seed0,3
seasonal,F_R,21,SS_vs_seasonal,0.0,1529550,cc289a63a4f23862,True,location-k4-fold3-seed0,3
seasonal,F_R,21,SS_vs_ar,-0.12042795147743468,1529550,cc289a63a4f23862,True,location-k4-fold3-seed0,3
seasonal,F_R,22,MSE,951386.6826561834,1529550,cc289a63a4f23862,True,location-k4-fold3-seed0,3
seasonal,F_R,22,MAE,621.3398448513502,1529550,cc289a63a4f23862,True,location-k4-fold3-seed0,3
seasonal,F_R,22,SS_vs_persistence,-0.08818598013579049,1529550,cc289a63a4f23862,True,location-k4-fold3-seed0,3
seasonal,F_R,22,SS_vs_seasonal,0.0,1529550,cc289a63a4f23862,True,location-k4-fold3-seed0,3
seasonal,F_R,22,SS_vs_ar,-0.09617213555927462,1529550,cc289a63a4f23862,True,location-k4-fold3-seed0,3
seasonal,F_R,23,MSE,960361.0693926783,1529550,cc289a63a4f23862,True,location-k4-fold3-seed0,3
seasonal,F_R,23,MAE,623.5108229691484,1529550,cc289a63a4f23862,True,location-k4-fold3-seed0,3
seasonal,F_R,23,SS_vs_persistence,-0.07642466786395041,1529550,cc289a63a4f23862,True,location-k4-fold3-seed0,3
seasonal,F_R,23,SS_vs_seasonal,0.0,1529550,cc289a63a4f23862,True,location-k4-fold3-seed0,3
seasonal,F_R,23,SS_vs_ar,-0.08357134745419814,1529550,cc289a63a4f23862,True,location-k4-fold3-seed0,3
seasonal,F_R,24,MSE,961885.4339650229,1529550,cc289a63a4f23862,True,location-k4-fold3-seed0,3
seasonal,F_R,24,MAE,623.6539172347718,1529550,cc289a63a4f23862,True,location-k4-fold3-seed0,3
seasonal,F_R,24,SS_vs_persistence,-0.07208610528869852,1529550,cc289a63a4f23862,True,location-k4-fold3-seed0,3
seasonal,F_R,24,SS_vs_seasonal,0.0,1529550,cc289a63a4f23862,True,location-k4-fold3-seed0,3
seasonal,F_R,24,SS_vs_ar,-0.07135654474947328,1529550,cc289a63a4f23862,True,location-k4-fold3-seed0,3
seasonal,F_R,25,MSE,964236.799335629,1529550,cc289a63a4f23862,True,location-k4-fold3-seed0,3
seasonal,F_R,25,MAE,624.4948088764618,1529550,cc289a63a4f23862,True,location-k4-fold3-seed0,3
seasonal,F_R,25,SS_vs_persistence,-0.061961274443006475,1529550,cc289a63a4f23862,True,location-k4-fold3-seed0,3
seasonal,F_R,25,SS_vs_seasonal,0.0,1529550,cc289a63a4f23862,True,location-k4-fold3-seed0,3
seasonal,F_R,25,SS_vs_ar,-0.057809854705159314,1529550,cc289a63a4f23862,True,location-k4-fold3-seed0,3
seasonal,F_R,26,MSE,963487.6529090884,1529550,cc289a63a4f23862,True,location-k4-fold3-seed0,3
seasonal,F_R,26,MAE,624.8594395247607,1529550,cc289a63a4f23862,True,location-k4-fold3-seed0,3
seasonal,F_R,26,SS_vs_persistence,-0.04153657707405167,1529550,cc289a63a4f23862,True,location-k4-fold3-seed0,3
seasonal,F_R,26,SS_vs_seasonal,0.0,1529550,cc289a63a4f23862,True,location-k4-fold3-seed0,3
seasonal,F_R,26,SS_vs_ar,-0.03664489383900449,1529550,cc289a63a4f23862,True,location-k4-fold3-seed0,3
seasonal,F_R,27,MSE,967726.9823563512,1529550,cc289a63a4f23862,True,location-k4-fold3-seed0,3
seasonal,F_R,27,MAE,626.1638092038023,1529550,cc289a63a4f23862,True,location-k4-fold3-seed0,3
seasonal,F_R,27,SS_vs_persistence,-0.018306600937514794,1529550,cc289a63a4f23862,True,location-k4-fold3-seed0,3
seasonal,F_R,27,SS_vs_seasonal,0.0,1529550,cc289a63a4f23862,True,location-k4-fold3-seed0,3
seasonal,F_R,27,SS_vs_ar,-0.02704056551324463,1529550,cc289a63a4f23862,True,location-k4-fold3-seed0,3
seasonal,F_R,28,MSE,969237.7587670491,1529550,cc289a63a4f23862,True,location-k4-fold3-seed0,3
seasonal,F_R,28,MAE,626.0415702266904,1529550,cc289a63a4f23862,True,location-k4-fold3-seed0,3
seasonal,F_R,28,SS_vs_persistence,-0.01851055860249473,1529550,cc289a63a4f23862,True,location-k4-fold3-seed0,3
seasonal,F_R,28,SS_vs_seasonal,0.0,1529550,cc289a63a4f23862,True,location-k4-fold3-seed0,3
seasonal,F_R,28,SS_vs_ar,-0.016622014005836183,1529550,cc289a63a4f23862,True,location-k4-fold3-seed0,3
seasonal,F_R,29,MSE,968880.3172337958,1529550,cc289a63a4f23862,True,location-k4-fold3-seed0,3
seasonal,F_R,29,MAE,625.9741303355154,1529550,cc289a63a4f23862,True,location-k4-fold3-seed0,3
seasonal,F_R,29,SS_vs_persistence,-0.005928784821331856,1529550,cc289a63a4f23862,True,location-k4-fold3-seed0,3
seasonal,F_R,29,SS_vs_seasonal,0.0,1529550,cc289a63a4f23862,True,location-k4-fold3-seed0,3
seasonal,F_R,29,SS_vs_ar,-0.0013106360345422896,1529550,cc289a63a4f23862,True,location-k4-fold3-seed0,3
seasonal,F_R,30,MSE,967031.2173700548,1529550,cc289a63a4f23862,True,location-k4-fold3-seed0,3
seasonal,F_R,30,MAE,626.1234162726706,1529550,cc289a63a4f23862,True,location-k4-fold3-seed0,3
seasonal,F_R,30,SS_vs_persistence,-0.01043414182816571,1529550,cc289a63a4f23862,True,location-k4-fold3-seed0,3
seasonal,F_R,30,SS_vs_seasonal,0.0,1529550,cc289a63a4f23862,True,location-k4-fold3-seed0,3
seasonal,F_R,30,SS_vs_ar,0.013723898521623035,1529550,cc289a63a4f23862,True,location-k4-fold3-seed0,3
seasonal,F_R,all,MSE,907881.5924724117,1529550,cc289a63a4f23862,True,location-k4-fold3-seed0,3
seasonal,F_R,all,MAE,608.4980233634062,1529550,cc289a63a4f23862,True,location-k4-fold3-seed0,3
seasonal,F_R,all,SS_vs_persistence,-0.16449138740253266,1529550,cc289a63a4f23862,True,location-k4-fold3-seed0,3
seasonal,F_R,all,SS_vs_seasonal,0.0,1529550,cc289a63a4f23862,True,location-k4-fold3-seed0,3
seasonal,F_R,all,SS_vs_ar,-0.26345061845197026,1529550,cc289a63a4f23862,True,location-k4-fold3-seed0,3
seasonal,CoPx_R,1,MSE,0.04796931455472322,1445553,cc289a63a4f23862,True,location-k4-fold3-seed0,3
seasonal,CoPx_R,1,MAE,0.09819547577799201,1445553,cc289a63a4f23862,True,location-k4-fold3-seed0,3
seasonal,CoPx_R,1,SS_vs_persistence,-0.07731006961467202,1445553,cc289a63a4f23862,True,location-k4-fold3-seed0,3
seasonal,CoPx_R,1,SS_vs_seasonal,2.0846657733386564e-11,1445553,cc289a63a4f23862,True,location-k4-fold3-seed0,3
seasonal,CoPx_R,1,SS_vs_ar,-1.4146088697798938,1445553,cc289a63a4f23862,True,location-k4-fold3-seed0,3
seasonal,CoPx_R,2,MSE,0.04972656076904265,1445553,cc289a63a4f23862,True,location-k4-fold3-seed0,3
seasonal,CoPx_R,2,MAE,0.1007236665506451,1445553,cc289a63a4f23862,True,location-k4-fold3-seed0,3
seasonal,CoPx_R,2,SS_vs_persistence,0.020709542574763096,1445553,cc289a63a4f23862,True,location-k4-fold3-seed0,3
seasonal,CoPx_R,2,SS_vs_seasonal,2.010991373424531e-11,1445553,cc289a63a4f23862,True,location-k4-fold3-seed0,3
seasonal,CoPx_R,2,SS_vs_ar,-1.4806461694097584,1445553,cc289a63a4f23862,True,location-k4-fold3-seed0,3
seasonal,CoPx_R,3,MSE,0.04848202360443169,1445553,cc289a63a4f23862,True,location-k4-fold3-seed0,3
seasonal,CoPx_R,3,MAE,0.10047188295544845,1445553,cc289a63a4f23862,True,location-k4-fold3-seed0,3
seasonal,CoPx_R,3,SS_vs_persistence,-0.015114249548536351,1445553,cc289a63a4f23862,True,location-k4-fold3-seed0,3
seasonal,CoPx_R,3,SS_vs_seasonal,2.0626167440696008e-11,1445553,cc289a63a4f23862,True,location-k4-fold3-seed0,3
seasonal,CoPx_R,3,SS_vs_ar,-1.423527801344214,1445553,cc289a63a4f23862,True,location-k4-fold3-seed0,3
seasonal,CoPx_R,4,MSE,0.049140000764901076,1445553,cc289a63a4f23862,True,location-k4-fold3-seed0,3
seasonal,CoPx_R,4,MAE,0.10087270430185141,1445553,cc289a63a4f23862,True,location-k4-fold3-seed0,3
seasonal,CoPx_R,4,SS_vs_persistence,0.021092090036555655,1445553,cc289a63a4f23862,True,location-k4-fold3-seed0,3
seasonal,CoPx_R,4,SS_vs_seasonal,2.034994395216927e-11,1445553,cc289a63a4f23862,True,location-k4-fold3-seed0,3
seasonal,CoPx_R,4,SS_vs_ar,-1.4415241970722428,1445553,cc289a63a4f23862,True,location-k4-fold3-seed0,3
seasonal,CoPx_R,5,MSE,0.04985926740818005,1445553,cc289a63a4f23862,True,location-k4-fold3-seed0,3
seasonal,CoPx_R,5,MAE,0.10170001101356134,1445553,cc289a63a4f23862,True,location-k4-fold3-seed0,3
seasonal,CoPx_R,5,SS_vs_persistence,0.055124676194202804,1445553,cc289a63a4f23862,True,location-k4-fold3-seed0,3
seasonal,CoPx_R,5,SS_vs_seasonal,2.0056400984458378e-11,1445553,cc289a63a4f23862,True,location-k4-fold3-seed0,3
seasonal,CoPx_R,5,SS_vs_ar,-1.4811565362300514,1445553,cc289a63a4f23862,True,location-k4-fold3-seed0,3
seasonal,CoPx_R,6,MSE,0.0492493081873411,1445553,cc289a63a4f23862,True,location-k4-fold3-seed0,3
seasonal,CoPx_R,6,MAE,0.10144561332265911,1445553,cc289a63a4f23862,True,location-k4-fold3-seed0,3
seasonal,CoPx_R,6,SS_vs_persistence,0.03373034987649659,1445553,cc289a63a4f23862,True,location-k4-fold3-seed0,3
seasonal,CoPx_R,6,SS_vs_seasonal,2.0304868897369488e-11,1445553,cc289a63a4f23862,True,location-k4-fold3-seed0,3
seasonal,CoPx_R,6,SS_vs_ar,-1.4415872060998791,1445553,cc289a63a4f23862,True,location-k4-fold3-seed0,3
seasonal,CoPx_R,7,MSE,0.04884651759742455,1445553,cc289a63a4f23862,True,location-k4-fold3-seed0,3
seasonal,CoPx_R,7,MAE,0.10200772157232266,1445553,cc289a63a4f23862,True,location-k4-fold3-seed0,3
seasonal,CoPx_R,7,SS_vs_persistence,0.03669907049367316,1445553,cc289a63a4f23862,True,location-k4-fold3-seed0,3
seasonal,CoPx_R,7,SS_vs_seasonal,2.047229052948296e-11,1445553,cc289a63a4f23862,True,location-k4-fold3-seed0,3
seasonal,CoPx_R,7,SS_vs_ar,-1.4185617796290666,1445553,cc289a63a4f23862,True,location-k4-fold3-seed0,3
seasonal,CoPx_R,8,MSE,0.04926429420390547,1445553,cc289a63a4f23862,True,location-k4-fold3-seed0,3
seasonal,CoPx_R,8,MAE,0.10231986528802728,1445553,cc289a63a4f23862,True,location-k4-fold3-seed0,3
seasonal,CoPx_R,8,SS_vs_persistence,0.054993821536682086,1445553,cc289a63a4f23862,True,location-k4-fold3-seed0,3
seasonal,CoPx_R,8,SS_vs_seasonal,2.0298651648431587e-11,1445553,cc289a63a4f23862,True,location-k4-fold3-seed0,3
seasonal,CoPx_R,8,SS_vs_ar,-1.4371008785236938,1445553,cc289a63a4f23862,True,location-k4-fold3-seed0,3
seasonal,CoPx_R,9,MSE,0.04887349776761378,1445553,cc289a63a4f23862,True,location-k4-fold3-seed0,3
seasonal,CoPx_R,9,MAE,0.1021632767809964,1445553,cc289a63a4f23862,True,location-k4-fold3-seed0,3
seasonal,CoPx_R,9,SS_vs_persistence,0.06779346377507744,1445553,cc289a63a4f23862,True,location-k4-fold3-seed0,3
seasonal,CoPx_R,9,SS_vs_seasonal,2.0460966254631785e-11,1445553,cc289a63a4f23862,True,location-k4-fold3-seed0,3
seasonal,CoPx_R,9,SS_vs_ar,-1.4313642938706064,1445553,cc289a63a4f23862,True,location-k4-fold3-seed0,3
seasonal,CoPx_R,10,MSE,0.04864730702385102,1445553,cc289a63a4f23862,True,location-k4-fold3-seed0,3
seasonal,CoPx_R,10,MAE,0.10181217567811024,1445553,cc289a63a4f23862,True,location-k4-fold3-seed0,3
seasonal,CoPx_R,10,SS_vs_persistence,0.05348721885829322,1445553,cc289a63a4f23862,True,location-k4-fold3-seed0,3
seasonal,CoPx_R,10,SS_vs_seasonal,2.055611236784216e-11,1445553,cc289a63a4f23862,True,location-k4-fold3-seed0,3
seasonal,CoPx_R,10,SS_vs_ar,-1.4297967307746413,1445553,cc289a63a4f23862,True,location-k4-fold3-seed0,3
seasonal,CoPx_R,11,MSE,0.049287868625794325,1445553,cc289a63a4f23862,True,location-k4-fold3-seed0,3
seasonal,CoPx_R,11,MAE,0.1025700325213478,1445553,cc289a63a4f23862,True,location-k4-fold3-seed0,3
seasonal,CoPx_R,11,SS_vs_persistence,0.06546075980726329,1445553,cc289a63a4f23862,True,location-k4-fold3-seed0,3
seasonal,CoPx_R,11,SS_vs_seasonal,2.0288992708117348e-11,1445553,cc289a63a4f23862,True,location-k4-fold3-seed0,3
seasonal,CoPx_R,11,SS_vs_ar,-1.4572580346056614,1445553,cc289a63a4f23862,True,location-k4-fold3-seed0,3
seasonal,CoPx_R,12,MSE,0.04961130279671355,1445553,cc289a63a4f23862,True,location-k4-fold3-seed0,3
seasonal,CoPx_R,12,MAE,0.10323557555324933,1445553,cc289a63a4f23862,True,location-k4-fold3-seed0,3
seasonal,CoPx_R,12,SS_vs_persistence,0.09992201700034997,1445553,cc289a63a4f23862,True,location-k4-fold3-seed0,3
seasonal,CoPx_R,12,SS_vs_seasonal,2.015665412358203e-11,1445553,cc289a63a4f23862,True,location-k4-fold3-seed0,3
seasonal,CoPx_R,12,SS_vs_ar,-1.4762774410716477,1445553,cc289a63a4f23862,True,location-k4-fold3-seed0,3
seasonal,CoPx_R,13,MSE,0.050214958551780806,1445553,cc289a63a4f23862,True,location-k4-fold3-seed0,3
seasonal,CoPx_R,13,MAE,0.10356521806236503,1445553,cc289a63a4f23862,True,location-k4-fold3-seed0,3
seasonal,CoPx_R,13,SS_vs_persistence,0.10945703235256665,1445553,cc289a63a4f23862,True,location-k4-fold3-seed0,3
seasonal,CoPx_R,13,SS_vs_seasonal,1.991440345960882e-11,1445553,cc289a63a4f23862,True,location-k4-fold3-seed0,3
seasonal,CoPx_R,13,SS_vs_ar,-1.5034528676176664,1445553,cc289a63a4f23862,True,location-k4-fold3-seed0,3
seasonal,CoPx_R,14,MSE,0.049585279073652726,1445553,cc289a63a4f23862,True,location-k4-fold3-seed0,3
seasonal,CoPx_R,14,MAE,0.10306424644381576,1445553,cc289a63a4f23862,True,location-k4-fold3-seed0,3
seasonal,CoPx_R,14,SS_vs_persistence,0.053610369626086896,1445553,cc289a63a4f23862,True,location-k4-fold3-seed0,3
seasonal,CoPx_R,14,SS_vs_seasonal,2.016720124231597e-11,1445553,cc289a63a4f23862,True,location-k4-fold3-seed0,3
seasonal,CoPx_R,14,SS_vs_ar,-1.4744013111561034,1445553,cc289a63a4f23862,True,location-k4-fold3-seed0,3
seasonal,CoPx_R,15,MSE,0.050245243454707725,1445553,cc289a63a4f23862,True,location-k4-fold3-seed0,3
seasonal,CoPx_R,15,MAE,0.10347266121138927,1445553,cc289a63a4f23862,True,location-k4-fold3-seed0,3
seasonal,CoPx_R,15,SS_vs_persistence,0.05794498507579282,1445553,cc289a63a4f23862,True,location-k4-fold3-seed0,3
seasonal,CoPx_R,15,SS_vs_seasonal,1.9902302028640406e-11,1445553,cc289a63a4f23862,True,location-k4-fold3-seed0,3
seasonal,CoPx_R,15,SS_vs_ar,-1.498024848568289,1445553,cc289a63a4f23862,True,location-k4-fold3-seed0,3
seasonal,CoPx_R,16,MSE,0.05051354051535187,1445553,cc289a63a4f23862,True,location-k4-fold3-seed0,3
seasonal,CoPx_R,16,MAE,0.10367024520589302,1445553,cc289a63a4f23862,True,location-k4-fold3-seed0,3
seasonal,CoPx_R,16,SS_vs_persistence,0.08800811957291332,1445553,cc289a63a4f23862,True,location-k4-fold3-seed0,3
seasonal,CoPx_R,16,SS_vs_seasonal,1.979660879669609e-11,1445553,cc289a63a4f23862,True,location-k4-fold3-seed0,3
seasonal,CoPx_R,16,SS_vs_ar,-1.5106852877965062,1445553,cc289a63a4f23862,True,location-k4-fold3-seed0,3
seasonal,CoPx_R,17,MSE,0.049235482239505614,1445553,cc289a63a4f23862,True,location-k4-fold3-seed0,3
seasonal,CoPx_R,17,MAE,0.1028945680280485,1445553,cc289a63a4f23862,True,location-k4-fold3-seed0,3
seasonal,CoPx_R,17,SS_vs_persistence,0.06300761044252878,1445553,cc289a63a4f23862,True,location-k4-fold3-seed0,3
seasonal,CoPx_R,17,SS_vs_seasonal,2.0310531034795076e-11,1445553,cc289a63a4f23862,True,location-k4-fold3-seed0,3
seasonal,CoPx_R,17,SS_vs_ar,-1.4551154021340973,1445553,cc289a63a4f23862,True,location-k4-fold3-seed0,3
seasonal,CoPx_R,18,MSE,0.049942915343556944,1445553,cc289a63a4f23862,True,location-k4-fold3-seed0,3
seasonal,CoPx_R,18,MAE,0.10338803559588054,1445553,cc289a63a4f23862,True,location-k4-fold3-seed0,3
seasonal,CoPx_R,18,SS_vs_persistence,0.05934662550641845,1445553,cc289a63a4f23862,True,location-k4-fold3-seed0,3
seasonal,CoPx_R,18,SS_vs_seasonal,2.0022872249114698e-11,1445553,cc289a63a4f23862,True,location-k4-fold3-seed0,3
seasonal,CoPx_R,18,SS_vs_ar,-1.498437391915338,1445553,cc289a63a4f23862,True,location-k4-fold3-seed0,3
seasonal,CoPx_R,19,MSE,0.05042413334110341,1445553,cc289a63a4f23862,True,location-k4-fold3-seed0,3
seasonal,CoPx_R,19,MAE,0.10353432230783977,1445553,cc289a63a4f23862,True,location-k4-fold3-seed0,3
seasonal,CoPx_R,19,SS_vs_persistence,0.08791385760002057,1445553,cc289a63a4f23862,True,location-k4-fold3-seed0,3
seasonal,CoPx_R,19,SS_vs_seasonal,1.983180286657671e-11,1445553,cc289a63a4f23862,True,location-k4-fold3-seed0,3
seasonal,CoPx_R,19,SS_vs_ar,-1.523345208439257,1445553,cc289a63a4f23862,True,location-k4-fold3-seed0,3
seasonal,CoPx_R,20,MSE,0.05003269746325445,1445553,cc289a63a4f23862,True,location-k4-fold3-seed0,3
seasonal,CoPx_R,20,MAE,0.10314246208451917,1445553,cc289a63a4f23862,True,location-k4-fold3-seed0,3
seasonal,CoPx_R,20,SS_vs_persistence,0.10081590900496418,1445553,cc289a63a4f23862,True,location-k4-fold3-seed0,3
seasonal,CoPx_R,20,SS_vs_seasonal,1.9986901023116843e-11,1445553,cc289a63a4f23862,True,location-k4-fold3-seed0,3
seasonal,CoPx_R,20,SS_vs_ar,-1.5109102092489555,1445553,cc289a63a4f23862,True,location-k4-fold3-seed0,3
seasonal,CoPx_R,21,MSE,0.049651384084686286,1445553,cc289a63a4f23862,True,location-k4-fold3-seed0,3
seasonal,CoPx_R,21,MAE,0.10281744112227958,1445553,cc289a63a4f23862,True,location-k4-fold3-seed0,3
seasonal,CoPx_R,21,SS_vs_persistence,0.07783853700801469,1445553,cc289a63a4f23862,True,location-k4-fold3-seed0,3
seasonal,CoPx_R,21,SS_vs_seasonal,2.0140444867422502e-11,1445553,cc289a63a4f23862,True,location-k4-fold3-seed0,3
seasonal,CoPx_R,21,SS_vs_ar,-1.4932889153700457,1445553,cc289a63a4f23862,True,location-k4-fold3-seed0,3
seasonal,CoPx_R,22,MSE,0.05013479825208421,1445553,cc289a63a4f23862,True,location-k4-fold3-seed0,3
seasonal,CoPx_R,22,MAE,0.10314569083446515,1445553,cc289a63a4f23862,True,location-k4-fold3-seed0,3
seasonal,CoPx_R,22,SS_vs_persistence,0.049316123631491626,1445553,cc289a63a4f23862,True,location-k4-fold3-seed0,3
seasonal,CoPx_R,22,SS_vs_seasonal,1.99461558381131e-11,1445553,cc289a63a4f23862,True,location-k4-fold3-seed0,3
seasonal,CoPx_R,22,SS_vs_ar,-1.5423683765340437,1445553,cc289a63a4f23862,True,location-k4-fold3-seed0,3
seasonal,CoPx_R,23,MSE,0.05064774819943273,1445553,cc289a63a4f23862,True,location-k4-fold3-seed0,3
seasonal,CoPx_R,23,MAE,0.10330778197401545,1445553,cc289a63a4f23862,True,location-k4-fold3-seed0,3
seasonal,CoPx_R,23,SS_vs_persistence,0.08431043448649678,1445553,cc289a63a4f23862,True,location-k4-fold3-seed0,3
seasonal,CoPx_R,23,SS_vs_seasonal,1.9744206269933784e-11,1445553,cc289a63a4f23862,True,location-k4-fold3-seed0,3
seasonal,CoPx_R,23,SS_vs_ar,-1.5565522371486313,1445553,cc289a63a4f23862,True,location-k4-fold3-seed0,3
seasonal,CoPx_R,24,MSE,0.05050744186269088,1445553,cc289a63a4f23862,True,location-k4-fold3-seed0,3
seasonal,CoPx_R,24,MAE,0.103436868157144,1445553,cc289a63a4f23862,True,location-k4-fold3-seed0,3
seasonal,CoPx_R,24,SS_vs_persistence,0.07974640329286475,1445553,cc289a63a4f23862,True,location-k4-fold3-seed0,3
seasonal,CoPx_R,24,SS_vs_seasonal,1.9799051287350267e-11,1445553,cc289a63a4f23862,True,location-k4-fold3-seed0,3
seasonal,CoPx_R,24,SS_vs_ar,-1.5521232733166257,1445553,cc289a63a4f23862,True,location-k4-fold3-seed0,3
seasonal,CoPx_R,25,MSE,0.05058228020145108,1445553,cc289a63a4f23862,True,location-k4-fold3-seed0,3
seasonal,CoPx_R,25,MAE,0.10331741623013355,1445553,cc289a63a4f23862,True,location-k4-fold3-seed0,3
seasonal,CoPx_R,25,SS_vs_persistence,0.04157809869863749,1445553,cc289a63a4f23862,True,location-k4-fold3-seed0,3
seasonal,CoPx_R,25,SS_vs_seasonal,1.9769741399500163e-11,1445553,cc289a63a4f23862,True,location-k4-fold3-seed0,3
seasonal,CoPx_R,25,SS_vs_ar,-1.5645152173938652,1445553,cc289a63a4f23862,True,location-k4-fold3-seed0,3
seasonal,CoPx_R,26,MSE,0.051137307640976314,1445553,cc289a63a4f23862,True,location-k4-fold3-seed0,3
seasonal,CoPx_R,26,MAE,0.10355658836134043,1445553,cc289a63a4f23862,True,location-k4-fold3-seed0,3
seasonal,CoPx_R,26,SS_vs_persistence,0.09812655602930032,1445553,cc289a63a4f23862,True,location-k4-fold3-seed0,3
seasonal,CoPx_R,26,SS_vs_seasonal,1.955513528884012e-11,1445553,cc289a63a4f23862,True,location-k4-fold3-seed0,3
seasonal,CoPx_R,26,SS_vs_ar,-1.58737439208479,1445553,cc289a63a4f23862,True,location-k4-fold3-seed0,3
seasonal,CoPx_R,27,MSE,0.05137279623231142,1445553,cc289a63a4f23862,True,location-k4-fold3-seed0,3
seasonal,CoPx_R,27,MAE,0.10386591691757074,1445553,cc289a63a4f23862,True,location-k4-fold3-seed0,3
seasonal,CoPx_R,27,SS_vs_persistence,0.10359338738664492,1445553,cc289a63a4f23862,True,location-k4-fold3-seed0,3
seasonal,CoPx_R,27,SS_vs_seasonal,1.946554029075287e-11,1445553,cc289a63a4f23862,True,location-k4-fold3-seed0,3
seasonal,CoPx_R,27,SS_vs_ar,-1.5994527803072884,1445553,cc289a63a4f23862,True,location-k4-fold3-seed0,3
seasonal,CoPx_R,28,MSE,0.051754411686297644,1445553,cc289a63a4f23862,True,location-k4-fold3-seed0,3
seasonal,CoPx_R,28,MAE,0.10391202151224319,1445553,cc289a63a4f23862,True,location-k4-fold3-seed0,3
seasonal,CoPx_R,28,SS_vs_persistence,0.06536301578130921,1445553,cc289a63a4f23862,True,location-k4-fold3-seed0,3
seasonal,CoPx_R,28,SS_vs_seasonal,1.9321988453668837e-11,1445553,cc289a63a4f23862,True,location-k4-fold3-seed0,3
seasonal,CoPx_R,28,SS_vs_ar,-1.609464594774939,1445553,cc289a63a4f23862,True,location-k4-fold3-seed0,3
seasonal,CoPx_R,29,MSE,0.05181700522209203,1445553,cc289a63a4f23862,True,location-k4-fold3-seed0,3
seasonal,CoPx_R,29,MAE,0.10413099475725773,1445553,cc289a63a4f23862,True,location-k4-fold3-seed0,3
seasonal,CoPx_R,29,SS_vs_persistence,0.09467913572745712,1445553,cc289a63a4f23862,True,location-k4-fold3-seed0,3
seasonal,CoPx_R,29,SS_vs_seasonal,1.929867377015171e-11,1445553,cc289a63a4f23862,True,location-k4-fold3-seed0,3
seasonal,CoPx_R,29,SS_vs_ar,-1.616860363704617,1445553,cc289a63a4f23862,True,location-k4-fold3-seed0,3
seasonal,CoPx_R,30,MSE,0.05259704645244754,1445553,cc289a63a4f23862,True,location-k4-fold3-seed0,3
seasonal,CoPx_R,30,MAE,0.10444579005878393,1445553,cc289a63a4f23862,True,location-k4-fold3-seed0,3
seasonal,CoPx_R,30,SS_vs_persistence,0.10405702079871837,1445553,cc289a63a4f23862,True,location-k4-fold3-seed0,3
seasonal,CoPx_R,30,SS_vs_seasonal,1.9012458274403343e-11,1445553,cc289a63a4f23862,True,location-k4-fold3-seed0,3
seasonal,CoPx_R,30,SS_vs_ar,-1.6662049936087318,1445553,cc289a63a4f23862,True,location-k4-fold3-seed0,3
seasonal,CoPx_R,all,MSE,0.04997904863447205,1445553,cc289a63a4f23862,True,location-k4-fold3-seed0,3
seasonal,CoPx_R,all,MAE,0.10267349704800444,1445553,cc289a63a4f23862,True,location-k4-fold3-seed0,3
seasonal,CoPx_R,all,SS_vs_persistence,0.06319248043159242,1445553,cc289a63a4f23862,True,location-k4-fold3-seed0,3
seasonal,CoPx_R,all,SS_vs_seasonal,2.000832832749211e-11,1445553,cc289a63a4f23862,True,location-k4-fold3-seed0,3
seasonal,CoPx_R,all,SS_vs_ar,-1.5028516851845835,1445553,cc289a63a4f23862,True,location-k4-fold3-seed0,3
seasonal,CoPy_R,1,MSE,0.03679156570513321,1445553,cc289a63a4f23862,True,location-k4-fold3-seed0,3
seasonal,CoPy_R,1,MAE,0.11004783253695817,1445553,cc289a63a4f23862,True,location-k4-fold3-seed0,3
seasonal,CoPy_R,1,SS_vs_persistence,-0.038674911460195194,1445553,cc289a63a4f23862,True,location-k4-fold3-seed0,3
seasonal,CoPy_R,1,SS_vs_seasonal,2.7180147021965695e-11,1445553,cc289a63a4f23862,True,location-k4-fold3-seed0,3
seasonal,CoPy_R,1,SS_vs_ar,-0.8251897291477146,1445553,cc289a63a4f23862,True,location-k4-fold3-seed0,3
seasonal,CoPy_R,2,MSE,0.03836542123944436,1445553,cc289a63a4f23862,True,location-k4-fold3-seed0,3
seasonal,CoPy_R,2,MAE,0.11308959840331965,1445553,cc289a63a4f23862,True,location-k4-fold3-seed0,3
seasonal,CoPy_R,2,SS_vs_persistence,0.06397500158644054,1445553,cc289a63a4f23862,True,location-k4-fold3-seed0,3
seasonal,CoPy_R,2,SS_vs_seasonal,2.606515003833465e-11,1445553,cc289a63a4f23862,True,location-k4-fold3-seed0,3
seasonal,CoPy_R,2,SS_vs_ar,-0.8671694764876217,1445553,cc289a63a4f23862,True,location-k4-fold3-seed0,3
seasonal,CoPy_R,3,MSE,0.03912628020386735,1445553,cc289a63a4f23862,True,location-k4-fold3-seed0,3
seasonal,CoPy_R,3,MAE,0.11400381991952323,1445553,cc289a63a4f23862,True,location-k4-fold3-seed0,3
seasonal,CoPy_R,3,SS_vs_persistence,0.08079059138011235,1445553,cc289a63a4f23862,True,location-k4-fold3-seed0,3
seasonal,CoPy_R,3,SS_vs_seasonal,2.5558222205290804e-11,1445553,cc289a63a4f23862,True,location-k4-fold3-seed0,3
seasonal,CoPy_R,3,SS_vs_ar,-0.898698743394692,1445553,cc289a63a4f23862,True,location-k4-fold3-seed0,3
seasonal,CoPy_R,4,MSE,0.039437478878041644,1445553,cc289a63a4f23862,True,location-k4-fold3-seed0,3
seasonal,CoPy_R,4,MAE,0.11455506739990313,1445553,cc289a63a4f23862,True,location-k4-fold3-seed0,3
seasonal,CoPy_R,4,SS_vs_persistence,0.08798123230610122,1445553,cc289a63a4f23862,True,location-k4-fold3-seed0,3
seasonal,CoPy_R,4,SS_vs_seasonal,2.5356605704018875e-11,1445553,cc289a63a4f23862,True,location-k4-fold3-seed0,3
seasonal,CoPy_R,4,SS_vs_ar,-0.9163405525132942,1445553,cc289a63a4f23862,True,location-k4-fold3-seed0,3
seasonal,CoPy_R,5,MSE,0.03899740919274726,1445553,cc289a63a4f23862,True,location-k4-fold3-seed0,3
seasonal,CoPy_R,5,MAE,0.11410312703319621,1445553,cc289a63a4f23862,True,location-k4-fold3-seed0,3
seasonal,CoPy_R,5,SS_vs_persistence,0.09680391071850836,1445553,cc289a63a4f23862,True,location-k4-fold3-seed0,3
seasonal,CoPy_R,5,SS_vs_seasonal,2.5642710177464778e-11,1445553,cc289a63a4f23862,True,location-k4-fold3-seed0,3
seasonal,CoPy_R,5,SS_vs_ar,-0.898353154921715,1445553,cc289a63a4f23862,True,location-k4-fold3-seed0,3
seasonal,CoPy_R,6,MSE,0.03861947983096445,1445553,cc289a63a4f23862,True,location-k4-fold3-seed0,3
seasonal,CoPy_R,6,MAE,0.11340900578796205,1445553,cc289a63a4f23862,True,location-k4-fold3-seed0,3
seasonal,CoPy_R,6,SS_vs_persistence,0.09178655215863596,1445553,cc289a63a4f23862,True,location-k4-fold3-seed0,3
seasonal,CoPy_R,6,SS_vs_seasonal,2.5893620581030063e-11,1445553,cc289a63a4f23862,True,location-k4-fold3-seed0,3
seasonal,CoPy_R,6,SS_vs_ar,-0.8790445670700928,1445553,cc289a63a4f23862,True,location-k4-fold3-seed0,3
seasonal,CoPy_R,7,MSE,0.03836654927326679,1445553,cc289a63a4f23862,True,location-k4-fold3-seed0,3
seasonal,CoPy_R,7,MAE,0.11332390979446162,1445553,cc289a63a4f23862,True,location-k4-fold3-seed0,3
seasonal,CoPy_R,7,SS_vs_persistence,0.06520995591224166,1445553,cc289a63a4f23862,True,location-k4-fold3-seed0,3
seasonal,CoPy_R,7,SS_vs_seasonal,2.6064372882217413e-11,1445553,cc289a63a4f23862,True,location-k4-fold3-seed0,3
seasonal,CoPy_R,7,SS_vs_ar,-0.8705952200595,1445553,cc289a63a4f23862,True,location-k4-fold3-seed0,3
seasonal,CoPy_R,8,MSE,0.038127587693528954,1445553,cc289a63a4f23862,True,location-k4-fold3-seed0,3
seasonal,CoPy_R,8,MAE,0.11296540082517466,1445553,cc289a63a4f23862,True,location-k4-fold3-seed0,3
seasonal,CoPy_R,8,SS_vs_persistence,0.06573599196682911,1445553,cc289a63a4f23862,True,location-k4-fold3-seed0,3
seasonal,CoPy_R,8,SS_vs_seasonal,2.6227686689139773e-11,1445553,cc289a63a4f23862,True,location-k4-fold3-seed0,3
seasonal,CoPy_R,8,SS_vs_ar,-0.8613319940505075,1445553,cc289a63a4f23862,True,location-k4-fold3-seed0,3
seasonal,CoPy_R,9,MSE,0.03820986201681234,1445553,cc289a63a4f23862,True,location-k4-fold3-seed0,3
seasonal,CoPy_R,9,MAE,0.11290643114646153,1445553,cc289a63a4f23862,True,location-k4-fold3-seed0,3
seasonal,CoPy_R,9,SS_vs_persistence,0.06326039545837814,1445553,cc289a63a4f23862,True,location-k4-fold3-seed0,3
seasonal,CoPy_R,9,SS_vs_seasonal,2.6171176337186353e-11,1445553,cc289a63a4f23862,True,location-k4-fold3-seed0,3
seasonal,CoPy_R,9,SS_vs_ar,-0.862756044958501,1445553,cc289a63a4f23862,True,location-k4-fold3-seed0,3
seasonal,CoPy_R,10,MSE,0.03830430725304769,1445553,cc289a63a4f23862,True,location-k4-fold3-seed0,3
seasonal,CoPy_R,10,MAE,0.11321739695572389,1445553,cc289a63a4f23862,True,location-k4-fold3-seed0,3
seasonal,CoPy_R,10,SS_vs_persistence,0.07263706503213285,1445553,cc289a63a4f23862,True,location-k4-fold3-seed0,3
seasonal,CoPy_R,10,SS_vs_seasonal,2.610667237945563e-11,1445553,cc289a63a4f23862,True,location-k4-fold3-seed0,3
seasonal,CoPy_R,10,SS_vs_ar,-0.8597005638765183,1445553,cc289a63a4f23862,True,location-k4-fold3-seed0,3
seasonal,CoPy_R,11,MSE,0.038175130974184415,1445553,cc289a63a4f23862,True,location-k4-fold3-seed0,3
seasonal,CoPy_R,11,MAE,0.11319099414451718,1445553,cc289a63a4f23862,True,location-k4-fold3-seed0,3
seasonal,CoPy_R,11,SS_vs_persistence,0.07643149279427475,1445553,cc289a63a4f23862,True,location-k4-fold3-seed0,3
seasonal,CoPy_R,11,SS_vs_seasonal,2.6195046132215793e-11,1445553,cc289a63a4f23862,True,location-k4-fold3-seed0,3
seasonal,CoPy_R,11,SS_vs_ar,-0.851250604287618,1445553,cc289a63a4f23862,True,location-k4-fold3-seed0,3
seasonal,CoPy_R,12,MSE,0.03840770394844115,1445553,cc289a63a4f23862,True,location-k4-fold3-seed0,3
seasonal,CoPy_R,12,MAE,0.11338516893102213,1445553,cc289a63a4f23862,True,location-k4-fold3-seed0,3
seasonal,CoPy_R,12,SS_vs_persistence,0.08592536870170941,1445553,cc289a63a4f23862,True,location-k4-fold3-seed0,3
seasonal,CoPy_R,12,SS_vs_seasonal,2.603639526199686e-11,1445553,cc289a63a4f23862,True,location-k4-fold3-seed0,3
seasonal,CoPy_R,12,SS_vs_ar,-0.8640246688968305,1445553,cc289a63a4f23862,True,location-k4-fold3-seed0,3
seasonal,CoPy_R,13,MSE,0.03837328601618405,1445553,cc289a63a4f23862,True,location-k4-fold3-seed0,3
seasonal,CoPy_R,13,MAE,0.11323097324822998,1445553,cc289a63a4f23862,True,location-k4-fold3-seed0,3
seasonal,CoPy_R,13,SS_vs_persistence,0.09630359596296878,1445553,cc289a63a4f23862,True,location-k4-fold3-seed0,3
seasonal,CoPy_R,13,SS_vs_seasonal,2.6059709945513987e-11,1445553,cc289a63a4f23862,True,location-k4-fold3-seed0,3
seasonal,CoPy_R,13,SS_vs_ar,-0.8593728448855993,1445553,cc289a63a4f23862,True,location-k4-fold3-seed0,3
seasonal,CoPy_R,14,MSE,0.0386277603021575,1445553,cc289a63a4f23862,True,location-k4-fold3-seed0,3
seasonal,CoPy_R,14,MAE,0.11325907518322903,1445553,cc289a63a4f23862,True,location-k4-fold3-seed0,3
seasonal,CoPy_R,14,SS_vs_persistence,0.08909603064679328,1445553,cc289a63a4f23862,True,location-k4-fold3-seed0,3
seasonal,CoPy_R,14,SS_vs_seasonal,2.5888069465906938e-11,1445553,cc289a63a4f23862,True,location-k4-fold3-seed0,3
seasonal,CoPy_R,14,SS_vs_ar,-0.8705252129645078,1445553,cc289a63a4f23862,True,location-k4-fold3-seed0,3
seasonal,CoPy_R,15,MSE,0.03851635131076933,1445553,cc289a63a4f23862,True,location-k4-fold3-seed0,3
seasonal,CoPy_R,15,MAE,0.112982447592497,1445553,cc289a63a4f23862,True,location-k4-fold3-seed0,3
seasonal,CoPy_R,15,SS_vs_persistence,0.05379007665429392,1445553,cc289a63a4f23862,True,location-k4-fold3-seed0,3
seasonal,CoPy_R,15,SS_vs_seasonal,2.5963009520069136e-11,1445553,cc289a63a4f23862,True,location-k4-fold3-seed0,3
seasonal,CoPy_R,15,SS_vs_ar,-0.8652856746715964,1445553,cc289a63a4f23862,True,location-k4-fold3-seed0,3
seasonal,CoPy_R,16,MSE,0.038268134700751355,1445553,cc289a63a4f23862,True,location-k4-fold3-seed0,3
seasonal,CoPy_R,16,MAE,0.11285983095028952,1445553,cc289a63a4f23862,True,location-k4-fold3-seed0,3
seasonal,CoPy_R,16,SS_vs_persistence,0.06725351290550807,1445553,cc289a63a4f23862,True,location-k4-fold3-seed0,3
seasonal,CoPy_R,16,SS_vs_seasonal,2.613131933060231e-11,1445553,cc289a63a4f23862,True,location-k4-fold3-seed0,3
seasonal,CoPy_R,16,SS_vs_ar,-0.8451226573089381,1445553,cc289a63a4f23862,True,location-k4-fold3-seed0,3
seasonal,CoPy_R,17,MSE,0.03803881510657039,1445553,cc289a63a4f23862,True,location-k4-fold3-seed0,3
seasonal,CoPy_R,17,MAE,0.11288522642133113,1445553,cc289a63a4f23862,True,location-k4-fold3-seed0,3
seasonal,CoPy_R,17,SS_vs_persistence,0.08063300792738759,1445553,cc289a63a4f23862,True,location-k4-fold3-seed0,3
seasonal,CoPy_R,17,SS_vs_seasonal,2.628885997779662e-11,1445553,cc289a63a4f23862,True,location-k4-fold3-seed0,3
seasonal,CoPy_R,17,SS_vs_ar,-0.8409833709852117,1445553,cc289a63a4f23862,True,location-k4-fold3-seed0,3
seasonal,CoPy_R,18,MSE,0.038007517041062734,1445553,cc289a63a4f23862,True,location-k4-fold3-seed0,3
seasonal,CoPy_R,18,MAE,0.11287686275077363,1445553,cc289a63a4f23862,True,location-k4-fold3-seed0,3
seasonal,CoPy_R,18,SS_vs_persistence,0.0870496528331196,1445553,cc289a63a4f23862,True,location-k4-fold3-seed0,3
seasonal,CoPy_R,18,SS_vs_seasonal,2.631050932677681e-11,1445553,cc289a63a4f23862,True,location-k4-fold3-seed0,3
seasonal,CoPy_R,18,SS_vs_ar,-0.8456802642087,1445553,cc289a63a4f23862,True,location-k4-fold3-seed0,3
seasonal,CoPy_R,19,MSE,0.03804344584505752,1445553,cc289a63a4f23862,True,location-k4-fold3-seed0,3
seasonal,CoPy_R,19,MAE,0.11281294686841505,1445553,cc289a63a4f23862,True,location-k4-fold3-seed0,3
seasonal,CoPy_R,19,SS_vs_persistence,0.0975770169789748,1445553,cc289a63a4f23862,True,location-k4-fold3-seed0,3
seasonal,CoPy_R,19,SS_vs_seasonal,2.628575135332767e-11,1445553,cc289a63a4f23862,True,location-k4-fold3-seed0,3
seasonal,CoPy_R,19,SS_vs_ar,-0.851515126373225,1445553,cc289a63a4f23862,True,location-k4-fold3-seed0,3
seasonal,CoPy_R,20,MSE,0.03811950601069959,1445553,cc289a63a4f23862,True,location-k4-fold3-seed0,3
seasonal,CoPy_R,20,MAE,0.11295710140811734,1445553,cc289a63a4f23862,True,location-k4-fold3-seed0,3
seasonal,CoPy_R,20,SS_vs_persistence,0.10555635764388549,1445553,cc289a63a4f23862,True,location-k4-fold3-seed0,3
seasonal,CoPy_R,20,SS_vs_seasonal,2.62332378042629e-11,1445553,cc289a63a4f23862,True,location-k4-fold3-seed0,3
seasonal,CoPy_R,20,SS_vs_ar,-0.8498142520388894,1445553,cc289a63a4f23862,True,location-k4-fold3-seed0,3
seasonal,CoPy_R,21,MSE,0.03850787343092876,1445553,cc289a63a4f23862,True,location-k4-fold3-seed0,3
seasonal,CoPy_R,21,MAE,0.11345177102067365,1445553,cc289a63a4f23862,True,location-k4-fold3-seed0,3
seasonal,CoPy_R,21,SS_vs_persistence,0.10123582492446648,1445553,cc289a63a4f23862,True,location-k4-fold3-seed0,3
seasonal,CoPy_R,21,SS_vs_seasonal,2.5968671657494724e-11,1445553,cc289a63a4f23862,True,location-k4-fold3-seed0,3
seasonal,CoPy_R,21,SS_vs_ar,-0.8639187881961579,1445553,cc289a63a4f23862,True,location-k4-fold3-seed0,3
seasonal,CoPy_R,22,MSE,0.03852688070776087,1445553,cc289a63a4f23862,True,location-k4-fold3-seed0,3
seasonal,CoPy_R,22,MAE,0.11339212629124619,1445553,cc289a63a4f23862,True,location-k4-fold3-seed0,3
seasonal,CoPy_R,22,SS_vs_persistence,0.09169628178786049,1445553,cc289a63a4f23862,True,location-k4-fold3-seed0,3
seasonal,CoPy_R,22,SS_vs_seasonal,2.5955904092711535e-11,1445553,cc289a63a4f23862,True,location-k4-fold3-seed0,3
seasonal,CoPy_R,22,SS_vs_ar,-0.8636083663317711,1445553,cc289a63a4f23862,True,location-k4-fold3-seed0,3
seasonal,CoPy_R,23,MSE,0.03852838249798105,1445553,cc289a63a4f23862,True,location-k4-fold3-seed0,3
seasonal,CoPy_R,23,MAE,0.11322918724116526,1445553,cc289a63a4f23862,True,location-k4-fold3-seed0,3
seasonal,CoPy_R,23,SS_vs_persistence,0.0739787508074764,1445553,cc289a63a4f23862,True,location-k4-fold3-seed0,3
seasonal,CoPy_R,23,SS_vs_seasonal,2.5954904891989372e-11,1445553,cc289a63a4f23862,True,location-k4-fold3-seed0,3
seasonal,CoPy_R,23,SS_vs_ar,-0.8608957982938956,1445553,cc289a63a4f23862,True,location-k4-fold3-seed0,3
seasonal,CoPy_R,24,MSE,0.03818565777538368,1445553,cc289a63a4f23862,True,location-k4-fold3-seed0,3
seasonal,CoPy_R,24,MAE,0.11307274078971796,1445553,cc289a63a4f23862,True,location-k4-fold3-seed0,3
seasonal,CoPy_R,24,SS_vs_persistence,0.07573086942396823,1445553,cc289a63a4f23862,True,location-k4-fold3-seed0,3
seasonal,CoPy_R,24,SS_vs_seasonal,2.618782968255573e-11,1445553,cc289a63a4f23862,True,location-k4-fold3-seed0,3
seasonal,CoPy_R,24,SS_vs_ar,-0.854542349007015,1445553,cc289a63a4f23862,True,location-k4-fold3-seed0,3
seasonal,CoPy_R,25,MSE,0.03811481913296783,1445553,cc289a63a4f23862,True,location-k4-fold3-seed0,3
seasonal,CoPy_R,25,MAE,0.11283333407510379,1445553,cc289a63a4f23862,True,location-k4-fold3-seed0,3
seasonal,CoPy_R,25,SS_vs_persistence,0.05431178373690326,1445553,cc289a63a4f23862,True,location-k4-fold3-seed0,3
seasonal,CoPy_R,25,SS_vs_seasonal,2.6236457451034312e-11,1445553,cc289a63a4f23862,True,location-k4-fold3-seed0,3
seasonal,CoPy_R,25,SS_vs_ar,-0.8455142433230376,1445553,cc289a63a4f23862,True,location-k4-fold3-seed0,3
seasonal,CoPy_R,26,MSE,0.03853791723989646,1445553,cc289a63a4f23862,True,location-k4-fold3-seed0,3
seasonal,CoPy_R,26,MAE,0.11320108692775166,1445553,cc289a63a4f23862,True,location-k4-fold3-seed0,3
seasonal,CoPy_R,26,SS_vs_persistence,0.09480031669087541,1445553,cc289a63a4f23862,True,location-k4-fold3-seed0,3
seasonal,CoPy_R,26,SS_vs_seasonal,2.5948465598446546e-11,1445553,cc289a63a4f23862,True,location-k4-fold3-seed0,3
seasonal,CoPy_R,26,SS_vs_ar,-0.8599912871678155,1445553,cc289a63a4f23862,True,location-k4-fold3-seed0,3
seasonal,CoPy_R,27,MSE,0.03872436677787095,1445553,cc289a63a4f23862,True,location-k4-fold3-seed0,3
seasonal,CoPy_R,27,MAE,0.11359980758672601,1445553,cc289a63a4f23862,True,location-k4-fold3-seed0,3
seasonal,CoPy_R,27,SS_vs_persistence,0.12771009573314707,1445553,cc289a63a4f23862,True,location-k4-fold3-seed0,3
seasonal,CoPy_R,27,SS_vs_seasonal,2.5823454485873754e-11,1445553,cc289a63a4f23862,True,location-k4-fold3-seed0,3
seasonal,CoPy_R,27,SS_vs_ar,-0.8707243270524214,1445553,cc289a63a4f23862,True,location-k4-fold3-seed0,3
seasonal,CoPy_R,28,MSE,0.038791641829706076,1445553,cc289a63a4f23862,True,location-k4-fold3-seed0,3
seasonal,CoPy_R,28,MAE,0.1137239329033127,1445553,cc289a63a4f23862,True,location-k4-fold3-seed0,3
seasonal,CoPy_R,28,SS_vs_persistence,0.13775486174981844,1445553,cc289a63a4f23862,True,location-k4-fold3-seed0,3
seasonal,CoPy_R,28,SS_vs_seasonal,2.577871249798136e-11,1445553,cc289a63a4f23862,True,location-k4-fold3-seed0,3
seasonal,CoPy_R,28,SS_vs_ar,-0.8693167525557368,1445553,cc289a63a4f23862,True,location-k4-fold3-seed0,3
seasonal,CoPy_R,29,MSE,0.039011828298818774,1445553,cc289a63a4f23862,True,location-k4-fold3-seed0,3
seasonal,CoPy_R,29,MAE,0.11373778592518237,1445553,cc289a63a4f23862,True,location-k4-fold3-seed0,3
seasonal,CoPy_R,29,SS_vs_persistence,0.13351713066527238,1445553,cc289a63a4f23862,True,location-k4-fold3-seed0,3
seasonal,CoPy_R,29,SS_vs_seasonal,2.5633273281755464e-11,1445553,cc289a63a4f23862,True,location-k4-fold3-seed0,3
seasonal,CoPy_R,29,SS_vs_ar,-0.8802878447427036,1445553,cc289a63a4f23862,True,location-k4-fold3-seed0,3
seasonal,CoPy_R,30,MSE,0.03886135896629513,1445553,cc289a63a4f23862,True,location-k4-fold3-seed0,3
seasonal,CoPy_R,30,MAE,0.11321478192332843,1445553,cc289a63a4f23862,True,location-k4-fold3-seed0,3
seasonal,CoPy_R,30,SS_vs_persistence,0.10232866000555008,1445553,cc289a63a4f23862,True,location-k4-fold3-seed0,3
seasonal,CoPy_R,30,SS_vs_seasonal,2.573241619785449e-11,1445553,cc289a63a4f23862,True,location-k4-fold3-seed0,3
seasonal,CoPy_R,30,SS_vs_ar,-0.8785070461465783,1445553,cc289a63a4f23862,True,location-k4-fold3-seed0,3
seasonal,CoPy_R,all,MSE,0.0384238364332249,1445553,cc289a63a4f23862,True,location-k4-fold3-seed0,3
seasonal,CoPy_R,all,MAE,0.11318397088463018,1445553,cc289a63a4f23862,True,location-k4-fold3-seed0,3
seasonal,CoPy_R,all,SS_vs_persistence,0.08396285381272939,1445553,cc289a63a4f23862,True,location-k4-fold3-seed0,3
seasonal,CoPy_R,all,SS_vs_seasonal,2.6025515076355532e-11,1445553,cc289a63a4f23862,True,location-k4-fold3-seed0,3
seasonal,CoPy_R,all,SS_vs_ar,-0.8643541391663654,1445553,cc289a63a4f23862,True,location-k4-fold3-seed0,3
ar,F_R,1,MSE,370210.3305738287,1529550,cc289a63a4f23862,True,location-k4-fold3-seed0,3
ar,F_R,1,MAE,396.55568716816697,1529550,cc289a63a4f23862,True,location-k4-fold3-seed0,3
ar,F_R,1,SS_vs_persistence,0.26959922773324496,1529550,cc289a63a4f23862,True,location-k4-fold3-seed0,3
ar,F_R,1,SS_vs_seasonal,0.539780624734765,1529550,cc289a63a4f23862,True,location-k4-fold3-seed0,3
ar,F_R,1,SS_vs_ar,0.0,1529550,cc289a63a4f23862,True,location-k4-fold3-seed0,3
ar,F_R,2,MSE,418724.2767251453,1529550,cc289a63a4f23862,True,location-k4-fold3-seed0,3
ar,F_R,2,MAE,425.93068248688536,1529550,cc289a63a4f23862,True,location-k4-fold3-seed0,3
ar,F_R,2,SS_vs_persistence,0.26910901515772223,1529550,cc289a63a4f23862,True,location-k4-fold3-seed0,3
ar,F_R,2,SS_vs_seasonal,0.4905048249282671,1529550,cc289a63a4f23862,True,location-k4-fold3-seed0,3
ar,F_R,2,SS_vs_ar,0.0,1529550,cc289a63a4f23862,True,location-k4-fold3-seed0,3
ar,F_R,3,MSE,449350.2105157582,1529550,cc289a63a4f23862,True,location-k4-fold3-seed0,3
ar,F_R,3,MAE,443.3222164872689,1529550,cc289a63a4f23862,True,location-k4-fold3-seed0,3
ar,F_R,3,SS_vs_persistence,0.25770832783675857,1529550,cc289a63a4f23862,True,location-k4-fold3-seed0,3
ar,F_R,3,SS_vs_seasonal,0.4609153583862795,1529550,cc289a63a4f23862,True,location-k4-fold3-seed0,3
ar,F_R,3,SS_vs_ar,0.0,1529550,cc289a63a4f23862,True,location-k4-fold3-seed0,3
ar,F_R,4,MSE,476023.1076535319,1529550,cc289a63a4f23862,True,location-k4-fold3-seed0,3
ar,F_R,4,MAE,456.9870577443486,1529550,cc289a63a4f23862,True,location-k4-fold3-seed0,3
ar,F_R,4,SS_vs_persistence,0.23110404068855472,1529550,cc289a63a4f23862,True,location-k4-fold3-seed0,3
ar,F_R,4,SS_vs_seasonal,0.4320684777717806,1529550,cc289a63a4f23862,True,location-k4-fold3-seed0,3
ar,F_R,4,SS_vs_ar,0.0,1529550,cc289a63a4f23862,True,location-k4-fold3-seed0,3
ar,F_R,5,MSE,504938.2861573116,1529550,cc289a63a4f23862,True,location-k4-fold3-seed0,3
ar,F_R,5,MAE,470.9659522160708,1529550,cc289a63a4f23862,True,location-k4-fold3-seed0,3
ar,F_R,5,SS_vs_persistence,0.22171781030131044,1529550,cc289a63a4f23862,True,location-k4-fold3-seed0,3
ar,F_R,5,SS_vs_seasonal,0.403500548580943,1529550,cc289a63a4f23862,True,location-k4-fold3-seed0,3
ar,F_R,5,SS_vs_ar,0.0,1529550,cc289a63a4f23862,True,location-k4-fold3-seed0,3
ar,F_R,6,MSE,525276.1773783598,1529550,cc289a63a4f23862,True,location-k4-fold3-seed0,3
ar,F_R,6,MAE,479.64964681892195,1529550,cc289a63a4f23862,True,location-k4-fold3-seed0,3
ar,F_R,6,SS_vs_persistence,0.19286474613218996,1529550,cc289a63a4f23862,True,location-k4-fold3-seed0,3
ar,F_R,6,SS_vs_seasonal,0.381961636336985,1529550,cc289a63a4f23862,True,location-k4-fold3-seed0,3
ar,F_R,6,SS_vs_ar,0.0,1529550,cc289a63a4f23862,True,location-k4-fold3-seed0,3
ar,F_R,7,MSE,550673.6260130586,1529550,cc289a63a4f23862,True,location-k4-fold3-seed0,3
ar,F_R,7,MAE,491.55751246354384,1529550,cc289a63a4f23862,True,location-k4-fold3-seed0,3
ar,F_R,7,SS_vs_persistence,0.1913104521855542,1529550,cc289a63a4f23862,True,location-k4-fold3-seed0,3
ar,F_R,7,SS_vs_seasonal,0.35880024816205924,1529550,cc289a63a4f23862,True,location-k4-fold3-seed0,3
ar,F_R,7,SS_vs_ar,0.0,1529550,cc289a63a4f23862,True,location-k4-fold3-seed0,3
ar,F_R,8,MSE,572172.1465535728,1529550,cc289a63a4f23862,True,location-k4-fold3-seed0,3
ar,F_R,8,MAE,500.27264783664356,1529550,cc289a63a4f23862,True,location-k4-fold3-seed0,3
ar,F_R,8,SS_vs_persistence,0.16831140426320557,1529550,cc289a63a4f23862,True,location-k4-fold3-seed0,3
ar,F_R,8,SS_vs_seasonal,0.33810188234068994,1529550,cc289a63a4f23862,True,location-k4-fold3-seed0,3
ar,F_R,8,SS_vs_ar,0.0,1529550,cc289a63a4f23862,True,location-k4-fold3-seed0,3
ar,F_R,9,MSE,592237.1165433751,1529550,cc289a63a4f23862,True,location-k4-fold3-seed0,3
ar,F_R,9,MAE,508.6350591943758,1529550,cc289a63a4f23862,True,location-k4-fold3-seed0,3
ar,F_R,9,SS_vs_persistence,0.150972256308608,1529550,cc289a63a4f23862,True,location-k4-fold3-seed0,3
ar,F_R,9,SS_vs_seasonal,0.3173078132434578,1529550,cc289a63a4f23862,True,location-k4-fold3-seed0,3
ar,F_R,9,SS_vs_ar,0.0,1529550,cc289a63a4f23862,True,location-k4-fold3-seed0,3
ar,F_R,10,MSE,611317.6745679952,1529550,cc289a63a4f23862,True,location-k4-fold3-seed0,3
ar,F_R,10,MAE,516.1267964160212,1529550,cc289a63a4f23862,True,location-k4-fold3-seed0,3
ar,F_R,10,SS_vs_persistence,0.1224376812003517,1529550,cc289a63a4f23862,True,location-k4-fold3-seed0,3
ar,F_R,10,SS_vs_seasonal,0.2969116281447026,1529550,cc289a63a4f23862,True,location-k4-fold3-seed0,3
ar,F_R,10,SS_vs_ar,0.0,1529550,cc289a63a4f23862,True,location-k4-fold3-seed0,3
ar,F_R,11,MSE,638081.1099166514,1529550,cc289a63a4f23862,True,location-k4-fold3-seed0,3
ar,F_R,11,MAE,528.0117558977765,1529550,cc289a63a4f23862,True,location-k4-fold3-seed0,3
ar,F_R,11,SS_vs_persistence,0.11260470550156498,1529550,cc289a63a4f23862,True,location-k4-fold3-seed0,3
ar,F_R,11,SS_vs_seasonal,0.27749392946459783,1529550,cc289a63a4f23862,True,location-k4-fold3-seed0,3
ar,F_R,11,SS_vs_ar,0.0,1529550,cc289a63a4f23862,True,location-k4-fold3-seed0,3
ar,F_R,12,MSE,659171.2056903372,1529550,cc289a63a4f23862,True,location-k4-fold3-seed0,3
ar,F_R,12,MAE,535.7777827422674,1529550,cc289a63a4f23862,True,location-k4-fold3-seed0,3
ar,F_R,12,SS_vs_persistence,0.10442992941993723,1529550,cc289a63a4f23862,True,location-k4-fold3-seed0,3
ar,F_R,12,SS_vs_seasonal,0.2583322577750268,1529550,cc289a63a4f23862,True,location-k4-fold3-seed0,3
ar,F_R,12,SS_vs_ar,0.0,1529550,cc289a63a4f23862,True,location-k4-fold3-seed0,3
ar,F_R,13,MSE,673151.269937613,1529550,cc289a63a4f23862,True,location-k4-fold3-seed0,3
ar,F_R,13,MAE,540.8513513652011,1529550,cc289a63a4f23862,True,location-k4-fold3-seed0,3
ar,F_R,13,SS_vs_persistence,0.10180651620516679,1529550,cc289a63a4f23862,True,location-k4-fold3-seed0,3
ar,F_R,13,SS_vs_seasonal,0.24587389509441027,1529550,cc289a63a4f23862,True,location-k4-fold3-seed0,3
ar,F_R,13,SS_vs_ar,0.0,1529550,cc289a63a4f23862,True,location-k4-fold3-seed0,3
ar,F_R,14,MSE,685842.9533186478,1529550,cc289a63a4f23862,True,location-k4-fold3-seed0,3
ar,F_R,14,MAE,545.5528571351522,1529550,cc289a63a4f23862,True,location-k4-fold3-seed0,3
ar,F_R,14,SS_vs_persistence,0.08295250656700237,1529550,cc289a63a4f23862,True,location-k4-fold3-seed0,3
ar,F_R,14,SS_vs_seasonal,0.23396114993150252,1529550,cc289a63a4f23862,True,location-k4-fold3-seed0,3
ar,F_R,14,SS_vs_ar,0.0,1529550,cc289a63a4f23862,True,location-k4-fold3-seed0,3
ar,F_R,15,MSE,705630.3355928087,1529550,cc289a63a4f23862,True,location-k4-fold3-seed0,3
ar,F_R,15,MAE,553.3974651559492,1529550,cc289a63a4f23862,True,location-k4-fold3-seed0,3
ar,F_R,15,SS_vs_persistence,0.06689781692026353,1529550,cc289a63a4f23862,True,location-k4-fold3-seed0,3
ar,F_R,15,SS_vs_seasonal,0.21737134187552487,1529550,cc289a63a4f23862,True,location-k4-fold3-seed0,3
ar,F_R,15,SS_vs_ar,0.0,1529550,cc289a63a4f23862,True,location-k4-fold3-seed0,3
ar,F_R,16,MSE,742991.9449062484,1529550,cc289a63a4f23862,True,location-k4-fold3-seed0,3
ar,F_R,16,MAE,565.4218382523538,1529550,cc289a63a4f23862,True,location-k4-fold3-seed0,3
ar,F_R,16,SS_vs_persistence,0.06840441604113634,1529550,cc289a63a4f23862,True,location-k4-fold3-seed0,3
ar,F_R,16,SS_vs_seasonal,0.19877414734674426,1529550,cc289a63a4f23862,True,location-k4-fold3-seed0,3
ar,F_R,16,SS_vs_ar,0.0,1529550,cc289a63a4f23862,True,location-k4-fold3-seed0,3
ar,F_R,17,MSE,764091.0290126783,1529550,cc289a63a4f23862,True,location-k4-fold3-seed0,3
ar,F_R,17,MAE,571.8892745259021,1529550,cc289a63a4f23862,True,location-k4-fold3-seed0,3
ar,F_R,17,SS_vs_persistence,0.06351146969493426,1529550,cc289a63a4f23862,True,location-k4-fold3-seed0,3
ar,F_R,17,SS_vs_seasonal,0.18484329924653142,1529550,cc289a63a4f23862,True,location-k4-fold3-seed0,3
ar,F_R,17,SS_vs_ar,0.0,1529550,cc289a63a4f23862,True,location-k4-fold3-seed0,3
ar,F_R,18,MSE,787839.9745626071,1529550,cc289a63a4f23862,True,location-k4-fold3-seed0,3
ar,F_R,18,MAE,579.8754181302045,1529550,cc289a63a4f23862,True,location-k4-fold3-seed0,3
ar,F_R,18,SS_vs_persistence,0.045711758292955706,1529550,cc289a63a4f23862,True,location-k4-fold3-seed0,3
ar,F_R,18,SS_vs_seasonal,0.16217472571555325,1529550,cc289a63a4f23862,True,location-k4-fold3-seed0,3
ar,F_R,18,SS_vs_ar,0.0,1529550,cc289a63a4f23862,True,location-k4-fold3-seed0,3
ar,F_R,19,MSE,811689.6476956368,1529550,cc289a63a4f23862,True,location-k4-fold3-seed0,3
ar,F_R,19,MAE,588.2445778209728,1529550,cc289a63a4f23862,True,location-k4-fold3-seed0,3
ar,F_R,19,SS_vs_persistence,0.03569816591833197,1529550,cc289a63a4f23862,True,location-k4-fold3-seed0,3
ar,F_R,19,SS_vs_seasonal,0.141535024761115,1529550,cc289a63a4f23862,True,location-k4-fold3-seed0,3
ar,F_R,19,SS_vs_ar,0.0,1529550,cc289a63a4f23862,True,location-k4-fold3-seed0,3
ar,F_R,20,MSE,832840.5871560227,1529550,cc289a63a4f23862,True,location-k4-fold3-seed0,3
ar,F_R,20,MAE,594.9387494177996,1529550,cc289a63a4f23862,True,location-k4-fold3-seed0,3
ar,F_R,20,SS_vs_persistence,0.026201929507398747,1529550,cc289a63a4f23862,True,location-k4-fold3-seed0,3
ar,F_R,20,SS_vs_seasonal,0.11891661253249086,1529550,cc289a63a4f23862,True,location-k4-fold3-seed0,3
ar,F_R,20,SS_vs_ar,0.0,1529550,cc289a63a4f23862,True,location-k4-fold3-seed0,3
ar,F_R,21,MSE,848201.815317297,1529550,cc289a63a4f23862,True,location-k4-fold3-seed0,3
ar,F_R,21,MAE,599.8383107077797,1529550,cc289a63a4f23862,True,location-k4-fold3-seed0,3
ar,F_R,21,SS_vs_persistence,0.012273141172161384,1529550,cc289a63a4f23862,True,location-k4-fold3-seed0,3
ar,F_R,21,SS_vs_seasonal,0.10748388713315671,1529550,cc289a63a4f23862,True,location-k4-fold3-seed0,3
ar,F_R,21,SS_vs_ar,0.0,1529550,cc289a63a4f23862,True,location-k4-fold3-seed0,3
ar,F_R,22,MSE,867917.2292322313,1529550,cc289a63a4f23862,True,location-k4-fold3-seed0,3
ar,F_R,22,MAE,606.5451325863048,1529550,cc289a63a4f23862,True,location-k4-fold3-seed0,3
ar,F_R,22,SS_vs_persistence,0.007285493915067942,1529550,cc289a63a4f23862,True,location-k4-fold3-seed0,3
ar,F_R,22,SS_vs_seasonal,0.08773451946049227,1529550,cc289a63a4f23862,True,location-k4-fold3-seed0,3
ar,F_R,22,SS_vs_ar,0.0,1529550,cc289a63a4f23862,True,location-k4-fold3-seed0,3
ar,F_R,23,MSE,886292.417798794,1529550,cc289a63a4f23862,True,location-k4-fold3-seed0,3
ar,F_R,23,MAE,612.4981896653335,1529550,cc289a63a4f23862,True,location-k4-fold3-seed0,3
ar,F_R,23,SS_vs_persistence,0.006595485942885504,1529550,cc289a63a4f23862,True,location-k4-fold3-seed0,3
ar,F_R,23,SS_vs_seasonal,0.07712583730692513,1529550,cc289a63a4f23862,True,location-k4-fold3-seed0,3
ar,F_R,23,SS_vs_ar,0.0,1529550,cc289a63a4f23862,True,location-k4-fold3-seed0,3
ar,F_R,24,MSE,897820.094233849,1529550,cc289a63a4f23862,True,location-k4-fold3-seed0,3
ar,F_R,24,MAE,616.7732309164841,1529550,cc289a63a4f23862,True,location-k4-fold3-seed0,3
ar,F_R,24,SS_vs_persistence,-0.000680968948013172,1529550,cc289a63a4f23862,True,location-k4-fold3-seed0,3
ar,F_R,24,SS_vs_seasonal,0.06660391920801612,1529550,cc289a63a4f23862,True,location-k4-fold3-seed0,3
ar,F_R,24,SS_vs_ar,0.0,1529550,cc289a63a4f23862,True,location-k4-fold3-seed0,3
ar,F_R,25,MSE,911540.7604180322,1529550,cc289a63a4f23862,True,location-k4-fold3-seed0,3
ar,F_R,25,MAE,622.3776492928871,1529550,cc289a63a4f23862,True,location-k4-fold3-seed0,3
ar,F_R,25,SS_vs_persistence,-0.003924542505802542,1529550,cc289a63a4f23862,True,location-k4-fold3-seed0,3
ar,F_R,25,SS_vs_seasonal,0.054650516298387464,1529550,cc289a63a4f23862,True,location-k4-fold3-seed0,3
ar,F_R,25,SS_vs_ar,0.0,1529550,cc289a63a4f23862,True,location-k4-fold3-seed0,3
ar,F_R,26,MSE,929428.8320284942,1529550,cc289a63a4f23862,True,location-k4-fold3-seed0,3
ar,F_R,26,MAE,628.719041061912,1529550,cc289a63a4f23862,True,location-k4-fold3-seed0,3
ar,F_R,26,SS_vs_persistence,-0.004718764606973291,1529550,cc289a63a4f23862,True,location-k4-fold3-seed0,3
ar,F_R,26,SS_vs_seasonal,0.03534951462819402,1529550,cc289a63a4f23862,True,location-k4-fold3-seed0,3
ar,F_R,26,SS_vs_ar,0.0,1529550,cc289a63a4f23862,True,location-k4-fold3-seed0,3
ar,F_R,27,MSE,942248.0619085844,1529550,cc289a63a4f23862,True,location-k4-fold3-seed0,3
ar,F_R,27,MAE,633.7019404042072,1529550,cc289a63a4f23862,True,location-k4-fold3-seed0,3
ar,F_R,27,SS_vs_persistence,0.008504011301019188,1529550,cc289a63a4f23862,True,location-k4-fold3-seed0,3
ar,F_R,27,SS_vs_seasonal,0.026328624614483043,1529550,cc289a63a4f23862,True,location-k4-fold3-seed0,3
ar,F_R,27,SS_vs_ar,0.0,1529550,cc289a63a4f23862,True,location-k4-fold3-seed0,3
ar,F_R,28,MSE,953390.4887106693,1529550,cc289a63a4f23862,True,location-k4-fold3-seed0,3
ar,F_R,28,MAE,636.9360476135724,1529550,cc289a63a4f23862,True,location-k4-fold3-seed0,3
ar,F_R,28,SS_vs_persistence,-0.0018576664390899111,1529550,cc289a63a4f23862,True,location-k4-fold3-seed0,3
ar,F_R,28,SS_vs_seasonal,0.016350240086125845,1529550,cc289a63a4f23862,True,location-k4-fold3-seed0,3
ar,F_R,28,SS_vs_ar,0.0,1529550,cc289a63a4f23862,True,location-k4-fold3-seed0,3
ar,F_R,29,MSE,967612.1299088771,1529550,cc289a63a4f23862,True,location-k4-fold3-seed0,3
ar,F_R,29,MAE,641.3960560140738,1529550,cc289a63a4f23862,True,location-k4-fold3-seed0,3
ar,F_R,29,SS_vs_persistence,-0.004612103997095884,1529550,cc289a63a4f23862,True,location-k4-fold3-seed0,3
ar,F_R,29,SS_vs_seasonal,0.0013089205161473938,1529550,cc289a63a4f23862,True,location-k4-fold3-seed0,3
ar,F_R,29,SS_vs_ar,0.0,1529550,cc289a63a4f23862,True,location-k4-fold3-seed0,3
ar,F_R,30,MSE,980487.3259328954,1529550,cc289a63a4f23862,True,location-k4-fold3-seed0,3
ar,F_R,30,MAE,645.3168013314292,1529550,cc289a63a4f23862,True,location-k4-fold3-seed0,3
ar,F_R,30,SS_vs_persistence,-0.024494196212984543,1529550,cc289a63a4f23862,True,location-k4-fold3-seed0,3
ar,F_R,30,SS_vs_seasonal,-0.013914864712884834,1529550,cc289a63a4f23862,True,location-k4-fold3-seed0,3
ar,F_R,30,SS_vs_ar,0.0,1529550,cc289a63a4f23862,True,location-k4-fold3-seed0,3
ar,F_R,all,MSE,718573.0721987252,1529550,cc289a63a4f23862,True,location-k4-fold3-seed0,3
ar,F_R,all,MAE,551.2688909623372,1529550,cc289a63a4f23862,True,location-k4-fold3-seed0,3
ar,F_R,all,SS_vs_persistence,0.0783245736748196,1529550,cc289a63a4f23862,True,location-k4-fold3-seed0,3
ar,F_R,all,SS_vs_seasonal,0.20851675135096337,1529550,cc289a63a4f23862,True,location-k4-fold3-seed0,3
ar,F_R,all,SS_vs_ar,0.0,1529550,cc289a63a4f23862,True,location-k4-fold3-seed0,3
ar,CoPx_R,1,MSE,0.019866287725796895,1445553,cc289a63a4f23862,True,location-k4-fold3-seed0,3
ar,CoPx_R,1,MAE,0.0716029517829598,1445553,cc289a63a4f23862,True,location-k4-fold3-seed0,3
ar,CoPx_R,1,SS_vs_persistence,0.5538366138534696,1445553,cc289a63a4f23862,True,location-k4-fold3-seed0,3
ar,CoPx_R,1,SS_vs_seasonal,0.5858542505809758,1445553,cc289a63a4f23862,True,location-k4-fold3-seed0,3
ar,CoPx_R,1,SS_vs_ar,5.0336512735782435e-11,1445553,cc289a63a4f23862,True,location-k4-fold3-seed0,3
ar,CoPx_R,2,MSE,0.020045809587747,1445553,cc289a63a4f23862,True,location-k4-fold3-seed0,3
ar,CoPx_R,2,MAE,0.07314059716712665,1445553,cc289a63a4f23862,True,location-k4-fold3-seed0,3
ar,CoPx_R,2,SS_vs_persistence,0.6052276743646211,1445553,cc289a63a4f23862,True,location-k4-fold3-seed0,3
ar,CoPx_R,2,SS_vs_seasonal,0.5968792275732162,1445553,cc289a63a4f23862,True,location-k4-fold3-seed0,3
ar,CoPx_R,2,SS_vs_ar,4.988565116548216e-11,1445553,cc289a63a4f23862,True,location-k4-fold3-seed0,3
ar,CoPx_R,3,MSE,0.020004731769578843,1445553,cc289a63a4f23862,True,location-k4-fold3-seed0,3
ar,CoPx_R,3,MAE,0.07367253432249952,1445553,cc289a63a4f23862,True,location-k4-fold3-seed0,3
ar,CoPx_R,3,SS_vs_persistence,0.5811419002766307,1445553,cc289a63a4f23862,True,location-k4-fold3-seed0,3
ar,CoPx_R,3,SS_vs_seasonal,0.5873783666212808,1445553,cc289a63a4f23862,True,location-k4-fold3-seed0,3
ar,CoPx_R,3,SS_vs_ar,4.998812475065506e-11,1445553,cc289a63a4f23862,True,location-k4-fold3-seed0,3
ar,CoPx_R,4,MSE,0.02012677196539189,1445553,cc289a63a4f23862,True,location-k4-fold3-seed0,3
ar,CoPx_R,4,MAE,0.07444155111548313,1445553,cc289a63a4f23862,True,location-k4-fold3-seed0,3
ar,CoPx_R,4,SS_vs_persistence,0.5990586900229511,1445553,cc289a63a4f23862,True,location-k4-fold3-seed0,3
ar,CoPx_R,4,SS_vs_seasonal,0.5904197873078152,1445553,cc289a63a4f23862,True,location-k4-fold3-seed0,3
ar,CoPx_R,4,SS_vs_ar,4.968503386493239e-11,1445553,cc289a63a4f23862,True,location-k4-fold3-seed0,3
ar,CoPx_R,5,MSE,0.02009517202064835,1445553,cc289a63a4f23862,True,location-k4-fold3-seed0,3
ar,CoPx_R,5,MAE,0.07513973209527489,1445553,cc289a63a4f23862,True,location-k4-fold3-seed0,3
ar,CoPx_R,5,SS_vs_persistence,0.619179479423555,1445553,cc289a63a4f23862,True,location-k4-fold3-seed0,3
ar,CoPx_R,5,SS_vs_seasonal,0.5969621483658534,1445553,cc289a63a4f23862,True,location-k4-fold3-seed0,3
ar,CoPx_R,5,SS_vs_ar,4.976308254356354e-11,1445553,cc289a63a4f23862,True,location-k4-fold3-seed0,3
ar,CoPx_R,6,MSE,0.020171021564111543,1445553,cc289a63a4f23862,True,location-k4-fold3-seed0,3
ar,CoPx_R,6,MAE,0.07558001994119638,1445553,cc289a63a4f23862,True,location-k4-fold3-seed0,3
ar,CoPx_R,6,SS_vs_persistence,0.6042452845175696,1445553,cc289a63a4f23862,True,location-k4-fold3-seed0,3
ar,CoPx_R,6,SS_vs_seasonal,0.5904303571743029,1445553,cc289a63a4f23862,True,location-k4-fold3-seed0,3
ar,CoPx_R,6,SS_vs_ar,4.95760099639142e-11,1445553,cc289a63a4f23862,True,location-k4-fold3-seed0,3
ar,CoPx_R,7,MSE,0.02019651431128526,1445553,cc289a63a4f23862,True,location-k4-fold3-seed0,3
ar,CoPx_R,7,MAE,0.07619113202524894,1445553,cc289a63a4f23862,True,location-k4-fold3-seed0,3
ar,CoPx_R,7,SS_vs_persistence,0.6017050556358452,1445553,cc289a63a4f23862,True,location-k4-fold3-seed0,3
ar,CoPx_R,7,SS_vs_seasonal,0.58653113252977,1445553,cc289a63a4f23862,True,location-k4-fold3-seed0,3
ar,CoPx_R,7,SS_vs_ar,4.9513393385325344e-11,1445553,cc289a63a4f23862,True,location-k4-fold3-seed0,3
ar,CoPx_R,8,MSE,0.02021430242613136,1445553,cc289a63a4f23862,True,location-k4-fold3-seed0,3
ar,CoPx_R,8,MAE,0.07647600752781229,1445553,cc289a63a4f23862,True,location-k4-fold3-seed0,3
ar,CoPx_R,8,SS_vs_persistence,0.6122416651915457,1445553,cc289a63a4f23862,True,location-k4-fold3-seed0,3
ar,CoPx_R,8,SS_vs_seasonal,0.5896764025065738,1445553,cc289a63a4f23862,True,location-k4-fold3-seed0,3
ar,CoPx_R,8,SS_vs_ar,4.946987264276004e-11,1445553,cc289a63a4f23862,True,location-k4-fold3-seed0,3
ar,CoPx_R,9,MSE,0.020101264910565228,1445553,cc289a63a4f23862,True,location-k4-fold3-seed0,3
ar,CoPx_R,9,MAE,0.07675749123523694,1445553,cc289a63a4f23862,True,location-k4-fold3-seed0,3
ar,CoPx_R,9,SS_vs_persistence,0.6165911712495693,1445553,cc289a63a4f23862,True,location-k4-fold3-seed0,3
ar,CoPx_R,9,SS_vs_seasonal,0.5887082810047182,1445553,cc289a63a4f23862,True,location-k4-fold3-seed0,3
ar,CoPx_R,9,SS_vs_ar,4.97480945327311e-11,1445553,cc289a63a4f23862,True,location-k4-fold3-seed0,3
ar,CoPx_R,10,MSE,0.020021142676371954,1445553,cc289a63a4f23862,True,location-k4-fold3-seed0,3
ar,CoPx_R,10,MAE,0.07712670965753304,1445553,cc289a63a4f23862,True,location-k4-fold3-seed0,3
ar,CoPx_R,10,SS_vs_persistence,0.610455982137784,1445553,cc289a63a4f23862,True,location-k4-fold3-seed0,3
ar,CoPx_R,10,SS_vs_seasonal,0.5884429395825684,1445553,cc289a63a4f23862,True,location-k4-fold3-seed0,3
ar,CoPx_R,10,SS_vs_ar,4.994715752104639e-11,1445553,cc289a63a4f23862,True,location-k4-fold3-seed0,3
ar,CoPx_R,11,MSE,0.020058076086928632,1445553,cc289a63a4f23862,True,location-k4-fold3-seed0,3
ar,CoPx_R,11,MAE,0.07763405322894981,1445553,cc289a63a4f23862,True,location-k4-fold3-seed0,3
ar,CoPx_R,11,SS_vs_persistence,0.6196820899616596,1445553,cc289a63a4f23862,True,location-k4-fold3-seed0,3
ar,CoPx_R,11,SS_vs_seasonal,0.5930423317995845,1445553,cc289a63a4f23862,True,location-k4-fold3-seed0,3
ar,CoPx_R,11,SS_vs_ar,4.985512003230497e-11,1445553,cc289a63a4f23862,True,location-k4-fold3-seed0,3
ar,CoPx_R,12,MSE,0.020034630195866588,1445553,cc289a63a4f23862,True,location-k4-fold3-seed0,3
ar,CoPx_R,12,MAE,0.07805274408100119,1445553,cc289a63a4f23862,True,location-k4-fold3-seed0,3
ar,CoPx_R,12,SS_vs_persistence,0.6365197340063797,1445553,cc289a63a4f23862,True,location-k4-fold3-seed0,3
ar,CoPx_R,12,SS_vs_seasonal,0.5961680289357383,1445553,cc289a63a4f23862,True,location-k4-fold3-seed0,3
ar,CoPx_R,12,SS_vs_ar,4.991351776340025e-11,1445553,cc289a63a4f23862,True,location-k4-fold3-seed0,3
ar,CoPx_R,13,MSE,0.02005827998553968,1445553,cc289a63a4f23862,True,location-k4-fold3-seed0,3
ar,CoPx_R,13,MAE,0.07829496373830663,1445553,cc289a63a4f23862,True,location-k4-fold3-seed0,3
ar,CoPx_R,13,SS_vs_persistence,0.6442741227037786,1445553,cc289a63a4f23862,True,location-k4-fold3-seed0,3
ar,CoPx_R,13,SS_vs_seasonal,0.6005516968722283,1445553,cc289a63a4f23862,True,location-k4-fold3-seed0,3
ar,CoPx_R,13,SS_vs_ar,4.985467594309512e-11,1445553,cc289a63a4f23862,True,location-k4-fold3-seed0,3
ar,CoPx_R,14,MSE,0.020039303587343647,1445553,cc289a63a4f23862,True,location-k4-fold3-seed0,3
ar,CoPx_R,14,MAE,0.07841392217005463,1445553,cc289a63a4f23862,True,location-k4-fold3-seed0,3
ar,CoPx_R,14,SS_vs_persistence,0.61752783347641,1445553,cc289a63a4f23862,True,location-k4-fold3-seed0,3
ar,CoPx_R,14,SS_vs_seasonal,0.5958618371962043,1445553,cc289a63a4f23862,True,location-k4-fold3-seed0,3
ar,CoPx_R,14,SS_vs_ar,4.9901860421641686e-11,1445553,cc289a63a4f23862,True,location-k4-fold3-seed0,3
ar,CoPx_R,15,MSE,0.020113988650275885,1445553,cc289a63a4f23862,True,location-k4-fold3-seed0,3
ar,CoPx_R,15,MAE,0.0788519100353045,1445553,cc289a63a4f23862,True,location-k4-fold3-seed0,3
ar,CoPx_R,15,SS_vs_persistence,0.6228800464425732,1445553,cc289a63a4f23862,True,location-k4-fold3-seed0,3
ar,CoPx_R,15,SS_vs_seasonal,0.5996837259230955,1445553,cc289a63a4f23862,True,location-k4-fold3-seed0,3
ar,CoPx_R,15,SS_vs_ar,4.971656419883175e-11,1445553,cc289a63a4f23862,True,location-k4-fold3-seed0,3
ar,CoPx_R,16,MSE,0.020119423473092563,1445553,cc289a63a4f23862,True,location-k4-fold3-seed0,3
ar,CoPx_R,16,MAE,0.07918381926221951,1445553,cc289a63a4f23862,True,location-k4-fold3-seed0,3
ar,CoPx_R,16,SS_vs_persistence,0.6367557953939483,1445553,cc289a63a4f23862,True,location-k4-fold3-seed0,3
ar,CoPx_R,16,SS_vs_seasonal,0.6017023699500997,1445553,cc289a63a4f23862,True,location-k4-fold3-seed0,3
ar,CoPx_R,16,SS_vs_ar,4.970313050023378e-11,1445553,cc289a63a4f23862,True,location-k4-fold3-seed0,3
ar,CoPx_R,17,MSE,0.020054243557859966,1445553,cc289a63a4f23862,True,location-k4-fold3-seed0,3
ar,CoPx_R,17,MAE,0.0792414671393345,1445553,cc289a63a4f23862,True,location-k4-fold3-seed0,3
ar,CoPx_R,17,SS_vs_persistence,0.6183509790634394,1445553,cc289a63a4f23862,True,location-k4-fold3-seed0,3
ar,CoPx_R,17,SS_vs_seasonal,0.5926871710142099,1445553,cc289a63a4f23862,True,location-k4-fold3-seed0,3
ar,CoPx_R,17,SS_vs_ar,4.9864667950316743e-11,1445553,cc289a63a4f23862,True,location-k4-fold3-seed0,3
ar,CoPx_R,18,MSE,0.01998966053849024,1445553,cc289a63a4f23862,True,location-k4-fold3-seed0,3
ar,CoPx_R,18,MAE,0.07953326760828494,1445553,cc289a63a4f23862,True,location-k4-fold3-seed0,3
ar,CoPx_R,18,SS_vs_persistence,0.6235033235211844,1445553,cc289a63a4f23862,True,location-k4-fold3-seed0,3
ar,CoPx_R,18,SS_vs_seasonal,0.5997498263651357,1445553,cc289a63a4f23862,True,location-k4-fold3-seed0,3
ar,CoPx_R,18,SS_vs_ar,5.0025761311189854e-11,1445553,cc289a63a4f23862,True,location-k4-fold3-seed0,3
ar,CoPx_R,19,MSE,0.019983049948908288,1445553,cc289a63a4f23862,True,location-k4-fold3-seed0,3
ar,CoPx_R,19,MAE,0.07972560008496198,1445553,cc289a63a4f23862,True,location-k4-fold3-seed0,3
ar,CoPx_R,19,SS_vs_persistence,0.6385408784720021,1445553,cc289a63a4f23862,True,location-k4-fold3-seed0,3
ar,CoPx_R,19,SS_vs_seasonal,0.603700676155742,1445553,cc289a63a4f23862,True,location-k4-fold3-seed0,3
ar,CoPx_R,19,SS_vs_ar,5.004230363425677e-11,1445553,cc289a63a4f23862,True,location-k4-fold3-seed0,3
ar,CoPx_R,20,MSE,0.019926119729987854,1445553,cc289a63a4f23862,True,location-k4-fold3-seed0,3
ar,CoPx_R,20,MAE,0.07988195856084944,1445553,cc289a63a4f23862,True,location-k4-fold3-seed0,3
ar,CoPx_R,20,SS_vs_persistence,0.6418891891722137,1445553,cc289a63a4f23862,True,location-k4-fold3-seed0,3
ar,CoPx_R,20,SS_vs_seasonal,0.6017380485186923,1445553,cc289a63a4f23862,True,location-k4-fold3-seed0,3
ar,CoPx_R,20,SS_vs_ar,5.018530035982849e-11,1445553,cc289a63a4f23862,True,location-k4-fold3-seed0,3
ar,CoPx_R,21,MSE,0.01991401147942131,1445553,cc289a63a4f23862,True,location-k4-fold3-seed0,3
ar,CoPx_R,21,MAE,0.08000304220851766,1445553,cc289a63a4f23862,True,location-k4-fold3-seed0,3
ar,CoPx_R,21,SS_vs_persistence,0.6301425569812819,1445553,cc289a63a4f23862,True,location-k4-fold3-seed0,3
ar,CoPx_R,21,SS_vs_seasonal,0.5989233362547448,1445553,cc289a63a4f23862,True,location-k4-fold3-seed0,3
ar,CoPx_R,21,SS_vs_ar,5.021583149300568e-11,1445553,cc289a63a4f23862,True,location-k4-fold3-seed0,3
ar,CoPx_R,22,MSE,0.019719722252795457,1445553,cc289a63a4f23862,True,location-k4-fold3-seed0,3
ar,CoPx_R,22,MAE,0.08008562632781728,1445553,cc289a63a4f23862,True,location-k4-fold3-seed0,3
ar,CoPx_R,22,SS_vs_persistence,0.626063679404184,1445553,cc289a63a4f23862,True,location-k4-fold3-seed0,3
ar,CoPx_R,22,SS_vs_seasonal,0.6066659697472238,1445553,cc289a63a4f23862,True,location-k4-fold3-seed0,3
ar,CoPx_R,22,SS_vs_ar,5.071054687277865e-11,1445553,cc289a63a4f23862,True,location-k4-fold3-seed0,3
ar,CoPx_R,23,MSE,0.019810957687829027,1445553,cc289a63a4f23862,True,location-k4-fold3-seed0,3
ar,CoPx_R,23,MAE,0.08051277478105047,1445553,cc289a63a4f23862,True,location-k4-fold3-seed0,3
ar,CoPx_R,23,SS_vs_persistence,0.6418263815768666,1445553,cc289a63a4f23862,True,location-k4-fold3-seed0,3
ar,CoPx_R,23,SS_vs_seasonal,0.6088482036865803,1445553,cc289a63a4f23862,True,location-k4-fold3-seed0,3
ar,CoPx_R,23,SS_vs_ar,5.047706697069998e-11,1445553,cc289a63a4f23862,True,location-k4-fold3-seed0,3
ar,CoPx_R,24,MSE,0.019790361377999402,1445553,cc289a63a4f23862,True,location-k4-fold3-seed0,3
ar,CoPx_R,24,MAE,0.08069407403676425,1445553,cc289a63a4f23862,True,location-k4-fold3-seed0,3
ar,CoPx_R,24,SS_vs_persistence,0.63941647870923,1445553,cc289a63a4f23862,True,location-k4-fold3-seed0,3
ar,CoPx_R,24,SS_vs_seasonal,0.6081693974640512,1445553,cc289a63a4f23862,True,location-k4-fold3-seed0,3
ar,CoPx_R,24,SS_vs_ar,5.052958051976475e-11,1445553,cc289a63a4f23862,True,location-k4-fold3-seed0,3
ar,CoPx_R,25,MSE,0.01972391501357116,1445553,cc289a63a4f23862,True,location-k4-fold3-seed0,3
ar,CoPx_R,25,MAE,0.08086893552953874,1445553,cc289a63a4f23862,True,location-k4-fold3-seed0,3
ar,CoPx_R,25,SS_vs_persistence,0.6262756037662562,1445553,cc289a63a4f23862,True,location-k4-fold3-seed0,3
ar,CoPx_R,25,SS_vs_seasonal,0.6100627544937092,1445553,cc289a63a4f23862,True,location-k4-fold3-seed0,3
ar,CoPx_R,25,SS_vs_ar,5.0699777709439786e-11,1445553,cc289a63a4f23862,True,location-k4-fold3-seed0,3
ar,CoPx_R,26,MSE,0.01976417011578475,1445553,cc289a63a4f23862,True,location-k4-fold3-seed0,3
ar,CoPx_R,26,MAE,0.08124513030489697,1445553,cc289a63a4f23862,True,location-k4-fold3-seed0,3
ar,CoPx_R,26,SS_vs_persistence,0.651432955862882,1445553,cc289a63a4f23862,True,location-k4-fold3-seed0,3
ar,CoPx_R,26,SS_vs_seasonal,0.6135078081513772,1445553,cc289a63a4f23862,True,location-k4-fold3-seed0,3
ar,CoPx_R,26,SS_vs_ar,5.0596526968149647e-11,1445553,cc289a63a4f23862,True,location-k4-fold3-seed0,3
ar,CoPx_R,27,MSE,0.019762927266422224,1445553,cc289a63a4f23862,True,location-k4-fold3-seed0,3
ar,CoPx_R,27,MAE,0.0815569000021614,1445553,cc289a63a4f23862,True,location-k4-fold3-seed0,3
ar,CoPx_R,27,SS_vs_persistence,0.6551556468503996,1445553,cc289a63a4f23862,True,location-k4-fold3-seed0,3
ar,CoPx_R,27,SS_vs_seasonal,0.6153036487118946,1445553,cc289a63a4f23862,True,location-k4-fold3-seed0,3
ar,CoPx_R,27,SS_vs_ar,5.059974661492106e-11,1445553,cc289a63a4f23862,True,location-k4-fold3-seed0,3
ar,CoPx_R,28,MSE,0.019833345042243003,1445553,cc289a63a4f23862,True,location-k4-fold3-seed0,3
ar,CoPx_R,28,MAE,0.08183649148891618,1445553,cc289a63a4f23862,True,location-k4-fold3-seed0,3
ar,CoPx_R,28,SS_vs_persistence,0.6418280646370766,1445553,cc289a63a4f23862,True,location-k4-fold3-seed0,3
ar,CoPx_R,28,SS_vs_seasonal,0.6167796252408989,1445553,cc289a63a4f23862,True,location-k4-fold3-seed0,3
ar,CoPx_R,28,SS_vs_ar,5.042011252953671e-11,1445553,cc289a63a4f23862,True,location-k4-fold3-seed0,3
ar,CoPx_R,29,MSE,0.019801211382222652,1445553,cc289a63a4f23862,True,location-k4-fold3-seed0,3
ar,CoPx_R,29,MAE,0.08204518373574107,1445553,cc289a63a4f23862,True,location-k4-fold3-seed0,3
ar,CoPx_R,29,SS_vs_persistence,0.6540431133493174,1445553,cc289a63a4f23862,True,location-k4-fold3-seed0,3
ar,CoPx_R,29,SS_vs_seasonal,0.6178626823960424,1445553,cc289a63a4f23862,True,location-k4-fold3-seed0,3
ar,CoPx_R,29,SS_vs_ar,5.050193596645158e-11,1445553,cc289a63a4f23862,True,location-k4-fold3-seed0,3
ar,CoPx_R,30,MSE,0.01972730775610422,1445553,cc289a63a4f23862,True,location-k4-fold3-seed0,3
ar,CoPx_R,30,MAE,0.08209444261506446,1445553,cc289a63a4f23862,True,location-k4-fold3-seed0,3
ar,CoPx_R,30,SS_vs_persistence,0.6639632056411391,1445553,cc289a63a4f23862,True,location-k4-fold3-seed0,3
ar,CoPx_R,30,SS_vs_seasonal,0.6249350660105142,1445553,cc289a63a4f23862,True,location-k4-fold3-seed0,3
ar,CoPx_R,30,SS_vs_ar,5.069111796984771e-11,1445553,cc289a63a4f23862,True,location-k4-fold3-seed0,3
ar,CoPx_R,all,MSE,0.019968841512989326,1445553,cc289a63a4f23862,True,location-k4-fold3-seed0,3
ar,CoPx_R,all,MAE,0.07833114395952911,1445553,cc289a63a4f23862,True,location-k4-fold3-seed0,3
ar,CoPx_R,all,SS_vs_persistence,0.6257039420007002,1445553,cc289a63a4f23862,True,location-k4-fold3-seed0,3
ar,CoPx_R,all,SS_vs_seasonal,0.6004557497955919,1445553,cc289a63a4f23862,True,location-k4-fold3-seed0,3
ar,CoPx_R,all,SS_vs_ar,5.0077941793347236e-11,1445553,cc289a63a4f23862,True,location-k4-fold3-seed0,3
ar,CoPy_R,1,MSE,0.02015766641448728,1445553,cc289a63a4f23862,True,location-k4-fold3-seed0,3
ar,CoPy_R,1,MAE,0.08355105715770485,1445553,cc289a63a4f23862,True,location-k4-fold3-seed0,3
ar,CoPy_R,1,SS_vs_persistence,0.4309222242371019,1445553,cc289a63a4f23862,True,location-k4-fold3-seed0,3
ar,CoPy_R,1,SS_vs_seasonal,0.45211175366948386,1445553,cc289a63a4f23862,True,location-k4-fold3-seed0,3
ar,CoPy_R,1,SS_vs_ar,4.960887256544311e-11,1445553,cc289a63a4f23862,True,location-k4-fold3-seed0,3
ar,CoPy_R,2,MSE,0.020547369545557977,1445553,cc289a63a4f23862,True,location-k4-fold3-seed0,3
ar,CoPy_R,2,MAE,0.08480142241250356,1445553,cc289a63a4f23862,True,location-k4-fold3-seed0,3
ar,CoPy_R,2,SS_vs_persistence,0.4986930698284632,1445553,cc289a63a4f23862,True,location-k4-fold3-seed0,3
ar,CoPy_R,2,SS_vs_seasonal,0.46442997675476605,1445553,cc289a63a4f23862,True,location-k4-fold3-seed0,3
ar,CoPy_R,2,SS_vs_ar,4.866795855207329e-11,1445553,cc289a63a4f23862,True,location-k4-fold3-seed0,3
ar,CoPy_R,3,MSE,0.02060689213498641,1445553,cc289a63a4f23862,True,location-k4-fold3-seed0,3
ar,CoPy_R,3,MAE,0.08508376535923207,1445553,cc289a63a4f23862,True,location-k4-fold3-seed0,3
ar,CoPy_R,3,SS_vs_persistence,0.5158740101487495,1445553,cc289a63a4f23862,True,location-k4-fold3-seed0,3
ar,CoPy_R,3,SS_vs_seasonal,0.47332350463454254,1445553,cc289a63a4f23862,True,location-k4-fold3-seed0,3
ar,CoPy_R,3,SS_vs_ar,4.852740431715574e-11,1445553,cc289a63a4f23862,True,location-k4-fold3-seed0,3
ar,CoPy_R,4,MSE,0.020579577478753854,1445553,cc289a63a4f23862,True,location-k4-fold3-seed0,3
ar,CoPy_R,4,MAE,0.08503774088172579,1445553,cc289a63a4f23862,True,location-k4-fold3-seed0,3
ar,CoPy_R,4,SS_vs_persistence,0.5240831456321983,1445553,cc289a63a4f23862,True,location-k4-fold3-seed0,3
ar,CoPy_R,4,SS_vs_seasonal,0.4781720824022929,1445553,cc289a63a4f23862,True,location-k4-fold3-seed0,3
ar,CoPy_R,4,SS_vs_ar,4.8591797252584e-11,1445553,cc289a63a4f23862,True,location-k4-fold3-seed0,3
ar,CoPy_R,5,MSE,0.020542757858169492,1445553,cc289a63a4f23862,True,location-k4-fold3-seed0,3
ar,CoPy_R,5,MAE,0.08499606342947709,1445553,cc289a63a4f23862,True,location-k4-fold3-seed0,3
ar,CoPy_R,5,SS_vs_persistence,0.5242212509848984,1445553,cc289a63a4f23862,True,location-k4-fold3-seed0,3
ar,CoPy_R,5,SS_vs_seasonal,0.4732276250427615,1445553,cc289a63a4f23862,True,location-k4-fold3-seed0,3
ar,CoPy_R,5,SS_vs_ar,4.8678838737714614e-11,1445553,cc289a63a4f23862,True,location-k4-fold3-seed0,3
ar,CoPy_R,6,MSE,0.02055272158302396,1445553,cc289a63a4f23862,True,location-k4-fold3-seed0,3
ar,CoPy_R,6,MAE,0.08496565732251583,1445553,cc289a63a4f23862,True,location-k4-fold3-seed0,3
ar,CoPy_R,6,SS_vs_persistence,0.5166621038620123,1445553,cc289a63a4f23862,True,location-k4-fold3-seed0,3
ar,CoPy_R,6,SS_vs_seasonal,0.4678146450327654,1445553,cc289a63a4f23862,True,location-k4-fold3-seed0,3
ar,CoPy_R,6,SS_vs_ar,4.865530200959256e-11,1445553,cc289a63a4f23862,True,location-k4-fold3-seed0,3
ar,CoPy_R,7,MSE,0.020510342836317006,1445553,cc289a63a4f23862,True,location-k4-fold3-seed0,3
ar,CoPy_R,7,MAE,0.08497311742321204,1445553,cc289a63a4f23862,True,location-k4-fold3-seed0,3
ar,CoPy_R,7,SS_vs_persistence,0.5002713392946401,1445553,cc289a63a4f23862,True,location-k4-fold3-seed0,3
ar,CoPy_R,7,SS_vs_seasonal,0.4654108012243441,1445553,cc289a63a4f23862,True,location-k4-fold3-seed0,3
ar,CoPy_R,7,SS_vs_ar,4.875577719332114e-11,1445553,cc289a63a4f23862,True,location-k4-fold3-seed0,3
ar,CoPy_R,8,MSE,0.02048403391417395,1445553,cc289a63a4f23862,True,location-k4-fold3-seed0,3
ar,CoPy_R,8,MAE,0.08504296155964472,1445553,cc289a63a4f23862,True,location-k4-fold3-seed0,3
ar,CoPy_R,8,SS_vs_persistence,0.49806696979700116,1445553,cc289a63a4f23862,True,location-k4-fold3-seed0,3
ar,CoPy_R,8,SS_vs_seasonal,0.4627503298061191,1445553,cc289a63a4f23862,True,location-k4-fold3-seed0,3
ar,CoPy_R,8,SS_vs_ar,4.8818393771909996e-11,1445553,cc289a63a4f23862,True,location-k4-fold3-seed0,3
ar,CoPy_R,9,MSE,0.020512542218485103,1445553,cc289a63a4f23862,True,location-k4-fold3-seed0,3
ar,CoPy_R,9,MAE,0.08515480312716767,1445553,cc289a63a4f23862,True,location-k4-fold3-seed0,3
ar,CoPy_R,9,SS_vs_persistence,0.49712169393774575,1445553,cc289a63a4f23862,True,location-k4-fold3-seed0,3
ar,CoPy_R,9,SS_vs_seasonal,0.4631610496545958,1445553,cc289a63a4f23862,True,location-k4-fold3-seed0,3
ar,CoPy_R,9,SS_vs_ar,4.87505591451054e-11,1445553,cc289a63a4f23862,True,location-k4-fold3-seed0,3
ar,CoPy_R,10,MSE,0.02059702943324555,1445553,cc289a63a4f23862,True,location-k4-fold3-seed0,3
ar,CoPy_R,10,MAE,0.0853303127212565,1445553,cc289a63a4f23862,True,location-k4-fold3-seed0,3
ar,CoPy_R,10,SS_vs_persistence,0.5013374986617367,1445553,cc289a63a4f23862,True,location-k4-fold3-seed0,3
ar,CoPy_R,10,SS_vs_seasonal,0.46227902526369213,1445553,cc289a63a4f23862,True,location-k4-fold3-seed0,3
ar,CoPy_R,10,SS_vs_ar,4.855060797837041e-11,1445553,cc289a63a4f23862,True,location-k4-fold3-seed0,3
ar,CoPy_R,11,MSE,0.020621265907444977,1445553,cc289a63a4f23862,True,location-k4-fold3-seed0,3
ar,CoPy_R,11,MAE,0.08551331387589314,1445553,cc289a63a4f23862,True,location-k4-fold3-seed0,3
ar,CoPy_R,11,SS_vs_persistence,0.5011110300129583,1445553,cc289a63a4f23862,True,location-k4-fold3-seed0,3
ar,CoPy_R,11,SS_vs_seasonal,0.4598246193091061,1445553,cc289a63a4f23862,True,location-k4-fold3-seed0,3
ar,CoPy_R,11,SS_vs_ar,4.8493542514904675e-11,1445553,cc289a63a4f23862,True,location-k4-fold3-seed0,3
ar,CoPy_R,12,MSE,0.020604718696833356,1445553,cc289a63a4f23862,True,location-k4-fold3-seed0,3
ar,CoPy_R,12,MAE,0.08547033709387478,1445553,cc289a63a4f23862,True,location-k4-fold3-seed0,3
ar,CoPy_R,12,SS_vs_persistence,0.5096231039716352,1445553,cc289a63a4f23862,True,location-k4-fold3-seed0,3
ar,CoPy_R,12,SS_vs_seasonal,0.46352641324363353,1445553,cc289a63a4f23862,True,location-k4-fold3-seed0,3
ar,CoPy_R,12,SS_vs_ar,4.853251134306902e-11,1445553,cc289a63a4f23862,True,location-k4-fold3-seed0,3
ar,CoPy_R,13,MSE,0.020637757575020222,1445553,cc289a63a4f23862,True,location-k4-fold3-seed0,3
ar,CoPy_R,13,MAE,0.0855167720644244,1445553,cc289a63a4f23862,True,location-k4-fold3-seed0,3
ar,CoPy_R,13,SS_vs_persistence,0.5139778412495617,1445553,cc289a63a4f23862,True,location-k4-fold3-seed0,3
ar,CoPy_R,13,SS_vs_seasonal,0.4621842506326309,1445553,cc289a63a4f23862,True,location-k4-fold3-seed0,3
ar,CoPy_R,13,SS_vs_ar,4.845479573134526e-11,1445553,cc289a63a4f23862,True,location-k4-fold3-seed0,3
ar,CoPy_R,14,MSE,0.020650756286287982,1445553,cc289a63a4f23862,True,location-k4-fold3-seed0,3
ar,CoPy_R,14,MAE,0.08554597277652072,1445553,cc289a63a4f23862,True,location-k4-fold3-seed0,3
ar,CoPy_R,14,SS_vs_persistence,0.5130223516926309,1445553,cc289a63a4f23862,True,location-k4-fold3-seed0,3
ar,CoPy_R,14,SS_vs_seasonal,0.4653907934548316,1445553,cc289a63a4f23862,True,location-k4-fold3-seed0,3
ar,CoPy_R,14,SS_vs_ar,4.8424264598168065e-11,1445553,cc289a63a4f23862,True,location-k4-fold3-seed0,3
ar,CoPy_R,15,MSE,0.02064903614063581,1445553,cc289a63a4f23862,True,location-k4-fold3-seed0,3
ar,CoPy_R,15,MAE,0.0856042326847583,1445553,cc289a63a4f23862,True,location-k4-fold3-seed0,3
ar,CoPy_R,15,SS_vs_persistence,0.49272653720107884,1445553,cc289a63a4f23862,True,location-k4-fold3-seed0,3
ar,CoPy_R,15,SS_vs_seasonal,0.46388909028550307,1445553,cc289a63a4f23862,True,location-k4-fold3-seed0,3
ar,CoPy_R,15,SS_vs_ar,4.842837242335918e-11,1445553,cc289a63a4f23862,True,location-k4-fold3-seed0,3
ar,CoPy_R,16,MSE,0.020740157597283686,1445553,cc289a63a4f23862,True,location-k4-fold3-seed0,3
ar,CoPy_R,16,MAE,0.0858875862165741,1445553,cc289a63a4f23862,True,location-k4-fold3-seed0,3
ar,CoPy_R,16,SS_vs_persistence,0.49447995592341554,1445553,cc289a63a4f23862,True,location-k4-fold3-seed0,3
ar,CoPy_R,16,SS_vs_seasonal,0.45803061061310346,1445553,cc289a63a4f23862,True,location-k4-fold3-seed0,3
ar,CoPy_R,16,SS_vs_ar,4.8215542669538536e-11,1445553,cc289a63a4f23862,True,location-k4-fold3-seed0,3
ar,CoPy_R,17,MSE,0.020662226342855416,1445553,cc289a63a4f23862,True,location-k4-fold3-seed0,3
ar,CoPy_R,17,MAE,0.08586933889227605,1445553,cc289a63a4f23862,True,location-k4-fold3-seed0,3
ar,CoPy_R,17,SS_vs_persistence,0.5006109199475748,1445553,cc289a63a4f23862,True,location-k4-fold3-seed0,3
ar,CoPy_R,17,SS_vs_seasonal,0.45681204095278793,1445553,cc289a63a4f23862,True,location-k4-fold3-seed0,3
ar,CoPy_R,17,SS_vs_ar,4.8397397200972136e-11,1445553,cc289a63a4f23862,True,location-k4-fold3-seed0,3
ar,CoPy_R,18,MSE,0.02059268757230389,1445553,cc289a63a4f23862,True,location-k4-fold3-seed0,3
ar,CoPy_R,18,MAE,0.08579342204842744,1445553,cc289a63a4f23862,True,location-k4-fold3-seed0,3
ar,CoPy_R,18,SS_vs_persistence,0.5053583414059224,1445553,cc289a63a4f23862,True,location-k4-fold3-seed0,3
ar,CoPy_R,18,SS_vs_seasonal,0.45819434746252785,1445553,cc289a63a4f23862,True,location-k4-fold3-seed0,3
ar,CoPy_R,18,SS_vs_ar,4.856082203019696e-11,1445553,cc289a63a4f23862,True,location-k4-fold3-seed0,3
ar,CoPy_R,19,MSE,0.02054719688827283,1445553,cc289a63a4f23862,True,location-k4-fold3-seed0,3
ar,CoPy_R,19,MAE,0.08583030236319263,1445553,cc289a63a4f23862,True,location-k4-fold3-seed0,3
ar,CoPy_R,19,SS_vs_persistence,0.5126029649324091,1445553,cc289a63a4f23862,True,location-k4-fold3-seed0,3
ar,CoPy_R,19,SS_vs_seasonal,0.4599017930337622,1445553,cc289a63a4f23862,True,location-k4-fold3-seed0,3
ar,CoPy_R,19,SS_vs_ar,4.866840264128314e-11,1445553,cc289a63a4f23862,True,location-k4-fold3-seed0,3
ar,CoPy_R,20,MSE,0.020607207435467623,1445553,cc289a63a4f23862,True,location-k4-fold3-seed0,3
ar,CoPy_R,20,MAE,0.08598392254282174,1445553,cc289a63a4f23862,True,location-k4-fold3-seed0,3
ar,CoPy_R,20,SS_vs_persistence,0.5164684014479601,1445553,cc289a63a4f23862,True,location-k4-fold3-seed0,3
ar,CoPy_R,20,SS_vs_seasonal,0.45940518145374487,1445553,cc289a63a4f23862,True,location-k4-fold3-seed0,3
ar,CoPy_R,20,SS_vs_ar,4.8526627161038505e-11,1445553,cc289a63a4f23862,True,location-k4-fold3-seed0,3
ar,CoPy_R,21,MSE,0.020659630490838906,1445553,cc289a63a4f23862,True,location-k4-fold3-seed0,3
ar,CoPy_R,21,MAE,0.08602455409613274,1445553,cc289a63a4f23862,True,location-k4-fold3-seed0,3
ar,CoPy_R,21,SS_vs_persistence,0.5178093698482293,1445553,cc289a63a4f23862,True,location-k4-fold3-seed0,3
ar,CoPy_R,21,SS_vs_seasonal,0.46349593863292915,1445553,cc289a63a4f23862,True,location-k4-fold3-seed0,3
ar,CoPy_R,21,SS_vs_ar,4.8403503427607575e-11,1445553,cc289a63a4f23862,True,location-k4-fold3-seed0,3
ar,CoPy_R,22,MSE,0.02067327095216446,1445553,cc289a63a4f23862,True,location-k4-fold3-seed0,3
ar,CoPy_R,22,MAE,0.0860269233509751,1445553,cc289a63a4f23862,True,location-k4-fold3-seed0,3
ar,CoPy_R,22,SS_vs_persistence,0.5126101950507655,1445553,cc289a63a4f23862,True,location-k4-fold3-seed0,3
ar,CoPy_R,22,SS_vs_seasonal,0.46340657297325827,1445553,cc289a63a4f23862,True,location-k4-fold3-seed0,3
ar,CoPy_R,22,SS_vs_ar,4.837152900449837e-11,1445553,cc289a63a4f23862,True,location-k4-fold3-seed0,3
ar,CoPy_R,23,MSE,0.02070421274068312,1445553,cc289a63a4f23862,True,location-k4-fold3-seed0,3
ar,CoPy_R,23,MAE,0.0861184421553189,1445553,cc289a63a4f23862,True,location-k4-fold3-seed0,3
ar,CoPy_R,23,SS_vs_persistence,0.5023787737084521,1445553,cc289a63a4f23862,True,location-k4-fold3-seed0,3
ar,CoPy_R,23,SS_vs_seasonal,0.4626243979686747,1445553,cc289a63a4f23862,True,location-k4-fold3-seed0,3
ar,CoPy_R,23,SS_vs_ar,4.829925348559527e-11,1445553,cc289a63a4f23862,True,location-k4-fold3-seed0,3
ar,CoPy_R,24,MSE,0.020590340141854964,1445553,cc289a63a4f23862,True,location-k4-fold3-seed0,3
ar,CoPy_R,24,MAE,0.08599305856908611,1445553,cc289a63a4f23862,True,location-k4-fold3-seed0,3
ar,CoPy_R,24,SS_vs_persistence,0.5016187519114738,1445553,cc289a63a4f23862,True,location-k4-fold3-seed0,3
ar,CoPy_R,24,SS_vs_seasonal,0.4607834108179413,1445553,cc289a63a4f23862,True,location-k4-fold3-seed0,3
ar,CoPy_R,24,SS_vs_ar,4.8566373145320085e-11,1445553,cc289a63a4f23862,True,location-k4-fold3-seed0,3
ar,CoPy_R,25,MSE,0.02065268218276803,1445553,cc289a63a4f23862,True,location-k4-fold3-seed0,3
ar,CoPy_R,25,MAE,0.08619381714793233,1445553,cc289a63a4f23862,True,location-k4-fold3-seed0,3
ar,CoPy_R,25,SS_vs_persistence,0.4875746856797496,1445553,cc289a63a4f23862,True,location-k4-fold3-seed0,3
ar,CoPy_R,25,SS_vs_seasonal,0.45814560708849306,1445553,cc289a63a4f23862,True,location-k4-fold3-seed0,3
ar,CoPy_R,25,SS_vs_ar,4.8419823706069565e-11,1445553,cc289a63a4f23862,True,location-k4-fold3-seed0,3
ar,CoPy_R,26,MSE,0.02071940739933124,1445553,cc289a63a4f23862,True,location-k4-fold3-seed0,3
ar,CoPy_R,26,MAE,0.08629562792288173,1445553,cc289a63a4f23862,True,location-k4-fold3-seed0,3
ar,CoPy_R,26,SS_vs_persistence,0.513331223909241,1445553,cc289a63a4f23862,True,location-k4-fold3-seed0,3
ar,CoPy_R,26,SS_vs_seasonal,0.4623630729752102,1445553,cc289a63a4f23862,True,location-k4-fold3-seed0,3
ar,CoPy_R,26,SS_vs_ar,4.826383737110973e-11,1445553,cc289a63a4f23862,True,location-k4-fold3-seed0,3
ar,CoPy_R,27,MSE,0.020700199498135407,1445553,cc289a63a4f23862,True,location-k4-fold3-seed0,3
ar,CoPy_R,27,MAE,0.08639193301242258,1445553,cc289a63a4f23862,True,location-k4-fold3-seed0,3
ar,CoPy_R,27,SS_vs_persistence,0.5337154215559252,1445553,cc289a63a4f23862,True,location-k4-fold3-seed0,3
ar,CoPy_R,27,SS_vs_seasonal,0.4654476955984729,1445553,cc289a63a4f23862,True,location-k4-fold3-seed0,3
ar,CoPy_R,27,SS_vs_ar,4.8308690381304586e-11,1445553,cc289a63a4f23862,True,location-k4-fold3-seed0,3
ar,CoPy_R,28,MSE,0.020751775628609054,1445553,cc289a63a4f23862,True,location-k4-fold3-seed0,3
ar,CoPy_R,28,MAE,0.08643442778071253,1445553,cc289a63a4f23862,True,location-k4-fold3-seed0,3
ar,CoPy_R,28,SS_vs_persistence,0.5387378104701803,1445553,cc289a63a4f23862,True,location-k4-fold3-seed0,3
ar,CoPy_R,28,SS_vs_seasonal,0.4650451837235028,1445553,cc289a63a4f23862,True,location-k4-fold3-seed0,3
ar,CoPy_R,28,SS_vs_ar,4.8188564250040145e-11,1445553,cc289a63a4f23862,True,location-k4-fold3-seed0,3
ar,CoPy_R,29,MSE,0.02074779582605706,1445553,cc289a63a4f23862,True,location-k4-fold3-seed0,3
ar,CoPy_R,29,MAE,0.0863825346310737,1445553,cc289a63a4f23862,True,location-k4-fold3-seed0,3
ar,CoPy_R,29,SS_vs_persistence,0.5391754131072769,1445553,cc289a63a4f23862,True,location-k4-fold3-seed0,3
ar,CoPy_R,29,SS_vs_seasonal,0.4681665348621089,1445553,cc289a63a4f23862,True,location-k4-fold3-seed0,3
ar,CoPy_R,29,SS_vs_ar,4.8197779101144533e-11,1445553,cc289a63a4f23862,True,location-k4-fold3-seed0,3
ar,CoPy_R,30,MSE,0.02068736395965816,1445553,cc289a63a4f23862,True,location-k4-fold3-seed0,3
ar,CoPy_R,30,MAE,0.08626911573030735,1445553,cc289a63a4f23862,True,location-k4-fold3-seed0,3
ar,CoPy_R,30,SS_vs_persistence,0.5221357610595765,1445553,cc289a63a4f23862,True,location-k4-fold3-seed0,3
ar,CoPy_R,30,SS_vs_seasonal,0.4676623641219497,1445553,cc289a63a4f23862,True,location-k4-fold3-seed0,3
ar,CoPy_R,30,SS_vs_ar,4.8338666402969466e-11,1445553,cc289a63a4f23862,True,location-k4-fold3-seed0,3
ar,CoPy_R,all,MSE,0.020609730535713314,1445553,cc289a63a4f23862,True,location-k4-fold3-seed0,3
ar,CoPy_R,all,MAE,0.08560310012249799,1445553,cc289a63a4f23862,True,location-k4-fold3-seed0,3
ar,CoPy_R,all,SS_vs_persistence,0.5086571124558856,1445553,cc289a63a4f23862,True,location-k4-fold3-seed0,3
ar,CoPy_R,all,SS_vs_seasonal,0.463621219318022,1445553,cc289a63a4f23862,True,location-k4-fold3-seed0,3
ar,CoPy_R,all,SS_vs_ar,4.852074297900799e-11,1445553,cc289a63a4f23862,True,location-k4-fold3-seed0,3
cnn,F_R,1,MSE,398284.82573304186,1529550,cc289a63a4f23862,True,location-k4-fold3-seed0,3
cnn,F_R,1,MAE,409.2122389238165,1529550,cc289a63a4f23862,True,location-k4-fold3-seed0,3
cnn,F_R,1,SS_vs_persistence,0.2142100847195838,1529550,cc289a63a4f23862,True,location-k4-fold3-seed0,3
cnn,F_R,1,SS_vs_seasonal,0.504880392201996,1529550,cc289a63a4f23862,True,location-k4-fold3-seed0,3
cnn,F_R,1,SS_vs_ar,-0.07583390532537937,1529550,cc289a63a4f23862,True,location-k4-fold3-seed0,3
cnn,F_R,2,MSE,451466.56458344427,1529550,cc289a63a4f23862,True,location-k4-fold3-seed0,3
cnn,F_R,2,MAE,443.6630509183478,1529550,cc289a63a4f23862,True,location-k4-fold3-seed0,3
cnn,F_R,2,SS_vs_persistence,0.2119567449194001,1529550,cc289a63a4f23862,True,location-k4-fold3-seed0,3
cnn,F_R,2,SS_vs_seasonal,0.4506646756656454,1529550,cc289a63a4f23862,True,location-k4-fold3-seed0,3
cnn,F_R,2,SS_vs_ar,-0.07819534160850994,1529550,cc289a63a4f23862,True,location-k4-fold3-seed0,3
cnn,F_R,3,MSE,473167.00797868345,1529550,cc289a63a4f23862,True,location-k4-fold3-seed0,3
cnn,F_R,3,MAE,467.96397938135203,1529550,cc289a63a4f23862,True,location-k4-fold3-seed0,3
cnn,F_R,3,SS_vs_persistence,0.21836482693122594,1529550,cc289a63a4f23862,True,location-k4-fold3-seed0,3
cnn,F_R,3,SS_vs_seasonal,0.4323423891871533,1529550,cc289a63a4f23862,True,location-k4-fold3-seed0,3
cnn,F_R,3,SS_vs_ar,-0.05300275131859555,1529550,cc289a63a4f23862,True,location-k4-fold3-seed0,3
cnn,F_R,4,MSE,487138.5773690711,1529550,cc289a63a4f23862,True,location-k4-fold3-seed0,3
cnn,F_R,4,MAE,473.14058298833044,1529550,cc289a63a4f23862,True,location-k4-fold3-seed0,3
cnn,F_R,4,SS_vs_persistence,0.2131497867611437,1529550,cc289a63a4f23862,True,location-k4-fold3-seed0,3
cnn,F_R,4,SS_vs_seasonal,0.41880688283168244,1529550,cc289a63a4f23862,True,location-k4-fold3-seed0,3
cnn,F_R,4,SS_vs_ar,-0.023350693562610436,1529550,cc289a63a4f23862,True,location-k4-fold3-seed0,3
cnn,F_R,5,MSE,506469.003653896,1529550,cc289a63a4f23862,True,location-k4-fold3-seed0,3
cnn,F_R,5,MAE,472.6854844422982,1529550,cc289a63a4f23862,True,location-k4-fold3-seed0,3
cnn,F_R,5,SS_vs_persistence,0.2193584523407206,1529550,cc289a63a4f23862,True,location-k4-fold3-seed0,3
cnn,F_R,5,SS_vs_seasonal,0.4016922639409748,1529550,cc289a63a4f23862,True,location-k4-fold3-seed0,3
cnn,F_R,5,SS_vs_ar,-0.003031494221271025,1529550,cc289a63a4f23862,True,location-k4-fold3-seed0,3
cnn,F_R,6,MSE,520946.93562018155,1529550,cc289a63a4f23862,True,location-k4-fold3-seed0,3
cnn,F_R,6,MAE,484.6290552409835,1529550,cc289a63a4f23862,True,location-k4-fold3-seed0,3
cnn,F_R,6,SS_vs_persistence,0.19951702505902458,1529550,cc289a63a4f23862,True,location-k4-fold3-seed0,3
cnn,F_R,6,SS_vs_seasonal,0.3870554091128229,1529550,cc289a63a4f23862,True,location-k4-fold3-seed0,3
cnn,F_R,6,SS_vs_ar,0.008241839140288865,1529550,cc289a63a4f23862,True,location-k4-fold3-seed0,3
cnn,F_R,7,MSE,557473.2288340878,1529550,cc289a63a4f23862,True,location-k4-fold3-seed0,3
cnn,F_R,7,MAE,498.82110850318634,1529550,cc289a63a4f23862,True,location-k4-fold3-seed0,3
cnn,F_R,7,SS_vs_persistence,0.18132492269784717,1529550,cc289a63a4f23862,True,location-k4-fold3-seed0,3
cnn,F_R,7,SS_vs_seasonal,0.35088284766295275,1529550,cc289a63a4f23862,True,location-k4-fold3-seed0,3
cnn,F_R,7,SS_vs_ar,-0.012347790959700067,1529550,cc289a63a4f23862,True,location-k4-fold3-seed0,3
cnn,F_R,8,MSE,559343.3222353647,1529550,cc289a63a4f23862,True,location-k4-fold3-seed0,3
cnn,F_R,8,MAE,498.70670025652373,1529550,cc289a63a4f23862,True,location-k4-fold3-seed0,3
cnn,F_R,8,SS_vs_persistence,0.18695891611157478,1529550,cc289a63a4f23862,True,location-k4-fold3-seed0,3
cnn,F_R,8,SS_vs_seasonal,0.3529424765904292,1529550,cc289a63a4f23862,True,location-k4-fold3-seed0,3
cnn,F_R,8,SS_vs_ar,0.022421266738483214,1529550,cc289a63a4f23862,True,location-k4-fold3-seed0,3
cnn,F_R,9,MSE,567166.9672999731,1529550,cc289a63a4f23862,True,location-k4-fold3-seed0,3
cnn,F_R,9,MAE,504.9401948971119,1529550,cc289a63a4f23862,True,location-k4-fold3-seed0,3
cnn,F_R,9,SS_vs_persistence,0.18691267890549712,1529550,cc289a63a4f23862,True,location-k4-fold3-seed0,3
cnn,F_R,9,SS_vs_seasonal,0.34620704048065754,1529550,cc289a63a4f23862,True,location-k4-fold3-seed0,3
cnn,F_R,9,SS_vs_ar,0.0423312699307421,1529550,cc289a63a4f23862,True,location-k4-fold3-seed0,3
cnn,F_R,10,MSE,587992.9489009819,1529550,cc289a63a4f23862,True,location-k4-fold3-seed0,3
cnn,F_R,10,MAE,518.46699172852,1529550,cc289a63a4f23862,True,location-k4-fold3-seed0,3
cnn,F_R,10,SS_vs_persistence,0.15592092762566534,1529550,cc289a63a4f23862,True,location-k4-fold3-seed0,3
cnn,F_R,10,SS_vs_seasonal,0.32373784972382014,1529550,cc289a63a4f23862,True,location-k4-fold3-seed0,3
cnn,F_R,10,SS_vs_ar,0.03815483608174164,1529550,cc289a63a4f23862,True,location-k4-fold3-seed0,3
cnn,F_R,11,MSE,603481.5807067254,1529550,cc289a63a4f23862,True,location-k4-fold3-seed0,3
cnn,F_R,11,MAE,535.3375702695646,1529550,cc289a63a4f23862,True,location-k4-fold3-seed0,3
cnn,F_R,11,SS_vs_persistence,0.16072313266634985,1529550,cc289a63a4f23862,True,location-k4-fold3-seed0,3
cnn,F_R,11,SS_vs_seasonal,0.3166713467291583,1529550,cc289a63a4f23862,True,location-k4-fold3-seed0,3
cnn,F_R,11,SS_vs_ar,0.0542243433823727,1529550,cc289a63a4f23862,True,location-k4-fold3-seed0,3
cnn,F_R,12,MSE,606001.2484689669,1529550,cc289a63a4f23862,True,location-k4-fold3-seed0,3
cnn,F_R,12,MAE,524.5198559813393,1529550,cc289a63a4f23862,True,location-k4-fold3-seed0,3
cnn,F_R,12,SS_vs_persistence,0.17666825222654814,1529550,cc289a63a4f23862,True,location-k4-fold3-seed0,3
cnn,F_R,12,SS_vs_seasonal,0.3181565367880538,1529550,cc289a63a4f23862,True,location-k4-fold3-seed0,3
cnn,F_R,12,SS_vs_ar,0.08066183225598644,1529550,cc289a63a4f23862,True,location-k4-fold3-seed0,3
cnn,F_R,13,MSE,623742.3171773866,1529550,cc289a63a4f23862,True,location-k4-fold3-seed0,3
cnn,F_R,13,MAE,528.3653335967056,1529550,cc289a63a4f23862,True,location-k4-fold3-seed0,3
cnn,F_R,13,SS_vs_persistence,0.1677334503019785,1529550,cc289a63a4f23862,True,location-k4-fold3-seed0,3
cnn,F_R,13,SS_vs_seasonal,0.30122635858450686,1529550,cc289a63a4f23862,True,location-k4-fold3-seed0,3
cnn,F_R,13,SS_vs_ar,0.073399479384189,1529550,cc289a63a4f23862,True,location-k4-fold3-seed0,3
cnn,F_R,14,MSE,620136.7853177141,1529550,cc289a63a4f23862,True,location-k4-fold3-seed0,3
cnn,F_R,14,MAE,528.4287011033103,1529550,cc289a63a4f23862,True,location-k4-fold3-seed0,3
cnn,F_R,14,SS_vs_persistence,0.17080888298201014,1529550,cc289a63a4f23862,True,location-k4-fold3-seed0,3
cnn,F_R,14,SS_vs_seasonal,0.3073503670026845,1529550,cc289a63a4f23862,True,location-k4-fold3-seed0,3
cnn,F_R,14,SS_vs_ar,0.09580351840460788,1529550,cc289a63a4f23862,True,location-k4-fold3-seed0,3
cnn,F_R,15,MSE,657636.9388295474,1529550,cc289a63a4f23862,True,location-k4-fold3-seed0,3
cnn,F_R,15,MAE,545.3239029293343,1529550,cc289a63a4f23862,True,location-k4-fold3-seed0,3
cnn,F_R,15,SS_vs_persistence,0.13036269510692555,1529550,cc289a63a4f23862,True,location-k4-fold3-seed0,3
cnn,F_R,15,SS_vs_seasonal,0.2706017740339032,1529550,cc289a63a4f23862,True,location-k4-fold3-seed0,3
cnn,F_R,15,SS_vs_ar,0.0680149284156576,1529550,cc289a63a4f23862,True,location-k4-fold3-seed0,3
cnn,F_R,16,MSE,677586.2855934671,1529550,cc289a63a4f23862,True,location-k4-fold3-seed0,3
cnn,F_R,16,MAE,548.7419416819914,1529550,cc289a63a4f23862,True,location-k4-fold3-seed0,3
cnn,F_R,16,SS_vs_persistence,0.15041287360172728,1529550,cc289a63a4f23862,True,location-k4-fold3-seed0,3
cnn,F_R,16,SS_vs_seasonal,0.2693061437035069,1529550,cc289a63a4f23862,True,location-k4-fold3-seed0,3
cnn,F_R,16,SS_vs_ar,0.08803010552292634,1529550,cc289a63a4f23862,True,location-k4-fold3-seed0,3
cnn,F_R,17,MSE,695211.5381088823,1529550,cc289a63a4f23862,True,location-k4-fold3-seed0,3
cnn,F_R,17,MAE,556.0848781103388,1529550,cc289a63a4f23862,True,location-k4-fold3-seed0,3
cnn,F_R,17,SS_vs_persistence,0.1479318473140867,1529550,cc289a63a4f23862,True,location-k4-fold3-seed0,3
cnn,F_R,17,SS_vs_seasonal,0.2583261388857667,1529550,cc289a63a4f23862,True,location-k4-fold3-seed0,3
cnn,F_R,17,SS_vs_ar,0.09014566103831745,1529550,cc289a63a4f23862,True,location-k4-fold3-seed0,3
cnn,F_R,18,MSE,701901.5906753938,1529550,cc289a63a4f23862,True,location-k4-fold3-seed0,3
cnn,F_R,18,MAE,555.7162027292077,1529550,cc289a63a4f23862,True,location-k4-fold3-seed0,3
cnn,F_R,18,SS_vs_persistence,0.14980648806394004,1529550,cc289a63a4f23862,True,location-k4-fold3-seed0,3
cnn,F_R,18,SS_vs_seasonal,0.25356555681909076,1529550,cc289a63a4f23862,True,location-k4-fold3-seed0,3
cnn,F_R,18,SS_vs_ar,0.10908101475166265,1529550,cc289a63a4f23862,True,location-k4-fold3-seed0,3
cnn,F_R,19,MSE,715377.1939125678,1529550,cc289a63a4f23862,True,location-k4-fold3-seed0,3
cnn,F_R,19,MAE,564.9113873488036,1529550,cc289a63a4f23862,True,location-k4-fold3-seed0,3
cnn,F_R,19,SS_vs_persistence,0.15011908540595476,1529550,cc289a63a4f23862,True,location-k4-fold3-seed0,3
cnn,F_R,19,SS_vs_seasonal,0.24339768678570428,1529550,cc289a63a4f23862,True,location-k4-fold3-seed0,3
cnn,F_R,19,SS_vs_ar,0.11865674775635893,1529550,cc289a63a4f23862,True,location-k4-fold3-seed0,3
cnn,F_R,20,MSE,699566.9154963461,1529550,cc289a63a4f23862,True,location-k4-fold3-seed0,3
cnn,F_R,20,MAE,559.3611728232524,1529550,cc289a63a4f23862,True,location-k4-fold3-seed0,3
cnn,F_R,20,SS_vs_persistence,0.18203204431104303,1529550,cc289a63a4f23862,True,location-k4-fold3-seed0,3
cnn,F_R,20,SS_vs_seasonal,0.2599102431228576,1529550,cc289a63a4f23862,True,location-k4-fold3-seed0,3
cnn,F_R,20,SS_vs_ar,0.16002302687334014,1529550,cc289a63a4f23862,True,location-k4-fold3-seed0,3
cnn,F_R,21,MSE,729627.5584061353,1529550,cc289a63a4f23862,True,location-k4-fold3-seed0,3
cnn,F_R,21,MAE,575.6095526453115,1529550,cc289a63a4f23862,True,location-k4-fold3-seed0,3
cnn,F_R,21,SS_vs_persistence,0.1503522824822926,1529550,cc289a63a4f23862,True,location-k4-fold3-seed0,3
cnn,F_R,21,SS_vs_seasonal,0.23225305521709394,1529550,cc289a63a4f23862,True,location-k4-fold3-seed0,3
cnn,F_R,21,SS_vs_ar,0.1397948634038294,1529550,cc289a63a4f23862,True,location-k4-fold3-seed0,3
cnn,F_R,22,MSE,730790.8836226152,1529550,cc289a63a4f23862,True,location-k4-fold3-seed0,3
cnn,F_R,22,MAE,564.4390140924049,1529550,cc289a63a4f23862,True,location-k4-fold3-seed0,3
cnn,F_R,22,SS_vs_persistence,0.16412915119964722,1529550,cc289a63a4f23862,True,location-k4-fold3-seed0,3
cnn,F_R,22,SS_vs_seasonal,0.23186765492416306,1529550,cc289a63a4f23862,True,location-k4-fold3-seed0,3
cnn,F_R,22,SS_vs_ar,0.1579947269060662,1529550,cc289a63a4f23862,True,location-k4-fold3-seed0,3
cnn,F_R,23,MSE,746556.030272534,1529550,cc289a63a4f23862,True,location-k4-fold3-seed0,3
cnn,F_R,23,MAE,572.0753698650502,1529550,cc289a63a4f23862,True,location-k4-fold3-seed0,3
cnn,F_R,23,SS_vs_persistence,0.16321959256830698,1529550,cc289a63a4f23862,True,location-k4-fold3-seed0,3
cnn,F_R,23,SS_vs_seasonal,0.22262984822505583,1529550,cc289a63a4f23862,True,location-k4-fold3-seed0,3
cnn,F_R,23,SS_vs_ar,0.15766397717054925,1529550,cc289a63a4f23862,True,location-k4-fold3-seed0,3
cnn,F_R,24,MSE,756781.2089224563,1529550,cc289a63a4f23862,True,location-k4-fold3-seed0,3
cnn,F_R,24,MAE,581.9820483251953,1529550,cc289a63a4f23862,True,location-k4-fold3-seed0,3
cnn,F_R,24,SS_vs_persistence,0.156516368602322,1529550,cc289a63a4f23862,True,location-k4-fold3-seed0,3
cnn,F_R,24,SS_vs_seasonal,0.2132314491935896,1529550,cc289a63a4f23862,True,location-k4-fold3-seed0,3
cnn,F_R,24,SS_vs_ar,0.1570903638904937,1529550,cc289a63a4f23862,True,location-k4-fold3-seed0,3
cnn,F_R,25,MSE,773687.7514371262,1529550,cc289a63a4f23862,True,location-k4-fold3-seed0,3
cnn,F_R,25,MAE,589.3696750880711,1529550,cc289a63a4f23862,True,location-k4-fold3-seed0,3
cnn,F_R,25,SS_vs_persistence,0.14789973676256152,1529550,cc289a63a4f23862,True,location-k4-fold3-seed0,3
cnn,F_R,25,SS_vs_seasonal,0.19761644445616822,1529550,cc289a63a4f23862,True,location-k4-fold3-seed0,3
cnn,F_R,25,SS_vs_ar,0.15123076769237032,1529550,cc289a63a4f23862,True,location-k4-fold3-seed0,3
cnn,F_R,26,MSE,787566.8770359796,1529550,cc289a63a4f23862,True,location-k4-fold3-seed0,3
cnn,F_R,26,MAE,594.7079049362093,1529550,cc289a63a4f23862,True,location-k4-fold3-seed0,3
cnn,F_R,26,SS_vs_persistence,0.14863495463770748,1529550,cc289a63a4f23862,True,location-k4-fold3-seed0,3
cnn,F_R,26,SS_vs_seasonal,0.18258747306407686,1529550,cc289a63a4f23862,True,location-k4-fold3-seed0,3
cnn,F_R,26,SS_vs_ar,0.15263347779183745,1529550,cc289a63a4f23862,True,location-k4-fold3-seed0,3
cnn,F_R,27,MSE,791989.5098369468,1529550,cc289a63a4f23862,True,location-k4-fold3-seed0,3
cnn,F_R,27,MAE,588.8720585267873,1529550,cc289a63a4f23862,True,location-k4-fold3-seed0,3
cnn,F_R,27,SS_vs_persistence,0.16661603898189914,1529550,cc289a63a4f23862,True,location-k4-fold3-seed0,3
cnn,F_R,27,SS_vs_seasonal,0.18159819424637236,1529550,cc289a63a4f23862,True,location-k4-fold3-seed0,3
cnn,F_R,27,SS_vs_ar,0.1594681466017337,1529550,cc289a63a4f23862,True,location-k4-fold3-seed0,3
cnn,F_R,28,MSE,793978.0885219362,1529550,cc289a63a4f23862,True,location-k4-fold3-seed0,3
cnn,F_R,28,MAE,593.8803521928415,1529550,cc289a63a4f23862,True,location-k4-fold3-seed0,3
cnn,F_R,28,SS_vs_persistence,0.16565872599998566,1529550,cc289a63a4f23862,True,location-k4-fold3-seed0,3
cnn,F_R,28,SS_vs_seasonal,0.180822165314791,1529550,cc289a63a4f23862,True,location-k4-fold3-seed0,3
cnn,F_R,28,SS_vs_ar,0.16720577987338292,1529550,cc289a63a4f23862,True,location-k4-fold3-seed0,3
cnn,F_R,29,MSE,789150.9526707991,1529550,cc289a63a4f23862,True,location-k4-fold3-seed0,3
cnn,F_R,29,MAE,594.6179156939429,1529550,cc289a63a4f23862,True,location-k4-fold3-seed0,3
cnn,F_R,29,SS_vs_persistence,0.1806731494689059,1529550,cc289a63a4f23862,True,location-k4-fold3-seed0,3
cnn,F_R,29,SS_vs_seasonal,0.18550213206532407,1529550,cc289a63a4f23862,True,location-k4-fold3-seed0,3
cnn,F_R,29,SS_vs_ar,0.18443462180955106,1529550,cc289a63a4f23862,True,location-k4-fold3-seed0,3
cnn,F_R,30,MSE,784312.0703209139,1529550,cc289a63a4f23862,True,location-k4-fold3-seed0,3
cnn,F_R,30,MAE,587.6038265595545,1529550,cc289a63a4f23862,True,location-k4-fold3-seed0,3
cnn,F_R,30,SS_vs_persistence,0.18048592489551496,1529550,cc289a63a4f23862,True,location-k4-fold3-seed0,3
cnn,F_R,30,SS_vs_seasonal,0.1889485507469606,1529550,cc289a63a4f23862,True,location-k4-fold3-seed0,3
cnn,F_R,30,SS_vs_ar,0.20007933853232462,1529550,cc289a63a4f23862,True,location-k4-fold3-seed0,3
cnn,F_R,all,MSE,646484.4235847684,1529550,cc289a63a4f23862,True,location-k4-fold3-seed0,3
cnn,F_R,all,MAE,535.4059350592972,1529550,cc289a63a4f23862,True,location-k4-fold3-seed0,3
cnn,F_R,all,SS_vs_persistence,0.1707888455980232,1529550,cc289a63a4f23862,True,location-k4-fold3-seed0,3
cnn,F_R,all,SS_vs_seasonal,0.2879198907159102,1529550,cc289a63a4f23862,True,location-k4-fold3-seed0,3
cnn,F_R,all,SS_vs_ar,0.10032194553767004,1529550,cc289a63a4f23862,True,location-k4-fold3-seed0,3
cnn,CoPx_R,1,MSE,0.019133991447753237,1445553,cc289a63a4f23862,True,location-k4-fold3-seed0,3
cnn,CoPx_R,1,MAE,0.06892237072921263,1445553,cc289a63a4f23862,True,location-k4-fold3-seed0,3
cnn,CoPx_R,1,SS_vs_persistence,0.5702827557589953,1445553,cc289a63a4f23862,True,location-k4-fold3-seed0,3
cnn,CoPx_R,1,SS_vs_seasonal,0.601120182246374,1445553,cc289a63a4f23862,True,location-k4-fold3-seed0,3
cnn,CoPx_R,1,SS_vs_ar,0.03686125405582896,1445553,cc289a63a4f23862,True,location-k4-fold3-seed0,3
cnn,CoPx_R,2,MSE,0.020157022044255464,1445553,cc289a63a4f23862,True,location-k4-fold3-seed0,3
cnn,CoPx_R,2,MAE,0.07210698683119818,1445553,cc289a63a4f23862,True,location-k4-fold3-seed0,3
cnn,CoPx_R,2,SS_vs_persistence,0.6030375108841546,1445553,cc289a63a4f23862,True,location-k4-fold3-seed0,3
cnn,CoPx_R,2,SS_vs_seasonal,0.5946427476159,1445553,cc289a63a4f23862,True,location-k4-fold3-seed0,3
cnn,CoPx_R,2,SS_vs_ar,-0.005547915389303881,1445553,cc289a63a4f23862,True,location-k4-fold3-seed0,3
cnn,CoPx_R,3,MSE,0.020349542166102182,1445553,cc289a63a4f23862,True,location-k4-fold3-seed0,3
cnn,CoPx_R,3,MAE,0.07272201988991431,1445553,cc289a63a4f23862,True,location-k4-fold3-seed0,3
cnn,CoPx_R,3,SS_vs_persistence,0.5739222769836928,1445553,cc289a63a4f23862,True,location-k4-fold3-seed0,3
cnn,CoPx_R,3,SS_vs_seasonal,0.5802662378180452,1445553,cc289a63a4f23862,True,location-k4-fold3-seed0,3
cnn,CoPx_R,3,SS_vs_ar,-0.017236441831749882,1445553,cc289a63a4f23862,True,location-k4-fold3-seed0,3
cnn,CoPx_R,4,MSE,0.020186121803795556,1445553,cc289a63a4f23862,True,location-k4-fold3-seed0,3
cnn,CoPx_R,4,MAE,0.07281523024619187,1445553,cc289a63a4f23862,True,location-k4-fold3-seed0,3
cnn,CoPx_R,4,SS_vs_persistence,0.5978763940244964,1445553,cc289a63a4f23862,True,location-k4-fold3-seed0,3
cnn,CoPx_R,4,SS_vs_seasonal,0.5892120169073545,1445553,cc289a63a4f23862,True,location-k4-fold3-seed0,3
cnn,CoPx_R,4,SS_vs_ar,-0.0029488006076072715,1445553,cc289a63a4f23862,True,location-k4-fold3-seed0,3
cnn,CoPx_R,5,MSE,0.0199645019087383,1445553,cc289a63a4f23862,True,location-k4-fold3-seed0,3
cnn,CoPx_R,5,MAE,0.07375227582495252,1445553,cc289a63a4f23862,True,location-k4-fold3-seed0,3
cnn,CoPx_R,5,SS_vs_persistence,0.621655788657944,1445553,cc289a63a4f23862,True,location-k4-fold3-seed0,3
cnn,CoPx_R,5,SS_vs_seasonal,0.599582927183915,1445553,cc289a63a4f23862,True,location-k4-fold3-seed0,3
cnn,CoPx_R,5,SS_vs_ar,0.006502562544340451,1445553,cc289a63a4f23862,True,location-k4-fold3-seed0,3
cnn,CoPx_R,6,MSE,0.02000052957288821,1445553,cc289a63a4f23862,True,location-k4-fold3-seed0,3
cnn,CoPx_R,6,MAE,0.07463714327801639,1445553,cc289a63a4f23862,True,location-k4-fold3-seed0,3
cnn,CoPx_R,6,SS_vs_persistence,0.6075903312354153,1445553,cc289a63a4f23862,True,location-k4-fold3-seed0,3
cnn,CoPx_R,6,SS_vs_seasonal,0.5938921721214557,1445553,cc289a63a4f23862,True,location-k4-fold3-seed0,3
cnn,CoPx_R,6,SS_vs_ar,0.008452323134601203,1445553,cc289a63a4f23862,True,location-k4-fold3-seed0,3
cnn,CoPx_R,7,MSE,0.020806913714049604,1445553,cc289a63a4f23862,True,location-k4-fold3-seed0,3
cnn,CoPx_R,7,MAE,0.07643133737490515,1445553,cc289a63a4f23862,True,location-k4-fold3-seed0,3
cnn,CoPx_R,7,SS_vs_persistence,0.5896673845596987,1445553,cc289a63a4f23862,True,location-k4-fold3-seed0,3
cnn,CoPx_R,7,SS_vs_seasonal,0.5740348598623397,1445553,cc289a63a4f23862,True,location-k4-fold3-seed0,3
cnn,CoPx_R,7,SS_vs_ar,-0.03022300741237549,1445553,cc289a63a4f23862,True,location-k4-fold3-seed0,3
cnn,CoPx_R,8,MSE,0.020643462555401476,1445553,cc289a63a4f23862,True,location-k4-fold3-seed0,3
cnn,CoPx_R,8,MAE,0.07659469080351058,1445553,cc289a63a4f23862,True,location-k4-fold3-seed0,3
cnn,CoPx_R,8,SS_vs_persistence,0.6040093545441676,1445553,cc289a63a4f23862,True,location-k4-fold3-seed0,3
cnn,CoPx_R,8,SS_vs_seasonal,0.5809650196237681,1445553,cc289a63a4f23862,True,location-k4-fold3-seed0,3
cnn,CoPx_R,8,SS_vs_ar,-0.021230518827803024,1445553,cc289a63a4f23862,True,location-k4-fold3-seed0,3
cnn,CoPx_R,9,MSE,0.01963784160469094,1445553,cc289a63a4f23862,True,location-k4-fold3-seed0,3
cnn,CoPx_R,9,MAE,0.07462651677154863,1445553,cc289a63a4f23862,True,location-k4-fold3-seed0,3
cnn,CoPx_R,9,SS_vs_persistence,0.6254304451814066,1445553,cc289a63a4f23862,True,location-k4-fold3-seed0,3
cnn,CoPx_R,9,SS_vs_seasonal,0.5981903792181164,1445553,cc289a63a4f23862,True,location-k4-fold3-seed0,3
cnn,CoPx_R,9,SS_vs_ar,0.023054435077250135,1445553,cc289a63a4f23862,True,location-k4-fold3-seed0,3
cnn,CoPx_R,10,MSE,0.020704809124931108,1445553,cc289a63a4f23862,True,location-k4-fold3-seed0,3
cnn,CoPx_R,10,MAE,0.07584416419208917,1445553,cc289a63a4f23862,True,location-k4-fold3-seed0,3
cnn,CoPx_R,10,SS_vs_persistence,0.5971541352075573,1445553,cc289a63a4f23862,True,location-k4-fold3-seed0,3
cnn,CoPx_R,10,SS_vs_seasonal,0.5743894083519515,1445553,cc289a63a4f23862,True,location-k4-fold3-seed0,3
cnn,CoPx_R,10,SS_vs_ar,-0.03414722419074723,1445553,cc289a63a4f23862,True,location-k4-fold3-seed0,3
cnn,CoPx_R,11,MSE,0.020544747009229817,1445553,cc289a63a4f23862,True,location-k4-fold3-seed0,3
cnn,CoPx_R,11,MAE,0.0784584621323596,1445553,cc289a63a4f23862,True,location-k4-fold3-seed0,3
cnn,CoPx_R,11,SS_vs_persistence,0.6104544019598858,1445553,cc289a63a4f23862,True,location-k4-fold3-seed0,3
cnn,CoPx_R,11,SS_vs_seasonal,0.5831682809253981,1445553,cc289a63a4f23862,True,location-k4-fold3-seed0,3
cnn,CoPx_R,11,SS_vs_ar,-0.024263090795336728,1445553,cc289a63a4f23862,True,location-k4-fold3-seed0,3
cnn,CoPx_R,12,MSE,0.020518135978729913,1445553,cc289a63a4f23862,True,location-k4-fold3-seed0,3
cnn,CoPx_R,12,MAE,0.077604147753209,1445553,cc289a63a4f23862,True,location-k4-fold3-seed0,3
cnn,CoPx_R,12,SS_vs_persistence,0.6277476823714624,1445553,cc289a63a4f23862,True,location-k4-fold3-seed0,3
cnn,CoPx_R,12,SS_vs_seasonal,0.5864221493559421,1445553,cc289a63a4f23862,True,location-k4-fold3-seed0,3
cnn,CoPx_R,12,SS_vs_ar,-0.02413350169742312,1445553,cc289a63a4f23862,True,location-k4-fold3-seed0,3
cnn,CoPx_R,13,MSE,0.020588754407052542,1445553,cc289a63a4f23862,True,location-k4-fold3-seed0,3
cnn,CoPx_R,13,MAE,0.0773160631141711,1445553,cc289a63a4f23862,True,location-k4-fold3-seed0,3
cnn,CoPx_R,13,SS_vs_persistence,0.6348663629600764,1445553,cc289a63a4f23862,True,location-k4-fold3-seed0,3
cnn,CoPx_R,13,SS_vs_seasonal,0.5899876251931631,1445553,cc289a63a4f23862,True,location-k4-fold3-seed0,3
cnn,CoPx_R,13,SS_vs_ar,-0.026446655489346327,1445553,cc289a63a4f23862,True,location-k4-fold3-seed0,3
cnn,CoPx_R,14,MSE,0.020469571510407337,1445553,cc289a63a4f23862,True,location-k4-fold3-seed0,3
cnn,CoPx_R,14,MAE,0.07774068709232505,1445553,cc289a63a4f23862,True,location-k4-fold3-seed0,3
cnn,CoPx_R,14,SS_vs_persistence,0.6093156965624451,1445553,cc289a63a4f23862,True,location-k4-fold3-seed0,3
cnn,CoPx_R,14,SS_vs_seasonal,0.5871845053127656,1445553,cc289a63a4f23862,True,location-k4-fold3-seed0,3
cnn,CoPx_R,14,SS_vs_ar,-0.02147120134024849,1445553,cc289a63a4f23862,True,location-k4-fold3-seed0,3
cnn,CoPx_R,15,MSE,0.020176499124741305,1445553,cc289a63a4f23862,True,location-k4-fold3-seed0,3
cnn,CoPx_R,15,MAE,0.0773942652128145,1445553,cc289a63a4f23862,True,location-k4-fold3-seed0,3
cnn,CoPx_R,15,SS_vs_persistence,0.6217080289160082,1445553,cc289a63a4f23862,True,location-k4-fold3-seed0,3
cnn,CoPx_R,15,SS_vs_seasonal,0.598439618617286,1445553,cc289a63a4f23862,True,location-k4-fold3-seed0,3
cnn,CoPx_R,15,SS_vs_ar,-0.003107810914542597,1445553,cc289a63a4f23862,True,location-k4-fold3-seed0,3
cnn,CoPx_R,16,MSE,0.020467165628862118,1445553,cc289a63a4f23862,True,location-k4-fold3-seed0,3
cnn,CoPx_R,16,MAE,0.07743466658043523,1445553,cc289a63a4f23862,True,location-k4-fold3-seed0,3
cnn,CoPx_R,16,SS_vs_persistence,0.6304775179398534,1445553,cc289a63a4f23862,True,location-k4-fold3-seed0,3
cnn,CoPx_R,16,SS_vs_seasonal,0.5948182325046758,1445553,cc289a63a4f23862,True,location-k4-fold3-seed0,3
cnn,CoPx_R,16,SS_vs_ar,-0.017283902554033892,1445553,cc289a63a4f23862,True,location-k4-fold3-seed0,3
cnn,CoPx_R,17,MSE,0.020771357937421814,1445553,cc289a63a4f23862,True,location-k4-fold3-seed0,3
cnn,CoPx_R,17,MAE,0.07828757696771586,1445553,cc289a63a4f23862,True,location-k4-fold3-seed0,3
cnn,CoPx_R,17,SS_vs_persistence,0.6047036928883376,1445553,cc289a63a4f23862,True,location-k4-fold3-seed0,3
cnn,CoPx_R,17,SS_vs_seasonal,0.5781221795298392,1445553,cc289a63a4f23862,True,location-k4-fold3-seed0,3
cnn,CoPx_R,17,SS_vs_ar,-0.035758734876091935,1445553,cc289a63a4f23862,True,location-k4-fold3-seed0,3
cnn,CoPx_R,18,MSE,0.02146808495465858,1445553,cc289a63a4f23862,True,location-k4-fold3-seed0,3
cnn,CoPx_R,18,MAE,0.07921701083080805,1445553,cc289a63a4f23862,True,location-k4-fold3-seed0,3
cnn,CoPx_R,18,SS_vs_persistence,0.5956578341973047,1445553,cc289a63a4f23862,True,location-k4-fold3-seed0,3
cnn,CoPx_R,18,SS_vs_seasonal,0.5701475413169229,1445553,cc289a63a4f23862,True,location-k4-fold3-seed0,3
cnn,CoPx_R,18,SS_vs_ar,-0.07395945580204644,1445553,cc289a63a4f23862,True,location-k4-fold3-seed0,3
cnn,CoPx_R,19,MSE,0.020237679101960438,1445553,cc289a63a4f23862,True,location-k4-fold3-seed0,3
cnn,CoPx_R,19,MAE,0.07799687855347073,1445553,cc289a63a4f23862,True,location-k4-fold3-seed0,3
cnn,CoPx_R,19,SS_vs_persistence,0.6339350735416753,1445553,cc289a63a4f23862,True,location-k4-fold3-seed0,3
cnn,CoPx_R,19,SS_vs_seasonal,0.5986509284223578,1445553,cc289a63a4f23862,True,location-k4-fold3-seed0,3
cnn,CoPx_R,19,SS_vs_ar,-0.012742256697072518,1445553,cc289a63a4f23862,True,location-k4-fold3-seed0,3
cnn,CoPx_R,20,MSE,0.020606458882534557,1445553,cc289a63a4f23862,True,location-k4-fold3-seed0,3
cnn,CoPx_R,20,MAE,0.07887265693513305,1445553,cc289a63a4f23862,True,location-k4-fold3-seed0,3
cnn,CoPx_R,20,SS_vs_persistence,0.6296621821654392,1445553,cc289a63a4f23862,True,location-k4-fold3-seed0,3
cnn,CoPx_R,20,SS_vs_seasonal,0.5881401577986733,1445553,cc289a63a4f23862,True,location-k4-fold3-seed0,3
cnn,CoPx_R,20,SS_vs_ar,-0.0341430825836444,1445553,cc289a63a4f23862,True,location-k4-fold3-seed0,3
cnn,CoPx_R,21,MSE,0.02136111557871343,1445553,cc289a63a4f23862,True,location-k4-fold3-seed0,3
cnn,CoPx_R,21,MAE,0.07944683042911962,1445553,cc289a63a4f23862,True,location-k4-fold3-seed0,3
cnn,CoPx_R,21,SS_vs_persistence,0.6032658916494789,1445553,cc289a63a4f23862,True,location-k4-fold3-seed0,3
cnn,CoPx_R,21,SS_vs_seasonal,0.5697780440148594,1445553,cc289a63a4f23862,True,location-k4-fold3-seed0,3
cnn,CoPx_R,21,SS_vs_ar,-0.07266763402817444,1445553,cc289a63a4f23862,True,location-k4-fold3-seed0,3
cnn,CoPx_R,22,MSE,0.02061986168999486,1445553,cc289a63a4f23862,True,location-k4-fold3-seed0,3
cnn,CoPx_R,22,MAE,0.07846447528963879,1445553,cc289a63a4f23862,True,location-k4-fold3-seed0,3
cnn,CoPx_R,22,SS_vs_persistence,0.6089947356911548,1445553,cc289a63a4f23862,True,location-k4-fold3-seed0,3
cnn,CoPx_R,22,SS_vs_seasonal,0.5887115853961502,1445553,cc289a63a4f23862,True,location-k4-fold3-seed0,3
cnn,CoPx_R,22,SS_vs_ar,-0.04564665894450681,1445553,cc289a63a4f23862,True,location-k4-fold3-seed0,3
cnn,CoPx_R,23,MSE,0.02030143090844327,1445553,cc289a63a4f23862,True,location-k4-fold3-seed0,3
cnn,CoPx_R,23,MAE,0.07873798729439083,1445553,cc289a63a4f23862,True,location-k4-fold3-seed0,3
cnn,CoPx_R,23,SS_vs_persistence,0.6329588361035361,1445553,cc289a63a4f23862,True,location-k4-fold3-seed0,3
cnn,CoPx_R,23,SS_vs_seasonal,0.5991641952549863,1445553,cc289a63a4f23862,True,location-k4-fold3-seed0,3
cnn,CoPx_R,23,SS_vs_ar,-0.024757673370369826,1445553,cc289a63a4f23862,True,location-k4-fold3-seed0,3
cnn,CoPx_R,24,MSE,0.02050129934842799,1445553,cc289a63a4f23862,True,location-k4-fold3-seed0,3
cnn,CoPx_R,24,MAE,0.07900575943038865,1445553,cc289a63a4f23862,True,location-k4-fold3-seed0,3
cnn,CoPx_R,24,SS_vs_persistence,0.6264630761967607,1445553,cc289a63a4f23862,True,location-k4-fold3-seed0,3
cnn,CoPx_R,24,SS_vs_seasonal,0.5940934921282145,1445553,cc289a63a4f23862,True,location-k4-fold3-seed0,3
cnn,CoPx_R,24,SS_vs_ar,-0.03592344555077198,1445553,cc289a63a4f23862,True,location-k4-fold3-seed0,3
cnn,CoPx_R,25,MSE,0.02042198987224563,1445553,cc289a63a4f23862,True,location-k4-fold3-seed0,3
cnn,CoPx_R,25,MAE,0.0786979308198334,1445553,cc289a63a4f23862,True,location-k4-fold3-seed0,3
cnn,CoPx_R,25,SS_vs_persistence,0.6130486351393599,1445553,cc289a63a4f23862,True,location-k4-fold3-seed0,3
cnn,CoPx_R,25,SS_vs_seasonal,0.5962619757253245,1445553,cc289a63a4f23862,True,location-k4-fold3-seed0,3
cnn,CoPx_R,25,SS_vs_ar,-0.03539230711340857,1445553,cc289a63a4f23862,True,location-k4-fold3-seed0,3
cnn,CoPx_R,26,MSE,0.020590947922075806,1445553,cc289a63a4f23862,True,location-k4-fold3-seed0,3
cnn,CoPx_R,26,MAE,0.07937241139469194,1445553,cc289a63a4f23862,True,location-k4-fold3-seed0,3
cnn,CoPx_R,26,SS_vs_persistence,0.6368516456227478,1445553,cc289a63a4f23862,True,location-k4-fold3-seed0,3
cnn,CoPx_R,26,SS_vs_seasonal,0.5973400072949162,1445553,cc289a63a4f23862,True,location-k4-fold3-seed0,3
cnn,CoPx_R,26,SS_vs_ar,-0.04183215386255523,1445553,cc289a63a4f23862,True,location-k4-fold3-seed0,3
cnn,CoPx_R,27,MSE,0.02031582133453117,1445553,cc289a63a4f23862,True,location-k4-fold3-seed0,3
cnn,CoPx_R,27,MAE,0.07974111499468255,1445553,cc289a63a4f23862,True,location-k4-fold3-seed0,3
cnn,CoPx_R,27,SS_vs_persistence,0.6455081692926988,1445553,cc289a63a4f23862,True,location-k4-fold3-seed0,3
cnn,CoPx_R,27,SS_vs_seasonal,0.6045412587186001,1445553,cc289a63a4f23862,True,location-k4-fold3-seed0,3
cnn,CoPx_R,27,SS_vs_ar,-0.027976324540765596,1445553,cc289a63a4f23862,True,location-k4-fold3-seed0,3
cnn,CoPx_R,28,MSE,0.020546185195764795,1445553,cc289a63a4f23862,True,location-k4-fold3-seed0,3
cnn,CoPx_R,28,MAE,0.08022231138135283,1445553,cc289a63a4f23862,True,location-k4-fold3-seed0,3
cnn,CoPx_R,28,SS_vs_persistence,0.6289548283349048,1445553,cc289a63a4f23862,True,location-k4-fold3-seed0,3
cnn,CoPx_R,28,SS_vs_seasonal,0.6030061104760359,1445553,cc289a63a4f23862,True,location-k4-fold3-seed0,3
cnn,CoPx_R,28,SS_vs_ar,-0.03594149907479416,1445553,cc289a63a4f23862,True,location-k4-fold3-seed0,3
cnn,CoPx_R,29,MSE,0.020276538724700893,1445553,cc289a63a4f23862,True,location-k4-fold3-seed0,3
cnn,CoPx_R,29,MAE,0.07908501104665852,1445553,cc289a63a4f23862,True,location-k4-fold3-seed0,3
cnn,CoPx_R,29,SS_vs_persistence,0.6457384311574313,1445553,cc289a63a4f23862,True,location-k4-fold3-seed0,3
cnn,CoPx_R,29,SS_vs_seasonal,0.6086894903053035,1445553,cc289a63a4f23862,True,location-k4-fold3-seed0,3
cnn,CoPx_R,29,SS_vs_ar,-0.0240049627408645,1445553,cc289a63a4f23862,True,location-k4-fold3-seed0,3
cnn,CoPx_R,30,MSE,0.020577010513789188,1445553,cc289a63a4f23862,True,location-k4-fold3-seed0,3
cnn,CoPx_R,30,MAE,0.0794681435351905,1445553,cc289a63a4f23862,True,location-k4-fold3-seed0,3
cnn,CoPx_R,30,SS_vs_persistence,0.6494892898701445,1445553,cc289a63a4f23862,True,location-k4-fold3-seed0,3
cnn,CoPx_R,30,SS_vs_seasonal,0.6087801140696857,1445553,cc289a63a4f23862,True,location-k4-fold3-seed0,3
cnn,CoPx_R,30,SS_vs_ar,-0.043072413486273664,1445553,cc289a63a4f23862,True,location-k4-fold3-seed0,3
cnn,CoPx_R,all,MSE,0.020431591730953304,1445553,cc289a63a4f23862,True,location-k4-fold3-seed0,3
cnn,CoPx_R,all,MAE,0.0770352583112597,1445553,cc289a63a4f23862,True,location-k4-fold3-seed0,3
cnn,CoPx_R,all,SS_vs_persistence,0.6170301497674568,1445553,cc289a63a4f23862,True,location-k4-fold3-seed0,3
cnn,CoPx_R,all,SS_vs_seasonal,0.5911968657112008,1445553,cc289a63a4f23862,True,location-k4-fold3-seed0,3
cnn,CoPx_R,all,SS_vs_ar,-0.023173613583932662,1445553,cc289a63a4f23862,True,location-k4-fold3-seed0,3
cnn,CoPy_R,1,MSE,0.021239879242657137,1445553,cc289a63a4f23862,True,location-k4-fold3-seed0,3
cnn,CoPy_R,1,MAE,0.0853982402087794,1445553,cc289a63a4f23862,True,location-k4-fold3-seed0,3
cnn,CoPy_R,1,SS_vs_persistence,0.400369914436283,1445553,cc289a63a4f23862,True,location-k4-fold3-seed0,3
cnn,CoPy_R,1,SS_vs_seasonal,0.42269705474598984,1445553,cc289a63a4f23862,True,location-k4-fold3-seed0,3
cnn,CoPy_R,1,SS_vs_ar,-0.05368740631298419,1445553,cc289a63a4f23862,True,location-k4-fold3-seed0,3
cnn,CoPy_R,2,MSE,0.02175976111564269,1445553,cc289a63a4f23862,True,location-k4-fold3-seed0,3
cnn,CoPy_R,2,MAE,0.08841740013255196,1445553,cc289a63a4f23862,True,location-k4-fold3-seed0,3
cnn,CoPy_R,2,SS_vs_persistence,0.46911360006629066,1445553,cc289a63a4f23862,True,location-k4-fold3-seed0,3
cnn,CoPy_R,2,SS_vs_seasonal,0.4328288231407762,1445553,cc289a63a4f23862,True,location-k4-fold3-seed0,3
cnn,CoPy_R,2,SS_vs_ar,-0.05900470940270841,1445553,cc289a63a4f23862,True,location-k4-fold3-seed0,3
cnn,CoPy_R,3,MSE,0.022039594497187683,1445553,cc289a63a4f23862,True,location-k4-fold3-seed0,3
cnn,CoPy_R,3,MAE,0.08748675110325901,1445553,cc289a63a4f23862,True,location-k4-fold3-seed0,3
cnn,CoPy_R,3,SS_vs_persistence,0.4822149583752262,1445553,cc289a63a4f23862,True,location-k4-fold3-seed0,3
cnn,CoPy_R,3,SS_vs_seasonal,0.43670611206107113,1445553,cc289a63a4f23862,True,location-k4-fold3-seed0,3
cnn,CoPy_R,3,SS_vs_ar,-0.06952539721889006,1445553,cc289a63a4f23862,True,location-k4-fold3-seed0,3
cnn,CoPy_R,4,MSE,0.02193313510042275,1445553,cc289a63a4f23862,True,location-k4-fold3-seed0,3
cnn,CoPy_R,4,MAE,0.08786188659674127,1445553,cc289a63a4f23862,True,location-k4-fold3-seed0,3
cnn,CoPy_R,4,SS_vs_persistence,0.4927811965919291,1445553,cc289a63a4f23862,True,location-k4-fold3-seed0,3
cnn,CoPy_R,4,SS_vs_seasonal,0.4438504761500176,1445553,cc289a63a4f23862,True,location-k4-fold3-seed0,3
cnn,CoPy_R,4,SS_vs_ar,-0.06577188584170512,1445553,cc289a63a4f23862,True,location-k4-fold3-seed0,3
cnn,CoPy_R,5,MSE,0.022334904268963632,1445553,cc289a63a4f23862,True,location-k4-fold3-seed0,3
cnn,CoPy_R,5,MAE,0.08888477548377488,1445553,cc289a63a4f23862,True,location-k4-fold3-seed0,3
cnn,CoPy_R,5,SS_vs_persistence,0.4827144005772521,1445553,cc289a63a4f23862,True,location-k4-fold3-seed0,3
cnn,CoPy_R,5,SS_vs_seasonal,0.42727210010287675,1445553,cc289a63a4f23862,True,location-k4-fold3-seed0,3
cnn,CoPy_R,5,SS_vs_ar,-0.08723981570927175,1445553,cc289a63a4f23862,True,location-k4-fold3-seed0,3
cnn,CoPy_R,6,MSE,0.02218620464926006,1445553,cc289a63a4f23862,True,location-k4-fold3-seed0,3
cnn,CoPy_R,6,MAE,0.08761540071326544,1445553,cc289a63a4f23862,True,location-k4-fold3-seed0,3
cnn,CoPy_R,6,SS_vs_persistence,0.4782475189408739,1445553,cc289a63a4f23862,True,location-k4-fold3-seed0,3
cnn,CoPy_R,6,SS_vs_seasonal,0.4255177763710568,1445553,cc289a63a4f23862,True,location-k4-fold3-seed0,3
cnn,CoPy_R,6,SS_vs_ar,-0.0794777012162633,1445553,cc289a63a4f23862,True,location-k4-fold3-seed0,3
cnn,CoPy_R,7,MSE,0.02193501940381125,1445553,cc289a63a4f23862,True,location-k4-fold3-seed0,3
cnn,CoPy_R,7,MAE,0.08760407909400117,1445553,cc289a63a4f23862,True,location-k4-fold3-seed0,3
cnn,CoPy_R,7,SS_vs_persistence,0.4655595005558172,1445553,cc289a63a4f23862,True,location-k4-fold3-seed0,3
cnn,CoPy_R,7,SS_vs_seasonal,0.42827750165888634,1445553,cc289a63a4f23862,True,location-k4-fold3-seed0,3
cnn,CoPy_R,7,SS_vs_ar,-0.06946137262523733,1445553,cc289a63a4f23862,True,location-k4-fold3-seed0,3
cnn,CoPy_R,8,MSE,0.021790190000881136,1445553,cc289a63a4f23862,True,location-k4-fold3-seed0,3
cnn,CoPy_R,8,MAE,0.08771491206966274,1445553,cc289a63a4f23862,True,location-k4-fold3-seed0,3
cnn,CoPy_R,8,SS_vs_persistence,0.4660614143841396,1445553,cc289a63a4f23862,True,location-k4-fold3-seed0,3
cnn,CoPy_R,8,SS_vs_seasonal,0.4284928232160914,1445553,cc289a63a4f23862,True,location-k4-fold3-seed0,3
cnn,CoPy_R,8,SS_vs_ar,-0.0637645930052686,1445553,cc289a63a4f23862,True,location-k4-fold3-seed0,3
cnn,CoPy_R,9,MSE,0.022083142584146356,1445553,cc289a63a4f23862,True,location-k4-fold3-seed0,3
cnn,CoPy_R,9,MAE,0.09049995116280814,1445553,cc289a63a4f23862,True,location-k4-fold3-seed0,3
cnn,CoPy_R,9,SS_vs_persistence,0.45861740505088455,1445553,cc289a63a4f23862,True,location-k4-fold3-seed0,3
cnn,CoPy_R,9,SS_vs_seasonal,0.42205646872391667,1445553,cc289a63a4f23862,True,location-k4-fold3-seed0,3
cnn,CoPy_R,9,SS_vs_ar,-0.07656780655736184,1445553,cc289a63a4f23862,True,location-k4-fold3-seed0,3
cnn,CoPy_R,10,MSE,0.02192847951599725,1445553,cc289a63a4f23862,True,location-k4-fold3-seed0,3
cnn,CoPy_R,10,MAE,0.08771790361325171,1445553,cc289a63a4f23862,True,location-k4-fold3-seed0,3
cnn,CoPy_R,10,SS_vs_persistence,0.4691025479459636,1445553,cc289a63a4f23862,True,location-k4-fold3-seed0,3
cnn,CoPy_R,10,SS_vs_seasonal,0.42751922465116443,1445553,cc289a63a4f23862,True,location-k4-fold3-seed0,3
cnn,CoPy_R,10,SS_vs_ar,-0.06464282075249028,1445553,cc289a63a4f23862,True,location-k4-fold3-seed0,3
cnn,CoPy_R,11,MSE,0.021898342533784844,1445553,cc289a63a4f23862,True,location-k4-fold3-seed0,3
cnn,CoPy_R,11,MAE,0.08936099782031919,1445553,cc289a63a4f23862,True,location-k4-fold3-seed0,3
cnn,CoPy_R,11,SS_vs_persistence,0.47021479669882404,1445553,cc289a63a4f23862,True,location-k4-fold3-seed0,3
cnn,CoPy_R,11,SS_vs_seasonal,0.4263715153192331,1445553,cc289a63a4f23862,True,location-k4-fold3-seed0,3
cnn,CoPy_R,11,SS_vs_ar,-0.06193007892967772,1445553,cc289a63a4f23862,True,location-k4-fold3-seed0,3
cnn,CoPy_R,12,MSE,0.022315719679909037,1445553,cc289a63a4f23862,True,location-k4-fold3-seed0,3
cnn,CoPy_R,12,MAE,0.08832321470034774,1445553,cc289a63a4f23862,True,location-k4-fold3-seed0,3
cnn,CoPy_R,12,SS_vs_persistence,0.46890256012305165,1445553,cc289a63a4f23862,True,location-k4-fold3-seed0,3
cnn,CoPy_R,12,SS_vs_seasonal,0.41897803343608253,1445553,cc289a63a4f23862,True,location-k4-fold3-seed0,3
cnn,CoPy_R,12,SS_vs_ar,-0.08303927887428997,1445553,cc289a63a4f23862,True,location-k4-fold3-seed0,3
cnn,CoPy_R,13,MSE,0.022144970779376667,1445553,cc289a63a4f23862,True,location-k4-fold3-seed0,3
cnn,CoPy_R,13,MAE,0.08884043830736334,1445553,cc289a63a4f23862,True,location-k4-fold3-seed0,3
cnn,CoPy_R,13,SS_vs_persistence,0.4784827535388143,1445553,cc289a63a4f23862,True,location-k4-fold3-seed0,3
cnn,CoPy_R,13,SS_vs_seasonal,0.4229065822129523,1445553,cc289a63a4f23862,True,location-k4-fold3-seed0,3
cnn,CoPy_R,13,SS_vs_ar,-0.0730318300234194,1445553,cc289a63a4f23862,True,location-k4-fold3-seed0,3
cnn,CoPy_R,14,MSE,0.02241516201682078,1445553,cc289a63a4f23862,True,location-k4-fold3-seed0,3
cnn,CoPy_R,14,MAE,0.08953914958643391,1445553,cc289a63a4f23862,True,location-k4-fold3-seed0,3
cnn,CoPy_R,14,SS_vs_persistence,0.4714148608383889,1445553,cc289a63a4f23862,True,location-k4-fold3-seed0,3
cnn,CoPy_R,14,SS_vs_seasonal,0.4197136504704745,1445553,cc289a63a4f23862,True,location-k4-fold3-seed0,3
cnn,CoPy_R,14,SS_vs_ar,-0.08544024756221247,1445553,cc289a63a4f23862,True,location-k4-fold3-seed0,3
cnn,CoPy_R,15,MSE,0.022221732736847095,1445553,cc289a63a4f23862,True,location-k4-fold3-seed0,3
cnn,CoPy_R,15,MAE,0.08831428265585212,1445553,cc289a63a4f23862,True,location-k4-fold3-seed0,3
cnn,CoPy_R,15,SS_vs_persistence,0.4540909687968865,1445553,cc289a63a4f23862,True,location-k4-fold3-seed0,3
cnn,CoPy_R,15,SS_vs_seasonal,0.42305716974658336,1445553,cc289a63a4f23862,True,location-k4-fold3-seed0,3
cnn,CoPy_R,15,SS_vs_ar,-0.07616319640412517,1445553,cc289a63a4f23862,True,location-k4-fold3-seed0,3
cnn,CoPy_R,16,MSE,0.02210139210772947,1445553,cc289a63a4f23862,True,location-k4-fold3-seed0,3
cnn,CoPy_R,16,MAE,0.08828650535430622,1445553,cc289a63a4f23862,True,location-k4-fold3-seed0,3
cnn,CoPy_R,16,SS_vs_persistence,0.4613012625363776,1445553,cc289a63a4f23862,True,location-k4-fold3-seed0,3
cnn,CoPy_R,16,SS_vs_seasonal,0.42245964481989784,1445553,cc289a63a4f23862,True,location-k4-fold3-seed0,3
cnn,CoPy_R,16,SS_vs_ar,-0.06563279488090434,1445553,cc289a63a4f23862,True,location-k4-fold3-seed0,3
cnn,CoPy_R,17,MSE,0.0221663042020258,1445553,cc289a63a4f23862,True,location-k4-fold3-seed0,3
cnn,CoPy_R,17,MAE,0.09135410541142283,1445553,cc289a63a4f23862,True,location-k4-fold3-seed0,3
cnn,CoPy_R,17,SS_vs_persistence,0.4642585905347262,1445553,cc289a63a4f23862,True,location-k4-fold3-seed0,3
cnn,CoPy_R,17,SS_vs_seasonal,0.41727143342027184,1445553,cc289a63a4f23862,True,location-k4-fold3-seed0,3
cnn,CoPy_R,17,SS_vs_ar,-0.07279360089953091,1445553,cc289a63a4f23862,True,location-k4-fold3-seed0,3
cnn,CoPy_R,18,MSE,0.02224299449046385,1445553,cc289a63a4f23862,True,location-k4-fold3-seed0,3
cnn,CoPy_R,18,MAE,0.08989069853197303,1445553,cc289a63a4f23862,True,location-k4-fold3-seed0,3
cnn,CoPy_R,18,SS_vs_persistence,0.46571754423839684,1445553,cc289a63a4f23862,True,location-k4-fold3-seed0,3
cnn,CoPy_R,18,SS_vs_seasonal,0.4147738073537497,1445553,cc289a63a4f23862,True,location-k4-fold3-seed0,3
cnn,CoPy_R,18,SS_vs_ar,-0.08014043389360204,1445553,cc289a63a4f23862,True,location-k4-fold3-seed0,3
cnn,CoPy_R,19,MSE,0.02194207403033578,1445553,cc289a63a4f23862,True,location-k4-fold3-seed0,3
cnn,CoPy_R,19,MAE,0.08824125748816301,1445553,cc289a63a4f23862,True,location-k4-fold3-seed0,3
cnn,CoPy_R,19,SS_vs_persistence,0.47951528942018085,1445553,cc289a63a4f23862,True,location-k4-fold3-seed0,3
cnn,CoPy_R,19,SS_vs_seasonal,0.42323641977321935,1445553,cc289a63a4f23862,True,location-k4-fold3-seed0,3
cnn,CoPy_R,19,SS_vs_ar,-0.06788649315913164,1445553,cc289a63a4f23862,True,location-k4-fold3-seed0,3
cnn,CoPy_R,20,MSE,0.022391097624793497,1445553,cc289a63a4f23862,True,location-k4-fold3-seed0,3
cnn,CoPy_R,20,MAE,0.0895227182367825,1445553,cc289a63a4f23862,True,location-k4-fold3-seed0,3
cnn,CoPy_R,20,SS_vs_persistence,0.4746108485705405,1445553,cc289a63a4f23862,True,location-k4-fold3-seed0,3
cnn,CoPy_R,20,SS_vs_seasonal,0.41260787540317945,1445553,cc289a63a4f23862,True,location-k4-fold3-seed0,3
cnn,CoPy_R,20,SS_vs_ar,-0.08656632364310601,1445553,cc289a63a4f23862,True,location-k4-fold3-seed0,3
cnn,CoPy_R,21,MSE,0.022019455394396367,1445553,cc289a63a4f23862,True,location-k4-fold3-seed0,3
cnn,CoPy_R,21,MAE,0.08877434388763987,1445553,cc289a63a4f23862,True,location-k4-fold3-seed0,3
cnn,CoPy_R,21,SS_vs_persistence,0.486071395278297,1445553,cc289a63a4f23862,True,location-k4-fold3-seed0,3
cnn,CoPy_R,21,SS_vs_seasonal,0.42818303292388615,1445553,cc289a63a4f23862,True,location-k4-fold3-seed0,3
cnn,CoPy_R,21,SS_vs_ar,-0.06582038837019022,1445553,cc289a63a4f23862,True,location-k4-fold3-seed0,3
cnn,CoPy_R,22,MSE,0.02231015928530513,1445553,cc289a63a4f23862,True,location-k4-fold3-seed0,3
cnn,CoPy_R,22,MAE,0.09003433269136055,1445553,cc289a63a4f23862,True,location-k4-fold3-seed0,3
cnn,CoPy_R,22,SS_vs_persistence,0.47401917153740225,1445553,cc289a63a4f23862,True,location-k4-fold3-seed0,3
cnn,CoPy_R,22,SS_vs_seasonal,0.4209196572658974,1445553,cc289a63a4f23862,True,location-k4-fold3-seed0,3
cnn,CoPy_R,22,SS_vs_ar,-0.07917897152555398,1445553,cc289a63a4f23862,True,location-k4-fold3-seed0,3
cnn,CoPy_R,23,MSE,0.02234207778451633,1445553,cc289a63a4f23862,True,location-k4-fold3-seed0,3
cnn,CoPy_R,23,MAE,0.0911042652677047,1445553,cc289a63a4f23862,True,location-k4-fold3-seed0,3
cnn,CoPy_R,23,SS_vs_persistence,0.4630130454955256,1445553,cc289a63a4f23862,True,location-k4-fold3-seed0,3
cnn,CoPy_R,23,SS_vs_seasonal,0.4201137879300486,1445553,cc289a63a4f23862,True,location-k4-fold3-seed0,3
cnn,CoPy_R,23,SS_vs_ar,-0.07910781555754354,1445553,cc289a63a4f23862,True,location-k4-fold3-seed0,3
cnn,CoPy_R,24,MSE,0.022524204530441464,1445553,cc289a63a4f23862,True,location-k4-fold3-seed0,3
cnn,CoPy_R,24,MAE,0.09043429999749943,1445553,cc289a63a4f23862,True,location-k4-fold3-seed0,3
cnn,CoPy_R,24,SS_vs_persistence,0.4548103096527405,1445553,cc289a63a4f23862,True,location-k4-fold3-seed0,3
cnn,CoPy_R,24,SS_vs_seasonal,0.41013967436821797,1445553,cc289a63a4f23862,True,location-k4-fold3-seed0,3
cnn,CoPy_R,24,SS_vs_ar,-0.09392095391185507,1445553,cc289a63a4f23862,True,location-k4-fold3-seed0,3
cnn,CoPy_R,25,MSE,0.022177538179135255,1445553,cc289a63a4f23862,True,location-k4-fold3-seed0,3
cnn,CoPy_R,25,MAE,0.09106134211576924,1445553,cc289a63a4f23862,True,location-k4-fold3-seed0,3
cnn,CoPy_R,25,SS_vs_persistence,0.44974062585561925,1445553,cc289a63a4f23862,True,location-k4-fold3-seed0,3
cnn,CoPy_R,25,SS_vs_seasonal,0.418138700824355,1445553,cc289a63a4f23862,True,location-k4-fold3-seed0,3
cnn,CoPy_R,25,SS_vs_ar,-0.0738333152952737,1445553,cc289a63a4f23862,True,location-k4-fold3-seed0,3
cnn,CoPy_R,26,MSE,0.022461036166214293,1445553,cc289a63a4f23862,True,location-k4-fold3-seed0,3
cnn,CoPy_R,26,MAE,0.09049378539188245,1445553,cc289a63a4f23862,True,location-k4-fold3-seed0,3
cnn,CoPy_R,26,SS_vs_persistence,0.4724228946289938,1445553,cc289a63a4f23862,True,location-k4-fold3-seed0,3
cnn,CoPy_R,26,SS_vs_seasonal,0.4171704706870192,1445553,cc289a63a4f23862,True,location-k4-fold3-seed0,3
cnn,CoPy_R,26,SS_vs_ar,-0.08405784645439285,1445553,cc289a63a4f23862,True,location-k4-fold3-seed0,3
cnn,CoPy_R,27,MSE,0.022351273099669295,1445553,cc289a63a4f23862,True,location-k4-fold3-seed0,3
cnn,CoPy_R,27,MAE,0.09026079630491259,1445553,cc289a63a4f23862,True,location-k4-fold3-seed0,3
cnn,CoPy_R,27,SS_vs_persistence,0.49652398490620997,1445553,cc289a63a4f23862,True,location-k4-fold3-seed0,3
cnn,CoPy_R,27,SS_vs_seasonal,0.42281114040411505,1445553,cc289a63a4f23862,True,location-k4-fold3-seed0,3
cnn,CoPy_R,27,SS_vs_ar,-0.07976124097754944,1445553,cc289a63a4f23862,True,location-k4-fold3-seed0,3
cnn,CoPy_R,28,MSE,0.022244981686234143,1445553,cc289a63a4f23862,True,location-k4-fold3-seed0,3
cnn,CoPy_R,28,MAE,0.0906443111634789,1445553,cc289a63a4f23862,True,location-k4-fold3-seed0,3
cnn,CoPy_R,28,SS_vs_persistence,0.5055474219518219,1445553,cc289a63a4f23862,True,location-k4-fold3-seed0,3
cnn,CoPy_R,28,SS_vs_seasonal,0.42655219948370915,1445553,cc289a63a4f23862,True,location-k4-fold3-seed0,3
cnn,CoPy_R,28,SS_vs_ar,-0.07195558024897664,1445553,cc289a63a4f23862,True,location-k4-fold3-seed0,3
cnn,CoPy_R,29,MSE,0.022456901692979862,1445553,cc289a63a4f23862,True,location-k4-fold3-seed0,3
cnn,CoPy_R,29,MAE,0.09127566320095575,1445553,cc289a63a4f23862,True,location-k4-fold3-seed0,3
cnn,CoPy_R,29,SS_vs_persistence,0.5012148503716687,1445553,cc289a63a4f23862,True,location-k4-fold3-seed0,3
cnn,CoPy_R,29,SS_vs_seasonal,0.42435659461045605,1445553,cc289a63a4f23862,True,location-k4-fold3-seed0,3
cnn,CoPy_R,29,SS_vs_ar,-0.08237529808800081,1445553,cc289a63a4f23862,True,location-k4-fold3-seed0,3
cnn,CoPy_R,30,MSE,0.022426599596302315,1445553,cc289a63a4f23862,True,location-k4-fold3-seed0,3
cnn,CoPy_R,30,MAE,0.09042371417038189,1445553,cc289a63a4f23862,True,location-k4-fold3-seed0,3
cnn,CoPy_R,30,SS_vs_persistence,0.48196058381303286,1445553,cc289a63a4f23862,True,location-k4-fold3-seed0,3
cnn,CoPy_R,30,SS_vs_seasonal,0.4229074795048714,1445553,cc289a63a4f23862,True,location-k4-fold3-seed0,3
cnn,CoPy_R,30,SS_vs_ar,-0.0840723660564835,1445553,cc289a63a4f23862,True,location-k4-fold3-seed0,3
cnn,CoPy_R,all,MSE,0.022146245818117076,1445553,cc289a63a4f23862,True,location-k4-fold3-seed0,3
cnn,CoPy_R,all,MAE,0.08918005721469385,1445553,cc289a63a4f23862,True,location-k4-fold3-seed0,3
cnn,CoPy_R,all,SS_vs_persistence,0.4720260728455564,1445553,cc289a63a4f23862,True,location-k4-fold3-seed0,3
cnn,CoPy_R,all,SS_vs_seasonal,0.42363262304565297,1445553,cc289a63a4f23862,True,location-k4-fold3-seed0,3
cnn,CoPy_R,all,SS_vs_ar,-0.07455290493326339,1445553,cc289a63a4f23862,True,location-k4-fold3-seed0,3
