model,channel,horizon_step,metric,value,n_frames,config_hash,exploratory,split,fold
persistence,F_R,1,MSE,600359.8994525027,1383540,fa85569c247e4428,True,location-k4-fold0-seed0,0
persistence,F_R,1,MAE,473.30210438864026,1383540,fa85569c247e4428,True,location-k4-fold0-seed0,0
persistence,F_R,1,SS_vs_persistence,0.0,1383540,fa85569c247e4428,True,location-k4-fold0-seed0,0
persistence,F_R,1,SS_vs_seasonal,0.26749308177354814,1383540,fa85569c247e4428,True,location-k4-fold0-seed0,0
persistence,F_R,1,SS_vs_ar,-0.49028984682733734,1383540,fa85569c247e4428,True,location-k4-fold0-seed0,0
persistence,F_R,2,MSE,654152.7625529151,1383540,fa85569c247e4428,True,location-k4-fold0-seed0,0
persistence,F_R,2,MAE,507.5195733994353,1383540,fa85569c247e4428,True,location-k4-fold0-seed0,0
persistence,F_R,2,SS_vs_persistence,0.0,1383540,fa85569c247e4428,True,location-k4-fold0-seed0,0
persistence,F_R,2,SS_vs_seasonal,0.20669840830743347,1383540,fa85569c247e4428,True,location-k4-fold0-seed0,0
persistence,F_R,2,SS_vs_ar,-0.5071176471500942,1383540,fa85569c247e4428,True,location-k4-fold0-seed0,0
persistence,F_R,3,MSE,702727.4815001063,1383540,fa85569c247e4428,True,location-k4-fold0-seed0,0
persistence,F_R,3,MAE,540.4602525584421,1383540,fa85569c247e4428,True,location-k4-fold0-seed0,0
persistence,F_R,3,SS_vs_persistence,0.0,1383540,fa85569c247e4428,True,location-k4-fold0-seed0,0
persistence,F_R,3,SS_vs_seasonal,0.15602015661463609,1383540,fa85569c247e4428,True,location-k4-fold0-seed0,0
persistence,F_R,3,SS_vs_ar,-0.5224945987807961,1383540,fa85569c247e4428,True,location-k4-fold0-seed0,0
persistence,F_R,4,MSE,727334.7406236446,1383540,fa85569c247e4428,True,location-k4-fold0-seed0,0
persistence,F_R,4,MAE,551.973791606077,1383540,fa85569c247e4428,True,location-k4-fold0-seed0,0
persistence,F_R,4,SS_vs_persistence,0.0,1383540,fa85569c247e4428,True,location-k4-fold0-seed0,0
persistence,F_R,4,SS_vs_seasonal,0.1297021333679218,1383540,fa85569c247e4428,True,location-k4-fold0-seed0,0
persistence,F_R,4,SS_vs_ar,-0.5148439215403677,1383540,fa85569c247e4428,True,location-k4-fold0-seed0,0
persistence,F_R,5,MSE,762347.6680175877,1383540,fa85569c247e4428,True,location-k4-fold0-seed0,0
persistence,F_R,5,MAE,571.8683427608594,1383540,fa85569c247e4428,True,location-k4-fold0-seed0,0
persistence,F_R,5,SS_vs_persistence,0.0,1383540,fa85569c247e4428,True,location-k4-fold0-seed0,0
persistence,F_R,5,SS_vs_seasonal,0.0919029061609814,1383540,fa85569c247e4428,True,location-k4-fold0-seed0,0
persistence,F_R,5,SS_vs_ar,-0.5385181423402003,1383540,fa85569c247e4428,True,location-k4-fold0-seed0,0
persistence,F_R,6,MSE,746021.1222362611,1383540,fa85569c247e4428,True,location-k4-fold0-seed0,0
persistence,F_R,6,MAE,566.1637718531217,1383540,fa85569c247e4428,True,location-k4-fold0-seed0,0
persistence,F_R,6,SS_vs_persistence,0.0,1383540,fa85569c247e4428,True,location-k4-fold0-seed0,0
persistence,F_R,6,SS_vs_seasonal,0.11024120057573106,1383540,fa85569c247e4428,True,location-k4-fold0-seed0,0
persistence,F_R,6,SS_vs_ar,-0.4760927306542746,1383540,fa85569c247e4428,True,location-k4-fold0-seed0,0
persistence,F_R,7,MSE,791634.1044448835,1383540,fa85569c247e4428,True,location-k4-fold0-seed0,0
persistence,F_R,7,MAE,584.3906840737941,1383540,fa85569c247e4428,True,location-k4-fold0-seed0,0
persistence,F_R,7,SS_vs_persistence,0.0,1383540,fa85569c247e4428,True,location-k4-fold0-seed0,0
persistence,F_R,7,SS_vs_seasonal,0.05657537597439122,1383540,fa85569c247e4428,True,location-k4-fold0-seed0,0
persistence,F_R,7,SS_vs_ar,-0.5104195664705167,1383540,fa85569c247e4428,True,location-k4-fold0-seed0,0
persistence,F_R,8,MSE,780187.5739244239,1383540,fa85569c247e4428,True,location-k4-fold0-seed0,0
persistence,F_R,8,MAE,579.4420690421937,1383540,fa85569c247e4428,True,location-k4-fold0-seed0,0
persistence,F_R,8,SS_vs_persistence,0.0,1383540,fa85569c247e4428,True,location-k4-fold0-seed0,0
persistence,F_R,8,SS_vs_seasonal,0.06274077392321853,1383540,fa85569c247e4428,True,location-k4-fold0-seed0,0
persistence,F_R,8,SS_vs_ar,-0.4670080785490447,1383540,fa85569c247e4428,True,location-k4-fold0-seed0,0
persistence,F_R,9,MSE,794512.1740784198,1383540,fa85569c247e4428,True,location-k4-fold0-seed0,0
persistence,F_R,9,MAE,589.6181146816997,1383540,fa85569c247e4428,True,location-k4-fold0-seed0,0
persistence,F_R,9,SS_vs_persistence,0.0,1383540,fa85569c247e4428,True,location-k4-fold0-seed0,0
persistence,F_R,9,SS_vs_seasonal,0.04940952162777301,1383540,fa85569c247e4428,True,location-k4-fold0-seed0,0
persistence,F_R,9,SS_vs_ar,-0.4573148627504118,1383540,fa85569c247e4428,True,location-k4-fold0-seed0,0
persistence,F_R,10,MSE,808372.4987469916,1383540,fa85569c247e4428,True,location-k4-fold0-seed0,0
persistence,F_R,10,MAE,589.6968565287856,1383540,fa85569c247e4428,True,location-k4-fold0-seed0,0
persistence,F_R,10,SS_vs_persistence,0.0,1383540,fa85569c247e4428,True,location-k4-fold0-seed0,0
persistence,F_R,10,SS_vs_seasonal,0.01882769559660169,1383540,fa85569c247e4428,True,location-k4-fold0-seed0,0
persistence,F_R,10,SS_vs_ar,-0.4473154169305973,1383540,fa85569c247e4428,True,location-k4-fold0-seed0,0
persistence,F_R,11,MSE,828166.2915410367,1383540,fa85569c247e4428,True,location-k4-fold0-seed0,0
persistence,F_R,11,MAE,603.0839164869872,1383540,fa85569c247e4428,True,location-k4-fold0-seed0,0
persistence,F_R,11,SS_vs_persistence,0.0,1383540,fa85569c247e4428,True,location-k4-fold0-seed0,0
persistence,F_R,11,SS_vs_seasonal,0.1194574573833711,1383540,fa85569c247e4428,True,location-k4-fold0-seed0,0
persistence,F_R,11,SS_vs_ar,-0.4524233297064384,1383540,fa85569c247e4428,True,location-k4-fold0-seed0,0
persistence,F_R,12,MSE,848487.5900385358,1383540,fa85569c247e4428,True,location-k4-fold0-seed0,0
persistence,F_R,12,MAE,614.295705170534,1383540,fa85569c247e4428,True,location-k4-fold0-seed0,0
persistence,F_R,12,SS_vs_persistence,0.0,1383540,fa85569c247e4428,True,location-k4-fold0-seed0,0
persistence,F_R,12,SS_vs_seasonal,0.09674462571413056,1383540,fa85569c247e4428,True,location-k4-fold0-seed0,0
persistence,F_R,12,SS_vs_ar,-0.46025123659539524,1383540,fa85569c247e4428,True,location-k4-fold0-seed0,0
persistence,F_R,13,MSE,858011.9196452806,1383540,fa85569c247e4428,True,location-k4-fold0-seed0,0
persistence,F_R,13,MAE,618.2065501048262,1383540,fa85569c247e4428,True,location-k4-fold0-seed0,0
persistence,F_R,13,SS_vs_persistence,0.0,1383540,fa85569c247e4428,True,location-k4-fold0-seed0,0
persistence,F_R,13,SS_vs_seasonal,0.0866198930999017,1383540,fa85569c247e4428,True,location-k4-fold0-seed0,0
persistence,F_R,13,SS_vs_ar,-0.46179451131114746,1383540,fa85569c247e4428,True,location-k4-fold0-seed0,0
persistence,F_R,14,MSE,862494.3859620848,1383540,fa85569c247e4428,True,location-k4-fold0-seed0,0
persistence,F_R,14,MAE,622.0904594271506,1383540,fa85569c247e4428,True,location-k4-fold0-seed0,0
persistence,F_R,14,SS_vs_persistence,0.0,1383540,fa85569c247e4428,True,location-k4-fold0-seed0,0
persistence,F_R,14,SS_vs_seasonal,0.0801051312005675,1383540,fa85569c247e4428,True,location-k4-fold0-seed0,0
persistence,F_R,14,SS_vs_ar,-0.45636541385826646,1383540,fa85569c247e4428,True,location-k4-fold0-seed0,0
persistence,F_R,15,MSE,847739.8113452165,1383540,fa85569c247e4428,True,location-k4-fold0-seed0,0
persistence,F_R,15,MAE,620.3252035867486,1383540,fa85569c247e4428,True,location-k4-fold0-seed0,0
persistence,F_R,15,SS_vs_persistence,0.0,1383540,fa85569c247e4428,True,location-k4-fold0-seed0,0
persistence,F_R,15,SS_vs_seasonal,0.09611023632495341,1383540,fa85569c247e4428,True,location-k4-fold0-seed0,0
persistence,F_R,15,SS_vs_ar,-0.4195116977194422,1383540,fa85569c247e4428,True,location-k4-fold0-seed0,0
persistence,F_R,16,MSE,897177.0254998012,1383540,fa85569c247e4428,True,location-k4-fold0-seed0,0
persistence,F_R,16,MAE,633.3480025879181,1383540,fa85569c247e4428,True,location-k4-fold0-seed0,0
persistence,F_R,16,SS_vs_persistence,0.0,1383540,fa85569c247e4428,True,location-k4-fold0-seed0,0
persistence,F_R,16,SS_vs_seasonal,0.06196850882248017,1383540,fa85569c247e4428,True,location-k4-fold0-seed0,0
persistence,F_R,16,SS_vs_ar,-0.42521378168310875,1383540,fa85569c247e4428,True,location-k4-fold0-seed0,0
persistence,F_R,17,MSE,905398.7795111283,1383540,fa85569c247e4428,True,location-k4-fold0-seed0,0
persistence,F_R,17,MAE,636.4206788972801,1383540,fa85569c247e4428,True,location-k4-fold0-seed0,0
persistence,F_R,17,SS_vs_persistence,0.0,1383540,fa85569c247e4428,True,location-k4-fold0-seed0,0
persistence,F_R,17,SS_vs_seasonal,0.05326063315091534,1383540,fa85569c247e4428,True,location-k4-fold0-seed0,0
persistence,F_R,17,SS_vs_ar,-0.41492547620818154,1383540,fa85569c247e4428,True,location-k4-fold0-seed0,0
persistence,F_R,18,MSE,924741.1262185925,1383540,fa85569c247e4428,True,location-k4-fold0-seed0,0
persistence,F_R,18,MAE,642.6239168833888,1383540,fa85569c247e4428,True,location-k4-fold0-seed0,0
persistence,F_R,18,SS_vs_persistence,0.0,1383540,fa85569c247e4428,True,location-k4-fold0-seed0,0
persistence,F_R,18,SS_vs_seasonal,0.03125829455412199,1383540,fa85569c247e4428,True,location-k4-fold0-seed0,0
persistence,F_R,18,SS_vs_ar,-0.41931730696551184,1383540,fa85569c247e4428,True,location-k4-fold0-seed0,0
persistence,F_R,19,MSE,929324.4466050096,1383540,fa85569c247e4428,True,location-k4-fold0-seed0,0
persistence,F_R,19,MAE,644.4669733817158,1383540,fa85569c247e4428,True,location-k4-fold0-seed0,0
persistence,F_R,19,SS_vs_persistence,0.0,1383540,fa85569c247e4428,True,location-k4-fold0-seed0,0
persistence,F_R,19,SS_vs_seasonal,0.02684866215533188,1383540,fa85569c247e4428,True,location-k4-fold0-seed0,0
persistence,F_R,19,SS_vs_ar,-0.4073090730897502,1383540,fa85569c247e4428,True,location-k4-fold0-seed0,0
persistence,F_R,20,MSE,940669.174733559,1383540,fa85569c247e4428,True,location-k4-fold0-seed0,0
persistence,F_R,20,MAE,650.0762321822554,1383540,fa85569c247e4428,True,location-k4-fold0-seed0,0
persistence,F_R,20,SS_vs_persistence,0.0,1383540,fa85569c247e4428,True,location-k4-fold0-seed0,0
persistence,F_R,20,SS_vs_seasonal,0.0029690407668471197,1383540,fa85569c247e4428,True,location-k4-fold0-seed0,0
persistence,F_R,20,SS_vs_ar,-0.40422053752377596,1383540,fa85569c247e4428,True,location-k4-fold0-seed0,0
persistence,F_R,21,MSE,920549.7888915974,1383540,fa85569c247e4428,True,location-k4-fold0-seed0,0
persistence,F_R,21,MAE,642.5657534578419,1383540,fa85569c247e4428,True,location-k4-fold0-seed0,0
persistence,F_R,21,SS_vs_persistence,0.0,1383540,fa85569c247e4428,True,location-k4-fold0-seed0,0
persistence,F_R,21,SS_vs_seasonal,0.07878176651718061,1383540,fa85569c247e4428,True,location-k4-fold0-seed0,0
persistence,F_R,21,SS_vs_ar,-0.3622412766746921,1383540,fa85569c247e4428,True,location-k4-fold0-seed0,0
persistence,F_R,22,MSE,935452.2765456417,1383540,fa85569c247e4428,True,location-k4-fold0-seed0,0
persistence,F_R,22,MAE,649.8654945717965,1383540,fa85569c247e4428,True,location-k4-fold0-seed0,0
persistence,F_R,22,SS_vs_persistence,0.0,1383540,fa85569c247e4428,True,location-k4-fold0-seed0,0
persistence,F_R,22,SS_vs_seasonal,0.06629521381522596,1383540,fa85569c247e4428,True,location-k4-fold0-seed0,0
persistence,F_R,22,SS_vs_ar,-0.35997911482266165,1383540,fa85569c247e4428,True,location-k4-fold0-seed0,0
persistence,F_R,23,MSE,953347.381680116,1383540,fa85569c247e4428,True,location-k4-fold0-seed0,0
persistence,F_R,23,MAE,656.6786441982472,1383540,fa85569c247e4428,True,location-k4-fold0-seed0,0
persistence,F_R,23,SS_vs_persistence,0.0,1383540,fa85569c247e4428,True,location-k4-fold0-seed0,0
persistence,F_R,23,SS_vs_seasonal,0.04924494833710502,1383540,fa85569c247e4428,True,location-k4-fold0-seed0,0
persistence,F_R,23,SS_vs_ar,-0.3655269809463624,1383540,fa85569c247e4428,True,location-k4-fold0-seed0,0
persistence,F_R,24,MSE,957359.98384096,1383540,fa85569c247e4428,True,location-k4-fold0-seed0,0
persistence,F_R,24,MAE,659.4913353318017,1383540,fa85569c247e4428,True,location-k4-fold0-seed0,0
persistence,F_R,24,SS_vs_persistence,0.0,1383540,fa85569c247e4428,True,location-k4-fold0-seed0,0
persistence,F_R,24,SS_vs_seasonal,0.046708235374156026,1383540,fa85569c247e4428,True,location-k4-fold0-seed0,0
persistence,F_R,24,SS_vs_ar,-0.35269396222780625,1383540,fa85569c247e4428,True,location-k4-fold0-seed0,0
persistence,F_R,25,MSE,975403.3927215649,1383540,fa85569c247e4428,True,location-k4-fold0-seed0,0
persistence,F_R,25,MAE,667.6987807230315,1383540,fa85569c247e4428,True,location-k4-fold0-seed0,0
persistence,F_R,25,SS_vs_persistence,0.0,1383540,fa85569c247e4428,True,location-k4-fold0-seed0,0
persistence,F_R,25,SS_vs_seasonal,0.030606990992053218,1383540,fa85569c247e4428,True,location-k4-fold0-seed0,0
persistence,F_R,25,SS_vs_ar,-0.36144218761325675,1383540,fa85569c247e4428,True,location-k4-fold0-seed0,0
persistence,F_R,26,MSE,990702.4397434486,1383540,fa85569c247e4428,True,location-k4-fold0-seed0,0
persistence,F_R,26,MAE,673.6647362027672,1383540,fa85569c247e4428,True,location-k4-fold0-seed0,0
persistence,F_R,26,SS_vs_persistence,0.0,1383540,fa85569c247e4428,True,location-k4-fold0-seed0,0
persistence,F_R,26,SS_vs_seasonal,0.019774600393564712,1383540,fa85569c247e4428,True,location-k4-fold0-seed0,0
persistence,F_R,26,SS_vs_ar,-0.3668524147732597,1383540,fa85569c247e4428,True,location-k4-fold0-seed0,0
persistence,F_R,27,MSE,1008963.1705095624,1383540,fa85569c247e4428,True,location-k4-fold0-seed0,0
persistence,F_R,27,MAE,680.3721322767226,1383540,fa85569c247e4428,True,location-k4-fold0-seed0,0
persistence,F_R,27,SS_vs_persistence,0.0,1383540,fa85569c247e4428,True,location-k4-fold0-seed0,0
persistence,F_R,27,SS_vs_seasonal,0.0028904368827663562,1383540,fa85569c247e4428,True,location-k4-fold0-seed0,0
persistence,F_R,27,SS_vs_ar,-0.37592037085386343,1383540,fa85569c247e4428,True,location-k4-fold0-seed0,0
persistence,F_R,28,MSE,1007587.6784397075,1383540,fa85569c247e4428,True,location-k4-fold0-seed0,0
persistence,F_R,28,MAE,679.4017114608264,1383540,fa85569c247e4428,True,location-k4-fold0-seed0,0
persistence,F_R,28,SS_vs_persistence,0.0,1383540,fa85569c247e4428,True,location-k4-fold0-seed0,0
persistence,F_R,28,SS_vs_seasonal,0.003765063966105653,1383540,fa85569c247e4428,True,location-k4-fold0-seed0,0
persistence,F_R,28,SS_vs_ar,-0.3664006554638384,1383540,fa85569c247e4428,True,location-k4-fold0-seed0,0
persistence,F_R,29,MSE,1014791.37799198,1383540,fa85569c247e4428,True,location-k4-fold0-seed0,0
persistence,F_R,29,MAE,682.8992490857353,1383540,fa85569c247e4428,True,location-k4-fold0-seed0,0
persistence,F_R,29,SS_vs_persistence,0.0,1383540,fa85569c247e4428,True,location-k4-fold0-seed0,0
persistence,F_R,29,SS_vs_seasonal,-0.0015585655479846139,1383540,fa85569c247e4428,True,location-k4-fold0-seed0,0
persistence,F_R,29,SS_vs_ar,-0.3657726925590532,1383540,fa85569c247e4428,True,location-k4-fold0-seed0,0
persistence,F_R,30,MSE,997316.7347718142,1383540,fa85569c247e4428,True,location-k4-fold0-seed0,0
persistence,F_R,30,MAE,676.3735306353234,1383540,fa85569c247e4428,True,location-k4-fold0-seed0,0
persistence,F_R,30,SS_vs_persistence,0.0,1383540,fa85569c247e4428,True,location-k4-fold0-seed0,0
persistence,F_R,30,SS_vs_seasonal,0.002941528400360216,1383540,fa85569c247e4428,True,location-k4-fold0-seed0,0
persistence,F_R,30,SS_vs_ar,-0.3403111273464057,1383540,fa85569c247e4428,True,location-k4-fold0-seed0,0
persistence,F_R,all,MSE,865711.1600623721,1383540,fa85569c247e4428,True,location-k4-fold0-seed0,0
persistence,F_R,all,MAE,616.9461522515315,1383540,fa85569c247e4428,True,location-k4-fold0-seed0,0
persistence,F_R,all,SS_vs_persistence,0.0,1383540,fa85569c247e4428,True,location-k4-fold0-seed0,0
persistence,F_R,all,SS_vs_seasonal,0.06725725894237311,1383540,fa85569c247e4428,True,location-k4-fold0-seed0,0
persistence,F_R,all,SS_vs_ar,-0.4202427919614813,1383540,fa85569c247e4428,True,location-k4-fold0-seed0,0
persistence,CoPx_R,1,MSE,0.01879502405863217,1278654,fa85569c247e4428,True,location-k4-fold0-seed0,0
persistence,CoPx_R,1,MAE,0.041161766437586275,1278654,fa85569c247e4428,True,location-k4-fold0-seed0,0
persistence,CoPx_R,1,SS_vs_persistence,5.3205551076018764e-11,1278654,fa85569c247e4428,True,location-k4-fold0-seed0,0
persistence,CoPx_R,1,SS_vs_seasonal,0.04366191749111836,1278654,fa85569c247e4428,True,location-k4-fold0-seed0,0
persistence,CoPx_R,1,SS_vs_ar,-0.6856756460632534,1278654,fa85569c247e4428,True,location-k4-fold0-seed0,0
persistence,CoPx_R,2,MSE,0.021507847201151002,1278654,fa85569c247e4428,True,location-k4-fold0-seed0,0
persistence,CoPx_R,2,MAE,0.04546706942436355,1278654,fa85569c247e4428,True,location-k4-fold0-seed0,0
persistence,CoPx_R,2,SS_vs_persistence,4.649458595906708e-11,1278654,fa85569c247e4428,True,location-k4-fold0-seed0,0
persistence,CoPx_R,2,SS_vs_seasonal,-0.054089736566787616,1278654,fa85569c247e4428,True,location-k4-fold0-seed0,0
persistence,CoPx_R,2,SS_vs_ar,-0.9015419113989511,1278654,fa85569c247e4428,True,location-k4-fold0-seed0,0
persistence,CoPx_R,3,MSE,0.020989790781237038,1278654,fa85569c247e4428,True,location-k4-fold0-seed0,0
persistence,CoPx_R,3,MAE,0.04660802222967354,1278654,fa85569c247e4428,True,location-k4-fold0-seed0,0
persistence,CoPx_R,3,SS_vs_persistence,4.764211247731964e-11,1278654,fa85569c247e4428,True,location-k4-fold0-seed0,0
persistence,CoPx_R,3,SS_vs_seasonal,-0.026986453377661812,1278654,fa85569c247e4428,True,location-k4-fold0-seed0,0
persistence,CoPx_R,3,SS_vs_ar,-0.87248554009115,1278654,fa85569c247e4428,True,location-k4-fold0-seed0,0
persistence,CoPx_R,4,MSE,0.02062416509929407,1278654,fa85569c247e4428,True,location-k4-fold0-seed0,0
persistence,CoPx_R,4,MAE,0.04707729101368877,1278654,fa85569c247e4428,True,location-k4-fold0-seed0,0
persistence,CoPx_R,4,SS_vs_persistence,4.848677015445446e-11,1278654,fa85569c247e4428,True,location-k4-fold0-seed0,0
persistence,CoPx_R,4,SS_vs_seasonal,-0.02260713372981349,1278654,fa85569c247e4428,True,location-k4-fold0-seed0,0
persistence,CoPx_R,4,SS_vs_ar,-0.8581363694200472,1278654,fa85569c247e4428,True,location-k4-fold0-seed0,0
persistence,CoPx_R,5,MSE,0.021576044127331967,1278654,fa85569c247e4428,True,location-k4-fold0-seed0,0
persistence,CoPx_R,5,MAE,0.048470491750097086,1278654,fa85569c247e4428,True,location-k4-fold0-seed0,0
persistence,CoPx_R,5,SS_vs_persistence,4.634759243060671e-11,1278654,fa85569c247e4428,True,location-k4-fold0-seed0,0
persistence,CoPx_R,5,SS_vs_seasonal,-0.026140371524013384,1278654,fa85569c247e4428,True,location-k4-fold0-seed0,0
persistence,CoPx_R,5,SS_vs_ar,-0.9652538423023853,1278654,fa85569c247e4428,True,location-k4-fold0-seed0,0
persistence,CoPx_R,6,MSE,0.021808042064963108,1278654,fa85569c247e4428,True,location-k4-fold0-seed0,0
persistence,CoPx_R,6,MAE,0.04845096655001134,1278654,fa85569c247e4428,True,location-k4-fold0-seed0,0
persistence,CoPx_R,6,SS_vs_persistence,4.585454238537068e-11,1278654,fa85569c247e4428,True,location-k4-fold0-seed0,0
persistence,CoPx_R,6,SS_vs_seasonal,-0.035897692550450166,1278654,fa85569c247e4428,True,location-k4-fold0-seed0,0
persistence,CoPx_R,6,SS_vs_ar,-1.0024966227529344,1278654,fa85569c247e4428,True,location-k4-fold0-seed0,0
persistence,CoPx_R,7,MSE,0.020041148452814038,1278654,fa85569c247e4428,True,location-k4-fold0-seed0,0
persistence,CoPx_R,7,MAE,0.049098469339167554,1278654,fa85569c247e4428,True,location-k4-fold0-seed0,0
persistence,CoPx_R,7,SS_vs_persistence,4.989730850724072e-11,1278654,fa85569c247e4428,True,location-k4-fold0-seed0,0
persistence,CoPx_R,7,SS_vs_seasonal,0.010322939235826945,1278654,fa85569c247e4428,True,location-k4-fold0-seed0,0
persistence,CoPx_R,7,SS_vs_ar,-0.8586369977392891,1278654,fa85569c247e4428,True,location-k4-fold0-seed0,0
persistence,CoPx_R,8,MSE,0.02095836820336603,1278654,fa85569c247e4428,True,location-k4-fold0-seed0,0
persistence,CoPx_R,8,MAE,0.04980060422714067,1278654,fa85569c247e4428,True,location-k4-fold0-seed0,0
persistence,CoPx_R,8,SS_vs_persistence,4.77136108401055e-11,1278654,fa85569c247e4428,True,location-k4-fold0-seed0,0
persistence,CoPx_R,8,SS_vs_seasonal,-0.012282422441034502,1278654,fa85569c247e4428,True,location-k4-fold0-seed0,0
persistence,CoPx_R,8,SS_vs_ar,-0.9372353019713939,1278654,fa85569c247e4428,True,location-k4-fold0-seed0,0
persistence,CoPx_R,9,MSE,0.020644226303927742,1278654,fa85569c247e4428,True,location-k4-fold0-seed0,0
persistence,CoPx_R,9,MAE,0.05018636774095821,1278654,fa85569c247e4428,True,location-k4-fold0-seed0,0
persistence,CoPx_R,9,SS_vs_persistence,4.843958567590789e-11,1278654,fa85569c247e4428,True,location-k4-fold0-seed0,0
persistence,CoPx_R,9,SS_vs_seasonal,0.005115037881288642,1278654,fa85569c247e4428,True,location-k4-fold0-seed0,0
persistence,CoPx_R,9,SS_vs_ar,-0.9177041926725047,1278654,fa85569c247e4428,True,location-k4-fold0-seed0,0
persistence,CoPx_R,10,MSE,0.02103434296488134,1278654,fa85569c247e4428,True,location-k4-fold0-seed0,0
persistence,CoPx_R,10,MAE,0.05033946077562787,1278654,fa85569c247e4428,True,location-k4-fold0-seed0,0
persistence,CoPx_R,10,SS_vs_persistence,4.7541193204381216e-11,1278654,fa85569c247e4428,True,location-k4-fold0-seed0,0
persistence,CoPx_R,10,SS_vs_seasonal,-0.011593673362733092,1278654,fa85569c247e4428,True,location-k4-fold0-seed0,0
persistence,CoPx_R,10,SS_vs_ar,-0.9538531118371143,1278654,fa85569c247e4428,True,location-k4-fold0-seed0,0
persistence,CoPx_R,11,MSE,0.021500577280494156,1278654,fa85569c247e4428,True,location-k4-fold0-seed0,0
persistence,CoPx_R,11,MAE,0.05118262682560946,1278654,fa85569c247e4428,True,location-k4-fold0-seed0,0
persistence,CoPx_R,11,SS_vs_persistence,4.651035112601676e-11,1278654,fa85569c247e4428,True,location-k4-fold0-seed0,0
persistence,CoPx_R,11,SS_vs_seasonal,-0.09364362184450759,1278654,fa85569c247e4428,True,location-k4-fold0-seed0,0
persistence,CoPx_R,11,SS_vs_ar,-0.9910515130710842,1278654,fa85569c247e4428,True,location-k4-fold0-seed0,0
persistence,CoPx_R,12,MSE,0.02202427873631387,1278654,fa85569c247e4428,True,location-k4-fold0-seed0,0
persistence,CoPx_R,12,MAE,0.05196499561401091,1278654,fa85569c247e4428,True,location-k4-fold0-seed0,0
persistence,CoPx_R,12,SS_vs_persistence,4.540434694888518e-11,1278654,fa85569c247e4428,True,location-k4-fold0-seed0,0
persistence,CoPx_R,12,SS_vs_seasonal,-0.12193982738229181,1278654,fa85569c247e4428,True,location-k4-fold0-seed0,0
persistence,CoPx_R,12,SS_vs_ar,-1.0526991864726445,1278654,fa85569c247e4428,True,location-k4-fold0-seed0,0
persistence,CoPx_R,13,MSE,0.02180904013862211,1278654,fa85569c247e4428,True,location-k4-fold0-seed0,0
persistence,CoPx_R,13,MAE,0.052722363319226195,1278654,fa85569c247e4428,True,location-k4-fold0-seed0,0
persistence,CoPx_R,13,SS_vs_persistence,4.585243296162389e-11,1278654,fa85569c247e4428,True,location-k4-fold0-seed0,0
persistence,CoPx_R,13,SS_vs_seasonal,-0.07290557851652735,1278654,fa85569c247e4428,True,location-k4-fold0-seed0,0
persistence,CoPx_R,13,SS_vs_ar,-1.0162253703542055,1278654,fa85569c247e4428,True,location-k4-fold0-seed0,0
persistence,CoPx_R,14,MSE,0.022270076292877278,1278654,fa85569c247e4428,True,location-k4-fold0-seed0,0
persistence,CoPx_R,14,MAE,0.052921943452386044,1278654,fa85569c247e4428,True,location-k4-fold0-seed0,0
persistence,CoPx_R,14,SS_vs_persistence,4.490319227556938e-11,1278654,fa85569c247e4428,True,location-k4-fold0-seed0,0
persistence,CoPx_R,14,SS_vs_seasonal,-0.08597777161929909,1278654,fa85569c247e4428,True,location-k4-fold0-seed0,0
persistence,CoPx_R,14,SS_vs_ar,-1.0326164222175889,1278654,fa85569c247e4428,True,location-k4-fold0-seed0,0
persistence,CoPx_R,15,MSE,0.021478309430792573,1278654,fa85569c247e4428,True,location-k4-fold0-seed0,0
persistence,CoPx_R,15,MAE,0.05258806626369529,1278654,fa85569c247e4428,True,location-k4-fold0-seed0,0
persistence,CoPx_R,15,SS_vs_persistence,4.655853480528549e-11,1278654,fa85569c247e4428,True,location-k4-fold0-seed0,0
persistence,CoPx_R,15,SS_vs_seasonal,-0.03792748598844087,1278654,fa85569c247e4428,True,location-k4-fold0-seed0,0
persistence,CoPx_R,15,SS_vs_ar,-0.9709295689039492,1278654,fa85569c247e4428,True,location-k4-fold0-seed0,0
persistence,CoPx_R,16,MSE,0.02148354553867557,1278654,fa85569c247e4428,True,location-k4-fold0-seed0,0
persistence,CoPx_R,16,MAE,0.053112288821726035,1278654,fa85569c247e4428,True,location-k4-fold0-seed0,0
persistence,CoPx_R,16,SS_vs_persistence,4.654721053043431e-11,1278654,fa85569c247e4428,True,location-k4-fold0-seed0,0
persistence,CoPx_R,16,SS_vs_seasonal,-0.031124780351407866,1278654,fa85569c247e4428,True,location-k4-fold0-seed0,0
persistence,CoPx_R,16,SS_vs_ar,-0.941219196319671,1278654,fa85569c247e4428,True,location-k4-fold0-seed0,0
persistence,CoPx_R,17,MSE,0.022381664828464296,1278654,fa85569c247e4428,True,location-k4-fold0-seed0,0
persistence,CoPx_R,17,MAE,0.053572860754393666,1278654,fa85569c247e4428,True,location-k4-fold0-seed0,0
persistence,CoPx_R,17,SS_vs_persistence,4.467937131380495e-11,1278654,fa85569c247e4428,True,location-k4-fold0-seed0,0
persistence,CoPx_R,17,SS_vs_seasonal,-0.04464389616445108,1278654,fa85569c247e4428,True,location-k4-fold0-seed0,0
persistence,CoPx_R,17,SS_vs_ar,-0.9772653314682858,1278654,fa85569c247e4428,True,location-k4-fold0-seed0,0
persistence,CoPx_R,18,MSE,0.022547299440819738,1278654,fa85569c247e4428,True,location-k4-fold0-seed0,0
persistence,CoPx_R,18,MAE,0.054190247926362504,1278654,fa85569c247e4428,True,location-k4-fold0-seed0,0
persistence,CoPx_R,18,SS_vs_persistence,4.4351189387725753e-11,1278654,fa85569c247e4428,True,location-k4-fold0-seed0,0
persistence,CoPx_R,18,SS_vs_seasonal,-0.049228770743643624,1278654,fa85569c247e4428,True,location-k4-fold0-seed0,0
persistence,CoPx_R,18,SS_vs_ar,-0.9869468993229684,1278654,fa85569c247e4428,True,location-k4-fold0-seed0,0
persistence,CoPx_R,19,MSE,0.021567279231906156,1278654,fa85569c247e4428,True,location-k4-fold0-seed0,0
persistence,CoPx_R,19,MAE,0.05386461119911914,1278654,fa85569c247e4428,True,location-k4-fold0-seed0,0
persistence,CoPx_R,19,SS_vs_persistence,4.636646622202534e-11,1278654,fa85569c247e4428,True,location-k4-fold0-seed0,0
persistence,CoPx_R,19,SS_vs_seasonal,-0.003497308542244948,1278654,fa85569c247e4428,True,location-k4-fold0-seed0,0
persistence,CoPx_R,19,SS_vs_ar,-0.8990750157314593,1278654,fa85569c247e4428,True,location-k4-fold0-seed0,0
persistence,CoPx_R,20,MSE,0.022250492439814046,1278654,fa85569c247e4428,True,location-k4-fold0-seed0,0
persistence,CoPx_R,20,MAE,0.054084235857848044,1278654,fa85569c247e4428,True,location-k4-fold0-seed0,0
persistence,CoPx_R,20,SS_vs_persistence,4.494271621524604e-11,1278654,fa85569c247e4428,True,location-k4-fold0-seed0,0
persistence,CoPx_R,20,SS_vs_seasonal,-0.014837492682684417,1278654,fa85569c247e4428,True,location-k4-fold0-seed0,0
persistence,CoPx_R,20,SS_vs_ar,-0.9421062980289394,1278654,fa85569c247e4428,True,location-k4-fold0-seed0,0
persistence,CoPx_R,21,MSE,0.02252031006206532,1278654,fa85569c247e4428,True,location-k4-fold0-seed0,0
persistence,CoPx_R,21,MAE,0.05448123239823305,1278654,fa85569c247e4428,True,location-k4-fold0-seed0,0
persistence,CoPx_R,21,SS_vs_persistence,4.4404258048302836e-11,1278654,fa85569c247e4428,True,location-k4-fold0-seed0,0
persistence,CoPx_R,21,SS_vs_seasonal,0.05505846325291519,1278654,fa85569c247e4428,True,location-k4-fold0-seed0,0
persistence,CoPx_R,21,SS_vs_ar,-0.9588017827631639,1278654,fa85569c247e4428,True,location-k4-fold0-seed0,0
persistence,CoPx_R,22,MSE,0.02385903680856816,1278654,fa85569c247e4428,True,location-k4-fold0-seed0,0
persistence,CoPx_R,22,MAE,0.05526332824017647,1278654,fa85569c247e4428,True,location-k4-fold0-seed0,0
persistence,CoPx_R,22,SS_vs_persistence,4.191280655874152e-11,1278654,fa85569c247e4428,True,location-k4-fold0-seed0,0
persistence,CoPx_R,22,SS_vs_seasonal,0.003318650037446247,1278654,fa85569c247e4428,True,location-k4-fold0-seed0,0
persistence,CoPx_R,22,SS_vs_ar,-1.0825448638263806,1278654,fa85569c247e4428,True,location-k4-fold0-seed0,0
persistence,CoPx_R,23,MSE,0.023016227313248865,1278654,fa85569c247e4428,True,location-k4-fold0-seed0,0
persistence,CoPx_R,23,MAE,0.05532701937318816,1278654,fa85569c247e4428,True,location-k4-fold0-seed0,0
persistence,CoPx_R,23,SS_vs_persistence,4.344757886798334e-11,1278654,fa85569c247e4428,True,location-k4-fold0-seed0,0
persistence,CoPx_R,23,SS_vs_seasonal,0.030092128814733998,1278654,fa85569c247e4428,True,location-k4-fold0-seed0,0
persistence,CoPx_R,23,SS_vs_ar,-1.02249903100678,1278654,fa85569c247e4428,True,location-k4-fold0-seed0,0
persistence,CoPx_R,24,MSE,0.02368047942690239,1278654,fa85569c247e4428,True,location-k4-fold0-seed0,0
persistence,CoPx_R,24,MAE,0.056028199824720265,1278654,fa85569c247e4428,True,location-k4-fold0-seed0,0
persistence,CoPx_R,24,SS_vs_persistence,4.222877603154984e-11,1278654,fa85569c247e4428,True,location-k4-fold0-seed0,0
persistence,CoPx_R,24,SS_vs_seasonal,0.0021077115640039112,1278654,fa85569c247e4428,True,location-k4-fold0-seed0,0
persistence,CoPx_R,24,SS_vs_ar,-1.0767350635755961,1278654,fa85569c247e4428,True,location-k4-fold0-seed0,0
persistence,CoPx_R,25,MSE,0.02274848161288846,1278654,fa85569c247e4428,True,location-k4-fold0-seed0,0
persistence,CoPx_R,25,MAE,0.05557664597951169,1278654,fa85569c247e4428,True,location-k4-fold0-seed0,0
persistence,CoPx_R,25,SS_vs_persistence,4.3958947593125686e-11,1278654,fa85569c247e4428,True,location-k4-fold0-seed0,0
persistence,CoPx_R,25,SS_vs_seasonal,0.04676138349840342,1278654,fa85569c247e4428,True,location-k4-fold0-seed0,0
persistence,CoPx_R,25,SS_vs_ar,-0.9971296967304406,1278654,fa85569c247e4428,True,location-k4-fold0-seed0,0
persistence,CoPx_R,26,MSE,0.022970003914561325,1278654,fa85569c247e4428,True,location-k4-fold0-seed0,0
persistence,CoPx_R,26,MAE,0.055614760893073455,1278654,fa85569c247e4428,True,location-k4-fold0-seed0,0
persistence,CoPx_R,26,SS_vs_persistence,4.353495342002134e-11,1278654,fa85569c247e4428,True,location-k4-fold0-seed0,0
persistence,CoPx_R,26,SS_vs_seasonal,0.03404370508286947,1278654,fa85569c247e4428,True,location-k4-fold0-seed0,0
persistence,CoPx_R,26,SS_vs_ar,-1.0227274105961786,1278654,fa85569c247e4428,True,location-k4-fold0-seed0,0
persistence,CoPx_R,27,MSE,0.024132655271155372,1278654,fa85569c247e4428,True,location-k4-fold0-seed0,0
persistence,CoPx_R,27,MAE,0.05676110279649586,1278654,fa85569c247e4428,True,location-k4-fold0-seed0,0
persistence,CoPx_R,27,SS_vs_persistence,4.143752008189949e-11,1278654,fa85569c247e4428,True,location-k4-fold0-seed0,0
persistence,CoPx_R,27,SS_vs_seasonal,0.004528687583026381,1278654,fa85569c247e4428,True,location-k4-fold0-seed0,0
persistence,CoPx_R,27,SS_vs_ar,-1.106411105271217,1278654,fa85569c247e4428,True,location-k4-fold0-seed0,0
persistence,CoPx_R,28,MSE,0.022385093665566347,1278654,fa85569c247e4428,True,location-k4-fold0-seed0,0
persistence,CoPx_R,28,MAE,0.05590747298189766,1278654,fa85569c247e4428,True,location-k4-fold0-seed0,0
persistence,CoPx_R,28,SS_vs_persistence,4.4672487931052274e-11,1278654,fa85569c247e4428,True,location-k4-fold0-seed0,0
persistence,CoPx_R,28,SS_vs_seasonal,0.07688971178605664,1278654,fa85569c247e4428,True,location-k4-fold0-seed0,0
persistence,CoPx_R,28,SS_vs_ar,-0.9573252433670392,1278654,fa85569c247e4428,True,location-k4-fold0-seed0,0
persistence,CoPx_R,29,MSE,0.02336061860081132,1278654,fa85569c247e4428,True,location-k4-fold0-seed0,0
persistence,CoPx_R,29,MAE,0.05703799357965383,1278654,fa85569c247e4428,True,location-k4-fold0-seed0,0
persistence,CoPx_R,29,SS_vs_persistence,4.2806980182774623e-11,1278654,fa85569c247e4428,True,location-k4-fold0-seed0,0
persistence,CoPx_R,29,SS_vs_seasonal,0.026381937152961776,1278654,fa85569c247e4428,True,location-k4-fold0-seed0,0
persistence,CoPx_R,29,SS_vs_ar,-1.0275260903570014,1278654,fa85569c247e4428,True,location-k4-fold0-seed0,0
persistence,CoPx_R,30,MSE,0.02414119421620416,1278654,fa85569c247e4428,True,location-k4-fold0-seed0,0
persistence,CoPx_R,30,MAE,0.05707420814595719,1278654,fa85569c247e4428,True,location-k4-fold0-seed0,0
persistence,CoPx_R,30,SS_vs_persistence,4.142286513797444e-11,1278654,fa85569c247e4428,True,location-k4-fold0-seed0,0
persistence,CoPx_R,30,SS_vs_seasonal,-0.009538573944781081,1278654,fa85569c247e4428,True,location-k4-fold0-seed0,0
persistence,CoPx_R,30,SS_vs_ar,-1.0953379490925417,1278654,fa85569c247e4428,True,location-k4-fold0-seed0,0
persistence,CoPx_R,all,MSE,0.022003832605122117,1278654,fa85569c247e4428,True,location-k4-fold0-seed0,0
persistence,CoPx_R,all,MAE,0.05219899616237313,1278654,fa85569c247e4428,True,location-k4-fold0-seed0,0
persistence,CoPx_R,all,SS_vs_persistence,4.544653542382093e-11,1278654,fa85569c247e4428,True,location-k4-fold0-seed0,0
persistence,CoPx_R,all,SS_vs_seasonal,-0.011651714644095756,1278654,fa85569c247e4428,True,location-k4-fold0-seed0,0
persistence,CoPx_R,all,SS_vs_ar,-0.9708508364313813,1278654,fa85569c247e4428,True,location-k4-fold0-seed0,0
persistence,CoPy_R,1,MSE,0.012432868585063194,1278654,fa85569c247e4428,True,location-k4-fold0-seed0,0
persistence,CoPy_R,1,MAE,0.05657027800360237,1278654,fa85569c247e4428,True,location-k4-fold0-seed0,0
persistence,CoPy_R,1,SS_vs_persistence,8.043199439811133e-11,1278654,fa85569c247e4428,True,location-k4-fold0-seed0,0
persistence,CoPy_R,1,SS_vs_seasonal,0.12396466386309724,1278654,fa85569c247e4428,True,location-k4-fold0-seed0,0
persistence,CoPy_R,1,SS_vs_ar,-0.5454918018555448,1278654,fa85569c247e4428,True,location-k4-fold0-seed0,0
persistence,CoPy_R,2,MSE,0.013702037341004855,1278654,fa85569c247e4428,True,location-k4-fold0-seed0,0
persistence,CoPy_R,2,MAE,0.06146632141078768,1278654,fa85569c247e4428,True,location-k4-fold0-seed0,0
persistence,CoPy_R,2,SS_vs_persistence,7.298184279136422e-11,1278654,fa85569c247e4428,True,location-k4-fold0-seed0,0
persistence,CoPy_R,2,SS_vs_seasonal,0.05391890938903432,1278654,fa85569c247e4428,True,location-k4-fold0-seed0,0
persistence,CoPy_R,2,SS_vs_ar,-0.6536975754727412,1278654,fa85569c247e4428,True,location-k4-fold0-seed0,0
persistence,CoPy_R,3,MSE,0.013950034531859305,1278654,fa85569c247e4428,True,location-k4-fold0-seed0,0
persistence,CoPy_R,3,MAE,0.0627412865250342,1278654,fa85569c247e4428,True,location-k4-fold0-seed0,0
persistence,CoPy_R,3,SS_vs_persistence,7.168443616478726e-11,1278654,fa85569c247e4428,True,location-k4-fold0-seed0,0
persistence,CoPy_R,3,SS_vs_seasonal,0.024130211327969997,1278654,fa85569c247e4428,True,location-k4-fold0-seed0,0
persistence,CoPy_R,3,SS_vs_ar,-0.6776792663644067,1278654,fa85569c247e4428,True,location-k4-fold0-seed0,0
persistence,CoPy_R,4,MSE,0.01405062635046742,1278654,fa85569c247e4428,True,location-k4-fold0-seed0,0
persistence,CoPy_R,4,MAE,0.06294377415156911,1278654,fa85569c247e4428,True,location-k4-fold0-seed0,0
persistence,CoPy_R,4,SS_vs_persistence,7.117118006050305e-11,1278654,fa85569c247e4428,True,location-k4-fold0-seed0,0
persistence,CoPy_R,4,SS_vs_seasonal,0.017845771244384023,1278654,fa85569c247e4428,True,location-k4-fold0-seed0,0
persistence,CoPy_R,4,SS_vs_ar,-0.6879372644947566,1278654,fa85569c247e4428,True,location-k4-fold0-seed0,0
persistence,CoPy_R,5,MSE,0.013682888113115766,1278654,fa85569c247e4428,True,location-k4-fold0-seed0,0
persistence,CoPy_R,5,MAE,0.06303179789078149,1278654,fa85569c247e4428,True,location-k4-fold0-seed0,0
persistence,CoPy_R,5,SS_vs_persistence,7.308398330962973e-11,1278654,fa85569c247e4428,True,location-k4-fold0-seed0,0
persistence,CoPy_R,5,SS_vs_seasonal,0.04313650667162616,1278654,fa85569c247e4428,True,location-k4-fold0-seed0,0
persistence,CoPy_R,5,SS_vs_ar,-0.6461481603545647,1278654,fa85569c247e4428,True,location-k4-fold0-seed0,0
persistence,CoPy_R,6,MSE,0.013958628812335687,1278654,fa85569c247e4428,True,location-k4-fold0-seed0,0
persistence,CoPy_R,6,MAE,0.06270242422906118,1278654,fa85569c247e4428,True,location-k4-fold0-seed0,0
persistence,CoPy_R,6,SS_vs_persistence,7.164036031070964e-11,1278654,fa85569c247e4428,True,location-k4-fold0-seed0,0
persistence,CoPy_R,6,SS_vs_seasonal,0.02119553954573561,1278654,fa85569c247e4428,True,location-k4-fold0-seed0,0
persistence,CoPy_R,6,SS_vs_ar,-0.6705999799786773,1278654,fa85569c247e4428,True,location-k4-fold0-seed0,0
persistence,CoPy_R,7,MSE,0.013955264389681907,1278654,fa85569c247e4428,True,location-k4-fold0-seed0,0
persistence,CoPy_R,7,MAE,0.06374620672125278,1278654,fa85569c247e4428,True,location-k4-fold0-seed0,0
persistence,CoPy_R,7,SS_vs_persistence,7.165756876759133e-11,1278654,fa85569c247e4428,True,location-k4-fold0-seed0,0
persistence,CoPy_R,7,SS_vs_seasonal,0.014426389128034955,1278654,fa85569c247e4428,True,location-k4-fold0-seed0,0
persistence,CoPy_R,7,SS_vs_ar,-0.6638164158564144,1278654,fa85569c247e4428,True,location-k4-fold0-seed0,0
persistence,CoPy_R,8,MSE,0.014299098598670108,1278654,fa85569c247e4428,True,location-k4-fold0-seed0,0
persistence,CoPy_R,8,MAE,0.06377153576307695,1278654,fa85569c247e4428,True,location-k4-fold0-seed0,0
persistence,CoPy_R,8,SS_vs_persistence,6.993450263337309e-11,1278654,fa85569c247e4428,True,location-k4-fold0-seed0,0
persistence,CoPy_R,8,SS_vs_seasonal,-0.006120204624865844,1278654,fa85569c247e4428,True,location-k4-fold0-seed0,0
persistence,CoPy_R,8,SS_vs_ar,-0.7066143832294809,1278654,fa85569c247e4428,True,location-k4-fold0-seed0,0
persistence,CoPy_R,9,MSE,0.014217944753769439,1278654,fa85569c247e4428,True,location-k4-fold0-seed0,0
persistence,CoPy_R,9,MAE,0.06378483235300922,1278654,fa85569c247e4428,True,location-k4-fold0-seed0,0
persistence,CoPy_R,9,SS_vs_persistence,7.033373883302829e-11,1278654,fa85569c247e4428,True,location-k4-fold0-seed0,0
persistence,CoPy_R,9,SS_vs_seasonal,0.008603222825671275,1278654,fa85569c247e4428,True,location-k4-fold0-seed0,0
persistence,CoPy_R,9,SS_vs_ar,-0.6906138532602841,1278654,fa85569c247e4428,True,location-k4-fold0-seed0,0
persistence,CoPy_R,10,MSE,0.014138365229529043,1278654,fa85569c247e4428,True,location-k4-fold0-seed0,0
persistence,CoPy_R,10,MAE,0.06414858206639737,1278654,fa85569c247e4428,True,location-k4-fold0-seed0,0
persistence,CoPy_R,10,SS_vs_persistence,7.072953334130716e-11,1278654,fa85569c247e4428,True,location-k4-fold0-seed0,0
persistence,CoPy_R,10,SS_vs_seasonal,0.010457923456102747,1278654,fa85569c247e4428,True,location-k4-fold0-seed0,0
persistence,CoPy_R,10,SS_vs_ar,-0.6747649259540756,1278654,fa85569c247e4428,True,location-k4-fold0-seed0,0
persistence,CoPy_R,11,MSE,0.014955189519461327,1278654,fa85569c247e4428,True,location-k4-fold0-seed0,0
persistence,CoPy_R,11,MAE,0.06584014376119332,1278654,fa85569c247e4428,True,location-k4-fold0-seed0,0
persistence,CoPy_R,11,SS_vs_persistence,6.686640130482147e-11,1278654,fa85569c247e4428,True,location-k4-fold0-seed0,0
persistence,CoPy_R,11,SS_vs_seasonal,-0.0402083752894935,1278654,fa85569c247e4428,True,location-k4-fold0-seed0,0
persistence,CoPy_R,11,SS_vs_ar,-0.7591745029596924,1278654,fa85569c247e4428,True,location-k4-fold0-seed0,0
persistence,CoPy_R,12,MSE,0.013849682116046359,1278654,fa85569c247e4428,True,location-k4-fold0-seed0,0
persistence,CoPy_R,12,MAE,0.06473121303593218,1278654,fa85569c247e4428,True,location-k4-fold0-seed0,0
persistence,CoPy_R,12,SS_vs_persistence,7.220390951800937e-11,1278654,fa85569c247e4428,True,location-k4-fold0-seed0,0
persistence,CoPy_R,12,SS_vs_seasonal,0.017390470612341002,1278654,fa85569c247e4428,True,location-k4-fold0-seed0,0
persistence,CoPy_R,12,SS_vs_ar,-0.6341256640184076,1278654,fa85569c247e4428,True,location-k4-fold0-seed0,0
persistence,CoPy_R,13,MSE,0.014258043416041543,1278654,fa85569c247e4428,True,location-k4-fold0-seed0,0
persistence,CoPy_R,13,MAE,0.06535914501469699,1278654,fa85569c247e4428,True,location-k4-fold0-seed0,0
persistence,CoPy_R,13,SS_vs_persistence,7.013589709004009e-11,1278654,fa85569c247e4428,True,location-k4-fold0-seed0,0
persistence,CoPy_R,13,SS_vs_seasonal,-0.0012359141095419357,1278654,fa85569c247e4428,True,location-k4-fold0-seed0,0
persistence,CoPy_R,13,SS_vs_ar,-0.6697894535432427,1278654,fa85569c247e4428,True,location-k4-fold0-seed0,0
persistence,CoPy_R,14,MSE,0.014427003334750207,1278654,fa85569c247e4428,True,location-k4-fold0-seed0,0
persistence,CoPy_R,14,MAE,0.0653687558131112,1278654,fa85569c247e4428,True,location-k4-fold0-seed0,0
persistence,CoPy_R,14,SS_vs_persistence,6.931444307411994e-11,1278654,fa85569c247e4428,True,location-k4-fold0-seed0,0
persistence,CoPy_R,14,SS_vs_seasonal,-0.019031057900206205,1278654,fa85569c247e4428,True,location-k4-fold0-seed0,0
persistence,CoPy_R,14,SS_vs_ar,-0.686867815235938,1278654,fa85569c247e4428,True,location-k4-fold0-seed0,0
persistence,CoPy_R,15,MSE,0.014182528020990813,1278654,fa85569c247e4428,True,location-k4-fold0-seed0,0
persistence,CoPy_R,15,MAE,0.06480158225589526,1278654,fa85569c247e4428,True,location-k4-fold0-seed0,0
persistence,CoPy_R,15,SS_vs_persistence,7.050937611552399e-11,1278654,fa85569c247e4428,True,location-k4-fold0-seed0,0
persistence,CoPy_R,15,SS_vs_seasonal,-0.0022203772914577424,1278654,fa85569c247e4428,True,location-k4-fold0-seed0,0
persistence,CoPy_R,15,SS_vs_ar,-0.6521652461174172,1278654,fa85569c247e4428,True,location-k4-fold0-seed0,0
persistence,CoPy_R,16,MSE,0.014510940933562769,1278654,fa85569c247e4428,True,location-k4-fold0-seed0,0
persistence,CoPy_R,16,MAE,0.0655061095212705,1278654,fa85569c247e4428,True,location-k4-fold0-seed0,0
persistence,CoPy_R,16,SS_vs_persistence,6.891354153992779e-11,1278654,fa85569c247e4428,True,location-k4-fold0-seed0,0
persistence,CoPy_R,16,SS_vs_seasonal,-0.011858349203851759,1278654,fa85569c247e4428,True,location-k4-fold0-seed0,0
persistence,CoPy_R,16,SS_vs_ar,-0.6752024981726119,1278654,fa85569c247e4428,True,location-k4-fold0-seed0,0
persistence,CoPy_R,17,MSE,0.014226378610759793,1278654,fa85569c247e4428,True,location-k4-fold0-seed0,0
persistence,CoPy_R,17,MAE,0.06558621075878825,1278654,fa85569c247e4428,True,location-k4-fold0-seed0,0
persistence,CoPy_R,17,SS_vs_persistence,7.029199444730239e-11,1278654,fa85569c247e4428,True,location-k4-fold0-seed0,0
persistence,CoPy_R,17,SS_vs_seasonal,0.006478198447568473,1278654,fa85569c247e4428,True,location-k4-fold0-seed0,0
persistence,CoPy_R,17,SS_vs_ar,-0.6307787624416623,1278654,fa85569c247e4428,True,location-k4-fold0-seed0,0
persistence,CoPy_R,18,MSE,0.014633296473494043,1278654,fa85569c247e4428,True,location-k4-fold0-seed0,0
persistence,CoPy_R,18,MAE,0.0659410417779681,1278654,fa85569c247e4428,True,location-k4-fold0-seed0,0
persistence,CoPy_R,18,SS_vs_persistence,6.833733579014734e-11,1278654,fa85569c247e4428,True,location-k4-fold0-seed0,0
persistence,CoPy_R,18,SS_vs_seasonal,-0.021823735718119686,1278654,fa85569c247e4428,True,location-k4-fold0-seed0,0
persistence,CoPy_R,18,SS_vs_ar,-0.6702044016730875,1278654,fa85569c247e4428,True,location-k4-fold0-seed0,0
persistence,CoPy_R,19,MSE,0.014803189551663362,1278654,fa85569c247e4428,True,location-k4-fold0-seed0,0
persistence,CoPy_R,19,MAE,0.06616709451498472,1278654,fa85569c247e4428,True,location-k4-fold0-seed0,0
persistence,CoPy_R,19,SS_vs_persistence,6.755307424555212e-11,1278654,fa85569c247e4428,True,location-k4-fold0-seed0,0
persistence,CoPy_R,19,SS_vs_seasonal,-0.01599628054324853,1278654,fa85569c247e4428,True,location-k4-fold0-seed0,0
persistence,CoPy_R,19,SS_vs_ar,-0.6758351235487703,1278654,fa85569c247e4428,True,location-k4-fold0-seed0,0
persistence,CoPy_R,20,MSE,0.014562010179341011,1278654,fa85569c247e4428,True,location-k4-fold0-seed0,0
persistence,CoPy_R,20,MAE,0.06618530922342437,1278654,fa85569c247e4428,True,location-k4-fold0-seed0,0
persistence,CoPy_R,20,SS_vs_persistence,6.86718459874669e-11,1278654,fa85569c247e4428,True,location-k4-fold0-seed0,0
persistence,CoPy_R,20,SS_vs_seasonal,-0.0004550630698512137,1278654,fa85569c247e4428,True,location-k4-fold0-seed0,0
persistence,CoPy_R,20,SS_vs_ar,-0.6477595848714823,1278654,fa85569c247e4428,True,location-k4-fold0-seed0,0
persistence,CoPy_R,21,MSE,0.015256407397683488,1278654,fa85569c247e4428,True,location-k4-fold0-seed0,0
persistence,CoPy_R,21,MAE,0.06702505704590962,1278654,fa85569c247e4428,True,location-k4-fold0-seed0,0
persistence,CoPy_R,21,SS_vs_persistence,6.554623510623969e-11,1278654,fa85569c247e4428,True,location-k4-fold0-seed0,0
persistence,CoPy_R,21,SS_vs_seasonal,0.031047754899965918,1278654,fa85569c247e4428,True,location-k4-fold0-seed0,0
persistence,CoPy_R,21,SS_vs_ar,-0.7236535251690159,1278654,fa85569c247e4428,True,location-k4-fold0-seed0,0
persistence,CoPy_R,22,MSE,0.015311002293433656,1278654,fa85569c247e4428,True,location-k4-fold0-seed0,0
persistence,CoPy_R,22,MAE,0.06702890397084214,1278654,fa85569c247e4428,True,location-k4-fold0-seed0,0
persistence,CoPy_R,22,SS_vs_persistence,6.53125331595561e-11,1278654,fa85569c247e4428,True,location-k4-fold0-seed0,0
persistence,CoPy_R,22,SS_vs_seasonal,0.012148282735454319,1278654,fa85569c247e4428,True,location-k4-fold0-seed0,0
persistence,CoPy_R,22,SS_vs_ar,-0.7333072474482298,1278654,fa85569c247e4428,True,location-k4-fold0-seed0,0
persistence,CoPy_R,23,MSE,0.015508666136705582,1278654,fa85569c247e4428,True,location-k4-fold0-seed0,0
persistence,CoPy_R,23,MAE,0.06688688192580278,1278654,fa85569c247e4428,True,location-k4-fold0-seed0,0
persistence,CoPy_R,23,SS_vs_persistence,6.448008793569215e-11,1278654,fa85569c247e4428,True,location-k4-fold0-seed0,0
persistence,CoPy_R,23,SS_vs_seasonal,0.005843119837289468,1278654,fa85569c247e4428,True,location-k4-fold0-seed0,0
persistence,CoPy_R,23,SS_vs_ar,-0.763111614823528,1278654,fa85569c247e4428,True,location-k4-fold0-seed0,0
persistence,CoPy_R,24,MSE,0.01520377055593498,1278654,fa85569c247e4428,True,location-k4-fold0-seed0,0
persistence,CoPy_R,24,MAE,0.06589248495223768,1278654,fa85569c247e4428,True,location-k4-fold0-seed0,0
persistence,CoPy_R,24,SS_vs_persistence,6.577316469247307e-11,1278654,fa85569c247e4428,True,location-k4-fold0-seed0,0
persistence,CoPy_R,24,SS_vs_seasonal,0.03436717902017783,1278654,fa85569c247e4428,True,location-k4-fold0-seed0,0
persistence,CoPy_R,24,SS_vs_ar,-0.7334931978391821,1278654,fa85569c247e4428,True,location-k4-fold0-seed0,0
persistence,CoPy_R,25,MSE,0.014994972616554317,1278654,fa85569c247e4428,True,location-k4-fold0-seed0,0
persistence,CoPy_R,25,MAE,0.06602436206748838,1278654,fa85569c247e4428,True,location-k4-fold0-seed0,0
persistence,CoPy_R,25,SS_vs_persistence,6.668909868778883e-11,1278654,fa85569c247e4428,True,location-k4-fold0-seed0,0
persistence,CoPy_R,25,SS_vs_seasonal,0.02984336923455111,1278654,fa85569c247e4428,True,location-k4-fold0-seed0,0
persistence,CoPy_R,25,SS_vs_ar,-0.7054310668010533,1278654,fa85569c247e4428,True,location-k4-fold0-seed0,0
persistence,CoPy_R,26,MSE,0.014741774831273983,1278654,fa85569c247e4428,True,location-k4-fold0-seed0,0
persistence,CoPy_R,26,MAE,0.0669342382109464,1278654,fa85569c247e4428,True,location-k4-fold0-seed0,0
persistence,CoPy_R,26,SS_vs_persistence,6.78345157822946e-11,1278654,fa85569c247e4428,True,location-k4-fold0-seed0,0
persistence,CoPy_R,26,SS_vs_seasonal,0.033431763234378464,1278654,fa85569c247e4428,True,location-k4-fold0-seed0,0
persistence,CoPy_R,26,SS_vs_ar,-0.6799239631965073,1278654,fa85569c247e4428,True,location-k4-fold0-seed0,0
persistence,CoPy_R,27,MSE,0.015322646442458081,1278654,fa85569c247e4428,True,location-k4-fold0-seed0,0
persistence,CoPy_R,27,MAE,0.06786738310344237,1278654,fa85569c247e4428,True,location-k4-fold0-seed0,0
persistence,CoPy_R,27,SS_vs_persistence,6.526290619035535e-11,1278654,fa85569c247e4428,True,location-k4-fold0-seed0,0
persistence,CoPy_R,27,SS_vs_seasonal,0.0019053822531406306,1278654,fa85569c247e4428,True,location-k4-fold0-seed0,0
persistence,CoPy_R,27,SS_vs_ar,-0.7447399259976935,1278654,fa85569c247e4428,True,location-k4-fold0-seed0,0
persistence,CoPy_R,28,MSE,0.01564706447277486,1278654,fa85569c247e4428,True,location-k4-fold0-seed0,0
persistence,CoPy_R,28,MAE,0.06807084261917458,1278654,fa85569c247e4428,True,location-k4-fold0-seed0,0
persistence,CoPy_R,28,SS_vs_persistence,6.390965534563975e-11,1278654,fa85569c247e4428,True,location-k4-fold0-seed0,0
persistence,CoPy_R,28,SS_vs_seasonal,-0.005992736186631209,1278654,fa85569c247e4428,True,location-k4-fold0-seed0,0
persistence,CoPy_R,28,SS_vs_ar,-0.7882169038457922,1278654,fa85569c247e4428,True,location-k4-fold0-seed0,0
persistence,CoPy_R,29,MSE,0.01588494409714898,1278654,fa85569c247e4428,True,location-k4-fold0-seed0,0
persistence,CoPy_R,29,MAE,0.06852662733102555,1278654,fa85569c247e4428,True,location-k4-fold0-seed0,0
persistence,CoPy_R,29,SS_vs_persistence,6.295264309841286e-11,1278654,fa85569c247e4428,True,location-k4-fold0-seed0,0
persistence,CoPy_R,29,SS_vs_seasonal,-0.019745530313340698,1278654,fa85569c247e4428,True,location-k4-fold0-seed0,0
persistence,CoPy_R,29,SS_vs_ar,-0.8196034094664899,1278654,fa85569c247e4428,True,location-k4-fold0-seed0,0
persistence,CoPy_R,30,MSE,0.015625767091857277,1278654,fa85569c247e4428,True,location-k4-fold0-seed0,0
persistence,CoPy_R,30,MAE,0.0675349240699002,1278654,fa85569c247e4428,True,location-k4-fold0-seed0,0
persistence,CoPy_R,30,SS_vs_persistence,6.399680785307282e-11,1278654,fa85569c247e4428,True,location-k4-fold0-seed0,0
persistence,CoPy_R,30,SS_vs_seasonal,-0.011118116041172188,1278654,fa85569c247e4428,True,location-k4-fold0-seed0,0
persistence,CoPy_R,30,SS_vs_ar,-0.780762516156819,1278654,fa85569c247e4428,True,location-k4-fold0-seed0,0
persistence,CoPy_R,all,MSE,0.014543283413046677,1278654,fa85569c247e4428,True,location-k4-fold0-seed0,0
persistence,CoPy_R,all,MAE,0.06507346517486966,1278654,fa85569c247e4428,True,location-k4-fold0-seed0,0
persistence,CoPy_R,all,SS_vs_persistence,6.876033076252952e-11,1278654,fa85569c247e4428,True,location-k4-fold0-seed0,0
persistence,CoPy_R,all,SS_vs_seasonal,0.011116373996630013,1278654,fa85569c247e4428,True,location-k4-fold0-seed0,0
persistence,CoPy_R,all,SS_vs_ar,-0.6938139360194406,1278654,fa85569c247e4428,True,location-k4-fold0-seed0,0
seasonal,F_R,1,MSE,819596.2174747728,1383540,fa85569c247e4428,True,location-k4-fold0-seed0,0
seasonal,F_R,1,MAE,592.2721109786055,1383540,fa85569c247e4428,True,location-k4-fold0-seed0,0
seasonal,F_R,1,SS_vs_persistence,-0.36517481967433585,1383540,fa85569c247e4428,True,location-k4-fold0-seed0,0
seasonal,F_R,1,SS_vs_seasonal,0.0,1383540,fa85569c247e4428,True,location-k4-fold0-seed0,0
seasonal,F_R,1,SS_vs_ar,-1.034506172905004,1383540,fa85569c247e4428,True,location-k4-fold0-seed0,0
seasonal,F_R,2,MSE,824595.2981856909,1383540,fa85569c247e4428,True,location-k4-fold0-seed0,0
seasonal,F_R,2,MAE,595.2548420659284,1383540,fa85569c247e4428,True,location-k4-fold0-seed0,0
seasonal,F_R,2,SS_vs_persistence,-0.2605546370661218,1383540,fa85569c247e4428,True,location-k4-fold0-seed0,0
seasonal,F_R,2,SS_vs_seasonal,0.0,1383540,fa85569c247e4428,True,location-k4-fold0-seed0,0
seasonal,F_R,2,SS_vs_ar,-0.8998041387192344,1383540,fa85569c247e4428,True,location-k4-fold0-seed0,0
seasonal,F_R,3,MSE,832635.3846098178,1383540,fa85569c247e4428,True,location-k4-fold0-seed0,0
seasonal,F_R,3,MAE,598.305086442658,1383540,fa85569c247e4428,True,location-k4-fold0-seed0,0
seasonal,F_R,3,SS_vs_persistence,-0.18486242039716183,1383540,fa85569c247e4428,True,location-k4-fold0-seed0,0
seasonal,F_R,3,SS_vs_seasonal,0.0,1383540,fa85569c247e4428,True,location-k4-fold0-seed0,0
seasonal,F_R,3,SS_vs_ar,-0.80394663535302,1383540,fa85569c247e4428,True,location-k4-fold0-seed0,0
seasonal,F_R,4,MSE,835730.8095426231,1383540,fa85569c247e4428,True,location-k4-fold0-seed0,0
seasonal,F_R,4,MAE,599.3021150980484,1383540,fa85569c247e4428,True,location-k4-fold0-seed0,0
seasonal,F_R,4,SS_vs_persistence,-0.1490318870593692,1383540,fa85569c247e4428,True,location-k4-fold0-seed0,0
seasonal,F_R,4,SS_vs_seasonal,0.0,1383540,fa85569c247e4428,True,location-k4-fold0-seed0,0
seasonal,F_R,4,SS_vs_ar,-0.7406039697679436,1383540,fa85569c247e4428,True,location-k4-fold0-seed0,0
seasonal,F_R,5,MSE,839500.173703597,1383540,fa85569c247e4428,True,location-k4-fold0-seed0,0
seasonal,F_R,5,MAE,601.0842121947622,1383540,fa85569c247e4428,True,location-k4-fold0-seed0,0
seasonal,F_R,5,SS_vs_persistence,-0.10120383248057552,1383540,fa85569c247e4428,True,location-k4-fold0-seed0,0
seasonal,F_R,5,SS_vs_seasonal,0.0,1383540,fa85569c247e4428,True,location-k4-fold0-seed0,0
seasonal,F_R,5,SS_vs_ar,-0.6942220746859242,1383540,fa85569c247e4428,True,location-k4-fold0-seed0,0
seasonal,F_R,6,MSE,838453.2108240848,1383540,fa85569c247e4428,True,location-k4-fold0-seed0,0
seasonal,F_R,6,MAE,601.0265757218575,1383540,fa85569c247e4428,True,location-k4-fold0-seed0,0
seasonal,F_R,6,SS_vs_persistence,-0.12390009589909567,1383540,fa85569c247e4428,True,location-k4-fold0-seed0,0
seasonal,F_R,6,SS_vs_seasonal,0.0,1383540,fa85569c247e4428,True,location-k4-fold0-seed0,0
seasonal,F_R,6,SS_vs_ar,-0.6589807615382972,1383540,fa85569c247e4428,True,location-k4-fold0-seed0,0
seasonal,F_R,7,MSE,839106.8923630246,1383540,fa85569c247e4428,True,location-k4-fold0-seed0,0
seasonal,F_R,7,MAE,601.5828431639524,1383540,fa85569c247e4428,True,location-k4-fold0-seed0,0
seasonal,F_R,7,SS_vs_persistence,-0.059968093405261325,1383540,fa85569c247e4428,True,location-k4-fold0-seed0,0
seasonal,F_R,7,SS_vs_seasonal,0.0,1383540,fa85569c247e4428,True,location-k4-fold0-seed0,0
seasonal,F_R,7,SS_vs_ar,-0.6009965481137549,1383540,fa85569c247e4428,True,location-k4-fold0-seed0,0
seasonal,F_R,8,MSE,832413.8639746075,1383540,fa85569c247e4428,True,location-k4-fold0-seed0,0
seasonal,F_R,8,MAE,600.2540086749276,1383540,fa85569c247e4428,True,location-k4-fold0-seed0,0
seasonal,F_R,8,SS_vs_persistence,-0.06694068426068367,1383540,fa85569c247e4428,True,location-k4-fold0-seed0,0
seasonal,F_R,8,SS_vs_seasonal,0.0,1383540,fa85569c247e4428,True,location-k4-fold0-seed0,0
seasonal,F_R,8,SS_vs_ar,-0.5652106031430686,1383540,fa85569c247e4428,True,location-k4-fold0-seed0,0
seasonal,F_R,9,MSE,835809.1019793585,1383540,fa85569c247e4428,True,location-k4-fold0-seed0,0
seasonal,F_R,9,MAE,600.5963044188278,1383540,fa85569c247e4428,True,location-k4-fold0-seed0,0
seasonal,F_R,9,SS_vs_persistence,-0.05197771569559695,1383540,fa85569c247e4428,True,location-k4-fold0-seed0,0
seasonal,F_R,9,SS_vs_seasonal,0.0,1383540,fa85569c247e4428,True,location-k4-fold0-seed0,0
seasonal,F_R,9,SS_vs_ar,-0.5330627603654206,1383540,fa85569c247e4428,True,location-k4-fold0-seed0,0
seasonal,F_R,10,MSE,823884.3423515938,1383540,fa85569c247e4428,True,location-k4-fold0-seed0,0
seasonal,F_R,10,MAE,597.3485197522778,1383540,fa85569c247e4428,True,location-k4-fold0-seed0,0
seasonal,F_R,10,SS_vs_persistence,-0.019188979868372646,1383540,fa85569c247e4428,True,location-k4-fold0-seed0,0
seasonal,F_R,10,SS_vs_seasonal,0.0,1383540,fa85569c247e4428,True,location-k4-fold0-seed0,0
seasonal,F_R,10,SS_vs_ar,-0.475087923329264,1383540,fa85569c247e4428,True,location-k4-fold0-seed0,0
seasonal,F_R,11,MSE,940518.2049240342,1383540,fa85569c247e4428,True,location-k4-fold0-seed0,0
seasonal,F_R,11,MAE,652.2174538545738,1383540,fa85569c247e4428,True,location-k4-fold0-seed0,0
seasonal,F_R,11,SS_vs_persistence,-0.13566347064662,1383540,fa85569c247e4428,True,location-k4-fold0-seed0,0
seasonal,F_R,11,SS_vs_seasonal,0.0,1383540,fa85569c247e4428,True,location-k4-fold0-seed0,0
seasonal,F_R,11,SS_vs_ar,-0.6494641194625339,1383540,fa85569c247e4428,True,location-k4-fold0-seed0,0
seasonal,F_R,12,MSE,939366.2237651958,1383540,fa85569c247e4428,True,location-k4-fold0-seed0,0
seasonal,F_R,12,MAE,651.9316349288442,1383540,fa85569c247e4428,True,location-k4-fold0-seed0,0
seasonal,F_R,12,SS_vs_persistence,-0.10710661510386088,1383540,fa85569c247e4428,True,location-k4-fold0-seed0,0
seasonal,F_R,12,SS_vs_seasonal,0.0,1383540,fa85569c247e4428,True,location-k4-fold0-seed0,0
seasonal,F_R,12,SS_vs_ar,-0.6166538037483553,1383540,fa85569c247e4428,True,location-k4-fold0-seed0,0
seasonal,F_R,13,MSE,939381.0015824292,1383540,fa85569c247e4428,True,location-k4-fold0-seed0,0
seasonal,F_R,13,MAE,651.5443655257471,1383540,fa85569c247e4428,True,location-k4-fold0-seed0,0
seasonal,F_R,13,SS_vs_persistence,-0.09483444235924865,1383540,fa85569c247e4428,True,location-k4-fold0-seed0,0
seasonal,F_R,13,SS_vs_seasonal,0.0,1383540,fa85569c247e4428,True,location-k4-fold0-seed0,0
seasonal,F_R,13,SS_vs_ar,-0.6004229786351505,1383540,fa85569c247e4428,True,location-k4-fold0-seed0,0
seasonal,F_R,14,MSE,937601.0403098977,1383540,fa85569c247e4428,True,location-k4-fold0-seed0,0
seasonal,F_R,14,MAE,651.1478835117931,1383540,fa85569c247e4428,True,location-k4-fold0-seed0,0
seasonal,F_R,14,SS_vs_persistence,-0.08708074576512637,1383540,fa85569c247e4428,True,location-k4-fold0-seed0,0
seasonal,F_R,14,SS_vs_seasonal,0.0,1383540,fa85569c247e4428,True,location-k4-fold0-seed0,0
seasonal,F_R,14,SS_vs_ar,-0.5831868002035812,1383540,fa85569c247e4428,True,location-k4-fold0-seed0,0
seasonal,F_R,15,MSE,937879.6457418271,1383540,fa85569c247e4428,True,location-k4-fold0-seed0,0
seasonal,F_R,15,MAE,651.0176316985098,1383540,fa85569c247e4428,True,location-k4-fold0-seed0,0
seasonal,F_R,15,SS_vs_persistence,-0.1063295992358484,1383540,fa85569c247e4428,True,location-k4-fold0-seed0,0
seasonal,F_R,15,SS_vs_seasonal,0.0,1383540,fa85569c247e4428,True,location-k4-fold0-seed0,0
seasonal,F_R,15,SS_vs_ar,-0.5704478076485495,1383540,fa85569c247e4428,True,location-k4-fold0-seed0,0
seasonal,F_R,16,MSE,956446.594744454,1383540,fa85569c247e4428,True,location-k4-fold0-seed0,0
seasonal,F_R,16,MAE,655.3544566447584,1383540,fa85569c247e4428,True,location-k4-fold0-seed0,0
seasonal,F_R,16,SS_vs_persistence,-0.06606229045113454,1383540,fa85569c247e4428,True,location-k4-fold0-seed0,0
seasonal,F_R,16,SS_vs_seasonal,0.0,1383540,fa85569c247e4428,True,location-k4-fold0-seed0,0
seasonal,F_R,16,SS_vs_ar,-0.5193666684836182,1383540,fa85569c247e4428,True,location-k4-fold0-seed0,0
seasonal,F_R,17,MSE,956333.718882373,1383540,fa85569c247e4428,True,location-k4-fold0-seed0,0
seasonal,F_R,17,MAE,655.498990689898,1383540,fa85569c247e4428,True,location-k4-fold0-seed0,0
seasonal,F_R,17,SS_vs_persistence,-0.0562569118977021,1383540,fa85569c247e4428,True,location-k4-fold0-seed0,0
seasonal,F_R,17,SS_vs_seasonal,0.0,1383540,fa85569c247e4428,True,location-k4-fold0-seed0,0
seasonal,F_R,17,SS_vs_ar,-0.49452481406503956,1383540,fa85569c247e4428,True,location-k4-fold0-seed0,0
seasonal,F_R,18,MSE,954579.6583548207,1383540,fa85569c247e4428,True,location-k4-fold0-seed0,0
seasonal,F_R,18,MAE,654.8844957934419,1383540,fa85569c247e4428,True,location-k4-fold0-seed0,0
seasonal,F_R,18,SS_vs_persistence,-0.03226690290962031,1383540,fa85569c247e4428,True,location-k4-fold0-seed0,0
seasonal,F_R,18,SS_vs_seasonal,0.0,1383540,fa85569c247e4428,True,location-k4-fold0-seed0,0
seasonal,F_R,18,SS_vs_ar,-0.46511428070731164,1383540,fa85569c247e4428,True,location-k4-fold0-seed0,0
seasonal,F_R,19,MSE,954963.9510985762,1383540,fa85569c247e4428,True,location-k4-fold0-seed0,0
seasonal,F_R,19,MAE,653.9247883507558,1383540,fa85569c247e4428,True,location-k4-fold0-seed0,0
seasonal,F_R,19,SS_vs_persistence,-0.02758940065251947,1383540,fa85569c247e4428,True,location-k4-fold0-seed0,0
seasonal,F_R,19,SS_vs_seasonal,0.0,1383540,fa85569c247e4428,True,location-k4-fold0-seed0,0
seasonal,F_R,19,SS_vs_ar,-0.4461358869491492,1383540,fa85569c247e4428,True,location-k4-fold0-seed0,0
seasonal,F_R,20,MSE,943470.3767444259,1383540,fa85569c247e4428,True,location-k4-fold0-seed0,0
seasonal,F_R,20,MAE,650.8290348126595,1383540,fa85569c247e4428,True,location-k4-fold0-seed0,0
seasonal,F_R,20,SS_vs_persistence,-0.0029778822205588362,1383540,fa85569c247e4428,True,location-k4-fold0-seed0,0
seasonal,F_R,20,SS_vs_seasonal,0.0,1383540,fa85569c247e4428,True,location-k4-fold0-seed0,0
seasonal,F_R,20,SS_vs_ar,-0.4084021408962115,1383540,fa85569c247e4428,True,location-k4-fold0-seed0,0
seasonal,F_R,21,MSE,999274.390620022,1383540,fa85569c247e4428,True,location-k4-fold0-seed0,0
seasonal,F_R,21,MAE,674.2876152476307,1383540,fa85569c247e4428,True,location-k4-fold0-seed0,0
seasonal,F_R,21,SS_vs_persistence,-0.08551911333683981,1383540,fa85569c247e4428,True,location-k4-fold0-seed0,0
seasonal,F_R,21,SS_vs_seasonal,0.0,1383540,fa85569c247e4428,True,location-k4-fold0-seed0,0
seasonal,F_R,21,SS_vs_ar,-0.47873894280675655,1383540,fa85569c247e4428,True,location-k4-fold0-seed0,0
seasonal,F_R,22,MSE,1001871.566245267,1383540,fa85569c247e4428,True,location-k4-fold0-seed0,0
seasonal,F_R,22,MAE,675.3032156842823,1383540,fa85569c247e4428,True,location-k4-fold0-seed0,0
seasonal,F_R,22,SS_vs_persistence,-0.0710023283548924,1383540,fa85569c247e4428,True,location-k4-fold0-seed0,0
seasonal,F_R,22,SS_vs_seasonal,0.0,1383540,fa85569c247e4428,True,location-k4-fold0-seed0,0
seasonal,F_R,22,SS_vs_ar,-0.45654079848909634,1383540,fa85569c247e4428,True,location-k4-fold0-seed0,0
seasonal,F_R,23,MSE,1002726.6013603472,1383540,fa85569c247e4428,True,location-k4-fold0-seed0,0
seasonal,F_R,23,MAE,675.2196867423478,1383540,fa85569c247e4428,True,location-k4-fold0-seed0,0
seasonal,F_R,23,SS_vs_persistence,-0.051795621018236426,1383540,fa85569c247e4428,True,location-k4-fold0-seed0,0
seasonal,F_R,23,SS_vs_seasonal,0.0,1383540,fa85569c247e4428,True,location-k4-fold0-seed0,0
seasonal,F_R,23,SS_vs_ar,-0.4362552989416366,1383540,fa85569c247e4428,True,location-k4-fold0-seed0,0
seasonal,F_R,24,MSE,1004267.5488932948,1383540,fa85569c247e4428,True,location-k4-fold0-seed0,0
seasonal,F_R,24,MAE,675.788840905776,1383540,fa85569c247e4428,True,location-k4-fold0-seed0,0
seasonal,F_R,24,SS_vs_persistence,-0.048996788923786116,1383540,fa85569c247e4428,True,location-k4-fold0-seed0,0
seasonal,F_R,24,SS_vs_seasonal,0.0,1383540,fa85569c247e4428,True,location-k4-fold0-seed0,0
seasonal,F_R,24,SS_vs_ar,-0.4189716227735618,1383540,fa85569c247e4428,True,location-k4-fold0-seed0,0
seasonal,F_R,25,MSE,1006200.1517008762,1383540,fa85569c247e4428,True,location-k4-fold0-seed0,0
seasonal,F_R,25,MAE,676.3215944367997,1383540,fa85569c247e4428,True,location-k4-fold0-seed0,0
seasonal,F_R,25,SS_vs_persistence,-0.03157335642782866,1383540,fa85569c247e4428,True,location-k4-fold0-seed0,0
seasonal,F_R,25,SS_vs_seasonal,0.0,1383540,fa85569c247e4428,True,location-k4-fold0-seed0,0
seasonal,F_R,25,SS_vs_ar,-0.40442748705865306,1383540,fa85569c247e4428,True,location-k4-fold0-seed0,0
seasonal,F_R,26,MSE,1010688.3989551994,1383540,fa85569c247e4428,True,location-k4-fold0-seed0,0
seasonal,F_R,26,MAE,677.5815172936983,1383540,fa85569c247e4428,True,location-k4-fold0-seed0,0
seasonal,F_R,26,SS_vs_persistence,-0.020173523764538626,1383540,fa85569c247e4428,True,location-k4-fold0-seed0,0
seasonal,F_R,26,SS_vs_seasonal,0.0,1383540,fa85569c247e4428,True,location-k4-fold0-seed0,0
seasonal,F_R,26,SS_vs_ar,-0.39442664444530484,1383540,fa85569c247e4428,True,location-k4-fold0-seed0,0
seasonal,F_R,27,MSE,1011887.9688158552,1383540,fa85569c247e4428,True,location-k4-fold0-seed0,0
seasonal,F_R,27,MAE,677.982636566076,1383540,fa85569c247e4428,True,location-k4-fold0-seed0,0
seasonal,F_R,27,SS_vs_persistence,-0.0028988157266589543,1383540,fa85569c247e4428,True,location-k4-fold0-seed0,0
seasonal,F_R,27,SS_vs_seasonal,0.0,1383540,fa85569c247e4428,True,location-k4-fold0-seed0,0
seasonal,F_R,27,SS_vs_ar,-0.37990891046352515,1383540,fa85569c247e4428,True,location-k4-fold0-seed0,0
seasonal,F_R,28,MSE,1011395.6477485215,1383540,fa85569c247e4428,True,location-k4-fold0-seed0,0
seasonal,F_R,28,MAE,677.841125162711,1383540,fa85569c247e4428,True,location-k4-fold0-seed0,0
seasonal,F_R,28,SS_vs_persistence,-0.0037792932469269402,1383540,fa85569c247e4428,True,location-k4-fold0-seed0,0
seasonal,F_R,28,SS_vs_seasonal,0.0,1383540,fa85569c247e4428,True,location-k4-fold0-seed0,0
seasonal,F_R,28,SS_vs_ar,-0.37156468423362954,1383540,fa85569c247e4428,True,location-k4-fold0-seed0,0
seasonal,F_R,29,MSE,1013212.2203325728,1383540,fa85569c247e4428,True,location-k4-fold0-seed0,0
seasonal,F_R,29,MAE,678.1905626789736,1383540,fa85569c247e4428,True,location-k4-fold0-seed0,0
seasonal,F_R,29,SS_vs_persistence,0.0015561402014786507,1383540,fa85569c247e4428,True,location-k4-fold0-seed0,0
seasonal,F_R,29,SS_vs_seasonal,0.0,1383540,fa85569c247e4428,True,location-k4-fold0-seed0,0
seasonal,F_R,29,SS_vs_ar,-0.36364735876608045,1383540,fa85569c247e4428,True,location-k4-fold0-seed0,0
seasonal,F_R,30,MSE,1000259.025101868,1383540,fa85569c247e4428,True,location-k4-fold0-seed0,0
seasonal,F_R,30,MAE,675.5831939010392,1383540,fa85569c247e4428,True,location-k4-fold0-seed0,0
seasonal,F_R,30,SS_vs_persistence,-0.0029502065166158165,1383540,fa85569c247e4428,True,location-k4-fold0-seed0,0
seasonal,F_R,30,SS_vs_seasonal,0.0,1383540,fa85569c247e4428,True,location-k4-fold0-seed0,0
seasonal,F_R,30,SS_vs_ar,-0.3442653219685956,1383540,fa85569c247e4428,True,location-k4-fold0-seed0,0
seasonal,F_R,all,MSE,928134.9743668352,1383540,fa85569c247e4428,True,location-k4-fold0-seed0,0
seasonal,F_R,all,MAE,642.6492447647388,1383540,fa85569c247e4428,True,location-k4-fold0-seed0,0
seasonal,F_R,all,SS_vs_persistence,-0.07210697653472042,1383540,fa85569c247e4428,True,location-k4-fold0-seed0,0
seasonal,F_R,all,SS_vs_seasonal,0.0,1383540,fa85569c247e4428,True,location-k4-fold0-seed0,0
seasonal,F_R,all,SS_vs_ar,-0.5226522056350538,1383540,fa85569c247e4428,True,location-k4-fold0-seed0,0
seasonal,CoPx_R,1,MSE,0.01965311682283789,1278654,fa85569c247e4428,True,location-k4-fold0-seed0,0
seasonal,CoPx_R,1,MAE,0.04980289605691014,1278654,fa85569c247e4428,True,location-k4-fold0-seed0,0
seasonal,CoPx_R,1,SS_vs_persistence,-0.045655316028497595,1278654,fa85569c247e4428,True,location-k4-fold0-seed0,0
seasonal,CoPx_R,1,SS_vs_seasonal,5.0882409396990624e-11,1278654,fa85569c247e4428,True,location-k4-fold0-seed0,0
seasonal,CoPx_R,1,SS_vs_ar,-0.762635700499595,1278654,fa85569c247e4428,True,location-k4-fold0-seed0,0
seasonal,CoPx_R,2,MSE,0.020404189941312618,1278654,fa85569c247e4428,True,location-k4-fold0-seed0,0
seasonal,CoPx_R,2,MAE,0.05046016690410344,1278654,fa85569c247e4428,True,location-k4-fold0-seed0,0
seasonal,CoPx_R,2,SS_vs_persistence,0.05131416689291002,1278654,fa85569c247e4428,True,location-k4-fold0-seed0,0
seasonal,CoPx_R,2,SS_vs_seasonal,4.9009463154447985e-11,1278654,fa85569c247e4428,True,location-k4-fold0-seed0,0
seasonal,CoPx_R,2,SS_vs_ar,-0.803965872487437,1278654,fa85569c247e4428,True,location-k4-fold0-seed0,0
seasonal,CoPx_R,3,MSE,0.0204382352962657,1278654,fa85569c247e4428,True,location-k4-fold0-seed0,0
seasonal,CoPx_R,3,MAE,0.05067889287056515,1278654,fa85569c247e4428,True,location-k4-fold0-seed0,0
seasonal,CoPx_R,3,SS_vs_persistence,0.02627732175577957,1278654,fa85569c247e4428,True,location-k4-fold0-seed0,0
seasonal,CoPx_R,3,SS_vs_seasonal,4.8927861762138036e-11,1278654,fa85569c247e4428,True,location-k4-fold0-seed0,0
seasonal,CoPx_R,3,SS_vs_ar,-0.8232816351579952,1278654,fa85569c247e4428,True,location-k4-fold0-seed0,0
seasonal,CoPx_R,4,MSE,0.02016821946376197,1278654,fa85569c247e4428,True,location-k4-fold0-seed0,0
seasonal,CoPx_R,4,MAE,0.050550329731001355,1278654,fa85569c247e4428,True,location-k4-fold0-seed0,0
seasonal,CoPx_R,4,SS_vs_persistence,0.022107350009799687,1278654,fa85569c247e4428,True,location-k4-fold0-seed0,0
seasonal,CoPx_R,4,SS_vs_seasonal,4.958289334666688e-11,1278654,fa85569c247e4428,True,location-k4-fold0-seed0,0
seasonal,CoPx_R,4,SS_vs_ar,-0.8170578984234429,1278654,fa85569c247e4428,True,location-k4-fold0-seed0,0
seasonal,CoPx_R,5,MSE,0.021026406060080556,1278654,fa85569c247e4428,True,location-k4-fold0-seed0,0
seasonal,CoPx_R,5,MAE,0.05095245824714862,1278654,fa85569c247e4428,True,location-k4-fold0-seed0,0
seasonal,CoPx_R,5,SS_vs_persistence,0.02547445977502749,1278654,fa85569c247e4428,True,location-k4-fold0-seed0,0
seasonal,CoPx_R,5,SS_vs_seasonal,4.7559178817380143e-11,1278654,fa85569c247e4428,True,location-k4-fold0-seed0,0
seasonal,CoPx_R,5,SS_vs_ar,-0.9151900624376996,1278654,fa85569c247e4428,True,location-k4-fold0-seed0,0
seasonal,CoPx_R,6,MSE,0.021052312618087154,1278654,fa85569c247e4428,True,location-k4-fold0-seed0,0
seasonal,CoPx_R,6,MAE,0.0510373479482148,1278654,fa85569c247e4428,True,location-k4-fold0-seed0,0
seasonal,CoPx_R,6,SS_vs_persistence,0.03465370460998218,1278654,fa85569c247e4428,True,location-k4-fold0-seed0,0
seasonal,CoPx_R,6,SS_vs_seasonal,4.75006700639824e-11,1278654,fa85569c247e4428,True,location-k4-fold0-seed0,0
seasonal,CoPx_R,6,SS_vs_ar,-0.9331026963942086,1278654,fa85569c247e4428,True,location-k4-fold0-seed0,0
seasonal,CoPx_R,7,MSE,0.020250189932006418,1278654,fa85569c247e4428,True,location-k4-fold0-seed0,0
seasonal,CoPx_R,7,MAE,0.05062834770735935,1278654,fa85569c247e4428,True,location-k4-fold0-seed0,0
seasonal,CoPx_R,7,SS_vs_persistence,-0.0104306137282566,1278654,fa85569c247e4428,True,location-k4-fold0-seed0,0
seasonal,CoPx_R,7,SS_vs_seasonal,4.938216502381465e-11,1278654,fa85569c247e4428,True,location-k4-fold0-seed0,0
seasonal,CoPx_R,7,SS_vs_ar,-0.8780237224174625,1278654,fa85569c247e4428,True,location-k4-fold0-seed0,0
seasonal,CoPx_R,8,MSE,0.020704072043268712,1278654,fa85569c247e4428,True,location-k4-fold0-seed0,0
seasonal,CoPx_R,8,MAE,0.05081277240593665,1278654,fa85569c247e4428,True,location-k4-fold0-seed0,0
seasonal,CoPx_R,8,SS_vs_persistence,0.012133395053358309,1278654,fa85569c247e4428,True,location-k4-fold0-seed0,0
seasonal,CoPx_R,8,SS_vs_seasonal,4.829958655250266e-11,1278654,fa85569c247e4428,True,location-k4-fold0-seed0,0
seasonal,CoPx_R,8,SS_vs_ar,-0.913730060832574,1278654,fa85569c247e4428,True,location-k4-fold0-seed0,0
seasonal,CoPx_R,9,MSE,0.020750365207017327,1278654,fa85569c247e4428,True,location-k4-fold0-seed0,0
seasonal,CoPx_R,9,MAE,0.05085370277559786,1278654,fa85569c247e4428,True,location-k4-fold0-seed0,0
seasonal,CoPx_R,9,SS_vs_persistence,-0.005141335912610678,1278654,fa85569c247e4428,True,location-k4-fold0-seed0,0
seasonal,CoPx_R,9,SS_vs_seasonal,4.819189491911402e-11,1278654,fa85569c247e4428,True,location-k4-fold0-seed0,0
seasonal,CoPx_R,9,SS_vs_ar,-0.9275637542014263,1278654,fa85569c247e4428,True,location-k4-fold0-seed0,0
seasonal,CoPx_R,10,MSE,0.02079327255373941,1278654,fa85569c247e4428,True,location-k4-fold0-seed0,0
seasonal,CoPx_R,10,MAE,0.050780580636028014,1278654,fa85569c247e4428,True,location-k4-fold0-seed0,0
seasonal,CoPx_R,10,SS_vs_persistence,0.011460800678821048,1278654,fa85569c247e4428,True,location-k4-fold0-seed0,0
seasonal,CoPx_R,10,SS_vs_seasonal,4.8092418936107606e-11,1278654,fa85569c247e4428,True,location-k4-fold0-seed0,0
seasonal,CoPx_R,10,SS_vs_ar,-0.9314603908584789,1278654,fa85569c247e4428,True,location-k4-fold0-seed0,0
seasonal,CoPx_R,11,MSE,0.01965958274701796,1278654,fa85569c247e4428,True,location-k4-fold0-seed0,0
seasonal,CoPx_R,11,MAE,0.053455954481235114,1278654,fa85569c247e4428,True,location-k4-fold0-seed0,0
seasonal,CoPx_R,11,SS_vs_persistence,0.08562535369972435,1278654,fa85569c247e4428,True,location-k4-fold0-seed0,0
seasonal,CoPx_R,11,SS_vs_seasonal,5.086575605162125e-11,1278654,fa85569c247e4428,True,location-k4-fold0-seed0,0
seasonal,CoPx_R,11,SS_vs_ar,-0.8205670231146764,1278654,fa85569c247e4428,True,location-k4-fold0-seed0,0
seasonal,CoPx_R,12,MSE,0.01963053472001163,1278654,fa85569c247e4428,True,location-k4-fold0-seed0,0
seasonal,CoPx_R,12,MAE,0.053362993403798235,1278654,fa85569c247e4428,True,location-k4-fold0-seed0,0
seasonal,CoPx_R,12,SS_vs_persistence,0.10868660199285984,1278654,fa85569c247e4428,True,location-k4-fold0-seed0,0
seasonal,CoPx_R,12,SS_vs_seasonal,5.094102917269083e-11,1278654,fa85569c247e4428,True,location-k4-fold0-seed0,0
seasonal,CoPx_R,12,SS_vs_ar,-0.8295982870644967,1278654,fa85569c247e4428,True,location-k4-fold0-seed0,0
seasonal,CoPx_R,13,MSE,0.020327082433203372,1278654,fa85569c247e4428,True,location-k4-fold0-seed0,0
seasonal,CoPx_R,13,MAE,0.053588872899685364,1278654,fa85569c247e4428,True,location-k4-fold0-seed0,0
seasonal,CoPx_R,13,SS_vs_persistence,0.0679515328015905,1278654,fa85569c247e4428,True,location-k4-fold0-seed0,0
seasonal,CoPx_R,13,SS_vs_seasonal,4.91954255110727e-11,1278654,fa85569c247e4428,True,location-k4-fold0-seed0,0
seasonal,CoPx_R,13,SS_vs_ar,-0.8792197660513499,1278654,fa85569c247e4428,True,location-k4-fold0-seed0,0
seasonal,CoPx_R,14,MSE,0.02050693566092466,1278654,fa85569c247e4428,True,location-k4-fold0-seed0,0
seasonal,CoPx_R,14,MAE,0.05370542982857954,1278654,fa85569c247e4428,True,location-k4-fold0-seed0,0
seasonal,CoPx_R,14,SS_vs_persistence,0.07917083936696523,1278654,fa85569c247e4428,True,location-k4-fold0-seed0,0
seasonal,CoPx_R,14,SS_vs_seasonal,4.87638818214009e-11,1278654,fa85569c247e4428,True,location-k4-fold0-seed0,0
seasonal,CoPx_R,14,SS_vs_ar,-0.8716924740435898,1278654,fa85569c247e4428,True,location-k4-fold0-seed0,0
seasonal,CoPx_R,15,MSE,0.020693458569796316,1278654,fa85569c247e4428,True,location-k4-fold0-seed0,0
seasonal,CoPx_R,15,MAE,0.05374557176203959,1278654,fa85569c247e4428,True,location-k4-fold0-seed0,0
seasonal,CoPx_R,15,SS_vs_persistence,0.0365415567034576,1278654,fa85569c247e4428,True,location-k4-fold0-seed0,0
seasonal,CoPx_R,15,SS_vs_seasonal,4.83243445259518e-11,1278654,fa85569c247e4428,True,location-k4-fold0-seed0,0
seasonal,CoPx_R,15,SS_vs_ar,-0.8989087343917348,1278654,fa85569c247e4428,True,location-k4-fold0-seed0,0
seasonal,CoPx_R,16,MSE,0.02083505890559903,1278654,fa85569c247e4428,True,location-k4-fold0-seed0,0
seasonal,CoPx_R,16,MAE,0.053777737162272285,1278654,fa85569c247e4428,True,location-k4-fold0-seed0,0
seasonal,CoPx_R,16,SS_vs_persistence,0.0301852705308312,1278654,fa85569c247e4428,True,location-k4-fold0-seed0,0
seasonal,CoPx_R,16,SS_vs_seasonal,4.799594055526768e-11,1278654,fa85569c247e4428,True,location-k4-fold0-seed0,0
seasonal,CoPx_R,16,SS_vs_ar,-0.88262296980675,1278654,fa85569c247e4428,True,location-k4-fold0-seed0,0
seasonal,CoPx_R,17,MSE,0.021425162114665976,1278654,fa85569c247e4428,True,location-k4-fold0-seed0,0
seasonal,CoPx_R,17,MAE,0.05396396155323074,1278654,fa85569c247e4428,True,location-k4-fold0-seed0,0
seasonal,CoPx_R,17,SS_vs_persistence,0.042735994935422905,1278654,fa85569c247e4428,True,location-k4-fold0-seed0,0
seasonal,CoPx_R,17,SS_vs_seasonal,4.6673997999846506e-11,1278654,fa85569c247e4428,True,location-k4-fold0-seed0,0
seasonal,CoPx_R,17,SS_vs_ar,-0.8927649303612373,1278654,fa85569c247e4428,True,location-k4-fold0-seed0,0
seasonal,CoPx_R,18,MSE,0.021489402567363886,1278654,fa85569c247e4428,True,location-k4-fold0-seed0,0
seasonal,CoPx_R,18,MAE,0.053917214348924034,1278654,fa85569c247e4428,True,location-k4-fold0-seed0,0
seasonal,CoPx_R,18,SS_vs_persistence,0.04691900585192521,1278654,fa85569c247e4428,True,location-k4-fold0-seed0,0
seasonal,CoPx_R,18,SS_vs_seasonal,4.6534553987953586e-11,1278654,fa85569c247e4428,True,location-k4-fold0-seed0,0
seasonal,CoPx_R,18,SS_vs_ar,-0.8937213262101582,1278654,fa85569c247e4428,True,location-k4-fold0-seed0,0
seasonal,CoPx_R,19,MSE,0.021492114674660064,1278654,fa85569c247e4428,True,location-k4-fold0-seed0,0
seasonal,CoPx_R,19,MAE,0.05388006990699809,1278654,fa85569c247e4428,True,location-k4-fold0-seed0,0
seasonal,CoPx_R,19,SS_vs_persistence,0.0034851200948615713,1278654,fa85569c247e4428,True,location-k4-fold0-seed0,0
seasonal,CoPx_R,19,SS_vs_seasonal,4.652866980592307e-11,1278654,fa85569c247e4428,True,location-k4-fold0-seed0,0
seasonal,CoPx_R,19,SS_vs_ar,-0.8924565113202305,1278654,fa85569c247e4428,True,location-k4-fold0-seed0,0
seasonal,CoPx_R,20,MSE,0.021925177774010773,1278654,fa85569c247e4428,True,location-k4-fold0-seed0,0
seasonal,CoPx_R,20,MAE,0.05402338720497747,1278654,fa85569c247e4428,True,location-k4-fold0-seed0,0
seasonal,CoPx_R,20,SS_vs_persistence,0.014620560316523479,1278654,fa85569c247e4428,True,location-k4-fold0-seed0,0
seasonal,CoPx_R,20,SS_vs_seasonal,4.560962718613837e-11,1278654,fa85569c247e4428,True,location-k4-fold0-seed0,0
seasonal,CoPx_R,20,SS_vs_ar,-0.9137116158435148,1278654,fa85569c247e4428,True,location-k4-fold0-seed0,0
seasonal,CoPx_R,21,MSE,0.023832490355589035,1278654,fa85569c247e4428,True,location-k4-fold0-seed0,0
seasonal,CoPx_R,21,MAE,0.0569261036698785,1278654,fa85569c247e4428,True,location-k4-fold0-seed0,0
seasonal,CoPx_R,21,SS_vs_persistence,-0.058266528695613884,1278654,fa85569c247e4428,True,location-k4-fold0-seed0,0
seasonal,CoPx_R,21,SS_vs_seasonal,4.195943592577578e-11,1278654,fa85569c247e4428,True,location-k4-fold0-seed0,0
seasonal,CoPx_R,21,SS_vs_ar,-1.0729343631396007,1278654,fa85569c247e4428,True,location-k4-fold0-seed0,0
seasonal,CoPx_R,22,MSE,0.02393848024593606,1278654,fa85569c247e4428,True,location-k4-fold0-seed0,0
seasonal,CoPx_R,22,MAE,0.05686188168856003,1278654,fa85569c247e4428,True,location-k4-fold0-seed0,0
seasonal,CoPx_R,22,SS_vs_persistence,-0.0033297000629983753,1278654,fa85569c247e4428,True,location-k4-fold0-seed0,0
seasonal,CoPx_R,22,SS_vs_seasonal,4.177369561375599e-11,1278654,fa85569c247e4428,True,location-k4-fold0-seed0,0
seasonal,CoPx_R,22,SS_vs_ar,-1.0894791136782365,1278654,fa85569c247e4428,True,location-k4-fold0-seed0,0
seasonal,CoPx_R,23,MSE,0.02373032325652973,1278654,fa85569c247e4428,True,location-k4-fold0-seed0,0
seasonal,CoPx_R,23,MAE,0.05669858766248512,1278654,fa85569c247e4428,True,location-k4-fold0-seed0,0
seasonal,CoPx_R,23,SS_vs_persistence,-0.031025759892403526,1278654,fa85569c247e4428,True,location-k4-fold0-seed0,0
seasonal,CoPx_R,23,SS_vs_seasonal,4.214006921188229e-11,1278654,fa85569c247e4428,True,location-k4-fold0-seed0,0
seasonal,CoPx_R,23,SS_vs_ar,-1.0852486004160142,1278654,fa85569c247e4428,True,location-k4-fold0-seed0,0
seasonal,CoPx_R,24,MSE,0.023730496467729085,1278654,fa85569c247e4428,True,location-k4-fold0-seed0,0
seasonal,CoPx_R,24,MAE,0.05665791354697952,1278654,fa85569c247e4428,True,location-k4-fold0-seed0,0
seasonal,CoPx_R,24,SS_vs_persistence,-0.002112163310670212,1278654,fa85569c247e4428,True,location-k4-fold0-seed0,0
seasonal,CoPx_R,24,SS_vs_seasonal,4.2139847167277367e-11,1278654,fa85569c247e4428,True,location-k4-fold0-seed0,0
seasonal,CoPx_R,24,SS_vs_ar,-1.081121467270746,1278654,fa85569c247e4428,True,location-k4-fold0-seed0,0
seasonal,CoPx_R,25,MSE,0.023864414657709287,1278654,fa85569c247e4428,True,location-k4-fold0-seed0,0
seasonal,CoPx_R,25,MAE,0.05669402290127366,1278654,fa85569c247e4428,True,location-k4-fold0-seed0,0
seasonal,CoPx_R,25,SS_vs_persistence,-0.049055275985520064,1278654,fa85569c247e4428,True,location-k4-fold0-seed0,0
seasonal,CoPx_R,25,SS_vs_seasonal,4.190336966303221e-11,1278654,fa85569c247e4428,True,location-k4-fold0-seed0,0
seasonal,CoPx_R,25,SS_vs_ar,-1.0950994452745286,1278654,fa85569c247e4428,True,location-k4-fold0-seed0,0
seasonal,CoPx_R,26,MSE,0.023779547826815465,1278654,fa85569c247e4428,True,location-k4-fold0-seed0,0
seasonal,CoPx_R,26,MAE,0.056613183591904585,1278654,fa85569c247e4428,True,location-k4-fold0-seed0,0
seasonal,CoPx_R,26,SS_vs_persistence,-0.03524352517439944,1278654,fa85569c247e4428,True,location-k4-fold0-seed0,0
seasonal,CoPx_R,26,SS_vs_seasonal,4.205291670444922e-11,1278654,fa85569c247e4428,True,location-k4-fold0-seed0,0
seasonal,CoPx_R,26,SS_vs_ar,-1.0940154551036358,1278654,fa85569c247e4428,True,location-k4-fold0-seed0,0
seasonal,CoPx_R,27,MSE,0.024242441714936575,1278654,fa85569c247e4428,True,location-k4-fold0-seed0,0
seasonal,CoPx_R,27,MAE,0.05683428098487857,1278654,fa85569c247e4428,True,location-k4-fold0-seed0,0
seasonal,CoPx_R,27,SS_vs_persistence,-0.004549289812624924,1278654,fa85569c247e4428,True,location-k4-fold0-seed0,0
seasonal,CoPx_R,27,SS_vs_seasonal,4.124989239073784e-11,1278654,fa85569c247e4428,True,location-k4-fold0-seed0,0
seasonal,CoPx_R,27,SS_vs_ar,-1.1159937799413089,1278654,fa85569c247e4428,True,location-k4-fold0-seed0,0
seasonal,CoPx_R,28,MSE,0.024249641619696897,1278654,fa85569c247e4428,True,location-k4-fold0-seed0,0
seasonal,CoPx_R,28,MAE,0.056792431695228594,1278654,fa85569c247e4428,True,location-k4-fold0-seed0,0
seasonal,CoPx_R,28,SS_vs_persistence,-0.08329417696006258,1278654,fa85569c247e4428,True,location-k4-fold0-seed0,0
seasonal,CoPx_R,28,SS_vs_seasonal,4.1237679937466964e-11,1278654,fa85569c247e4428,True,location-k4-fold0-seed0,0
seasonal,CoPx_R,28,SS_vs_ar,-1.1203590386511726,1278654,fa85569c247e4428,True,location-k4-fold0-seed0,0
seasonal,CoPx_R,29,MSE,0.02399361668735578,1278654,fa85569c247e4428,True,location-k4-fold0-seed0,0
seasonal,CoPx_R,29,MAE,0.05674079686354381,1278654,fa85569c247e4428,True,location-k4-fold0-seed0,0
seasonal,CoPx_R,29,SS_vs_persistence,-0.02709680322829211,1278654,fa85569c247e4428,True,location-k4-fold0-seed0,0
seasonal,CoPx_R,29,SS_vs_seasonal,4.1677661322125914e-11,1278654,fa85569c247e4428,True,location-k4-fold0-seed0,0
seasonal,CoPx_R,29,SS_vs_ar,-1.0824655659567775,1278654,fa85569c247e4428,True,location-k4-fold0-seed0,0
seasonal,CoPx_R,30,MSE,0.023913097367704028,1278654,fa85569c247e4428,True,location-k4-fold0-seed0,0
seasonal,CoPx_R,30,MAE,0.05664265487381873,1278654,fa85569c247e4428,True,location-k4-fold0-seed0,0
seasonal,CoPx_R,30,SS_vs_persistence,0.00944844929575095,1278654,fa85569c247e4428,True,location-k4-fold0-seed0,0
seasonal,CoPx_R,30,SS_vs_seasonal,4.1817993512438534e-11,1278654,fa85569c247e4428,True,location-k4-fold0-seed0,0
seasonal,CoPx_R,30,SS_vs_ar,-1.0755402548090527,1278654,fa85569c247e4428,True,location-k4-fold0-seed0,0
seasonal,CoPx_R,all,MSE,0.021750403113636324,1278654,fa85569c247e4428,True,location-k4-fold0-seed0,0
seasonal,CoPx_R,all,MAE,0.05371544462122818,1278654,fa85569c247e4428,True,location-k4-fold0-seed0,0
seasonal,CoPx_R,all,SS_vs_persistence,0.011517515926533606,1278654,fa85569c247e4428,True,location-k4-fold0-seed0,0
seasonal,CoPx_R,all,SS_vs_seasonal,4.597611180656713e-11,1278654,fa85569c247e4428,True,location-k4-fold0-seed0,0
seasonal,CoPx_R,all,SS_vs_ar,-0.9481515306224977,1278654,fa85569c247e4428,True,location-k4-fold0-seed0,0
seasonal,CoPy_R,1,MSE,0.014192199870627373,1278654,fa85569c247e4428,True,location-k4-fold0-seed0,0
seasonal,CoPy_R,1,MAE,0.06381147817063622,1278654,fa85569c247e4428,True,location-k4-fold0-seed0,0
seasonal,CoPy_R,1,SS_vs_persistence,-0.14150646509175901,1278654,fa85569c247e4428,True,location-k4-fold0-seed0,0
seasonal,CoPy_R,1,SS_vs_seasonal,7.046130345855772e-11,1278654,fa85569c247e4428,True,location-k4-fold0-seed0,0
seasonal,CoPy_R,1,SS_vs_ar,-0.7641888837063135,1278654,fa85569c247e4428,True,location-k4-fold0-seed0,0
seasonal,CoPy_R,2,MSE,0.014482941764759501,1278654,fa85569c247e4428,True,location-k4-fold0-seed0,0
seasonal,CoPy_R,2,MAE,0.06428878179079923,1278654,fa85569c247e4428,True,location-k4-fold0-seed0,0
seasonal,CoPy_R,2,SS_vs_persistence,-0.0569918475087432,1278654,fa85569c247e4428,True,location-k4-fold0-seed0,0
seasonal,CoPy_R,2,SS_vs_seasonal,6.904676830288281e-11,1278654,fa85569c247e4428,True,location-k4-fold0-seed0,0
seasonal,CoPy_R,2,SS_vs_ar,-0.7479448556472306,1278654,fa85569c247e4428,True,location-k4-fold0-seed0,0
seasonal,CoPy_R,3,MSE,0.014294975305943975,1278654,fa85569c247e4428,True,location-k4-fold0-seed0,0
seasonal,CoPy_R,3,MAE,0.06429943018662514,1278654,fa85569c247e4428,True,location-k4-fold0-seed0,0
seasonal,CoPy_R,3,SS_vs_persistence,-0.024726875927952863,1278654,fa85569c247e4428,True,location-k4-fold0-seed0,0
seasonal,CoPy_R,3,SS_vs_seasonal,6.995470869242126e-11,1278654,fa85569c247e4428,True,location-k4-fold0-seed0,0
seasonal,CoPy_R,3,SS_vs_ar,-0.7191630335539356,1278654,fa85569c247e4428,True,location-k4-fold0-seed0,0
seasonal,CoPy_R,4,MSE,0.01430592664380963,1278654,fa85569c247e4428,True,location-k4-fold0-seed0,0
seasonal,CoPy_R,4,MAE,0.06429362517469074,1278654,fa85569c247e4428,True,location-k4-fold0-seed0,0
seasonal,CoPy_R,4,SS_vs_persistence,-0.018170029289516165,1278654,fa85569c247e4428,True,location-k4-fold0-seed0,0
seasonal,CoPy_R,4,SS_vs_seasonal,6.990108492033187e-11,1278654,fa85569c247e4428,True,location-k4-fold0-seed0,0
seasonal,CoPy_R,4,SS_vs_ar,-0.7186071341518072,1278654,fa85569c247e4428,True,location-k4-fold0-seed0,0
seasonal,CoPy_R,5,MSE,0.014299728443567285,1278654,fa85569c247e4428,True,location-k4-fold0-seed0,0
seasonal,CoPy_R,5,MAE,0.06427190428484988,1278654,fa85569c247e4428,True,location-k4-fold0-seed0,0
seasonal,CoPy_R,5,SS_vs_persistence,-0.045081149849874436,1278654,fa85569c247e4428,True,location-k4-fold0-seed0,0
seasonal,CoPy_R,5,SS_vs_seasonal,6.993139400890414e-11,1278654,fa85569c247e4428,True,location-k4-fold0-seed0,0
seasonal,CoPy_R,5,SS_vs_ar,-0.7203584123723346,1278654,fa85569c247e4428,True,location-k4-fold0-seed0,0
seasonal,CoPy_R,6,MSE,0.01426089620073724,1278654,fa85569c247e4428,True,location-k4-fold0-seed0,0
seasonal,CoPy_R,6,MAE,0.06434344155025157,1278654,fa85569c247e4428,True,location-k4-fold0-seed0,0
seasonal,CoPy_R,6,SS_vs_persistence,-0.02165451860950518,1278654,fa85569c247e4428,True,location-k4-fold0-seed0,0
seasonal,CoPy_R,6,SS_vs_seasonal,7.012179725762735e-11,1278654,fa85569c247e4428,True,location-k4-fold0-seed0,0
seasonal,CoPy_R,6,SS_vs_ar,-0.7067760184564384,1278654,fa85569c247e4428,True,location-k4-fold0-seed0,0
seasonal,CoPy_R,7,MSE,0.01415953535560851,1278654,fa85569c247e4428,True,location-k4-fold0-seed0,0
seasonal,CoPy_R,7,MAE,0.06432080844965293,1278654,fa85569c247e4428,True,location-k4-fold0-seed0,0
seasonal,CoPy_R,7,SS_vs_persistence,-0.01463755606543704,1278654,fa85569c247e4428,True,location-k4-fold0-seed0,0
seasonal,CoPy_R,7,SS_vs_seasonal,7.062384010936285e-11,1278654,fa85569c247e4428,True,location-k4-fold0-seed0,0
seasonal,CoPy_R,7,SS_vs_ar,-0.6881706220470774,1278654,fa85569c247e4428,True,location-k4-fold0-seed0,0
seasonal,CoPy_R,8,MSE,0.01421211753022636,1278654,fa85569c247e4428,True,location-k4-fold0-seed0,0
seasonal,CoPy_R,8,MAE,0.06426396510924265,1278654,fa85569c247e4428,True,location-k4-fold0-seed0,0
seasonal,CoPy_R,8,SS_vs_persistence,0.006082975709095106,1278654,fa85569c247e4428,True,location-k4-fold0-seed0,0
seasonal,CoPy_R,8,SS_vs_seasonal,7.036249360936608e-11,1278654,fa85569c247e4428,True,location-k4-fold0-seed0,0
seasonal,CoPy_R,8,SS_vs_ar,-0.6962330895101287,1278654,fa85569c247e4428,True,location-k4-fold0-seed0,0
seasonal,CoPy_R,9,MSE,0.014341326379234272,1278654,fa85569c247e4428,True,location-k4-fold0-seed0,0
seasonal,CoPy_R,9,MAE,0.06427869126579336,1278654,fa85569c247e4428,True,location-k4-fold0-seed0,0
seasonal,CoPy_R,9,SS_vs_persistence,-0.008677880424555973,1278654,fa85569c247e4428,True,location-k4-fold0-seed0,0
seasonal,CoPy_R,9,SS_vs_seasonal,6.972855626230512e-11,1278654,fa85569c247e4428,True,location-k4-fold0-seed0,0
seasonal,CoPy_R,9,SS_vs_ar,-0.7052847982429138,1278654,fa85569c247e4428,True,location-k4-fold0-seed0,0
seasonal,CoPy_R,10,MSE,0.014287785798780338,1278654,fa85569c247e4428,True,location-k4-fold0-seed0,0
seasonal,CoPy_R,10,MAE,0.06414300611196438,1278654,fa85569c247e4428,True,location-k4-fold0-seed0,0
seasonal,CoPy_R,10,SS_vs_persistence,-0.010568447328595632,1278654,fa85569c247e4428,True,location-k4-fold0-seed0,0
seasonal,CoPy_R,10,SS_vs_seasonal,6.998990276230188e-11,1278654,fa85569c247e4428,True,location-k4-fold0-seed0,0
seasonal,CoPy_R,10,SS_vs_ar,-0.6924645909815077,1278654,fa85569c247e4428,True,location-k4-fold0-seed0,0
seasonal,CoPy_R,11,MSE,0.014377109311640601,1278654,fa85569c247e4428,True,location-k4-fold0-seed0,0
seasonal,CoPy_R,11,MAE,0.0656766552914043,1278654,fa85569c247e4428,True,location-k4-fold0-seed0,0
seasonal,CoPy_R,11,SS_vs_persistence,0.038654154668505636,1278654,fa85569c247e4428,True,location-k4-fold0-seed0,0
seasonal,CoPy_R,11,SS_vs_seasonal,6.955502840355621e-11,1278654,fa85569c247e4428,True,location-k4-fold0-seed0,0
seasonal,CoPy_R,11,SS_vs_ar,-0.6911750997464798,1278654,fa85569c247e4428,True,location-k4-fold0-seed0,0
seasonal,CoPy_R,12,MSE,0.014094797272823693,1278654,fa85569c247e4428,True,location-k4-fold0-seed0,0
seasonal,CoPy_R,12,MAE,0.06546499994552718,1278654,fa85569c247e4428,True,location-k4-fold0-seed0,0
seasonal,CoPy_R,12,SS_vs_persistence,-0.017698251389874464,1278654,fa85569c247e4428,True,location-k4-fold0-seed0,0
seasonal,CoPy_R,12,SS_vs_seasonal,7.094824727715832e-11,1278654,fa85569c247e4428,True,location-k4-fold0-seed0,0
seasonal,CoPy_R,12,SS_vs_ar,-0.6630468309429292,1278654,fa85569c247e4428,True,location-k4-fold0-seed0,0
seasonal,CoPy_R,13,MSE,0.01424044345005425,1278654,fa85569c247e4428,True,location-k4-fold0-seed0,0
seasonal,CoPy_R,13,MAE,0.06544716891184728,1278654,fa85569c247e4428,True,location-k4-fold0-seed0,0
seasonal,CoPy_R,13,SS_vs_persistence,0.0012343886515493452,1278654,fa85569c247e4428,True,location-k4-fold0-seed0,0
seasonal,CoPy_R,13,SS_vs_seasonal,7.022260550826331e-11,1278654,fa85569c247e4428,True,location-k4-fold0-seed0,0
seasonal,CoPy_R,13,SS_vs_ar,-0.6677282845082797,1278654,fa85569c247e4428,True,location-k4-fold0-seed0,0
seasonal,CoPy_R,14,MSE,0.014157569803082503,1278654,fa85569c247e4428,True,location-k4-fold0-seed0,0
seasonal,CoPy_R,14,MAE,0.06543351891396397,1278654,fa85569c247e4428,True,location-k4-fold0-seed0,0
seasonal,CoPy_R,14,SS_vs_persistence,0.018675640838041963,1278654,fa85569c247e4428,True,location-k4-fold0-seed0,0
seasonal,CoPy_R,14,SS_vs_seasonal,7.063361007197955e-11,1278654,fa85569c247e4428,True,location-k4-fold0-seed0,0
seasonal,CoPy_R,14,SS_vs_ar,-0.6553644778920797,1278654,fa85569c247e4428,True,location-k4-fold0-seed0,0
seasonal,CoPy_R,15,MSE,0.014151107222861965,1278654,fa85569c247e4428,True,location-k4-fold0-seed0,0
seasonal,CoPy_R,15,MAE,0.06547615282891989,1278654,fa85569c247e4428,True,location-k4-fold0-seed0,0
seasonal,CoPy_R,15,SS_vs_persistence,0.002215458279379301,1278654,fa85569c247e4428,True,location-k4-fold0-seed0,0
seasonal,CoPy_R,15,SS_vs_seasonal,7.066591756199614e-11,1278654,fa85569c247e4428,True,location-k4-fold0-seed0,0
seasonal,CoPy_R,15,SS_vs_ar,-0.6485049430602385,1278654,fa85569c247e4428,True,location-k4-fold0-seed0,0
seasonal,CoPy_R,16,MSE,0.014340881748881528,1278654,fa85569c247e4428,True,location-k4-fold0-seed0,0
seasonal,CoPy_R,16,MAE,0.06563009675078593,1278654,fa85569c247e4428,True,location-k4-fold0-seed0,0
seasonal,CoPy_R,16,SS_vs_persistence,0.011719376879013255,1278654,fa85569c247e4428,True,location-k4-fold0-seed0,0
seasonal,CoPy_R,16,SS_vs_seasonal,6.973077670835437e-11,1278654,fa85569c247e4428,True,location-k4-fold0-seed0,0
seasonal,CoPy_R,16,SS_vs_ar,-0.6555701688619537,1278654,fa85569c247e4428,True,location-k4-fold0-seed0,0
seasonal,CoPy_R,17,MSE,0.014319140845763812,1278654,fa85569c247e4428,True,location-k4-fold0-seed0,0
seasonal,CoPy_R,17,MAE,0.06564847858844296,1278654,fa85569c247e4428,True,location-k4-fold0-seed0,0
seasonal,CoPy_R,17,SS_vs_persistence,-0.00652043900528132,1278654,fa85569c247e4428,True,location-k4-fold0-seed0,0
seasonal,CoPy_R,17,SS_vs_seasonal,6.983658096260115e-11,1278654,fa85569c247e4428,True,location-k4-fold0-seed0,0
seasonal,CoPy_R,17,SS_vs_ar,-0.6414121560086494,1278654,fa85569c247e4428,True,location-k4-fold0-seed0,0
seasonal,CoPy_R,18,MSE,0.014320763905712365,1278654,fa85569c247e4428,True,location-k4-fold0-seed0,0
seasonal,CoPy_R,18,MAE,0.06560606141078863,1278654,fa85569c247e4428,True,location-k4-fold0-seed0,0
seasonal,CoPy_R,18,SS_vs_persistence,0.02135763252842071,1278654,fa85569c247e4428,True,location-k4-fold0-seed0,0
seasonal,CoPy_R,18,SS_vs_seasonal,6.982869837912631e-11,1278654,fa85569c247e4428,True,location-k4-fold0-seed0,0
seasonal,CoPy_R,18,SS_vs_ar,-0.6345327899265025,1278654,fa85569c247e4428,True,location-k4-fold0-seed0,0
seasonal,CoPy_R,19,MSE,0.014570121794867368,1278654,fa85569c247e4428,True,location-k4-fold0-seed0,0
seasonal,CoPy_R,19,MAE,0.06578359500056369,1278654,fa85569c247e4428,True,location-k4-fold0-seed0,0
seasonal,CoPy_R,19,SS_vs_persistence,0.01574442838597989,1278654,fa85569c247e4428,True,location-k4-fold0-seed0,0
seasonal,CoPy_R,19,SS_vs_seasonal,6.863365431541979e-11,1278654,fa85569c247e4428,True,location-k4-fold0-seed0,0
seasonal,CoPy_R,19,SS_vs_ar,-0.6494500575707722,1278654,fa85569c247e4428,True,location-k4-fold0-seed0,0
seasonal,CoPy_R,20,MSE,0.014555386559449941,1278654,fa85569c247e4428,True,location-k4-fold0-seed0,0
seasonal,CoPy_R,20,MAE,0.0657492956823716,1278654,fa85569c247e4428,True,location-k4-fold0-seed0,0
seasonal,CoPy_R,20,SS_vs_persistence,0.000454856218958799,1278654,fa85569c247e4428,True,location-k4-fold0-seed0,0
seasonal,CoPy_R,20,SS_vs_seasonal,6.870315427676132e-11,1278654,fa85569c247e4428,True,location-k4-fold0-seed0,0
seasonal,CoPy_R,20,SS_vs_ar,-0.6470100912900578,1278654,fa85569c247e4428,True,location-k4-fold0-seed0,0
seasonal,CoPy_R,21,MSE,0.015745262445972737,1278654,fa85569c247e4428,True,location-k4-fold0-seed0,0
seasonal,CoPy_R,21,MAE,0.06708946132535204,1278654,fa85569c247e4428,True,location-k4-fold0-seed0,0
seasonal,CoPy_R,21,SS_vs_persistence,-0.03204260574028939,1278654,fa85569c247e4428,True,location-k4-fold0-seed0,0
seasonal,CoPy_R,21,SS_vs_seasonal,6.351108527979932e-11,1278654,fa85569c247e4428,True,location-k4-fold0-seed0,0
seasonal,CoPy_R,21,SS_vs_ar,-0.7788838756254659,1278654,fa85569c247e4428,True,location-k4-fold0-seed0,0
seasonal,CoPy_R,22,MSE,0.01549929207476949,1278654,fa85569c247e4428,True,location-k4-fold0-seed0,0
seasonal,CoPy_R,22,MAE,0.06683709840997568,1278654,fa85569c247e4428,True,location-k4-fold0-seed0,0
seasonal,CoPy_R,22,SS_vs_persistence,-0.012297678278337498,1278654,fa85569c247e4428,True,location-k4-fold0-seed0,0
seasonal,CoPy_R,22,SS_vs_seasonal,6.45190567638565e-11,1278654,fa85569c247e4428,True,location-k4-fold0-seed0,0
seasonal,CoPy_R,22,SS_vs_ar,-0.7546229024494577,1278654,fa85569c247e4428,True,location-k4-fold0-seed0,0
seasonal,CoPy_R,23,MSE,0.01559981774020733,1278654,fa85569c247e4428,True,location-k4-fold0-seed0,0
seasonal,CoPy_R,23,MAE,0.06694308903795025,1278654,fa85569c247e4428,True,location-k4-fold0-seed0,0
seasonal,CoPy_R,23,SS_vs_persistence,-0.0058774624260002906,1278654,fa85569c247e4428,True,location-k4-fold0-seed0,0
seasonal,CoPy_R,23,SS_vs_seasonal,6.410338926343684e-11,1278654,fa85569c247e4428,True,location-k4-fold0-seed0,0
seasonal,CoPy_R,23,SS_vs_ar,-0.7734742372068517,1278654,fa85569c247e4428,True,location-k4-fold0-seed0,0
seasonal,CoPy_R,24,MSE,0.015744877581462247,1278654,fa85569c247e4428,True,location-k4-fold0-seed0,0
seasonal,CoPy_R,24,MAE,0.06701591679004099,1278654,fa85569c247e4428,True,location-k4-fold0-seed0,0
seasonal,CoPy_R,24,SS_vs_persistence,-0.03559031771105281,1278654,fa85569c247e4428,True,location-k4-fold0-seed0,0
seasonal,CoPy_R,24,SS_vs_seasonal,6.351263959203379e-11,1278654,fa85569c247e4428,True,location-k4-fold0-seed0,0
seasonal,CoPy_R,24,SS_vs_ar,-0.7951887716183028,1278654,fa85569c247e4428,True,location-k4-fold0-seed0,0
seasonal,CoPy_R,25,MSE,0.015456238858825506,1278654,fa85569c247e4428,True,location-k4-fold0-seed0,0
seasonal,CoPy_R,25,MAE,0.06688590658635415,1278654,fa85569c247e4428,True,location-k4-fold0-seed0,0
seasonal,CoPy_R,25,SS_vs_persistence,-0.030761392703791524,1278654,fa85569c247e4428,True,location-k4-fold0-seed0,0
seasonal,CoPy_R,25,SS_vs_seasonal,6.469880187154331e-11,1278654,fa85569c247e4428,True,location-k4-fold0-seed0,0
seasonal,CoPy_R,25,SS_vs_ar,-0.7578925016933988,1278654,fa85569c247e4428,True,location-k4-fold0-seed0,0
seasonal,CoPy_R,26,MSE,0.015251664879488562,1278654,fa85569c247e4428,True,location-k4-fold0-seed0,0
seasonal,CoPy_R,26,MAE,0.06674685982191579,1278654,fa85569c247e4428,True,location-k4-fold0-seed0,0
seasonal,CoPy_R,26,SS_vs_persistence,-0.03458810441862692,1278654,fa85569c247e4428,True,location-k4-fold0-seed0,0
seasonal,CoPy_R,26,SS_vs_seasonal,6.55666632098928e-11,1278654,fa85569c247e4428,True,location-k4-fold0-seed0,0
seasonal,CoPy_R,26,SS_vs_ar,-0.7380293487687999,1278654,fa85569c247e4428,True,location-k4-fold0-seed0,0
seasonal,CoPy_R,27,MSE,0.01535189767484166,1278654,fa85569c247e4428,True,location-k4-fold0-seed0,0
seasonal,CoPy_R,27,MAE,0.06678407970152526,1278654,fa85569c247e4428,True,location-k4-fold0-seed0,0
seasonal,CoPy_R,27,SS_vs_persistence,-0.0019090195346813665,1278654,fa85569c247e4428,True,location-k4-fold0-seed0,0
seasonal,CoPy_R,27,SS_vs_seasonal,6.513856121159733e-11,1278654,fa85569c247e4428,True,location-k4-fold0-seed0,0
seasonal,CoPy_R,27,SS_vs_ar,-0.7480706687134457,1278654,fa85569c247e4428,True,location-k4-fold0-seed0,0
seasonal,CoPy_R,28,MSE,0.015553854326107213,1278654,fa85569c247e4428,True,location-k4-fold0-seed0,0
seasonal,CoPy_R,28,MAE,0.06691040451915348,1278654,fa85569c247e4428,True,location-k4-fold0-seed0,0
seasonal,CoPy_R,28,SS_vs_persistence,0.0059570373614724614,1278654,fa85569c247e4428,True,location-k4-fold0-seed0,0
seasonal,CoPy_R,28,SS_vs_seasonal,6.429279331143789e-11,1278654,fa85569c247e4428,True,location-k4-fold0-seed0,0
seasonal,CoPy_R,28,SS_vs_ar,-0.7775644290527699,1278654,fa85569c247e4428,True,location-k4-fold0-seed0,0
seasonal,CoPy_R,29,MSE,0.015577360845355423,1278654,fa85569c247e4428,True,location-k4-fold0-seed0,0
seasonal,CoPy_R,29,MAE,0.06685035357849609,1278654,fa85569c247e4428,True,location-k4-fold0-seed0,0
seasonal,CoPy_R,29,SS_vs_persistence,0.019363193908211396,1278654,fa85569c247e4428,True,location-k4-fold0-seed0,0
seasonal,CoPy_R,29,SS_vs_seasonal,6.419575981908565e-11,1278654,fa85569c247e4428,True,location-k4-fold0-seed0,0
seasonal,CoPy_R,29,SS_vs_ar,-0.7843700759252785,1278654,fa85569c247e4428,True,location-k4-fold0-seed0,0
seasonal,CoPy_R,30,MSE,0.015453948300348607,1278654,fa85569c247e4428,True,location-k4-fold0-seed0,0
seasonal,CoPy_R,30,MAE,0.06679935698654334,1278654,fa85569c247e4428,True,location-k4-fold0-seed0,0
seasonal,CoPy_R,30,SS_vs_persistence,0.010995862890290309,1278654,fa85569c247e4428,True,location-k4-fold0-seed0,0
seasonal,CoPy_R,30,SS_vs_seasonal,6.470846081185755e-11,1278654,fa85569c247e4428,True,location-k4-fold0-seed0,0
seasonal,CoPy_R,30,SS_vs_ar,-0.7611814958017002,1278654,fa85569c247e4428,True,location-k4-fold0-seed0,0
seasonal,CoPy_R,all,MSE,0.014706769360551868,1278654,fa85569c247e4428,True,location-k4-fold0-seed0,0
seasonal,CoPy_R,all,MAE,0.06557012194653104,1278654,fa85569c247e4428,True,location-k4-fold0-seed0,0
seasonal,CoPy_R,all,SS_vs_persistence,-0.01124133676355954,1278654,fa85569c247e4428,True,location-k4-fold0-seed0,0
seasonal,CoPy_R,all,SS_vs_seasonal,6.79959422100751e-11,1278654,fa85569c247e4428,True,location-k4-fold0-seed0,0
seasonal,CoPy_R,all,SS_vs_ar,-0.712854669006822,1278654,fa85569c247e4428,True,location-k4-fold0-seed0,0
ar,F_R,1,MSE,402847.74182056106,1383540,fa85569c247e4428,True,location-k4-fold0-seed0,0
ar,F_R,1,MAE,411.1914096353719,1383540,fa85569c247e4428,True,location-k4-fold0-seed0,0
ar,F_R,1,SS_vs_persistence,0.3289895907639111,1383540,fa85569c247e4428,True,location-k4-fold0-seed0,0
ar,F_R,1,SS_vs_seasonal,0.5084802330326021,1383540,fa85569c247e4428,True,location-k4-fold0-seed0,0
ar,F_R,1,SS_vs_ar,0.0,1383540,fa85569c247e4428,True,location-k4-fold0-seed0,0
ar,F_R,2,MSE,434042.2685580616,1383540,fa85569c247e4428,True,location-k4-fold0-seed0,0
ar,F_R,2,MAE,434.1937681845264,1383540,fa85569c247e4428,True,location-k4-fold0-seed0,0
ar,F_R,2,SS_vs_persistence,0.336481792319953,1383540,fa85569c247e4428,True,location-k4-fold0-seed0,0
ar,F_R,2,SS_vs_seasonal,0.4736299497304197,1383540,fa85569c247e4428,True,location-k4-fold0-seed0,0
ar,F_R,2,SS_vs_ar,0.0,1383540,fa85569c247e4428,True,location-k4-fold0-seed0,0
ar,F_R,3,MSE,461563.20164475194,1383540,fa85569c247e4428,True,location-k4-fold0-seed0,0
ar,F_R,3,MAE,453.9673013684755,1383540,fa85569c247e4428,True,location-k4-fold0-seed0,0
ar,F_R,3,SS_vs_persistence,0.3431832199596677,1383540,fa85569c247e4428,True,location-k4-fold0-seed0,0
ar,F_R,3,SS_vs_seasonal,0.44565987684868136,1383540,fa85569c247e4428,True,location-k4-fold0-seed0,0
ar,F_R,3,SS_vs_ar,0.0,1383540,fa85569c247e4428,True,location-k4-fold0-seed0,0
ar,F_R,4,MSE,480138.40256496845,1383540,fa85569c247e4428,True,location-k4-fold0-seed0,0
ar,F_R,4,MAE,465.8680936826457,1383540,fa85569c247e4428,True,location-k4-fold0-seed0,0
ar,F_R,4,SS_vs_persistence,0.33986598501636334,1383540,fa85569c247e4428,True,location-k4-fold0-seed0,0
ar,F_R,4,SS_vs_seasonal,0.42548677506847266,1383540,fa85569c247e4428,True,location-k4-fold0-seed0,0
ar,F_R,4,SS_vs_ar,0.0,1383540,fa85569c247e4428,True,location-k4-fold0-seed0,0
ar,F_R,5,MSE,495507.75323195104,1383540,fa85569c247e4428,True,location-k4-fold0-seed0,0
ar,F_R,5,MAE,476.7288590511795,1383540,fa85569c247e4428,True,location-k4-fold0-seed0,0
ar,F_R,5,SS_vs_persistence,0.3500239142588688,1383540,fa85569c247e4428,True,location-k4-fold0-seed0,0
ar,F_R,5,SS_vs_seasonal,0.409758605473618,1383540,fa85569c247e4428,True,location-k4-fold0-seed0,0
ar,F_R,5,SS_vs_ar,0.0,1383540,fa85569c247e4428,True,location-k4-fold0-seed0,0
ar,F_R,6,MSE,505402.612412832,1383540,fa85569c247e4428,True,location-k4-fold0-seed0,0
ar,F_R,6,MAE,482.53830152213806,1383540,fa85569c247e4428,True,location-k4-fold0-seed0,0
ar,F_R,6,SS_vs_persistence,0.32253578705942654,1383540,fa85569c247e4428,True,location-k4-fold0-seed0,0
ar,F_R,6,SS_vs_seasonal,0.39722025524108817,1383540,fa85569c247e4428,True,location-k4-fold0-seed0,0
ar,F_R,6,SS_vs_ar,0.0,1383540,fa85569c247e4428,True,location-k4-fold0-seed0,0
ar,F_R,7,MSE,524115.3663645526,1383540,fa85569c247e4428,True,location-k4-fold0-seed0,0
ar,F_R,7,MAE,492.57297514614424,1383540,fa85569c247e4428,True,location-k4-fold0-seed0,0
ar,F_R,7,SS_vs_persistence,0.3379323055667526,1383540,fa85569c247e4428,True,location-k4-fold0-seed0,0
ar,F_R,7,SS_vs_seasonal,0.37538903429981196,1383540,fa85569c247e4428,True,location-k4-fold0-seed0,0
ar,F_R,7,SS_vs_ar,0.0,1383540,fa85569c247e4428,True,location-k4-fold0-seed0,0
ar,F_R,8,MSE,531822.2751002668,1383540,fa85569c247e4428,True,location-k4-fold0-seed0,0
ar,F_R,8,MAE,497.9039239309447,1383540,fa85569c247e4428,True,location-k4-fold0-seed0,0
ar,F_R,8,SS_vs_persistence,0.3183404954463118,1383540,fa85569c247e4428,True,location-k4-fold0-seed0,0
ar,F_R,8,SS_vs_seasonal,0.36110834031412786,1383540,fa85569c247e4428,True,location-k4-fold0-seed0,0
ar,F_R,8,SS_vs_ar,0.0,1383540,fa85569c247e4428,True,location-k4-fold0-seed0,0
ar,F_R,9,MSE,545189.097007441,1383540,fa85569c247e4428,True,location-k4-fold0-seed0,0
ar,F_R,9,MAE,506.14368898237024,1383540,fa85569c247e4428,True,location-k4-fold0-seed0,0
ar,F_R,9,SS_vs_persistence,0.31380649058043275,1383540,fa85569c247e4428,True,location-k4-fold0-seed0,0
ar,F_R,9,SS_vs_seasonal,0.34771098362493635,1383540,fa85569c247e4428,True,location-k4-fold0-seed0,0
ar,F_R,9,SS_vs_ar,0.0,1383540,fa85569c247e4428,True,location-k4-fold0-seed0,0
ar,F_R,10,MSE,558532.3622554594,1383540,fa85569c247e4428,True,location-k4-fold0-seed0,0
ar,F_R,10,MAE,513.6053799683684,1383540,fa85569c247e4428,True,location-k4-fold0-seed0,0
ar,F_R,10,SS_vs_persistence,0.30906560636191116,1383540,fa85569c247e4428,True,location-k4-fold0-seed0,0
ar,F_R,10,SS_vs_seasonal,0.3220743088025516,1383540,fa85569c247e4428,True,location-k4-fold0-seed0,0
ar,F_R,10,SS_vs_ar,0.0,1383540,fa85569c247e4428,True,location-k4-fold0-seed0,0
ar,F_R,11,MSE,570196.2193821442,1383540,fa85569c247e4428,True,location-k4-fold0-seed0,0
ar,F_R,11,MAE,521.5340953381153,1383540,fa85569c247e4428,True,location-k4-fold0-seed0,0
ar,F_R,11,SS_vs_persistence,0.311495498903809,1383540,fa85569c247e4428,True,location-k4-fold0-seed0,0
ar,F_R,11,SS_vs_seasonal,0.39374249600176636,1383540,fa85569c247e4428,True,location-k4-fold0-seed0,0
ar,F_R,11,SS_vs_ar,0.0,1383540,fa85569c247e4428,True,location-k4-fold0-seed0,0
ar,F_R,12,MSE,581055.8955709577,1383540,fa85569c247e4428,True,location-k4-fold0-seed0,0
ar,F_R,12,MAE,528.1712606400121,1383540,fa85569c247e4428,True,location-k4-fold0-seed0,0
ar,F_R,12,SS_vs_persistence,0.3151863357900522,1383540,fa85569c247e4428,True,location-k4-fold0-seed0,0
ar,F_R,12,SS_vs_seasonal,0.3814383774179658,1383540,fa85569c247e4428,True,location-k4-fold0-seed0,0
ar,F_R,12,SS_vs_ar,0.0,1383540,fa85569c247e4428,True,location-k4-fold0-seed0,0
ar,F_R,13,MSE,586957.9568168526,1383540,fa85569c247e4428,True,location-k4-fold0-seed0,0
ar,F_R,13,MAE,532.5073175219957,1383540,fa85569c247e4428,True,location-k4-fold0-seed0,0
ar,F_R,13,SS_vs_persistence,0.3159093208640822,1383540,fa85569c247e4428,True,location-k4-fold0-seed0,0
ar,F_R,13,SS_vs_seasonal,0.37516518236147445,1383540,fa85569c247e4428,True,location-k4-fold0-seed0,0
ar,F_R,13,SS_vs_ar,0.0,1383540,fa85569c247e4428,True,location-k4-fold0-seed0,0
ar,F_R,14,MSE,592223.8867765523,1383540,fa85569c247e4428,True,location-k4-fold0-seed0,0
ar,F_R,14,MAE,536.1602778337898,1383540,fa85569c247e4428,True,location-k4-fold0-seed0,0
ar,F_R,14,SS_vs_persistence,0.31335914016884225,1383540,fa85569c247e4428,True,location-k4-fold0-seed0,0
ar,F_R,14,SS_vs_seasonal,0.3683625963332877,1383540,fa85569c247e4428,True,location-k4-fold0-seed0,0
ar,F_R,14,SS_vs_ar,0.0,1383540,fa85569c247e4428,True,location-k4-fold0-seed0,0
ar,F_R,15,MSE,597205.2310010389,1383540,fa85569c247e4428,True,location-k4-fold0-seed0,0
ar,F_R,15,MAE,539.4072832038283,1383540,fa85569c247e4428,True,location-k4-fold0-seed0,0
ar,F_R,15,SS_vs_persistence,0.295532399199965,1383540,fa85569c247e4428,True,location-k4-fold0-seed0,0
ar,F_R,15,SS_vs_seasonal,0.36323894679612934,1383540,fa85569c247e4428,True,location-k4-fold0-seed0,0
ar,F_R,15,SS_vs_ar,0.0,1383540,fa85569c247e4428,True,location-k4-fold0-seed0,0
ar,F_R,16,MSE,629503.4731142428,1383540,fa85569c247e4428,True,location-k4-fold0-seed0,0
ar,F_R,16,MAE,549.8657052907183,1383540,fa85569c247e4428,True,location-k4-fold0-seed0,0
ar,F_R,16,SS_vs_persistence,0.2983508770038358,1383540,fa85569c247e4428,True,location-k4-fold0-seed0,0
ar,F_R,16,SS_vs_seasonal,0.3418310268725091,1383540,fa85569c247e4428,True,location-k4-fold0-seed0,0
ar,F_R,16,SS_vs_ar,0.0,1383540,fa85569c247e4428,True,location-k4-fold0-seed0,0
ar,F_R,17,MSE,639891.495866963,1383540,fa85569c247e4428,True,location-k4-fold0-seed0,0
ar,F_R,17,MAE,554.3174487812191,1383540,fa85569c247e4428,True,location-k4-fold0-seed0,0
ar,F_R,17,SS_vs_persistence,0.2932489966327615,1383540,fa85569c247e4428,True,location-k4-fold0-seed0,0
ar,F_R,17,SS_vs_seasonal,0.3308910025521453,1383540,fa85569c247e4428,True,location-k4-fold0-seed0,0
ar,F_R,17,SS_vs_ar,0.0,1383540,fa85569c247e4428,True,location-k4-fold0-seed0,0
ar,F_R,18,MSE,651539.3856470905,1383540,fa85569c247e4428,True,location-k4-fold0-seed0,0
ar,F_R,18,MAE,559.6574450439571,1383540,fa85569c247e4428,True,location-k4-fold0-seed0,0
ar,F_R,18,SS_vs_persistence,0.2954359147934359,1383540,fa85569c247e4428,True,location-k4-fold0-seed0,0
ar,F_R,18,SS_vs_seasonal,0.3174593865010782,1383540,fa85569c247e4428,True,location-k4-fold0-seed0,0
ar,F_R,18,SS_vs_ar,0.0,1383540,fa85569c247e4428,True,location-k4-fold0-seed0,0
ar,F_R,19,MSE,660355.6136852552,1383540,fa85569c247e4428,True,location-k4-fold0-seed0,0
ar,F_R,19,MAE,563.8676274608835,1383540,fa85569c247e4428,True,location-k4-fold0-seed0,0
ar,F_R,19,SS_vs_persistence,0.2894240368929778,1383540,fa85569c247e4428,True,location-k4-fold0-seed0,0
ar,F_R,19,SS_vs_seasonal,0.3085020508621378,1383540,fa85569c247e4428,True,location-k4-fold0-seed0,0
ar,F_R,19,SS_vs_ar,0.0,1383540,fa85569c247e4428,True,location-k4-fold0-seed0,0
ar,F_R,20,MSE,669887.0651702257,1383540,fa85569c247e4428,True,location-k4-fold0-seed0,0
ar,F_R,20,MAE,568.9812460641851,1383540,fa85569c247e4428,True,location-k4-fold0-seed0,0
ar,F_R,20,SS_vs_persistence,0.28786114910168215,1383540,fa85569c247e4428,True,location-k4-fold0-seed0,0
ar,F_R,20,SS_vs_seasonal,0.2899755183816549,1383540,fa85569c247e4428,True,location-k4-fold0-seed0,0
ar,F_R,20,SS_vs_ar,0.0,1383540,fa85569c247e4428,True,location-k4-fold0-seed0,0
ar,F_R,21,MSE,675761.1919811382,1383540,fa85569c247e4428,True,location-k4-fold0-seed0,0
ar,F_R,21,MAE,571.6863951514076,1383540,fa85569c247e4428,True,location-k4-fold0-seed0,0
ar,F_R,21,SS_vs_persistence,0.2659156515642688,1383540,fa85569c247e4428,True,location-k4-fold0-seed0,0
ar,F_R,21,SS_vs_seasonal,0.3237481133066492,1383540,fa85569c247e4428,True,location-k4-fold0-seed0,0
ar,F_R,21,SS_vs_ar,0.0,1383540,fa85569c247e4428,True,location-k4-fold0-seed0,0
ar,F_R,22,MSE,687843.1193170365,1383540,fa85569c247e4428,True,location-k4-fold0-seed0,0
ar,F_R,22,MAE,577.8083775210282,1383540,fa85569c247e4428,True,location-k4-fold0-seed0,0
ar,F_R,22,SS_vs_persistence,0.26469459045303223,1383540,fa85569c247e4428,True,location-k4-fold0-seed0,0
ar,F_R,22,SS_vs_seasonal,0.31344181979844077,1383540,fa85569c247e4428,True,location-k4-fold0-seed0,0
ar,F_R,22,SS_vs_ar,0.0,1383540,fa85569c247e4428,True,location-k4-fold0-seed0,0
ar,F_R,23,MSE,698153.4564915077,1383540,fa85569c247e4428,True,location-k4-fold0-seed0,0
ar,F_R,23,MAE,583.0393607682405,1383540,fa85569c247e4428,True,location-k4-fold0-seed0,0
ar,F_R,23,SS_vs_persistence,0.26768199094318745,1383540,fa85569c247e4428,True,location-k4-fold0-seed0,0
ar,F_R,23,SS_vs_seasonal,0.3037449534655219,1383540,fa85569c247e4428,True,location-k4-fold0-seed0,0
ar,F_R,23,SS_vs_ar,0.0,1383540,fa85569c247e4428,True,location-k4-fold0-seed0,0
ar,F_R,24,MSE,707743.2224686249,1383540,fa85569c247e4428,True,location-k4-fold0-seed0,0
ar,F_R,24,MAE,587.4045441784773,1383540,fa85569c247e4428,True,location-k4-fold0-seed0,0
ar,F_R,24,SS_vs_persistence,0.2607344839825708,1383540,fa85569c247e4428,True,location-k4-fold0-seed0,0
ar,F_R,24,SS_vs_seasonal,0.29526427170870984,1383540,fa85569c247e4428,True,location-k4-fold0-seed0,0
ar,F_R,24,SS_vs_ar,0.0,1383540,fa85569c247e4428,True,location-k4-fold0-seed0,0
ar,F_R,25,MSE,716448.6318964037,1383540,fa85569c247e4428,True,location-k4-fold0-seed0,0
ar,F_R,25,MAE,591.9440759967767,1383540,fa85569c247e4428,True,location-k4-fold0-seed0,0
ar,F_R,25,SS_vs_persistence,0.26548478584088897,1383540,fa85569c247e4428,True,location-k4-fold0-seed0,0
ar,F_R,25,SS_vs_seasonal,0.28796608638418286,1383540,fa85569c247e4428,True,location-k4-fold0-seed0,0
ar,F_R,25,SS_vs_ar,0.0,1383540,fa85569c247e4428,True,location-k4-fold0-seed0,0
ar,F_R,26,MSE,724805.7135033056,1383540,fa85569c247e4428,True,location-k4-fold0-seed0,0
ar,F_R,26,MAE,595.3457671312087,1383540,fa85569c247e4428,True,location-k4-fold0-seed0,0
ar,F_R,26,SS_vs_persistence,0.26839211813084807,1383540,fa85569c247e4428,True,location-k4-fold0-seed0,0
ar,F_R,26,SS_vs_seasonal,0.28285937163959285,1383540,fa85569c247e4428,True,location-k4-fold0-seed0,0
ar,F_R,26,SS_vs_ar,0.0,1383540,fa85569c247e4428,True,location-k4-fold0-seed0,0
ar,F_R,27,MSE,733300.5542198811,1383540,fa85569c247e4428,True,location-k4-fold0-seed0,0
ar,F_R,27,MAE,598.291570949124,1383540,fa85569c247e4428,True,location-k4-fold0-seed0,0
ar,F_R,27,SS_vs_persistence,0.2732137548196748,1383540,fa85569c247e4428,True,location-k4-fold0-seed0,0
ar,F_R,27,SS_vs_seasonal,0.2753144845886313,1383540,fa85569c247e4428,True,location-k4-fold0-seed0,0
ar,F_R,27,SS_vs_ar,0.0,1383540,fa85569c247e4428,True,location-k4-fold0-seed0,0
ar,F_R,28,MSE,737402.8067175302,1383540,fa85569c247e4428,True,location-k4-fold0-seed0,0
ar,F_R,28,MAE,600.1983322888752,1383540,fa85569c247e4428,True,location-k4-fold0-seed0,0
ar,F_R,28,SS_vs_persistence,0.2681502339732559,1383540,fa85569c247e4428,True,location-k4-fold0-seed0,0
ar,F_R,28,SS_vs_seasonal,0.270905695155926,1383540,fa85569c247e4428,True,location-k4-fold0-seed0,0
ar,F_R,28,SS_vs_ar,0.0,1383540,fa85569c247e4428,True,location-k4-fold0-seed0,0
ar,F_R,29,MSE,743016.3038994152,1383540,fa85569c247e4428,True,location-k4-fold0-seed0,0
ar,F_R,29,MAE,602.4088358096963,1383540,fa85569c247e4428,True,location-k4-fold0-seed0,0
ar,F_R,29,SS_vs_persistence,0.2678137398352164,1383540,fa85569c247e4428,True,location-k4-fold0-seed0,0
ar,F_R,29,SS_vs_seasonal,0.2666725795554159,1383540,fa85569c247e4428,True,location-k4-fold0-seed0,0
ar,F_R,29,SS_vs_ar,0.0,1383540,fa85569c247e4428,True,location-k4-fold0-seed0,0
ar,F_R,30,MSE,744093.4529480005,1383540,fa85569c247e4428,True,location-k4-fold0-seed0,0
ar,F_R,30,MAE,603.6569719726117,1383540,fa85569c247e4428,True,location-k4-fold0-seed0,0
ar,F_R,30,SS_vs_persistence,0.2539045751415684,1383540,fa85569c247e4428,True,location-k4-fold0-seed0,0
ar,F_R,30,SS_vs_seasonal,0.2560992360231682,1383540,fa85569c247e4428,True,location-k4-fold0-seed0,0
ar,F_R,30,SS_vs_ar,0.0,1383540,fa85569c247e4428,True,location-k4-fold0-seed0,0
ar,F_R,all,MSE,609551.5252478403,1383540,fa85569c247e4428,True,location-k4-fold0-seed0,0
ar,F_R,all,MAE,536.6989213472675,1383540,fa85569c247e4428,True,location-k4-fold0-seed0,0
ar,F_R,all,SS_vs_persistence,0.29589503593332,1383540,fa85569c247e4428,True,location-k4-fold0-seed0,0
ar,F_R,all,SS_vs_seasonal,0.34325120582416313,1383540,fa85569c247e4428,True,location-k4-fold0-seed0,0
ar,F_R,all,SS_vs_ar,0.0,1383540,fa85569c247e4428,True,location-k4-fold0-seed0,0
ar,CoPx_R,1,MSE,0.011149846117098869,1278654,fa85569c247e4428,True,location-k4-fold0-seed0,0
ar,CoPx_R,1,MAE,0.040048112859550296,1278654,fa85569c247e4428,True,location-k4-fold0-seed0,0
ar,CoPx_R,1,SS_vs_persistence,0.40676606309611296,1278654,fa85569c247e4428,True,location-k4-fold0-seed0,0
ar,CoPx_R,1,SS_vs_seasonal,0.43266779427195656,1278654,fa85569c247e4428,True,location-k4-fold0-seed0,0
ar,CoPx_R,1,SS_vs_ar,8.968736864289895e-11,1278654,fa85569c247e4428,True,location-k4-fold0-seed0,0
ar,CoPx_R,2,MSE,0.011310740547089118,1278654,fa85569c247e4428,True,location-k4-fold0-seed0,0
ar,CoPx_R,2,MAE,0.041847694536207146,1278654,fa85569c247e4428,True,location-k4-fold0-seed0,0
ar,CoPx_R,2,SS_vs_persistence,0.4741109865259815,1278654,fa85569c247e4428,True,location-k4-fold0-seed0,0
ar,CoPx_R,2,SS_vs_seasonal,0.4456657882980305,1278654,fa85569c247e4428,True,location-k4-fold0-seed0,0
ar,CoPx_R,2,SS_vs_ar,8.841161136530218e-11,1278654,fa85569c247e4428,True,location-k4-fold0-seed0,0
ar,CoPx_R,3,MSE,0.011209587646985406,1278654,fa85569c247e4428,True,location-k4-fold0-seed0,0
ar,CoPx_R,3,MAE,0.04238375915986573,1278654,fa85569c247e4428,True,location-k4-fold0-seed0,0
ar,CoPx_R,3,SS_vs_persistence,0.465950482151937,1278654,fa85569c247e4428,True,location-k4-fold0-seed0,0
ar,CoPx_R,3,SS_vs_seasonal,0.4515383797110376,1278654,fa85569c247e4428,True,location-k4-fold0-seed0,0
ar,CoPx_R,3,SS_vs_ar,8.920941763079782e-11,1278654,fa85569c247e4428,True,location-k4-fold0-seed0,0
ar,CoPx_R,4,MSE,0.011099381852082821,1278654,fa85569c247e4428,True,location-k4-fold0-seed0,0
ar,CoPx_R,4,MAE,0.04290577061764062,1278654,fa85569c247e4428,True,location-k4-fold0-seed0,0
ar,CoPx_R,4,SS_vs_persistence,0.4618263673653116,1278654,fa85569c247e4428,True,location-k4-fold0-seed0,0
ar,CoPx_R,4,SS_vs_seasonal,0.44965980405579553,1278654,fa85569c247e4428,True,location-k4-fold0-seed0,0
ar,CoPx_R,4,SS_vs_ar,9.009515355984377e-11,1278654,fa85569c247e4428,True,location-k4-fold0-seed0,0
ar,CoPx_R,5,MSE,0.010978756871473348,1278654,fa85569c247e4428,True,location-k4-fold0-seed0,0
ar,CoPx_R,5,MAE,0.043298350187949274,1278654,fa85569c247e4428,True,location-k4-fold0-seed0,0
ar,CoPx_R,5,SS_vs_persistence,0.4911598805521117,1278654,fa85569c247e4428,True,location-k4-fold0-seed0,0
ar,CoPx_R,5,SS_vs_seasonal,0.47785861075922054,1278654,fa85569c247e4428,True,location-k4-fold0-seed0,0
ar,CoPx_R,5,SS_vs_ar,9.108502840859956e-11,1278654,fa85569c247e4428,True,location-k4-fold0-seed0,0
ar,CoPx_R,6,MSE,0.010890426388325181,1278654,fa85569c247e4428,True,location-k4-fold0-seed0,0
ar,CoPx_R,6,MAE,0.04361690305482871,1278654,fa85569c247e4428,True,location-k4-fold0-seed0,0
ar,CoPx_R,6,SS_vs_persistence,0.5006233775877382,1278654,fa85569c247e4428,True,location-k4-fold0-seed0,0
ar,CoPx_R,6,SS_vs_seasonal,0.4826969091057798,1278654,fa85569c247e4428,True,location-k4-fold0-seed0,0
ar,CoPx_R,6,SS_vs_ar,9.182377080918513e-11,1278654,fa85569c247e4428,True,location-k4-fold0-seed0,0
ar,CoPx_R,7,MSE,0.01078271253361038,1278654,fa85569c247e4428,True,location-k4-fold0-seed0,0
ar,CoPx_R,7,MAE,0.04412864822488303,1278654,fa85569c247e4428,True,location-k4-fold0-seed0,0
ar,CoPx_R,7,SS_vs_persistence,0.46197132572218846,1278654,fa85569c247e4428,True,location-k4-fold0-seed0,0
ar,CoPx_R,7,SS_vs_seasonal,0.4675253630073217,1278654,fa85569c247e4428,True,location-k4-fold0-seed0,0
ar,CoPx_R,7,SS_vs_ar,9.274103707213044e-11,1278654,fa85569c247e4428,True,location-k4-fold0-seed0,0
ar,CoPx_R,8,MSE,0.010818700330363005,1278654,fa85569c247e4428,True,location-k4-fold0-seed0,0
ar,CoPx_R,8,MAE,0.04463939454757991,1278654,fa85569c247e4428,True,location-k4-fold0-seed0,0
ar,CoPx_R,8,SS_vs_persistence,0.4838004454893935,1278654,fa85569c247e4428,True,location-k4-fold0-seed0,0
ar,CoPx_R,8,SS_vs_seasonal,0.4774602644720882,1278654,fa85569c247e4428,True,location-k4-fold0-seed0,0
ar,CoPx_R,8,SS_vs_ar,9.243261711588957e-11,1278654,fa85569c247e4428,True,location-k4-fold0-seed0,0
ar,CoPx_R,9,MSE,0.010765073352236003,1278654,fa85569c247e4428,True,location-k4-fold0-seed0,0
ar,CoPx_R,9,MAE,0.045061629434178636,1278654,fa85569c247e4428,True,location-k4-fold0-seed0,0
ar,CoPx_R,9,SS_vs_persistence,0.47854314357780514,1278654,fa85569c247e4428,True,location-k4-fold0-seed0,0
ar,CoPx_R,9,SS_vs_seasonal,0.48121041512673246,1278654,fa85569c247e4428,True,location-k4-fold0-seed0,0
ar,CoPx_R,9,SS_vs_ar,9.289302660420162e-11,1278654,fa85569c247e4428,True,location-k4-fold0-seed0,0
ar,CoPx_R,10,MSE,0.010765570264977545,1278654,fa85569c247e4428,True,location-k4-fold0-seed0,0
ar,CoPx_R,10,MAE,0.045437900481439294,1278654,fa85569c247e4428,True,location-k4-fold0-seed0,0
ar,CoPx_R,10,SS_vs_persistence,0.4881907990927128,1278654,fa85569c247e4428,True,location-k4-fold0-seed0,0
ar,CoPx_R,10,SS_vs_seasonal,0.4822570503687381,1278654,fa85569c247e4428,True,location-k4-fold0-seed0,0
ar,CoPx_R,10,SS_vs_ar,9.288880775670805e-11,1278654,fa85569c247e4428,True,location-k4-fold0-seed0,0
ar,CoPx_R,11,MSE,0.01079860422362437,1278654,fa85569c247e4428,True,location-k4-fold0-seed0,0
ar,CoPx_R,11,MAE,0.04601097834802859,1278654,fa85569c247e4428,True,location-k4-fold0-seed0,0
ar,CoPx_R,11,SS_vs_persistence,0.4977528239244591,1278654,fa85569c247e4428,True,location-k4-fold0-seed0,0
ar,CoPx_R,11,SS_vs_seasonal,0.4507205792700222,1278654,fa85569c247e4428,True,location-k4-fold0-seed0,0
ar,CoPx_R,11,SS_vs_ar,9.260459066240401e-11,1278654,fa85569c247e4428,True,location-k4-fold0-seed0,0
ar,CoPx_R,12,MSE,0.010729423424241552,1278654,fa85569c247e4428,True,location-k4-fold0-seed0,0
ar,CoPx_R,12,MAE,0.04630187307752052,1278654,fa85569c247e4428,True,location-k4-fold0-seed0,0
ar,CoPx_R,12,SS_vs_persistence,0.5128365585900618,1278654,fa85569c247e4428,True,location-k4-fold0-seed0,0
ar,CoPx_R,12,SS_vs_seasonal,0.45343193261275416,1278654,fa85569c247e4428,True,location-k4-fold0-seed0,0
ar,CoPx_R,12,SS_vs_ar,9.320166860504742e-11,1278654,fa85569c247e4428,True,location-k4-fold0-seed0,0
ar,CoPx_R,13,MSE,0.010816767042651845,1278654,fa85569c247e4428,True,location-k4-fold0-seed0,0
ar,CoPx_R,13,MAE,0.04644354440025313,1278654,fa85569c247e4428,True,location-k4-fold0-seed0,0
ar,CoPx_R,13,SS_vs_persistence,0.504023699649201,1278654,fa85569c247e4428,True,location-k4-fold0-seed0,0
ar,CoPx_R,13,SS_vs_seasonal,0.4678642605172394,1278654,fa85569c247e4428,True,location-k4-fold0-seed0,0
ar,CoPx_R,13,SS_vs_ar,9.244915943895649e-11,1278654,fa85569c247e4428,True,location-k4-fold0-seed0,0
ar,CoPx_R,14,MSE,0.010956359521364074,1278654,fa85569c247e4428,True,location-k4-fold0-seed0,0
ar,CoPx_R,14,MAE,0.04666890438677806,1278654,fa85569c247e4428,True,location-k4-fold0-seed0,0
ar,CoPx_R,14,SS_vs_persistence,0.5080232605949216,1278654,fa85569c247e4428,True,location-k4-fold0-seed0,0
ar,CoPx_R,14,SS_vs_seasonal,0.46572419682835364,1278654,fa85569c247e4428,True,location-k4-fold0-seed0,0
ar,CoPx_R,14,SS_vs_ar,9.12712128098292e-11,1278654,fa85569c247e4428,True,location-k4-fold0-seed0,0
ar,CoPx_R,15,MSE,0.010897552996155978,1278654,fa85569c247e4428,True,location-k4-fold0-seed0,0
ar,CoPx_R,15,MAE,0.04694035278641845,1278654,fa85569c247e4428,True,location-k4-fold0-seed0,0
ar,CoPx_R,15,SS_vs_persistence,0.49262519795784165,1278654,fa85569c247e4428,True,location-k4-fold0-seed0,0
ar,CoPx_R,15,SS_vs_seasonal,0.4733817472379812,1278654,fa85569c247e4428,True,location-k4-fold0-seed0,0
ar,CoPx_R,15,SS_vs_ar,9.176370774355291e-11,1278654,fa85569c247e4428,True,location-k4-fold0-seed0,0
ar,CoPx_R,16,MSE,0.011067037446087844,1278654,fa85569c247e4428,True,location-k4-fold0-seed0,0
ar,CoPx_R,16,MAE,0.04743738868941925,1278654,fa85569c247e4428,True,location-k4-fold0-seed0,0
ar,CoPx_R,16,SS_vs_persistence,0.48485982327035526,1278654,fa85569c247e4428,True,location-k4-fold0-seed0,0
ar,CoPx_R,16,SS_vs_seasonal,0.46882619839473494,1278654,fa85569c247e4428,True,location-k4-fold0-seed0,0
ar,CoPx_R,16,SS_vs_ar,9.035849846128485e-11,1278654,fa85569c247e4428,True,location-k4-fold0-seed0,0
ar,CoPx_R,17,MSE,0.011319505010421015,1278654,fa85569c247e4428,True,location-k4-fold0-seed0,0
ar,CoPx_R,17,MAE,0.04765223675843337,1278654,fa85569c247e4428,True,location-k4-fold0-seed0,0
ar,CoPx_R,17,SS_vs_persistence,0.49425098192340555,1278654,fa85569c247e4428,True,location-k4-fold0-seed0,0
ar,CoPx_R,17,SS_vs_seasonal,0.47167237525151573,1278654,fa85569c247e4428,True,location-k4-fold0-seed0,0
ar,CoPx_R,17,SS_vs_ar,8.83431106046828e-11,1278654,fa85569c247e4428,True,location-k4-fold0-seed0,0
ar,CoPx_R,18,MSE,0.011347711127315757,1278654,fa85569c247e4428,True,location-k4-fold0-seed0,0
ar,CoPx_R,18,MAE,0.04792984254574519,1278654,fa85569c247e4428,True,location-k4-fold0-seed0,0
ar,CoPx_R,18,SS_vs_persistence,0.4967152870525806,1278654,fa85569c247e4428,True,location-k4-fold0-seed0,0
ar,CoPx_R,18,SS_vs_seasonal,0.4719391992766915,1278654,fa85569c247e4428,True,location-k4-fold0-seed0,0
ar,CoPx_R,18,SS_vs_ar,8.812350849041195e-11,1278654,fa85569c247e4428,True,location-k4-fold0-seed0,0
ar,CoPx_R,19,MSE,0.01135672843428994,1278654,fa85569c247e4428,True,location-k4-fold0-seed0,0
ar,CoPx_R,19,MAE,0.048299398934300304,1278654,fa85569c247e4428,True,location-k4-fold0-seed0,0
ar,CoPx_R,19,SS_vs_persistence,0.47342785746648675,1278654,fa85569c247e4428,True,location-k4-fold0-seed0,0
ar,CoPx_R,19,SS_vs_seasonal,0.4715862721897953,1278654,fa85569c247e4428,True,location-k4-fold0-seed0,0
ar,CoPx_R,19,SS_vs_ar,8.805356443986057e-11,1278654,fa85569c247e4428,True,location-k4-fold0-seed0,0
ar,CoPx_R,20,MSE,0.011456887020269774,1278654,fa85569c247e4428,True,location-k4-fold0-seed0,0
ar,CoPx_R,20,MAE,0.04849654259795938,1278654,fa85569c247e4428,True,location-k4-fold0-seed0,0
ar,CoPx_R,20,SS_vs_persistence,0.4850951253890263,1278654,fa85569c247e4428,True,location-k4-fold0-seed0,0
ar,CoPx_R,20,SS_vs_seasonal,0.47745522805622287,1278654,fa85569c247e4428,True,location-k4-fold0-seed0,0
ar,CoPx_R,20,SS_vs_ar,8.728373579458548e-11,1278654,fa85569c247e4428,True,location-k4-fold0-seed0,0
ar,CoPx_R,21,MSE,0.011496982623907187,1278654,fa85569c247e4428,True,location-k4-fold0-seed0,0
ar,CoPx_R,21,MAE,0.04860990564773128,1278654,fa85569c247e4428,True,location-k4-fold0-seed0,0
ar,CoPx_R,21,SS_vs_persistence,0.4894838218607416,1278654,fa85569c247e4428,True,location-k4-fold0-seed0,0
ar,CoPx_R,21,SS_vs_seasonal,0.5175920580734197,1278654,fa85569c247e4428,True,location-k4-fold0-seed0,0
ar,CoPx_R,21,SS_vs_ar,8.697942366353573e-11,1278654,fa85569c247e4428,True,location-k4-fold0-seed0,0
ar,CoPx_R,22,MSE,0.011456673621257801,1278654,fa85569c247e4428,True,location-k4-fold0-seed0,0
ar,CoPx_R,22,MAE,0.04877805457768349,1278654,fa85569c247e4428,True,location-k4-fold0-seed0,0
ar,CoPx_R,22,SS_vs_persistence,0.5198182679083112,1278654,fa85569c247e4428,True,location-k4-fold0-seed0,0
ar,CoPx_R,22,SS_vs_seasonal,0.5214118230114393,1278654,fa85569c247e4428,True,location-k4-fold0-seed0,0
ar,CoPx_R,22,SS_vs_ar,8.728540112912242e-11,1278654,fa85569c247e4428,True,location-k4-fold0-seed0,0
ar,CoPx_R,23,MSE,0.011380093121611591,1278654,fa85569c247e4428,True,location-k4-fold0-seed0,0
ar,CoPx_R,23,MAE,0.04900713401268262,1278654,fa85569c247e4428,True,location-k4-fold0-seed0,0
ar,CoPx_R,23,SS_vs_persistence,0.5055621859206085,1278654,fa85569c247e4428,True,location-k4-fold0-seed0,0
ar,CoPx_R,23,SS_vs_seasonal,0.5204408722919254,1278654,fa85569c247e4428,True,location-k4-fold0-seed0,0
ar,CoPx_R,23,SS_vs_ar,8.787282013145159e-11,1278654,fa85569c247e4428,True,location-k4-fold0-seed0,0
ar,CoPx_R,24,MSE,0.011402744548480847,1278654,fa85569c247e4428,True,location-k4-fold0-seed0,0
ar,CoPx_R,24,MAE,0.049286710428323985,1278654,fa85569c247e4428,True,location-k4-fold0-seed0,0
ar,CoPx_R,24,SS_vs_persistence,0.5184749285504268,1278654,fa85569c247e4428,True,location-k4-fold0-seed0,0
ar,CoPx_R,24,SS_vs_seasonal,0.5194898444915874,1278654,fa85569c247e4428,True,location-k4-fold0-seed0,0
ar,CoPx_R,24,SS_vs_ar,8.769818204967805e-11,1278654,fa85569c247e4428,True,location-k4-fold0-seed0,0
ar,CoPx_R,25,MSE,0.01139058802647296,1278654,fa85569c247e4428,True,location-k4-fold0-seed0,0
ar,CoPx_R,25,MAE,0.049695378064033666,1278654,fa85569c247e4428,True,location-k4-fold0-seed0,0
ar,CoPx_R,25,SS_vs_persistence,0.49928139293838625,1278654,fa85569c247e4428,True,location-k4-fold0-seed0,0
ar,CoPx_R,25,SS_vs_seasonal,0.522695687726999,1278654,fa85569c247e4428,True,location-k4-fold0-seed0,0
ar,CoPx_R,25,SS_vs_ar,8.779177385065395e-11,1278654,fa85569c247e4428,True,location-k4-fold0-seed0,0
ar,CoPx_R,26,MSE,0.011355956216447584,1278654,fa85569c247e4428,True,location-k4-fold0-seed0,0
ar,CoPx_R,26,MAE,0.049984920019655044,1278654,fa85569c247e4428,True,location-k4-fold0-seed0,0
ar,CoPx_R,26,SS_vs_persistence,0.5056180112901789,1278654,fa85569c247e4428,True,location-k4-fold0-seed0,0
ar,CoPx_R,26,SS_vs_seasonal,0.5224486058913084,1278654,fa85569c247e4428,True,location-k4-fold0-seed0,0
ar,CoPx_R,26,SS_vs_ar,8.805955964419354e-11,1278654,fa85569c247e4428,True,location-k4-fold0-seed0,0
ar,CoPx_R,27,MSE,0.01145676416567396,1278654,fa85569c247e4428,True,location-k4-fold0-seed0,0
ar,CoPx_R,27,MAE,0.050158380095030264,1278654,fa85569c247e4428,True,location-k4-fold0-seed0,0
ar,CoPx_R,27,SS_vs_persistence,0.5252588645356009,1278654,fa85569c247e4428,True,location-k4-fold0-seed0,0
ar,CoPx_R,27,SS_vs_seasonal,0.5274088188013473,1278654,fa85569c247e4428,True,location-k4-fold0-seed0,0
ar,CoPx_R,27,SS_vs_ar,8.728473499530764e-11,1278654,fa85569c247e4428,True,location-k4-fold0-seed0,0
ar,CoPx_R,28,MSE,0.011436573323451155,1278654,fa85569c247e4428,True,location-k4-fold0-seed0,0
ar,CoPx_R,28,MAE,0.05016776287294533,1278654,fa85569c247e4428,True,location-k4-fold0-seed0,0
ar,CoPx_R,28,SS_vs_persistence,0.4890987058708425,1278654,fa85569c247e4428,True,location-k4-fold0-seed0,0
ar,CoPx_R,28,SS_vs_seasonal,0.5283817591064883,1278654,fa85569c247e4428,True,location-k4-fold0-seed0,0
ar,CoPx_R,28,SS_vs_ar,8.743883395112562e-11,1278654,fa85569c247e4428,True,location-k4-fold0-seed0,0
ar,CoPx_R,29,MSE,0.011521735138150808,1278654,fa85569c247e4428,True,location-k4-fold0-seed0,0
ar,CoPx_R,29,MAE,0.050504845960753206,1278654,fa85569c247e4428,True,location-k4-fold0-seed0,0
ar,CoPx_R,29,SS_vs_persistence,0.5067880977579315,1278654,fa85569c247e4428,True,location-k4-fold0-seed0,0
ar,CoPx_R,29,SS_vs_seasonal,0.5197999831454186,1278654,fa85569c247e4428,True,location-k4-fold0-seed0,0
ar,CoPx_R,29,SS_vs_ar,8.679257312849131e-11,1278654,fa85569c247e4428,True,location-k4-fold0-seed0,0
ar,CoPx_R,30,MSE,0.011521384521558443,1278654,fa85569c247e4428,True,location-k4-fold0-seed0,0
ar,CoPx_R,30,MAE,0.050745303337925735,1278654,fa85569c247e4428,True,location-k4-fold0-seed0,0
ar,CoPx_R,30,SS_vs_persistence,0.5227500173397488,1278654,fa85569c247e4428,True,location-k4-fold0-seed0,0
ar,CoPx_R,30,SS_vs_seasonal,0.5181977330700408,1278654,fa85569c247e4428,True,location-k4-fold0-seed0,0
ar,CoPx_R,30,SS_vs_ar,8.679512664144795e-11,1278654,fa85569c247e4428,True,location-k4-fold0-seed0,0
ar,CoPx_R,all,MSE,0.01116463620503802,1278654,fa85569c247e4428,True,location-k4-fold0-seed0,0
ar,CoPx_R,all,MAE,0.04675043706417657,1278654,fa85569c247e4428,True,location-k4-fold0-seed0,0
ar,CoPx_R,all,SS_vs_persistence,0.49260492910986386,1278654,fa85569c247e4428,True,location-k4-fold0-seed0,0
ar,CoPx_R,all,SS_vs_seasonal,0.4866929065087032,1278654,fa85569c247e4428,True,location-k4-fold0-seed0,0
ar,CoPx_R,all,SS_vs_ar,8.956857477926405e-11,1278654,fa85569c247e4428,True,location-k4-fold0-seed0,0
ar,CoPy_R,1,MSE,0.008044603386825203,1278654,fa85569c247e4428,True,location-k4-fold0-seed0,0
ar,CoPy_R,1,MAE,0.04790667141671449,1278654,fa85569c247e4428,True,location-k4-fold0-seed0,0
ar,CoPy_R,1,SS_vs_persistence,0.35295677492779753,1278654,fa85569c247e4428,True,location-k4-fold0-seed0,0
ar,CoPy_R,1,SS_vs_seasonal,0.4331672707831761,1278654,fa85569c247e4428,True,location-k4-fold0-seed0,0
ar,CoPy_R,1,SS_vs_ar,1.2430700913057535e-10,1278654,fa85569c247e4428,True,location-k4-fold0-seed0,0
ar,CoPy_R,2,MSE,0.00828569718101822,1278654,fa85569c247e4428,True,location-k4-fold0-seed0,0
ar,CoPy_R,2,MAE,0.049095843883027734,1278654,fa85569c247e4428,True,location-k4-fold0-seed0,0
ar,CoPy_R,2,SS_vs_persistence,0.39529451174259667,1278654,fa85569c247e4428,True,location-k4-fold0-seed0,0
ar,CoPy_R,2,SS_vs_seasonal,0.42789957212924634,1278654,fa85569c247e4428,True,location-k4-fold0-seed0,0
ar,CoPy_R,2,SS_vs_ar,1.206899025163466e-10,1278654,fa85569c247e4428,True,location-k4-fold0-seed0,0
ar,CoPy_R,3,MSE,0.008315078340576902,1278654,fa85569c247e4428,True,location-k4-fold0-seed0,0
ar,CoPy_R,3,MAE,0.049327298134125744,1278654,fa85569c247e4428,True,location-k4-fold0-seed0,0
ar,CoPy_R,3,SS_vs_persistence,0.40393851205237263,1278654,fa85569c247e4428,True,location-k4-fold0-seed0,0
ar,CoPy_R,3,SS_vs_seasonal,0.41832160167931587,1278654,fa85569c247e4428,True,location-k4-fold0-seed0,0
ar,CoPy_R,3,SS_vs_ar,1.2026346585258807e-10,1278654,fa85569c247e4428,True,location-k4-fold0-seed0,0
ar,CoPy_R,4,MSE,0.008324140146870447,1278654,fa85569c247e4428,True,location-k4-fold0-seed0,0
ar,CoPy_R,4,MAE,0.04948177946097066,1278654,fa85569c247e4428,True,location-k4-fold0-seed0,0
ar,CoPy_R,4,SS_vs_persistence,0.407560920157763,1278654,fa85569c247e4428,True,location-k4-fold0-seed0,0
ar,CoPy_R,4,SS_vs_seasonal,0.4181334524114487,1278654,fa85569c247e4428,True,location-k4-fold0-seed0,0
ar,CoPy_R,4,SS_vs_ar,1.2013257055798476e-10,1278654,fa85569c247e4428,True,location-k4-fold0-seed0,0
ar,CoPy_R,5,MSE,0.008312063543856498,1278654,fa85569c247e4428,True,location-k4-fold0-seed0,0
ar,CoPy_R,5,MAE,0.0495299735174173,1278654,fa85569c247e4428,True,location-k4-fold0-seed0,0
ar,CoPy_R,5,SS_vs_persistence,0.39252126637785845,1278654,fa85569c247e4428,True,location-k4-fold0-seed0,0
ar,CoPy_R,5,SS_vs_seasonal,0.4187257767811392,1278654,fa85569c247e4428,True,location-k4-fold0-seed0,0
ar,CoPy_R,5,SS_vs_ar,1.2030709761745584e-10,1278654,fa85569c247e4428,True,location-k4-fold0-seed0,0
ar,CoPy_R,6,MSE,0.008355458504700358,1278654,fa85569c247e4428,True,location-k4-fold0-seed0,0
ar,CoPy_R,6,MAE,0.04969414917351335,1278654,fa85569c247e4428,True,location-k4-fold0-seed0,0
ar,CoPy_R,6,SS_vs_persistence,0.40141265904873236,1278654,fa85569c247e4428,True,location-k4-fold0-seed0,0
ar,CoPy_R,6,SS_vs_seasonal,0.4141000406634676,1278654,fa85569c247e4428,True,location-k4-fold0-seed0,0
ar,CoPy_R,6,SS_vs_ar,1.196822640991968e-10,1278654,fa85569c247e4428,True,location-k4-fold0-seed0,0
ar,CoPy_R,7,MSE,0.008387502524330433,1278654,fa85569c247e4428,True,location-k4-fold0-seed0,0
ar,CoPy_R,7,MAE,0.049892365923131454,1278654,fa85569c247e4428,True,location-k4-fold0-seed0,0
ar,CoPy_R,7,SS_vs_persistence,0.3989721520481643,1278654,fa85569c247e4428,True,location-k4-fold0-seed0,0
ar,CoPy_R,7,SS_vs_seasonal,0.407642813617056,1278654,fa85569c247e4428,True,location-k4-fold0-seed0,0
ar,CoPy_R,7,SS_vs_ar,1.1922507425765616e-10,1278654,fa85569c247e4428,True,location-k4-fold0-seed0,0
ar,CoPy_R,8,MSE,0.008378634762180343,1278654,fa85569c247e4428,True,location-k4-fold0-seed0,0
ar,CoPy_R,8,MAE,0.050006477396640235,1278654,fa85569c247e4428,True,location-k4-fold0-seed0,0
ar,CoPy_R,8,SS_vs_persistence,0.4140445494673598,1278654,fa85569c247e4428,True,location-k4-fold0-seed0,0
ar,CoPy_R,8,SS_vs_seasonal,0.41045838216781527,1278654,fa85569c247e4428,True,location-k4-fold0-seed0,0
ar,CoPy_R,8,SS_vs_ar,1.1935119559325358e-10,1278654,fa85569c247e4428,True,location-k4-fold0-seed0,0
ar,CoPy_R,9,MSE,0.0084099303484708,1278654,fa85569c247e4428,True,location-k4-fold0-seed0,0
ar,CoPy_R,9,MAE,0.050114388581658335,1278654,fa85569c247e4428,True,location-k4-fold0-seed0,0
ar,CoPy_R,9,SS_vs_persistence,0.4084988728311333,1278654,fa85569c247e4428,True,location-k4-fold0-seed0,0
ar,CoPy_R,9,SS_vs_seasonal,0.4135876887885582,1278654,fa85569c247e4428,True,location-k4-fold0-seed0,0
ar,CoPy_R,9,SS_vs_ar,1.1890710638340352e-10,1278654,fa85569c247e4428,True,location-k4-fold0-seed0,0
ar,CoPy_R,10,MSE,0.008441999834573782,1278654,fa85569c247e4428,True,location-k4-fold0-seed0,0
ar,CoPy_R,10,MAE,0.050236004436016564,1278654,fa85569c247e4428,True,location-k4-fold0-seed0,0
ar,CoPy_R,10,SS_vs_persistence,0.40290127628440886,1278654,fa85569c247e4428,True,location-k4-fold0-seed0,0
ar,CoPy_R,10,SS_vs_seasonal,0.40914568899097226,1278654,fa85569c247e4428,True,location-k4-fold0-seed0,0
ar,CoPy_R,10,SS_vs_ar,1.1845535663468354e-10,1278654,fa85569c247e4428,True,location-k4-fold0-seed0,0
ar,CoPy_R,11,MSE,0.008501254135130457,1278654,fa85569c247e4428,True,location-k4-fold0-seed0,0
ar,CoPy_R,11,MAE,0.05039599870352609,1278654,fa85569c247e4428,True,location-k4-fold0-seed0,0
ar,CoPy_R,11,SS_vs_persistence,0.43155156118220717,1278654,fa85569c247e4428,True,location-k4-fold0-seed0,0
ar,CoPy_R,11,SS_vs_seasonal,0.40869517298195623,1278654,fa85569c247e4428,True,location-k4-fold0-seed0,0
ar,CoPy_R,11,SS_vs_ar,1.1762979479357227e-10,1278654,fa85569c247e4428,True,location-k4-fold0-seed0,0
ar,CoPy_R,12,MSE,0.008475285848185677,1278654,fa85569c247e4428,True,location-k4-fold0-seed0,0
ar,CoPy_R,12,MAE,0.05043295003606237,1278654,fa85569c247e4428,True,location-k4-fold0-seed0,0
ar,CoPy_R,12,SS_vs_persistence,0.3880519584089088,1278654,fa85569c247e4428,True,location-k4-fold0-seed0,0
ar,CoPy_R,12,SS_vs_seasonal,0.39869402279906174,1278654,fa85569c247e4428,True,location-k4-fold0-seed0,0
ar,CoPy_R,12,SS_vs_ar,1.179901731873656e-10,1278654,fa85569c247e4428,True,location-k4-fold0-seed0,0
ar,CoPy_R,13,MSE,0.008538827086323138,1278654,fa85569c247e4428,True,location-k4-fold0-seed0,0
ar,CoPy_R,13,MAE,0.050544342493360664,1278654,fa85569c247e4428,True,location-k4-fold0-seed0,0
ar,CoPy_R,13,SS_vs_persistence,0.40112210093866496,1278654,fa85569c247e4428,True,location-k4-fold0-seed0,0
ar,CoPy_R,13,SS_vs_seasonal,0.4003819392512674,1278654,fa85569c247e4428,True,location-k4-fold0-seed0,0
ar,CoPy_R,13,SS_vs_ar,1.1711220881949203e-10,1278654,fa85569c247e4428,True,location-k4-fold0-seed0,0
ar,CoPy_R,14,MSE,0.008552539329257088,1278654,fa85569c247e4428,True,location-k4-fold0-seed0,0
ar,CoPy_R,14,MAE,0.05055595694438667,1278654,fa85569c247e4428,True,location-k4-fold0-seed0,0
ar,CoPy_R,14,SS_vs_persistence,0.40718532253584216,1278654,fa85569c247e4428,True,location-k4-fold0-seed0,0
ar,CoPy_R,14,SS_vs_seasonal,0.3959034320430571,1278654,fa85569c247e4428,True,location-k4-fold0-seed0,0
ar,CoPy_R,14,SS_vs_ar,1.1692435908372545e-10,1278654,fa85569c247e4428,True,location-k4-fold0-seed0,0
ar,CoPy_R,15,MSE,0.00858420672669852,1278654,fa85569c247e4428,True,location-k4-fold0-seed0,0
ar,CoPy_R,15,MAE,0.05067603598463297,1278654,fa85569c247e4428,True,location-k4-fold0-seed0,0
ar,CoPy_R,15,SS_vs_persistence,0.39473366712985014,1278654,fa85569c247e4428,True,location-k4-fold0-seed0,0
ar,CoPy_R,15,SS_vs_seasonal,0.39338974746628963,1278654,fa85569c247e4428,True,location-k4-fold0-seed0,0
ar,CoPy_R,15,SS_vs_ar,1.1649303743865858e-10,1278654,fa85569c247e4428,True,location-k4-fold0-seed0,0
ar,CoPy_R,16,MSE,0.008662201105667386,1278654,fa85569c247e4428,True,location-k4-fold0-seed0,0
ar,CoPy_R,16,MAE,0.05097974586194798,1278654,fa85569c247e4428,True,location-k4-fold0-seed0,0
ar,CoPy_R,16,SS_vs_persistence,0.4030572417922679,1278654,fa85569c247e4428,True,location-k4-fold0-seed0,0
ar,CoPy_R,16,SS_vs_seasonal,0.3959784860691048,1278654,fa85569c247e4428,True,location-k4-fold0-seed0,0
ar,CoPy_R,16,SS_vs_ar,1.1544409872499273e-10,1278654,fa85569c247e4428,True,location-k4-fold0-seed0,0
ar,CoPy_R,17,MSE,0.00872367174308105,1278654,fa85569c247e4428,True,location-k4-fold0-seed0,0
ar,CoPy_R,17,MAE,0.051205552222438507,1278654,fa85569c247e4428,True,location-k4-fold0-seed0,0
ar,CoPy_R,17,SS_vs_persistence,0.38679603705542476,1278654,fa85569c247e4428,True,location-k4-fold0-seed0,0
ar,CoPy_R,17,SS_vs_seasonal,0.3907684939733911,1278654,fa85569c247e4428,True,location-k4-fold0-seed0,0
ar,CoPy_R,17,SS_vs_ar,1.1463063831484988e-10,1278654,fa85569c247e4428,True,location-k4-fold0-seed0,0
ar,CoPy_R,18,MSE,0.008761380617345566,1278654,fa85569c247e4428,True,location-k4-fold0-seed0,0
ar,CoPy_R,18,MAE,0.051265903462341965,1278654,fa85569c247e4428,True,location-k4-fold0-seed0,0
ar,CoPy_R,18,SS_vs_persistence,0.4012708870747801,1278654,fa85569c247e4428,True,location-k4-fold0-seed0,0
ar,CoPy_R,18,SS_vs_seasonal,0.3882043811057474,1278654,fa85569c247e4428,True,location-k4-fold0-seed0,0
ar,CoPy_R,18,SS_vs_ar,1.1413736622500892e-10,1278654,fa85569c247e4428,True,location-k4-fold0-seed0,0
ar,CoPy_R,19,MSE,0.00883332097649326,1278654,fa85569c247e4428,True,location-k4-fold0-seed0,0
ar,CoPy_R,19,MAE,0.05144533844882104,1278654,fa85569c247e4428,True,location-k4-fold0-seed0,0
ar,CoPy_R,19,SS_vs_persistence,0.4032825868325124,1278654,fa85569c247e4428,True,location-k4-fold0-seed0,0
ar,CoPy_R,19,SS_vs_seasonal,0.39373732764548885,1278654,fa85569c247e4428,True,location-k4-fold0-seed0,0
ar,CoPy_R,19,SS_vs_ar,1.1320777648649027e-10,1278654,fa85569c247e4428,True,location-k4-fold0-seed0,0
ar,CoPy_R,20,MSE,0.008837460459275083,1278654,fa85569c247e4428,True,location-k4-fold0-seed0,0
ar,CoPy_R,20,MAE,0.05154017210172412,1278654,fa85569c247e4428,True,location-k4-fold0-seed0,0
ar,CoPy_R,20,SS_vs_persistence,0.3931153494724361,1278654,fa85569c247e4428,True,location-k4-fold0-seed0,0
ar,CoPy_R,20,SS_vs_seasonal,0.3928391786386265,1278654,fa85569c247e4428,True,location-k4-fold0-seed0,0
ar,CoPy_R,20,SS_vs_ar,1.1315470782591319e-10,1278654,fa85569c247e4428,True,location-k4-fold0-seed0,0
ar,CoPy_R,21,MSE,0.008851203082976806,1278654,fa85569c247e4428,True,location-k4-fold0-seed0,0
ar,CoPy_R,21,MAE,0.051593148299117535,1278654,fa85569c247e4428,True,location-k4-fold0-seed0,0
ar,CoPy_R,21,SS_vs_persistence,0.41983700017472025,1278654,fa85569c247e4428,True,location-k4-fold0-seed0,0
ar,CoPy_R,21,SS_vs_seasonal,0.43784975875847765,1278654,fa85569c247e4428,True,location-k4-fold0-seed0,0
ar,CoPy_R,21,SS_vs_ar,1.1297907054341749e-10,1278654,fa85569c247e4428,True,location-k4-fold0-seed0,0
ar,CoPy_R,22,MSE,0.0088334034916436,1278654,fa85569c247e4428,True,location-k4-fold0-seed0,0
ar,CoPy_R,22,MAE,0.051532689227266955,1278654,fa85569c247e4428,True,location-k4-fold0-seed0,0
ar,CoPy_R,22,SS_vs_persistence,0.4230682406170758,1278654,fa85569c247e4428,True,location-k4-fold0-seed0,0
ar,CoPy_R,22,SS_vs_seasonal,0.43007697071189954,1278654,fa85569c247e4428,True,location-k4-fold0-seed0,0
ar,CoPy_R,22,SS_vs_ar,1.1320666626346565e-10,1278654,fa85569c247e4428,True,location-k4-fold0-seed0,0
ar,CoPy_R,23,MSE,0.008796190782564127,1278654,fa85569c247e4428,True,location-k4-fold0-seed0,0
ar,CoPy_R,23,MAE,0.051462593139600325,1278654,fa85569c247e4428,True,location-k4-fold0-seed0,0
ar,CoPy_R,23,SS_vs_persistence,0.43282093350515105,1278654,fa85569c247e4428,True,location-k4-fold0-seed0,0
ar,CoPy_R,23,SS_vs_seasonal,0.4361350287235243,1278654,fa85569c247e4428,True,location-k4-fold0-seed0,0
ar,CoPy_R,23,SS_vs_ar,1.1368561647628894e-10,1278654,fa85569c247e4428,True,location-k4-fold0-seed0,0
ar,CoPy_R,24,MSE,0.008770597180971434,1278654,fa85569c247e4428,True,location-k4-fold0-seed0,0
ar,CoPy_R,24,MAE,0.05137463891304366,1278654,fa85569c247e4428,True,location-k4-fold0-seed0,0
ar,CoPy_R,24,SS_vs_persistence,0.4231301276135838,1278654,fa85569c247e4428,True,location-k4-fold0-seed0,0
ar,CoPy_R,24,SS_vs_seasonal,0.44295551775259634,1278654,fa85569c247e4428,True,location-k4-fold0-seed0,0
ar,CoPy_R,24,SS_vs_ar,1.1401735111604694e-10,1278654,fa85569c247e4428,True,location-k4-fold0-seed0,0
ar,CoPy_R,25,MSE,0.008792482385685379,1278654,fa85569c247e4428,True,location-k4-fold0-seed0,0
ar,CoPy_R,25,MAE,0.05147335892202819,1278654,fa85569c247e4428,True,location-k4-fold0-seed0,0
ar,CoPy_R,25,SS_vs_persistence,0.413637983213641,1278654,fa85569c247e4428,True,location-k4-fold0-seed0,0
ar,CoPy_R,25,SS_vs_seasonal,0.43113700134777544,1278654,fa85569c247e4428,True,location-k4-fold0-seed0,0
ar,CoPy_R,25,SS_vs_ar,1.1373357811095275e-10,1278654,fa85569c247e4428,True,location-k4-fold0-seed0,0
ar,CoPy_R,26,MSE,0.008775263138424352,1278654,fa85569c247e4428,True,location-k4-fold0-seed0,0
ar,CoPy_R,26,MAE,0.05160681952614471,1278654,fa85569c247e4428,True,location-k4-fold0-seed0,0
ar,CoPy_R,26,SS_vs_persistence,0.4047349631733095,1278654,fa85569c247e4428,True,location-k4-fold0-seed0,0
ar,CoPy_R,26,SS_vs_seasonal,0.42463572290717344,1278654,fa85569c247e4428,True,location-k4-fold0-seed0,0
ar,CoPy_R,26,SS_vs_ar,1.139567329389024e-10,1278654,fa85569c247e4428,True,location-k4-fold0-seed0,0
ar,CoPy_R,27,MSE,0.008782195106787278,1278654,fa85569c247e4428,True,location-k4-fold0-seed0,0
ar,CoPy_R,27,MAE,0.051624093206135424,1278654,fa85569c247e4428,True,location-k4-fold0-seed0,0
ar,CoPy_R,27,SS_vs_persistence,0.4268486753124303,1278654,fa85569c247e4428,True,location-k4-fold0-seed0,0
ar,CoPy_R,27,SS_vs_seasonal,0.42794074763751977,1278654,fa85569c247e4428,True,location-k4-fold0-seed0,0
ar,CoPy_R,27,SS_vs_ar,1.1386680487390777e-10,1278654,fa85569c247e4428,True,location-k4-fold0-seed0,0
ar,CoPy_R,28,MSE,0.008750093144369456,1278654,fa85569c247e4428,True,location-k4-fold0-seed0,0
ar,CoPy_R,28,MAE,0.05148084501485366,1278654,fa85569c247e4428,True,location-k4-fold0-seed0,0
ar,CoPy_R,28,SS_vs_persistence,0.44078372278487243,1278654,fa85569c247e4428,True,location-k4-fold0-seed0,0
ar,CoPy_R,28,SS_vs_seasonal,0.43743248712829863,1278654,fa85569c247e4428,True,location-k4-fold0-seed0,0
ar,CoPy_R,28,SS_vs_ar,1.1428458179807421e-10,1278654,fa85569c247e4428,True,location-k4-fold0-seed0,0
ar,CoPy_R,29,MSE,0.008729893565096618,1278654,fa85569c247e4428,True,location-k4-fold0-seed0,0
ar,CoPy_R,29,MAE,0.051375513297048425,1278654,fa85569c247e4428,True,location-k4-fold0-seed0,0
ar,CoPy_R,29,SS_vs_persistence,0.4504296954929867,1278654,fa85569c247e4428,True,location-k4-fold0-seed0,0
ar,CoPy_R,29,SS_vs_seasonal,0.43957813835075166,1278654,fa85569c247e4428,True,location-k4-fold0-seed0,0
ar,CoPy_R,29,SS_vs_ar,1.1454903692253993e-10,1278654,fa85569c247e4428,True,location-k4-fold0-seed0,0
ar,CoPy_R,30,MSE,0.008774761905815219,1278654,fa85569c247e4428,True,location-k4-fold0-seed0,0
ar,CoPy_R,30,MAE,0.051471247381528536,1278654,fa85569c247e4428,True,location-k4-fold0-seed0,0
ar,CoPy_R,30,SS_vs_persistence,0.43844280708457084,1278654,fa85569c247e4428,True,location-k4-fold0-seed0,0
ar,CoPy_R,30,SS_vs_seasonal,0.43219934901364476,1278654,fa85569c247e4428,True,location-k4-fold0-seed0,0
ar,CoPy_R,30,SS_vs_ar,1.139632832547477e-10,1278654,fa85569c247e4428,True,location-k4-fold0-seed0,0
ar,CoPy_R,all,MSE,0.008586116280003227,1278654,fa85569c247e4428,True,location-k4-fold0-seed0,0
ar,CoPy_R,all,MAE,0.05064435502345569,1278654,fa85569c247e4428,True,location-k4-fold0-seed0,0
ar,CoPy_R,all,SS_vs_persistence,0.40961638197119243,1278654,fa85569c247e4428,True,location-k4-fold0-seed0,0
ar,CoPy_R,all,SS_vs_seasonal,0.4161793070305405,1278654,fa85569c247e4428,True,location-k4-fold0-seed0,0
ar,CoPy_R,all,SS_vs_ar,1.164671692421848e-10,1278654,fa85569c247e4428,True,location-k4-fold0-seed0,0
map_aggregate,F_R,1,MSE,410480.93020901066,1383540,fa85569c247e4428,True,location-k4-fold0-seed0,0
map_aggregate,F_R,1,MAE,411.20371810506845,1383540,fa85569c247e4428,True,location-k4-fold0-seed0,0
map_aggregate,F_R,1,SS_vs_persistence,0.31627523659833356,1383540,fa85569c247e4428,True,location-k4-fold0-seed0,0
map_aggregate,F_R,1,SS_vs_seasonal,0.4991668806455354,1383540,fa85569c247e4428,True,location-k4-fold0-seed0,0
map_aggregate,F_R,1,SS_vs_ar,-0.018948072921926906,1383540,fa85569c247e4428,True,location-k4-fold0-seed0,0
map_aggregate,F_R,2,MSE,437728.55012392625,1383540,fa85569c247e4428,True,location-k4-fold0-seed0,0
map_aggregate,F_R,2,MAE,429.6683404242879,1383540,fa85569c247e4428,True,location-k4-fold0-seed0,0
map_aggregate,F_R,2,SS_vs_persistence,0.33084659244480696,1383540,fa85569c247e4428,True,location-k4-fold0-seed0,0
map_aggregate,F_R,2,SS_vs_seasonal,0.4691595366999607,1383540,fa85569c247e4428,True,location-k4-fold0-seed0,0
map_aggregate,F_R,2,SS_vs_ar,-0.0084929091770507,1383540,fa85569c247e4428,True,location-k4-fold0-seed0,0
map_aggregate,F_R,3,MSE,469192.283957753,1383540,fa85569c247e4428,True,location-k4-fold0-seed0,0
map_aggregate,F_R,3,MAE,465.9008855660312,1383540,fa85569c247e4428,True,location-k4-fold0-seed0,0
map_aggregate,F_R,3,SS_vs_persistence,0.33232683179520417,1383540,fa85569c247e4428,True,location-k4-fold0-seed0,0
map_aggregate,F_R,3,SS_vs_seasonal,0.4364973040659067,1383540,fa85569c247e4428,True,location-k4-fold0-seed0,0
map_aggregate,F_R,3,SS_vs_ar,-0.01652879234266358,1383540,fa85569c247e4428,True,location-k4-fold0-seed0,0
map_aggregate,F_R,4,MSE,489614.1321012617,1383540,fa85569c247e4428,True,location-k4-fold0-seed0,0
map_aggregate,F_R,4,MAE,463.36986876299835,1383540,fa85569c247e4428,True,location-k4-fold0-seed0,0
map_aggregate,F_R,4,SS_vs_persistence,0.32683796778159135,1383540,fa85569c247e4428,True,location-k4-fold0-seed0,0
map_aggregate,F_R,4,SS_vs_seasonal,0.41414851946260467,1383540,fa85569c247e4428,True,location-k4-fold0-seed0,0
map_aggregate,F_R,4,SS_vs_ar,-0.019735412717817535,1383540,fa85569c247e4428,True,location-k4-fold0-seed0,0
map_aggregate,F_R,5,MSE,491453.78449464525,1383540,fa85569c247e4428,True,location-k4-fold0-seed0,0
map_aggregate,F_R,5,MAE,473.2271664745156,1383540,fa85569c247e4428,True,location-k4-fold0-seed0,0
map_aggregate,F_R,5,SS_vs_persistence,0.3553416569468575,1383540,fa85569c247e4428,True,location-k4-fold0-seed0,0
map_aggregate,F_R,5,SS_vs_seasonal,0.4145876321543642,1383540,fa85569c247e4428,True,location-k4-fold0-seed0,0
map_aggregate,F_R,5,SS_vs_ar,0.008181443601767646,1383540,fa85569c247e4428,True,location-k4-fold0-seed0,0
map_aggregate,F_R,6,MSE,495613.9983581754,1383540,fa85569c247e4428,True,location-k4-fold0-seed0,0
map_aggregate,F_R,6,MAE,477.26830923562574,1383540,fa85569c247e4428,True,location-k4-fold0-seed0,0
map_aggregate,F_R,6,SS_vs_persistence,0.33565688211007927,1383540,fa85569c247e4428,True,location-k4-fold0-seed0,0
map_aggregate,F_R,6,SS_vs_seasonal,0.40889486502048855,1383540,fa85569c247e4428,True,location-k4-fold0-seed0,0
map_aggregate,F_R,6,SS_vs_ar,0.01936795302249228,1383540,fa85569c247e4428,True,location-k4-fold0-seed0,0
map_aggregate,F_R,7,MSE,516901.9622602816,1383540,fa85569c247e4428,True,location-k4-fold0-seed0,0
map_aggregate,F_R,7,MAE,488.06829328033956,1383540,fa85569c247e4428,True,location-k4-fold0-seed0,0
map_aggregate,F_R,7,SS_vs_persistence,0.34704434869850886,1383540,fa85569c247e4428,True,location-k4-fold0-seed0,0
map_aggregate,F_R,7,SS_vs_seasonal,0.3839855601654941,1383540,fa85569c247e4428,True,location-k4-fold0-seed0,0
map_aggregate,F_R,7,SS_vs_ar,0.013763008236727825,1383540,fa85569c247e4428,True,location-k4-fold0-seed0,0
map_aggregate,F_R,8,MSE,518666.4533330201,1383540,fa85569c247e4428,True,location-k4-fold0-seed0,0
map_aggregate,F_R,8,MAE,487.7398775117364,1383540,fa85569c247e4428,True,location-k4-fold0-seed0,0
map_aggregate,F_R,8,SS_vs_persistence,0.3352028785538401,1383540,fa85569c247e4428,True,location-k4-fold0-seed0,0
map_aggregate,F_R,8,SS_vs_seasonal,0.3769127644553001,1383540,fa85569c247e4428,True,location-k4-fold0-seed0,0
map_aggregate,F_R,8,SS_vs_ar,0.02473725224233303,1383540,fa85569c247e4428,True,location-k4-fold0-seed0,0
map_aggregate,F_R,9,MSE,543673.5377452082,1383540,fa85569c247e4428,True,location-k4-fold0-seed0,0
map_aggregate,F_R,9,MAE,512.1398354282722,1383540,fa85569c247e4428,True,location-k4-fold0-seed0,0
map_aggregate,F_R,9,SS_vs_persistence,0.31571402492877765,1383540,fa85569c247e4428,True,location-k4-fold0-seed0,0
map_aggregate,F_R,9,SS_vs_seasonal,0.34952426761364097,1383540,fa85569c247e4428,True,location-k4-fold0-seed0,0
map_aggregate,F_R,9,SS_vs_ar,0.002779878157049942,1383540,fa85569c247e4428,True,location-k4-fold0-seed0,0
map_aggregate,F_R,10,MSE,548495.8780358154,1383540,fa85569c247e4428,True,location-k4-fold0-seed0,0
map_aggregate,F_R,10,MAE,512.0168896447659,1383540,fa85569c247e4428,True,location-k4-fold0-seed0,0
map_aggregate,F_R,10,SS_vs_persistence,0.32148127393496795,1383540,fa85569c247e4428,True,location-k4-fold0-seed0,0
map_aggregate,F_R,10,SS_vs_seasonal,0.3342562179659143,1383540,fa85569c247e4428,True,location-k4-fold0-seed0,0
map_aggregate,F_R,10,SS_vs_ar,0.017969387089970534,1383540,fa85569c247e4428,True,location-k4-fold0-seed0,0
map_aggregate,F_R,11,MSE,558717.0268214378,1383540,fa85569c247e4428,True,location-k4-fold0-seed0,0
map_aggregate,F_R,11,MAE,519.6243195580059,1383540,fa85569c247e4428,True,location-k4-fold0-seed0,0
map_aggregate,F_R,11,SS_vs_persistence,0.32535647426341474,1383540,fa85569c247e4428,True,location-k4-fold0-seed0,0
map_aggregate,F_R,11,SS_vs_seasonal,0.40594767448806013,1383540,fa85569c247e4428,True,location-k4-fold0-seed0,0
map_aggregate,F_R,11,SS_vs_ar,0.020132003984777547,1383540,fa85569c247e4428,True,location-k4-fold0-seed0,0
map_aggregate,F_R,12,MSE,564033.3492369824,1383540,fa85569c247e4428,True,location-k4-fold0-seed0,0
map_aggregate,F_R,12,MAE,515.8112499002558,1383540,fa85569c247e4428,True,location-k4-fold0-seed0,0
map_aggregate,F_R,12,SS_vs_persistence,0.33524855771742557,1383540,fa85569c247e4428,True,location-k4-fold0-seed0,0
map_aggregate,F_R,12,SS_vs_seasonal,0.3995596871939816,1383540,fa85569c247e4428,True,location-k4-fold0-seed0,0
map_aggregate,F_R,12,SS_vs_ar,0.02929588437829822,1383540,fa85569c247e4428,True,location-k4-fold0-seed0,0
map_aggregate,F_R,13,MSE,575627.5546063693,1383540,fa85569c247e4428,True,location-k4-fold0-seed0,0
map_aggregate,F_R,13,MAE,525.7673484845011,1383540,fa85569c247e4428,True,location-k4-fold0-seed0,0
map_aggregate,F_R,13,SS_vs_persistence,0.3291147343916325,1383540,fa85569c247e4428,True,location-k4-fold0-seed0,0
map_aggregate,F_R,13,SS_vs_seasonal,0.3872267443809284,1383540,fa85569c247e4428,True,location-k4-fold0-seed0,0
map_aggregate,F_R,13,SS_vs_ar,0.01930360101416706,1383540,fa85569c247e4428,True,location-k4-fold0-seed0,0
map_aggregate,F_R,14,MSE,572618.7357683294,1383540,fa85569c247e4428,True,location-k4-fold0-seed0,0
map_aggregate,F_R,14,MAE,524.0709892154445,1383540,fa85569c247e4428,True,location-k4-fold0-seed0,0
map_aggregate,F_R,14,SS_vs_persistence,0.336089897988621,1383540,fa85569c247e4428,True,location-k4-fold0-seed0,0
map_aggregate,F_R,14,SS_vs_seasonal,0.3892725038156247,1383540,fa85569c247e4428,True,location-k4-fold0-seed0,0
map_aggregate,F_R,14,SS_vs_ar,0.03310428951951416,1383540,fa85569c247e4428,True,location-k4-fold0-seed0,0
map_aggregate,F_R,15,MSE,573251.8835857513,1383540,fa85569c247e4428,True,location-k4-fold0-seed0,0
map_aggregate,F_R,15,MAE,536.5852263448052,1383540,fa85569c247e4428,True,location-k4-fold0-seed0,0
map_aggregate,F_R,15,SS_vs_persistence,0.3237879406936196,1383540,fa85569c247e4428,True,location-k4-fold0-seed0,0
map_aggregate,F_R,15,SS_vs_seasonal,0.38877884151933917,1383540,fa85569c247e4428,True,location-k4-fold0-seed0,0
map_aggregate,F_R,15,SS_vs_ar,0.04010907167563971,1383540,fa85569c247e4428,True,location-k4-fold0-seed0,0
map_aggregate,F_R,16,MSE,597697.7211718044,1383540,fa85569c247e4428,True,location-k4-fold0-seed0,0
map_aggregate,F_R,16,MAE,533.4820804131219,1383540,fa85569c247e4428,True,location-k4-fold0-seed0,0
map_aggregate,F_R,16,SS_vs_persistence,0.3338017981024004,1383540,fa85569c247e4428,True,location-k4-fold0-seed0,0
map_aggregate,F_R,16,SS_vs_seasonal,0.3750851072542123,1383540,fa85569c247e4428,True,location-k4-fold0-seed0,0
map_aggregate,F_R,16,SS_vs_ar,0.05052514132303487,1383540,fa85569c247e4428,True,location-k4-fold0-seed0,0
map_aggregate,F_R,17,MSE,610730.4964955042,1383540,fa85569c247e4428,True,location-k4-fold0-seed0,0
map_aggregate,F_R,17,MAE,548.0493975924704,1383540,fa85569c247e4428,True,location-k4-fold0-seed0,0
map_aggregate,F_R,17,SS_vs_persistence,0.32545690328269583,1383540,fa85569c247e4428,True,location-k4-fold0-seed0,0
map_aggregate,F_R,17,SS_vs_seasonal,0.3613834957014386,1383540,fa85569c247e4428,True,location-k4-fold0-seed0,0
map_aggregate,F_R,17,SS_vs_ar,0.04557178765432701,1383540,fa85569c247e4428,True,location-k4-fold0-seed0,0
map_aggregate,F_R,18,MSE,622902.809572568,1383540,fa85569c247e4428,True,location-k4-fold0-seed0,0
map_aggregate,F_R,18,MAE,547.848677575702,1383540,fa85569c247e4428,True,location-k4-fold0-seed0,0
map_aggregate,F_R,18,SS_vs_persistence,0.3264030419846118,1383540,fa85569c247e4428,True,location-k4-fold0-seed0,0
map_aggregate,F_R,18,SS_vs_seasonal,0.3474585341090174,1383540,fa85569c247e4428,True,location-k4-fold0-seed0,0
map_aggregate,F_R,18,SS_vs_ar,0.04395217956943831,1383540,fa85569c247e4428,True,location-k4-fold0-seed0,0
map_aggregate,F_R,19,MSE,621827.36986864,1383540,fa85569c247e4428,True,location-k4-fold0-seed0,0
map_aggregate,F_R,19,MAE,539.9128622141011,1383540,fa85569c247e4428,True,location-k4-fold0-seed0,0
map_aggregate,F_R,19,SS_vs_persistence,0.3308823714470357,1383540,fa85569c247e4428,True,location-k4-fold0-seed0,0
map_aggregate,F_R,19,SS_vs_seasonal,0.3488472845982311,1383540,fa85569c247e4428,True,location-k4-fold0-seed0,0
map_aggregate,F_R,19,SS_vs_ar,0.05834469037311596,1383540,fa85569c247e4428,True,location-k4-fold0-seed0,0
map_aggregate,F_R,20,MSE,635681.2288486839,1383540,fa85569c247e4428,True,location-k4-fold0-seed0,0
map_aggregate,F_R,20,MAE,553.2518043464396,1383540,fa85569c247e4428,True,location-k4-fold0-seed0,0
map_aggregate,F_R,20,SS_vs_persistence,0.3242244500796593,1383540,fa85569c247e4428,True,location-k4-fold0-seed0,0
map_aggregate,F_R,20,SS_vs_seasonal,0.32623085523661133,1383540,fa85569c247e4428,True,location-k4-fold0-seed0,0
map_aggregate,F_R,20,SS_vs_ar,0.05106209404543394,1383540,fa85569c247e4428,True,location-k4-fold0-seed0,0
map_aggregate,F_R,21,MSE,622927.1506279304,1383540,fa85569c247e4428,True,location-k4-fold0-seed0,0
map_aggregate,F_R,21,MAE,541.8610194239736,1383540,fa85569c247e4428,True,location-k4-fold0-seed0,0
map_aggregate,F_R,21,SS_vs_persistence,0.32330965891809527,1383540,fa85569c247e4428,True,location-k4-fold0-seed0,0
map_aggregate,F_R,21,SS_vs_seasonal,0.37662051937364127,1383540,fa85569c247e4428,True,location-k4-fold0-seed0,0
map_aggregate,F_R,21,SS_vs_ar,0.07818448585115334,1383540,fa85569c247e4428,True,location-k4-fold0-seed0,0
map_aggregate,F_R,22,MSE,635981.878480396,1383540,fa85569c247e4428,True,location-k4-fold0-seed0,0
map_aggregate,F_R,22,MAE,546.5552395317544,1383540,fa85569c247e4428,True,location-k4-fold0-seed0,0
map_aggregate,F_R,22,SS_vs_persistence,0.3201343409747255,1383540,fa85569c247e4428,True,location-k4-fold0-seed0,0
map_aggregate,F_R,22,SS_vs_seasonal,0.3652061802054356,1383540,fa85569c247e4428,True,location-k4-fold0-seed0,0
map_aggregate,F_R,22,SS_vs_ar,0.07539690284048173,1383540,fa85569c247e4428,True,location-k4-fold0-seed0,0
map_aggregate,F_R,23,MSE,638564.437484452,1383540,fa85569c247e4428,True,location-k4-fold0-seed0,0
map_aggregate,F_R,23,MAE,546.4514674326255,1383540,fa85569c247e4428,True,location-k4-fold0-seed0,0
map_aggregate,F_R,23,SS_vs_persistence,0.33018703386053416,1383540,fa85569c247e4428,True,location-k4-fold0-seed0,0
map_aggregate,F_R,23,SS_vs_seasonal,0.3631719387735952,1383540,fa85569c247e4428,True,location-k4-fold0-seed0,0
map_aggregate,F_R,23,SS_vs_ar,0.08535232254884717,1383540,fa85569c247e4428,True,location-k4-fold0-seed0,0
map_aggregate,F_R,24,MSE,648203.4846026462,1383540,fa85569c247e4428,True,location-k4-fold0-seed0,0
map_aggregate,F_R,24,MAE,550.4335830892521,1383540,fa85569c247e4428,True,location-k4-fold0-seed0,0
map_aggregate,F_R,24,SS_vs_persistence,0.32292607217398794,1383540,fa85569c247e4428,True,location-k4-fold0-seed0,0
map_aggregate,F_R,24,SS_vs_seasonal,0.35455100056058964,1383540,fa85569c247e4428,True,location-k4-fold0-seed0,0
map_aggregate,F_R,24,SS_vs_ar,0.08412618584788811,1383540,fa85569c247e4428,True,location-k4-fold0-seed0,0
map_aggregate,F_R,25,MSE,667746.543752769,1383540,fa85569c247e4428,True,location-k4-fold0-seed0,0
map_aggregate,F_R,25,MAE,566.9471225646296,1383540,fa85569c247e4428,True,location-k4-fold0-seed0,0
map_aggregate,F_R,25,SS_vs_persistence,0.3154149875472275,1383540,fa85569c247e4428,True,location-k4-fold0-seed0,0
map_aggregate,F_R,25,SS_vs_seasonal,0.3363680748566642,1383540,fa85569c247e4428,True,location-k4-fold0-seed0,0
map_aggregate,F_R,25,SS_vs_ar,0.06797708303904881,1383540,fa85569c247e4428,True,location-k4-fold0-seed0,0
map_aggregate,F_R,26,MSE,669308.1515660937,1383540,fa85569c247e4428,True,location-k4-fold0-seed0,0
map_aggregate,F_R,26,MAE,561.3928363432316,1383540,fa85569c247e4428,True,location-k4-fold0-seed0,0
map_aggregate,F_R,26,SS_vs_persistence,0.32441051448362535,1383540,fa85569c247e4428,True,location-k4-fold0-seed0,0
map_aggregate,F_R,26,SS_vs_seasonal,0.3377700265898056,1383540,fa85569c247e4428,True,location-k4-fold0-seed0,0
map_aggregate,F_R,26,SS_vs_ar,0.0765688803265191,1383540,fa85569c247e4428,True,location-k4-fold0-seed0,0
map_aggregate,F_R,27,MSE,676423.2858401634,1383540,fa85569c247e4428,True,location-k4-fold0-seed0,0
map_aggregate,F_R,27,MAE,565.1884350858586,1383540,fa85569c247e4428,True,location-k4-fold0-seed0,0
map_aggregate,F_R,27,SS_vs_persistence,0.3295857513822378,1383540,fa85569c247e4428,True,location-k4-fold0-seed0,0
map_aggregate,F_R,27,SS_vs_seasonal,0.33152354145317464,1383540,fa85569c247e4428,True,location-k4-fold0-seed0,0
map_aggregate,F_R,27,SS_vs_ar,0.07756337841613437,1383540,fa85569c247e4428,True,location-k4-fold0-seed0,0
map_aggregate,F_R,28,MSE,673082.7572946132,1383540,fa85569c247e4428,True,location-k4-fold0-seed0,0
map_aggregate,F_R,28,MAE,567.2523536719214,1383540,fa85569c247e4428,True,location-k4-fold0-seed0,0
map_aggregate,F_R,28,SS_vs_persistence,0.33198591874713024,1383540,fa85569c247e4428,True,location-k4-fold0-seed0,0
map_aggregate,F_R,28,SS_vs_seasonal,0.3345010344933066,1383540,fa85569c247e4428,True,location-k4-fold0-seed0,0
map_aggregate,F_R,28,SS_vs_ar,0.0872251215170049,1383540,fa85569c247e4428,True,location-k4-fold0-seed0,0
map_aggregate,F_R,29,MSE,682094.6085959655,1383540,fa85569c247e4428,True,location-k4-fold0-seed0,0
map_aggregate,F_R,29,MAE,574.7834555762302,1383540,fa85569c247e4428,True,location-k4-fold0-seed0,0
map_aggregate,F_R,29,SS_vs_persistence,0.3278474537833961,1383540,fa85569c247e4428,True,location-k4-fold0-seed0,0
map_aggregate,F_R,29,SS_vs_seasonal,0.3267998599818728,1383540,fa85569c247e4428,True,location-k4-fold0-seed0,0
map_aggregate,F_R,29,SS_vs_ar,0.08199240714332534,1383540,fa85569c247e4428,True,location-k4-fold0-seed0,0
map_aggregate,F_R,30,MSE,687529.0958687911,1383540,fa85569c247e4428,True,location-k4-fold0-seed0,0
map_aggregate,F_R,30,MAE,565.0064272817411,1383540,fa85569c247e4428,True,location-k4-fold0-seed0,0
map_aggregate,F_R,30,SS_vs_persistence,0.31062111774741497,1383540,fa85569c247e4428,True,location-k4-fold0-seed0,0
map_aggregate,F_R,30,SS_vs_seasonal,0.31264894530816956,1383540,fa85569c247e4428,True,location-k4-fold0-seed0,0
map_aggregate,F_R,30,SS_vs_ar,0.07601781315923273,1383540,fa85569c247e4428,True,location-k4-fold0-seed0,0
map_aggregate,F_R,all,MSE,581892.36935696,1383540,fa85569c247e4428,True,location-k4-fold0-seed0,0
map_aggregate,F_R,all,MAE,521.6959693359836,1383540,fa85569c247e4428,True,location-k4-fold0-seed0,0
map_aggregate,F_R,all,SS_vs_persistence,0.3278446712930948,1383540,fa85569c247e4428,True,location-k4-fold0-seed0,0
map_aggregate,F_R,all,SS_vs_seasonal,0.37305199628543106,1383540,fa85569c247e4428,True,location-k4-fold0-seed0,0
map_aggregate,F_R,all,SS_vs_ar,0.04537623932551771,1383540,fa85569c247e4428,True,location-k4-fold0-seed0,0
map_aggregate,CoPx_R,1,MSE,0.010005971149130702,1278654,fa85569c247e4428,True,location-k4-fold0-seed0,0
map_aggregate,CoPx_R,1,MAE,0.03470044153828206,1278654,fa85569c247e4428,True,location-k4-fold0-seed0,0
map_aggregate,CoPx_R,1,SS_vs_persistence,0.4676265847075204,1278654,fa85569c247e4428,True,location-k4-fold0-seed0,0
map_aggregate,CoPx_R,1,SS_vs_seasonal,0.49087102881339706,1278654,fa85569c247e4428,True,location-k4-fold0-seed0,0
map_aggregate,CoPx_R,1,SS_vs_ar,0.10259109918220166,1278654,fa85569c247e4428,True,location-k4-fold0-seed0,0
map_aggregate,CoPx_R,2,MSE,0.010334360397719221,1278654,fa85569c247e4428,True,location-k4-fold0-seed0,0
map_aggregate,CoPx_R,2,MAE,0.036230554929068584,1278654,fa85569c247e4428,True,location-k4-fold0-seed0,0
map_aggregate,CoPx_R,2,SS_vs_persistence,0.5195074476498196,1278654,fa85569c247e4428,True,location-k4-fold0-seed0,0
map_aggregate,CoPx_R,2,SS_vs_seasonal,0.4935177320473463,1278654,fa85569c247e4428,True,location-k4-fold0-seed0,0
map_aggregate,CoPx_R,2,SS_vs_ar,0.08632327354859637,1278654,fa85569c247e4428,True,location-k4-fold0-seed0,0
map_aggregate,CoPx_R,3,MSE,0.01043283589366638,1278654,fa85569c247e4428,True,location-k4-fold0-seed0,0
map_aggregate,CoPx_R,3,MAE,0.03722005399959853,1278654,fa85569c247e4428,True,location-k4-fold0-seed0,0
map_aggregate,CoPx_R,3,SS_vs_persistence,0.5029566515500792,1278654,fa85569c247e4428,True,location-k4-fold0-seed0,0
map_aggregate,CoPx_R,3,SS_vs_seasonal,0.48954321437613924,1278654,fa85569c247e4428,True,location-k4-fold0-seed0,0
map_aggregate,CoPx_R,3,SS_vs_ar,0.06929351718469545,1278654,fa85569c247e4428,True,location-k4-fold0-seed0,0
map_aggregate,CoPx_R,4,MSE,0.010463488024770201,1278654,fa85569c247e4428,True,location-k4-fold0-seed0,0
map_aggregate,CoPx_R,4,MAE,0.03817719386616269,1278654,fa85569c247e4428,True,location-k4-fold0-seed0,0
map_aggregate,CoPx_R,4,SS_vs_persistence,0.49265883133271615,1278654,fa85569c247e4428,True,location-k4-fold0-seed0,0
map_aggregate,CoPx_R,4,SS_vs_seasonal,0.4811893016608596,1278654,fa85569c247e4428,True,location-k4-fold0-seed0,0
map_aggregate,CoPx_R,4,SS_vs_ar,0.05729092274954051,1278654,fa85569c247e4428,True,location-k4-fold0-seed0,0
map_aggregate,CoPx_R,5,MSE,0.011144022086492084,1278654,fa85569c247e4428,True,location-k4-fold0-seed0,0
map_aggregate,CoPx_R,5,MAE,0.03877878282891618,1278654,fa85569c247e4428,True,location-k4-fold0-seed0,0
map_aggregate,CoPx_R,5,SS_vs_persistence,0.48350021810260246,1278654,fa85569c247e4428,True,location-k4-fold0-seed0,0
map_aggregate,CoPx_R,5,SS_vs_seasonal,0.4699987218871683,1278654,fa85569c247e4428,True,location-k4-fold0-seed0,0
map_aggregate,CoPx_R,5,SS_vs_ar,-0.015053180969249791,1278654,fa85569c247e4428,True,location-k4-fold0-seed0,0
map_aggregate,CoPx_R,6,MSE,0.01047419852518096,1278654,fa85569c247e4428,True,location-k4-fold0-seed0,0
map_aggregate,CoPx_R,6,MAE,0.03961904084541326,1278654,fa85569c247e4428,True,location-k4-fold0-seed0,0
map_aggregate,CoPx_R,6,SS_vs_persistence,0.5197093579744804,1278654,fa85569c247e4428,True,location-k4-fold0-seed0,0
map_aggregate,CoPx_R,6,SS_vs_seasonal,0.5024680321493757,1278654,fa85569c247e4428,True,location-k4-fold0-seed0,0
map_aggregate,CoPx_R,6,SS_vs_ar,0.03821961135995633,1278654,fa85569c247e4428,True,location-k4-fold0-seed0,0
map_aggregate,CoPx_R,7,MSE,0.010481287681525866,1278654,fa85569c247e4428,True,location-k4-fold0-seed0,0
map_aggregate,CoPx_R,7,MAE,0.03963436864491044,1278654,fa85569c247e4428,True,location-k4-fold0-seed0,0
map_aggregate,CoPx_R,7,SS_vs_persistence,0.4770116240753075,1278654,fa85569c247e4428,True,location-k4-fold0-seed0,0
map_aggregate,CoPx_R,7,SS_vs_seasonal,0.4824104012751955,1278654,fa85569c247e4428,True,location-k4-fold0-seed0,0
map_aggregate,CoPx_R,7,SS_vs_ar,0.02795445507028027,1278654,fa85569c247e4428,True,location-k4-fold0-seed0,0
map_aggregate,CoPx_R,8,MSE,0.010967800136015945,1278654,fa85569c247e4428,True,location-k4-fold0-seed0,0
map_aggregate,CoPx_R,8,MAE,0.04065612691956759,1278654,fa85569c247e4428,True,location-k4-fold0-seed0,0
map_aggregate,CoPx_R,8,SS_vs_persistence,0.4766863512908823,1278654,fa85569c247e4428,True,location-k4-fold0-seed0,0
map_aggregate,CoPx_R,8,SS_vs_seasonal,0.470258791963002,1278654,fa85569c247e4428,True,location-k4-fold0-seed0,0
map_aggregate,CoPx_R,8,SS_vs_ar,-0.013781674331130533,1278654,fa85569c247e4428,True,location-k4-fold0-seed0,0
map_aggregate,CoPx_R,9,MSE,0.009841295593089076,1278654,fa85569c247e4428,True,location-k4-fold0-seed0,0
map_aggregate,CoPx_R,9,MAE,0.04076673142639722,1278654,fa85569c247e4428,True,location-k4-fold0-seed0,0
map_aggregate,CoPx_R,9,SS_vs_persistence,0.5232906553276847,1278654,fa85569c247e4428,True,location-k4-fold0-seed0,0
map_aggregate,CoPx_R,9,SS_vs_seasonal,0.5257290416610745,1278654,fa85569c247e4428,True,location-k4-fold0-seed0,0
map_aggregate,CoPx_R,9,SS_vs_ar,0.08581249099145594,1278654,fa85569c247e4428,True,location-k4-fold0-seed0,0
map_aggregate,CoPx_R,10,MSE,0.010661450045951903,1278654,fa85569c247e4428,True,location-k4-fold0-seed0,0
map_aggregate,CoPx_R,10,MAE,0.040801939448193165,1278654,fa85569c247e4428,True,location-k4-fold0-seed0,0
map_aggregate,CoPx_R,10,SS_vs_persistence,0.4931408096157194,1278654,fa85569c247e4428,True,location-k4-fold0-seed0,0
map_aggregate,CoPx_R,10,SS_vs_seasonal,0.48726444969712857,1278654,fa85569c247e4428,True,location-k4-fold0-seed0,0
map_aggregate,CoPx_R,10,SS_vs_ar,0.009671593557351477,1278654,fa85569c247e4428,True,location-k4-fold0-seed0,0
map_aggregate,CoPx_R,11,MSE,0.01027659971086139,1278654,fa85569c247e4428,True,location-k4-fold0-seed0,0
map_aggregate,CoPx_R,11,MAE,0.04077513480950887,1278654,fa85569c247e4428,True,location-k4-fold0-seed0,0
map_aggregate,CoPx_R,11,SS_vs_persistence,0.5220314516993643,1278654,fa85569c247e4428,True,location-k4-fold0-seed0,0
map_aggregate,CoPx_R,11,SS_vs_seasonal,0.47727274568441913,1278654,fa85569c247e4428,True,location-k4-fold0-seed0,0
map_aggregate,CoPx_R,11,SS_vs_ar,0.04833999866136762,1278654,fa85569c247e4428,True,location-k4-fold0-seed0,0
map_aggregate,CoPx_R,12,MSE,0.01072180706259663,1278654,fa85569c247e4428,True,location-k4-fold0-seed0,0
map_aggregate,CoPx_R,12,MAE,0.041423897208529285,1278654,fa85569c247e4428,True,location-k4-fold0-seed0,0
map_aggregate,CoPx_R,12,SS_vs_persistence,0.5131823752106996,1278654,fa85569c247e4428,True,location-k4-fold0-seed0,0
map_aggregate,CoPx_R,12,SS_vs_seasonal,0.45381991805243604,1278654,fa85569c247e4428,True,location-k4-fold0-seed0,0
map_aggregate,CoPx_R,12,SS_vs_ar,0.0007098575890858161,1278654,fa85569c247e4428,True,location-k4-fold0-seed0,0
map_aggregate,CoPx_R,13,MSE,0.010684275698994435,1278654,fa85569c247e4428,True,location-k4-fold0-seed0,0
map_aggregate,CoPx_R,13,MAE,0.04192181093311517,1278654,fa85569c247e4428,True,location-k4-fold0-seed0,0
map_aggregate,CoPx_R,13,SS_vs_persistence,0.5100987649803296,1278654,fa85569c247e4428,True,location-k4-fold0-seed0,0
map_aggregate,CoPx_R,13,SS_vs_seasonal,0.4743822320011585,1278654,fa85569c247e4428,True,location-k4-fold0-seed0,0
map_aggregate,CoPx_R,13,SS_vs_ar,0.012248700940191481,1278654,fa85569c247e4428,True,location-k4-fold0-seed0,0
map_aggregate,CoPx_R,14,MSE,0.011253566188678482,1278654,fa85569c247e4428,True,location-k4-fold0-seed0,0
map_aggregate,CoPx_R,14,MAE,0.042214424278762236,1278654,fa85569c247e4428,True,location-k4-fold0-seed0,0
map_aggregate,CoPx_R,14,SS_vs_persistence,0.4946776993407772,1278654,fa85569c247e4428,True,location-k4-fold0-seed0,0
map_aggregate,CoPx_R,14,SS_vs_seasonal,0.45123121395591825,1278654,fa85569c247e4428,True,location-k4-fold0-seed0,0
map_aggregate,CoPx_R,14,SS_vs_ar,-0.0271264068788315,1278654,fa85569c247e4428,True,location-k4-fold0-seed0,0
map_aggregate,CoPx_R,15,MSE,0.01129307796883151,1278654,fa85569c247e4428,True,location-k4-fold0-seed0,0
map_aggregate,CoPx_R,15,MAE,0.04219616769309802,1278654,fa85569c247e4428,True,location-k4-fold0-seed0,0
map_aggregate,CoPx_R,15,SS_vs_persistence,0.4742101092874983,1278654,fa85569c247e4428,True,location-k4-fold0-seed0,0
map_aggregate,CoPx_R,15,SS_vs_seasonal,0.45426822054922755,1278654,fa85569c247e4428,True,location-k4-fold0-seed0,0
map_aggregate,CoPx_R,15,SS_vs_ar,-0.03629484268429395,1278654,fa85569c247e4428,True,location-k4-fold0-seed0,0
map_aggregate,CoPx_R,16,MSE,0.011880704463079537,1278654,fa85569c247e4428,True,location-k4-fold0-seed0,0
map_aggregate,CoPx_R,16,MAE,0.042868009619629145,1278654,fa85569c247e4428,True,location-k4-fold0-seed0,0
map_aggregate,CoPx_R,16,SS_vs_persistence,0.4469858598927078,1278654,fa85569c247e4428,True,location-k4-fold0-seed0,0
map_aggregate,CoPx_R,16,SS_vs_seasonal,0.42977341622410314,1278654,fa85569c247e4428,True,location-k4-fold0-seed0,0
map_aggregate,CoPx_R,16,SS_vs_ar,-0.07352166466246124,1278654,fa85569c247e4428,True,location-k4-fold0-seed0,0
map_aggregate,CoPx_R,17,MSE,0.011409643586972393,1278654,fa85569c247e4428,True,location-k4-fold0-seed0,0
map_aggregate,CoPx_R,17,MAE,0.042455164502744766,1278654,fa85569c247e4428,True,location-k4-fold0-seed0,0
map_aggregate,CoPx_R,17,SS_vs_persistence,0.4902236418109437,1278654,fa85569c247e4428,True,location-k4-fold0-seed0,0
map_aggregate,CoPx_R,17,SS_vs_seasonal,0.4674652389850662,1278654,fa85569c247e4428,True,location-k4-fold0-seed0,0
map_aggregate,CoPx_R,17,SS_vs_ar,-0.007963119894415005,1278654,fa85569c247e4428,True,location-k4-fold0-seed0,0
map_aggregate,CoPx_R,18,MSE,0.01158923570059321,1278654,fa85569c247e4428,True,location-k4-fold0-seed0,0
map_aggregate,CoPx_R,18,MAE,0.043348835933514074,1278654,fa85569c247e4428,True,location-k4-fold0-seed0,0
map_aggregate,CoPx_R,18,SS_vs_persistence,0.4860033801166447,1278654,fa85569c247e4428,True,location-k4-fold0-seed0,0
map_aggregate,CoPx_R,18,SS_vs_seasonal,0.46069995832948063,1278654,fa85569c247e4428,True,location-k4-fold0-seed0,0
map_aggregate,CoPx_R,18,SS_vs_ar,-0.02128399018501459,1278654,fa85569c247e4428,True,location-k4-fold0-seed0,0
map_aggregate,CoPx_R,19,MSE,0.010802786548732101,1278654,fa85569c247e4428,True,location-k4-fold0-seed0,0
map_aggregate,CoPx_R,19,MAE,0.04280162029329248,1278654,fa85569c247e4428,True,location-k4-fold0-seed0,0
map_aggregate,CoPx_R,19,SS_vs_persistence,0.4991122231009181,1278654,fa85569c247e4428,True,location-k4-fold0-seed0,0
map_aggregate,CoPx_R,19,SS_vs_seasonal,0.49736046397675715,1278654,fa85569c247e4428,True,location-k4-fold0-seed0,0
map_aggregate,CoPx_R,19,SS_vs_ar,0.04877653716157537,1278654,fa85569c247e4428,True,location-k4-fold0-seed0,0
map_aggregate,CoPx_R,20,MSE,0.010506150389679987,1278654,fa85569c247e4428,True,location-k4-fold0-seed0,0
map_aggregate,CoPx_R,20,MAE,0.04277789596914722,1278654,fa85569c247e4428,True,location-k4-fold0-seed0,0
map_aggregate,CoPx_R,20,SS_vs_persistence,0.5278239159143925,1278654,fa85569c247e4428,True,location-k4-fold0-seed0,0
map_aggregate,CoPx_R,20,SS_vs_seasonal,0.520818006700298,1278654,fa85569c247e4428,True,location-k4-fold0-seed0,0
map_aggregate,CoPx_R,20,SS_vs_ar,0.08298385327748625,1278654,fa85569c247e4428,True,location-k4-fold0-seed0,0
map_aggregate,CoPx_R,21,MSE,0.011072532530254307,1278654,fa85569c247e4428,True,location-k4-fold0-seed0,0
map_aggregate,CoPx_R,21,MAE,0.04332325036260471,1278654,fa85569c247e4428,True,location-k4-fold0-seed0,0
map_aggregate,CoPx_R,21,SS_vs_persistence,0.5083312574628386,1278654,fa85569c247e4428,True,location-k4-fold0-seed0,0
map_aggregate,CoPx_R,21,SS_vs_seasonal,0.5354017828357978,1278654,fa85569c247e4428,True,location-k4-fold0-seed0,0
map_aggregate,CoPx_R,21,SS_vs_ar,0.03691839054652024,1278654,fa85569c247e4428,True,location-k4-fold0-seed0,0
map_aggregate,CoPx_R,22,MSE,0.01184135775445837,1278654,fa85569c247e4428,True,location-k4-fold0-seed0,0
map_aggregate,CoPx_R,22,MAE,0.043811058464091605,1278654,fa85569c247e4428,True,location-k4-fold0-seed0,0
map_aggregate,CoPx_R,22,SS_vs_persistence,0.5036950632596515,1278654,fa85569c247e4428,True,location-k4-fold0-seed0,0
map_aggregate,CoPx_R,22,SS_vs_seasonal,0.5053421256358173,1278654,fa85569c247e4428,True,location-k4-fold0-seed0,0
map_aggregate,CoPx_R,22,SS_vs_ar,-0.03357729694360945,1278654,fa85569c247e4428,True,location-k4-fold0-seed0,0
map_aggregate,CoPx_R,23,MSE,0.011685196022537231,1278654,fa85569c247e4428,True,location-k4-fold0-seed0,0
map_aggregate,CoPx_R,23,MAE,0.043642343613655155,1278654,fa85569c247e4428,True,location-k4-fold0-seed0,0
map_aggregate,CoPx_R,23,SS_vs_persistence,0.4923061949730062,1278654,fa85569c247e4428,True,location-k4-fold0-seed0,0
map_aggregate,CoPx_R,23,SS_vs_seasonal,0.5075837823309267,1278654,fa85569c247e4428,True,location-k4-fold0-seed0,0
map_aggregate,CoPx_R,23,SS_vs_ar,-0.026810228759852395,1278654,fa85569c247e4428,True,location-k4-fold0-seed0,0
map_aggregate,CoPx_R,24,MSE,0.011634010808294614,1278654,fa85569c247e4428,True,location-k4-fold0-seed0,0
map_aggregate,CoPx_R,24,MAE,0.04373211010059594,1278654,fa85569c247e4428,True,location-k4-fold0-seed0,0
map_aggregate,CoPx_R,24,SS_vs_persistence,0.50870881462871,1278654,fa85569c247e4428,True,location-k4-fold0-seed0,0
map_aggregate,CoPx_R,24,SS_vs_seasonal,0.5097443147207072,1278654,fa85569c247e4428,True,location-k4-fold0-seed0,0
map_aggregate,CoPx_R,24,SS_vs_ar,-0.02028163112926129,1278654,fa85569c247e4428,True,location-k4-fold0-seed0,0
map_aggregate,CoPx_R,25,MSE,0.010397510828068668,1278654,fa85569c247e4428,True,location-k4-fold0-seed0,0
map_aggregate,CoPx_R,25,MAE,0.0435160732177409,1278654,fa85569c247e4428,True,location-k4-fold0-seed0,0
map_aggregate,CoPx_R,25,SS_vs_persistence,0.5429360515331821,1278654,fa85569c247e4428,True,location-k4-fold0-seed0,0
map_aggregate,CoPx_R,25,SS_vs_seasonal,0.5643089940915811,1278654,fa85569c247e4428,True,location-k4-fold0-seed0,0
map_aggregate,CoPx_R,25,SS_vs_ar,0.08718401517191987,1278654,fa85569c247e4428,True,location-k4-fold0-seed0,0
map_aggregate,CoPx_R,26,MSE,0.01122234076952456,1278654,fa85569c247e4428,True,location-k4-fold0-seed0,0
map_aggregate,CoPx_R,26,MAE,0.04377270314005457,1278654,fa85569c247e4428,True,location-k4-fold0-seed0,0
map_aggregate,CoPx_R,26,SS_vs_persistence,0.5114349648881931,1278654,fa85569c247e4428,True,location-k4-fold0-seed0,0
map_aggregate,CoPx_R,26,SS_vs_seasonal,0.5280675288367958,1278654,fa85569c247e4428,True,location-k4-fold0-seed0,0
map_aggregate,CoPx_R,26,SS_vs_ar,0.01176611157744123,1278654,fa85569c247e4428,True,location-k4-fold0-seed0,0
map_aggregate,CoPx_R,27,MSE,0.011347526228591738,1278654,fa85569c247e4428,True,location-k4-fold0-seed0,0
map_aggregate,CoPx_R,27,MAE,0.04425014024157881,1278654,fa85569c247e4428,True,location-k4-fold0-seed0,0
map_aggregate,CoPx_R,27,SS_vs_persistence,0.5297854255729295,1278654,fa85569c247e4428,True,location-k4-fold0-seed0,0
map_aggregate,CoPx_R,27,SS_vs_seasonal,0.5319148804580991,1278654,fa85569c247e4428,True,location-k4-fold0-seed0,0
map_aggregate,CoPx_R,27,SS_vs_ar,0.009534798525396848,1278654,fa85569c247e4428,True,location-k4-fold0-seed0,0
map_aggregate,CoPx_R,28,MSE,0.011048939888505199,1278654,fa85569c247e4428,True,location-k4-fold0-seed0,0
map_aggregate,CoPx_R,28,MAE,0.043895525632449806,1278654,fa85569c247e4428,True,location-k4-fold0-seed0,0
map_aggregate,CoPx_R,28,SS_vs_persistence,0.5064152934500543,1278654,fa85569c247e4428,True,location-k4-fold0-seed0,0
map_aggregate,CoPx_R,28,SS_vs_seasonal,0.5443668792583307,1278654,fa85569c247e4428,True,location-k4-fold0-seed0,0
map_aggregate,CoPx_R,28,SS_vs_ar,0.03389419408672034,1278654,fa85569c247e4428,True,location-k4-fold0-seed0,0
map_aggregate,CoPx_R,29,MSE,0.010870847690113327,1278654,fa85569c247e4428,True,location-k4-fold0-seed0,0
map_aggregate,CoPx_R,29,MAE,0.04384083754914375,1278654,fa85569c247e4428,True,location-k4-fold0-seed0,0
map_aggregate,CoPx_R,29,SS_vs_persistence,0.5346506924576719,1278654,fa85569c247e4428,True,location-k4-fold0-seed0,0
map_aggregate,CoPx_R,29,SS_vs_seasonal,0.5469275086240332,1278654,fa85569c247e4428,True,location-k4-fold0-seed0,0
map_aggregate,CoPx_R,29,SS_vs_ar,0.05649213778797679,1278654,fa85569c247e4428,True,location-k4-fold0-seed0,0
map_aggregate,CoPx_R,30,MSE,0.011418467555529478,1278654,fa85569c247e4428,True,location-k4-fold0-seed0,0
map_aggregate,CoPx_R,30,MAE,0.04390508909977687,1278654,fa85569c247e4428,True,location-k4-fold0-seed0,0
map_aggregate,CoPx_R,30,SS_vs_persistence,0.5270131438902829,1278654,fa85569c247e4428,True,location-k4-fold0-seed0,0
map_aggregate,CoPx_R,30,SS_vs_seasonal,0.5225015237685915,1278654,fa85569c247e4428,True,location-k4-fold0-seed0,0
map_aggregate,CoPx_R,30,SS_vs_ar,0.008932690930283371,1278654,fa85569c247e4428,True,location-k4-fold0-seed0,0
map_aggregate,CoPx_R,all,MSE,0.010925565302644847,1278654,fa85569c247e4428,True,location-k4-fold0-seed0,0
map_aggregate,CoPx_R,all,MAE,0.04156928807095956,1278654,fa85569c247e4428,True,location-k4-fold0-seed0,0
map_aggregate,CoPx_R,all,SS_vs_persistence,0.5034698955306072,1278654,fa85569c247e4428,True,location-k4-fold0-seed0,0
map_aggregate,CoPx_R,all,SS_vs_seasonal,0.49768446841829816,1278654,fa85569c247e4428,True,location-k4-fold0-seed0,0
map_aggregate,CoPx_R,all,SS_vs_ar,0.02141322824866254,1278654,fa85569c247e4428,True,location-k4-fold0-seed0,0
map_aggregate,CoPy_R,1,MSE,0.007712924814866216,1278654,fa85569c247e4428,True,location-k4-fold0-seed0,0
map_aggregate,CoPy_R,1,MAE,0.046036551569120204,1278654,fa85569c247e4428,True,location-k4-fold0-seed0,0
map_aggregate,CoPy_R,1,SS_vs_persistence,0.3796343328592622,1278654,fa85569c247e4428,True,location-k4-fold0-seed0,0
map_aggregate,CoPy_R,1,SS_vs_seasonal,0.4565377542148581,1278654,fa85569c247e4428,True,location-k4-fold0-seed0,0
map_aggregate,CoPy_R,1,SS_vs_ar,0.04122994720422812,1278654,fa85569c247e4428,True,location-k4-fold0-seed0,0
map_aggregate,CoPy_R,2,MSE,0.007852754622596658,1278654,fa85569c247e4428,True,location-k4-fold0-seed0,0
map_aggregate,CoPy_R,2,MAE,0.047056864839428315,1278654,fa85569c247e4428,True,location-k4-fold0-seed0,0
map_aggregate,CoPy_R,2,SS_vs_persistence,0.4268914595259993,1278654,fa85569c247e4428,True,location-k4-fold0-seed0,0
map_aggregate,CoPy_R,2,SS_vs_seasonal,0.4577928469503274,1278654,fa85569c247e4428,True,location-k4-fold0-seed0,0
map_aggregate,CoPy_R,2,SS_vs_ar,0.052251796066255185,1278654,fa85569c247e4428,True,location-k4-fold0-seed0,0
map_aggregate,CoPy_R,3,MSE,0.008016863627185875,1278654,fa85569c247e4428,True,location-k4-fold0-seed0,0
map_aggregate,CoPy_R,3,MAE,0.04764516981086555,1278654,fa85569c247e4428,True,location-k4-fold0-seed0,0
map_aggregate,CoPy_R,3,SS_vs_persistence,0.4253158579427059,1278654,fa85569c247e4428,True,location-k4-fold0-seed0,0
map_aggregate,CoPy_R,3,SS_vs_seasonal,0.4391831076971797,1278654,fa85569c247e4428,True,location-k4-fold0-seed0,0
map_aggregate,CoPy_R,3,SS_vs_ar,0.03586433009294687,1278654,fa85569c247e4428,True,location-k4-fold0-seed0,0
map_aggregate,CoPy_R,4,MSE,0.008131295483092214,1278654,fa85569c247e4428,True,location-k4-fold0-seed0,0
map_aggregate,CoPy_R,4,MAE,0.04815990823723522,1278654,fa85569c247e4428,True,location-k4-fold0-seed0,0
map_aggregate,CoPy_R,4,SS_vs_persistence,0.4212859071408588,1278654,fa85569c247e4428,True,location-k4-fold0-seed0,0
map_aggregate,CoPy_R,4,SS_vs_seasonal,0.4316135064174714,1278654,fa85569c247e4428,True,location-k4-fold0-seed0,0
map_aggregate,CoPy_R,4,SS_vs_ar,0.023166917105254203,1278654,fa85569c247e4428,True,location-k4-fold0-seed0,0
map_aggregate,CoPy_R,5,MSE,0.008022298339903837,1278654,fa85569c247e4428,True,location-k4-fold0-seed0,0
map_aggregate,CoPy_R,5,MAE,0.04786939333128061,1278654,fa85569c247e4428,True,location-k4-fold0-seed0,0
map_aggregate,CoPy_R,5,SS_vs_persistence,0.41369846241542085,1278654,fa85569c247e4428,True,location-k4-fold0-seed0,0
map_aggregate,CoPy_R,5,SS_vs_seasonal,0.43898946256202176,1278654,fa85569c247e4428,True,location-k4-fold0-seed0,0
map_aggregate,CoPy_R,5,SS_vs_ar,0.03486080242155609,1278654,fa85569c247e4428,True,location-k4-fold0-seed0,0
map_aggregate,CoPy_R,6,MSE,0.00810752816562609,1278654,fa85569c247e4428,True,location-k4-fold0-seed0,0
map_aggregate,CoPy_R,6,MAE,0.048205145841770033,1278654,fa85569c247e4428,True,location-k4-fold0-seed0,0
map_aggregate,CoPy_R,6,SS_vs_persistence,0.41917445659989305,1278654,fa85569c247e4428,True,location-k4-fold0-seed0,0
map_aggregate,CoPy_R,6,SS_vs_seasonal,0.43148536733347487,1278654,fa85569c247e4428,True,location-k4-fold0-seed0,0
map_aggregate,CoPy_R,6,SS_vs_ar,0.029672858755162457,1278654,fa85569c247e4428,True,location-k4-fold0-seed0,0
map_aggregate,CoPy_R,7,MSE,0.008040779758483075,1278654,fa85569c247e4428,True,location-k4-fold0-seed0,0
map_aggregate,CoPy_R,7,MAE,0.04821654391756016,1278654,fa85569c247e4428,True,location-k4-fold0-seed0,0
map_aggregate,CoPy_R,7,SS_vs_persistence,0.423817454590685,1278654,fa85569c247e4428,True,location-k4-fold0-seed0,0
map_aggregate,CoPy_R,7,SS_vs_seasonal,0.4321296881588492,1278654,fa85569c247e4428,True,location-k4-fold0-seed0,0
map_aggregate,CoPy_R,7,SS_vs_ar,0.041338022349352355,1278654,fa85569c247e4428,True,location-k4-fold0-seed0,0
map_aggregate,CoPy_R,8,MSE,0.008218753981308101,1278654,fa85569c247e4428,True,location-k4-fold0-seed0,0
map_aggregate,CoPy_R,8,MAE,0.04841201269738725,1278654,fa85569c247e4428,True,location-k4-fold0-seed0,0
map_aggregate,CoPy_R,8,SS_vs_persistence,0.4252257284597146,1278654,fa85569c247e4428,True,location-k4-fold0-seed0,0
map_aggregate,CoPy_R,8,SS_vs_seasonal,0.4217079922643373,1278654,fa85569c247e4428,True,location-k4-fold0-seed0,0
map_aggregate,CoPy_R,8,SS_vs_ar,0.019081961010501747,1278654,fa85569c247e4428,True,location-k4-fold0-seed0,0
map_aggregate,CoPy_R,9,MSE,0.008217322464082683,1278654,fa85569c247e4428,True,location-k4-fold0-seed0,0
map_aggregate,CoPy_R,9,MAE,0.048578582434741495,1278654,fa85569c247e4428,True,location-k4-fold0-seed0,0
map_aggregate,CoPy_R,9,SS_vs_persistence,0.42204568903489625,1278654,fa85569c247e4428,True,location-k4-fold0-seed0,0
map_aggregate,CoPy_R,9,SS_vs_seasonal,0.42701795871488635,1278654,fa85569c247e4428,True,location-k4-fold0-seed0,0
map_aggregate,CoPy_R,9,SS_vs_ar,0.022902435262170506,1278654,fa85569c247e4428,True,location-k4-fold0-seed0,0
map_aggregate,CoPy_R,10,MSE,0.008291163065482965,1278654,fa85569c247e4428,True,location-k4-fold0-seed0,0
map_aggregate,CoPy_R,10,MAE,0.048695224035588396,1278654,fa85569c247e4428,True,location-k4-fold0-seed0,0
map_aggregate,CoPy_R,10,SS_vs_persistence,0.4135698908400093,1278654,fa85569c247e4428,True,location-k4-fold0-seed0,0
map_aggregate,CoPy_R,10,SS_vs_seasonal,0.4197027319929142,1278654,fa85569c247e4428,True,location-k4-fold0-seed0,0
map_aggregate,CoPy_R,10,SS_vs_ar,0.017867421585961774,1278654,fa85569c247e4428,True,location-k4-fold0-seed0,0
map_aggregate,CoPy_R,11,MSE,0.008365419908237396,1278654,fa85569c247e4428,True,location-k4-fold0-seed0,0
map_aggregate,CoPy_R,11,MAE,0.04897498842873313,1278654,fa85569c247e4428,True,location-k4-fold0-seed0,0
map_aggregate,CoPy_R,11,SS_vs_persistence,0.44063430979647356,1278654,fa85569c247e4428,True,location-k4-fold0-seed0,0
map_aggregate,CoPy_R,11,SS_vs_seasonal,0.4181431241617969,1278654,fa85569c247e4428,True,location-k4-fold0-seed0,0
map_aggregate,CoPy_R,11,SS_vs_ar,0.01597813989770802,1278654,fa85569c247e4428,True,location-k4-fold0-seed0,0
map_aggregate,CoPy_R,12,MSE,0.008084464141093563,1278654,fa85569c247e4428,True,location-k4-fold0-seed0,0
map_aggregate,CoPy_R,12,MAE,0.04877239309877679,1278654,fa85569c247e4428,True,location-k4-fold0-seed0,0
map_aggregate,CoPy_R,12,SS_vs_persistence,0.41627077987998684,1278654,fa85569c247e4428,True,location-k4-fold0-seed0,0
map_aggregate,CoPy_R,12,SS_vs_seasonal,0.4264221056866342,1278654,fa85569c247e4428,True,location-k4-fold0-seed0,0
map_aggregate,CoPy_R,12,SS_vs_ar,0.046113100495562054,1278654,fa85569c247e4428,True,location-k4-fold0-seed0,0
map_aggregate,CoPy_R,13,MSE,0.008235703021314997,1278654,fa85569c247e4428,True,location-k4-fold0-seed0,0
map_aggregate,CoPy_R,13,MAE,0.04920292570110897,1278654,fa85569c247e4428,True,location-k4-fold0-seed0,0
map_aggregate,CoPy_R,13,SS_vs_persistence,0.4223819650127103,1278654,fa85569c247e4428,True,location-k4-fold0-seed0,0
map_aggregate,CoPy_R,13,SS_vs_seasonal,0.4216680786927818,1278654,fa85569c247e4428,True,location-k4-fold0-seed0,0
map_aggregate,CoPy_R,13,SS_vs_ar,0.03549949693420584,1278654,fa85569c247e4428,True,location-k4-fold0-seed0,0
map_aggregate,CoPy_R,14,MSE,0.008404075921734418,1278654,fa85569c247e4428,True,location-k4-fold0-seed0,0
map_aggregate,CoPy_R,14,MAE,0.04924913915710336,1278654,fa85569c247e4428,True,location-k4-fold0-seed0,0
map_aggregate,CoPy_R,14,SS_vs_persistence,0.4174759840174803,1278654,fa85569c247e4428,True,location-k4-fold0-seed0,0
map_aggregate,CoPy_R,14,SS_vs_seasonal,0.40638993569991066,1278654,fa85569c247e4428,True,location-k4-fold0-seed0,0
map_aggregate,CoPy_R,14,SS_vs_ar,0.017358985768991197,1278654,fa85569c247e4428,True,location-k4-fold0-seed0,0
map_aggregate,CoPy_R,15,MSE,0.008283729527450288,1278654,fa85569c247e4428,True,location-k4-fold0-seed0,0
map_aggregate,CoPy_R,15,MAE,0.04916362784578903,1278654,fa85569c247e4428,True,location-k4-fold0-seed0,0
map_aggregate,CoPy_R,15,SS_vs_persistence,0.4159201015075805,1278654,fa85569c247e4428,True,location-k4-fold0-seed0,0
map_aggregate,CoPy_R,15,SS_vs_seasonal,0.4146232237232965,1278654,fa85569c247e4428,True,location-k4-fold0-seed0,0
map_aggregate,CoPy_R,15,SS_vs_ar,0.0350034906869946,1278654,fa85569c247e4428,True,location-k4-fold0-seed0,0
map_aggregate,CoPy_R,16,MSE,0.008397858146123725,1278654,fa85569c247e4428,True,location-k4-fold0-seed0,0
map_aggregate,CoPy_R,16,MAE,0.04945717003229251,1278654,fa85569c247e4428,True,location-k4-fold0-seed0,0
map_aggregate,CoPy_R,16,SS_vs_persistence,0.42127404528803825,1278654,fa85569c247e4428,True,location-k4-fold0-seed0,0
map_aggregate,CoPy_R,16,SS_vs_seasonal,0.41441131078337623,1278654,fa85569c247e4428,True,location-k4-fold0-seed0,0
map_aggregate,CoPy_R,16,SS_vs_ar,0.030516834842381324,1278654,fa85569c247e4428,True,location-k4-fold0-seed0,0
map_aggregate,CoPy_R,17,MSE,0.008280636166709019,1278654,fa85569c247e4428,True,location-k4-fold0-seed0,0
map_aggregate,CoPy_R,17,MAE,0.04953823541828272,1278654,fa85569c247e4428,True,location-k4-fold0-seed0,0
map_aggregate,CoPy_R,17,SS_vs_persistence,0.4179378749371897,1278654,fa85569c247e4428,True,location-k4-fold0-seed0,0
map_aggregate,CoPy_R,17,SS_vs_seasonal,0.42170858885151075,1278654,fa85569c247e4428,True,location-k4-fold0-seed0,0
map_aggregate,CoPy_R,17,SS_vs_ar,0.05078544795918394,1278654,fa85569c247e4428,True,location-k4-fold0-seed0,0
map_aggregate,CoPy_R,18,MSE,0.008523892953182023,1278654,fa85569c247e4428,True,location-k4-fold0-seed0,0
map_aggregate,CoPy_R,18,MAE,0.04977186241799327,1278654,fa85569c247e4428,True,location-k4-fold0-seed0,0
map_aggregate,CoPy_R,18,SS_vs_persistence,0.4175001532949709,1278654,fa85569c247e4428,True,location-k4-fold0-seed0,0
map_aggregate,CoPy_R,18,SS_vs_seasonal,0.40478783054395995,1278654,fa85569c247e4428,True,location-k4-fold0-seed0,0
map_aggregate,CoPy_R,18,SS_vs_ar,0.02710619199287667,1278654,fa85569c247e4428,True,location-k4-fold0-seed0,0
map_aggregate,CoPy_R,19,MSE,0.008601116945971819,1278654,fa85569c247e4428,True,location-k4-fold0-seed0,0
map_aggregate,CoPy_R,19,MAE,0.04976481889761653,1278654,fa85569c247e4428,True,location-k4-fold0-seed0,0
map_aggregate,CoPy_R,19,SS_vs_persistence,0.4189686678419705,1278654,fa85569c247e4428,True,location-k4-fold0-seed0,0
map_aggregate,CoPy_R,19,SS_vs_seasonal,0.409674327608475,1278654,fa85569c247e4428,True,location-k4-fold0-seed0,0
map_aggregate,CoPy_R,19,SS_vs_ar,0.026287285621464762,1278654,fa85569c247e4428,True,location-k4-fold0-seed0,0
map_aggregate,CoPy_R,20,MSE,0.008513953195376506,1278654,fa85569c247e4428,True,location-k4-fold0-seed0,0
map_aggregate,CoPy_R,20,MAE,0.04965945326216362,1278654,fa85569c247e4428,True,location-k4-fold0-seed0,0
map_aggregate,CoPy_R,20,SS_vs_persistence,0.41533118780053435,1278654,fa85569c247e4428,True,location-k4-fold0-seed0,0
map_aggregate,CoPy_R,20,SS_vs_seasonal,0.41506512657584005,1278654,fa85569c247e4428,True,location-k4-fold0-seed0,0
map_aggregate,CoPy_R,20,SS_vs_ar,0.036606360656747716,1278654,fa85569c247e4428,True,location-k4-fold0-seed0,0
map_aggregate,CoPy_R,21,MSE,0.008688627139655436,1278654,fa85569c247e4428,True,location-k4-fold0-seed0,0
map_aggregate,CoPy_R,21,MAE,0.05095993035929347,1278654,fa85569c247e4428,True,location-k4-fold0-seed0,0
map_aggregate,CoPy_R,21,SS_vs_persistence,0.43049324047251136,1278654,fa85569c247e4428,True,location-k4-fold0-seed0,0
map_aggregate,CoPy_R,21,SS_vs_seasonal,0.4481751467200247,1278654,fa85569c247e4428,True,location-k4-fold0-seed0,0
map_aggregate,CoPy_R,21,SS_vs_ar,0.018367666268518823,1278654,fa85569c247e4428,True,location-k4-fold0-seed0,0
map_aggregate,CoPy_R,22,MSE,0.008681339084949582,1278654,fa85569c247e4428,True,location-k4-fold0-seed0,0
map_aggregate,CoPy_R,22,MAE,0.05046891203530993,1278654,fa85569c247e4428,True,location-k4-fold0-seed0,0
map_aggregate,CoPy_R,22,SS_vs_persistence,0.43299994879461945,1278654,fa85569c247e4428,True,location-k4-fold0-seed0,0
map_aggregate,CoPy_R,22,SS_vs_seasonal,0.4398880256910972,1278654,fa85569c247e4428,True,location-k4-fold0-seed0,0
map_aggregate,CoPy_R,22,SS_vs_ar,0.017214701878008443,1278654,fa85569c247e4428,True,location-k4-fold0-seed0,0
map_aggregate,CoPy_R,23,MSE,0.008749289816015868,1278654,fa85569c247e4428,True,location-k4-fold0-seed0,0
map_aggregate,CoPy_R,23,MAE,0.050131655807069075,1278654,fa85569c247e4428,True,location-k4-fold0-seed0,0
map_aggregate,CoPy_R,23,SS_vs_persistence,0.4358451114796985,1278654,fa85569c247e4428,True,location-k4-fold0-seed0,0
map_aggregate,CoPy_R,23,SS_vs_seasonal,0.439141536063951,1278654,fa85569c247e4428,True,location-k4-fold0-seed0,0
map_aggregate,CoPy_R,23,SS_vs_ar,0.005331963426247532,1278654,fa85569c247e4428,True,location-k4-fold0-seed0,0
map_aggregate,CoPy_R,24,MSE,0.008807777544156981,1278654,fa85569c247e4428,True,location-k4-fold0-seed0,0
map_aggregate,CoPy_R,24,MAE,0.05068390700180165,1278654,fa85569c247e4428,True,location-k4-fold0-seed0,0
map_aggregate,CoPy_R,24,SS_vs_persistence,0.42068465771871044,1278654,fa85569c247e4428,True,location-k4-fold0-seed0,0
map_aggregate,CoPy_R,24,SS_vs_seasonal,0.44059409175923325,1278654,fa85569c247e4428,True,location-k4-fold0-seed0,0
map_aggregate,CoPy_R,24,SS_vs_ar,-0.004239205314545025,1278654,fa85569c247e4428,True,location-k4-fold0-seed0,0
map_aggregate,CoPy_R,25,MSE,0.008681259097233126,1278654,fa85569c247e4428,True,location-k4-fold0-seed0,0
map_aggregate,CoPy_R,25,MAE,0.05033061809663049,1278654,fa85569c247e4428,True,location-k4-fold0-seed0,0
map_aggregate,CoPy_R,25,SS_vs_persistence,0.4210553551081415,1278654,fa85569c247e4428,True,location-k4-fold0-seed0,0
map_aggregate,CoPy_R,25,SS_vs_seasonal,0.43833301387455825,1278654,fa85569c247e4428,True,location-k4-fold0-seed0,0
map_aggregate,CoPy_R,25,SS_vs_ar,0.012649816577475326,1278654,fa85569c247e4428,True,location-k4-fold0-seed0,0
map_aggregate,CoPy_R,26,MSE,0.008695987318656739,1278654,fa85569c247e4428,True,location-k4-fold0-seed0,0
map_aggregate,CoPy_R,26,MAE,0.05017022266077282,1278654,fa85569c247e4428,True,location-k4-fold0-seed0,0
map_aggregate,CoPy_R,26,SS_vs_persistence,0.4101125937957808,1278654,fa85569c247e4428,True,location-k4-fold0-seed0,0
map_aggregate,CoPy_R,26,SS_vs_seasonal,0.429833569856265,1278654,fa85569c247e4428,True,location-k4-fold0-seed0,0
map_aggregate,CoPy_R,26,SS_vs_ar,0.009034010662478442,1278654,fa85569c247e4428,True,location-k4-fold0-seed0,0
map_aggregate,CoPy_R,27,MSE,0.008650626647688533,1278654,fa85569c247e4428,True,location-k4-fold0-seed0,0
map_aggregate,CoPy_R,27,MAE,0.05031801950450398,1278654,fa85569c247e4428,True,location-k4-fold0-seed0,0
map_aggregate,CoPy_R,27,SS_vs_persistence,0.43543521156021525,1278654,fa85569c247e4428,True,location-k4-fold0-seed0,0
map_aggregate,CoPy_R,27,SS_vs_seasonal,0.4365109232520815,1278654,fa85569c247e4428,True,location-k4-fold0-seed0,0
map_aggregate,CoPy_R,27,SS_vs_ar,0.014981272732381257,1278654,fa85569c247e4428,True,location-k4-fold0-seed0,0
map_aggregate,CoPy_R,28,MSE,0.00879342786115347,1278654,fa85569c247e4428,True,location-k4-fold0-seed0,0
map_aggregate,CoPy_R,28,MAE,0.05034236529541432,1278654,fa85569c247e4428,True,location-k4-fold0-seed0,0
map_aggregate,CoPy_R,28,SS_vs_persistence,0.4380142118100411,1278654,fa85569c247e4428,True,location-k4-fold0-seed0,0
map_aggregate,CoPy_R,28,SS_vs_seasonal,0.434646379204651,1278654,fa85569c247e4428,True,location-k4-fold0-seed0,0
map_aggregate,CoPy_R,28,SS_vs_ar,-0.0049524862266117076,1278654,fa85569c247e4428,True,location-k4-fold0-seed0,0
map_aggregate,CoPy_R,29,MSE,0.00867920737426967,1278654,fa85569c247e4428,True,location-k4-fold0-seed0,0
map_aggregate,CoPy_R,29,MAE,0.05005455812580889,1278654,fa85569c247e4428,True,location-k4-fold0-seed0,0
map_aggregate,CoPy_R,29,SS_vs_persistence,0.4536205276743134,1278654,fa85569c247e4428,True,location-k4-fold0-seed0,0
map_aggregate,CoPy_R,29,SS_vs_seasonal,0.44283197520584416,1278654,fa85569c247e4428,True,location-k4-fold0-seed0,0
map_aggregate,CoPy_R,29,SS_vs_ar,0.005806049231091737,1278654,fa85569c247e4428,True,location-k4-fold0-seed0,0
map_aggregate,CoPy_R,30,MSE,0.008617902035372148,1278654,fa85569c247e4428,True,location-k4-fold0-seed0,0
map_aggregate,CoPy_R,30,MAE,0.0498907578117748,1278654,fa85569c247e4428,True,location-k4-fold0-seed0,0
map_aggregate,CoPy_R,30,SS_vs_persistence,0.44848134596147327,1278654,fa85569c247e4428,True,location-k4-fold0-seed0,0
map_aggregate,CoPy_R,30,SS_vs_seasonal,0.4423494975313139,1278654,fa85569c247e4428,True,location-k4-fold0-seed0,0
map_aggregate,CoPy_R,30,SS_vs_ar,0.017876253864078095,1278654,fa85569c247e4428,True,location-k4-fold0-seed0,0
map_aggregate,CoPy_R,all,MSE,0.00837835348749093,1278654,fa85569c247e4428,True,location-k4-fold0-seed0,0
map_aggregate,CoPy_R,all,MAE,0.04919303950556186,1278654,fa85569c247e4428,True,location-k4-fold0-seed0,0
map_aggregate,CoPy_R,all,SS_vs_persistence,0.42390220633404774,1278654,fa85569c247e4428,True,location-k4-fold0-seed0,0
map_aggregate,CoPy_R,all,SS_vs_seasonal,0.43030632482789954,1278654,fa85569c247e4428,True,location-k4-fold0-seed0,0
map_aggregate,CoPy_R,all,SS_vs_ar,0.024197528511461286,1278654,fa85569c247e4428,True,location-k4-fold0-seed0,0
persistence,F_R,1,MSE,92217.13336272474,1297860,f4d62ad7513e0a9d,True,location-k4-fold1-seed0,1
persistence,F_R,1,MAE,149.75105716017015,1297860,f4d62ad7513e0a9d,True,location-k4-fold1-seed0,1
persistence,F_R,1,SS_vs_persistence,0.0,1297860,f4d62ad7513e0a9d,True,location-k4-fold1-seed0,1
persistence,F_R,1,SS_vs_seasonal,0.16258639412482145,1297860,f4d62ad7513e0a9d,True,location-k4-fold1-seed0,1
persistence,F_R,1,SS_vs_ar,-0.5370343669418602,1297860,f4d62ad7513e0a9d,True,location-k4-fold1-seed0,1
persistence,F_R,2,MSE,105516.8534650091,1297860,f4d62ad7513e0a9d,True,location-k4-fold1-seed0,1
persistence,F_R,2,MAE,166.55326995842555,1297860,f4d62ad7513e0a9d,True,location-k4-fold1-seed0,1
persistence,F_R,2,SS_vs_persistence,0.0,1297860,f4d62ad7513e0a9d,True,location-k4-fold1-seed0,1
persistence,F_R,2,SS_vs_seasonal,0.054488388913535024,1297860,f4d62ad7513e0a9d,True,location-k4-fold1-seed0,1
persistence,F_R,2,SS_vs_ar,-0.6396676108447905,1297860,f4d62ad7513e0a9d,True,location-k4-fold1-seed0,1
persistence,F_R,3,MSE,105991.64423552714,1297860,f4d62ad7513e0a9d,True,location-k4-fold1-seed0,1
persistence,F_R,3,MAE,167.45568559847737,1297860,f4d62ad7513e0a9d,True,location-k4-fold1-seed0,1
persistence,F_R,3,SS_vs_persistence,0.0,1297860,f4d62ad7513e0a9d,True,location-k4-fold1-seed0,1
persistence,F_R,3,SS_vs_seasonal,0.04696919084307405,1297860,f4d62ad7513e0a9d,True,location-k4-fold1-seed0,1
persistence,F_R,3,SS_vs_ar,-0.6247302275537785,1297860,f4d62ad7513e0a9d,True,location-k4-fold1-seed0,1
persistence,F_R,4,MSE,108238.19505515973,1297860,f4d62ad7513e0a9d,True,location-k4-fold1-seed0,1
persistence,F_R,4,MAE,172.8588146989022,1297860,f4d62ad7513e0a9d,True,location-k4-fold1-seed0,1
persistence,F_R,4,SS_vs_persistence,0.0,1297860,f4d62ad7513e0a9d,True,location-k4-fold1-seed0,1
persistence,F_R,4,SS_vs_seasonal,0.027395937134897075,1297860,f4d62ad7513e0a9d,True,location-k4-fold1-seed0,1
persistence,F_R,4,SS_vs_ar,-0.6345204570805865,1297860,f4d62ad7513e0a9d,True,location-k4-fold1-seed0,1
persistence,F_R,5,MSE,111325.38649286098,1297860,f4d62ad7513e0a9d,True,location-k4-fold1-seed0,1
persistence,F_R,5,MAE,177.2775803229541,1297860,f4d62ad7513e0a9d,True,location-k4-fold1-seed0,1
persistence,F_R,5,SS_vs_persistence,0.0,1297860,f4d62ad7513e0a9d,True,location-k4-fold1-seed0,1
persistence,F_R,5,SS_vs_seasonal,0.00014336716777041403,1297860,f4d62ad7513e0a9d,True,location-k4-fold1-seed0,1
persistence,F_R,5,SS_vs_ar,-0.6581919818215092,1297860,f4d62ad7513e0a9d,True,location-k4-fold1-seed0,1
persistence,F_R,6,MSE,108257.20365254639,1297860,f4d62ad7513e0a9d,True,location-k4-fold1-seed0,1
persistence,F_R,6,MAE,173.9621968936184,1297860,f4d62ad7513e0a9d,True,location-k4-fold1-seed0,1
persistence,F_R,6,SS_vs_persistence,0.0,1297860,f4d62ad7513e0a9d,True,location-k4-fold1-seed0,1
persistence,F_R,6,SS_vs_seasonal,0.01992460523490036,1297860,f4d62ad7513e0a9d,True,location-k4-fold1-seed0,1
persistence,F_R,6,SS_vs_ar,-0.6151434711591062,1297860,f4d62ad7513e0a9d,True,location-k4-fold1-seed0,1
persistence,F_R,7,MSE,109732.0976208797,1297860,f4d62ad7513e0a9d,True,location-k4-fold1-seed0,1
persistence,F_R,7,MAE,176.305206356672,1297860,f4d62ad7513e0a9d,True,location-k4-fold1-seed0,1
persistence,F_R,7,SS_vs_persistence,0.0,1297860,f4d62ad7513e0a9d,True,location-k4-fold1-seed0,1
persistence,F_R,7,SS_vs_seasonal,-0.0015668472486074503,1297860,f4d62ad7513e0a9d,True,location-k4-fold1-seed0,1
persistence,F_R,7,SS_vs_ar,-0.6362547353403634,1297860,f4d62ad7513e0a9d,True,location-k4-fold1-seed0,1
persistence,F_R,8,MSE,110685.52279937445,1297860,f4d62ad7513e0a9d,True,location-k4-fold1-seed0,1
persistence,F_R,8,MAE,175.5634733176001,1297860,f4d62ad7513e0a9d,True,location-k4-fold1-seed0,1
persistence,F_R,8,SS_vs_persistence,0.0,1297860,f4d62ad7513e0a9d,True,location-k4-fold1-seed0,1
persistence,F_R,8,SS_vs_seasonal,-0.00984768727638441,1297860,f4d62ad7513e0a9d,True,location-k4-fold1-seed0,1
persistence,F_R,8,SS_vs_ar,-0.6354185060754123,1297860,f4d62ad7513e0a9d,True,location-k4-fold1-seed0,1
persistence,F_R,9,MSE,107237.85334132871,1297860,f4d62ad7513e0a9d,True,location-k4-fold1-seed0,1
persistence,F_R,9,MAE,172.02982069777966,1297860,f4d62ad7513e0a9d,True,location-k4-fold1-seed0,1
persistence,F_R,9,SS_vs_persistence,0.0,1297860,f4d62ad7513e0a9d,True,location-k4-fold1-seed0,1
persistence,F_R,9,SS_vs_seasonal,0.0002760666637892095,1297860,f4d62ad7513e0a9d,True,location-k4-fold1-seed0,1
persistence,F_R,9,SS_vs_ar,-0.5778988224392931,1297860,f4d62ad7513e0a9d,True,location-k4-fold1-seed0,1
persistence,F_R,10,MSE,107283.86308651578,1297860,f4d62ad7513e0a9d,True,location-k4-fold1-seed0,1
persistence,F_R,10,MAE,171.45052612299045,1297860,f4d62ad7513e0a9d,True,location-k4-fold1-seed0,1
persistence,F_R,10,SS_vs_persistence,0.0,1297860,f4d62ad7513e0a9d,True,location-k4-fold1-seed0,1
persistence,F_R,10,SS_vs_seasonal,0.09109591533404904,1297860,f4d62ad7513e0a9d,True,location-k4-fold1-seed0,1
persistence,F_R,10,SS_vs_ar,-0.5573875497750287,1297860,f4d62ad7513e0a9d,True,location-k4-fold1-seed0,1
persistence,F_R,11,MSE,111598.3754394633,1297860,f4d62ad7513e0a9d,True,location-k4-fold1-seed0,1
persistence,F_R,11,MAE,173.20228616798158,1297860,f4d62ad7513e0a9d,True,location-k4-fold1-seed0,1
persistence,F_R,11,SS_vs_persistence,0.0,1297860,f4d62ad7513e0a9d,True,location-k4-fold1-seed0,1
persistence,F_R,11,SS_vs_seasonal,0.0575588851066714,1297860,f4d62ad7513e0a9d,True,location-k4-fold1-seed0,1
persistence,F_R,11,SS_vs_ar,-0.5866424045289795,1297860,f4d62ad7513e0a9d,True,location-k4-fold1-seed0,1
persistence,F_R,12,MSE,112990.993651356,1297860,f4d62ad7513e0a9d,True,location-k4-fold1-seed0,1
persistence,F_R,12,MAE,177.01223486402617,1297860,f4d62ad7513e0a9d,True,location-k4-fold1-seed0,1
persistence,F_R,12,SS_vs_persistence,0.0,1297860,f4d62ad7513e0a9d,True,location-k4-fold1-seed0,1
persistence,F_R,12,SS_vs_seasonal,0.04509917574780287,1297860,f4d62ad7513e0a9d,True,location-k4-fold1-seed0,1
persistence,F_R,12,SS_vs_ar,-0.5874469926591244,1297860,f4d62ad7513e0a9d,True,location-k4-fold1-seed0,1
persistence,F_R,13,MSE,113173.09221806328,1297860,f4d62ad7513e0a9d,True,location-k4-fold1-seed0,1
persistence,F_R,13,MAE,178.1454103582803,1297860,f4d62ad7513e0a9d,True,location-k4-fold1-seed0,1
persistence,F_R,13,SS_vs_persistence,0.0,1297860,f4d62ad7513e0a9d,True,location-k4-fold1-seed0,1
persistence,F_R,13,SS_vs_seasonal,0.04583629057635907,1297860,f4d62ad7513e0a9d,True,location-k4-fold1-seed0,1
persistence,F_R,13,SS_vs_ar,-0.5746521893402294,1297860,f4d62ad7513e0a9d,True,location-k4-fold1-seed0,1
persistence,F_R,14,MSE,114053.2120439595,1297860,f4d62ad7513e0a9d,True,location-k4-fold1-seed0,1
persistence,F_R,14,MAE,179.526571531544,1297860,f4d62ad7513e0a9d,True,location-k4-fold1-seed0,1
persistence,F_R,14,SS_vs_persistence,0.0,1297860,f4d62ad7513e0a9d,True,location-k4-fold1-seed0,1
persistence,F_R,14,SS_vs_seasonal,0.037692457905790455,1297860,f4d62ad7513e0a9d,True,location-k4-fold1-seed0,1
persistence,F_R,14,SS_vs_ar,-0.5739089023684107,1297860,f4d62ad7513e0a9d,True,location-k4-fold1-seed0,1
persistence,F_R,15,MSE,112413.83537862111,1297860,f4d62ad7513e0a9d,True,location-k4-fold1-seed0,1
persistence,F_R,15,MAE,181.2553904559266,1297860,f4d62ad7513e0a9d,True,location-k4-fold1-seed0,1
persistence,F_R,15,SS_vs_persistence,0.0,1297860,f4d62ad7513e0a9d,True,location-k4-fold1-seed0,1
persistence,F_R,15,SS_vs_seasonal,0.04733981152449762,1297860,f4d62ad7513e0a9d,True,location-k4-fold1-seed0,1
persistence,F_R,15,SS_vs_ar,-0.550131559425707,1297860,f4d62ad7513e0a9d,True,location-k4-fold1-seed0,1
persistence,F_R,16,MSE,117138.4641191717,1297860,f4d62ad7513e0a9d,True,location-k4-fold1-seed0,1
persistence,F_R,16,MAE,185.08501558725757,1297860,f4d62ad7513e0a9d,True,location-k4-fold1-seed0,1
persistence,F_R,16,SS_vs_persistence,0.0,1297860,f4d62ad7513e0a9d,True,location-k4-fold1-seed0,1
persistence,F_R,16,SS_vs_seasonal,0.01509937420884555,1297860,f4d62ad7513e0a9d,True,location-k4-fold1-seed0,1
persistence,F_R,16,SS_vs_ar,-0.5788968042799141,1297860,f4d62ad7513e0a9d,True,location-k4-fold1-seed0,1
persistence,F_R,17,MSE,116277.39496217079,1297860,f4d62ad7513e0a9d,True,location-k4-fold1-seed0,1
persistence,F_R,17,MAE,184.16744833013274,1297860,f4d62ad7513e0a9d,True,location-k4-fold1-seed0,1
persistence,F_R,17,SS_vs_persistence,0.0,1297860,f4d62ad7513e0a9d,True,location-k4-fold1-seed0,1
persistence,F_R,17,SS_vs_seasonal,0.027044236372291475,1297860,f4d62ad7513e0a9d,True,location-k4-fold1-seed0,1
persistence,F_R,17,SS_vs_ar,-0.5589540799214878,1297860,f4d62ad7513e0a9d,True,location-k4-fold1-seed0,1
persistence,F_R,18,MSE,116648.33350702196,1297860,f4d62ad7513e0a9d,True,location-k4-fold1-seed0,1
persistence,F_R,18,MAE,182.93146137108636,1297860,f4d62ad7513e0a9d,True,location-k4-fold1-seed0,1
persistence,F_R,18,SS_vs_persistence,0.0,1297860,f4d62ad7513e0a9d,True,location-k4-fold1-seed0,1
persistence,F_R,18,SS_vs_seasonal,-0.001036910151384074,1297860,f4d62ad7513e0a9d,True,location-k4-fold1-seed0,1
persistence,F_R,18,SS_vs_ar,-0.5554033963660101,1297860,f4d62ad7513e0a9d,True,location-k4-fold1-seed0,1
persistence,F_R,19,MSE,116279.21959602566,1297860,f4d62ad7513e0a9d,True,location-k4-fold1-seed0,1
persistence,F_R,19,MAE,180.45937311400775,1297860,f4d62ad7513e0a9d,True,location-k4-fold1-seed0,1
persistence,F_R,19,SS_vs_persistence,0.0,1297860,f4d62ad7513e0a9d,True,location-k4-fold1-seed0,1
persistence,F_R,19,SS_vs_seasonal,0.0697849982523886,1297860,f4d62ad7513e0a9d,True,location-k4-fold1-seed0,1
persistence,F_R,19,SS_vs_ar,-0.5376835635636263,1297860,f4d62ad7513e0a9d,True,location-k4-fold1-seed0,1
persistence,F_R,20,MSE,114662.80014210513,1297860,f4d62ad7513e0a9d,True,location-k4-fold1-seed0,1
persistence,F_R,20,MAE,178.06357365554825,1297860,f4d62ad7513e0a9d,True,location-k4-fold1-seed0,1
persistence,F_R,20,SS_vs_persistence,0.0,1297860,f4d62ad7513e0a9d,True,location-k4-fold1-seed0,1
persistence,F_R,20,SS_vs_seasonal,0.08097315705391583,1297860,f4d62ad7513e0a9d,True,location-k4-fold1-seed0,1
persistence,F_R,20,SS_vs_ar,-0.5010842929899242,1297860,f4d62ad7513e0a9d,True,location-k4-fold1-seed0,1
persistence,F_R,21,MSE,114625.68470213932,1297860,f4d62ad7513e0a9d,True,location-k4-fold1-seed0,1
persistence,F_R,21,MAE,180.19738086127114,1297860,f4d62ad7513e0a9d,True,location-k4-fold1-seed0,1
persistence,F_R,21,SS_vs_persistence,0.0,1297860,f4d62ad7513e0a9d,True,location-k4-fold1-seed0,1
persistence,F_R,21,SS_vs_seasonal,0.07892383406078196,1297860,f4d62ad7513e0a9d,True,location-k4-fold1-seed0,1
persistence,F_R,21,SS_vs_ar,-0.4829646134010215,1297860,f4d62ad7513e0a9d,True,location-k4-fold1-seed0,1
persistence,F_R,22,MSE,116814.6933834936,1297860,f4d62ad7513e0a9d,True,location-k4-fold1-seed0,1
persistence,F_R,22,MAE,181.21111210383103,1297860,f4d62ad7513e0a9d,True,location-k4-fold1-seed0,1
persistence,F_R,22,SS_vs_persistence,0.0,1297860,f4d62ad7513e0a9d,True,location-k4-fold1-seed0,1
persistence,F_R,22,SS_vs_seasonal,0.05612024416161654,1297860,f4d62ad7513e0a9d,True,location-k4-fold1-seed0,1
persistence,F_R,22,SS_vs_ar,-0.4996438481520775,1297860,f4d62ad7513e0a9d,True,location-k4-fold1-seed0,1
persistence,F_R,23,MSE,115729.3777537471,1297860,f4d62ad7513e0a9d,True,location-k4-fold1-seed0,1
persistence,F_R,23,MAE,181.48276356578089,1297860,f4d62ad7513e0a9d,True,location-k4-fold1-seed0,1
persistence,F_R,23,SS_vs_persistence,0.0,1297860,f4d62ad7513e0a9d,True,location-k4-fold1-seed0,1
persistence,F_R,23,SS_vs_seasonal,0.06638603608867988,1297860,f4d62ad7513e0a9d,True,location-k4-fold1-seed0,1
persistence,F_R,23,SS_vs_ar,-0.47355425040002075,1297860,f4d62ad7513e0a9d,True,location-k4-fold1-seed0,1
persistence,F_R,24,MSE,117883.52391556336,1297860,f4d62ad7513e0a9d,True,location-k4-fold1-seed0,1
persistence,F_R,24,MAE,185.06606475673476,1297860,f4d62ad7513e0a9d,True,location-k4-fold1-seed0,1
persistence,F_R,24,SS_vs_persistence,0.0,1297860,f4d62ad7513e0a9d,True,location-k4-fold1-seed0,1
persistence,F_R,24,SS_vs_seasonal,0.04916539161606859,1297860,f4d62ad7513e0a9d,True,location-k4-fold1-seed0,1
persistence,F_R,24,SS_vs_ar,-0.47808500166804824,1297860,f4d62ad7513e0a9d,True,location-k4-fold1-seed0,1
persistence,F_R,25,MSE,119030.37777995893,1297860,f4d62ad7513e0a9d,True,location-k4-fold1-seed0,1
persistence,F_R,25,MAE,185.66891684203046,1297860,f4d62ad7513e0a9d,True,location-k4-fold1-seed0,1
persistence,F_R,25,SS_vs_persistence,0.0,1297860,f4d62ad7513e0a9d,True,location-k4-fold1-seed0,1
persistence,F_R,25,SS_vs_seasonal,0.04019525727858464,1297860,f4d62ad7513e0a9d,True,location-k4-fold1-seed0,1
persistence,F_R,25,SS_vs_ar,-0.47469247047829954,1297860,f4d62ad7513e0a9d,True,location-k4-fold1-seed0,1
persistence,F_R,26,MSE,122209.83032958733,1297860,f4d62ad7513e0a9d,True,location-k4-fold1-seed0,1
persistence,F_R,26,MAE,189.29592451520858,1297860,f4d62ad7513e0a9d,True,location-k4-fold1-seed0,1
persistence,F_R,26,SS_vs_persistence,0.0,1297860,f4d62ad7513e0a9d,True,location-k4-fold1-seed0,1
persistence,F_R,26,SS_vs_seasonal,0.0231144422670172,1297860,f4d62ad7513e0a9d,True,location-k4-fold1-seed0,1
persistence,F_R,26,SS_vs_ar,-0.49305874588045917,1297860,f4d62ad7513e0a9d,True,location-k4-fold1-seed0,1
persistence,F_R,27,MSE,122645.42845089555,1297860,f4d62ad7513e0a9d,True,location-k4-fold1-seed0,1
persistence,F_R,27,MAE,192.02793565360116,1297860,f4d62ad7513e0a9d,True,location-k4-fold1-seed0,1
persistence,F_R,27,SS_vs_persistence,0.0,1297860,f4d62ad7513e0a9d,True,location-k4-fold1-seed0,1
persistence,F_R,27,SS_vs_seasonal,-0.001613767301421154,1297860,f4d62ad7513e0a9d,True,location-k4-fold1-seed0,1
persistence,F_R,27,SS_vs_ar,-0.5099226618123085,1297860,f4d62ad7513e0a9d,True,location-k4-fold1-seed0,1
persistence,F_R,28,MSE,120583.4182587117,1297860,f4d62ad7513e0a9d,True,location-k4-fold1-seed0,1
persistence,F_R,28,MAE,187.09439021592817,1297860,f4d62ad7513e0a9d,True,location-k4-fold1-seed0,1
persistence,F_R,28,SS_vs_persistence,0.0,1297860,f4d62ad7513e0a9d,True,location-k4-fold1-seed0,1
persistence,F_R,28,SS_vs_seasonal,0.030235050765583527,1297860,f4d62ad7513e0a9d,True,location-k4-fold1-seed0,1
persistence,F_R,28,SS_vs_ar,-0.4886528344988026,1297860,f4d62ad7513e0a9d,True,location-k4-fold1-seed0,1
persistence,F_R,29,MSE,119179.39042221302,1297860,f4d62ad7513e0a9d,True,location-k4-fold1-seed0,1
persistence,F_R,29,MAE,184.26523040324253,1297860,f4d62ad7513e0a9d,True,location-k4-fold1-seed0,1
persistence,F_R,29,SS_vs_persistence,0.0,1297860,f4d62ad7513e0a9d,True,location-k4-fold1-seed0,1
persistence,F_R,29,SS_vs_seasonal,0.04070662898489219,1297860,f4d62ad7513e0a9d,True,location-k4-fold1-seed0,1
persistence,F_R,29,SS_vs_ar,-0.47308394950810273,1297860,f4d62ad7513e0a9d,True,location-k4-fold1-seed0,1
persistence,F_R,30,MSE,116573.75853601524,1297860,f4d62ad7513e0a9d,True,location-k4-fold1-seed0,1
persistence,F_R,30,MAE,183.83704921963488,1297860,f4d62ad7513e0a9d,True,location-k4-fold1-seed0,1
persistence,F_R,30,SS_vs_persistence,0.0,1297860,f4d62ad7513e0a9d,True,location-k4-fold1-seed0,1
persistence,F_R,30,SS_vs_seasonal,0.06095818637294781,1297860,f4d62ad7513e0a9d,True,location-k4-fold1-seed0,1
persistence,F_R,30,SS_vs_ar,-0.4397738660187993,1297860,f4d62ad7513e0a9d,True,location-k4-fold1-seed0,1
persistence,F_R,all,MSE,113233.23192347161,1297860,f4d62ad7513e0a9d,True,location-k4-fold1-seed0,1
persistence,F_R,all,MAE,178.4401054900215,1297860,f4d62ad7513e0a9d,True,location-k4-fold1-seed0,1
persistence,F_R,all,SS_vs_persistence,0.0,1297860,f4d62ad7513e0a9d,True,location-k4-fold1-seed0,1
persistence,F_R,all,SS_vs_seasonal,0.042433950475380344,1297860,f4d62ad7513e0a9d,True,location-k4-fold1-seed0,1
persistence,F_R,all,SS_vs_ar,-0.5470016733051208,1297860,f4d62ad7513e0a9d,True,location-k4-fold1-seed0,1
persistence,CoPx_R,1,MSE,0.21394488376258894,1297860,f4d62ad7513e0a9d,True,location-k4-fold1-seed0,1
persistence,CoPx_R,1,MAE,0.2801823311959633,1297860,f4d62ad7513e0a9d,True,location-k4-fold1-seed0,1
persistence,CoPx_R,1,SS_vs_persistence,4.6741499559743716e-12,1297860,f4d62ad7513e0a9d,True,location-k4-fold1-seed0,1
persistence,CoPx_R,1,SS_vs_seasonal,0.11086661093318073,1297860,f4d62ad7513e0a9d,True,location-k4-fold1-seed0,1
persistence,CoPx_R,1,SS_vs_ar,-0.6544117219493311,1297860,f4d62ad7513e0a9d,True,location-k4-fold1-seed0,1
persistence,CoPx_R,2,MSE,0.24184976200131497,1297860,f4d62ad7513e0a9d,True,location-k4-fold1-seed0,1
persistence,CoPx_R,2,MAE,0.31367146384424704,1297860,f4d62ad7513e0a9d,True,location-k4-fold1-seed0,1
persistence,CoPx_R,2,SS_vs_persistence,4.1348036106114705e-12,1297860,f4d62ad7513e0a9d,True,location-k4-fold1-seed0,1
persistence,CoPx_R,2,SS_vs_seasonal,0.017294843309898833,1297860,f4d62ad7513e0a9d,True,location-k4-fold1-seed0,1
persistence,CoPx_R,2,SS_vs_ar,-0.804918501662081,1297860,f4d62ad7513e0a9d,True,location-k4-fold1-seed0,1
persistence,CoPx_R,3,MSE,0.24049826792301005,1297860,f4d62ad7513e0a9d,True,location-k4-fold1-seed0,1
persistence,CoPx_R,3,MAE,0.31079011903251896,1297860,f4d62ad7513e0a9d,True,location-k4-fold1-seed0,1
persistence,CoPx_R,3,SS_vs_persistence,4.158007271826136e-12,1297860,f4d62ad7513e0a9d,True,location-k4-fold1-seed0,1
persistence,CoPx_R,3,SS_vs_seasonal,0.018851848975264707,1297860,f4d62ad7513e0a9d,True,location-k4-fold1-seed0,1
persistence,CoPx_R,3,SS_vs_ar,-0.7819807565855188,1297860,f4d62ad7513e0a9d,True,location-k4-fold1-seed0,1
persistence,CoPx_R,4,MSE,0.24751383700704466,1297860,f4d62ad7513e0a9d,True,location-k4-fold1-seed0,1
persistence,CoPx_R,4,MAE,0.3195191080248765,1297860,f4d62ad7513e0a9d,True,location-k4-fold1-seed0,1
persistence,CoPx_R,4,SS_vs_persistence,4.040212608913407e-12,1297860,f4d62ad7513e0a9d,True,location-k4-fold1-seed0,1
persistence,CoPx_R,4,SS_vs_seasonal,-0.0010704397485350459,1297860,f4d62ad7513e0a9d,True,location-k4-fold1-seed0,1
persistence,CoPx_R,4,SS_vs_ar,-0.8103668229835863,1297860,f4d62ad7513e0a9d,True,location-k4-fold1-seed0,1
persistence,CoPx_R,5,MSE,0.2599854002784506,1297860,f4d62ad7513e0a9d,True,location-k4-fold1-seed0,1
persistence,CoPx_R,5,MAE,0.3335872317941476,1297860,f4d62ad7513e0a9d,True,location-k4-fold1-seed0,1
persistence,CoPx_R,5,SS_vs_persistence,3.846256646511392e-12,1297860,f4d62ad7513e0a9d,True,location-k4-fold1-seed0,1
persistence,CoPx_R,5,SS_vs_seasonal,-0.04350148147964572,1297860,f4d62ad7513e0a9d,True,location-k4-fold1-seed0,1
persistence,CoPx_R,5,SS_vs_ar,-0.8896292994616435,1297860,f4d62ad7513e0a9d,True,location-k4-fold1-seed0,1
persistence,CoPx_R,6,MSE,0.25531272471753247,1297860,f4d62ad7513e0a9d,True,location-k4-fold1-seed0,1
persistence,CoPx_R,6,MAE,0.3290720004601642,1297860,f4d62ad7513e0a9d,True,location-k4-fold1-seed0,1
persistence,CoPx_R,6,SS_vs_persistence,3.916644786272627e-12,1297860,f4d62ad7513e0a9d,True,location-k4-fold1-seed0,1
persistence,CoPx_R,6,SS_vs_seasonal,-0.0313374073194197,1297860,f4d62ad7513e0a9d,True,location-k4-fold1-seed0,1
persistence,CoPx_R,6,SS_vs_ar,-0.8593291642191414,1297860,f4d62ad7513e0a9d,True,location-k4-fold1-seed0,1
persistence,CoPx_R,7,MSE,0.257086743477043,1297860,f4d62ad7513e0a9d,True,location-k4-fold1-seed0,1
persistence,CoPx_R,7,MAE,0.3304526831999924,1297860,f4d62ad7513e0a9d,True,location-k4-fold1-seed0,1
persistence,CoPx_R,7,SS_vs_persistence,3.889666366774236e-12,1297860,f4d62ad7513e0a9d,True,location-k4-fold1-seed0,1
persistence,CoPx_R,7,SS_vs_seasonal,-0.03999735066954657,1297860,f4d62ad7513e0a9d,True,location-k4-fold1-seed0,1
persistence,CoPx_R,7,SS_vs_ar,-0.8751092192524963,1297860,f4d62ad7513e0a9d,True,location-k4-fold1-seed0,1
persistence,CoPx_R,8,MSE,0.25351317700528087,1297860,f4d62ad7513e0a9d,True,location-k4-fold1-seed0,1
persistence,CoPx_R,8,MAE,0.3264962052007049,1297860,f4d62ad7513e0a9d,True,location-k4-fold1-seed0,1
persistence,CoPx_R,8,SS_vs_persistence,3.944511384190719e-12,1297860,f4d62ad7513e0a9d,True,location-k4-fold1-seed0,1
persistence,CoPx_R,8,SS_vs_seasonal,-0.02659939856961646,1297860,f4d62ad7513e0a9d,True,location-k4-fold1-seed0,1
persistence,CoPx_R,8,SS_vs_ar,-0.8475882522759617,1297860,f4d62ad7513e0a9d,True,location-k4-fold1-seed0,1
persistence,CoPx_R,9,MSE,0.24289054900403392,1297860,f4d62ad7513e0a9d,True,location-k4-fold1-seed0,1
persistence,CoPx_R,9,MAE,0.3174040474489885,1297860,f4d62ad7513e0a9d,True,location-k4-fold1-seed0,1
persistence,CoPx_R,9,SS_vs_persistence,4.1171510645199305e-12,1297860,f4d62ad7513e0a9d,True,location-k4-fold1-seed0,1
persistence,CoPx_R,9,SS_vs_seasonal,0.0021647924490566517,1297860,f4d62ad7513e0a9d,True,location-k4-fold1-seed0,1
persistence,CoPx_R,9,SS_vs_ar,-0.7654760282929642,1297860,f4d62ad7513e0a9d,True,location-k4-fold1-seed0,1
persistence,CoPx_R,10,MSE,0.241176026208169,1297860,f4d62ad7513e0a9d,True,location-k4-fold1-seed0,1
persistence,CoPx_R,10,MAE,0.3142577793991382,1297860,f4d62ad7513e0a9d,True,location-k4-fold1-seed0,1
persistence,CoPx_R,10,SS_vs_persistence,4.146349930067572e-12,1297860,f4d62ad7513e0a9d,True,location-k4-fold1-seed0,1
persistence,CoPx_R,10,SS_vs_seasonal,0.07065416647458034,1297860,f4d62ad7513e0a9d,True,location-k4-fold1-seed0,1
persistence,CoPx_R,10,SS_vs_ar,-0.7358841789446888,1297860,f4d62ad7513e0a9d,True,location-k4-fold1-seed0,1
persistence,CoPx_R,11,MSE,0.24511269141312783,1297860,f4d62ad7513e0a9d,True,location-k4-fold1-seed0,1
persistence,CoPx_R,11,MAE,0.3177858793272725,1297860,f4d62ad7513e0a9d,True,location-k4-fold1-seed0,1
persistence,CoPx_R,11,SS_vs_persistence,4.079736548590063e-12,1297860,f4d62ad7513e0a9d,True,location-k4-fold1-seed0,1
persistence,CoPx_R,11,SS_vs_seasonal,0.06225377162484902,1297860,f4d62ad7513e0a9d,True,location-k4-fold1-seed0,1
persistence,CoPx_R,11,SS_vs_ar,-0.7404155870060558,1297860,f4d62ad7513e0a9d,True,location-k4-fold1-seed0,1
persistence,CoPx_R,12,MSE,0.25537708464723136,1297860,f4d62ad7513e0a9d,True,location-k4-fold1-seed0,1
persistence,CoPx_R,12,MAE,0.3285407663510242,1297860,f4d62ad7513e0a9d,True,location-k4-fold1-seed0,1
persistence,CoPx_R,12,SS_vs_persistence,3.915645585550465e-12,1297860,f4d62ad7513e0a9d,True,location-k4-fold1-seed0,1
persistence,CoPx_R,12,SS_vs_seasonal,0.025515594003877484,1297860,f4d62ad7513e0a9d,True,location-k4-fold1-seed0,1
persistence,CoPx_R,12,SS_vs_ar,-0.7966068600915894,1297860,f4d62ad7513e0a9d,True,location-k4-fold1-seed0,1
persistence,CoPx_R,13,MSE,0.2577519074932461,1297860,f4d62ad7513e0a9d,True,location-k4-fold1-seed0,1
persistence,CoPx_R,13,MAE,0.33124725593489596,1297860,f4d62ad7513e0a9d,True,location-k4-fold1-seed0,1
persistence,CoPx_R,13,SS_vs_persistence,3.879563337250147e-12,1297860,f4d62ad7513e0a9d,True,location-k4-fold1-seed0,1
persistence,CoPx_R,13,SS_vs_seasonal,0.014391971962017136,1297860,f4d62ad7513e0a9d,True,location-k4-fold1-seed0,1
persistence,CoPx_R,13,SS_vs_ar,-0.8101328726953849,1297860,f4d62ad7513e0a9d,True,location-k4-fold1-seed0,1
persistence,CoPx_R,14,MSE,0.25690897607486607,1297860,f4d62ad7513e0a9d,True,location-k4-fold1-seed0,1
persistence,CoPx_R,14,MAE,0.3309983083736268,1297860,f4d62ad7513e0a9d,True,location-k4-fold1-seed0,1
persistence,CoPx_R,14,SS_vs_persistence,3.892330902033336e-12,1297860,f4d62ad7513e0a9d,True,location-k4-fold1-seed0,1
persistence,CoPx_R,14,SS_vs_seasonal,0.017873760987677456,1297860,f4d62ad7513e0a9d,True,location-k4-fold1-seed0,1
persistence,CoPx_R,14,SS_vs_ar,-0.7972459112178227,1297860,f4d62ad7513e0a9d,True,location-k4-fold1-seed0,1
persistence,CoPx_R,15,MSE,0.2667687033707894,1297860,f4d62ad7513e0a9d,True,location-k4-fold1-seed0,1
persistence,CoPx_R,15,MAE,0.34067693838122404,1297860,f4d62ad7513e0a9d,True,location-k4-fold1-seed0,1
persistence,CoPx_R,15,SS_vs_persistence,3.748445998041916e-12,1297860,f4d62ad7513e0a9d,True,location-k4-fold1-seed0,1
persistence,CoPx_R,15,SS_vs_seasonal,-0.010230059082726228,1297860,f4d62ad7513e0a9d,True,location-k4-fold1-seed0,1
persistence,CoPx_R,15,SS_vs_ar,-0.8547306260472622,1297860,f4d62ad7513e0a9d,True,location-k4-fold1-seed0,1
persistence,CoPx_R,16,MSE,0.2740561367223914,1297860,f4d62ad7513e0a9d,True,location-k4-fold1-seed0,1
persistence,CoPx_R,16,MAE,0.3475401942097775,1297860,f4d62ad7513e0a9d,True,location-k4-fold1-seed0,1
persistence,CoPx_R,16,SS_vs_persistence,3.6488589927330395e-12,1297860,f4d62ad7513e0a9d,True,location-k4-fold1-seed0,1
persistence,CoPx_R,16,SS_vs_seasonal,-0.03654253526471529,1297860,f4d62ad7513e0a9d,True,location-k4-fold1-seed0,1
persistence,CoPx_R,16,SS_vs_ar,-0.9016208485494888,1297860,f4d62ad7513e0a9d,True,location-k4-fold1-seed0,1
persistence,CoPx_R,17,MSE,0.26835865592106256,1297860,f4d62ad7513e0a9d,True,location-k4-fold1-seed0,1
persistence,CoPx_R,17,MAE,0.34217502631136487,1297860,f4d62ad7513e0a9d,True,location-k4-fold1-seed0,1
persistence,CoPx_R,17,SS_vs_persistence,3.726241537549413e-12,1297860,f4d62ad7513e0a9d,True,location-k4-fold1-seed0,1
persistence,CoPx_R,17,SS_vs_seasonal,-0.01328126300149668,1297860,f4d62ad7513e0a9d,True,location-k4-fold1-seed0,1
persistence,CoPx_R,17,SS_vs_ar,-0.8632273897245215,1297860,f4d62ad7513e0a9d,True,location-k4-fold1-seed0,1
persistence,CoPx_R,18,MSE,0.2631201149842913,1297860,f4d62ad7513e0a9d,True,location-k4-fold1-seed0,1
persistence,CoPx_R,18,MAE,0.33794714964990663,1297860,f4d62ad7513e0a9d,True,location-k4-fold1-seed0,1
persistence,CoPx_R,18,SS_vs_persistence,3.800515457896836e-12,1297860,f4d62ad7513e0a9d,True,location-k4-fold1-seed0,1
persistence,CoPx_R,18,SS_vs_seasonal,0.0013286445469329333,1297860,f4d62ad7513e0a9d,True,location-k4-fold1-seed0,1
persistence,CoPx_R,18,SS_vs_ar,-0.8263053241823706,1297860,f4d62ad7513e0a9d,True,location-k4-fold1-seed0,1
persistence,CoPx_R,19,MSE,0.25895898051318084,1297860,f4d62ad7513e0a9d,True,location-k4-fold1-seed0,1
persistence,CoPx_R,19,MAE,0.3334776046448517,1297860,f4d62ad7513e0a9d,True,location-k4-fold1-seed0,1
persistence,CoPx_R,19,SS_vs_persistence,3.8615777242512195e-12,1297860,f4d62ad7513e0a9d,True,location-k4-fold1-seed0,1
persistence,CoPx_R,19,SS_vs_seasonal,0.06197836707834781,1297860,f4d62ad7513e0a9d,True,location-k4-fold1-seed0,1
persistence,CoPx_R,19,SS_vs_ar,-0.7918606745531025,1297860,f4d62ad7513e0a9d,True,location-k4-fold1-seed0,1
persistence,CoPx_R,20,MSE,0.253822870058057,1297860,f4d62ad7513e0a9d,True,location-k4-fold1-seed0,1
persistence,CoPx_R,20,MAE,0.32692779765798363,1297860,f4d62ad7513e0a9d,True,location-k4-fold1-seed0,1
persistence,CoPx_R,20,SS_vs_persistence,3.939626402882368e-12,1297860,f4d62ad7513e0a9d,True,location-k4-fold1-seed0,1
persistence,CoPx_R,20,SS_vs_seasonal,0.07938890511373187,1297860,f4d62ad7513e0a9d,True,location-k4-fold1-seed0,1
persistence,CoPx_R,20,SS_vs_ar,-0.7517835744281351,1297860,f4d62ad7513e0a9d,True,location-k4-fold1-seed0,1
persistence,CoPx_R,21,MSE,0.25458881450729615,1297860,f4d62ad7513e0a9d,True,location-k4-fold1-seed0,1
persistence,CoPx_R,21,MAE,0.32987625095306544,1297860,f4d62ad7513e0a9d,True,location-k4-fold1-seed0,1
persistence,CoPx_R,21,SS_vs_persistence,3.927858038821341e-12,1297860,f4d62ad7513e0a9d,True,location-k4-fold1-seed0,1
persistence,CoPx_R,21,SS_vs_seasonal,0.07649237432984912,1297860,f4d62ad7513e0a9d,True,location-k4-fold1-seed0,1
persistence,CoPx_R,21,SS_vs_ar,-0.7472862104412736,1297860,f4d62ad7513e0a9d,True,location-k4-fold1-seed0,1
persistence,CoPx_R,22,MSE,0.2564237639551358,1297860,f4d62ad7513e0a9d,True,location-k4-fold1-seed0,1
persistence,CoPx_R,22,MAE,0.33092895987275533,1297860,f4d62ad7513e0a9d,True,location-k4-fold1-seed0,1
persistence,CoPx_R,22,SS_vs_persistence,3.899658373995862e-12,1297860,f4d62ad7513e0a9d,True,location-k4-fold1-seed0,1
persistence,CoPx_R,22,SS_vs_seasonal,0.07396776228521285,1297860,f4d62ad7513e0a9d,True,location-k4-fold1-seed0,1
persistence,CoPx_R,22,SS_vs_ar,-0.7465278040736658,1297860,f4d62ad7513e0a9d,True,location-k4-fold1-seed0,1
persistence,CoPx_R,23,MSE,0.2584145248059596,1297860,f4d62ad7513e0a9d,True,location-k4-fold1-seed0,1
persistence,CoPx_R,23,MAE,0.3327959201050881,1297860,f4d62ad7513e0a9d,True,location-k4-fold1-seed0,1
persistence,CoPx_R,23,SS_vs_persistence,3.869682352330983e-12,1297860,f4d62ad7513e0a9d,True,location-k4-fold1-seed0,1
persistence,CoPx_R,23,SS_vs_seasonal,0.06627323338692437,1297860,f4d62ad7513e0a9d,True,location-k4-fold1-seed0,1
persistence,CoPx_R,23,SS_vs_ar,-0.7491457718386849,1297860,f4d62ad7513e0a9d,True,location-k4-fold1-seed0,1
persistence,CoPx_R,24,MSE,0.2674944893578023,1297860,f4d62ad7513e0a9d,True,location-k4-fold1-seed0,1
persistence,CoPx_R,24,MAE,0.34325221799576977,1297860,f4d62ad7513e0a9d,True,location-k4-fold1-seed0,1
persistence,CoPx_R,24,SS_vs_persistence,3.738342968517827e-12,1297860,f4d62ad7513e0a9d,True,location-k4-fold1-seed0,1
persistence,CoPx_R,24,SS_vs_seasonal,0.04464953562489038,1297860,f4d62ad7513e0a9d,True,location-k4-fold1-seed0,1
persistence,CoPx_R,24,SS_vs_ar,-0.7970379506019363,1297860,f4d62ad7513e0a9d,True,location-k4-fold1-seed0,1
persistence,CoPx_R,25,MSE,0.27175213208806426,1297860,f4d62ad7513e0a9d,True,location-k4-fold1-seed0,1
persistence,CoPx_R,25,MAE,0.34694498378643807,1297860,f4d62ad7513e0a9d,True,location-k4-fold1-seed0,1
persistence,CoPx_R,25,SS_vs_persistence,3.679723192817619e-12,1297860,f4d62ad7513e0a9d,True,location-k4-fold1-seed0,1
persistence,CoPx_R,25,SS_vs_seasonal,0.026772968221430604,1297860,f4d62ad7513e0a9d,True,location-k4-fold1-seed0,1
persistence,CoPx_R,25,SS_vs_ar,-0.8214456571202242,1297860,f4d62ad7513e0a9d,True,location-k4-fold1-seed0,1
persistence,CoPx_R,26,MSE,0.27774510226897353,1297860,f4d62ad7513e0a9d,True,location-k4-fold1-seed0,1
persistence,CoPx_R,26,MAE,0.3537599498914144,1297860,f4d62ad7513e0a9d,True,location-k4-fold1-seed0,1
persistence,CoPx_R,26,SS_vs_persistence,3.60034224655692e-12,1297860,f4d62ad7513e0a9d,True,location-k4-fold1-seed0,1
persistence,CoPx_R,26,SS_vs_seasonal,0.011566364631922732,1297860,f4d62ad7513e0a9d,True,location-k4-fold1-seed0,1
persistence,CoPx_R,26,SS_vs_ar,-0.8593284399840757,1297860,f4d62ad7513e0a9d,True,location-k4-fold1-seed0,1
persistence,CoPx_R,27,MSE,0.2818044831946605,1297860,f4d62ad7513e0a9d,True,location-k4-fold1-seed0,1
persistence,CoPx_R,27,MAE,0.3568438765059381,1297860,f4d62ad7513e0a9d,True,location-k4-fold1-seed0,1
persistence,CoPx_R,27,SS_vs_persistence,3.5484948313069253e-12,1297860,f4d62ad7513e0a9d,True,location-k4-fold1-seed0,1
persistence,CoPx_R,27,SS_vs_seasonal,-0.001884623802081098,1297860,f4d62ad7513e0a9d,True,location-k4-fold1-seed0,1
persistence,CoPx_R,27,SS_vs_ar,-0.8905468902476601,1297860,f4d62ad7513e0a9d,True,location-k4-fold1-seed0,1
persistence,CoPx_R,28,MSE,0.26915757833176207,1297860,f4d62ad7513e0a9d,True,location-k4-fold1-seed0,1
persistence,CoPx_R,28,MAE,0.34355407399027466,1297860,f4d62ad7513e0a9d,True,location-k4-fold1-seed0,1
persistence,CoPx_R,28,SS_vs_persistence,3.715250329605624e-12,1297860,f4d62ad7513e0a9d,True,location-k4-fold1-seed0,1
persistence,CoPx_R,28,SS_vs_seasonal,0.026957748850021335,1297860,f4d62ad7513e0a9d,True,location-k4-fold1-seed0,1
persistence,CoPx_R,28,SS_vs_ar,-0.8149518809510052,1297860,f4d62ad7513e0a9d,True,location-k4-fold1-seed0,1
persistence,CoPx_R,29,MSE,0.2646103820342413,1297860,f4d62ad7513e0a9d,True,location-k4-fold1-seed0,1
persistence,CoPx_R,29,MAE,0.3411310428802811,1297860,f4d62ad7513e0a9d,True,location-k4-fold1-seed0,1
persistence,CoPx_R,29,SS_vs_persistence,3.77908815352157e-12,1297860,f4d62ad7513e0a9d,True,location-k4-fold1-seed0,1
persistence,CoPx_R,29,SS_vs_seasonal,0.03797950089251678,1297860,f4d62ad7513e0a9d,True,location-k4-fold1-seed0,1
persistence,CoPx_R,29,SS_vs_ar,-0.7853407841541624,1297860,f4d62ad7513e0a9d,True,location-k4-fold1-seed0,1
persistence,CoPx_R,30,MSE,0.2689416977853564,1297860,f4d62ad7513e0a9d,True,location-k4-fold1-seed0,1
persistence,CoPx_R,30,MAE,0.34566072021839955,1297860,f4d62ad7513e0a9d,True,location-k4-fold1-seed0,1
persistence,CoPx_R,30,SS_vs_persistence,3.718247931772112e-12,1297860,f4d62ad7513e0a9d,True,location-k4-fold1-seed0,1
persistence,CoPx_R,30,SS_vs_seasonal,0.031957855025063875,1297860,f4d62ad7513e0a9d,True,location-k4-fold1-seed0,1
persistence,CoPx_R,30,SS_vs_ar,-0.8065886203559518,1297860,f4d62ad7513e0a9d,True,location-k4-fold1-seed0,1
persistence,CoPx_R,all,MSE,0.25749801536428224,1297860,f4d62ad7513e0a9d,True,location-k4-fold1-seed0,1
persistence,CoPx_R,all,MAE,0.33124992955473637,1297860,f4d62ad7513e0a9d,True,location-k4-fold1-seed0,1
persistence,CoPx_R,all,SS_vs_persistence,3.883449117836335e-12,1297860,f4d62ad7513e0a9d,True,location-k4-fold1-seed0,1
persistence,CoPx_R,all,SS_vs_seasonal,0.023185369177633253,1297860,f4d62ad7513e0a9d,True,location-k4-fold1-seed0,1
persistence,CoPx_R,all,SS_vs_ar,-0.8063112930181422,1297860,f4d62ad7513e0a9d,True,location-k4-fold1-seed0,1
persistence,CoPy_R,1,MSE,0.12715350464588093,1297860,f4d62ad7513e0a9d,True,location-k4-fold1-seed0,1
persistence,CoPy_R,1,MAE,0.23629019445839353,1297860,f4d62ad7513e0a9d,True,location-k4-fold1-seed0,1
persistence,CoPy_R,1,SS_vs_persistence,7.864597861839684e-12,1297860,f4d62ad7513e0a9d,True,location-k4-fold1-seed0,1
persistence,CoPy_R,1,SS_vs_seasonal,0.1771395054234013,1297860,f4d62ad7513e0a9d,True,location-k4-fold1-seed0,1
persistence,CoPy_R,1,SS_vs_ar,-0.5786527392769736,1297860,f4d62ad7513e0a9d,True,location-k4-fold1-seed0,1
persistence,CoPy_R,2,MSE,0.14440159383000067,1297860,f4d62ad7513e0a9d,True,location-k4-fold1-seed0,1
persistence,CoPy_R,2,MAE,0.2645153387113184,1297860,f4d62ad7513e0a9d,True,location-k4-fold1-seed0,1
persistence,CoPy_R,2,SS_vs_persistence,6.9251271384018764e-12,1297860,f4d62ad7513e0a9d,True,location-k4-fold1-seed0,1
persistence,CoPy_R,2,SS_vs_seasonal,0.08500645310144572,1297860,f4d62ad7513e0a9d,True,location-k4-fold1-seed0,1
persistence,CoPy_R,2,SS_vs_ar,-0.7038415229817832,1297860,f4d62ad7513e0a9d,True,location-k4-fold1-seed0,1
persistence,CoPy_R,3,MSE,0.14831175034093153,1297860,f4d62ad7513e0a9d,True,location-k4-fold1-seed0,1
persistence,CoPy_R,3,MAE,0.2674367200265308,1297860,f4d62ad7513e0a9d,True,location-k4-fold1-seed0,1
persistence,CoPy_R,3,SS_vs_persistence,6.742606473153501e-12,1297860,f4d62ad7513e0a9d,True,location-k4-fold1-seed0,1
persistence,CoPy_R,3,SS_vs_seasonal,0.06665886726864179,1297860,f4d62ad7513e0a9d,True,location-k4-fold1-seed0,1
persistence,CoPy_R,3,SS_vs_ar,-0.7185919682334208,1297860,f4d62ad7513e0a9d,True,location-k4-fold1-seed0,1
persistence,CoPy_R,4,MSE,0.15104221747412713,1297860,f4d62ad7513e0a9d,True,location-k4-fold1-seed0,1
persistence,CoPy_R,4,MAE,0.27072318808275814,1297860,f4d62ad7513e0a9d,True,location-k4-fold1-seed0,1
persistence,CoPy_R,4,SS_vs_persistence,6.6207039850496585e-12,1297860,f4d62ad7513e0a9d,True,location-k4-fold1-seed0,1
persistence,CoPy_R,4,SS_vs_seasonal,0.05063183855869735,1297860,f4d62ad7513e0a9d,True,location-k4-fold1-seed0,1
persistence,CoPy_R,4,SS_vs_ar,-0.7281386003433632,1297860,f4d62ad7513e0a9d,True,location-k4-fold1-seed0,1
persistence,CoPy_R,5,MSE,0.15499123326342895,1297860,f4d62ad7513e0a9d,True,location-k4-fold1-seed0,1
persistence,CoPy_R,5,MAE,0.27697988617390934,1297860,f4d62ad7513e0a9d,True,location-k4-fold1-seed0,1
persistence,CoPy_R,5,SS_vs_persistence,6.452061107609097e-12,1297860,f4d62ad7513e0a9d,True,location-k4-fold1-seed0,1
persistence,CoPy_R,5,SS_vs_seasonal,0.026741132417809288,1297860,f4d62ad7513e0a9d,True,location-k4-fold1-seed0,1
persistence,CoPy_R,5,SS_vs_ar,-0.7492408342270764,1297860,f4d62ad7513e0a9d,True,location-k4-fold1-seed0,1
persistence,CoPy_R,6,MSE,0.1551394853456989,1297860,f4d62ad7513e0a9d,True,location-k4-fold1-seed0,1
persistence,CoPy_R,6,MAE,0.27633786869797977,1297860,f4d62ad7513e0a9d,True,location-k4-fold1-seed0,1
persistence,CoPy_R,6,SS_vs_persistence,6.445843858671196e-12,1297860,f4d62ad7513e0a9d,True,location-k4-fold1-seed0,1
persistence,CoPy_R,6,SS_vs_seasonal,0.02470682093259724,1297860,f4d62ad7513e0a9d,True,location-k4-fold1-seed0,1
persistence,CoPy_R,6,SS_vs_ar,-0.7379777611275382,1297860,f4d62ad7513e0a9d,True,location-k4-fold1-seed0,1
persistence,CoPy_R,7,MSE,0.1602343181239557,1297860,f4d62ad7513e0a9d,True,location-k4-fold1-seed0,1
persistence,CoPy_R,7,MAE,0.2832105345189501,1297860,f4d62ad7513e0a9d,True,location-k4-fold1-seed0,1
persistence,CoPy_R,7,SS_vs_persistence,6.2408966883253925e-12,1297860,f4d62ad7513e0a9d,True,location-k4-fold1-seed0,1
persistence,CoPy_R,7,SS_vs_seasonal,-0.0034382486946884505,1297860,f4d62ad7513e0a9d,True,location-k4-fold1-seed0,1
persistence,CoPy_R,7,SS_vs_ar,-0.7785481076188494,1297860,f4d62ad7513e0a9d,True,location-k4-fold1-seed0,1
persistence,CoPy_R,8,MSE,0.15972753902704626,1297860,f4d62ad7513e0a9d,True,location-k4-fold1-seed0,1
persistence,CoPy_R,8,MAE,0.2815457138890952,1297860,f4d62ad7513e0a9d,True,location-k4-fold1-seed0,1
persistence,CoPy_R,8,SS_vs_persistence,6.26065865816372e-12,1297860,f4d62ad7513e0a9d,True,location-k4-fold1-seed0,1
persistence,CoPy_R,8,SS_vs_seasonal,-0.007670308721394736,1297860,f4d62ad7513e0a9d,True,location-k4-fold1-seed0,1
persistence,CoPy_R,8,SS_vs_ar,-0.7657124192562954,1297860,f4d62ad7513e0a9d,True,location-k4-fold1-seed0,1
persistence,CoPy_R,9,MSE,0.15686997801792507,1297860,f4d62ad7513e0a9d,True,location-k4-fold1-seed0,1
persistence,CoPy_R,9,MAE,0.2748986907477116,1297860,f4d62ad7513e0a9d,True,location-k4-fold1-seed0,1
persistence,CoPy_R,9,SS_vs_persistence,6.374789585095186e-12,1297860,f4d62ad7513e0a9d,True,location-k4-fold1-seed0,1
persistence,CoPy_R,9,SS_vs_seasonal,0.0018984697812900464,1297860,f4d62ad7513e0a9d,True,location-k4-fold1-seed0,1
persistence,CoPy_R,9,SS_vs_ar,-0.7254059185796096,1297860,f4d62ad7513e0a9d,True,location-k4-fold1-seed0,1
persistence,CoPy_R,10,MSE,0.1621656167291734,1297860,f4d62ad7513e0a9d,True,location-k4-fold1-seed0,1
persistence,CoPy_R,10,MAE,0.28161383819241315,1297860,f4d62ad7513e0a9d,True,location-k4-fold1-seed0,1
persistence,CoPy_R,10,SS_vs_persistence,6.1666227679779695e-12,1297860,f4d62ad7513e0a9d,True,location-k4-fold1-seed0,1
persistence,CoPy_R,10,SS_vs_seasonal,0.05008636862233362,1297860,f4d62ad7513e0a9d,True,location-k4-fold1-seed0,1
persistence,CoPy_R,10,SS_vs_ar,-0.7667183393851549,1297860,f4d62ad7513e0a9d,True,location-k4-fold1-seed0,1
persistence,CoPy_R,11,MSE,0.16720076891774452,1297860,f4d62ad7513e0a9d,True,location-k4-fold1-seed0,1
persistence,CoPy_R,11,MAE,0.28871257335503997,1297860,f4d62ad7513e0a9d,True,location-k4-fold1-seed0,1
persistence,CoPy_R,11,SS_vs_persistence,5.980882455958181e-12,1297860,f4d62ad7513e0a9d,True,location-k4-fold1-seed0,1
persistence,CoPy_R,11,SS_vs_seasonal,0.029149459352879936,1297860,f4d62ad7513e0a9d,True,location-k4-fold1-seed0,1
persistence,CoPy_R,11,SS_vs_ar,-0.8118797193414524,1297860,f4d62ad7513e0a9d,True,location-k4-fold1-seed0,1
persistence,CoPy_R,12,MSE,0.16628278145395112,1297860,f4d62ad7513e0a9d,True,location-k4-fold1-seed0,1
persistence,CoPy_R,12,MAE,0.28700718173776224,1297860,f4d62ad7513e0a9d,True,location-k4-fold1-seed0,1
persistence,CoPy_R,12,SS_vs_persistence,6.013856079789548e-12,1297860,f4d62ad7513e0a9d,True,location-k4-fold1-seed0,1
persistence,CoPy_R,12,SS_vs_seasonal,0.03135432985849573,1297860,f4d62ad7513e0a9d,True,location-k4-fold1-seed0,1
persistence,CoPy_R,12,SS_vs_ar,-0.8012394679730599,1297860,f4d62ad7513e0a9d,True,location-k4-fold1-seed0,1
persistence,CoPy_R,13,MSE,0.16647983743929198,1297860,f4d62ad7513e0a9d,True,location-k4-fold1-seed0,1
persistence,CoPy_R,13,MAE,0.286024387247511,1297860,f4d62ad7513e0a9d,True,location-k4-fold1-seed0,1
persistence,CoPy_R,13,SS_vs_persistence,6.006750652431947e-12,1297860,f4d62ad7513e0a9d,True,location-k4-fold1-seed0,1
persistence,CoPy_R,13,SS_vs_seasonal,0.023320976124866277,1297860,f4d62ad7513e0a9d,True,location-k4-fold1-seed0,1
persistence,CoPy_R,13,SS_vs_ar,-0.7985438299795558,1297860,f4d62ad7513e0a9d,True,location-k4-fold1-seed0,1
persistence,CoPy_R,14,MSE,0.16242747884358835,1297860,f4d62ad7513e0a9d,True,location-k4-fold1-seed0,1
persistence,CoPy_R,14,MAE,0.28316687555841336,1297860,f4d62ad7513e0a9d,True,location-k4-fold1-seed0,1
persistence,CoPy_R,14,SS_vs_persistence,6.156630760756343e-12,1297860,f4d62ad7513e0a9d,True,location-k4-fold1-seed0,1
persistence,CoPy_R,14,SS_vs_seasonal,0.04269548036572535,1297860,f4d62ad7513e0a9d,True,location-k4-fold1-seed0,1
persistence,CoPy_R,14,SS_vs_ar,-0.7511597551002422,1297860,f4d62ad7513e0a9d,True,location-k4-fold1-seed0,1
persistence,CoPy_R,15,MSE,0.15964069210565232,1297860,f4d62ad7513e0a9d,True,location-k4-fold1-seed0,1
persistence,CoPy_R,15,MAE,0.28185699448146784,1297860,f4d62ad7513e0a9d,True,location-k4-fold1-seed0,1
persistence,CoPy_R,15,SS_vs_persistence,6.264100349540058e-12,1297860,f4d62ad7513e0a9d,True,location-k4-fold1-seed0,1
persistence,CoPy_R,15,SS_vs_seasonal,0.05093136520068342,1297860,f4d62ad7513e0a9d,True,location-k4-fold1-seed0,1
persistence,CoPy_R,15,SS_vs_ar,-0.7137653789437015,1297860,f4d62ad7513e0a9d,True,location-k4-fold1-seed0,1
persistence,CoPy_R,16,MSE,0.16289171997355964,1297860,f4d62ad7513e0a9d,True,location-k4-fold1-seed0,1
persistence,CoPy_R,16,MAE,0.2859295245714111,1297860,f4d62ad7513e0a9d,True,location-k4-fold1-seed0,1
persistence,CoPy_R,16,SS_vs_persistence,6.139089236967266e-12,1297860,f4d62ad7513e0a9d,True,location-k4-fold1-seed0,1
persistence,CoPy_R,16,SS_vs_seasonal,0.033818022955991345,1297860,f4d62ad7513e0a9d,True,location-k4-fold1-seed0,1
persistence,CoPy_R,16,SS_vs_ar,-0.7325096506429243,1297860,f4d62ad7513e0a9d,True,location-k4-fold1-seed0,1
persistence,CoPy_R,17,MSE,0.16547633548838925,1297860,f4d62ad7513e0a9d,True,location-k4-fold1-seed0,1
persistence,CoPy_R,17,MAE,0.2878130615636414,1297860,f4d62ad7513e0a9d,True,location-k4-fold1-seed0,1
persistence,CoPy_R,17,SS_vs_persistence,6.043165967639652e-12,1297860,f4d62ad7513e0a9d,True,location-k4-fold1-seed0,1
persistence,CoPy_R,17,SS_vs_seasonal,0.02178157366752631,1297860,f4d62ad7513e0a9d,True,location-k4-fold1-seed0,1
persistence,CoPy_R,17,SS_vs_ar,-0.7496386192700562,1297860,f4d62ad7513e0a9d,True,location-k4-fold1-seed0,1
persistence,CoPy_R,18,MSE,0.1701684934719216,1297860,f4d62ad7513e0a9d,True,location-k4-fold1-seed0,1
persistence,CoPy_R,18,MAE,0.2900540826821701,1297860,f4d62ad7513e0a9d,True,location-k4-fold1-seed0,1
persistence,CoPy_R,18,SS_vs_persistence,5.876521491643416e-12,1297860,f4d62ad7513e0a9d,True,location-k4-fold1-seed0,1
persistence,CoPy_R,18,SS_vs_seasonal,0.0009392186670781344,1297860,f4d62ad7513e0a9d,True,location-k4-fold1-seed0,1
persistence,CoPy_R,18,SS_vs_ar,-0.785318316316544,1297860,f4d62ad7513e0a9d,True,location-k4-fold1-seed0,1
persistence,CoPy_R,19,MSE,0.17144640637598507,1297860,f4d62ad7513e0a9d,True,location-k4-fold1-seed0,1
persistence,CoPy_R,19,MAE,0.29004734033463664,1297860,f4d62ad7513e0a9d,True,location-k4-fold1-seed0,1
persistence,CoPy_R,19,SS_vs_persistence,5.832778704473185e-12,1297860,f4d62ad7513e0a9d,True,location-k4-fold1-seed0,1
persistence,CoPy_R,19,SS_vs_seasonal,0.02588092281234744,1297860,f4d62ad7513e0a9d,True,location-k4-fold1-seed0,1
persistence,CoPy_R,19,SS_vs_ar,-0.7923479845117452,1297860,f4d62ad7513e0a9d,True,location-k4-fold1-seed0,1
persistence,CoPy_R,20,MSE,0.1707022006567582,1297860,f4d62ad7513e0a9d,True,location-k4-fold1-seed0,1
persistence,CoPy_R,20,MAE,0.2905828984854034,1297860,f4d62ad7513e0a9d,True,location-k4-fold1-seed0,1
persistence,CoPy_R,20,SS_vs_persistence,5.858202811737101e-12,1297860,f4d62ad7513e0a9d,True,location-k4-fold1-seed0,1
persistence,CoPy_R,20,SS_vs_seasonal,0.028274966403535662,1297860,f4d62ad7513e0a9d,True,location-k4-fold1-seed0,1
persistence,CoPy_R,20,SS_vs_ar,-0.7850719942207738,1297860,f4d62ad7513e0a9d,True,location-k4-fold1-seed0,1
persistence,CoPy_R,21,MSE,0.1727990433765987,1297860,f4d62ad7513e0a9d,True,location-k4-fold1-seed0,1
persistence,CoPy_R,21,MAE,0.29434297392670333,1297860,f4d62ad7513e0a9d,True,location-k4-fold1-seed0,1
persistence,CoPy_R,21,SS_vs_persistence,5.787148538161091e-12,1297860,f4d62ad7513e0a9d,True,location-k4-fold1-seed0,1
persistence,CoPy_R,21,SS_vs_seasonal,0.01906126812462916,1297860,f4d62ad7513e0a9d,True,location-k4-fold1-seed0,1
persistence,CoPy_R,21,SS_vs_ar,-0.8055435677043539,1297860,f4d62ad7513e0a9d,True,location-k4-fold1-seed0,1
persistence,CoPy_R,22,MSE,0.17137417862946952,1297860,f4d62ad7513e0a9d,True,location-k4-fold1-seed0,1
persistence,CoPy_R,22,MAE,0.29137837331261673,1297860,f4d62ad7513e0a9d,True,location-k4-fold1-seed0,1
persistence,CoPy_R,22,SS_vs_persistence,5.83522119512736e-12,1297860,f4d62ad7513e0a9d,True,location-k4-fold1-seed0,1
persistence,CoPy_R,22,SS_vs_seasonal,0.02941365158414233,1297860,f4d62ad7513e0a9d,True,location-k4-fold1-seed0,1
persistence,CoPy_R,22,SS_vs_ar,-0.788605483988531,1297860,f4d62ad7513e0a9d,True,location-k4-fold1-seed0,1
persistence,CoPy_R,23,MSE,0.16910696857863786,1297860,f4d62ad7513e0a9d,True,location-k4-fold1-seed0,1
persistence,CoPy_R,23,MAE,0.2884931309109034,1297860,f4d62ad7513e0a9d,True,location-k4-fold1-seed0,1
persistence,CoPy_R,23,SS_vs_persistence,5.913491918363434e-12,1297860,f4d62ad7513e0a9d,True,location-k4-fold1-seed0,1
persistence,CoPy_R,23,SS_vs_seasonal,0.03384684331578358,1297860,f4d62ad7513e0a9d,True,location-k4-fold1-seed0,1
persistence,CoPy_R,23,SS_vs_ar,-0.7598826613379097,1297860,f4d62ad7513e0a9d,True,location-k4-fold1-seed0,1
persistence,CoPy_R,24,MSE,0.16933192072441206,1297860,f4d62ad7513e0a9d,True,location-k4-fold1-seed0,1
persistence,CoPy_R,24,MAE,0.29178380228732026,1297860,f4d62ad7513e0a9d,True,location-k4-fold1-seed0,1
persistence,CoPy_R,24,SS_vs_persistence,5.905609334888595e-12,1297860,f4d62ad7513e0a9d,True,location-k4-fold1-seed0,1
persistence,CoPy_R,24,SS_vs_seasonal,0.027530019204773493,1297860,f4d62ad7513e0a9d,True,location-k4-fold1-seed0,1
persistence,CoPy_R,24,SS_vs_ar,-0.7586571241914362,1297860,f4d62ad7513e0a9d,True,location-k4-fold1-seed0,1
persistence,CoPy_R,25,MSE,0.17227057304831062,1297860,f4d62ad7513e0a9d,True,location-k4-fold1-seed0,1
persistence,CoPy_R,25,MAE,0.29592001646453175,1297860,f4d62ad7513e0a9d,True,location-k4-fold1-seed0,1
persistence,CoPy_R,25,SS_vs_persistence,5.804801084252631e-12,1297860,f4d62ad7513e0a9d,True,location-k4-fold1-seed0,1
persistence,CoPy_R,25,SS_vs_seasonal,0.014570405047765411,1297860,f4d62ad7513e0a9d,True,location-k4-fold1-seed0,1
persistence,CoPy_R,25,SS_vs_ar,-0.7788103850998922,1297860,f4d62ad7513e0a9d,True,location-k4-fold1-seed0,1
persistence,CoPy_R,26,MSE,0.17583710865873836,1297860,f4d62ad7513e0a9d,True,location-k4-fold1-seed0,1
persistence,CoPy_R,26,MAE,0.29963568542084035,1297860,f4d62ad7513e0a9d,True,location-k4-fold1-seed0,1
persistence,CoPy_R,26,SS_vs_persistence,5.687117443642364e-12,1297860,f4d62ad7513e0a9d,True,location-k4-fold1-seed0,1
persistence,CoPy_R,26,SS_vs_seasonal,-0.004077002022054632,1297860,f4d62ad7513e0a9d,True,location-k4-fold1-seed0,1
persistence,CoPy_R,26,SS_vs_ar,-0.8089117617603057,1297860,f4d62ad7513e0a9d,True,location-k4-fold1-seed0,1
persistence,CoPy_R,27,MSE,0.17560934293325414,1297860,f4d62ad7513e0a9d,True,location-k4-fold1-seed0,1
persistence,CoPy_R,27,MAE,0.29841669912274116,1297860,f4d62ad7513e0a9d,True,location-k4-fold1-seed0,1
persistence,CoPy_R,27,SS_vs_persistence,5.6944449156048904e-12,1297860,f4d62ad7513e0a9d,True,location-k4-fold1-seed0,1
persistence,CoPy_R,27,SS_vs_seasonal,-0.00031330395428130764,1297860,f4d62ad7513e0a9d,True,location-k4-fold1-seed0,1
persistence,CoPy_R,27,SS_vs_ar,-0.8043551301807947,1297860,f4d62ad7513e0a9d,True,location-k4-fold1-seed0,1
persistence,CoPy_R,28,MSE,0.17625493184728194,1297860,f4d62ad7513e0a9d,True,location-k4-fold1-seed0,1
persistence,CoPy_R,28,MAE,0.2963740711772488,1297860,f4d62ad7513e0a9d,True,location-k4-fold1-seed0,1
persistence,CoPy_R,28,SS_vs_persistence,5.6736837450444e-12,1297860,f4d62ad7513e0a9d,True,location-k4-fold1-seed0,1
persistence,CoPy_R,28,SS_vs_seasonal,0.019480979086384242,1297860,f4d62ad7513e0a9d,True,location-k4-fold1-seed0,1
persistence,CoPy_R,28,SS_vs_ar,-0.8103256616475836,1297860,f4d62ad7513e0a9d,True,location-k4-fold1-seed0,1
persistence,CoPy_R,29,MSE,0.17303746425214786,1297860,f4d62ad7513e0a9d,True,location-k4-fold1-seed0,1
persistence,CoPy_R,29,MAE,0.2939382525042833,1297860,f4d62ad7513e0a9d,True,location-k4-fold1-seed0,1
persistence,CoPy_R,29,SS_vs_persistence,5.77915493238379e-12,1297860,f4d62ad7513e0a9d,True,location-k4-fold1-seed0,1
persistence,CoPy_R,29,SS_vs_seasonal,0.02926395485679001,1297860,f4d62ad7513e0a9d,True,location-k4-fold1-seed0,1
persistence,CoPy_R,29,SS_vs_ar,-0.7763641230554246,1297860,f4d62ad7513e0a9d,True,location-k4-fold1-seed0,1
persistence,CoPy_R,30,MSE,0.170024163553769,1297860,f4d62ad7513e0a9d,True,location-k4-fold1-seed0,1
persistence,CoPy_R,30,MAE,0.29057860089918913,1297860,f4d62ad7513e0a9d,True,location-k4-fold1-seed0,1
persistence,CoPy_R,30,SS_vs_persistence,5.881517495254229e-12,1297860,f4d62ad7513e0a9d,True,location-k4-fold1-seed0,1
persistence,CoPy_R,30,SS_vs_seasonal,0.042000513796688455,1297860,f4d62ad7513e0a9d,True,location-k4-fold1-seed0,1
persistence,CoPy_R,30,SS_vs_ar,-0.742789930798694,1297860,f4d62ad7513e0a9d,True,location-k4-fold1-seed0,1
persistence,CoPy_R,all,MSE,0.1636133215710668,1297860,f4d62ad7513e0a9d,True,location-k4-fold1-seed0,1
persistence,CoPy_R,all,MAE,0.2841869499847629,1297860,f4d62ad7513e0a9d,True,location-k4-fold1-seed0,1
persistence,CoPy_R,all,SS_vs_persistence,6.111999795166412e-12,1297860,f4d62ad7513e0a9d,True,location-k4-fold1-seed0,1
persistence,CoPy_R,all,SS_vs_seasonal,0.03179464451002845,1297860,f4d62ad7513e0a9d,True,location-k4-fold1-seed0,1
persistence,CoPy_R,all,SS_vs_ar,-0.7618157095740268,1297860,f4d62ad7513e0a9d,True,location-k4-fold1-seed0,1
seasonal,F_R,1,MSE,110121.36979354291,1297860,f4d62ad7513e0a9d,True,location-k4-fold1-seed0,1
seasonal,F_R,1,MAE,171.7129351563132,1297860,f4d62ad7513e0a9d,True,location-k4-fold1-seed0,1
seasonal,F_R,1,SS_vs_persistence,-0.1941530361868229,1297860,f4d62ad7513e0a9d,True,location-k4-fold1-seed0,1
seasonal,F_R,1,SS_vs_seasonal,0.0,1297860,f4d62ad7513e0a9d,True,location-k4-fold1-seed0,1
seasonal,F_R,1,SS_vs_ar,-0.8354542560071136,1297860,f4d62ad7513e0a9d,True,location-k4-fold1-seed0,1
seasonal,F_R,2,MSE,111597.62844558005,1297860,f4d62ad7513e0a9d,True,location-k4-fold1-seed0,1
seasonal,F_R,2,MAE,173.8279636917936,1297860,f4d62ad7513e0a9d,True,location-k4-fold1-seed0,1
seasonal,F_R,2,SS_vs_persistence,-0.05762847148003147,1297860,f4d62ad7513e0a9d,True,location-k4-fold1-seed0,1
seasonal,F_R,2,SS_vs_seasonal,0.0,1297860,f4d62ad7513e0a9d,True,location-k4-fold1-seed0,1
seasonal,F_R,2,SS_vs_ar,-0.7341591489930912,1297860,f4d62ad7513e0a9d,True,location-k4-fold1-seed0,1
seasonal,F_R,3,MSE,111215.33870378221,1297860,f4d62ad7513e0a9d,True,location-k4-fold1-seed0,1
seasonal,F_R,3,MAE,173.73953856688246,1297860,f4d62ad7513e0a9d,True,location-k4-fold1-seed0,1
seasonal,F_R,3,SS_vs_persistence,-0.049284021452175475,1297860,f4d62ad7513e0a9d,True,location-k4-fold1-seed0,1
seasonal,F_R,3,SS_vs_seasonal,0.0,1297860,f4d62ad7513e0a9d,True,location-k4-fold1-seed0,1
seasonal,F_R,3,SS_vs_ar,-0.7048034669425367,1297860,f4d62ad7513e0a9d,True,location-k4-fold1-seed0,1
seasonal,F_R,4,MSE,111287.00690012645,1297860,f4d62ad7513e0a9d,True,location-k4-fold1-seed0,1
seasonal,F_R,4,MAE,174.76906792908434,1297860,f4d62ad7513e0a9d,True,location-k4-fold1-seed0,1
seasonal,F_R,4,SS_vs_persistence,-0.028167615354385722,1297860,f4d62ad7513e0a9d,True,location-k4-fold1-seed0,1
seasonal,F_R,4,SS_vs_seasonal,0.0,1297860,f4d62ad7513e0a9d,True,location-k4-fold1-seed0,1
seasonal,F_R,4,SS_vs_ar,-0.6805610006045073,1297860,f4d62ad7513e0a9d,True,location-k4-fold1-seed0,1
seasonal,F_R,5,MSE,111341.34918674962,1297860,f4d62ad7513e0a9d,True,location-k4-fold1-seed0,1
seasonal,F_R,5,MAE,175.08867390997548,1297860,f4d62ad7513e0a9d,True,location-k4-fold1-seed0,1
seasonal,F_R,5,SS_vs_persistence,-0.00014338772486244267,1297860,f4d62ad7513e0a9d,True,location-k4-fold1-seed0,1
seasonal,F_R,5,SS_vs_seasonal,0.0,1297860,f4d62ad7513e0a9d,True,location-k4-fold1-seed0,1
seasonal,F_R,5,SS_vs_ar,-0.6584297461971675,1297860,f4d62ad7513e0a9d,True,location-k4-fold1-seed0,1
seasonal,F_R,6,MSE,110458.03642330295,1297860,f4d62ad7513e0a9d,True,location-k4-fold1-seed0,1
seasonal,F_R,6,MAE,174.47921823329906,1297860,f4d62ad7513e0a9d,True,location-k4-fold1-seed0,1
seasonal,F_R,6,SS_vs_persistence,-0.020329665800533414,1297860,f4d62ad7513e0a9d,True,location-k4-fold1-seed0,1
seasonal,F_R,6,SS_vs_seasonal,0.0,1297860,f4d62ad7513e0a9d,True,location-k4-fold1-seed0,1
seasonal,F_R,6,SS_vs_ar,-0.6479787981476846,1297860,f4d62ad7513e0a9d,True,location-k4-fold1-seed0,1
seasonal,F_R,7,MSE,109560.43315763042,1297860,f4d62ad7513e0a9d,True,location-k4-fold1-seed0,1
seasonal,F_R,7,MAE,174.2020829356685,1297860,f4d62ad7513e0a9d,True,location-k4-fold1-seed0,1
seasonal,F_R,7,SS_vs_persistence,0.0015643960789154532,1297860,f4d62ad7513e0a9d,True,location-k4-fold1-seed0,1
seasonal,F_R,7,SS_vs_seasonal,0.0,1297860,f4d62ad7513e0a9d,True,location-k4-fold1-seed0,1
seasonal,F_R,7,SS_vs_ar,-0.63369498484829,1297860,f4d62ad7513e0a9d,True,location-k4-fold1-seed0,1
seasonal,F_R,8,MSE,109606.1556549181,1297860,f4d62ad7513e0a9d,True,location-k4-fold1-seed0,1
seasonal,F_R,8,MAE,173.72748496578623,1297860,f4d62ad7513e0a9d,True,location-k4-fold1-seed0,1
seasonal,F_R,8,SS_vs_persistence,0.009751656017497279,1297860,f4d62ad7513e0a9d,True,location-k4-fold1-seed0,1
seasonal,F_R,8,SS_vs_seasonal,0.0,1297860,f4d62ad7513e0a9d,True,location-k4-fold1-seed0,1
seasonal,F_R,8,SS_vs_ar,-0.6194704673595155,1297860,f4d62ad7513e0a9d,True,location-k4-fold1-seed0,1
seasonal,F_R,9,MSE,107267.46631288683,1297860,f4d62ad7513e0a9d,True,location-k4-fold1-seed0,1
seasonal,F_R,9,MAE,172.0681474632851,1297860,f4d62ad7513e0a9d,True,location-k4-fold1-seed0,1
seasonal,F_R,9,SS_vs_persistence,-0.00027614289763766564,1297860,f4d62ad7513e0a9d,True,location-k4-fold1-seed0,1
seasonal,F_R,9,SS_vs_seasonal,0.0,1297860,f4d62ad7513e0a9d,True,location-k4-fold1-seed0,1
seasonal,F_R,9,SS_vs_ar,-0.5783345479923006,1297860,f4d62ad7513e0a9d,True,location-k4-fold1-seed0,1
seasonal,F_R,10,MSE,118036.5067079061,1297860,f4d62ad7513e0a9d,True,location-k4-fold1-seed0,1
seasonal,F_R,10,MAE,182.2937953529783,1297860,f4d62ad7513e0a9d,True,location-k4-fold1-seed0,1
seasonal,F_R,10,SS_vs_persistence,-0.10022610402012821,1297860,f4d62ad7513e0a9d,True,location-k4-fold1-seed0,1
seasonal,F_R,10,SS_vs_seasonal,0.0,1297860,f4d62ad7513e0a9d,True,location-k4-fold1-seed0,1
seasonal,F_R,10,SS_vs_ar,-0.7134784363384334,1297860,f4d62ad7513e0a9d,True,location-k4-fold1-seed0,1
seasonal,F_R,11,MSE,118414.16262075398,1297860,f4d62ad7513e0a9d,True,location-k4-fold1-seed0,1
seasonal,F_R,11,MAE,182.4833432008388,1297860,f4d62ad7513e0a9d,True,location-k4-fold1-seed0,1
seasonal,F_R,11,SS_vs_persistence,-0.06107425089702945,1297860,f4d62ad7513e0a9d,True,location-k4-fold1-seed0,1
seasonal,F_R,11,SS_vs_seasonal,0.0,1297860,f4d62ad7513e0a9d,True,location-k4-fold1-seed0,1
seasonal,F_R,11,SS_vs_ar,-0.6835454008270487,1297860,f4d62ad7513e0a9d,True,location-k4-fold1-seed0,1
seasonal,F_R,12,MSE,118327.46478132073,1297860,f4d62ad7513e0a9d,True,location-k4-fold1-seed0,1
seasonal,F_R,12,MAE,182.85101793807752,1297860,f4d62ad7513e0a9d,True,location-k4-fold1-seed0,1
seasonal,F_R,12,SS_vs_persistence,-0.04722917249874703,1297860,f4d62ad7513e0a9d,True,location-k4-fold1-seed0,1
seasonal,F_R,12,SS_vs_seasonal,0.0,1297860,f4d62ad7513e0a9d,True,location-k4-fold1-seed0,1
seasonal,F_R,12,SS_vs_ar,-0.6624208005080394,1297860,f4d62ad7513e0a9d,True,location-k4-fold1-seed0,1
seasonal,F_R,13,MSE,118609.7218960728,1297860,f4d62ad7513e0a9d,True,location-k4-fold1-seed0,1
seasonal,F_R,13,MAE,182.6825918716375,1297860,f4d62ad7513e0a9d,True,location-k4-fold1-seed0,1
seasonal,F_R,13,SS_vs_persistence,-0.048038182676268804,1297860,f4d62ad7513e0a9d,True,location-k4-fold1-seed0,1
seasonal,F_R,13,SS_vs_seasonal,0.0,1297860,f4d62ad7513e0a9d,True,location-k4-fold1-seed0,1
seasonal,F_R,13,SS_vs_ar,-0.6502956188633418,1297860,f4d62ad7513e0a9d,True,location-k4-fold1-seed0,1
seasonal,F_R,14,MSE,118520.54260715099,1297860,f4d62ad7513e0a9d,True,location-k4-fold1-seed0,1
seasonal,F_R,14,MAE,182.87021078734296,1297860,f4d62ad7513e0a9d,True,location-k4-fold1-seed0,1
seasonal,F_R,14,SS_vs_persistence,-0.0391688272792321,1297860,f4d62ad7513e0a9d,True,location-k4-fold1-seed0,1
seasonal,F_R,14,SS_vs_seasonal,0.0,1297860,f4d62ad7513e0a9d,True,location-k4-fold1-seed0,1
seasonal,F_R,14,SS_vs_ar,-0.6355570683185248,1297860,f4d62ad7513e0a9d,True,location-k4-fold1-seed0,1
seasonal,F_R,15,MSE,117999.92981601521,1297860,f4d62ad7513e0a9d,True,location-k4-fold1-seed0,1
seasonal,F_R,15,MAE,183.24746415305472,1297860,f4d62ad7513e0a9d,True,location-k4-fold1-seed0,1
seasonal,F_R,15,SS_vs_persistence,-0.049692232442559936,1297860,f4d62ad7513e0a9d,True,location-k4-fold1-seed0,1
seasonal,F_R,15,SS_vs_seasonal,0.0,1297860,f4d62ad7513e0a9d,True,location-k4-fold1-seed0,1
seasonal,F_R,15,SS_vs_ar,-0.6271610571932371,1297860,f4d62ad7513e0a9d,True,location-k4-fold1-seed0,1
seasonal,F_R,16,MSE,118934.2975846688,1297860,f4d62ad7513e0a9d,True,location-k4-fold1-seed0,1
seasonal,F_R,16,MAE,183.96783025428638,1297860,f4d62ad7513e0a9d,True,location-k4-fold1-seed0,1
seasonal,F_R,16,SS_vs_persistence,-0.015330860610141661,1297860,f4d62ad7513e0a9d,True,location-k4-fold1-seed0,1
seasonal,F_R,16,SS_vs_seasonal,0.0,1297860,f4d62ad7513e0a9d,True,location-k4-fold1-seed0,1
seasonal,F_R,16,SS_vs_ar,-0.6031026511041278,1297860,f4d62ad7513e0a9d,True,location-k4-fold1-seed0,1
seasonal,F_R,17,MSE,119509.43640913887,1297860,f4d62ad7513e0a9d,True,location-k4-fold1-seed0,1
seasonal,F_R,17,MAE,184.06088174866943,1297860,f4d62ad7513e0a9d,True,location-k4-fold1-seed0,1
seasonal,F_R,17,SS_vs_persistence,-0.02779595679813407,1297860,f4d62ad7513e0a9d,True,location-k4-fold1-seed0,1
seasonal,F_R,17,SS_vs_seasonal,0.0,1297860,f4d62ad7513e0a9d,True,location-k4-fold1-seed0,1
seasonal,F_R,17,SS_vs_ar,-0.6022867001772605,1297860,f4d62ad7513e0a9d,True,location-k4-fold1-seed0,1
seasonal,F_R,18,MSE,116527.50495421946,1297860,f4d62ad7513e0a9d,True,location-k4-fold1-seed0,1
seasonal,F_R,18,MAE,182.64843976860828,1297860,f4d62ad7513e0a9d,True,location-k4-fold1-seed0,1
seasonal,F_R,18,SS_vs_persistence,0.001035836082435182,1297860,f4d62ad7513e0a9d,True,location-k4-fold1-seed0,1
seasonal,F_R,18,SS_vs_seasonal,0.0,1297860,f4d62ad7513e0a9d,True,location-k4-fold1-seed0,1
seasonal,F_R,18,SS_vs_ar,-0.5537922534053119,1297860,f4d62ad7513e0a9d,True,location-k4-fold1-seed0,1
seasonal,F_R,19,MSE,125002.52025345736,1297860,f4d62ad7513e0a9d,True,location-k4-fold1-seed0,1
seasonal,F_R,19,MAE,191.2781861598733,1297860,f4d62ad7513e0a9d,True,location-k4-fold1-seed0,1
seasonal,F_R,19,SS_vs_persistence,-0.07502028898833313,1297860,f4d62ad7513e0a9d,True,location-k4-fold1-seed0,1
seasonal,F_R,19,SS_vs_seasonal,0.0,1297860,f4d62ad7513e0a9d,True,location-k4-fold1-seed0,1
seasonal,F_R,19,SS_vs_ar,-0.6530410288747797,1297860,f4d62ad7513e0a9d,True,location-k4-fold1-seed0,1
seasonal,F_R,20,MSE,124765.45274187597,1297860,f4d62ad7513e0a9d,True,location-k4-fold1-seed0,1
seasonal,F_R,20,MAE,190.9761735804065,1297860,f4d62ad7513e0a9d,True,location-k4-fold1-seed0,1
seasonal,F_R,20,SS_vs_persistence,-0.08810749944402474,1297860,f4d62ad7513e0a9d,True,location-k4-fold1-seed0,1
seasonal,F_R,20,SS_vs_seasonal,0.0,1297860,f4d62ad7513e0a9d,True,location-k4-fold1-seed0,1
seasonal,F_R,20,SS_vs_ar,-0.6333410764999678,1297860,f4d62ad7513e0a9d,True,location-k4-fold1-seed0,1
seasonal,F_R,21,MSE,124447.56355763035,1297860,f4d62ad7513e0a9d,True,location-k4-fold1-seed0,1
seasonal,F_R,21,MAE,190.93778414036495,1297860,f4d62ad7513e0a9d,True,location-k4-fold1-seed0,1
seasonal,F_R,21,SS_vs_persistence,-0.08568654469557746,1297860,f4d62ad7513e0a9d,True,location-k4-fold1-seed0,1
seasonal,F_R,21,SS_vs_seasonal,0.0,1297860,f4d62ad7513e0a9d,True,location-k4-fold1-seed0,1
seasonal,F_R,21,SS_vs_ar,-0.610034727029168,1297860,f4d62ad7513e0a9d,True,location-k4-fold1-seed0,1
seasonal,F_R,22,MSE,123760.14281579241,1297860,f4d62ad7513e0a9d,True,location-k4-fold1-seed0,1
seasonal,F_R,22,MAE,190.82512610301765,1297860,f4d62ad7513e0a9d,True,location-k4-fold1-seed0,1
seasonal,F_R,22,SS_vs_persistence,-0.05945698465772131,1297860,f4d62ad7513e0a9d,True,location-k4-fold1-seed0,1
seasonal,F_R,22,SS_vs_seasonal,0.0,1297860,f4d62ad7513e0a9d,True,location-k4-fold1-seed0,1
seasonal,F_R,22,SS_vs_ar,-0.5888081494237016,1297860,f4d62ad7513e0a9d,True,location-k4-fold1-seed0,1
seasonal,F_R,23,MSE,123958.49058309471,1297860,f4d62ad7513e0a9d,True,location-k4-fold1-seed0,1
seasonal,F_R,23,MAE,191.36114287225402,1297860,f4d62ad7513e0a9d,True,location-k4-fold1-seed0,1
seasonal,F_R,23,SS_vs_persistence,-0.07110651581362326,1297860,f4d62ad7513e0a9d,True,location-k4-fold1-seed0,1
seasonal,F_R,23,SS_vs_seasonal,0.0,1297860,f4d62ad7513e0a9d,True,location-k4-fold1-seed0,1
seasonal,F_R,23,SS_vs_ar,-0.5783335590083216,1297860,f4d62ad7513e0a9d,True,location-k4-fold1-seed0,1
seasonal,F_R,24,MSE,123979.00000287319,1297860,f4d62ad7513e0a9d,True,location-k4-fold1-seed0,1
seasonal,F_R,24,MAE,191.74859017846566,1297860,f4d62ad7513e0a9d,True,location-k4-fold1-seed0,1
seasonal,F_R,24,SS_vs_persistence,-0.05170761684793068,1297860,f4d62ad7513e0a9d,True,location-k4-fold1-seed0,1
seasonal,F_R,24,SS_vs_seasonal,0.0,1297860,f4d62ad7513e0a9d,True,location-k4-fold1-seed0,1
seasonal,F_R,24,SS_vs_ar,-0.5545132546029727,1297860,f4d62ad7513e0a9d,True,location-k4-fold1-seed0,1
seasonal,F_R,25,MSE,124015.20067765248,1297860,f4d62ad7513e0a9d,True,location-k4-fold1-seed0,1
seasonal,F_R,25,MAE,191.6525210569737,1297860,f4d62ad7513e0a9d,True,location-k4-fold1-seed0,1
seasonal,F_R,25,SS_vs_persistence,-0.041878577474638856,1297860,f4d62ad7513e0a9d,True,location-k4-fold1-seed0,1
seasonal,F_R,25,SS_vs_seasonal,0.0,1297860,f4d62ad7513e0a9d,True,location-k4-fold1-seed0,1
seasonal,F_R,25,SS_vs_ar,-0.5364504933544918,1297860,f4d62ad7513e0a9d,True,location-k4-fold1-seed0,1
seasonal,F_R,26,MSE,125101.48129653442,1297860,f4d62ad7513e0a9d,True,location-k4-fold1-seed0,1
seasonal,F_R,26,MAE,192.49459471347004,1297860,f4d62ad7513e0a9d,True,location-k4-fold1-seed0,1
seasonal,F_R,26,SS_vs_persistence,-0.023661361439980766,1297860,f4d62ad7513e0a9d,True,location-k4-fold1-seed0,1
seasonal,F_R,26,SS_vs_seasonal,0.0,1297860,f4d62ad7513e0a9d,True,location-k4-fold1-seed0,1
seasonal,F_R,26,SS_vs_ar,-0.5283865485178609,1297860,f4d62ad7513e0a9d,True,location-k4-fold1-seed0,1
seasonal,F_R,27,MSE,122447.82615291986,1297860,f4d62ad7513e0a9d,True,location-k4-fold1-seed0,1
seasonal,F_R,27,MAE,191.54831864749954,1297860,f4d62ad7513e0a9d,True,location-k4-fold1-seed0,1
seasonal,F_R,27,SS_vs_persistence,0.0016111672523920761,1297860,f4d62ad7513e0a9d,True,location-k4-fold1-seed0,1
seasonal,F_R,27,SS_vs_seasonal,0.0,1297860,f4d62ad7513e0a9d,True,location-k4-fold1-seed0,1
seasonal,F_R,27,SS_vs_ar,-0.5074899238659518,1297860,f4d62ad7513e0a9d,True,location-k4-fold1-seed0,1
seasonal,F_R,28,MSE,124342.93315499452,1297860,f4d62ad7513e0a9d,True,location-k4-fold1-seed0,1
seasonal,F_R,28,MAE,191.24465508553806,1297860,f4d62ad7513e0a9d,True,location-k4-fold1-seed0,1
seasonal,F_R,28,SS_vs_persistence,-0.0311777104229769,1297860,f4d62ad7513e0a9d,True,location-k4-fold1-seed0,1
seasonal,F_R,28,SS_vs_seasonal,0.0,1297860,f4d62ad7513e0a9d,True,location-k4-fold1-seed0,1
seasonal,F_R,28,SS_vs_ar,-0.5350656214931502,1297860,f4d62ad7513e0a9d,True,location-k4-fold1-seed0,1
seasonal,F_R,29,MSE,124236.64545508058,1297860,f4d62ad7513e0a9d,True,location-k4-fold1-seed0,1
seasonal,F_R,29,MAE,190.69463918609287,1297860,f4d62ad7513e0a9d,True,location-k4-fold1-seed0,1
seasonal,F_R,29,SS_vs_persistence,-0.04243397297931617,1297860,f4d62ad7513e0a9d,True,location-k4-fold1-seed0,1
seasonal,F_R,29,SS_vs_seasonal,0.0,1297860,f4d62ad7513e0a9d,True,location-k4-fold1-seed0,1
seasonal,F_R,29,SS_vs_ar,-0.5355927540177938,1297860,f4d62ad7513e0a9d,True,location-k4-fold1-seed0,1
seasonal,F_R,30,MSE,124141.1797050322,1297860,f4d62ad7513e0a9d,True,location-k4-fold1-seed0,1
seasonal,F_R,30,MAE,190.58533171951387,1297860,f4d62ad7513e0a9d,True,location-k4-fold1-seed0,1
seasonal,F_R,30,SS_vs_persistence,-0.06491530567472448,1297860,f4d62ad7513e0a9d,True,location-k4-fold1-seed0,1
seasonal,F_R,30,SS_vs_seasonal,0.0,1297860,f4d62ad7513e0a9d,True,location-k4-fold1-seed0,1
seasonal,F_R,30,SS_vs_ar,-0.5332372266338896,1297860,f4d62ad7513e0a9d,True,location-k4-fold1-seed0,1
seasonal,F_R,all,MSE,118251.0929451664,1297860,f4d62ad7513e0a9d,True,location-k4-fold1-seed0,1
seasonal,F_R,all,MAE,183.53559171236842,1297860,f4d62ad7513e0a9d,True,location-k4-fold1-seed0,1
seasonal,F_R,all,SS_vs_persistence,-0.04431438488911188,1297860,f4d62ad7513e0a9d,True,location-k4-fold1-seed0,1
seasonal,F_R,all,SS_vs_seasonal,0.0,1297860,f4d62ad7513e0a9d,True,location-k4-fold1-seed0,1
seasonal,F_R,all,SS_vs_ar,-0.6155561008800639,1297860,f4d62ad7513e0a9d,True,location-k4-fold1-seed0,1
seasonal,CoPx_R,1,MSE,0.240621808147643,1297860,f4d62ad7513e0a9d,True,location-k4-fold1-seed0,1
seasonal,CoPx_R,1,MAE,0.3135803973943265,1297860,f4d62ad7513e0a9d,True,location-k4-fold1-seed0,1
seasonal,CoPx_R,1,SS_vs_persistence,-0.12469063954589488,1297860,f4d62ad7513e0a9d,True,location-k4-fold1-seed0,1
seasonal,CoPx_R,1,SS_vs_seasonal,4.1558978480793485e-12,1297860,f4d62ad7513e0a9d,True,location-k4-fold1-seed0,1
seasonal,CoPx_R,1,SS_vs_ar,-0.8607013776401156,1297860,f4d62ad7513e0a9d,True,location-k4-fold1-seed0,1
seasonal,CoPx_R,2,MSE,0.24610612893791933,1297860,f4d62ad7513e0a9d,True,location-k4-fold1-seed0,1
seasonal,CoPx_R,2,MAE,0.3198111911734806,1297860,f4d62ad7513e0a9d,True,location-k4-fold1-seed0,1
seasonal,CoPx_R,2,SS_vs_persistence,-0.017599219037327973,1297860,f4d62ad7513e0a9d,True,location-k4-fold1-seed0,1
seasonal,CoPx_R,2,SS_vs_seasonal,4.0633052478256104e-12,1297860,f4d62ad7513e0a9d,True,location-k4-fold1-seed0,1
seasonal,CoPx_R,2,SS_vs_ar,-0.8366836577249521,1297860,f4d62ad7513e0a9d,True,location-k4-fold1-seed0,1
seasonal,CoPx_R,3,MSE,0.24511921840839895,1297860,f4d62ad7513e0a9d,True,location-k4-fold1-seed0,1
seasonal,CoPx_R,3,MAE,0.31878175773748085,1297860,f4d62ad7513e0a9d,True,location-k4-fold1-seed0,1
seasonal,CoPx_R,3,SS_vs_persistence,-0.01921406970735018,1297860,f4d62ad7513e0a9d,True,location-k4-fold1-seed0,1
seasonal,CoPx_R,3,SS_vs_seasonal,4.0796255262876e-12,1297860,f4d62ad7513e0a9d,True,location-k4-fold1-seed0,1
seasonal,CoPx_R,3,SS_vs_ar,-0.8162198590672616,1297860,f4d62ad7513e0a9d,True,location-k4-fold1-seed0,1
seasonal,CoPx_R,4,MSE,0.2472491716649011,1297860,f4d62ad7513e0a9d,True,location-k4-fold1-seed0,1
seasonal,CoPx_R,4,MAE,0.3210581137340391,1297860,f4d62ad7513e0a9d,True,location-k4-fold1-seed0,1
seasonal,CoPx_R,4,SS_vs_persistence,0.001069295140598392,1297860,f4d62ad7513e0a9d,True,location-k4-fold1-seed0,1
seasonal,CoPx_R,4,SS_vs_seasonal,4.044542478709445e-12,1297860,f4d62ad7513e0a9d,True,location-k4-fold1-seed0,1
seasonal,CoPx_R,4,SS_vs_ar,-0.8084310065443758,1297860,f4d62ad7513e0a9d,True,location-k4-fold1-seed0,1
seasonal,CoPx_R,5,MSE,0.24914713097365,1297860,f4d62ad7513e0a9d,True,location-k4-fold1-seed0,1
seasonal,CoPx_R,5,MAE,0.3233737754455183,1297860,f4d62ad7513e0a9d,True,location-k4-fold1-seed0,1
seasonal,CoPx_R,5,SS_vs_persistence,0.04168799207244267,1297860,f4d62ad7513e0a9d,True,location-k4-fold1-seed0,1
seasonal,CoPx_R,5,SS_vs_seasonal,4.013678278624866e-12,1297860,f4d62ad7513e0a9d,True,location-k4-fold1-seed0,1
seasonal,CoPx_R,5,SS_vs_ar,-0.8108544482127962,1297860,f4d62ad7513e0a9d,True,location-k4-fold1-seed0,1
seasonal,CoPx_R,6,MSE,0.24755499306487116,1297860,f4d62ad7513e0a9d,True,location-k4-fold1-seed0,1
seasonal,CoPx_R,6,MAE,0.32169635011664816,1297860,f4d62ad7513e0a9d,True,location-k4-fold1-seed0,1
seasonal,CoPx_R,6,SS_vs_persistence,0.0303852135149697,1297860,f4d62ad7513e0a9d,True,location-k4-fold1-seed0,1
seasonal,CoPx_R,6,SS_vs_seasonal,4.039546475098632e-12,1297860,f4d62ad7513e0a9d,True,location-k4-fold1-seed0,1
seasonal,CoPx_R,6,SS_vs_ar,-0.802833050576794,1297860,f4d62ad7513e0a9d,True,location-k4-fold1-seed0,1
seasonal,CoPx_R,7,MSE,0.24719942152784477,1297860,f4d62ad7513e0a9d,True,location-k4-fold1-seed0,1
seasonal,CoPx_R,7,MAE,0.3211379410598629,1297860,f4d62ad7513e0a9d,True,location-k4-fold1-seed0,1
seasonal,CoPx_R,7,SS_vs_persistence,0.03845908900799733,1297860,f4d62ad7513e0a9d,True,location-k4-fold1-seed0,1
seasonal,CoPx_R,7,SS_vs_seasonal,4.045319634826683e-12,1297860,f4d62ad7513e0a9d,True,location-k4-fold1-seed0,1
seasonal,CoPx_R,7,SS_vs_ar,-0.8029942268965613,1297860,f4d62ad7513e0a9d,True,location-k4-fold1-seed0,1
seasonal,CoPx_R,8,MSE,0.24694459918589445,1297860,f4d62ad7513e0a9d,True,location-k4-fold1-seed0,1
seasonal,CoPx_R,8,MAE,0.32096808621468176,1297860,f4d62ad7513e0a9d,True,location-k4-fold1-seed0,1
seasonal,CoPx_R,8,SS_vs_persistence,0.025910202767186585,1297860,f4d62ad7513e0a9d,True,location-k4-fold1-seed0,1
seasonal,CoPx_R,8,SS_vs_seasonal,4.0495384823202585e-12,1297860,f4d62ad7513e0a9d,True,location-k4-fold1-seed0,1
seasonal,CoPx_R,8,SS_vs_ar,-0.7997168660363188,1297860,f4d62ad7513e0a9d,True,location-k4-fold1-seed0,1
seasonal,CoPx_R,9,MSE,0.2434174973632964,1297860,f4d62ad7513e0a9d,True,location-k4-fold1-seed0,1
seasonal,CoPx_R,9,MAE,0.31768930050967514,1297860,f4d62ad7513e0a9d,True,location-k4-fold1-seed0,1
seasonal,CoPx_R,9,SS_vs_persistence,-0.002169488934094188,1297860,f4d62ad7513e0a9d,True,location-k4-fold1-seed0,1
seasonal,CoPx_R,9,SS_vs_seasonal,4.108158258020467e-12,1297860,f4d62ad7513e0a9d,True,location-k4-fold1-seed0,1
seasonal,CoPx_R,9,SS_vs_ar,-0.7693062090070388,1297860,f4d62ad7513e0a9d,True,location-k4-fold1-seed0,1
seasonal,CoPx_R,10,MSE,0.2595116021474507,1297860,f4d62ad7513e0a9d,True,location-k4-fold1-seed0,1
seasonal,CoPx_R,10,MAE,0.33393673999559276,1297860,f4d62ad7513e0a9d,True,location-k4-fold1-seed0,1
seasonal,CoPx_R,10,SS_vs_persistence,-0.076025698849435,1297860,f4d62ad7513e0a9d,True,location-k4-fold1-seed0,1
seasonal,CoPx_R,10,SS_vs_seasonal,3.853362073868993e-12,1297860,f4d62ad7513e0a9d,True,location-k4-fold1-seed0,1
seasonal,CoPx_R,10,SS_vs_ar,-0.8678559867783813,1297860,f4d62ad7513e0a9d,True,location-k4-fold1-seed0,1
seasonal,CoPx_R,11,MSE,0.26138488643873414,1297860,f4d62ad7513e0a9d,True,location-k4-fold1-seed0,1
seasonal,CoPx_R,11,MAE,0.33575098361641975,1297860,f4d62ad7513e0a9d,True,location-k4-fold1-seed0,1
seasonal,CoPx_R,11,SS_vs_persistence,-0.06638658704584888,1297860,f4d62ad7513e0a9d,True,location-k4-fold1-seed0,1
seasonal,CoPx_R,11,SS_vs_seasonal,3.825717520555827e-12,1297860,f4d62ad7513e0a9d,True,location-k4-fold1-seed0,1
seasonal,CoPx_R,11,SS_vs_ar,-0.8559558378763574,1297860,f4d62ad7513e0a9d,True,location-k4-fold1-seed0,1
seasonal,CoPx_R,12,MSE,0.26206379812225855,1297860,f4d62ad7513e0a9d,True,location-k4-fold1-seed0,1
seasonal,CoPx_R,12,MAE,0.33688172349979767,1297860,f4d62ad7513e0a9d,True,location-k4-fold1-seed0,1
seasonal,CoPx_R,12,SS_vs_persistence,-0.026183686305440546,1297860,f4d62ad7513e0a9d,True,location-k4-fold1-seed0,1
seasonal,CoPx_R,12,SS_vs_seasonal,3.8157255133342005e-12,1297860,f4d62ad7513e0a9d,True,location-k4-fold1-seed0,1
seasonal,CoPx_R,12,SS_vs_ar,-0.8436486505376493,1297860,f4d62ad7513e0a9d,True,location-k4-fold1-seed0,1
seasonal,CoPx_R,13,MSE,0.2615156331522164,1297860,f4d62ad7513e0a9d,True,location-k4-fold1-seed0,1
seasonal,CoPx_R,13,MAE,0.3360203679593556,1297860,f4d62ad7513e0a9d,True,location-k4-fold1-seed0,1
seasonal,CoPx_R,13,SS_vs_persistence,-0.014602125332687566,1297860,f4d62ad7513e0a9d,True,location-k4-fold1-seed0,1
seasonal,CoPx_R,13,SS_vs_seasonal,3.823830141413964e-12,1297860,f4d62ad7513e0a9d,True,location-k4-fold1-seed0,1
seasonal,CoPx_R,13,SS_vs_ar,-0.836564659778426,1297860,f4d62ad7513e0a9d,True,location-k4-fold1-seed0,1
seasonal,CoPx_R,14,MSE,0.2615844744482594,1297860,f4d62ad7513e0a9d,True,location-k4-fold1-seed0,1
seasonal,CoPx_R,14,MAE,0.3365991926717039,1297860,f4d62ad7513e0a9d,True,location-k4-fold1-seed0,1
seasonal,CoPx_R,14,SS_vs_persistence,-0.018199046385256157,1297860,f4d62ad7513e0a9d,True,location-k4-fold1-seed0,1
seasonal,CoPx_R,14,SS_vs_seasonal,3.822719918389339e-12,1297860,f4d62ad7513e0a9d,True,location-k4-fold1-seed0,1
seasonal,CoPx_R,14,SS_vs_ar,-0.8299540729289105,1297860,f4d62ad7513e0a9d,True,location-k4-fold1-seed0,1
seasonal,CoPx_R,15,MSE,0.2640672794986928,1297860,f4d62ad7513e0a9d,True,location-k4-fold1-seed0,1
seasonal,CoPx_R,15,MAE,0.3383670670673695,1297860,f4d62ad7513e0a9d,True,location-k4-fold1-seed0,1
seasonal,CoPx_R,15,SS_vs_persistence,0.010126464757493125,1297860,f4d62ad7513e0a9d,True,location-k4-fold1-seed0,1
seasonal,CoPx_R,15,SS_vs_seasonal,3.7868597146939464e-12,1297860,f4d62ad7513e0a9d,True,location-k4-fold1-seed0,1
seasonal,CoPx_R,15,SS_vs_ar,-0.8359487617348333,1297860,f4d62ad7513e0a9d,True,location-k4-fold1-seed0,1
seasonal,CoPx_R,16,MSE,0.26439449168515367,1297860,f4d62ad7513e0a9d,True,location-k4-fold1-seed0,1
seasonal,CoPx_R,16,MAE,0.33894038061105536,1297860,f4d62ad7513e0a9d,True,location-k4-fold1-seed0,1
seasonal,CoPx_R,16,SS_vs_persistence,0.035254255400926526,1297860,f4d62ad7513e0a9d,True,location-k4-fold1-seed0,1
seasonal,CoPx_R,16,SS_vs_seasonal,3.782196777990521e-12,1297860,f4d62ad7513e0a9d,True,location-k4-fold1-seed0,1
seasonal,CoPx_R,16,SS_vs_ar,-0.8345806214856923,1297860,f4d62ad7513e0a9d,True,location-k4-fold1-seed0,1
seasonal,CoPx_R,17,MSE,0.264841229892211,1297860,f4d62ad7513e0a9d,True,location-k4-fold1-seed0,1
seasonal,CoPx_R,17,MAE,0.3394280029097696,1297860,f4d62ad7513e0a9d,True,location-k4-fold1-seed0,1
seasonal,CoPx_R,17,SS_vs_persistence,0.013107183063523431,1297860,f4d62ad7513e0a9d,True,location-k4-fold1-seed0,1
seasonal,CoPx_R,17,SS_vs_seasonal,3.775757484447695e-12,1297860,f4d62ad7513e0a9d,True,location-k4-fold1-seed0,1
seasonal,CoPx_R,17,SS_vs_ar,-0.8388057272452834,1297860,f4d62ad7513e0a9d,True,location-k4-fold1-seed0,1
seasonal,CoPx_R,18,MSE,0.2634701731921839,1297860,f4d62ad7513e0a9d,True,location-k4-fold1-seed0,1
seasonal,CoPx_R,18,MAE,0.33799217338036525,1297860,f4d62ad7513e0a9d,True,location-k4-fold1-seed0,1
seasonal,CoPx_R,18,SS_vs_persistence,-0.0013304121842308003,1297860,f4d62ad7513e0a9d,True,location-k4-fold1-seed0,1
seasonal,CoPx_R,18,SS_vs_seasonal,3.79540843198356e-12,1297860,f4d62ad7513e0a9d,True,location-k4-fold1-seed0,1
seasonal,CoPx_R,18,SS_vs_ar,-0.8287350630447385,1297860,f4d62ad7513e0a9d,True,location-k4-fold1-seed0,1
seasonal,CoPx_R,19,MSE,0.27606930525223,1297860,f4d62ad7513e0a9d,True,location-k4-fold1-seed0,1
seasonal,CoPx_R,19,MAE,0.3514869373202948,1297860,f4d62ad7513e0a9d,True,location-k4-fold1-seed0,1
seasonal,CoPx_R,19,SS_vs_persistence,-0.06607349435835541,1297860,f4d62ad7513e0a9d,True,location-k4-fold1-seed0,1
seasonal,CoPx_R,19,SS_vs_seasonal,3.6222136401420357e-12,1297860,f4d62ad7513e0a9d,True,location-k4-fold1-seed0,1
seasonal,CoPx_R,19,SS_vs_ar,-0.9102551707315223,1297860,f4d62ad7513e0a9d,True,location-k4-fold1-seed0,1
seasonal,CoPx_R,20,MSE,0.2757112872819478,1297860,f4d62ad7513e0a9d,True,location-k4-fold1-seed0,1
seasonal,CoPx_R,20,MAE,0.351107935136318,1297860,f4d62ad7513e0a9d,True,location-k4-fold1-seed0,1
seasonal,CoPx_R,20,SS_vs_persistence,-0.08623500797149641,1297860,f4d62ad7513e0a9d,True,location-k4-fold1-seed0,1
seasonal,CoPx_R,20,SS_vs_seasonal,3.6268765768454614e-12,1297860,f4d62ad7513e0a9d,True,location-k4-fold1-seed0,1
seasonal,CoPx_R,20,SS_vs_ar,-0.9028486449407784,1297860,f4d62ad7513e0a9d,True,location-k4-fold1-seed0,1
seasonal,CoPx_R,21,MSE,0.2756759201870458,1297860,f4d62ad7513e0a9d,True,location-k4-fold1-seed0,1
seasonal,CoPx_R,21,MAE,0.3512669455001576,1297860,f4d62ad7513e0a9d,True,location-k4-fold1-seed0,1
seasonal,CoPx_R,21,SS_vs_persistence,-0.08282809171909822,1297860,f4d62ad7513e0a9d,True,location-k4-fold1-seed0,1
seasonal,CoPx_R,21,SS_vs_seasonal,3.6273206660553114e-12,1297860,f4d62ad7513e0a9d,True,location-k4-fold1-seed0,1
seasonal,CoPx_R,21,SS_vs_ar,-0.8920105929466506,1297860,f4d62ad7513e0a9d,True,location-k4-fold1-seed0,1
seasonal,CoPx_R,22,MSE,0.2769058716433011,1297860,f4d62ad7513e0a9d,True,location-k4-fold1-seed0,1
seasonal,CoPx_R,22,MAE,0.3523397446086008,1297860,f4d62ad7513e0a9d,True,location-k4-fold1-seed0,1
seasonal,CoPx_R,22,SS_vs_persistence,-0.07987601215723927,1297860,f4d62ad7513e0a9d,True,location-k4-fold1-seed0,1
seasonal,CoPx_R,22,SS_vs_seasonal,3.6112224321982467e-12,1297860,f4d62ad7513e0a9d,True,location-k4-fold1-seed0,1
seasonal,CoPx_R,22,SS_vs_ar,-0.8860334801921654,1297860,f4d62ad7513e0a9d,True,location-k4-fold1-seed0,1
seasonal,CoPx_R,23,MSE,0.27675604260802944,1297860,f4d62ad7513e0a9d,True,location-k4-fold1-seed0,1
seasonal,CoPx_R,23,MAE,0.3522364202872167,1297860,f4d62ad7513e0a9d,True,location-k4-fold1-seed0,1
seasonal,CoPx_R,23,SS_vs_persistence,-0.07097711637831239,1297860,f4d62ad7513e0a9d,True,location-k4-fold1-seed0,1
seasonal,CoPx_R,23,SS_vs_seasonal,3.613220833642572e-12,1297860,f4d62ad7513e0a9d,True,location-k4-fold1-seed0,1
seasonal,CoPx_R,23,SS_vs_ar,-0.8732950948563614,1297860,f4d62ad7513e0a9d,True,location-k4-fold1-seed0,1
seasonal,CoPx_R,24,MSE,0.279996189180495,1297860,f4d62ad7513e0a9d,True,location-k4-fold1-seed0,1
seasonal,CoPx_R,24,MAE,0.3551569425429729,1297860,f4d62ad7513e0a9d,True,location-k4-fold1-seed0,1
seasonal,CoPx_R,24,SS_vs_persistence,-0.04673628922846196,1297860,f4d62ad7513e0a9d,True,location-k4-fold1-seed0,1
seasonal,CoPx_R,24,SS_vs_seasonal,3.5713654256142036e-12,1297860,f4d62ad7513e0a9d,True,location-k4-fold1-seed0,1
seasonal,CoPx_R,24,SS_vs_ar,-0.881024836022823,1297860,f4d62ad7513e0a9d,True,location-k4-fold1-seed0,1
seasonal,CoPx_R,25,MSE,0.27922789155420896,1297860,f4d62ad7513e0a9d,True,location-k4-fold1-seed0,1
seasonal,CoPx_R,25,MAE,0.35477242397415243,1297860,f4d62ad7513e0a9d,True,location-k4-fold1-seed0,1
seasonal,CoPx_R,25,SS_vs_persistence,-0.027509478610804772,1297860,f4d62ad7513e0a9d,True,location-k4-fold1-seed0,1
seasonal,CoPx_R,25,SS_vs_seasonal,3.5812464105333675e-12,1297860,f4d62ad7513e0a9d,True,location-k4-fold1-seed0,1
seasonal,CoPx_R,25,SS_vs_ar,-0.8715526774724032,1297860,f4d62ad7513e0a9d,True,location-k4-fold1-seed0,1
seasonal,CoPx_R,26,MSE,0.28099519515496574,1297860,f4d62ad7513e0a9d,True,location-k4-fold1-seed0,1
seasonal,CoPx_R,26,MAE,0.3559631612898566,1297860,f4d62ad7513e0a9d,True,location-k4-fold1-seed0,1
seasonal,CoPx_R,26,SS_vs_persistence,-0.01170171087961469,1297860,f4d62ad7513e0a9d,True,location-k4-fold1-seed0,1
seasonal,CoPx_R,26,SS_vs_seasonal,3.5587088831334768e-12,1297860,f4d62ad7513e0a9d,True,location-k4-fold1-seed0,1
seasonal,CoPx_R,26,SS_vs_ar,-0.8810857638257867,1297860,f4d62ad7513e0a9d,True,location-k4-fold1-seed0,1
seasonal,CoPx_R,27,MSE,0.2812743867893996,1297860,f4d62ad7513e0a9d,True,location-k4-fold1-seed0,1
seasonal,CoPx_R,27,MAE,0.3560581184674233,1297860,f4d62ad7513e0a9d,True,location-k4-fold1-seed0,1
seasonal,CoPx_R,27,SS_vs_persistence,0.0018810786835241622,1297860,f4d62ad7513e0a9d,True,location-k4-fold1-seed0,1
seasonal,CoPx_R,27,SS_vs_seasonal,3.5551561694546763e-12,1297860,f4d62ad7513e0a9d,True,location-k4-fold1-seed0,1
seasonal,CoPx_R,27,SS_vs_ar,-0.8869906227989082,1297860,f4d62ad7513e0a9d,True,location-k4-fold1-seed0,1
seasonal,CoPx_R,28,MSE,0.2766144820666197,1297860,f4d62ad7513e0a9d,True,location-k4-fold1-seed0,1
seasonal,CoPx_R,28,MAE,0.35121461209588656,1297860,f4d62ad7513e0a9d,True,location-k4-fold1-seed0,1
seasonal,CoPx_R,28,SS_vs_persistence,-0.027704602560506775,1297860,f4d62ad7513e0a9d,True,location-k4-fold1-seed0,1
seasonal,CoPx_R,28,SS_vs_seasonal,3.6151082127844347e-12,1297860,f4d62ad7513e0a9d,True,location-k4-fold1-seed0,1
seasonal,CoPx_R,28,SS_vs_ar,-0.8652344014861268,1297860,f4d62ad7513e0a9d,True,location-k4-fold1-seed0,1
seasonal,CoPx_R,29,MSE,0.27505690604178623,1297860,f4d62ad7513e0a9d,True,location-k4-fold1-seed0,1
seasonal,CoPx_R,29,MAE,0.34992177813724235,1297860,f4d62ad7513e0a9d,True,location-k4-fold1-seed0,1
seasonal,CoPx_R,29,SS_vs_persistence,-0.039478889400317074,1297860,f4d62ad7513e0a9d,True,location-k4-fold1-seed0,1
seasonal,CoPx_R,29,SS_vs_seasonal,3.6355363164375376e-12,1297860,f4d62ad7513e0a9d,True,location-k4-fold1-seed0,1
seasonal,CoPx_R,29,SS_vs_ar,-0.8558240555206733,1297860,f4d62ad7513e0a9d,True,location-k4-fold1-seed0,1
seasonal,CoPx_R,30,MSE,0.27782023662962696,1297860,f4d62ad7513e0a9d,True,location-k4-fold1-seed0,1
seasonal,CoPx_R,30,MAE,0.3522322084053195,1297860,f4d62ad7513e0a9d,True,location-k4-fold1-seed0,1
seasonal,CoPx_R,30,SS_vs_persistence,-0.03301287571376732,1297860,f4d62ad7513e0a9d,True,location-k4-fold1-seed0,1
seasonal,CoPx_R,30,SS_vs_seasonal,3.5993430458347575e-12,1297860,f4d62ad7513e0a9d,True,location-k4-fold1-seed0,1
seasonal,CoPx_R,30,SS_vs_ar,-0.8662293059526083,1297860,f4d62ad7513e0a9d,True,location-k4-fold1-seed0,1
seasonal,CoPx_R,all,MSE,0.2636099084086419,1297860,f4d62ad7513e0a9d,True,location-k4-fold1-seed0,1
seasonal,CoPx_R,all,MAE,0.33819235909541995,1297860,f4d62ad7513e0a9d,True,location-k4-fold1-seed0,1
seasonal,CoPx_R,all,SS_vs_persistence,-0.02373568990304431,1297860,f4d62ad7513e0a9d,True,location-k4-fold1-seed0,1
seasonal,CoPx_R,all,SS_vs_seasonal,3.793410030539235e-12,1297860,f4d62ad7513e0a9d,True,location-k4-fold1-seed0,1
seasonal,CoPx_R,all,SS_vs_ar,-0.8491853377447689,1297860,f4d62ad7513e0a9d,True,location-k4-fold1-seed0,1
seasonal,CoPy_R,1,MSE,0.15452619913474477,1297860,f4d62ad7513e0a9d,True,location-k4-fold1-seed0,1
seasonal,CoPy_R,1,MAE,0.2715346874113895,1297860,f4d62ad7513e0a9d,True,location-k4-fold1-seed0,1
seasonal,CoPy_R,1,SS_vs_persistence,-0.2152728276257958,1297860,f4d62ad7513e0a9d,True,location-k4-fold1-seed0,1
seasonal,CoPy_R,1,SS_vs_seasonal,6.471378988237575e-12,1297860,f4d62ad7513e0a9d,True,location-k4-fold1-seed0,1
seasonal,CoPy_R,1,SS_vs_ar,-0.9184937783154241,1297860,f4d62ad7513e0a9d,True,location-k4-fold1-seed0,1
seasonal,CoPy_R,2,MSE,0.15781706255584724,1297860,f4d62ad7513e0a9d,True,location-k4-fold1-seed0,1
seasonal,CoPy_R,2,MAE,0.2768023065614357,1297860,f4d62ad7513e0a9d,True,location-k4-fold1-seed0,1
seasonal,CoPy_R,2,SS_vs_persistence,-0.09290388262990534,1297860,f4d62ad7513e0a9d,True,location-k4-fold1-seed0,1
seasonal,CoPy_R,2,SS_vs_seasonal,6.3364868907456184e-12,1297860,f4d62ad7513e0a9d,True,location-k4-fold1-seed0,1
seasonal,CoPy_R,2,SS_vs_ar,-0.8621350158657377,1297860,f4d62ad7513e0a9d,True,location-k4-fold1-seed0,1
seasonal,CoPy_R,3,MSE,0.1589041189109218,1297860,f4d62ad7513e0a9d,True,location-k4-fold1-seed0,1
seasonal,CoPy_R,3,MAE,0.27752851518498706,1297860,f4d62ad7513e0a9d,True,location-k4-fold1-seed0,1
seasonal,CoPy_R,3,SS_vs_persistence,-0.07141961809883335,1297860,f4d62ad7513e0a9d,True,location-k4-fold1-seed0,1
seasonal,CoPy_R,3,SS_vs_seasonal,6.293188192785237e-12,1297860,f4d62ad7513e0a9d,True,location-k4-fold1-seed0,1
seasonal,CoPy_R,3,SS_vs_ar,-0.8413331502847894,1297860,f4d62ad7513e0a9d,True,location-k4-fold1-seed0,1
seasonal,CoPy_R,4,MSE,0.15909762261657262,1297860,f4d62ad7513e0a9d,True,location-k4-fold1-seed0,1
seasonal,CoPy_R,4,MAE,0.27768045062479724,1297860,f4d62ad7513e0a9d,True,location-k4-fold1-seed0,1
seasonal,CoPy_R,4,SS_vs_persistence,-0.05333214300016498,1297860,f4d62ad7513e0a9d,True,location-k4-fold1-seed0,1
seasonal,CoPy_R,4,SS_vs_seasonal,6.285527653915324e-12,1297860,f4d62ad7513e0a9d,True,location-k4-fold1-seed0,1
seasonal,CoPy_R,4,SS_vs_ar,-0.8203039353130319,1297860,f4d62ad7513e0a9d,True,location-k4-fold1-seed0,1
seasonal,CoPy_R,5,MSE,0.159249751967317,1297860,f4d62ad7513e0a9d,True,location-k4-fold1-seed0,1
seasonal,CoPy_R,5,MAE,0.2782762670229251,1297860,f4d62ad7513e0a9d,True,location-k4-fold1-seed0,1
seasonal,CoPy_R,5,SS_vs_persistence,-0.02747586823586734,1297860,f4d62ad7513e0a9d,True,location-k4-fold1-seed0,1
seasonal,CoPy_R,5,SS_vs_seasonal,6.279532449582348e-12,1297860,f4d62ad7513e0a9d,True,location-k4-fold1-seed0,1
seasonal,CoPy_R,5,SS_vs_ar,-0.7973027449126946,1297860,f4d62ad7513e0a9d,True,location-k4-fold1-seed0,1
seasonal,CoPy_R,6,MSE,0.15906958920093286,1297860,f4d62ad7513e0a9d,True,location-k4-fold1-seed0,1
seasonal,CoPy_R,6,MAE,0.27773229440629976,1297860,f4d62ad7513e0a9d,True,location-k4-fold1-seed0,1
seasonal,CoPy_R,6,SS_vs_persistence,-0.02533271169136042,1297860,f4d62ad7513e0a9d,True,location-k4-fold1-seed0,1
seasonal,CoPy_R,6,SS_vs_seasonal,6.286637876939949e-12,1297860,f4d62ad7513e0a9d,True,location-k4-fold1-seed0,1
seasonal,CoPy_R,6,SS_vs_ar,-0.7820054506876648,1297860,f4d62ad7513e0a9d,True,location-k4-fold1-seed0,1
seasonal,CoPy_R,7,MSE,0.15968528041600097,1297860,f4d62ad7513e0a9d,True,location-k4-fold1-seed0,1
seasonal,CoPy_R,7,MAE,0.27862200401079007,1297860,f4d62ad7513e0a9d,True,location-k4-fold1-seed0,1
seasonal,CoPy_R,7,SS_vs_persistence,0.003426467659234933,1297860,f4d62ad7513e0a9d,True,location-k4-fold1-seed0,1
seasonal,CoPy_R,7,SS_vs_seasonal,6.262323992700658e-12,1297860,f4d62ad7513e0a9d,True,location-k4-fold1-seed0,1
seasonal,CoPy_R,7,SS_vs_ar,-0.7724539700587614,1297860,f4d62ad7513e0a9d,True,location-k4-fold1-seed0,1
seasonal,CoPy_R,8,MSE,0.15851170531035344,1297860,f4d62ad7513e0a9d,True,location-k4-fold1-seed0,1
seasonal,CoPy_R,8,MAE,0.27718271422407453,1297860,f4d62ad7513e0a9d,True,location-k4-fold1-seed0,1
seasonal,CoPy_R,8,SS_vs_persistence,0.0076119229350885,1297860,f4d62ad7513e0a9d,True,location-k4-fold1-seed0,1
seasonal,CoPy_R,8,SS_vs_seasonal,6.3087313151299895e-12,1297860,f4d62ad7513e0a9d,True,location-k4-fold1-seed0,1
seasonal,CoPy_R,8,SS_vs_ar,-0.7522719524063584,1297860,f4d62ad7513e0a9d,True,location-k4-fold1-seed0,1
seasonal,CoPy_R,9,MSE,0.1571683573940145,1297860,f4d62ad7513e0a9d,True,location-k4-fold1-seed0,1
seasonal,CoPy_R,9,MAE,0.275049030166951,1297860,f4d62ad7513e0a9d,True,location-k4-fold1-seed0,1
seasonal,CoPy_R,9,SS_vs_persistence,-0.0019020808114948995,1297860,f4d62ad7513e0a9d,True,location-k4-fold1-seed0,1
seasonal,CoPy_R,9,SS_vs_seasonal,6.362688154126772e-12,1297860,f4d62ad7513e0a9d,True,location-k4-fold1-seed0,1
seasonal,CoPy_R,9,SS_vs_ar,-0.7286877800803995,1297860,f4d62ad7513e0a9d,True,location-k4-fold1-seed0,1
seasonal,CoPy_R,10,MSE,0.17071616973538273,1297860,f4d62ad7513e0a9d,True,location-k4-fold1-seed0,1
seasonal,CoPy_R,10,MAE,0.29031918976774634,1297860,f4d62ad7513e0a9d,True,location-k4-fold1-seed0,1
seasonal,CoPy_R,10,SS_vs_persistence,-0.05272728694046491,1297860,f4d62ad7513e0a9d,True,location-k4-fold1-seed0,1
seasonal,CoPy_R,10,SS_vs_seasonal,5.857758722527251e-12,1297860,f4d62ad7513e0a9d,True,location-k4-fold1-seed0,1
seasonal,CoPy_R,10,SS_vs_ar,-0.8598726042203666,1297860,f4d62ad7513e0a9d,True,location-k4-fold1-seed0,1
seasonal,CoPy_R,11,MSE,0.1722209154926422,1297860,f4d62ad7513e0a9d,True,location-k4-fold1-seed0,1
seasonal,CoPy_R,11,MAE,0.29215358239495975,1297860,f4d62ad7513e0a9d,True,location-k4-fold1-seed0,1
seasonal,CoPy_R,11,SS_vs_persistence,-0.030024662005815106,1297860,f4d62ad7513e0a9d,True,location-k4-fold1-seed0,1
seasonal,CoPy_R,11,SS_vs_seasonal,5.806577441092031e-12,1297860,f4d62ad7513e0a9d,True,location-k4-fold1-seed0,1
seasonal,CoPy_R,11,SS_vs_ar,-0.8662807955210323,1297860,f4d62ad7513e0a9d,True,location-k4-fold1-seed0,1
seasonal,CoPy_R,12,MSE,0.1716652296899145,1297860,f4d62ad7513e0a9d,True,location-k4-fold1-seed0,1
seasonal,CoPy_R,12,MAE,0.2913697604565947,1297860,f4d62ad7513e0a9d,True,location-k4-fold1-seed0,1
seasonal,CoPy_R,12,SS_vs_persistence,-0.032369245858577145,1297860,f4d62ad7513e0a9d,True,location-k4-fold1-seed0,1
seasonal,CoPy_R,12,SS_vs_seasonal,5.825340210208196e-12,1297860,f4d62ad7513e0a9d,True,location-k4-fold1-seed0,1
seasonal,CoPy_R,12,SS_vs_ar,-0.8595442311732358,1297860,f4d62ad7513e0a9d,True,location-k4-fold1-seed0,1
seasonal,CoPy_R,13,MSE,0.17045501476808556,1297860,f4d62ad7513e0a9d,True,location-k4-fold1-seed0,1
seasonal,CoPy_R,13,MAE,0.2899818093883906,1297860,f4d62ad7513e0a9d,True,location-k4-fold1-seed0,1
seasonal,CoPy_R,13,SS_vs_persistence,-0.02387783042627767,1297860,f4d62ad7513e0a9d,True,location-k4-fold1-seed0,1
seasonal,CoPy_R,13,SS_vs_seasonal,5.866640506724252e-12,1297860,f4d62ad7513e0a9d,True,location-k4-fold1-seed0,1
seasonal,CoPy_R,13,SS_vs_ar,-0.8414891545770968,1297860,f4d62ad7513e0a9d,True,location-k4-fold1-seed0,1
seasonal,CoPy_R,14,MSE,0.16967169329220788,1297860,f4d62ad7513e0a9d,True,location-k4-fold1-seed0,1
seasonal,CoPy_R,14,MAE,0.2894852144117848,1297860,f4d62ad7513e0a9d,True,location-k4-fold1-seed0,1
seasonal,CoPy_R,14,SS_vs_persistence,-0.044599685343579276,1297860,f4d62ad7513e0a9d,True,location-k4-fold1-seed0,1
seasonal,CoPy_R,14,SS_vs_seasonal,5.893729948525106e-12,1297860,f4d62ad7513e0a9d,True,location-k4-fold1-seed0,1
seasonal,CoPy_R,14,SS_vs_ar,-0.8292609291753146,1297860,f4d62ad7513e0a9d,True,location-k4-fold1-seed0,1
seasonal,CoPy_R,15,MSE,0.1682077420443462,1297860,f4d62ad7513e0a9d,True,location-k4-fold1-seed0,1
seasonal,CoPy_R,15,MAE,0.2883762155061819,1297860,f4d62ad7513e0a9d,True,location-k4-fold1-seed0,1
seasonal,CoPy_R,15,SS_vs_persistence,-0.05366457526988433,1297860,f4d62ad7513e0a9d,True,location-k4-fold1-seed0,1
seasonal,CoPy_R,15,SS_vs_seasonal,5.945022252262788e-12,1297860,f4d62ad7513e0a9d,True,location-k4-fold1-seed0,1
seasonal,CoPy_R,15,SS_vs_ar,-0.8057338701282588,1297860,f4d62ad7513e0a9d,True,location-k4-fold1-seed0,1
seasonal,CoPy_R,16,MSE,0.16859320898424696,1297860,f4d62ad7513e0a9d,True,location-k4-fold1-seed0,1
seasonal,CoPy_R,16,MAE,0.2887804184822723,1297860,f4d62ad7513e0a9d,True,location-k4-fold1-seed0,1
seasonal,CoPy_R,16,SS_vs_persistence,-0.03500171163136945,1297860,f4d62ad7513e0a9d,True,location-k4-fold1-seed0,1
seasonal,CoPy_R,16,SS_vs_seasonal,5.931477531362361e-12,1297860,f4d62ad7513e0a9d,True,location-k4-fold1-seed0,1
seasonal,CoPy_R,16,SS_vs_ar,-0.7931504538443006,1297860,f4d62ad7513e0a9d,True,location-k4-fold1-seed0,1
seasonal,CoPy_R,17,MSE,0.16916092667341504,1297860,f4d62ad7513e0a9d,True,location-k4-fold1-seed0,1
seasonal,CoPy_R,17,MAE,0.28916634495983384,1297860,f4d62ad7513e0a9d,True,location-k4-fold1-seed0,1
seasonal,CoPy_R,17,SS_vs_persistence,-0.022266574692560992,1297860,f4d62ad7513e0a9d,True,location-k4-fold1-seed0,1
seasonal,CoPy_R,17,SS_vs_seasonal,5.911604539221571e-12,1297860,f4d62ad7513e0a9d,True,location-k4-fold1-seed0,1
seasonal,CoPy_R,17,SS_vs_ar,-0.788597078281831,1297860,f4d62ad7513e0a9d,True,location-k4-fold1-seed0,1
seasonal,CoPy_R,18,MSE,0.1703284691486818,1297860,f4d62ad7513e0a9d,True,location-k4-fold1-seed0,1
seasonal,CoPy_R,18,MAE,0.2901893293749205,1297860,f4d62ad7513e0a9d,True,location-k4-fold1-seed0,1
seasonal,CoPy_R,18,SS_vs_persistence,-0.0009401016163175235,1297860,f4d62ad7513e0a9d,True,location-k4-fold1-seed0,1
seasonal,CoPy_R,18,SS_vs_seasonal,5.871081398822753e-12,1297860,f4d62ad7513e0a9d,True,location-k4-fold1-seed0,1
seasonal,CoPy_R,18,SS_vs_ar,-0.7869966969618558,1297860,f4d62ad7513e0a9d,True,location-k4-fold1-seed0,1
seasonal,CoPy_R,19,MSE,0.17600148728222045,1297860,f4d62ad7513e0a9d,True,location-k4-fold1-seed0,1
seasonal,CoPy_R,19,MAE,0.29833855635068285,1297860,f4d62ad7513e0a9d,True,location-k4-fold1-seed0,1
seasonal,CoPy_R,19,SS_vs_persistence,-0.026568541163933368,1297860,f4d62ad7513e0a9d,True,location-k4-fold1-seed0,1
seasonal,CoPy_R,19,SS_vs_seasonal,5.681788373124164e-12,1297860,f4d62ad7513e0a9d,True,location-k4-fold1-seed0,1
seasonal,CoPy_R,19,SS_vs_ar,-0.8399680557290705,1297860,f4d62ad7513e0a9d,True,location-k4-fold1-seed0,1
seasonal,CoPy_R,20,MSE,0.17566924258809954,1297860,f4d62ad7513e0a9d,True,location-k4-fold1-seed0,1
seasonal,CoPy_R,20,MAE,0.2983758034702785,1297860,f4d62ad7513e0a9d,True,location-k4-fold1-seed0,1
seasonal,CoPy_R,20,SS_vs_persistence,-0.029097702965761973,1297860,f4d62ad7513e0a9d,True,location-k4-fold1-seed0,1
seasonal,CoPy_R,20,SS_vs_seasonal,5.692557536463028e-12,1297860,f4d62ad7513e0a9d,True,location-k4-fold1-seed0,1
seasonal,CoPy_R,20,SS_vs_ar,-0.8370134888918717,1297860,f4d62ad7513e0a9d,True,location-k4-fold1-seed0,1
seasonal,CoPy_R,21,MSE,0.17615681567110558,1297860,f4d62ad7513e0a9d,True,location-k4-fold1-seed0,1
seasonal,CoPy_R,21,MAE,0.2989141842696407,1297860,f4d62ad7513e0a9d,True,location-k4-fold1-seed0,1
seasonal,CoPy_R,21,SS_vs_persistence,-0.019431660198311995,1297860,f4d62ad7513e0a9d,True,location-k4-fold1-seed0,1
seasonal,CoPy_R,21,SS_vs_seasonal,5.6767923695133504e-12,1297860,f4d62ad7513e0a9d,True,location-k4-fold1-seed0,1
seasonal,CoPy_R,21,SS_vs_ar,-0.8406282767958846,1297860,f4d62ad7513e0a9d,True,location-k4-fold1-seed0,1
seasonal,CoPy_R,22,MSE,0.17656767881415936,1297860,f4d62ad7513e0a9d,True,location-k4-fold1-seed0,1
seasonal,CoPy_R,22,MAE,0.29926559864874364,1297860,f4d62ad7513e0a9d,True,location-k4-fold1-seed0,1
seasonal,CoPy_R,22,SS_vs_persistence,-0.030305033262265635,1297860,f4d62ad7513e0a9d,True,location-k4-fold1-seed0,1
seasonal,CoPy_R,22,SS_vs_seasonal,5.663580715520311e-12,1297860,f4d62ad7513e0a9d,True,location-k4-fold1-seed0,1
seasonal,CoPy_R,22,SS_vs_ar,-0.8428092326846273,1297860,f4d62ad7513e0a9d,True,location-k4-fold1-seed0,1
seasonal,CoPy_R,23,MSE,0.1750312229564486,1297860,f4d62ad7513e0a9d,True,location-k4-fold1-seed0,1
seasonal,CoPy_R,23,MAE,0.2973241004413828,1297860,f4d62ad7513e0a9d,True,location-k4-fold1-seed0,1
seasonal,CoPy_R,23,SS_vs_persistence,-0.035032585744808165,1297860,f4d62ad7513e0a9d,True,location-k4-fold1-seed0,1
seasonal,CoPy_R,23,SS_vs_seasonal,5.713318707023518e-12,1297860,f4d62ad7513e0a9d,True,location-k4-fold1-seed0,1
seasonal,CoPy_R,23,SS_vs_ar,-0.8215359015828028,1297860,f4d62ad7513e0a9d,True,location-k4-fold1-seed0,1
seasonal,CoPy_R,24,MSE,0.17412560188744364,1297860,f4d62ad7513e0a9d,True,location-k4-fold1-seed0,1
seasonal,CoPy_R,24,MAE,0.2972141966085225,1297860,f4d62ad7513e0a9d,True,location-k4-fold1-seed0,1
seasonal,CoPy_R,24,SS_vs_persistence,-0.028309376882371673,1297860,f4d62ad7513e0a9d,True,location-k4-fold1-seed0,1
seasonal,CoPy_R,24,SS_vs_seasonal,5.74296166178101e-12,1297860,f4d62ad7513e0a9d,True,location-k4-fold1-seed0,1
seasonal,CoPy_R,24,SS_vs_ar,-0.8084436115377194,1297860,f4d62ad7513e0a9d,True,location-k4-fold1-seed0,1
seasonal,CoPy_R,25,MSE,0.17481773830394795,1297860,f4d62ad7513e0a9d,True,location-k4-fold1-seed0,1
seasonal,CoPy_R,25,MAE,0.29763639629722216,1297860,f4d62ad7513e0a9d,True,location-k4-fold1-seed0,1
seasonal,CoPy_R,25,SS_vs_persistence,-0.0147858407245689,1297860,f4d62ad7513e0a9d,True,location-k4-fold1-seed0,1
seasonal,CoPy_R,25,SS_vs_seasonal,5.7203131120786566e-12,1297860,f4d62ad7513e0a9d,True,location-k4-fold1-seed0,1
seasonal,CoPy_R,25,SS_vs_ar,-0.8051115921436669,1297860,f4d62ad7513e0a9d,True,location-k4-fold1-seed0,1
seasonal,CoPy_R,26,MSE,0.17512313129732654,1297860,f4d62ad7513e0a9d,True,location-k4-fold1-seed0,1
seasonal,CoPy_R,26,MAE,0.2982889448639437,1297860,f4d62ad7513e0a9d,True,location-k4-fold1-seed0,1
seasonal,CoPy_R,26,SS_vs_persistence,0.004060447580456095,1297860,f4d62ad7513e0a9d,True,location-k4-fold1-seed0,1
seasonal,CoPy_R,26,SS_vs_seasonal,5.71032110485703e-12,1297860,f4d62ad7513e0a9d,True,location-k4-fold1-seed0,1
seasonal,CoPy_R,26,SS_vs_ar,-0.8015667703842531,1297860,f4d62ad7513e0a9d,True,location-k4-fold1-seed0,1
seasonal,CoPy_R,27,MSE,0.17555434106300755,1297860,f4d62ad7513e0a9d,True,location-k4-fold1-seed0,1
seasonal,CoPy_R,27,MAE,0.29827091740253137,1297860,f4d62ad7513e0a9d,True,location-k4-fold1-seed0,1
seasonal,CoPy_R,27,SS_vs_persistence,0.0003132058370447499,1297860,f4d62ad7513e0a9d,True,location-k4-fold1-seed0,1
seasonal,CoPy_R,27,SS_vs_seasonal,5.696221272444291e-12,1297860,f4d62ad7513e0a9d,True,location-k4-fold1-seed0,1
seasonal,CoPy_R,27,SS_vs_ar,-0.8037899956321921,1297860,f4d62ad7513e0a9d,True,location-k4-fold1-seed0,1
seasonal,CoPy_R,28,MSE,0.17975676971781007,1297860,f4d62ad7513e0a9d,True,location-k4-fold1-seed0,1
seasonal,CoPy_R,28,MAE,0.3015644188420932,1297860,f4d62ad7513e0a9d,True,location-k4-fold1-seed0,1
seasonal,CoPy_R,28,SS_vs_persistence,-0.019868027707403257,1297860,f4d62ad7513e0a9d,True,location-k4-fold1-seed0,1
seasonal,CoPy_R,28,SS_vs_seasonal,5.563105531791734e-12,1297860,f4d62ad7513e0a9d,True,location-k4-fold1-seed0,1
seasonal,CoPy_R,28,SS_vs_ar,-0.8462932620630959,1297860,f4d62ad7513e0a9d,True,location-k4-fold1-seed0,1
seasonal,CoPy_R,29,MSE,0.17825387768067208,1297860,f4d62ad7513e0a9d,True,location-k4-fold1-seed0,1
seasonal,CoPy_R,29,MAE,0.3000273568978305,1297860,f4d62ad7513e0a9d,True,location-k4-fold1-seed0,1
seasonal,CoPy_R,29,SS_vs_persistence,-0.030146150430711227,1297860,f4d62ad7513e0a9d,True,location-k4-fold1-seed0,1
seasonal,CoPy_R,29,SS_vs_seasonal,5.609956943430916e-12,1297860,f4d62ad7513e0a9d,True,location-k4-fold1-seed0,1
seasonal,CoPy_R,29,SS_vs_ar,-0.8299146631393473,1297860,f4d62ad7513e0a9d,True,location-k4-fold1-seed0,1
seasonal,CoPy_R,30,MSE,0.17747834524070674,1297860,f4d62ad7513e0a9d,True,location-k4-fold1-seed0,1
seasonal,CoPy_R,30,MAE,0.29938861805758626,1297860,f4d62ad7513e0a9d,True,location-k4-fold1-seed0,1
seasonal,CoPy_R,30,SS_vs_persistence,-0.043841895940494036,1297860,f4d62ad7513e0a9d,True,location-k4-fold1-seed0,1
seasonal,CoPy_R,30,SS_vs_seasonal,5.634492872275132e-12,1297860,f4d62ad7513e0a9d,True,location-k4-fold1-seed0,1
seasonal,CoPy_R,30,SS_vs_ar,-0.8191971456016112,1297860,f4d62ad7513e0a9d,True,location-k4-fold1-seed0,1
seasonal,CoPy_R,all,MSE,0.1689861769947556,1297860,f4d62ad7513e0a9d,True,location-k4-fold1-seed0,1
seasonal,CoPy_R,all,MAE,0.2894946408835592,1297860,f4d62ad7513e0a9d,True,location-k4-fold1-seed0,1
seasonal,CoPy_R,all,SS_vs_persistence,-0.032838740580926284,1297860,f4d62ad7513e0a9d,True,location-k4-fold1-seed0,1
seasonal,CoPy_R,all,SS_vs_seasonal,5.917710765857009e-12,1297860,f4d62ad7513e0a9d,True,location-k4-fold1-seed0,1
seasonal,CoPy_R,all,SS_vs_ar,-0.8196715186232508,1297860,f4d62ad7513e0a9d,True,location-k4-fold1-seed0,1
ar,F_R,1,MSE,59996.793400399576,1297860,f4d62ad7513e0a9d,True,location-k4-fold1-seed0,1
ar,F_R,1,MAE,134.67648857675405,1297860,f4d62ad7513e0a9d,True,location-k4-fold1-seed0,1
ar,F_R,1,SS_vs_persistence,0.3493964601522628,1297860,f4d62ad7513e0a9d,True,location-k4-fold1-seed0,1
ar,F_R,1,SS_vs_seasonal,0.45517574370095093,1297860,f4d62ad7513e0a9d,True,location-k4-fold1-seed0,1
ar,F_R,1,SS_vs_ar,0.0,1297860,f4d62ad7513e0a9d,True,location-k4-fold1-seed0,1
ar,F_R,2,MSE,64352.58754098621,1297860,f4d62ad7513e0a9d,True,location-k4-fold1-seed0,1
ar,F_R,2,MAE,142.3336582772921,1297860,f4d62ad7513e0a9d,True,location-k4-fold1-seed0,1
ar,F_R,2,SS_vs_persistence,0.3901202942681905,1297860,f4d62ad7513e0a9d,True,location-k4-fold1-seed0,1
ar,F_R,2,SS_vs_seasonal,0.42335165686457765,1297860,f4d62ad7513e0a9d,True,location-k4-fold1-seed0,1
ar,F_R,2,SS_vs_ar,0.0,1297860,f4d62ad7513e0a9d,True,location-k4-fold1-seed0,1
ar,F_R,3,MSE,65236.45737490215,1297860,f4d62ad7513e0a9d,True,location-k4-fold1-seed0,1
ar,F_R,3,MAE,145.63774008204277,1297860,f4d62ad7513e0a9d,True,location-k4-fold1-seed0,1
ar,F_R,3,SS_vs_persistence,0.38451320530570976,1297860,f4d62ad7513e0a9d,True,location-k4-fold1-seed0,1
ar,F_R,3,SS_vs_seasonal,0.4134221220270978,1297860,f4d62ad7513e0a9d,True,location-k4-fold1-seed0,1
ar,F_R,3,SS_vs_ar,0.0,1297860,f4d62ad7513e0a9d,True,location-k4-fold1-seed0,1
ar,F_R,4,MSE,66220.1531869988,1297860,f4d62ad7513e0a9d,True,location-k4-fold1-seed0,1
ar,F_R,4,MAE,149.48283307451769,1297860,f4d62ad7513e0a9d,True,location-k4-fold1-seed0,1
ar,F_R,4,SS_vs_persistence,0.3881997648496257,1297860,f4d62ad7513e0a9d,True,location-k4-fold1-seed0,1
ar,F_R,4,SS_vs_seasonal,0.4049606056309206,1297860,f4d62ad7513e0a9d,True,location-k4-fold1-seed0,1
ar,F_R,4,SS_vs_ar,0.0,1297860,f4d62ad7513e0a9d,True,location-k4-fold1-seed0,1
ar,F_R,5,MSE,67136.60885669646,1297860,f4d62ad7513e0a9d,True,location-k4-fold1-seed0,1
ar,F_R,5,MAE,151.72053519104955,1297860,f4d62ad7513e0a9d,True,location-k4-fold1-seed0,1
ar,F_R,5,SS_vs_persistence,0.3969335209898259,1297860,f4d62ad7513e0a9d,True,location-k4-fold1-seed0,1
ar,F_R,5,SS_vs_seasonal,0.3970199809228989,1297860,f4d62ad7513e0a9d,True,location-k4-fold1-seed0,1
ar,F_R,5,SS_vs_ar,0.0,1297860,f4d62ad7513e0a9d,True,location-k4-fold1-seed0,1
ar,F_R,6,MSE,67026.36984617577,1297860,f4d62ad7513e0a9d,True,location-k4-fold1-seed0,1
ar,F_R,6,MAE,152.3083439324994,1297860,f4d62ad7513e0a9d,True,location-k4-fold1-seed0,1
ar,F_R,6,SS_vs_persistence,0.3808599558760245,1297860,f4d62ad7513e0a9d,True,location-k4-fold1-seed0,1
ar,F_R,6,SS_vs_seasonal,0.39319607684031355,1297860,f4d62ad7513e0a9d,True,location-k4-fold1-seed0,1
ar,F_R,6,SS_vs_ar,0.0,1297860,f4d62ad7513e0a9d,True,location-k4-fold1-seed0,1
ar,F_R,7,MSE,67062.96718405152,1297860,f4d62ad7513e0a9d,True,location-k4-fold1-seed0,1
ar,F_R,7,MAE,153.6229767276114,1297860,f4d62ad7513e0a9d,True,location-k4-fold1-seed0,1
ar,F_R,7,SS_vs_persistence,0.3888482163555137,1297860,f4d62ad7513e0a9d,True,location-k4-fold1-seed0,1
ar,F_R,7,SS_vs_seasonal,0.3878906348648288,1297860,f4d62ad7513e0a9d,True,location-k4-fold1-seed0,1
ar,F_R,7,SS_vs_ar,0.0,1297860,f4d62ad7513e0a9d,True,location-k4-fold1-seed0,1
ar,F_R,8,MSE,67680.24355123112,1297860,f4d62ad7513e0a9d,True,location-k4-fold1-seed0,1
ar,F_R,8,MAE,154.28245037360108,1297860,f4d62ad7513e0a9d,True,location-k4-fold1-seed0,1
ar,F_R,8,SS_vs_persistence,0.3885357195818059,1297860,f4d62ad7513e0a9d,True,location-k4-fold1-seed0,1
ar,F_R,8,SS_vs_seasonal,0.38251421056756796,1297860,f4d62ad7513e0a9d,True,location-k4-fold1-seed0,1
ar,F_R,8,SS_vs_ar,0.0,1297860,f4d62ad7513e0a9d,True,location-k4-fold1-seed0,1
ar,F_R,9,MSE,67962.43955334753,1297860,f4d62ad7513e0a9d,True,location-k4-fold1-seed0,1
ar,F_R,9,MAE,155.1663610058514,1297860,f4d62ad7513e0a9d,True,location-k4-fold1-seed0,1
ar,F_R,9,SS_vs_persistence,0.366245803736587,1297860,f4d62ad7513e0a9d,True,location-k4-fold1-seed0,1
ar,F_R,9,SS_vs_seasonal,0.36642076214321184,1297860,f4d62ad7513e0a9d,True,location-k4-fold1-seed0,1
ar,F_R,9,SS_vs_ar,0.0,1297860,f4d62ad7513e0a9d,True,location-k4-fold1-seed0,1
ar,F_R,10,MSE,68887.06866958927,1297860,f4d62ad7513e0a9d,True,location-k4-fold1-seed0,1
ar,F_R,10,MAE,157.30661033335124,1297860,f4d62ad7513e0a9d,True,location-k4-fold1-seed0,1
ar,F_R,10,SS_vs_persistence,0.3578990661993835,1297860,f4d62ad7513e0a9d,True,location-k4-fold1-seed0,1
ar,F_R,10,SS_vs_seasonal,0.4163918385007983,1297860,f4d62ad7513e0a9d,True,location-k4-fold1-seed0,1
ar,F_R,10,SS_vs_ar,0.0,1297860,f4d62ad7513e0a9d,True,location-k4-fold1-seed0,1
ar,F_R,11,MSE,70336.18610022785,1297860,f4d62ad7513e0a9d,True,location-k4-fold1-seed0,1
ar,F_R,11,MAE,159.72274649262246,1297860,f4d62ad7513e0a9d,True,location-k4-fold1-seed0,1
ar,F_R,11,SS_vs_persistence,0.3697382616615077,1297860,f4d62ad7513e0a9d,True,location-k4-fold1-seed0,1
ar,F_R,11,SS_vs_seasonal,0.406015424645664,1297860,f4d62ad7513e0a9d,True,location-k4-fold1-seed0,1
ar,F_R,11,SS_vs_ar,0.0,1297860,f4d62ad7513e0a9d,True,location-k4-fold1-seed0,1
ar,F_R,12,MSE,71177.80573075096,1297860,f4d62ad7513e0a9d,True,location-k4-fold1-seed0,1
ar,F_R,12,MAE,161.80539304944654,1297860,f4d62ad7513e0a9d,True,location-k4-fold1-seed0,1
ar,F_R,12,SS_vs_persistence,0.3700577061002175,1297860,f4d62ad7513e0a9d,True,location-k4-fold1-seed0,1
ar,F_R,12,SS_vs_seasonal,0.3984675843237778,1297860,f4d62ad7513e0a9d,True,location-k4-fold1-seed0,1
ar,F_R,12,SS_vs_ar,0.0,1297860,f4d62ad7513e0a9d,True,location-k4-fold1-seed0,1
ar,F_R,13,MSE,71871.80317291667,1297860,f4d62ad7513e0a9d,True,location-k4-fold1-seed0,1
ar,F_R,13,MAE,163.79527563510334,1297860,f4d62ad7513e0a9d,True,location-k4-fold1-seed0,1
ar,F_R,13,SS_vs_persistence,0.364939123211079,1297860,f4d62ad7513e0a9d,True,location-k4-fold1-seed0,1
ar,F_R,13,SS_vs_seasonal,0.39404795809325344,1297860,f4d62ad7513e0a9d,True,location-k4-fold1-seed0,1
ar,F_R,13,SS_vs_ar,0.0,1297860,f4d62ad7513e0a9d,True,location-k4-fold1-seed0,1
ar,F_R,14,MSE,72464.93864564382,1297860,f4d62ad7513e0a9d,True,location-k4-fold1-seed0,1
ar,F_R,14,MAE,165.58525541608572,1297860,f4d62ad7513e0a9d,True,location-k4-fold1-seed0,1
ar,F_R,14,SS_vs_persistence,0.3646392122852824,1297860,f4d62ad7513e0a9d,True,location-k4-fold1-seed0,1
ar,F_R,14,SS_vs_seasonal,0.3885875220312093,1297860,f4d62ad7513e0a9d,True,location-k4-fold1-seed0,1
ar,F_R,14,SS_vs_ar,0.0,1297860,f4d62ad7513e0a9d,True,location-k4-fold1-seed0,1
ar,F_R,15,MSE,72518.8998927731,1297860,f4d62ad7513e0a9d,True,location-k4-fold1-seed0,1
ar,F_R,15,MAE,167.11498617114893,1297860,f4d62ad7513e0a9d,True,location-k4-fold1-seed0,1
ar,F_R,15,SS_vs_persistence,0.35489346441634917,1297860,f4d62ad7513e0a9d,True,location-k4-fold1-seed0,1
ar,F_R,15,SS_vs_seasonal,0.3854326862241009,1297860,f4d62ad7513e0a9d,True,location-k4-fold1-seed0,1
ar,F_R,15,SS_vs_ar,0.0,1297860,f4d62ad7513e0a9d,True,location-k4-fold1-seed0,1
ar,F_R,16,MSE,74190.06980167708,1297860,f4d62ad7513e0a9d,True,location-k4-fold1-seed0,1
ar,F_R,16,MAE,168.91440257111873,1297860,f4d62ad7513e0a9d,True,location-k4-fold1-seed0,1
ar,F_R,16,SS_vs_persistence,0.36664638417830664,1297860,f4d62ad7513e0a9d,True,location-k4-fold1-seed0,1
ar,F_R,16,SS_vs_seasonal,0.37620962743012387,1297860,f4d62ad7513e0a9d,True,location-k4-fold1-seed0,1
ar,F_R,16,SS_vs_ar,0.0,1297860,f4d62ad7513e0a9d,True,location-k4-fold1-seed0,1
ar,F_R,17,MSE,74586.79922632921,1297860,f4d62ad7513e0a9d,True,location-k4-fold1-seed0,1
ar,F_R,17,MAE,169.56030423610042,1297860,f4d62ad7513e0a9d,True,location-k4-fold1-seed0,1
ar,F_R,17,SS_vs_persistence,0.35854428755825696,1297860,f4d62ad7513e0a9d,True,location-k4-fold1-seed0,1
ar,F_R,17,SS_vs_seasonal,0.375891967467888,1297860,f4d62ad7513e0a9d,True,location-k4-fold1-seed0,1
ar,F_R,17,SS_vs_ar,0.0,1297860,f4d62ad7513e0a9d,True,location-k4-fold1-seed0,1
ar,F_R,18,MSE,74995.55020874651,1297860,f4d62ad7513e0a9d,True,location-k4-fold1-seed0,1
ar,F_R,18,MAE,170.56893440746197,1297860,f4d62ad7513e0a9d,True,location-k4-fold1-seed0,1
ar,F_R,18,SS_vs_persistence,0.35707996887729254,1297860,f4d62ad7513e0a9d,True,location-k4-fold1-seed0,1
ar,F_R,18,SS_vs_seasonal,0.3564133185704932,1297860,f4d62ad7513e0a9d,True,location-k4-fold1-seed0,1
ar,F_R,18,SS_vs_ar,0.0,1297860,f4d62ad7513e0a9d,True,location-k4-fold1-seed0,1
ar,F_R,19,MSE,75619.73240225394,1297860,f4d62ad7513e0a9d,True,location-k4-fold1-seed0,1
ar,F_R,19,MAE,171.83713742326228,1297860,f4d62ad7513e0a9d,True,location-k4-fold1-seed0,1
ar,F_R,19,SS_vs_persistence,0.34967113930614513,1297860,f4d62ad7513e0a9d,True,location-k4-fold1-seed0,1
ar,F_R,19,SS_vs_seasonal,0.3950543377131437,1297860,f4d62ad7513e0a9d,True,location-k4-fold1-seed0,1
ar,F_R,19,SS_vs_ar,0.0,1297860,f4d62ad7513e0a9d,True,location-k4-fold1-seed0,1
ar,F_R,20,MSE,76386.64975550097,1297860,f4d62ad7513e0a9d,True,location-k4-fold1-seed0,1
ar,F_R,20,MAE,173.5485906321523,1297860,f4d62ad7513e0a9d,True,location-k4-fold1-seed0,1
ar,F_R,20,SS_vs_persistence,0.3338148932275101,1297860,f4d62ad7513e0a9d,True,location-k4-fold1-seed0,1
ar,F_R,20,SS_vs_seasonal,0.3877580045051787,1297860,f4d62ad7513e0a9d,True,location-k4-fold1-seed0,1
ar,F_R,20,SS_vs_ar,0.0,1297860,f4d62ad7513e0a9d,True,location-k4-fold1-seed0,1
ar,F_R,21,MSE,77294.95610772364,1297860,f4d62ad7513e0a9d,True,location-k4-fold1-seed0,1
ar,F_R,21,MAE,175.55987657011462,1297860,f4d62ad7513e0a9d,True,location-k4-fold1-seed0,1
ar,F_R,21,SS_vs_persistence,0.32567507615262214,1297860,f4d62ad7513e0a9d,True,location-k4-fold1-seed0,1
ar,F_R,21,SS_vs_seasonal,0.37889538454540195,1297860,f4d62ad7513e0a9d,True,location-k4-fold1-seed0,1
ar,F_R,21,SS_vs_ar,0.0,1297860,f4d62ad7513e0a9d,True,location-k4-fold1-seed0,1
ar,F_R,22,MSE,77894.95721096543,1297860,f4d62ad7513e0a9d,True,location-k4-fold1-seed0,1
ar,F_R,22,MAE,177.49682810798302,1297860,f4d62ad7513e0a9d,True,location-k4-fold1-seed0,1
ar,F_R,22,SS_vs_persistence,0.3331750060307713,1297860,f4d62ad7513e0a9d,True,location-k4-fold1-seed0,1
ar,F_R,22,SS_vs_seasonal,0.37059738750539284,1297860,f4d62ad7513e0a9d,True,location-k4-fold1-seed0,1
ar,F_R,22,SS_vs_ar,0.0,1297860,f4d62ad7513e0a9d,True,location-k4-fold1-seed0,1
ar,F_R,23,MSE,78537.57520113728,1297860,f4d62ad7513e0a9d,True,location-k4-fold1-seed0,1
ar,F_R,23,MAE,179.45286691480513,1297860,f4d62ad7513e0a9d,True,location-k4-fold1-seed0,1
ar,F_R,23,SS_vs_persistence,0.3213687248172007,1297860,f4d62ad7513e0a9d,True,location-k4-fold1-seed0,1
ar,F_R,23,SS_vs_seasonal,0.36642036514239285,1297860,f4d62ad7513e0a9d,True,location-k4-fold1-seed0,1
ar,F_R,23,SS_vs_ar,0.0,1297860,f4d62ad7513e0a9d,True,location-k4-fold1-seed0,1
ar,F_R,24,MSE,79754.22508348942,1297860,f4d62ad7513e0a9d,True,location-k4-fold1-seed0,1
ar,F_R,24,MAE,181.71738760225145,1297860,f4d62ad7513e0a9d,True,location-k4-fold1-seed0,1
ar,F_R,24,SS_vs_persistence,0.32344892284849647,1297860,f4d62ad7513e0a9d,True,location-k4-fold1-seed0,1
ar,F_R,24,SS_vs_seasonal,0.3567118215049231,1297860,f4d62ad7513e0a9d,True,location-k4-fold1-seed0,1
ar,F_R,24,SS_vs_ar,0.0,1297860,f4d62ad7513e0a9d,True,location-k4-fold1-seed0,1
ar,F_R,25,MSE,80715.38992896111,1297860,f4d62ad7513e0a9d,True,location-k4-fold1-seed0,1
ar,F_R,25,MAE,182.95212903808115,1297860,f4d62ad7513e0a9d,True,location-k4-fold1-seed0,1
ar,F_R,25,SS_vs_persistence,0.3218925165626828,1297860,f4d62ad7513e0a9d,True,location-k4-fold1-seed0,1
ar,F_R,25,SS_vs_seasonal,0.34914922132197934,1297860,f4d62ad7513e0a9d,True,location-k4-fold1-seed0,1
ar,F_R,25,SS_vs_ar,0.0,1297860,f4d62ad7513e0a9d,True,location-k4-fold1-seed0,1
ar,F_R,26,MSE,81851.99053070079,1297860,f4d62ad7513e0a9d,True,location-k4-fold1-seed0,1
ar,F_R,26,MAE,184.55499067556448,1297860,f4d62ad7513e0a9d,True,location-k4-fold1-seed0,1
ar,F_R,26,SS_vs_persistence,0.33023398927930436,1297860,f4d62ad7513e0a9d,True,location-k4-fold1-seed0,1
ar,F_R,26,SS_vs_seasonal,0.3457152570665183,1297860,f4d62ad7513e0a9d,True,location-k4-fold1-seed0,1
ar,F_R,26,SS_vs_ar,0.0,1297860,f4d62ad7513e0a9d,True,location-k4-fold1-seed0,1
ar,F_R,27,MSE,81226.29824211555,1297860,f4d62ad7513e0a9d,True,location-k4-fold1-seed0,1
ar,F_R,27,MAE,184.8900625812725,1297860,f4d62ad7513e0a9d,True,location-k4-fold1-seed0,1
ar,F_R,27,SS_vs_persistence,0.33771442386344863,1297860,f4d62ad7513e0a9d,True,location-k4-fold1-seed0,1
ar,F_R,27,SS_vs_seasonal,0.33664564905647665,1297860,f4d62ad7513e0a9d,True,location-k4-fold1-seed0,1
ar,F_R,27,SS_vs_ar,0.0,1297860,f4d62ad7513e0a9d,True,location-k4-fold1-seed0,1
ar,F_R,28,MSE,81001.7053434151,1297860,f4d62ad7513e0a9d,True,location-k4-fold1-seed0,1
ar,F_R,28,MAE,184.99844898371694,1297860,f4d62ad7513e0a9d,True,location-k4-fold1-seed0,1
ar,F_R,28,SS_vs_persistence,0.3282517072983786,1297860,f4d62ad7513e0a9d,True,location-k4-fold1-seed0,1
ar,F_R,28,SS_vs_seasonal,0.34856205102990623,1297860,f4d62ad7513e0a9d,True,location-k4-fold1-seed0,1
ar,F_R,28,SS_vs_ar,0.0,1297860,f4d62ad7513e0a9d,True,location-k4-fold1-seed0,1
ar,F_R,29,MSE,80904.6833087889,1297860,f4d62ad7513e0a9d,True,location-k4-fold1-seed0,1
ar,F_R,29,MAE,185.54358577321946,1297860,f4d62ad7513e0a9d,True,location-k4-fold1-seed0,1
ar,F_R,29,SS_vs_persistence,0.3211520631027692,1297860,f4d62ad7513e0a9d,True,location-k4-fold1-seed0,1
ar,F_R,29,SS_vs_seasonal,0.3487856742072043,1297860,f4d62ad7513e0a9d,True,location-k4-fold1-seed0,1
ar,F_R,29,SS_vs_ar,0.0,1297860,f4d62ad7513e0a9d,True,location-k4-fold1-seed0,1
ar,F_R,30,MSE,80966.7137926041,1297860,f4d62ad7513e0a9d,True,location-k4-fold1-seed0,1
ar,F_R,30,MAE,186.7728065620674,1297860,f4d62ad7513e0a9d,True,location-k4-fold1-seed0,1
ar,F_R,30,SS_vs_persistence,0.305446484616951,1297860,f4d62ad7513e0a9d,True,location-k4-fold1-seed0,1
ar,F_R,30,SS_vs_seasonal,0.347785207253657,1297860,f4d62ad7513e0a9d,True,location-k4-fold1-seed0,1
ar,F_R,30,SS_vs_ar,0.0,1297860,f4d62ad7513e0a9d,True,location-k4-fold1-seed0,1
ar,F_R,all,MSE,73195.28729503721,1297860,f4d62ad7513e0a9d,True,location-k4-fold1-seed0,1
ar,F_R,all,MAE,166.43100021393286,1297860,f4d62ad7513e0a9d,True,location-k4-fold1-seed0,1
ar,F_R,all,SS_vs_persistence,0.35358828806983045,1297860,f4d62ad7513e0a9d,True,location-k4-fold1-seed0,1
ar,F_R,all,SS_vs_seasonal,0.3810180906405811,1297860,f4d62ad7513e0a9d,True,location-k4-fold1-seed0,1
ar,F_R,all,SS_vs_ar,0.0,1297860,f4d62ad7513e0a9d,True,location-k4-fold1-seed0,1
ar,CoPx_R,1,MSE,0.12931779974869334,1297860,f4d62ad7513e0a9d,True,location-k4-fold1-seed0,1
ar,CoPx_R,1,MAE,0.2518103971387941,1297860,f4d62ad7513e0a9d,True,location-k4-fold1-seed0,1
ar,CoPx_R,1,SS_vs_persistence,0.3955555399418166,1297860,f4d62ad7513e0a9d,True,location-k4-fold1-seed0,1
ar,CoPx_R,1,SS_vs_seasonal,0.4625682487232916,1297860,f4d62ad7513e0a9d,True,location-k4-fold1-seed0,1
ar,CoPx_R,1,SS_vs_ar,7.73292541111914e-12,1297860,f4d62ad7513e0a9d,True,location-k4-fold1-seed0,1
ar,CoPx_R,2,MSE,0.13399483787040786,1297860,f4d62ad7513e0a9d,True,location-k4-fold1-seed0,1
ar,CoPx_R,2,MAE,0.2585852309510656,1297860,f4d62ad7513e0a9d,True,location-k4-fold1-seed0,1
ar,CoPx_R,2,SS_vs_persistence,0.4459583637335758,1297860,f4d62ad7513e0a9d,True,location-k4-fold1-seed0,1
ar,CoPx_R,2,SS_vs_seasonal,0.45554042701771225,1297860,f4d62ad7513e0a9d,True,location-k4-fold1-seed0,1
ar,CoPx_R,2,SS_vs_ar,7.463030193832765e-12,1297860,f4d62ad7513e0a9d,True,location-k4-fold1-seed0,1
ar,CoPx_R,3,MSE,0.13496120372368697,1297860,f4d62ad7513e0a9d,True,location-k4-fold1-seed0,1
ar,CoPx_R,3,MAE,0.25993779199602884,1297860,f4d62ad7513e0a9d,True,location-k4-fold1-seed0,1
ar,CoPx_R,3,SS_vs_persistence,0.4388267121893348,1297860,f4d62ad7513e0a9d,True,location-k4-fold1-seed0,1
ar,CoPx_R,3,SS_vs_seasonal,0.44940586625780476,1297860,f4d62ad7513e0a9d,True,location-k4-fold1-seed0,1
ar,CoPx_R,3,SS_vs_ar,7.409628466348295e-12,1297860,f4d62ad7513e0a9d,True,location-k4-fold1-seed0,1
ar,CoPx_R,4,MSE,0.1367202678832335,1297860,f4d62ad7513e0a9d,True,location-k4-fold1-seed0,1
ar,CoPx_R,4,MAE,0.26231038520789246,1297860,f4d62ad7513e0a9d,True,location-k4-fold1-seed0,1
ar,CoPx_R,4,SS_vs_persistence,0.4476257588831697,1297860,f4d62ad7513e0a9d,True,location-k4-fold1-seed0,1
ar,CoPx_R,4,SS_vs_seasonal,0.44703447553717723,1297860,f4d62ad7513e0a9d,True,location-k4-fold1-seed0,1
ar,CoPx_R,4,SS_vs_ar,7.314260308532994e-12,1297860,f4d62ad7513e0a9d,True,location-k4-fold1-seed0,1
ar,CoPx_R,5,MSE,0.1375853985491392,1297860,f4d62ad7513e0a9d,True,location-k4-fold1-seed0,1
ar,CoPx_R,5,MAE,0.2638911453817586,1297860,f4d62ad7513e0a9d,True,location-k4-fold1-seed0,1
ar,CoPx_R,5,SS_vs_persistence,0.470795673906101,1297860,f4d62ad7513e0a9d,True,location-k4-fold1-seed0,1
ar,CoPx_R,5,SS_vs_seasonal,0.4477745017134549,1297860,f4d62ad7513e0a9d,True,location-k4-fold1-seed0,1
ar,CoPx_R,5,SS_vs_ar,7.268297075313512e-12,1297860,f4d62ad7513e0a9d,True,location-k4-fold1-seed0,1
ar,CoPx_R,6,MSE,0.13731443018745756,1297860,f4d62ad7513e0a9d,True,location-k4-fold1-seed0,1
ar,CoPx_R,6,MAE,0.26345721224141727,1297860,f4d62ad7513e0a9d,True,location-k4-fold1-seed0,1
ar,CoPx_R,6,SS_vs_persistence,0.4621716158533077,1297860,f4d62ad7513e0a9d,True,location-k4-fold1-seed0,1
ar,CoPx_R,6,SS_vs_seasonal,0.4453174687091851,1297860,f4d62ad7513e0a9d,True,location-k4-fold1-seed0,1
ar,CoPx_R,6,SS_vs_ar,7.282618952331177e-12,1297860,f4d62ad7513e0a9d,True,location-k4-fold1-seed0,1
ar,CoPx_R,7,MSE,0.13710494345372284,1297860,f4d62ad7513e0a9d,True,location-k4-fold1-seed0,1
ar,CoPx_R,7,MAE,0.263343655623811,1297860,f4d62ad7513e0a9d,True,location-k4-fold1-seed0,1
ar,CoPx_R,7,SS_vs_persistence,0.46669773167268513,1297860,f4d62ad7513e0a9d,True,location-k4-fold1-seed0,1
ar,CoPx_R,7,SS_vs_seasonal,0.44536705383137565,1297860,f4d62ad7513e0a9d,True,location-k4-fold1-seed0,1
ar,CoPx_R,7,SS_vs_ar,7.293721182577428e-12,1297860,f4d62ad7513e0a9d,True,location-k4-fold1-seed0,1
ar,CoPx_R,8,MSE,0.13721302714018757,1297860,f4d62ad7513e0a9d,True,location-k4-fold1-seed0,1
ar,CoPx_R,8,MAE,0.26348668637363665,1297860,f4d62ad7513e0a9d,True,location-k4-fold1-seed0,1
ar,CoPx_R,8,SS_vs_persistence,0.45875386533936224,1297860,f4d62ad7513e0a9d,True,location-k4-fold1-seed0,1
ar,CoPx_R,8,SS_vs_seasonal,0.44435704367706785,1297860,f4d62ad7513e0a9d,True,location-k4-fold1-seed0,1
ar,CoPx_R,8,SS_vs_ar,7.287948022849378e-12,1297860,f4d62ad7513e0a9d,True,location-k4-fold1-seed0,1
ar,CoPx_R,9,MSE,0.1375779365506984,1297860,f4d62ad7513e0a9d,True,location-k4-fold1-seed0,1
ar,CoPx_R,9,MAE,0.26373883405178045,1297860,f4d62ad7513e0a9d,True,location-k4-fold1-seed0,1
ar,CoPx_R,9,SS_vs_persistence,0.433580527878641,1297860,f4d62ad7513e0a9d,True,location-k4-fold1-seed0,1
ar,CoPx_R,9,SS_vs_seasonal,0.434806708472561,1297860,f4d62ad7513e0a9d,True,location-k4-fold1-seed0,1
ar,CoPx_R,9,SS_vs_ar,7.2686301422209e-12,1297860,f4d62ad7513e0a9d,True,location-k4-fold1-seed0,1
ar,CoPx_R,10,MSE,0.13893555176766076,1297860,f4d62ad7513e0a9d,True,location-k4-fold1-seed0,1
ar,CoPx_R,10,MAE,0.26523227366614527,1297860,f4d62ad7513e0a9d,True,location-k4-fold1-seed0,1
ar,CoPx_R,10,SS_vs_persistence,0.4239246995173407,1297860,f4d62ad7513e0a9d,True,location-k4-fold1-seed0,1
ar,CoPx_R,10,SS_vs_seasonal,0.46462681969731656,1297860,f4d62ad7513e0a9d,True,location-k4-fold1-seed0,1
ar,CoPx_R,10,SS_vs_ar,7.19757586864489e-12,1297860,f4d62ad7513e0a9d,True,location-k4-fold1-seed0,1
ar,CoPx_R,11,MSE,0.14083572523792534,1297860,f4d62ad7513e0a9d,True,location-k4-fold1-seed0,1
ar,CoPx_R,11,MAE,0.2675066591900712,1297860,f4d62ad7513e0a9d,True,location-k4-fold1-seed0,1
ar,CoPx_R,11,SS_vs_persistence,0.4254245897044243,1297860,f4d62ad7513e0a9d,True,location-k4-fold1-seed0,1
ar,CoPx_R,11,SS_vs_seasonal,0.4611940760760207,1297860,f4d62ad7513e0a9d,True,location-k4-fold1-seed0,1
ar,CoPx_R,11,SS_vs_ar,7.100542376292651e-12,1297860,f4d62ad7513e0a9d,True,location-k4-fold1-seed0,1
ar,CoPx_R,12,MSE,0.1421441108336945,1297860,f4d62ad7513e0a9d,True,location-k4-fold1-seed0,1
ar,CoPx_R,12,MAE,0.2692347665575832,1297860,f4d62ad7513e0a9d,True,location-k4-fold1-seed0,1
ar,CoPx_R,12,SS_vs_persistence,0.4433952011415174,1297860,f4d62ad7513e0a9d,True,location-k4-fold1-seed0,1
ar,CoPx_R,12,SS_vs_seasonal,0.45759730320767644,1297860,f4d62ad7513e0a9d,True,location-k4-fold1-seed0,1
ar,CoPx_R,12,SS_vs_ar,7.0351502401422294e-12,1297860,f4d62ad7513e0a9d,True,location-k4-fold1-seed0,1
ar,CoPx_R,13,MSE,0.14239391559561568,1297860,f4d62ad7513e0a9d,True,location-k4-fold1-seed0,1
ar,CoPx_R,13,MAE,0.26954567740135865,1297860,f4d62ad7513e0a9d,True,location-k4-fold1-seed0,1
ar,CoPx_R,13,SS_vs_persistence,0.44755436737633303,1297860,f4d62ad7513e0a9d,True,location-k4-fold1-seed0,1
ar,CoPx_R,13,SS_vs_seasonal,0.4555051494294792,1297860,f4d62ad7513e0a9d,True,location-k4-fold1-seed0,1
ar,CoPx_R,13,SS_vs_ar,7.02282676456889e-12,1297860,f4d62ad7513e0a9d,True,location-k4-fold1-seed0,1
ar,CoPx_R,14,MSE,0.1429459232426274,1297860,f4d62ad7513e0a9d,True,location-k4-fold1-seed0,1
ar,CoPx_R,14,MAE,0.2701124167298651,1297860,f4d62ad7513e0a9d,True,location-k4-fold1-seed0,1
ar,CoPx_R,14,SS_vs_persistence,0.443593114471738,1297860,f4d62ad7513e0a9d,True,location-k4-fold1-seed0,1
ar,CoPx_R,14,SS_vs_seasonal,0.4535381981534412,1297860,f4d62ad7513e0a9d,True,location-k4-fold1-seed0,1
ar,CoPx_R,14,SS_vs_ar,6.995737322768036e-12,1297860,f4d62ad7513e0a9d,True,location-k4-fold1-seed0,1
ar,CoPx_R,15,MSE,0.143831508264606,1297860,f4d62ad7513e0a9d,True,location-k4-fold1-seed0,1
ar,CoPx_R,15,MAE,0.27121137720075944,1297860,f4d62ad7513e0a9d,True,location-k4-fold1-seed0,1
ar,CoPx_R,15,SS_vs_persistence,0.46083814762876685,1297860,f4d62ad7513e0a9d,True,location-k4-fold1-seed0,1
ar,CoPx_R,15,SS_vs_seasonal,0.45532249002181535,1297860,f4d62ad7513e0a9d,True,location-k4-fold1-seed0,1
ar,CoPx_R,15,SS_vs_ar,6.95266066941258e-12,1297860,f4d62ad7513e0a9d,True,location-k4-fold1-seed0,1
ar,CoPx_R,16,MSE,0.1441171287796583,1297860,f4d62ad7513e0a9d,True,location-k4-fold1-seed0,1
ar,CoPx_R,16,MAE,0.2714369051931676,1297860,f4d62ad7513e0a9d,True,location-k4-fold1-seed0,1
ar,CoPx_R,16,SS_vs_persistence,0.47413281635390747,1297860,f4d62ad7513e0a9d,True,location-k4-fold1-seed0,1
ar,CoPx_R,16,SS_vs_seasonal,0.45491629624897467,1297860,f4d62ad7513e0a9d,True,location-k4-fold1-seed0,1
ar,CoPx_R,16,SS_vs_ar,6.938893903907228e-12,1297860,f4d62ad7513e0a9d,True,location-k4-fold1-seed0,1
ar,CoPx_R,17,MSE,0.14402893463200764,1297860,f4d62ad7513e0a9d,True,location-k4-fold1-seed0,1
ar,CoPx_R,17,MAE,0.2712488327851903,1297860,f4d62ad7513e0a9d,True,location-k4-fold1-seed0,1
ar,CoPx_R,17,SS_vs_persistence,0.46329685496026285,1297860,f4d62ad7513e0a9d,True,location-k4-fold1-seed0,1
ar,CoPx_R,17,SS_vs_seasonal,0.45616875933523326,1297860,f4d62ad7513e0a9d,True,location-k4-fold1-seed0,1
ar,CoPx_R,17,SS_vs_ar,6.943112751400804e-12,1297860,f4d62ad7513e0a9d,True,location-k4-fold1-seed0,1
ar,CoPx_R,18,MSE,0.1440723582735339,1297860,f4d62ad7513e0a9d,True,location-k4-fold1-seed0,1
ar,CoPx_R,18,MAE,0.2711967173797788,1297860,f4d62ad7513e0a9d,True,location-k4-fold1-seed0,1
ar,CoPx_R,18,SS_vs_persistence,0.4524464300968106,1297860,f4d62ad7513e0a9d,True,location-k4-fold1-seed0,1
ar,CoPx_R,18,SS_vs_seasonal,0.453173934159538,1297860,f4d62ad7513e0a9d,True,location-k4-fold1-seed0,1
ar,CoPx_R,18,SS_vs_ar,6.941003327654016e-12,1297860,f4d62ad7513e0a9d,True,location-k4-fold1-seed0,1
ar,CoPx_R,19,MSE,0.14451959585305058,1297860,f4d62ad7513e0a9d,True,location-k4-fold1-seed0,1
ar,CoPx_R,19,MAE,0.27161249495788586,1297860,f4d62ad7513e0a9d,True,location-k4-fold1-seed0,1
ar,CoPx_R,19,SS_vs_persistence,0.4419208958650632,1297860,f4d62ad7513e0a9d,True,location-k4-fold1-seed0,1
ar,CoPx_R,19,SS_vs_seasonal,0.47650972743787234,1297860,f4d62ad7513e0a9d,True,location-k4-fold1-seed0,1
ar,CoPx_R,19,SS_vs_ar,6.919465000976288e-12,1297860,f4d62ad7513e0a9d,True,location-k4-fold1-seed0,1
ar,CoPx_R,20,MSE,0.14489396621906617,1297860,f4d62ad7513e0a9d,True,location-k4-fold1-seed0,1
ar,CoPx_R,20,MAE,0.2720276489183418,1297860,f4d62ad7513e0a9d,True,location-k4-fold1-seed0,1
ar,CoPx_R,20,SS_vs_persistence,0.429153227266898,1297860,f4d62ad7513e0a9d,True,location-k4-fold1-seed0,1
ar,CoPx_R,20,SS_vs_seasonal,0.47447212753981594,1297860,f4d62ad7513e0a9d,True,location-k4-fold1-seed0,1
ar,CoPx_R,20,SS_vs_ar,6.901590410279823e-12,1297860,f4d62ad7513e0a9d,True,location-k4-fold1-seed0,1
ar,CoPx_R,21,MSE,0.14570527311679118,1297860,f4d62ad7513e0a9d,True,location-k4-fold1-seed0,1
ar,CoPx_R,21,MAE,0.2730859641197407,1297860,f4d62ad7513e0a9d,True,location-k4-fold1-seed0,1
ar,CoPx_R,21,SS_vs_persistence,0.42768391691441265,1297860,f4d62ad7513e0a9d,True,location-k4-fold1-seed0,1
ar,CoPx_R,21,SS_vs_seasonal,0.4714617329747125,1297860,f4d62ad7513e0a9d,True,location-k4-fold1-seed0,1
ar,CoPx_R,21,SS_vs_ar,6.863176693627793e-12,1297860,f4d62ad7513e0a9d,True,location-k4-fold1-seed0,1
ar,CoPx_R,22,MSE,0.14681917078863388,1297860,f4d62ad7513e0a9d,True,location-k4-fold1-seed0,1
ar,CoPx_R,22,MAE,0.2741309615349441,1297860,f4d62ad7513e0a9d,True,location-k4-fold1-seed0,1
ar,CoPx_R,22,SS_vs_persistence,0.42743539630067595,1297860,f4d62ad7513e0a9d,True,location-k4-fold1-seed0,1
ar,CoPx_R,22,SS_vs_seasonal,0.46978671879796696,1297860,f4d62ad7513e0a9d,True,location-k4-fold1-seed0,1
ar,CoPx_R,22,SS_vs_ar,6.811107233772873e-12,1297860,f4d62ad7513e0a9d,True,location-k4-fold1-seed0,1
ar,CoPx_R,23,MSE,0.14773755793524723,1297860,f4d62ad7513e0a9d,True,location-k4-fold1-seed0,1
ar,CoPx_R,23,MAE,0.2751836828385133,1297860,f4d62ad7513e0a9d,True,location-k4-fold1-seed0,1
ar,CoPx_R,23,SS_vs_persistence,0.4282923607114967,1297860,f4d62ad7513e0a9d,True,location-k4-fold1-seed0,1
ar,CoPx_R,23,SS_vs_seasonal,0.4661812745170856,1297860,f4d62ad7513e0a9d,True,location-k4-fold1-seed0,1
ar,CoPx_R,23,SS_vs_ar,6.768807736534654e-12,1297860,f4d62ad7513e0a9d,True,location-k4-fold1-seed0,1
ar,CoPx_R,24,MSE,0.14885299960771847,1297860,f4d62ad7513e0a9d,True,location-k4-fold1-seed0,1
ar,CoPx_R,24,MAE,0.2763638179550662,1297860,f4d62ad7513e0a9d,True,location-k4-fold1-seed0,1
ar,CoPx_R,24,SS_vs_persistence,0.4435287247803624,1297860,f4d62ad7513e0a9d,True,location-k4-fold1-seed0,1
ar,CoPx_R,24,SS_vs_seasonal,0.46837490880552246,1297860,f4d62ad7513e0a9d,True,location-k4-fold1-seed0,1
ar,CoPx_R,24,SS_vs_ar,6.718070544309285e-12,1297860,f4d62ad7513e0a9d,True,location-k4-fold1-seed0,1
ar,CoPx_R,25,MSE,0.1491958494748031,1297860,f4d62ad7513e0a9d,True,location-k4-fold1-seed0,1
ar,CoPx_R,25,MAE,0.27668537972228985,1297860,f4d62ad7513e0a9d,True,location-k4-fold1-seed0,1
ar,CoPx_R,25,SS_vs_persistence,0.45098554212665554,1297860,f4d62ad7513e0a9d,True,location-k4-fold1-seed0,1
ar,CoPx_R,25,SS_vs_seasonal,0.46568428875843837,1297860,f4d62ad7513e0a9d,True,location-k4-fold1-seed0,1
ar,CoPx_R,25,SS_vs_ar,6.702638444266995e-12,1297860,f4d62ad7513e0a9d,True,location-k4-fold1-seed0,1
ar,CoPx_R,26,MSE,0.14937925774399113,1297860,f4d62ad7513e0a9d,True,location-k4-fold1-seed0,1
ar,CoPx_R,26,MAE,0.27682249809588527,1297860,f4d62ad7513e0a9d,True,location-k4-fold1-seed0,1
ar,CoPx_R,26,SS_vs_persistence,0.4621714063609602,1297860,f4d62ad7513e0a9d,True,location-k4-fold1-seed0,1
ar,CoPx_R,26,SS_vs_seasonal,0.4683921279825496,1297860,f4d62ad7513e0a9d,True,location-k4-fold1-seed0,1
ar,CoPx_R,26,SS_vs_ar,6.694422793884769e-12,1297860,f4d62ad7513e0a9d,True,location-k4-fold1-seed0,1
ar,CoPx_R,27,MSE,0.1490597692373839,1297860,f4d62ad7513e0a9d,True,location-k4-fold1-seed0,1
ar,CoPx_R,27,MAE,0.27640511864972606,1297860,f4d62ad7513e0a9d,True,location-k4-fold1-seed0,1
ar,CoPx_R,27,SS_vs_persistence,0.4710525271030206,1297860,f4d62ad7513e0a9d,True,location-k4-fold1-seed0,1
ar,CoPx_R,27,SS_vs_seasonal,0.47005566010366784,1297860,f4d62ad7513e0a9d,True,location-k4-fold1-seed0,1
ar,CoPx_R,27,SS_vs_ar,6.7087446709024334e-12,1297860,f4d62ad7513e0a9d,True,location-k4-fold1-seed0,1
ar,CoPx_R,28,MSE,0.148300118121541,1297860,f4d62ad7513e0a9d,True,location-k4-fold1-seed0,1
ar,CoPx_R,28,MAE,0.2754603294083715,1297860,f4d62ad7513e0a9d,True,location-k4-fold1-seed0,1
ar,CoPx_R,28,SS_vs_persistence,0.44902120519825683,1297860,f4d62ad7513e0a9d,True,location-k4-fold1-seed0,1
ar,CoPx_R,28,SS_vs_seasonal,0.4638743531682178,1297860,f4d62ad7513e0a9d,True,location-k4-fold1-seed0,1
ar,CoPx_R,28,SS_vs_ar,6.743161584665813e-12,1297860,f4d62ad7513e0a9d,True,location-k4-fold1-seed0,1
ar,CoPx_R,29,MSE,0.14821281425989488,1297860,f4d62ad7513e0a9d,True,location-k4-fold1-seed0,1
ar,CoPx_R,29,MAE,0.27565899744615324,1297860,f4d62ad7513e0a9d,True,location-k4-fold1-seed0,1
ar,CoPx_R,29,SS_vs_persistence,0.4398828454124841,1297860,f4d62ad7513e0a9d,True,location-k4-fold1-seed0,1
ar,CoPx_R,29,SS_vs_seasonal,0.4611558153830183,1297860,f4d62ad7513e0a9d,True,location-k4-fold1-seed0,1
ar,CoPx_R,29,SS_vs_ar,6.747047365252001e-12,1297860,f4d62ad7513e0a9d,True,location-k4-fold1-seed0,1
ar,CoPx_R,30,MSE,0.14886714925203076,1297860,f4d62ad7513e0a9d,True,location-k4-fold1-seed0,1
ar,CoPx_R,30,MAE,0.27618161631647103,1297860,f4d62ad7513e0a9d,True,location-k4-fold1-seed0,1
ar,CoPx_R,30,SS_vs_persistence,0.446470552995881,1297860,f4d62ad7513e0a9d,True,location-k4-fold1-seed0,1
ar,CoPx_R,30,SS_vs_seasonal,0.46416016681335004,1297860,f4d62ad7513e0a9d,True,location-k4-fold1-seed0,1
ar,CoPx_R,30,SS_vs_ar,6.71740441049451e-12,1297860,f4d62ad7513e0a9d,True,location-k4-fold1-seed0,1
ar,CoPx_R,all,MSE,0.14255461744482914,1297860,f4d62ad7513e0a9d,True,location-k4-fold1-seed0,1
ar,CoPx_R,all,MAE,0.2692301825011296,1297860,f4d62ad7513e0a9d,True,location-k4-fold1-seed0,1
ar,CoPx_R,all,SS_vs_persistence,0.44638556828252196,1297860,f4d62ad7513e0a9d,True,location-k4-fold1-seed0,1
ar,CoPx_R,all,SS_vs_seasonal,0.4592213232618573,1297860,f4d62ad7513e0a9d,True,location-k4-fold1-seed0,1
ar,CoPx_R,all,SS_vs_ar,7.014944181094052e-12,1297860,f4d62ad7513e0a9d,True,location-k4-fold1-seed0,1
ar,CoPy_R,1,MSE,0.08054558262290087,1297860,f4d62ad7513e0a9d,True,location-k4-fold1-seed0,1
ar,CoPy_R,1,MAE,0.21429596604538922,1297860,f4d62ad7513e0a9d,True,location-k4-fold1-seed0,1
ar,CoPy_R,1,SS_vs_persistence,0.36654846560002663,1297860,f4d62ad7513e0a9d,True,location-k4-fold1-seed0,1
ar,CoPy_R,1,SS_vs_seasonal,0.4787577571092332,1297860,f4d62ad7513e0a9d,True,location-k4-fold1-seed0,1
ar,CoPy_R,1,SS_vs_ar,1.24154020397782e-11,1297860,f4d62ad7513e0a9d,True,location-k4-fold1-seed0,1
ar,CoPy_R,2,MSE,0.08475060143832444,1297860,f4d62ad7513e0a9d,True,location-k4-fold1-seed0,1
ar,CoPy_R,2,MAE,0.2220149043705597,1297860,f4d62ad7513e0a9d,True,location-k4-fold1-seed0,1
ar,CoPy_R,2,SS_vs_persistence,0.4130909556475417,1297860,f4d62ad7513e0a9d,True,location-k4-fold1-seed0,1
ar,CoPy_R,2,SS_vs_seasonal,0.4629820117973844,1297860,f4d62ad7513e0a9d,True,location-k4-fold1-seed0,1
ar,CoPy_R,2,SS_vs_ar,1.1799339283413701e-11,1297860,f4d62ad7513e0a9d,True,location-k4-fold1-seed0,1
ar,CoPy_R,3,MSE,0.08629840769689265,1297860,f4d62ad7513e0a9d,True,location-k4-fold1-seed0,1
ar,CoPy_R,3,MAE,0.22449086171844107,1297860,f4d62ad7513e0a9d,True,location-k4-fold1-seed0,1
ar,CoPy_R,3,SS_vs_persistence,0.41812831756126956,1297860,f4d62ad7513e0a9d,True,location-k4-fold1-seed0,1
ar,CoPy_R,3,SS_vs_seasonal,0.4569152248046724,1297860,f4d62ad7513e0a9d,True,location-k4-fold1-seed0,1
ar,CoPy_R,3,SS_vs_ar,1.1587730774920146e-11,1297860,f4d62ad7513e0a9d,True,location-k4-fold1-seed0,1
ar,CoPy_R,4,MSE,0.08740168030642245,1297860,f4d62ad7513e0a9d,True,location-k4-fold1-seed0,1
ar,CoPy_R,4,MAE,0.22663675915931103,1297860,f4d62ad7513e0a9d,True,location-k4-fold1-seed0,1
ar,CoPy_R,4,SS_vs_persistence,0.4213427095585689,1297860,f4d62ad7513e0a9d,True,location-k4-fold1-seed0,1
ar,CoPy_R,4,SS_vs_seasonal,0.45064119206537545,1297860,f4d62ad7513e0a9d,True,location-k4-fold1-seed0,1
ar,CoPy_R,4,SS_vs_ar,1.1441514402577013e-11,1297860,f4d62ad7513e0a9d,True,location-k4-fold1-seed0,1
ar,CoPy_R,5,MSE,0.08860485659206811,1297860,f4d62ad7513e0a9d,True,location-k4-fold1-seed0,1
ar,CoPy_R,5,MAE,0.22863546964962764,1297860,f4d62ad7513e0a9d,True,location-k4-fold1-seed0,1
ar,CoPy_R,5,SS_vs_persistence,0.4283234301329787,1297860,f4d62ad7513e0a9d,True,location-k4-fold1-seed0,1
ar,CoPy_R,5,SS_vs_seasonal,0.44361070898436195,1297860,f4d62ad7513e0a9d,True,location-k4-fold1-seed0,1
ar,CoPy_R,5,SS_vs_ar,1.1286083179129491e-11,1297860,f4d62ad7513e0a9d,True,location-k4-fold1-seed0,1
ar,CoPy_R,6,MSE,0.08926436736642242,1297860,f4d62ad7513e0a9d,True,location-k4-fold1-seed0,1
ar,CoPy_R,6,MAE,0.2297330955691619,1297860,f4d62ad7513e0a9d,True,location-k4-fold1-seed0,1
ar,CoPy_R,6,SS_vs_persistence,0.42461864452535514,1297860,f4d62ad7513e0a9d,True,location-k4-fold1-seed0,1
ar,CoPy_R,6,SS_vs_seasonal,0.4388344886394051,1297860,f4d62ad7513e0a9d,True,location-k4-fold1-seed0,1
ar,CoPy_R,6,SS_vs_ar,1.1202705429980142e-11,1297860,f4d62ad7513e0a9d,True,location-k4-fold1-seed0,1
ar,CoPy_R,7,MSE,0.09009276579912229,1297860,f4d62ad7513e0a9d,True,location-k4-fold1-seed0,1
ar,CoPy_R,7,MAE,0.23121055598741508,1297860,f4d62ad7513e0a9d,True,location-k4-fold1-seed0,1
ar,CoPy_R,7,SS_vs_persistence,0.43774363161788377,1297860,f4d62ad7513e0a9d,True,location-k4-fold1-seed0,1
ar,CoPy_R,7,SS_vs_seasonal,0.4358104543896927,1297860,f4d62ad7513e0a9d,True,location-k4-fold1-seed0,1
ar,CoPy_R,7,SS_vs_ar,1.109978775559739e-11,1297860,f4d62ad7513e0a9d,True,location-k4-fold1-seed0,1
ar,CoPy_R,8,MSE,0.090460675976078,1297860,f4d62ad7513e0a9d,True,location-k4-fold1-seed0,1
ar,CoPy_R,8,MAE,0.23172008075193934,1297860,f4d62ad7513e0a9d,True,location-k4-fold1-seed0,1
ar,CoPy_R,8,SS_vs_persistence,0.4336563592819509,1297860,f4d62ad7513e0a9d,True,location-k4-fold1-seed0,1
ar,CoPy_R,8,SS_vs_seasonal,0.4293123287116719,1297860,f4d62ad7513e0a9d,True,location-k4-fold1-seed0,1
ar,CoPy_R,8,SS_vs_ar,1.1054601678495146e-11,1297860,f4d62ad7513e0a9d,True,location-k4-fold1-seed0,1
ar,CoPy_R,9,MSE,0.09091772337569023,1297860,f4d62ad7513e0a9d,True,location-k4-fold1-seed0,1
ar,CoPy_R,9,MAE,0.23237077671757167,1297860,f4d62ad7513e0a9d,True,location-k4-fold1-seed0,1
ar,CoPy_R,9,SS_vs_persistence,0.4204262375511919,1297860,f4d62ad7513e0a9d,True,location-k4-fold1-seed0,1
ar,CoPy_R,9,SS_vs_seasonal,0.42152654082154195,1297860,f4d62ad7513e0a9d,True,location-k4-fold1-seed0,1
ar,CoPy_R,9,SS_vs_ar,1.0998979504961426e-11,1297860,f4d62ad7513e0a9d,True,location-k4-fold1-seed0,1
ar,CoPy_R,10,MSE,0.09178917381015177,1297860,f4d62ad7513e0a9d,True,location-k4-fold1-seed0,1
ar,CoPy_R,10,MAE,0.2337915248322363,1297860,f4d62ad7513e0a9d,True,location-k4-fold1-seed0,1
ar,CoPy_R,10,SS_vs_persistence,0.43397881954915674,1297860,f4d62ad7513e0a9d,True,location-k4-fold1-seed0,1
ar,CoPy_R,10,SS_vs_seasonal,0.4623287650379505,1297860,f4d62ad7513e0a9d,True,location-k4-fold1-seed0,1
ar,CoPy_R,10,SS_vs_ar,1.0894618540646661e-11,1297860,f4d62ad7513e0a9d,True,location-k4-fold1-seed0,1
ar,CoPy_R,11,MSE,0.09228028060091295,1297860,f4d62ad7513e0a9d,True,location-k4-fold1-seed0,1
ar,CoPy_R,11,MAE,0.23444811923479472,1297860,f4d62ad7513e0a9d,True,location-k4-fold1-seed0,1
ar,CoPy_R,11,SS_vs_persistence,0.4480869843023335,1297860,f4d62ad7513e0a9d,True,location-k4-fold1-seed0,1
ar,CoPy_R,11,SS_vs_seasonal,0.46417495031653333,1297860,f4d62ad7513e0a9d,True,location-k4-fold1-seed0,1
ar,CoPy_R,11,SS_vs_ar,1.0836664898761228e-11,1297860,f4d62ad7513e0a9d,True,location-k4-fold1-seed0,1
ar,CoPy_R,12,MSE,0.09231575501688755,1297860,f4d62ad7513e0a9d,True,location-k4-fold1-seed0,1
ar,CoPy_R,12,MAE,0.23456620195298758,1297860,f4d62ad7513e0a9d,True,location-k4-fold1-seed0,1
ar,CoPy_R,12,SS_vs_persistence,0.444826733055957,1297860,f4d62ad7513e0a9d,True,location-k4-fold1-seed0,1
ar,CoPy_R,12,SS_vs_seasonal,0.4622338187931052,1297860,f4d62ad7513e0a9d,True,location-k4-fold1-seed0,1
ar,CoPy_R,12,SS_vs_ar,1.0832446051267652e-11,1297860,f4d62ad7513e0a9d,True,location-k4-fold1-seed0,1
ar,CoPy_R,13,MSE,0.09256368105268017,1297860,f4d62ad7513e0a9d,True,location-k4-fold1-seed0,1
ar,CoPy_R,13,MAE,0.23495463876643924,1297860,f4d62ad7513e0a9d,True,location-k4-fold1-seed0,1
ar,CoPy_R,13,SS_vs_persistence,0.44399464538233857,1297860,f4d62ad7513e0a9d,True,location-k4-fold1-seed0,1
ar,CoPy_R,13,SS_vs_seasonal,0.45696123297941293,1297860,f4d62ad7513e0a9d,True,location-k4-fold1-seed0,1
ar,CoPy_R,13,SS_vs_ar,1.0803469230324936e-11,1297860,f4d62ad7513e0a9d,True,location-k4-fold1-seed0,1
ar,CoPy_R,14,MSE,0.09275423237015819,1297860,f4d62ad7513e0a9d,True,location-k4-fold1-seed0,1
ar,CoPy_R,14,MAE,0.23542393685124338,1297860,f4d62ad7513e0a9d,True,location-k4-fold1-seed0,1
ar,CoPy_R,14,SS_vs_persistence,0.428949873322198,1297860,f4d62ad7513e0a9d,True,location-k4-fold1-seed0,1
ar,CoPy_R,14,SS_vs_seasonal,0.4533311327902494,1297860,f4d62ad7513e0a9d,True,location-k4-fold1-seed0,1
ar,CoPy_R,14,SS_vs_ar,1.0781264769832433e-11,1297860,f4d62ad7513e0a9d,True,location-k4-fold1-seed0,1
ar,CoPy_R,15,MSE,0.09315201139279337,1297860,f4d62ad7513e0a9d,True,location-k4-fold1-seed0,1
ar,CoPy_R,15,MAE,0.2360503940767076,1297860,f4d62ad7513e0a9d,True,location-k4-fold1-seed0,1
ar,CoPy_R,15,SS_vs_persistence,0.4164895543639925,1297860,f4d62ad7513e0a9d,True,location-k4-fold1-seed0,1
ar,CoPy_R,15,SS_vs_seasonal,0.44620853796562443,1297860,f4d62ad7513e0a9d,True,location-k4-fold1-seed0,1
ar,CoPy_R,15,SS_vs_ar,1.0735190514310489e-11,1297860,f4d62ad7513e0a9d,True,location-k4-fold1-seed0,1
ar,CoPy_R,16,MSE,0.0940206710602616,1297860,f4d62ad7513e0a9d,True,location-k4-fold1-seed0,1
ar,CoPy_R,16,MAE,0.23736598581238336,1297860,f4d62ad7513e0a9d,True,location-k4-fold1-seed0,1
ar,CoPy_R,16,SS_vs_persistence,0.42280263800427853,1297860,f4d62ad7513e0a9d,True,location-k4-fold1-seed0,1
ar,CoPy_R,16,SS_vs_seasonal,0.44232231163896385,1297860,f4d62ad7513e0a9d,True,location-k4-fold1-seed0,1
ar,CoPy_R,16,SS_vs_ar,1.0636047598211462e-11,1297860,f4d62ad7513e0a9d,True,location-k4-fold1-seed0,1
ar,CoPy_R,17,MSE,0.09457743654268207,1297860,f4d62ad7513e0a9d,True,location-k4-fold1-seed0,1
ar,CoPy_R,17,MAE,0.23809541614801732,1297860,f4d62ad7513e0a9d,True,location-k4-fold1-seed0,1
ar,CoPy_R,17,SS_vs_persistence,0.4284534023371178,1297860,f4d62ad7513e0a9d,True,location-k4-fold1-seed0,1
ar,CoPy_R,17,SS_vs_seasonal,0.44090258665515725,1297860,f4d62ad7513e0a9d,True,location-k4-fold1-seed0,1
ar,CoPy_R,17,SS_vs_ar,1.0573431019622603e-11,1297860,f4d62ad7513e0a9d,True,location-k4-fold1-seed0,1
ar,CoPy_R,18,MSE,0.09531549187330732,1297860,f4d62ad7513e0a9d,True,location-k4-fold1-seed0,1
ar,CoPy_R,18,MAE,0.23915589711588467,1297860,f4d62ad7513e0a9d,True,location-k4-fold1-seed0,1
ar,CoPy_R,18,SS_vs_persistence,0.4398757964647869,1297860,f4d62ad7513e0a9d,True,location-k4-fold1-seed0,1
ar,CoPy_R,18,SS_vs_seasonal,0.44040187556934085,1297860,f4d62ad7513e0a9d,True,location-k4-fold1-seed0,1
ar,CoPy_R,18,SS_vs_ar,1.0491496560405267e-11,1297860,f4d62ad7513e0a9d,True,location-k4-fold1-seed0,1
ar,CoPy_R,19,MSE,0.09565464287946102,1297860,f4d62ad7513e0a9d,True,location-k4-fold1-seed0,1
ar,CoPy_R,19,MAE,0.23984826539374768,1297860,f4d62ad7513e0a9d,True,location-k4-fold1-seed0,1
ar,CoPy_R,19,SS_vs_persistence,0.4420726284041747,1297860,f4d62ad7513e0a9d,True,location-k4-fold1-seed0,1
ar,CoPy_R,19,SS_vs_seasonal,0.45651230364017215,1297860,f4d62ad7513e0a9d,True,location-k4-fold1-seed0,1
ar,CoPy_R,19,SS_vs_ar,1.0454304089080324e-11,1297860,f4d62ad7513e0a9d,True,location-k4-fold1-seed0,1
ar,CoPy_R,20,MSE,0.0956276280215178,1297860,f4d62ad7513e0a9d,True,location-k4-fold1-seed0,1
ar,CoPy_R,20,MAE,0.2400897539130403,1297860,f4d62ad7513e0a9d,True,location-k4-fold1-seed0,1
ar,CoPy_R,20,SS_vs_persistence,0.4397985049223697,1297860,f4d62ad7513e0a9d,True,location-k4-fold1-seed0,1
ar,CoPy_R,20,SS_vs_seasonal,0.45563818337171114,1297860,f4d62ad7513e0a9d,True,location-k4-fold1-seed0,1
ar,CoPy_R,20,SS_vs_ar,1.0457301691246812e-11,1297860,f4d62ad7513e0a9d,True,location-k4-fold1-seed0,1
ar,CoPy_R,21,MSE,0.09570472098576792,1297860,f4d62ad7513e0a9d,True,location-k4-fold1-seed0,1
ar,CoPy_R,21,MAE,0.240243040831049,1297860,f4d62ad7513e0a9d,True,location-k4-fold1-seed0,1
ar,CoPy_R,21,SS_vs_persistence,0.4461501689182681,1297860,f4d62ad7513e0a9d,True,location-k4-fold1-seed0,1
ar,CoPy_R,21,SS_vs_seasonal,0.45670724904615345,1297860,f4d62ad7513e0a9d,True,location-k4-fold1-seed0,1
ar,CoPy_R,21,SS_vs_ar,1.044886399625966e-11,1297860,f4d62ad7513e0a9d,True,location-k4-fold1-seed0,1
ar,CoPy_R,22,MSE,0.09581440969616294,1297860,f4d62ad7513e0a9d,True,location-k4-fold1-seed0,1
ar,CoPy_R,22,MAE,0.24044189844983335,1297860,f4d62ad7513e0a9d,True,location-k4-fold1-seed0,1
ar,CoPy_R,22,SS_vs_persistence,0.4409052141818547,1297860,f4d62ad7513e0a9d,True,location-k4-fold1-seed0,1
ar,CoPy_R,22,SS_vs_seasonal,0.4573502334112538,1297860,f4d62ad7513e0a9d,True,location-k4-fold1-seed0,1
ar,CoPy_R,22,SS_vs_ar,1.0436873587593709e-11,1297860,f4d62ad7513e0a9d,True,location-k4-fold1-seed0,1
ar,CoPy_R,23,MSE,0.09608991115823502,1297860,f4d62ad7513e0a9d,True,location-k4-fold1-seed0,1
ar,CoPy_R,23,MAE,0.24082132653779925,1297860,f4d62ad7513e0a9d,True,location-k4-fold1-seed0,1
ar,CoPy_R,23,SS_vs_persistence,0.43178029879364066,1297860,f4d62ad7513e0a9d,True,location-k4-fold1-seed0,1
ar,CoPy_R,23,SS_vs_seasonal,0.45101274198606733,1297860,f4d62ad7513e0a9d,True,location-k4-fold1-seed0,1
ar,CoPy_R,23,SS_vs_ar,1.0407008588231292e-11,1297860,f4d62ad7513e0a9d,True,location-k4-fold1-seed0,1
ar,CoPy_R,24,MSE,0.09628478365304197,1297860,f4d62ad7513e0a9d,True,location-k4-fold1-seed0,1
ar,CoPy_R,24,MAE,0.24144033318974795,1297860,f4d62ad7513e0a9d,True,location-k4-fold1-seed0,1
ar,CoPy_R,24,SS_vs_persistence,0.43138432942494653,1297860,f4d62ad7513e0a9d,True,location-k4-fold1-seed0,1
ar,CoPy_R,24,SS_vs_seasonal,0.4470383297527474,1297860,f4d62ad7513e0a9d,True,location-k4-fold1-seed0,1
ar,CoPy_R,24,SS_vs_ar,1.0385914350763414e-11,1297860,f4d62ad7513e0a9d,True,location-k4-fold1-seed0,1
ar,CoPy_R,25,MSE,0.09684594518311047,1297860,f4d62ad7513e0a9d,True,location-k4-fold1-seed0,1
ar,CoPy_R,25,MAE,0.2423712603939802,1297860,f4d62ad7513e0a9d,True,location-k4-fold1-seed0,1
ar,CoPy_R,25,SS_vs_persistence,0.4378265337551913,1297860,f4d62ad7513e0a9d,True,location-k4-fold1-seed0,1
ar,CoPy_R,25,SS_vs_seasonal,0.4460176288622686,1297860,f4d62ad7513e0a9d,True,location-k4-fold1-seed0,1
ar,CoPy_R,25,SS_vs_ar,1.0325740262828731e-11,1297860,f4d62ad7513e0a9d,True,location-k4-fold1-seed0,1
ar,CoPy_R,26,MSE,0.09720601765882551,1297860,f4d62ad7513e0a9d,True,location-k4-fold1-seed0,1
ar,CoPy_R,26,MAE,0.24292977758228698,1297860,f4d62ad7513e0a9d,True,location-k4-fold1-seed0,1
ar,CoPy_R,26,SS_vs_persistence,0.44718143741246075,1297860,f4d62ad7513e0a9d,True,location-k4-fold1-seed0,1
ar,CoPy_R,26,SS_vs_seasonal,0.44492759501180523,1297860,f4d62ad7513e0a9d,True,location-k4-fold1-seed0,1
ar,CoPy_R,26,SS_vs_ar,1.0287437568479163e-11,1297860,f4d62ad7513e0a9d,True,location-k4-fold1-seed0,1
ar,CoPy_R,27,MSE,0.09732526596017375,1297860,f4d62ad7513e0a9d,True,location-k4-fold1-seed0,1
ar,CoPy_R,27,MAE,0.24308672319083446,1297860,f4d62ad7513e0a9d,True,location-k4-fold1-seed0,1
ar,CoPy_R,27,SS_vs_persistence,0.4457853760285917,1297860,f4d62ad7513e0a9d,True,location-k4-fold1-seed0,1
ar,CoPy_R,27,SS_vs_seasonal,0.445611738392224,1297860,f4d62ad7513e0a9d,True,location-k4-fold1-seed0,1
ar,CoPy_R,27,SS_vs_ar,1.0274892048300899e-11,1297860,f4d62ad7513e0a9d,True,location-k4-fold1-seed0,1
ar,CoPy_R,28,MSE,0.09736089786467557,1297860,f4d62ad7513e0a9d,True,location-k4-fold1-seed0,1
ar,CoPy_R,28,MAE,0.24313782231428546,1297860,f4d62ad7513e0a9d,True,location-k4-fold1-seed0,1
ar,CoPy_R,28,SS_vs_persistence,0.4476131995643525,1297860,f4d62ad7513e0a9d,True,location-k4-fold1-seed0,1
ar,CoPy_R,28,SS_vs_seasonal,0.4583742352681611,1297860,f4d62ad7513e0a9d,True,location-k4-fold1-seed0,1
ar,CoPy_R,28,SS_vs_ar,1.0271117290017173e-11,1297860,f4d62ad7513e0a9d,True,location-k4-fold1-seed0,1
ar,CoPy_R,29,MSE,0.09741103302218208,1297860,f4d62ad7513e0a9d,True,location-k4-fold1-seed0,1
ar,CoPy_R,29,MAE,0.2432805008957592,1297860,f4d62ad7513e0a9d,True,location-k4-fold1-seed0,1
ar,CoPy_R,29,SS_vs_persistence,0.43705235486071914,1297860,f4d62ad7513e0a9d,True,location-k4-fold1-seed0,1
ar,CoPy_R,29,SS_vs_seasonal,0.4535264293316532,1297860,f4d62ad7513e0a9d,True,location-k4-fold1-seed0,1
ar,CoPy_R,29,SS_vs_ar,1.0265788219498972e-11,1297860,f4d62ad7513e0a9d,True,location-k4-fold1-seed0,1
ar,CoPy_R,30,MSE,0.09755861021879253,1297860,f4d62ad7513e0a9d,True,location-k4-fold1-seed0,1
ar,CoPy_R,30,MAE,0.24354781199763328,1297860,f4d62ad7513e0a9d,True,location-k4-fold1-seed0,1
ar,CoPy_R,30,SS_vs_persistence,0.42620738029764527,1297860,f4d62ad7513e0a9d,True,location-k4-fold1-seed0,1
ar,CoPy_R,30,SS_vs_seasonal,0.45030696513465907,1297860,f4d62ad7513e0a9d,True,location-k4-fold1-seed0,1
ar,CoPy_R,30,SS_vs_ar,1.0250356119456683e-11,1297860,f4d62ad7513e0a9d,True,location-k4-fold1-seed0,1
ar,CoPy_R,all,MSE,0.09286630870652388,1297860,f4d62ad7513e0a9d,True,location-k4-fold1-seed0,1
ar,CoPy_R,all,MAE,0.23553996998167948,1297860,f4d62ad7513e0a9d,True,location-k4-fold1-seed0,1
ar,CoPy_R,all,SS_vs_persistence,0.4324037443025749,1297860,f4d62ad7513e0a9d,True,location-k4-fold1-seed0,1
ar,CoPy_R,all,SS_vs_seasonal,0.45045026547433886,1297860,f4d62ad7513e0a9d,True,location-k4-fold1-seed0,1
ar,CoPy_R,all,SS_vs_ar,1.0768275160444318e-11,1297860,f4d62ad7513e0a9d,True,location-k4-fold1-seed0,1
map_aggregate,F_R,1,MSE,60290.40550234483,1297860,f4d62ad7513e0a9d,True,location-k4-fold1-seed0,1
map_aggregate,F_R,1,MAE,137.91903100094223,1297860,f4d62ad7513e0a9d,True,location-k4-fold1-seed0,1
map_aggregate,F_R,1,SS_vs_persistence,0.3462125387784508,1297860,f4d62ad7513e0a9d,True,location-k4-fold1-seed0,1
map_aggregate,F_R,1,SS_vs_seasonal,0.45250948462248397,1297860,f4d62ad7513e0a9d,True,location-k4-fold1-seed0,1
map_aggregate,F_R,1,SS_vs_ar,-0.00489379657318989,1297860,f4d62ad7513e0a9d,True,location-k4-fold1-seed0,1
map_aggregate,F_R,2,MSE,63406.78602566837,1297860,f4d62ad7513e0a9d,True,location-k4-fold1-seed0,1
map_aggregate,F_R,2,MAE,134.57756498044748,1297860,f4d62ad7513e0a9d,True,location-k4-fold1-seed0,1
map_aggregate,F_R,2,SS_vs_persistence,0.3990838056339979,1297860,f4d62ad7513e0a9d,True,location-k4-fold1-seed0,1
map_aggregate,F_R,2,SS_vs_seasonal,0.4318267609370541,1297860,f4d62ad7513e0a9d,True,location-k4-fold1-seed0,1
map_aggregate,F_R,2,SS_vs_ar,0.014697179265953486,1297860,f4d62ad7513e0a9d,True,location-k4-fold1-seed0,1
map_aggregate,F_R,3,MSE,65512.981977412586,1297860,f4d62ad7513e0a9d,True,location-k4-fold1-seed0,1
map_aggregate,F_R,3,MAE,140.64646821934096,1297860,f4d62ad7513e0a9d,True,location-k4-fold1-seed0,1
map_aggregate,F_R,3,SS_vs_persistence,0.381904276984002,1297860,f4d62ad7513e0a9d,True,location-k4-fold1-seed0,1
map_aggregate,F_R,3,SS_vs_seasonal,0.4109357329576282,1297860,f4d62ad7513e0a9d,True,location-k4-fold1-seed0,1
map_aggregate,F_R,3,SS_vs_ar,-0.004238804705799737,1297860,f4d62ad7513e0a9d,True,location-k4-fold1-seed0,1
map_aggregate,F_R,4,MSE,64279.02854848559,1297860,f4d62ad7513e0a9d,True,location-k4-fold1-seed0,1
map_aggregate,F_R,4,MAE,137.76757166734552,1297860,f4d62ad7513e0a9d,True,location-k4-fold1-seed0,1
map_aggregate,F_R,4,SS_vs_persistence,0.40613358791018195,1297860,f4d62ad7513e0a9d,True,location-k4-fold1-seed0,1
map_aggregate,F_R,4,SS_vs_seasonal,0.4224031148023215,1297860,f4d62ad7513e0a9d,True,location-k4-fold1-seed0,1
map_aggregate,F_R,4,SS_vs_ar,0.029313200666142736,1297860,f4d62ad7513e0a9d,True,location-k4-fold1-seed0,1
map_aggregate,F_R,5,MSE,64443.91886578583,1297860,f4d62ad7513e0a9d,True,location-k4-fold1-seed0,1
map_aggregate,F_R,5,MAE,141.97828400724026,1297860,f4d62ad7513e0a9d,True,location-k4-fold1-seed0,1
map_aggregate,F_R,5,SS_vs_persistence,0.42112108571104345,1297860,f4d62ad7513e0a9d,True,location-k4-fold1-seed0,1
map_aggregate,F_R,5,SS_vs_seasonal,0.4212040779414671,1297860,f4d62ad7513e0a9d,True,location-k4-fold1-seed0,1
map_aggregate,F_R,5,SS_vs_ar,0.040107625880511644,1297860,f4d62ad7513e0a9d,True,location-k4-fold1-seed0,1
map_aggregate,F_R,6,MSE,64172.63885300226,1297860,f4d62ad7513e0a9d,True,location-k4-fold1-seed0,1
map_aggregate,F_R,6,MAE,143.8744457402763,1297860,f4d62ad7513e0a9d,True,location-k4-fold1-seed0,1
map_aggregate,F_R,6,SS_vs_persistence,0.4072206126904442,1297860,f4d62ad7513e0a9d,True,location-k4-fold1-seed0,1
map_aggregate,F_R,6,SS_vs_seasonal,0.41903150797397315,1297860,f4d62ad7513e0a9d,True,location-k4-fold1-seed0,1
map_aggregate,F_R,6,SS_vs_ar,0.04257624274927574,1297860,f4d62ad7513e0a9d,True,location-k4-fold1-seed0,1
map_aggregate,F_R,7,MSE,63802.38620759365,1297860,f4d62ad7513e0a9d,True,location-k4-fold1-seed0,1
map_aggregate,F_R,7,MAE,140.06870695044768,1297860,f4d62ad7513e0a9d,True,location-k4-fold1-seed0,1
map_aggregate,F_R,7,SS_vs_persistence,0.41856222936675724,1297860,f4d62ad7513e0a9d,True,location-k4-fold1-seed0,1
map_aggregate,F_R,7,SS_vs_seasonal,0.41765120519560417,1297860,f4d62ad7513e0a9d,True,location-k4-fold1-seed0,1
map_aggregate,F_R,7,SS_vs_ar,0.04861969449561254,1297860,f4d62ad7513e0a9d,True,location-k4-fold1-seed0,1
map_aggregate,F_R,8,MSE,66295.77257912964,1297860,f4d62ad7513e0a9d,True,location-k4-fold1-seed0,1
map_aggregate,F_R,8,MAE,152.28998466059372,1297860,f4d62ad7513e0a9d,True,location-k4-fold1-seed0,1
map_aggregate,F_R,8,SS_vs_persistence,0.4010438682275048,1297860,f4d62ad7513e0a9d,True,location-k4-fold1-seed0,1
map_aggregate,F_R,8,SS_vs_seasonal,0.39514553554953635,1297860,f4d62ad7513e0a9d,True,location-k4-fold1-seed0,1
map_aggregate,F_R,8,SS_vs_ar,0.02045605777191828,1297860,f4d62ad7513e0a9d,True,location-k4-fold1-seed0,1
map_aggregate,F_R,9,MSE,64853.578483000594,1297860,f4d62ad7513e0a9d,True,location-k4-fold1-seed0,1
map_aggregate,F_R,9,MAE,143.55464839701483,1297860,f4d62ad7513e0a9d,True,location-k4-fold1-seed0,1
map_aggregate,F_R,9,SS_vs_persistence,0.39523613665990376,1297860,f4d62ad7513e0a9d,True,location-k4-fold1-seed0,1
map_aggregate,F_R,9,SS_vs_seasonal,0.39540309180203637,1297860,f4d62ad7513e0a9d,True,location-k4-fold1-seed0,1
map_aggregate,F_R,9,SS_vs_ar,0.04574381218182466,1297860,f4d62ad7513e0a9d,True,location-k4-fold1-seed0,1
map_aggregate,F_R,10,MSE,68074.14838647858,1297860,f4d62ad7513e0a9d,True,location-k4-fold1-seed0,1
map_aggregate,F_R,10,MAE,147.0692173306678,1297860,f4d62ad7513e0a9d,True,location-k4-fold1-seed0,1
map_aggregate,F_R,10,SS_vs_persistence,0.36547635004919354,1297860,f4d62ad7513e0a9d,True,location-k4-fold1-seed0,1
map_aggregate,F_R,10,SS_vs_seasonal,0.423278862742564,1297860,f4d62ad7513e0a9d,True,location-k4-fold1-seed0,1
map_aggregate,F_R,10,SS_vs_ar,0.011800767528805434,1297860,f4d62ad7513e0a9d,True,location-k4-fold1-seed0,1
map_aggregate,F_R,11,MSE,67146.31490216863,1297860,f4d62ad7513e0a9d,True,location-k4-fold1-seed0,1
map_aggregate,F_R,11,MAE,147.41817808012544,1297860,f4d62ad7513e0a9d,True,location-k4-fold1-seed0,1
map_aggregate,F_R,11,SS_vs_persistence,0.39832175300264794,1297860,f4d62ad7513e0a9d,True,location-k4-fold1-seed0,1
map_aggregate,F_R,11,SS_vs_seasonal,0.432953682092752,1297860,f4d62ad7513e0a9d,True,location-k4-fold1-seed0,1
map_aggregate,F_R,11,SS_vs_ar,0.045351779431340056,1297860,f4d62ad7513e0a9d,True,location-k4-fold1-seed0,1
map_aggregate,F_R,12,MSE,65203.11299650888,1297860,f4d62ad7513e0a9d,True,location-k4-fold1-seed0,1
map_aggregate,F_R,12,MAE,141.70415255264663,1297860,f4d62ad7513e0a9d,True,location-k4-fold1-seed0,1
map_aggregate,F_R,12,SS_vs_persistence,0.42293530759009856,1297860,f4d62ad7513e0a9d,True,location-k4-fold1-seed0,1
map_aggregate,F_R,12,SS_vs_seasonal,0.4489604495709445,1297860,f4d62ad7513e0a9d,True,location-k4-fold1-seed0,1
map_aggregate,F_R,12,SS_vs_ar,0.08394038946413929,1297860,f4d62ad7513e0a9d,True,location-k4-fold1-seed0,1
map_aggregate,F_R,13,MSE,67175.69136175117,1297860,f4d62ad7513e0a9d,True,location-k4-fold1-seed0,1
map_aggregate,F_R,13,MAE,144.97371376680357,1297860,f4d62ad7513e0a9d,True,location-k4-fold1-seed0,1
map_aggregate,F_R,13,SS_vs_persistence,0.4064340732838134,1297860,f4d62ad7513e0a9d,True,location-k4-fold1-seed0,1
map_aggregate,F_R,13,SS_vs_seasonal,0.4336409335770024,1297860,f4d62ad7513e0a9d,True,location-k4-fold1-seed0,1
map_aggregate,F_R,13,SS_vs_ar,0.06534011397859463,1297860,f4d62ad7513e0a9d,True,location-k4-fold1-seed0,1
map_aggregate,F_R,14,MSE,69240.55216835327,1297860,f4d62ad7513e0a9d,True,location-k4-fold1-seed0,1
map_aggregate,F_R,14,MAE,155.4103044148461,1297860,f4d62ad7513e0a9d,True,location-k4-fold1-seed0,1
map_aggregate,F_R,14,SS_vs_persistence,0.39291010811983185,1297860,f4d62ad7513e0a9d,True,location-k4-fold1-seed0,1
map_aggregate,F_R,14,SS_vs_seasonal,0.41579281831455595,1297860,f4d62ad7513e0a9d,True,location-k4-fold1-seed0,1
map_aggregate,F_R,14,SS_vs_ar,0.04449581463192731,1297860,f4d62ad7513e0a9d,True,location-k4-fold1-seed0,1
map_aggregate,F_R,15,MSE,66845.24578480606,1297860,f4d62ad7513e0a9d,True,location-k4-fold1-seed0,1
map_aggregate,F_R,15,MAE,144.50449135586572,1297860,f4d62ad7513e0a9d,True,location-k4-fold1-seed0,1
map_aggregate,F_R,15,SS_vs_persistence,0.4053646016109623,1297860,f4d62ad7513e0a9d,True,location-k4-fold1-seed0,1
map_aggregate,F_R,15,SS_vs_seasonal,0.4335145292964939,1297860,f4d62ad7513e0a9d,True,location-k4-fold1-seed0,1
map_aggregate,F_R,15,SS_vs_ar,0.07823690260547445,1297860,f4d62ad7513e0a9d,True,location-k4-fold1-seed0,1
map_aggregate,F_R,16,MSE,68151.25363251042,1297860,f4d62ad7513e0a9d,True,location-k4-fold1-seed0,1
map_aggregate,F_R,16,MAE,143.04323235783218,1297860,f4d62ad7513e0a9d,True,location-k4-fold1-seed0,1
map_aggregate,F_R,16,SS_vs_persistence,0.41819918721850213,1297860,f4d62ad7513e0a9d,True,location-k4-fold1-seed0,1
map_aggregate,F_R,16,SS_vs_seasonal,0.4269840154057005,1297860,f4d62ad7513e0a9d,True,location-k4-fold1-seed0,1
map_aggregate,F_R,16,SS_vs_ar,0.08139655597183648,1297860,f4d62ad7513e0a9d,True,location-k4-fold1-seed0,1
map_aggregate,F_R,17,MSE,68221.53361386908,1297860,f4d62ad7513e0a9d,True,location-k4-fold1-seed0,1
map_aggregate,F_R,17,MAE,148.64010898591357,1297860,f4d62ad7513e0a9d,True,location-k4-fold1-seed0,1
map_aggregate,F_R,17,SS_vs_persistence,0.413286360293297,1297860,f4d62ad7513e0a9d,True,location-k4-fold1-seed0,1
map_aggregate,F_R,17,SS_vs_seasonal,0.42915358264837244,1297860,f4d62ad7513e0a9d,True,location-k4-fold1-seed0,1
map_aggregate,F_R,17,SS_vs_ar,0.08534037763364954,1297860,f4d62ad7513e0a9d,True,location-k4-fold1-seed0,1
map_aggregate,F_R,18,MSE,69183.06190311714,1297860,f4d62ad7513e0a9d,True,location-k4-fold1-seed0,1
map_aggregate,F_R,18,MAE,146.09499455464558,1297860,f4d62ad7513e0a9d,True,location-k4-fold1-seed0,1
map_aggregate,F_R,18,SS_vs_persistence,0.40690912743341956,1297860,f4d62ad7513e0a9d,True,location-k4-fold1-seed0,1
map_aggregate,F_R,18,SS_vs_seasonal,0.40629414548696197,1297860,f4d62ad7513e0a9d,True,location-k4-fold1-seed0,1
map_aggregate,F_R,18,SS_vs_ar,0.07750444245626031,1297860,f4d62ad7513e0a9d,True,location-k4-fold1-seed0,1
map_aggregate,F_R,19,MSE,70233.3892485266,1297860,f4d62ad7513e0a9d,True,location-k4-fold1-seed0,1
map_aggregate,F_R,19,MAE,147.33716389959713,1297860,f4d62ad7513e0a9d,True,location-k4-fold1-seed0,1
map_aggregate,F_R,19,SS_vs_persistence,0.3959936307404739,1297860,f4d62ad7513e0a9d,True,location-k4-fold1-seed0,1
map_aggregate,F_R,19,SS_vs_seasonal,0.43814421416368154,1297860,f4d62ad7513e0a9d,True,location-k4-fold1-seed0,1
map_aggregate,F_R,19,SS_vs_ar,0.07122933370188433,1297860,f4d62ad7513e0a9d,True,location-k4-fold1-seed0,1
map_aggregate,F_R,20,MSE,68805.4526262154,1297860,f4d62ad7513e0a9d,True,location-k4-fold1-seed0,1
map_aggregate,F_R,20,MAE,142.81609396608,1297860,f4d62ad7513e0a9d,True,location-k4-fold1-seed0,1
map_aggregate,F_R,20,SS_vs_persistence,0.3999322139268997,1297860,f4d62ad7513e0a9d,True,location-k4-fold1-seed0,1
map_aggregate,F_R,20,SS_vs_seasonal,0.44852159701159244,1297860,f4d62ad7513e0a9d,True,location-k4-fold1-seed0,1
map_aggregate,F_R,20,SS_vs_ar,0.09924767159643122,1297860,f4d62ad7513e0a9d,True,location-k4-fold1-seed0,1
map_aggregate,F_R,21,MSE,69622.26791182364,1297860,f4d62ad7513e0a9d,True,location-k4-fold1-seed0,1
map_aggregate,F_R,21,MAE,151.25654596185396,1297860,f4d62ad7513e0a9d,True,location-k4-fold1-seed0,1
map_aggregate,F_R,21,SS_vs_persistence,0.3926119779110533,1297860,f4d62ad7513e0a9d,True,location-k4-fold1-seed0,1
map_aggregate,F_R,21,SS_vs_seasonal,0.4405493693769078,1297860,f4d62ad7513e0a9d,True,location-k4-fold1-seed0,1
map_aggregate,F_R,21,SS_vs_ar,0.09926505663845397,1297860,f4d62ad7513e0a9d,True,location-k4-fold1-seed0,1
map_aggregate,F_R,22,MSE,69354.66512093971,1297860,f4d62ad7513e0a9d,True,location-k4-fold1-seed0,1
map_aggregate,F_R,22,MAE,147.93871260232154,1297860,f4d62ad7513e0a9d,True,location-k4-fold1-seed0,1
map_aggregate,F_R,22,SS_vs_persistence,0.4062847479875352,1297860,f4d62ad7513e0a9d,True,location-k4-fold1-seed0,1
map_aggregate,F_R,22,SS_vs_seasonal,0.4396041928929504,1297860,f4d62ad7513e0a9d,True,location-k4-fold1-seed0,1
map_aggregate,F_R,22,SS_vs_ar,0.1096385747654468,1297860,f4d62ad7513e0a9d,True,location-k4-fold1-seed0,1
map_aggregate,F_R,23,MSE,69566.41450005877,1297860,f4d62ad7513e0a9d,True,location-k4-fold1-seed0,1
map_aggregate,F_R,23,MAE,148.9572298443532,1297860,f4d62ad7513e0a9d,True,location-k4-fold1-seed0,1
map_aggregate,F_R,23,SS_vs_persistence,0.3988871637408735,1297860,f4d62ad7513e0a9d,True,location-k4-fold1-seed0,1
map_aggregate,F_R,23,SS_vs_seasonal,0.43879266218214064,1297860,f4d62ad7513e0a9d,True,location-k4-fold1-seed0,1
map_aggregate,F_R,23,SS_vs_ar,0.11422762516035256,1297860,f4d62ad7513e0a9d,True,location-k4-fold1-seed0,1
map_aggregate,F_R,24,MSE,68870.98690219357,1297860,f4d62ad7513e0a9d,True,location-k4-fold1-seed0,1
map_aggregate,F_R,24,MAE,148.42522108721167,1297860,f4d62ad7513e0a9d,True,location-k4-fold1-seed0,1
map_aggregate,F_R,24,SS_vs_persistence,0.4157708845595427,1297860,f4d62ad7513e0a9d,True,location-k4-fold1-seed0,1
map_aggregate,F_R,24,SS_vs_seasonal,0.4444947378136821,1297860,f4d62ad7513e0a9d,True,location-k4-fold1-seed0,1
map_aggregate,F_R,24,SS_vs_ar,0.13645970692966936,1297860,f4d62ad7513e0a9d,True,location-k4-fold1-seed0,1
map_aggregate,F_R,25,MSE,70845.00827498095,1297860,f4d62ad7513e0a9d,True,location-k4-fold1-seed0,1
map_aggregate,F_R,25,MAE,148.52571445694642,1297860,f4d62ad7513e0a9d,True,location-k4-fold1-seed0,1
map_aggregate,F_R,25,SS_vs_persistence,0.40481573194747034,1297860,f4d62ad7513e0a9d,True,location-k4-fold1-seed0,1
map_aggregate,F_R,25,SS_vs_seasonal,0.42873931673000787,1297860,f4d62ad7513e0a9d,True,location-k4-fold1-seed0,1
map_aggregate,F_R,25,SS_vs_ar,0.12228624135579647,1297860,f4d62ad7513e0a9d,True,location-k4-fold1-seed0,1
map_aggregate,F_R,26,MSE,71674.65303171745,1297860,f4d62ad7513e0a9d,True,location-k4-fold1-seed0,1
map_aggregate,F_R,26,MAE,147.6524721834907,1297860,f4d62ad7513e0a9d,True,location-k4-fold1-seed0,1
map_aggregate,F_R,26,SS_vs_persistence,0.4135115576347804,1297860,f4d62ad7513e0a9d,True,location-k4-fold1-seed0,1
map_aggregate,F_R,26,SS_vs_seasonal,0.4270679108761042,1297860,f4d62ad7513e0a9d,True,location-k4-fold1-seed0,1
map_aggregate,F_R,26,SS_vs_ar,0.12433830176880123,1297860,f4d62ad7513e0a9d,True,location-k4-fold1-seed0,1
map_aggregate,F_R,27,MSE,69763.0675682502,1297860,f4d62ad7513e0a9d,True,location-k4-fold1-seed0,1
map_aggregate,F_R,27,MAE,149.85743190712023,1297860,f4d62ad7513e0a9d,True,location-k4-fold1-seed0,1
map_aggregate,F_R,27,SS_vs_persistence,0.43118085647862725,1297860,f4d62ad7513e0a9d,True,location-k4-fold1-seed0,1
map_aggregate,F_R,27,SS_vs_seasonal,0.43026291474439016,1297860,f4d62ad7513e0a9d,True,location-k4-fold1-seed0,1
map_aggregate,F_R,27,SS_vs_ar,0.14112708472441127,1297860,f4d62ad7513e0a9d,True,location-k4-fold1-seed0,1
map_aggregate,F_R,28,MSE,69100.20065499416,1297860,f4d62ad7513e0a9d,True,location-k4-fold1-seed0,1
map_aggregate,F_R,28,MAE,144.96799857422917,1297860,f4d62ad7513e0a9d,True,location-k4-fold1-seed0,1
map_aggregate,F_R,28,SS_vs_persistence,0.4269510546902917,1297860,f4d62ad7513e0a9d,True,location-k4-fold1-seed0,1
map_aggregate,F_R,28,SS_vs_seasonal,0.4442772186428948,1297860,f4d62ad7513e0a9d,True,location-k4-fold1-seed0,1
map_aggregate,F_R,28,SS_vs_ar,0.14692906325815347,1297860,f4d62ad7513e0a9d,True,location-k4-fold1-seed0,1
map_aggregate,F_R,29,MSE,70956.1658244595,1297860,f4d62ad7513e0a9d,True,location-k4-fold1-seed0,1
map_aggregate,F_R,29,MAE,151.42885421020623,1297860,f4d62ad7513e0a9d,True,location-k4-fold1-seed0,1
map_aggregate,F_R,29,SS_vs_persistence,0.4046272130350276,1297860,f4d62ad7513e0a9d,True,location-k4-fold1-seed0,1
map_aggregate,F_R,29,SS_vs_seasonal,0.42886283218171206,1297860,f4d62ad7513e0a9d,True,location-k4-fold1-seed0,1
map_aggregate,F_R,29,SS_vs_ar,0.1229659035479922,1297860,f4d62ad7513e0a9d,True,location-k4-fold1-seed0,1
map_aggregate,F_R,30,MSE,70737.12667729145,1297860,f4d62ad7513e0a9d,True,location-k4-fold1-seed0,1
map_aggregate,F_R,30,MAE,152.97447500469798,1297860,f4d62ad7513e0a9d,True,location-k4-fold1-seed0,1
map_aggregate,F_R,30,SS_vs_persistence,0.3931985417160814,1297860,f4d62ad7513e0a9d,True,location-k4-fold1-seed0,1
map_aggregate,F_R,30,SS_vs_seasonal,0.43018805810152905,1297860,f4d62ad7513e0a9d,True,location-k4-fold1-seed0,1
map_aggregate,F_R,30,SS_vs_ar,0.12634311850071744,1297860,f4d62ad7513e0a9d,True,location-k4-fold1-seed0,1
map_aggregate,F_R,all,MSE,67527.59367111491,1297860,f4d62ad7513e0a9d,True,location-k4-fold1-seed0,1
map_aggregate,F_R,all,MAE,145.78910042403308,1297860,f4d62ad7513e0a9d,True,location-k4-fold1-seed0,1
map_aggregate,F_R,all,SS_vs_persistence,0.40364155889541986,1297860,f4d62ad7513e0a9d,True,location-k4-fold1-seed0,1
map_aggregate,F_R,all,SS_vs_seasonal,0.4289474034508266,1297860,f4d62ad7513e0a9d,True,location-k4-fold1-seed0,1
map_aggregate,F_R,all,SS_vs_ar,0.07743249372158123,1297860,f4d62ad7513e0a9d,True,location-k4-fold1-seed0,1
map_aggregate,CoPx_R,1,MSE,0.1320231207438646,1297860,f4d62ad7513e0a9d,True,location-k4-fold1-seed0,1
map_aggregate,CoPx_R,1,MAE,0.25570226377203115,1297860,f4d62ad7513e0a9d,True,location-k4-fold1-seed0,1
map_aggregate,CoPx_R,1,SS_vs_persistence,0.3829105963115652,1297860,f4d62ad7513e0a9d,True,location-k4-fold1-seed0,1
map_aggregate,CoPx_R,1,SS_vs_seasonal,0.4513252071387148,1297860,f4d62ad7513e0a9d,True,location-k4-fold1-seed0,1
map_aggregate,CoPx_R,1,SS_vs_ar,-0.020919942957641213,1297860,f4d62ad7513e0a9d,True,location-k4-fold1-seed0,1
map_aggregate,CoPx_R,2,MSE,0.1361710395807016,1297860,f4d62ad7513e0a9d,True,location-k4-fold1-seed0,1
map_aggregate,CoPx_R,2,MAE,0.2619359507747667,1297860,f4d62ad7513e0a9d,True,location-k4-fold1-seed0,1
map_aggregate,CoPx_R,2,SS_vs_persistence,0.4369602084644675,1297860,f4d62ad7513e0a9d,True,location-k4-fold1-seed0,1
map_aggregate,CoPx_R,2,SS_vs_seasonal,0.4466978934340248,1297860,f4d62ad7513e0a9d,True,location-k4-fold1-seed0,1
map_aggregate,CoPx_R,2,SS_vs_ar,-0.01624093691864603,1297860,f4d62ad7513e0a9d,True,location-k4-fold1-seed0,1
map_aggregate,CoPx_R,3,MSE,0.13633632836895856,1297860,f4d62ad7513e0a9d,True,location-k4-fold1-seed0,1
map_aggregate,CoPx_R,3,MAE,0.262162220824213,1297860,f4d62ad7513e0a9d,True,location-k4-fold1-seed0,1
map_aggregate,CoPx_R,3,SS_vs_persistence,0.4331088970169358,1297860,f4d62ad7513e0a9d,True,location-k4-fold1-seed0,1
map_aggregate,CoPx_R,3,SS_vs_seasonal,0.4437958424734809,1297860,f4d62ad7513e0a9d,True,location-k4-fold1-seed0,1
map_aggregate,CoPx_R,3,SS_vs_ar,-0.010189036599560497,1297860,f4d62ad7513e0a9d,True,location-k4-fold1-seed0,1
map_aggregate,CoPx_R,4,MSE,0.1382094417369321,1297860,f4d62ad7513e0a9d,True,location-k4-fold1-seed0,1
map_aggregate,CoPx_R,4,MAE,0.26451092592121256,1297860,f4d62ad7513e0a9d,True,location-k4-fold1-seed0,1
map_aggregate,CoPx_R,4,SS_vs_persistence,0.4416092311944563,1297860,f4d62ad7513e0a9d,True,location-k4-fold1-seed0,1
map_aggregate,CoPx_R,4,SS_vs_seasonal,0.4410115075180534,1297860,f4d62ad7513e0a9d,True,location-k4-fold1-seed0,1
map_aggregate,CoPx_R,4,SS_vs_ar,-0.010892122109938507,1297860,f4d62ad7513e0a9d,True,location-k4-fold1-seed0,1
map_aggregate,CoPx_R,5,MSE,0.14068467695665496,1297860,f4d62ad7513e0a9d,True,location-k4-fold1-seed0,1
map_aggregate,CoPx_R,5,MAE,0.267328585009439,1297860,f4d62ad7513e0a9d,True,location-k4-fold1-seed0,1
map_aggregate,CoPx_R,5,SS_vs_persistence,0.458874702943176,1297860,f4d62ad7513e0a9d,True,location-k4-fold1-seed0,1
map_aggregate,CoPx_R,5,SS_vs_seasonal,0.43533495085291907,1297860,f4d62ad7513e0a9d,True,location-k4-fold1-seed0,1
map_aggregate,CoPx_R,5,SS_vs_ar,-0.022526216002392907,1297860,f4d62ad7513e0a9d,True,location-k4-fold1-seed0,1
map_aggregate,CoPx_R,6,MSE,0.1407458954995435,1297860,f4d62ad7513e0a9d,True,location-k4-fold1-seed0,1
map_aggregate,CoPx_R,6,MAE,0.26672761920434757,1297860,f4d62ad7513e0a9d,True,location-k4-fold1-seed0,1
map_aggregate,CoPx_R,6,SS_vs_persistence,0.44873137187068235,1297860,f4d62ad7513e0a9d,True,location-k4-fold1-seed0,1
map_aggregate,CoPx_R,6,SS_vs_seasonal,0.4314560423263495,1297860,f4d62ad7513e0a9d,True,location-k4-fold1-seed0,1
map_aggregate,CoPx_R,6,SS_vs_ar,-0.024989837603931475,1297860,f4d62ad7513e0a9d,True,location-k4-fold1-seed0,1
map_aggregate,CoPx_R,7,MSE,0.14082288345917612,1297860,f4d62ad7513e0a9d,True,location-k4-fold1-seed0,1
map_aggregate,CoPx_R,7,MAE,0.26762810779533786,1297860,f4d62ad7513e0a9d,True,location-k4-fold1-seed0,1
map_aggregate,CoPx_R,7,SS_vs_persistence,0.4522359202422144,1297860,f4d62ad7513e0a9d,True,location-k4-fold1-seed0,1
map_aggregate,CoPx_R,7,SS_vs_seasonal,0.43032680825774494,1297860,f4d62ad7513e0a9d,True,location-k4-fold1-seed0,1
map_aggregate,CoPx_R,7,SS_vs_ar,-0.027117475933178703,1297860,f4d62ad7513e0a9d,True,location-k4-fold1-seed0,1
map_aggregate,CoPx_R,8,MSE,0.14006909012820704,1297860,f4d62ad7513e0a9d,True,location-k4-fold1-seed0,1
map_aggregate,CoPx_R,8,MAE,0.2669532132989655,1297860,f4d62ad7513e0a9d,True,location-k4-fold1-seed0,1
map_aggregate,CoPx_R,8,SS_vs_persistence,0.44748793028325784,1297860,f4d62ad7513e0a9d,True,location-k4-fold1-seed0,1
map_aggregate,CoPx_R,8,SS_vs_seasonal,0.4327914415241011,1297860,f4d62ad7513e0a9d,True,location-k4-fold1-seed0,1
map_aggregate,CoPx_R,8,SS_vs_ar,-0.02081480925335666,1297860,f4d62ad7513e0a9d,True,location-k4-fold1-seed0,1
map_aggregate,CoPx_R,9,MSE,0.1396423001318101,1297860,f4d62ad7513e0a9d,True,location-k4-fold1-seed0,1
map_aggregate,CoPx_R,9,MAE,0.26613630204749944,1297860,f4d62ad7513e0a9d,True,location-k4-fold1-seed0,1
map_aggregate,CoPx_R,9,SS_vs_persistence,0.4250813763489991,1297860,f4d62ad7513e0a9d,True,location-k4-fold1-seed0,1
map_aggregate,CoPx_R,9,SS_vs_seasonal,0.426325955841939,1297860,f4d62ad7513e0a9d,True,location-k4-fold1-seed0,1
map_aggregate,CoPx_R,9,SS_vs_ar,-0.015005048279205457,1297860,f4d62ad7513e0a9d,True,location-k4-fold1-seed0,1
map_aggregate,CoPx_R,10,MSE,0.1420893242026696,1297860,f4d62ad7513e0a9d,True,location-k4-fold1-seed0,1
map_aggregate,CoPx_R,10,MAE,0.2687494920796309,1297860,f4d62ad7513e0a9d,True,location-k4-fold1-seed0,1
map_aggregate,CoPx_R,10,SS_vs_persistence,0.41084805800955826,1297860,f4d62ad7513e0a9d,True,location-k4-fold1-seed0,1
map_aggregate,CoPx_R,10,SS_vs_seasonal,0.45247409739550304,1297860,f4d62ad7513e0a9d,True,location-k4-fold1-seed0,1
map_aggregate,CoPx_R,10,SS_vs_ar,-0.022699535099987456,1297860,f4d62ad7513e0a9d,True,location-k4-fold1-seed0,1
map_aggregate,CoPx_R,11,MSE,0.14331107331726298,1297860,f4d62ad7513e0a9d,True,location-k4-fold1-seed0,1
map_aggregate,CoPx_R,11,MAE,0.2707884920607547,1297860,f4d62ad7513e0a9d,True,location-k4-fold1-seed0,1
map_aggregate,CoPx_R,11,SS_vs_persistence,0.4153257732577661,1297860,f4d62ad7513e0a9d,True,location-k4-fold1-seed0,1
map_aggregate,CoPx_R,11,SS_vs_seasonal,0.45172394904207547,1297860,f4d62ad7513e0a9d,True,location-k4-fold1-seed0,1
map_aggregate,CoPx_R,11,SS_vs_ar,-0.01757613754704823,1297860,f4d62ad7513e0a9d,True,location-k4-fold1-seed0,1
map_aggregate,CoPx_R,12,MSE,0.14428237997785776,1297860,f4d62ad7513e0a9d,True,location-k4-fold1-seed0,1
map_aggregate,CoPx_R,12,MAE,0.2715055038469889,1297860,f4d62ad7513e0a9d,True,location-k4-fold1-seed0,1
map_aggregate,CoPx_R,12,SS_vs_persistence,0.435022213615606,1297860,f4d62ad7513e0a9d,True,location-k4-fold1-seed0,1
map_aggregate,CoPx_R,12,SS_vs_seasonal,0.44943795743204373,1297860,f4d62ad7513e0a9d,True,location-k4-fold1-seed0,1
map_aggregate,CoPx_R,12,SS_vs_ar,-0.015042966821537496,1297860,f4d62ad7513e0a9d,True,location-k4-fold1-seed0,1
map_aggregate,CoPx_R,13,MSE,0.14518381049176532,1297860,f4d62ad7513e0a9d,True,location-k4-fold1-seed0,1
map_aggregate,CoPx_R,13,MAE,0.2729136346006494,1297860,f4d62ad7513e0a9d,True,location-k4-fold1-seed0,1
map_aggregate,CoPx_R,13,SS_vs_persistence,0.4367304129650085,1297860,f4d62ad7513e0a9d,True,location-k4-fold1-seed0,1
map_aggregate,CoPx_R,13,SS_vs_seasonal,0.44483697306651926,1297860,f4d62ad7513e0a9d,True,location-k4-fold1-seed0,1
map_aggregate,CoPx_R,13,SS_vs_ar,-0.019592795685547948,1297860,f4d62ad7513e0a9d,True,location-k4-fold1-seed0,1
map_aggregate,CoPx_R,14,MSE,0.14573135812549445,1297860,f4d62ad7513e0a9d,True,location-k4-fold1-seed0,1
map_aggregate,CoPx_R,14,MAE,0.27261610851789264,1297860,f4d62ad7513e0a9d,True,location-k4-fold1-seed0,1
map_aggregate,CoPx_R,14,SS_vs_persistence,0.4327510064013508,1297860,f4d62ad7513e0a9d,True,location-k4-fold1-seed0,1
map_aggregate,CoPx_R,14,SS_vs_seasonal,0.4428898793312652,1297860,f4d62ad7513e0a9d,True,location-k4-fold1-seed0,1
map_aggregate,CoPx_R,14,SS_vs_ar,-0.019485934391565207,1297860,f4d62ad7513e0a9d,True,location-k4-fold1-seed0,1
map_aggregate,CoPx_R,15,MSE,0.14702561111193424,1297860,f4d62ad7513e0a9d,True,location-k4-fold1-seed0,1
map_aggregate,CoPx_R,15,MAE,0.27455078627667917,1297860,f4d62ad7513e0a9d,True,location-k4-fold1-seed0,1
map_aggregate,CoPx_R,15,SS_vs_persistence,0.448864843388214,1297860,f4d62ad7513e0a9d,True,location-k4-fold1-seed0,1
map_aggregate,CoPx_R,15,SS_vs_seasonal,0.4432266981714208,1297860,f4d62ad7513e0a9d,True,location-k4-fold1-seed0,1
map_aggregate,CoPx_R,15,SS_vs_ar,-0.022207254063065562,1297860,f4d62ad7513e0a9d,True,location-k4-fold1-seed0,1
map_aggregate,CoPx_R,16,MSE,0.14622576577446544,1297860,f4d62ad7513e0a9d,True,location-k4-fold1-seed0,1
map_aggregate,CoPx_R,16,MAE,0.273568971569015,1297860,f4d62ad7513e0a9d,True,location-k4-fold1-seed0,1
map_aggregate,CoPx_R,16,SS_vs_persistence,0.46643863727068036,1297860,f4d62ad7513e0a9d,True,location-k4-fold1-seed0,1
map_aggregate,CoPx_R,16,SS_vs_seasonal,0.44694095235523656,1297860,f4d62ad7513e0a9d,True,location-k4-fold1-seed0,1
map_aggregate,CoPx_R,16,SS_vs_ar,-0.014631411350252588,1297860,f4d62ad7513e0a9d,True,location-k4-fold1-seed0,1
map_aggregate,CoPx_R,17,MSE,0.14656094071216505,1297860,f4d62ad7513e0a9d,True,location-k4-fold1-seed0,1
map_aggregate,CoPx_R,17,MAE,0.2741173811301957,1297860,f4d62ad7513e0a9d,True,location-k4-fold1-seed0,1
map_aggregate,CoPx_R,17,SS_vs_persistence,0.45386169785136465,1297860,f4d62ad7513e0a9d,True,location-k4-fold1-seed0,1
map_aggregate,CoPx_R,17,SS_vs_seasonal,0.4466082914232756,1297860,f4d62ad7513e0a9d,True,location-k4-fold1-seed0,1
map_aggregate,CoPx_R,17,SS_vs_ar,-0.017579843144775564,1297860,f4d62ad7513e0a9d,True,location-k4-fold1-seed0,1
map_aggregate,CoPx_R,18,MSE,0.1462748555619335,1297860,f4d62ad7513e0a9d,True,location-k4-fold1-seed0,1
map_aggregate,CoPx_R,18,MAE,0.2733071758371773,1297860,f4d62ad7513e0a9d,True,location-k4-fold1-seed0,1
map_aggregate,CoPx_R,18,SS_vs_persistence,0.4440757386788522,1297860,f4d62ad7513e0a9d,True,location-k4-fold1-seed0,1
map_aggregate,CoPx_R,18,SS_vs_seasonal,0.4448143644150543,1297860,f4d62ad7513e0a9d,True,location-k4-fold1-seed0,1
map_aggregate,CoPx_R,18,SS_vs_ar,-0.01528743829682222,1297860,f4d62ad7513e0a9d,True,location-k4-fold1-seed0,1
map_aggregate,CoPx_R,19,MSE,0.14752177634744928,1297860,f4d62ad7513e0a9d,True,location-k4-fold1-seed0,1
map_aggregate,CoPx_R,19,MAE,0.27486470193404283,1297860,f4d62ad7513e0a9d,True,location-k4-fold1-seed0,1
map_aggregate,CoPx_R,19,SS_vs_persistence,0.4303276292850139,1297860,f4d62ad7513e0a9d,True,location-k4-fold1-seed0,1
map_aggregate,CoPx_R,19,SS_vs_seasonal,0.46563499258951646,1297860,f4d62ad7513e0a9d,True,location-k4-fold1-seed0,1
map_aggregate,CoPx_R,19,SS_vs_ar,-0.020773518467561924,1297860,f4d62ad7513e0a9d,True,location-k4-fold1-seed0,1
map_aggregate,CoPx_R,20,MSE,0.14652740194271363,1297860,f4d62ad7513e0a9d,True,location-k4-fold1-seed0,1
map_aggregate,CoPx_R,20,MAE,0.2746134899832447,1297860,f4d62ad7513e0a9d,True,location-k4-fold1-seed0,1
map_aggregate,CoPx_R,20,SS_vs_persistence,0.4227178902018518,1297860,f4d62ad7513e0a9d,True,location-k4-fold1-seed0,1
map_aggregate,CoPx_R,20,SS_vs_seasonal,0.46854768483837816,1297860,f4d62ad7513e0a9d,True,location-k4-fold1-seed0,1
map_aggregate,CoPx_R,20,SS_vs_ar,-0.011273317759599388,1297860,f4d62ad7513e0a9d,True,location-k4-fold1-seed0,1
map_aggregate,CoPx_R,21,MSE,0.1469051135677218,1297860,f4d62ad7513e0a9d,True,location-k4-fold1-seed0,1
map_aggregate,CoPx_R,21,MAE,0.27511960396663954,1297860,f4d62ad7513e0a9d,True,location-k4-fold1-seed0,1
map_aggregate,CoPx_R,21,SS_vs_persistence,0.4229710608007302,1297860,f4d62ad7513e0a9d,True,location-k4-fold1-seed0,1
map_aggregate,CoPx_R,21,SS_vs_seasonal,0.4671093744150234,1297860,f4d62ad7513e0a9d,True,location-k4-fold1-seed0,1
map_aggregate,CoPx_R,21,SS_vs_ar,-0.008234708492400378,1297860,f4d62ad7513e0a9d,True,location-k4-fold1-seed0,1
map_aggregate,CoPx_R,22,MSE,0.14839742010191811,1297860,f4d62ad7513e0a9d,True,location-k4-fold1-seed0,1
map_aggregate,CoPx_R,22,MAE,0.27621178839694854,1297860,f4d62ad7513e0a9d,True,location-k4-fold1-seed0,1
map_aggregate,CoPx_R,22,SS_vs_persistence,0.42128054821274985,1297860,f4d62ad7513e0a9d,True,location-k4-fold1-seed0,1
map_aggregate,CoPx_R,22,SS_vs_seasonal,0.464087131050288,1297860,f4d62ad7513e0a9d,True,location-k4-fold1-seed0,1
map_aggregate,CoPx_R,22,SS_vs_ar,-0.010749613308643324,1297860,f4d62ad7513e0a9d,True,location-k4-fold1-seed0,1
map_aggregate,CoPx_R,23,MSE,0.1488195741050953,1297860,f4d62ad7513e0a9d,True,location-k4-fold1-seed0,1
map_aggregate,CoPx_R,23,MAE,0.2765051833785339,1297860,f4d62ad7513e0a9d,True,location-k4-fold1-seed0,1
map_aggregate,CoPx_R,23,SS_vs_persistence,0.42410522699424014,1297860,f4d62ad7513e0a9d,True,location-k4-fold1-seed0,1
map_aggregate,CoPx_R,23,SS_vs_seasonal,0.46227163568987983,1297860,f4d62ad7513e0a9d,True,location-k4-fold1-seed0,1
map_aggregate,CoPx_R,23,SS_vs_ar,-0.007323907230922133,1297860,f4d62ad7513e0a9d,True,location-k4-fold1-seed0,1
map_aggregate,CoPx_R,24,MSE,0.14887896692597954,1297860,f4d62ad7513e0a9d,True,location-k4-fold1-seed0,1
map_aggregate,CoPx_R,24,MAE,0.2757901661348997,1297860,f4d62ad7513e0a9d,True,location-k4-fold1-seed0,1
map_aggregate,CoPx_R,24,SS_vs_persistence,0.44343164869358653,1297860,f4d62ad7513e0a9d,True,location-k4-fold1-seed0,1
map_aggregate,CoPx_R,24,SS_vs_seasonal,0.46828216712094095,1297860,f4d62ad7513e0a9d,True,location-k4-fold1-seed0,1
map_aggregate,CoPx_R,24,SS_vs_ar,-0.0001744494053148582,1297860,f4d62ad7513e0a9d,True,location-k4-fold1-seed0,1
map_aggregate,CoPx_R,25,MSE,0.14938230171505576,1297860,f4d62ad7513e0a9d,True,location-k4-fold1-seed0,1
map_aggregate,CoPx_R,25,MAE,0.2775265707518885,1297860,f4d62ad7513e0a9d,True,location-k4-fold1-seed0,1
map_aggregate,CoPx_R,25,SS_vs_persistence,0.4502994307102728,1297860,f4d62ad7513e0a9d,True,location-k4-fold1-seed0,1
map_aggregate,CoPx_R,25,SS_vs_seasonal,0.4650165465812004,1297860,f4d62ad7513e0a9d,True,location-k4-fold1-seed0,1
map_aggregate,CoPx_R,25,SS_vs_ar,-0.0012497146529728553,1297860,f4d62ad7513e0a9d,True,location-k4-fold1-seed0,1
map_aggregate,CoPx_R,26,MSE,0.14996706093651546,1297860,f4d62ad7513e0a9d,True,location-k4-fold1-seed0,1
map_aggregate,CoPx_R,26,MAE,0.27787464511110505,1297860,f4d62ad7513e0a9d,True,location-k4-fold1-seed0,1
map_aggregate,CoPx_R,26,SS_vs_persistence,0.46005506591887757,1297860,f4d62ad7513e0a9d,True,location-k4-fold1-seed0,1
map_aggregate,CoPx_R,26,SS_vs_seasonal,0.46630026590569773,1297860,f4d62ad7513e0a9d,True,location-k4-fold1-seed0,1
map_aggregate,CoPx_R,26,SS_vs_ar,-0.003934971965972478,1297860,f4d62ad7513e0a9d,True,location-k4-fold1-seed0,1
map_aggregate,CoPx_R,27,MSE,0.149702638369273,1297860,f4d62ad7513e0a9d,True,location-k4-fold1-seed0,1
map_aggregate,CoPx_R,27,MAE,0.2770340492609115,1297860,f4d62ad7513e0a9d,True,location-k4-fold1-seed0,1
map_aggregate,CoPx_R,27,SS_vs_persistence,0.4687712676830179,1297860,f4d62ad7513e0a9d,True,location-k4-fold1-seed0,1
map_aggregate,CoPx_R,27,SS_vs_seasonal,0.46777010136785535,1297860,f4d62ad7513e0a9d,True,location-k4-fold1-seed0,1
map_aggregate,CoPx_R,27,SS_vs_ar,-0.004312827895640803,1297860,f4d62ad7513e0a9d,True,location-k4-fold1-seed0,1
map_aggregate,CoPx_R,28,MSE,0.14956880850581816,1297860,f4d62ad7513e0a9d,True,location-k4-fold1-seed0,1
map_aggregate,CoPx_R,28,MAE,0.2772888822186744,1297860,f4d62ad7513e0a9d,True,location-k4-fold1-seed0,1
map_aggregate,CoPx_R,28,SS_vs_persistence,0.44430764523782107,1297860,f4d62ad7513e0a9d,True,location-k4-fold1-seed0,1
map_aggregate,CoPx_R,28,SS_vs_seasonal,0.459287860173368,1297860,f4d62ad7513e0a9d,True,location-k4-fold1-seed0,1
map_aggregate,CoPx_R,28,SS_vs_ar,-0.008554884509456961,1297860,f4d62ad7513e0a9d,True,location-k4-fold1-seed0,1
map_aggregate,CoPx_R,29,MSE,0.14957128253272636,1297860,f4d62ad7513e0a9d,True,location-k4-fold1-seed0,1
map_aggregate,CoPx_R,29,MAE,0.27711705600986364,1297860,f4d62ad7513e0a9d,True,location-k4-fold1-seed0,1
map_aggregate,CoPx_R,29,SS_vs_persistence,0.43474900197677735,1297860,f4d62ad7513e0a9d,True,location-k4-fold1-seed0,1
map_aggregate,CoPx_R,29,SS_vs_seasonal,0.4562169527586414,1297860,f4d62ad7513e0a9d,True,location-k4-fold1-seed0,1
map_aggregate,CoPx_R,29,SS_vs_ar,-0.009165660058517044,1297860,f4d62ad7513e0a9d,True,location-k4-fold1-seed0,1
map_aggregate,CoPx_R,30,MSE,0.1507703733408303,1297860,f4d62ad7513e0a9d,True,location-k4-fold1-seed0,1
map_aggregate,CoPx_R,30,MAE,0.27887108033714403,1297860,f4d62ad7513e0a9d,True,location-k4-fold1-seed0,1
map_aggregate,CoPx_R,30,SS_vs_persistence,0.43939383672441823,1297860,f4d62ad7513e0a9d,True,location-k4-fold1-seed0,1
map_aggregate,CoPx_R,30,SS_vs_seasonal,0.45730960721451874,1297860,f4d62ad7513e0a9d,True,location-k4-fold1-seed0,1
map_aggregate,CoPx_R,30,SS_vs_ar,-0.01278471507884249,1297860,f4d62ad7513e0a9d,True,location-k4-fold1-seed0,1
map_aggregate,CoPx_R,all,MSE,0.14458008714241227,1297860,f4d62ad7513e0a9d,True,location-k4-fold1-seed0,1
map_aggregate,CoPx_R,all,MAE,0.2716673317350348,1297860,f4d62ad7513e0a9d,True,location-k4-fold1-seed0,1
map_aggregate,CoPx_R,all,SS_vs_persistence,0.43851960591885153,1297860,f4d62ad7513e0a9d,True,location-k4-fold1-seed0,1
map_aggregate,CoPx_R,all,SS_vs_seasonal,0.4515377361394961,1297860,f4d62ad7513e0a9d,True,location-k4-fold1-seed0,1
map_aggregate,CoPx_R,all,SS_vs_ar,-0.014208376640993725,1297860,f4d62ad7513e0a9d,True,location-k4-fold1-seed0,1
map_aggregate,CoPy_R,1,MSE,0.0795477767040539,1297860,f4d62ad7513e0a9d,True,location-k4-fold1-seed0,1
map_aggregate,CoPy_R,1,MAE,0.21520061513093472,1297860,f4d62ad7513e0a9d,True,location-k4-fold1-seed0,1
map_aggregate,CoPy_R,1,SS_vs_persistence,0.37439572015756317,1297860,f4d62ad7513e0a9d,True,location-k4-fold1-seed0,1
map_aggregate,CoPy_R,1,SS_vs_seasonal,0.48521495287556693,1297860,f4d62ad7513e0a9d,True,location-k4-fold1-seed0,1
map_aggregate,CoPy_R,1,SS_vs_ar,0.012388089915571499,1297860,f4d62ad7513e0a9d,True,location-k4-fold1-seed0,1
map_aggregate,CoPy_R,2,MSE,0.0845635153503345,1297860,f4d62ad7513e0a9d,True,location-k4-fold1-seed0,1
map_aggregate,CoPy_R,2,MAE,0.22339030284597416,1297860,f4d62ad7513e0a9d,True,location-k4-fold1-seed0,1
map_aggregate,CoPy_R,2,SS_vs_persistence,0.41438655137489144,1297860,f4d62ad7513e0a9d,True,location-k4-fold1-seed0,1
map_aggregate,CoPy_R,2,SS_vs_seasonal,0.4641674735273069,1297860,f4d62ad7513e0a9d,True,location-k4-fold1-seed0,1
map_aggregate,CoPy_R,2,SS_vs_ar,0.0022074898090709283,1297860,f4d62ad7513e0a9d,True,location-k4-fold1-seed0,1
map_aggregate,CoPy_R,3,MSE,0.0857795410624633,1297860,f4d62ad7513e0a9d,True,location-k4-fold1-seed0,1
map_aggregate,CoPy_R,3,MAE,0.2247865013735771,1297860,f4d62ad7513e0a9d,True,location-k4-fold1-seed0,1
map_aggregate,CoPy_R,3,SS_vs_persistence,0.42162680391338336,1297860,f4d62ad7513e0a9d,True,location-k4-fold1-seed0,1
map_aggregate,CoPy_R,3,SS_vs_seasonal,0.4601805060194215,1297860,f4d62ad7513e0a9d,True,location-k4-fold1-seed0,1
map_aggregate,CoPy_R,3,SS_vs_ar,0.0060124705573452175,1297860,f4d62ad7513e0a9d,True,location-k4-fold1-seed0,1
map_aggregate,CoPy_R,4,MSE,0.08752142757488106,1297860,f4d62ad7513e0a9d,True,location-k4-fold1-seed0,1
map_aggregate,CoPy_R,4,MAE,0.22751283242764397,1297860,f4d62ad7513e0a9d,True,location-k4-fold1-seed0,1
map_aggregate,CoPy_R,4,SS_vs_persistence,0.42054990294820294,1297860,f4d62ad7513e0a9d,True,location-k4-fold1-seed0,1
map_aggregate,CoPy_R,4,SS_vs_seasonal,0.44988852671130897,1297860,f4d62ad7513e0a9d,True,location-k4-fold1-seed0,1
map_aggregate,CoPy_R,4,SS_vs_ar,-0.0013700796945483873,1297860,f4d62ad7513e0a9d,True,location-k4-fold1-seed0,1
map_aggregate,CoPy_R,5,MSE,0.08904460282184985,1297860,f4d62ad7513e0a9d,True,location-k4-fold1-seed0,1
map_aggregate,CoPy_R,5,MAE,0.2292511137441874,1297860,f4d62ad7513e0a9d,True,location-k4-fold1-seed0,1
map_aggregate,CoPy_R,5,SS_vs_persistence,0.4254861972100592,1297860,f4d62ad7513e0a9d,True,location-k4-fold1-seed0,1
map_aggregate,CoPy_R,5,SS_vs_seasonal,0.4408493468827165,1297860,f4d62ad7513e0a9d,True,location-k4-fold1-seed0,1
map_aggregate,CoPy_R,5,SS_vs_ar,-0.00496300367373026,1297860,f4d62ad7513e0a9d,True,location-k4-fold1-seed0,1
map_aggregate,CoPy_R,6,MSE,0.09050446173374066,1297860,f4d62ad7513e0a9d,True,location-k4-fold1-seed0,1
map_aggregate,CoPy_R,6,MAE,0.2321055718080181,1297860,f4d62ad7513e0a9d,True,location-k4-fold1-seed0,1
map_aggregate,CoPy_R,6,SS_vs_persistence,0.4166252290222231,1297860,f4d62ad7513e0a9d,True,location-k4-fold1-seed0,1
map_aggregate,CoPy_R,6,SS_vs_seasonal,0.43103856502169846,1297860,f4d62ad7513e0a9d,True,location-k4-fold1-seed0,1
map_aggregate,CoPy_R,6,SS_vs_ar,-0.013892378368782543,1297860,f4d62ad7513e0a9d,True,location-k4-fold1-seed0,1
map_aggregate,CoPy_R,7,MSE,0.09019385166850213,1297860,f4d62ad7513e0a9d,True,location-k4-fold1-seed0,1
map_aggregate,CoPy_R,7,MAE,0.23105846212783937,1297860,f4d62ad7513e0a9d,True,location-k4-fold1-seed0,1
map_aggregate,CoPy_R,7,SS_vs_persistence,0.43711276882542627,1297860,f4d62ad7513e0a9d,True,location-k4-fold1-seed0,1
map_aggregate,CoPy_R,7,SS_vs_seasonal,0.43517742253405844,1297860,f4d62ad7513e0a9d,True,location-k4-fold1-seed0,1
map_aggregate,CoPy_R,7,SS_vs_ar,-0.0011220198145998062,1297860,f4d62ad7513e0a9d,True,location-k4-fold1-seed0,1
map_aggregate,CoPy_R,8,MSE,0.09126789745173959,1297860,f4d62ad7513e0a9d,True,location-k4-fold1-seed0,1
map_aggregate,CoPy_R,8,MAE,0.2331681454633058,1297860,f4d62ad7513e0a9d,True,location-k4-fold1-seed0,1
map_aggregate,CoPy_R,8,SS_vs_persistence,0.4286026191406228,1297860,f4d62ad7513e0a9d,True,location-k4-fold1-seed0,1
map_aggregate,CoPy_R,8,SS_vs_seasonal,0.4242198248232303,1297860,f4d62ad7513e0a9d,True,location-k4-fold1-seed0,1
map_aggregate,CoPy_R,8,SS_vs_ar,-0.00892345172023834,1297860,f4d62ad7513e0a9d,True,location-k4-fold1-seed0,1
map_aggregate,CoPy_R,9,MSE,0.09119056586631794,1297860,f4d62ad7513e0a9d,True,location-k4-fold1-seed0,1
map_aggregate,CoPy_R,9,MAE,0.23263472771817362,1297860,f4d62ad7513e0a9d,True,location-k4-fold1-seed0,1
map_aggregate,CoPy_R,9,SS_vs_persistence,0.41868694687190855,1297860,f4d62ad7513e0a9d,True,location-k4-fold1-seed0,1
map_aggregate,CoPy_R,9,SS_vs_seasonal,0.41979055213304295,1297860,f4d62ad7513e0a9d,True,location-k4-fold1-seed0,1
map_aggregate,CoPy_R,9,SS_vs_ar,-0.0030009824211858493,1297860,f4d62ad7513e0a9d,True,location-k4-fold1-seed0,1
map_aggregate,CoPy_R,10,MSE,0.0922546924732117,1297860,f4d62ad7513e0a9d,True,location-k4-fold1-seed0,1
map_aggregate,CoPy_R,10,MAE,0.23364952595166544,1297860,f4d62ad7513e0a9d,True,location-k4-fold1-seed0,1
map_aggregate,CoPy_R,10,SS_vs_persistence,0.43110818228062586,1297860,f4d62ad7513e0a9d,True,location-k4-fold1-seed0,1
map_aggregate,CoPy_R,10,SS_vs_seasonal,0.4596019075658154,1297860,f4d62ad7513e0a9d,True,location-k4-fold1-seed0,1
map_aggregate,CoPy_R,10,SS_vs_ar,-0.005071607497172836,1297860,f4d62ad7513e0a9d,True,location-k4-fold1-seed0,1
map_aggregate,CoPy_R,11,MSE,0.09274757840294791,1297860,f4d62ad7513e0a9d,True,location-k4-fold1-seed0,1
map_aggregate,CoPy_R,11,MAE,0.23464431691330076,1297860,f4d62ad7513e0a9d,True,location-k4-fold1-seed0,1
map_aggregate,CoPy_R,11,SS_vs_persistence,0.4452921538415834,1297860,f4d62ad7513e0a9d,True,location-k4-fold1-seed0,1
map_aggregate,CoPy_R,11,SS_vs_seasonal,0.46146158765268075,1297860,f4d62ad7513e0a9d,True,location-k4-fold1-seed0,1
map_aggregate,CoPy_R,11,SS_vs_ar,-0.00506389662002471,1297860,f4d62ad7513e0a9d,True,location-k4-fold1-seed0,1
map_aggregate,CoPy_R,12,MSE,0.09347560179258342,1297860,f4d62ad7513e0a9d,True,location-k4-fold1-seed0,1
map_aggregate,CoPy_R,12,MAE,0.2356352688393125,1297860,f4d62ad7513e0a9d,True,location-k4-fold1-seed0,1
map_aggregate,CoPy_R,12,SS_vs_persistence,0.4378515864680338,1297860,f4d62ad7513e0a9d,True,location-k4-fold1-seed0,1
map_aggregate,CoPy_R,12,SS_vs_seasonal,0.4554773732520705,1297860,f4d62ad7513e0a9d,True,location-k4-fold1-seed0,1
map_aggregate,CoPy_R,12,SS_vs_ar,-0.012563909318307864,1297860,f4d62ad7513e0a9d,True,location-k4-fold1-seed0,1
map_aggregate,CoPy_R,13,MSE,0.09352673571874531,1297860,f4d62ad7513e0a9d,True,location-k4-fold1-seed0,1
map_aggregate,CoPy_R,13,MAE,0.2361958294750918,1297860,f4d62ad7513e0a9d,True,location-k4-fold1-seed0,1
map_aggregate,CoPy_R,13,SS_vs_persistence,0.43820983275353875,1297860,f4d62ad7513e0a9d,True,location-k4-fold1-seed0,1
map_aggregate,CoPy_R,13,SS_vs_seasonal,0.45131132782778227,1297860,f4d62ad7513e0a9d,True,location-k4-fold1-seed0,1
map_aggregate,CoPy_R,13,SS_vs_ar,-0.010404239050374686,1297860,f4d62ad7513e0a9d,True,location-k4-fold1-seed0,1
map_aggregate,CoPy_R,14,MSE,0.09353095874003295,1297860,f4d62ad7513e0a9d,True,location-k4-fold1-seed0,1
map_aggregate,CoPy_R,14,MAE,0.23591615547532568,1297860,f4d62ad7513e0a9d,True,location-k4-fold1-seed0,1
map_aggregate,CoPy_R,14,SS_vs_persistence,0.42416788461314503,1297860,f4d62ad7513e0a9d,True,location-k4-fold1-seed0,1
map_aggregate,CoPy_R,14,SS_vs_seasonal,0.4487533133862047,1297860,f4d62ad7513e0a9d,True,location-k4-fold1-seed0,1
map_aggregate,CoPy_R,14,SS_vs_ar,-0.008374026165907544,1297860,f4d62ad7513e0a9d,True,location-k4-fold1-seed0,1
map_aggregate,CoPy_R,15,MSE,0.09492444597395973,1297860,f4d62ad7513e0a9d,True,location-k4-fold1-seed0,1
map_aggregate,CoPy_R,15,MAE,0.23754758862902756,1297860,f4d62ad7513e0a9d,True,location-k4-fold1-seed0,1
map_aggregate,CoPy_R,15,SS_vs_persistence,0.4053869052976614,1297860,f4d62ad7513e0a9d,True,location-k4-fold1-seed0,1
map_aggregate,CoPy_R,15,SS_vs_seasonal,0.43567136197351974,1297860,f4d62ad7513e0a9d,True,location-k4-fold1-seed0,1
map_aggregate,CoPy_R,15,SS_vs_ar,-0.019027335573823523,1297860,f4d62ad7513e0a9d,True,location-k4-fold1-seed0,1
map_aggregate,CoPy_R,16,MSE,0.09520100311892794,1297860,f4d62ad7513e0a9d,True,location-k4-fold1-seed0,1
map_aggregate,CoPy_R,16,MAE,0.2386357197762122,1297860,f4d62ad7513e0a9d,True,location-k4-fold1-seed0,1
map_aggregate,CoPy_R,16,SS_vs_persistence,0.41555652347586247,1297860,f4d62ad7513e0a9d,True,location-k4-fold1-seed0,1
map_aggregate,CoPy_R,16,SS_vs_seasonal,0.43532124637796843,1297860,f4d62ad7513e0a9d,True,location-k4-fold1-seed0,1
map_aggregate,CoPy_R,16,SS_vs_ar,-0.012553963339585916,1297860,f4d62ad7513e0a9d,True,location-k4-fold1-seed0,1
map_aggregate,CoPy_R,17,MSE,0.09550687508523018,1297860,f4d62ad7513e0a9d,True,location-k4-fold1-seed0,1
map_aggregate,CoPy_R,17,MAE,0.23835504910683647,1297860,f4d62ad7513e0a9d,True,location-k4-fold1-seed0,1
map_aggregate,CoPy_R,17,SS_vs_persistence,0.4228366563546827,1297860,f4d62ad7513e0a9d,True,location-k4-fold1-seed0,1
map_aggregate,CoPy_R,17,SS_vs_seasonal,0.43540818223907707,1297860,f4d62ad7513e0a9d,True,location-k4-fold1-seed0,1
map_aggregate,CoPy_R,17,SS_vs_ar,-0.009827275674984426,1297860,f4d62ad7513e0a9d,True,location-k4-fold1-seed0,1
map_aggregate,CoPy_R,18,MSE,0.09664446882358944,1297860,f4d62ad7513e0a9d,True,location-k4-fold1-seed0,1
map_aggregate,CoPy_R,18,MAE,0.23984729243396236,1297860,f4d62ad7513e0a9d,True,location-k4-fold1-seed0,1
map_aggregate,CoPy_R,18,SS_vs_persistence,0.43206602555385387,1297860,f4d62ad7513e0a9d,True,location-k4-fold1-seed0,1
map_aggregate,CoPy_R,18,SS_vs_seasonal,0.43259943974098714,1297860,f4d62ad7513e0a9d,True,location-k4-fold1-seed0,1
map_aggregate,CoPy_R,18,SS_vs_ar,-0.013942927043115283,1297860,f4d62ad7513e0a9d,True,location-k4-fold1-seed0,1
map_aggregate,CoPy_R,19,MSE,0.09647151367286441,1297860,f4d62ad7513e0a9d,True,location-k4-fold1-seed0,1
map_aggregate,CoPy_R,19,MAE,0.24009895831821768,1297860,f4d62ad7513e0a9d,True,location-k4-fold1-seed0,1
map_aggregate,CoPy_R,19,SS_vs_persistence,0.4373080444699555,1297860,f4d62ad7513e0a9d,True,location-k4-fold1-seed0,1
map_aggregate,CoPy_R,19,SS_vs_seasonal,0.45187103153496044,1297860,f4d62ad7513e0a9d,True,location-k4-fold1-seed0,1
map_aggregate,CoPy_R,19,SS_vs_ar,-0.008539792401130342,1297860,f4d62ad7513e0a9d,True,location-k4-fold1-seed0,1
map_aggregate,CoPy_R,20,MSE,0.097396867402111,1297860,f4d62ad7513e0a9d,True,location-k4-fold1-seed0,1
map_aggregate,CoPy_R,20,MAE,0.24271129782875425,1297860,f4d62ad7513e0a9d,True,location-k4-fold1-seed0,1
map_aggregate,CoPy_R,20,SS_vs_persistence,0.4294340258835765,1297860,f4d62ad7513e0a9d,True,location-k4-fold1-seed0,1
map_aggregate,CoPy_R,20,SS_vs_seasonal,0.445566759629471,1297860,f4d62ad7513e0a9d,True,location-k4-fold1-seed0,1
map_aggregate,CoPy_R,20,SS_vs_ar,-0.018501341256488946,1297860,f4d62ad7513e0a9d,True,location-k4-fold1-seed0,1
map_aggregate,CoPy_R,21,MSE,0.09713109736379502,1297860,f4d62ad7513e0a9d,True,location-k4-fold1-seed0,1
map_aggregate,CoPy_R,21,MAE,0.24195833237775494,1297860,f4d62ad7513e0a9d,True,location-k4-fold1-seed0,1
map_aggregate,CoPy_R,21,SS_vs_persistence,0.4378956302926682,1297860,f4d62ad7513e0a9d,True,location-k4-fold1-seed0,1
map_aggregate,CoPy_R,21,SS_vs_seasonal,0.44861005239449436,1297860,f4d62ad7513e0a9d,True,location-k4-fold1-seed0,1
map_aggregate,CoPy_R,21,SS_vs_ar,-0.01490392910945637,1297860,f4d62ad7513e0a9d,True,location-k4-fold1-seed0,1
map_aggregate,CoPy_R,22,MSE,0.09715162733183311,1297860,f4d62ad7513e0a9d,True,location-k4-fold1-seed0,1
map_aggregate,CoPy_R,22,MAE,0.24208951287046132,1297860,f4d62ad7513e0a9d,True,location-k4-fold1-seed0,1
map_aggregate,CoPy_R,22,SS_vs_persistence,0.43310230217751133,1297860,f4d62ad7513e0a9d,True,location-k4-fold1-seed0,1
map_aggregate,CoPy_R,22,SS_vs_seasonal,0.4497768335419038,1297860,f4d62ad7513e0a9d,True,location-k4-fold1-seed0,1
map_aggregate,CoPy_R,22,SS_vs_ar,-0.013956331191693039,1297860,f4d62ad7513e0a9d,True,location-k4-fold1-seed0,1
map_aggregate,CoPy_R,23,MSE,0.09745004176334443,1297860,f4d62ad7513e0a9d,True,location-k4-fold1-seed0,1
map_aggregate,CoPy_R,23,MAE,0.24251384840269488,1297860,f4d62ad7513e0a9d,True,location-k4-fold1-seed0,1
map_aggregate,CoPy_R,23,SS_vs_persistence,0.4237372795346863,1297860,f4d62ad7513e0a9d,True,location-k4-fold1-seed0,1
map_aggregate,CoPy_R,23,SS_vs_seasonal,0.44324195353971063,1297860,f4d62ad7513e0a9d,True,location-k4-fold1-seed0,1
map_aggregate,CoPy_R,23,SS_vs_ar,-0.01415477012831734,1297860,f4d62ad7513e0a9d,True,location-k4-fold1-seed0,1
map_aggregate,CoPy_R,24,MSE,0.09844182785693836,1297860,f4d62ad7513e0a9d,True,location-k4-fold1-seed0,1
map_aggregate,CoPy_R,24,MAE,0.24398748016101982,1297860,f4d62ad7513e0a9d,True,location-k4-fold1-seed0,1
map_aggregate,CoPy_R,24,SS_vs_persistence,0.418645773134699,1297860,f4d62ad7513e0a9d,True,location-k4-fold1-seed0,1
map_aggregate,CoPy_R,24,SS_vs_seasonal,0.4346504661617383,1297860,f4d62ad7513e0a9d,True,location-k4-fold1-seed0,1
map_aggregate,CoPy_R,24,SS_vs_ar,-0.02240275276150383,1297860,f4d62ad7513e0a9d,True,location-k4-fold1-seed0,1
map_aggregate,CoPy_R,25,MSE,0.09852764899504189,1297860,f4d62ad7513e0a9d,True,location-k4-fold1-seed0,1
map_aggregate,CoPy_R,25,MAE,0.24434095144413434,1297860,f4d62ad7513e0a9d,True,location-k4-fold1-seed0,1
map_aggregate,CoPy_R,25,SS_vs_persistence,0.4280645425911517,1297860,f4d62ad7513e0a9d,True,location-k4-fold1-seed0,1
map_aggregate,CoPy_R,25,SS_vs_seasonal,0.4363978738635059,1297860,f4d62ad7513e0a9d,True,location-k4-fold1-seed0,1
map_aggregate,CoPy_R,25,SS_vs_ar,-0.01736473125162208,1297860,f4d62ad7513e0a9d,True,location-k4-fold1-seed0,1
map_aggregate,CoPy_R,26,MSE,0.09882021649839132,1297860,f4d62ad7513e0a9d,True,location-k4-fold1-seed0,1
map_aggregate,CoPy_R,26,MAE,0.24467117188584603,1297860,f4d62ad7513e0a9d,True,location-k4-fold1-seed0,1
map_aggregate,CoPy_R,26,SS_vs_persistence,0.43800135675787355,1297860,f4d62ad7513e0a9d,True,location-k4-fold1-seed0,1
map_aggregate,CoPy_R,26,SS_vs_seasonal,0.4357100871497743,1297860,f4d62ad7513e0a9d,True,location-k4-fold1-seed0,1
map_aggregate,CoPy_R,26,SS_vs_ar,-0.01660595585979796,1297860,f4d62ad7513e0a9d,True,location-k4-fold1-seed0,1
map_aggregate,CoPy_R,27,MSE,0.0980731088831702,1297860,f4d62ad7513e0a9d,True,location-k4-fold1-seed0,1
map_aggregate,CoPy_R,27,MAE,0.24373304176086183,1297860,f4d62ad7513e0a9d,True,location-k4-fold1-seed0,1
map_aggregate,CoPy_R,27,SS_vs_persistence,0.4415268160311522,1297860,f4d62ad7513e0a9d,True,location-k4-fold1-seed0,1
map_aggregate,CoPy_R,27,SS_vs_seasonal,0.44135184417107354,1297860,f4d62ad7513e0a9d,True,location-k4-fold1-seed0,1
map_aggregate,CoPy_R,27,SS_vs_ar,-0.007683954568331375,1297860,f4d62ad7513e0a9d,True,location-k4-fold1-seed0,1
map_aggregate,CoPy_R,28,MSE,0.098945718759386,1297860,f4d62ad7513e0a9d,True,location-k4-fold1-seed0,1
map_aggregate,CoPy_R,28,MAE,0.24477461937323555,1297860,f4d62ad7513e0a9d,True,location-k4-fold1-seed0,1
map_aggregate,CoPy_R,28,SS_vs_persistence,0.4386215595682892,1297860,f4d62ad7513e0a9d,True,location-k4-fold1-seed0,1
map_aggregate,CoPy_R,28,SS_vs_seasonal,0.44955776122276336,1297860,f4d62ad7513e0a9d,True,location-k4-fold1-seed0,1
map_aggregate,CoPy_R,28,SS_vs_ar,-0.016277796614991402,1297860,f4d62ad7513e0a9d,True,location-k4-fold1-seed0,1
map_aggregate,CoPy_R,29,MSE,0.09839292649721539,1297860,f4d62ad7513e0a9d,True,location-k4-fold1-seed0,1
map_aggregate,CoPy_R,29,MAE,0.24404604412342562,1297860,f4d62ad7513e0a9d,True,location-k4-fold1-seed0,1
map_aggregate,CoPy_R,29,SS_vs_persistence,0.4313778988735647,1297860,f4d62ad7513e0a9d,True,location-k4-fold1-seed0,1
map_aggregate,CoPy_R,29,SS_vs_seasonal,0.4480180303683118,1297860,f4d62ad7513e0a9d,True,location-k4-fold1-seed0,1
map_aggregate,CoPy_R,29,SS_vs_ar,-0.010079900023230559,1297860,f4d62ad7513e0a9d,True,location-k4-fold1-seed0,1
map_aggregate,CoPy_R,30,MSE,0.09899807538348582,1297860,f4d62ad7513e0a9d,True,location-k4-fold1-seed0,1
map_aggregate,CoPy_R,30,MAE,0.24486042566139865,1297860,f4d62ad7513e0a9d,True,location-k4-fold1-seed0,1
map_aggregate,CoPy_R,30,SS_vs_persistence,0.4177411415313561,1297860,f4d62ad7513e0a9d,True,location-k4-fold1-seed0,1
map_aggregate,CoPy_R,30,SS_vs_seasonal,0.4421963127464317,1297860,f4d62ad7513e0a9d,True,location-k4-fold1-seed0,1
map_aggregate,CoPy_R,30,SS_vs_ar,-0.014754875663463007,1297860,f4d62ad7513e0a9d,True,location-k4-fold1-seed0,1
map_aggregate,CoPy_R,all,MSE,0.09377422235902644,1297860,f4d62ad7513e0a9d,True,location-k4-fold1-seed0,1
map_aggregate,CoPy_R,all,MAE,0.2366440234482868,1297860,f4d62ad7513e0a9d,True,location-k4-fold1-seed0,1
map_aggregate,CoPy_R,all,SS_vs_persistence,0.4268546017035558,1297860,f4d62ad7513e0a9d,True,location-k4-fold1-seed0,1
map_aggregate,CoPy_R,all,SS_vs_seasonal,0.4450775558915583,1297860,f4d62ad7513e0a9d,True,location-k4-fold1-seed0,1
map_aggregate,CoPy_R,all,SS_vs_ar,-0.009776566594909664,1297860,f4d62ad7513e0a9d,True,location-k4-fold1-seed0,1
persistence,F_R,1,MSE,111800.2342799106,1286610,46c1dc5661c5fdc8,True,location-k4-fold2-seed0,2
persistence,F_R,1,MAE,183.8192572081684,1286610,46c1dc5661c5fdc8,True,location-k4-fold2-seed0,2
persistence,F_R,1,SS_vs_persistence,0.0,1286610,46c1dc5661c5fdc8,True,location-k4-fold2-seed0,2
persistence,F_R,1,SS_vs_seasonal,0.20922352496746532,1286610,46c1dc5661c5fdc8,True,location-k4-fold2-seed0,2
persistence,F_R,1,SS_vs_ar,-0.28292102760209037,1286610,46c1dc5661c5fdc8,True,location-k4-fold2-seed0,2
persistence,F_R,2,MSE,131026.12461079903,1286610,46c1dc5661c5fdc8,True,location-k4-fold2-seed0,2
persistence,F_R,2,MAE,199.86877663134916,1286610,46c1dc5661c5fdc8,True,location-k4-fold2-seed0,2
persistence,F_R,2,SS_vs_persistence,0.0,1286610,46c1dc5661c5fdc8,True,location-k4-fold2-seed0,2
persistence,F_R,2,SS_vs_seasonal,0.08957575349450342,1286610,46c1dc5661c5fdc8,True,location-k4-fold2-seed0,2
persistence,F_R,2,SS_vs_ar,-0.3280240626553874,1286610,46c1dc5661c5fdc8,True,location-k4-fold2-seed0,2
persistence,F_R,3,MSE,137739.3570097214,1286610,46c1dc5661c5fdc8,True,location-k4-fold2-seed0,2
persistence,F_R,3,MAE,202.38839834322974,1286610,46c1dc5661c5fdc8,True,location-k4-fold2-seed0,2
persistence,F_R,3,SS_vs_persistence,0.0,1286610,46c1dc5661c5fdc8,True,location-k4-fold2-seed0,2
persistence,F_R,3,SS_vs_seasonal,0.07025024950158298,1286610,46c1dc5661c5fdc8,True,location-k4-fold2-seed0,2
persistence,F_R,3,SS_vs_ar,-0.3195346761059783,1286610,46c1dc5661c5fdc8,True,location-k4-fold2-seed0,2
persistence,F_R,4,MSE,138073.2017959278,1286610,46c1dc5661c5fdc8,True,location-k4-fold2-seed0,2
persistence,F_R,4,MAE,201.67636478064813,1286610,46c1dc5661c5fdc8,True,location-k4-fold2-seed0,2
persistence,F_R,4,SS_vs_persistence,0.0,1286610,46c1dc5661c5fdc8,True,location-k4-fold2-seed0,2
persistence,F_R,4,SS_vs_seasonal,0.09131432955841023,1286610,46c1dc5661c5fdc8,True,location-k4-fold2-seed0,2
persistence,F_R,4,SS_vs_ar,-0.276787584087842,1286610,46c1dc5661c5fdc8,True,location-k4-fold2-seed0,2
persistence,F_R,5,MSE,143534.55144563795,1286610,46c1dc5661c5fdc8,True,location-k4-fold2-seed0,2
persistence,F_R,5,MAE,209.0124629385799,1286610,46c1dc5661c5fdc8,True,location-k4-fold2-seed0,2
persistence,F_R,5,SS_vs_persistence,0.0,1286610,46c1dc5661c5fdc8,True,location-k4-fold2-seed0,2
persistence,F_R,5,SS_vs_seasonal,0.05590562362200979,1286610,46c1dc5661c5fdc8,True,location-k4-fold2-seed0,2
persistence,F_R,5,SS_vs_ar,-0.2857232083550656,1286610,46c1dc5661c5fdc8,True,location-k4-fold2-seed0,2
persistence,F_R,6,MSE,140164.90529923918,1286610,46c1dc5661c5fdc8,True,location-k4-fold2-seed0,2
persistence,F_R,6,MAE,205.43622562658302,1286610,46c1dc5661c5fdc8,True,location-k4-fold2-seed0,2
persistence,F_R,6,SS_vs_persistence,0.0,1286610,46c1dc5661c5fdc8,True,location-k4-fold2-seed0,2
persistence,F_R,6,SS_vs_seasonal,0.07071323587454348,1286610,46c1dc5661c5fdc8,True,location-k4-fold2-seed0,2
persistence,F_R,6,SS_vs_ar,-0.22736413798599808,1286610,46c1dc5661c5fdc8,True,location-k4-fold2-seed0,2
persistence,F_R,7,MSE,144397.88056281686,1286610,46c1dc5661c5fdc8,True,location-k4-fold2-seed0,2
persistence,F_R,7,MAE,209.44189819731577,1286610,46c1dc5661c5fdc8,True,location-k4-fold2-seed0,2
persistence,F_R,7,SS_vs_persistence,0.0,1286610,46c1dc5661c5fdc8,True,location-k4-fold2-seed0,2
persistence,F_R,7,SS_vs_seasonal,0.05562556405206376,1286610,46c1dc5661c5fdc8,True,location-k4-fold2-seed0,2
persistence,F_R,7,SS_vs_ar,-0.21765951173445064,1286610,46c1dc5661c5fdc8,True,location-k4-fold2-seed0,2
persistence,F_R,8,MSE,148466.57549941435,1286610,46c1dc5661c5fdc8,True,location-k4-fold2-seed0,2
persistence,F_R,8,MAE,210.73111689221093,1286610,46c1dc5661c5fdc8,True,location-k4-fold2-seed0,2
persistence,F_R,8,SS_vs_persistence,0.0,1286610,46c1dc5661c5fdc8,True,location-k4-fold2-seed0,2
persistence,F_R,8,SS_vs_seasonal,0.022601065444803004,1286610,46c1dc5661c5fdc8,True,location-k4-fold2-seed0,2
persistence,F_R,8,SS_vs_ar,-0.21754361563820246,1286610,46c1dc5661c5fdc8,True,location-k4-fold2-seed0,2
persistence,F_R,9,MSE,147789.12772180256,1286610,46c1dc5661c5fdc8,True,location-k4-fold2-seed0,2
persistence,F_R,9,MAE,210.93538240868628,1286610,46c1dc5661c5fdc8,True,location-k4-fold2-seed0,2
persistence,F_R,9,SS_vs_persistence,0.0,1286610,46c1dc5661c5fdc8,True,location-k4-fold2-seed0,2
persistence,F_R,9,SS_vs_seasonal,0.0034691581908474767,1286610,46c1dc5661c5fdc8,True,location-k4-fold2-seed0,2
persistence,F_R,9,SS_vs_ar,-0.19269285464553998,1286610,46c1dc5661c5fdc8,True,location-k4-fold2-seed0,2
persistence,F_R,10,MSE,148695.48142258328,1286610,46c1dc5661c5fdc8,True,location-k4-fold2-seed0,2
persistence,F_R,10,MAE,210.91748676481947,1286610,46c1dc5661c5fdc8,True,location-k4-fold2-seed0,2
persistence,F_R,10,SS_vs_persistence,0.0,1286610,46c1dc5661c5fdc8,True,location-k4-fold2-seed0,2
persistence,F_R,10,SS_vs_seasonal,0.025277473414619278,1286610,46c1dc5661c5fdc8,True,location-k4-fold2-seed0,2
persistence,F_R,10,SS_vs_ar,-0.17237239571798346,1286610,46c1dc5661c5fdc8,True,location-k4-fold2-seed0,2
persistence,F_R,11,MSE,152663.84994261994,1286610,46c1dc5661c5fdc8,True,location-k4-fold2-seed0,2
persistence,F_R,11,MAE,215.98700455398233,1286610,46c1dc5661c5fdc8,True,location-k4-fold2-seed0,2
persistence,F_R,11,SS_vs_persistence,0.0,1286610,46c1dc5661c5fdc8,True,location-k4-fold2-seed0,2
persistence,F_R,11,SS_vs_seasonal,0.019191738855387164,1286610,46c1dc5661c5fdc8,True,location-k4-fold2-seed0,2
persistence,F_R,11,SS_vs_ar,-0.17194201205666215,1286610,46c1dc5661c5fdc8,True,location-k4-fold2-seed0,2
persistence,F_R,12,MSE,153896.87094814723,1286610,46c1dc5661c5fdc8,True,location-k4-fold2-seed0,2
persistence,F_R,12,MAE,219.45364983943998,1286610,46c1dc5661c5fdc8,True,location-k4-fold2-seed0,2
persistence,F_R,12,SS_vs_persistence,0.0,1286610,46c1dc5661c5fdc8,True,location-k4-fold2-seed0,2
persistence,F_R,12,SS_vs_seasonal,0.026759160334236087,1286610,46c1dc5661c5fdc8,True,location-k4-fold2-seed0,2
persistence,F_R,12,SS_vs_ar,-0.16426694379390616,1286610,46c1dc5661c5fdc8,True,location-k4-fold2-seed0,2
persistence,F_R,13,MSE,155548.9962285719,1286610,46c1dc5661c5fdc8,True,location-k4-fold2-seed0,2
persistence,F_R,13,MAE,219.17051598828206,1286610,46c1dc5661c5fdc8,True,location-k4-fold2-seed0,2
persistence,F_R,13,SS_vs_persistence,0.0,1286610,46c1dc5661c5fdc8,True,location-k4-fold2-seed0,2
persistence,F_R,13,SS_vs_seasonal,0.030634531795641684,1286610,46c1dc5661c5fdc8,True,location-k4-fold2-seed0,2
persistence,F_R,13,SS_vs_ar,-0.1583593346745531,1286610,46c1dc5661c5fdc8,True,location-k4-fold2-seed0,2
persistence,F_R,14,MSE,157825.4561637657,1286610,46c1dc5661c5fdc8,True,location-k4-fold2-seed0,2
persistence,F_R,14,MAE,217.94659084688578,1286610,46c1dc5661c5fdc8,True,location-k4-fold2-seed0,2
persistence,F_R,14,SS_vs_persistence,0.0,1286610,46c1dc5661c5fdc8,True,location-k4-fold2-seed0,2
persistence,F_R,14,SS_vs_seasonal,0.019140514937850406,1286610,46c1dc5661c5fdc8,True,location-k4-fold2-seed0,2
persistence,F_R,14,SS_vs_ar,-0.1550886570835126,1286610,46c1dc5661c5fdc8,True,location-k4-fold2-seed0,2
persistence,F_R,15,MSE,160566.48030897338,1286610,46c1dc5661c5fdc8,True,location-k4-fold2-seed0,2
persistence,F_R,15,MAE,222.49150499696148,1286610,46c1dc5661c5fdc8,True,location-k4-fold2-seed0,2
persistence,F_R,15,SS_vs_persistence,0.0,1286610,46c1dc5661c5fdc8,True,location-k4-fold2-seed0,2
persistence,F_R,15,SS_vs_seasonal,0.005701012632799207,1286610,46c1dc5661c5fdc8,True,location-k4-fold2-seed0,2
persistence,F_R,15,SS_vs_ar,-0.15535314711859138,1286610,46c1dc5661c5fdc8,True,location-k4-fold2-seed0,2
persistence,F_R,16,MSE,165238.19981318325,1286610,46c1dc5661c5fdc8,True,location-k4-fold2-seed0,2
persistence,F_R,16,MAE,225.92721350333616,1286610,46c1dc5661c5fdc8,True,location-k4-fold2-seed0,2
persistence,F_R,16,SS_vs_persistence,0.0,1286610,46c1dc5661c5fdc8,True,location-k4-fold2-seed0,2
persistence,F_R,16,SS_vs_seasonal,0.00991722994209121,1286610,46c1dc5661c5fdc8,True,location-k4-fold2-seed0,2
persistence,F_R,16,SS_vs_ar,-0.12923538114574318,1286610,46c1dc5661c5fdc8,True,location-k4-fold2-seed0,2
persistence,F_R,17,MSE,164459.92872828056,1286610,46c1dc5661c5fdc8,True,location-k4-fold2-seed0,2
persistence,F_R,17,MAE,225.37114553602527,1286610,46c1dc5661c5fdc8,True,location-k4-fold2-seed0,2
persistence,F_R,17,SS_vs_persistence,0.0,1286610,46c1dc5661c5fdc8,True,location-k4-fold2-seed0,2
persistence,F_R,17,SS_vs_seasonal,0.0179961168696412,1286610,46c1dc5661c5fdc8,True,location-k4-fold2-seed0,2
persistence,F_R,17,SS_vs_ar,-0.11115841108864566,1286610,46c1dc5661c5fdc8,True,location-k4-fold2-seed0,2
persistence,F_R,18,MSE,165390.8733041835,1286610,46c1dc5661c5fdc8,True,location-k4-fold2-seed0,2
persistence,F_R,18,MAE,223.78100077583971,1286610,46c1dc5661c5fdc8,True,location-k4-fold2-seed0,2
persistence,F_R,18,SS_vs_persistence,0.0,1286610,46c1dc5661c5fdc8,True,location-k4-fold2-seed0,2
persistence,F_R,18,SS_vs_seasonal,0.007629644261659463,1286610,46c1dc5661c5fdc8,True,location-k4-fold2-seed0,2
persistence,F_R,18,SS_vs_ar,-0.08562046853100602,1286610,46c1dc5661c5fdc8,True,location-k4-fold2-seed0,2
persistence,F_R,19,MSE,167073.02484181014,1286610,46c1dc5661c5fdc8,True,location-k4-fold2-seed0,2
persistence,F_R,19,MAE,226.6658776010395,1286610,46c1dc5661c5fdc8,True,location-k4-fold2-seed0,2
persistence,F_R,19,SS_vs_persistence,0.0,1286610,46c1dc5661c5fdc8,True,location-k4-fold2-seed0,2
persistence,F_R,19,SS_vs_seasonal,0.03160564103643981,1286610,46c1dc5661c5fdc8,True,location-k4-fold2-seed0,2
persistence,F_R,19,SS_vs_ar,-0.08202101588040334,1286610,46c1dc5661c5fdc8,True,location-k4-fold2-seed0,2
persistence,F_R,20,MSE,171286.36023764734,1286610,46c1dc5661c5fdc8,True,location-k4-fold2-seed0,2
persistence,F_R,20,MAE,230.52547215511476,1286610,46c1dc5661c5fdc8,True,location-k4-fold2-seed0,2
persistence,F_R,20,SS_vs_persistence,0.0,1286610,46c1dc5661c5fdc8,True,location-k4-fold2-seed0,2
persistence,F_R,20,SS_vs_seasonal,0.01023678379223203,1286610,46c1dc5661c5fdc8,True,location-k4-fold2-seed0,2
persistence,F_R,20,SS_vs_ar,-0.09821358636303446,1286610,46c1dc5661c5fdc8,True,location-k4-fold2-seed0,2
persistence,F_R,21,MSE,171117.93221642255,1286610,46c1dc5661c5fdc8,True,location-k4-fold2-seed0,2
persistence,F_R,21,MAE,230.44367708172422,1286610,46c1dc5661c5fdc8,True,location-k4-fold2-seed0,2
persistence,F_R,21,SS_vs_persistence,0.0,1286610,46c1dc5661c5fdc8,True,location-k4-fold2-seed0,2
persistence,F_R,21,SS_vs_seasonal,0.0199292630157607,1286610,46c1dc5661c5fdc8,True,location-k4-fold2-seed0,2
persistence,F_R,21,SS_vs_ar,-0.09025996224409738,1286610,46c1dc5661c5fdc8,True,location-k4-fold2-seed0,2
persistence,F_R,22,MSE,167809.80439759465,1286610,46c1dc5661c5fdc8,True,location-k4-fold2-seed0,2
persistence,F_R,22,MAE,228.5901501283533,1286610,46c1dc5661c5fdc8,True,location-k4-fold2-seed0,2
persistence,F_R,22,SS_vs_persistence,0.0,1286610,46c1dc5661c5fdc8,True,location-k4-fold2-seed0,2
persistence,F_R,22,SS_vs_seasonal,0.047429004291708265,1286610,46c1dc5661c5fdc8,True,location-k4-fold2-seed0,2
persistence,F_R,22,SS_vs_ar,-0.0578868165935047,1286610,46c1dc5661c5fdc8,True,location-k4-fold2-seed0,2
persistence,F_R,23,MSE,168852.3034887337,1286610,46c1dc5661c5fdc8,True,location-k4-fold2-seed0,2
persistence,F_R,23,MAE,228.41575637608534,1286610,46c1dc5661c5fdc8,True,location-k4-fold2-seed0,2
persistence,F_R,23,SS_vs_persistence,0.0,1286610,46c1dc5661c5fdc8,True,location-k4-fold2-seed0,2
persistence,F_R,23,SS_vs_seasonal,0.055965953276032376,1286610,46c1dc5661c5fdc8,True,location-k4-fold2-seed0,2
persistence,F_R,23,SS_vs_ar,-0.05559625461416795,1286610,46c1dc5661c5fdc8,True,location-k4-fold2-seed0,2
persistence,F_R,24,MSE,164877.66604989077,1286610,46c1dc5661c5fdc8,True,location-k4-fold2-seed0,2
persistence,F_R,24,MAE,228.52110691823498,1286610,46c1dc5661c5fdc8,True,location-k4-fold2-seed0,2
persistence,F_R,24,SS_vs_persistence,0.0,1286610,46c1dc5661c5fdc8,True,location-k4-fold2-seed0,2
persistence,F_R,24,SS_vs_seasonal,0.06641028218079359,1286610,46c1dc5661c5fdc8,True,location-k4-fold2-seed0,2
persistence,F_R,24,SS_vs_ar,-0.03162064109020557,1286610,46c1dc5661c5fdc8,True,location-k4-fold2-seed0,2
persistence,F_R,25,MSE,163323.84288423724,1286610,46c1dc5661c5fdc8,True,location-k4-fold2-seed0,2
persistence,F_R,25,MAE,228.56514236244192,1286610,46c1dc5661c5fdc8,True,location-k4-fold2-seed0,2
persistence,F_R,25,SS_vs_persistence,0.0,1286610,46c1dc5661c5fdc8,True,location-k4-fold2-seed0,2
persistence,F_R,25,SS_vs_seasonal,0.06607129268874301,1286610,46c1dc5661c5fdc8,True,location-k4-fold2-seed0,2
persistence,F_R,25,SS_vs_ar,-0.02654574024041856,1286610,46c1dc5661c5fdc8,True,location-k4-fold2-seed0,2
persistence,F_R,26,MSE,165851.11412631156,1286610,46c1dc5661c5fdc8,True,location-k4-fold2-seed0,2
persistence,F_R,26,MAE,230.72553730520212,1286610,46c1dc5661c5fdc8,True,location-k4-fold2-seed0,2
persistence,F_R,26,SS_vs_persistence,0.0,1286610,46c1dc5661c5fdc8,True,location-k4-fold2-seed0,2
persistence,F_R,26,SS_vs_seasonal,0.053420191773455694,1286610,46c1dc5661c5fdc8,True,location-k4-fold2-seed0,2
persistence,F_R,26,SS_vs_ar,-0.028907676019513495,1286610,46c1dc5661c5fdc8,True,location-k4-fold2-seed0,2
persistence,F_R,27,MSE,171621.90783336962,1286610,46c1dc5661c5fdc8,True,location-k4-fold2-seed0,2
persistence,F_R,27,MAE,234.0133429936064,1286610,46c1dc5661c5fdc8,True,location-k4-fold2-seed0,2
persistence,F_R,27,SS_vs_persistence,0.0,1286610,46c1dc5661c5fdc8,True,location-k4-fold2-seed0,2
persistence,F_R,27,SS_vs_seasonal,0.007497276356190352,1286610,46c1dc5661c5fdc8,True,location-k4-fold2-seed0,2
persistence,F_R,27,SS_vs_ar,-0.052296811083841765,1286610,46c1dc5661c5fdc8,True,location-k4-fold2-seed0,2
persistence,F_R,28,MSE,169773.65792794805,1286610,46c1dc5661c5fdc8,True,location-k4-fold2-seed0,2
persistence,F_R,28,MAE,229.9807511679949,1286610,46c1dc5661c5fdc8,True,location-k4-fold2-seed0,2
persistence,F_R,28,SS_vs_persistence,0.0,1286610,46c1dc5661c5fdc8,True,location-k4-fold2-seed0,2
persistence,F_R,28,SS_vs_seasonal,0.01893946301124827,1286610,46c1dc5661c5fdc8,True,location-k4-fold2-seed0,2
persistence,F_R,28,SS_vs_ar,-0.031280958367090994,1286610,46c1dc5661c5fdc8,True,location-k4-fold2-seed0,2
persistence,F_R,29,MSE,170294.38820863146,1286610,46c1dc5661c5fdc8,True,location-k4-fold2-seed0,2
persistence,F_R,29,MAE,233.2813528433915,1286610,46c1dc5661c5fdc8,True,location-k4-fold2-seed0,2
persistence,F_R,29,SS_vs_persistence,0.0,1286610,46c1dc5661c5fdc8,True,location-k4-fold2-seed0,2
persistence,F_R,29,SS_vs_seasonal,0.015280051763659208,1286610,46c1dc5661c5fdc8,True,location-k4-fold2-seed0,2
persistence,F_R,29,SS_vs_ar,-0.02568327101674628,1286610,46c1dc5661c5fdc8,True,location-k4-fold2-seed0,2
persistence,F_R,30,MSE,169190.88663086234,1286610,46c1dc5661c5fdc8,True,location-k4-fold2-seed0,2
persistence,F_R,30,MAE,233.99323463995864,1286610,46c1dc5661c5fdc8,True,location-k4-fold2-seed0,2
persistence,F_R,30,SS_vs_persistence,0.0,1286610,46c1dc5661c5fdc8,True,location-k4-fold2-seed0,2
persistence,F_R,30,SS_vs_seasonal,0.02347373873023806,1286610,46c1dc5661c5fdc8,True,location-k4-fold2-seed0,2
persistence,F_R,30,SS_vs_ar,-0.009339869195025052,1286610,46c1dc5661c5fdc8,True,location-k4-fold2-seed0,2
persistence,F_R,all,MSE,156278.3661318564,1286610,46c1dc5661c5fdc8,True,location-k4-fold2-seed0,2
persistence,F_R,all,MAE,219.26924658018305,1286610,46c1dc5661c5fdc8,True,location-k4-fold2-seed0,2
persistence,F_R,all,SS_vs_persistence,0.0,1286610,46c1dc5661c5fdc8,True,location-k4-fold2-seed0,2
persistence,F_R,all,SS_vs_seasonal,0.04038342837412179,1286610,46c1dc5661c5fdc8,True,location-k4-fold2-seed0,2
persistence,F_R,all,SS_vs_ar,-0.1265010218191256,1286610,46c1dc5661c5fdc8,True,location-k4-fold2-seed0,2
persistence,CoPx_R,1,MSE,0.19236380183743368,1286610,46c1dc5661c5fdc8,True,location-k4-fold2-seed0,2
persistence,CoPx_R,1,MAE,0.2566856797453144,1286610,46c1dc5661c5fdc8,True,location-k4-fold2-seed0,2
persistence,CoPx_R,1,SS_vs_persistence,5.198508290504833e-12,1286610,46c1dc5661c5fdc8,True,location-k4-fold2-seed0,2
persistence,CoPx_R,1,SS_vs_seasonal,0.08183077492754631,1286610,46c1dc5661c5fdc8,True,location-k4-fold2-seed0,2
persistence,CoPx_R,1,SS_vs_ar,-0.7339691708992162,1286610,46c1dc5661c5fdc8,True,location-k4-fold2-seed0,2
persistence,CoPx_R,2,MSE,0.21352088472135625,1286610,46c1dc5661c5fdc8,True,location-k4-fold2-seed0,2
persistence,CoPx_R,2,MAE,0.2813513280097145,1286610,46c1dc5661c5fdc8,True,location-k4-fold2-seed0,2
persistence,CoPx_R,2,SS_vs_persistence,4.68336480707876e-12,1286610,46c1dc5661c5fdc8,True,location-k4-fold2-seed0,2
persistence,CoPx_R,2,SS_vs_seasonal,-0.008625070241113697,1286610,46c1dc5661c5fdc8,True,location-k4-fold2-seed0,2
persistence,CoPx_R,2,SS_vs_ar,-0.8881219991426257,1286610,46c1dc5661c5fdc8,True,location-k4-fold2-seed0,2
persistence,CoPx_R,3,MSE,0.21011542625065197,1286610,46c1dc5661c5fdc8,True,location-k4-fold2-seed0,2
persistence,CoPx_R,3,MAE,0.27776300518329905,1286610,46c1dc5661c5fdc8,True,location-k4-fold2-seed0,2
persistence,CoPx_R,3,SS_vs_persistence,4.759304061963121e-12,1286610,46c1dc5661c5fdc8,True,location-k4-fold2-seed0,2
persistence,CoPx_R,3,SS_vs_seasonal,0.010610025935201994,1286610,46c1dc5661c5fdc8,True,location-k4-fold2-seed0,2
persistence,CoPx_R,3,SS_vs_ar,-0.8608383749527857,1286610,46c1dc5661c5fdc8,True,location-k4-fold2-seed0,2
persistence,CoPx_R,4,MSE,0.20361348376634622,1286610,46c1dc5661c5fdc8,True,location-k4-fold2-seed0,2
persistence,CoPx_R,4,MAE,0.2745867111411548,1286610,46c1dc5661c5fdc8,True,location-k4-fold2-seed0,2
persistence,CoPx_R,4,SS_vs_persistence,4.911293594034305e-12,1286610,46c1dc5661c5fdc8,True,location-k4-fold2-seed0,2
persistence,CoPx_R,4,SS_vs_seasonal,0.029334070764900022,1286610,46c1dc5661c5fdc8,True,location-k4-fold2-seed0,2
persistence,CoPx_R,4,SS_vs_ar,-0.8071612214323112,1286610,46c1dc5661c5fdc8,True,location-k4-fold2-seed0,2
persistence,CoPx_R,5,MSE,0.2098602287778716,1286610,46c1dc5661c5fdc8,True,location-k4-fold2-seed0,2
persistence,CoPx_R,5,MAE,0.2822332663370192,1286610,46c1dc5661c5fdc8,True,location-k4-fold2-seed0,2
persistence,CoPx_R,5,SS_vs_persistence,4.765077221691172e-12,1286610,46c1dc5661c5fdc8,True,location-k4-fold2-seed0,2
persistence,CoPx_R,5,SS_vs_seasonal,0.003996802548845491,1286610,46c1dc5661c5fdc8,True,location-k4-fold2-seed0,2
persistence,CoPx_R,5,SS_vs_ar,-0.8523450317624759,1286610,46c1dc5661c5fdc8,True,location-k4-fold2-seed0,2
persistence,CoPx_R,6,MSE,0.2119952582087112,1286610,46c1dc5661c5fdc8,True,location-k4-fold2-seed0,2
persistence,CoPx_R,6,MAE,0.28230155126901857,1286610,46c1dc5661c5fdc8,True,location-k4-fold2-seed0,2
persistence,CoPx_R,6,SS_vs_persistence,4.717115587027365e-12,1286610,46c1dc5661c5fdc8,True,location-k4-fold2-seed0,2
persistence,CoPx_R,6,SS_vs_seasonal,-0.008079872969319668,1286610,46c1dc5661c5fdc8,True,location-k4-fold2-seed0,2
persistence,CoPx_R,6,SS_vs_ar,-0.867846277140855,1286610,46c1dc5661c5fdc8,True,location-k4-fold2-seed0,2
persistence,CoPx_R,7,MSE,0.21283572569621495,1286610,46c1dc5661c5fdc8,True,location-k4-fold2-seed0,2
persistence,CoPx_R,7,MAE,0.2839729209335493,1286610,46c1dc5661c5fdc8,True,location-k4-fold2-seed0,2
persistence,CoPx_R,7,SS_vs_persistence,4.6984638402136625e-12,1286610,46c1dc5661c5fdc8,True,location-k4-fold2-seed0,2
persistence,CoPx_R,7,SS_vs_seasonal,-0.01436712698446585,1286610,46c1dc5661c5fdc8,True,location-k4-fold2-seed0,2
persistence,CoPx_R,7,SS_vs_ar,-0.8709897514608271,1286610,46c1dc5661c5fdc8,True,location-k4-fold2-seed0,2
persistence,CoPx_R,8,MSE,0.2065338845142205,1286610,46c1dc5661c5fdc8,True,location-k4-fold2-seed0,2
persistence,CoPx_R,8,MAE,0.27844413807631463,1286610,46c1dc5661c5fdc8,True,location-k4-fold2-seed0,2
persistence,CoPx_R,8,SS_vs_persistence,4.84179363269277e-12,1286610,46c1dc5661c5fdc8,True,location-k4-fold2-seed0,2
persistence,CoPx_R,8,SS_vs_seasonal,0.014536857573795414,1286610,46c1dc5661c5fdc8,True,location-k4-fold2-seed0,2
persistence,CoPx_R,8,SS_vs_ar,-0.8105729294203627,1286610,46c1dc5661c5fdc8,True,location-k4-fold2-seed0,2
persistence,CoPx_R,9,MSE,0.20948206113461063,1286610,46c1dc5661c5fdc8,True,location-k4-fold2-seed0,2
persistence,CoPx_R,9,MAE,0.27997796667127767,1286610,46c1dc5661c5fdc8,True,location-k4-fold2-seed0,2
persistence,CoPx_R,9,SS_vs_persistence,4.773736961283248e-12,1286610,46c1dc5661c5fdc8,True,location-k4-fold2-seed0,2
persistence,CoPx_R,9,SS_vs_seasonal,-0.0005675511070060146,1286610,46c1dc5661c5fdc8,True,location-k4-fold2-seed0,2
persistence,CoPx_R,9,SS_vs_ar,-0.8258933557031434,1286610,46c1dc5661c5fdc8,True,location-k4-fold2-seed0,2
persistence,CoPx_R,10,MSE,0.21000835073743265,1286610,46c1dc5661c5fdc8,True,location-k4-fold2-seed0,2
persistence,CoPx_R,10,MAE,0.2782857195313237,1286610,46c1dc5661c5fdc8,True,location-k4-fold2-seed0,2
persistence,CoPx_R,10,SS_vs_persistence,4.761746552617296e-12,1286610,46c1dc5661c5fdc8,True,location-k4-fold2-seed0,2
persistence,CoPx_R,10,SS_vs_seasonal,0.007910064624653712,1286610,46c1dc5661c5fdc8,True,location-k4-fold2-seed0,2
persistence,CoPx_R,10,SS_vs_ar,-0.8214483043023344,1286610,46c1dc5661c5fdc8,True,location-k4-fold2-seed0,2
persistence,CoPx_R,11,MSE,0.21953103822878095,1286610,46c1dc5661c5fdc8,True,location-k4-fold2-seed0,2
persistence,CoPx_R,11,MAE,0.2869906651425627,1286610,46c1dc5661c5fdc8,True,location-k4-fold2-seed0,2
persistence,CoPx_R,11,SS_vs_persistence,4.555245070037017e-12,1286610,46c1dc5661c5fdc8,True,location-k4-fold2-seed0,2
persistence,CoPx_R,11,SS_vs_seasonal,-0.027009548949499917,1286610,46c1dc5661c5fdc8,True,location-k4-fold2-seed0,2
persistence,CoPx_R,11,SS_vs_ar,-0.8948731578033027,1286610,46c1dc5661c5fdc8,True,location-k4-fold2-seed0,2
persistence,CoPx_R,12,MSE,0.22269855546125428,1286610,46c1dc5661c5fdc8,True,location-k4-fold2-seed0,2
persistence,CoPx_R,12,MAE,0.2924343440745771,1286610,46c1dc5661c5fdc8,True,location-k4-fold2-seed0,2
persistence,CoPx_R,12,SS_vs_persistence,4.490408045398908e-12,1286610,46c1dc5661c5fdc8,True,location-k4-fold2-seed0,2
persistence,CoPx_R,12,SS_vs_seasonal,-0.04530401073398416,1286610,46c1dc5661c5fdc8,True,location-k4-fold2-seed0,2
persistence,CoPx_R,12,SS_vs_ar,-0.9281395413233282,1286610,46c1dc5661c5fdc8,True,location-k4-fold2-seed0,2
persistence,CoPx_R,13,MSE,0.216379177056174,1286610,46c1dc5661c5fdc8,True,location-k4-fold2-seed0,2
persistence,CoPx_R,13,MAE,0.2868096370545082,1286610,46c1dc5661c5fdc8,True,location-k4-fold2-seed0,2
persistence,CoPx_R,13,SS_vs_persistence,4.621525384607139e-12,1286610,46c1dc5661c5fdc8,True,location-k4-fold2-seed0,2
persistence,CoPx_R,13,SS_vs_seasonal,-0.01275480890607028,1286610,46c1dc5661c5fdc8,True,location-k4-fold2-seed0,2
persistence,CoPx_R,13,SS_vs_ar,-0.8696957138915768,1286610,46c1dc5661c5fdc8,True,location-k4-fold2-seed0,2
persistence,CoPx_R,14,MSE,0.20819065375307613,1286610,46c1dc5661c5fdc8,True,location-k4-fold2-seed0,2
persistence,CoPx_R,14,MAE,0.28020361284529627,1286610,46c1dc5661c5fdc8,True,location-k4-fold2-seed0,2
persistence,CoPx_R,14,SS_vs_persistence,4.803268893738277e-12,1286610,46c1dc5661c5fdc8,True,location-k4-fold2-seed0,2
persistence,CoPx_R,14,SS_vs_seasonal,0.02382139021725216,1286610,46c1dc5661c5fdc8,True,location-k4-fold2-seed0,2
persistence,CoPx_R,14,SS_vs_ar,-0.8005188605233071,1286610,46c1dc5661c5fdc8,True,location-k4-fold2-seed0,2
persistence,CoPx_R,15,MSE,0.21785947430326594,1286610,46c1dc5661c5fdc8,True,location-k4-fold2-seed0,2
persistence,CoPx_R,15,MAE,0.2892579547627679,1286610,46c1dc5661c5fdc8,True,location-k4-fold2-seed0,2
persistence,CoPx_R,15,SS_vs_persistence,4.590106073010247e-12,1286610,46c1dc5661c5fdc8,True,location-k4-fold2-seed0,2
persistence,CoPx_R,15,SS_vs_seasonal,-0.018317272675024254,1286610,46c1dc5661c5fdc8,True,location-k4-fold2-seed0,2
persistence,CoPx_R,15,SS_vs_ar,-0.8775686973286005,1286610,46c1dc5661c5fdc8,True,location-k4-fold2-seed0,2
persistence,CoPx_R,16,MSE,0.2226794424427481,1286610,46c1dc5661c5fdc8,True,location-k4-fold2-seed0,2
persistence,CoPx_R,16,MAE,0.29420935371900003,1286610,46c1dc5661c5fdc8,True,location-k4-fold2-seed0,2
persistence,CoPx_R,16,SS_vs_persistence,4.490741112306296e-12,1286610,46c1dc5661c5fdc8,True,location-k4-fold2-seed0,2
persistence,CoPx_R,16,SS_vs_seasonal,-0.04601555065077423,1286610,46c1dc5661c5fdc8,True,location-k4-fold2-seed0,2
persistence,CoPx_R,16,SS_vs_ar,-0.9261220523108176,1286610,46c1dc5661c5fdc8,True,location-k4-fold2-seed0,2
persistence,CoPx_R,17,MSE,0.21619512806134028,1286610,46c1dc5661c5fdc8,True,location-k4-fold2-seed0,2
persistence,CoPx_R,17,MAE,0.28735504232232356,1286610,46c1dc5661c5fdc8,True,location-k4-fold2-seed0,2
persistence,CoPx_R,17,SS_vs_persistence,4.62552218749579e-12,1286610,46c1dc5661c5fdc8,True,location-k4-fold2-seed0,2
persistence,CoPx_R,17,SS_vs_seasonal,-0.016798844035528226,1286610,46c1dc5661c5fdc8,True,location-k4-fold2-seed0,2
persistence,CoPx_R,17,SS_vs_ar,-0.8715495302385621,1286610,46c1dc5661c5fdc8,True,location-k4-fold2-seed0,2
persistence,CoPx_R,18,MSE,0.2130668058962739,1286610,46c1dc5661c5fdc8,True,location-k4-fold2-seed0,2
persistence,CoPx_R,18,MAE,0.2843737876192063,1286610,46c1dc5661c5fdc8,True,location-k4-fold2-seed0,2
persistence,CoPx_R,18,SS_vs_persistence,4.693356814300387e-12,1286610,46c1dc5661c5fdc8,True,location-k4-fold2-seed0,2
persistence,CoPx_R,18,SS_vs_seasonal,-0.0006343122437035831,1286610,46c1dc5661c5fdc8,True,location-k4-fold2-seed0,2
persistence,CoPx_R,18,SS_vs_ar,-0.838802167656195,1286610,46c1dc5661c5fdc8,True,location-k4-fold2-seed0,2
persistence,CoPx_R,19,MSE,0.21752838775339384,1286610,46c1dc5661c5fdc8,True,location-k4-fold2-seed0,2
persistence,CoPx_R,19,MAE,0.28947194909828505,1286610,46c1dc5661c5fdc8,True,location-k4-fold2-seed0,2
persistence,CoPx_R,19,SS_vs_persistence,4.597100478065386e-12,1286610,46c1dc5661c5fdc8,True,location-k4-fold2-seed0,2
persistence,CoPx_R,19,SS_vs_seasonal,-0.002038396044115487,1286610,46c1dc5661c5fdc8,True,location-k4-fold2-seed0,2
persistence,CoPx_R,19,SS_vs_ar,-0.8767174623362535,1286610,46c1dc5661c5fdc8,True,location-k4-fold2-seed0,2
persistence,CoPx_R,20,MSE,0.22456389368325327,1286610,46c1dc5661c5fdc8,True,location-k4-fold2-seed0,2
persistence,CoPx_R,20,MAE,0.29444991457430475,1286610,46c1dc5661c5fdc8,True,location-k4-fold2-seed0,2
persistence,CoPx_R,20,SS_vs_persistence,4.453104551771503e-12,1286610,46c1dc5661c5fdc8,True,location-k4-fold2-seed0,2
persistence,CoPx_R,20,SS_vs_seasonal,-0.034759457266684946,1286610,46c1dc5661c5fdc8,True,location-k4-fold2-seed0,2
persistence,CoPx_R,20,SS_vs_ar,-0.9362457927297105,1286610,46c1dc5661c5fdc8,True,location-k4-fold2-seed0,2
persistence,CoPx_R,21,MSE,0.22368965151511452,1286610,46c1dc5661c5fdc8,True,location-k4-fold2-seed0,2
persistence,CoPx_R,21,MAE,0.29191428714507694,1286610,46c1dc5661c5fdc8,True,location-k4-fold2-seed0,2
persistence,CoPx_R,21,SS_vs_persistence,4.470535053258118e-12,1286610,46c1dc5661c5fdc8,True,location-k4-fold2-seed0,2
persistence,CoPx_R,21,SS_vs_seasonal,-0.03322490289541613,1286610,46c1dc5661c5fdc8,True,location-k4-fold2-seed0,2
persistence,CoPx_R,21,SS_vs_ar,-0.9306108391205645,1286610,46c1dc5661c5fdc8,True,location-k4-fold2-seed0,2
persistence,CoPx_R,22,MSE,0.2177981626816153,1286610,46c1dc5661c5fdc8,True,location-k4-fold2-seed0,2
persistence,CoPx_R,22,MAE,0.2865793625178979,1286610,46c1dc5661c5fdc8,True,location-k4-fold2-seed0,2
persistence,CoPx_R,22,SS_vs_persistence,4.591438340639797e-12,1286610,46c1dc5661c5fdc8,True,location-k4-fold2-seed0,2
persistence,CoPx_R,22,SS_vs_seasonal,-0.0064205345354155785,1286610,46c1dc5661c5fdc8,True,location-k4-fold2-seed0,2
persistence,CoPx_R,22,SS_vs_ar,-0.88617792151932,1286610,46c1dc5661c5fdc8,True,location-k4-fold2-seed0,2
persistence,CoPx_R,23,MSE,0.21576854693177647,1286610,46c1dc5661c5fdc8,True,location-k4-fold2-seed0,2
persistence,CoPx_R,23,MAE,0.28827180400010455,1286610,46c1dc5661c5fdc8,True,location-k4-fold2-seed0,2
persistence,CoPx_R,23,SS_vs_persistence,4.634626016297716e-12,1286610,46c1dc5661c5fdc8,True,location-k4-fold2-seed0,2
persistence,CoPx_R,23,SS_vs_seasonal,0.0036129933588585628,1286610,46c1dc5661c5fdc8,True,location-k4-fold2-seed0,2
persistence,CoPx_R,23,SS_vs_ar,-0.8609629200242204,1286610,46c1dc5661c5fdc8,True,location-k4-fold2-seed0,2
persistence,CoPx_R,24,MSE,0.21590044018174473,1286610,46c1dc5661c5fdc8,True,location-k4-fold2-seed0,2
persistence,CoPx_R,24,MAE,0.2889774384389171,1286610,46c1dc5661c5fdc8,True,location-k4-fold2-seed0,2
persistence,CoPx_R,24,SS_vs_persistence,4.6317394364336906e-12,1286610,46c1dc5661c5fdc8,True,location-k4-fold2-seed0,2
persistence,CoPx_R,24,SS_vs_seasonal,0.004048930332469558,1286610,46c1dc5661c5fdc8,True,location-k4-fold2-seed0,2
persistence,CoPx_R,24,SS_vs_ar,-0.8651684551107373,1286610,46c1dc5661c5fdc8,True,location-k4-fold2-seed0,2
persistence,CoPx_R,25,MSE,0.2187310660890863,1286610,46c1dc5661c5fdc8,True,location-k4-fold2-seed0,2
persistence,CoPx_R,25,MAE,0.2908559187665633,1286610,46c1dc5661c5fdc8,True,location-k4-fold2-seed0,2
persistence,CoPx_R,25,SS_vs_persistence,4.571898415406395e-12,1286610,46c1dc5661c5fdc8,True,location-k4-fold2-seed0,2
persistence,CoPx_R,25,SS_vs_seasonal,-0.011341025396697235,1286610,46c1dc5661c5fdc8,True,location-k4-fold2-seed0,2
persistence,CoPx_R,25,SS_vs_ar,-0.8900042468118432,1286610,46c1dc5661c5fdc8,True,location-k4-fold2-seed0,2
persistence,CoPx_R,26,MSE,0.2213935344433107,1286610,46c1dc5661c5fdc8,True,location-k4-fold2-seed0,2
persistence,CoPx_R,26,MAE,0.2940484452837478,1286610,46c1dc5661c5fdc8,True,location-k4-fold2-seed0,2
persistence,CoPx_R,26,SS_vs_persistence,4.516831353384987e-12,1286610,46c1dc5661c5fdc8,True,location-k4-fold2-seed0,2
persistence,CoPx_R,26,SS_vs_seasonal,-0.018311753921855134,1286610,46c1dc5661c5fdc8,True,location-k4-fold2-seed0,2
persistence,CoPx_R,26,SS_vs_ar,-0.9151588845023131,1286610,46c1dc5661c5fdc8,True,location-k4-fold2-seed0,2
persistence,CoPx_R,27,MSE,0.21659474130382436,1286610,46c1dc5661c5fdc8,True,location-k4-fold2-seed0,2
persistence,CoPx_R,27,MAE,0.2919152085430018,1286610,46c1dc5661c5fdc8,True,location-k4-fold2-seed0,2
persistence,CoPx_R,27,SS_vs_persistence,4.616973470206176e-12,1286610,46c1dc5661c5fdc8,True,location-k4-fold2-seed0,2
persistence,CoPx_R,27,SS_vs_seasonal,0.0006602179018486698,1286610,46c1dc5661c5fdc8,True,location-k4-fold2-seed0,2
persistence,CoPx_R,27,SS_vs_ar,-0.8849386581430898,1286610,46c1dc5661c5fdc8,True,location-k4-fold2-seed0,2
persistence,CoPx_R,28,MSE,0.2146966516056558,1286610,46c1dc5661c5fdc8,True,location-k4-fold2-seed0,2
persistence,CoPx_R,28,MAE,0.28787454697608744,1286610,46c1dc5661c5fdc8,True,location-k4-fold2-seed0,2
persistence,CoPx_R,28,SS_vs_persistence,4.657718655209919e-12,1286610,46c1dc5661c5fdc8,True,location-k4-fold2-seed0,2
persistence,CoPx_R,28,SS_vs_seasonal,-0.016704971849863748,1286610,46c1dc5661c5fdc8,True,location-k4-fold2-seed0,2
persistence,CoPx_R,28,SS_vs_ar,-0.8620941355633001,1286610,46c1dc5661c5fdc8,True,location-k4-fold2-seed0,2
persistence,CoPx_R,29,MSE,0.221101832500895,1286610,46c1dc5661c5fdc8,True,location-k4-fold2-seed0,2
persistence,CoPx_R,29,MAE,0.2930460182323301,1286610,46c1dc5661c5fdc8,True,location-k4-fold2-seed0,2
persistence,CoPx_R,29,SS_vs_persistence,4.522826557717963e-12,1286610,46c1dc5661c5fdc8,True,location-k4-fold2-seed0,2
persistence,CoPx_R,29,SS_vs_seasonal,-0.04263328518594145,1286610,46c1dc5661c5fdc8,True,location-k4-fold2-seed0,2
persistence,CoPx_R,29,SS_vs_ar,-0.9094487809280905,1286610,46c1dc5661c5fdc8,True,location-k4-fold2-seed0,2
persistence,CoPx_R,30,MSE,0.22397811911477988,1286610,46c1dc5661c5fdc8,True,location-k4-fold2-seed0,2
persistence,CoPx_R,30,MAE,0.29579987628672155,1286610,46c1dc5661c5fdc8,True,location-k4-fold2-seed0,2
persistence,CoPx_R,30,SS_vs_persistence,4.464761893530067e-12,1286610,46c1dc5661c5fdc8,True,location-k4-fold2-seed0,2
persistence,CoPx_R,30,SS_vs_seasonal,-0.0574744848922597,1286610,46c1dc5661c5fdc8,True,location-k4-fold2-seed0,2
persistence,CoPx_R,30,SS_vs_ar,-0.9423884138076162,1286610,46c1dc5661c5fdc8,True,location-k4-fold2-seed0,2
persistence,CoPx_R,all,MSE,0.21495581362208607,1286610,46c1dc5661c5fdc8,True,location-k4-fold2-seed0,2
persistence,CoPx_R,all,MAE,0.2856813818100422,1286610,46c1dc5661c5fdc8,True,location-k4-fold2-seed0,2
persistence,CoPx_R,all,SS_vs_persistence,4.6521675400867935e-12,1286610,46c1dc5661c5fdc8,True,location-k4-fold2-seed0,2
persistence,CoPx_R,all,SS_vs_seasonal,-0.00812565067387272,1286610,46c1dc5661c5fdc8,True,location-k4-fold2-seed0,2
persistence,CoPx_R,all,SS_vs_ar,-0.8705028796546233,1286610,46c1dc5661c5fdc8,True,location-k4-fold2-seed0,2
persistence,CoPy_R,1,MSE,0.11366753712972724,1286610,46c1dc5661c5fdc8,True,location-k4-fold2-seed0,2
persistence,CoPy_R,1,MAE,0.2286665822908019,1286610,46c1dc5661c5fdc8,True,location-k4-fold2-seed0,2
persistence,CoPy_R,1,SS_vs_persistence,8.797629291734665e-12,1286610,46c1dc5661c5fdc8,True,location-k4-fold2-seed0,2
persistence,CoPy_R,1,SS_vs_seasonal,0.10816843628245154,1286610,46c1dc5661c5fdc8,True,location-k4-fold2-seed0,2
persistence,CoPy_R,1,SS_vs_ar,-0.7237869370025678,1286610,46c1dc5661c5fdc8,True,location-k4-fold2-seed0,2
persistence,CoPy_R,2,MSE,0.13091281424289555,1286610,46c1dc5661c5fdc8,True,location-k4-fold2-seed0,2
persistence,CoPy_R,2,MAE,0.2537142409855702,1286610,46c1dc5661c5fdc8,True,location-k4-fold2-seed0,2
persistence,CoPy_R,2,SS_vs_persistence,7.638667476328465e-12,1286610,46c1dc5661c5fdc8,True,location-k4-fold2-seed0,2
persistence,CoPy_R,2,SS_vs_seasonal,-0.0193589256068456,1286610,46c1dc5661c5fdc8,True,location-k4-fold2-seed0,2
persistence,CoPy_R,2,SS_vs_ar,-0.935368463857635,1286610,46c1dc5661c5fdc8,True,location-k4-fold2-seed0,2
persistence,CoPy_R,3,MSE,0.132824585027909,1286610,46c1dc5661c5fdc8,True,location-k4-fold2-seed0,2
persistence,CoPy_R,3,MAE,0.2544551981413422,1286610,46c1dc5661c5fdc8,True,location-k4-fold2-seed0,2
persistence,CoPy_R,3,SS_vs_persistence,7.528755396890574e-12,1286610,46c1dc5661c5fdc8,True,location-k4-fold2-seed0,2
persistence,CoPy_R,3,SS_vs_seasonal,-0.03208524013232261,1286610,46c1dc5661c5fdc8,True,location-k4-fold2-seed0,2
persistence,CoPy_R,3,SS_vs_ar,-0.961733401913281,1286610,46c1dc5661c5fdc8,True,location-k4-fold2-seed0,2
persistence,CoPy_R,4,MSE,0.1267363569299114,1286610,46c1dc5661c5fdc8,True,location-k4-fold2-seed0,2
persistence,CoPy_R,4,MAE,0.24830598057223596,1286610,46c1dc5661c5fdc8,True,location-k4-fold2-seed0,2
persistence,CoPy_R,4,SS_vs_persistence,7.89046605831345e-12,1286610,46c1dc5661c5fdc8,True,location-k4-fold2-seed0,2
persistence,CoPy_R,4,SS_vs_seasonal,0.009774454182875592,1286610,46c1dc5661c5fdc8,True,location-k4-fold2-seed0,2
persistence,CoPy_R,4,SS_vs_ar,-0.875138639157993,1286610,46c1dc5661c5fdc8,True,location-k4-fold2-seed0,2
persistence,CoPy_R,5,MSE,0.12690124356419794,1286610,46c1dc5661c5fdc8,True,location-k4-fold2-seed0,2
persistence,CoPy_R,5,MAE,0.24978234981027161,1286610,46c1dc5661c5fdc8,True,location-k4-fold2-seed0,2
persistence,CoPy_R,5,SS_vs_persistence,7.880140984184436e-12,1286610,46c1dc5661c5fdc8,True,location-k4-fold2-seed0,2
persistence,CoPy_R,5,SS_vs_seasonal,0.006690990228605975,1286610,46c1dc5661c5fdc8,True,location-k4-fold2-seed0,2
persistence,CoPy_R,5,SS_vs_ar,-0.8759959052578346,1286610,46c1dc5661c5fdc8,True,location-k4-fold2-seed0,2
persistence,CoPy_R,6,MSE,0.12783226728974068,1286610,46c1dc5661c5fdc8,True,location-k4-fold2-seed0,2
persistence,CoPy_R,6,MAE,0.24994760933425264,1286610,46c1dc5661c5fdc8,True,location-k4-fold2-seed0,2
persistence,CoPy_R,6,SS_vs_persistence,7.822742453811315e-12,1286610,46c1dc5661c5fdc8,True,location-k4-fold2-seed0,2
persistence,CoPy_R,6,SS_vs_seasonal,-0.0025986314604351524,1286610,46c1dc5661c5fdc8,True,location-k4-fold2-seed0,2
persistence,CoPy_R,6,SS_vs_ar,-0.8866158740044447,1286610,46c1dc5661c5fdc8,True,location-k4-fold2-seed0,2
persistence,CoPy_R,7,MSE,0.1314655154473934,1286610,46c1dc5661c5fdc8,True,location-k4-fold2-seed0,2
persistence,CoPy_R,7,MAE,0.2571678663481535,1286610,46c1dc5661c5fdc8,True,location-k4-fold2-seed0,2
persistence,CoPy_R,7,SS_vs_persistence,7.606582030916798e-12,1286610,46c1dc5661c5fdc8,True,location-k4-fold2-seed0,2
persistence,CoPy_R,7,SS_vs_seasonal,-0.028990093218675073,1286610,46c1dc5661c5fdc8,True,location-k4-fold2-seed0,2
persistence,CoPy_R,7,SS_vs_ar,-0.9342809103763354,1286610,46c1dc5661c5fdc8,True,location-k4-fold2-seed0,2
persistence,CoPy_R,8,MSE,0.1345614891045349,1286610,46c1dc5661c5fdc8,True,location-k4-fold2-seed0,2
persistence,CoPy_R,8,MAE,0.25839224958783374,1286610,46c1dc5661c5fdc8,True,location-k4-fold2-seed0,2
persistence,CoPy_R,8,SS_vs_persistence,7.431610882235873e-12,1286610,46c1dc5661c5fdc8,True,location-k4-fold2-seed0,2
persistence,CoPy_R,8,SS_vs_seasonal,-0.05443283380152297,1286610,46c1dc5661c5fdc8,True,location-k4-fold2-seed0,2
persistence,CoPy_R,8,SS_vs_ar,-0.9789854076620514,1286610,46c1dc5661c5fdc8,True,location-k4-fold2-seed0,2
persistence,CoPy_R,9,MSE,0.1273974308286703,1286610,46c1dc5661c5fdc8,True,location-k4-fold2-seed0,2
persistence,CoPy_R,9,MAE,0.2504242111182173,1286610,46c1dc5661c5fdc8,True,location-k4-fold2-seed0,2
persistence,CoPy_R,9,SS_vs_persistence,7.849498828704782e-12,1286610,46c1dc5661c5fdc8,True,location-k4-fold2-seed0,2
persistence,CoPy_R,9,SS_vs_seasonal,-0.002945662834130891,1286610,46c1dc5661c5fdc8,True,location-k4-fold2-seed0,2
persistence,CoPy_R,9,SS_vs_ar,-0.8826322894510201,1286610,46c1dc5661c5fdc8,True,location-k4-fold2-seed0,2
persistence,CoPy_R,10,MSE,0.12741081325467168,1286610,46c1dc5661c5fdc8,True,location-k4-fold2-seed0,2
persistence,CoPy_R,10,MAE,0.2528792126977975,1286610,46c1dc5661c5fdc8,True,location-k4-fold2-seed0,2
persistence,CoPy_R,10,SS_vs_persistence,7.848721672587544e-12,1286610,46c1dc5661c5fdc8,True,location-k4-fold2-seed0,2
persistence,CoPy_R,10,SS_vs_seasonal,0.0021899899353019503,1286610,46c1dc5661c5fdc8,True,location-k4-fold2-seed0,2
persistence,CoPy_R,10,SS_vs_ar,-0.8801011920850099,1286610,46c1dc5661c5fdc8,True,location-k4-fold2-seed0,2
persistence,CoPy_R,11,MSE,0.13309422626679238,1286610,46c1dc5661c5fdc8,True,location-k4-fold2-seed0,2
persistence,CoPy_R,11,MAE,0.2590440180891827,1286610,46c1dc5661c5fdc8,True,location-k4-fold2-seed0,2
persistence,CoPy_R,11,SS_vs_persistence,7.51354534145321e-12,1286610,46c1dc5661c5fdc8,True,location-k4-fold2-seed0,2
persistence,CoPy_R,11,SS_vs_seasonal,-0.03609826573881425,1286610,46c1dc5661c5fdc8,True,location-k4-fold2-seed0,2
persistence,CoPy_R,11,SS_vs_ar,-0.9600476518957188,1286610,46c1dc5661c5fdc8,True,location-k4-fold2-seed0,2
persistence,CoPy_R,12,MSE,0.13383828785703394,1286610,46c1dc5661c5fdc8,True,location-k4-fold2-seed0,2
persistence,CoPy_R,12,MAE,0.2595611504734406,1286610,46c1dc5661c5fdc8,True,location-k4-fold2-seed0,2
persistence,CoPy_R,12,SS_vs_persistence,7.471800955727304e-12,1286610,46c1dc5661c5fdc8,True,location-k4-fold2-seed0,2
persistence,CoPy_R,12,SS_vs_seasonal,-0.043341473431116606,1286610,46c1dc5661c5fdc8,True,location-k4-fold2-seed0,2
persistence,CoPy_R,12,SS_vs_ar,-0.9703815727927065,1286610,46c1dc5661c5fdc8,True,location-k4-fold2-seed0,2
persistence,CoPy_R,13,MSE,0.12727213248340588,1286610,46c1dc5661c5fdc8,True,location-k4-fold2-seed0,2
persistence,CoPy_R,13,MAE,0.2523183472167489,1286610,46c1dc5661c5fdc8,True,location-k4-fold2-seed0,2
persistence,CoPy_R,13,SS_vs_persistence,7.857270389877158e-12,1286610,46c1dc5661c5fdc8,True,location-k4-fold2-seed0,2
persistence,CoPy_R,13,SS_vs_seasonal,0.00700374604463172,1286610,46c1dc5661c5fdc8,True,location-k4-fold2-seed0,2
persistence,CoPy_R,13,SS_vs_ar,-0.8749544135201872,1286610,46c1dc5661c5fdc8,True,location-k4-fold2-seed0,2
persistence,CoPy_R,14,MSE,0.1251256619126181,1286610,46c1dc5661c5fdc8,True,location-k4-fold2-seed0,2
persistence,CoPy_R,14,MAE,0.24908626634633493,1286610,46c1dc5661c5fdc8,True,location-k4-fold2-seed0,2
persistence,CoPy_R,14,SS_vs_persistence,7.992051465066652e-12,1286610,46c1dc5661c5fdc8,True,location-k4-fold2-seed0,2
persistence,CoPy_R,14,SS_vs_seasonal,0.019530876368940353,1286610,46c1dc5661c5fdc8,True,location-k4-fold2-seed0,2
persistence,CoPy_R,14,SS_vs_ar,-0.8379534766938739,1286610,46c1dc5661c5fdc8,True,location-k4-fold2-seed0,2
persistence,CoPy_R,15,MSE,0.13234959475400723,1286610,46c1dc5661c5fdc8,True,location-k4-fold2-seed0,2
persistence,CoPy_R,15,MAE,0.25758195388832605,1286610,46c1dc5661c5fdc8,True,location-k4-fold2-seed0,2
persistence,CoPy_R,15,SS_vs_persistence,7.555733816388965e-12,1286610,46c1dc5661c5fdc8,True,location-k4-fold2-seed0,2
persistence,CoPy_R,15,SS_vs_seasonal,-0.032654919981467634,1286610,46c1dc5661c5fdc8,True,location-k4-fold2-seed0,2
persistence,CoPy_R,15,SS_vs_ar,-0.9331707061038625,1286610,46c1dc5661c5fdc8,True,location-k4-fold2-seed0,2
persistence,CoPy_R,16,MSE,0.13588551658183068,1286610,46c1dc5661c5fdc8,True,location-k4-fold2-seed0,2
persistence,CoPy_R,16,MAE,0.26219862224092283,1286610,46c1dc5661c5fdc8,True,location-k4-fold2-seed0,2
persistence,CoPy_R,16,SS_vs_persistence,7.359224341030313e-12,1286610,46c1dc5661c5fdc8,True,location-k4-fold2-seed0,2
persistence,CoPy_R,16,SS_vs_seasonal,-0.05999243666590903,1286610,46c1dc5661c5fdc8,True,location-k4-fold2-seed0,2
persistence,CoPy_R,16,SS_vs_ar,-0.98217226037254,1286610,46c1dc5661c5fdc8,True,location-k4-fold2-seed0,2
persistence,CoPy_R,17,MSE,0.13288036216421503,1286610,46c1dc5661c5fdc8,True,location-k4-fold2-seed0,2
persistence,CoPy_R,17,MAE,0.2583919185085399,1286610,46c1dc5661c5fdc8,True,location-k4-fold2-seed0,2
persistence,CoPy_R,17,SS_vs_persistence,7.525646772421624e-12,1286610,46c1dc5661c5fdc8,True,location-k4-fold2-seed0,2
persistence,CoPy_R,17,SS_vs_seasonal,-0.036565292342584765,1286610,46c1dc5661c5fdc8,True,location-k4-fold2-seed0,2
persistence,CoPy_R,17,SS_vs_ar,-0.9428892262939528,1286610,46c1dc5661c5fdc8,True,location-k4-fold2-seed0,2
persistence,CoPy_R,18,MSE,0.12728425356032413,1286610,46c1dc5661c5fdc8,True,location-k4-fold2-seed0,2
persistence,CoPy_R,18,MAE,0.25228411365391623,1286610,46c1dc5661c5fdc8,True,location-k4-fold2-seed0,2
persistence,CoPy_R,18,SS_vs_persistence,7.85649323375992e-12,1286610,46c1dc5661c5fdc8,True,location-k4-fold2-seed0,2
persistence,CoPy_R,18,SS_vs_seasonal,0.0023851418635889576,1286610,46c1dc5661c5fdc8,True,location-k4-fold2-seed0,2
persistence,CoPy_R,18,SS_vs_ar,-0.8629773674997931,1286610,46c1dc5661c5fdc8,True,location-k4-fold2-seed0,2
persistence,CoPy_R,19,MSE,0.12902298100252627,1286610,46c1dc5661c5fdc8,True,location-k4-fold2-seed0,2
persistence,CoPy_R,19,MAE,0.25589839991327695,1286610,46c1dc5661c5fdc8,True,location-k4-fold2-seed0,2
persistence,CoPy_R,19,SS_vs_persistence,7.75057795721068e-12,1286610,46c1dc5661c5fdc8,True,location-k4-fold2-seed0,2
persistence,CoPy_R,19,SS_vs_seasonal,0.022931935436781736,1286610,46c1dc5661c5fdc8,True,location-k4-fold2-seed0,2
persistence,CoPy_R,19,SS_vs_ar,-0.88421021298694,1286610,46c1dc5661c5fdc8,True,location-k4-fold2-seed0,2
persistence,CoPy_R,20,MSE,0.13661675749540153,1286610,46c1dc5661c5fdc8,True,location-k4-fold2-seed0,2
persistence,CoPy_R,20,MAE,0.2641789923752595,1286610,46c1dc5661c5fdc8,True,location-k4-fold2-seed0,2
persistence,CoPy_R,20,SS_vs_persistence,7.31981142365612e-12,1286610,46c1dc5661c5fdc8,True,location-k4-fold2-seed0,2
persistence,CoPy_R,20,SS_vs_seasonal,-0.030690691546032323,1286610,46c1dc5661c5fdc8,True,location-k4-fold2-seed0,2
persistence,CoPy_R,20,SS_vs_ar,-0.9894308990072973,1286610,46c1dc5661c5fdc8,True,location-k4-fold2-seed0,2
persistence,CoPy_R,21,MSE,0.13845071685135404,1286610,46c1dc5661c5fdc8,True,location-k4-fold2-seed0,2
persistence,CoPy_R,21,MAE,0.2661047555009824,1286610,46c1dc5661c5fdc8,True,location-k4-fold2-seed0,2
persistence,CoPy_R,21,SS_vs_persistence,7.222777931303881e-12,1286610,46c1dc5661c5fdc8,True,location-k4-fold2-seed0,2
persistence,CoPy_R,21,SS_vs_seasonal,-0.05296031308842286,1286610,46c1dc5661c5fdc8,True,location-k4-fold2-seed0,2
persistence,CoPy_R,21,SS_vs_ar,-1.0186865907833034,1286610,46c1dc5661c5fdc8,True,location-k4-fold2-seed0,2
persistence,CoPy_R,22,MSE,0.134546129434759,1286610,46c1dc5661c5fdc8,True,location-k4-fold2-seed0,2
persistence,CoPy_R,22,MAE,0.2605446759779111,1286610,46c1dc5661c5fdc8,True,location-k4-fold2-seed0,2
persistence,CoPy_R,22,SS_vs_persistence,7.43238803835311e-12,1286610,46c1dc5661c5fdc8,True,location-k4-fold2-seed0,2
persistence,CoPy_R,22,SS_vs_seasonal,-0.017988783042550027,1286610,46c1dc5661c5fdc8,True,location-k4-fold2-seed0,2
persistence,CoPy_R,22,SS_vs_ar,-0.9712080976776143,1286610,46c1dc5661c5fdc8,True,location-k4-fold2-seed0,2
persistence,CoPy_R,23,MSE,0.1293362968647889,1286610,46c1dc5661c5fdc8,True,location-k4-fold2-seed0,2
persistence,CoPy_R,23,MAE,0.2533535933572485,1286610,46c1dc5661c5fdc8,True,location-k4-fold2-seed0,2
persistence,CoPy_R,23,SS_vs_persistence,7.731815188094515e-12,1286610,46c1dc5661c5fdc8,True,location-k4-fold2-seed0,2
persistence,CoPy_R,23,SS_vs_seasonal,0.014111158473374408,1286610,46c1dc5661c5fdc8,True,location-k4-fold2-seed0,2
persistence,CoPy_R,23,SS_vs_ar,-0.8987764153174775,1286610,46c1dc5661c5fdc8,True,location-k4-fold2-seed0,2
persistence,CoPy_R,24,MSE,0.13082776918876937,1286610,46c1dc5661c5fdc8,True,location-k4-fold2-seed0,2
persistence,CoPy_R,24,MAE,0.25620455853904794,1286610,46c1dc5661c5fdc8,True,location-k4-fold2-seed0,2
persistence,CoPy_R,24,SS_vs_persistence,7.643663479939278e-12,1286610,46c1dc5661c5fdc8,True,location-k4-fold2-seed0,2
persistence,CoPy_R,24,SS_vs_seasonal,0.0036585651767512273,1286610,46c1dc5661c5fdc8,True,location-k4-fold2-seed0,2
persistence,CoPy_R,24,SS_vs_ar,-0.9166929345795654,1286610,46c1dc5661c5fdc8,True,location-k4-fold2-seed0,2
persistence,CoPy_R,25,MSE,0.13157293227863248,1286610,46c1dc5661c5fdc8,True,location-k4-fold2-seed0,2
persistence,CoPy_R,25,MAE,0.2584964804549263,1286610,46c1dc5661c5fdc8,True,location-k4-fold2-seed0,2
persistence,CoPy_R,25,SS_vs_persistence,7.600364781978897e-12,1286610,46c1dc5661c5fdc8,True,location-k4-fold2-seed0,2
persistence,CoPy_R,25,SS_vs_seasonal,-0.0034551104766573637,1286610,46c1dc5661c5fdc8,True,location-k4-fold2-seed0,2
persistence,CoPy_R,25,SS_vs_ar,-0.9302723465025222,1286610,46c1dc5661c5fdc8,True,location-k4-fold2-seed0,2
persistence,CoPy_R,26,MSE,0.1305959778557556,1286610,46c1dc5661c5fdc8,True,location-k4-fold2-seed0,2
persistence,CoPy_R,26,MAE,0.256483129225928,1286610,46c1dc5661c5fdc8,True,location-k4-fold2-seed0,2
persistence,CoPy_R,26,SS_vs_persistence,7.657208200839705e-12,1286610,46c1dc5661c5fdc8,True,location-k4-fold2-seed0,2
persistence,CoPy_R,26,SS_vs_seasonal,0.0032205322686827964,1286610,46c1dc5661c5fdc8,True,location-k4-fold2-seed0,2
persistence,CoPy_R,26,SS_vs_ar,-0.9164178868479822,1286610,46c1dc5661c5fdc8,True,location-k4-fold2-seed0,2
persistence,CoPy_R,27,MSE,0.1307406693424423,1286610,46c1dc5661c5fdc8,True,location-k4-fold2-seed0,2
persistence,CoPy_R,27,MAE,0.25679209646495355,1286610,46c1dc5661c5fdc8,True,location-k4-fold2-seed0,2
persistence,CoPy_R,27,SS_vs_persistence,7.648770505852553e-12,1286610,46c1dc5661c5fdc8,True,location-k4-fold2-seed0,2
persistence,CoPy_R,27,SS_vs_seasonal,0.0019082107152553762,1286610,46c1dc5661c5fdc8,True,location-k4-fold2-seed0,2
persistence,CoPy_R,27,SS_vs_ar,-0.9189911779031055,1286610,46c1dc5661c5fdc8,True,location-k4-fold2-seed0,2
persistence,CoPy_R,28,MSE,0.13377100884392648,1286610,46c1dc5661c5fdc8,True,location-k4-fold2-seed0,2
persistence,CoPy_R,28,MAE,0.2583190450525087,1286610,46c1dc5661c5fdc8,True,location-k4-fold2-seed0,2
persistence,CoPy_R,28,SS_vs_persistence,7.475464691708567e-12,1286610,46c1dc5661c5fdc8,True,location-k4-fold2-seed0,2
persistence,CoPy_R,28,SS_vs_seasonal,-0.04062921308195322,1286610,46c1dc5661c5fdc8,True,location-k4-fold2-seed0,2
persistence,CoPy_R,28,SS_vs_ar,-0.9582389861752798,1286610,46c1dc5661c5fdc8,True,location-k4-fold2-seed0,2
persistence,CoPy_R,29,MSE,0.1362633189726477,1286610,46c1dc5661c5fdc8,True,location-k4-fold2-seed0,2
persistence,CoPy_R,29,MAE,0.2625657464090339,1286610,46c1dc5661c5fdc8,True,location-k4-fold2-seed0,2
persistence,CoPy_R,29,SS_vs_persistence,7.33879623737721e-12,1286610,46c1dc5661c5fdc8,True,location-k4-fold2-seed0,2
persistence,CoPy_R,29,SS_vs_seasonal,-0.05946565773761758,1286610,46c1dc5661c5fdc8,True,location-k4-fold2-seed0,2
persistence,CoPy_R,29,SS_vs_ar,-0.9951105365719273,1286610,46c1dc5661c5fdc8,True,location-k4-fold2-seed0,2
persistence,CoPy_R,30,MSE,0.13451804831422737,1286610,46c1dc5661c5fdc8,True,location-k4-fold2-seed0,2
persistence,CoPy_R,30,MAE,0.2614192335529553,1286610,46c1dc5661c5fdc8,True,location-k4-fold2-seed0,2
persistence,CoPy_R,30,SS_vs_persistence,7.433942350587586e-12,1286610,46c1dc5661c5fdc8,True,location-k4-fold2-seed0,2
persistence,CoPy_R,30,SS_vs_seasonal,-0.04370807177261615,1286610,46c1dc5661c5fdc8,True,location-k4-fold2-seed0,2
persistence,CoPy_R,30,SS_vs_ar,-0.9698721620191946,1286610,46c1dc5661c5fdc8,True,location-k4-fold2-seed0,2
persistence,CoPy_R,all,MSE,0.13079008982818371,1286610,46c1dc5661c5fdc8,True,location-k4-fold2-seed0,2
persistence,CoPy_R,all,MAE,0.2554854199375978,1286610,46c1dc5661c5fdc8,True,location-k4-fold2-seed0,2
persistence,CoPy_R,all,SS_vs_persistence,7.645883925988528e-12,1286610,46c1dc5661c5fdc8,True,location-k4-fold2-seed0,2
persistence,CoPy_R,all,SS_vs_seasonal,-0.013221352823462817,1286610,46c1dc5661c5fdc8,True,location-k4-fold2-seed0,2
persistence,CoPy_R,all,SS_vs_ar,-0.9225385919593199,1286610,46c1dc5661c5fdc8,True,location-k4-fold2-seed0,2
seasonal,F_R,1,MSE,141380.3240357028,1286610,46c1dc5661c5fdc8,True,location-k4-fold2-seed0,2
seasonal,F_R,1,MAE,204.92795364444282,1286610,46c1dc5661c5fdc8,True,location-k4-fold2-seed0,2
seasonal,F_R,1,SS_vs_persistence,-0.2645798548304783,1286610,46c1dc5661c5fdc8,True,location-k4-fold2-seed0,2
seasonal,F_R,1,SS_vs_seasonal,0.0,1286610,46c1dc5661c5fdc8,True,location-k4-fold2-seed0,2
seasonal,F_R,1,SS_vs_ar,-0.6223560868440194,1286610,46c1dc5661c5fdc8,True,location-k4-fold2-seed0,2
seasonal,F_R,2,MSE,143917.65719522495,1286610,46c1dc5661c5fdc8,True,location-k4-fold2-seed0,2
seasonal,F_R,2,MAE,208.6378024936898,1286610,46c1dc5661c5fdc8,True,location-k4-fold2-seed0,2
seasonal,F_R,2,SS_vs_persistence,-0.09838902449964859,1286610,46c1dc5661c5fdc8,True,location-k4-fold2-seed0,2
seasonal,F_R,2,SS_vs_seasonal,0.0,1286610,46c1dc5661c5fdc8,True,location-k4-fold2-seed0,2
seasonal,F_R,2,SS_vs_ar,-0.45868705469211135,1286610,46c1dc5661c5fdc8,True,location-k4-fold2-seed0,2
seasonal,F_R,3,MSE,148146.69962092763,1286610,46c1dc5661c5fdc8,True,location-k4-fold2-seed0,2
seasonal,F_R,3,MAE,210.51527186223026,1286610,46c1dc5661c5fdc8,True,location-k4-fold2-seed0,2
seasonal,F_R,3,SS_vs_persistence,-0.07555823431404352,1286610,46c1dc5661c5fdc8,True,location-k4-fold2-seed0,2
seasonal,F_R,3,SS_vs_seasonal,0.0,1286610,46c1dc5661c5fdc8,True,location-k4-fold2-seed0,2
seasonal,F_R,3,SS_vs_ar,-0.4192363863486994,1286610,46c1dc5661c5fdc8,True,location-k4-fold2-seed0,2
seasonal,F_R,4,MSE,151948.2548116215,1286610,46c1dc5661c5fdc8,True,location-k4-fold2-seed0,2
seasonal,F_R,4,MAE,210.92355036928438,1286610,46c1dc5661c5fdc8,True,location-k4-fold2-seed0,2
seasonal,F_R,4,SS_vs_persistence,-0.10049055743779323,1286610,46c1dc5661c5fdc8,True,location-k4-fold2-seed0,2
seasonal,F_R,4,SS_vs_seasonal,0.0,1286610,46c1dc5661c5fdc8,True,location-k4-fold2-seed0,2
seasonal,F_R,4,SS_vs_ar,-0.40509268014248256,1286610,46c1dc5661c5fdc8,True,location-k4-fold2-seed0,2
seasonal,F_R,5,MSE,152034.11336513516,1286610,46c1dc5661c5fdc8,True,location-k4-fold2-seed0,2
seasonal,F_R,5,MAE,211.76684770693734,1286610,46c1dc5661c5fdc8,True,location-k4-fold2-seed0,2
seasonal,F_R,5,SS_vs_persistence,-0.059216138789525585,1286610,46c1dc5661c5fdc8,True,location-k4-fold2-seed0,2
seasonal,F_R,5,SS_vs_seasonal,0.0,1286610,46c1dc5661c5fdc8,True,location-k4-fold2-seed0,2
seasonal,F_R,5,SS_vs_ar,-0.36185877230593344,1286610,46c1dc5661c5fdc8,True,location-k4-fold2-seed0,2
seasonal,F_R,6,MSE,150830.62700365385,1286610,46c1dc5661c5fdc8,True,location-k4-fold2-seed0,2
seasonal,F_R,6,MAE,210.4943434825366,1286610,46c1dc5661c5fdc8,True,location-k4-fold2-seed0,2
seasonal,F_R,6,SS_vs_persistence,-0.07609409560577474,1286610,46c1dc5661c5fdc8,True,location-k4-fold2-seed0,2
seasonal,F_R,6,SS_vs_seasonal,0.0,1286610,46c1dc5661c5fdc8,True,location-k4-fold2-seed0,2
seasonal,F_R,6,SS_vs_ar,-0.3207593020450039,1286610,46c1dc5661c5fdc8,True,location-k4-fold2-seed0,2
seasonal,F_R,7,MSE,152903.2077386491,1286610,46c1dc5661c5fdc8,True,location-k4-fold2-seed0,2
seasonal,F_R,7,MAE,212.08905717395788,1286610,46c1dc5661c5fdc8,True,location-k4-fold2-seed0,2
seasonal,F_R,7,SS_vs_persistence,-0.05890202226432395,1286610,46c1dc5661c5fdc8,True,location-k4-fold2-seed0,2
seasonal,F_R,7,SS_vs_seasonal,0.0,1286610,46c1dc5661c5fdc8,True,location-k4-fold2-seed0,2
seasonal,F_R,7,SS_vs_ar,-0.28938211940499925,1286610,46c1dc5661c5fdc8,True,location-k4-fold2-seed0,2
seasonal,F_R,8,MSE,151899.6698794027,1286610,46c1dc5661c5fdc8,True,location-k4-fold2-seed0,2
seasonal,F_R,8,MAE,211.94261350139612,1286610,46c1dc5661c5fdc8,True,location-k4-fold2-seed0,2
seasonal,F_R,8,SS_vs_persistence,-0.023123685371202685,1286610,46c1dc5661c5fdc8,True,location-k4-fold2-seed0,2
seasonal,F_R,8,SS_vs_seasonal,0.0,1286610,46c1dc5661c5fdc8,True,location-k4-fold2-seed0,2
seasonal,F_R,8,SS_vs_ar,-0.24569771113193672,1286610,46c1dc5661c5fdc8,True,location-k4-fold2-seed0,2
seasonal,F_R,9,MSE,148303.6164274642,1286610,46c1dc5661c5fdc8,True,location-k4-fold2-seed0,2
seasonal,F_R,9,MAE,211.1874923433875,1286610,46c1dc5661c5fdc8,True,location-k4-fold2-seed0,2
seasonal,F_R,9,SS_vs_persistence,-0.0034812351462694124,1286610,46c1dc5661c5fdc8,True,location-k4-fold2-seed0,2
seasonal,F_R,9,SS_vs_seasonal,0.0,1286610,46c1dc5661c5fdc8,True,location-k4-fold2-seed0,2
seasonal,F_R,9,SS_vs_ar,-0.19684489892983636,1286610,46c1dc5661c5fdc8,True,location-k4-fold2-seed0,2
seasonal,F_R,10,MSE,152551.60044724616,1286610,46c1dc5661c5fdc8,True,location-k4-fold2-seed0,2
seasonal,F_R,10,MAE,219.17510960284258,1286610,46c1dc5661c5fdc8,True,location-k4-fold2-seed0,2
seasonal,F_R,10,SS_vs_persistence,-0.02593299398052351,1286610,46c1dc5661c5fdc8,True,location-k4-fold2-seed0,2
seasonal,F_R,10,SS_vs_seasonal,0.0,1286610,46c1dc5661c5fdc8,True,location-k4-fold2-seed0,2
seasonal,F_R,10,SS_vs_ar,-0.20277552199906967,1286610,46c1dc5661c5fdc8,True,location-k4-fold2-seed0,2
seasonal,F_R,11,MSE,155651.06452555745,1286610,46c1dc5661c5fdc8,True,location-k4-fold2-seed0,2
seasonal,F_R,11,MAE,220.31873081463533,1286610,46c1dc5661c5fdc8,True,location-k4-fold2-seed0,2
seasonal,F_R,11,SS_vs_persistence,-0.01956726876768977,1286610,46c1dc5661c5fdc8,True,location-k4-fold2-seed0,2
seasonal,F_R,11,SS_vs_seasonal,0.0,1286610,46c1dc5661c5fdc8,True,location-k4-fold2-seed0,2
seasonal,F_R,11,SS_vs_ar,-0.19487371638672202,1286610,46c1dc5661c5fdc8,True,location-k4-fold2-seed0,2
seasonal,F_R,12,MSE,158128.25014720857,1286610,46c1dc5661c5fdc8,True,location-k4-fold2-seed0,2
seasonal,F_R,12,MAE,221.29225512525102,1286610,46c1dc5661c5fdc8,True,location-k4-fold2-seed0,2
seasonal,F_R,12,SS_vs_persistence,-0.027494900792927934,1286610,46c1dc5661c5fdc8,True,location-k4-fold2-seed0,2
seasonal,F_R,12,SS_vs_seasonal,0.0,1286610,46c1dc5661c5fdc8,True,location-k4-fold2-seed0,2
seasonal,F_R,12,SS_vs_ar,-0.19627834791000498,1286610,46c1dc5661c5fdc8,True,location-k4-fold2-seed0,2
seasonal,F_R,13,MSE,160464.75898992884,1286610,46c1dc5661c5fdc8,True,location-k4-fold2-seed0,2
seasonal,F_R,13,MAE,221.76566425650546,1286610,46c1dc5661c5fdc8,True,location-k4-fold2-seed0,2
seasonal,F_R,13,SS_vs_persistence,-0.03160266463007888,1286610,46c1dc5661c5fdc8,True,location-k4-fold2-seed0,2
seasonal,F_R,13,SS_vs_seasonal,0.0,1286610,46c1dc5661c5fdc8,True,location-k4-fold2-seed0,2
seasonal,F_R,13,SS_vs_ar,-0.19496657624939417,1286610,46c1dc5661c5fdc8,True,location-k4-fold2-seed0,2
seasonal,F_R,14,MSE,160905.26580753358,1286610,46c1dc5661c5fdc8,True,location-k4-fold2-seed0,2
seasonal,F_R,14,MAE,221.78726227385155,1286610,46c1dc5661c5fdc8,True,location-k4-fold2-seed0,2
seasonal,F_R,14,SS_vs_persistence,-0.019514023394123114,1286610,46c1dc5661c5fdc8,True,location-k4-fold2-seed0,2
seasonal,F_R,14,SS_vs_seasonal,0.0,1286610,46c1dc5661c5fdc8,True,location-k4-fold2-seed0,2
seasonal,F_R,14,SS_vs_ar,-0.17762908416012668,1286610,46c1dc5661c5fdc8,True,location-k4-fold2-seed0,2
seasonal,F_R,15,MSE,161487.12042253662,1286610,46c1dc5661c5fdc8,True,location-k4-fold2-seed0,2
seasonal,F_R,15,MAE,222.34642755439623,1286610,46c1dc5661c5fdc8,True,location-k4-fold2-seed0,2
seasonal,F_R,15,SS_vs_persistence,-0.005733700531964647,1286610,46c1dc5661c5fdc8,True,location-k4-fold2-seed0,2
seasonal,F_R,15,SS_vs_seasonal,0.0,1286610,46c1dc5661c5fdc8,True,location-k4-fold2-seed0,2
seasonal,F_R,15,SS_vs_ar,-0.16197759607283224,1286610,46c1dc5661c5fdc8,True,location-k4-fold2-seed0,2
seasonal,F_R,16,MSE,166893.31923584396,1286610,46c1dc5661c5fdc8,True,location-k4-fold2-seed0,2
seasonal,F_R,16,MAE,224.4937861836137,1286610,46c1dc5661c5fdc8,True,location-k4-fold2-seed0,2
seasonal,F_R,16,SS_vs_persistence,-0.010016566535655524,1286610,46c1dc5661c5fdc8,True,location-k4-fold2-seed0,2
seasonal,F_R,16,SS_vs_seasonal,0.0,1286610,46c1dc5661c5fdc8,True,location-k4-fold2-seed0,2
seasonal,F_R,16,SS_vs_ar,-0.14054644247540593,1286610,46c1dc5661c5fdc8,True,location-k4-fold2-seed0,2
seasonal,F_R,17,MSE,167473.80693040384,1286610,46c1dc5661c5fdc8,True,location-k4-fold2-seed0,2
seasonal,F_R,17,MAE,225.20557643100437,1286610,46c1dc5661c5fdc8,True,location-k4-fold2-seed0,2
seasonal,F_R,17,SS_vs_persistence,-0.01832591212600354,1286610,46c1dc5661c5fdc8,True,location-k4-fold2-seed0,2
seasonal,F_R,17,SS_vs_seasonal,0.0,1286610,46c1dc5661c5fdc8,True,location-k4-fold2-seed0,2
seasonal,F_R,17,SS_vs_ar,-0.13152140248832578,1286610,46c1dc5661c5fdc8,True,location-k4-fold2-seed0,2
seasonal,F_R,18,MSE,166662.4484980004,1286610,46c1dc5661c5fdc8,True,location-k4-fold2-seed0,2
seasonal,F_R,18,MAE,224.41258988009187,1286610,46c1dc5661c5fdc8,True,location-k4-fold2-seed0,2
seasonal,F_R,18,SS_vs_persistence,-0.0076883032806667195,1286610,46c1dc5661c5fdc8,True,location-k4-fold2-seed0,2
seasonal,F_R,18,SS_vs_seasonal,0.0,1286610,46c1dc5661c5fdc8,True,location-k4-fold2-seed0,2
seasonal,F_R,18,SS_vs_ar,-0.09396704794077193,1286610,46c1dc5661c5fdc8,True,location-k4-fold2-seed0,2
seasonal,F_R,19,MSE,172525.81378171468,1286610,46c1dc5661c5fdc8,True,location-k4-fold2-seed0,2
seasonal,F_R,19,MAE,232.56430696624452,1286610,46c1dc5661c5fdc8,True,location-k4-fold2-seed0,2
seasonal,F_R,19,SS_vs_persistence,-0.03263715938026146,1286610,46c1dc5661c5fdc8,True,location-k4-fold2-seed0,2
seasonal,F_R,19,SS_vs_seasonal,0.0,1286610,46c1dc5661c5fdc8,True,location-k4-fold2-seed0,2
seasonal,F_R,19,SS_vs_ar,-0.11733510822848436,1286610,46c1dc5661c5fdc8,True,location-k4-fold2-seed0,2
seasonal,F_R,20,MSE,173057.91671458867,1286610,46c1dc5661c5fdc8,True,location-k4-fold2-seed0,2
seasonal,F_R,20,MAE,233.34624248069417,1286610,46c1dc5661c5fdc8,True,location-k4-fold2-seed0,2
seasonal,F_R,20,SS_vs_persistence,-0.01034265935993628,1286610,46c1dc5661c5fdc8,True,location-k4-fold2-seed0,2
seasonal,F_R,20,SS_vs_seasonal,0.0,1286610,46c1dc5661c5fdc8,True,location-k4-fold2-seed0,2
seasonal,F_R,20,SS_vs_ar,-0.10957203539124127,1286610,46c1dc5661c5fdc8,True,location-k4-fold2-seed0,2
seasonal,F_R,21,MSE,174597.53236074257,1286610,46c1dc5661c5fdc8,True,location-k4-fold2-seed0,2
seasonal,F_R,21,MAE,233.84502248345763,1286610,46c1dc5661c5fdc8,True,location-k4-fold2-seed0,2
seasonal,F_R,21,SS_vs_persistence,-0.020334514911734436,1286610,46c1dc5661c5fdc8,True,location-k4-fold2-seed0,2
seasonal,F_R,21,SS_vs_seasonal,0.0,1286610,46c1dc5661c5fdc8,True,location-k4-fold2-seed0,2
seasonal,F_R,21,SS_vs_ar,-0.11242986970401714,1286610,46c1dc5661c5fdc8,True,location-k4-fold2-seed0,2
seasonal,F_R,22,MSE,176165.14165730853,1286610,46c1dc5661c5fdc8,True,location-k4-fold2-seed0,2
seasonal,F_R,22,MAE,233.2741334319968,1286610,46c1dc5661c5fdc8,True,location-k4-fold2-seed0,2
seasonal,F_R,22,SS_vs_persistence,-0.04979051903259135,1286610,46c1dc5661c5fdc8,True,location-k4-fold2-seed0,2
seasonal,F_R,22,SS_vs_seasonal,0.0,1286610,46c1dc5661c5fdc8,True,location-k4-fold2-seed0,2
seasonal,F_R,22,SS_vs_ar,-0.11055955026943098,1286610,46c1dc5661c5fdc8,True,location-k4-fold2-seed0,2
seasonal,F_R,23,MSE,178862.51462507428,1286610,46c1dc5661c5fdc8,True,location-k4-fold2-seed0,2
seasonal,F_R,23,MAE,234.56662965799842,1286610,46c1dc5661c5fdc8,True,location-k4-fold2-seed0,2
seasonal,F_R,23,SS_vs_persistence,-0.05928382929646259,1286610,46c1dc5661c5fdc8,True,location-k4-fold2-seed0,2
seasonal,F_R,23,SS_vs_seasonal,0.0,1286610,46c1dc5661c5fdc8,True,location-k4-fold2-seed0,2
seasonal,F_R,23,SS_vs_ar,-0.11817604277869953,1286610,46c1dc5661c5fdc8,True,location-k4-fold2-seed0,2
seasonal,F_R,24,MSE,176606.12890535287,1286610,46c1dc5661c5fdc8,True,location-k4-fold2-seed0,2
seasonal,F_R,24,MAE,234.48807664482027,1286610,46c1dc5661c5fdc8,True,location-k4-fold2-seed0,2
seasonal,F_R,24,SS_vs_persistence,-0.07113433332998031,1286610,46c1dc5661c5fdc8,True,location-k4-fold2-seed0,2
seasonal,F_R,24,SS_vs_seasonal,0.0,1286610,46c1dc5661c5fdc8,True,location-k4-fold2-seed0,2
seasonal,F_R,24,SS_vs_ar,-0.10500428764360437,1286610,46c1dc5661c5fdc8,True,location-k4-fold2-seed0,2
seasonal,F_R,25,MSE,174878.27668820674,1286610,46c1dc5661c5fdc8,True,location-k4-fold2-seed0,2
seasonal,F_R,25,MAE,233.88178880236873,1286610,46c1dc5661c5fdc8,True,location-k4-fold2-seed0,2
seasonal,F_R,25,SS_vs_persistence,-0.07074554210776918,1286610,46c1dc5661c5fdc8,True,location-k4-fold2-seed0,2
seasonal,F_R,25,SS_vs_seasonal,0.0,1286610,46c1dc5661c5fdc8,True,location-k4-fold2-seed0,2
seasonal,F_R,25,SS_vs_ar,-0.09916927513214824,1286610,46c1dc5661c5fdc8,True,location-k4-fold2-seed0,2
seasonal,F_R,26,MSE,175210.9147954892,1286610,46c1dc5661c5fdc8,True,location-k4-fold2-seed0,2
seasonal,F_R,26,MAE,234.18173517989499,1286610,46c1dc5661c5fdc8,True,location-k4-fold2-seed0,2
seasonal,F_R,26,SS_vs_persistence,-0.05643495805550791,1286610,46c1dc5661c5fdc8,True,location-k4-fold2-seed0,2
seasonal,F_R,26,SS_vs_seasonal,0.0,1286610,46c1dc5661c5fdc8,True,location-k4-fold2-seed0,2
seasonal,F_R,26,SS_vs_ar,-0.08697403755866473,1286610,46c1dc5661c5fdc8,True,location-k4-fold2-seed0,2
seasonal,F_R,27,MSE,172918.32429767866,1286610,46c1dc5661c5fdc8,True,location-k4-fold2-seed0,2
seasonal,F_R,27,MAE,234.44304898902203,1286610,46c1dc5661c5fdc8,True,location-k4-fold2-seed0,2
seasonal,F_R,27,SS_vs_persistence,-0.007553910107838568,1286610,46c1dc5661c5fdc8,True,location-k4-fold2-seed0,2
seasonal,F_R,27,SS_vs_seasonal,0.0,1286610,46c1dc5661c5fdc8,True,location-k4-fold2-seed0,2
seasonal,F_R,27,SS_vs_ar,-0.060245766601534356,1286610,46c1dc5661c5fdc8,True,location-k4-fold2-seed0,2
seasonal,F_R,28,MSE,173051.15385544713,1286610,46c1dc5661c5fdc8,True,location-k4-fold2-seed0,2
seasonal,F_R,28,MAE,233.00917357245677,1286610,46c1dc5661c5fdc8,True,location-k4-fold2-seed0,2
seasonal,F_R,28,SS_vs_persistence,-0.019305091069487634,1286610,46c1dc5661c5fdc8,True,location-k4-fold2-seed0,2
seasonal,F_R,28,SS_vs_seasonal,0.0,1286610,46c1dc5661c5fdc8,True,location-k4-fold2-seed0,2
seasonal,F_R,28,SS_vs_ar,-0.051189931186596205,1286610,46c1dc5661c5fdc8,True,location-k4-fold2-seed0,2
seasonal,F_R,29,MSE,172936.87257339832,1286610,46c1dc5661c5fdc8,True,location-k4-fold2-seed0,2
seasonal,F_R,29,MAE,233.87079757856583,1286610,46c1dc5661c5fdc8,True,location-k4-fold2-seed0,2
seasonal,F_R,29,SS_vs_persistence,-0.015517154690555701,1286610,46c1dc5661c5fdc8,True,location-k4-fold2-seed0,2
seasonal,F_R,29,SS_vs_seasonal,0.0,1286610,46c1dc5661c5fdc8,True,location-k4-fold2-seed0,2
seasonal,F_R,29,SS_vs_ar,-0.04159895699662819,1286610,46c1dc5661c5fdc8,True,location-k4-fold2-seed0,2
seasonal,F_R,30,MSE,173257.89724371166,1286610,46c1dc5661c5fdc8,True,location-k4-fold2-seed0,2
seasonal,F_R,30,MAE,233.54629577868695,1286610,46c1dc5661c5fdc8,True,location-k4-fold2-seed0,2
seasonal,F_R,30,SS_vs_persistence,-0.024038000472937027,1286610,46c1dc5661c5fdc8,True,location-k4-fold2-seed0,2
seasonal,F_R,30,SS_vs_seasonal,0.0,1286610,46c1dc5661c5fdc8,True,location-k4-fold2-seed0,2
seasonal,F_R,30,SS_vs_ar,-0.03360238144808947,1286610,46c1dc5661c5fdc8,True,location-k4-fold2-seed0,2
seasonal,F_R,all,MSE,162855.00975360814,1286610,46c1dc5661c5fdc8,True,location-k4-fold2-seed0,2
seasonal,F_R,all,MAE,223.27665287554206,1286610,46c1dc5661c5fdc8,True,location-k4-fold2-seed0,2
seasonal,F_R,all,SS_vs_persistence,-0.042082879316788224,1286610,46c1dc5661c5fdc8,True,location-k4-fold2-seed0,2
seasonal,F_R,all,SS_vs_seasonal,0.0,1286610,46c1dc5661c5fdc8,True,location-k4-fold2-seed0,2
seasonal,F_R,all,SS_vs_ar,-0.17390742837057838,1286610,46c1dc5661c5fdc8,True,location-k4-fold2-seed0,2
seasonal,CoPx_R,1,MSE,0.2095080041713834,1286610,46c1dc5661c5fdc8,True,location-k4-fold2-seed0,2
seasonal,CoPx_R,1,MAE,0.27889722531463285,1286610,46c1dc5661c5fdc8,True,location-k4-fold2-seed0,2
seasonal,CoPx_R,1,SS_vs_persistence,-0.08912384850528765,1286610,46c1dc5661c5fdc8,True,location-k4-fold2-seed0,2
seasonal,CoPx_R,1,SS_vs_seasonal,4.773070827468473e-12,1286610,46c1dc5661c5fdc8,True,location-k4-fold2-seed0,2
seasonal,CoPx_R,1,SS_vs_ar,-0.8885071766090944,1286610,46c1dc5661c5fdc8,True,location-k4-fold2-seed0,2
seasonal,CoPx_R,2,MSE,0.21169500047158757,1286610,46c1dc5661c5fdc8,True,location-k4-fold2-seed0,2
seasonal,CoPx_R,2,MAE,0.2815181116718989,1286610,46c1dc5661c5fdc8,True,location-k4-fold2-seed0,2
seasonal,CoPx_R,2,SS_vs_persistence,0.008551314561771828,1286610,46c1dc5661c5fdc8,True,location-k4-fold2-seed0,2
seasonal,CoPx_R,2,SS_vs_seasonal,4.723776925175116e-12,1286610,46c1dc5661c5fdc8,True,location-k4-fold2-seed0,2
seasonal,CoPx_R,2,SS_vs_ar,-0.8719760740057227,1286610,46c1dc5661c5fdc8,True,location-k4-fold2-seed0,2
seasonal,CoPx_R,3,MSE,0.21236866327483273,1286610,46c1dc5661c5fdc8,True,location-k4-fold2-seed0,2
seasonal,CoPx_R,3,MAE,0.28151960871253257,1286610,46c1dc5661c5fdc8,True,location-k4-fold2-seed0,2
seasonal,CoPx_R,3,SS_vs_persistence,-0.010723805783217966,1286610,46c1dc5661c5fdc8,True,location-k4-fold2-seed0,2
seasonal,CoPx_R,3,SS_vs_seasonal,4.7087889143426764e-12,1286610,46c1dc5661c5fdc8,True,location-k4-fold2-seed0,2
seasonal,CoPx_R,3,SS_vs_ar,-0.8807936442886894,1286610,46c1dc5661c5fdc8,True,location-k4-fold2-seed0,2
seasonal,CoPx_R,4,MSE,0.20976679785786462,1286610,46c1dc5661c5fdc8,True,location-k4-fold2-seed0,2
seasonal,CoPx_R,4,MAE,0.2800870806565268,1286610,46c1dc5661c5fdc8,True,location-k4-fold2-seed0,2
seasonal,CoPx_R,4,SS_vs_persistence,-0.0302205628854586,1286610,46c1dc5661c5fdc8,True,location-k4-fold2-seed0,2
seasonal,CoPx_R,4,SS_vs_seasonal,4.76718664543796e-12,1286610,46c1dc5661c5fdc8,True,location-k4-fold2-seed0,2
seasonal,CoPx_R,4,SS_vs_ar,-0.861774650777912,1286610,46c1dc5661c5fdc8,True,location-k4-fold2-seed0,2
seasonal,CoPx_R,5,MSE,0.2107023645244547,1286610,46c1dc5661c5fdc8,True,location-k4-fold2-seed0,2
seasonal,CoPx_R,5,MAE,0.2807651022638144,1286610,46c1dc5661c5fdc8,True,location-k4-fold2-seed0,2
seasonal,CoPx_R,5,SS_vs_persistence,-0.004012841072762008,1286610,46c1dc5661c5fdc8,True,location-k4-fold2-seed0,2
seasonal,CoPx_R,5,SS_vs_seasonal,4.746092407970082e-12,1286610,46c1dc5661c5fdc8,True,location-k4-fold2-seed0,2
seasonal,CoPx_R,5,SS_vs_ar,-0.8597781979957211,1286610,46c1dc5661c5fdc8,True,location-k4-fold2-seed0,2
seasonal,CoPx_R,6,MSE,0.21029609249440404,1286610,46c1dc5661c5fdc8,True,location-k4-fold2-seed0,2
seasonal,CoPx_R,6,MAE,0.2803368040290863,1286610,46c1dc5661c5fdc8,True,location-k4-fold2-seed0,2
seasonal,CoPx_R,6,SS_vs_persistence,0.008015111892862747,1286610,46c1dc5661c5fdc8,True,location-k4-fold2-seed0,2
seasonal,CoPx_R,6,SS_vs_seasonal,4.755196236772008e-12,1286610,46c1dc5661c5fdc8,True,location-k4-fold2-seed0,2
seasonal,CoPx_R,6,SS_vs_ar,-0.852875280239644,1286610,46c1dc5661c5fdc8,True,location-k4-fold2-seed0,2
seasonal,CoPx_R,7,MSE,0.20982119790092527,1286610,46c1dc5661c5fdc8,True,location-k4-fold2-seed0,2
seasonal,CoPx_R,7,MAE,0.280286468949884,1286610,46c1dc5661c5fdc8,True,location-k4-fold2-seed0,2
seasonal,CoPx_R,7,SS_vs_persistence,0.014163636233600285,1286610,46c1dc5661c5fdc8,True,location-k4-fold2-seed0,2
seasonal,CoPx_R,7,SS_vs_seasonal,4.765965400110872e-12,1286610,46c1dc5661c5fdc8,True,location-k4-fold2-seed0,2
seasonal,CoPx_R,7,SS_vs_ar,-0.8444897332330081,1286610,46c1dc5661c5fdc8,True,location-k4-fold2-seed0,2
seasonal,CoPx_R,8,MSE,0.20958052678129574,1286610,46c1dc5661c5fdc8,True,location-k4-fold2-seed0,2
seasonal,CoPx_R,8,MAE,0.2801233006172771,1286610,46c1dc5661c5fdc8,True,location-k4-fold2-seed0,2
seasonal,CoPx_R,8,SS_vs_persistence,-0.014751295039195922,1286610,46c1dc5661c5fdc8,True,location-k4-fold2-seed0,2
seasonal,CoPx_R,8,SS_vs_seasonal,4.771516515233998e-12,1286610,46c1dc5661c5fdc8,True,location-k4-fold2-seed0,2
seasonal,CoPx_R,8,SS_vs_ar,-0.8372812249011194,1286610,46c1dc5661c5fdc8,True,location-k4-fold2-seed0,2
seasonal,CoPx_R,9,MSE,0.20936323679679966,1286610,46c1dc5661c5fdc8,True,location-k4-fold2-seed0,2
seasonal,CoPx_R,9,MAE,0.2797383700981758,1286610,46c1dc5661c5fdc8,True,location-k4-fold2-seed0,2
seasonal,CoPx_R,9,SS_vs_persistence,0.0005672291850042921,1286610,46c1dc5661c5fdc8,True,location-k4-fold2-seed0,2
seasonal,CoPx_R,9,SS_vs_seasonal,4.7764014965423485e-12,1286610,46c1dc5661c5fdc8,True,location-k4-fold2-seed0,2
seasonal,CoPx_R,9,SS_vs_ar,-0.8248576557117946,1286610,46c1dc5661c5fdc8,True,location-k4-fold2-seed0,2
seasonal,CoPx_R,10,MSE,0.21168277516794504,1286610,46c1dc5661c5fdc8,True,location-k4-fold2-seed0,2
seasonal,CoPx_R,10,MAE,0.2831034310525999,1286610,46c1dc5661c5fdc8,True,location-k4-fold2-seed0,2
seasonal,CoPx_R,10,SS_vs_persistence,-0.007973132609368827,1286610,46c1dc5661c5fdc8,True,location-k4-fold2-seed0,2
seasonal,CoPx_R,10,SS_vs_seasonal,4.7241099920825036e-12,1286610,46c1dc5661c5fdc8,True,location-k4-fold2-seed0,2
seasonal,CoPx_R,10,SS_vs_ar,-0.8359709531823896,1286610,46c1dc5661c5fdc8,True,location-k4-fold2-seed0,2
seasonal,CoPx_R,11,MSE,0.21375754339607286,1286610,46c1dc5661c5fdc8,True,location-k4-fold2-seed0,2
seasonal,CoPx_R,11,MAE,0.2842738915541816,1286610,46c1dc5661c5fdc8,True,location-k4-fold2-seed0,2
seasonal,CoPx_R,11,SS_vs_persistence,0.026299218918033107,1286610,46c1dc5661c5fdc8,True,location-k4-fold2-seed0,2
seasonal,CoPx_R,11,SS_vs_seasonal,4.678257781165485e-12,1286610,46c1dc5661c5fdc8,True,location-k4-fold2-seed0,2
seasonal,CoPx_R,11,SS_vs_ar,-0.8450394738127336,1286610,46c1dc5661c5fdc8,True,location-k4-fold2-seed0,2
seasonal,CoPx_R,12,MSE,0.21304668610602198,1286610,46c1dc5661c5fdc8,True,location-k4-fold2-seed0,2
seasonal,CoPx_R,12,MAE,0.2843146001120642,1286610,46c1dc5661c5fdc8,True,location-k4-fold2-seed0,2
seasonal,CoPx_R,12,SS_vs_persistence,0.043340511734339615,1286610,46c1dc5661c5fdc8,True,location-k4-fold2-seed0,2
seasonal,CoPx_R,12,SS_vs_seasonal,4.693800903510237e-12,1286610,46c1dc5661c5fdc8,True,location-k4-fold2-seed0,2
seasonal,CoPx_R,12,SS_vs_ar,-0.8445729869154432,1286610,46c1dc5661c5fdc8,True,location-k4-fold2-seed0,2
seasonal,CoPx_R,13,MSE,0.21365406034347423,1286610,46c1dc5661c5fdc8,True,location-k4-fold2-seed0,2
seasonal,CoPx_R,13,MAE,0.28472782644365535,1286610,46c1dc5661c5fdc8,True,location-k4-fold2-seed0,2
seasonal,CoPx_R,13,SS_vs_persistence,0.01259417264989282,1286610,46c1dc5661c5fdc8,True,location-k4-fold2-seed0,2
seasonal,CoPx_R,13,SS_vs_seasonal,4.680478227214735e-12,1286610,46c1dc5661c5fdc8,True,location-k4-fold2-seed0,2
seasonal,CoPx_R,13,SS_vs_ar,-0.846148443276594,1286610,46c1dc5661c5fdc8,True,location-k4-fold2-seed0,2
seasonal,CoPx_R,14,MSE,0.21327106706264906,1286610,46c1dc5661c5fdc8,True,location-k4-fold2-seed0,2
seasonal,CoPx_R,14,MAE,0.2842591799924622,1286610,46c1dc5661c5fdc8,True,location-k4-fold2-seed0,2
seasonal,CoPx_R,14,SS_vs_persistence,-0.024402696360107168,1286610,46c1dc5661c5fdc8,True,location-k4-fold2-seed0,2
seasonal,CoPx_R,14,SS_vs_seasonal,4.688915922201886e-12,1286610,46c1dc5661c5fdc8,True,location-k4-fold2-seed0,2
seasonal,CoPx_R,14,SS_vs_ar,-0.8444563755761629,1286610,46c1dc5661c5fdc8,True,location-k4-fold2-seed0,2
seasonal,CoPx_R,15,MSE,0.21394066480867122,1286610,46c1dc5661c5fdc8,True,location-k4-fold2-seed0,2
seasonal,CoPx_R,15,MAE,0.28484605398600416,1286610,46c1dc5661c5fdc8,True,location-k4-fold2-seed0,2
seasonal,CoPx_R,15,SS_vs_persistence,0.017987785512241006,1286610,46c1dc5661c5fdc8,True,location-k4-fold2-seed0,2
seasonal,CoPx_R,15,SS_vs_seasonal,4.674260978276834e-12,1286610,46c1dc5661c5fdc8,True,location-k4-fold2-seed0,2
seasonal,CoPx_R,15,SS_vs_ar,-0.8437953943250192,1286610,46c1dc5661c5fdc8,True,location-k4-fold2-seed0,2
seasonal,CoPx_R,16,MSE,0.21288349136221063,1286610,46c1dc5661c5fdc8,True,location-k4-fold2-seed0,2
seasonal,CoPx_R,16,MAE,0.28431539491092833,1286610,46c1dc5661c5fdc8,True,location-k4-fold2-seed0,2
seasonal,CoPx_R,16,SS_vs_persistence,0.04399126822859756,1286610,46c1dc5661c5fdc8,True,location-k4-fold2-seed0,2
seasonal,CoPx_R,16,SS_vs_seasonal,4.6974646394915e-12,1286610,46c1dc5661c5fdc8,True,location-k4-fold2-seed0,2
seasonal,CoPx_R,16,SS_vs_ar,-0.841389500474865,1286610,46c1dc5661c5fdc8,True,location-k4-fold2-seed0,2
seasonal,CoPx_R,17,MSE,0.21262330236556537,1286610,46c1dc5661c5fdc8,True,location-k4-fold2-seed0,2
seasonal,CoPx_R,17,MAE,0.283826011454881,1286610,46c1dc5661c5fdc8,True,location-k4-fold2-seed0,2
seasonal,CoPx_R,17,SS_vs_persistence,0.016521305215282056,1286610,46c1dc5661c5fdc8,True,location-k4-fold2-seed0,2
seasonal,CoPx_R,17,SS_vs_seasonal,4.703126776917088e-12,1286610,46c1dc5661c5fdc8,True,location-k4-fold2-seed0,2
seasonal,CoPx_R,17,SS_vs_ar,-0.8406290892324868,1286610,46c1dc5661c5fdc8,True,location-k4-fold2-seed0,2
seasonal,CoPx_R,18,MSE,0.21293174068508358,1286610,46c1dc5661c5fdc8,True,location-k4-fold2-seed0,2
seasonal,CoPx_R,18,MAE,0.283996759245875,1286610,46c1dc5661c5fdc8,True,location-k4-fold2-seed0,2
seasonal,CoPx_R,18,SS_vs_persistence,0.0006339101561199101,1286610,46c1dc5661c5fdc8,True,location-k4-fold2-seed0,2
seasonal,CoPx_R,18,SS_vs_seasonal,4.696354416466875e-12,1286610,46c1dc5661c5fdc8,True,location-k4-fold2-seed0,2
seasonal,CoPx_R,18,SS_vs_ar,-0.8376365322956472,1286610,46c1dc5661c5fdc8,True,location-k4-fold2-seed0,2
seasonal,CoPx_R,19,MSE,0.2170858807518339,1286610,46c1dc5661c5fdc8,True,location-k4-fold2-seed0,2
seasonal,CoPx_R,19,MAE,0.29152668930894304,1286610,46c1dc5661c5fdc8,True,location-k4-fold2-seed0,2
seasonal,CoPx_R,19,SS_vs_persistence,0.002034249447293135,1286610,46c1dc5661c5fdc8,True,location-k4-fold2-seed0,2
seasonal,CoPx_R,19,SS_vs_seasonal,4.6065373737746995e-12,1286610,46c1dc5661c5fdc8,True,location-k4-fold2-seed0,2
seasonal,CoPx_R,19,SS_vs_ar,-0.8728997508843808,1286610,46c1dc5661c5fdc8,True,location-k4-fold2-seed0,2
seasonal,CoPx_R,20,MSE,0.21702038295489814,1286610,46c1dc5661c5fdc8,True,location-k4-fold2-seed0,2
seasonal,CoPx_R,20,MAE,0.2913005397599046,1286610,46c1dc5661c5fdc8,True,location-k4-fold2-seed0,2
seasonal,CoPx_R,20,SS_vs_persistence,0.0335918237148205,1286610,46c1dc5661c5fdc8,True,location-k4-fold2-seed0,2
seasonal,CoPx_R,20,SS_vs_seasonal,4.60786964140425e-12,1286610,46c1dc5661c5fdc8,True,location-k4-fold2-seed0,2
seasonal,CoPx_R,20,SS_vs_ar,-0.8712037654001039,1286610,46c1dc5661c5fdc8,True,location-k4-fold2-seed0,2
seasonal,CoPx_R,21,MSE,0.21649657387005833,1286610,46c1dc5661c5fdc8,True,location-k4-fold2-seed0,2
seasonal,CoPx_R,21,MAE,0.2907662894481673,1286610,46c1dc5661c5fdc8,True,location-k4-fold2-seed0,2
seasonal,CoPx_R,21,SS_vs_persistence,0.03215650611149534,1286610,46c1dc5661c5fdc8,True,location-k4-fold2-seed0,2
seasonal,CoPx_R,21,SS_vs_seasonal,4.619082893952964e-12,1286610,46c1dc5661c5fdc8,True,location-k4-fold2-seed0,2
seasonal,CoPx_R,21,SS_vs_ar,-0.8685291398818182,1286610,46c1dc5661c5fdc8,True,location-k4-fold2-seed0,2
seasonal,CoPx_R,22,MSE,0.21640870312840843,1286610,46c1dc5661c5fdc8,True,location-k4-fold2-seed0,2
seasonal,CoPx_R,22,MAE,0.29050126284505123,1286610,46c1dc5661c5fdc8,True,location-k4-fold2-seed0,2
seasonal,CoPx_R,22,SS_vs_persistence,0.0063795742677208445,1286610,46c1dc5661c5fdc8,True,location-k4-fold2-seed0,2
seasonal,CoPx_R,22,SS_vs_seasonal,4.620859250792364e-12,1286610,46c1dc5661c5fdc8,True,location-k4-fold2-seed0,2
seasonal,CoPx_R,22,SS_vs_ar,-0.8741449093954572,1286610,46c1dc5661c5fdc8,True,location-k4-fold2-seed0,2
seasonal,CoPx_R,23,MSE,0.21655094405349992,1286610,46c1dc5661c5fdc8,True,location-k4-fold2-seed0,2
seasonal,CoPx_R,23,MAE,0.29097656165485586,1286610,46c1dc5661c5fdc8,True,location-k4-fold2-seed0,2
seasonal,CoPx_R,23,SS_vs_persistence,-0.003626094404608482,1286610,46c1dc5661c5fdc8,True,location-k4-fold2-seed0,2
seasonal,CoPx_R,23,SS_vs_seasonal,4.617861648625876e-12,1286610,46c1dc5661c5fdc8,True,location-k4-fold2-seed0,2
seasonal,CoPx_R,23,SS_vs_ar,-0.8677109472643603,1286610,46c1dc5661c5fdc8,True,location-k4-fold2-seed0,2
seasonal,CoPx_R,24,MSE,0.21677815984757254,1286610,46c1dc5661c5fdc8,True,location-k4-fold2-seed0,2
seasonal,CoPx_R,24,MAE,0.29154636672513473,1286610,46c1dc5661c5fdc8,True,location-k4-fold2-seed0,2
seasonal,CoPx_R,24,SS_vs_persistence,-0.004065390807378,1286610,46c1dc5661c5fdc8,True,location-k4-fold2-seed0,2
seasonal,CoPx_R,24,SS_vs_seasonal,4.613087689619988e-12,1286610,46c1dc5661c5fdc8,True,location-k4-fold2-seed0,2
seasonal,CoPx_R,24,SS_vs_ar,-0.8727510938110301,1286610,46c1dc5661c5fdc8,True,location-k4-fold2-seed0,2
seasonal,CoPx_R,25,MSE,0.2162782489737109,1286610,46c1dc5661c5fdc8,True,location-k4-fold2-seed0,2
seasonal,CoPx_R,25,MAE,0.2909504513043131,1286610,46c1dc5661c5fdc8,True,location-k4-fold2-seed0,2
seasonal,CoPx_R,25,SS_vs_persistence,0.011213848861163611,1286610,46c1dc5661c5fdc8,True,location-k4-fold2-seed0,2
seasonal,CoPx_R,25,SS_vs_seasonal,4.6237458306563894e-12,1286610,46c1dc5661c5fdc8,True,location-k4-fold2-seed0,2
seasonal,CoPx_R,25,SS_vs_ar,-0.8688100248496817,1286610,46c1dc5661c5fdc8,True,location-k4-fold2-seed0,2
seasonal,CoPx_R,26,MSE,0.21741233329541046,1286610,46c1dc5661c5fdc8,True,location-k4-fold2-seed0,2
seasonal,CoPx_R,26,MAE,0.2919939281391626,1286610,46c1dc5661c5fdc8,True,location-k4-fold2-seed0,2
seasonal,CoPx_R,26,SS_vs_persistence,0.017982463484730538,1286610,46c1dc5661c5fdc8,True,location-k4-fold2-seed0,2
seasonal,CoPx_R,26,SS_vs_seasonal,4.599542968719561e-12,1286610,46c1dc5661c5fdc8,True,location-k4-fold2-seed0,2
seasonal,CoPx_R,26,SS_vs_ar,-0.8807196098027881,1286610,46c1dc5661c5fdc8,True,location-k4-fold2-seed0,2
seasonal,CoPx_R,27,MSE,0.21673783550183126,1286610,46c1dc5661c5fdc8,True,location-k4-fold2-seed0,2
seasonal,CoPx_R,27,MAE,0.29171437247787685,1286610,46c1dc5661c5fdc8,True,location-k4-fold2-seed0,2
seasonal,CoPx_R,27,SS_vs_persistence,-0.0006606540682605466,1286610,46c1dc5661c5fdc8,True,location-k4-fold2-seed0,2
seasonal,CoPx_R,27,SS_vs_seasonal,4.6138648457372256e-12,1286610,46c1dc5661c5fdc8,True,location-k4-fold2-seed0,2
seasonal,CoPx_R,27,SS_vs_ar,-0.8861839505447222,1286610,46c1dc5661c5fdc8,True,location-k4-fold2-seed0,2
seasonal,CoPx_R,28,MSE,0.2111690780994265,1286610,46c1dc5661c5fdc8,True,location-k4-fold2-seed0,2
seasonal,CoPx_R,28,MAE,0.28665385921388165,1286610,46c1dc5661c5fdc8,True,location-k4-fold2-seed0,2
seasonal,CoPx_R,28,SS_vs_persistence,0.01643050080581665,1286610,46c1dc5661c5fdc8,True,location-k4-fold2-seed0,2
seasonal,CoPx_R,28,SS_vs_seasonal,4.735545289236143e-12,1286610,46c1dc5661c5fdc8,True,location-k4-fold2-seed0,2
seasonal,CoPx_R,28,SS_vs_ar,-0.8314989963769515,1286610,46c1dc5661c5fdc8,True,location-k4-fold2-seed0,2
seasonal,CoPx_R,29,MSE,0.21206097641552027,1286610,46c1dc5661c5fdc8,True,location-k4-fold2-seed0,2
seasonal,CoPx_R,29,MAE,0.2872809843599464,1286610,46c1dc5661c5fdc8,True,location-k4-fold2-seed0,2
seasonal,CoPx_R,29,SS_vs_persistence,0.040890009748323686,1286610,46c1dc5661c5fdc8,True,location-k4-fold2-seed0,2
seasonal,CoPx_R,29,SS_vs_seasonal,4.7156722970953524e-12,1286610,46c1dc5661c5fdc8,True,location-k4-fold2-seed0,2
seasonal,CoPx_R,29,SS_vs_ar,-0.8313714016702989,1286610,46c1dc5661c5fdc8,True,location-k4-fold2-seed0,2
seasonal,CoPx_R,30,MSE,0.2118047501983391,1286610,46c1dc5661c5fdc8,True,location-k4-fold2-seed0,2
seasonal,CoPx_R,30,MAE,0.2873913513360108,1286610,46c1dc5661c5fdc8,True,location-k4-fold2-seed0,2
seasonal,CoPx_R,30,SS_vs_persistence,0.05435070606672998,1286610,46c1dc5661c5fdc8,True,location-k4-fold2-seed0,2
seasonal,CoPx_R,30,SS_vs_seasonal,4.721334434520941e-12,1286610,46c1dc5661c5fdc8,True,location-k4-fold2-seed0,2
seasonal,CoPx_R,30,SS_vs_ar,-0.8368182320695376,1286610,46c1dc5661c5fdc8,True,location-k4-fold2-seed0,2
seasonal,CoPx_R,all,MSE,0.2132232360890655,1286610,46c1dc5661c5fdc8,True,location-k4-fold2-seed0,2
seasonal,CoPx_R,all,MAE,0.285451262587991,1286610,46c1dc5661c5fdc8,True,location-k4-fold2-seed0,2
seasonal,CoPx_R,all,SS_vs_persistence,0.008060156665772089,1286610,46c1dc5661c5fdc8,True,location-k4-fold2-seed0,2
seasonal,CoPx_R,all,SS_vs_seasonal,4.689915122924049e-12,1286610,46c1dc5661c5fdc8,True,location-k4-fold2-seed0,2
seasonal,CoPx_R,all,SS_vs_ar,-0.8554263334094607,1286610,46c1dc5661c5fdc8,True,location-k4-fold2-seed0,2
seasonal,CoPy_R,1,MSE,0.12745404149525594,1286610,46c1dc5661c5fdc8,True,location-k4-fold2-seed0,2
seasonal,CoPy_R,1,MAE,0.24967492440384137,1286610,46c1dc5661c5fdc8,True,location-k4-fold2-seed0,2
seasonal,CoPy_R,1,SS_vs_persistence,-0.12128796587431157,1286610,46c1dc5661c5fdc8,True,location-k4-fold2-seed0,2
seasonal,CoPy_R,1,SS_vs_seasonal,7.846057137328444e-12,1286610,46c1dc5661c5fdc8,True,location-k4-fold2-seed0,2
seasonal,CoPy_R,1,SS_vs_ar,-0.9328615482093239,1286610,46c1dc5661c5fdc8,True,location-k4-fold2-seed0,2
seasonal,CoPy_R,2,MSE,0.12842661299496747,1286610,46c1dc5661c5fdc8,True,location-k4-fold2-seed0,2
seasonal,CoPy_R,2,MAE,0.2517714650887279,1286610,46c1dc5661c5fdc8,True,location-k4-fold2-seed0,2
seasonal,CoPy_R,2,SS_vs_persistence,0.01899127494346131,1286610,46c1dc5661c5fdc8,True,location-k4-fold2-seed0,2
seasonal,CoPy_R,2,SS_vs_seasonal,7.786549183208535e-12,1286610,46c1dc5661c5fdc8,True,location-k4-fold2-seed0,2
seasonal,CoPy_R,2,SS_vs_ar,-0.8986133492581132,1286610,46c1dc5661c5fdc8,True,location-k4-fold2-seed0,2
seasonal,CoPy_R,3,MSE,0.12869536338863602,1286610,46c1dc5661c5fdc8,True,location-k4-fold2-seed0,2
seasonal,CoPy_R,3,MAE,0.25190156519987006,1286610,46c1dc5661c5fdc8,True,location-k4-fold2-seed0,2
seasonal,CoPy_R,3,SS_vs_persistence,0.031087781221934674,1286610,46c1dc5661c5fdc8,True,location-k4-fold2-seed0,2
seasonal,CoPy_R,3,SS_vs_seasonal,7.770339927049008e-12,1286610,46c1dc5661c5fdc8,True,location-k4-fold2-seed0,2
seasonal,CoPy_R,3,SS_vs_ar,-0.9007474631131493,1286610,46c1dc5661c5fdc8,True,location-k4-fold2-seed0,2
seasonal,CoPy_R,4,MSE,0.12798736354992696,1286610,46c1dc5661c5fdc8,True,location-k4-fold2-seed0,2
seasonal,CoPy_R,4,MAE,0.2514126038084284,1286610,46c1dc5661c5fdc8,True,location-k4-fold2-seed0,2
seasonal,CoPy_R,4,SS_vs_persistence,-0.009870937190482154,1286610,46c1dc5661c5fdc8,True,location-k4-fold2-seed0,2
seasonal,CoPy_R,4,SS_vs_seasonal,7.813305558102002e-12,1286610,46c1dc5661c5fdc8,True,location-k4-fold2-seed0,2
seasonal,CoPy_R,4,SS_vs_ar,-0.8936480149035093,1286610,46c1dc5661c5fdc8,True,location-k4-fold2-seed0,2
seasonal,CoPy_R,5,MSE,0.12775605809959423,1286610,46c1dc5661c5fdc8,True,location-k4-fold2-seed0,2
seasonal,CoPy_R,5,MAE,0.2514711813085744,1286610,46c1dc5661c5fdc8,True,location-k4-fold2-seed0,2
seasonal,CoPy_R,5,SS_vs_persistence,-0.0067360611321125585,1286610,46c1dc5661c5fdc8,True,location-k4-fold2-seed0,2
seasonal,CoPy_R,5,SS_vs_seasonal,7.827516412817204e-12,1286610,46c1dc5661c5fdc8,True,location-k4-fold2-seed0,2
seasonal,CoPy_R,5,SS_vs_ar,-0.8886327283741271,1286610,46c1dc5661c5fdc8,True,location-k4-fold2-seed0,2
seasonal,CoPy_R,6,MSE,0.1275009393365431,1286610,46c1dc5661c5fdc8,True,location-k4-fold2-seed0,2
seasonal,CoPy_R,6,MAE,0.2507379715445311,1286610,46c1dc5661c5fdc8,True,location-k4-fold2-seed0,2
seasonal,CoPy_R,6,SS_vs_persistence,0.002591896093370627,1286610,46c1dc5661c5fdc8,True,location-k4-fold2-seed0,2
seasonal,CoPy_R,6,SS_vs_seasonal,7.843170557464418e-12,1286610,46c1dc5661c5fdc8,True,location-k4-fold2-seed0,2
seasonal,CoPy_R,6,SS_vs_ar,-0.8817259617056421,1286610,46c1dc5661c5fdc8,True,location-k4-fold2-seed0,2
seasonal,CoPy_R,7,MSE,0.12776169208309968,1286610,46c1dc5661c5fdc8,True,location-k4-fold2-seed0,2
seasonal,CoPy_R,7,MAE,0.2513253780450512,1286610,46c1dc5661c5fdc8,True,location-k4-fold2-seed0,2
seasonal,CoPy_R,7,SS_vs_persistence,0.028173345326802934,1286610,46c1dc5661c5fdc8,True,location-k4-fold2-seed0,2
seasonal,CoPy_R,7,SS_vs_seasonal,7.827072323607354e-12,1286610,46c1dc5661c5fdc8,True,location-k4-fold2-seed0,2
seasonal,CoPy_R,7,SS_vs_ar,-0.879785746343559,1286610,46c1dc5661c5fdc8,True,location-k4-fold2-seed0,2
seasonal,CoPy_R,8,MSE,0.1276150407971923,1286610,46c1dc5661c5fdc8,True,location-k4-fold2-seed0,2
seasonal,CoPy_R,8,MAE,0.25097078419744506,1286610,46c1dc5661c5fdc8,True,location-k4-fold2-seed0,2
seasonal,CoPy_R,8,SS_vs_persistence,0.0516228555028444,1286610,46c1dc5661c5fdc8,True,location-k4-fold2-seed0,2
seasonal,CoPy_R,8,SS_vs_seasonal,7.836065130106817e-12,1286610,46c1dc5661c5fdc8,True,location-k4-fold2-seed0,2
seasonal,CoPy_R,8,SS_vs_ar,-0.8768245299340236,1286610,46c1dc5661c5fdc8,True,location-k4-fold2-seed0,2
seasonal,CoPy_R,9,MSE,0.12702326312241763,1286610,46c1dc5661c5fdc8,True,location-k4-fold2-seed0,2
seasonal,CoPy_R,9,MAE,0.2501179847773402,1286610,46c1dc5661c5fdc8,True,location-k4-fold2-seed0,2
seasonal,CoPy_R,9,SS_vs_persistence,0.0029370114045151885,1286610,46c1dc5661c5fdc8,True,location-k4-fold2-seed0,2
seasonal,CoPy_R,9,SS_vs_seasonal,7.872591467616985e-12,1286610,46c1dc5661c5fdc8,True,location-k4-fold2-seed0,2
seasonal,CoPy_R,9,SS_vs_ar,-0.877102976961128,1286610,46c1dc5661c5fdc8,True,location-k4-fold2-seed0,2
seasonal,CoPy_R,10,MSE,0.12769045406290577,1286610,46c1dc5661c5fdc8,True,location-k4-fold2-seed0,2
seasonal,CoPy_R,10,MAE,0.2528247217246073,1286610,46c1dc5661c5fdc8,True,location-k4-fold2-seed0,2
seasonal,CoPy_R,10,SS_vs_persistence,-0.0021947965018709326,1286610,46c1dc5661c5fdc8,True,location-k4-fold2-seed0,2
seasonal,CoPy_R,10,SS_vs_seasonal,7.831513215705854e-12,1286610,46c1dc5661c5fdc8,True,location-k4-fold2-seed0,2
seasonal,CoPy_R,10,SS_vs_ar,-0.8842276316193503,1286610,46c1dc5661c5fdc8,True,location-k4-fold2-seed0,2
seasonal,CoPy_R,11,MSE,0.12845714607084135,1286610,46c1dc5661c5fdc8,True,location-k4-fold2-seed0,2
seasonal,CoPy_R,11,MAE,0.25389369639287457,1286610,46c1dc5661c5fdc8,True,location-k4-fold2-seed0,2
seasonal,CoPy_R,11,SS_vs_persistence,0.03484058119561839,1286610,46c1dc5661c5fdc8,True,location-k4-fold2-seed0,2
seasonal,CoPy_R,11,SS_vs_seasonal,7.784772826369135e-12,1286610,46c1dc5661c5fdc8,True,location-k4-fold2-seed0,2
seasonal,CoPy_R,11,SS_vs_ar,-0.8917584525467788,1286610,46c1dc5661c5fdc8,True,location-k4-fold2-seed0,2
seasonal,CoPy_R,12,MSE,0.12827850829685902,1286610,46c1dc5661c5fdc8,True,location-k4-fold2-seed0,2
seasonal,CoPy_R,12,MAE,0.25357697802185186,1286610,46c1dc5661c5fdc8,True,location-k4-fold2-seed0,2
seasonal,CoPy_R,12,SS_vs_persistence,0.041541024247652825,1286610,46c1dc5661c5fdc8,True,location-k4-fold2-seed0,2
seasonal,CoPy_R,12,SS_vs_seasonal,7.795541989707999e-12,1286610,46c1dc5661c5fdc8,True,location-k4-fold2-seed0,2
seasonal,CoPy_R,12,SS_vs_ar,-0.8885299041143071,1286610,46c1dc5661c5fdc8,True,location-k4-fold2-seed0,2
seasonal,CoPy_R,13,MSE,0.12816980122075397,1286610,46c1dc5661c5fdc8,True,location-k4-fold2-seed0,2
seasonal,CoPy_R,13,MAE,0.2534769887250383,1286610,46c1dc5661c5fdc8,True,location-k4-fold2-seed0,2
seasonal,CoPy_R,13,SS_vs_persistence,-0.007053144461597549,1286610,46c1dc5661c5fdc8,True,location-k4-fold2-seed0,2
seasonal,CoPy_R,13,SS_vs_seasonal,7.80220332785575e-12,1286610,46c1dc5661c5fdc8,True,location-k4-fold2-seed0,2
seasonal,CoPy_R,13,SS_vs_ar,-0.8881787378724906,1286610,46c1dc5661c5fdc8,True,location-k4-fold2-seed0,2
seasonal,CoPy_R,14,MSE,0.12761815634565674,1286610,46c1dc5661c5fdc8,True,location-k4-fold2-seed0,2
seasonal,CoPy_R,14,MAE,0.2524862051729668,1286610,46c1dc5661c5fdc8,True,location-k4-fold2-seed0,2
seasonal,CoPy_R,14,SS_vs_persistence,-0.019919930044081324,1286610,46c1dc5661c5fdc8,True,location-k4-fold2-seed0,2
seasonal,CoPy_R,14,SS_vs_seasonal,7.835954107804355e-12,1286610,46c1dc5661c5fdc8,True,location-k4-fold2-seed0,2
seasonal,CoPy_R,14,SS_vs_ar,-0.8745653813888734,1286610,46c1dc5661c5fdc8,True,location-k4-fold2-seed0,2
seasonal,CoPy_R,15,MSE,0.12816439663634174,1286610,46c1dc5661c5fdc8,True,location-k4-fold2-seed0,2
seasonal,CoPy_R,15,MAE,0.25327028523338513,1286610,46c1dc5661c5fdc8,True,location-k4-fold2-seed0,2
seasonal,CoPy_R,15,SS_vs_persistence,0.03162229643704406,1286610,46c1dc5661c5fdc8,True,location-k4-fold2-seed0,2
seasonal,CoPy_R,15,SS_vs_seasonal,7.802536394763138e-12,1286610,46c1dc5661c5fdc8,True,location-k4-fold2-seed0,2
seasonal,CoPy_R,15,SS_vs_ar,-0.8720394089861809,1286610,46c1dc5661c5fdc8,True,location-k4-fold2-seed0,2
seasonal,CoPy_R,16,MSE,0.12819479826496102,1286610,46c1dc5661c5fdc8,True,location-k4-fold2-seed0,2
seasonal,CoPy_R,16,MAE,0.2533548296783347,1286610,46c1dc5661c5fdc8,True,location-k4-fold2-seed0,2
seasonal,CoPy_R,16,SS_vs_persistence,0.056597042210761894,1286610,46c1dc5661c5fdc8,True,location-k4-fold2-seed0,2
seasonal,CoPy_R,16,SS_vs_seasonal,7.800649015621275e-12,1286610,46c1dc5661c5fdc8,True,location-k4-fold2-seed0,2
seasonal,CoPy_R,16,SS_vs_ar,-0.8699871732969955,1286610,46c1dc5661c5fdc8,True,location-k4-fold2-seed0,2
seasonal,CoPy_R,17,MSE,0.1281929494888601,1286610,46c1dc5661c5fdc8,True,location-k4-fold2-seed0,2
seasonal,CoPy_R,17,MAE,0.25299612277236505,1286610,46c1dc5661c5fdc8,True,location-k4-fold2-seed0,2
seasonal,CoPy_R,17,SS_vs_persistence,0.035275435737651795,1286610,46c1dc5661c5fdc8,True,location-k4-fold2-seed0,2
seasonal,CoPy_R,17,SS_vs_seasonal,7.800760037923737e-12,1286610,46c1dc5661c5fdc8,True,location-k4-fold2-seed0,2
seasonal,CoPy_R,17,SS_vs_ar,-0.8743529622605499,1286610,46c1dc5661c5fdc8,True,location-k4-fold2-seed0,2
seasonal,CoPy_R,18,MSE,0.1275885703999028,1286610,46c1dc5661c5fdc8,True,location-k4-fold2-seed0,2
seasonal,CoPy_R,18,MAE,0.25238571374272145,1286610,46c1dc5661c5fdc8,True,location-k4-fold2-seed0,2
seasonal,CoPy_R,18,SS_vs_persistence,-0.002390844350845356,1286610,46c1dc5661c5fdc8,True,location-k4-fold2-seed0,2
seasonal,CoPy_R,18,SS_vs_seasonal,7.837730464643755e-12,1286610,46c1dc5661c5fdc8,True,location-k4-fold2-seed0,2
seasonal,CoPy_R,18,SS_vs_ar,-0.867431456429304,1286610,46c1dc5661c5fdc8,True,location-k4-fold2-seed0,2
seasonal,CoPy_R,19,MSE,0.13205116990414248,1286610,46c1dc5661c5fdc8,True,location-k4-fold2-seed0,2
seasonal,CoPy_R,19,MAE,0.25816315400036244,1286610,46c1dc5661c5fdc8,True,location-k4-fold2-seed0,2
seasonal,CoPy_R,19,SS_vs_persistence,-0.023470151418478302,1286610,46c1dc5661c5fdc8,True,location-k4-fold2-seed0,2
seasonal,CoPy_R,19,SS_vs_seasonal,7.572831250968193e-12,1286610,46c1dc5661c5fdc8,True,location-k4-fold2-seed0,2
seasonal,CoPy_R,19,SS_vs_ar,-0.9284329120049333,1286610,46c1dc5661c5fdc8,True,location-k4-fold2-seed0,2
seasonal,CoPy_R,20,MSE,0.13254874485132506,1286610,46c1dc5661c5fdc8,True,location-k4-fold2-seed0,2
seasonal,CoPy_R,20,MAE,0.2587018289423739,1286610,46c1dc5661c5fdc8,True,location-k4-fold2-seed0,2
seasonal,CoPy_R,20,SS_vs_persistence,0.02977682035224427,1286610,46c1dc5661c5fdc8,True,location-k4-fold2-seed0,2
seasonal,CoPy_R,20,SS_vs_seasonal,7.544409541537789e-12,1286610,46c1dc5661c5fdc8,True,location-k4-fold2-seed0,2
seasonal,CoPy_R,20,SS_vs_ar,-0.9301919725384817,1286610,46c1dc5661c5fdc8,True,location-k4-fold2-seed0,2
seasonal,CoPy_R,21,MSE,0.13148711791825587,1286610,46c1dc5661c5fdc8,True,location-k4-fold2-seed0,2
seasonal,CoPy_R,21,MAE,0.2578471380062605,1286610,46c1dc5661c5fdc8,True,location-k4-fold2-seed0,2
seasonal,CoPy_R,21,SS_vs_persistence,0.050296589952107396,1286610,46c1dc5661c5fdc8,True,location-k4-fold2-seed0,2
seasonal,CoPy_R,21,SS_vs_seasonal,7.60536078558971e-12,1286610,46c1dc5661c5fdc8,True,location-k4-fold2-seed0,2
seasonal,CoPy_R,21,SS_vs_ar,-0.9171535390987051,1286610,46c1dc5661c5fdc8,True,location-k4-fold2-seed0,2
seasonal,CoPy_R,22,MSE,0.13216857756684852,1286610,46c1dc5661c5fdc8,True,location-k4-fold2-seed0,2
seasonal,CoPy_R,22,MAE,0.2582335691340245,1286610,46c1dc5661c5fdc8,True,location-k4-fold2-seed0,2
seasonal,CoPy_R,22,SS_vs_persistence,0.01767090498166779,1286610,46c1dc5661c5fdc8,True,location-k4-fold2-seed0,2
seasonal,CoPy_R,22,SS_vs_seasonal,7.566169912820442e-12,1286610,46c1dc5661c5fdc8,True,location-k4-fold2-seed0,2
seasonal,CoPy_R,22,SS_vs_ar,-0.9363750666988511,1286610,46c1dc5661c5fdc8,True,location-k4-fold2-seed0,2
seasonal,CoPy_R,23,MSE,0.13118750452995168,1286610,46c1dc5661c5fdc8,True,location-k4-fold2-seed0,2
seasonal,CoPy_R,23,MAE,0.25717992455449407,1286610,46c1dc5661c5fdc8,True,location-k4-fold2-seed0,2
seasonal,CoPy_R,23,SS_vs_persistence,-0.014313133350986273,1286610,46c1dc5661c5fdc8,True,location-k4-fold2-seed0,2
seasonal,CoPy_R,23,SS_vs_seasonal,7.622680264773862e-12,1286610,46c1dc5661c5fdc8,True,location-k4-fold2-seed0,2
seasonal,CoPy_R,23,SS_vs_ar,-0.9259538553685152,1286610,46c1dc5661c5fdc8,True,location-k4-fold2-seed0,2
seasonal,CoPy_R,24,MSE,0.1313081686811328,1286610,46c1dc5661c5fdc8,True,location-k4-fold2-seed0,2
seasonal,CoPy_R,24,MAE,0.2574473076968551,1286610,46c1dc5661c5fdc8,True,location-k4-fold2-seed0,2
seasonal,CoPy_R,24,SS_vs_persistence,-0.0036719994106646503,1286610,46c1dc5661c5fdc8,True,location-k4-fold2-seed0,2
seasonal,CoPy_R,24,SS_vs_seasonal,7.615685859718724e-12,1286610,46c1dc5661c5fdc8,True,location-k4-fold2-seed0,2
seasonal,CoPy_R,24,SS_vs_ar,-0.9237310299204711,1286610,46c1dc5661c5fdc8,True,location-k4-fold2-seed0,2
seasonal,CoPy_R,25,MSE,0.13111989854247666,1286610,46c1dc5661c5fdc8,True,location-k4-fold2-seed0,2
seasonal,CoPy_R,25,MAE,0.25729411248635536,1286610,46c1dc5661c5fdc8,True,location-k4-fold2-seed0,2
seasonal,CoPy_R,25,SS_vs_persistence,0.003443213807783785,1286610,46c1dc5661c5fdc8,True,location-k4-fold2-seed0,2
seasonal,CoPy_R,25,SS_vs_seasonal,7.626677067662513e-12,1286610,46c1dc5661c5fdc8,True,location-k4-fold2-seed0,2
seasonal,CoPy_R,25,SS_vs_ar,-0.9236260061208819,1286610,46c1dc5661c5fdc8,True,location-k4-fold2-seed0,2
seasonal,CoPy_R,26,MSE,0.13101792531099876,1286610,46c1dc5661c5fdc8,True,location-k4-fold2-seed0,2
seasonal,CoPy_R,26,MAE,0.25715101786412764,1286610,46c1dc5661c5fdc8,True,location-k4-fold2-seed0,2
seasonal,CoPy_R,26,SS_vs_persistence,-0.0032309375921666383,1286610,46c1dc5661c5fdc8,True,location-k4-fold2-seed0,2
seasonal,CoPy_R,26,SS_vs_seasonal,7.632561249693026e-12,1286610,46c1dc5661c5fdc8,True,location-k4-fold2-seed0,2
seasonal,CoPy_R,26,SS_vs_ar,-0.9226097134556217,1286610,46c1dc5661c5fdc8,True,location-k4-fold2-seed0,2
seasonal,CoPy_R,27,MSE,0.13099062705959735,1286610,46c1dc5661c5fdc8,True,location-k4-fold2-seed0,2
seasonal,CoPy_R,27,MAE,0.2569833049128542,1286610,46c1dc5661c5fdc8,True,location-k4-fold2-seed0,2
seasonal,CoPy_R,27,SS_vs_persistence,-0.0019118589296680533,1286610,46c1dc5661c5fdc8,True,location-k4-fold2-seed0,2
seasonal,CoPy_R,27,SS_vs_seasonal,7.634226584229964e-12,1286610,46c1dc5661c5fdc8,True,location-k4-fold2-seed0,2
seasonal,CoPy_R,27,SS_vs_ar,-0.92266001833724,1286610,46c1dc5661c5fdc8,True,location-k4-fold2-seed0,2
seasonal,CoPy_R,28,MSE,0.12854819676521123,1286610,46c1dc5661c5fdc8,True,location-k4-fold2-seed0,2
seasonal,CoPy_R,28,MAE,0.25291329570437876,1286610,46c1dc5661c5fdc8,True,location-k4-fold2-seed0,2
seasonal,CoPy_R,28,SS_vs_persistence,0.03904292959149158,1286610,46c1dc5661c5fdc8,True,location-k4-fold2-seed0,2
seasonal,CoPy_R,28,SS_vs_seasonal,7.77922171124601e-12,1286610,46c1dc5661c5fdc8,True,location-k4-fold2-seed0,2
seasonal,CoPy_R,28,SS_vs_ar,-0.8817835993287919,1286610,46c1dc5661c5fdc8,True,location-k4-fold2-seed0,2
seasonal,CoPy_R,29,MSE,0.12861513535282007,1286610,46c1dc5661c5fdc8,True,location-k4-fold2-seed0,2
seasonal,CoPy_R,29,MAE,0.253189274526254,1286610,46c1dc5661c5fdc8,True,location-k4-fold2-seed0,2
seasonal,CoPy_R,29,SS_vs_persistence,0.05612797103750822,1286610,46c1dc5661c5fdc8,True,location-k4-fold2-seed0,2
seasonal,CoPy_R,29,SS_vs_seasonal,7.775224908357359e-12,1286610,46c1dc5661c5fdc8,True,location-k4-fold2-seed0,2
seasonal,CoPy_R,29,SS_vs_ar,-0.8831290301724106,1286610,46c1dc5661c5fdc8,True,location-k4-fold2-seed0,2
seasonal,CoPy_R,30,MSE,0.12888474464389307,1286610,46c1dc5661c5fdc8,True,location-k4-fold2-seed0,2
seasonal,CoPy_R,30,MAE,0.25360159953188494,1286610,46c1dc5661c5fdc8,True,location-k4-fold2-seed0,2
seasonal,CoPy_R,30,SS_vs_persistence,0.041877679180516436,1286610,46c1dc5661c5fdc8,True,location-k4-fold2-seed0,2
seasonal,CoPy_R,30,SS_vs_seasonal,7.758904629895369e-12,1286610,46c1dc5661c5fdc8,True,location-k4-fold2-seed0,2
seasonal,CoPy_R,30,SS_vs_ar,-0.887378487605555,1286610,46c1dc5661c5fdc8,True,location-k4-fold2-seed0,2
seasonal,CoPy_R,all,MSE,0.12908343222604637,1286610,46c1dc5661c5fdc8,True,location-k4-fold2-seed0,2
seasonal,CoPy_R,all,MAE,0.2538784975732728,1286610,46c1dc5661c5fdc8,True,location-k4-fold2-seed0,2
seasonal,CoPy_R,all,SS_vs_persistence,0.013048829658013794,1286610,46c1dc5661c5fdc8,True,location-k4-fold2-seed0,2
seasonal,CoPy_R,all,SS_vs_seasonal,7.74702524353188e-12,1286610,46c1dc5661c5fdc8,True,location-k4-fold2-seed0,2
seasonal,CoPy_R,all,SS_vs_ar,-0.8974517133763926,1286610,46c1dc5661c5fdc8,True,location-k4-fold2-seed0,2
ar,F_R,1,MSE,87145.06339402401,1286610,46c1dc5661c5fdc8,True,location-k4-fold2-seed0,2
ar,F_R,1,MAE,179.02727872634776,1286610,46c1dc5661c5fdc8,True,location-k4-fold2-seed0,2
ar,F_R,1,SS_vs_persistence,0.22052879445814255,1286610,46c1dc5661c5fdc8,True,location-k4-fold2-seed0,2
ar,F_R,1,SS_vs_seasonal,0.38361250769224964,1286610,46c1dc5661c5fdc8,True,location-k4-fold2-seed0,2
ar,F_R,1,SS_vs_ar,0.0,1286610,46c1dc5661c5fdc8,True,location-k4-fold2-seed0,2
ar,F_R,2,MSE,98662.46274846252,1286610,46c1dc5661c5fdc8,True,location-k4-fold2-seed0,2
ar,F_R,2,MAE,190.72339431324613,1286610,46c1dc5661c5fdc8,True,location-k4-fold2-seed0,2
ar,F_R,2,SS_vs_persistence,0.247001595738787,1286610,46c1dc5661c5fdc8,True,location-k4-fold2-seed0,2
ar,F_R,2,SS_vs_seasonal,0.3144519951806438,1286610,46c1dc5661c5fdc8,True,location-k4-fold2-seed0,2
ar,F_R,2,SS_vs_ar,0.0,1286610,46c1dc5661c5fdc8,True,location-k4-fold2-seed0,2
ar,F_R,3,MSE,104384.79526449282,1286610,46c1dc5661c5fdc8,True,location-k4-fold2-seed0,2
ar,F_R,3,MAE,196.88246555494663,1286610,46c1dc5661c5fdc8,True,location-k4-fold2-seed0,2
ar,F_R,3,SS_vs_persistence,0.24215708908002576,1286610,46c1dc5661c5fdc8,True,location-k4-fold2-seed0,2
ar,F_R,3,SS_vs_seasonal,0.2953957426551599,1286610,46c1dc5661c5fdc8,True,location-k4-fold2-seed0,2
ar,F_R,3,SS_vs_ar,0.0,1286610,46c1dc5661c5fdc8,True,location-k4-fold2-seed0,2
ar,F_R,4,MSE,108141.09059070273,1286610,46c1dc5661c5fdc8,True,location-k4-fold2-seed0,2
ar,F_R,4,MAE,201.53098985968265,1286610,46c1dc5661c5fdc8,True,location-k4-fold2-seed0,2
ar,F_R,4,SS_vs_persistence,0.21678436377150667,1286610,46c1dc5661c5fdc8,True,location-k4-fold2-seed0,2
ar,F_R,4,SS_vs_seasonal,0.2883031744933753,1286610,46c1dc5661c5fdc8,True,location-k4-fold2-seed0,2
ar,F_R,4,SS_vs_ar,0.0,1286610,46c1dc5661c5fdc8,True,location-k4-fold2-seed0,2
ar,F_R,5,MSE,111637.20971426956,1286610,46c1dc5661c5fdc8,True,location-k4-fold2-seed0,2
ar,F_R,5,MAE,207.05216201661864,1286610,46c1dc5661c5fdc8,True,location-k4-fold2-seed0,2
ar,F_R,5,SS_vs_persistence,0.2222276198316553,1286610,46c1dc5661c5fdc8,True,location-k4-fold2-seed0,2
ar,F_R,5,SS_vs_seasonal,0.26570946978094145,1286610,46c1dc5661c5fdc8,True,location-k4-fold2-seed0,2
ar,F_R,5,SS_vs_ar,0.0,1286610,46c1dc5661c5fdc8,True,location-k4-fold2-seed0,2
ar,F_R,6,MSE,114199.93542359651,1286610,46c1dc5661c5fdc8,True,location-k4-fold2-seed0,2
ar,F_R,6,MAE,209.66855570091258,1286610,46c1dc5661c5fdc8,True,location-k4-fold2-seed0,2
ar,F_R,6,SS_vs_persistence,0.18524587035684748,1286610,46c1dc5661c5fdc8,True,location-k4-fold2-seed0,2
ar,F_R,6,SS_vs_seasonal,0.24285977130606218,1286610,46c1dc5661c5fdc8,True,location-k4-fold2-seed0,2
ar,F_R,6,SS_vs_ar,0.0,1286610,46c1dc5661c5fdc8,True,location-k4-fold2-seed0,2
ar,F_R,7,MSE,118586.41859343305,1286610,46c1dc5661c5fdc8,True,location-k4-fold2-seed0,2
ar,F_R,7,MAE,214.42543679851244,1286610,46c1dc5661c5fdc8,True,location-k4-fold2-seed0,2
ar,F_R,7,SS_vs_persistence,0.1787523602755039,1286610,46c1dc5661c5fdc8,True,location-k4-fold2-seed0,2
ar,F_R,7,SS_vs_seasonal,0.22443472346160498,1286610,46c1dc5661c5fdc8,True,location-k4-fold2-seed0,2
ar,F_R,7,SS_vs_ar,0.0,1286610,46c1dc5661c5fdc8,True,location-k4-fold2-seed0,2
ar,F_R,8,MSE,121939.43082818623,1286610,46c1dc5661c5fdc8,True,location-k4-fold2-seed0,2
ar,F_R,8,MAE,217.37607931215703,1286610,46c1dc5661c5fdc8,True,location-k4-fold2-seed0,2
ar,F_R,8,SS_vs_persistence,0.17867418698111448,1286610,46c1dc5661c5fdc8,True,location-k4-fold2-seed0,2
ar,F_R,8,SS_vs_seasonal,0.19723702543266042,1286610,46c1dc5661c5fdc8,True,location-k4-fold2-seed0,2
ar,F_R,8,SS_vs_ar,0.0,1286610,46c1dc5661c5fdc8,True,location-k4-fold2-seed0,2
ar,F_R,9,MSE,123912.14313573168,1286610,46c1dc5661c5fdc8,True,location-k4-fold2-seed0,2
ar,F_R,9,MAE,220.19167672175078,1286610,46c1dc5661c5fdc8,True,location-k4-fold2-seed0,2
ar,F_R,9,SS_vs_persistence,0.1615611713401326,1286610,46c1dc5661c5fdc8,True,location-k4-fold2-seed0,2
ar,F_R,9,SS_vs_seasonal,0.16446984827010258,1286610,46c1dc5661c5fdc8,True,location-k4-fold2-seed0,2
ar,F_R,9,SS_vs_ar,0.0,1286610,46c1dc5661c5fdc8,True,location-k4-fold2-seed0,2
ar,F_R,10,MSE,126832.97727384591,1286610,46c1dc5661c5fdc8,True,location-k4-fold2-seed0,2
ar,F_R,10,MAE,223.49569519954701,1286610,46c1dc5661c5fdc8,True,location-k4-fold2-seed0,2
ar,F_R,10,SS_vs_persistence,0.14702870550992397,1286610,46c1dc5661c5fdc8,True,location-k4-fold2-seed0,2
ar,F_R,10,SS_vs_seasonal,0.16858966472983028,1286610,46c1dc5661c5fdc8,True,location-k4-fold2-seed0,2
ar,F_R,10,SS_vs_ar,0.0,1286610,46c1dc5661c5fdc8,True,location-k4-fold2-seed0,2
ar,F_R,11,MSE,130265.7028863633,1286610,46c1dc5661c5fdc8,True,location-k4-fold2-seed0,2
ar,F_R,11,MAE,227.10471103203855,1286610,46c1dc5661c5fdc8,True,location-k4-fold2-seed0,2
ar,F_R,11,SS_vs_persistence,0.14671546056695928,1286610,46c1dc5661c5fdc8,True,location-k4-fold2-seed0,2
ar,F_R,11,SS_vs_seasonal,0.1630914746170974,1286610,46c1dc5661c5fdc8,True,location-k4-fold2-seed0,2
ar,F_R,11,SS_vs_ar,0.0,1286610,46c1dc5661c5fdc8,True,location-k4-fold2-seed0,2
ar,F_R,12,MSE,132183.49259891847,1286610,46c1dc5661c5fdc8,True,location-k4-fold2-seed0,2
ar,F_R,12,MAE,228.88889580259755,1286610,46c1dc5661c5fdc8,True,location-k4-fold2-seed0,2
ar,F_R,12,SS_vs_persistence,0.14109044722907127,1286610,46c1dc5661c5fdc8,True,location-k4-fold2-seed0,2
ar,F_R,12,SS_vs_seasonal,0.16407414566427558,1286610,46c1dc5661c5fdc8,True,location-k4-fold2-seed0,2
ar,F_R,12,SS_vs_ar,0.0,1286610,46c1dc5661c5fdc8,True,location-k4-fold2-seed0,2
ar,F_R,13,MSE,134283.8889214582,1286610,46c1dc5661c5fdc8,True,location-k4-fold2-seed0,2
ar,F_R,13,MAE,230.4628248092067,1286610,46c1dc5661c5fdc8,True,location-k4-fold2-seed0,2
ar,F_R,13,SS_vs_persistence,0.13671002592562953,1286610,46c1dc5661c5fdc8,True,location-k4-fold2-seed0,2
ar,F_R,13,SS_vs_seasonal,0.16315651008526943,1286610,46c1dc5661c5fdc8,True,location-k4-fold2-seed0,2
ar,F_R,13,SS_vs_ar,0.0,1286610,46c1dc5661c5fdc8,True,location-k4-fold2-seed0,2
ar,F_R,14,MSE,136634.92857964663,1286610,46c1dc5661c5fdc8,True,location-k4-fold2-seed0,2
ar,F_R,14,MAE,232.41472415912344,1286610,46c1dc5661c5fdc8,True,location-k4-fold2-seed0,2
ar,F_R,14,SS_vs_persistence,0.13426558743559702,1286610,46c1dc5661c5fdc8,True,location-k4-fold2-seed0,2
ar,F_R,14,SS_vs_seasonal,0.15083618989149705,1286610,46c1dc5661c5fdc8,True,location-k4-fold2-seed0,2
ar,F_R,14,SS_vs_ar,0.0,1286610,46c1dc5661c5fdc8,True,location-k4-fold2-seed0,2
ar,F_R,15,MSE,138976.10501985502,1286610,46c1dc5661c5fdc8,True,location-k4-fold2-seed0,2
ar,F_R,15,MAE,234.81146296566078,1286610,46c1dc5661c5fdc8,True,location-k4-fold2-seed0,2
ar,F_R,15,SS_vs_persistence,0.13446377629734818,1286610,46c1dc5661c5fdc8,True,location-k4-fold2-seed0,2
ar,F_R,15,SS_vs_seasonal,0.1393982092428223,1286610,46c1dc5661c5fdc8,True,location-k4-fold2-seed0,2
ar,F_R,15,SS_vs_ar,0.0,1286610,46c1dc5661c5fdc8,True,location-k4-fold2-seed0,2
ar,F_R,16,MSE,146327.50848235865,1286610,46c1dc5661c5fdc8,True,location-k4-fold2-seed0,2
ar,F_R,16,MAE,238.76782676364581,1286610,46c1dc5661c5fdc8,True,location-k4-fold2-seed0,2
ar,F_R,16,SS_vs_persistence,0.11444503360727032,1286610,46c1dc5661c5fdc8,True,location-k4-fold2-seed0,2
ar,F_R,16,SS_vs_seasonal,0.12322728583534792,1286610,46c1dc5661c5fdc8,True,location-k4-fold2-seed0,2
ar,F_R,16,SS_vs_ar,0.0,1286610,46c1dc5661c5fdc8,True,location-k4-fold2-seed0,2
ar,F_R,17,MSE,148007.63517341574,1286610,46c1dc5661c5fdc8,True,location-k4-fold2-seed0,2
ar,F_R,17,MAE,240.70588161110817,1286610,46c1dc5661c5fdc8,True,location-k4-fold2-seed0,2
ar,F_R,17,SS_vs_persistence,0.10003831135088948,1286610,46c1dc5661c5fdc8,True,location-k4-fold2-seed0,2
ar,F_R,17,SS_vs_seasonal,0.1162341270780185,1286610,46c1dc5661c5fdc8,True,location-k4-fold2-seed0,2
ar,F_R,17,SS_vs_ar,0.0,1286610,46c1dc5661c5fdc8,True,location-k4-fold2-seed0,2
ar,F_R,18,MSE,152346.86347428593,1286610,46c1dc5661c5fdc8,True,location-k4-fold2-seed0,2
ar,F_R,18,MAE,243.35826795856048,1286610,46c1dc5661c5fdc8,True,location-k4-fold2-seed0,2
ar,F_R,18,SS_vs_persistence,0.07886777286620472,1286610,46c1dc5661c5fdc8,True,location-k4-fold2-seed0,2
ar,F_R,18,SS_vs_seasonal,0.08589568407718562,1286610,46c1dc5661c5fdc8,True,location-k4-fold2-seed0,2
ar,F_R,18,SS_vs_ar,0.0,1286610,46c1dc5661c5fdc8,True,location-k4-fold2-seed0,2
ar,F_R,19,MSE,154408.29927491618,1286610,46c1dc5661c5fdc8,True,location-k4-fold2-seed0,2
ar,F_R,19,MAE,245.24080523366396,1286610,46c1dc5661c5fdc8,True,location-k4-fold2-seed0,2
ar,F_R,19,SS_vs_persistence,0.0758035330891107,1286610,46c1dc5661c5fdc8,True,location-k4-fold2-seed0,2
ar,F_R,19,SS_vs_seasonal,0.10501335486944219,1286610,46c1dc5661c5fdc8,True,location-k4-fold2-seed0,2
ar,F_R,19,SS_vs_ar,0.0,1286610,46c1dc5661c5fdc8,True,location-k4-fold2-seed0,2
ar,F_R,20,MSE,155968.16718039176,1286610,46c1dc5661c5fdc8,True,location-k4-fold2-seed0,2
ar,F_R,20,MAE,246.19985717516064,1286610,46c1dc5661c5fdc8,True,location-k4-fold2-seed0,2
ar,F_R,20,SS_vs_persistence,0.08943031445120742,1286610,46c1dc5661c5fdc8,True,location-k4-fold2-seed0,2
ar,F_R,20,SS_vs_seasonal,0.09875161944993105,1286610,46c1dc5661c5fdc8,True,location-k4-fold2-seed0,2
ar,F_R,20,SS_vs_ar,0.0,1286610,46c1dc5661c5fdc8,True,location-k4-fold2-seed0,2
ar,F_R,21,MSE,156951.49610392746,1286610,46c1dc5661c5fdc8,True,location-k4-fold2-seed0,2
ar,F_R,21,MAE,246.96038050323665,1286610,46c1dc5661c5fdc8,True,location-k4-fold2-seed0,2
ar,F_R,21,SS_vs_persistence,0.08278756018730982,1286610,46c1dc5661c5fdc8,True,location-k4-fold2-seed0,2
ar,F_R,21,SS_vs_seasonal,0.1010669281416644,1286610,46c1dc5661c5fdc8,True,location-k4-fold2-seed0,2
ar,F_R,21,SS_vs_ar,0.0,1286610,46c1dc5661c5fdc8,True,location-k4-fold2-seed0,2
ar,F_R,22,MSE,158627.37087315074,1286610,46c1dc5661c5fdc8,True,location-k4-fold2-seed0,2
ar,F_R,22,MAE,248.11394521636745,1286610,46c1dc5661c5fdc8,True,location-k4-fold2-seed0,2
ar,F_R,22,SS_vs_persistence,0.05471929102955042,1286610,46c1dc5661c5fdc8,True,location-k4-fold2-seed0,2
ar,F_R,22,SS_vs_seasonal,0.09955301383217896,1286610,46c1dc5661c5fdc8,True,location-k4-fold2-seed0,2
ar,F_R,22,SS_vs_ar,0.0,1286610,46c1dc5661c5fdc8,True,location-k4-fold2-seed0,2
ar,F_R,23,MSE,159959.1726009402,1286610,46c1dc5661c5fdc8,True,location-k4-fold2-seed0,2
ar,F_R,23,MAE,249.24431568893743,1286610,46c1dc5661c5fdc8,True,location-k4-fold2-seed0,2
ar,F_R,23,SS_vs_persistence,0.052668105225978756,1286610,46c1dc5661c5fdc8,True,location-k4-fold2-seed0,2
ar,F_R,23,SS_vs_seasonal,0.1056864377857969,1286610,46c1dc5661c5fdc8,True,location-k4-fold2-seed0,2
ar,F_R,23,SS_vs_ar,0.0,1286610,46c1dc5661c5fdc8,True,location-k4-fold2-seed0,2
ar,F_R,24,MSE,159823.93089348215,1286610,46c1dc5661c5fdc8,True,location-k4-fold2-seed0,2
ar,F_R,24,MAE,250.44393076953574,1286610,46c1dc5661c5fdc8,True,location-k4-fold2-seed0,2
ar,F_R,24,SS_vs_persistence,0.030651423430990365,1286610,46c1dc5661c5fdc8,True,location-k4-fold2-seed0,2
ar,F_R,24,SS_vs_seasonal,0.09502613593248899,1286610,46c1dc5661c5fdc8,True,location-k4-fold2-seed0,2
ar,F_R,24,SS_vs_ar,0.0,1286610,46c1dc5661c5fdc8,True,location-k4-fold2-seed0,2
ar,F_R,25,MSE,159100.4048645573,1286610,46c1dc5661c5fdc8,True,location-k4-fold2-seed0,2
ar,F_R,25,MAE,251.00189709415992,1286610,46c1dc5661c5fdc8,True,location-k4-fold2-seed0,2
ar,F_R,25,SS_vs_persistence,0.025859286342371224,1286610,46c1dc5661c5fdc8,True,location-k4-fold2-seed0,2
ar,F_R,25,SS_vs_seasonal,0.09022202255446554,1286610,46c1dc5661c5fdc8,True,location-k4-fold2-seed0,2
ar,F_R,25,SS_vs_ar,0.0,1286610,46c1dc5661c5fdc8,True,location-k4-fold2-seed0,2
ar,F_R,26,MSE,161191.4440836246,1286610,46c1dc5661c5fdc8,True,location-k4-fold2-seed0,2
ar,F_R,26,MAE,252.6408312501001,1286610,46c1dc5661c5fdc8,True,location-k4-fold2-seed0,2
ar,F_R,26,SS_vs_persistence,0.028095500396446926,1286610,46c1dc5661c5fdc8,True,location-k4-fold2-seed0,2
ar,F_R,26,SS_vs_seasonal,0.0800148251507532,1286610,46c1dc5661c5fdc8,True,location-k4-fold2-seed0,2
ar,F_R,26,SS_vs_ar,0.0,1286610,46c1dc5661c5fdc8,True,location-k4-fold2-seed0,2
ar,F_R,27,MSE,163092.68072056872,1286610,46c1dc5661c5fdc8,True,location-k4-fold2-seed0,2
ar,F_R,27,MAE,253.72405585702987,1286610,46c1dc5661c5fdc8,True,location-k4-fold2-seed0,2
ar,F_R,27,SS_vs_persistence,0.049697775886992535,1286610,46c1dc5661c5fdc8,True,location-k4-fold2-seed0,2
ar,F_R,27,SS_vs_seasonal,0.05682245428307009,1286610,46c1dc5661c5fdc8,True,location-k4-fold2-seed0,2
ar,F_R,27,SS_vs_ar,0.0,1286610,46c1dc5661c5fdc8,True,location-k4-fold2-seed0,2
ar,F_R,28,MSE,164624.05957418642,1286610,46c1dc5661c5fdc8,True,location-k4-fold2-seed0,2
ar,F_R,28,MAE,254.4441105027911,1286610,46c1dc5661c5fdc8,True,location-k4-fold2-seed0,2
ar,F_R,28,SS_vs_persistence,0.03033213995982298,1286610,46c1dc5661c5fdc8,True,location-k4-fold2-seed0,2
ar,F_R,28,SS_vs_seasonal,0.048697128528250255,1286610,46c1dc5661c5fdc8,True,location-k4-fold2-seed0,2
ar,F_R,28,SS_vs_ar,0.0,1286610,46c1dc5661c5fdc8,True,location-k4-fold2-seed0,2
ar,F_R,29,MSE,166030.18984585843,1286610,46c1dc5661c5fdc8,True,location-k4-fold2-seed0,2
ar,F_R,29,MAE,256.13004560018953,1286610,46c1dc5661c5fdc8,True,location-k4-fold2-seed0,2
ar,F_R,29,SS_vs_persistence,0.025040157856222822,1286610,46c1dc5661c5fdc8,True,location-k4-fold2-seed0,2
ar,F_R,29,SS_vs_seasonal,0.03993759471166869,1286610,46c1dc5661c5fdc8,True,location-k4-fold2-seed0,2
ar,F_R,29,SS_vs_ar,0.0,1286610,46c1dc5661c5fdc8,True,location-k4-fold2-seed0,2
ar,F_R,30,MSE,167625.2883637664,1286610,46c1dc5661c5fdc8,True,location-k4-fold2-seed0,2
ar,F_R,30,MAE,257.97521469650434,1286610,46c1dc5661c5fdc8,True,location-k4-fold2-seed0,2
ar,F_R,30,SS_vs_persistence,0.009253443245508475,1286610,46c1dc5661c5fdc8,True,location-k4-fold2-seed0,2
ar,F_R,30,SS_vs_seasonal,0.03250996906664638,1286610,46c1dc5661c5fdc8,True,location-k4-fold2-seed0,2
ar,F_R,30,SS_vs_ar,0.0,1286610,46c1dc5661c5fdc8,True,location-k4-fold2-seed0,2
ar,F_R,all,MSE,138729.00521607243,1286610,46c1dc5661c5fdc8,True,location-k4-fold2-seed0,2
ar,F_R,all,MAE,231.63359062977585,1286610,46c1dc5661c5fdc8,True,location-k4-fold2-seed0,2
ar,F_R,all,SS_vs_persistence,0.11229552336743198,1286610,46c1dc5661c5fdc8,True,location-k4-fold2-seed0,2
ar,F_R,all,SS_vs_seasonal,0.1481440735169106,1286610,46c1dc5661c5fdc8,True,location-k4-fold2-seed0,2
ar,F_R,all,SS_vs_ar,0.0,1286610,46c1dc5661c5fdc8,True,location-k4-fold2-seed0,2
ar,CoPx_R,1,MSE,0.11093842097316071,1286610,46c1dc5661c5fdc8,True,location-k4-fold2-seed0,2
ar,CoPx_R,1,MAE,0.2208396840174709,1286610,46c1dc5661c5fdc8,True,location-k4-fold2-seed0,2
ar,CoPx_R,1,SS_vs_persistence,0.4232884778065581,1286610,46c1dc5661c5fdc8,True,location-k4-fold2-seed0,2
ar,CoPx_R,1,SS_vs_seasonal,0.47048122857453956,1286610,46c1dc5661c5fdc8,True,location-k4-fold2-seed0,2
ar,CoPx_R,1,SS_vs_ar,9.014011759234108e-12,1286610,46c1dc5661c5fdc8,True,location-k4-fold2-seed0,2
ar,CoPx_R,2,MSE,0.11308638150311552,1286610,46c1dc5661c5fdc8,True,location-k4-fold2-seed0,2
ar,CoPx_R,2,MAE,0.2236959471350058,1286610,46c1dc5661c5fdc8,True,location-k4-fold2-seed0,2
ar,CoPx_R,2,SS_vs_persistence,0.4703732065827514,1286610,46c1dc5661c5fdc8,True,location-k4-fold2-seed0,2
ar,CoPx_R,2,SS_vs_seasonal,0.46580513828545,1286610,46c1dc5661c5fdc8,True,location-k4-fold2-seed0,2
ar,CoPx_R,2,SS_vs_ar,8.84281536883691e-12,1286610,46c1dc5661c5fdc8,True,location-k4-fold2-seed0,2
ar,CoPx_R,3,MSE,0.1129143879860723,1286610,46c1dc5661c5fdc8,True,location-k4-fold2-seed0,2
ar,CoPx_R,3,MAE,0.2238235776287853,1286610,46c1dc5661c5fdc8,True,location-k4-fold2-seed0,2
ar,CoPx_R,3,SS_vs_persistence,0.46260781514044336,1286610,46c1dc5661c5fdc8,True,location-k4-fold2-seed0,2
ar,CoPx_R,3,SS_vs_seasonal,0.4683095601566476,1286610,46c1dc5661c5fdc8,True,location-k4-fold2-seed0,2
ar,CoPx_R,3,SS_vs_ar,8.856360089737336e-12,1286610,46c1dc5661c5fdc8,True,location-k4-fold2-seed0,2
ar,CoPx_R,4,MSE,0.11267034802969049,1286610,46c1dc5661c5fdc8,True,location-k4-fold2-seed0,2
ar,CoPx_R,4,MAE,0.22452604268105464,1286610,46c1dc5661c5fdc8,True,location-k4-fold2-seed0,2
ar,CoPx_R,4,SS_vs_persistence,0.44664593942889164,1286610,46c1dc5661c5fdc8,True,location-k4-fold2-seed0,2
ar,CoPx_R,4,SS_vs_seasonal,0.4628780665970913,1286610,46c1dc5661c5fdc8,True,location-k4-fold2-seed0,2
ar,CoPx_R,4,SS_vs_ar,8.875455925760889e-12,1286610,46c1dc5661c5fdc8,True,location-k4-fold2-seed0,2
ar,CoPx_R,5,MSE,0.1132943513101016,1286610,46c1dc5661c5fdc8,True,location-k4-fold2-seed0,2
ar,CoPx_R,5,MAE,0.22572352651234373,1286610,46c1dc5661c5fdc8,True,location-k4-fold2-seed0,2
ar,CoPx_R,5,SS_vs_persistence,0.4601437729800669,1286610,46c1dc5661c5fdc8,True,location-k4-fold2-seed0,2
ar,CoPx_R,5,SS_vs_seasonal,0.46230147172166813,1286610,46c1dc5661c5fdc8,True,location-k4-fold2-seed0,2
ar,CoPx_R,5,SS_vs_ar,8.826606112677382e-12,1286610,46c1dc5661c5fdc8,True,location-k4-fold2-seed0,2
ar,CoPx_R,6,MSE,0.11349716558653221,1286610,46c1dc5661c5fdc8,True,location-k4-fold2-seed0,2
ar,CoPx_R,6,MAE,0.22622321465625694,1286610,46c1dc5661c5fdc8,True,location-k4-fold2-seed0,2
ar,CoPx_R,6,SS_vs_persistence,0.46462403666473584,1286610,46c1dc5661c5fdc8,True,location-k4-fold2-seed0,2
ar,CoPx_R,6,SS_vs_seasonal,0.4602982668876139,1286610,46c1dc5661c5fdc8,True,location-k4-fold2-seed0,2
ar,CoPx_R,6,SS_vs_ar,8.810840945727705e-12,1286610,46c1dc5661c5fdc8,True,location-k4-fold2-seed0,2
ar,CoPx_R,7,MSE,0.11375568761302222,1286610,46c1dc5661c5fdc8,True,location-k4-fold2-seed0,2
ar,CoPx_R,7,MAE,0.22682200052465487,1286610,46c1dc5661c5fdc8,True,location-k4-fold2-seed0,2
ar,CoPx_R,7,SS_vs_persistence,0.4655235288137025,1286610,46c1dc5661c5fdc8,True,location-k4-fold2-seed0,2
ar,CoPx_R,7,SS_vs_seasonal,0.4578446374794125,1286610,46c1dc5661c5fdc8,True,location-k4-fold2-seed0,2
ar,CoPx_R,7,SS_vs_ar,8.790856931284452e-12,1286610,46c1dc5661c5fdc8,True,location-k4-fold2-seed0,2
ar,CoPx_R,8,MSE,0.11407101098022587,1286610,46c1dc5661c5fdc8,True,location-k4-fold2-seed0,2
ar,CoPx_R,8,MAE,0.22712082543921794,1286610,46c1dc5661c5fdc8,True,location-k4-fold2-seed0,2
ar,CoPx_R,8,SS_vs_persistence,0.4476886383656846,1286610,46c1dc5661c5fdc8,True,location-k4-fold2-seed0,2
ar,CoPx_R,8,SS_vs_seasonal,0.45571750996351634,1286610,46c1dc5661c5fdc8,True,location-k4-fold2-seed0,2
ar,CoPx_R,8,SS_vs_ar,8.766543047045161e-12,1286610,46c1dc5661c5fdc8,True,location-k4-fold2-seed0,2
ar,CoPx_R,9,MSE,0.11472853027175517,1286610,46c1dc5661c5fdc8,True,location-k4-fold2-seed0,2
ar,CoPx_R,9,MAE,0.22800007214032048,1286610,46c1dc5661c5fdc8,True,location-k4-fold2-seed0,2
ar,CoPx_R,9,SS_vs_persistence,0.45232288793700415,1286610,46c1dc5661c5fdc8,True,location-k4-fold2-seed0,2
ar,CoPx_R,9,SS_vs_seasonal,0.45201205318315496,1286610,46c1dc5661c5fdc8,True,location-k4-fold2-seed0,2
ar,CoPx_R,9,SS_vs_ar,8.716249944029641e-12,1286610,46c1dc5661c5fdc8,True,location-k4-fold2-seed0,2
ar,CoPx_R,10,MSE,0.11529745326263885,1286610,46c1dc5661c5fdc8,True,location-k4-fold2-seed0,2
ar,CoPx_R,10,MAE,0.22890633162840376,1286610,46c1dc5661c5fdc8,True,location-k4-fold2-seed0,2
ar,CoPx_R,10,SS_vs_persistence,0.4509863400325309,1286610,46c1dc5661c5fdc8,True,location-k4-fold2-seed0,2
ar,CoPx_R,10,SS_vs_seasonal,0.45532907356009766,1286610,46c1dc5661c5fdc8,True,location-k4-fold2-seed0,2
ar,CoPx_R,10,SS_vs_ar,8.673284312976648e-12,1286610,46c1dc5661c5fdc8,True,location-k4-fold2-seed0,2
ar,CoPx_R,11,MSE,0.11585526837130619,1286610,46c1dc5661c5fdc8,True,location-k4-fold2-seed0,2
ar,CoPx_R,11,MAE,0.2297763347949393,1286610,46c1dc5661c5fdc8,True,location-k4-fold2-seed0,2
ar,CoPx_R,11,SS_vs_persistence,0.4722601901511456,1286610,46c1dc5661c5fdc8,True,location-k4-fold2-seed0,2
ar,CoPx_R,11,SS_vs_seasonal,0.45800617592196435,1286610,46c1dc5661c5fdc8,True,location-k4-fold2-seed0,2
ar,CoPx_R,11,SS_vs_ar,8.631539927250742e-12,1286610,46c1dc5661c5fdc8,True,location-k4-fold2-seed0,2
ar,CoPx_R,12,MSE,0.11549919011903194,1286610,46c1dc5661c5fdc8,True,location-k4-fold2-seed0,2
ar,CoPx_R,12,MAE,0.22966786518281881,1286610,46c1dc5661c5fdc8,True,location-k4-fold2-seed0,2
ar,CoPx_R,12,SS_vs_persistence,0.4813653376453617,1286610,46c1dc5661c5fdc8,True,location-k4-fold2-seed0,2
ar,CoPx_R,12,SS_vs_seasonal,0.45786910733259656,1286610,46c1dc5661c5fdc8,True,location-k4-fold2-seed0,2
ar,CoPx_R,12,SS_vs_ar,8.658074257539283e-12,1286610,46c1dc5661c5fdc8,True,location-k4-fold2-seed0,2
ar,CoPx_R,13,MSE,0.11572962137455702,1286610,46c1dc5661c5fdc8,True,location-k4-fold2-seed0,2
ar,CoPx_R,13,MAE,0.22974331910331022,1286610,46c1dc5661c5fdc8,True,location-k4-fold2-seed0,2
ar,CoPx_R,13,SS_vs_persistence,0.46515361159739643,1286610,46c1dc5661c5fdc8,True,location-k4-fold2-seed0,2
ar,CoPx_R,13,SS_vs_seasonal,0.45833174811671606,1286610,46c1dc5661c5fdc8,True,location-k4-fold2-seed0,2
ar,CoPx_R,13,SS_vs_ar,8.640865800657593e-12,1286610,46c1dc5661c5fdc8,True,location-k4-fold2-seed0,2
ar,CoPx_R,14,MSE,0.11562814381781404,1286610,46c1dc5661c5fdc8,True,location-k4-fold2-seed0,2
ar,CoPx_R,14,MAE,0.22994468196676837,1286610,46c1dc5661c5fdc8,True,location-k4-fold2-seed0,2
ar,CoPx_R,14,SS_vs_persistence,0.4446045404401341,1286610,46c1dc5661c5fdc8,True,location-k4-fold2-seed0,2
ar,CoPx_R,14,SS_vs_seasonal,0.45783483240459555,1286610,46c1dc5661c5fdc8,True,location-k4-fold2-seed0,2
ar,CoPx_R,14,SS_vs_ar,8.648415317225044e-12,1286610,46c1dc5661c5fdc8,True,location-k4-fold2-seed0,2
ar,CoPx_R,15,MSE,0.11603275800845966,1286610,46c1dc5661c5fdc8,True,location-k4-fold2-seed0,2
ar,CoPx_R,15,MAE,0.23080244525446975,1286610,46c1dc5661c5fdc8,True,location-k4-fold2-seed0,2
ar,CoPx_R,15,SS_vs_persistence,0.4673963187554262,1286610,46c1dc5661c5fdc8,True,location-k4-fold2-seed0,2
ar,CoPx_R,15,SS_vs_seasonal,0.4576404718958582,1286610,46c1dc5661c5fdc8,True,location-k4-fold2-seed0,2
ar,CoPx_R,15,SS_vs_ar,8.618328273257703e-12,1286610,46c1dc5661c5fdc8,True,location-k4-fold2-seed0,2
ar,CoPx_R,16,MSE,0.11561024503803784,1286610,46c1dc5661c5fdc8,True,location-k4-fold2-seed0,2
ar,CoPx_R,16,MAE,0.2305985773048086,1286610,46c1dc5661c5fdc8,True,location-k4-fold2-seed0,2
ar,CoPx_R,16,SS_vs_persistence,0.480822101181421,1286610,46c1dc5661c5fdc8,True,location-k4-fold2-seed0,2
ar,CoPx_R,16,SS_vs_seasonal,0.45693184427913336,1286610,46c1dc5661c5fdc8,True,location-k4-fold2-seed0,2
ar,CoPx_R,16,SS_vs_ar,8.649747584854595e-12,1286610,46c1dc5661c5fdc8,True,location-k4-fold2-seed0,2
ar,CoPx_R,17,MSE,0.11551664787194321,1286610,46c1dc5661c5fdc8,True,location-k4-fold2-seed0,2
ar,CoPx_R,17,MAE,0.23046727298040826,1286610,46c1dc5661c5fdc8,True,location-k4-fold2-seed0,2
ar,CoPx_R,17,SS_vs_persistence,0.4656833902444195,1286610,46c1dc5661c5fdc8,True,location-k4-fold2-seed0,2
ar,CoPx_R,17,SS_vs_seasonal,0.45670748884903034,1286610,46c1dc5661c5fdc8,True,location-k4-fold2-seed0,2
ar,CoPx_R,17,SS_vs_ar,8.656853012212196e-12,1286610,46c1dc5661c5fdc8,True,location-k4-fold2-seed0,2
ar,CoPx_R,18,MSE,0.11587260970331456,1286610,46c1dc5661c5fdc8,True,location-k4-fold2-seed0,2
ar,CoPx_R,18,MAE,0.23088542612407112,1286610,46c1dc5661c5fdc8,True,location-k4-fold2-seed0,2
ar,CoPx_R,18,SS_vs_persistence,0.4561677065775307,1286610,46c1dc5661c5fdc8,True,location-k4-fold2-seed0,2
ar,CoPx_R,18,SS_vs_seasonal,0.4558227470927374,1286610,46c1dc5661c5fdc8,True,location-k4-fold2-seed0,2
ar,CoPx_R,18,SS_vs_ar,8.630207659621192e-12,1286610,46c1dc5661c5fdc8,True,location-k4-fold2-seed0,2
ar,CoPx_R,19,MSE,0.11590896984606536,1286610,46c1dc5661c5fdc8,True,location-k4-fold2-seed0,2
ar,CoPx_R,19,MAE,0.23106644342540217,1286610,46c1dc5661c5fdc8,True,location-k4-fold2-seed0,2
ar,CoPx_R,19,SS_vs_persistence,0.4671547422264011,1286610,46c1dc5661c5fdc8,True,location-k4-fold2-seed0,2
ar,CoPx_R,19,SS_vs_seasonal,0.46606859255837507,1286610,46c1dc5661c5fdc8,True,location-k4-fold2-seed0,2
ar,CoPx_R,19,SS_vs_ar,8.627543124362091e-12,1286610,46c1dc5661c5fdc8,True,location-k4-fold2-seed0,2
ar,CoPx_R,20,MSE,0.11597902214921167,1286610,46c1dc5661c5fdc8,True,location-k4-fold2-seed0,2
ar,CoPx_R,20,MAE,0.23119530160685278,1286610,46c1dc5661c5fdc8,True,location-k4-fold2-seed0,2
ar,CoPx_R,20,SS_vs_persistence,0.4835366440863228,1286610,46c1dc5661c5fdc8,True,location-k4-fold2-seed0,2
ar,CoPx_R,20,SS_vs_seasonal,0.46558465813425287,1286610,46c1dc5661c5fdc8,True,location-k4-fold2-seed0,2
ar,CoPx_R,20,SS_vs_ar,8.622325076146353e-12,1286610,46c1dc5661c5fdc8,True,location-k4-fold2-seed0,2
ar,CoPx_R,21,MSE,0.11586470301548676,1286610,46c1dc5661c5fdc8,True,location-k4-fold2-seed0,2
ar,CoPx_R,21,MAE,0.23092320264285002,1286610,46c1dc5661c5fdc8,True,location-k4-fold2-seed0,2
ar,CoPx_R,21,SS_vs_persistence,0.4820292211544712,1286610,46c1dc5661c5fdc8,True,location-k4-fold2-seed0,2
ar,CoPx_R,21,SS_vs_seasonal,0.46481969232227294,1286610,46c1dc5661c5fdc8,True,location-k4-fold2-seed0,2
ar,CoPx_R,21,SS_vs_ar,8.630762771133504e-12,1286610,46c1dc5661c5fdc8,True,location-k4-fold2-seed0,2
ar,CoPx_R,22,MSE,0.11547063519028591,1286610,46c1dc5661c5fdc8,True,location-k4-fold2-seed0,2
ar,CoPx_R,22,MAE,0.23042873456551802,1286610,46c1dc5661c5fdc8,True,location-k4-fold2-seed0,2
ar,CoPx_R,22,SS_vs_persistence,0.46982732192027443,1286610,46c1dc5661c5fdc8,True,location-k4-fold2-seed0,2
ar,CoPx_R,22,SS_vs_seasonal,0.4664233299284799,1286610,46c1dc5661c5fdc8,True,location-k4-fold2-seed0,2
ar,CoPx_R,22,SS_vs_ar,8.660294703588534e-12,1286610,46c1dc5661c5fdc8,True,location-k4-fold2-seed0,2
ar,CoPx_R,23,MSE,0.11594457074249888,1286610,46c1dc5661c5fdc8,True,location-k4-fold2-seed0,2
ar,CoPx_R,23,MAE,0.23086581489238808,1286610,46c1dc5661c5fdc8,True,location-k4-fold2-seed0,2
ar,CoPx_R,23,SS_vs_persistence,0.46264378014918983,1286610,46c1dc5661c5fdc8,True,location-k4-fold2-seed0,2
ar,CoPx_R,23,SS_vs_seasonal,0.46458524460037076,1286610,46c1dc5661c5fdc8,True,location-k4-fold2-seed0,2
ar,CoPx_R,23,SS_vs_ar,8.624878589102991e-12,1286610,46c1dc5661c5fdc8,True,location-k4-fold2-seed0,2
ar,CoPx_R,24,MSE,0.11575385568434422,1286610,46c1dc5661c5fdc8,True,location-k4-fold2-seed0,2
ar,CoPx_R,24,MAE,0.23083172042383046,1286610,46c1dc5661c5fdc8,True,location-k4-fold2-seed0,2
ar,CoPx_R,24,SS_vs_persistence,0.463855397486144,1286610,46c1dc5661c5fdc8,True,location-k4-fold2-seed0,2
ar,CoPx_R,24,SS_vs_seasonal,0.46602620962737895,1286610,46c1dc5661c5fdc8,True,location-k4-fold2-seed0,2
ar,CoPx_R,24,SS_vs_ar,8.639089443818193e-12,1286610,46c1dc5661c5fdc8,True,location-k4-fold2-seed0,2
ar,CoPx_R,25,MSE,0.11573046275222035,1286610,46c1dc5661c5fdc8,True,location-k4-fold2-seed0,2
ar,CoPx_R,25,MAE,0.23093487160793913,1286610,46c1dc5661c5fdc8,True,location-k4-fold2-seed0,2
ar,CoPx_R,25,SS_vs_persistence,0.4709006597875962,1286610,46c1dc5661c5fdc8,True,location-k4-fold2-seed0,2
ar,CoPx_R,25,SS_vs_seasonal,0.46490013073042524,1286610,46c1dc5661c5fdc8,True,location-k4-fold2-seed0,2
ar,CoPx_R,25,SS_vs_ar,8.640865800657593e-12,1286610,46c1dc5661c5fdc8,True,location-k4-fold2-seed0,2
ar,CoPx_R,26,MSE,0.11560060955408848,1286610,46c1dc5661c5fdc8,True,location-k4-fold2-seed0,2
ar,CoPx_R,26,MAE,0.23100962361892738,1286610,46c1dc5661c5fdc8,True,location-k4-fold2-seed0,2
ar,CoPx_R,26,SS_vs_persistence,0.4778501104639682,1286610,46c1dc5661c5fdc8,True,location-k4-fold2-seed0,2
ar,CoPx_R,26,SS_vs_seasonal,0.46828863017405886,1286610,46c1dc5661c5fdc8,True,location-k4-fold2-seed0,2
ar,CoPx_R,26,SS_vs_ar,8.650524740971832e-12,1286610,46c1dc5661c5fdc8,True,location-k4-fold2-seed0,2
ar,CoPx_R,27,MSE,0.11490811139462409,1286610,46c1dc5661c5fdc8,True,location-k4-fold2-seed0,2
ar,CoPx_R,27,MAE,0.23044915806764907,1286610,46c1dc5661c5fdc8,True,location-k4-fold2-seed0,2
ar,CoPx_R,27,SS_vs_persistence,0.4694787569523293,1286610,46c1dc5661c5fdc8,True,location-k4-fold2-seed0,2
ar,CoPx_R,27,SS_vs_seasonal,0.4698290165718526,1286610,46c1dc5661c5fdc8,True,location-k4-fold2-seed0,2
ar,CoPx_R,27,SS_vs_ar,8.702705223129215e-12,1286610,46c1dc5661c5fdc8,True,location-k4-fold2-seed0,2
ar,CoPx_R,28,MSE,0.11529849512084202,1286610,46c1dc5661c5fdc8,True,location-k4-fold2-seed0,2
ar,CoPx_R,28,MAE,0.23062139705292248,1286610,46c1dc5661c5fdc8,True,location-k4-fold2-seed0,2
ar,CoPx_R,28,SS_vs_persistence,0.4629702221342531,1286610,46c1dc5661c5fdc8,True,location-k4-fold2-seed0,2
ar,CoPx_R,28,SS_vs_seasonal,0.45399915480992414,1286610,46c1dc5661c5fdc8,True,location-k4-fold2-seed0,2
ar,CoPx_R,28,SS_vs_ar,8.673173290674185e-12,1286610,46c1dc5661c5fdc8,True,location-k4-fold2-seed0,2
ar,CoPx_R,29,MSE,0.11579353932265135,1286610,46c1dc5661c5fdc8,True,location-k4-fold2-seed0,2
ar,CoPx_R,29,MAE,0.23110124480883898,1286610,46c1dc5661c5fdc8,True,location-k4-fold2-seed0,2
ar,CoPx_R,29,SS_vs_persistence,0.4762886493866625,1286610,46c1dc5661c5fdc8,True,location-k4-fold2-seed0,2
ar,CoPx_R,29,SS_vs_seasonal,0.4539611140183799,1286610,46c1dc5661c5fdc8,True,location-k4-fold2-seed0,2
ar,CoPx_R,29,SS_vs_ar,8.636091841651705e-12,1286610,46c1dc5661c5fdc8,True,location-k4-fold2-seed0,2
ar,CoPx_R,30,MSE,0.11531067500231773,1286610,46c1dc5661c5fdc8,True,location-k4-fold2-seed0,2
ar,CoPx_R,30,MAE,0.2306486484618948,1286610,46c1dc5661c5fdc8,True,location-k4-fold2-seed0,2
ar,CoPx_R,30,SS_vs_persistence,0.4851699109826404,1286610,46c1dc5661c5fdc8,True,location-k4-fold2-seed0,2
ar,CoPx_R,30,SS_vs_seasonal,0.4555803168069007,1286610,46c1dc5661c5fdc8,True,location-k4-fold2-seed0,2
ar,CoPx_R,30,SS_vs_ar,8.672285112254485e-12,1286610,46c1dc5661c5fdc8,True,location-k4-fold2-seed0,2
ar,CoPx_R,all,MSE,0.11491872905317624,1286610,46c1dc5661c5fdc8,True,location-k4-fold2-seed0,2
ar,CoPx_R,all,MAE,0.22892144354166535,1286610,46c1dc5661c5fdc8,True,location-k4-fold2-seed0,2
ar,CoPx_R,all,SS_vs_persistence,0.46538441032964895,1286610,46c1dc5661c5fdc8,True,location-k4-fold2-seed0,2
ar,CoPx_R,all,SS_vs_seasonal,0.46104031080067387,1286610,46c1dc5661c5fdc8,True,location-k4-fold2-seed0,2
ar,CoPx_R,all,SS_vs_ar,8.701817044709514e-12,1286610,46c1dc5661c5fdc8,True,location-k4-fold2-seed0,2
ar,CoPy_R,1,MSE,0.06594059549241968,1286610,46c1dc5661c5fdc8,True,location-k4-fold2-seed0,2
ar,CoPy_R,1,MAE,0.18918695388079046,1286610,46c1dc5661c5fdc8,True,location-k4-fold2-seed0,2
ar,CoPy_R,1,SS_vs_persistence,0.41988190157949457,1286610,46c1dc5661c5fdc8,True,location-k4-fold2-seed0,2
ar,CoPy_R,1,SS_vs_seasonal,0.48263236914023844,1286610,46c1dc5661c5fdc8,True,location-k4-fold2-seed0,2
ar,CoPy_R,1,SS_vs_ar,1.5165202427169788e-11,1286610,46c1dc5661c5fdc8,True,location-k4-fold2-seed0,2
ar,CoPy_R,2,MSE,0.06764232066694979,1286610,46c1dc5661c5fdc8,True,location-k4-fold2-seed0,2
ar,CoPy_R,2,MAE,0.19291201027169402,1286610,46c1dc5661c5fdc8,True,location-k4-fold2-seed0,2
ar,CoPy_R,2,SS_vs_persistence,0.48330252422097064,1286610,46c1dc5661c5fdc8,True,location-k4-fold2-seed0,2
ar,CoPy_R,2,SS_vs_seasonal,0.47329981622209627,1286610,46c1dc5661c5fdc8,True,location-k4-fold2-seed0,2
ar,CoPy_R,2,SS_vs_ar,1.4783729795908584e-11,1286610,46c1dc5661c5fdc8,True,location-k4-fold2-seed0,2
ar,CoPy_R,3,MSE,0.06770776543663032,1286610,46c1dc5661c5fdc8,True,location-k4-fold2-seed0,2
ar,CoPy_R,3,MAE,0.1933465262603219,1286610,46c1dc5661c5fdc8,True,location-k4-fold2-seed0,2
ar,CoPy_R,3,SS_vs_persistence,0.4902467384189918,1286610,46c1dc5661c5fdc8,True,location-k4-fold2-seed0,2
ar,CoPy_R,3,SS_vs_seasonal,0.47389118260896956,1286610,46c1dc5661c5fdc8,True,location-k4-fold2-seed0,2
ar,CoPy_R,3,SS_vs_ar,1.476940791889092e-11,1286610,46c1dc5661c5fdc8,True,location-k4-fold2-seed0,2
ar,CoPy_R,4,MSE,0.06758772619871221,1286610,46c1dc5661c5fdc8,True,location-k4-fold2-seed0,2
ar,CoPy_R,4,MAE,0.19369430550957645,1286610,46c1dc5661c5fdc8,True,location-k4-fold2-seed0,2
ar,CoPy_R,4,SS_vs_persistence,0.46670609890138515,1286610,46c1dc5661c5fdc8,True,location-k4-fold2-seed0,2
ar,CoPy_R,4,SS_vs_seasonal,0.4719187556995137,1286610,46c1dc5661c5fdc8,True,location-k4-fold2-seed0,2
ar,CoPy_R,4,SS_vs_ar,1.4795720204574536e-11,1286610,46c1dc5661c5fdc8,True,location-k4-fold2-seed0,2
ar,CoPy_R,5,MSE,0.06764473376869166,1286610,46c1dc5661c5fdc8,True,location-k4-fold2-seed0,2
ar,CoPy_R,5,MAE,0.1940078348717782,1286610,46c1dc5661c5fdc8,True,location-k4-fold2-seed0,2
ar,CoPy_R,5,SS_vs_persistence,0.4669497960125356,1286610,46c1dc5661c5fdc8,True,location-k4-fold2-seed0,2
ar,CoPy_R,5,SS_vs_seasonal,0.4705164297145997,1286610,46c1dc5661c5fdc8,True,location-k4-fold2-seed0,2
ar,CoPy_R,5,SS_vs_ar,1.4783174684396272e-11,1286610,46c1dc5661c5fdc8,True,location-k4-fold2-seed0,2
ar,CoPy_R,6,MSE,0.06775744286330164,1286610,46c1dc5661c5fdc8,True,location-k4-fold2-seed0,2
ar,CoPy_R,6,MAE,0.1942973165132886,1286610,46c1dc5661c5fdc8,True,location-k4-fold2-seed0,2
ar,CoPy_R,6,SS_vs_persistence,0.4699503943773863,1286610,46c1dc5661c5fdc8,True,location-k4-fold2-seed0,2
ar,CoPy_R,6,SS_vs_seasonal,0.46857299079246695,1286610,46c1dc5661c5fdc8,True,location-k4-fold2-seed0,2
ar,CoPy_R,6,SS_vs_ar,1.4758638755552056e-11,1286610,46c1dc5661c5fdc8,True,location-k4-fold2-seed0,2
ar,CoPy_R,7,MSE,0.06796609258780363,1286610,46c1dc5661c5fdc8,True,location-k4-fold2-seed0,2
ar,CoPy_R,7,MAE,0.19519527536306205,1286610,46c1dc5661c5fdc8,True,location-k4-fold2-seed0,2
ar,CoPy_R,7,SS_vs_persistence,0.4830120099861197,1286610,46c1dc5661c5fdc8,True,location-k4-fold2-seed0,2
ar,CoPy_R,7,SS_vs_seasonal,0.4680244799586354,1286610,46c1dc5661c5fdc8,True,location-k4-fold2-seed0,2
ar,CoPy_R,7,SS_vs_ar,1.471334165614735e-11,1286610,46c1dc5661c5fdc8,True,location-k4-fold2-seed0,2
ar,CoPy_R,8,MSE,0.06799519015227361,1286610,46c1dc5661c5fdc8,True,location-k4-fold2-seed0,2
ar,CoPy_R,8,MAE,0.1954141682195274,1286610,46c1dc5661c5fdc8,True,location-k4-fold2-seed0,2
ar,CoPy_R,8,SS_vs_persistence,0.4946905641112085,1286610,46c1dc5661c5fdc8,True,location-k4-fold2-seed0,2
ar,CoPy_R,8,SS_vs_seasonal,0.4671851395651728,1286610,46c1dc5661c5fdc8,True,location-k4-fold2-seed0,2
ar,CoPy_R,8,SS_vs_ar,1.4707013384906986e-11,1286610,46c1dc5661c5fdc8,True,location-k4-fold2-seed0,2
ar,CoPy_R,9,MSE,0.06766984266690605,1286610,46c1dc5661c5fdc8,True,location-k4-fold2-seed0,2
ar,CoPy_R,9,MAE,0.19498190013955283,1286610,46c1dc5661c5fdc8,True,location-k4-fold2-seed0,2
ar,CoPy_R,9,SS_vs_persistence,0.4688288278169418,1286610,46c1dc5661c5fdc8,True,location-k4-fold2-seed0,2
ar,CoPy_R,9,SS_vs_seasonal,0.4672641766322988,1286610,46c1dc5661c5fdc8,True,location-k4-fold2-seed0,2
ar,CoPy_R,9,SS_vs_ar,1.477773459157561e-11,1286610,46c1dc5661c5fdc8,True,location-k4-fold2-seed0,2
ar,CoPy_R,10,MSE,0.06776806152199419,1286610,46c1dc5661c5fdc8,True,location-k4-fold2-seed0,2
ar,CoPy_R,10,MAE,0.19538663555855076,1286610,46c1dc5661c5fdc8,True,location-k4-fold2-seed0,2
ar,CoPy_R,10,SS_vs_persistence,0.46811373548015955,1286610,46c1dc5661c5fdc8,True,location-k4-fold2-seed0,2
ar,CoPy_R,10,SS_vs_seasonal,0.4692785610420179,1286610,46c1dc5661c5fdc8,True,location-k4-fold2-seed0,2
ar,CoPy_R,10,SS_vs_ar,1.4756307287200343e-11,1286610,46c1dc5661c5fdc8,True,location-k4-fold2-seed0,2
ar,CoPy_R,11,MSE,0.06790356659752952,1286610,46c1dc5661c5fdc8,True,location-k4-fold2-seed0,2
ar,CoPy_R,11,MAE,0.19568210388548257,1286610,46c1dc5661c5fdc8,True,location-k4-fold2-seed0,2
ar,CoPy_R,11,SS_vs_persistence,0.4898083222565637,1286610,46c1dc5661c5fdc8,True,location-k4-fold2-seed0,2
ar,CoPy_R,11,SS_vs_seasonal,0.4713912874916779,1286610,46c1dc5661c5fdc8,True,location-k4-fold2-seed0,2
ar,CoPy_R,11,SS_vs_ar,1.4726886377047776e-11,1286610,46c1dc5661c5fdc8,True,location-k4-fold2-seed0,2
ar,CoPy_R,12,MSE,0.06792506065988467,1286610,46c1dc5661c5fdc8,True,location-k4-fold2-seed0,2
ar,CoPy_R,12,MAE,0.19577931816100758,1286610,46c1dc5661c5fdc8,True,location-k4-fold2-seed0,2
ar,CoPy_R,12,SS_vs_persistence,0.4924840884699997,1286610,46c1dc5661c5fdc8,True,location-k4-fold2-seed0,2
ar,CoPy_R,12,SS_vs_seasonal,0.47048760107059695,1286610,46c1dc5661c5fdc8,True,location-k4-fold2-seed0,2
ar,CoPy_R,12,SS_vs_ar,1.472222344034435e-11,1286610,46c1dc5661c5fdc8,True,location-k4-fold2-seed0,2
ar,CoPy_R,13,MSE,0.0678801210118918,1286610,46c1dc5661c5fdc8,True,location-k4-fold2-seed0,2
ar,CoPy_R,13,MAE,0.19572704641447997,1286610,46c1dc5661c5fdc8,True,location-k4-fold2-seed0,2
ar,CoPy_R,13,SS_vs_persistence,0.4666536995425228,1286610,46c1dc5661c5fdc8,True,location-k4-fold2-seed0,2
ar,CoPy_R,13,SS_vs_seasonal,0.4703891215806095,1286610,46c1dc5661c5fdc8,True,location-k4-fold2-seed0,2
ar,CoPy_R,13,SS_vs_ar,1.473188238065859e-11,1286610,46c1dc5661c5fdc8,True,location-k4-fold2-seed0,2
ar,CoPy_R,14,MSE,0.06807879714989153,1286610,46c1dc5661c5fdc8,True,location-k4-fold2-seed0,2
ar,CoPy_R,14,MAE,0.1960371432010079,1286610,46c1dc5661c5fdc8,True,location-k4-fold2-seed0,2
ar,CoPy_R,14,SS_vs_persistence,0.4559165873033264,1286610,46c1dc5661c5fdc8,True,location-k4-fold2-seed0,2
ar,CoPy_R,14,SS_vs_seasonal,0.4665430131668329,1286610,46c1dc5661c5fdc8,True,location-k4-fold2-seed0,2
ar,CoPy_R,14,SS_vs_ar,1.4688916749605596e-11,1286610,46c1dc5661c5fdc8,True,location-k4-fold2-seed0,2
ar,CoPy_R,15,MSE,0.06846244583273929,1286610,46c1dc5661c5fdc8,True,location-k4-fold2-seed0,2
ar,CoPy_R,15,MAE,0.1966250584026963,1286610,46c1dc5661c5fdc8,True,location-k4-fold2-seed0,2
ar,CoPy_R,15,SS_vs_persistence,0.48271510797240935,1286610,46c1dc5661c5fdc8,True,location-k4-fold2-seed0,2
ar,CoPy_R,15,SS_vs_seasonal,0.4658232112115901,1286610,46c1dc5661c5fdc8,True,location-k4-fold2-seed0,2
ar,CoPy_R,15,SS_vs_ar,1.4606649223480872e-11,1286610,46c1dc5661c5fdc8,True,location-k4-fold2-seed0,2
ar,CoPy_R,16,MSE,0.06855383827957992,1286610,46c1dc5661c5fdc8,True,location-k4-fold2-seed0,2
ar,CoPy_R,16,MAE,0.19674236444061632,1286610,46c1dc5661c5fdc8,True,location-k4-fold2-seed0,2
ar,CoPy_R,16,SS_vs_persistence,0.4955029792465624,1286610,46c1dc5661c5fdc8,True,location-k4-fold2-seed0,2
ar,CoPy_R,16,SS_vs_seasonal,0.4652369736769366,1286610,46c1dc5661c5fdc8,True,location-k4-fold2-seed0,2
ar,CoPy_R,16,SS_vs_ar,1.458710929824747e-11,1286610,46c1dc5661c5fdc8,True,location-k4-fold2-seed0,2
ar,CoPy_R,17,MSE,0.06839317464111964,1286610,46c1dc5661c5fdc8,True,location-k4-fold2-seed0,2
ar,CoPy_R,17,MAE,0.19654669465055982,1286610,46c1dc5661c5fdc8,True,location-k4-fold2-seed0,2
ar,CoPy_R,17,SS_vs_persistence,0.48530261713101075,1286610,46c1dc5661c5fdc8,True,location-k4-fold2-seed0,2
ar,CoPy_R,17,SS_vs_seasonal,0.46648255685442774,1286610,46c1dc5661c5fdc8,True,location-k4-fold2-seed0,2
ar,CoPy_R,17,SS_vs_ar,1.4621415189708387e-11,1286610,46c1dc5661c5fdc8,True,location-k4-fold2-seed0,2
ar,CoPy_R,18,MSE,0.0683230273104621,1286610,46c1dc5661c5fdc8,True,location-k4-fold2-seed0,2
ar,CoPy_R,18,MAE,0.19650715163325286,1286610,46c1dc5661c5fdc8,True,location-k4-fold2-seed0,2
ar,CoPy_R,18,SS_vs_persistence,0.46322482633293816,1286610,46c1dc5661c5fdc8,True,location-k4-fold2-seed0,2
ar,CoPy_R,18,SS_vs_seasonal,0.4645051112667796,1286610,46c1dc5661c5fdc8,True,location-k4-fold2-seed0,2
ar,CoPy_R,18,SS_vs_ar,1.4636403200540826e-11,1286610,46c1dc5661c5fdc8,True,location-k4-fold2-seed0,2
ar,CoPy_R,19,MSE,0.06847589515827358,1286610,46c1dc5661c5fdc8,True,location-k4-fold2-seed0,2
ar,CoPy_R,19,MAE,0.1968175441168977,1286610,46c1dc5661c5fdc8,True,location-k4-fold2-seed0,2
ar,CoPy_R,19,SS_vs_persistence,0.4692736547731594,1286610,46c1dc5661c5fdc8,True,location-k4-fold2-seed0,2
ar,CoPy_R,19,SS_vs_seasonal,0.4814442370524813,1286610,46c1dc5661c5fdc8,True,location-k4-fold2-seed0,2
ar,CoPy_R,19,SS_vs_ar,1.4603762643616847e-11,1286610,46c1dc5661c5fdc8,True,location-k4-fold2-seed0,2
ar,CoPy_R,20,MSE,0.06867127557010512,1286610,46c1dc5661c5fdc8,True,location-k4-fold2-seed0,2
ar,CoPy_R,20,MAE,0.19698741924204355,1286610,46c1dc5661c5fdc8,True,location-k4-fold2-seed0,2
ar,CoPy_R,20,SS_vs_persistence,0.4973436873444027,1286610,46c1dc5661c5fdc8,True,location-k4-fold2-seed0,2
ar,CoPy_R,20,SS_vs_seasonal,0.4819168174952315,1286610,46c1dc5661c5fdc8,True,location-k4-fold2-seed0,2
ar,CoPy_R,20,SS_vs_ar,1.4562240302495866e-11,1286610,46c1dc5661c5fdc8,True,location-k4-fold2-seed0,2
ar,CoPy_R,21,MSE,0.06858455268958459,1286610,46c1dc5661c5fdc8,True,location-k4-fold2-seed0,2
ar,CoPy_R,21,MAE,0.19682448127814234,1286610,46c1dc5661c5fdc8,True,location-k4-fold2-seed0,2
ar,CoPy_R,21,SS_vs_persistence,0.5046284031687305,1286610,46c1dc5661c5fdc8,True,location-k4-fold2-seed0,2
ar,CoPy_R,21,SS_vs_seasonal,0.4783933683016669,1286610,46c1dc5661c5fdc8,True,location-k4-fold2-seed0,2
ar,CoPy_R,21,SS_vs_ar,1.4580670004704643e-11,1286610,46c1dc5661c5fdc8,True,location-k4-fold2-seed0,2
ar,CoPy_R,22,MSE,0.06825567000830798,1286610,46c1dc5661c5fdc8,True,location-k4-fold2-seed0,2
ar,CoPy_R,22,MAE,0.19625365338203687,1286610,46c1dc5661c5fdc8,True,location-k4-fold2-seed0,2
ar,CoPy_R,22,SS_vs_persistence,0.4926968892041027,1286610,46c1dc5661c5fdc8,True,location-k4-fold2-seed0,2
ar,CoPy_R,22,SS_vs_seasonal,0.4835711236033463,1286610,46c1dc5661c5fdc8,True,location-k4-fold2-seed0,2
ar,CoPy_R,22,SS_vs_ar,1.4650836099860953e-11,1286610,46c1dc5661c5fdc8,True,location-k4-fold2-seed0,2
ar,CoPy_R,23,MSE,0.06811560108895967,1286610,46c1dc5661c5fdc8,True,location-k4-fold2-seed0,2
ar,CoPy_R,23,MAE,0.1960087628866406,1286610,46c1dc5661c5fdc8,True,location-k4-fold2-seed0,2
ar,CoPy_R,23,SS_vs_persistence,0.4733450489954679,1286610,46c1dc5661c5fdc8,True,location-k4-fold2-seed0,2
ar,CoPy_R,23,SS_vs_seasonal,0.4807767604658656,1286610,46c1dc5661c5fdc8,True,location-k4-fold2-seed0,2
ar,CoPy_R,23,SS_vs_ar,1.4681034166130758e-11,1286610,46c1dc5661c5fdc8,True,location-k4-fold2-seed0,2
ar,CoPy_R,24,MSE,0.06825703106979433,1286610,46c1dc5661c5fdc8,True,location-k4-fold2-seed0,2
ar,CoPy_R,24,MAE,0.19627632736453587,1286610,46c1dc5661c5fdc8,True,location-k4-fold2-seed0,2
ar,CoPy_R,24,SS_vs_persistence,0.4782680199126106,1286610,46c1dc5661c5fdc8,True,location-k4-fold2-seed0,2
ar,CoPy_R,24,SS_vs_seasonal,0.4801768103625824,1286610,46c1dc5661c5fdc8,True,location-k4-fold2-seed0,2
ar,CoPy_R,24,SS_vs_ar,1.4650614055256028e-11,1286610,46c1dc5661c5fdc8,True,location-k4-fold2-seed0,2
ar,CoPy_R,25,MSE,0.06816288515716468,1286610,46c1dc5661c5fdc8,True,location-k4-fold2-seed0,2
ar,CoPy_R,25,MAE,0.1963129925264776,1286610,46c1dc5661c5fdc8,True,location-k4-fold2-seed0,2
ar,CoPy_R,25,SS_vs_persistence,0.4819383897875148,1286610,46c1dc5661c5fdc8,True,location-k4-fold2-seed0,2
ar,CoPy_R,25,SS_vs_seasonal,0.48014842968656457,1286610,46c1dc5661c5fdc8,True,location-k4-fold2-seed0,2
ar,CoPy_R,25,SS_vs_ar,1.4670820114304206e-11,1286610,46c1dc5661c5fdc8,True,location-k4-fold2-seed0,2
ar,CoPy_R,26,MSE,0.068145877133633,1286610,46c1dc5661c5fdc8,True,location-k4-fold2-seed0,2
ar,CoPy_R,26,MAE,0.19625053697906095,1286610,46c1dc5661c5fdc8,True,location-k4-fold2-seed0,2
ar,CoPy_R,26,SS_vs_persistence,0.47819314000329394,1286610,46c1dc5661c5fdc8,True,location-k4-fold2-seed0,2
ar,CoPy_R,26,SS_vs_seasonal,0.4798736358299506,1286610,46c1dc5661c5fdc8,True,location-k4-fold2-seed0,2
ar,CoPy_R,26,SS_vs_ar,1.467448385028547e-11,1286610,46c1dc5661c5fdc8,True,location-k4-fold2-seed0,2
ar,CoPy_R,27,MSE,0.06812989598179628,1286610,46c1dc5661c5fdc8,True,location-k4-fold2-seed0,2
ar,CoPy_R,27,MAE,0.19621245461274134,1286610,46c1dc5661c5fdc8,True,location-k4-fold2-seed0,2
ar,CoPy_R,27,SS_vs_persistence,0.47889286230571426,1286610,46c1dc5661c5fdc8,True,location-k4-fold2-seed0,2
ar,CoPy_R,27,SS_vs_seasonal,0.4798872445256803,1286610,46c1dc5661c5fdc8,True,location-k4-fold2-seed0,2
ar,CoPy_R,27,SS_vs_ar,1.4677925541661807e-11,1286610,46c1dc5661c5fdc8,True,location-k4-fold2-seed0,2
ar,CoPy_R,28,MSE,0.06831189134031189,1286610,46c1dc5661c5fdc8,True,location-k4-fold2-seed0,2
ar,CoPy_R,28,MAE,0.1964966091383655,1286610,46c1dc5661c5fdc8,True,location-k4-fold2-seed0,2
ar,CoPy_R,28,SS_vs_persistence,0.48933709979340756,1286610,46c1dc5661c5fdc8,True,location-k4-fold2-seed0,2
ar,CoPy_R,28,SS_vs_seasonal,0.4685892680038931,1286610,46c1dc5661c5fdc8,True,location-k4-fold2-seed0,2
ar,CoPy_R,28,SS_vs_ar,1.4638845691195e-11,1286610,46c1dc5661c5fdc8,True,location-k4-fold2-seed0,2
ar,CoPy_R,29,MSE,0.06829863131532815,1286610,46c1dc5661c5fdc8,True,location-k4-fold2-seed0,2
ar,CoPy_R,29,MAE,0.19660825410422808,1286610,46c1dc5661c5fdc8,True,location-k4-fold2-seed0,2
ar,CoPy_R,29,SS_vs_persistence,0.4987746384737878,1286610,46c1dc5661c5fdc8,True,location-k4-fold2-seed0,2
ar,CoPy_R,29,SS_vs_seasonal,0.4689689426719592,1286610,46c1dc5661c5fdc8,True,location-k4-fold2-seed0,2
ar,CoPy_R,29,SS_vs_ar,1.4641621248756564e-11,1286610,46c1dc5661c5fdc8,True,location-k4-fold2-seed0,2
ar,CoPy_R,30,MSE,0.0682877046063595,1286610,46c1dc5661c5fdc8,True,location-k4-fold2-seed0,2
ar,CoPy_R,30,MAE,0.19654325742246337,1286610,46c1dc5661c5fdc8,True,location-k4-fold2-seed0,2
ar,CoPy_R,30,SS_vs_persistence,0.4923528443831179,1286610,46c1dc5661c5fdc8,True,location-k4-fold2-seed0,2
ar,CoPy_R,30,SS_vs_seasonal,0.47016456606631196,1286610,46c1dc5661c5fdc8,True,location-k4-fold2-seed0,2
ar,CoPy_R,30,SS_vs_ar,1.4643952717108277e-11,1286610,46c1dc5661c5fdc8,True,location-k4-fold2-seed0,2
ar,CoPy_R,all,MSE,0.0680298904652774,1286610,46c1dc5661c5fdc8,True,location-k4-fold2-seed0,2
ar,CoPy_R,all,MAE,0.1955220700143551,1286610,46c1dc5661c5fdc8,True,location-k4-fold2-seed0,2
ar,CoPy_R,all,SS_vs_persistence,0.47985439451775946,1286610,46c1dc5661c5fdc8,True,location-k4-fold2-seed0,2
ar,CoPy_R,all,SS_vs_seasonal,0.47297736594407547,1286610,46c1dc5661c5fdc8,True,location-k4-fold2-seed0,2
ar,CoPy_R,all,SS_vs_ar,1.4699463868339535e-11,1286610,46c1dc5661c5fdc8,True,location-k4-fold2-seed0,2
map_aggregate,F_R,1,MSE,78659.61085768741,1286610,46c1dc5661c5fdc8,True,location-k4-fold2-seed0,2
map_aggregate,F_R,1,MAE,169.81601415420204,1286610,46c1dc5661c5fdc8,True,location-k4-fold2-seed0,2
map_aggregate,F_R,1,SS_vs_persistence,0.2964271375250439,1286610,46c1dc5661c5fdc8,True,location-k4-fold2-seed0,2
map_aggregate,F_R,1,SS_vs_seasonal,0.4436311318835039,1286610,46c1dc5661c5fdc8,True,location-k4-fold2-seed0,2
map_aggregate,F_R,1,SS_vs_ar,0.09737158028068504,1286610,46c1dc5661c5fdc8,True,location-k4-fold2-seed0,2
map_aggregate,F_R,2,MSE,86601.33071598012,1286610,46c1dc5661c5fdc8,True,location-k4-fold2-seed0,2
map_aggregate,F_R,2,MAE,167.4895041022951,1286610,46c1dc5661c5fdc8,True,location-k4-fold2-seed0,2
map_aggregate,F_R,2,SS_vs_persistence,0.339052948614474,1286610,46c1dc5661c5fdc8,True,location-k4-fold2-seed0,2
map_aggregate,F_R,2,SS_vs_seasonal,0.39825777876230284,1286610,46c1dc5661c5fdc8,True,location-k4-fold2-seed0,2
map_aggregate,F_R,2,SS_vs_ar,0.1222464116188946,1286610,46c1dc5661c5fdc8,True,location-k4-fold2-seed0,2
map_aggregate,F_R,3,MSE,92381.39965020337,1286610,46c1dc5661c5fdc8,True,location-k4-fold2-seed0,2
map_aggregate,F_R,3,MAE,176.0845881698243,1286610,46c1dc5661c5fdc8,True,location-k4-fold2-seed0,2
map_aggregate,F_R,3,SS_vs_persistence,0.32930281035301145,1286610,46c1dc5661c5fdc8,True,location-k4-fold2-seed0,2
map_aggregate,F_R,3,SS_vs_seasonal,0.37641945526572296,1286610,46c1dc5661c5fdc8,True,location-k4-fold2-seed0,2
map_aggregate,F_R,3,SS_vs_ar,0.114991801093971,1286610,46c1dc5661c5fdc8,True,location-k4-fold2-seed0,2
map_aggregate,F_R,4,MSE,93297.23762754325,1286610,46c1dc5661c5fdc8,True,location-k4-fold2-seed0,2
map_aggregate,F_R,4,MAE,178.69107037109288,1286610,46c1dc5661c5fdc8,True,location-k4-fold2-seed0,2
map_aggregate,F_R,4,SS_vs_persistence,0.3242914887608924,1286610,46c1dc5661c5fdc8,True,location-k4-fold2-seed0,2
map_aggregate,F_R,4,SS_vs_seasonal,0.3859933584416031,1286610,46c1dc5661c5fdc8,True,location-k4-fold2-seed0,2
map_aggregate,F_R,4,SS_vs_ar,0.13726376238742743,1286610,46c1dc5661c5fdc8,True,location-k4-fold2-seed0,2
map_aggregate,F_R,5,MSE,96869.02548274686,1286610,46c1dc5661c5fdc8,True,location-k4-fold2-seed0,2
map_aggregate,F_R,5,MAE,189.80226256393667,1286610,46c1dc5661c5fdc8,True,location-k4-fold2-seed0,2
map_aggregate,F_R,5,SS_vs_persistence,0.32511702229804307,1286610,46c1dc5661c5fdc8,True,location-k4-fold2-seed0,2
map_aggregate,F_R,5,SS_vs_seasonal,0.3628467760383499,1286610,46c1dc5661c5fdc8,True,location-k4-fold2-seed0,2
map_aggregate,F_R,5,SS_vs_ar,0.13228729264481975,1286610,46c1dc5661c5fdc8,True,location-k4-fold2-seed0,2
map_aggregate,F_R,6,MSE,95536.60768885435,1286610,46c1dc5661c5fdc8,True,location-k4-fold2-seed0,2
map_aggregate,F_R,6,MAE,182.5720169980826,1286610,46c1dc5661c5fdc8,True,location-k4-fold2-seed0,2
map_aggregate,F_R,6,SS_vs_persistence,0.31839851434356925,1286610,46c1dc5661c5fdc8,True,location-k4-fold2-seed0,2
map_aggregate,F_R,6,SS_vs_seasonal,0.3665967609712317,1286610,46c1dc5661c5fdc8,True,location-k4-fold2-seed0,2
map_aggregate,F_R,6,SS_vs_ar,0.16342678010731926,1286610,46c1dc5661c5fdc8,True,location-k4-fold2-seed0,2
map_aggregate,F_R,7,MSE,97260.078843874,1286610,46c1dc5661c5fdc8,True,location-k4-fold2-seed0,2
map_aggregate,F_R,7,MAE,185.3708754225112,1286610,46c1dc5661c5fdc8,True,location-k4-fold2-seed0,2
map_aggregate,F_R,7,SS_vs_persistence,0.3264438614695365,1286610,46c1dc5661c5fdc8,True,location-k4-fold2-seed0,2
map_aggregate,F_R,7,SS_vs_seasonal,0.3639108015960235,1286610,46c1dc5661c5fdc8,True,location-k4-fold2-seed0,2
map_aggregate,F_R,7,SS_vs_ar,0.17983796123125384,1286610,46c1dc5661c5fdc8,True,location-k4-fold2-seed0,2
map_aggregate,F_R,8,MSE,96969.98669516666,1286610,46c1dc5661c5fdc8,True,location-k4-fold2-seed0,2
map_aggregate,F_R,8,MAE,178.45856744888016,1286610,46c1dc5661c5fdc8,True,location-k4-fold2-seed0,2
map_aggregate,F_R,8,SS_vs_persistence,0.3468564465168177,1286610,46c1dc5661c5fdc8,True,location-k4-fold2-seed0,2
map_aggregate,F_R,8,SS_vs_seasonal,0.3616181867139423,1286610,46c1dc5661c5fdc8,True,location-k4-fold2-seed0,2
map_aggregate,F_R,8,SS_vs_ar,0.2047692363613025,1286610,46c1dc5661c5fdc8,True,location-k4-fold2-seed0,2
map_aggregate,F_R,9,MSE,97806.07142847343,1286610,46c1dc5661c5fdc8,True,location-k4-fold2-seed0,2
map_aggregate,F_R,9,MAE,179.930630758639,1286610,46c1dc5661c5fdc8,True,location-k4-fold2-seed0,2
map_aggregate,F_R,9,SS_vs_persistence,0.3382052324404875,1286610,46c1dc5661c5fdc8,True,location-k4-fold2-seed0,2
map_aggregate,F_R,9,SS_vs_seasonal,0.3405011031790266,1286610,46c1dc5661c5fdc8,True,location-k4-fold2-seed0,2
map_aggregate,F_R,9,SS_vs_ar,0.21068210948996346,1286610,46c1dc5661c5fdc8,True,location-k4-fold2-seed0,2
map_aggregate,F_R,10,MSE,103468.32316999255,1286610,46c1dc5661c5fdc8,True,location-k4-fold2-seed0,2
map_aggregate,F_R,10,MAE,196.545029375098,1286610,46c1dc5661c5fdc8,True,location-k4-fold2-seed0,2
map_aggregate,F_R,10,SS_vs_persistence,0.3041596006811933,1286610,46c1dc5661c5fdc8,True,location-k4-fold2-seed0,2
map_aggregate,F_R,10,SS_vs_seasonal,0.32174868787579247,1286610,46c1dc5661c5fdc8,True,location-k4-fold2-seed0,2
map_aggregate,F_R,10,SS_vs_ar,0.18421592401325237,1286610,46c1dc5661c5fdc8,True,location-k4-fold2-seed0,2
map_aggregate,F_R,11,MSE,100375.00843914991,1286610,46c1dc5661c5fdc8,True,location-k4-fold2-seed0,2
map_aggregate,F_R,11,MAE,186.35965609400432,1286610,46c1dc5661c5fdc8,True,location-k4-fold2-seed0,2
map_aggregate,F_R,11,SS_vs_persistence,0.342509647982304,1286610,46c1dc5661c5fdc8,True,location-k4-fold2-seed0,2
map_aggregate,F_R,11,SS_vs_seasonal,0.35512803111816416,1286610,46c1dc5661c5fdc8,True,location-k4-fold2-seed0,2
map_aggregate,F_R,11,SS_vs_ar,0.2294594339485383,1286610,46c1dc5661c5fdc8,True,location-k4-fold2-seed0,2
map_aggregate,F_R,12,MSE,104965.45266560826,1286610,46c1dc5661c5fdc8,True,location-k4-fold2-seed0,2
map_aggregate,F_R,12,MAE,198.2893198778267,1286610,46c1dc5661c5fdc8,True,location-k4-fold2-seed0,2
map_aggregate,F_R,12,SS_vs_persistence,0.31794940326646104,1286610,46c1dc5661c5fdc8,True,location-k4-fold2-seed0,2
map_aggregate,F_R,12,SS_vs_seasonal,0.3362005045405152,1286610,46c1dc5661c5fdc8,True,location-k4-fold2-seed0,2
map_aggregate,F_R,12,SS_vs_ar,0.2059110362282326,1286610,46c1dc5661c5fdc8,True,location-k4-fold2-seed0,2
map_aggregate,F_R,13,MSE,109081.17437383214,1286610,46c1dc5661c5fdc8,True,location-k4-fold2-seed0,2
map_aggregate,F_R,13,MAE,212.94537759339858,1286610,46c1dc5661c5fdc8,True,location-k4-fold2-seed0,2
map_aggregate,F_R,13,SS_vs_persistence,0.29873430868340345,1286610,46c1dc5661c5fdc8,True,location-k4-fold2-seed0,2
map_aggregate,F_R,13,SS_vs_seasonal,0.3202172548012343,1286610,46c1dc5661c5fdc8,True,location-k4-fold2-seed0,2
map_aggregate,F_R,13,SS_vs_ar,0.18768234037641673,1286610,46c1dc5661c5fdc8,True,location-k4-fold2-seed0,2
map_aggregate,F_R,14,MSE,104978.94854542891,1286610,46c1dc5661c5fdc8,True,location-k4-fold2-seed0,2
map_aggregate,F_R,14,MAE,192.10612113605424,1286610,46c1dc5661c5fdc8,True,location-k4-fold2-seed0,2
map_aggregate,F_R,14,SS_vs_persistence,0.3348414691955728,1286610,46c1dc5661c5fdc8,True,location-k4-fold2-seed0,2
map_aggregate,F_R,14,SS_vs_seasonal,0.3475729459904736,1286610,46c1dc5661c5fdc8,True,location-k4-fold2-seed0,2
map_aggregate,F_R,14,SS_vs_ar,0.2316829259054719,1286610,46c1dc5661c5fdc8,True,location-k4-fold2-seed0,2
map_aggregate,F_R,15,MSE,113923.6137003037,1286610,46c1dc5661c5fdc8,True,location-k4-fold2-seed0,2
map_aggregate,F_R,15,MAE,221.0539889780246,1286610,46c1dc5661c5fdc8,True,location-k4-fold2-seed0,2
map_aggregate,F_R,15,SS_vs_persistence,0.2904894378883822,1286610,46c1dc5661c5fdc8,True,location-k4-fold2-seed0,2
map_aggregate,F_R,15,SS_vs_seasonal,0.2945343665660851,1286610,46c1dc5661c5fdc8,True,location-k4-fold2-seed0,2
map_aggregate,F_R,15,SS_vs_ar,0.1802647391504616,1286610,46c1dc5661c5fdc8,True,location-k4-fold2-seed0,2
map_aggregate,F_R,16,MSE,109765.44363601564,1286610,46c1dc5661c5fdc8,True,location-k4-fold2-seed0,2
map_aggregate,F_R,16,MAE,194.15980932044823,1286610,46c1dc5661c5fdc8,True,location-k4-fold2-seed0,2
map_aggregate,F_R,16,SS_vs_persistence,0.3357138739098138,1286610,46c1dc5661c5fdc8,True,location-k4-fold2-seed0,2
map_aggregate,F_R,16,SS_vs_seasonal,0.34230175216959113,1286610,46c1dc5661c5fdc8,True,location-k4-fold2-seed0,2
map_aggregate,F_R,16,SS_vs_ar,0.24986460321471926,1286610,46c1dc5661c5fdc8,True,location-k4-fold2-seed0,2
map_aggregate,F_R,17,MSE,109550.50208382058,1286610,46c1dc5661c5fdc8,True,location-k4-fold2-seed0,2
map_aggregate,F_R,17,MAE,191.2351337840695,1286610,46c1dc5661c5fdc8,True,location-k4-fold2-seed0,2
map_aggregate,F_R,17,SS_vs_persistence,0.33387723726416607,1286610,46c1dc5661c5fdc8,True,location-k4-fold2-seed0,2
map_aggregate,F_R,17,SS_vs_seasonal,0.34586486035188846,1286610,46c1dc5661c5fdc8,True,location-k4-fold2-seed0,2
map_aggregate,F_R,17,SS_vs_ar,0.259832089368472,1286610,46c1dc5661c5fdc8,True,location-k4-fold2-seed0,2
map_aggregate,F_R,18,MSE,115702.447437991,1286610,46c1dc5661c5fdc8,True,location-k4-fold2-seed0,2
map_aggregate,F_R,18,MAE,213.13300691098993,1286610,46c1dc5661c5fdc8,True,location-k4-fold2-seed0,2
map_aggregate,F_R,18,SS_vs_persistence,0.30043027691622726,1286610,46c1dc5661c5fdc8,True,location-k4-fold2-seed0,2
map_aggregate,F_R,18,SS_vs_seasonal,0.30576774503958404,1286610,46c1dc5661c5fdc8,True,location-k4-fold2-seed0,2
map_aggregate,F_R,18,SS_vs_ar,0.24053278945568846,1286610,46c1dc5661c5fdc8,True,location-k4-fold2-seed0,2
map_aggregate,F_R,19,MSE,114499.98795447947,1286610,46c1dc5661c5fdc8,True,location-k4-fold2-seed0,2
map_aggregate,F_R,19,MAE,205.93011935131952,1286610,46c1dc5661c5fdc8,True,location-k4-fold2-seed0,2
map_aggregate,F_R,19,SS_vs_persistence,0.31467100650813284,1286610,46c1dc5661c5fdc8,True,location-k4-fold2-seed0,2
map_aggregate,F_R,19,SS_vs_seasonal,0.3363312686683013,1286610,46c1dc5661c5fdc8,True,location-k4-fold2-seed0,2
map_aggregate,F_R,19,SS_vs_ar,0.2584596262496356,1286610,46c1dc5661c5fdc8,True,location-k4-fold2-seed0,2
map_aggregate,F_R,20,MSE,112356.64408545954,1286610,46c1dc5661c5fdc8,True,location-k4-fold2-seed0,2
map_aggregate,F_R,20,MAE,190.10099179006153,1286610,46c1dc5661c5fdc8,True,location-k4-fold2-seed0,2
map_aggregate,F_R,20,SS_vs_persistence,0.3440420829214137,1286610,46c1dc5661c5fdc8,True,location-k4-fold2-seed0,2
map_aggregate,F_R,20,SS_vs_seasonal,0.35075698229535,1286610,46c1dc5661c5fdc8,True,location-k4-fold2-seed0,2
map_aggregate,F_R,20,SS_vs_ar,0.27961810338189985,1286610,46c1dc5661c5fdc8,True,location-k4-fold2-seed0,2
map_aggregate,F_R,21,MSE,113655.59715428053,1286610,46c1dc5661c5fdc8,True,location-k4-fold2-seed0,2
map_aggregate,F_R,21,MAE,194.89841420075055,1286610,46c1dc5661c5fdc8,True,location-k4-fold2-seed0,2
map_aggregate,F_R,21,SS_vs_persistence,0.335805454857099,1286610,46c1dc5661c5fdc8,True,location-k4-fold2-seed0,2
map_aggregate,F_R,21,SS_vs_seasonal,0.3490423626408854,1286610,46c1dc5661c5fdc8,True,location-k4-fold2-seed0,2
map_aggregate,F_R,21,SS_vs_ar,0.27585528028976536,1286610,46c1dc5661c5fdc8,True,location-k4-fold2-seed0,2
map_aggregate,F_R,22,MSE,115157.0401798502,1286610,46c1dc5661c5fdc8,True,location-k4-fold2-seed0,2
map_aggregate,F_R,22,MAE,199.53768135016665,1286610,46c1dc5661c5fdc8,True,location-k4-fold2-seed0,2
map_aggregate,F_R,22,SS_vs_persistence,0.31376452887695017,1286610,46c1dc5661c5fdc8,True,location-k4-fold2-seed0,2
map_aggregate,F_R,22,SS_vs_seasonal,0.34631199398196777,1286610,46c1dc5661c5fdc8,True,location-k4-fold2-seed0,2
map_aggregate,F_R,22,SS_vs_ar,0.274040542020093,1286610,46c1dc5661c5fdc8,True,location-k4-fold2-seed0,2
map_aggregate,F_R,23,MSE,115942.48669551889,1286610,46c1dc5661c5fdc8,True,location-k4-fold2-seed0,2
map_aggregate,F_R,23,MAE,205.38812400666225,1286610,46c1dc5661c5fdc8,True,location-k4-fold2-seed0,2
map_aggregate,F_R,23,SS_vs_persistence,0.31334968904789096,1286610,46c1dc5661c5fdc8,True,location-k4-fold2-seed0,2
map_aggregate,F_R,23,SS_vs_seasonal,0.3517787282676098,1286610,46c1dc5661c5fdc8,True,location-k4-fold2-seed0,2
map_aggregate,F_R,23,SS_vs_ar,0.27517450352929984,1286610,46c1dc5661c5fdc8,True,location-k4-fold2-seed0,2
map_aggregate,F_R,24,MSE,111354.03604764142,1286610,46c1dc5661c5fdc8,True,location-k4-fold2-seed0,2
map_aggregate,F_R,24,MAE,200.74814011632546,1286610,46c1dc5661c5fdc8,True,location-k4-fold2-seed0,2
map_aggregate,F_R,24,SS_vs_persistence,0.324626320135157,1286610,46c1dc5661c5fdc8,True,location-k4-fold2-seed0,2
map_aggregate,F_R,24,SS_vs_seasonal,0.36947807679246225,1286610,46c1dc5661c5fdc8,True,location-k4-fold2-seed0,2
map_aggregate,F_R,24,SS_vs_ar,0.30327057140237934,1286610,46c1dc5661c5fdc8,True,location-k4-fold2-seed0,2
map_aggregate,F_R,25,MSE,108350.94653315387,1286610,46c1dc5661c5fdc8,True,location-k4-fold2-seed0,2
map_aggregate,F_R,25,MAE,198.3576005110702,1286610,46c1dc5661c5fdc8,True,location-k4-fold2-seed0,2
map_aggregate,F_R,25,SS_vs_persistence,0.3365883105631292,1286610,46c1dc5661c5fdc8,True,location-k4-fold2-seed0,2
map_aggregate,F_R,25,SS_vs_seasonal,0.3804207784690462,1286610,46c1dc5661c5fdc8,True,location-k4-fold2-seed0,2
map_aggregate,F_R,25,SS_vs_ar,0.31897755618288093,1286610,46c1dc5661c5fdc8,True,location-k4-fold2-seed0,2
map_aggregate,F_R,26,MSE,110476.48547265526,1286610,46c1dc5661c5fdc8,True,location-k4-fold2-seed0,2
map_aggregate,F_R,26,MAE,200.4778477689013,1286610,46c1dc5661c5fdc8,True,location-k4-fold2-seed0,2
map_aggregate,F_R,26,SS_vs_persistence,0.333881559646824,1286610,46c1dc5661c5fdc8,True,location-k4-fold2-seed0,2
map_aggregate,F_R,26,SS_vs_seasonal,0.36946573447432585,1286610,46c1dc5661c5fdc8,True,location-k4-fold2-seed0,2
map_aggregate,F_R,26,SS_vs_ar,0.3146256235824707,1286610,46c1dc5661c5fdc8,True,location-k4-fold2-seed0,2
map_aggregate,F_R,27,MSE,112686.25673304286,1286610,46c1dc5661c5fdc8,True,location-k4-fold2-seed0,2
map_aggregate,F_R,27,MAE,203.145316446533,1286610,46c1dc5661c5fdc8,True,location-k4-fold2-seed0,2
map_aggregate,F_R,27,SS_vs_persistence,0.34340400852289965,1286610,46c1dc5661c5fdc8,True,location-k4-fold2-seed0,2
map_aggregate,F_R,27,SS_vs_seasonal,0.3483266901253703,1286610,46c1dc5661c5fdc8,True,location-k4-fold2-seed0,2
map_aggregate,F_R,27,SS_vs_ar,0.309066131998214,1286610,46c1dc5661c5fdc8,True,location-k4-fold2-seed0,2
map_aggregate,F_R,28,MSE,114382.5616269764,1286610,46c1dc5661c5fdc8,True,location-k4-fold2-seed0,2
map_aggregate,F_R,28,MAE,204.32464308876848,1286610,46c1dc5661c5fdc8,True,location-k4-fold2-seed0,2
map_aggregate,F_R,28,SS_vs_persistence,0.32626437444423584,1286610,46c1dc5661c5fdc8,True,location-k4-fold2-seed0,2
map_aggregate,F_R,28,SS_vs_seasonal,0.33902456540380943,1286610,46c1dc5661c5fdc8,True,location-k4-fold2-seed0,2
map_aggregate,F_R,28,SS_vs_ar,0.3051892783908,1286610,46c1dc5661c5fdc8,True,location-k4-fold2-seed0,2
map_aggregate,F_R,29,MSE,111840.66353084912,1286610,46c1dc5661c5fdc8,True,location-k4-fold2-seed0,2
map_aggregate,F_R,29,MAE,188.44214184623561,1286610,46c1dc5661c5fdc8,True,location-k4-fold2-seed0,2
map_aggregate,F_R,29,SS_vs_persistence,0.34325103306498495,1286610,46c1dc5661c5fdc8,True,location-k4-fold2-seed0,2
map_aggregate,F_R,29,SS_vs_seasonal,0.35328619127548166,1286610,46c1dc5661c5fdc8,True,location-k4-fold2-seed0,2
map_aggregate,F_R,29,SS_vs_ar,0.32638357135722473,1286610,46c1dc5661c5fdc8,True,location-k4-fold2-seed0,2
map_aggregate,F_R,30,MSE,110542.32780074731,1286610,46c1dc5661c5fdc8,True,location-k4-fold2-seed0,2
map_aggregate,F_R,30,MAE,189.8512808333826,1286610,46c1dc5661c5fdc8,True,location-k4-fold2-seed0,2
map_aggregate,F_R,30,SS_vs_persistence,0.3466413587516295,1286610,46c1dc5661c5fdc8,True,location-k4-fold2-seed0,2
map_aggregate,F_R,30,SS_vs_seasonal,0.36197812879343705,1286610,46c1dc5661c5fdc8,True,location-k4-fold2-seed0,2
map_aggregate,F_R,30,SS_vs_ar,0.3405390745049304,1286610,46c1dc5661c5fdc8,True,location-k4-fold2-seed0,2
map_aggregate,F_R,all,MSE,105281.24322857367,1286610,46c1dc5661c5fdc8,True,location-k4-fold2-seed0,2
map_aggregate,F_R,all,MAE,193.17484247898295,1286610,46c1dc5661c5fdc8,True,location-k4-fold2-seed0,2
map_aggregate,F_R,all,SS_vs_persistence,0.32632234496395385,1286610,46c1dc5661c5fdc8,True,location-k4-fold2-seed0,2
map_aggregate,F_R,all,SS_vs_seasonal,0.35352775829334837,1286610,46c1dc5661c5fdc8,True,location-k4-fold2-seed0,2
map_aggregate,F_R,all,SS_vs_ar,0.24110143322518163,1286610,46c1dc5661c5fdc8,True,location-k4-fold2-seed0,2
map_aggregate,CoPx_R,1,MSE,0.11713291879331823,1286610,46c1dc5661c5fdc8,True,location-k4-fold2-seed0,2
map_aggregate,CoPx_R,1,MAE,0.22815395674706038,1286610,46c1dc5661c5fdc8,True,location-k4-fold2-seed0,2
map_aggregate,CoPx_R,1,SS_vs_persistence,0.39108648470309326,1286610,46c1dc5661c5fdc8,True,location-k4-fold2-seed0,2
map_aggregate,CoPx_R,1,SS_vs_seasonal,0.440914349520789,1286610,46c1dc5661c5fdc8,True,location-k4-fold2-seed0,2
map_aggregate,CoPx_R,1,SS_vs_ar,-0.05583726327419347,1286610,46c1dc5661c5fdc8,True,location-k4-fold2-seed0,2
map_aggregate,CoPx_R,2,MSE,0.11922449277339846,1286610,46c1dc5661c5fdc8,True,location-k4-fold2-seed0,2
map_aggregate,CoPx_R,2,MAE,0.2324728340105435,1286610,46c1dc5661c5fdc8,True,location-k4-fold2-seed0,2
map_aggregate,CoPx_R,2,SS_vs_persistence,0.4416260829547073,1286610,46c1dc5661c5fdc8,True,location-k4-fold2-seed0,2
map_aggregate,CoPx_R,2,SS_vs_seasonal,0.4368100686967482,1286610,46c1dc5661c5fdc8,True,location-k4-fold2-seed0,2
map_aggregate,CoPx_R,2,SS_vs_ar,-0.054278076525594354,1286610,46c1dc5661c5fdc8,True,location-k4-fold2-seed0,2
map_aggregate,CoPx_R,3,MSE,0.12004628360015746,1286610,46c1dc5661c5fdc8,True,location-k4-fold2-seed0,2
map_aggregate,CoPx_R,3,MAE,0.2314501155089628,1286610,46c1dc5661c5fdc8,True,location-k4-fold2-seed0,2
map_aggregate,CoPx_R,3,SS_vs_persistence,0.42866506404732085,1286610,46c1dc5661c5fdc8,True,location-k4-fold2-seed0,2
map_aggregate,CoPx_R,3,SS_vs_seasonal,0.43472694253277544,1286610,46c1dc5661c5fdc8,True,location-k4-fold2-seed0,2
map_aggregate,CoPx_R,3,SS_vs_ar,-0.06316197377699728,1286610,46c1dc5661c5fdc8,True,location-k4-fold2-seed0,2
map_aggregate,CoPx_R,4,MSE,0.11731357049530915,1286610,46c1dc5661c5fdc8,True,location-k4-fold2-seed0,2
map_aggregate,CoPx_R,4,MAE,0.2302589809505081,1286610,46c1dc5661c5fdc8,True,location-k4-fold2-seed0,2
map_aggregate,CoPx_R,4,SS_vs_persistence,0.42384183834625355,1286610,46c1dc5661c5fdc8,True,location-k4-fold2-seed0,2
map_aggregate,CoPx_R,4,SS_vs_seasonal,0.44074290262923255,1286610,46c1dc5661c5fdc8,True,location-k4-fold2-seed0,2
map_aggregate,CoPx_R,4,SS_vs_ar,-0.0412106871574931,1286610,46c1dc5661c5fdc8,True,location-k4-fold2-seed0,2
map_aggregate,CoPx_R,5,MSE,0.11880257430679773,1286610,46c1dc5661c5fdc8,True,location-k4-fold2-seed0,2
map_aggregate,CoPx_R,5,MAE,0.22963638085698862,1286610,46c1dc5661c5fdc8,True,location-k4-fold2-seed0,2
map_aggregate,CoPx_R,5,SS_vs_persistence,0.43389667018814104,1286610,46c1dc5661c5fdc8,True,location-k4-fold2-seed0,2
map_aggregate,CoPx_R,5,SS_vs_seasonal,0.43615927341695626,1286610,46c1dc5661c5fdc8,True,location-k4-fold2-seed0,2
map_aggregate,CoPx_R,5,SS_vs_ar,-0.04861869044618805,1286610,46c1dc5661c5fdc8,True,location-k4-fold2-seed0,2
map_aggregate,CoPx_R,6,MSE,0.12183854996504305,1286610,46c1dc5661c5fdc8,True,location-k4-fold2-seed0,2
map_aggregate,CoPx_R,6,MAE,0.23645989945117651,1286610,46c1dc5661c5fdc8,True,location-k4-fold2-seed0,2
map_aggregate,CoPx_R,6,SS_vs_persistence,0.4252770038633732,1286610,46c1dc5661c5fdc8,True,location-k4-fold2-seed0,2
map_aggregate,CoPx_R,6,SS_vs_seasonal,0.42063331505930956,1286610,46c1dc5661c5fdc8,True,location-k4-fold2-seed0,2
map_aggregate,CoPx_R,6,SS_vs_ar,-0.07349420872610013,1286610,46c1dc5661c5fdc8,True,location-k4-fold2-seed0,2
map_aggregate,CoPx_R,7,MSE,0.11982711816974644,1286610,46c1dc5661c5fdc8,True,location-k4-fold2-seed0,2
map_aggregate,CoPx_R,7,MAE,0.2305446401515964,1286610,46c1dc5661c5fdc8,True,location-k4-fold2-seed0,2
map_aggregate,CoPx_R,7,SS_vs_persistence,0.43699715930108807,1286610,46c1dc5661c5fdc8,True,location-k4-fold2-seed0,2
map_aggregate,CoPx_R,7,SS_vs_seasonal,0.42890842599346857,1286610,46c1dc5661c5fdc8,True,location-k4-fold2-seed0,2
map_aggregate,CoPx_R,7,SS_vs_ar,-0.05337254499594635,1286610,46c1dc5661c5fdc8,True,location-k4-fold2-seed0,2
map_aggregate,CoPx_R,8,MSE,0.11720890957977578,1286610,46c1dc5661c5fdc8,True,location-k4-fold2-seed0,2
map_aggregate,CoPx_R,8,MAE,0.23412272610467139,1286610,46c1dc5661c5fdc8,True,location-k4-fold2-seed0,2
map_aggregate,CoPx_R,8,SS_vs_persistence,0.4324954965385446,1286610,46c1dc5661c5fdc8,True,location-k4-fold2-seed0,2
map_aggregate,CoPx_R,8,SS_vs_seasonal,0.44074522867514343,1286610,46c1dc5661c5fdc8,True,location-k4-fold2-seed0,2
map_aggregate,CoPx_R,8,SS_vs_ar,-0.02750829129643062,1286610,46c1dc5661c5fdc8,True,location-k4-fold2-seed0,2
map_aggregate,CoPx_R,9,MSE,0.11882913979623833,1286610,46c1dc5661c5fdc8,True,location-k4-fold2-seed0,2
map_aggregate,CoPx_R,9,MAE,0.2342458959887194,1286610,46c1dc5661c5fdc8,True,location-k4-fold2-seed0,2
map_aggregate,CoPx_R,9,SS_vs_persistence,0.4327478966358226,1286610,46c1dc5661c5fdc8,True,location-k4-fold2-seed0,2
map_aggregate,CoPx_R,9,SS_vs_seasonal,0.43242595207389734,1286610,46c1dc5661c5fdc8,True,location-k4-fold2-seed0,2
map_aggregate,CoPx_R,9,SS_vs_ar,-0.03574184654622847,1286610,46c1dc5661c5fdc8,True,location-k4-fold2-seed0,2
map_aggregate,CoPx_R,10,MSE,0.12034567043925361,1286610,46c1dc5661c5fdc8,True,location-k4-fold2-seed0,2
map_aggregate,CoPx_R,10,MAE,0.23346872175445493,1286610,46c1dc5661c5fdc8,True,location-k4-fold2-seed0,2
map_aggregate,CoPx_R,10,SS_vs_persistence,0.4269481665081726,1286610,46c1dc5661c5fdc8,True,location-k4-fold2-seed0,2
map_aggregate,CoPx_R,10,SS_vs_seasonal,0.43148104354166206,1286610,46c1dc5661c5fdc8,True,location-k4-fold2-seed0,2
map_aggregate,CoPx_R,10,SS_vs_ar,-0.04378429039600307,1286610,46c1dc5661c5fdc8,True,location-k4-fold2-seed0,2
map_aggregate,CoPx_R,11,MSE,0.12239843409548369,1286610,46c1dc5661c5fdc8,True,location-k4-fold2-seed0,2
map_aggregate,CoPx_R,11,MAE,0.23675938004375555,1286610,46c1dc5661c5fdc8,True,location-k4-fold2-seed0,2
map_aggregate,CoPx_R,11,SS_vs_persistence,0.4424549936880886,1286610,46c1dc5661c5fdc8,True,location-k4-fold2-seed0,2
map_aggregate,CoPx_R,11,SS_vs_seasonal,0.4273959545459495,1286610,46c1dc5661c5fdc8,True,location-k4-fold2-seed0,2
map_aggregate,CoPx_R,11,SS_vs_ar,-0.056477066732526504,1286610,46c1dc5661c5fdc8,True,location-k4-fold2-seed0,2
map_aggregate,CoPx_R,12,MSE,0.12054906924108857,1286610,46c1dc5661c5fdc8,True,location-k4-fold2-seed0,2
map_aggregate,CoPx_R,12,MAE,0.2360064520537505,1286610,46c1dc5661c5fdc8,True,location-k4-fold2-seed0,2
map_aggregate,CoPx_R,12,SS_vs_persistence,0.4586894872718619,1286610,46c1dc5661c5fdc8,True,location-k4-fold2-seed0,2
map_aggregate,CoPx_R,12,SS_vs_seasonal,0.4341659499902669,1286610,46c1dc5661c5fdc8,True,location-k4-fold2-seed0,2
map_aggregate,CoPx_R,12,SS_vs_ar,-0.04372220372981461,1286610,46c1dc5661c5fdc8,True,location-k4-fold2-seed0,2
map_aggregate,CoPx_R,13,MSE,0.12034137147868258,1286610,46c1dc5661c5fdc8,True,location-k4-fold2-seed0,2
map_aggregate,CoPx_R,13,MAE,0.23436194048985992,1286610,46c1dc5661c5fdc8,True,location-k4-fold2-seed0,2
map_aggregate,CoPx_R,13,SS_vs_persistence,0.4438403310551241,1286610,46c1dc5661c5fdc8,True,location-k4-fold2-seed0,2
map_aggregate,CoPx_R,13,SS_vs_seasonal,0.43674662075386583,1286610,46c1dc5661c5fdc8,True,location-k4-fold2-seed0,2
map_aggregate,CoPx_R,13,SS_vs_ar,-0.039849349270398626,1286610,46c1dc5661c5fdc8,True,location-k4-fold2-seed0,2
map_aggregate,CoPx_R,14,MSE,0.11786845554445013,1286610,46c1dc5661c5fdc8,True,location-k4-fold2-seed0,2
map_aggregate,CoPx_R,14,MAE,0.23256650663600648,1286610,46c1dc5661c5fdc8,True,location-k4-fold2-seed0,2
map_aggregate,CoPx_R,14,SS_vs_persistence,0.43384367444428373,1286610,46c1dc5661c5fdc8,True,location-k4-fold2-seed0,2
map_aggregate,CoPx_R,14,SS_vs_seasonal,0.4473303051966574,1286610,46c1dc5661c5fdc8,True,location-k4-fold2-seed0,2
map_aggregate,CoPx_R,14,SS_vs_ar,-0.019375142172536997,1286610,46c1dc5661c5fdc8,True,location-k4-fold2-seed0,2
map_aggregate,CoPx_R,15,MSE,0.11917670316492304,1286610,46c1dc5661c5fdc8,True,location-k4-fold2-seed0,2
map_aggregate,CoPx_R,15,MAE,0.23127384598550918,1286610,46c1dc5661c5fdc8,True,location-k4-fold2-seed0,2
map_aggregate,CoPx_R,15,SS_vs_persistence,0.4529652495237412,1286610,46c1dc5661c5fdc8,True,location-k4-fold2-seed0,2
map_aggregate,CoPx_R,15,SS_vs_seasonal,0.44294506483399676,1286610,46c1dc5661c5fdc8,True,location-k4-fold2-seed0,2
map_aggregate,CoPx_R,15,SS_vs_ar,-0.027095323849899877,1286610,46c1dc5661c5fdc8,True,location-k4-fold2-seed0,2
map_aggregate,CoPx_R,16,MSE,0.11992335977778162,1286610,46c1dc5661c5fdc8,True,location-k4-fold2-seed0,2
map_aggregate,CoPx_R,16,MAE,0.23420211741537122,1286610,46c1dc5661c5fdc8,True,location-k4-fold2-seed0,2
map_aggregate,CoPx_R,16,SS_vs_persistence,0.4614529367340413,1286610,46c1dc5661c5fdc8,True,location-k4-fold2-seed0,2
map_aggregate,CoPx_R,16,SS_vs_seasonal,0.43667139706397107,1286610,46c1dc5661c5fdc8,True,location-k4-fold2-seed0,2
map_aggregate,CoPx_R,16,SS_vs_ar,-0.037307374768450474,1286610,46c1dc5661c5fdc8,True,location-k4-fold2-seed0,2
map_aggregate,CoPx_R,17,MSE,0.11699545520836029,1286610,46c1dc5661c5fdc8,True,location-k4-fold2-seed0,2
map_aggregate,CoPx_R,17,MAE,0.2306219521299352,1286610,46c1dc5661c5fdc8,True,location-k4-fold2-seed0,2
map_aggregate,CoPx_R,17,SS_vs_persistence,0.45884323917500847,1286610,46c1dc5661c5fdc8,True,location-k4-fold2-seed0,2
map_aggregate,CoPx_R,17,SS_vs_seasonal,0.44975243114859265,1286610,46c1dc5661c5fdc8,True,location-k4-fold2-seed0,2
map_aggregate,CoPx_R,17,SS_vs_ar,-0.012801681512119467,1286610,46c1dc5661c5fdc8,True,location-k4-fold2-seed0,2
map_aggregate,CoPx_R,18,MSE,0.11877988616579589,1286610,46c1dc5661c5fdc8,True,location-k4-fold2-seed0,2
map_aggregate,CoPx_R,18,MAE,0.22976933928496882,1286610,46c1dc5661c5fdc8,True,location-k4-fold2-seed0,2
map_aggregate,CoPx_R,18,SS_vs_persistence,0.44252280093285223,1286610,46c1dc5661c5fdc8,True,location-k4-fold2-seed0,2
map_aggregate,CoPx_R,18,SS_vs_seasonal,0.4421691863172802,1286610,46c1dc5661c5fdc8,True,location-k4-fold2-seed0,2
map_aggregate,CoPx_R,18,SS_vs_ar,-0.025090282068386704,1286610,46c1dc5661c5fdc8,True,location-k4-fold2-seed0,2
map_aggregate,CoPx_R,19,MSE,0.11845316641744782,1286610,46c1dc5661c5fdc8,True,location-k4-fold2-seed0,2
map_aggregate,CoPx_R,19,MAE,0.2305447984765785,1286610,46c1dc5661c5fdc8,True,location-k4-fold2-seed0,2
map_aggregate,CoPx_R,19,SS_vs_persistence,0.45545881325985604,1286610,46c1dc5661c5fdc8,True,location-k4-fold2-seed0,2
map_aggregate,CoPx_R,19,SS_vs_seasonal,0.4543488226564385,1286610,46c1dc5661c5fdc8,True,location-k4-fold2-seed0,2
map_aggregate,CoPx_R,19,SS_vs_ar,-0.021949954121232906,1286610,46c1dc5661c5fdc8,True,location-k4-fold2-seed0,2
map_aggregate,CoPx_R,20,MSE,0.12185220775407901,1286610,46c1dc5661c5fdc8,True,location-k4-fold2-seed0,2
map_aggregate,CoPx_R,20,MAE,0.23594912553271283,1286610,46c1dc5661c5fdc8,True,location-k4-fold2-seed0,2
map_aggregate,CoPx_R,20,SS_vs_persistence,0.4573829044601062,1286610,46c1dc5661c5fdc8,True,location-k4-fold2-seed0,2
map_aggregate,CoPx_R,20,SS_vs_seasonal,0.43852182871301426,1286610,46c1dc5661c5fdc8,True,location-k4-fold2-seed0,2
map_aggregate,CoPx_R,20,SS_vs_ar,-0.0506400683070134,1286610,46c1dc5661c5fdc8,True,location-k4-fold2-seed0,2
map_aggregate,CoPx_R,21,MSE,0.11862603070715667,1286610,46c1dc5661c5fdc8,True,location-k4-fold2-seed0,2
map_aggregate,CoPx_R,21,MAE,0.23458081588984273,1286610,46c1dc5661c5fdc8,True,location-k4-fold2-seed0,2
map_aggregate,CoPx_R,21,SS_vs_persistence,0.46968476233416234,1286610,46c1dc5661c5fdc8,True,location-k4-fold2-seed0,2
map_aggregate,CoPx_R,21,SS_vs_seasonal,0.4520650900563059,1286610,46c1dc5661c5fdc8,True,location-k4-fold2-seed0,2
map_aggregate,CoPx_R,21,SS_vs_ar,-0.023832345993041404,1286610,46c1dc5661c5fdc8,True,location-k4-fold2-seed0,2
map_aggregate,CoPx_R,22,MSE,0.11813748176837038,1286610,46c1dc5661c5fdc8,True,location-k4-fold2-seed0,2
map_aggregate,CoPx_R,22,MAE,0.23142027963765704,1286610,46c1dc5661c5fdc8,True,location-k4-fold2-seed0,2
map_aggregate,CoPx_R,22,SS_vs_persistence,0.45758274398060317,1286610,46c1dc5661c5fdc8,True,location-k4-fold2-seed0,2
map_aggregate,CoPx_R,22,SS_vs_seasonal,0.4541001352532188,1286610,46c1dc5661c5fdc8,True,location-k4-fold2-seed0,2
map_aggregate,CoPx_R,22,SS_vs_ar,-0.023095452559576124,1286610,46c1dc5661c5fdc8,True,location-k4-fold2-seed0,2
map_aggregate,CoPx_R,23,MSE,0.11908174848818984,1286610,46c1dc5661c5fdc8,True,location-k4-fold2-seed0,2
map_aggregate,CoPx_R,23,MAE,0.23705935953439006,1286610,46c1dc5661c5fdc8,True,location-k4-fold2-seed0,2
map_aggregate,CoPx_R,23,SS_vs_persistence,0.4481042293653198,1286610,46c1dc5661c5fdc8,True,location-k4-fold2-seed0,2
map_aggregate,CoPx_R,23,SS_vs_seasonal,0.4500982251168564,1286610,46c1dc5661c5fdc8,True,location-k4-fold2-seed0,2
map_aggregate,CoPx_R,23,SS_vs_ar,-0.027057564874091833,1286610,46c1dc5661c5fdc8,True,location-k4-fold2-seed0,2
map_aggregate,CoPx_R,24,MSE,0.117059401702577,1286610,46c1dc5661c5fdc8,True,location-k4-fold2-seed0,2
map_aggregate,CoPx_R,24,MAE,0.23005650181231907,1286610,46c1dc5661c5fdc8,True,location-k4-fold2-seed0,2
map_aggregate,CoPx_R,24,SS_vs_persistence,0.4578084157517496,1286610,46c1dc5661c5fdc8,True,location-k4-fold2-seed0,2
map_aggregate,CoPx_R,24,SS_vs_seasonal,0.46000371170072085,1286610,46c1dc5661c5fdc8,True,location-k4-fold2-seed0,2
map_aggregate,CoPx_R,24,SS_vs_ar,-0.011278639571036475,1286610,46c1dc5661c5fdc8,True,location-k4-fold2-seed0,2
map_aggregate,CoPx_R,25,MSE,0.11682630002036586,1286610,46c1dc5661c5fdc8,True,location-k4-fold2-seed0,2
map_aggregate,CoPx_R,25,MAE,0.22923652903398503,1286610,46c1dc5661c5fdc8,True,location-k4-fold2-seed0,2
map_aggregate,CoPx_R,25,SS_vs_persistence,0.4658906843518519,1286610,46c1dc5661c5fdc8,True,location-k4-fold2-seed0,2
map_aggregate,CoPx_R,25,SS_vs_seasonal,0.45983333703600415,1286610,46c1dc5661c5fdc8,True,location-k4-fold2-seed0,2
map_aggregate,CoPx_R,25,SS_vs_ar,-0.009468874841382258,1286610,46c1dc5661c5fdc8,True,location-k4-fold2-seed0,2
map_aggregate,CoPx_R,26,MSE,0.11943667657239834,1286610,46c1dc5661c5fdc8,True,location-k4-fold2-seed0,2
map_aggregate,CoPx_R,26,MAE,0.2362616588372563,1286610,46c1dc5661c5fdc8,True,location-k4-fold2-seed0,2
map_aggregate,CoPx_R,26,SS_vs_persistence,0.46052319516836915,1286610,46c1dc5661c5fdc8,True,location-k4-fold2-seed0,2
map_aggregate,CoPx_R,26,SS_vs_seasonal,0.45064442866926224,1286610,46c1dc5661c5fdc8,True,location-k4-fold2-seed0,2
map_aggregate,CoPx_R,26,SS_vs_ar,-0.03318379576088493,1286610,46c1dc5661c5fdc8,True,location-k4-fold2-seed0,2
map_aggregate,CoPx_R,27,MSE,0.11701804090958665,1286610,46c1dc5661c5fdc8,True,location-k4-fold2-seed0,2
map_aggregate,CoPx_R,27,MAE,0.23624180885962365,1286610,46c1dc5661c5fdc8,True,location-k4-fold2-seed0,2
map_aggregate,CoPx_R,27,SS_vs_persistence,0.45973738695298494,1286610,46c1dc5661c5fdc8,True,location-k4-fold2-seed0,2
map_aggregate,CoPx_R,27,SS_vs_seasonal,0.46009407799932545,1286610,46c1dc5661c5fdc8,True,location-k4-fold2-seed0,2
map_aggregate,CoPx_R,27,SS_vs_ar,-0.018361884886421542,1286610,46c1dc5661c5fdc8,True,location-k4-fold2-seed0,2
map_aggregate,CoPx_R,28,MSE,0.11770402235622951,1286610,46c1dc5661c5fdc8,True,location-k4-fold2-seed0,2
map_aggregate,CoPx_R,28,MAE,0.232483222411216,1286610,46c1dc5661c5fdc8,True,location-k4-fold2-seed0,2
map_aggregate,CoPx_R,28,SS_vs_persistence,0.4517659149529998,1286610,46c1dc5661c5fdc8,True,location-k4-fold2-seed0,2
map_aggregate,CoPx_R,28,SS_vs_seasonal,0.4426076799925577,1286610,46c1dc5661c5fdc8,True,location-k4-fold2-seed0,2
map_aggregate,CoPx_R,28,SS_vs_ar,-0.02086347468668559,1286610,46c1dc5661c5fdc8,True,location-k4-fold2-seed0,2
map_aggregate,CoPx_R,29,MSE,0.11668193827359642,1286610,46c1dc5661c5fdc8,True,location-k4-fold2-seed0,2
map_aggregate,CoPx_R,29,MAE,0.23202142886706528,1286610,46c1dc5661c5fdc8,True,location-k4-fold2-seed0,2
map_aggregate,CoPx_R,29,SS_vs_persistence,0.47227059607207744,1286610,46c1dc5661c5fdc8,True,location-k4-fold2-seed0,2
map_aggregate,CoPx_R,29,SS_vs_seasonal,0.44977175789092283,1286610,46c1dc5661c5fdc8,True,location-k4-fold2-seed0,2
map_aggregate,CoPx_R,29,SS_vs_ar,-0.007672266994637189,1286610,46c1dc5661c5fdc8,True,location-k4-fold2-seed0,2
map_aggregate,CoPx_R,30,MSE,0.11971044969345077,1286610,46c1dc5661c5fdc8,True,location-k4-fold2-seed0,2
map_aggregate,CoPx_R,30,MAE,0.23420947694947747,1286610,46c1dc5661c5fdc8,True,location-k4-fold2-seed0,2
map_aggregate,CoPx_R,30,SS_vs_persistence,0.46552614082999133,1286610,46c1dc5661c5fdc8,True,location-k4-fold2-seed0,2
map_aggregate,CoPx_R,30,SS_vs_seasonal,0.4348075310832935,1286610,46c1dc5661c5fdc8,True,location-k4-fold2-seed0,2
map_aggregate,CoPx_R,30,SS_vs_ar,-0.038155831539503415,1286610,46c1dc5661c5fdc8,True,location-k4-fold2-seed0,2
map_aggregate,CoPx_R,all,MSE,0.11890631424196724,1286610,46c1dc5661c5fdc8,True,location-k4-fold2-seed0,2
map_aggregate,CoPx_R,all,MAE,0.23288135638019625,1286610,46c1dc5661c5fdc8,True,location-k4-fold2-seed0,2
map_aggregate,CoPx_R,all,SS_vs_persistence,0.44683368996726314,1286610,46c1dc5661c5fdc8,True,location-k4-fold2-seed0,2
map_aggregate,CoPx_R,all,SS_vs_seasonal,0.44233885376478754,1286610,46c1dc5661c5fdc8,True,location-k4-fold2-seed0,2
map_aggregate,CoPx_R,all,SS_vs_ar,-0.034699175848969865,1286610,46c1dc5661c5fdc8,True,location-k4-fold2-seed0,2
map_aggregate,CoPy_R,1,MSE,0.06719786639408658,1286610,46c1dc5661c5fdc8,True,location-k4-fold2-seed0,2
map_aggregate,CoPy_R,1,MAE,0.19259846461129465,1286610,46c1dc5661c5fdc8,True,location-k4-fold2-seed0,2
map_aggregate,CoPy_R,1,SS_vs_persistence,0.40882095195919155,1286610,46c1dc5661c5fdc8,True,location-k4-fold2-seed0,2
map_aggregate,CoPy_R,1,SS_vs_seasonal,0.47276786514407576,1286610,46c1dc5661c5fdc8,True,location-k4-fold2-seed0,2
map_aggregate,CoPy_R,1,SS_vs_ar,-0.019066720451324404,1286610,46c1dc5661c5fdc8,True,location-k4-fold2-seed0,2
map_aggregate,CoPy_R,2,MSE,0.06866440301023356,1286610,46c1dc5661c5fdc8,True,location-k4-fold2-seed0,2
map_aggregate,CoPy_R,2,MAE,0.19464255123843846,1286610,46c1dc5661c5fdc8,True,location-k4-fold2-seed0,2
map_aggregate,CoPy_R,2,SS_vs_persistence,0.47549517282311904,1286610,46c1dc5661c5fdc8,True,location-k4-fold2-seed0,2
map_aggregate,CoPy_R,2,SS_vs_seasonal,0.4653413228892863,1286610,46c1dc5661c5fdc8,True,location-k4-fold2-seed0,2
map_aggregate,CoPy_R,2,SS_vs_ar,-0.015110101666988562,1286610,46c1dc5661c5fdc8,True,location-k4-fold2-seed0,2
map_aggregate,CoPy_R,3,MSE,0.06915392608204447,1286610,46c1dc5661c5fdc8,True,location-k4-fold2-seed0,2
map_aggregate,CoPy_R,3,MAE,0.19612389162218044,1286610,46c1dc5661c5fdc8,True,location-k4-fold2-seed0,2
map_aggregate,CoPy_R,3,SS_vs_persistence,0.4793589901523633,1286610,46c1dc5661c5fdc8,True,location-k4-fold2-seed0,2
map_aggregate,CoPy_R,3,SS_vs_seasonal,0.46265409832462145,1286610,46c1dc5661c5fdc8,True,location-k4-fold2-seed0,2
map_aggregate,CoPy_R,3,SS_vs_ar,-0.021358859431659827,1286610,46c1dc5661c5fdc8,True,location-k4-fold2-seed0,2
map_aggregate,CoPy_R,4,MSE,0.06851659329520293,1286610,46c1dc5661c5fdc8,True,location-k4-fold2-seed0,2
map_aggregate,CoPy_R,4,MAE,0.19465628973563162,1286610,46c1dc5661c5fdc8,True,location-k4-fold2-seed0,2
map_aggregate,CoPy_R,4,SS_vs_persistence,0.45937696999958877,1286610,46c1dc5661c5fdc8,True,location-k4-fold2-seed0,2
map_aggregate,CoPy_R,4,SS_vs_seasonal,0.4646612650323111,1286610,46c1dc5661c5fdc8,True,location-k4-fold2-seed0,2
map_aggregate,CoPy_R,4,SS_vs_ar,-0.013743132780440703,1286610,46c1dc5661c5fdc8,True,location-k4-fold2-seed0,2
map_aggregate,CoPy_R,5,MSE,0.06976493715618837,1286610,46c1dc5661c5fdc8,True,location-k4-fold2-seed0,2
map_aggregate,CoPy_R,5,MAE,0.19807965741948153,1286610,46c1dc5661c5fdc8,True,location-k4-fold2-seed0,2
map_aggregate,CoPy_R,5,SS_vs_persistence,0.4502422892306387,1286610,46c1dc5661c5fdc8,True,location-k4-fold2-seed0,2
map_aggregate,CoPy_R,5,SS_vs_seasonal,0.45392071269719403,1286610,46c1dc5661c5fdc8,True,location-k4-fold2-seed0,2
map_aggregate,CoPy_R,5,SS_vs_ar,-0.031343214295370014,1286610,46c1dc5661c5fdc8,True,location-k4-fold2-seed0,2
map_aggregate,CoPy_R,6,MSE,0.06921433621159949,1286610,46c1dc5661c5fdc8,True,location-k4-fold2-seed0,2
map_aggregate,CoPy_R,6,MAE,0.19620489232831403,1286610,46c1dc5661c5fdc8,True,location-k4-fold2-seed0,2
map_aggregate,CoPy_R,6,SS_vs_persistence,0.45855348044340827,1286610,46c1dc5661c5fdc8,True,location-k4-fold2-seed0,2
map_aggregate,CoPy_R,6,SS_vs_seasonal,0.45714646047929874,1286610,46c1dc5661c5fdc8,True,location-k4-fold2-seed0,2
map_aggregate,CoPy_R,6,SS_vs_ar,-0.021501598727915017,1286610,46c1dc5661c5fdc8,True,location-k4-fold2-seed0,2
map_aggregate,CoPy_R,7,MSE,0.06840759621694197,1286610,46c1dc5661c5fdc8,True,location-k4-fold2-seed0,2
map_aggregate,CoPy_R,7,MAE,0.1945157058345376,1286610,46c1dc5661c5fdc8,True,location-k4-fold2-seed0,2
map_aggregate,CoPy_R,7,SS_vs_persistence,0.4796536872531013,1286610,46c1dc5661c5fdc8,True,location-k4-fold2-seed0,2
map_aggregate,CoPy_R,7,SS_vs_seasonal,0.46456879913650195,1286610,46c1dc5661c5fdc8,True,location-k4-fold2-seed0,2
map_aggregate,CoPy_R,7,SS_vs_ar,-0.00649593953869676,1286610,46c1dc5661c5fdc8,True,location-k4-fold2-seed0,2
map_aggregate,CoPy_R,8,MSE,0.06906278070852118,1286610,46c1dc5661c5fdc8,True,location-k4-fold2-seed0,2
map_aggregate,CoPy_R,8,MAE,0.19600917463191297,1286610,46c1dc5661c5fdc8,True,location-k4-fold2-seed0,2
map_aggregate,CoPy_R,8,SS_vs_persistence,0.48675671495909134,1286610,46c1dc5661c5fdc8,True,location-k4-fold2-seed0,2
map_aggregate,CoPy_R,8,SS_vs_seasonal,0.4588194285206899,1286610,46c1dc5661c5fdc8,True,location-k4-fold2-seed0,2
map_aggregate,CoPy_R,8,SS_vs_ar,-0.015700971684041498,1286610,46c1dc5661c5fdc8,True,location-k4-fold2-seed0,2
map_aggregate,CoPy_R,9,MSE,0.07034624487481919,1286610,46c1dc5661c5fdc8,True,location-k4-fold2-seed0,2
map_aggregate,CoPy_R,9,MAE,0.19879153289074453,1286610,46c1dc5661c5fdc8,True,location-k4-fold2-seed0,2
map_aggregate,CoPy_R,9,SS_vs_persistence,0.4478205375360218,1286610,46c1dc5661c5fdc8,True,location-k4-fold2-seed0,2
map_aggregate,CoPy_R,9,SS_vs_seasonal,0.4461940030113243,1286610,46c1dc5661c5fdc8,True,location-k4-fold2-seed0,2
map_aggregate,CoPy_R,9,SS_vs_ar,-0.03955088561455278,1286610,46c1dc5661c5fdc8,True,location-k4-fold2-seed0,2
map_aggregate,CoPy_R,10,MSE,0.0691182939711617,1286610,46c1dc5661c5fdc8,True,location-k4-fold2-seed0,2
map_aggregate,CoPy_R,10,MAE,0.19649801615322066,1286610,46c1dc5661c5fdc8,True,location-k4-fold2-seed0,2
map_aggregate,CoPy_R,10,SS_vs_persistence,0.4575162640829866,1286610,46c1dc5661c5fdc8,True,location-k4-fold2-seed0,2
map_aggregate,CoPy_R,10,SS_vs_seasonal,0.45870429800046153,1286610,46c1dc5661c5fdc8,True,location-k4-fold2-seed0,2
map_aggregate,CoPy_R,10,SS_vs_ar,-0.019924318592311696,1286610,46c1dc5661c5fdc8,True,location-k4-fold2-seed0,2
map_aggregate,CoPy_R,11,MSE,0.06869992661108743,1286610,46c1dc5661c5fdc8,True,location-k4-fold2-seed0,2
map_aggregate,CoPy_R,11,MAE,0.19472256968358442,1286610,46c1dc5661c5fdc8,True,location-k4-fold2-seed0,2
map_aggregate,CoPy_R,11,SS_vs_persistence,0.48382489205159307,1286610,46c1dc5661c5fdc8,True,location-k4-fold2-seed0,2
map_aggregate,CoPy_R,11,SS_vs_seasonal,0.465191865833092,1286610,46c1dc5661c5fdc8,True,location-k4-fold2-seed0,2
map_aggregate,CoPy_R,11,SS_vs_ar,-0.01172780830889586,1286610,46c1dc5661c5fdc8,True,location-k4-fold2-seed0,2
map_aggregate,CoPy_R,12,MSE,0.06879722743030665,1286610,46c1dc5661c5fdc8,True,location-k4-fold2-seed0,2
map_aggregate,CoPy_R,12,MAE,0.19613867013680314,1286610,46c1dc5661c5fdc8,True,location-k4-fold2-seed0,2
map_aggregate,CoPy_R,12,SS_vs_persistence,0.48596751698376617,1286610,46c1dc5661c5fdc8,True,location-k4-fold2-seed0,2
map_aggregate,CoPy_R,12,SS_vs_seasonal,0.46368859177438004,1286610,46c1dc5661c5fdc8,True,location-k4-fold2-seed0,2
map_aggregate,CoPy_R,12,SS_vs_ar,-0.01284013235963477,1286610,46c1dc5661c5fdc8,True,location-k4-fold2-seed0,2
map_aggregate,CoPy_R,13,MSE,0.06920117690849134,1286610,46c1dc5661c5fdc8,True,location-k4-fold2-seed0,2
map_aggregate,CoPy_R,13,MAE,0.1967625238584707,1286610,46c1dc5661c5fdc8,True,location-k4-fold2-seed0,2
map_aggregate,CoPy_R,13,SS_vs_persistence,0.45627392613249196,1286610,46c1dc5661c5fdc8,True,location-k4-fold2-seed0,2
map_aggregate,CoPy_R,13,SS_vs_seasonal,0.46008204546746245,1286610,46c1dc5661c5fdc8,True,location-k4-fold2-seed0,2
map_aggregate,CoPy_R,13,SS_vs_ar,-0.01946160195189761,1286610,46c1dc5661c5fdc8,True,location-k4-fold2-seed0,2
map_aggregate,CoPy_R,14,MSE,0.06970440317486146,1286610,46c1dc5661c5fdc8,True,location-k4-fold2-seed0,2
map_aggregate,CoPy_R,14,MAE,0.19780552952737446,1286610,46c1dc5661c5fdc8,True,location-k4-fold2-seed0,2
map_aggregate,CoPy_R,14,SS_vs_persistence,0.4429247996867127,1286610,46c1dc5661c5fdc8,True,location-k4-fold2-seed0,2
map_aggregate,CoPy_R,14,SS_vs_seasonal,0.45380496654786906,1286610,46c1dc5661c5fdc8,True,location-k4-fold2-seed0,2
map_aggregate,CoPy_R,14,SS_vs_ar,-0.023878301203925423,1286610,46c1dc5661c5fdc8,True,location-k4-fold2-seed0,2
map_aggregate,CoPy_R,15,MSE,0.06926122587909082,1286610,46c1dc5661c5fdc8,True,location-k4-fold2-seed0,2
map_aggregate,CoPy_R,15,MAE,0.19527723470581987,1286610,46c1dc5661c5fdc8,True,location-k4-fold2-seed0,2
map_aggregate,CoPy_R,15,SS_vs_persistence,0.4766797283565507,1286610,46c1dc5661c5fdc8,True,location-k4-fold2-seed0,2
map_aggregate,CoPy_R,15,SS_vs_seasonal,0.45959074675727063,1286610,46c1dc5661c5fdc8,True,location-k4-fold2-seed0,2
map_aggregate,CoPy_R,15,SS_vs_ar,-0.011667419059075979,1286610,46c1dc5661c5fdc8,True,location-k4-fold2-seed0,2
map_aggregate,CoPy_R,16,MSE,0.06927083253136085,1286610,46c1dc5661c5fdc8,True,location-k4-fold2-seed0,2
map_aggregate,CoPy_R,16,MAE,0.1958101944470876,1286610,46c1dc5661c5fdc8,True,location-k4-fold2-seed0,2
map_aggregate,CoPy_R,16,SS_vs_persistence,0.4902265210204654,1286610,46c1dc5661c5fdc8,True,location-k4-fold2-seed0,2
map_aggregate,CoPy_R,16,SS_vs_seasonal,0.45964396786484896,1286610,46c1dc5661c5fdc8,True,location-k4-fold2-seed0,2
map_aggregate,CoPy_R,16,SS_vs_ar,-0.01045884911427386,1286610,46c1dc5661c5fdc8,True,location-k4-fold2-seed0,2
map_aggregate,CoPy_R,17,MSE,0.06939517242722809,1286610,46c1dc5661c5fdc8,True,location-k4-fold2-seed0,2
map_aggregate,CoPy_R,17,MAE,0.1960161602125528,1286610,46c1dc5661c5fdc8,True,location-k4-fold2-seed0,2
map_aggregate,CoPy_R,17,SS_vs_persistence,0.4777620161740188,1286610,46c1dc5661c5fdc8,True,location-k4-fold2-seed0,2
map_aggregate,CoPy_R,17,SS_vs_seasonal,0.45866623161894593,1286610,46c1dc5661c5fdc8,True,location-k4-fold2-seed0,2
map_aggregate,CoPy_R,17,SS_vs_ar,-0.014650552344610102,1286610,46c1dc5661c5fdc8,True,location-k4-fold2-seed0,2
map_aggregate,CoPy_R,18,MSE,0.06862736470059663,1286610,46c1dc5661c5fdc8,True,location-k4-fold2-seed0,2
map_aggregate,CoPy_R,18,MAE,0.19447351756709322,1286610,46c1dc5661c5fdc8,True,location-k4-fold2-seed0,2
map_aggregate,CoPy_R,18,SS_vs_persistence,0.46083382052020494,1286610,46c1dc5661c5fdc8,True,location-k4-fold2-seed0,2
map_aggregate,CoPy_R,18,SS_vs_seasonal,0.46211980834208766,1286610,46c1dc5661c5fdc8,True,location-k4-fold2-seed0,2
map_aggregate,CoPy_R,18,SS_vs_ar,-0.004454389700081052,1286610,46c1dc5661c5fdc8,True,location-k4-fold2-seed0,2
map_aggregate,CoPy_R,19,MSE,0.06987753035566717,1286610,46c1dc5661c5fdc8,True,location-k4-fold2-seed0,2
map_aggregate,CoPy_R,19,MAE,0.19807399383827853,1286610,46c1dc5661c5fdc8,True,location-k4-fold2-seed0,2
map_aggregate,CoPy_R,19,SS_vs_persistence,0.4584102009412,1286610,46c1dc5661c5fdc8,True,location-k4-fold2-seed0,2
map_aggregate,CoPy_R,19,SS_vs_seasonal,0.47082990324233454,1286610,46c1dc5661c5fdc8,True,location-k4-fold2-seed0,2
map_aggregate,CoPy_R,19,SS_vs_ar,-0.020469030644044928,1286610,46c1dc5661c5fdc8,True,location-k4-fold2-seed0,2
map_aggregate,CoPy_R,20,MSE,0.07044834462964779,1286610,46c1dc5661c5fdc8,True,location-k4-fold2-seed0,2
map_aggregate,CoPy_R,20,MAE,0.19808804644874814,1286610,46c1dc5661c5fdc8,True,location-k4-fold2-seed0,2
map_aggregate,CoPy_R,20,SS_vs_persistence,0.4843359927386405,1286610,46c1dc5661c5fdc8,True,location-k4-fold2-seed0,2
map_aggregate,CoPy_R,20,SS_vs_seasonal,0.4685099077465007,1286610,46c1dc5661c5fdc8,True,location-k4-fold2-seed0,2
map_aggregate,CoPy_R,20,SS_vs_ar,-0.025877909559181234,1286610,46c1dc5661c5fdc8,True,location-k4-fold2-seed0,2
map_aggregate,CoPy_R,21,MSE,0.06943179843248036,1286610,46c1dc5661c5fdc8,True,location-k4-fold2-seed0,2
map_aggregate,CoPy_R,21,MAE,0.19614938128516626,1286610,46c1dc5661c5fdc8,True,location-k4-fold2-seed0,2
map_aggregate,CoPy_R,21,SS_vs_persistence,0.4985089278625875,1286610,46c1dc5661c5fdc8,True,location-k4-fold2-seed0,2
map_aggregate,CoPy_R,21,SS_vs_seasonal,0.4719498036673273,1286610,46c1dc5661c5fdc8,True,location-k4-fold2-seed0,2
map_aggregate,CoPy_R,21,SS_vs_ar,-0.012353302728648874,1286610,46c1dc5661c5fdc8,True,location-k4-fold2-seed0,2
map_aggregate,CoPy_R,22,MSE,0.06882773548515662,1286610,46c1dc5661c5fdc8,True,location-k4-fold2-seed0,2
map_aggregate,CoPy_R,22,MAE,0.19605737187209255,1286610,46c1dc5661c5fdc8,True,location-k4-fold2-seed0,2
map_aggregate,CoPy_R,22,SS_vs_persistence,0.488445072527936,1286610,46c1dc5661c5fdc8,True,location-k4-fold2-seed0,2
map_aggregate,CoPy_R,22,SS_vs_seasonal,0.47924282191942325,1286610,46c1dc5661c5fdc8,True,location-k4-fold2-seed0,2
map_aggregate,CoPy_R,22,SS_vs_ar,-0.008381215447311963,1286610,46c1dc5661c5fdc8,True,location-k4-fold2-seed0,2
map_aggregate,CoPy_R,23,MSE,0.0688217634850258,1286610,46c1dc5661c5fdc8,True,location-k4-fold2-seed0,2
map_aggregate,CoPy_R,23,MAE,0.19410683558444444,1286610,46c1dc5661c5fdc8,True,location-k4-fold2-seed0,2
map_aggregate,CoPy_R,23,SS_vs_persistence,0.46788515557669386,1286610,46c1dc5661c5fdc8,True,location-k4-fold2-seed0,2
map_aggregate,CoPy_R,23,SS_vs_seasonal,0.47539391246832985,1286610,46c1dc5661c5fdc8,True,location-k4-fold2-seed0,2
map_aggregate,CoPy_R,23,SS_vs_ar,-0.01036711683911462,1286610,46c1dc5661c5fdc8,True,location-k4-fold2-seed0,2
map_aggregate,CoPy_R,24,MSE,0.06918774993304018,1286610,46c1dc5661c5fdc8,True,location-k4-fold2-seed0,2
map_aggregate,CoPy_R,24,MAE,0.19472010425543315,1286610,46c1dc5661c5fdc8,True,location-k4-fold2-seed0,2
map_aggregate,CoPy_R,24,SS_vs_persistence,0.47115394261075116,1286610,46c1dc5661c5fdc8,True,location-k4-fold2-seed0,2
map_aggregate,CoPy_R,24,SS_vs_seasonal,0.4730887603761501,1286610,46c1dc5661c5fdc8,True,location-k4-fold2-seed0,2
map_aggregate,CoPy_R,24,SS_vs_ar,-0.0136355016859806,1286610,46c1dc5661c5fdc8,True,location-k4-fold2-seed0,2
map_aggregate,CoPy_R,25,MSE,0.06874049630606004,1286610,46c1dc5661c5fdc8,True,location-k4-fold2-seed0,2
map_aggregate,CoPy_R,25,MAE,0.1947155515845229,1286610,46c1dc5661c5fdc8,True,location-k4-fold2-seed0,2
map_aggregate,CoPy_R,25,SS_vs_persistence,0.47754834436641136,1286610,46c1dc5661c5fdc8,True,location-k4-fold2-seed0,2
map_aggregate,CoPy_R,25,SS_vs_seasonal,0.4757432161735001,1286610,46c1dc5661c5fdc8,True,location-k4-fold2-seed0,2
map_aggregate,CoPy_R,25,SS_vs_ar,-0.008473983261639617,1286610,46c1dc5661c5fdc8,True,location-k4-fold2-seed0,2
map_aggregate,CoPy_R,26,MSE,0.06861647636724486,1286610,46c1dc5661c5fdc8,True,location-k4-fold2-seed0,2
map_aggregate,CoPy_R,26,MAE,0.19407863198962794,1286610,46c1dc5661c5fdc8,True,location-k4-fold2-seed0,2
map_aggregate,CoPy_R,26,SS_vs_persistence,0.4745896658279405,1286610,46c1dc5661c5fdc8,True,location-k4-fold2-seed0,2
map_aggregate,CoPy_R,26,SS_vs_seasonal,0.4762817667594307,1286610,46c1dc5661c5fdc8,True,location-k4-fold2-seed0,2
map_aggregate,CoPy_R,26,SS_vs_ar,-0.006905762349820543,1286610,46c1dc5661c5fdc8,True,location-k4-fold2-seed0,2
map_aggregate,CoPy_R,27,MSE,0.06872377156413069,1286610,46c1dc5661c5fdc8,True,location-k4-fold2-seed0,2
map_aggregate,CoPy_R,27,MAE,0.19435359649232847,1286610,46c1dc5661c5fdc8,True,location-k4-fold2-seed0,2
map_aggregate,CoPy_R,27,SS_vs_persistence,0.4743504686854524,1286610,46c1dc5661c5fdc8,True,location-k4-fold2-seed0,2
map_aggregate,CoPy_R,27,SS_vs_seasonal,0.4753535187495629,1286610,46c1dc5661c5fdc8,True,location-k4-fold2-seed0,2
map_aggregate,CoPy_R,27,SS_vs_ar,-0.008716813269234569,1286610,46c1dc5661c5fdc8,True,location-k4-fold2-seed0,2
map_aggregate,CoPy_R,28,MSE,0.06903396657785117,1286610,46c1dc5661c5fdc8,True,location-k4-fold2-seed0,2
map_aggregate,CoPy_R,28,MAE,0.19459285558456005,1286610,46c1dc5661c5fdc8,True,location-k4-fold2-seed0,2
map_aggregate,CoPy_R,28,SS_vs_persistence,0.48393925429777895,1286610,46c1dc5661c5fdc8,True,location-k4-fold2-seed0,2
map_aggregate,CoPy_R,28,SS_vs_seasonal,0.4629721122933972,1286610,46c1dc5661c5fdc8,True,location-k4-fold2-seed0,2
map_aggregate,CoPy_R,28,SS_vs_ar,-0.010570271476330717,1286610,46c1dc5661c5fdc8,True,location-k4-fold2-seed0,2
map_aggregate,CoPy_R,29,MSE,0.06943387843975425,1286610,46c1dc5661c5fdc8,True,location-k4-fold2-seed0,2
map_aggregate,CoPy_R,29,MAE,0.19643230784110519,1286610,46c1dc5661c5fdc8,True,location-k4-fold2-seed0,2
map_aggregate,CoPy_R,29,SS_vs_persistence,0.49044336390204735,1286610,46c1dc5661c5fdc8,True,location-k4-fold2-seed0,2
map_aggregate,CoPy_R,29,SS_vs_seasonal,0.46014224337795284,1286610,46c1dc5661c5fdc8,True,location-k4-fold2-seed0,2
map_aggregate,CoPy_R,29,SS_vs_ar,-0.0166218136666334,1286610,46c1dc5661c5fdc8,True,location-k4-fold2-seed0,2
map_aggregate,CoPy_R,30,MSE,0.06856161699213027,1286610,46c1dc5661c5fdc8,True,location-k4-fold2-seed0,2
map_aggregate,CoPy_R,30,MAE,0.19389228865716843,1286610,46c1dc5661c5fdc8,True,location-k4-fold2-seed0,2
map_aggregate,CoPy_R,30,SS_vs_persistence,0.4903165943096044,1286610,46c1dc5661c5fdc8,True,location-k4-fold2-seed0,2
map_aggregate,CoPy_R,30,SS_vs_seasonal,0.4680393154284226,1286610,46c1dc5661c5fdc8,True,location-k4-fold2-seed0,2
map_aggregate,CoPy_R,30,SS_vs_ar,-0.004011152320109623,1286610,46c1dc5661c5fdc8,True,location-k4-fold2-seed0,2
map_aggregate,CoPy_R,all,MSE,0.0690703145383986,1286610,46c1dc5661c5fdc8,True,location-k4-fold2-seed0,2
map_aggregate,CoPy_R,all,MAE,0.19567958473459288,1286610,46c1dc5661c5fdc8,True,location-k4-fold2-seed0,2
map_aggregate,CoPy_R,all,SS_vs_persistence,0.47189947932135556,1286610,46c1dc5661c5fdc8,True,location-k4-fold2-seed0,2
map_aggregate,CoPy_R,all,SS_vs_seasonal,0.46491727600711763,1286610,46c1dc5661c5fdc8,True,location-k4-fold2-seed0,2
map_aggregate,CoPy_R,all,SS_vs_ar,-0.015293631446267497,1286610,46c1dc5661c5fdc8,True,location-k4-fold2-seed0,2
persistence,F_R,1,MSE,506859.1718829967,1529550,cc289a63a4f23862,True,location-k4-fold3-seed0,3
persistence,F_R,1,MAE,427.1469391416823,1529550,cc289a63a4f23862,True,location-k4-fold3-seed0,3
persistence,F_R,1,SS_vs_persistence,0.0,1529550,cc289a63a4f23862,True,location-k4-fold3-seed0,3
persistence,F_R,1,SS_vs_seasonal,0.36990842186958306,1529550,cc289a63a4f23862,True,location-k4-fold3-seed0,3
persistence,F_R,1,SS_vs_ar,-0.36911136730669103,1529550,cc289a63a4f23862,True,location-k4-fold3-seed0,3
persistence,F_R,2,MSE,572895.6648924924,1529550,cc289a63a4f23862,True,location-k4-fold3-seed0,3
persistence,F_R,2,MAE,468.9032909112361,1529550,cc289a63a4f23862,True,location-k4-fold3-seed0,3
persistence,F_R,2,SS_vs_persistence,0.0,1529550,cc289a63a4f23862,True,location-k4-fold3-seed0,3
persistence,F_R,2,SS_vs_seasonal,0.3029122185962123,1529550,cc289a63a4f23862,True,location-k4-fold3-seed0,3
persistence,F_R,2,SS_vs_ar,-0.3681930968348097,1529550,cc289a63a4f23862,True,location-k4-fold3-seed0,3
persistence,F_R,3,MSE,605355.3170093213,1529550,cc289a63a4f23862,True,location-k4-fold3-seed0,3
persistence,F_R,3,MAE,488.4006785514811,1529550,cc289a63a4f23862,True,location-k4-fold3-seed0,3
persistence,F_R,3,SS_vs_persistence,0.0,1529550,cc289a63a4f23862,True,location-k4-fold3-seed0,3
persistence,F_R,3,SS_vs_seasonal,0.27375631193237004,1529550,cc289a63a4f23862,True,location-k4-fold3-seed0,3
persistence,F_R,3,SS_vs_ar,-0.3471793332743798,1529550,cc289a63a4f23862,True,location-k4-fold3-seed0,3
persistence,F_R,4,MSE,619099.5048014243,1529550,cc289a63a4f23862,True,location-k4-fold3-seed0,3
persistence,F_R,4,MAE,496.2382496939204,1529550,cc289a63a4f23862,True,location-k4-fold3-seed0,3
persistence,F_R,4,SS_vs_persistence,0.0,1529550,cc289a63a4f23862,True,location-k4-fold3-seed0,3
persistence,F_R,4,SS_vs_seasonal,0.2613675291819607,1529550,cc289a63a4f23862,True,location-k4-fold3-seed0,3
persistence,F_R,4,SS_vs_ar,-0.3005660751495052,1529550,cc289a63a4f23862,True,location-k4-fold3-seed0,3
persistence,F_R,5,MSE,648785.6112354279,1529550,cc289a63a4f23862,True,location-k4-fold3-seed0,3
persistence,F_R,5,MAE,513.4772020684699,1529550,cc289a63a4f23862,True,location-k4-fold3-seed0,3
persistence,F_R,5,SS_vs_persistence,0.0,1529550,cc289a63a4f23862,True,location-k4-fold3-seed0,3
persistence,F_R,5,SS_vs_seasonal,0.23356918696804485,1529550,cc289a63a4f23862,True,location-k4-fold3-seed0,3
persistence,F_R,5,SS_vs_ar,-0.28488100233560276,1529550,cc289a63a4f23862,True,location-k4-fold3-seed0,3
persistence,F_R,6,MSE,650790.7749800603,1529550,cc289a63a4f23862,True,location-k4-fold3-seed0,3
persistence,F_R,6,MAE,510.39243165977894,1529550,cc289a63a4f23862,True,location-k4-fold3-seed0,3
persistence,F_R,6,SS_vs_persistence,0.0,1529550,cc289a63a4f23862,True,location-k4-fold3-seed0,3
persistence,F_R,6,SS_vs_seasonal,0.234281539926101,1529550,cc289a63a4f23862,True,location-k4-fold3-seed0,3
persistence,F_R,6,SS_vs_ar,-0.23894972398737102,1529550,cc289a63a4f23862,True,location-k4-fold3-seed0,3
persistence,F_R,7,MSE,680945.64533609,1529550,cc289a63a4f23862,True,location-k4-fold3-seed0,3
persistence,F_R,7,MAE,523.7967492353756,1529550,cc289a63a4f23862,True,location-k4-fold3-seed0,3
persistence,F_R,7,SS_vs_persistence,0.0,1529550,cc289a63a4f23862,True,location-k4-fold3-seed0,3
persistence,F_R,7,SS_vs_seasonal,0.20711260140453258,1529550,cc289a63a4f23862,True,location-k4-fold3-seed0,3
persistence,F_R,7,SS_vs_ar,-0.23656847390025937,1529550,cc289a63a4f23862,True,location-k4-fold3-seed0,3
persistence,F_R,8,MSE,687964.4009626999,1529550,cc289a63a4f23862,True,location-k4-fold3-seed0,3
persistence,F_R,8,MAE,525.9552734901732,1529550,cc289a63a4f23862,True,location-k4-fold3-seed0,3
persistence,F_R,8,SS_vs_persistence,0.0,1529550,cc289a63a4f23862,True,location-k4-fold3-seed0,3
persistence,F_R,8,SS_vs_seasonal,0.20415150447874864,1529550,cc289a63a4f23862,True,location-k4-fold3-seed0,3
persistence,F_R,8,SS_vs_ar,-0.20237310590281488,1529550,cc289a63a4f23862,True,location-k4-fold3-seed0,3
persistence,F_R,9,MSE,697547.4252095156,1529550,cc289a63a4f23862,True,location-k4-fold3-seed0,3
persistence,F_R,9,MAE,532.8476407018072,1529550,cc289a63a4f23862,True,location-k4-fold3-seed0,3
persistence,F_R,9,SS_vs_persistence,0.0,1529550,cc289a63a4f23862,True,location-k4-fold3-seed0,3
persistence,F_R,9,SS_vs_seasonal,0.1959129818439833,1529550,cc289a63a4f23862,True,location-k4-fold3-seed0,3
persistence,F_R,9,SS_vs_ar,-0.17781781270446206,1529550,cc289a63a4f23862,True,location-k4-fold3-seed0,3
persistence,F_R,10,MSE,696608.8464283322,1529550,cc289a63a4f23862,True,location-k4-fold3-seed0,3
persistence,F_R,10,MAE,529.329225665522,1529550,cc289a63a4f23862,True,location-k4-fold3-seed0,3
persistence,F_R,10,SS_vs_persistence,0.0,1529550,cc289a63a4f23862,True,location-k4-fold3-seed0,3
persistence,F_R,10,SS_vs_seasonal,0.19881658909762756,1529550,cc289a63a4f23862,True,location-k4-fold3-seed0,3
persistence,F_R,10,SS_vs_ar,-0.13952021249935287,1529550,cc289a63a4f23862,True,location-k4-fold3-seed0,3
persistence,F_R,11,MSE,719049.4629310621,1529550,cc289a63a4f23862,True,location-k4-fold3-seed0,3
persistence,F_R,11,MAE,544.6972859281528,1529550,cc289a63a4f23862,True,location-k4-fold3-seed0,3
persistence,F_R,11,SS_vs_persistence,0.0,1529550,cc289a63a4f23862,True,location-k4-fold3-seed0,3
persistence,F_R,11,SS_vs_seasonal,0.18581259669201877,1529550,cc289a63a4f23862,True,location-k4-fold3-seed0,3
persistence,F_R,11,SS_vs_ar,-0.1268935120567778,1529550,cc289a63a4f23862,True,location-k4-fold3-seed0,3
persistence,F_R,12,MSE,736035.3224660472,1529550,cc289a63a4f23862,True,location-k4-fold3-seed0,3
persistence,F_R,12,MAE,552.0513406114391,1529550,cc289a63a4f23862,True,location-k4-fold3-seed0,3
persistence,F_R,12,SS_vs_persistence,0.0,1529550,cc289a63a4f23862,True,location-k4-fold3-seed0,3
persistence,F_R,12,SS_vs_seasonal,0.17184844984313363,1529550,cc289a63a4f23862,True,location-k4-fold3-seed0,3
persistence,F_R,12,SS_vs_ar,-0.11660721237847715,1529550,cc289a63a4f23862,True,location-k4-fold3-seed0,3
persistence,F_R,13,MSE,749450.1820404826,1529550,cc289a63a4f23862,True,location-k4-fold3-seed0,3
persistence,F_R,13,MAE,556.4306793856342,1529550,cc289a63a4f23862,True,location-k4-fold3-seed0,3
persistence,F_R,13,SS_vs_persistence,0.0,1529550,cc289a63a4f23862,True,location-k4-fold3-seed0,3
persistence,F_R,13,SS_vs_seasonal,0.16039682038280245,1529550,cc289a63a4f23862,True,location-k4-fold3-seed0,3
persistence,F_R,13,SS_vs_ar,-0.1133458637163991,1529550,cc289a63a4f23862,True,location-k4-fold3-seed0,3
persistence,F_R,14,MSE,747881.6072558817,1529550,cc289a63a4f23862,True,location-k4-fold3-seed0,3
persistence,F_R,14,MAE,553.687835974084,1529550,cc289a63a4f23862,True,location-k4-fold3-seed0,3
persistence,F_R,14,SS_vs_persistence,0.0,1529550,cc289a63a4f23862,True,location-k4-fold3-seed0,3
persistence,F_R,14,SS_vs_seasonal,0.16466829084194345,1529550,cc289a63a4f23862,True,location-k4-fold3-seed0,3
persistence,F_R,14,SS_vs_ar,-0.0904560637927998,1529550,cc289a63a4f23862,True,location-k4-fold3-seed0,3
persistence,F_R,15,MSE,756219.7885593312,1529550,cc289a63a4f23862,True,location-k4-fold3-seed0,3
persistence,F_R,15,MAE,560.7745496866036,1529550,cc289a63a4f23862,True,location-k4-fold3-seed0,3
persistence,F_R,15,SS_vs_persistence,0.0,1529550,cc289a63a4f23862,True,location-k4-fold3-seed0,3
persistence,F_R,15,SS_vs_seasonal,0.161261572080582,1529550,cc289a63a4f23862,True,location-k4-fold3-seed0,3
persistence,F_R,15,SS_vs_ar,-0.07169398821838024,1529550,cc289a63a4f23862,True,location-k4-fold3-seed0,3
persistence,F_R,16,MSE,797547.7317623873,1529550,cc289a63a4f23862,True,location-k4-fold3-seed0,3
persistence,F_R,16,MAE,575.2049321482039,1529550,cc289a63a4f23862,True,location-k4-fold3-seed0,3
persistence,F_R,16,SS_vs_persistence,0.0,1529550,cc289a63a4f23862,True,location-k4-fold3-seed0,3
persistence,F_R,16,SS_vs_seasonal,0.13994241015140385,1529550,cc289a63a4f23862,True,location-k4-fold3-seed0,3
persistence,F_R,16,SS_vs_ar,-0.07342715789876153,1529550,cc289a63a4f23862,True,location-k4-fold3-seed0,3
persistence,F_R,17,MSE,815910.7178427181,1529550,cc289a63a4f23862,True,location-k4-fold3-seed0,3
persistence,F_R,17,MAE,578.3705046233727,1529550,cc289a63a4f23862,True,location-k4-fold3-seed0,3
persistence,F_R,17,SS_vs_persistence,0.0,1529550,cc289a63a4f23862,True,location-k4-fold3-seed0,3
persistence,F_R,17,SS_vs_seasonal,0.1295604010356355,1529550,cc289a63a4f23862,True,location-k4-fold3-seed0,3
persistence,F_R,17,SS_vs_ar,-0.06781873737871091,1529550,cc289a63a4f23862,True,location-k4-fold3-seed0,3
persistence,F_R,18,MSE,825578.625126207,1529550,cc289a63a4f23862,True,location-k4-fold3-seed0,3
persistence,F_R,18,MAE,582.3390213478076,1529550,cc289a63a4f23862,True,location-k4-fold3-seed0,3
persistence,F_R,18,SS_vs_persistence,0.0,1529550,cc289a63a4f23862,True,location-k4-fold3-seed0,3
persistence,F_R,18,SS_vs_seasonal,0.12204170850336249,1529550,cc289a63a4f23862,True,location-k4-fold3-seed0,3
persistence,F_R,18,SS_vs_ar,-0.04790141625468003,1529550,cc289a63a4f23862,True,location-k4-fold3-seed0,3
persistence,F_R,19,MSE,841738.1560501043,1529550,cc289a63a4f23862,True,location-k4-fold3-seed0,3
persistence,F_R,19,MAE,591.3443934662922,1529550,cc289a63a4f23862,True,location-k4-fold3-seed0,3
persistence,F_R,19,SS_vs_persistence,0.0,1529550,cc289a63a4f23862,True,location-k4-fold3-seed0,3
persistence,F_R,19,SS_vs_seasonal,0.10975490774999352,1529550,cc289a63a4f23862,True,location-k4-fold3-seed0,3
persistence,F_R,19,SS_vs_ar,-0.037019701359718216,1529550,cc289a63a4f23862,True,location-k4-fold3-seed0,3
persistence,F_R,20,MSE,855249.7816459275,1529550,cc289a63a4f23862,True,location-k4-fold3-seed0,3
persistence,F_R,20,MAE,595.7664421109226,1529550,cc289a63a4f23862,True,location-k4-fold3-seed0,3
persistence,F_R,20,SS_vs_persistence,0.0,1529550,cc289a63a4f23862,True,location-k4-fold3-seed0,3
persistence,F_R,20,SS_vs_seasonal,0.09520935174803924,1529550,cc289a63a4f23862,True,location-k4-fold3-seed0,3
persistence,F_R,20,SS_vs_ar,-0.02690694334005439,1529550,cc289a63a4f23862,True,location-k4-fold3-seed0,3
persistence,F_R,21,MSE,858741.268131435,1529550,cc289a63a4f23862,True,location-k4-fold3-seed0,3
persistence,F_R,21,MAE,596.4841940673037,1529550,cc289a63a4f23862,True,location-k4-fold3-seed0,3
persistence,F_R,21,SS_vs_persistence,0.0,1529550,cc289a63a4f23862,True,location-k4-fold3-seed0,3
persistence,F_R,21,SS_vs_seasonal,0.09639380068492254,1529550,cc289a63a4f23862,True,location-k4-fold3-seed0,3
persistence,F_R,21,SS_vs_ar,-0.01242564284090264,1529550,cc289a63a4f23862,True,location-k4-fold3-seed0,3
persistence,F_R,22,MSE,874286.840690103,1529550,cc289a63a4f23862,True,location-k4-fold3-seed0,3
persistence,F_R,22,MAE,600.9043971936446,1529550,cc289a63a4f23862,True,location-k4-fold3-seed0,3
persistence,F_R,22,SS_vs_persistence,0.0,1529550,cc289a63a4f23862,True,location-k4-fold3-seed0,3
persistence,F_R,22,SS_vs_seasonal,0.08103943787695744,1529550,cc289a63a4f23862,True,location-k4-fold3-seed0,3
persistence,F_R,22,SS_vs_ar,-0.007338961877166872,1529550,cc289a63a4f23862,True,location-k4-fold3-seed0,3
persistence,F_R,23,MSE,892176.7570585428,1529550,cc289a63a4f23862,True,location-k4-fold3-seed0,3
persistence,F_R,23,MAE,608.929106226479,1529550,cc289a63a4f23862,True,location-k4-fold3-seed0,3
persistence,F_R,23,SS_vs_persistence,0.0,1529550,cc289a63a4f23862,True,location-k4-fold3-seed0,3
persistence,F_R,23,SS_vs_seasonal,0.07099862177592697,1529550,cc289a63a4f23862,True,location-k4-fold3-seed0,3
persistence,F_R,23,SS_vs_ar,-0.006639275189066041,1529550,cc289a63a4f23862,True,location-k4-fold3-seed0,3
persistence,F_R,24,MSE,897209.1226814287,1529550,cc289a63a4f23862,True,location-k4-fold3-seed0,3
persistence,F_R,24,MAE,609.667807114876,1529550,cc289a63a4f23862,True,location-k4-fold3-seed0,3
persistence,F_R,24,SS_vs_persistence,0.0,1529550,cc289a63a4f23862,True,location-k4-fold3-seed0,3
persistence,F_R,24,SS_vs_seasonal,0.06723910041655345,1529550,cc289a63a4f23862,True,location-k4-fold3-seed0,3
persistence,F_R,24,SS_vs_ar,0.000680505544868315,1529550,cc289a63a4f23862,True,location-k4-fold3-seed0,3
persistence,F_R,25,MSE,907977.3646561325,1529550,cc289a63a4f23862,True,location-k4-fold3-seed0,3
persistence,F_R,25,MAE,613.592149388492,1529550,cc289a63a4f23862,True,location-k4-fold3-seed0,3
persistence,F_R,25,SS_vs_persistence,0.0,1529550,cc289a63a4f23862,True,location-k4-fold3-seed0,3
persistence,F_R,25,SS_vs_seasonal,0.05834607714439011,1529550,cc289a63a4f23862,True,location-k4-fold3-seed0,3
persistence,F_R,25,SS_vs_ar,0.0039092006815640845,1529550,cc289a63a4f23862,True,location-k4-fold3-seed0,3
persistence,F_R,26,MSE,925063.6743029966,1529550,cc289a63a4f23862,True,location-k4-fold3-seed0,3
persistence,F_R,26,MAE,622.7710850301789,1529550,cc289a63a4f23862,True,location-k4-fold3-seed0,3
persistence,F_R,26,SS_vs_persistence,0.0,1529550,cc289a63a4f23862,True,location-k4-fold3-seed0,3
persistence,F_R,26,SS_vs_seasonal,0.03988009445692131,1529550,cc289a63a4f23862,True,location-k4-fold3-seed0,3
persistence,F_R,26,SS_vs_ar,0.0046966024455800115,1529550,cc289a63a4f23862,True,location-k4-fold3-seed0,3
persistence,F_R,27,MSE,950329.6762148091,1529550,cc289a63a4f23862,True,location-k4-fold3-seed0,3
persistence,F_R,27,MAE,632.3767875489574,1529550,cc289a63a4f23862,True,location-k4-fold3-seed0,3
persistence,F_R,27,SS_vs_persistence,0.0,1529550,cc289a63a4f23862,True,location-k4-fold3-seed0,3
persistence,F_R,27,SS_vs_seasonal,0.01797749412668115,1529550,cc289a63a4f23862,True,location-k4-fold3-seed0,3
persistence,F_R,27,SS_vs_ar,-0.008576949778867027,1529550,cc289a63a4f23862,True,location-k4-fold3-seed0,3
persistence,F_R,28,MSE,951622.6911745978,1529550,cc289a63a4f23862,True,location-k4-fold3-seed0,3
persistence,F_R,28,MAE,631.7304024295596,1529550,cc289a63a4f23862,True,location-k4-fold3-seed0,3
persistence,F_R,28,SS_vs_persistence,0.0,1529550,cc289a63a4f23862,True,location-k4-fold3-seed0,3
persistence,F_R,28,SS_vs_seasonal,0.018174145025941946,1529550,cc289a63a4f23862,True,location-k4-fold3-seed0,3
persistence,F_R,28,SS_vs_ar,0.0018542219132710036,1529550,cc289a63a4f23862,True,location-k4-fold3-seed0,3
persistence,F_R,29,MSE,963169.8902083646,1529550,cc289a63a4f23862,True,location-k4-fold3-seed0,3
persistence,F_R,29,MAE,636.4685812875034,1529550,cc289a63a4f23862,True,location-k4-fold3-seed0,3
persistence,F_R,29,SS_vs_persistence,0.0,1529550,cc289a63a4f23862,True,location-k4-fold3-seed0,3
persistence,F_R,29,SS_vs_seasonal,0.005893841503287756,1529550,cc289a63a4f23862,True,location-k4-fold3-seed0,3
persistence,F_R,29,SS_vs_ar,0.00459093014980172,1529550,cc289a63a4f23862,True,location-k4-fold3-seed0,3
persistence,F_R,30,MSE,957045.2712736105,1529550,cc289a63a4f23862,True,location-k4-fold3-seed0,3
persistence,F_R,30,MAE,635.7309579219071,1529550,cc289a63a4f23862,True,location-k4-fold3-seed0,3
persistence,F_R,30,SS_vs_persistence,0.0,1529550,cc289a63a4f23862,True,location-k4-fold3-seed0,3
persistence,F_R,30,SS_vs_seasonal,0.01032639476065944,1529550,cc289a63a4f23862,True,location-k4-fold3-seed0,3
persistence,F_R,30,SS_vs_ar,0.02390857488849296,1529550,cc289a63a4f23862,True,location-k4-fold3-seed0,3
persistence,F_R,all,MSE,779637.8764960174,1529550,cc289a63a4f23862,True,location-k4-fold3-seed0,3
persistence,F_R,all,MAE,563.1936711536954,1529550,cc289a63a4f23862,True,location-k4-fold3-seed0,3
persistence,F_R,all,SS_vs_persistence,0.0,1529550,cc289a63a4f23862,True,location-k4-fold3-seed0,3
persistence,F_R,all,SS_vs_seasonal,0.14125599311596493,1529550,cc289a63a4f23862,True,location-k4-fold3-seed0,3
persistence,F_R,all,SS_vs_ar,-0.08498064658955728,1529550,cc289a63a4f23862,True,location-k4-fold3-seed0,3
persistence,CoPx_R,1,MSE,0.044526934173003116,1445553,cc289a63a4f23862,True,location-k4-fold3-seed0,3
persistence,CoPx_R,1,MAE,0.0878631945152933,1445553,cc289a63a4f23862,True,location-k4-fold3-seed0,3
persistence,CoPx_R,1,SS_vs_persistence,2.245825747593244e-11,1445553,cc289a63a4f23862,True,location-k4-fold3-seed0,3
persistence,CoPx_R,1,SS_vs_seasonal,0.07176213407680199,1445553,cc289a63a4f23862,True,location-k4-fold3-seed0,3
persistence,CoPx_R,1,SS_vs_ar,-1.2413313843704374,1445553,cc289a63a4f23862,True,location-k4-fold3-seed0,3
persistence,CoPx_R,2,MSE,0.05077815309137707,1445553,cc289a63a4f23862,True,location-k4-fold3-seed0,3
persistence,CoPx_R,2,MAE,0.09638748213910897,1445553,cc289a63a4f23862,True,location-k4-fold3-seed0,3
persistence,CoPx_R,2,SS_vs_persistence,1.9693469077708414e-11,1445553,cc289a63a4f23862,True,location-k4-fold3-seed0,3
persistence,CoPx_R,2,SS_vs_seasonal,-0.021147497535521254,1445553,cc289a63a4f23862,True,location-k4-fold3-seed0,3
persistence,CoPx_R,2,SS_vs_ar,-1.5331056282147921,1445553,cc289a63a4f23862,True,location-k4-fold3-seed0,3
persistence,CoPx_R,3,MSE,0.047760164557810666,1445553,cc289a63a4f23862,True,location-k4-fold3-seed0,3
persistence,CoPx_R,3,MAE,0.0956852161612696,1445553,cc289a63a4f23862,True,location-k4-fold3-seed0,3
persistence,CoPx_R,3,SS_vs_persistence,2.0937918066010752e-11,1445553,cc289a63a4f23862,True,location-k4-fold3-seed0,3
persistence,CoPx_R,3,SS_vs_seasonal,0.014889210349300463,1445553,cc289a63a4f23862,True,location-k4-fold3-seed0,3
persistence,CoPx_R,3,SS_vs_ar,-1.3874433861718662,1445553,cc289a63a4f23862,True,location-k4-fold3-seed0,3
persistence,CoPx_R,4,MSE,0.05019879833819835,1445553,cc289a63a4f23862,True,location-k4-fold3-seed0,3
persistence,CoPx_R,4,MAE,0.096925903808701,1445553,cc289a63a4f23862,True,location-k4-fold3-seed0,3
persistence,CoPx_R,4,SS_vs_persistence,1.9920731730849184e-11,1445553,cc289a63a4f23862,True,location-k4-fold3-seed0,3
persistence,CoPx_R,4,SS_vs_seasonal,-0.021546551806974845,1445553,cc289a63a4f23862,True,location-k4-fold3-seed0,3
persistence,CoPx_R,4,SS_vs_ar,-1.4941306247231978,1445553,cc289a63a4f23862,True,location-k4-fold3-seed0,3
persistence,CoPx_R,5,MSE,0.052768091356657006,1445553,cc289a63a4f23862,True,location-k4-fold3-seed0,3
persistence,CoPx_R,5,MAE,0.09979446836785578,1445553,cc289a63a4f23862,True,location-k4-fold3-seed0,3
persistence,CoPx_R,5,SS_vs_persistence,1.8950840896536647e-11,1445553,cc289a63a4f23862,True,location-k4-fold3-seed0,3
persistence,CoPx_R,5,SS_vs_seasonal,-0.05834068767206535,1445553,cc289a63a4f23862,True,location-k4-fold3-seed0,3
persistence,CoPx_R,5,SS_vs_ar,-1.6259089148284183,1445553,cc289a63a4f23862,True,location-k4-fold3-seed0,3
persistence,CoPx_R,6,MSE,0.05096849329799404,1445553,cc289a63a4f23862,True,location-k4-fold3-seed0,3
persistence,CoPx_R,6,MAE,0.09810133676730191,1445553,cc289a63a4f23862,True,location-k4-fold3-seed0,3
persistence,CoPx_R,6,SS_vs_persistence,1.961997231347823e-11,1445553,cc289a63a4f23862,True,location-k4-fold3-seed0,3
persistence,CoPx_R,6,SS_vs_seasonal,-0.03490780221883272,1445553,cc289a63a4f23862,True,location-k4-fold3-seed0,3
persistence,CoPx_R,6,SS_vs_ar,-1.5268176494417522,1445553,cc289a63a4f23862,True,location-k4-fold3-seed0,3
persistence,CoPx_R,7,MSE,0.050707433264384115,1445553,cc289a63a4f23862,True,location-k4-fold3-seed0,3
persistence,CoPx_R,7,MAE,0.10091331581030608,1445553,cc289a63a4f23862,True,location-k4-fold3-seed0,3
persistence,CoPx_R,7,SS_vs_persistence,1.9721002608719118e-11,1445553,cc289a63a4f23862,True,location-k4-fold3-seed0,3
persistence,CoPx_R,7,SS_vs_seasonal,-0.0380972023688253,1445553,cc289a63a4f23862,True,location-k4-fold3-seed0,3
persistence,CoPx_R,7,SS_vs_ar,-1.5107022172405014,1445553,cc289a63a4f23862,True,location-k4-fold3-seed0,3
persistence,CoPx_R,8,MSE,0.05213118742045637,1445553,cc289a63a4f23862,True,location-k4-fold3-seed0,3
persistence,CoPx_R,8,MAE,0.10148597074388639,1445553,cc289a63a4f23862,True,location-k4-fold3-seed0,3
persistence,CoPx_R,8,SS_vs_persistence,1.9182322397170992e-11,1445553,cc289a63a4f23862,True,location-k4-fold3-seed0,3
persistence,CoPx_R,8,SS_vs_seasonal,-0.05819413962628994,1445553,cc289a63a4f23862,True,location-k4-fold3-seed0,3
persistence,CoPx_R,8,SS_vs_ar,-1.5789258673842044,1445553,cc289a63a4f23862,True,location-k4-fold3-seed0,3
persistence,CoPx_R,9,MSE,0.0524277570125183,1445553,cc289a63a4f23862,True,location-k4-fold3-seed0,3
persistence,CoPx_R,9,MAE,0.10240189764997383,1445553,cc289a63a4f23862,True,location-k4-fold3-seed0,3
persistence,CoPx_R,9,SS_vs_persistence,1.9073853607665114e-11,1445553,cc289a63a4f23862,True,location-k4-fold3-seed0,3
persistence,CoPx_R,9,SS_vs_seasonal,-0.07272365200321396,1445553,cc289a63a4f23862,True,location-k4-fold3-seed0,3
persistence,CoPx_R,9,SS_vs_ar,-1.608181984724458,1445553,cc289a63a4f23862,True,location-k4-fold3-seed0,3
persistence,CoPx_R,10,MSE,0.05139635511759803,1445553,cc289a63a4f23862,True,location-k4-fold3-seed0,3
persistence,CoPx_R,10,MAE,0.10056855980691103,1445553,cc289a63a4f23862,True,location-k4-fold3-seed0,3
persistence,CoPx_R,10,SS_vs_persistence,1.9456658506555868e-11,1445553,cc289a63a4f23862,True,location-k4-fold3-seed0,3
persistence,CoPx_R,10,SS_vs_seasonal,-0.056509769211740446,1445553,cc289a63a4f23862,True,location-k4-fold3-seed0,3
persistence,CoPx_R,10,SS_vs_ar,-1.5671039833149276,1445553,cc289a63a4f23862,True,location-k4-fold3-seed0,3
persistence,CoPx_R,11,MSE,0.05274028794627692,1445553,cc289a63a4f23862,True,location-k4-fold3-seed0,3
persistence,CoPx_R,11,MAE,0.10198327672263388,1445553,cc289a63a4f23862,True,location-k4-fold3-seed0,3
persistence,CoPx_R,11,SS_vs_persistence,1.8960832903758273e-11,1445553,cc289a63a4f23862,True,location-k4-fold3-seed0,3
persistence,CoPx_R,11,SS_vs_seasonal,-0.07004602584104758,1445553,cc289a63a4f23862,True,location-k4-fold3-seed0,3
persistence,CoPx_R,11,SS_vs_ar,-1.6293791944491192,1445553,cc289a63a4f23862,True,location-k4-fold3-seed0,3
persistence,CoPx_R,12,MSE,0.05511889384348241,1445553,cc289a63a4f23862,True,location-k4-fold3-seed0,3
persistence,CoPx_R,12,MAE,0.10518228415692576,1445553,cc289a63a4f23862,True,location-k4-fold3-seed0,3
persistence,CoPx_R,12,SS_vs_persistence,1.8142598534609533e-11,1445553,cc289a63a4f23862,True,location-k4-fold3-seed0,3
persistence,CoPx_R,12,SS_vs_seasonal,-0.11101484410166895,1445553,cc289a63a4f23862,True,location-k4-fold3-seed0,3
persistence,CoPx_R,12,SS_vs_ar,-1.751180995200151,1445553,cc289a63a4f23862,True,location-k4-fold3-seed0,3
persistence,CoPx_R,13,MSE,0.05638690144681532,1445553,cc289a63a4f23862,True,location-k4-fold3-seed0,3
persistence,CoPx_R,13,MAE,0.10678393468659644,1445553,cc289a63a4f23862,True,location-k4-fold3-seed0,3
persistence,CoPx_R,13,SS_vs_persistence,1.7734591573059788e-11,1445553,cc289a63a4f23862,True,location-k4-fold3-seed0,3
persistence,CoPx_R,13,SS_vs_seasonal,-0.12291044485374214,1445553,cc289a63a4f23862,True,location-k4-fold3-seed0,3
persistence,CoPx_R,13,SS_vs_ar,-1.8111533733029126,1445553,cc289a63a4f23862,True,location-k4-fold3-seed0,3
persistence,CoPx_R,14,MSE,0.05239414875363277,1445553,cc289a63a4f23862,True,location-k4-fold3-seed0,3
persistence,CoPx_R,14,MAE,0.10353487258189155,1445553,cc289a63a4f23862,True,location-k4-fold3-seed0,3
persistence,CoPx_R,14,SS_vs_persistence,1.908606606093599e-11,1445553,cc289a63a4f23862,True,location-k4-fold3-seed0,3
persistence,CoPx_R,14,SS_vs_seasonal,-0.05664724957484202,1445553,cc289a63a4f23862,True,location-k4-fold3-seed0,3
persistence,CoPx_R,14,SS_vs_ar,-1.6145693398302083,1445553,cc289a63a4f23862,True,location-k4-fold3-seed0,3
persistence,CoPx_R,15,MSE,0.05333578470234898,1445553,cc289a63a4f23862,True,location-k4-fold3-seed0,3
persistence,CoPx_R,15,MAE,0.10413464239091175,1445553,cc289a63a4f23862,True,location-k4-fold3-seed0,3
persistence,CoPx_R,15,SS_vs_persistence,1.8749113372962256e-11,1445553,cc289a63a4f23862,True,location-k4-fold3-seed0,3
persistence,CoPx_R,15,SS_vs_seasonal,-0.061509130697428915,1445553,cc289a63a4f23862,True,location-k4-fold3-seed0,3
persistence,CoPx_R,15,SS_vs_ar,-1.6516761855170756,1445553,cc289a63a4f23862,True,location-k4-fold3-seed0,3
persistence,CoPx_R,16,MSE,0.05538814719576707,1445553,cc289a63a4f23862,True,location-k4-fold3-seed0,3
persistence,CoPx_R,16,MAE,0.10547032384143476,1445553,cc289a63a4f23862,True,location-k4-fold3-seed0,3
persistence,CoPx_R,16,SS_vs_persistence,1.8054335804151833e-11,1445553,cc289a63a4f23862,True,location-k4-fold3-seed0,3
persistence,CoPx_R,16,SS_vs_seasonal,-0.09650099022136915,1445553,cc289a63a4f23862,True,location-k4-fold3-seed0,3
persistence,CoPx_R,16,SS_vs_ar,-1.7529689042575916,1445553,cc289a63a4f23862,True,location-k4-fold3-seed0,3
persistence,CoPx_R,17,MSE,0.05254629897455397,1445553,cc289a63a4f23862,True,location-k4-fold3-seed0,3
persistence,CoPx_R,17,MAE,0.10420880431750122,1445553,cc289a63a4f23862,True,location-k4-fold3-seed0,3
persistence,CoPx_R,17,SS_vs_persistence,1.9030776954309658e-11,1445553,cc289a63a4f23862,True,location-k4-fold3-seed0,3
persistence,CoPx_R,17,SS_vs_seasonal,-0.06724452738932607,1445553,cc289a63a4f23862,True,location-k4-fold3-seed0,3
persistence,CoPx_R,17,SS_vs_ar,-1.620208477090078,1445553,cc289a63a4f23862,True,location-k4-fold3-seed0,3
persistence,CoPx_R,18,MSE,0.05309385656486269,1445553,cc289a63a4f23862,True,location-k4-fold3-seed0,3
persistence,CoPx_R,18,MAE,0.10634888427336324,1445553,cc289a63a4f23862,True,location-k4-fold3-seed0,3
persistence,CoPx_R,18,SS_vs_persistence,1.8834600545858393e-11,1445553,cc289a63a4f23862,True,location-k4-fold3-seed0,3
persistence,CoPx_R,18,SS_vs_seasonal,-0.06309085480027266,1445553,cc289a63a4f23862,True,location-k4-fold3-seed0,3
persistence,CoPx_R,18,SS_vs_ar,-1.6560659426894224,1445553,cc289a63a4f23862,True,location-k4-fold3-seed0,3
persistence,CoPx_R,19,MSE,0.05528439803669192,1445553,cc289a63a4f23862,True,location-k4-fold3-seed0,3
persistence,CoPx_R,19,MAE,0.10823517685919117,1445553,cc289a63a4f23862,True,location-k4-fold3-seed0,3
persistence,CoPx_R,19,SS_vs_persistence,1.8088308628705363e-11,1445553,cc289a63a4f23862,True,location-k4-fold3-seed0,3
persistence,CoPx_R,19,SS_vs_seasonal,-0.09638766940452803,1445553,cc289a63a4f23862,True,location-k4-fold3-seed0,3
persistence,CoPx_R,19,SS_vs_ar,-1.766564572238666,1445553,cc289a63a4f23862,True,location-k4-fold3-seed0,3
persistence,CoPx_R,20,MSE,0.05564232948893608,1445553,cc289a63a4f23862,True,location-k4-fold3-seed0,3
persistence,CoPx_R,20,MAE,0.10734366205150696,1445553,cc289a63a4f23862,True,location-k4-fold3-seed0,3
persistence,CoPx_R,20,SS_vs_persistence,1.7971957255724647e-11,1445553,cc289a63a4f23862,True,location-k4-fold3-seed0,3
persistence,CoPx_R,20,SS_vs_seasonal,-0.11211932014437953,1445553,cc289a63a4f23862,True,location-k4-fold3-seed0,3
persistence,CoPx_R,20,SS_vs_ar,-1.7924317549093423,1445553,cc289a63a4f23862,True,location-k4-fold3-seed0,3
persistence,CoPx_R,21,MSE,0.0538423975370522,1445553,cc289a63a4f23862,True,location-k4-fold3-seed0,3
persistence,CoPx_R,21,MAE,0.1062349263413104,1445553,cc289a63a4f23862,True,location-k4-fold3-seed0,3
persistence,CoPx_R,21,SS_vs_persistence,1.857269893434932e-11,1445553,cc289a63a4f23862,True,location-k4-fold3-seed0,3
persistence,CoPx_R,21,SS_vs_seasonal,-0.08440879400528378,1445553,cc289a63a4f23862,True,location-k4-fold3-seed0,3
persistence,CoPx_R,21,SS_vs_ar,-1.7037444258776278,1445553,cc289a63a4f23862,True,location-k4-fold3-seed0,3
persistence,CoPx_R,22,MSE,0.05273550913963334,1445553,cc289a63a4f23862,True,location-k4-fold3-seed0,3
persistence,CoPx_R,22,MAE,0.10619965991588926,1445553,cc289a63a4f23862,True,location-k4-fold3-seed0,3
persistence,CoPx_R,22,SS_vs_persistence,1.896249823829521e-11,1445553,cc289a63a4f23862,True,location-k4-fold3-seed0,3
persistence,CoPx_R,22,SS_vs_seasonal,-0.05187436625197028,1445553,cc289a63a4f23862,True,location-k4-fold3-seed0,3
persistence,CoPx_R,22,SS_vs_ar,-1.674252124899139,1445553,cc289a63a4f23862,True,location-k4-fold3-seed0,3
persistence,CoPx_R,23,MSE,0.05531104656643612,1445553,cc289a63a4f23862,True,location-k4-fold3-seed0,3
persistence,CoPx_R,23,MAE,0.10892642521530867,1445553,cc289a63a4f23862,True,location-k4-fold3-seed0,3
persistence,CoPx_R,23,SS_vs_persistence,1.8079537866810824e-11,1445553,cc289a63a4f23862,True,location-k4-fold3-seed0,3
persistence,CoPx_R,23,SS_vs_seasonal,-0.09207316280970512,1445553,cc289a63a4f23862,True,location-k4-fold3-seed0,3
persistence,CoPx_R,23,SS_vs_ar,-1.791942087566258,1445553,cc289a63a4f23862,True,location-k4-fold3-seed0,3
persistence,CoPx_R,24,MSE,0.05488426455761443,1445553,cc289a63a4f23862,True,location-k4-fold3-seed0,3
persistence,CoPx_R,24,MAE,0.10915278242988605,1445553,cc289a63a4f23862,True,location-k4-fold3-seed0,3
persistence,CoPx_R,24,SS_vs_persistence,1.822009210172837e-11,1445553,cc289a63a4f23862,True,location-k4-fold3-seed0,3
persistence,CoPx_R,24,SS_vs_seasonal,-0.08665698622661777,1445553,cc289a63a4f23862,True,location-k4-fold3-seed0,3
persistence,CoPx_R,24,SS_vs_ar,-1.7732825847159632,1445553,cc289a63a4f23862,True,location-k4-fold3-seed0,3
persistence,CoPx_R,25,MSE,0.05277663222408746,1445553,cc289a63a4f23862,True,location-k4-fold3-seed0,3
persistence,CoPx_R,25,MAE,0.10742380930093458,1445553,cc289a63a4f23862,True,location-k4-fold3-seed0,3
persistence,CoPx_R,25,SS_vs_persistence,1.8947732272067697e-11,1445553,cc289a63a4f23862,True,location-k4-fold3-seed0,3
persistence,CoPx_R,25,SS_vs_seasonal,-0.04338183278519048,1445553,cc289a63a4f23862,True,location-k4-fold3-seed0,3
persistence,CoPx_R,25,SS_vs_ar,-1.6757685877828217,1445553,cc289a63a4f23862,True,location-k4-fold3-seed0,3
persistence,CoPx_R,26,MSE,0.05670120124053215,1445553,cc289a63a4f23862,True,location-k4-fold3-seed0,3
persistence,CoPx_R,26,MAE,0.109141466548791,1445553,cc289a63a4f23862,True,location-k4-fold3-seed0,3
persistence,CoPx_R,26,SS_vs_persistence,1.7636336835380462e-11,1445553,cc289a63a4f23862,True,location-k4-fold3-seed0,3
persistence,CoPx_R,26,SS_vs_seasonal,-0.10880302180767698,1445553,cc289a63a4f23862,True,location-k4-fold3-seed0,3
persistence,CoPx_R,26,SS_vs_ar,-1.8688885445475178,1445553,cc289a63a4f23862,True,location-k4-fold3-seed0,3
persistence,CoPx_R,27,MSE,0.05730970243698271,1445553,cc289a63a4f23862,True,location-k4-fold3-seed0,3
persistence,CoPx_R,27,MAE,0.11078042070874587,1445553,cc289a63a4f23862,True,location-k4-fold3-seed0,3
persistence,CoPx_R,27,SS_vs_persistence,1.7449042211126198e-11,1445553,cc289a63a4f23862,True,location-k4-fold3-seed0,3
persistence,CoPx_R,27,SS_vs_seasonal,-0.11556517532564548,1445553,cc289a63a4f23862,True,location-k4-fold3-seed0,3
persistence,CoPx_R,27,SS_vs_ar,-1.8998589966706843,1445553,cc289a63a4f23862,True,location-k4-fold3-seed0,3
persistence,CoPx_R,28,MSE,0.05537381096536328,1445553,cc289a63a4f23862,True,location-k4-fold3-seed0,3
persistence,CoPx_R,28,MAE,0.10948069071150598,1445553,cc289a63a4f23862,True,location-k4-fold3-seed0,3
persistence,CoPx_R,28,SS_vs_persistence,1.805910976315772e-11,1445553,cc289a63a4f23862,True,location-k4-fold3-seed0,3
persistence,CoPx_R,28,SS_vs_seasonal,-0.06993412078441152,1445553,cc289a63a4f23862,True,location-k4-fold3-seed0,3
persistence,CoPx_R,28,SS_vs_ar,-1.7919552069825215,1445553,cc289a63a4f23862,True,location-k4-fold3-seed0,3
persistence,CoPx_R,29,MSE,0.05723606653296729,1445553,cc289a63a4f23862,True,location-k4-fold3-seed0,3
persistence,CoPx_R,29,MAE,0.11155946850771122,1445553,cc289a63a4f23862,True,location-k4-fold3-seed0,3
persistence,CoPx_R,29,SS_vs_persistence,1.7471468716223626e-11,1445553,cc289a63a4f23862,True,location-k4-fold3-seed0,3
persistence,CoPx_R,29,SS_vs_seasonal,-0.10458075078913054,1445553,cc289a63a4f23862,True,location-k4-fold3-seed0,3
persistence,CoPx_R,29,SS_vs_ar,-1.8905335853069465,1445553,cc289a63a4f23862,True,location-k4-fold3-seed0,3
persistence,CoPx_R,30,MSE,0.058705796766710526,1445553,cc289a63a4f23862,True,location-k4-fold3-seed0,3
persistence,CoPx_R,30,MAE,0.11197657801116678,1445553,cc289a63a4f23862,True,location-k4-fold3-seed0,3
persistence,CoPx_R,30,SS_vs_persistence,1.7034040844521314e-11,1445553,cc289a63a4f23862,True,location-k4-fold3-seed0,3
persistence,CoPx_R,30,SS_vs_seasonal,-0.11614245903845011,1445553,cc289a63a4f23862,True,location-k4-fold3-seed0,3
persistence,CoPx_R,30,SS_vs_ar,-1.9758645979236236,1445553,cc289a63a4f23862,True,location-k4-fold3-seed0,3
persistence,CoPx_R,all,MSE,0.05335039225193332,1445553,cc289a63a4f23862,True,location-k4-fold3-seed0,3
persistence,CoPx_R,all,MAE,0.10414395151365867,1445553,cc289a63a4f23862,True,location-k4-fold3-seed0,3
persistence,CoPx_R,all,SS_vs_persistence,1.874400634704898e-11,1445553,cc289a63a4f23862,True,location-k4-fold3-seed0,3
persistence,CoPx_R,all,SS_vs_seasonal,-0.06745513787288249,1445553,cc289a63a4f23862,True,location-k4-fold3-seed0,3
persistence,CoPx_R,all,SS_vs_ar,-1.671681890737542,1445553,cc289a63a4f23862,True,location-k4-fold3-seed0,3
persistence,CoPy_R,1,MSE,0.035421637028251726,1445553,cc289a63a4f23862,True,location-k4-fold3-seed0,3
persistence,CoPy_R,1,MAE,0.10543452980563112,1445553,cc289a63a4f23862,True,location-k4-fold3-seed0,3
persistence,CoPy_R,1,SS_vs_persistence,2.8231306181680793e-11,1445553,cc289a63a4f23862,True,location-k4-fold3-seed0,3
persistence,CoPy_R,1,SS_vs_seasonal,0.03723485672840254,1445553,cc289a63a4f23862,True,location-k4-fold3-seed0,3
persistence,CoPy_R,1,SS_vs_ar,-0.7572290511285091,1445553,cc289a63a4f23862,True,location-k4-fold3-seed0,3
persistence,CoPy_R,2,MSE,0.040987603219500256,1445553,cc289a63a4f23862,True,location-k4-fold3-seed0,3
persistence,CoPy_R,2,MAE,0.11646227457648035,1445553,cc289a63a4f23862,True,location-k4-fold3-seed0,3
persistence,CoPy_R,2,SS_vs_persistence,2.4397595055347665e-11,1445553,cc289a63a4f23862,True,location-k4-fold3-seed0,3
persistence,CoPy_R,2,SS_vs_seasonal,-0.06834753520943049,1445553,cc289a63a4f23862,True,location-k4-fold3-seed0,3
persistence,CoPy_R,2,SS_vs_ar,-0.9947859080758275,1445553,cc289a63a4f23862,True,location-k4-fold3-seed0,3
persistence,CoPy_R,3,MSE,0.04256514330253954,1445553,cc289a63a4f23862,True,location-k4-fold3-seed0,3
persistence,CoPy_R,3,MAE,0.11935287401417882,1445553,cc289a63a4f23862,True,location-k4-fold3-seed0,3
persistence,CoPy_R,3,SS_vs_persistence,2.3493318401790475e-11,1445553,cc289a63a4f23862,True,location-k4-fold3-seed0,3
persistence,CoPy_R,3,SS_vs_seasonal,-0.08789138859268286,1445553,cc289a63a4f23862,True,location-k4-fold3-seed0,3
persistence,CoPy_R,3,SS_vs_ar,-1.065578012523626,1445553,cc289a63a4f23862,True,location-k4-fold3-seed0,3
persistence,CoPy_R,4,MSE,0.04324195978647453,1445553,cc289a63a4f23862,True,location-k4-fold3-seed0,3
persistence,CoPy_R,4,MAE,0.12050331431556598,1445553,cc289a63a4f23862,True,location-k4-fold3-seed0,3
persistence,CoPy_R,4,SS_vs_persistence,2.3125612536034623e-11,1445553,cc289a63a4f23862,True,location-k4-fold3-seed0,3
persistence,CoPy_R,4,SS_vs_seasonal,-0.09646866421409883,1445553,cc289a63a4f23862,True,location-k4-fold3-seed0,3
persistence,CoPy_R,4,SS_vs_ar,-1.101207365846839,1445553,cc289a63a4f23862,True,location-k4-fold3-seed0,3
persistence,CoPy_R,5,MSE,0.04317712361096159,1445553,cc289a63a4f23862,True,location-k4-fold3-seed0,3
persistence,CoPy_R,5,MAE,0.12042153076957154,1445553,cc289a63a4f23862,True,location-k4-fold3-seed0,3
persistence,CoPy_R,5,SS_vs_persistence,2.316036251670539e-11,1445553,cc289a63a4f23862,True,location-k4-fold3-seed0,3
persistence,CoPy_R,5,SS_vs_seasonal,-0.10717928456346004,1445553,cc289a63a4f23862,True,location-k4-fold3-seed0,3
persistence,CoPy_R,5,SS_vs_ar,-1.1018172879689079,1445553,cc289a63a4f23862,True,location-k4-fold3-seed0,3
persistence,CoPy_R,6,MSE,0.042522470815474896,1445553,cc289a63a4f23862,True,location-k4-fold3-seed0,3
persistence,CoPy_R,6,MAE,0.11890718510112233,1445553,cc289a63a4f23862,True,location-k4-fold3-seed0,3
persistence,CoPy_R,6,SS_vs_persistence,2.351696615221499e-11,1445553,cc289a63a4f23862,True,location-k4-fold3-seed0,3
persistence,CoPy_R,6,SS_vs_seasonal,-0.10106275383543695,1445553,cc289a63a4f23862,True,location-k4-fold3-seed0,3
persistence,CoPy_R,6,SS_vs_ar,-1.0689459856512853,1445553,cc289a63a4f23862,True,location-k4-fold3-seed0,3
persistence,CoPy_R,7,MSE,0.041042958806619616,1445553,cc289a63a4f23862,True,location-k4-fold3-seed0,3
persistence,CoPy_R,7,MAE,0.11766538552897048,1445553,cc289a63a4f23862,True,location-k4-fold3-seed0,3
persistence,CoPy_R,7,SS_vs_persistence,2.436473245381876e-11,1445553,cc289a63a4f23862,True,location-k4-fold3-seed0,3
persistence,CoPy_R,7,SS_vs_seasonal,-0.06975893279377998,1445553,cc289a63a4f23862,True,location-k4-fold3-seed0,3
persistence,CoPy_R,7,SS_vs_ar,-1.0010859463521538,1445553,cc289a63a4f23862,True,location-k4-fold3-seed0,3
persistence,CoPy_R,8,MSE,0.04081029277030757,1445553,cc289a63a4f23862,True,location-k4-fold3-seed0,3
persistence,CoPy_R,8,MAE,0.11709919240256202,1445553,cc289a63a4f23862,True,location-k4-fold3-seed0,3
persistence,CoPy_R,8,SS_vs_persistence,2.4503621354199367e-11,1445553,cc289a63a4f23862,True,location-k4-fold3-seed0,3
persistence,CoPy_R,8,SS_vs_seasonal,-0.07036125907759883,1445553,cc289a63a4f23862,True,location-k4-fold3-seed0,3
persistence,CoPy_R,8,SS_vs_ar,-0.9922976567655724,1445553,cc289a63a4f23862,True,location-k4-fold3-seed0,3
persistence,CoPy_R,9,MSE,0.04079027066926776,1445553,cc289a63a4f23862,True,location-k4-fold3-seed0,3
persistence,CoPy_R,9,MAE,0.1167979222228227,1445553,cc289a63a4f23862,True,location-k4-fold3-seed0,3
persistence,CoPy_R,9,SS_vs_persistence,2.451561176286532e-11,1445553,cc289a63a4f23862,True,location-k4-fold3-seed0,3
persistence,CoPy_R,9,SS_vs_seasonal,-0.06753252995921599,1445553,cc289a63a4f23862,True,location-k4-fold3-seed0,3
persistence,CoPy_R,9,SS_vs_ar,-0.9885526734234147,1445553,cc289a63a4f23862,True,location-k4-fold3-seed0,3
persistence,CoPy_R,10,MSE,0.04130454842196983,1445553,cc289a63a4f23862,True,location-k4-fold3-seed0,3
persistence,CoPy_R,10,MAE,0.11769984790880639,1445553,cc289a63a4f23862,True,location-k4-fold3-seed0,3
persistence,CoPy_R,10,SS_vs_persistence,2.4210411453395864e-11,1445553,cc289a63a4f23862,True,location-k4-fold3-seed0,3
persistence,CoPy_R,10,SS_vs_seasonal,-0.07832646986730452,1445553,cc289a63a4f23862,True,location-k4-fold3-seed0,3
persistence,CoPy_R,10,SS_vs_ar,-1.005364344107555,1445553,cc289a63a4f23862,True,location-k4-fold3-seed0,3
persistence,CoPy_R,11,MSE,0.04133437928579923,1445553,cc289a63a4f23862,True,location-k4-fold3-seed0,3
persistence,CoPy_R,11,MAE,0.11912804483969747,1445553,cc289a63a4f23862,True,location-k4-fold3-seed0,3
persistence,CoPy_R,11,SS_vs_persistence,2.4192869929606786e-11,1445553,cc289a63a4f23862,True,location-k4-fold3-seed0,3
persistence,CoPy_R,11,SS_vs_seasonal,-0.08275671176265176,1445553,cc289a63a4f23862,True,location-k4-fold3-seed0,3
persistence,CoPy_R,11,SS_vs_ar,-1.0044540169995901,1445553,cc289a63a4f23862,True,location-k4-fold3-seed0,3
persistence,CoPy_R,12,MSE,0.04201812700236013,1445553,cc289a63a4f23862,True,location-k4-fold3-seed0,3
persistence,CoPy_R,12,MAE,0.11979058924629658,1445553,cc289a63a4f23862,True,location-k4-fold3-seed0,3
persistence,CoPy_R,12,SS_vs_persistence,2.3799184845074706e-11,1445553,cc289a63a4f23862,True,location-k4-fold3-seed0,3
persistence,CoPy_R,12,SS_vs_seasonal,-0.09400257452701766,1445553,cc289a63a4f23862,True,location-k4-fold3-seed0,3
persistence,CoPy_R,12,SS_vs_ar,-1.0392477868080991,1445553,cc289a63a4f23862,True,location-k4-fold3-seed0,3
persistence,CoPy_R,13,MSE,0.04246258571336299,1445553,cc289a63a4f23862,True,location-k4-fold3-seed0,3
persistence,CoPy_R,13,MAE,0.1203309552423452,1445553,cc289a63a4f23862,True,location-k4-fold3-seed0,3
persistence,CoPy_R,13,SS_vs_persistence,2.3550161820651283e-11,1445553,cc289a63a4f23862,True,location-k4-fold3-seed0,3
persistence,CoPy_R,13,SS_vs_seasonal,-0.10656631528370286,1445553,cc289a63a4f23862,True,location-k4-fold3-seed0,3
persistence,CoPy_R,13,SS_vs_ar,-1.0575193577572524,1445553,cc289a63a4f23862,True,location-k4-fold3-seed0,3
persistence,CoPy_R,14,MSE,0.042405963307717814,1445553,cc289a63a4f23862,True,location-k4-fold3-seed0,3
persistence,CoPy_R,14,MAE,0.1200745248784047,1445553,cc289a63a4f23862,True,location-k4-fold3-seed0,3
persistence,CoPy_R,14,SS_vs_persistence,2.3581581132248175e-11,1445553,cc289a63a4f23862,True,location-k4-fold3-seed0,3
persistence,CoPy_R,14,SS_vs_seasonal,-0.09781056356641726,1445553,cc289a63a4f23862,True,location-k4-fold3-seed0,3
persistence,CoPy_R,14,SS_vs_ar,-1.0534823382629197,1445553,cc289a63a4f23862,True,location-k4-fold3-seed0,3
persistence,CoPy_R,15,MSE,0.040705926200428184,1445553,cc289a63a4f23862,True,location-k4-fold3-seed0,3
persistence,CoPy_R,15,MAE,0.11798021412292338,1445553,cc289a63a4f23862,True,location-k4-fold3-seed0,3
persistence,CoPy_R,15,SS_vs_persistence,2.456645997739315e-11,1445553,cc289a63a4f23862,True,location-k4-fold3-seed0,3
persistence,CoPy_R,15,SS_vs_seasonal,-0.05684793117955045,1445553,cc289a63a4f23862,True,location-k4-fold3-seed0,3
persistence,CoPy_R,15,SS_vs_ar,-0.9713233063867104,1445553,cc289a63a4f23862,True,location-k4-fold3-seed0,3
persistence,CoPy_R,16,MSE,0.041027369418483645,1445553,cc289a63a4f23862,True,location-k4-fold3-seed0,3
persistence,CoPy_R,16,MAE,0.11816585637736206,1445553,cc289a63a4f23862,True,location-k4-fold3-seed0,3
persistence,CoPy_R,16,SS_vs_persistence,2.437394730492315e-11,1445553,cc289a63a4f23862,True,location-k4-fold3-seed0,3
persistence,CoPy_R,16,SS_vs_seasonal,-0.07210267075301191,1445553,cc289a63a4f23862,True,location-k4-fold3-seed0,3
persistence,CoPy_R,16,SS_vs_ar,-0.978160928819499,1445553,cc289a63a4f23862,True,location-k4-fold3-seed0,3
persistence,CoPy_R,17,MSE,0.04137500631809357,1445553,cc289a63a4f23862,True,location-k4-fold3-seed0,3
persistence,CoPy_R,17,MAE,0.11913627743567003,1445553,cc289a63a4f23862,True,location-k4-fold3-seed0,3
persistence,CoPy_R,17,SS_vs_persistence,2.4169111156879808e-11,1445553,cc289a63a4f23862,True,location-k4-fold3-seed0,3
persistence,CoPy_R,17,SS_vs_seasonal,-0.08770491933275881,1445553,cc289a63a4f23862,True,location-k4-fold3-seed0,3
persistence,CoPy_R,17,SS_vs_ar,-1.0024466690830622,1445553,cc289a63a4f23862,True,location-k4-fold3-seed0,3
persistence,CoPy_R,18,MSE,0.04163152701359595,1445553,cc289a63a4f23862,True,location-k4-fold3-seed0,3
persistence,CoPy_R,18,MAE,0.12009377990491511,1445553,cc289a63a4f23862,True,location-k4-fold3-seed0,3
persistence,CoPy_R,18,SS_vs_persistence,2.4020230249277574e-11,1445553,cc289a63a4f23862,True,location-k4-fold3-seed0,3
persistence,CoPy_R,18,SS_vs_seasonal,-0.09534982165560946,1445553,cc289a63a4f23862,True,location-k4-fold3-seed0,3
persistence,CoPy_R,18,SS_vs_ar,-1.0216655482874688,1445553,cc289a63a4f23862,True,location-k4-fold3-seed0,3
persistence,CoPy_R,19,MSE,0.04215700016504205,1445553,cc289a63a4f23862,True,location-k4-fold3-seed0,3
persistence,CoPy_R,19,MAE,0.12036415100952476,1445553,cc289a63a4f23862,True,location-k4-fold3-seed0,3
persistence,CoPy_R,19,SS_vs_persistence,2.372080309953617e-11,1445553,cc289a63a4f23862,True,location-k4-fold3-seed0,3
persistence,CoPy_R,19,SS_vs_seasonal,-0.10812780565751057,1445553,cc289a63a4f23862,True,location-k4-fold3-seed0,3
persistence,CoPy_R,19,SS_vs_ar,-1.051715394183581,1445553,cc289a63a4f23862,True,location-k4-fold3-seed0,3
persistence,CoPy_R,20,MSE,0.04261811947077177,1445553,cc289a63a4f23862,True,location-k4-fold3-seed0,3
persistence,CoPy_R,20,MAE,0.12108750893526041,1445553,cc289a63a4f23862,True,location-k4-fold3-seed0,3
persistence,CoPy_R,20,SS_vs_persistence,2.3464119536242833e-11,1445553,cc289a63a4f23862,True,location-k4-fold3-seed0,3
persistence,CoPy_R,20,SS_vs_seasonal,-0.11801342487731792,1445553,cc289a63a4f23862,True,location-k4-fold3-seed0,3
persistence,CoPy_R,20,SS_vs_ar,-1.0681171673631265,1445553,cc289a63a4f23862,True,location-k4-fold3-seed0,3
persistence,CoPy_R,21,MSE,0.04284535865795245,1445553,cc289a63a4f23862,True,location-k4-fold3-seed0,3
persistence,CoPy_R,21,MAE,0.1216502122858143,1445553,cc289a63a4f23862,True,location-k4-fold3-seed0,3
persistence,CoPy_R,21,SS_vs_persistence,2.3339774557484816e-11,1445553,cc289a63a4f23862,True,location-k4-fold3-seed0,3
persistence,CoPy_R,21,SS_vs_seasonal,-0.11263891873154619,1445553,cc289a63a4f23862,True,location-k4-fold3-seed0,3
persistence,CoPy_R,21,SS_vs_ar,-1.0738685851558425,1445553,cc289a63a4f23862,True,location-k4-fold3-seed0,3
persistence,CoPy_R,22,MSE,0.04241629747226731,1445553,cc289a63a4f23862,True,location-k4-fold3-seed0,3
persistence,CoPy_R,22,MAE,0.12053439806844793,1445553,cc289a63a4f23862,True,location-k4-fold3-seed0,3
persistence,CoPy_R,22,SS_vs_persistence,2.3575807972520124e-11,1445553,cc289a63a4f23862,True,location-k4-fold3-seed0,3
persistence,CoPy_R,22,SS_vs_seasonal,-0.10095332640366084,1445553,cc289a63a4f23862,True,location-k4-fold3-seed0,3
persistence,CoPy_R,22,SS_vs_ar,-1.05174583007991,1445553,cc289a63a4f23862,True,location-k4-fold3-seed0,3
persistence,CoPy_R,23,MSE,0.041606369757336774,1445553,cc289a63a4f23862,True,location-k4-fold3-seed0,3
persistence,CoPy_R,23,MAE,0.11907433376165935,1445553,cc289a63a4f23862,True,location-k4-fold3-seed0,3
persistence,CoPy_R,23,SS_vs_persistence,2.4034774170900164e-11,1445553,cc289a63a4f23862,True,location-k4-fold3-seed0,3
persistence,CoPy_R,23,SS_vs_seasonal,-0.07988882633308392,1445553,cc289a63a4f23862,True,location-k4-fold3-seed0,3
persistence,CoPy_R,23,SS_vs_ar,-1.00956057959992,1445553,cc289a63a4f23862,True,location-k4-fold3-seed0,3
persistence,CoPy_R,24,MSE,0.04131443592696965,1445553,cc289a63a4f23862,True,location-k4-fold3-seed0,3
persistence,CoPy_R,24,MAE,0.11860998507009271,1445553,cc289a63a4f23862,True,location-k4-fold3-seed0,3
persistence,CoPy_R,24,SS_vs_persistence,2.4204638293667813e-11,1445553,cc289a63a4f23862,True,location-k4-fold3-seed0,3
persistence,CoPy_R,24,SS_vs_seasonal,-0.08193595011268862,1445553,cc289a63a4f23862,True,location-k4-fold3-seed0,3
persistence,CoPy_R,24,SS_vs_ar,-1.0064960384496677,1445553,cc289a63a4f23862,True,location-k4-fold3-seed0,3
persistence,CoPy_R,25,MSE,0.040303789850140576,1445553,cc289a63a4f23862,True,location-k4-fold3-seed0,3
persistence,CoPy_R,25,MAE,0.11832269150902705,1445553,cc289a63a4f23862,True,location-k4-fold3-seed0,3
persistence,CoPy_R,25,SS_vs_persistence,2.4811486198927923e-11,1445553,cc289a63a4f23862,True,location-k4-fold3-seed0,3
persistence,CoPy_R,25,SS_vs_seasonal,-0.05743096165506767,1445553,cc289a63a4f23862,True,location-k4-fold3-seed0,3
persistence,CoPy_R,25,SS_vs_ar,-0.9515039011164048,1445553,cc289a63a4f23862,True,location-k4-fold3-seed0,3
persistence,CoPy_R,26,MSE,0.04257394025825196,1445553,cc289a63a4f23862,True,location-k4-fold3-seed0,3
persistence,CoPy_R,26,MAE,0.12081634103267397,1445553,cc289a63a4f23862,True,location-k4-fold3-seed0,3
persistence,CoPy_R,26,SS_vs_persistence,2.3488544442784587e-11,1445553,cc289a63a4f23862,True,location-k4-fold3-seed0,3
persistence,CoPy_R,26,SS_vs_seasonal,-0.10472862329655097,1445553,cc289a63a4f23862,True,location-k4-fold3-seed0,3
persistence,CoPy_R,26,SS_vs_ar,-1.0547856140697989,1445553,cc289a63a4f23862,True,location-k4-fold3-seed0,3
persistence,CoPy_R,27,MSE,0.044393918337901586,1445553,cc289a63a4f23862,True,location-k4-fold3-seed0,3
persistence,CoPy_R,27,MAE,0.1240197925820606,1445553,cc289a63a4f23862,True,location-k4-fold3-seed0,3
persistence,CoPy_R,27,SS_vs_persistence,2.2525536991224726e-11,1445553,cc289a63a4f23862,True,location-k4-fold3-seed0,3
persistence,CoPy_R,27,SS_vs_seasonal,-0.1464078571356806,1445553,cc289a63a4f23862,True,location-k4-fold3-seed0,3
persistence,CoPy_R,27,SS_vs_ar,-1.144613067123136,1445553,cc289a63a4f23862,True,location-k4-fold3-seed0,3
persistence,CoPy_R,28,MSE,0.04498911053017545,1445553,cc289a63a4f23862,True,location-k4-fold3-seed0,3
persistence,CoPy_R,28,MAE,0.12491348582519081,1445553,cc289a63a4f23862,True,location-k4-fold3-seed0,3
persistence,CoPy_R,28,SS_vs_persistence,2.2227553131415334e-11,1445553,cc289a63a4f23862,True,location-k4-fold3-seed0,3
persistence,CoPy_R,28,SS_vs_seasonal,-0.1597629903502482,1445553,cc289a63a4f23862,True,location-k4-fold3-seed0,3
persistence,CoPy_R,28,SS_vs_ar,-1.1679643869117435,1445553,cc289a63a4f23862,True,location-k4-fold3-seed0,3
persistence,CoPy_R,29,MSE,0.04502319627842727,1445553,cc289a63a4f23862,True,location-k4-fold3-seed0,3
persistence,CoPy_R,29,MAE,0.12456718006115877,1445553,cc289a63a4f23862,True,location-k4-fold3-seed0,3
persistence,CoPy_R,29,SS_vs_persistence,2.2210788763743494e-11,1445553,cc289a63a4f23862,True,location-k4-fold3-seed0,3
persistence,CoPy_R,29,SS_vs_seasonal,-0.15409090628639976,1445553,cc289a63a4f23862,True,location-k4-fold3-seed0,3
persistence,CoPy_R,29,SS_vs_ar,-1.1700231028740329,1445553,cc289a63a4f23862,True,location-k4-fold3-seed0,3
persistence,CoPy_R,30,MSE,0.04329129964830751,1445553,cc289a63a4f23862,True,location-k4-fold3-seed0,3
persistence,CoPy_R,30,MAE,0.12123641823941149,1445553,cc289a63a4f23862,True,location-k4-fold3-seed0,3
persistence,CoPy_R,30,SS_vs_persistence,2.3099300250351007e-11,1445553,cc289a63a4f23862,True,location-k4-fold3-seed0,3
persistence,CoPy_R,30,SS_vs_seasonal,-0.11399345773627001,1445553,cc289a63a4f23862,True,location-k4-fold3-seed0,3
persistence,CoPy_R,30,SS_vs_ar,-1.0926445597726229,1445553,cc289a63a4f23862,True,location-k4-fold3-seed0,3
persistence,CoPy_R,all,MSE,0.04194571867771579,1445553,cc289a63a4f23862,True,location-k4-fold3-seed0,3
persistence,CoPy_R,all,MAE,0.11934246897971112,1445553,cc289a63a4f23862,True,location-k4-fold3-seed0,3
persistence,CoPy_R,all,SS_vs_persistence,2.3840263096985836e-11,1445553,cc289a63a4f23862,True,location-k4-fold3-seed0,3
persistence,CoPy_R,all,SS_vs_seasonal,-0.09165878710523234,1445553,cc289a63a4f23862,True,location-k4-fold3-seed0,3
persistence,CoPy_R,all,SS_vs_ar,-1.0352385783499423,1445553,cc289a63a4f23862,True,location-k4-fold3-seed0,3
seasonal,F_R,1,MSE,804421.4356696043,1529550,cc289a63a4f23862,True,location-k4-fold3-seed0,3
seasonal,F_R,1,MAE,565.7068798861644,1529550,cc289a63a4f23862,True,location-k4-fold3-seed0,3
seasonal,F_R,1,SS_vs_persistence,-0.5870708873258723,1529550,cc289a63a4f23862,True,location-k4-fold3-seed0,3
seasonal,F_R,1,SS_vs_seasonal,0.0,1529550,cc289a63a4f23862,True,location-k4-fold3-seed0,3
seasonal,F_R,1,SS_vs_ar,-1.1728767925593684,1529550,cc289a63a4f23862,True,location-k4-fold3-seed0,3
seasonal,F_R,2,MSE,821841.4956848065,1529550,cc289a63a4f23862,True,location-k4-fold3-seed0,3
seasonal,F_R,2,MAE,577.2127854699912,1529550,cc289a63a4f23862,True,location-k4-fold3-seed0,3
seasonal,F_R,2,SS_vs_persistence,-0.43453956112415426,1529550,cc289a63a4f23862,True,location-k4-fold3-seed0,3
seasonal,F_R,2,SS_vs_seasonal,0.0,1529550,cc289a63a4f23862,True,location-k4-fold3-seed0,3
seasonal,F_R,2,SS_vs_ar,-0.9627271246665052,1529550,cc289a63a4f23862,True,location-k4-fold3-seed0,3
seasonal,F_R,3,MSE,833542.9649241217,1529550,cc289a63a4f23862,True,location-k4-fold3-seed0,3
seasonal,F_R,3,MAE,583.1579774918481,1529550,cc289a63a4f23862,True,location-k4-fold3-seed0,3
seasonal,F_R,3,SS_vs_persistence,-0.37694828393038926,1529550,cc289a63a4f23862,True,location-k4-fold3-seed0,3
seasonal,F_R,3,SS_vs_seasonal,0.0,1529550,cc289a63a4f23862,True,location-k4-fold3-seed0,3
seasonal,F_R,3,SS_vs_ar,-0.8549962710986432,1529550,cc289a63a4f23862,True,location-k4-fold3-seed0,3
seasonal,F_R,4,MSE,838169.9008111143,1529550,cc289a63a4f23862,True,location-k4-fold3-seed0,3
seasonal,F_R,4,MAE,585.1113398807171,1529550,cc289a63a4f23862,True,location-k4-fold3-seed0,3
seasonal,F_R,4,SS_vs_persistence,-0.3538532890281614,1529550,cc289a63a4f23862,True,location-k4-fold3-seed0,3
seasonal,F_R,4,SS_vs_seasonal,0.0,1529550,cc289a63a4f23862,True,location-k4-fold3-seed0,3
seasonal,F_R,4,SS_vs_ar,-0.7607756584396046,1529550,cc289a63a4f23862,True,location-k4-fold3-seed0,3
seasonal,F_R,5,MSE,846502.515561542,1529550,cc289a63a4f23862,True,location-k4-fold3-seed0,3
seasonal,F_R,5,MAE,589.7417488561281,1529550,cc289a63a4f23862,True,location-k4-fold3-seed0,3
seasonal,F_R,5,SS_vs_persistence,-0.3047492128403071,1529550,cc289a63a4f23862,True,location-k4-fold3-seed0,3
seasonal,F_R,5,SS_vs_seasonal,0.0,1529550,cc289a63a4f23862,True,location-k4-fold3-seed0,3
seasonal,F_R,5,SS_vs_ar,-0.6764474763908424,1529550,cc289a63a4f23862,True,location-k4-fold3-seed0,3
seasonal,F_R,6,MSE,849908.6921807434,1529550,cc289a63a4f23862,True,location-k4-fold3-seed0,3
seasonal,F_R,6,MAE,590.3678852484952,1529550,cc289a63a4f23862,True,location-k4-fold3-seed0,3
seasonal,F_R,6,SS_vs_persistence,-0.3059630296799827,1529550,cc289a63a4f23862,True,location-k4-fold3-seed0,3
seasonal,F_R,6,SS_vs_seasonal,0.0,1529550,cc289a63a4f23862,True,location-k4-fold3-seed0,3
seasonal,F_R,6,SS_vs_ar,-0.6180225351597255,1529550,cc289a63a4f23862,True,location-k4-fold3-seed0,3
seasonal,F_R,7,MSE,858817.5906721777,1529550,cc289a63a4f23862,True,location-k4-fold3-seed0,3
seasonal,F_R,7,MAE,594.026527084406,1529550,cc289a63a4f23862,True,location-k4-fold3-seed0,3
seasonal,F_R,7,SS_vs_persistence,-0.2612131328753804,1529550,cc289a63a4f23862,True,location-k4-fold3-seed0,3
seasonal,F_R,7,SS_vs_seasonal,0.0,1529550,cc289a63a4f23862,True,location-k4-fold3-seed0,3
seasonal,F_R,7,SS_vs_ar,-0.5595763989826741,1529550,cc289a63a4f23862,True,location-k4-fold3-seed0,3
seasonal,F_R,8,MSE,864441.4167197848,1529550,cc289a63a4f23862,True,location-k4-fold3-seed0,3
seasonal,F_R,8,MAE,596.1008509175875,1529550,cc289a63a4f23862,True,location-k4-fold3-seed0,3
seasonal,F_R,8,SS_vs_persistence,-0.2565205634334169,1529550,cc289a63a4f23862,True,location-k4-fold3-seed0,3
seasonal,F_R,8,SS_vs_seasonal,0.0,1529550,cc289a63a4f23862,True,location-k4-fold3-seed0,3
seasonal,F_R,8,SS_vs_ar,-0.5108065324861923,1529550,cc289a63a4f23862,True,location-k4-fold3-seed0,3
seasonal,F_R,9,MSE,867502.4088924798,1529550,cc289a63a4f23862,True,location-k4-fold3-seed0,3
seasonal,F_R,9,MAE,598.5128956959998,1529550,cc289a63a4f23862,True,location-k4-fold3-seed0,3
seasonal,F_R,9,SS_vs_persistence,-0.24364649275555195,1529550,cc289a63a4f23862,True,location-k4-fold3-seed0,3
seasonal,F_R,9,SS_vs_seasonal,0.0,1529550,cc289a63a4f23862,True,location-k4-fold3-seed0,3
seasonal,F_R,9,SS_vs_ar,-0.46478899187491995,1529550,cc289a63a4f23862,True,location-k4-fold3-seed0,3
seasonal,F_R,10,MSE,869474.8754766927,1529550,cc289a63a4f23862,True,location-k4-fold3-seed0,3
seasonal,F_R,10,MAE,598.0847255981002,1529550,cc289a63a4f23862,True,location-k4-fold3-seed0,3
seasonal,F_R,10,SS_vs_persistence,-0.2481536517009264,1529550,cc289a63a4f23862,True,location-k4-fold3-seed0,3
seasonal,F_R,10,SS_vs_seasonal,0.0,1529550,cc289a63a4f23862,True,location-k4-fold3-seed0,3
seasonal,F_R,10,SS_vs_ar,-0.4222963144180829,1529550,cc289a63a4f23862,True,location-k4-fold3-seed0,3
seasonal,F_R,11,MSE,883149.8252240443,1529550,cc289a63a4f23862,True,location-k4-fold3-seed0,3
seasonal,F_R,11,MAE,604.8602533364209,1529550,cc289a63a4f23862,True,location-k4-fold3-seed0,3
seasonal,F_R,11,SS_vs_persistence,-0.22821846166751825,1529550,cc289a63a4f23862,True,location-k4-fold3-seed0,3
seasonal,F_R,11,SS_vs_seasonal,0.0,1529550,cc289a63a4f23862,True,location-k4-fold3-seed0,3
seasonal,F_R,11,SS_vs_ar,-0.3840714158414824,1529550,cc289a63a4f23862,True,location-k4-fold3-seed0,3
seasonal,F_R,12,MSE,888768.8760911325,1529550,cc289a63a4f23862,True,location-k4-fold3-seed0,3
seasonal,F_R,12,MAE,606.8468468341639,1529550,cc289a63a4f23862,True,location-k4-fold3-seed0,3
seasonal,F_R,12,SS_vs_persistence,-0.20750845640581428,1529550,cc289a63a4f23862,True,location-k4-fold3-seed0,3
seasonal,F_R,12,SS_vs_seasonal,0.0,1529550,cc289a63a4f23862,True,location-k4-fold3-seed0,3
seasonal,F_R,12,SS_vs_ar,-0.3483126514307342,1529550,cc289a63a4f23862,True,location-k4-fold3-seed0,3
seasonal,F_R,13,MSE,892624.2780335604,1529550,cc289a63a4f23862,True,location-k4-fold3-seed0,3
seasonal,F_R,13,MAE,607.9272786601988,1529550,cc289a63a4f23862,True,location-k4-fold3-seed0,3
seasonal,F_R,13,SS_vs_persistence,-0.19103884344022215,1529550,cc289a63a4f23862,True,location-k4-fold3-seed0,3
seasonal,F_R,13,SS_vs_seasonal,0.0,1529550,cc289a63a4f23862,True,location-k4-fold3-seed0,3
seasonal,F_R,13,SS_vs_ar,-0.326038169869735,1529550,cc289a63a4f23862,True,location-k4-fold3-seed0,3
seasonal,F_R,14,MSE,895310.9274514227,1529550,cc289a63a4f23862,True,location-k4-fold3-seed0,3
seasonal,F_R,14,MAE,608.497207828053,1529550,cc289a63a4f23862,True,location-k4-fold3-seed0,3
seasonal,F_R,14,SS_vs_persistence,-0.19712922308182823,1529550,cc289a63a4f23862,True,location-k4-fold3-seed0,3
seasonal,F_R,14,SS_vs_seasonal,0.0,1529550,cc289a63a4f23862,True,location-k4-fold3-seed0,3
seasonal,F_R,14,SS_vs_ar,-0.3054168204531431,1529550,cc289a63a4f23862,True,location-k4-fold3-seed0,3
seasonal,F_R,15,MSE,901615.7640889505,1529550,cc289a63a4f23862,True,location-k4-fold3-seed0,3
seasonal,F_R,15,MAE,610.3784254579318,1529550,cc289a63a4f23862,True,location-k4-fold3-seed0,3
seasonal,F_R,15,SS_vs_persistence,-0.1922668220658601,1529550,cc289a63a4f23862,True,location-k4-fold3-seed0,3
seasonal,F_R,15,SS_vs_seasonal,0.0,1529550,cc289a63a4f23862,True,location-k4-fold3-seed0,3
seasonal,F_R,15,SS_vs_ar,-0.27774518556021555,1529550,cc289a63a4f23862,True,location-k4-fold3-seed0,3
seasonal,F_R,16,MSE,927318.9855841944,1529550,cc289a63a4f23862,True,location-k4-fold3-seed0,3
seasonal,F_R,16,MAE,617.2480155631329,1529550,cc289a63a4f23862,True,location-k4-fold3-seed0,3
seasonal,F_R,16,SS_vs_persistence,-0.16271283667880798,1529550,cc289a63a4f23862,True,location-k4-fold3-seed0,3
seasonal,F_R,16,SS_vs_seasonal,0.0,1529550,cc289a63a4f23862,True,location-k4-fold3-seed0,3
seasonal,F_R,16,SS_vs_ar,-0.2480875357285397,1529550,cc289a63a4f23862,True,location-k4-fold3-seed0,3
seasonal,F_R,17,MSE,937354.7789111111,1529550,cc289a63a4f23862,True,location-k4-fold3-seed0,3
seasonal,F_R,17,MAE,618.6058944362466,1529550,cc289a63a4f23862,True,location-k4-fold3-seed0,3
seasonal,F_R,17,SS_vs_persistence,-0.14884479197612843,1529550,cc289a63a4f23862,True,location-k4-fold3-seed0,3
seasonal,F_R,17,SS_vs_seasonal,0.0,1529550,cc289a63a4f23862,True,location-k4-fold3-seed0,3
seasonal,F_R,17,SS_vs_ar,-0.22675799521205708,1529550,cc289a63a4f23862,True,location-k4-fold3-seed0,3
seasonal,F_R,18,MSE,940339.2315127637,1529550,cc289a63a4f23862,True,location-k4-fold3-seed0,3
seasonal,F_R,18,MAE,619.0397459405186,1529550,cc289a63a4f23862,True,location-k4-fold3-seed0,3
seasonal,F_R,18,SS_vs_persistence,-0.13900627135182075,1529550,cc289a63a4f23862,True,location-k4-fold3-seed0,3
seasonal,F_R,18,SS_vs_seasonal,0.0,1529550,cc289a63a4f23862,True,location-k4-fold3-seed0,3
seasonal,F_R,18,SS_vs_ar,-0.19356628487253524,1529550,cc289a63a4f23862,True,location-k4-fold3-seed0,3
seasonal,F_R,19,MSE,945512.829419474,1529550,cc289a63a4f23862,True,location-k4-fold3-seed0,3
seasonal,F_R,19,MAE,620.2939352902125,1529550,cc289a63a4f23862,True,location-k4-fold3-seed0,3
seasonal,F_R,19,SS_vs_persistence,-0.12328616996090225,1529550,cc289a63a4f23862,True,location-k4-fold3-seed0,3
seasonal,F_R,19,SS_vs_seasonal,0.0,1529550,cc289a63a4f23862,True,location-k4-fold3-seed0,3
seasonal,F_R,19,SS_vs_ar,-0.1648698885143567,1529550,cc289a63a4f23862,True,location-k4-fold3-seed0,3
seasonal,F_R,20,MSE,945246.0448151787,1529550,cc289a63a4f23862,True,location-k4-fold3-seed0,3
seasonal,F_R,20,MAE,620.0680341223215,1529550,cc289a63a4f23862,True,location-k4-fold3-seed0,3
seasonal,F_R,20,SS_vs_persistence,-0.10522804577167322,1529550,cc289a63a4f23862,True,location-k4-fold3-seed0,3
seasonal,F_R,20,SS_vs_seasonal,0.0,1529550,cc289a63a4f23862,True,location-k4-fold3-seed0,3
seasonal,F_R,20,SS_vs_ar,-0.1349663541770909,1529550,cc289a63a4f23862,True,location-k4-fold3-seed0,3
seasonal,F_R,21,MSE,950349.0223754004,1529550,cc289a63a4f23862,True,location-k4-fold3-seed0,3
seasonal,F_R,21,MAE,620.9896878083781,1529550,cc289a63a4f23862,True,location-k4-fold3-seed0,3
seasonal,F_R,21,SS_vs_persistence,-0.10667678105571654,1529550,cc289a63a4f23862,True,location-k4-fold3-seed0,3
seasonal,F_R,21,SS_vs_seasonal,0.0,1529550,cc289a63a4f23862,True,location-k4-fold3-seed0,3
seasonal,F_R,21,SS_vs_ar,-0.12042795147743468,1529550,cc289a63a4f23862,True,location-k4-fold3-seed0,3
seasonal,F_R,22,MSE,951386.6826561834,1529550,cc289a63a4f23862,True,location-k4-fold3-seed0,3
seasonal,F_R,22,MAE,621.3398448513502,1529550,cc289a63a4f23862,True,location-k4-fold3-seed0,3
seasonal,F_R,22,SS_vs_persistence,-0.08818598013579049,1529550,cc289a63a4f23862,True,location-k4-fold3-seed0,3
seasonal,F_R,22,SS_vs_seasonal,0.0,1529550,cc289a63a4f23862,True,location-k4-fold3-seed0,3
seasonal,F_R,22,SS_vs_ar,-0.09617213555927462,1529550,cc289a63a4f23862,True,location-k4-fold3-seed0,3
seasonal,F_R,23,MSE,960361.0693926783,1529550,cc289a63a4f23862,True,location-k4-fold3-seed0,3
seasonal,F_R,23,MAE,623.5108229691484,1529550,cc289a63a4f23862,True,location-k4-fold3-seed0,3
seasonal,F_R,23,SS_vs_persistence,-0.07642466786395041,1529550,cc289a63a4f23862,True,location-k4-fold3-seed0,3
seasonal,F_R,23,SS_vs_seasonal,0.0,1529550,cc289a63a4f23862,True,location-k4-fold3-seed0,3
seasonal,F_R,23,SS_vs_ar,-0.08357134745419814,1529550,cc289a63a4f23862,True,location-k4-fold3-seed0,3
seasonal,F_R,24,MSE,961885.4339650229,1529550,cc289a63a4f23862,True,location-k4-fold3-seed0,3
seasonal,F_R,24,MAE,623.6539172347718,1529550,cc289a63a4f23862,True,location-k4-fold3-seed0,3
seasonal,F_R,24,SS_vs_persistence,-0.07208610528869852,1529550,cc289a63a4f23862,True,location-k4-fold3-seed0,3
seasonal,F_R,24,SS_vs_seasonal,0.0,1529550,cc289a63a4f23862,True,location-k4-fold3-seed0,3
seasonal,F_R,24,SS_vs_ar,-0.07135654474947328,1529550,cc289a63a4f23862,True,location-k4-fold3-seed0,3
seasonal,F_R,25,MSE,964236.799335629,1529550,cc289a63a4f23862,True,location-k4-fold3-seed0,3
seasonal,F_R,25,MAE,624.4948088764618,1529550,cc289a63a4f23862,True,location-k4-fold3-seed0,3
seasonal,F_R,25,SS_vs_persistence,-0.061961274443006475,1529550,cc289a63a4f23862,True,location-k4-fold3-seed0,3
seasonal,F_R,25,SS_vs_seasonal,0.0,1529550,cc289a63a4f23862,True,location-k4-fold3-seed0,3
seasonal,F_R,25,SS_vs_ar,-0.057809854705159314,1529550,cc289a63a4f23862,True,location-k4-fold3-seed0,3
seasonal,F_R,26,MSE,963487.6529090884,1529550,cc289a63a4f23862,True,location-k4-fold3-seed0,3
seasonal,F_R,26,MAE,624.8594395247607,1529550,cc289a63a4f23862,True,location-k4-fold3-seed0,3
seasonal,F_R,26,SS_vs_persistence,-0.04153657707405167,1529550,cc289a63a4f23862,True,location-k4-fold3-seed0,3
seasonal,F_R,26,SS_vs_seasonal,0.0,1529550,cc289a63a4f23862,True,location-k4-fold3-seed0,3
seasonal,F_R,26,SS_vs_ar,-0.03664489383900449,1529550,cc289a63a4f23862,True,location-k4-fold3-seed0,3
seasonal,F_R,27,MSE,967726.9823563512,1529550,cc289a63a4f23862,True,location-k4-fold3-seed0,3
seasonal,F_R,27,MAE,626.1638092038023,1529550,cc289a63a4f23862,True,location-k4-fold3-seed0,3
seasonal,F_R,27,SS_vs_persistence,-0.018306600937514794,1529550,cc289a63a4f23862,True,location-k4-fold3-seed0,3
seasonal,F_R,27,SS_vs_seasonal,0.0,1529550,cc289a63a4f23862,True,location-k4-fold3-seed0,3
seasonal,F_R,27,SS_vs_ar,-0.02704056551324463,1529550,cc289a63a4f23862,True,location-k4-fold3-seed0,3
seasonal,F_R,28,MSE,969237.7587670491,1529550,cc289a63a4f23862,True,location-k4-fold3-seed0,3
seasonal,F_R,28,MAE,626.0415702266904,1529550,cc289a63a4f23862,True,location-k4-fold3-seed0,3
seasonal,F_R,28,SS_vs_persistence,-0.01851055860249473,1529550,cc289a63a4f23862,True,location-k4-fold3-seed0,3
seasonal,F_R,28,SS_vs_seasonal,0.0,1529550,cc289a63a4f23862,True,location-k4-fold3-seed0,3
seasonal,F_R,28,SS_vs_ar,-0.016622014005836183,1529550,cc289a63a4f23862,True,location-k4-fold3-seed0,3
seasonal,F_R,29,MSE,968880.3172337958,1529550,cc289a63a4f23862,True,location-k4-fold3-seed0,3
seasonal,F_R,29,MAE,625.9741303355154,1529550,cc289a63a4f23862,True,location-k4-fold3-seed0,3
seasonal,F_R,29,SS_vs_persistence,-0.005928784821331856,1529550,cc289a63a4f23862,True,location-k4-fold3-seed0,3
seasonal,F_R,29,SS_vs_seasonal,0.0,1529550,cc289a63a4f23862,True,location-k4-fold3-seed0,3
seasonal,F_R,29,SS_vs_ar,-0.0013106360345422896,1529550,cc289a63a4f23862,True,location-k4-fold3-seed0,3
seasonal,F_R,30,MSE,967031.2173700548,1529550,cc289a63a4f23862,True,location-k4-fold3-seed0,3
seasonal,F_R,30,MAE,626.1234162726706,1529550,cc289a63a4f23862,True,location-k4-fold3-seed0,3
seasonal,F_R,30,SS_vs_persistence,-0.01043414182816571,1529550,cc289a63a4f23862,True,location-k4-fold3-seed0,3
seasonal,F_R,30,SS_vs_seasonal,0.0,1529550,cc289a63a4f23862,True,location-k4-fold3-seed0,3
seasonal,F_R,30,SS_vs_ar,0.013723898521623035,1529550,cc289a63a4f23862,True,location-k4-fold3-seed0,3
seasonal,F_R,all,MSE,907881.5924724117,1529550,cc289a63a4f23862,True,location-k4-fold3-seed0,3
seasonal,F_R,all,MAE,608.4980233634062,1529550,cc289a63a4f23862,True,location-k4-fold3-seed0,3
seasonal,F_R,all,SS_vs_persistence,-0.16449138740253266,1529550,cc289a63a4f23862,True,location-k4-fold3-seed0,3
seasonal,F_R,all,SS_vs_seasonal,0.0,1529550,cc289a63a4f23862,True,location-k4-fold3-seed0,3
seasonal,F_R,all,SS_vs_ar,-0.26345061845197026,1529550,cc289a63a4f23862,True,location-k4-fold3-seed0,3
seasonal,CoPx_R,1,MSE,0.04796931455472322,1445553,cc289a63a4f23862,True,location-k4-fold3-seed0,3
seasonal,CoPx_R,1,MAE,0.09819547577799201,1445553,cc289a63a4f23862,True,location-k4-fold3-seed0,3
seasonal,CoPx_R,1,SS_vs_persistence,-0.07731006961467202,1445553,cc289a63a4f23862,True,location-k4-fold3-seed0,3
seasonal,CoPx_R,1,SS_vs_seasonal,2.0846657733386564e-11,1445553,cc289a63a4f23862,True,location-k4-fold3-seed0,3
seasonal,CoPx_R,1,SS_vs_ar,-1.4146088697798938,1445553,cc289a63a4f23862,True,location-k4-fold3-seed0,3
seasonal,CoPx_R,2,MSE,0.04972656076904265,1445553,cc289a63a4f23862,True,location-k4-fold3-seed0,3
seasonal,CoPx_R,2,MAE,0.1007236665506451,1445553,cc289a63a4f23862,True,location-k4-fold3-seed0,3
seasonal,CoPx_R,2,SS_vs_persistence,0.020709542574763096,1445553,cc289a63a4f23862,True,location-k4-fold3-seed0,3
seasonal,CoPx_R,2,SS_vs_seasonal,2.010991373424531e-11,1445553,cc289a63a4f23862,True,location-k4-fold3-seed0,3
seasonal,CoPx_R,2,SS_vs_ar,-1.4806461694097584,1445553,cc289a63a4f23862,True,location-k4-fold3-seed0,3
seasonal,CoPx_R,3,MSE,0.04848202360443169,1445553,cc289a63a4f23862,True,location-k4-fold3-seed0,3
seasonal,CoPx_R,3,MAE,0.10047188295544845,1445553,cc289a63a4f23862,True,location-k4-fold3-seed0,3
seasonal,CoPx_R,3,SS_vs_persistence,-0.015114249548536351,1445553,cc289a63a4f23862,True,location-k4-fold3-seed0,3
seasonal,CoPx_R,3,SS_vs_seasonal,2.0626167440696008e-11,1445553,cc289a63a4f23862,True,location-k4-fold3-seed0,3
seasonal,CoPx_R,3,SS_vs_ar,-1.423527801344214,1445553,cc289a63a4f23862,True,location-k4-fold3-seed0,3
seasonal,CoPx_R,4,MSE,0.049140000764901076,1445553,cc289a63a4f23862,True,location-k4-fold3-seed0,3
seasonal,CoPx_R,4,MAE,0.10087270430185141,1445553,cc289a63a4f23862,True,location-k4-fold3-seed0,3
seasonal,CoPx_R,4,SS_vs_persistence,0.021092090036555655,1445553,cc289a63a4f23862,True,location-k4-fold3-seed0,3
seasonal,CoPx_R,4,SS_vs_seasonal,2.034994395216927e-11,1445553,cc289a63a4f23862,True,location-k4-fold3-seed0,3
seasonal,CoPx_R,4,SS_vs_ar,-1.4415241970722428,1445553,cc289a63a4f23862,True,location-k4-fold3-seed0,3
seasonal,CoPx_R,5,MSE,0.04985926740818005,1445553,cc289a63a4f23862,True,location-k4-fold3-seed0,3
seasonal,CoPx_R,5,MAE,0.10170001101356134,1445553,cc289a63a4f23862,True,location-k4-fold3-seed0,3
seasonal,CoPx_R,5,SS_vs_persistence,0.055124676194202804,1445553,cc289a63a4f23862,True,location-k4-fold3-seed0,3
seasonal,CoPx_R,5,SS_vs_seasonal,2.0056400984458378e-11,1445553,cc289a63a4f23862,True,location-k4-fold3-seed0,3
seasonal,CoPx_R,5,SS_vs_ar,-1.4811565362300514,1445553,cc289a63a4f23862,True,location-k4-fold3-seed0,3
seasonal,CoPx_R,6,MSE,0.0492493081873411,1445553,cc289a63a4f23862,True,location-k4-fold3-seed0,3
seasonal,CoPx_R,6,MAE,0.10144561332265911,1445553,cc289a63a4f23862,True,location-k4-fold3-seed0,3
seasonal,CoPx_R,6,SS_vs_persistence,0.03373034987649659,1445553,cc289a63a4f23862,True,location-k4-fold3-seed0,3
seasonal,CoPx_R,6,SS_vs_seasonal,2.0304868897369488e-11,1445553,cc289a63a4f23862,True,location-k4-fold3-seed0,3
seasonal,CoPx_R,6,SS_vs_ar,-1.4415872060998791,1445553,cc289a63a4f23862,True,location-k4-fold3-seed0,3
seasonal,CoPx_R,7,MSE,0.04884651759742455,1445553,cc289a63a4f23862,True,location-k4-fold3-seed0,3
seasonal,CoPx_R,7,MAE,0.10200772157232266,1445553,cc289a63a4f23862,True,location-k4-fold3-seed0,3
seasonal,CoPx_R,7,SS_vs_persistence,0.03669907049367316,1445553,cc289a63a4f23862,True,location-k4-fold3-seed0,3
seasonal,CoPx_R,7,SS_vs_seasonal,2.047229052948296e-11,1445553,cc289a63a4f23862,True,location-k4-fold3-seed0,3
seasonal,CoPx_R,7,SS_vs_ar,-1.4185617796290666,1445553,cc289a63a4f23862,True,location-k4-fold3-seed0,3
seasonal,CoPx_R,8,MSE,0.04926429420390547,1445553,cc289a63a4f23862,True,location-k4-fold3-seed0,3
seasonal,CoPx_R,8,MAE,0.10231986528802728,1445553,cc289a63a4f23862,True,location-k4-fold3-seed0,3
seasonal,CoPx_R,8,SS_vs_persistence,0.054993821536682086,1445553,cc289a63a4f23862,True,location-k4-fold3-seed0,3
seasonal,CoPx_R,8,SS_vs_seasonal,2.0298651648431587e-11,1445553,cc289a63a4f23862,True,location-k4-fold3-seed0,3
seasonal,CoPx_R,8,SS_vs_ar,-1.4371008785236938,1445553,cc289a63a4f23862,True,location-k4-fold3-seed0,3
seasonal,CoPx_R,9,MSE,0.04887349776761378,1445553,cc289a63a4f23862,True,location-k4-fold3-seed0,3
seasonal,CoPx_R,9,MAE,0.1021632767809964,1445553,cc289a63a4f23862,True,location-k4-fold3-seed0,3
seasonal,CoPx_R,9,SS_vs_persistence,0.06779346377507744,1445553,cc289a63a4f23862,True,location-k4-fold3-seed0,3
seasonal,CoPx_R,9,SS_vs_seasonal,2.0460966254631785e-11,1445553,cc289a63a4f23862,True,location-k4-fold3-seed0,3
seasonal,CoPx_R,9,SS_vs_ar,-1.4313642938706064,1445553,cc289a63a4f23862,True,location-k4-fold3-seed0,3
seasonal,CoPx_R,10,MSE,0.04864730702385102,1445553,cc289a63a4f23862,True,location-k4-fold3-seed0,3
seasonal,CoPx_R,10,MAE,0.10181217567811024,1445553,cc289a63a4f23862,True,location-k4-fold3-seed0,3
seasonal,CoPx_R,10,SS_vs_persistence,0.05348721885829322,1445553,cc289a63a4f23862,True,location-k4-fold3-seed0,3
seasonal,CoPx_R,10,SS_vs_seasonal,2.055611236784216e-11,1445553,cc289a63a4f23862,True,location-k4-fold3-seed0,3
seasonal,CoPx_R,10,SS_vs_ar,-1.4297967307746413,1445553,cc289a63a4f23862,True,location-k4-fold3-seed0,3
seasonal,CoPx_R,11,MSE,0.049287868625794325,1445553,cc289a63a4f23862,True,location-k4-fold3-seed0,3
seasonal,CoPx_R,11,MAE,0.1025700325213478,1445553,cc289a63a4f23862,True,location-k4-fold3-seed0,3
seasonal,CoPx_R,11,SS_vs_persistence,0.06546075980726329,1445553,cc289a63a4f23862,True,location-k4-fold3-seed0,3
seasonal,CoPx_R,11,SS_vs_seasonal,2.0288992708117348e-11,1445553,cc289a63a4f23862,True,location-k4-fold3-seed0,3
seasonal,CoPx_R,11,SS_vs_ar,-1.4572580346056614,1445553,cc289a63a4f23862,True,location-k4-fold3-seed0,3
seasonal,CoPx_R,12,MSE,0.04961130279671355,1445553,cc289a63a4f23862,True,location-k4-fold3-seed0,3
seasonal,CoPx_R,12,MAE,0.10323557555324933,1445553,cc289a63a4f23862,True,location-k4-fold3-seed0,3
seasonal,CoPx_R,12,SS_vs_persistence,0.09992201700034997,1445553,cc289a63a4f23862,True,location-k4-fold3-seed0,3
seasonal,CoPx_R,12,SS_vs_seasonal,2.015665412358203e-11,1445553,cc289a63a4f23862,True,location-k4-fold3-seed0,3
seasonal,CoPx_R,12,SS_vs_ar,-1.4762774410716477,1445553,cc289a63a4f23862,True,location-k4-fold3-seed0,3
seasonal,CoPx_R,13,MSE,0.050214958551780806,1445553,cc289a63a4f23862,True,location-k4-fold3-seed0,3
seasonal,CoPx_R,13,MAE,0.10356521806236503,1445553,cc289a63a4f23862,True,location-k4-fold3-seed0,3
seasonal,CoPx_R,13,SS_vs_persistence,0.10945703235256665,1445553,cc289a63a4f23862,True,location-k4-fold3-seed0,3
seasonal,CoPx_R,13,SS_vs_seasonal,1.991440345960882e-11,1445553,cc289a63a4f23862,True,location-k4-fold3-seed0,3
seasonal,CoPx_R,13,SS_vs_ar,-1.5034528676176664,1445553,cc289a63a4f23862,True,location-k4-fold3-seed0,3
seasonal,CoPx_R,14,MSE,0.049585279073652726,1445553,cc289a63a4f23862,True,location-k4-fold3-seed0,3
seasonal,CoPx_R,14,MAE,0.10306424644381576,1445553,cc289a63a4f23862,True,location-k4-fold3-seed0,3
seasonal,CoPx_R,14,SS_vs_persistence,0.053610369626086896,1445553,cc289a63a4f23862,True,location-k4-fold3-seed0,3
seasonal,CoPx_R,14,SS_vs_seasonal,2.016720124231597e-11,1445553,cc289a63a4f23862,True,location-k4-fold3-seed0,3
seasonal,CoPx_R,14,SS_vs_ar,-1.4744013111561034,1445553,cc289a63a4f23862,True,location-k4-fold3-seed0,3
seasonal,CoPx_R,15,MSE,0.050245243454707725,1445553,cc289a63a4f23862,True,location-k4-fold3-seed0,3
seasonal,CoPx_R,15,MAE,0.10347266121138927,1445553,cc289a63a4f23862,True,location-k4-fold3-seed0,3
seasonal,CoPx_R,15,SS_vs_persistence,0.05794498507579282,1445553,cc289a63a4f23862,True,location-k4-fold3-seed0,3
seasonal,CoPx_R,15,SS_vs_seasonal,1.9902302028640406e-11,1445553,cc289a63a4f23862,True,location-k4-fold3-seed0,3
seasonal,CoPx_R,15,SS_vs_ar,-1.498024848568289,1445553,cc289a63a4f23862,True,location-k4-fold3-seed0,3
seasonal,CoPx_R,16,MSE,0.05051354051535187,1445553,cc289a63a4f23862,True,location-k4-fold3-seed0,3
seasonal,CoPx_R,16,MAE,0.10367024520589302,1445553,cc289a63a4f23862,True,location-k4-fold3-seed0,3
seasonal,CoPx_R,16,SS_vs_persistence,0.08800811957291332,1445553,cc289a63a4f23862,True,location-k4-fold3-seed0,3
seasonal,CoPx_R,16,SS_vs_seasonal,1.979660879669609e-11,1445553,cc289a63a4f23862,True,location-k4-fold3-seed0,3
seasonal,CoPx_R,16,SS_vs_ar,-1.5106852877965062,1445553,cc289a63a4f23862,True,location-k4-fold3-seed0,3
seasonal,CoPx_R,17,MSE,0.049235482239505614,1445553,cc289a63a4f23862,True,location-k4-fold3-seed0,3
seasonal,CoPx_R,17,MAE,0.1028945680280485,1445553,cc289a63a4f23862,True,location-k4-fold3-seed0,3
seasonal,CoPx_R,17,SS_vs_persistence,0.06300761044252878,1445553,cc289a63a4f23862,True,location-k4-fold3-seed0,3
seasonal,CoPx_R,17,SS_vs_seasonal,2.0310531034795076e-11,1445553,cc289a63a4f23862,True,location-k4-fold3-seed0,3
seasonal,CoPx_R,17,SS_vs_ar,-1.4551154021340973,1445553,cc289a63a4f23862,True,location-k4-fold3-seed0,3
seasonal,CoPx_R,18,MSE,0.049942915343556944,1445553,cc289a63a4f23862,True,location-k4-fold3-seed0,3
seasonal,CoPx_R,18,MAE,0.10338803559588054,1445553,cc289a63a4f23862,True,location-k4-fold3-seed0,3
seasonal,CoPx_R,18,SS_vs_persistence,0.05934662550641845,1445553,cc289a63a4f23862,True,location-k4-fold3-seed0,3
seasonal,CoPx_R,18,SS_vs_seasonal,2.0022872249114698e-11,1445553,cc289a63a4f23862,True,location-k4-fold3-seed0,3
seasonal,CoPx_R,18,SS_vs_ar,-1.498437391915338,1445553,cc289a63a4f23862,True,location-k4-fold3-seed0,3
seasonal,CoPx_R,19,MSE,0.05042413334110341,1445553,cc289a63a4f23862,True,location-k4-fold3-seed0,3
seasonal,CoPx_R,19,MAE,0.10353432230783977,1445553,cc289a63a4f23862,True,location-k4-fold3-seed0,3
seasonal,CoPx_R,19,SS_vs_persistence,0.08791385760002057,1445553,cc289a63a4f23862,True,location-k4-fold3-seed0,3
seasonal,CoPx_R,19,SS_vs_seasonal,1.983180286657671e-11,1445553,cc289a63a4f23862,True,location-k4-fold3-seed0,3
seasonal,CoPx_R,19,SS_vs_ar,-1.523345208439257,1445553,cc289a63a4f23862,True,location-k4-fold3-seed0,3
seasonal,CoPx_R,20,MSE,0.05003269746325445,1445553,cc289a63a4f23862,True,location-k4-fold3-seed0,3
seasonal,CoPx_R,20,MAE,0.10314246208451917,1445553,cc289a63a4f23862,True,location-k4-fold3-seed0,3
seasonal,CoPx_R,20,SS_vs_persistence,0.10081590900496418,1445553,cc289a63a4f23862,True,location-k4-fold3-seed0,3
seasonal,CoPx_R,20,SS_vs_seasonal,1.9986901023116843e-11,1445553,cc289a63a4f23862,True,location-k4-fold3-seed0,3
seasonal,CoPx_R,20,SS_vs_ar,-1.5109102092489555,1445553,cc289a63a4f23862,True,location-k4-fold3-seed0,3
seasonal,CoPx_R,21,MSE,0.049651384084686286,1445553,cc289a63a4f23862,True,location-k4-fold3-seed0,3
seasonal,CoPx_R,21,MAE,0.10281744112227958,1445553,cc289a63a4f23862,True,location-k4-fold3-seed0,3
seasonal,CoPx_R,21,SS_vs_persistence,0.07783853700801469,1445553,cc289a63a4f23862,True,location-k4-fold3-seed0,3
seasonal,CoPx_R,21,SS_vs_seasonal,2.0140444867422502e-11,1445553,cc289a63a4f23862,True,location-k4-fold3-seed0,3
seasonal,CoPx_R,21,SS_vs_ar,-1.4932889153700457,1445553,cc289a63a4f23862,True,location-k4-fold3-seed0,3
seasonal,CoPx_R,22,MSE,0.05013479825208421,1445553,cc289a63a4f23862,True,location-k4-fold3-seed0,3
seasonal,CoPx_R,22,MAE,0.10314569083446515,1445553,cc289a63a4f23862,True,location-k4-fold3-seed0,3
seasonal,CoPx_R,22,SS_vs_persistence,0.049316123631491626,1445553,cc289a63a4f23862,True,location-k4-fold3-seed0,3
seasonal,CoPx_R,22,SS_vs_seasonal,1.99461558381131e-11,1445553,cc289a63a4f23862,True,location-k4-fold3-seed0,3
seasonal,CoPx_R,22,SS_vs_ar,-1.5423683765340437,1445553,cc289a63a4f23862,True,location-k4-fold3-seed0,3
seasonal,CoPx_R,23,MSE,0.05064774819943273,1445553,cc289a63a4f23862,True,location-k4-fold3-seed0,3
seasonal,CoPx_R,23,MAE,0.10330778197401545,1445553,cc289a63a4f23862,True,location-k4-fold3-seed0,3
seasonal,CoPx_R,23,SS_vs_persistence,0.08431043448649678,1445553,cc289a63a4f23862,True,location-k4-fold3-seed0,3
seasonal,CoPx_R,23,SS_vs_seasonal,1.9744206269933784e-11,1445553,cc289a63a4f23862,True,location-k4-fold3-seed0,3
seasonal,CoPx_R,23,SS_vs_ar,-1.5565522371486313,1445553,cc289a63a4f23862,True,location-k4-fold3-seed0,3
seasonal,CoPx_R,24,MSE,0.05050744186269088,1445553,cc289a63a4f23862,True,location-k4-fold3-seed0,3
seasonal,CoPx_R,24,MAE,0.103436868157144,1445553,cc289a63a4f23862,True,location-k4-fold3-seed0,3
seasonal,CoPx_R,24,SS_vs_persistence,0.07974640329286475,1445553,cc289a63a4f23862,True,location-k4-fold3-seed0,3
seasonal,CoPx_R,24,SS_vs_seasonal,1.9799051287350267e-11,1445553,cc289a63a4f23862,True,location-k4-fold3-seed0,3
seasonal,CoPx_R,24,SS_vs_ar,-1.5521232733166257,1445553,cc289a63a4f23862,True,location-k4-fold3-seed0,3
seasonal,CoPx_R,25,MSE,0.05058228020145108,1445553,cc289a63a4f23862,True,location-k4-fold3-seed0,3
seasonal,CoPx_R,25,MAE,0.10331741623013355,1445553,cc289a63a4f23862,True,location-k4-fold3-seed0,3
seasonal,CoPx_R,25,SS_vs_persistence,0.04157809869863749,1445553,cc289a63a4f23862,True,location-k4-fold3-seed0,3
seasonal,CoPx_R,25,SS_vs_seasonal,1.9769741399500163e-11,1445553,cc289a63a4f23862,True,location-k4-fold3-seed0,3
seasonal,CoPx_R,25,SS_vs_ar,-1.5645152173938652,1445553,cc289a63a4f23862,True,location-k4-fold3-seed0,3
seasonal,CoPx_R,26,MSE,0.051137307640976314,1445553,cc289a63a4f23862,True,location-k4-fold3-seed0,3
seasonal,CoPx_R,26,MAE,0.10355658836134043,1445553,cc289a63a4f23862,True,location-k4-fold3-seed0,3
seasonal,CoPx_R,26,SS_vs_persistence,0.09812655602930032,1445553,cc289a63a4f23862,True,location-k4-fold3-seed0,3
seasonal,CoPx_R,26,SS_vs_seasonal,1.955513528884012e-11,1445553,cc289a63a4f23862,True,location-k4-fold3-seed0,3
seasonal,CoPx_R,26,SS_vs_ar,-1.58737439208479,1445553,cc289a63a4f23862,True,location-k4-fold3-seed0,3
seasonal,CoPx_R,27,MSE,0.05137279623231142,1445553,cc289a63a4f23862,True,location-k4-fold3-seed0,3
seasonal,CoPx_R,27,MAE,0.10386591691757074,1445553,cc289a63a4f23862,True,location-k4-fold3-seed0,3
seasonal,CoPx_R,27,SS_vs_persistence,0.10359338738664492,1445553,cc289a63a4f23862,True,location-k4-fold3-seed0,3
seasonal,CoPx_R,27,SS_vs_seasonal,1.946554029075287e-11,1445553,cc289a63a4f23862,True,location-k4-fold3-seed0,3
seasonal,CoPx_R,27,SS_vs_ar,-1.5994527803072884,1445553,cc289a63a4f23862,True,location-k4-fold3-seed0,3
seasonal,CoPx_R,28,MSE,0.051754411686297644,1445553,cc289a63a4f23862,True,location-k4-fold3-seed0,3
seasonal,CoPx_R,28,MAE,0.10391202151224319,1445553,cc289a63a4f23862,True,location-k4-fold3-seed0,3
seasonal,CoPx_R,28,SS_vs_persistence,0.06536301578130921,1445553,cc289a63a4f23862,True,location-k4-fold3-seed0,3
seasonal,CoPx_R,28,SS_vs_seasonal,1.9321988453668837e-11,1445553,cc289a63a4f23862,True,location-k4-fold3-seed0,3
seasonal,CoPx_R,28,SS_vs_ar,-1.609464594774939,1445553,cc289a63a4f23862,True,location-k4-fold3-seed0,3
seasonal,CoPx_R,29,MSE,0.05181700522209203,1445553,cc289a63a4f23862,True,location-k4-fold3-seed0,3
seasonal,CoPx_R,29,MAE,0.10413099475725773,1445553,cc289a63a4f23862,True,location-k4-fold3-seed0,3
seasonal,CoPx_R,29,SS_vs_persistence,0.09467913572745712,1445553,cc289a63a4f23862,True,location-k4-fold3-seed0,3
seasonal,CoPx_R,29,SS_vs_seasonal,1.929867377015171e-11,1445553,cc289a63a4f23862,True,location-k4-fold3-seed0,3
seasonal,CoPx_R,29,SS_vs_ar,-1.616860363704617,1445553,cc289a63a4f23862,True,location-k4-fold3-seed0,3
seasonal,CoPx_R,30,MSE,0.05259704645244754,1445553,cc289a63a4f23862,True,location-k4-fold3-seed0,3
seasonal,CoPx_R,30,MAE,0.10444579005878393,1445553,cc289a63a4f23862,True,location-k4-fold3-seed0,3
seasonal,CoPx_R,30,SS_vs_persistence,0.10405702079871837,1445553,cc289a63a4f23862,True,location-k4-fold3-seed0,3
seasonal,CoPx_R,30,SS_vs_seasonal,1.9012458274403343e-11,1445553,cc289a63a4f23862,True,location-k4-fold3-seed0,3
seasonal,CoPx_R,30,SS_vs_ar,-1.6662049936087318,1445553,cc289a63a4f23862,True,location-k4-fold3-seed0,3
seasonal,CoPx_R,all,MSE,0.04997904863447205,1445553,cc289a63a4f23862,True,location-k4-fold3-seed0,3
seasonal,CoPx_R,all,MAE,0.10267349704800444,1445553,cc289a63a4f23862,True,location-k4-fold3-seed0,3
seasonal,CoPx_R,all,SS_vs_persistence,0.06319248043159242,1445553,cc289a63a4f23862,True,location-k4-fold3-seed0,3
seasonal,CoPx_R,all,SS_vs_seasonal,2.000832832749211e-11,1445553,cc289a63a4f23862,True,location-k4-fold3-seed0,3
seasonal,CoPx_R,all,SS_vs_ar,-1.5028516851845835,1445553,cc289a63a4f23862,True,location-k4-fold3-seed0,3
seasonal,CoPy_R,1,MSE,0.03679156570513321,1445553,cc289a63a4f23862,True,location-k4-fold3-seed0,3
seasonal,CoPy_R,1,MAE,0.11004783253695817,1445553,cc289a63a4f23862,True,location-k4-fold3-seed0,3
seasonal,CoPy_R,1,SS_vs_persistence,-0.038674911460195194,1445553,cc289a63a4f23862,True,location-k4-fold3-seed0,3
seasonal,CoPy_R,1,SS_vs_seasonal,2.7180147021965695e-11,1445553,cc289a63a4f23862,True,location-k4-fold3-seed0,3
seasonal,CoPy_R,1,SS_vs_ar,-0.8251897291477146,1445553,cc289a63a4f23862,True,location-k4-fold3-seed0,3
seasonal,CoPy_R,2,MSE,0.03836542123944436,1445553,cc289a63a4f23862,True,location-k4-fold3-seed0,3
seasonal,CoPy_R,2,MAE,0.11308959840331965,1445553,cc289a63a4f23862,True,location-k4-fold3-seed0,3
seasonal,CoPy_R,2,SS_vs_persistence,0.06397500158644054,1445553,cc289a63a4f23862,True,location-k4-fold3-seed0,3
seasonal,CoPy_R,2,SS_vs_seasonal,2.606515003833465e-11,1445553,cc289a63a4f23862,True,location-k4-fold3-seed0,3
seasonal,CoPy_R,2,SS_vs_ar,-0.8671694764876217,1445553,cc289a63a4f23862,True,location-k4-fold3-seed0,3
seasonal,CoPy_R,3,MSE,0.03912628020386735,1445553,cc289a63a4f23862,True,location-k4-fold3-seed0,3
seasonal,CoPy_R,3,MAE,0.11400381991952323,1445553,cc289a63a4f23862,True,location-k4-fold3-seed0,3
seasonal,CoPy_R,3,SS_vs_persistence,0.08079059138011235,1445553,cc289a63a4f23862,True,location-k4-fold3-seed0,3
seasonal,CoPy_R,3,SS_vs_seasonal,2.5558222205290804e-11,1445553,cc289a63a4f23862,True,location-k4-fold3-seed0,3
seasonal,CoPy_R,3,SS_vs_ar,-0.898698743394692,1445553,cc289a63a4f23862,True,location-k4-fold3-seed0,3
seasonal,CoPy_R,4,MSE,0.039437478878041644,1445553,cc289a63a4f23862,True,location-k4-fold3-seed0,3
seasonal,CoPy_R,4,MAE,0.11455506739990313,1445553,cc289a63a4f23862,True,location-k4-fold3-seed0,3
seasonal,CoPy_R,4,SS_vs_persistence,0.08798123230610122,1445553,cc289a63a4f23862,True,location-k4-fold3-seed0,3
seasonal,CoPy_R,4,SS_vs_seasonal,2.5356605704018875e-11,1445553,cc289a63a4f23862,True,location-k4-fold3-seed0,3
seasonal,CoPy_R,4,SS_vs_ar,-0.9163405525132942,1445553,cc289a63a4f23862,True,location-k4-fold3-seed0,3
seasonal,CoPy_R,5,MSE,0.03899740919274726,1445553,cc289a63a4f23862,True,location-k4-fold3-seed0,3
seasonal,CoPy_R,5,MAE,0.11410312703319621,1445553,cc289a63a4f23862,True,location-k4-fold3-seed0,3
seasonal,CoPy_R,5,SS_vs_persistence,0.09680391071850836,1445553,cc289a63a4f23862,True,location-k4-fold3-seed0,3
seasonal,CoPy_R,5,SS_vs_seasonal,2.5642710177464778e-11,1445553,cc289a63a4f23862,True,location-k4-fold3-seed0,3
seasonal,CoPy_R,5,SS_vs_ar,-0.898353154921715,1445553,cc289a63a4f23862,True,location-k4-fold3-seed0,3
seasonal,CoPy_R,6,MSE,0.03861947983096445,1445553,cc289a63a4f23862,True,location-k4-fold3-seed0,3
seasonal,CoPy_R,6,MAE,0.11340900578796205,1445553,cc289a63a4f23862,True,location-k4-fold3-seed0,3
seasonal,CoPy_R,6,SS_vs_persistence,0.09178655215863596,1445553,cc289a63a4f23862,True,location-k4-fold3-seed0,3
seasonal,CoPy_R,6,SS_vs_seasonal,2.5893620581030063e-11,1445553,cc289a63a4f23862,True,location-k4-fold3-seed0,3
seasonal,CoPy_R,6,SS_vs_ar,-0.8790445670700928,1445553,cc289a63a4f23862,True,location-k4-fold3-seed0,3
seasonal,CoPy_R,7,MSE,0.03836654927326679,1445553,cc289a63a4f23862,True,location-k4-fold3-seed0,3
seasonal,CoPy_R,7,MAE,0.11332390979446162,1445553,cc289a63a4f23862,True,location-k4-fold3-seed0,3
seasonal,CoPy_R,7,SS_vs_persistence,0.06520995591224166,1445553,cc289a63a4f23862,True,location-k4-fold3-seed0,3
seasonal,CoPy_R,7,SS_vs_seasonal,2.6064372882217413e-11,1445553,cc289a63a4f23862,True,location-k4-fold3-seed0,3
seasonal,CoPy_R,7,SS_vs_ar,-0.8705952200595,1445553,cc289a63a4f23862,True,location-k4-fold3-seed0,3
seasonal,CoPy_R,8,MSE,0.038127587693528954,1445553,cc289a63a4f23862,True,location-k4-fold3-seed0,3
seasonal,CoPy_R,8,MAE,0.11296540082517466,1445553,cc289a63a4f23862,True,location-k4-fold3-seed0,3
seasonal,CoPy_R,8,SS_vs_persistence,0.06573599196682911,1445553,cc289a63a4f23862,True,location-k4-fold3-seed0,3
seasonal,CoPy_R,8,SS_vs_seasonal,2.6227686689139773e-11,1445553,cc289a63a4f23862,True,location-k4-fold3-seed0,3
seasonal,CoPy_R,8,SS_vs_ar,-0.8613319940505075,1445553,cc289a63a4f23862,True,location-k4-fold3-seed0,3
seasonal,CoPy_R,9,MSE,0.03820986201681234,1445553,cc289a63a4f23862,True,location-k4-fold3-seed0,3
seasonal,CoPy_R,9,MAE,0.11290643114646153,1445553,cc289a63a4f23862,True,location-k4-fold3-seed0,3
seasonal,CoPy_R,9,SS_vs_persistence,0.06326039545837814,1445553,cc289a63a4f23862,True,location-k4-fold3-seed0,3
seasonal,CoPy_R,9,SS_vs_seasonal,2.6171176337186353e-11,1445553,cc289a63a4f23862,True,location-k4-fold3-seed0,3
seasonal,CoPy_R,9,SS_vs_ar,-0.862756044958501,1445553,cc289a63a4f23862,True,location-k4-fold3-seed0,3
seasonal,CoPy_R,10,MSE,0.03830430725304769,1445553,cc289a63a4f23862,True,location-k4-fold3-seed0,3
seasonal,CoPy_R,10,MAE,0.11321739695572389,1445553,cc289a63a4f23862,True,location-k4-fold3-seed0,3
seasonal,CoPy_R,10,SS_vs_persistence,0.07263706503213285,1445553,cc289a63a4f23862,True,location-k4-fold3-seed0,3
seasonal,CoPy_R,10,SS_vs_seasonal,2.610667237945563e-11,1445553,cc289a63a4f23862,True,location-k4-fold3-seed0,3
seasonal,CoPy_R,10,SS_vs_ar,-0.8597005638765183,1445553,cc289a63a4f23862,True,location-k4-fold3-seed0,3
seasonal,CoPy_R,11,MSE,0.038175130974184415,1445553,cc289a63a4f23862,True,location-k4-fold3-seed0,3
seasonal,CoPy_R,11,MAE,0.11319099414451718,1445553,cc289a63a4f23862,True,location-k4-fold3-seed0,3
seasonal,CoPy_R,11,SS_vs_persistence,0.07643149279427475,1445553,cc289a63a4f23862,True,location-k4-fold3-seed0,3
seasonal,CoPy_R,11,SS_vs_seasonal,2.6195046132215793e-11,1445553,cc289a63a4f23862,True,location-k4-fold3-seed0,3
seasonal,CoPy_R,11,SS_vs_ar,-0.851250604287618,1445553,cc289a63a4f23862,True,location-k4-fold3-seed0,3
seasonal,CoPy_R,12,MSE,0.03840770394844115,1445553,cc289a63a4f23862,True,location-k4-fold3-seed0,3
seasonal,CoPy_R,12,MAE,0.11338516893102213,1445553,cc289a63a4f23862,True,location-k4-fold3-seed0,3
seasonal,CoPy_R,12,SS_vs_persistence,0.08592536870170941,1445553,cc289a63a4f23862,True,location-k4-fold3-seed0,3
seasonal,CoPy_R,12,SS_vs_seasonal,2.603639526199686e-11,1445553,cc289a63a4f23862,True,location-k4-fold3-seed0,3
seasonal,CoPy_R,12,SS_vs_ar,-0.8640246688968305,1445553,cc289a63a4f23862,True,location-k4-fold3-seed0,3
seasonal,CoPy_R,13,MSE,0.03837328601618405,1445553,cc289a63a4f23862,True,location-k4-fold3-seed0,3
seasonal,CoPy_R,13,MAE,0.11323097324822998,1445553,cc289a63a4f23862,True,location-k4-fold3-seed0,3
seasonal,CoPy_R,13,SS_vs_persistence,0.09630359596296878,1445553,cc289a63a4f23862,True,location-k4-fold3-seed0,3
seasonal,CoPy_R,13,SS_vs_seasonal,2.6059709945513987e-11,1445553,cc289a63a4f23862,True,location-k4-fold3-seed0,3
seasonal,CoPy_R,13,SS_vs_ar,-0.8593728448855993,1445553,cc289a63a4f23862,True,location-k4-fold3-seed0,3
seasonal,CoPy_R,14,MSE,0.0386277603021575,1445553,cc289a63a4f23862,True,location-k4-fold3-seed0,3
seasonal,CoPy_R,14,MAE,0.11325907518322903,1445553,cc289a63a4f23862,True,location-k4-fold3-seed0,3
seasonal,CoPy_R,14,SS_vs_persistence,0.08909603064679328,1445553,cc289a63a4f23862,True,location-k4-fold3-seed0,3
seasonal,CoPy_R,14,SS_vs_seasonal,2.5888069465906938e-11,1445553,cc289a63a4f23862,True,location-k4-fold3-seed0,3
seasonal,CoPy_R,14,SS_vs_ar,-0.8705252129645078,1445553,cc289a63a4f23862,True,location-k4-fold3-seed0,3
seasonal,CoPy_R,15,MSE,0.03851635131076933,1445553,cc289a63a4f23862,True,location-k4-fold3-seed0,3
seasonal,CoPy_R,15,MAE,0.112982447592497,1445553,cc289a63a4f23862,True,location-k4-fold3-seed0,3
seasonal,CoPy_R,15,SS_vs_persistence,0.05379007665429392,1445553,cc289a63a4f23862,True,location-k4-fold3-seed0,3
seasonal,CoPy_R,15,SS_vs_seasonal,2.5963009520069136e-11,1445553,cc289a63a4f23862,True,location-k4-fold3-seed0,3
seasonal,CoPy_R,15,SS_vs_ar,-0.8652856746715964,1445553,cc289a63a4f23862,True,location-k4-fold3-seed0,3
seasonal,CoPy_R,16,MSE,0.038268134700751355,1445553,cc289a63a4f23862,True,location-k4-fold3-seed0,3
seasonal,CoPy_R,16,MAE,0.11285983095028952,1445553,cc289a63a4f23862,True,location-k4-fold3-seed0,3
seasonal,CoPy_R,16,SS_vs_persistence,0.06725351290550807,1445553,cc289a63a4f23862,True,location-k4-fold3-seed0,3
seasonal,CoPy_R,16,SS_vs_seasonal,2.613131933060231e-11,1445553,cc289a63a4f23862,True,location-k4-fold3-seed0,3
seasonal,CoPy_R,16,SS_vs_ar,-0.8451226573089381,1445553,cc289a63a4f23862,True,location-k4-fold3-seed0,3
seasonal,CoPy_R,17,MSE,0.03803881510657039,1445553,cc289a63a4f23862,True,location-k4-fold3-seed0,3
seasonal,CoPy_R,17,MAE,0.11288522642133113,1445553,cc289a63a4f23862,True,location-k4-fold3-seed0,3
seasonal,CoPy_R,17,SS_vs_persistence,0.08063300792738759,1445553,cc289a63a4f23862,True,location-k4-fold3-seed0,3
seasonal,CoPy_R,17,SS_vs_seasonal,2.628885997779662e-11,1445553,cc289a63a4f23862,True,location-k4-fold3-seed0,3
seasonal,CoPy_R,17,SS_vs_ar,-0.8409833709852117,1445553,cc289a63a4f23862,True,location-k4-fold3-seed0,3
seasonal,CoPy_R,18,MSE,0.038007517041062734,1445553,cc289a63a4f23862,True,location-k4-fold3-seed0,3
seasonal,CoPy_R,18,MAE,0.11287686275077363,1445553,cc289a63a4f23862,True,location-k4-fold3-seed0,3
seasonal,CoPy_R,18,SS_vs_persistence,0.0870496528331196,1445553,cc289a63a4f23862,True,location-k4-fold3-seed0,3
seasonal,CoPy_R,18,SS_vs_seasonal,2.631050932677681e-11,1445553,cc289a63a4f23862,True,location-k4-fold3-seed0,3
seasonal,CoPy_R,18,SS_vs_ar,-0.8456802642087,1445553,cc289a63a4f23862,True,location-k4-fold3-seed0,3
seasonal,CoPy_R,19,MSE,0.03804344584505752,1445553,cc289a63a4f23862,True,location-k4-fold3-seed0,3
seasonal,CoPy_R,19,MAE,0.11281294686841505,1445553,cc289a63a4f23862,True,location-k4-fold3-seed0,3
seasonal,CoPy_R,19,SS_vs_persistence,0.0975770169789748,1445553,cc289a63a4f23862,True,location-k4-fold3-seed0,3
seasonal,CoPy_R,19,SS_vs_seasonal,2.628575135332767e-11,1445553,cc289a63a4f23862,True,location-k4-fold3-seed0,3
seasonal,CoPy_R,19,SS_vs_ar,-0.851515126373225,1445553,cc289a63a4f23862,True,location-k4-fold3-seed0,3
seasonal,CoPy_R,20,MSE,0.03811950601069959,1445553,cc289a63a4f23862,True,location-k4-fold3-seed0,3
seasonal,CoPy_R,20,MAE,0.11295710140811734,1445553,cc289a63a4f23862,True,location-k4-fold3-seed0,3
seasonal,CoPy_R,20,SS_vs_persistence,0.10555635764388549,1445553,cc289a63a4f23862,True,location-k4-fold3-seed0,3
seasonal,CoPy_R,20,SS_vs_seasonal,2.62332378042629e-11,1445553,cc289a63a4f23862,True,location-k4-fold3-seed0,3
seasonal,CoPy_R,20,SS_vs_ar,-0.8498142520388894,1445553,cc289a63a4f23862,True,location-k4-fold3-seed0,3
seasonal,CoPy_R,21,MSE,0.03850787343092876,1445553,cc289a63a4f23862,True,location-k4-fold3-seed0,3
seasonal,CoPy_R,21,MAE,0.11345177102067365,1445553,cc289a63a4f23862,True,location-k4-fold3-seed0,3
seasonal,CoPy_R,21,SS_vs_persistence,0.10123582492446648,1445553,cc289a63a4f23862,True,location-k4-fold3-seed0,3
seasonal,CoPy_R,21,SS_vs_seasonal,2.5968671657494724e-11,1445553,cc289a63a4f23862,True,location-k4-fold3-seed0,3
seasonal,CoPy_R,21,SS_vs_ar,-0.8639187881961579,1445553,cc289a63a4f23862,True,location-k4-fold3-seed0,3
seasonal,CoPy_R,22,MSE,0.03852688070776087,1445553,cc289a63a4f23862,True,location-k4-fold3-seed0,3
seasonal,CoPy_R,22,MAE,0.11339212629124619,1445553,cc289a63a4f23862,True,location-k4-fold3-seed0,3
seasonal,CoPy_R,22,SS_vs_persistence,0.09169628178786049,1445553,cc289a63a4f23862,True,location-k4-fold3-seed0,3
seasonal,CoPy_R,22,SS_vs_seasonal,2.5955904092711535e-11,1445553,cc289a63a4f23862,True,location-k4-fold3-seed0,3
seasonal,CoPy_R,22,SS_vs_ar,-0.8636083663317711,1445553,cc289a63a4f23862,True,location-k4-fold3-seed0,3
seasonal,CoPy_R,23,MSE,0.03852838249798105,1445553,cc289a63a4f23862,True,location-k4-fold3-seed0,3
seasonal,CoPy_R,23,MAE,0.11322918724116526,1445553,cc289a63a4f23862,True,location-k4-fold3-seed0,3
seasonal,CoPy_R,23,SS_vs_persistence,0.0739787508074764,1445553,cc289a63a4f23862,True,location-k4-fold3-seed0,3
seasonal,CoPy_R,23,SS_vs_seasonal,2.5954904891989372e-11,1445553,cc289a63a4f23862,True,location-k4-fold3-seed0,3
seasonal,CoPy_R,23,SS_vs_ar,-0.8608957982938956,1445553,cc289a63a4f23862,True,location-k4-fold3-seed0,3
seasonal,CoPy_R,24,MSE,0.03818565777538368,1445553,cc289a63a4f23862,True,location-k4-fold3-seed0,3
seasonal,CoPy_R,24,MAE,0.11307274078971796,1445553,cc289a63a4f23862,True,location-k4-fold3-seed0,3
seasonal,CoPy_R,24,SS_vs_persistence,0.07573086942396823,1445553,cc289a63a4f23862,True,location-k4-fold3-seed0,3
seasonal,CoPy_R,24,SS_vs_seasonal,2.618782968255573e-11,1445553,cc289a63a4f23862,True,location-k4-fold3-seed0,3
seasonal,CoPy_R,24,SS_vs_ar,-0.854542349007015,1445553,cc289a63a4f23862,True,location-k4-fold3-seed0,3
seasonal,CoPy_R,25,MSE,0.03811481913296783,1445553,cc289a63a4f23862,True,location-k4-fold3-seed0,3
seasonal,CoPy_R,25,MAE,0.11283333407510379,1445553,cc289a63a4f23862,True,location-k4-fold3-seed0,3
seasonal,CoPy_R,25,SS_vs_persistence,0.05431178373690326,1445553,cc289a63a4f23862,True,location-k4-fold3-seed0,3
seasonal,CoPy_R,25,SS_vs_seasonal,2.6236457451034312e-11,1445553,cc289a63a4f23862,True,location-k4-fold3-seed0,3
seasonal,CoPy_R,25,SS_vs_ar,-0.8455142433230376,1445553,cc289a63a4f23862,True,location-k4-fold3-seed0,3
seasonal,CoPy_R,26,MSE,0.03853791723989646,1445553,cc289a63a4f23862,True,location-k4-fold3-seed0,3
seasonal,CoPy_R,26,MAE,0.11320108692775166,1445553,cc289a63a4f23862,True,location-k4-fold3-seed0,3
seasonal,CoPy_R,26,SS_vs_persistence,0.09480031669087541,1445553,cc289a63a4f23862,True,location-k4-fold3-seed0,3
seasonal,CoPy_R,26,SS_vs_seasonal,2.5948465598446546e-11,1445553,cc289a63a4f23862,True,location-k4-fold3-seed0,3
seasonal,CoPy_R,26,SS_vs_ar,-0.8599912871678155,1445553,cc289a63a4f23862,True,location-k4-fold3-seed0,3
seasonal,CoPy_R,27,MSE,0.03872436677787095,1445553,cc289a63a4f23862,True,location-k4-fold3-seed0,3
seasonal,CoPy_R,27,MAE,0.11359980758672601,1445553,cc289a63a4f23862,True,location-k4-fold3-seed0,3
seasonal,CoPy_R,27,SS_vs_persistence,0.12771009573314707,1445553,cc289a63a4f23862,True,location-k4-fold3-seed0,3
seasonal,CoPy_R,27,SS_vs_seasonal,2.5823454485873754e-11,1445553,cc289a63a4f23862,True,location-k4-fold3-seed0,3
seasonal,CoPy_R,27,SS_vs_ar,-0.8707243270524214,1445553,cc289a63a4f23862,True,location-k4-fold3-seed0,3
seasonal,CoPy_R,28,MSE,0.038791641829706076,1445553,cc289a63a4f23862,True,location-k4-fold3-seed0,3
seasonal,CoPy_R,28,MAE,0.1137239329033127,1445553,cc289a63a4f23862,True,location-k4-fold3-seed0,3
seasonal,CoPy_R,28,SS_vs_persistence,0.13775486174981844,1445553,cc289a63a4f23862,True,location-k4-fold3-seed0,3
seasonal,CoPy_R,28,SS_vs_seasonal,2.577871249798136e-11,1445553,cc289a63a4f23862,True,location-k4-fold3-seed0,3
seasonal,CoPy_R,28,SS_vs_ar,-0.8693167525557368,1445553,cc289a63a4f23862,True,location-k4-fold3-seed0,3
seasonal,CoPy_R,29,MSE,0.039011828298818774,1445553,cc289a63a4f23862,True,location-k4-fold3-seed0,3
seasonal,CoPy_R,29,MAE,0.11373778592518237,1445553,cc289a63a4f23862,True,location-k4-fold3-seed0,3
seasonal,CoPy_R,29,SS_vs_persistence,0.13351713066527238,1445553,cc289a63a4f23862,True,location-k4-fold3-seed0,3
seasonal,CoPy_R,29,SS_vs_seasonal,2.5633273281755464e-11,1445553,cc289a63a4f23862,True,location-k4-fold3-seed0,3
seasonal,CoPy_R,29,SS_vs_ar,-0.8802878447427036,1445553,cc289a63a4f23862,True,location-k4-fold3-seed0,3
seasonal,CoPy_R,30,MSE,0.03886135896629513,1445553,cc289a63a4f23862,True,location-k4-fold3-seed0,3
seasonal,CoPy_R,30,MAE,0.11321478192332843,1445553,cc289a63a4f23862,True,location-k4-fold3-seed0,3
seasonal,CoPy_R,30,SS_vs_persistence,0.10232866000555008,1445553,cc289a63a4f23862,True,location-k4-fold3-seed0,3
seasonal,CoPy_R,30,SS_vs_seasonal,2.573241619785449e-11,1445553,cc289a63a4f23862,True,location-k4-fold3-seed0,3
seasonal,CoPy_R,30,SS_vs_ar,-0.8785070461465783,1445553,cc289a63a4f23862,True,location-k4-fold3-seed0,3
seasonal,CoPy_R,all,MSE,0.0384238364332249,1445553,cc289a63a4f23862,True,location-k4-fold3-seed0,3
seasonal,CoPy_R,all,MAE,0.11318397088463018,1445553,cc289a63a4f23862,True,location-k4-fold3-seed0,3
seasonal,CoPy_R,all,SS_vs_persistence,0.08396285381272939,1445553,cc289a63a4f23862,True,location-k4-fold3-seed0,3
seasonal,CoPy_R,all,SS_vs_seasonal,2.6025515076355532e-11,1445553,cc289a63a4f23862,True,location-k4-fold3-seed0,3
seasonal,CoPy_R,all,SS_vs_ar,-0.8643541391663654,1445553,cc289a63a4f23862,True,location-k4-fold3-seed0,3
ar,F_R,1,MSE,370210.3305738287,1529550,cc289a63a4f23862,True,location-k4-fold3-seed0,3
ar,F_R,1,MAE,396.55568716816697,1529550,cc289a63a4f23862,True,location-k4-fold3-seed0,3
ar,F_R,1,SS_vs_persistence,0.26959922773324496,1529550,cc289a63a4f23862,True,location-k4-fold3-seed0,3
ar,F_R,1,SS_vs_seasonal,0.539780624734765,1529550,cc289a63a4f23862,True,location-k4-fold3-seed0,3
ar,F_R,1,SS_vs_ar,0.0,1529550,cc289a63a4f23862,True,location-k4-fold3-seed0,3
ar,F_R,2,MSE,418724.2767251453,1529550,cc289a63a4f23862,True,location-k4-fold3-seed0,3
ar,F_R,2,MAE,425.93068248688536,1529550,cc289a63a4f23862,True,location-k4-fold3-seed0,3
ar,F_R,2,SS_vs_persistence,0.26910901515772223,1529550,cc289a63a4f23862,True,location-k4-fold3-seed0,3
ar,F_R,2,SS_vs_seasonal,0.4905048249282671,1529550,cc289a63a4f23862,True,location-k4-fold3-seed0,3
ar,F_R,2,SS_vs_ar,0.0,1529550,cc289a63a4f23862,True,location-k4-fold3-seed0,3
ar,F_R,3,MSE,449350.2105157582,1529550,cc289a63a4f23862,True,location-k4-fold3-seed0,3
ar,F_R,3,MAE,443.3222164872689,1529550,cc289a63a4f23862,True,location-k4-fold3-seed0,3
ar,F_R,3,SS_vs_persistence,0.25770832783675857,1529550,cc289a63a4f23862,True,location-k4-fold3-seed0,3
ar,F_R,3,SS_vs_seasonal,0.4609153583862795,1529550,cc289a63a4f23862,True,location-k4-fold3-seed0,3
ar,F_R,3,SS_vs_ar,0.0,1529550,cc289a63a4f23862,True,location-k4-fold3-seed0,3
ar,F_R,4,MSE,476023.1076535319,1529550,cc289a63a4f23862,True,location-k4-fold3-seed0,3
ar,F_R,4,MAE,456.9870577443486,1529550,cc289a63a4f23862,True,location-k4-fold3-seed0,3
ar,F_R,4,SS_vs_persistence,0.23110404068855472,1529550,cc289a63a4f23862,True,location-k4-fold3-seed0,3
ar,F_R,4,SS_vs_seasonal,0.4320684777717806,1529550,cc289a63a4f23862,True,location-k4-fold3-seed0,3
ar,F_R,4,SS_vs_ar,0.0,1529550,cc289a63a4f23862,True,location-k4-fold3-seed0,3
ar,F_R,5,MSE,504938.2861573116,1529550,cc289a63a4f23862,True,location-k4-fold3-seed0,3
ar,F_R,5,MAE,470.9659522160708,1529550,cc289a63a4f23862,True,location-k4-fold3-seed0,3
ar,F_R,5,SS_vs_persistence,0.22171781030131044,1529550,cc289a63a4f23862,True,location-k4-fold3-seed0,3
ar,F_R,5,SS_vs_seasonal,0.403500548580943,1529550,cc289a63a4f23862,True,location-k4-fold3-seed0,3
ar,F_R,5,SS_vs_ar,0.0,1529550,cc289a63a4f23862,True,location-k4-fold3-seed0,3
ar,F_R,6,MSE,525276.1773783598,1529550,cc289a63a4f23862,True,location-k4-fold3-seed0,3
ar,F_R,6,MAE,479.64964681892195,1529550,cc289a63a4f23862,True,location-k4-fold3-seed0,3
ar,F_R,6,SS_vs_persistence,0.19286474613218996,1529550,cc289a63a4f23862,True,location-k4-fold3-seed0,3
ar,F_R,6,SS_vs_seasonal,0.381961636336985,1529550,cc289a63a4f23862,True,location-k4-fold3-seed0,3
ar,F_R,6,SS_vs_ar,0.0,1529550,cc289a63a4f23862,True,location-k4-fold3-seed0,3
ar,F_R,7,MSE,550673.6260130586,1529550,cc289a63a4f23862,True,location-k4-fold3-seed0,3
ar,F_R,7,MAE,491.55751246354384,1529550,cc289a63a4f23862,True,location-k4-fold3-seed0,3
ar,F_R,7,SS_vs_persistence,0.1913104521855542,1529550,cc289a63a4f23862,True,location-k4-fold3-seed0,3
ar,F_R,7,SS_vs_seasonal,0.35880024816205924,1529550,cc289a63a4f23862,True,location-k4-fold3-seed0,3
ar,F_R,7,SS_vs_ar,0.0,1529550,cc289a63a4f23862,True,location-k4-fold3-seed0,3
ar,F_R,8,MSE,572172.1465535728,1529550,cc289a63a4f23862,True,location-k4-fold3-seed0,3
ar,F_R,8,MAE,500.27264783664356,1529550,cc289a63a4f23862,True,location-k4-fold3-seed0,3
ar,F_R,8,SS_vs_persistence,0.16831140426320557,1529550,cc289a63a4f23862,True,location-k4-fold3-seed0,3
ar,F_R,8,SS_vs_seasonal,0.33810188234068994,1529550,cc289a63a4f23862,True,location-k4-fold3-seed0,3
ar,F_R,8,SS_vs_ar,0.0,1529550,cc289a63a4f23862,True,location-k4-fold3-seed0,3
ar,F_R,9,MSE,592237.1165433751,1529550,cc289a63a4f23862,True,location-k4-fold3-seed0,3
ar,F_R,9,MAE,508.6350591943758,1529550,cc289a63a4f23862,True,location-k4-fold3-seed0,3
ar,F_R,9,SS_vs_persistence,0.150972256308608,1529550,cc289a63a4f23862,True,location-k4-fold3-seed0,3
ar,F_R,9,SS_vs_seasonal,0.3173078132434578,1529550,cc289a63a4f23862,True,location-k4-fold3-seed0,3
ar,F_R,9,SS_vs_ar,0.0,1529550,cc289a63a4f23862,True,location-k4-fold3-seed0,3
ar,F_R,10,MSE,611317.6745679952,1529550,cc289a63a4f23862,True,location-k4-fold3-seed0,3
ar,F_R,10,MAE,516.1267964160212,1529550,cc289a63a4f23862,True,location-k4-fold3-seed0,3
ar,F_R,10,SS_vs_persistence,0.1224376812003517,1529550,cc289a63a4f23862,True,location-k4-fold3-seed0,3
ar,F_R,10,SS_vs_seasonal,0.2969116281447026,1529550,cc289a63a4f23862,True,location-k4-fold3-seed0,3
ar,F_R,10,SS_vs_ar,0.0,1529550,cc289a63a4f23862,True,location-k4-fold3-seed0,3
ar,F_R,11,MSE,638081.1099166514,1529550,cc289a63a4f23862,True,location-k4-fold3-seed0,3
ar,F_R,11,MAE,528.0117558977765,1529550,cc289a63a4f23862,True,location-k4-fold3-seed0,3
ar,F_R,11,SS_vs_persistence,0.11260470550156498,1529550,cc289a63a4f23862,True,location-k4-fold3-seed0,3
ar,F_R,11,SS_vs_seasonal,0.27749392946459783,1529550,cc289a63a4f23862,True,location-k4-fold3-seed0,3
ar,F_R,11,SS_vs_ar,0.0,1529550,cc289a63a4f23862,True,location-k4-fold3-seed0,3
ar,F_R,12,MSE,659171.2056903372,1529550,cc289a63a4f23862,True,location-k4-fold3-seed0,3
ar,F_R,12,MAE,535.7777827422674,1529550,cc289a63a4f23862,True,location-k4-fold3-seed0,3
ar,F_R,12,SS_vs_persistence,0.10442992941993723,1529550,cc289a63a4f23862,True,location-k4-fold3-seed0,3
ar,F_R,12,SS_vs_seasonal,0.2583322577750268,1529550,cc289a63a4f23862,True,location-k4-fold3-seed0,3
ar,F_R,12,SS_vs_ar,0.0,1529550,cc289a63a4f23862,True,location-k4-fold3-seed0,3
ar,F_R,13,MSE,673151.269937613,1529550,cc289a63a4f23862,True,location-k4-fold3-seed0,3
ar,F_R,13,MAE,540.8513513652011,1529550,cc289a63a4f23862,True,location-k4-fold3-seed0,3
ar,F_R,13,SS_vs_persistence,0.10180651620516679,1529550,cc289a63a4f23862,True,location-k4-fold3-seed0,3
ar,F_R,13,SS_vs_seasonal,0.24587389509441027,1529550,cc289a63a4f23862,True,location-k4-fold3-seed0,3
ar,F_R,13,SS_vs_ar,0.0,1529550,cc289a63a4f23862,True,location-k4-fold3-seed0,3
ar,F_R,14,MSE,685842.9533186478,1529550,cc289a63a4f23862,True,location-k4-fold3-seed0,3
ar,F_R,14,MAE,545.5528571351522,1529550,cc289a63a4f23862,True,location-k4-fold3-seed0,3
ar,F_R,14,SS_vs_persistence,0.08295250656700237,1529550,cc289a63a4f23862,True,location-k4-fold3-seed0,3
ar,F_R,14,SS_vs_seasonal,0.23396114993150252,1529550,cc289a63a4f23862,True,location-k4-fold3-seed0,3
ar,F_R,14,SS_vs_ar,0.0,1529550,cc289a63a4f23862,True,location-k4-fold3-seed0,3
ar,F_R,15,MSE,705630.3355928087,1529550,cc289a63a4f23862,True,location-k4-fold3-seed0,3
ar,F_R,15,MAE,553.3974651559492,1529550,cc289a63a4f23862,True,location-k4-fold3-seed0,3
ar,F_R,15,SS_vs_persistence,0.06689781692026353,1529550,cc289a63a4f23862,True,location-k4-fold3-seed0,3
ar,F_R,15,SS_vs_seasonal,0.21737134187552487,1529550,cc289a63a4f23862,True,location-k4-fold3-seed0,3
ar,F_R,15,SS_vs_ar,0.0,1529550,cc289a63a4f23862,True,location-k4-fold3-seed0,3
ar,F_R,16,MSE,742991.9449062484,1529550,cc289a63a4f23862,True,location-k4-fold3-seed0,3
ar,F_R,16,MAE,565.4218382523538,1529550,cc289a63a4f23862,True,location-k4-fold3-seed0,3
ar,F_R,16,SS_vs_persistence,0.06840441604113634,1529550,cc289a63a4f23862,True,location-k4-fold3-seed0,3
ar,F_R,16,SS_vs_seasonal,0.19877414734674426,1529550,cc289a63a4f23862,True,location-k4-fold3-seed0,3
ar,F_R,16,SS_vs_ar,0.0,1529550,cc289a63a4f23862,True,location-k4-fold3-seed0,3
ar,F_R,17,MSE,764091.0290126783,1529550,cc289a63a4f23862,True,location-k4-fold3-seed0,3
ar,F_R,17,MAE,571.8892745259021,1529550,cc289a63a4f23862,True,location-k4-fold3-seed0,3
ar,F_R,17,SS_vs_persistence,0.06351146969493426,1529550,cc289a63a4f23862,True,location-k4-fold3-seed0,3
ar,F_R,17,SS_vs_seasonal,0.18484329924653142,1529550,cc289a63a4f23862,True,location-k4-fold3-seed0,3
ar,F_R,17,SS_vs_ar,0.0,1529550,cc289a63a4f23862,True,location-k4-fold3-seed0,3
ar,F_R,18,MSE,787839.9745626071,1529550,cc289a63a4f23862,True,location-k4-fold3-seed0,3
ar,F_R,18,MAE,579.8754181302045,1529550,cc289a63a4f23862,True,location-k4-fold3-seed0,3
ar,F_R,18,SS_vs_persistence,0.045711758292955706,1529550,cc289a63a4f23862,True,location-k4-fold3-seed0,3
ar,F_R,18,SS_vs_seasonal,0.16217472571555325,1529550,cc289a63a4f23862,True,location-k4-fold3-seed0,3
ar,F_R,18,SS_vs_ar,0.0,1529550,cc289a63a4f23862,True,location-k4-fold3-seed0,3
ar,F_R,19,MSE,811689.6476956368,1529550,cc289a63a4f23862,True,location-k4-fold3-seed0,3
ar,F_R,19,MAE,588.2445778209728,1529550,cc289a63a4f23862,True,location-k4-fold3-seed0,3
ar,F_R,19,SS_vs_persistence,0.03569816591833197,1529550,cc289a63a4f23862,True,location-k4-fold3-seed0,3
ar,F_R,19,SS_vs_seasonal,0.141535024761115,1529550,cc289a63a4f23862,True,location-k4-fold3-seed0,3
ar,F_R,19,SS_vs_ar,0.0,1529550,cc289a63a4f23862,True,location-k4-fold3-seed0,3
ar,F_R,20,MSE,832840.5871560227,1529550,cc289a63a4f23862,True,location-k4-fold3-seed0,3
ar,F_R,20,MAE,594.9387494177996,1529550,cc289a63a4f23862,True,location-k4-fold3-seed0,3
ar,F_R,20,SS_vs_persistence,0.026201929507398747,1529550,cc289a63a4f23862,True,location-k4-fold3-seed0,3
ar,F_R,20,SS_vs_seasonal,0.11891661253249086,1529550,cc289a63a4f23862,True,location-k4-fold3-seed0,3
ar,F_R,20,SS_vs_ar,0.0,1529550,cc289a63a4f23862,True,location-k4-fold3-seed0,3
ar,F_R,21,MSE,848201.815317297,1529550,cc289a63a4f23862,True,location-k4-fold3-seed0,3
ar,F_R,21,MAE,599.8383107077797,1529550,cc289a63a4f23862,True,location-k4-fold3-seed0,3
ar,F_R,21,SS_vs_persistence,0.012273141172161384,1529550,cc289a63a4f23862,True,location-k4-fold3-seed0,3
ar,F_R,21,SS_vs_seasonal,0.10748388713315671,1529550,cc289a63a4f23862,True,location-k4-fold3-seed0,3
ar,F_R,21,SS_vs_ar,0.0,1529550,cc289a63a4f23862,True,location-k4-fold3-seed0,3
ar,F_R,22,MSE,867917.2292322313,1529550,cc289a63a4f23862,True,location-k4-fold3-seed0,3
ar,F_R,22,MAE,606.5451325863048,1529550,cc289a63a4f23862,True,location-k4-fold3-seed0,3
ar,F_R,22,SS_vs_persistence,0.007285493915067942,1529550,cc289a63a4f23862,True,location-k4-fold3-seed0,3
ar,F_R,22,SS_vs_seasonal,0.08773451946049227,1529550,cc289a63a4f23862,True,location-k4-fold3-seed0,3
ar,F_R,22,SS_vs_ar,0.0,1529550,cc289a63a4f23862,True,location-k4-fold3-seed0,3
ar,F_R,23,MSE,886292.417798794,1529550,cc289a63a4f23862,True,location-k4-fold3-seed0,3
ar,F_R,23,MAE,612.4981896653335,1529550,cc289a63a4f23862,True,location-k4-fold3-seed0,3
ar,F_R,23,SS_vs_persistence,0.006595485942885504,1529550,cc289a63a4f23862,True,location-k4-fold3-seed0,3
ar,F_R,23,SS_vs_seasonal,0.07712583730692513,1529550,cc289a63a4f23862,True,location-k4-fold3-seed0,3
ar,F_R,23,SS_vs_ar,0.0,1529550,cc289a63a4f23862,True,location-k4-fold3-seed0,3
ar,F_R,24,MSE,897820.094233849,1529550,cc289a63a4f23862,True,location-k4-fold3-seed0,3
ar,F_R,24,MAE,616.7732309164841,1529550,cc289a63a4f23862,True,location-k4-fold3-seed0,3
ar,F_R,24,SS_vs_persistence,-0.000680968948013172,1529550,cc289a63a4f23862,True,location-k4-fold3-seed0,3
ar,F_R,24,SS_vs_seasonal,0.06660391920801612,1529550,cc289a63a4f23862,True,location-k4-fold3-seed0,3
ar,F_R,24,SS_vs_ar,0.0,1529550,cc289a63a4f23862,True,location-k4-fold3-seed0,3
ar,F_R,25,MSE,911540.7604180322,1529550,cc289a63a4f23862,True,location-k4-fold3-seed0,3
ar,F_R,25,MAE,622.3776492928871,1529550,cc289a63a4f23862,True,location-k4-fold3-seed0,3
ar,F_R,25,SS_vs_persistence,-0.003924542505802542,1529550,cc289a63a4f23862,True,location-k4-fold3-seed0,3
ar,F_R,25,SS_vs_seasonal,0.054650516298387464,1529550,cc289a63a4f23862,True,location-k4-fold3-seed0,3
ar,F_R,25,SS_vs_ar,0.0,1529550,cc289a63a4f23862,True,location-k4-fold3-seed0,3
ar,F_R,26,MSE,929428.8320284942,1529550,cc289a63a4f23862,True,location-k4-fold3-seed0,3
ar,F_R,26,MAE,628.719041061912,1529550,cc289a63a4f23862,True,location-k4-fold3-seed0,3
ar,F_R,26,SS_vs_persistence,-0.004718764606973291,1529550,cc289a63a4f23862,True,location-k4-fold3-seed0,3
ar,F_R,26,SS_vs_seasonal,0.03534951462819402,1529550,cc289a63a4f23862,True,location-k4-fold3-seed0,3
ar,F_R,26,SS_vs_ar,0.0,1529550,cc289a63a4f23862,True,location-k4-fold3-seed0,3
ar,F_R,27,MSE,942248.0619085844,1529550,cc289a63a4f23862,True,location-k4-fold3-seed0,3
ar,F_R,27,MAE,633.7019404042072,1529550,cc289a63a4f23862,True,location-k4-fold3-seed0,3
ar,F_R,27,SS_vs_persistence,0.008504011301019188,1529550,cc289a63a4f23862,True,location-k4-fold3-seed0,3
ar,F_R,27,SS_vs_seasonal,0.026328624614483043,1529550,cc289a63a4f23862,True,location-k4-fold3-seed0,3
ar,F_R,27,SS_vs_ar,0.0,1529550,cc289a63a4f23862,True,location-k4-fold3-seed0,3
ar,F_R,28,MSE,953390.4887106693,1529550,cc289a63a4f23862,True,location-k4-fold3-seed0,3
ar,F_R,28,MAE,636.9360476135724,1529550,cc289a63a4f23862,True,location-k4-fold3-seed0,3
ar,F_R,28,SS_vs_persistence,-0.0018576664390899111,1529550,cc289a63a4f23862,True,location-k4-fold3-seed0,3
ar,F_R,28,SS_vs_seasonal,0.016350240086125845,1529550,cc289a63a4f23862,True,location-k4-fold3-seed0,3
ar,F_R,28,SS_vs_ar,0.0,1529550,cc289a63a4f23862,True,location-k4-fold3-seed0,3
ar,F_R,29,MSE,967612.1299088771,1529550,cc289a63a4f23862,True,location-k4-fold3-seed0,3
ar,F_R,29,MAE,641.3960560140738,1529550,cc289a63a4f23862,True,location-k4-fold3-seed0,3
ar,F_R,29,SS_vs_persistence,-0.004612103997095884,1529550,cc289a63a4f23862,True,location-k4-fold3-seed0,3
ar,F_R,29,SS_vs_seasonal,0.0013089205161473938,1529550,cc289a63a4f23862,True,location-k4-fold3-seed0,3
ar,F_R,29,SS_vs_ar,0.0,1529550,cc289a63a4f23862,True,location-k4-fold3-seed0,3
ar,F_R,30,MSE,980487.3259328954,1529550,cc289a63a4f23862,True,location-k4-fold3-seed0,3
ar,F_R,30,MAE,645.3168013314292,1529550,cc289a63a4f23862,True,location-k4-fold3-seed0,3
ar,F_R,30,SS_vs_persistence,-0.024494196212984543,1529550,cc289a63a4f23862,True,location-k4-fold3-seed0,3
ar,F_R,30,SS_vs_seasonal,-0.013914864712884834,1529550,cc289a63a4f23862,True,location-k4-fold3-seed0,3
ar,F_R,30,SS_vs_ar,0.0,1529550,cc289a63a4f23862,True,location-k4-fold3-seed0,3
ar,F_R,all,MSE,718573.0721987252,1529550,cc289a63a4f23862,True,location-k4-fold3-seed0,3
ar,F_R,all,MAE,551.2688909623372,1529550,cc289a63a4f23862,True,location-k4-fold3-seed0,3
ar,F_R,all,SS_vs_persistence,0.0783245736748196,1529550,cc289a63a4f23862,True,location-k4-fold3-seed0,3
ar,F_R,all,SS_vs_seasonal,0.20851675135096337,1529550,cc289a63a4f23862,True,location-k4-fold3-seed0,3
ar,F_R,all,SS_vs_ar,0.0,1529550,cc289a63a4f23862,True,location-k4-fold3-seed0,3
ar,CoPx_R,1,MSE,0.019866287725796895,1445553,cc289a63a4f23862,True,location-k4-fold3-seed0,3
ar,CoPx_R,1,MAE,0.0716029517829598,1445553,cc289a63a4f23862,True,location-k4-fold3-seed0,3
ar,CoPx_R,1,SS_vs_persistence,0.5538366138534696,1445553,cc289a63a4f23862,True,location-k4-fold3-seed0,3
ar,CoPx_R,1,SS_vs_seasonal,0.5858542505809758,1445553,cc289a63a4f23862,True,location-k4-fold3-seed0,3
ar,CoPx_R,1,SS_vs_ar,5.0336512735782435e-11,1445553,cc289a63a4f23862,True,location-k4-fold3-seed0,3
ar,CoPx_R,2,MSE,0.020045809587747,1445553,cc289a63a4f23862,True,location-k4-fold3-seed0,3
ar,CoPx_R,2,MAE,0.07314059716712665,1445553,cc289a63a4f23862,True,location-k4-fold3-seed0,3
ar,CoPx_R,2,SS_vs_persistence,0.6052276743646211,1445553,cc289a63a4f23862,True,location-k4-fold3-seed0,3
ar,CoPx_R,2,SS_vs_seasonal,0.5968792275732162,1445553,cc289a63a4f23862,True,location-k4-fold3-seed0,3
ar,CoPx_R,2,SS_vs_ar,4.988565116548216e-11,1445553,cc289a63a4f23862,True,location-k4-fold3-seed0,3
ar,CoPx_R,3,MSE,0.020004731769578843,1445553,cc289a63a4f23862,True,location-k4-fold3-seed0,3
ar,CoPx_R,3,MAE,0.07367253432249952,1445553,cc289a63a4f23862,True,location-k4-fold3-seed0,3
ar,CoPx_R,3,SS_vs_persistence,0.5811419002766307,1445553,cc289a63a4f23862,True,location-k4-fold3-seed0,3
ar,CoPx_R,3,SS_vs_seasonal,0.5873783666212808,1445553,cc289a63a4f23862,True,location-k4-fold3-seed0,3
ar,CoPx_R,3,SS_vs_ar,4.998812475065506e-11,1445553,cc289a63a4f23862,True,location-k4-fold3-seed0,3
ar,CoPx_R,4,MSE,0.02012677196539189,1445553,cc289a63a4f23862,True,location-k4-fold3-seed0,3
ar,CoPx_R,4,MAE,0.07444155111548313,1445553,cc289a63a4f23862,True,location-k4-fold3-seed0,3
ar,CoPx_R,4,SS_vs_persistence,0.5990586900229511,1445553,cc289a63a4f23862,True,location-k4-fold3-seed0,3
ar,CoPx_R,4,SS_vs_seasonal,0.5904197873078152,1445553,cc289a63a4f23862,True,location-k4-fold3-seed0,3
ar,CoPx_R,4,SS_vs_ar,4.968503386493239e-11,1445553,cc289a63a4f23862,True,location-k4-fold3-seed0,3
ar,CoPx_R,5,MSE,0.02009517202064835,1445553,cc289a63a4f23862,True,location-k4-fold3-seed0,3
ar,CoPx_R,5,MAE,0.07513973209527489,1445553,cc289a63a4f23862,True,location-k4-fold3-seed0,3
ar,CoPx_R,5,SS_vs_persistence,0.619179479423555,1445553,cc289a63a4f23862,True,location-k4-fold3-seed0,3
ar,CoPx_R,5,SS_vs_seasonal,0.5969621483658534,1445553,cc289a63a4f23862,True,location-k4-fold3-seed0,3
ar,CoPx_R,5,SS_vs_ar,4.976308254356354e-11,1445553,cc289a63a4f23862,True,location-k4-fold3-seed0,3
ar,CoPx_R,6,MSE,0.020171021564111543,1445553,cc289a63a4f23862,True,location-k4-fold3-seed0,3
ar,CoPx_R,6,MAE,0.07558001994119638,1445553,cc289a63a4f23862,True,location-k4-fold3-seed0,3
ar,CoPx_R,6,SS_vs_persistence,0.6042452845175696,1445553,cc289a63a4f23862,True,location-k4-fold3-seed0,3
ar,CoPx_R,6,SS_vs_seasonal,0.5904303571743029,1445553,cc289a63a4f23862,True,location-k4-fold3-seed0,3
ar,CoPx_R,6,SS_vs_ar,4.95760099639142e-11,1445553,cc289a63a4f23862,True,location-k4-fold3-seed0,3
ar,CoPx_R,7,MSE,0.02019651431128526,1445553,cc289a63a4f23862,True,location-k4-fold3-seed0,3
ar,CoPx_R,7,MAE,0.07619113202524894,1445553,cc289a63a4f23862,True,location-k4-fold3-seed0,3
ar,CoPx_R,7,SS_vs_persistence,0.6017050556358452,1445553,cc289a63a4f23862,True,location-k4-fold3-seed0,3
ar,CoPx_R,7,SS_vs_seasonal,0.58653113252977,1445553,cc289a63a4f23862,True,location-k4-fold3-seed0,3
ar,CoPx_R,7,SS_vs_ar,4.9513393385325344e-11,1445553,cc289a63a4f23862,True,location-k4-fold3-seed0,3
ar,CoPx_R,8,MSE,0.02021430242613136,1445553,cc289a63a4f23862,True,location-k4-fold3-seed0,3
ar,CoPx_R,8,MAE,0.07647600752781229,1445553,cc289a63a4f23862,True,location-k4-fold3-seed0,3
ar,CoPx_R,8,SS_vs_persistence,0.6122416651915457,1445553,cc289a63a4f23862,True,location-k4-fold3-seed0,3
ar,CoPx_R,8,SS_vs_seasonal,0.5896764025065738,1445553,cc289a63a4f23862,True,location-k4-fold3-seed0,3
ar,CoPx_R,8,SS_vs_ar,4.946987264276004e-11,1445553,cc289a63a4f23862,True,location-k4-fold3-seed0,3
ar,CoPx_R,9,MSE,0.020101264910565228,1445553,cc289a63a4f23862,True,location-k4-fold3-seed0,3
ar,CoPx_R,9,MAE,0.07675749123523694,1445553,cc289a63a4f23862,True,location-k4-fold3-seed0,3
ar,CoPx_R,9,SS_vs_persistence,0.6165911712495693,1445553,cc289a63a4f23862,True,location-k4-fold3-seed0,3
ar,CoPx_R,9,SS_vs_seasonal,0.5887082810047182,1445553,cc289a63a4f23862,True,location-k4-fold3-seed0,3
ar,CoPx_R,9,SS_vs_ar,4.97480945327311e-11,1445553,cc289a63a4f23862,True,location-k4-fold3-seed0,3
ar,CoPx_R,10,MSE,0.020021142676371954,1445553,cc289a63a4f23862,True,location-k4-fold3-seed0,3
ar,CoPx_R,10,MAE,0.07712670965753304,1445553,cc289a63a4f23862,True,location-k4-fold3-seed0,3
ar,CoPx_R,10,SS_vs_persistence,0.610455982137784,1445553,cc289a63a4f23862,True,location-k4-fold3-seed0,3
ar,CoPx_R,10,SS_vs_seasonal,0.5884429395825684,1445553,cc289a63a4f23862,True,location-k4-fold3-seed0,3
ar,CoPx_R,10,SS_vs_ar,4.994715752104639e-11,1445553,cc289a63a4f23862,True,location-k4-fold3-seed0,3
ar,CoPx_R,11,MSE,0.020058076086928632,1445553,cc289a63a4f23862,True,location-k4-fold3-seed0,3
ar,CoPx_R,11,MAE,0.07763405322894981,1445553,cc289a63a4f23862,True,location-k4-fold3-seed0,3
ar,CoPx_R,11,SS_vs_persistence,0.6196820899616596,1445553,cc289a63a4f23862,True,location-k4-fold3-seed0,3
ar,CoPx_R,11,SS_vs_seasonal,0.5930423317995845,1445553,cc289a63a4f23862,True,location-k4-fold3-seed0,3
ar,CoPx_R,11,SS_vs_ar,4.985512003230497e-11,1445553,cc289a63a4f23862,True,location-k4-fold3-seed0,3
ar,CoPx_R,12,MSE,0.020034630195866588,1445553,cc289a63a4f23862,True,location-k4-fold3-seed0,3
ar,CoPx_R,12,MAE,0.07805274408100119,1445553,cc289a63a4f23862,True,location-k4-fold3-seed0,3
ar,CoPx_R,12,SS_vs_persistence,0.6365197340063797,1445553,cc289a63a4f23862,True,location-k4-fold3-seed0,3
ar,CoPx_R,12,SS_vs_seasonal,0.5961680289357383,1445553,cc289a63a4f23862,True,location-k4-fold3-seed0,3
ar,CoPx_R,12,SS_vs_ar,4.991351776340025e-11,1445553,cc289a63a4f23862,True,location-k4-fold3-seed0,3
ar,CoPx_R,13,MSE,0.02005827998553968,1445553,cc289a63a4f23862,True,location-k4-fold3-seed0,3
ar,CoPx_R,13,MAE,0.07829496373830663,1445553,cc289a63a4f23862,True,location-k4-fold3-seed0,3
ar,CoPx_R,13,SS_vs_persistence,0.6442741227037786,1445553,cc289a63a4f23862,True,location-k4-fold3-seed0,3
ar,CoPx_R,13,SS_vs_seasonal,0.6005516968722283,1445553,cc289a63a4f23862,True,location-k4-fold3-seed0,3
ar,CoPx_R,13,SS_vs_ar,4.985467594309512e-11,1445553,cc289a63a4f23862,True,location-k4-fold3-seed0,3
ar,CoPx_R,14,MSE,0.020039303587343647,1445553,cc289a63a4f23862,True,location-k4-fold3-seed0,3
ar,CoPx_R,14,MAE,0.07841392217005463,1445553,cc289a63a4f23862,True,location-k4-fold3-seed0,3
ar,CoPx_R,14,SS_vs_persistence,0.61752783347641,1445553,cc289a63a4f23862,True,location-k4-fold3-seed0,3
ar,CoPx_R,14,SS_vs_seasonal,0.5958618371962043,1445553,cc289a63a4f23862,True,location-k4-fold3-seed0,3
ar,CoPx_R,14,SS_vs_ar,4.9901860421641686e-11,1445553,cc289a63a4f23862,True,location-k4-fold3-seed0,3
ar,CoPx_R,15,MSE,0.020113988650275885,1445553,cc289a63a4f23862,True,location-k4-fold3-seed0,3
ar,CoPx_R,15,MAE,0.0788519100353045,1445553,cc289a63a4f23862,True,location-k4-fold3-seed0,3
ar,CoPx_R,15,SS_vs_persistence,0.6228800464425732,1445553,cc289a63a4f23862,True,location-k4-fold3-seed0,3
ar,CoPx_R,15,SS_vs_seasonal,0.5996837259230955,1445553,cc289a63a4f23862,True,location-k4-fold3-seed0,3
ar,CoPx_R,15,SS_vs_ar,4.971656419883175e-11,1445553,cc289a63a4f23862,True,location-k4-fold3-seed0,3
ar,CoPx_R,16,MSE,0.020119423473092563,1445553,cc289a63a4f23862,True,location-k4-fold3-seed0,3
ar,CoPx_R,16,MAE,0.07918381926221951,1445553,cc289a63a4f23862,True,location-k4-fold3-seed0,3
ar,CoPx_R,16,SS_vs_persistence,0.6367557953939483,1445553,cc289a63a4f23862,True,location-k4-fold3-seed0,3
ar,CoPx_R,16,SS_vs_seasonal,0.6017023699500997,1445553,cc289a63a4f23862,True,location-k4-fold3-seed0,3
ar,CoPx_R,16,SS_vs_ar,4.970313050023378e-11,1445553,cc289a63a4f23862,True,location-k4-fold3-seed0,3
ar,CoPx_R,17,MSE,0.020054243557859966,1445553,cc289a63a4f23862,True,location-k4-fold3-seed0,3
ar,CoPx_R,17,MAE,0.0792414671393345,1445553,cc289a63a4f23862,True,location-k4-fold3-seed0,3
ar,CoPx_R,17,SS_vs_persistence,0.6183509790634394,1445553,cc289a63a4f23862,True,location-k4-fold3-seed0,3
ar,CoPx_R,17,SS_vs_seasonal,0.5926871710142099,1445553,cc289a63a4f23862,True,location-k4-fold3-seed0,3
ar,CoPx_R,17,SS_vs_ar,4.9864667950316743e-11,1445553,cc289a63a4f23862,True,location-k4-fold3-seed0,3
ar,CoPx_R,18,MSE,0.01998966053849024,1445553,cc289a63a4f23862,True,location-k4-fold3-seed0,3
ar,CoPx_R,18,MAE,0.07953326760828494,1445553,cc289a63a4f23862,True,location-k4-fold3-seed0,3
ar,CoPx_R,18,SS_vs_persistence,0.6235033235211844,1445553,cc289a63a4f23862,True,location-k4-fold3-seed0,3
ar,CoPx_R,18,SS_vs_seasonal,0.5997498263651357,1445553,cc289a63a4f23862,True,location-k4-fold3-seed0,3
ar,CoPx_R,18,SS_vs_ar,5.0025761311189854e-11,1445553,cc289a63a4f23862,True,location-k4-fold3-seed0,3
ar,CoPx_R,19,MSE,0.019983049948908288,1445553,cc289a63a4f23862,True,location-k4-fold3-seed0,3
ar,CoPx_R,19,MAE,0.07972560008496198,1445553,cc289a63a4f23862,True,location-k4-fold3-seed0,3
ar,CoPx_R,19,SS_vs_persistence,0.6385408784720021,1445553,cc289a63a4f23862,True,location-k4-fold3-seed0,3
ar,CoPx_R,19,SS_vs_seasonal,0.603700676155742,1445553,cc289a63a4f23862,True,location-k4-fold3-seed0,3
ar,CoPx_R,19,SS_vs_ar,5.004230363425677e-11,1445553,cc289a63a4f23862,True,location-k4-fold3-seed0,3
ar,CoPx_R,20,MSE,0.019926119729987854,1445553,cc289a63a4f23862,True,location-k4-fold3-seed0,3
ar,CoPx_R,20,MAE,0.07988195856084944,1445553,cc289a63a4f23862,True,location-k4-fold3-seed0,3
ar,CoPx_R,20,SS_vs_persistence,0.6418891891722137,1445553,cc289a63a4f23862,True,location-k4-fold3-seed0,3
ar,CoPx_R,20,SS_vs_seasonal,0.6017380485186923,1445553,cc289a63a4f23862,True,location-k4-fold3-seed0,3
ar,CoPx_R,20,SS_vs_ar,5.018530035982849e-11,1445553,cc289a63a4f23862,True,location-k4-fold3-seed0,3
ar,CoPx_R,21,MSE,0.01991401147942131,1445553,cc289a63a4f23862,True,location-k4-fold3-seed0,3
ar,CoPx_R,21,MAE,0.08000304220851766,1445553,cc289a63a4f23862,True,location-k4-fold3-seed0,3
ar,CoPx_R,21,SS_vs_persistence,0.6301425569812819,1445553,cc289a63a4f23862,True,location-k4-fold3-seed0,3
ar,CoPx_R,21,SS_vs_seasonal,0.5989233362547448,1445553,cc289a63a4f23862,True,location-k4-fold3-seed0,3
ar,CoPx_R,21,SS_vs_ar,5.021583149300568e-11,1445553,cc289a63a4f23862,True,location-k4-fold3-seed0,3
ar,CoPx_R,22,MSE,0.019719722252795457,1445553,cc289a63a4f23862,True,location-k4-fold3-seed0,3
ar,CoPx_R,22,MAE,0.08008562632781728,1445553,cc289a63a4f23862,True,location-k4-fold3-seed0,3
ar,CoPx_R,22,SS_vs_persistence,0.626063679404184,1445553,cc289a63a4f23862,True,location-k4-fold3-seed0,3
ar,CoPx_R,22,SS_vs_seasonal,0.6066659697472238,1445553,cc289a63a4f23862,True,location-k4-fold3-seed0,3
ar,CoPx_R,22,SS_vs_ar,5.071054687277865e-11,1445553,cc289a63a4f23862,True,location-k4-fold3-seed0,3
ar,CoPx_R,23,MSE,0.019810957687829027,1445553,cc289a63a4f23862,True,location-k4-fold3-seed0,3
ar,CoPx_R,23,MAE,0.08051277478105047,1445553,cc289a63a4f23862,True,location-k4-fold3-seed0,3
ar,CoPx_R,23,SS_vs_persistence,0.6418263815768666,1445553,cc289a63a4f23862,True,location-k4-fold3-seed0,3
ar,CoPx_R,23,SS_vs_seasonal,0.6088482036865803,1445553,cc289a63a4f23862,True,location-k4-fold3-seed0,3
ar,CoPx_R,23,SS_vs_ar,5.047706697069998e-11,1445553,cc289a63a4f23862,True,location-k4-fold3-seed0,3
ar,CoPx_R,24,MSE,0.019790361377999402,1445553,cc289a63a4f23862,True,location-k4-fold3-seed0,3
ar,CoPx_R,24,MAE,0.08069407403676425,1445553,cc289a63a4f23862,True,location-k4-fold3-seed0,3
ar,CoPx_R,24,SS_vs_persistence,0.63941647870923,1445553,cc289a63a4f23862,True,location-k4-fold3-seed0,3
ar,CoPx_R,24,SS_vs_seasonal,0.6081693974640512,1445553,cc289a63a4f23862,True,location-k4-fold3-seed0,3
ar,CoPx_R,24,SS_vs_ar,5.052958051976475e-11,1445553,cc289a63a4f23862,True,location-k4-fold3-seed0,3
ar,CoPx_R,25,MSE,0.01972391501357116,1445553,cc289a63a4f23862,True,location-k4-fold3-seed0,3
ar,CoPx_R,25,MAE,0.08086893552953874,1445553,cc289a63a4f23862,True,location-k4-fold3-seed0,3
ar,CoPx_R,25,SS_vs_persistence,0.6262756037662562,1445553,cc289a63a4f23862,True,location-k4-fold3-seed0,3
ar,CoPx_R,25,SS_vs_seasonal,0.6100627544937092,1445553,cc289a63a4f23862,True,location-k4-fold3-seed0,3
ar,CoPx_R,25,SS_vs_ar,5.0699777709439786e-11,1445553,cc289a63a4f23862,True,location-k4-fold3-seed0,3
ar,CoPx_R,26,MSE,0.01976417011578475,1445553,cc289a63a4f23862,True,location-k4-fold3-seed0,3
ar,CoPx_R,26,MAE,0.08124513030489697,1445553,cc289a63a4f23862,True,location-k4-fold3-seed0,3
ar,CoPx_R,26,SS_vs_persistence,0.651432955862882,1445553,cc289a63a4f23862,True,location-k4-fold3-seed0,3
ar,CoPx_R,26,SS_vs_seasonal,0.6135078081513772,1445553,cc289a63a4f23862,True,location-k4-fold3-seed0,3
ar,CoPx_R,26,SS_vs_ar,5.0596526968149647e-11,1445553,cc289a63a4f23862,True,location-k4-fold3-seed0,3
ar,CoPx_R,27,MSE,0.019762927266422224,1445553,cc289a63a4f23862,True,location-k4-fold3-seed0,3
ar,CoPx_R,27,MAE,0.0815569000021614,1445553,cc289a63a4f23862,True,location-k4-fold3-seed0,3
ar,CoPx_R,27,SS_vs_persistence,0.6551556468503996,1445553,cc289a63a4f23862,True,location-k4-fold3-seed0,3
ar,CoPx_R,27,SS_vs_seasonal,0.6153036487118946,1445553,cc289a63a4f23862,True,location-k4-fold3-seed0,3
ar,CoPx_R,27,SS_vs_ar,5.059974661492106e-11,1445553,cc289a63a4f23862,True,location-k4-fold3-seed0,3
ar,CoPx_R,28,MSE,0.019833345042243003,1445553,cc289a63a4f23862,True,location-k4-fold3-seed0,3
ar,CoPx_R,28,MAE,0.08183649148891618,1445553,cc289a63a4f23862,True,location-k4-fold3-seed0,3
ar,CoPx_R,28,SS_vs_persistence,0.6418280646370766,1445553,cc289a63a4f23862,True,location-k4-fold3-seed0,3
ar,CoPx_R,28,SS_vs_seasonal,0.6167796252408989,1445553,cc289a63a4f23862,True,location-k4-fold3-seed0,3
ar,CoPx_R,28,SS_vs_ar,5.042011252953671e-11,1445553,cc289a63a4f23862,True,location-k4-fold3-seed0,3
ar,CoPx_R,29,MSE,0.019801211382222652,1445553,cc289a63a4f23862,True,location-k4-fold3-seed0,3
ar,CoPx_R,29,MAE,0.08204518373574107,1445553,cc289a63a4f23862,True,location-k4-fold3-seed0,3
ar,CoPx_R,29,SS_vs_persistence,0.6540431133493174,1445553,cc289a63a4f23862,True,location-k4-fold3-seed0,3
ar,CoPx_R,29,SS_vs_seasonal,0.6178626823960424,1445553,cc289a63a4f23862,True,location-k4-fold3-seed0,3
ar,CoPx_R,29,SS_vs_ar,5.050193596645158e-11,1445553,cc289a63a4f23862,True,location-k4-fold3-seed0,3
ar,CoPx_R,30,MSE,0.01972730775610422,1445553,cc289a63a4f23862,True,location-k4-fold3-seed0,3
ar,CoPx_R,30,MAE,0.08209444261506446,1445553,cc289a63a4f23862,True,location-k4-fold3-seed0,3
ar,CoPx_R,30,SS_vs_persistence,0.6639632056411391,1445553,cc289a63a4f23862,True,location-k4-fold3-seed0,3
ar,CoPx_R,30,SS_vs_seasonal,0.6249350660105142,1445553,cc289a63a4f23862,True,location-k4-fold3-seed0,3
ar,CoPx_R,30,SS_vs_ar,5.069111796984771e-11,1445553,cc289a63a4f23862,True,location-k4-fold3-seed0,3
ar,CoPx_R,all,MSE,0.019968841512989326,1445553,cc289a63a4f23862,True,location-k4-fold3-seed0,3
ar,CoPx_R,all,MAE,0.07833114395952911,1445553,cc289a63a4f23862,True,location-k4-fold3-seed0,3
ar,CoPx_R,all,SS_vs_persistence,0.6257039420007002,1445553,cc289a63a4f23862,True,location-k4-fold3-seed0,3
ar,CoPx_R,all,SS_vs_seasonal,0.6004557497955919,1445553,cc289a63a4f23862,True,location-k4-fold3-seed0,3
ar,CoPx_R,all,SS_vs_ar,5.0077941793347236e-11,1445553,cc289a63a4f23862,True,location-k4-fold3-seed0,3
ar,CoPy_R,1,MSE,0.02015766641448728,1445553,cc289a63a4f23862,True,location-k4-fold3-seed0,3
ar,CoPy_R,1,MAE,0.08355105715770485,1445553,cc289a63a4f23862,True,location-k4-fold3-seed0,3
ar,CoPy_R,1,SS_vs_persistence,0.4309222242371019,1445553,cc289a63a4f23862,True,location-k4-fold3-seed0,3
ar,CoPy_R,1,SS_vs_seasonal,0.45211175366948386,1445553,cc289a63a4f23862,True,location-k4-fold3-seed0,3
ar,CoPy_R,1,SS_vs_ar,4.960887256544311e-11,1445553,cc289a63a4f23862,True,location-k4-fold3-seed0,3
ar,CoPy_R,2,MSE,0.020547369545557977,1445553,cc289a63a4f23862,True,location-k4-fold3-seed0,3
ar,CoPy_R,2,MAE,0.08480142241250356,1445553,cc289a63a4f23862,True,location-k4-fold3-seed0,3
ar,CoPy_R,2,SS_vs_persistence,0.4986930698284632,1445553,cc289a63a4f23862,True,location-k4-fold3-seed0,3
ar,CoPy_R,2,SS_vs_seasonal,0.46442997675476605,1445553,cc289a63a4f23862,True,location-k4-fold3-seed0,3
ar,CoPy_R,2,SS_vs_ar,4.866795855207329e-11,1445553,cc289a63a4f23862,True,location-k4-fold3-seed0,3
ar,CoPy_R,3,MSE,0.02060689213498641,1445553,cc289a63a4f23862,True,location-k4-fold3-seed0,3
ar,CoPy_R,3,MAE,0.08508376535923207,1445553,cc289a63a4f23862,True,location-k4-fold3-seed0,3
ar,CoPy_R,3,SS_vs_persistence,0.5158740101487495,1445553,cc289a63a4f23862,True,location-k4-fold3-seed0,3
ar,CoPy_R,3,SS_vs_seasonal,0.47332350463454254,1445553,cc289a63a4f23862,True,location-k4-fold3-seed0,3
ar,CoPy_R,3,SS_vs_ar,4.852740431715574e-11,1445553,cc289a63a4f23862,True,location-k4-fold3-seed0,3
ar,CoPy_R,4,MSE,0.020579577478753854,1445553,cc289a63a4f23862,True,location-k4-fold3-seed0,3
ar,CoPy_R,4,MAE,0.08503774088172579,1445553,cc289a63a4f23862,True,location-k4-fold3-seed0,3
ar,CoPy_R,4,SS_vs_persistence,0.5240831456321983,1445553,cc289a63a4f23862,True,location-k4-fold3-seed0,3
ar,CoPy_R,4,SS_vs_seasonal,0.4781720824022929,1445553,cc289a63a4f23862,True,location-k4-fold3-seed0,3
ar,CoPy_R,4,SS_vs_ar,4.8591797252584e-11,1445553,cc289a63a4f23862,True,location-k4-fold3-seed0,3
ar,CoPy_R,5,MSE,0.020542757858169492,1445553,cc289a63a4f23862,True,location-k4-fold3-seed0,3
ar,CoPy_R,5,MAE,0.08499606342947709,1445553,cc289a63a4f23862,True,location-k4-fold3-seed0,3
ar,CoPy_R,5,SS_vs_persistence,0.5242212509848984,1445553,cc289a63a4f23862,True,location-k4-fold3-seed0,3
ar,CoPy_R,5,SS_vs_seasonal,0.4732276250427615,1445553,cc289a63a4f23862,True,location-k4-fold3-seed0,3
ar,CoPy_R,5,SS_vs_ar,4.8678838737714614e-11,1445553,cc289a63a4f23862,True,location-k4-fold3-seed0,3
ar,CoPy_R,6,MSE,0.02055272158302396,1445553,cc289a63a4f23862,True,location-k4-fold3-seed0,3
ar,CoPy_R,6,MAE,0.08496565732251583,1445553,cc289a63a4f23862,True,location-k4-fold3-seed0,3
ar,CoPy_R,6,SS_vs_persistence,0.5166621038620123,1445553,cc289a63a4f23862,True,location-k4-fold3-seed0,3
ar,CoPy_R,6,SS_vs_seasonal,0.4678146450327654,1445553,cc289a63a4f23862,True,location-k4-fold3-seed0,3
ar,CoPy_R,6,SS_vs_ar,4.865530200959256e-11,1445553,cc289a63a4f23862,True,location-k4-fold3-seed0,3
ar,CoPy_R,7,MSE,0.020510342836317006,1445553,cc289a63a4f23862,True,location-k4-fold3-seed0,3
ar,CoPy_R,7,MAE,0.08497311742321204,1445553,cc289a63a4f23862,True,location-k4-fold3-seed0,3
ar,CoPy_R,7,SS_vs_persistence,0.5002713392946401,1445553,cc289a63a4f23862,True,location-k4-fold3-seed0,3
ar,CoPy_R,7,SS_vs_seasonal,0.4654108012243441,1445553,cc289a63a4f23862,True,location-k4-fold3-seed0,3
ar,CoPy_R,7,SS_vs_ar,4.875577719332114e-11,1445553,cc289a63a4f23862,True,location-k4-fold3-seed0,3
ar,CoPy_R,8,MSE,0.02048403391417395,1445553,cc289a63a4f23862,True,location-k4-fold3-seed0,3
ar,CoPy_R,8,MAE,0.08504296155964472,1445553,cc289a63a4f23862,True,location-k4-fold3-seed0,3
ar,CoPy_R,8,SS_vs_persistence,0.49806696979700116,1445553,cc289a63a4f23862,True,location-k4-fold3-seed0,3
ar,CoPy_R,8,SS_vs_seasonal,0.4627503298061191,1445553,cc289a63a4f23862,True,location-k4-fold3-seed0,3
ar,CoPy_R,8,SS_vs_ar,4.8818393771909996e-11,1445553,cc289a63a4f23862,True,location-k4-fold3-seed0,3
ar,CoPy_R,9,MSE,0.020512542218485103,1445553,cc289a63a4f23862,True,location-k4-fold3-seed0,3
ar,CoPy_R,9,MAE,0.08515480312716767,1445553,cc289a63a4f23862,True,location-k4-fold3-seed0,3
ar,CoPy_R,9,SS_vs_persistence,0.49712169393774575,1445553,cc289a63a4f23862,True,location-k4-fold3-seed0,3
ar,CoPy_R,9,SS_vs_seasonal,0.4631610496545958,1445553,cc289a63a4f23862,True,location-k4-fold3-seed0,3
ar,CoPy_R,9,SS_vs_ar,4.87505591451054e-11,1445553,cc289a63a4f23862,True,location-k4-fold3-seed0,3
ar,CoPy_R,10,MSE,0.02059702943324555,1445553,cc289a63a4f23862,True,location-k4-fold3-seed0,3
ar,CoPy_R,10,MAE,0.0853303127212565,1445553,cc289a63a4f23862,True,location-k4-fold3-seed0,3
ar,CoPy_R,10,SS_vs_persistence,0.5013374986617367,1445553,cc289a63a4f23862,True,location-k4-fold3-seed0,3
ar,CoPy_R,10,SS_vs_seasonal,0.46227902526369213,1445553,cc289a63a4f23862,True,location-k4-fold3-seed0,3
ar,CoPy_R,10,SS_vs_ar,4.855060797837041e-11,1445553,cc289a63a4f23862,True,location-k4-fold3-seed0,3
ar,CoPy_R,11,MSE,0.020621265907444977,1445553,cc289a63a4f23862,True,location-k4-fold3-seed0,3
ar,CoPy_R,11,MAE,0.08551331387589314,1445553,cc289a63a4f23862,True,location-k4-fold3-seed0,3
ar,CoPy_R,11,SS_vs_persistence,0.5011110300129583,1445553,cc289a63a4f23862,True,location-k4-fold3-seed0,3
ar,CoPy_R,11,SS_vs_seasonal,0.4598246193091061,1445553,cc289a63a4f23862,True,location-k4-fold3-seed0,3
ar,CoPy_R,11,SS_vs_ar,4.8493542514904675e-11,1445553,cc289a63a4f23862,True,location-k4-fold3-seed0,3
ar,CoPy_R,12,MSE,0.020604718696833356,1445553,cc289a63a4f23862,True,location-k4-fold3-seed0,3
ar,CoPy_R,12,MAE,0.08547033709387478,1445553,cc289a63a4f23862,True,location-k4-fold3-seed0,3
ar,CoPy_R,12,SS_vs_persistence,0.5096231039716352,1445553,cc289a63a4f23862,True,location-k4-fold3-seed0,3
ar,CoPy_R,12,SS_vs_seasonal,0.46352641324363353,1445553,cc289a63a4f23862,True,location-k4-fold3-seed0,3
ar,CoPy_R,12,SS_vs_ar,4.853251134306902e-11,1445553,cc289a63a4f23862,True,location-k4-fold3-seed0,3
ar,CoPy_R,13,MSE,0.020637757575020222,1445553,cc289a63a4f23862,True,location-k4-fold3-seed0,3
ar,CoPy_R,13,MAE,0.0855167720644244,1445553,cc289a63a4f23862,True,location-k4-fold3-seed0,3
ar,CoPy_R,13,SS_vs_persistence,0.5139778412495617,1445553,cc289a63a4f23862,True,location-k4-fold3-seed0,3
ar,CoPy_R,13,SS_vs_seasonal,0.4621842506326309,1445553,cc289a63a4f23862,True,location-k4-fold3-seed0,3
ar,CoPy_R,13,SS_vs_ar,4.845479573134526e-11,1445553,cc289a63a4f23862,True,location-k4-fold3-seed0,3
ar,CoPy_R,14,MSE,0.020650756286287982,1445553,cc289a63a4f23862,True,location-k4-fold3-seed0,3
ar,CoPy_R,14,MAE,0.08554597277652072,1445553,cc289a63a4f23862,True,location-k4-fold3-seed0,3
ar,CoPy_R,14,SS_vs_persistence,0.5130223516926309,1445553,cc289a63a4f23862,True,location-k4-fold3-seed0,3
ar,CoPy_R,14,SS_vs_seasonal,0.4653907934548316,1445553,cc289a63a4f23862,True,location-k4-fold3-seed0,3
ar,CoPy_R,14,SS_vs_ar,4.8424264598168065e-11,1445553,cc289a63a4f23862,True,location-k4-fold3-seed0,3
ar,CoPy_R,15,MSE,0.02064903614063581,1445553,cc289a63a4f23862,True,location-k4-fold3-seed0,3
ar,CoPy_R,15,MAE,0.0856042326847583,1445553,cc289a63a4f23862,True,location-k4-fold3-seed0,3
ar,CoPy_R,15,SS_vs_persistence,0.49272653720107884,1445553,cc289a63a4f23862,True,location-k4-fold3-seed0,3
ar,CoPy_R,15,SS_vs_seasonal,0.46388909028550307,1445553,cc289a63a4f23862,True,location-k4-fold3-seed0,3
ar,CoPy_R,15,SS_vs_ar,4.842837242335918e-11,1445553,cc289a63a4f23862,True,location-k4-fold3-seed0,3
ar,CoPy_R,16,MSE,0.020740157597283686,1445553,cc289a63a4f23862,True,location-k4-fold3-seed0,3
ar,CoPy_R,16,MAE,0.0858875862165741,1445553,cc289a63a4f23862,True,location-k4-fold3-seed0,3
ar,CoPy_R,16,SS_vs_persistence,0.49447995592341554,1445553,cc289a63a4f23862,True,location-k4-fold3-seed0,3
ar,CoPy_R,16,SS_vs_seasonal,0.45803061061310346,1445553,cc289a63a4f23862,True,location-k4-fold3-seed0,3
ar,CoPy_R,16,SS_vs_ar,4.8215542669538536e-11,1445553,cc289a63a4f23862,True,location-k4-fold3-seed0,3
ar,CoPy_R,17,MSE,0.020662226342855416,1445553,cc289a63a4f23862,True,location-k4-fold3-seed0,3
ar,CoPy_R,17,MAE,0.08586933889227605,1445553,cc289a63a4f23862,True,location-k4-fold3-seed0,3
ar,CoPy_R,17,SS_vs_persistence,0.5006109199475748,1445553,cc289a63a4f23862,True,location-k4-fold3-seed0,3
ar,CoPy_R,17,SS_vs_seasonal,0.45681204095278793,1445553,cc289a63a4f23862,True,location-k4-fold3-seed0,3
ar,CoPy_R,17,SS_vs_ar,4.8397397200972136e-11,1445553,cc289a63a4f23862,True,location-k4-fold3-seed0,3
ar,CoPy_R,18,MSE,0.02059268757230389,1445553,cc289a63a4f23862,True,location-k4-fold3-seed0,3
ar,CoPy_R,18,MAE,0.08579342204842744,1445553,cc289a63a4f23862,True,location-k4-fold3-seed0,3
ar,CoPy_R,18,SS_vs_persistence,0.5053583414059224,1445553,cc289a63a4f23862,True,location-k4-fold3-seed0,3
ar,CoPy_R,18,SS_vs_seasonal,0.45819434746252785,1445553,cc289a63a4f23862,True,location-k4-fold3-seed0,3
ar,CoPy_R,18,SS_vs_ar,4.856082203019696e-11,1445553,cc289a63a4f23862,True,location-k4-fold3-seed0,3
ar,CoPy_R,19,MSE,0.02054719688827283,1445553,cc289a63a4f23862,True,location-k4-fold3-seed0,3
ar,CoPy_R,19,MAE,0.08583030236319263,1445553,cc289a63a4f23862,True,location-k4-fold3-seed0,3
ar,CoPy_R,19,SS_vs_persistence,0.5126029649324091,1445553,cc289a63a4f23862,True,location-k4-fold3-seed0,3
ar,CoPy_R,19,SS_vs_seasonal,0.4599017930337622,1445553,cc289a63a4f23862,True,location-k4-fold3-seed0,3
ar,CoPy_R,19,SS_vs_ar,4.866840264128314e-11,1445553,cc289a63a4f23862,True,location-k4-fold3-seed0,3
ar,CoPy_R,20,MSE,0.020607207435467623,1445553,cc289a63a4f23862,True,location-k4-fold3-seed0,3
ar,CoPy_R,20,MAE,0.08598392254282174,1445553,cc289a63a4f23862,True,location-k4-fold3-seed0,3
ar,CoPy_R,20,SS_vs_persistence,0.5164684014479601,1445553,cc289a63a4f23862,True,location-k4-fold3-seed0,3
ar,CoPy_R,20,SS_vs_seasonal,0.45940518145374487,1445553,cc289a63a4f23862,True,location-k4-fold3-seed0,3
ar,CoPy_R,20,SS_vs_ar,4.8526627161038505e-11,1445553,cc289a63a4f23862,True,location-k4-fold3-seed0,3
ar,CoPy_R,21,MSE,0.020659630490838906,1445553,cc289a63a4f23862,True,location-k4-fold3-seed0,3
ar,CoPy_R,21,MAE,0.08602455409613274,1445553,cc289a63a4f23862,True,location-k4-fold3-seed0,3
ar,CoPy_R,21,SS_vs_persistence,0.5178093698482293,1445553,cc289a63a4f23862,True,location-k4-fold3-seed0,3
ar,CoPy_R,21,SS_vs_seasonal,0.46349593863292915,1445553,cc289a63a4f23862,True,location-k4-fold3-seed0,3
ar,CoPy_R,21,SS_vs_ar,4.8403503427607575e-11,1445553,cc289a63a4f23862,True,location-k4-fold3-seed0,3
ar,CoPy_R,22,MSE,0.02067327095216446,1445553,cc289a63a4f23862,True,location-k4-fold3-seed0,3
ar,CoPy_R,22,MAE,0.0860269233509751,1445553,cc289a63a4f23862,True,location-k4-fold3-seed0,3
ar,CoPy_R,22,SS_vs_persistence,0.5126101950507655,1445553,cc289a63a4f23862,True,location-k4-fold3-seed0,3
ar,CoPy_R,22,SS_vs_seasonal,0.46340657297325827,1445553,cc289a63a4f23862,True,location-k4-fold3-seed0,3
ar,CoPy_R,22,SS_vs_ar,4.837152900449837e-11,1445553,cc289a63a4f23862,True,location-k4-fold3-seed0,3
ar,CoPy_R,23,MSE,0.02070421274068312,1445553,cc289a63a4f23862,True,location-k4-fold3-seed0,3
ar,CoPy_R,23,MAE,0.0861184421553189,1445553,cc289a63a4f23862,True,location-k4-fold3-seed0,3
ar,CoPy_R,23,SS_vs_persistence,0.5023787737084521,1445553,cc289a63a4f23862,True,location-k4-fold3-seed0,3
ar,CoPy_R,23,SS_vs_seasonal,0.4626243979686747,1445553,cc289a63a4f23862,True,location-k4-fold3-seed0,3
ar,CoPy_R,23,SS_vs_ar,4.829925348559527e-11,1445553,cc289a63a4f23862,True,location-k4-fold3-seed0,3
ar,CoPy_R,24,MSE,0.020590340141854964,1445553,cc289a63a4f23862,True,location-k4-fold3-seed0,3
ar,CoPy_R,24,MAE,0.08599305856908611,1445553,cc289a63a4f23862,True,location-k4-fold3-seed0,3
ar,CoPy_R,24,SS_vs_persistence,0.5016187519114738,1445553,cc289a63a4f23862,True,location-k4-fold3-seed0,3
ar,CoPy_R,24,SS_vs_seasonal,0.4607834108179413,1445553,cc289a63a4f23862,True,location-k4-fold3-seed0,3
ar,CoPy_R,24,SS_vs_ar,4.8566373145320085e-11,1445553,cc289a63a4f23862,True,location-k4-fold3-seed0,3
ar,CoPy_R,25,MSE,0.02065268218276803,1445553,cc289a63a4f23862,True,location-k4-fold3-seed0,3
ar,CoPy_R,25,MAE,0.08619381714793233,1445553,cc289a63a4f23862,True,location-k4-fold3-seed0,3
ar,CoPy_R,25,SS_vs_persistence,0.4875746856797496,1445553,cc289a63a4f23862,True,location-k4-fold3-seed0,3
ar,CoPy_R,25,SS_vs_seasonal,0.45814560708849306,1445553,cc289a63a4f23862,True,location-k4-fold3-seed0,3
ar,CoPy_R,25,SS_vs_ar,4.8419823706069565e-11,1445553,cc289a63a4f23862,True,location-k4-fold3-seed0,3
ar,CoPy_R,26,MSE,0.02071940739933124,1445553,cc289a63a4f23862,True,location-k4-fold3-seed0,3
ar,CoPy_R,26,MAE,0.08629562792288173,1445553,cc289a63a4f23862,True,location-k4-fold3-seed0,3
ar,CoPy_R,26,SS_vs_persistence,0.513331223909241,1445553,cc289a63a4f23862,True,location-k4-fold3-seed0,3
ar,CoPy_R,26,SS_vs_seasonal,0.4623630729752102,1445553,cc289a63a4f23862,True,location-k4-fold3-seed0,3
ar,CoPy_R,26,SS_vs_ar,4.826383737110973e-11,1445553,cc289a63a4f23862,True,location-k4-fold3-seed0,3
ar,CoPy_R,27,MSE,0.020700199498135407,1445553,cc289a63a4f23862,True,location-k4-fold3-seed0,3
ar,CoPy_R,27,MAE,0.08639193301242258,1445553,cc289a63a4f23862,True,location-k4-fold3-seed0,3
ar,CoPy_R,27,SS_vs_persistence,0.5337154215559252,1445553,cc289a63a4f23862,True,location-k4-fold3-seed0,3
ar,CoPy_R,27,SS_vs_seasonal,0.4654476955984729,1445553,cc289a63a4f23862,True,location-k4-fold3-seed0,3
ar,CoPy_R,27,SS_vs_ar,4.8308690381304586e-11,1445553,cc289a63a4f23862,True,location-k4-fold3-seed0,3
ar,CoPy_R,28,MSE,0.020751775628609054,1445553,cc289a63a4f23862,True,location-k4-fold3-seed0,3
ar,CoPy_R,28,MAE,0.08643442778071253,1445553,cc289a63a4f23862,True,location-k4-fold3-seed0,3
ar,CoPy_R,28,SS_vs_persistence,0.5387378104701803,1445553,cc289a63a4f23862,True,location-k4-fold3-seed0,3
ar,CoPy_R,28,SS_vs_seasonal,0.4650451837235028,1445553,cc289a63a4f23862,True,location-k4-fold3-seed0,3
ar,CoPy_R,28,SS_vs_ar,4.8188564250040145e-11,1445553,cc289a63a4f23862,True,location-k4-fold3-seed0,3
ar,CoPy_R,29,MSE,0.02074779582605706,1445553,cc289a63a4f23862,True,location-k4-fold3-seed0,3
ar,CoPy_R,29,MAE,0.0863825346310737,1445553,cc289a63a4f23862,True,location-k4-fold3-seed0,3
ar,CoPy_R,29,SS_vs_persistence,0.5391754131072769,1445553,cc289a63a4f23862,True,location-k4-fold3-seed0,3
ar,CoPy_R,29,SS_vs_seasonal,0.4681665348621089,1445553,cc289a63a4f23862,True,location-k4-fold3-seed0,3
ar,CoPy_R,29,SS_vs_ar,4.8197779101144533e-11,1445553,cc289a63a4f23862,True,location-k4-fold3-seed0,3
ar,CoPy_R,30,MSE,0.02068736395965816,1445553,cc289a63a4f23862,True,location-k4-fold3-seed0,3
ar,CoPy_R,30,MAE,0.08626911573030735,1445553,cc289a63a4f23862,True,location-k4-fold3-seed0,3
ar,CoPy_R,30,SS_vs_persistence,0.5221357610595765,1445553,cc289a63a4f23862,True,location-k4-fold3-seed0,3
ar,CoPy_R,30,SS_vs_seasonal,0.4676623641219497,1445553,cc289a63a4f23862,True,location-k4-fold3-seed0,3
ar,CoPy_R,30,SS_vs_ar,4.8338666402969466e-11,1445553,cc289a63a4f23862,True,location-k4-fold3-seed0,3
ar,CoPy_R,all,MSE,0.020609730535713314,1445553,cc289a63a4f23862,True,location-k4-fold3-seed0,3
ar,CoPy_R,all,MAE,0.08560310012249799,1445553,cc289a63a4f23862,True,location-k4-fold3-seed0,3
ar,CoPy_R,all,SS_vs_persistence,0.5086571124558856,1445553,cc289a63a4f23862,True,location-k4-fold3-seed0,3
ar,CoPy_R,all,SS_vs_seasonal,0.463621219318022,1445553,cc289a63a4f23862,True,location-k4-fold3-seed0,3
ar,CoPy_R,all,SS_vs_ar,4.852074297900799e-11,1445553,cc289a63a4f23862,True,location-k4-fold3-seed0,3
map_aggregate,F_R,1,MSE,684497.5904327276,1529550,cc289a63a4f23862,True,location-k4-fold3-seed0,3
map_aggregate,F_R,1,MAE,545.9477530520427,1529550,cc289a63a4f23862,True,location-k4-fold3-seed0,3
map_aggregate,F_R,1,SS_vs_persistence,-0.35046898310984287,1529550,cc289a63a4f23862,True,location-k4-fold3-seed0,3
map_aggregate,F_R,1,SS_vs_seasonal,0.14908086721613967,1529550,cc289a63a4f23862,True,location-k4-fold3-seed0,3
map_aggregate,F_R,1,SS_vs_ar,-0.8489424359707936,1529550,cc289a63a4f23862,True,location-k4-fold3-seed0,3
map_aggregate,F_R,2,MSE,743181.140072681,1529550,cc289a63a4f23862,True,location-k4-fold3-seed0,3
map_aggregate,F_R,2,MAE,562.8749467924343,1529550,cc289a63a4f23862,True,location-k4-fold3-seed0,3
map_aggregate,F_R,2,SS_vs_persistence,-0.29723645266567655,1529550,cc289a63a4f23862,True,location-k4-fold3-seed0,3
map_aggregate,F_R,2,SS_vs_seasonal,0.09571231925516377,1529550,cc289a63a4f23862,True,location-k4-fold3-seed0,3
map_aggregate,F_R,2,SS_vs_ar,-0.7748699594996551,1529550,cc289a63a4f23862,True,location-k4-fold3-seed0,3
map_aggregate,F_R,3,MSE,772837.8687173752,1529550,cc289a63a4f23862,True,location-k4-fold3-seed0,3
map_aggregate,F_R,3,MAE,589.2004177435321,1529550,cc289a63a4f23862,True,location-k4-fold3-seed0,3
map_aggregate,F_R,3,SS_vs_persistence,-0.27666817652726583,1529550,cc289a63a4f23862,True,location-k4-fold3-seed0,3
map_aggregate,F_R,3,SS_vs_seasonal,0.07282779504026238,1529550,cc289a63a4f23862,True,location-k4-fold3-seed0,3
map_aggregate,F_R,3,SS_vs_ar,-0.7199009828666201,1529550,cc289a63a4f23862,True,location-k4-fold3-seed0,3
map_aggregate,F_R,4,MSE,844375.6691802803,1529550,cc289a63a4f23862,True,location-k4-fold3-seed0,3
map_aggregate,F_R,4,MAE,606.8330429647111,1529550,cc289a63a4f23862,True,location-k4-fold3-seed0,3
map_aggregate,F_R,4,SS_vs_persistence,-0.36387715162381395,1529550,cc289a63a4f23862,True,location-k4-fold3-seed0,3
map_aggregate,F_R,4,SS_vs_seasonal,-0.007403950396167369,1529550,cc289a63a4f23862,True,location-k4-fold3-seed0,3
map_aggregate,F_R,4,SS_vs_ar,-0.77381235407347,1529550,cc289a63a4f23862,True,location-k4-fold3-seed0,3
map_aggregate,F_R,5,MSE,874499.1383556571,1529550,cc289a63a4f23862,True,location-k4-fold3-seed0,3
map_aggregate,F_R,5,MAE,613.8523643919373,1529550,cc289a63a4f23862,True,location-k4-fold3-seed0,3
map_aggregate,F_R,5,SS_vs_persistence,-0.3479015613346017,1529550,cc289a63a4f23862,True,location-k4-fold3-seed0,3
map_aggregate,F_R,5,SS_vs_seasonal,-0.03307328954072042,1529550,cc289a63a4f23862,True,location-k4-fold3-seed0,3
map_aggregate,F_R,5,SS_vs_ar,-0.7318931091773269,1529550,cc289a63a4f23862,True,location-k4-fold3-seed0,3
map_aggregate,F_R,6,MSE,851432.2531676125,1529550,cc289a63a4f23862,True,location-k4-fold3-seed0,3
map_aggregate,F_R,6,MAE,608.7615210881048,1529550,cc289a63a4f23862,True,location-k4-fold3-seed0,3
map_aggregate,F_R,6,SS_vs_persistence,-0.3083041215415194,1529550,cc289a63a4f23862,True,location-k4-fold3-seed0,3
map_aggregate,F_R,6,SS_vs_seasonal,-0.001792617255107487,1529550,cc289a63a4f23862,True,location-k4-fold3-seed0,3
map_aggregate,F_R,6,SS_vs_ar,-0.6209230302754056,1529550,cc289a63a4f23862,True,location-k4-fold3-seed0,3
map_aggregate,F_R,7,MSE,987678.4951652957,1529550,cc289a63a4f23862,True,location-k4-fold3-seed0,3
map_aggregate,F_R,7,MAE,658.3473689300442,1529550,cc289a63a4f23862,True,location-k4-fold3-seed0,3
map_aggregate,F_R,7,SS_vs_persistence,-0.45045129802954165,1529550,cc289a63a4f23862,True,location-k4-fold3-seed0,3
map_aggregate,F_R,7,SS_vs_seasonal,-0.15004455648406245,1529550,cc289a63a4f23862,True,location-k4-fold3-seed0,3
map_aggregate,F_R,7,SS_vs_ar,-0.7935823480710407,1529550,cc289a63a4f23862,True,location-k4-fold3-seed0,3
map_aggregate,F_R,8,MSE,991646.7575908235,1529550,cc289a63a4f23862,True,location-k4-fold3-seed0,3
map_aggregate,F_R,8,MAE,657.428598406943,1529550,cc289a63a4f23862,True,location-k4-fold3-seed0,3
map_aggregate,F_R,8,SS_vs_persistence,-0.44142161455326323,1529550,cc289a63a4f23862,True,location-k4-fold3-seed0,3
map_aggregate,F_R,8,SS_vs_seasonal,-0.14715322335402758,1529550,cc289a63a4f23862,True,location-k4-fold3-seed0,3
map_aggregate,F_R,8,SS_vs_ar,-0.7331265836058571,1529550,cc289a63a4f23862,True,location-k4-fold3-seed0,3
map_aggregate,F_R,9,MSE,957328.9672156584,1529550,cc289a63a4f23862,True,location-k4-fold3-seed0,3
map_aggregate,F_R,9,MAE,642.4410796795796,1529550,cc289a63a4f23862,True,location-k4-fold3-seed0,3
map_aggregate,F_R,9,SS_vs_persistence,-0.37242133311310655,1529550,cc289a63a4f23862,True,location-k4-fold3-seed0,3
map_aggregate,F_R,9,SS_vs_seasonal,-0.10354617739662308,1529550,cc289a63a4f23862,True,location-k4-fold3-seed0,3
map_aggregate,F_R,9,SS_vs_ar,-0.6164622926762211,1529550,cc289a63a4f23862,True,location-k4-fold3-seed0,3
map_aggregate,F_R,10,MSE,929426.9636100238,1529550,cc289a63a4f23862,True,location-k4-fold3-seed0,3
map_aggregate,F_R,10,MAE,639.0028877795731,1529550,cc289a63a4f23862,True,location-k4-fold3-seed0,3
map_aggregate,F_R,10,SS_vs_persistence,-0.33421642342815727,1529550,cc289a63a4f23862,True,location-k4-fold3-seed0,3
map_aggregate,F_R,10,SS_vs_seasonal,-0.06895206500413509,1529550,cc289a63a4f23862,True,location-k4-fold3-seed0,3
map_aggregate,F_R,10,SS_vs_ar,-0.5203665823449803,1529550,cc289a63a4f23862,True,location-k4-fold3-seed0,3
map_aggregate,F_R,11,MSE,930160.4800692867,1529550,cc289a63a4f23862,True,location-k4-fold3-seed0,3
map_aggregate,F_R,11,MAE,655.3778719007126,1529550,cc289a63a4f23862,True,location-k4-fold3-seed0,3
map_aggregate,F_R,11,SS_vs_persistence,-0.2935973504210301,1529550,cc289a63a4f23862,True,location-k4-fold3-seed0,3
map_aggregate,F_R,11,SS_vs_seasonal,-0.05323066766538331,1529550,cc289a63a4f23862,True,location-k4-fold3-seed0,3
map_aggregate,F_R,11,SS_vs_ar,-0.4577464614032969,1529550,cc289a63a4f23862,True,location-k4-fold3-seed0,3
map_aggregate,F_R,12,MSE,958970.6989896586,1529550,cc289a63a4f23862,True,location-k4-fold3-seed0,3
map_aggregate,F_R,12,MAE,644.944460536969,1529550,cc289a63a4f23862,True,location-k4-fold3-seed0,3
map_aggregate,F_R,12,SS_vs_persistence,-0.30288679050983336,1529550,cc289a63a4f23862,True,location-k4-fold3-seed0,3
map_aggregate,F_R,12,SS_vs_seasonal,-0.078987715239623,1529550,cc289a63a4f23862,True,location-k4-fold3-seed0,3
map_aggregate,F_R,12,SS_vs_ar,-0.4548127871959262,1529550,cc289a63a4f23862,True,location-k4-fold3-seed0,3
map_aggregate,F_R,13,MSE,1058710.3896393757,1529550,cc289a63a4f23862,True,location-k4-fold3-seed0,3
map_aggregate,F_R,13,MAE,664.3839482831154,1529550,cc289a63a4f23862,True,location-k4-fold3-seed0,3
map_aggregate,F_R,13,SS_vs_persistence,-0.4126494529054474,1529550,cc289a63a4f23862,True,location-k4-fold3-seed0,3
map_aggregate,F_R,13,SS_vs_seasonal,-0.18606497234390806,1529550,cc289a63a4f23862,True,location-k4-fold3-seed0,3
map_aggregate,F_R,13,SS_vs_ar,-0.5727674252735138,1529550,cc289a63a4f23862,True,location-k4-fold3-seed0,3
map_aggregate,F_R,14,MSE,1030771.8243695089,1529550,cc289a63a4f23862,True,location-k4-fold3-seed0,3
map_aggregate,F_R,14,MAE,661.002003797026,1529550,cc289a63a4f23862,True,location-k4-fold3-seed0,3
map_aggregate,F_R,14,SS_vs_persistence,-0.3782553473291108,1529550,cc289a63a4f23862,True,location-k4-fold3-seed0,3
map_aggregate,F_R,14,SS_vs_seasonal,-0.15130039494065706,1529550,cc289a63a4f23862,True,location-k4-fold3-seed0,3
map_aggregate,F_R,14,SS_vs_ar,-0.5029269009498805,1529550,cc289a63a4f23862,True,location-k4-fold3-seed0,3
map_aggregate,F_R,15,MSE,959954.9718606072,1529550,cc289a63a4f23862,True,location-k4-fold3-seed0,3
map_aggregate,F_R,15,MAE,670.1340349087277,1529550,cc289a63a4f23862,True,location-k4-fold3-seed0,3
map_aggregate,F_R,15,SS_vs_persistence,-0.2694126580440461,1529550,cc289a63a4f23862,True,location-k4-fold3-seed0,3
map_aggregate,F_R,15,SS_vs_seasonal,-0.06470517718887292,1529550,cc289a63a4f23862,True,location-k4-fold3-seed0,3
map_aggregate,F_R,15,SS_vs_ar,-0.36042191419411873,1529550,cc289a63a4f23862,True,location-k4-fold3-seed0,3
map_aggregate,F_R,16,MSE,1050823.2812010716,1529550,cc289a63a4f23862,True,location-k4-fold3-seed0,3
map_aggregate,F_R,16,MAE,664.5643771451065,1529550,cc289a63a4f23862,True,location-k4-fold3-seed0,3
map_aggregate,F_R,16,SS_vs_persistence,-0.3175678888572684,1529550,cc289a63a4f23862,True,location-k4-fold3-seed0,3
map_aggregate,F_R,16,SS_vs_seasonal,-0.1331842629524851,1529550,cc289a63a4f23862,True,location-k4-fold3-seed0,3
map_aggregate,F_R,16,SS_vs_ar,-0.4143131542747287,1529550,cc289a63a4f23862,True,location-k4-fold3-seed0,3
map_aggregate,F_R,17,MSE,1081207.7078852823,1529550,cc289a63a4f23862,True,location-k4-fold3-seed0,3
map_aggregate,F_R,17,MAE,689.0324780044192,1529550,cc289a63a4f23862,True,location-k4-fold3-seed0,3
map_aggregate,F_R,17,SS_vs_persistence,-0.3251544369266457,1529550,cc289a63a4f23862,True,location-k4-fold3-seed0,3
map_aggregate,F_R,17,SS_vs_seasonal,-0.15346689664427782,1529550,cc289a63a4f23862,True,location-k4-fold3-seed0,3
map_aggregate,F_R,17,SS_vs_ar,-0.4150247376708074,1529550,cc289a63a4f23862,True,location-k4-fold3-seed0,3
map_aggregate,F_R,18,MSE,1128115.801468645,1529550,cc289a63a4f23862,True,location-k4-fold3-seed0,3
map_aggregate,F_R,18,MAE,694.2073175201812,1529550,cc289a63a4f23862,True,location-k4-fold3-seed0,3
map_aggregate,F_R,18,SS_vs_persistence,-0.3664547108353111,1529550,cc289a63a4f23862,True,location-k4-fold3-seed0,3
map_aggregate,F_R,18,SS_vs_seasonal,-0.19969024333250163,1529550,cc289a63a4f23862,True,location-k4-fold3-seed0,3
map_aggregate,F_R,18,SS_vs_ar,-0.4319098267322017,1529550,cc289a63a4f23862,True,location-k4-fold3-seed0,3
map_aggregate,F_R,19,MSE,1134828.2656575742,1529550,cc289a63a4f23862,True,location-k4-fold3-seed0,3
map_aggregate,F_R,19,MAE,696.5537243727492,1529550,cc289a63a4f23862,True,location-k4-fold3-seed0,3
map_aggregate,F_R,19,SS_vs_persistence,-0.34819629774514316,1529550,cc289a63a4f23862,True,location-k4-fold3-seed0,3
map_aggregate,F_R,19,SS_vs_seasonal,-0.20022513745724213,1529550,cc289a63a4f23862,True,location-k4-fold3-seed0,3
map_aggregate,F_R,19,SS_vs_ar,-0.3981061220619462,1529550,cc289a63a4f23862,True,location-k4-fold3-seed0,3
map_aggregate,F_R,20,MSE,1204836.9475272829,1529550,cc289a63a4f23862,True,location-k4-fold3-seed0,3
map_aggregate,F_R,20,MAE,704.7448343814965,1529550,cc289a63a4f23862,True,location-k4-fold3-seed0,3
map_aggregate,F_R,20,SS_vs_persistence,-0.40875446376446334,1529550,cc289a63a4f23862,True,location-k4-fold3-seed0,3
map_aggregate,F_R,20,SS_vs_seasonal,-0.27462786449729215,1529550,cc289a63a4f23862,True,location-k4-fold3-seed0,3
map_aggregate,F_R,20,SS_vs_ar,-0.4466597403010226,1529550,cc289a63a4f23862,True,location-k4-fold3-seed0,3
map_aggregate,F_R,21,MSE,1133290.5908134,1529550,cc289a63a4f23862,True,location-k4-fold3-seed0,3
map_aggregate,F_R,21,MAE,699.3164996615013,1529550,cc289a63a4f23862,True,location-k4-fold3-seed0,3
map_aggregate,F_R,21,SS_vs_persistence,-0.319711341320962,1529550,cc289a63a4f23862,True,location-k4-fold3-seed0,3
map_aggregate,F_R,21,SS_vs_seasonal,-0.19249934932403723,1529550,cc289a63a4f23862,True,location-k4-fold3-seed0,3
map_aggregate,F_R,21,SS_vs_ar,-0.3361096031013049,1529550,cc289a63a4f23862,True,location-k4-fold3-seed0,3
map_aggregate,F_R,22,MSE,1071204.1281036343,1529550,cc289a63a4f23862,True,location-k4-fold3-seed0,3
map_aggregate,F_R,22,MAE,683.158821015691,1529550,cc289a63a4f23862,True,location-k4-fold3-seed0,3
map_aggregate,F_R,22,SS_vs_persistence,-0.225231901303808,1529550,cc289a63a4f23862,True,location-k4-fold3-seed0,3
map_aggregate,F_R,22,SS_vs_seasonal,-0.12593979675323164,1529550,cc289a63a4f23862,True,location-k4-fold3-seed0,3
map_aggregate,F_R,22,SS_vs_ar,-0.2342238315181655,1529550,cc289a63a4f23862,True,location-k4-fold3-seed0,3
map_aggregate,F_R,23,MSE,1095902.0685978662,1529550,cc289a63a4f23862,True,location-k4-fold3-seed0,3
map_aggregate,F_R,23,MAE,684.3929888508959,1529550,cc289a63a4f23862,True,location-k4-fold3-seed0,3
map_aggregate,F_R,23,SS_vs_persistence,-0.228346356176095,1529550,cc289a63a4f23862,True,location-k4-fold3-seed0,3
map_aggregate,F_R,23,SS_vs_seasonal,-0.1411354578241104,1529550,cc289a63a4f23862,True,location-k4-fold3-seed0,3
map_aggregate,F_R,23,SS_vs_ar,-0.23650168566223462,1529550,cc289a63a4f23862,True,location-k4-fold3-seed0,3
map_aggregate,F_R,24,MSE,1230870.9663701514,1529550,cc289a63a4f23862,True,location-k4-fold3-seed0,3
map_aggregate,F_R,24,MAE,718.7292277784038,1529550,cc289a63a4f23862,True,location-k4-fold3-seed0,3
map_aggregate,F_R,24,SS_vs_persistence,-0.37188859904982907,1529550,cc289a63a4f23862,True,location-k4-fold3-seed0,3
map_aggregate,F_R,24,SS_vs_seasonal,-0.2796440437779928,1529550,cc289a63a4f23862,True,location-k4-fold3-seed0,3
map_aggregate,F_R,24,SS_vs_ar,-0.37095502125123403,1529550,cc289a63a4f23862,True,location-k4-fold3-seed0,3
map_aggregate,F_R,25,MSE,1220701.302560552,1529550,cc289a63a4f23862,True,location-k4-fold3-seed0,3
map_aggregate,F_R,25,MAE,736.4648373999257,1529550,cc289a63a4f23862,True,location-k4-fold3-seed0,3
map_aggregate,F_R,25,SS_vs_persistence,-0.34441820917292776,1529550,cc289a63a4f23862,True,location-k4-fold3-seed0,3
map_aggregate,F_R,25,SS_vs_seasonal,-0.26597668062620117,1529550,cc289a63a4f23862,True,location-k4-fold3-seed0,3
map_aggregate,F_R,25,SS_vs_ar,-0.3391626085933217,1529550,cc289a63a4f23862,True,location-k4-fold3-seed0,3
map_aggregate,F_R,26,MSE,1173548.8717908254,1529550,cc289a63a4f23862,True,location-k4-fold3-seed0,3
map_aggregate,F_R,26,MAE,708.9339463000879,1529550,cc289a63a4f23862,True,location-k4-fold3-seed0,3
map_aggregate,F_R,26,SS_vs_persistence,-0.2686141553175285,1529550,cc289a63a4f23862,True,location-k4-fold3-seed0,3
map_aggregate,F_R,26,SS_vs_seasonal,-0.21802170297407808,1529550,cc289a63a4f23862,True,location-k4-fold3-seed0,3
map_aggregate,F_R,26,SS_vs_ar,-0.26265597897316684,1529550,cc289a63a4f23862,True,location-k4-fold3-seed0,3
map_aggregate,F_R,27,MSE,1259141.6185214187,1529550,cc289a63a4f23862,True,location-k4-fold3-seed0,3
map_aggregate,F_R,27,MAE,726.8606533455759,1529550,cc289a63a4f23862,True,location-k4-fold3-seed0,3
map_aggregate,F_R,27,SS_vs_persistence,-0.3249524349661652,1529550,cc289a63a4f23862,True,location-k4-fold3-seed0,3
map_aggregate,F_R,27,SS_vs_seasonal,-0.30113311034842916,1529550,cc289a63a4f23862,True,location-k4-fold3-seed0,3
map_aggregate,F_R,27,SS_vs_ar,-0.3363164854602574,1529550,cc289a63a4f23862,True,location-k4-fold3-seed0,3
map_aggregate,F_R,28,MSE,1230988.1386724934,1529550,cc289a63a4f23862,True,location-k4-fold3-seed0,3
map_aggregate,F_R,28,MAE,721.9668199071675,1529550,cc289a63a4f23862,True,location-k4-fold3-seed0,3
map_aggregate,F_R,28,SS_vs_persistence,-0.2935674507225883,1529550,cc289a63a4f23862,True,location-k4-fold3-seed0,3
map_aggregate,F_R,28,SS_vs_seasonal,-0.2700579682723181,1529550,cc289a63a4f23862,True,location-k4-fold3-seed0,3
map_aggregate,F_R,28,SS_vs_ar,-0.2911688896091642,1529550,cc289a63a4f23862,True,location-k4-fold3-seed0,3
map_aggregate,F_R,29,MSE,1287019.227044889,1529550,cc289a63a4f23862,True,location-k4-fold3-seed0,3
map_aggregate,F_R,29,MAE,744.4414392208545,1529550,cc289a63a4f23862,True,location-k4-fold3-seed0,3
map_aggregate,F_R,29,SS_vs_persistence,-0.33623282883818706,1529550,cc289a63a4f23862,True,location-k4-fold3-seed0,3
map_aggregate,F_R,29,SS_vs_seasonal,-0.32835728433352496,1529550,cc289a63a4f23862,True,location-k4-fold3-seed0,3
map_aggregate,F_R,29,SS_vs_ar,-0.33009827725711904,1529550,cc289a63a4f23862,True,location-k4-fold3-seed0,3
map_aggregate,F_R,30,MSE,1137877.2271037512,1529550,cc289a63a4f23862,True,location-k4-fold3-seed0,3
map_aggregate,F_R,30,MAE,698.9359359973607,1529550,cc289a63a4f23862,True,location-k4-fold3-seed0,3
map_aggregate,F_R,30,SS_vs_persistence,-0.18894817336017367,1529550,cc289a63a4f23862,True,location-k4-fold3-seed0,3
map_aggregate,F_R,30,SS_vs_seasonal,-0.17667062517209153,1529550,cc289a63a4f23862,True,location-k4-fold3-seed0,3
map_aggregate,F_R,30,SS_vs_ar,-0.1605221169188551,1529550,cc289a63a4f23862,True,location-k4-fold3-seed0,3
map_aggregate,F_R,all,MSE,1033860.9783918436,1529550,cc289a63a4f23862,True,location-k4-fold3-seed0,3
map_aggregate,F_R,all,MAE,666.4278733719254,1529550,cc289a63a4f23862,True,location-k4-fold3-seed0,3
map_aggregate,F_R,all,SS_vs_persistence,-0.3260784391830722,1529550,cc289a63a4f23862,True,location-k4-fold3-seed0,3
map_aggregate,F_R,all,SS_vs_seasonal,-0.13876191230659862,1529550,cc289a63a4f23862,True,location-k4-fold3-seed0,3
map_aggregate,F_R,all,SS_vs_ar,-0.4387694423733206,1529550,cc289a63a4f23862,True,location-k4-fold3-seed0,3
map_aggregate,CoPx_R,1,MSE,0.020538236464751856,1445553,cc289a63a4f23862,True,location-k4-fold3-seed0,3
map_aggregate,CoPx_R,1,MAE,0.06981698412922939,1445553,cc289a63a4f23862,True,location-k4-fold3-seed0,3
map_aggregate,CoPx_R,1,SS_vs_persistence,0.538745776107284,1445553,cc289a63a4f23862,True,location-k4-fold3-seed0,3
map_aggregate,CoPx_R,1,SS_vs_seasonal,0.5718463635561488,1445553,cc289a63a4f23862,True,location-k4-fold3-seed0,3
map_aggregate,CoPx_R,1,SS_vs_ar,-0.03382356820739063,1445553,cc289a63a4f23862,True,location-k4-fold3-seed0,3
map_aggregate,CoPx_R,2,MSE,0.021133881536975468,1445553,cc289a63a4f23862,True,location-k4-fold3-seed0,3
map_aggregate,CoPx_R,2,MAE,0.07456436875410771,1445553,cc289a63a4f23862,True,location-k4-fold3-seed0,3
map_aggregate,CoPx_R,2,SS_vs_persistence,0.5837997199597216,1445553,cc289a63a4f23862,True,location-k4-fold3-seed0,3
map_aggregate,CoPx_R,2,SS_vs_seasonal,0.5749981255549168,1445553,cc289a63a4f23862,True,location-k4-fold3-seed0,3
map_aggregate,CoPx_R,2,SS_vs_ar,-0.05427927185536441,1445553,cc289a63a4f23862,True,location-k4-fold3-seed0,3
map_aggregate,CoPx_R,3,MSE,0.02010965404973255,1445553,cc289a63a4f23862,True,location-k4-fold3-seed0,3
map_aggregate,CoPx_R,3,MAE,0.07230858880256559,1445553,cc289a63a4f23862,True,location-k4-fold3-seed0,3
map_aggregate,CoPx_R,3,SS_vs_persistence,0.578945042683636,1445553,cc289a63a4f23862,True,location-k4-fold3-seed0,3
map_aggregate,CoPx_R,3,SS_vs_seasonal,0.5852142185030502,1445553,cc289a63a4f23862,True,location-k4-fold3-seed0,3
map_aggregate,CoPx_R,3,SS_vs_ar,-0.005244873080878731,1445553,cc289a63a4f23862,True,location-k4-fold3-seed0,3
map_aggregate,CoPx_R,4,MSE,0.021714435362957276,1445553,cc289a63a4f23862,True,location-k4-fold3-seed0,3
map_aggregate,CoPx_R,4,MAE,0.07367003934685441,1445553,cc289a63a4f23862,True,location-k4-fold3-seed0,3
map_aggregate,CoPx_R,4,SS_vs_persistence,0.5674311720326322,1445553,cc289a63a4f23862,True,location-k4-fold3-seed0,3
map_aggregate,CoPx_R,4,SS_vs_seasonal,0.5581108053619481,1445553,cc289a63a4f23862,True,location-k4-fold3-seed0,3
map_aggregate,CoPx_R,4,SS_vs_ar,-0.07888316115552474,1445553,cc289a63a4f23862,True,location-k4-fold3-seed0,3
map_aggregate,CoPx_R,5,MSE,0.022199852117422522,1445553,cc289a63a4f23862,True,location-k4-fold3-seed0,3
map_aggregate,CoPx_R,5,MAE,0.0753913956696297,1445553,cc289a63a4f23862,True,location-k4-fold3-seed0,3
map_aggregate,CoPx_R,5,SS_vs_persistence,0.5792940099547266,1445553,cc289a63a4f23862,True,location-k4-fold3-seed0,3
map_aggregate,CoPx_R,5,SS_vs_seasonal,0.5547497331792905,1445553,cc289a63a4f23862,True,location-k4-fold3-seed0,3
map_aggregate,CoPx_R,5,SS_vs_ar,-0.10473560980253471,1445553,cc289a63a4f23862,True,location-k4-fold3-seed0,3
map_aggregate,CoPx_R,6,MSE,0.021575955708004774,1445553,cc289a63a4f23862,True,location-k4-fold3-seed0,3
map_aggregate,CoPx_R,6,MAE,0.07581748350995324,1445553,cc289a63a4f23862,True,location-k4-fold3-seed0,3
map_aggregate,CoPx_R,6,SS_vs_persistence,0.5766805272929145,1445553,cc289a63a4f23862,True,location-k4-fold3-seed0,3
map_aggregate,CoPx_R,6,SS_vs_seasonal,0.5619033748556796,1445553,cc289a63a4f23862,True,location-k4-fold3-seed0,3
map_aggregate,CoPx_R,6,SS_vs_ar,-0.06965111500962617,1445553,cc289a63a4f23862,True,location-k4-fold3-seed0,3
map_aggregate,CoPx_R,7,MSE,0.02068406575327569,1445553,cc289a63a4f23862,True,location-k4-fold3-seed0,3
map_aggregate,CoPx_R,7,MAE,0.07514152953326975,1445553,cc289a63a4f23862,True,location-k4-fold3-seed0,3
map_aggregate,CoPx_R,7,SS_vs_persistence,0.5920900660654056,1445553,cc289a63a4f23862,True,location-k4-fold3-seed0,3
map_aggregate,CoPx_R,7,SS_vs_seasonal,0.5765498387556944,1445553,cc289a63a4f23862,True,location-k4-fold3-seed0,3
map_aggregate,CoPx_R,7,SS_vs_ar,-0.02414037558420956,1445553,cc289a63a4f23862,True,location-k4-fold3-seed0,3
map_aggregate,CoPx_R,8,MSE,0.021821220001990823,1445553,cc289a63a4f23862,True,location-k4-fold3-seed0,3
map_aggregate,CoPx_R,8,MAE,0.07778379027253414,1445553,cc289a63a4f23862,True,location-k4-fold3-seed0,3
map_aggregate,CoPx_R,8,SS_vs_persistence,0.581417169235444,1445553,cc289a63a4f23862,True,location-k4-fold3-seed0,3
map_aggregate,CoPx_R,8,SS_vs_seasonal,0.557058101528267,1445553,cc289a63a4f23862,True,location-k4-fold3-seed0,3
map_aggregate,CoPx_R,8,SS_vs_ar,-0.07949408992232554,1445553,cc289a63a4f23862,True,location-k4-fold3-seed0,3
map_aggregate,CoPx_R,9,MSE,0.02020648206250741,1445553,cc289a63a4f23862,True,location-k4-fold3-seed0,3
map_aggregate,CoPx_R,9,MAE,0.0748269307215047,1445553,cc289a63a4f23862,True,location-k4-fold3-seed0,3
map_aggregate,CoPx_R,9,SS_vs_persistence,0.6145842734165178,1445553,cc289a63a4f23862,True,location-k4-fold3-seed0,3
map_aggregate,CoPx_R,9,SS_vs_seasonal,0.5865554342320087,1445553,cc289a63a4f23862,True,location-k4-fold3-seed0,3
map_aggregate,CoPx_R,9,SS_vs_ar,-0.005234354723699264,1445553,cc289a63a4f23862,True,location-k4-fold3-seed0,3
map_aggregate,CoPx_R,10,MSE,0.0216574348197693,1445553,cc289a63a4f23862,True,location-k4-fold3-seed0,3
map_aggregate,CoPx_R,10,MAE,0.07773898105083701,1445553,cc289a63a4f23862,True,location-k4-fold3-seed0,3
map_aggregate,CoPx_R,10,SS_vs_persistence,0.5786192470303706,1445553,cc289a63a4f23862,True,location-k4-fold3-seed0,3
map_aggregate,CoPx_R,10,SS_vs_seasonal,0.5548071179211256,1445553,cc289a63a4f23862,True,location-k4-fold3-seed0,3
map_aggregate,CoPx_R,10,SS_vs_ar,-0.08172820946162562,1445553,cc289a63a4f23862,True,location-k4-fold3-seed0,3
map_aggregate,CoPx_R,11,MSE,0.020538061866308084,1445553,cc289a63a4f23862,True,location-k4-fold3-seed0,3
map_aggregate,CoPx_R,11,MAE,0.07615169482736266,1445553,cc289a63a4f23862,True,location-k4-fold3-seed0,3
map_aggregate,CoPx_R,11,SS_vs_persistence,0.6105811578647533,1445553,cc289a63a4f23862,True,location-k4-fold3-seed0,3
map_aggregate,CoPx_R,11,SS_vs_seasonal,0.583303915577656,1445553,cc289a63a4f23862,True,location-k4-fold3-seed0,3
map_aggregate,CoPx_R,11,SS_vs_ar,-0.023929801456298083,1445553,cc289a63a4f23862,True,location-k4-fold3-seed0,3
map_aggregate,CoPx_R,12,MSE,0.02134632659306297,1445553,cc289a63a4f23862,True,location-k4-fold3-seed0,3
map_aggregate,CoPx_R,12,MAE,0.08106501629054076,1445553,cc289a63a4f23862,True,location-k4-fold3-seed0,3
map_aggregate,CoPx_R,12,SS_vs_persistence,0.6127221519849166,1445553,cc289a63a4f23862,True,location-k4-fold3-seed0,3
map_aggregate,CoPx_R,12,SS_vs_seasonal,0.5697285620556862,1445553,cc289a63a4f23862,True,location-k4-fold3-seed0,3
map_aggregate,CoPx_R,12,SS_vs_ar,-0.06547145534044008,1445553,cc289a63a4f23862,True,location-k4-fold3-seed0,3
map_aggregate,CoPx_R,13,MSE,0.021266431025765874,1445553,cc289a63a4f23862,True,location-k4-fold3-seed0,3
map_aggregate,CoPx_R,13,MAE,0.07908278348991236,1445553,cc289a63a4f23862,True,location-k4-fold3-seed0,3
map_aggregate,CoPx_R,13,SS_vs_persistence,0.622848028891117,1445553,cc289a63a4f23862,True,location-k4-fold3-seed0,3
map_aggregate,CoPx_R,13,SS_vs_seasonal,0.5764921123371478,1445553,cc289a63a4f23862,True,location-k4-fold3-seed0,3
map_aggregate,CoPx_R,13,SS_vs_ar,-0.06023203584938175,1445553,cc289a63a4f23862,True,location-k4-fold3-seed0,3
map_aggregate,CoPx_R,14,MSE,0.021784182368448934,1445553,cc289a63a4f23862,True,location-k4-fold3-seed0,3
map_aggregate,CoPx_R,14,MAE,0.07909231575407752,1445553,cc289a63a4f23862,True,location-k4-fold3-seed0,3
map_aggregate,CoPx_R,14,SS_vs_persistence,0.5842249013250216,1445553,cc289a63a4f23862,True,location-k4-fold3-seed0,3
map_aggregate,CoPx_R,14,SS_vs_seasonal,0.5606723855349905,1445553,cc289a63a4f23862,True,location-k4-fold3-seed0,3
map_aggregate,CoPx_R,14,SS_vs_ar,-0.08707282528122584,1445553,cc289a63a4f23862,True,location-k4-fold3-seed0,3
map_aggregate,CoPx_R,15,MSE,0.02237852475730278,1445553,cc289a63a4f23862,True,location-k4-fold3-seed0,3
map_aggregate,CoPx_R,15,MAE,0.08157407141486712,1445553,cc289a63a4f23862,True,location-k4-fold3-seed0,3
map_aggregate,CoPx_R,15,SS_vs_persistence,0.5804219459454654,1445553,cc289a63a4f23862,True,location-k4-fold3-seed0,3
map_aggregate,CoPx_R,15,SS_vs_seasonal,0.5546140645725015,1445553,cc289a63a4f23862,True,location-k4-fold3-seed0,3
map_aggregate,CoPx_R,15,SS_vs_ar,-0.11258513392286562,1445553,cc289a63a4f23862,True,location-k4-fold3-seed0,3
map_aggregate,CoPx_R,16,MSE,0.02275554183929848,1445553,cc289a63a4f23862,True,location-k4-fold3-seed0,3
map_aggregate,CoPx_R,16,MAE,0.07985714969114792,1445553,cc289a63a4f23862,True,location-k4-fold3-seed0,3
map_aggregate,CoPx_R,16,SS_vs_persistence,0.5891622487667056,1445553,cc289a63a4f23862,True,location-k4-fold3-seed0,3
map_aggregate,CoPx_R,16,SS_vs_seasonal,0.5495159989442391,1445553,cc289a63a4f23862,True,location-k4-fold3-seed0,3
map_aggregate,CoPx_R,16,SS_vs_ar,-0.13102355386079534,1445553,cc289a63a4f23862,True,location-k4-fold3-seed0,3
map_aggregate,CoPx_R,17,MSE,0.021213523488633205,1445553,cc289a63a4f23862,True,location-k4-fold3-seed0,3
map_aggregate,CoPx_R,17,MAE,0.07875411315537727,1445553,cc289a63a4f23862,True,location-k4-fold3-seed0,3
map_aggregate,CoPx_R,17,SS_vs_persistence,0.5962889127833277,1445553,cc289a63a4f23862,True,location-k4-fold3-seed0,3
map_aggregate,CoPx_R,17,SS_vs_seasonal,0.569141551513412,1445553,cc289a63a4f23862,True,location-k4-fold3-seed0,3
map_aggregate,CoPx_R,17,SS_vs_ar,-0.0578072130405074,1445553,cc289a63a4f23862,True,location-k4-fold3-seed0,3
map_aggregate,CoPx_R,18,MSE,0.02036912623209748,1445553,cc289a63a4f23862,True,location-k4-fold3-seed0,3
map_aggregate,CoPx_R,18,MAE,0.07868527247384714,1445553,cc289a63a4f23862,True,location-k4-fold3-seed0,3
map_aggregate,CoPx_R,18,SS_vs_persistence,0.61635625005259,1445553,cc289a63a4f23862,True,location-k4-fold3-seed0,3
map_aggregate,CoPx_R,18,SS_vs_seasonal,0.5921518379219441,1445553,cc289a63a4f23862,True,location-k4-fold3-seed0,3
map_aggregate,CoPx_R,18,SS_vs_ar,-0.018983098380164876,1445553,cc289a63a4f23862,True,location-k4-fold3-seed0,3
map_aggregate,CoPx_R,19,MSE,0.020608645490891062,1445553,cc289a63a4f23862,True,location-k4-fold3-seed0,3
map_aggregate,CoPx_R,19,MAE,0.07811061865038559,1445553,cc289a63a4f23862,True,location-k4-fold3-seed0,3
map_aggregate,CoPx_R,19,SS_vs_persistence,0.6272249274227341,1445553,cc289a63a4f23862,True,location-k4-fold3-seed0,3
map_aggregate,CoPx_R,19,SS_vs_seasonal,0.5912940069575148,1445553,cc289a63a4f23862,True,location-k4-fold3-seed0,3
map_aggregate,CoPx_R,19,SS_vs_ar,-0.03130630922461597,1445553,cc289a63a4f23862,True,location-k4-fold3-seed0,3
map_aggregate,CoPx_R,20,MSE,0.020709700892531838,1445553,cc289a63a4f23862,True,location-k4-fold3-seed0,3
map_aggregate,CoPx_R,20,MAE,0.07813575845578195,1445553,cc289a63a4f23862,True,location-k4-fold3-seed0,3
map_aggregate,CoPx_R,20,SS_vs_persistence,0.6278067240826508,1445553,cc289a63a4f23862,True,location-k4-fold3-seed0,3
map_aggregate,CoPx_R,20,SS_vs_seasonal,0.5860766670170491,1445553,cc289a63a4f23862,True,location-k4-fold3-seed0,3
map_aggregate,CoPx_R,20,SS_vs_ar,-0.039324322654019195,1445553,cc289a63a4f23862,True,location-k4-fold3-seed0,3
map_aggregate,CoPx_R,21,MSE,0.021551493075326476,1445553,cc289a63a4f23862,True,location-k4-fold3-seed0,3
map_aggregate,CoPx_R,21,MAE,0.07925308746538856,1445553,cc289a63a4f23862,True,location-k4-fold3-seed0,3
map_aggregate,CoPx_R,21,SS_vs_persistence,0.5997300629100826,1445553,cc289a63a4f23862,True,location-k4-fold3-seed0,3
map_aggregate,CoPx_R,21,SS_vs_seasonal,0.5659437602356903,1445553,cc289a63a4f23862,True,location-k4-fold3-seed0,3
map_aggregate,CoPx_R,21,SS_vs_ar,-0.08222761127335265,1445553,cc289a63a4f23862,True,location-k4-fold3-seed0,3
map_aggregate,CoPx_R,22,MSE,0.02028409866399342,1445553,cc289a63a4f23862,True,location-k4-fold3-seed0,3
map_aggregate,CoPx_R,22,MAE,0.0782182023694667,1445553,cc289a63a4f23862,True,location-k4-fold3-seed0,3
map_aggregate,CoPx_R,22,SS_vs_persistence,0.61536166058622,1445553,cc289a63a4f23862,True,location-k4-fold3-seed0,3
map_aggregate,CoPx_R,22,SS_vs_seasonal,0.5954087904852479,1445553,cc289a63a4f23862,True,location-k4-fold3-seed0,3
map_aggregate,CoPx_R,22,SS_vs_ar,-0.0286198965144826,1445553,cc289a63a4f23862,True,location-k4-fold3-seed0,3
map_aggregate,CoPx_R,23,MSE,0.021742433231379425,1445553,cc289a63a4f23862,True,location-k4-fold3-seed0,3
map_aggregate,CoPx_R,23,MAE,0.08296370657732413,1445553,cc289a63a4f23862,True,location-k4-fold3-seed0,3
map_aggregate,CoPx_R,23,SS_vs_persistence,0.6069061321255114,1445553,cc289a63a4f23862,True,location-k4-fold3-seed0,3
map_aggregate,CoPx_R,23,SS_vs_seasonal,0.5707127364214455,1445553,cc289a63a4f23862,True,location-k4-fold3-seed0,3
map_aggregate,CoPx_R,23,SS_vs_ar,-0.09749531410283696,1445553,cc289a63a4f23862,True,location-k4-fold3-seed0,3
map_aggregate,CoPx_R,24,MSE,0.021165410775545956,1445553,cc289a63a4f23862,True,location-k4-fold3-seed0,3
map_aggregate,CoPx_R,24,MAE,0.08080386218923662,1445553,cc289a63a4f23862,True,location-k4-fold3-seed0,3
map_aggregate,CoPx_R,24,SS_vs_persistence,0.614362860725918,1445553,cc289a63a4f23862,True,location-k4-fold3-seed0,3
map_aggregate,CoPx_R,24,SS_vs_seasonal,0.5809447084517363,1445553,cc289a63a4f23862,True,location-k4-fold3-seed0,3
map_aggregate,CoPx_R,24,SS_vs_ar,-0.06948076238798206,1445553,cc289a63a4f23862,True,location-k4-fold3-seed0,3
map_aggregate,CoPx_R,25,MSE,0.019754611078170406,1445553,cc289a63a4f23862,True,location-k4-fold3-seed0,3
map_aggregate,CoPx_R,25,MAE,0.07769224320019745,1445553,cc289a63a4f23862,True,location-k4-fold3-seed0,3
map_aggregate,CoPx_R,25,SS_vs_persistence,0.625693981496985,1445553,cc289a63a4f23862,True,location-k4-fold3-seed0,3
map_aggregate,CoPx_R,25,SS_vs_seasonal,0.6094559003843969,1445553,cc289a63a4f23862,True,location-k4-fold3-seed0,3
map_aggregate,CoPx_R,25,SS_vs_ar,-0.0015562865474005871,1445553,cc289a63a4f23862,True,location-k4-fold3-seed0,3
map_aggregate,CoPx_R,26,MSE,0.019933284281272466,1445553,cc289a63a4f23862,True,location-k4-fold3-seed0,3
map_aggregate,CoPx_R,26,MAE,0.07843932551051318,1445553,cc289a63a4f23862,True,location-k4-fold3-seed0,3
map_aggregate,CoPx_R,26,SS_vs_persistence,0.6484504059030083,1445553,cc289a63a4f23862,True,location-k4-fold3-seed0,3
map_aggregate,CoPx_R,26,SS_vs_seasonal,0.6102007477431187,1445553,cc289a63a4f23862,True,location-k4-fold3-seed0,3
map_aggregate,CoPx_R,26,SS_vs_ar,-0.008556603362976256,1445553,cc289a63a4f23862,True,location-k4-fold3-seed0,3
map_aggregate,CoPx_R,27,MSE,0.020778084895000926,1445553,cc289a63a4f23862,True,location-k4-fold3-seed0,3
map_aggregate,CoPx_R,27,MAE,0.07930318287211685,1445553,cc289a63a4f23862,True,location-k4-fold3-seed0,3
map_aggregate,CoPx_R,27,SS_vs_persistence,0.6374421082104591,1445553,cc289a63a4f23862,True,location-k4-fold3-seed0,3
map_aggregate,CoPx_R,27,SS_vs_seasonal,0.595543041873047,1445553,cc289a63a4f23862,True,location-k4-fold3-seed0,3
map_aggregate,CoPx_R,27,SS_vs_ar,-0.05136676433820209,1445553,cc289a63a4f23862,True,location-k4-fold3-seed0,3
map_aggregate,CoPx_R,28,MSE,0.020691025424756107,1445553,cc289a63a4f23862,True,location-k4-fold3-seed0,3
map_aggregate,CoPx_R,28,MAE,0.07934520804184632,1445553,cc289a63a4f23862,True,location-k4-fold3-seed0,3
map_aggregate,CoPx_R,28,SS_vs_persistence,0.6263391472672012,1445553,cc289a63a4f23862,True,location-k4-fold3-seed0,3
map_aggregate,CoPx_R,28,SS_vs_seasonal,0.6002075040525596,1445553,cc289a63a4f23862,True,location-k4-fold3-seed0,3
map_aggregate,CoPx_R,28,SS_vs_ar,-0.04324436345170657,1445553,cc289a63a4f23862,True,location-k4-fold3-seed0,3
map_aggregate,CoPx_R,29,MSE,0.020238984168392912,1445553,cc289a63a4f23862,True,location-k4-fold3-seed0,3
map_aggregate,CoPx_R,29,MAE,0.07968458271379318,1445553,cc289a63a4f23862,True,location-k4-fold3-seed0,3
map_aggregate,CoPx_R,29,SS_vs_persistence,0.6463945656296648,1445553,cc289a63a4f23862,True,location-k4-fold3-seed0,3
map_aggregate,CoPx_R,29,SS_vs_seasonal,0.6094142438132744,1445553,cc289a63a4f23862,True,location-k4-fold3-seed0,3
map_aggregate,CoPx_R,29,SS_vs_ar,-0.022108384012363036,1445553,cc289a63a4f23862,True,location-k4-fold3-seed0,3
map_aggregate,CoPx_R,30,MSE,0.020609513286163273,1445553,cc289a63a4f23862,True,location-k4-fold3-seed0,3
map_aggregate,CoPx_R,30,MAE,0.07972876313646642,1445553,cc289a63a4f23862,True,location-k4-fold3-seed0,3
map_aggregate,CoPx_R,30,SS_vs_persistence,0.6489356346237523,1445553,cc289a63a4f23862,True,location-k4-fold3-seed0,3
map_aggregate,CoPx_R,30,SS_vs_seasonal,0.6081621559415074,1445553,cc289a63a4f23862,True,location-k4-fold3-seed0,3
map_aggregate,CoPx_R,30,SS_vs_ar,-0.044720016533495555,1445553,cc289a63a4f23862,True,location-k4-fold3-seed0,3
map_aggregate,CoPx_R,all,MSE,0.021045177711112334,1445553,cc289a63a4f23862,True,location-k4-fold3-seed0,3
map_aggregate,CoPx_R,all,MAE,0.07776784267410143,1445553,cc289a63a4f23862,True,location-k4-fold3-seed0,3
map_aggregate,CoPx_R,all,SS_vs_persistence,0.6055290913075672,1445553,cc289a63a4f23862,True,location-k4-fold3-seed0,3
map_aggregate,CoPx_R,all,SS_vs_seasonal,0.5789200017669851,1445553,cc289a63a4f23862,True,location-k4-fold3-seed0,3
map_aggregate,CoPx_R,all,SS_vs_ar,-0.05390078319610958,1445553,cc289a63a4f23862,True,location-k4-fold3-seed0,3
map_aggregate,CoPy_R,1,MSE,0.021030999755823884,1445553,cc289a63a4f23862,True,location-k4-fold3-seed0,3
map_aggregate,CoPy_R,1,MAE,0.09160684998163675,1445553,cc289a63a4f23862,True,location-k4-fold3-seed0,3
map_aggregate,CoPy_R,1,SS_vs_persistence,0.4062668606068046,1445553,cc289a63a4f23862,True,location-k4-fold3-seed0,3
map_aggregate,CoPy_R,1,SS_vs_seasonal,0.4283744289708772,1445553,cc289a63a4f23862,True,location-k4-fold3-seed0,3
map_aggregate,CoPy_R,1,SS_vs_ar,-0.043325121188909854,1445553,cc289a63a4f23862,True,location-k4-fold3-seed0,3
map_aggregate,CoPy_R,2,MSE,0.02096269225384172,1445553,cc289a63a4f23862,True,location-k4-fold3-seed0,3
map_aggregate,CoPy_R,2,MAE,0.08724010703117499,1445553,cc289a63a4f23862,True,location-k4-fold3-seed0,3
map_aggregate,CoPy_R,2,SS_vs_persistence,0.4885601838909899,1445553,cc289a63a4f23862,True,location-k4-fold3-seed0,3
map_aggregate,CoPy_R,2,SS_vs_seasonal,0.453604533038644,1445553,cc289a63a4f23862,True,location-k4-fold3-seed0,3
map_aggregate,CoPy_R,2,SS_vs_ar,-0.020212938028036698,1445553,cc289a63a4f23862,True,location-k4-fold3-seed0,3
map_aggregate,CoPy_R,3,MSE,0.020925236929880887,1445553,cc289a63a4f23862,True,location-k4-fold3-seed0,3
map_aggregate,CoPy_R,3,MAE,0.08600192343896763,1445553,cc289a63a4f23862,True,location-k4-fold3-seed0,3
map_aggregate,CoPy_R,3,SS_vs_persistence,0.5083950080783393,1445553,cc289a63a4f23862,True,location-k4-fold3-seed0,3
map_aggregate,CoPy_R,3,SS_vs_seasonal,0.46518716268668536,1445553,cc289a63a4f23862,True,location-k4-fold3-seed0,3
map_aggregate,CoPy_R,3,SS_vs_ar,-0.01544846218409357,1445553,cc289a63a4f23862,True,location-k4-fold3-seed0,3
map_aggregate,CoPy_R,4,MSE,0.02098549584307518,1445553,cc289a63a4f23862,True,location-k4-fold3-seed0,3
map_aggregate,CoPy_R,4,MAE,0.0853435563268512,1445553,cc289a63a4f23862,True,location-k4-fold3-seed0,3
map_aggregate,CoPy_R,4,SS_vs_persistence,0.5146960048477303,1445553,cc289a63a4f23862,True,location-k4-fold3-seed0,3
map_aggregate,CoPy_R,4,SS_vs_seasonal,0.46787937668531965,1445553,cc289a63a4f23862,True,location-k4-fold3-seed0,3
map_aggregate,CoPy_R,4,SS_vs_ar,-0.019724329312429623,1445553,cc289a63a4f23862,True,location-k4-fold3-seed0,3
map_aggregate,CoPy_R,5,MSE,0.02122489260707798,1445553,cc289a63a4f23862,True,location-k4-fold3-seed0,3
map_aggregate,CoPy_R,5,MAE,0.08734258422114453,1445553,cc289a63a4f23862,True,location-k4-fold3-seed0,3
map_aggregate,CoPy_R,5,SS_vs_persistence,0.5084227287155846,1445553,cc289a63a4f23862,True,location-k4-fold3-seed0,3
map_aggregate,CoPy_R,5,SS_vs_seasonal,0.4557358284590577,1445553,cc289a63a4f23862,True,location-k4-fold3-seed0,3
map_aggregate,CoPy_R,5,SS_vs_ar,-0.03320560718209564,1445553,cc289a63a4f23862,True,location-k4-fold3-seed0,3
map_aggregate,CoPy_R,6,MSE,0.02101201627136381,1445553,cc289a63a4f23862,True,location-k4-fold3-seed0,3
map_aggregate,CoPy_R,6,MAE,0.08649090689818899,1445553,cc289a63a4f23862,True,location-k4-fold3-seed0,3
map_aggregate,CoPy_R,6,SS_vs_persistence,0.5058608808963443,1445553,cc289a63a4f23862,True,location-k4-fold3-seed0,3
map_aggregate,CoPy_R,6,SS_vs_seasonal,0.4559218207291168,1445553,cc289a63a4f23862,True,location-k4-fold3-seed0,3
map_aggregate,CoPy_R,6,SS_vs_ar,-0.02234714684681327,1445553,cc289a63a4f23862,True,location-k4-fold3-seed0,3
map_aggregate,CoPy_R,7,MSE,0.020865141827138695,1445553,cc289a63a4f23862,True,location-k4-fold3-seed0,3
map_aggregate,CoPy_R,7,MAE,0.08662468988524331,1445553,cc289a63a4f23862,True,location-k4-fold3-seed0,3
map_aggregate,CoPy_R,7,SS_vs_persistence,0.49162676295001695,1445553,cc289a63a4f23862,True,location-k4-fold3-seed0,3
map_aggregate,CoPy_R,7,SS_vs_seasonal,0.4561631884592404,1445553,cc289a63a4f23862,True,location-k4-fold3-seed0,3
map_aggregate,CoPy_R,7,SS_vs_ar,-0.01729854018705912,1445553,cc289a63a4f23862,True,location-k4-fold3-seed0,3
map_aggregate,CoPy_R,8,MSE,0.020918814455747,1445553,cc289a63a4f23862,True,location-k4-fold3-seed0,3
map_aggregate,CoPy_R,8,MAE,0.086498941548348,1445553,cc289a63a4f23862,True,location-k4-fold3-seed0,3
map_aggregate,CoPy_R,8,SS_vs_persistence,0.48741327162312453,1445553,cc289a63a4f23862,True,location-k4-fold3-seed0,3
map_aggregate,CoPy_R,8,SS_vs_seasonal,0.45134702401461646,1445553,cc289a63a4f23862,True,location-k4-fold3-seed0,3
map_aggregate,CoPy_R,8,SS_vs_ar,-0.021225337859403615,1445553,cc289a63a4f23862,True,location-k4-fold3-seed0,3
map_aggregate,CoPy_R,9,MSE,0.021135673077208154,1445553,cc289a63a4f23862,True,location-k4-fold3-seed0,3
map_aggregate,CoPy_R,9,MAE,0.08987937156474675,1445553,cc289a63a4f23862,True,location-k4-fold3-seed0,3
map_aggregate,CoPy_R,9,SS_vs_persistence,0.48184523588822237,1445553,cc289a63a4f23862,True,location-k4-fold3-seed0,3
map_aggregate,CoPy_R,9,SS_vs_seasonal,0.44685293374377244,1445553,cc289a63a4f23862,True,location-k4-fold3-seed0,3
map_aggregate,CoPy_R,9,SS_vs_ar,-0.030378041446814663,1445553,cc289a63a4f23862,True,location-k4-fold3-seed0,3
map_aggregate,CoPy_R,10,MSE,0.021409026185333278,1445553,cc289a63a4f23862,True,location-k4-fold3-seed0,3
map_aggregate,CoPy_R,10,MAE,0.09010673983908753,1445553,cc289a63a4f23862,True,location-k4-fold3-seed0,3
map_aggregate,CoPy_R,10,SS_vs_persistence,0.4816787254009167,1445553,cc289a63a4f23862,True,location-k4-fold3-seed0,3
map_aggregate,CoPy_R,10,SS_vs_seasonal,0.4410804496909171,1445553,cc289a63a4f23862,True,location-k4-fold3-seed0,3
map_aggregate,CoPy_R,10,SS_vs_ar,-0.03942300289854739,1445553,cc289a63a4f23862,True,location-k4-fold3-seed0,3
map_aggregate,CoPy_R,11,MSE,0.021036777193937796,1445553,cc289a63a4f23862,True,location-k4-fold3-seed0,3
map_aggregate,CoPy_R,11,MAE,0.08663957657488049,1445553,cc289a63a4f23862,True,location-k4-fold3-seed0,3
map_aggregate,CoPy_R,11,SS_vs_persistence,0.4910585919780289,1445553,cc289a63a4f23862,True,location-k4-fold3-seed0,3
map_aggregate,CoPy_R,11,SS_vs_seasonal,0.44894027455694474,1445553,cc289a63a4f23862,True,location-k4-fold3-seed0,3
map_aggregate,CoPy_R,11,SS_vs_ar,-0.02014964975174771,1445553,cc289a63a4f23862,True,location-k4-fold3-seed0,3
map_aggregate,CoPy_R,12,MSE,0.02107887130780725,1445553,cc289a63a4f23862,True,location-k4-fold3-seed0,3
map_aggregate,CoPy_R,12,MAE,0.08689847954908449,1445553,cc289a63a4f23862,True,location-k4-fold3-seed0,3
map_aggregate,CoPy_R,12,SS_vs_persistence,0.4983386264189833,1445553,cc289a63a4f23862,True,location-k4-fold3-seed0,3
map_aggregate,CoPy_R,12,SS_vs_seasonal,0.45118116574854616,1445553,cc289a63a4f23862,True,location-k4-fold3-seed0,3
map_aggregate,CoPy_R,12,SS_vs_ar,-0.02301184582654625,1445553,cc289a63a4f23862,True,location-k4-fold3-seed0,3
map_aggregate,CoPy_R,13,MSE,0.021501310940349176,1445553,cc289a63a4f23862,True,location-k4-fold3-seed0,3
map_aggregate,CoPy_R,13,MAE,0.08967918798347685,1445553,cc289a63a4f23862,True,location-k4-fold3-seed0,3
map_aggregate,CoPy_R,13,SS_vs_persistence,0.493641035310849,1445553,cc289a63a4f23862,True,location-k4-fold3-seed0,3
map_aggregate,CoPy_R,13,SS_vs_seasonal,0.4396802262198599,1445553,cc289a63a4f23862,True,location-k4-fold3-seed0,3
map_aggregate,CoPy_R,13,SS_vs_ar,-0.04184337184638465,1445553,cc289a63a4f23862,True,location-k4-fold3-seed0,3
map_aggregate,CoPy_R,14,MSE,0.021579696302168338,1445553,cc289a63a4f23862,True,location-k4-fold3-seed0,3
map_aggregate,CoPy_R,14,MAE,0.08776762699838071,1445553,cc289a63a4f23862,True,location-k4-fold3-seed0,3
map_aggregate,CoPy_R,14,SS_vs_persistence,0.4911164699863807,1445553,cc289a63a4f23862,True,location-k4-fold3-seed0,3
map_aggregate,CoPy_R,14,SS_vs_seasonal,0.44134228511290674,1445553,cc289a63a4f23862,True,location-k4-fold3-seed0,3
map_aggregate,CoPy_R,14,SS_vs_ar,-0.044983341140497846,1445553,cc289a63a4f23862,True,location-k4-fold3-seed0,3
map_aggregate,CoPy_R,15,MSE,0.021095100116189258,1445553,cc289a63a4f23862,True,location-k4-fold3-seed0,3
map_aggregate,CoPy_R,15,MAE,0.08777782973970075,1445553,cc289a63a4f23862,True,location-k4-fold3-seed0,3
map_aggregate,CoPy_R,15,SS_vs_persistence,0.4817683299526758,1445553,cc289a63a4f23862,True,location-k4-fold3-seed0,3
map_aggregate,CoPy_R,15,SS_vs_seasonal,0.45230793162530714,1445553,cc289a63a4f23862,True,location-k4-fold3-seed0,3
map_aggregate,CoPy_R,15,SS_vs_ar,-0.02160216929709491,1445553,cc289a63a4f23862,True,location-k4-fold3-seed0,3
map_aggregate,CoPy_R,16,MSE,0.021106949312225044,1445553,cc289a63a4f23862,True,location-k4-fold3-seed0,3
map_aggregate,CoPy_R,16,MAE,0.08628933422433611,1445553,cc289a63a4f23862,True,location-k4-fold3-seed0,3
map_aggregate,CoPy_R,16,SS_vs_persistence,0.4855397845175644,1445553,cc289a63a4f23862,True,location-k4-fold3-seed0,3
map_aggregate,CoPy_R,16,SS_vs_seasonal,0.4484458289716672,1445553,cc289a63a4f23862,True,location-k4-fold3-seed0,3
map_aggregate,CoPy_R,16,SS_vs_ar,-0.017685097724219334,1445553,cc289a63a4f23862,True,location-k4-fold3-seed0,3
map_aggregate,CoPy_R,17,MSE,0.021288262315664212,1445553,cc289a63a4f23862,True,location-k4-fold3-seed0,3
map_aggregate,CoPy_R,17,MAE,0.09056812366198631,1445553,cc289a63a4f23862,True,location-k4-fold3-seed0,3
map_aggregate,CoPy_R,17,SS_vs_persistence,0.4854801434594539,1445553,cc289a63a4f23862,True,location-k4-fold3-seed0,3
map_aggregate,CoPy_R,17,SS_vs_seasonal,0.4403542209329365,1445553,cc289a63a4f23862,True,location-k4-fold3-seed0,3
map_aggregate,CoPy_R,17,SS_vs_ar,-0.030298572931612977,1445553,cc289a63a4f23862,True,location-k4-fold3-seed0,3
map_aggregate,CoPy_R,18,MSE,0.02112100009852181,1445553,cc289a63a4f23862,True,location-k4-fold3-seed0,3
map_aggregate,CoPy_R,18,MAE,0.08723382155265574,1445553,cc289a63a4f23862,True,location-k4-fold3-seed0,3
map_aggregate,CoPy_R,18,SS_vs_persistence,0.49266813847311397,1445553,cc289a63a4f23862,True,location-k4-fold3-seed0,3
map_aggregate,CoPy_R,18,SS_vs_seasonal,0.44429413594296885,1445553,cc289a63a4f23862,True,location-k4-fold3-seed0,3
map_aggregate,CoPy_R,18,SS_vs_ar,-0.02565534602209074,1445553,cc289a63a4f23862,True,location-k4-fold3-seed0,3
map_aggregate,CoPy_R,19,MSE,0.021911087313630218,1445553,cc289a63a4f23862,True,location-k4-fold3-seed0,3
map_aggregate,CoPy_R,19,MAE,0.09425010066785768,1445553,cc289a63a4f23862,True,location-k4-fold3-seed0,3
map_aggregate,CoPy_R,19,SS_vs_persistence,0.4802503207692692,1445553,cc289a63a4f23862,True,location-k4-fold3-seed0,3
map_aggregate,CoPy_R,19,SS_vs_seasonal,0.42405092844919334,1445553,cc289a63a4f23862,True,location-k4-fold3-seed0,3
map_aggregate,CoPy_R,19,SS_vs_ar,-0.0663784180249638,1445553,cc289a63a4f23862,True,location-k4-fold3-seed0,3
map_aggregate,CoPy_R,20,MSE,0.021264640859329158,1445553,cc289a63a4f23862,True,location-k4-fold3-seed0,3
map_aggregate,CoPy_R,20,MAE,0.08728448409476912,1445553,cc289a63a4f23862,True,location-k4-fold3-seed0,3
map_aggregate,CoPy_R,20,SS_vs_persistence,0.5010422533210586,1445553,cc289a63a4f23862,True,location-k4-fold3-seed0,3
map_aggregate,CoPy_R,20,SS_vs_seasonal,0.4421585407533182,1445553,cc289a63a4f23862,True,location-k4-fold3-seed0,3
map_aggregate,CoPy_R,20,SS_vs_ar,-0.03190308171975342,1445553,cc289a63a4f23862,True,location-k4-fold3-seed0,3
map_aggregate,CoPy_R,21,MSE,0.021236253991953644,1445553,cc289a63a4f23862,True,location-k4-fold3-seed0,3
map_aggregate,CoPy_R,21,MAE,0.08833309472846178,1445553,cc289a63a4f23862,True,location-k4-fold3-seed0,3
map_aggregate,CoPy_R,21,SS_vs_persistence,0.5043511209465306,1445553,cc289a63a4f23862,True,location-k4-fold3-seed0,3
map_aggregate,CoPy_R,21,SS_vs_seasonal,0.44852176712657343,1445553,cc289a63a4f23862,True,location-k4-fold3-seed0,3
map_aggregate,CoPy_R,21,SS_vs_ar,-0.027910639560689177,1445553,cc289a63a4f23862,True,location-k4-fold3-seed0,3
map_aggregate,CoPy_R,22,MSE,0.021225321959395676,1445553,cc289a63a4f23862,True,location-k4-fold3-seed0,3
map_aggregate,CoPy_R,22,MAE,0.08766101194502733,1445553,cc289a63a4f23862,True,location-k4-fold3-seed0,3
map_aggregate,CoPy_R,22,SS_vs_persistence,0.49959512678416007,1445553,cc289a63a4f23862,True,location-k4-fold3-seed0,3
map_aggregate,CoPy_R,22,SS_vs_seasonal,0.44907759027143046,1445553,cc289a63a4f23862,True,location-k4-fold3-seed0,3
map_aggregate,CoPy_R,22,SS_vs_ar,-0.026703611996470977,1445553,cc289a63a4f23862,True,location-k4-fold3-seed0,3
map_aggregate,CoPy_R,23,MSE,0.021444205535183454,1445553,cc289a63a4f23862,True,location-k4-fold3-seed0,3
map_aggregate,CoPy_R,23,MAE,0.08949365948211355,1445553,cc289a63a4f23862,True,location-k4-fold3-seed0,3
map_aggregate,CoPy_R,23,SS_vs_persistence,0.4845932086904403,1445553,cc289a63a4f23862,True,location-k4-fold3-seed0,3
map_aggregate,CoPy_R,23,SS_vs_seasonal,0.44341796503524167,1445553,cc289a63a4f23862,True,location-k4-fold3-seed0,3
map_aggregate,CoPy_R,23,SS_vs_ar,-0.03574117029866741,1445553,cc289a63a4f23862,True,location-k4-fold3-seed0,3
map_aggregate,CoPy_R,24,MSE,0.021457263972025877,1445553,cc289a63a4f23862,True,location-k4-fold3-seed0,3
map_aggregate,CoPy_R,24,MAE,0.08980883986300853,1445553,cc289a63a4f23862,True,location-k4-fold3-seed0,3
map_aggregate,CoPy_R,24,SS_vs_persistence,0.48063519469475735,1445553,cc289a63a4f23862,True,location-k4-fold3-seed0,3
map_aggregate,CoPy_R,24,SS_vs_seasonal,0.43808054590337975,1445553,cc289a63a4f23862,True,location-k4-fold3-seed0,3
map_aggregate,CoPy_R,24,SS_vs_ar,-0.04210342438037595,1445553,cc289a63a4f23862,True,location-k4-fold3-seed0,3
map_aggregate,CoPy_R,25,MSE,0.021280597826858132,1445553,cc289a63a4f23862,True,location-k4-fold3-seed0,3
map_aggregate,CoPy_R,25,MAE,0.08746626975119515,1445553,cc289a63a4f23862,True,location-k4-fold3-seed0,3
map_aggregate,CoPy_R,25,SS_vs_persistence,0.47199511744536593,1445553,cc289a63a4f23862,True,location-k4-fold3-seed0,3
map_aggregate,CoPy_R,25,SS_vs_seasonal,0.4416712892678293,1445553,cc289a63a4f23862,True,location-k4-fold3-seed0,3
map_aggregate,CoPy_R,25,SS_vs_ar,-0.03040358813944355,1445553,cc289a63a4f23862,True,location-k4-fold3-seed0,3
map_aggregate,CoPy_R,26,MSE,0.021329789792108898,1445553,cc289a63a4f23862,True,location-k4-fold3-seed0,3
map_aggregate,CoPy_R,26,MAE,0.08767835802495232,1445553,cc289a63a4f23862,True,location-k4-fold3-seed0,3
map_aggregate,CoPy_R,26,SS_vs_persistence,0.4989942283419817,1445553,cc289a63a4f23862,True,location-k4-fold3-seed0,3
map_aggregate,CoPy_R,26,SS_vs_seasonal,0.446524583599611,1445553,cc289a63a4f23862,True,location-k4-fold3-seed0,3
map_aggregate,CoPy_R,26,SS_vs_ar,-0.029459452193014934,1445553,cc289a63a4f23862,True,location-k4-fold3-seed0,3
map_aggregate,CoPy_R,27,MSE,0.021149416069127562,1445553,cc289a63a4f23862,True,location-k4-fold3-seed0,3
map_aggregate,CoPy_R,27,MAE,0.08723072354539452,1445553,cc289a63a4f23862,True,location-k4-fold3-seed0,3
map_aggregate,CoPy_R,27,SS_vs_persistence,0.5235965451917608,1445553,cc289a63a4f23862,True,location-k4-fold3-seed0,3
map_aggregate,CoPy_R,27,SS_vs_seasonal,0.453847336228949,1445553,cc289a63a4f23862,True,location-k4-fold3-seed0,3
map_aggregate,CoPy_R,27,SS_vs_ar,-0.02170107442737068,1445553,cc289a63a4f23862,True,location-k4-fold3-seed0,3
map_aggregate,CoPy_R,28,MSE,0.021766625100035315,1445553,cc289a63a4f23862,True,location-k4-fold3-seed0,3
map_aggregate,CoPy_R,28,MAE,0.09231421304950523,1445553,cc289a63a4f23862,True,location-k4-fold3-seed0,3
map_aggregate,CoPy_R,28,SS_vs_persistence,0.5161801413043716,1445553,cc289a63a4f23862,True,location-k4-fold3-seed0,3
map_aggregate,CoPy_R,28,SS_vs_seasonal,0.4388836338758513,1445553,cc289a63a4f23862,True,location-k4-fold3-seed0,3
map_aggregate,CoPy_R,28,SS_vs_ar,-0.048904223356109,1445553,cc289a63a4f23862,True,location-k4-fold3-seed0,3
map_aggregate,CoPy_R,29,MSE,0.021164741619105906,1445553,cc289a63a4f23862,True,location-k4-fold3-seed0,3
map_aggregate,CoPy_R,29,MAE,0.08778509921164158,1445553,cc289a63a4f23862,True,location-k4-fold3-seed0,3
map_aggregate,CoPy_R,29,SS_vs_persistence,0.529914724673227,1445553,cc289a63a4f23862,True,location-k4-fold3-seed0,3
map_aggregate,CoPy_R,29,SS_vs_seasonal,0.457478858554183,1445553,cc289a63a4f23862,True,location-k4-fold3-seed0,3
map_aggregate,CoPy_R,29,SS_vs_ar,-0.020095907802655022,1445553,cc289a63a4f23862,True,location-k4-fold3-seed0,3
map_aggregate,CoPy_R,30,MSE,0.021453947921219477,1445553,cc289a63a4f23862,True,location-k4-fold3-seed0,3
map_aggregate,CoPy_R,30,MAE,0.09069576130417545,1445553,cc289a63a4f23862,True,location-k4-fold3-seed0,3
map_aggregate,CoPy_R,30,SS_vs_persistence,0.5044281854549808,1445553,cc289a63a4f23862,True,location-k4-fold3-seed0,3
map_aggregate,CoPy_R,30,SS_vs_seasonal,0.4479362407456041,1445553,cc289a63a4f23862,True,location-k4-fold3-seed0,3
map_aggregate,CoPy_R,30,SS_vs_ar,-0.03705566170823693,1445553,cc289a63a4f23862,True,location-k4-fold3-seed0,3
map_aggregate,CoPy_R,all,MSE,0.021232147556426592,1445553,cc289a63a4f23862,True,location-k4-fold3-seed0,3
map_aggregate,CoPy_R,all,MAE,0.08833352355187056,1445553,cc289a63a4f23862,True,location-k4-fold3-seed0,3
map_aggregate,CoPy_R,all,SS_vs_persistence,0.493818481951526,1445553,cc289a63a4f23862,True,location-k4-fold3-seed0,3
map_aggregate,CoPy_R,all,SS_vs_seasonal,0.44742249793894395,1445553,cc289a63a4f23862,True,location-k4-fold3-seed0,3
map_aggregate,CoPy_R,all,SS_vs_ar,-0.03020015320455216,1445553,cc289a63a4f23862,True,location-k4-fold3-seed0,3
