model,channel,horizon_step,metric,value,n_frames,config_hash,exploratory,split,fold
persistence,F_R,1,MSE,600359.8994525027,1383540,fa85569c247e4428,True,location-k4-fold0-seed0,0
persistence,F_R,1,MAE,473.30210438864026,1383540,fa85569c247e4428,True,location-k4-fold0-seed0,0
persistence,F_R,1,SS_vs_persistence,0.0,1383540,fa85569c247e4428,True,location-k4-fold0-seed0,0
persistence,F_R,1,SS_vs_seasonal,0.26749308177354814,1383540,fa85569c247e4428,True,location-k4-fold0-seed0,0
persistence,F_R,1,SS_vs_ar,-0.49028984682733734,1383540,fa85569c247e4428,True,location-k4-fold0-seed0,0
persistence,F_R,2,MSE,654152.7625529151,1383540,fa85569c247e4428,True,location-k4-fold0-seed0,0
persistence,F_R,2,MAE,507.5195733994353,1383540,fa85569c247e4428,True,location-k4-fold0-seed0,0
persistence,F_R,2,SS_vs_persistence,0.0,1383540,fa85569c247e4428,True,location-k4-fold0-seed0,0
persistence,F_R,2,SS_vs_seasonal,0.20669840830743347,1383540,fa85569c247e4428,True,location-k4-fold0-seed0,0
persistence,F_R,2,SS_vs_ar,-0.5071176471500942,1383540,fa85569c247e4428,True,location-k4-fold0-seed0,0
persistence,F_R,3,MSE,702727.4815001063,1383540,fa85569c247e4428,True,location-k4-fold0-seed0,0
persistence,F_R,3,MAE,540.4602525584421,1383540,fa85569c247e4428,True,location-k4-fold0-seed0,0
persistence,F_R,3,SS_vs_persistence,0.0,1383540,fa85569c247e4428,True,location-k4-fold0-seed0,0
persistence,F_R,3,SS_vs_seasonal,0.15602015661463609,1383540,fa85569c247e4428,True,location-k4-fold0-seed0,0
persistence,F_R,3,SS_vs_ar,-0.5224945987807961,1383540,fa85569c247e4428,True,location-k4-fold0-seed0,0
persistence,F_R,4,MSE,727334.7406236446,1383540,fa85569c247e4428,True,location-k4-fold0-seed0,0
persistence,F_R,4,MAE,551.973791606077,1383540,fa85569c247e4428,True,location-k4-fold0-seed0,0
persistence,F_R,4,SS_vs_persistence,0.0,1383540,fa85569c247e4428,True,location-k4-fold0-seed0,0
persistence,F_R,4,SS_vs_seasonal,0.1297021333679218,1383540,fa85569c247e4428,True,location-k4-fold0-seed0,0
persistence,F_R,4,SS_vs_ar,-0.5148439215403677,1383540,fa85569c247e4428,True,location-k4-fold0-seed0,0
persistence,F_R,5,MSE,762347.6680175877,1383540,fa85569c247e4428,True,location-k4-fold0-seed0,0
persistence,F_R,5,MAE,571.8683427608594,1383540,fa85569c247e4428,True,location-k4-fold0-seed0,0
persistence,F_R,5,SS_vs_persistence,0.0,1383540,fa85569c247e4428,True,location-k4-fold0-seed0,0
persistence,F_R,5,SS_vs_seasonal,0.0919029061609814,1383540,fa85569c247e4428,True,location-k4-fold0-seed0,0
persistence,F_R,5,SS_vs_ar,-0.5385181423402003,1383540,fa85569c247e4428,True,location-k4-fold0-seed0,0
persistence,F_R,6,MSE,746021.1222362611,1383540,fa85569c247e4428,True,location-k4-fold0-seed0,0
persistence,F_R,6,MAE,566.1637718531217,1383540,fa85569c247e4428,True,location-k4-fold0-seed0,0
persistence,F_R,6,SS_vs_persistence,0.0,1383540,fa85569c247e4428,True,location-k4-fold0-seed0,0
persistence,F_R,6,SS_vs_seasonal,0.11024120057573106,1383540,fa85569c247e4428,True,location-k4-fold0-seed0,0
persistence,F_R,6,SS_vs_ar,-0.4760927306542746,1383540,fa85569c247e4428,True,location-k4-fold0-seed0,0
persistence,F_R,7,MSE,791634.1044448835,1383540,fa85569c247e4428,True,location-k4-fold0-seed0,0
persistence,F_R,7,MAE,584.3906840737941,1383540,fa85569c247e4428,True,location-k4-fold0-seed0,0
persistence,F_R,7,SS_vs_persistence,0.0,1383540,fa85569c247e4428,True,location-k4-fold0-seed0,0
persistence,F_R,7,SS_vs_seasonal,0.05657537597439122,1383540,fa85569c247e4428,True,location-k4-fold0-seed0,0
persistence,F_R,7,SS_vs_ar,-0.5104195664705167,1383540,fa85569c247e4428,True,location-k4-fold0-seed0,0
persistence,F_R,8,MSE,780187.5739244239,1383540,fa85569c247e4428,True,location-k4-fold0-seed0,0
persistence,F_R,8,MAE,579.4420690421937,1383540,fa85569c247e4428,True,location-k4-fold0-seed0,0
persistence,F_R,8,SS_vs_persistence,0.0,1383540,fa85569c247e4428,True,location-k4-fold0-seed0,0
persistence,F_R,8,SS_vs_seasonal,0.06274077392321853,1383540,fa85569c247e4428,True,location-k4-fold0-seed0,0
persistence,F_R,8,SS_vs_ar,-0.4670080785490447,1383540,fa85569c247e4428,True,location-k4-fold0-seed0,0
persistence,F_R,9,MSE,794512.1740784198,1383540,fa85569c247e4428,True,location-k4-fold0-seed0,0
persistence,F_R,9,MAE,589.6181146816997,1383540,fa85569c247e4428,True,location-k4-fold0-seed0,0
persistence,F_R,9,SS_vs_persistence,0.0,1383540,fa85569c247e4428,True,location-k4-fold0-seed0,0
persistence,F_R,9,SS_vs_seasonal,0.04940952162777301,1383540,fa85569c247e4428,True,location-k4-fold0-seed0,0
persistence,F_R,9,SS_vs_ar,-0.4573148627504118,1383540,fa85569c247e4428,True,location-k4-fold0-seed0,0
persistence,F_R,10,MSE,808372.4987469916,1383540,fa85569c247e4428,True,location-k4-fold0-seed0,0
persistence,F_R,10,MAE,589.6968565287856,1383540,fa85569c247e4428,True,location-k4-fold0-seed0,0
persistence,F_R,10,SS_vs_persistence,0.0,1383540,fa85569c247e4428,True,location-k4-fold0-seed0,0
persistence,F_R,10,SS_vs_seasonal,0.01882769559660169,1383540,fa85569c247e4428,True,location-k4-fold0-seed0,0
persistence,F_R,10,SS_vs_ar,-0.4473154169305973,1383540,fa85569c247e4428,True,location-k4-fold0-seed0,0
persistence,F_R,11,MSE,828166.2915410367,1383540,fa85569c247e4428,True,location-k4-fold0-seed0,0
persistence,F_R,11,MAE,603.0839164869872,1383540,fa85569c247e4428,True,location-k4-fold0-seed0,0
persistence,F_R,11,SS_vs_persistence,0.0,1383540,fa85569c247e4428,True,location-k4-fold0-seed0,0
persistence,F_R,11,SS_vs_seasonal,0.1194574573833711,1383540,fa85569c247e4428,True,location-k4-fold0-seed0,0
persistence,F_R,11,SS_vs_ar,-0.4524233297064384,1383540,fa85569c247e4428,True,location-k4-fold0-seed0,0
persistence,F_R,12,MSE,848487.5900385358,1383540,fa85569c247e4428,True,location-k4-fold0-seed0,0
persistence,F_R,12,MAE,614.295705170534,1383540,fa85569c247e4428,True,location-k4-fold0-seed0,0
persistence,F_R,12,SS_vs_persistence,0.0,1383540,fa85569c247e4428,True,location-k4-fold0-seed0,0
persistence,F_R,12,SS_vs_seasonal,0.09674462571413056,1383540,fa85569c247e4428,True,location-k4-fold0-seed0,0
persistence,F_R,12,SS_vs_ar,-0.46025123659539524,1383540,fa85569c247e4428,True,location-k4-fold0-seed0,0
persistence,F_R,13,MSE,858011.9196452806,1383540,fa85569c247e4428,True,location-k4-fold0-seed0,0
persistence,F_R,13,MAE,618.2065501048262,1383540,fa85569c247e4428,True,location-k4-fold0-seed0,0
persistence,F_R,13,SS_vs_persistence,0.0,1383540,fa85569c247e4428,True,location-k4-fold0-seed0,0
persistence,F_R,13,SS_vs_seasonal,0.0866198930999017,1383540,fa85569c247e4428,True,location-k4-fold0-seed0,0
persistence,F_R,13,SS_vs_ar,-0.46179451131114746,1383540,fa85569c247e4428,True,location-k4-fold0-seed0,0
persistence,F_R,14,MSE,862494.3859620848,1383540,fa85569c247e4428,True,location-k4-fold0-seed0,0
persistence,F_R,14,MAE,622.0904594271506,1383540,fa85569c247e4428,True,location-k4-fold0-seed0,0
persistence,F_R,14,SS_vs_persistence,0.0,1383540,fa85569c247e4428,True,location-k4-fold0-seed0,0
persistence,F_R,14,SS_vs_seasonal,0.0801051312005675,1383540,fa85569c247e4428,True,location-k4-fold0-seed0,0
persistence,F_R,14,SS_vs_ar,-0.45636541385826646,1383540,fa85569c247e4428,True,location-k4-fold0-seed0,0
persistence,F_R,15,MSE,847739.8113452165,1383540,fa85569c247e4428,True,location-k4-fold0-seed0,0
persistence,F_R,15,MAE,620.3252035867486,1383540,fa85569c247e4428,True,location-k4-fold0-seed0,0
persistence,F_R,15,SS_vs_persistence,0.0,1383540,fa85569c247e4428,True,location-k4-fold0-seed0,0
persistence,F_R,15,SS_vs_seasonal,0.09611023632495341,1383540,fa85569c247e4428,True,location-k4-fold0-seed0,0
persistence,F_R,15,SS_vs_ar,-0.4195116977194422,1383540,fa85569c247e4428,True,location-k4-fold0-seed0,0
persistence,F_R,16,MSE,897177.0254998012,1383540,fa85569c247e4428,True,location-k4-fold0-seed0,0
persistence,F_R,16,MAE,633.3480025879181,1383540,fa85569c247e4428,True,location-k4-fold0-seed0,0
persistence,F_R,16,SS_vs_persistence,0.0,1383540,fa85569c247e4428,True,location-k4-fold0-seed0,0
persistence,F_R,16,SS_vs_seasonal,0.06196850882248017,1383540,fa85569c247e4428,True,location-k4-fold0-seed0,0
persistence,F_R,16,SS_vs_ar,-0.42521378168310875,1383540,fa85569c247e4428,True,location-k4-fold0-seed0,0
persistence,F_R,17,MSE,905398.7795111283,1383540,fa85569c247e4428,True,location-k4-fold0-seed0,0
persistence,F_R,17,MAE,636.4206788972801,1383540,fa85569c247e4428,True,location-k4-fold0-seed0,0
persistence,F_R,17,SS_vs_persistence,0.0,1383540,fa85569c247e4428,True,location-k4-fold0-seed0,0
persistence,F_R,17,SS_vs_seasonal,0.05326063315091534,1383540,fa85569c247e4428,True,location-k4-fold0-seed0,0
persistence,F_R,17,SS_vs_ar,-0.41492547620818154,1383540,fa85569c247e4428,True,location-k4-fold0-seed0,0
persistence,F_R,18,MSE,924741.1262185925,1383540,fa85569c247e4428,True,location-k4-fold0-seed0,0
persistence,F_R,18,MAE,642.6239168833888,1383540,fa85569c247e4428,True,location-k4-fold0-seed0,0
persistence,F_R,18,SS_vs_persistence,0.0,1383540,fa85569c247e4428,True,location-k4-fold0-seed0,0
persistence,F_R,18,SS_vs_seasonal,0.03125829455412199,1383540,fa85569c247e4428,True,location-k4-fold0-seed0,0
persistence,F_R,18,SS_vs_ar,-0.41931730696551184,1383540,fa85569c247e4428,True,location-k4-fold0-seed0,0
persistence,F_R,19,MSE,929324.4466050096,1383540,fa85569c247e4428,True,location-k4-fold0-seed0,0
persistence,F_R,19,MAE,644.4669733817158,1383540,fa85569c247e4428,True,location-k4-fold0-seed0,0
persistence,F_R,19,SS_vs_persistence,0.0,1383540,fa85569c247e4428,True,location-k4-fold0-seed0,0
persistence,F_R,19,SS_vs_seasonal,0.02684866215533188,1383540,fa85569c247e4428,True,location-k4-fold0-seed0,0
persistence,F_R,19,SS_vs_ar,-0.4073090730897502,1383540,fa85569c247e4428,True,location-k4-fold0-seed0,0
persistence,F_R,20,MSE,940669.174733559,1383540,fa85569c247e4428,True,location-k4-fold0-seed0,0
persistence,F_R,20,MAE,650.0762321822554,1383540,fa85569c247e4428,True,location-k4-fold0-seed0,0
persistence,F_R,20,SS_vs_persistence,0.0,1383540,fa85569c247e4428,True,location-k4-fold0-seed0,0
persistence,F_R,20,SS_vs_seasonal,0.0029690407668471197,1383540,fa85569c247e4428,True,location-k4-fold0-seed0,0
persistence,F_R,20,SS_vs_ar,-0.40422053752377596,1383540,fa85569c247e4428,True,location-k4-fold0-seed0,0
persistence,F_R,21,MSE,920549.7888915974,1383540,fa85569c247e4428,True,location-k4-fold0-seed0,0
persistence,F_R,21,MAE,642.5657534578419,1383540,fa85569c247e4428,True,location-k4-fold0-seed0,0
persistence,F_R,21,SS_vs_persistence,0.0,1383540,fa85569c247e4428,True,location-k4-fold0-seed0,0
persistence,F_R,21,SS_vs_seasonal,0.07878176651718061,1383540,fa85569c247e4428,True,location-k4-fold0-seed0,0
persistence,F_R,21,SS_vs_ar,-0.3622412766746921,1383540,fa85569c247e4428,True,location-k4-fold0-seed0,0
persistence,F_R,22,MSE,935452.2765456417,1383540,fa85569c247e4428,True,location-k4-fold0-seed0,0
persistence,F_R,22,MAE,649.8654945717965,1383540,fa85569c247e4428,True,location-k4-fold0-seed0,0
persistence,F_R,22,SS_vs_persistence,0.0,1383540,fa85569c247e4428,True,location-k4-fold0-seed0,0
persistence,F_R,22,SS_vs_seasonal,0.06629521381522596,1383540,fa85569c247e4428,True,location-k4-fold0-seed0,0
persistence,F_R,22,SS_vs_ar,-0.35997911482266165,1383540,fa85569c247e4428,True,location-k4-fold0-seed0,0
persistence,F_R,23,MSE,953347.381680116,1383540,fa85569c247e4428,True,location-k4-fold0-seed0,0
persistence,F_R,23,MAE,656.6786441982472,1383540,fa85569c247e4428,True,location-k4-fold0-seed0,0
persistence,F_R,23,SS_vs_persistence,0.0,1383540,fa85569c247e4428,True,location-k4-fold0-seed0,0
persistence,F_R,23,SS_vs_seasonal,0.04924494833710502,1383540,fa85569c247e4428,True,location-k4-fold0-seed0,0
persistence,F_R,23,SS_vs_ar,-0.3655269809463624,1383540,fa85569c247e4428,True,location-k4-fold0-seed0,0
persistence,F_R,24,MSE,957359.98384096,1383540,fa85569c247e4428,True,location-k4-fold0-seed0,0
persistence,F_R,24,MAE,659.4913353318017,1383540,fa85569c247e4428,True,location-k4-fold0-seed0,0
persistence,F_R,24,SS_vs_persistence,0.0,1383540,fa85569c247e4428,True,location-k4-fold0-seed0,0
persistence,F_R,24,SS_vs_seasonal,0.046708235374156026,1383540,fa85569c247e4428,True,location-k4-fold0-seed0,0
persistence,F_R,24,SS_vs_ar,-0.35269396222780625,1383540,fa85569c247e4428,True,location-k4-fold0-seed0,0
persistence,F_R,25,MSE,975403.3927215649,1383540,fa85569c247e4428,True,location-k4-fold0-seed0,0
persistence,F_R,25,MAE,667.6987807230315,1383540,fa85569c247e4428,True,location-k4-fold0-seed0,0
persistence,F_R,25,SS_vs_persistence,0.0,1383540,fa85569c247e4428,True,location-k4-fold0-seed0,0
persistence,F_R,25,SS_vs_seasonal,0.030606990992053218,1383540,fa85569c247e4428,True,location-k4-fold0-seed0,0
persistence,F_R,25,SS_vs_ar,-0.36144218761325675,1383540,fa85569c247e4428,True,location-k4-fold0-seed0,0
persistence,F_R,26,MSE,990702.4397434486,1383540,fa85569c247e4428,True,location-k4-fold0-seed0,0
persistence,F_R,26,MAE,673.6647362027672,1383540,fa85569c247e4428,True,location-k4-fold0-seed0,0
persistence,F_R,26,SS_vs_persistence,0.0,1383540,fa85569c247e4428,True,location-k4-fold0-seed0,0
persistence,F_R,26,SS_vs_seasonal,0.019774600393564712,1383540,fa85569c247e4428,True,location-k4-fold0-seed0,0
persistence,F_R,26,SS_vs_ar,-0.3668524147732597,1383540,fa85569c247e4428,True,location-k4-fold0-seed0,0
persistence,F_R,27,MSE,1008963.1705095624,1383540,fa85569c247e4428,True,location-k4-fold0-seed0,0
persistence,F_R,27,MAE,680.3721322767226,1383540,fa85569c247e4428,True,location-k4-fold0-seed0,0
persistence,F_R,27,SS_vs_persistence,0.0,1383540,fa85569c247e4428,True,location-k4-fold0-seed0,0
persistence,F_R,27,SS_vs_seasonal,0.0028904368827663562,1383540,fa85569c247e4428,True,location-k4-fold0-seed0,0
persistence,F_R,27,SS_vs_ar,-0.37592037085386343,1383540,fa85569c247e4428,True,location-k4-fold0-seed0,0
persistence,F_R,28,MSE,1007587.6784397075,1383540,fa85569c247e4428,True,location-k4-fold0-seed0,0
persistence,F_R,28,MAE,679.4017114608264,1383540,fa85569c247e4428,True,location-k4-fold0-seed0,0
persistence,F_R,28,SS_vs_persistence,0.0,1383540,fa85569c247e4428,True,location-k4-fold0-seed0,0
persistence,F_R,28,SS_vs_seasonal,0.003765063966105653,1383540,fa85569c247e4428,True,location-k4-fold0-seed0,0
persistence,F_R,28,SS_vs_ar,-0.3664006554638384,1383540,fa85569c247e4428,True,location-k4-fold0-seed0,0
persistence,F_R,29,MSE,1014791.37799198,1383540,fa85569c247e4428,True,location-k4-fold0-seed0,0
persistence,F_R,29,MAE,682.8992490857353,1383540,fa85569c247e4428,True,location-k4-fold0-seed0,0
persistence,F_R,29,SS_vs_persistence,0.0,1383540,fa85569c247e4428,True,location-k4-fold0-seed0,0
persistence,F_R,29,SS_vs_seasonal,-0.0015585655479846139,1383540,fa85569c247e4428,True,location-k4-fold0-seed0,0
persistence,F_R,29,SS_vs_ar,-0.3657726925590532,1383540,fa85569c247e4428,True,location-k4-fold0-seed0,0
persistence,F_R,30,MSE,997316.7347718142,1383540,fa85569c247e4428,True,location-k4-fold0-seed0,0
persistence,F_R,30,MAE,676.3735306353234,1383540,fa85569c247e4428,True,location-k4-fold0-seed0,0
persistence,F_R,30,SS_vs_persistence,0.0,1383540,fa85569c247e4428,True,location-k4-fold0-seed0,0
persistence,F_R,30,SS_vs_seasonal,0.002941528400360216,1383540,fa85569c247e4428,True,location-k4-fold0-seed0,0
persistence,F_R,30,SS_vs_ar,-0.3403111273464057,1383540,fa85569c247e4428,True,location-k4-fold0-seed0,0
persistence,F_R,all,MSE,865711.1600623721,1383540,fa85569c247e4428,True,location-k4-fold0-seed0,0
persistence,F_R,all,MAE,616.9461522515315,1383540,fa85569c247e4428,True,location-k4-fold0-seed0,0
persistence,F_R,all,SS_vs_persistence,0.0,1383540,fa85569c247e4428,True,location-k4-fold0-seed0,0
persistence,F_R,all,SS_vs_seasonal,0.06725725894237311,1383540,fa85569c247e4428,True,location-k4-fold0-seed0,0
persistence,F_R,all,SS_vs_ar,-0.4202427919614813,1383540,fa85569c247e4428,True,location-k4-fold0-seed0,0
persistence,CoPx_R,1,MSE,0.01879502405863217,1278654,fa85569c247e4428,True,location-k4-fold0-seed0,0
persistence,CoPx_R,1,MAE,0.041161766437586275,1278654,fa85569c247e4428,True,location-k4-fold0-seed0,0
persistence,CoPx_R,1,SS_vs_persistence,5.3205551076018764e-11,1278654,fa85569c247e4428,True,location-k4-fold0-seed0,0
persistence,CoPx_R,1,SS_vs_seasonal,0.04366191749111836,1278654,fa85569c247e4428,True,location-k4-fold0-seed0,0
persistence,CoPx_R,1,SS_vs_ar,-0.6856756460632534,1278654,fa85569c247e4428,True,location-k4-fold0-seed0,0
persistence,CoPx_R,2,MSE,0.021507847201151002,1278654,fa85569c247e4428,True,location-k4-fold0-seed0,0
persistence,CoPx_R,2,MAE,0.04546706942436355,1278654,fa85569c247e4428,True,location-k4-fold0-seed0,0
persistence,CoPx_R,2,SS_vs_persistence,4.649458595906708e-11,1278654,fa85569c247e4428,True,location-k4-fold0-seed0,0
persistence,CoPx_R,2,SS_vs_seasonal,-0.054089736566787616,1278654,fa85569c247e4428,True,location-k4-fold0-seed0,0
persistence,CoPx_R,2,SS_vs_ar,-0.9015419113989511,1278654,fa85569c247e4428,True,location-k4-fold0-seed0,0
persistence,CoPx_R,3,MSE,0.020989790781237038,1278654,fa85569c247e4428,True,location-k4-fold0-seed0,0
persistence,CoPx_R,3,MAE,0.04660802222967354,1278654,fa85569c247e4428,True,location-k4-fold0-seed0,0
persistence,CoPx_R,3,SS_vs_persistence,4.764211247731964e-11,1278654,fa85569c247e4428,True,location-k4-fold0-seed0,0
persistence,CoPx_R,3,SS_vs_seasonal,-0.026986453377661812,1278654,fa85569c247e4428,True,location-k4-fold0-seed0,0
persistence,CoPx_R,3,SS_vs_ar,-0.87248554009115,1278654,fa85569c247e4428,True,location-k4-fold0-seed0,0
persistence,CoPx_R,4,MSE,0.02062416509929407,1278654,fa85569c247e4428,True,location-k4-fold0-seed0,0
persistence,CoPx_R,4,MAE,0.04707729101368877,1278654,fa85569c247e4428,True,location-k4-fold0-seed0,0
persistence,CoPx_R,4,SS_vs_persistence,4.848677015445446e-11,1278654,fa85569c247e4428,True,location-k4-fold0-seed0,0
persistence,CoPx_R,4,SS_vs_seasonal,-0.02260713372981349,1278654,fa85569c247e4428,True,location-k4-fold0-seed0,0
persistence,CoPx_R,4,SS_vs_ar,-0.8581363694200472,1278654,fa85569c247e4428,True,location-k4-fold0-seed0,0
persistence,CoPx_R,5,MSE,0.021576044127331967,1278654,fa85569c247e4428,True,location-k4-fold0-seed0,0
persistence,CoPx_R,5,MAE,0.048470491750097086,1278654,fa85569c247e4428,True,location-k4-fold0-seed0,0
persistence,CoPx_R,5,SS_vs_persistence,4.634759243060671e-11,1278654,fa85569c247e4428,True,location-k4-fold0-seed0,0
persistence,CoPx_R,5,SS_vs_seasonal,-0.026140371524013384,1278654,fa85569c247e4428,True,location-k4-fold0-seed0,0
persistence,CoPx_R,5,SS_vs_ar,-0.9652538423023853,1278654,fa85569c247e4428,True,location-k4-fold0-seed0,0
persistence,CoPx_R,6,MSE,0.021808042064963108,1278654,fa85569c247e4428,True,location-k4-fold0-seed0,0
persistence,CoPx_R,6,MAE,0.04845096655001134,1278654,fa85569c247e4428,True,location-k4-fold0-seed0,0
persistence,CoPx_R,6,SS_vs_persistence,4.585454238537068e-11,1278654,fa85569c247e4428,True,location-k4-fold0-seed0,0
persistence,CoPx_R,6,SS_vs_seasonal,-0.035897692550450166,1278654,fa85569c247e4428,True,location-k4-fold0-seed0,0
persistence,CoPx_R,6,SS_vs_ar,-1.0024966227529344,1278654,fa85569c247e4428,True,location-k4-fold0-seed0,0
persistence,CoPx_R,7,MSE,0.020041148452814038,1278654,fa85569c247e4428,True,location-k4-fold0-seed0,0
persistence,CoPx_R,7,MAE,0.049098469339167554,1278654,fa85569c247e4428,True,location-k4-fold0-seed0,0
persistence,CoPx_R,7,SS_vs_persistence,4.989730850724072e-11,1278654,fa85569c247e4428,True,location-k4-fold0-seed0,0
persistence,CoPx_R,7,SS_vs_seasonal,0.010322939235826945,1278654,fa85569c247e4428,True,location-k4-fold0-seed0,0
persistence,CoPx_R,7,SS_vs_ar,-0.8586369977392891,1278654,fa85569c247e4428,True,location-k4-fold0-seed0,0
persistence,CoPx_R,8,MSE,0.02095836820336603,1278654,fa85569c247e4428,True,location-k4-fold0-seed0,0
persistence,CoPx_R,8,MAE,0.04980060422714067,1278654,fa85569c247e4428,True,location-k4-fold0-seed0,0
persistence,CoPx_R,8,SS_vs_persistence,4.77136108401055e-11,1278654,fa85569c247e4428,True,location-k4-fold0-seed0,0
persistence,CoPx_R,8,SS_vs_seasonal,-0.012282422441034502,1278654,fa85569c247e4428,True,location-k4-fold0-seed0,0
persistence,CoPx_R,8,SS_vs_ar,-0.9372353019713939,1278654,fa85569c247e4428,True,location-k4-fold0-seed0,0
persistence,CoPx_R,9,MSE,0.020644226303927742,1278654,fa85569c247e4428,True,location-k4-fold0-seed0,0
persistence,CoPx_R,9,MAE,0.05018636774095821,1278654,fa85569c247e4428,True,location-k4-fold0-seed0,0
persistence,CoPx_R,9,SS_vs_persistence,4.843958567590789e-11,1278654,fa85569c247e4428,True,location-k4-fold0-seed0,0
persistence,CoPx_R,9,SS_vs_seasonal,0.005115037881288642,1278654,fa85569c247e4428,True,location-k4-fold0-seed0,0
persistence,CoPx_R,9,SS_vs_ar,-0.9177041926725047,1278654,fa85569c247e4428,True,location-k4-fold0-seed0,0
persistence,CoPx_R,10,MSE,0.02103434296488134,1278654,fa85569c247e4428,True,location-k4-fold0-seed0,0
persistence,CoPx_R,10,MAE,0.05033946077562787,1278654,fa85569c247e4428,True,location-k4-fold0-seed0,0
persistence,CoPx_R,10,SS_vs_persistence,4.7541193204381216e-11,1278654,fa85569c247e4428,True,location-k4-fold0-seed0,0
persistence,CoPx_R,10,SS_vs_seasonal,-0.011593673362733092,1278654,fa85569c247e4428,True,location-k4-fold0-seed0,0
persistence,CoPx_R,10,SS_vs_ar,-0.9538531118371143,1278654,fa85569c247e4428,True,location-k4-fold0-seed0,0
persistence,CoPx_R,11,MSE,0.021500577280494156,1278654,fa85569c247e4428,True,location-k4-fold0-seed0,0
persistence,CoPx_R,11,MAE,0.05118262682560946,1278654,fa85569c247e4428,True,location-k4-fold0-seed0,0
persistence,CoPx_R,11,SS_vs_persistence,4.651035112601676e-11,1278654,fa85569c247e4428,True,location-k4-fold0-seed0,0
persistence,CoPx_R,11,SS_vs_seasonal,-0.09364362184450759,1278654,fa85569c247e4428,True,location-k4-fold0-seed0,0
persistence,CoPx_R,11,SS_vs_ar,-0.9910515130710842,1278654,fa85569c247e4428,True,location-k4-fold0-seed0,0
persistence,CoPx_R,12,MSE,0.02202427873631387,1278654,fa85569c247e4428,True,location-k4-fold0-seed0,0
persistence,CoPx_R,12,MAE,0.05196499561401091,1278654,fa85569c247e4428,True,location-k4-fold0-seed0,0
persistence,CoPx_R,12,SS_vs_persistence,4.540434694888518e-11,1278654,fa85569c247e4428,True,location-k4-fold0-seed0,0
persistence,CoPx_R,12,SS_vs_seasonal,-0.12193982738229181,1278654,fa85569c247e4428,True,location-k4-fold0-seed0,0
persistence,CoPx_R,12,SS_vs_ar,-1.0526991864726445,1278654,fa85569c247e4428,True,location-k4-fold0-seed0,0
persistence,CoPx_R,13,MSE,0.02180904013862211,1278654,fa85569c247e4428,True,location-k4-fold0-seed0,0
persistence,CoPx_R,13,MAE,0.052722363319226195,1278654,fa85569c247e4428,True,location-k4-fold0-seed0,0
persistence,CoPx_R,13,SS_vs_persistence,4.585243296162389e-11,1278654,fa85569c247e4428,True,location-k4-fold0-seed0,0
persistence,CoPx_R,13,SS_vs_seasonal,-0.07290557851652735,1278654,fa85569c247e4428,True,location-k4-fold0-seed0,0
persistence,CoPx_R,13,SS_vs_ar,-1.0162253703542055,1278654,fa85569c247e4428,True,location-k4-fold0-seed0,0
persistence,CoPx_R,14,MSE,0.022270076292877278,1278654,fa85569c247e4428,True,location-k4-fold0-seed0,0
persistence,CoPx_R,14,MAE,0.052921943452386044,1278654,fa85569c247e4428,True,location-k4-fold0-seed0,0
persistence,CoPx_R,14,SS_vs_persistence,4.490319227556938e-11,1278654,fa85569c247e4428,True,location-k4-fold0-seed0,0
persistence,CoPx_R,14,SS_vs_seasonal,-0.08597777161929909,1278654,fa85569c247e4428,True,location-k4-fold0-seed0,0
persistence,CoPx_R,14,SS_vs_ar,-1.0326164222175889,1278654,fa85569c247e4428,True,location-k4-fold0-seed0,0
persistence,CoPx_R,15,MSE,0.021478309430792573,1278654,fa85569c247e4428,True,location-k4-fold0-seed0,0
persistence,CoPx_R,15,MAE,0.05258806626369529,1278654,fa85569c247e4428,True,location-k4-fold0-seed0,0
persistence,CoPx_R,15,SS_vs_persistence,4.655853480528549e-11,1278654,fa85569c247e4428,True,location-k4-fold0-seed0,0
persistence,CoPx_R,15,SS_vs_seasonal,-0.03792748598844087,1278654,fa85569c247e4428,True,location-k4-fold0-seed0,0
persistence,CoPx_R,15,SS_vs_ar,-0.9709295689039492,1278654,fa85569c247e4428,True,location-k4-fold0-seed0,0
persistence,CoPx_R,16,MSE,0.02148354553867557,1278654,fa85569c247e4428,True,location-k4-fold0-seed0,0
persistence,CoPx_R,16,MAE,0.053112288821726035,1278654,fa85569c247e4428,True,location-k4-fold0-seed0,0
persistence,CoPx_R,16,SS_vs_persistence,4.654721053043431e-11,1278654,fa85569c247e4428,True,location-k4-fold0-seed0,0
persistence,CoPx_R,16,SS_vs_seasonal,-0.031124780351407866,1278654,fa85569c247e4428,True,location-k4-fold0-seed0,0
persistence,CoPx_R,16,SS_vs_ar,-0.941219196319671,1278654,fa85569c247e4428,True,location-k4-fold0-seed0,0
persistence,CoPx_R,17,MSE,0.022381664828464296,1278654,fa85569c247e4428,True,location-k4-fold0-seed0,0
persistence,CoPx_R,17,MAE,0.053572860754393666,1278654,fa85569c247e4428,True,location-k4-fold0-seed0,0
persistence,CoPx_R,17,SS_vs_persistence,4.467937131380495e-11,1278654,fa85569c247e4428,True,location-k4-fold0-seed0,0
persistence,CoPx_R,17,SS_vs_seasonal,-0.04464389616445108,1278654,fa85569c247e4428,True,location-k4-fold0-seed0,0
persistence,CoPx_R,17,SS_vs_ar,-0.9772653314682858,1278654,fa85569c247e4428,True,location-k4-fold0-seed0,0
persistence,CoPx_R,18,MSE,0.022547299440819738,1278654,fa85569c247e4428,True,location-k4-fold0-seed0,0
persistence,CoPx_R,18,MAE,0.054190247926362504,1278654,fa85569c247e4428,True,location-k4-fold0-seed0,0
persistence,CoPx_R,18,SS_vs_persistence,4.4351189387725753e-11,1278654,fa85569c247e4428,True,location-k4-fold0-seed0,0
persistence,CoPx_R,18,SS_vs_seasonal,-0.049228770743643624,1278654,fa85569c247e4428,True,location-k4-fold0-seed0,0
persistence,CoPx_R,18,SS_vs_ar,-0.9869468993229684,1278654,fa85569c247e4428,True,location-k4-fold0-seed0,0
persistence,CoPx_R,19,MSE,0.021567279231906156,1278654,fa85569c247e4428,True,location-k4-fold0-seed0,0
persistence,CoPx_R,19,MAE,0.05386461119911914,1278654,fa85569c247e4428,True,location-k4-fold0-seed0,0
persistence,CoPx_R,19,SS_vs_persistence,4.636646622202534e-11,1278654,fa85569c247e4428,True,location-k4-fold0-seed0,0
persistence,CoPx_R,19,SS_vs_seasonal,-0.003497308542244948,1278654,fa85569c247e4428,True,location-k4-fold0-seed0,0
persistence,CoPx_R,19,SS_vs_ar,-0.8990750157314593,1278654,fa85569c247e4428,True,location-k4-fold0-seed0,0
persistence,CoPx_R,20,MSE,0.022250492439814046,1278654,fa85569c247e4428,True,location-k4-fold0-seed0,0
persistence,CoPx_R,20,MAE,0.054084235857848044,1278654,fa85569c247e4428,True,location-k4-fold0-seed0,0
persistence,CoPx_R,20,SS_vs_persistence,4.494271621524604e-11,1278654,fa85569c247e4428,True,location-k4-fold0-seed0,0
persistence,CoPx_R,20,SS_vs_seasonal,-0.014837492682684417,1278654,fa85569c247e4428,True,location-k4-fold0-seed0,0
persistence,CoPx_R,20,SS_vs_ar,-0.9421062980289394,1278654,fa85569c247e4428,True,location-k4-fold0-seed0,0
persistence,CoPx_R,21,MSE,0.02252031006206532,1278654,fa85569c247e4428,True,location-k4-fold0-seed0,0
persistence,CoPx_R,21,MAE,0.05448123239823305,1278654,fa85569c247e4428,True,location-k4-fold0-seed0,0
persistence,CoPx_R,21,SS_vs_persistence,4.4404258048302836e-11,1278654,fa85569c247e4428,True,location-k4-fold0-seed0,0
persistence,CoPx_R,21,SS_vs_seasonal,0.05505846325291519,1278654,fa85569c247e4428,True,location-k4-fold0-seed0,0
persistence,CoPx_R,21,SS_vs_ar,-0.9588017827631639,1278654,fa85569c247e4428,True,location-k4-fold0-seed0,0
persistence,CoPx_R,22,MSE,0.02385903680856816,1278654,fa85569c247e4428,True,location-k4-fold0-seed0,0
persistence,CoPx_R,22,MAE,0.05526332824017647,1278654,fa85569c247e4428,True,location-k4-fold0-seed0,0
persistence,CoPx_R,22,SS_vs_persistence,4.191280655874152e-11,1278654,fa85569c247e4428,True,location-k4-fold0-seed0,0
persistence,CoPx_R,22,SS_vs_seasonal,0.003318650037446247,1278654,fa85569c247e4428,True,location-k4-fold0-seed0,0
persistence,CoPx_R,22,SS_vs_ar,-1.0825448638263806,1278654,fa85569c247e4428,True,location-k4-fold0-seed0,0
persistence,CoPx_R,23,MSE,0.023016227313248865,1278654,fa85569c247e4428,True,location-k4-fold0-seed0,0
persistence,CoPx_R,23,MAE,0.05532701937318816,1278654,fa85569c247e4428,True,location-k4-fold0-seed0,0
persistence,CoPx_R,23,SS_vs_persistence,4.344757886798334e-11,1278654,fa85569c247e4428,True,location-k4-fold0-seed0,0
persistence,CoPx_R,23,SS_vs_seasonal,0.030092128814733998,1278654,fa85569c247e4428,True,location-k4-fold0-seed0,0
persistence,CoPx_R,23,SS_vs_ar,-1.02249903100678,1278654,fa85569c247e4428,True,location-k4-fold0-seed0,0
persistence,CoPx_R,24,MSE,0.02368047942690239,1278654,fa85569c247e4428,True,location-k4-fold0-seed0,0
persistence,CoPx_R,24,MAE,0.056028199824720265,1278654,fa85569c247e4428,True,location-k4-fold0-seed0,0
persistence,CoPx_R,24,SS_vs_persistence,4.222877603154984e-11,1278654,fa85569c247e4428,True,location-k4-fold0-seed0,0
persistence,CoPx_R,24,SS_vs_seasonal,0.0021077115640039112,1278654,fa85569c247e4428,True,location-k4-fold0-seed0,0
persistence,CoPx_R,24,SS_vs_ar,-1.0767350635755961,1278654,fa85569c247e4428,True,location-k4-fold0-seed0,0
persistence,CoPx_R,25,MSE,0.02274848161288846,1278654,fa85569c247e4428,True,location-k4-fold0-seed0,0
persistence,CoPx_R,25,MAE,0.05557664597951169,1278654,fa85569c247e4428,True,location-k4-fold0-seed0,0
persistence,CoPx_R,25,SS_vs_persistence,4.3958947593125686e-11,1278654,fa85569c247e4428,True,location-k4-fold0-seed0,0
persistence,CoPx_R,25,SS_vs_seasonal,0.04676138349840342,1278654,fa85569c247e4428,True,location-k4-fold0-seed0,0
persistence,CoPx_R,25,SS_vs_ar,-0.9971296967304406,1278654,fa85569c247e4428,True,location-k4-fold0-seed0,0
persistence,CoPx_R,26,MSE,0.022970003914561325,1278654,fa85569c247e4428,True,location-k4-fold0-seed0,0
persistence,CoPx_R,26,MAE,0.055614760893073455,1278654,fa85569c247e4428,True,location-k4-fold0-seed0,0
persistence,CoPx_R,26,SS_vs_persistence,4.353495342002134e-11,1278654,fa85569c247e4428,True,location-k4-fold0-seed0,0
persistence,CoPx_R,26,SS_vs_seasonal,0.03404370508286947,1278654,fa85569c247e4428,True,location-k4-fold0-seed0,0
persistence,CoPx_R,26,SS_vs_ar,-1.0227274105961786,1278654,fa85569c247e4428,True,location-k4-fold0-seed0,0
persistence,CoPx_R,27,MSE,0.024132655271155372,1278654,fa85569c247e4428,True,location-k4-fold0-seed0,0
persistence,CoPx_R,27,MAE,0.05676110279649586,1278654,fa85569c247e4428,True,location-k4-fold0-seed0,0
persistence,CoPx_R,27,SS_vs_persistence,4.143752008189949e-11,1278654,fa85569c247e4428,True,location-k4-fold0-seed0,0
persistence,CoPx_R,27,SS_vs_seasonal,0.004528687583026381,1278654,fa85569c247e4428,True,location-k4-fold0-seed0,0
persistence,CoPx_R,27,SS_vs_ar,-1.106411105271217,1278654,fa85569c247e4428,True,location-k4-fold0-seed0,0
persistence,CoPx_R,28,MSE,0.022385093665566347,1278654,fa85569c247e4428,True,location-k4-fold0-seed0,0
persistence,CoPx_R,28,MAE,0.05590747298189766,1278654,fa85569c247e4428,True,location-k4-fold0-seed0,0
persistence,CoPx_R,28,SS_vs_persistence,4.4672487931052274e-11,1278654,fa85569c247e4428,True,location-k4-fold0-seed0,0
persistence,CoPx_R,28,SS_vs_seasonal,0.07688971178605664,1278654,fa85569c247e4428,True,location-k4-fold0-seed0,0
persistence,CoPx_R,28,SS_vs_ar,-0.9573252433670392,1278654,fa85569c247e4428,True,location-k4-fold0-seed0,0
persistence,CoPx_R,29,MSE,0.02336061860081132,1278654,fa85569c247e4428,True,location-k4-fold0-seed0,0
persistence,CoPx_R,29,MAE,0.05703799357965383,1278654,fa85569c247e4428,True,location-k4-fold0-seed0,0
persistence,CoPx_R,29,SS_vs_persistence,4.2806980182774623e-11,1278654,fa85569c247e4428,True,location-k4-fold0-seed0,0
persistence,CoPx_R,29,SS_vs_seasonal,0.026381937152961776,1278654,fa85569c247e4428,True,location-k4-fold0-seed0,0
persistence,CoPx_R,29,SS_vs_ar,-1.0275260903570014,1278654,fa85569c247e4428,True,location-k4-fold0-seed0,0
persistence,CoPx_R,30,MSE,0.02414119421620416,1278654,fa85569c247e4428,True,location-k4-fold0-seed0,0
persistence,CoPx_R,30,MAE,0.05707420814595719,1278654,fa85569c247e4428,True,location-k4-fold0-seed0,0
persistence,CoPx_R,30,SS_vs_persistence,4.142286513797444e-11,1278654,fa85569c247e4428,True,location-k4-fold0-seed0,0
persistence,CoPx_R,30,SS_vs_seasonal,-0.009538573944781081,1278654,fa85569c247e4428,True,location-k4-fold0-seed0,0
persistence,CoPx_R,30,SS_vs_ar,-1.0953379490925417,1278654,fa85569c247e4428,True,location-k4-fold0-seed0,0
persistence,CoPx_R,all,MSE,0.022003832605122117,1278654,fa85569c247e4428,True,location-k4-fold0-seed0,0
persistence,CoPx_R,all,MAE,0.05219899616237313,1278654,fa85569c247e4428,True,location-k4-fold0-seed0,0
persistence,CoPx_R,all,SS_vs_persistence,4.544653542382093e-11,1278654,fa85569c247e4428,True,location-k4-fold0-seed0,0
persistence,CoPx_R,all,SS_vs_seasonal,-0.011651714644095756,1278654,fa85569c247e4428,True,location-k4-fold0-seed0,0
persistence,CoPx_R,all,SS_vs_ar,-0.9708508364313813,1278654,fa85569c247e4428,True,location-k4-fold0-seed0,0
persistence,CoPy_R,1,MSE,0.012432868585063194,1278654,fa85569c247e4428,True,location-k4-fold0-seed0,0
persistence,CoPy_R,1,MAE,0.05657027800360237,1278654,fa85569c247e4428,True,location-k4-fold0-seed0,0
persistence,CoPy_R,1,SS_vs_persistence,8.043199439811133e-11,1278654,fa85569c247e4428,True,location-k4-fold0-seed0,0
persistence,CoPy_R,1,SS_vs_seasonal,0.12396466386309724,1278654,fa85569c247e4428,True,location-k4-fold0-seed0,0
persistence,CoPy_R,1,SS_vs_ar,-0.5454918018555448,1278654,fa85569c247e4428,True,location-k4-fold0-seed0,0
persistence,CoPy_R,2,MSE,0.013702037341004855,1278654,fa85569c247e4428,True,location-k4-fold0-seed0,0
persistence,CoPy_R,2,MAE,0.06146632141078768,1278654,fa85569c247e4428,True,location-k4-fold0-seed0,0
persistence,CoPy_R,2,SS_vs_persistence,7.298184279136422e-11,1278654,fa85569c247e4428,True,location-k4-fold0-seed0,0
persistence,CoPy_R,2,SS_vs_seasonal,0.05391890938903432,1278654,fa85569c247e4428,True,location-k4-fold0-seed0,0
persistence,CoPy_R,2,SS_vs_ar,-0.6536975754727412,1278654,fa85569c247e4428,True,location-k4-fold0-seed0,0
persistence,CoPy_R,3,MSE,0.013950034531859305,1278654,fa85569c247e4428,True,location-k4-fold0-seed0,0
persistence,CoPy_R,3,MAE,0.0627412865250342,1278654,fa85569c247e4428,True,location-k4-fold0-seed0,0
persistence,CoPy_R,3,SS_vs_persistence,7.168443616478726e-11,1278654,fa85569c247e4428,True,location-k4-fold0-seed0,0
persistence,CoPy_R,3,SS_vs_seasonal,0.024130211327969997,1278654,fa85569c247e4428,True,location-k4-fold0-seed0,0
persistence,CoPy_R,3,SS_vs_ar,-0.6776792663644067,1278654,fa85569c247e4428,True,location-k4-fold0-seed0,0
persistence,CoPy_R,4,MSE,0.01405062635046742,1278654,fa85569c247e4428,True,location-k4-fold0-seed0,0
persistence,CoPy_R,4,MAE,0.06294377415156911,1278654,fa85569c247e4428,True,location-k4-fold0-seed0,0
persistence,CoPy_R,4,SS_vs_persistence,7.117118006050305e-11,1278654,fa85569c247e4428,True,location-k4-fold0-seed0,0
persistence,CoPy_R,4,SS_vs_seasonal,0.017845771244384023,1278654,fa85569c247e4428,True,location-k4-fold0-seed0,0
persistence,CoPy_R,4,SS_vs_ar,-0.6879372644947566,1278654,fa85569c247e4428,True,location-k4-fold0-seed0,0
persistence,CoPy_R,5,MSE,0.013682888113115766,1278654,fa85569c247e4428,True,location-k4-fold0-seed0,0
persistence,CoPy_R,5,MAE,0.06303179789078149,1278654,fa85569c247e4428,True,location-k4-fold0-seed0,0
persistence,CoPy_R,5,SS_vs_persistence,7.308398330962973e-11,1278654,fa85569c247e4428,True,location-k4-fold0-seed0,0
persistence,CoPy_R,5,SS_vs_seasonal,0.04313650667162616,1278654,fa85569c247e4428,True,location-k4-fold0-seed0,0
persistence,CoPy_R,5,SS_vs_ar,-0.6461481603545647,1278654,fa85569c247e4428,True,location-k4-fold0-seed0,0
persistence,CoPy_R,6,MSE,0.013958628812335687,1278654,fa85569c247e4428,True,location-k4-fold0-seed0,0
persistence,CoPy_R,6,MAE,0.06270242422906118,1278654,fa85569c247e4428,True,location-k4-fold0-seed0,0
persistence,CoPy_R,6,SS_vs_persistence,7.164036031070964e-11,1278654,fa85569c247e4428,True,location-k4-fold0-seed0,0
persistence,CoPy_R,6,SS_vs_seasonal,0.02119553954573561,1278654,fa85569c247e4428,True,location-k4-fold0-seed0,0
persistence,CoPy_R,6,SS_vs_ar,-0.6705999799786773,1278654,fa85569c247e4428,True,location-k4-fold0-seed0,0
persistence,CoPy_R,7,MSE,0.013955264389681907,1278654,fa85569c247e4428,True,location-k4-fold0-seed0,0
persistence,CoPy_R,7,MAE,0.06374620672125278,1278654,fa85569c247e4428,True,location-k4-fold0-seed0,0
persistence,CoPy_R,7,SS_vs_persistence,7.165756876759133e-11,1278654,fa85569c247e4428,True,location-k4-fold0-seed0,0
persistence,CoPy_R,7,SS_vs_seasonal,0.014426389128034955,1278654,fa85569c247e4428,True,location-k4-fold0-seed0,0
persistence,CoPy_R,7,SS_vs_ar,-0.6638164158564144,1278654,fa85569c247e4428,True,location-k4-fold0-seed0,0
persistence,CoPy_R,8,MSE,0.014299098598670108,1278654,fa85569c247e4428,True,location-k4-fold0-seed0,0
persistence,CoPy_R,8,MAE,0.06377153576307695,1278654,fa85569c247e4428,True,location-k4-fold0-seed0,0
persistence,CoPy_R,8,SS_vs_persistence,6.993450263337309e-11,1278654,fa85569c247e4428,True,location-k4-fold0-seed0,0
persistence,CoPy_R,8,SS_vs_seasonal,-0.006120204624865844,1278654,fa85569c247e4428,True,location-k4-fold0-seed0,0
persistence,CoPy_R,8,SS_vs_ar,-0.7066143832294809,1278654,fa85569c247e4428,True,location-k4-fold0-seed0,0
persistence,CoPy_R,9,MSE,0.014217944753769439,1278654,fa85569c247e4428,True,location-k4-fold0-seed0,0
persistence,CoPy_R,9,MAE,0.06378483235300922,1278654,fa85569c247e4428,True,location-k4-fold0-seed0,0
persistence,CoPy_R,9,SS_vs_persistence,7.033373883302829e-11,1278654,fa85569c247e4428,True,location-k4-fold0-seed0,0
persistence,CoPy_R,9,SS_vs_seasonal,0.008603222825671275,1278654,fa85569c247e4428,True,location-k4-fold0-seed0,0
persistence,CoPy_R,9,SS_vs_ar,-0.6906138532602841,1278654,fa85569c247e4428,True,location-k4-fold0-seed0,0
persistence,CoPy_R,10,MSE,0.014138365229529043,1278654,fa85569c247e4428,True,location-k4-fold0-seed0,0
persistence,CoPy_R,10,MAE,0.06414858206639737,1278654,fa85569c247e4428,True,location-k4-fold0-seed0,0
persistence,CoPy_R,10,SS_vs_persistence,7.072953334130716e-11,1278654,fa85569c247e4428,True,location-k4-fold0-seed0,0
persistence,CoPy_R,10,SS_vs_seasonal,0.010457923456102747,1278654,fa85569c247e4428,True,location-k4-fold0-seed0,0
persistence,CoPy_R,10,SS_vs_ar,-0.6747649259540756,1278654,fa85569c247e4428,True,location-k4-fold0-seed0,0
persistence,CoPy_R,11,MSE,0.014955189519461327,1278654,fa85569c247e4428,True,location-k4-fold0-seed0,0
persistence,CoPy_R,11,MAE,0.06584014376119332,1278654,fa85569c247e4428,True,location-k4-fold0-seed0,0
persistence,CoPy_R,11,SS_vs_persistence,6.686640130482147e-11,1278654,fa85569c247e4428,True,location-k4-fold0-seed0,0
persistence,CoPy_R,11,SS_vs_seasonal,-0.0402083752894935,1278654,fa85569c247e4428,True,location-k4-fold0-seed0,0
persistence,CoPy_R,11,SS_vs_ar,-0.7591745029596924,1278654,fa85569c247e4428,True,location-k4-fold0-seed0,0
persistence,CoPy_R,12,MSE,0.013849682116046359,1278654,fa85569c247e4428,True,location-k4-fold0-seed0,0
persistence,CoPy_R,12,MAE,0.06473121303593218,1278654,fa85569c247e4428,True,location-k4-fold0-seed0,0
persistence,CoPy_R,12,SS_vs_persistence,7.220390951800937e-11,1278654,fa85569c247e4428,True,location-k4-fold0-seed0,0
persistence,CoPy_R,12,SS_vs_seasonal,0.017390470612341002,1278654,fa85569c247e4428,True,location-k4-fold0-seed0,0
persistence,CoPy_R,12,SS_vs_ar,-0.6341256640184076,1278654,fa85569c247e4428,True,location-k4-fold0-seed0,0
persistence,CoPy_R,13,MSE,0.014258043416041543,1278654,fa85569c247e4428,True,location-k4-fold0-seed0,0
persistence,CoPy_R,13,MAE,0.06535914501469699,1278654,fa85569c247e4428,True,location-k4-fold0-seed0,0
persistence,CoPy_R,13,SS_vs_persistence,7.013589709004009e-11,1278654,fa85569c247e4428,True,location-k4-fold0-seed0,0
persistence,CoPy_R,13,SS_vs_seasonal,-0.0012359141095419357,1278654,fa85569c247e4428,True,location-k4-fold0-seed0,0
persistence,CoPy_R,13,SS_vs_ar,-0.6697894535432427,1278654,fa85569c247e4428,True,location-k4-fold0-seed0,0
persistence,CoPy_R,14,MSE,0.014427003334750207,1278654,fa85569c247e4428,True,location-k4-fold0-seed0,0
persistence,CoPy_R,14,MAE,0.0653687558131112,1278654,fa85569c247e4428,True,location-k4-fold0-seed0,0
persistence,CoPy_R,14,SS_vs_persistence,6.931444307411994e-11,1278654,fa85569c247e4428,True,location-k4-fold0-seed0,0
persistence,CoPy_R,14,SS_vs_seasonal,-0.019031057900206205,1278654,fa85569c247e4428,True,location-k4-fold0-seed0,0
persistence,CoPy_R,14,SS_vs_ar,-0.686867815235938,1278654,fa85569c247e4428,True,location-k4-fold0-seed0,0
persistence,CoPy_R,15,MSE,0.014182528020990813,1278654,fa85569c247e4428,True,location-k4-fold0-seed0,0
persistence,CoPy_R,15,MAE,0.06480158225589526,1278654,fa85569c247e4428,True,location-k4-fold0-seed0,0
persistence,CoPy_R,15,SS_vs_persistence,7.050937611552399e-11,1278654,fa85569c247e4428,True,location-k4-fold0-seed0,0
persistence,CoPy_R,15,SS_vs_seasonal,-0.0022203772914577424,1278654,fa85569c247e4428,True,location-k4-fold0-seed0,0
persistence,CoPy_R,15,SS_vs_ar,-0.6521652461174172,1278654,fa85569c247e4428,True,location-k4-fold0-seed0,0
persistence,CoPy_R,16,MSE,0.014510940933562769,1278654,fa85569c247e4428,True,location-k4-fold0-seed0,0
persistence,CoPy_R,16,MAE,0.0655061095212705,1278654,fa85569c247e4428,True,location-k4-fold0-seed0,0
persistence,CoPy_R,16,SS_vs_persistence,6.891354153992779e-11,1278654,fa85569c247e4428,True,location-k4-fold0-seed0,0
persistence,CoPy_R,16,SS_vs_seasonal,-0.011858349203851759,1278654,fa85569c247e4428,True,location-k4-fold0-seed0,0
persistence,CoPy_R,16,SS_vs_ar,-0.6752024981726119,1278654,fa85569c247e4428,True,location-k4-fold0-seed0,0
persistence,CoPy_R,17,MSE,0.014226378610759793,1278654,fa85569c247e4428,True,location-k4-fold0-seed0,0
persistence,CoPy_R,17,MAE,0.06558621075878825,1278654,fa85569c247e4428,True,location-k4-fold0-seed0,0
persistence,CoPy_R,17,SS_vs_persistence,7.029199444730239e-11,1278654,fa85569c247e4428,True,location-k4-fold0-seed0,0
persistence,CoPy_R,17,SS_vs_seasonal,0.006478198447568473,1278654,fa85569c247e4428,True,location-k4-fold0-seed0,0
persistence,CoPy_R,17,SS_vs_ar,-0.6307787624416623,1278654,fa85569c247e4428,True,location-k4-fold0-seed0,0
persistence,CoPy_R,18,MSE,0.014633296473494043,1278654,fa85569c247e4428,True,location-k4-fold0-seed0,0
persistence,CoPy_R,18,MAE,0.0659410417779681,1278654,fa85569c247e4428,True,location-k4-fold0-seed0,0
persistence,CoPy_R,18,SS_vs_persistence,6.833733579014734e-11,1278654,fa85569c247e4428,True,location-k4-fold0-seed0,0
persistence,CoPy_R,18,SS_vs_seasonal,-0.021823735718119686,1278654,fa85569c247e4428,True,location-k4-fold0-seed0,0
persistence,CoPy_R,18,SS_vs_ar,-0.6702044016730875,1278654,fa85569c247e4428,True,location-k4-fold0-seed0,0
persistence,CoPy_R,19,MSE,0.014803189551663362,1278654,fa85569c247e4428,True,location-k4-fold0-seed0,0
persistence,CoPy_R,19,MAE,0.06616709451498472,1278654,fa85569c247e4428,True,location-k4-fold0-seed0,0
persistence,CoPy_R,19,SS_vs_persistence,6.755307424555212e-11,1278654,fa85569c247e4428,True,location-k4-fold0-seed0,0
persistence,CoPy_R,19,SS_vs_seasonal,-0.01599628054324853,1278654,fa85569c247e4428,True,location-k4-fold0-seed0,0
persistence,CoPy_R,19,SS_vs_ar,-0.6758351235487703,1278654,fa85569c247e4428,True,location-k4-fold0-seed0,0
persistence,CoPy_R,20,MSE,0.014562010179341011,1278654,fa85569c247e4428,True,location-k4-fold0-seed0,0
persistence,CoPy_R,20,MAE,0.06618530922342437,1278654,fa85569c247e4428,True,location-k4-fold0-seed0,0
persistence,CoPy_R,20,SS_vs_persistence,6.86718459874669e-11,1278654,fa85569c247e4428,True,location-k4-fold0-seed0,0
persistence,CoPy_R,20,SS_vs_seasonal,-0.0004550630698512137,1278654,fa85569c247e4428,True,location-k4-fold0-seed0,0
persistence,CoPy_R,20,SS_vs_ar,-0.6477595848714823,1278654,fa85569c247e4428,True,location-k4-fold0-seed0,0
persistence,CoPy_R,21,MSE,0.015256407397683488,1278654,fa85569c247e4428,True,location-k4-fold0-seed0,0
persistence,CoPy_R,21,MAE,0.06702505704590962,1278654,fa85569c247e4428,True,location-k4-fold0-seed0,0
persistence,CoPy_R,21,SS_vs_persistence,6.554623510623969e-11,1278654,fa85569c247e4428,True,location-k4-fold0-seed0,0
persistence,CoPy_R,21,SS_vs_seasonal,0.031047754899965918,1278654,fa85569c247e4428,True,location-k4-fold0-seed0,0
persistence,CoPy_R,21,SS_vs_ar,-0.7236535251690159,1278654,fa85569c247e4428,True,location-k4-fold0-seed0,0
persistence,CoPy_R,22,MSE,0.015311002293433656,1278654,fa85569c247e4428,True,location-k4-fold0-seed0,0
persistence,CoPy_R,22,MAE,0.06702890397084214,1278654,fa85569c247e4428,True,location-k4-fold0-seed0,0
persistence,CoPy_R,22,SS_vs_persistence,6.53125331595561e-11,1278654,fa85569c247e4428,True,location-k4-fold0-seed0,0
persistence,CoPy_R,22,SS_vs_seasonal,0.012148282735454319,1278654,fa85569c247e4428,True,location-k4-fold0-seed0,0
persistence,CoPy_R,22,SS_vs_ar,-0.7333072474482298,1278654,fa85569c247e4428,True,location-k4-fold0-seed0,0
persistence,CoPy_R,23,MSE,0.015508666136705582,1278654,fa85569c247e4428,True,location-k4-fold0-seed0,0
persistence,CoPy_R,23,MAE,0.06688688192580278,1278654,fa85569c247e4428,True,location-k4-fold0-seed0,0
persistence,CoPy_R,23,SS_vs_persistence,6.448008793569215e-11,1278654,fa85569c247e4428,True,location-k4-fold0-seed0,0
persistence,CoPy_R,23,SS_vs_seasonal,0.005843119837289468,1278654,fa85569c247e4428,True,location-k4-fold0-seed0,0
persistence,CoPy_R,23,SS_vs_ar,-0.763111614823528,1278654,fa85569c247e4428,True,location-k4-fold0-seed0,0
persistence,CoPy_R,24,MSE,0.01520377055593498,1278654,fa85569c247e4428,True,location-k4-fold0-seed0,0
persistence,CoPy_R,24,MAE,0.06589248495223768,1278654,fa85569c247e4428,True,location-k4-fold0-seed0,0
persistence,CoPy_R,24,SS_vs_persistence,6.577316469247307e-11,1278654,fa85569c247e4428,True,location-k4-fold0-seed0,0
persistence,CoPy_R,24,SS_vs_seasonal,0.03436717902017783,1278654,fa85569c247e4428,True,location-k4-fold0-seed0,0
persistence,CoPy_R,24,SS_vs_ar,-0.7334931978391821,1278654,fa85569c247e4428,True,location-k4-fold0-seed0,0
persistence,CoPy_R,25,MSE,0.014994972616554317,1278654,fa85569c247e4428,True,location-k4-fold0-seed0,0
persistence,CoPy_R,25,MAE,0.06602436206748838,1278654,fa85569c247e4428,True,location-k4-fold0-seed0,0
persistence,CoPy_R,25,SS_vs_persistence,6.668909868778883e-11,1278654,fa85569c247e4428,True,location-k4-fold0-seed0,0
persistence,CoPy_R,25,SS_vs_seasonal,0.02984336923455111,1278654,fa85569c247e4428,True,location-k4-fold0-seed0,0
persistence,CoPy_R,25,SS_vs_ar,-0.7054310668010533,1278654,fa85569c247e4428,True,location-k4-fold0-seed0,0
persistence,CoPy_R,26,MSE,0.014741774831273983,1278654,fa85569c247e4428,True,location-k4-fold0-seed0,0
persistence,CoPy_R,26,MAE,0.0669342382109464,1278654,fa85569c247e4428,True,location-k4-fold0-seed0,0
persistence,CoPy_R,26,SS_vs_persistence,6.78345157822946e-11,1278654,fa85569c247e4428,True,location-k4-fold0-seed0,0
persistence,CoPy_R,26,SS_vs_seasonal,0.033431763234378464,1278654,fa85569c247e4428,True,location-k4-fold0-seed0,0
persistence,CoPy_R,26,SS_vs_ar,-0.6799239631965073,1278654,fa85569c247e4428,True,location-k4-fold0-seed0,0
persistence,CoPy_R,27,MSE,0.015322646442458081,1278654,fa85569c247e4428,True,location-k4-fold0-seed0,0
persistence,CoPy_R,27,MAE,0.06786738310344237,1278654,fa85569c247e4428,True,location-k4-fold0-seed0,0
persistence,CoPy_R,27,SS_vs_persistence,6.526290619035535e-11,1278654,fa85569c247e4428,True,location-k4-fold0-seed0,0
persistence,CoPy_R,27,SS_vs_seasonal,0.0019053822531406306,1278654,fa85569c247e4428,True,location-k4-fold0-seed0,0
persistence,CoPy_R,27,SS_vs_ar,-0.7447399259976935,1278654,fa85569c247e4428,True,location-k4-fold0-seed0,0
persistence,CoPy_R,28,MSE,0.01564706447277486,1278654,fa85569c247e4428,True,location-k4-fold0-seed0,0
persistence,CoPy_R,28,MAE,0.06807084261917458,1278654,fa85569c247e4428,True,location-k4-fold0-seed0,0
persistence,CoPy_R,28,SS_vs_persistence,6.390965534563975e-11,1278654,fa85569c247e4428,True,location-k4-fold0-seed0,0
persistence,CoPy_R,28,SS_vs_seasonal,-0.005992736186631209,1278654,fa85569c247e4428,True,location-k4-fold0-seed0,0
persistence,CoPy_R,28,SS_vs_ar,-0.7882169038457922,1278654,fa85569c247e4428,True,location-k4-fold0-seed0,0
persistence,CoPy_R,29,MSE,0.01588494409714898,1278654,fa85569c247e4428,True,location-k4-fold0-seed0,0
persistence,CoPy_R,29,MAE,0.06852662733102555,1278654,fa85569c247e4428,True,location-k4-fold0-seed0,0
persistence,CoPy_R,29,SS_vs_persistence,6.295264309841286e-11,1278654,fa85569c247e4428,True,location-k4-fold0-seed0,0
persistence,CoPy_R,29,SS_vs_seasonal,-0.019745530313340698,1278654,fa85569c247e4428,True,location-k4-fold0-seed0,0
persistence,CoPy_R,29,SS_vs_ar,-0.8196034094664899,1278654,fa85569c247e4428,True,location-k4-fold0-seed0,0
persistence,CoPy_R,30,MSE,0.015625767091857277,1278654,fa85569c247e4428,True,location-k4-fold0-seed0,0
persistence,CoPy_R,30,MAE,0.0675349240699002,1278654,fa85569c247e4428,True,location-k4-fold0-seed0,0
persistence,CoPy_R,30,SS_vs_persistence,6.399680785307282e-11,1278654,fa85569c247e4428,True,location-k4-fold0-seed0,0
persistence,CoPy_R,30,SS_vs_seasonal,-0.011118116041172188,1278654,fa85569c247e4428,True,location-k4-fold0-seed0,0
persistence,CoPy_R,30,SS_vs_ar,-0.780762516156819,1278654,fa85569c247e4428,True,location-k4-fold0-seed0,0
persistence,CoPy_R,all,MSE,0.014543283413046677,1278654,fa85569c247e4428,True,location-k4-fold0-seed0,0
persistence,CoPy_R,all,MAE,0.06507346517486966,1278654,fa85569c247e4428,True,location-k4-fold0-seed0,0
persistence,CoPy_R,all,SS_vs_persistence,6.876033076252952e-11,1278654,fa85569c247e4428,True,location-k4-fold0-seed0,0
persistence,CoPy_R,all,SS_vs_seasonal,0.011116373996630013,1278654,fa85569c247e4428,True,location-k4-fold0-seed0,0
persistence,CoPy_R,all,SS_vs_ar,-0.6938139360194406,1278654,fa85569c247e4428,True,location-k4-fold0-seed0,0
seasonal,F_R,1,MSE,819596.2174747728,1383540,fa85569c247e4428,True,location-k4-fold0-seed0,0
seasonal,F_R,1,MAE,592.2721109786055,1383540,fa85569c247e4428,True,location-k4-fold0-seed0,0
seasonal,F_R,1,SS_vs_persistence,-0.36517481967433585,1383540,fa85569c247e4428,True,location-k4-fold0-seed0,0
seasonal,F_R,1,SS_vs_seasonal,0.0,1383540,fa85569c247e4428,True,location-k4-fold0-seed0,0
seasonal,F_R,1,SS_vs_ar,-1.034506172905004,1383540,fa85569c247e4428,True,location-k4-fold0-seed0,0
seasonal,F_R,2,MSE,824595.2981856909,1383540,fa85569c247e4428,True,location-k4-fold0-seed0,0
seasonal,F_R,2,MAE,595.2548420659284,1383540,fa85569c247e4428,True,location-k4-fold0-seed0,0
seasonal,F_R,2,SS_vs_persistence,-0.2605546370661218,1383540,fa85569c247e4428,True,location-k4-fold0-seed0,0
seasonal,F_R,2,SS_vs_seasonal,0.0,1383540,fa85569c247e4428,True,location-k4-fold0-seed0,0
seasonal,F_R,2,SS_vs_ar,-0.8998041387192344,1383540,fa85569c247e4428,True,location-k4-fold0-seed0,0
seasonal,F_R,3,MSE,832635.3846098178,1383540,fa85569c247e4428,True,location-k4-fold0-seed0,0
seasonal,F_R,3,MAE,598.305086442658,1383540,fa85569c247e4428,True,location-k4-fold0-seed0,0
seasonal,F_R,3,SS_vs_persistence,-0.18486242039716183,1383540,fa85569c247e4428,True,location-k4-fold0-seed0,0
seasonal,F_R,3,SS_vs_seasonal,0.0,1383540,fa85569c247e4428,True,location-k4-fold0-seed0,0
seasonal,F_R,3,SS_vs_ar,-0.80394663535302,1383540,fa85569c247e4428,True,location-k4-fold0-seed0,0
seasonal,F_R,4,MSE,835730.8095426231,1383540,fa85569c247e4428,True,location-k4-fold0-seed0,0
seasonal,F_R,4,MAE,599.3021150980484,1383540,fa85569c247e4428,True,location-k4-fold0-seed0,0
seasonal,F_R,4,SS_vs_persistence,-0.1490318870593692,1383540,fa85569c247e4428,True,location-k4-fold0-seed0,0
seasonal,F_R,4,SS_vs_seasonal,0.0,1383540,fa85569c247e4428,True,location-k4-fold0-seed0,0
seasonal,F_R,4,SS_vs_ar,-0.7406039697679436,1383540,fa85569c247e4428,True,location-k4-fold0-seed0,0
seasonal,F_R,5,MSE,839500.173703597,1383540,fa85569c247e4428,True,location-k4-fold0-seed0,0
seasonal,F_R,5,MAE,601.0842121947622,1383540,fa85569c247e4428,True,location-k4-fold0-seed0,0
seasonal,F_R,5,SS_vs_persistence,-0.10120383248057552,1383540,fa85569c247e4428,True,location-k4-fold0-seed0,0
seasonal,F_R,5,SS_vs_seasonal,0.0,1383540,fa85569c247e4428,True,location-k4-fold0-seed0,0
seasonal,F_R,5,SS_vs_ar,-0.6942220746859242,1383540,fa85569c247e4428,True,location-k4-fold0-seed0,0
seasonal,F_R,6,MSE,838453.2108240848,1383540,fa85569c247e4428,True,location-k4-fold0-seed0,0
seasonal,F_R,6,MAE,601.0265757218575,1383540,fa85569c247e4428,True,location-k4-fold0-seed0,0
seasonal,F_R,6,SS_vs_persistence,-0.12390009589909567,1383540,fa85569c247e4428,True,location-k4-fold0-seed0,0
seasonal,F_R,6,SS_vs_seasonal,0.0,1383540,fa85569c247e4428,True,location-k4-fold0-seed0,0
seasonal,F_R,6,SS_vs_ar,-0.6589807615382972,1383540,fa85569c247e4428,True,location-k4-fold0-seed0,0
seasonal,F_R,7,MSE,839106.8923630246,1383540,fa85569c247e4428,True,location-k4-fold0-seed0,0
seasonal,F_R,7,MAE,601.5828431639524,1383540,fa85569c247e4428,True,location-k4-fold0-seed0,0
seasonal,F_R,7,SS_vs_persistence,-0.059968093405261325,1383540,fa85569c247e4428,True,location-k4-fold0-seed0,0
seasonal,F_R,7,SS_vs_seasonal,0.0,1383540,fa85569c247e4428,True,location-k4-fold0-seed0,0
seasonal,F_R,7,SS_vs_ar,-0.6009965481137549,1383540,fa85569c247e4428,True,location-k4-fold0-seed0,0
seasonal,F_R,8,MSE,832413.8639746075,1383540,fa85569c247e4428,True,location-k4-fold0-seed0,0
seasonal,F_R,8,MAE,600.2540086749276,1383540,fa85569c247e4428,True,location-k4-fold0-seed0,0
seasonal,F_R,8,SS_vs_persistence,-0.06694068426068367,1383540,fa85569c247e4428,True,location-k4-fold0-seed0,0
seasonal,F_R,8,SS_vs_seasonal,0.0,1383540,fa85569c247e4428,True,location-k4-fold0-seed0,0
seasonal,F_R,8,SS_vs_ar,-0.5652106031430686,1383540,fa85569c247e4428,True,location-k4-fold0-seed0,0
seasonal,F_R,9,MSE,835809.1019793585,1383540,fa85569c247e4428,True,location-k4-fold0-seed0,0
seasonal,F_R,9,MAE,600.5963044188278,1383540,fa85569c247e4428,True,location-k4-fold0-seed0,0
seasonal,F_R,9,SS_vs_persistence,-0.05197771569559695,1383540,fa85569c247e4428,True,location-k4-fold0-seed0,0
seasonal,F_R,9,SS_vs_seasonal,0.0,1383540,fa85569c247e4428,True,location-k4-fold0-seed0,0
seasonal,F_R,9,SS_vs_ar,-0.5330627603654206,1383540,fa85569c247e4428,True,location-k4-fold0-seed0,0
seasonal,F_R,10,MSE,823884.3423515938,1383540,fa85569c247e4428,True,location-k4-fold0-seed0,0
seasonal,F_R,10,MAE,597.3485197522778,1383540,fa85569c247e4428,True,location-k4-fold0-seed0,0
seasonal,F_R,10,SS_vs_persistence,-0.019188979868372646,1383540,fa85569c247e4428,True,location-k4-fold0-seed0,0
seasonal,F_R,10,SS_vs_seasonal,0.0,1383540,fa85569c247e4428,True,location-k4-fold0-seed0,0
seasonal,F_R,10,SS_vs_ar,-0.475087923329264,1383540,fa85569c247e4428,True,location-k4-fold0-seed0,0
seasonal,F_R,11,MSE,940518.2049240342,1383540,fa85569c247e4428,True,location-k4-fold0-seed0,0
seasonal,F_R,11,MAE,652.2174538545738,1383540,fa85569c247e4428,True,location-k4-fold0-seed0,0
seasonal,F_R,11,SS_vs_persistence,-0.13566347064662,1383540,fa85569c247e4428,True,location-k4-fold0-seed0,0
seasonal,F_R,11,SS_vs_seasonal,0.0,1383540,fa85569c247e4428,True,location-k4-fold0-seed0,0
seasonal,F_R,11,SS_vs_ar,-0.6494641194625339,1383540,fa85569c247e4428,True,location-k4-fold0-seed0,0
seasonal,F_R,12,MSE,939366.2237651958,1383540,fa85569c247e4428,True,location-k4-fold0-seed0,0
seasonal,F_R,12,MAE,651.9316349288442,1383540,fa85569c247e4428,True,location-k4-fold0-seed0,0
seasonal,F_R,12,SS_vs_persistence,-0.10710661510386088,1383540,fa85569c247e4428,True,location-k4-fold0-seed0,0
seasonal,F_R,12,SS_vs_seasonal,0.0,1383540,fa85569c247e4428,True,location-k4-fold0-seed0,0
seasonal,F_R,12,SS_vs_ar,-0.6166538037483553,1383540,fa85569c247e4428,True,location-k4-fold0-seed0,0
seasonal,F_R,13,MSE,939381.0015824292,1383540,fa85569c247e4428,True,location-k4-fold0-seed0,0
seasonal,F_R,13,MAE,651.5443655257471,1383540,fa85569c247e4428,True,location-k4-fold0-seed0,0
seasonal,F_R,13,SS_vs_persistence,-0.09483444235924865,1383540,fa85569c247e4428,True,location-k4-fold0-seed0,0
seasonal,F_R,13,SS_vs_seasonal,0.0,1383540,fa85569c247e4428,True,location-k4-fold0-seed0,0
seasonal,F_R,13,SS_vs_ar,-0.6004229786351505,1383540,fa85569c247e4428,True,location-k4-fold0-seed0,0
seasonal,F_R,14,MSE,937601.0403098977,1383540,fa85569c247e4428,True,location-k4-fold0-seed0,0
seasonal,F_R,14,MAE,651.1478835117931,1383540,fa85569c247e4428,True,location-k4-fold0-seed0,0
seasonal,F_R,14,SS_vs_persistence,-0.08708074576512637,1383540,fa85569c247e4428,True,location-k4-fold0-seed0,0
seasonal,F_R,14,SS_vs_seasonal,0.0,1383540,fa85569c247e4428,True,location-k4-fold0-seed0,0
seasonal,F_R,14,SS_vs_ar,-0.5831868002035812,1383540,fa85569c247e4428,True,location-k4-fold0-seed0,0
seasonal,F_R,15,MSE,937879.6457418271,1383540,fa85569c247e4428,True,location-k4-fold0-seed0,0
seasonal,F_R,15,MAE,651.0176316985098,1383540,fa85569c247e4428,True,location-k4-fold0-seed0,0
seasonal,F_R,15,SS_vs_persistence,-0.1063295992358484,1383540,fa85569c247e4428,True,location-k4-fold0-seed0,0
seasonal,F_R,15,SS_vs_seasonal,0.0,1383540,fa85569c247e4428,True,location-k4-fold0-seed0,0
seasonal,F_R,15,SS_vs_ar,-0.5704478076485495,1383540,fa85569c247e4428,True,location-k4-fold0-seed0,0
seasonal,F_R,16,MSE,956446.594744454,1383540,fa85569c247e4428,True,location-k4-fold0-seed0,0
seasonal,F_R,16,MAE,655.3544566447584,1383540,fa85569c247e4428,True,location-k4-fold0-seed0,0
seasonal,F_R,16,SS_vs_persistence,-0.06606229045113454,1383540,fa85569c247e4428,True,location-k4-fold0-seed0,0
seasonal,F_R,16,SS_vs_seasonal,0.0,1383540,fa85569c247e4428,True,location-k4-fold0-seed0,0
seasonal,F_R,16,SS_vs_ar,-0.5193666684836182,1383540,fa85569c247e4428,True,location-k4-fold0-seed0,0
seasonal,F_R,17,MSE,956333.718882373,1383540,fa85569c247e4428,True,location-k4-fold0-seed0,0
seasonal,F_R,17,MAE,655.498990689898,1383540,fa85569c247e4428,True,location-k4-fold0-seed0,0
seasonal,F_R,17,SS_vs_persistence,-0.0562569118977021,1383540,fa85569c247e4428,True,location-k4-fold0-seed0,0
seasonal,F_R,17,SS_vs_seasonal,0.0,1383540,fa85569c247e4428,True,location-k4-fold0-seed0,0
seasonal,F_R,17,SS_vs_ar,-0.49452481406503956,1383540,fa85569c247e4428,True,location-k4-fold0-seed0,0
seasonal,F_R,18,MSE,954579.6583548207,1383540,fa85569c247e4428,True,location-k4-fold0-seed0,0
seasonal,F_R,18,MAE,654.8844957934419,1383540,fa85569c247e4428,True,location-k4-fold0-seed0,0
seasonal,F_R,18,SS_vs_persistence,-0.03226690290962031,1383540,fa85569c247e4428,True,location-k4-fold0-seed0,0
seasonal,F_R,18,SS_vs_seasonal,0.0,1383540,fa85569c247e4428,True,location-k4-fold0-seed0,0
seasonal,F_R,18,SS_vs_ar,-0.46511428070731164,1383540,fa85569c247e4428,True,location-k4-fold0-seed0,0
seasonal,F_R,19,MSE,954963.9510985762,1383540,fa85569c247e4428,True,location-k4-fold0-seed0,0
seasonal,F_R,19,MAE,653.9247883507558,1383540,fa85569c247e4428,True,location-k4-fold0-seed0,0
seasonal,F_R,19,SS_vs_persistence,-0.02758940065251947,1383540,fa85569c247e4428,True,location-k4-fold0-seed0,0
seasonal,F_R,19,SS_vs_seasonal,0.0,1383540,fa85569c247e4428,True,location-k4-fold0-seed0,0
seasonal,F_R,19,SS_vs_ar,-0.4461358869491492,1383540,fa85569c247e4428,True,location-k4-fold0-seed0,0
seasonal,F_R,20,MSE,943470.3767444259,1383540,fa85569c247e4428,True,location-k4-fold0-seed0,0
seasonal,F_R,20,MAE,650.8290348126595,1383540,fa85569c247e4428,True,location-k4-fold0-seed0,0
seasonal,F_R,20,SS_vs_persistence,-0.0029778822205588362,1383540,fa85569c247e4428,True,location-k4-fold0-seed0,0
seasonal,F_R,20,SS_vs_seasonal,0.0,1383540,fa85569c247e4428,True,location-k4-fold0-seed0,0
seasonal,F_R,20,SS_vs_ar,-0.4084021408962115,1383540,fa85569c247e4428,True,location-k4-fold0-seed0,0
seasonal,F_R,21,MSE,999274.390620022,1383540,fa85569c247e4428,True,location-k4-fold0-seed0,0
seasonal,F_R,21,MAE,674.2876152476307,1383540,fa85569c247e4428,True,location-k4-fold0-seed0,0
seasonal,F_R,21,SS_vs_persistence,-0.08551911333683981,1383540,fa85569c247e4428,True,location-k4-fold0-seed0,0
seasonal,F_R,21,SS_vs_seasonal,0.0,1383540,fa85569c247e4428,True,location-k4-fold0-seed0,0
seasonal,F_R,21,SS_vs_ar,-0.47873894280675655,1383540,fa85569c247e4428,True,location-k4-fold0-seed0,0
seasonal,F_R,22,MSE,1001871.566245267,1383540,fa85569c247e4428,True,location-k4-fold0-seed0,0
seasonal,F_R,22,MAE,675.3032156842823,1383540,fa85569c247e4428,True,location-k4-fold0-seed0,0
seasonal,F_R,22,SS_vs_persistence,-0.0710023283548924,1383540,fa85569c247e4428,True,location-k4-fold0-seed0,0
seasonal,F_R,22,SS_vs_seasonal,0.0,1383540,fa85569c247e4428,True,location-k4-fold0-seed0,0
seasonal,F_R,22,SS_vs_ar,-0.45654079848909634,1383540,fa85569c247e4428,True,location-k4-fold0-seed0,0
seasonal,F_R,23,MSE,1002726.6013603472,1383540,fa85569c247e4428,True,location-k4-fold0-seed0,0
seasonal,F_R,23,MAE,675.2196867423478,1383540,fa85569c247e4428,True,location-k4-fold0-seed0,0
seasonal,F_R,23,SS_vs_persistence,-0.051795621018236426,1383540,fa85569c247e4428,True,location-k4-fold0-seed0,0
seasonal,F_R,23,SS_vs_seasonal,0.0,1383540,fa85569c247e4428,True,location-k4-fold0-seed0,0
seasonal,F_R,23,SS_vs_ar,-0.4362552989416366,1383540,fa85569c247e4428,True,location-k4-fold0-seed0,0
seasonal,F_R,24,MSE,1004267.5488932948,1383540,fa85569c247e4428,True,location-k4-fold0-seed0,0
seasonal,F_R,24,MAE,675.788840905776,1383540,fa85569c247e4428,True,location-k4-fold0-seed0,0
seasonal,F_R,24,SS_vs_persistence,-0.048996788923786116,1383540,fa85569c247e4428,True,location-k4-fold0-seed0,0
seasonal,F_R,24,SS_vs_seasonal,0.0,1383540,fa85569c247e4428,True,location-k4-fold0-seed0,0
seasonal,F_R,24,SS_vs_ar,-0.4189716227735618,1383540,fa85569c247e4428,True,location-k4-fold0-seed0,0
seasonal,F_R,25,MSE,1006200.1517008762,1383540,fa85569c247e4428,True,location-k4-fold0-seed0,0
seasonal,F_R,25,MAE,676.3215944367997,1383540,fa85569c247e4428,True,location-k4-fold0-seed0,0
seasonal,F_R,25,SS_vs_persistence,-0.03157335642782866,1383540,fa85569c247e4428,True,location-k4-fold0-seed0,0
seasonal,F_R,25,SS_vs_seasonal,0.0,1383540,fa85569c247e4428,True,location-k4-fold0-seed0,0
seasonal,F_R,25,SS_vs_ar,-0.40442748705865306,1383540,fa85569c247e4428,True,location-k4-fold0-seed0,0
seasonal,F_R,26,MSE,1010688.3989551994,1383540,fa85569c247e4428,True,location-k4-fold0-seed0,0
seasonal,F_R,26,MAE,677.5815172936983,1383540,fa85569c247e4428,True,location-k4-fold0-seed0,0
seasonal,F_R,26,SS_vs_persistence,-0.020173523764538626,1383540,fa85569c247e4428,True,location-k4-fold0-seed0,0
seasonal,F_R,26,SS_vs_seasonal,0.0,1383540,fa85569c247e4428,True,location-k4-fold0-seed0,0
seasonal,F_R,26,SS_vs_ar,-0.39442664444530484,1383540,fa85569c247e4428,True,location-k4-fold0-seed0,0
seasonal,F_R,27,MSE,1011887.9688158552,1383540,fa85569c247e4428,True,location-k4-fold0-seed0,0
seasonal,F_R,27,MAE,677.982636566076,1383540,fa85569c247e4428,True,location-k4-fold0-seed0,0
seasonal,F_R,27,SS_vs_persistence,-0.0028988157266589543,1383540,fa85569c247e4428,True,location-k4-fold0-seed0,0
seasonal,F_R,27,SS_vs_seasonal,0.0,1383540,fa85569c247e4428,True,location-k4-fold0-seed0,0
seasonal,F_R,27,SS_vs_ar,-0.37990891046352515,1383540,fa85569c247e4428,True,location-k4-fold0-seed0,0
seasonal,F_R,28,MSE,1011395.6477485215,1383540,fa85569c247e4428,True,location-k4-fold0-seed0,0
seasonal,F_R,28,MAE,677.841125162711,1383540,fa85569c247e4428,True,location-k4-fold0-seed0,0
seasonal,F_R,28,SS_vs_persistence,-0.0037792932469269402,1383540,fa85569c247e4428,True,location-k4-fold0-seed0,0
seasonal,F_R,28,SS_vs_seasonal,0.0,1383540,fa85569c247e4428,True,location-k4-fold0-seed0,0
seasonal,F_R,28,SS_vs_ar,-0.37156468423362954,1383540,fa85569c247e4428,True,location-k4-fold0-seed0,0
seasonal,F_R,29,MSE,1013212.2203325728,1383540,fa85569c247e4428,True,location-k4-fold0-seed0,0
seasonal,F_R,29,MAE,678.1905626789736,1383540,fa85569c247e4428,True,location-k4-fold0-seed0,0
seasonal,F_R,29,SS_vs_persistence,0.0015561402014786507,1383540,fa85569c247e4428,True,location-k4-fold0-seed0,0
seasonal,F_R,29,SS_vs_seasonal,0.0,1383540,fa85569c247e4428,True,location-k4-fold0-seed0,0
seasonal,F_R,29,SS_vs_ar,-0.36364735876608045,1383540,fa85569c247e4428,True,location-k4-fold0-seed0,0
seasonal,F_R,30,MSE,1000259.025101868,1383540,fa85569c247e4428,True,location-k4-fold0-seed0,0
seasonal,F_R,30,MAE,675.5831939010392,1383540,fa85569c247e4428,True,location-k4-fold0-seed0,0
seasonal,F_R,30,SS_vs_persistence,-0.0029502065166158165,1383540,fa85569c247e4428,True,location-k4-fold0-seed0,0
seasonal,F_R,30,SS_vs_seasonal,0.0,1383540,fa85569c247e4428,True,location-k4-fold0-seed0,0
seasonal,F_R,30,SS_vs_ar,-0.3442653219685956,1383540,fa85569c247e4428,True,location-k4-fold0-seed0,0
seasonal,F_R,all,MSE,928134.9743668352,1383540,fa85569c247e4428,True,location-k4-fold0-seed0,0
seasonal,F_R,all,MAE,642.6492447647388,1383540,fa85569c247e4428,True,location-k4-fold0-seed0,0
seasonal,F_R,all,SS_vs_persistence,-0.07210697653472042,1383540,fa85569c247e4428,True,location-k4-fold0-seed0,0
seasonal,F_R,all,SS_vs_seasonal,0.0,1383540,fa85569c247e4428,True,location-k4-fold0-seed0,0
seasonal,F_R,all,SS_vs_ar,-0.5226522056350538,1383540,fa85569c247e4428,True,location-k4-fold0-seed0,0
seasonal,CoPx_R,1,MSE,0.01965311682283789,1278654,fa85569c247e4428,True,location-k4-fold0-seed0,0
seasonal,CoPx_R,1,MAE,0.04980289605691014,1278654,fa85569c247e4428,True,location-k4-fold0-seed0,0
seasonal,CoPx_R,1,SS_vs_persistence,-0.045655316028497595,1278654,fa85569c247e4428,True,location-k4-fold0-seed0,0
seasonal,CoPx_R,1,SS_vs_seasonal,5.0882409396990624e-11,1278654,fa85569c247e4428,True,location-k4-fold0-seed0,0
seasonal,CoPx_R,1,SS_vs_ar,-0.762635700499595,1278654,fa85569c247e4428,True,location-k4-fold0-seed0,0
seasonal,CoPx_R,2,MSE,0.020404189941312618,1278654,fa85569c247e4428,True,location-k4-fold0-seed0,0
seasonal,CoPx_R,2,MAE,0.05046016690410344,1278654,fa85569c247e4428,True,location-k4-fold0-seed0,0
seasonal,CoPx_R,2,SS_vs_persistence,0.05131416689291002,1278654,fa85569c247e4428,True,location-k4-fold0-seed0,0
seasonal,CoPx_R,2,SS_vs_seasonal,4.9009463154447985e-11,1278654,fa85569c247e4428,True,location-k4-fold0-seed0,0
seasonal,CoPx_R,2,SS_vs_ar,-0.803965872487437,1278654,fa85569c247e4428,True,location-k4-fold0-seed0,0
seasonal,CoPx_R,3,MSE,0.0204382352962657,1278654,fa85569c247e4428,True,location-k4-fold0-seed0,0
seasonal,CoPx_R,3,MAE,0.05067889287056515,1278654,fa85569c247e4428,True,location-k4-fold0-seed0,0
seasonal,CoPx_R,3,SS_vs_persistence,0.02627732175577957,1278654,fa85569c247e4428,True,location-k4-fold0-seed0,0
seasonal,CoPx_R,3,SS_vs_seasonal,4.8927861762138036e-11,1278654,fa85569c247e4428,True,location-k4-fold0-seed0,0
seasonal,CoPx_R,3,SS_vs_ar,-0.8232816351579952,1278654,fa85569c247e4428,True,location-k4-fold0-seed0,0
seasonal,CoPx_R,4,MSE,0.02016821946376197,1278654,fa85569c247e4428,True,location-k4-fold0-seed0,0
seasonal,CoPx_R,4,MAE,0.050550329731001355,1278654,fa85569c247e4428,True,location-k4-fold0-seed0,0
seasonal,CoPx_R,4,SS_vs_persistence,0.022107350009799687,1278654,fa85569c247e4428,True,location-k4-fold0-seed0,0
seasonal,CoPx_R,4,SS_vs_seasonal,4.958289334666688e-11,1278654,fa85569c247e4428,True,location-k4-fold0-seed0,0
seasonal,CoPx_R,4,SS_vs_ar,-0.8170578984234429,1278654,fa85569c247e4428,True,location-k4-fold0-seed0,0
seasonal,CoPx_R,5,MSE,0.021026406060080556,1278654,fa85569c247e4428,True,location-k4-fold0-seed0,0
seasonal,CoPx_R,5,MAE,0.05095245824714862,1278654,fa85569c247e4428,True,location-k4-fold0-seed0,0
seasonal,CoPx_R,5,SS_vs_persistence,0.02547445977502749,1278654,fa85569c247e4428,True,location-k4-fold0-seed0,0
seasonal,CoPx_R,5,SS_vs_seasonal,4.7559178817380143e-11,1278654,fa85569c247e4428,True,location-k4-fold0-seed0,0
seasonal,CoPx_R,5,SS_vs_ar,-0.9151900624376996,1278654,fa85569c247e4428,True,location-k4-fold0-seed0,0
seasonal,CoPx_R,6,MSE,0.021052312618087154,1278654,fa85569c247e4428,True,location-k4-fold0-seed0,0
seasonal,CoPx_R,6,MAE,0.0510373479482148,1278654,fa85569c247e4428,True,location-k4-fold0-seed0,0
seasonal,CoPx_R,6,SS_vs_persistence,0.03465370460998218,1278654,fa85569c247e4428,True,location-k4-fold0-seed0,0
seasonal,CoPx_R,6,SS_vs_seasonal,4.75006700639824e-11,1278654,fa85569c247e4428,True,location-k4-fold0-seed0,0
seasonal,CoPx_R,6,SS_vs_ar,-0.9331026963942086,1278654,fa85569c247e4428,True,location-k4-fold0-seed0,0
seasonal,CoPx_R,7,MSE,0.020250189932006418,1278654,fa85569c247e4428,True,location-k4-fold0-seed0,0
seasonal,CoPx_R,7,MAE,0.05062834770735935,1278654,fa85569c247e4428,True,location-k4-fold0-seed0,0
seasonal,CoPx_R,7,SS_vs_persistence,-0.0104306137282566,1278654,fa85569c247e4428,True,location-k4-fold0-seed0,0
seasonal,CoPx_R,7,SS_vs_seasonal,4.938216502381465e-11,1278654,fa85569c247e4428,True,location-k4-fold0-seed0,0
seasonal,CoPx_R,7,SS_vs_ar,-0.8780237224174625,1278654,fa85569c247e4428,True,location-k4-fold0-seed0,0
seasonal,CoPx_R,8,MSE,0.020704072043268712,1278654,fa85569c247e4428,True,location-k4-fold0-seed0,0
seasonal,CoPx_R,8,MAE,0.05081277240593665,1278654,fa85569c247e4428,True,location-k4-fold0-seed0,0
seasonal,CoPx_R,8,SS_vs_persistence,0.012133395053358309,1278654,fa85569c247e4428,True,location-k4-fold0-seed0,0
seasonal,CoPx_R,8,SS_vs_seasonal,4.829958655250266e-11,1278654,fa85569c247e4428,True,location-k4-fold0-seed0,0
seasonal,CoPx_R,8,SS_vs_ar,-0.913730060832574,1278654,fa85569c247e4428,True,location-k4-fold0-seed0,0
seasonal,CoPx_R,9,MSE,0.020750365207017327,1278654,fa85569c247e4428,True,location-k4-fold0-seed0,0
seasonal,CoPx_R,9,MAE,0.05085370277559786,1278654,fa85569c247e4428,True,location-k4-fold0-seed0,0
seasonal,CoPx_R,9,SS_vs_persistence,-0.005141335912610678,1278654,fa85569c247e4428,True,location-k4-fold0-seed0,0
seasonal,CoPx_R,9,SS_vs_seasonal,4.819189491911402e-11,1278654,fa85569c247e4428,True,location-k4-fold0-seed0,0
seasonal,CoPx_R,9,SS_vs_ar,-0.9275637542014263,1278654,fa85569c247e4428,True,location-k4-fold0-seed0,0
seasonal,CoPx_R,10,MSE,0.02079327255373941,1278654,fa85569c247e4428,True,location-k4-fold0-seed0,0
seasonal,CoPx_R,10,MAE,0.050780580636028014,1278654,fa85569c247e4428,True,location-k4-fold0-seed0,0
seasonal,CoPx_R,10,SS_vs_persistence,0.011460800678821048,1278654,fa85569c247e4428,True,location-k4-fold0-seed0,0
seasonal,CoPx_R,10,SS_vs_seasonal,4.8092418936107606e-11,1278654,fa85569c247e4428,True,location-k4-fold0-seed0,0
seasonal,CoPx_R,10,SS_vs_ar,-0.9314603908584789,1278654,fa85569c247e4428,True,location-k4-fold0-seed0,0
seasonal,CoPx_R,11,MSE,0.01965958274701796,1278654,fa85569c247e4428,True,location-k4-fold0-seed0,0
seasonal,CoPx_R,11,MAE,0.053455954481235114,1278654,fa85569c247e4428,True,location-k4-fold0-seed0,0
seasonal,CoPx_R,11,SS_vs_persistence,0.08562535369972435,1278654,fa85569c247e4428,True,location-k4-fold0-seed0,0
seasonal,CoPx_R,11,SS_vs_seasonal,5.086575605162125e-11,1278654,fa85569c247e4428,True,location-k4-fold0-seed0,0
seasonal,CoPx_R,11,SS_vs_ar,-0.8205670231146764,1278654,fa85569c247e4428,True,location-k4-fold0-seed0,0
seasonal,CoPx_R,12,MSE,0.01963053472001163,1278654,fa85569c247e4428,True,location-k4-fold0-seed0,0
seasonal,CoPx_R,12,MAE,0.053362993403798235,1278654,fa85569c247e4428,True,location-k4-fold0-seed0,0
seasonal,CoPx_R,12,SS_vs_persistence,0.10868660199285984,1278654,fa85569c247e4428,True,location-k4-fold0-seed0,0
seasonal,CoPx_R,12,SS_vs_seasonal,5.094102917269083e-11,1278654,fa85569c247e4428,True,location-k4-fold0-seed0,0
seasonal,CoPx_R,12,SS_vs_ar,-0.8295982870644967,1278654,fa85569c247e4428,True,location-k4-fold0-seed0,0
seasonal,CoPx_R,13,MSE,0.020327082433203372,1278654,fa85569c247e4428,True,location-k4-fold0-seed0,0
seasonal,CoPx_R,13,MAE,0.053588872899685364,1278654,fa85569c247e4428,True,location-k4-fold0-seed0,0
seasonal,CoPx_R,13,SS_vs_persistence,0.0679515328015905,1278654,fa85569c247e4428,True,location-k4-fold0-seed0,0
seasonal,CoPx_R,13,SS_vs_seasonal,4.91954255110727e-11,1278654,fa85569c247e4428,True,location-k4-fold0-seed0,0
seasonal,CoPx_R,13,SS_vs_ar,-0.8792197660513499,1278654,fa85569c247e4428,True,location-k4-fold0-seed0,0
seasonal,CoPx_R,14,MSE,0.02050693566092466,1278654,fa85569c247e4428,True,location-k4-fold0-seed0,0
seasonal,CoPx_R,14,MAE,0.05370542982857954,1278654,fa85569c247e4428,True,location-k4-fold0-seed0,0
seasonal,CoPx_R,14,SS_vs_persistence,0.07917083936696523,1278654,fa85569c247e4428,True,location-k4-fold0-seed0,0
seasonal,CoPx_R,14,SS_vs_seasonal,4.87638818214009e-11,1278654,fa85569c247e4428,True,location-k4-fold0-seed0,0
seasonal,CoPx_R,14,SS_vs_ar,-0.8716924740435898,1278654,fa85569c247e4428,True,location-k4-fold0-seed0,0
seasonal,CoPx_R,15,MSE,0.020693458569796316,1278654,fa85569c247e4428,True,location-k4-fold0-seed0,0
seasonal,CoPx_R,15,MAE,0.05374557176203959,1278654,fa85569c247e4428,True,location-k4-fold0-seed0,0
seasonal,CoPx_R,15,SS_vs_persistence,0.0365415567034576,1278654,fa85569c247e4428,True,location-k4-fold0-seed0,0
seasonal,CoPx_R,15,SS_vs_seasonal,4.83243445259518e-11,1278654,fa85569c247e4428,True,location-k4-fold0-seed0,0
seasonal,CoPx_R,15,SS_vs_ar,-0.8989087343917348,1278654,fa85569c247e4428,True,location-k4-fold0-seed0,0
seasonal,CoPx_R,16,MSE,0.02083505890559903,1278654,fa85569c247e4428,True,location-k4-fold0-seed0,0
seasonal,CoPx_R,16,MAE,0.053777737162272285,1278654,fa85569c247e4428,True,location-k4-fold0-seed0,0
seasonal,CoPx_R,16,SS_vs_persistence,0.0301852705308312,1278654,fa85569c247e4428,True,location-k4-fold0-seed0,0
seasonal,CoPx_R,16,SS_vs_seasonal,4.799594055526768e-11,1278654,fa85569c247e4428,True,location-k4-fold0-seed0,0
seasonal,CoPx_R,16,SS_vs_ar,-0.88262296980675,1278654,fa85569c247e4428,True,location-k4-fold0-seed0,0
seasonal,CoPx_R,17,MSE,0.021425162114665976,1278654,fa85569c247e4428,True,location-k4-fold0-seed0,0
seasonal,CoPx_R,17,MAE,0.05396396155323074,1278654,fa85569c247e4428,True,location-k4-fold0-seed0,0
seasonal,CoPx_R,17,SS_vs_persistence,0.042735994935422905,1278654,fa85569c247e4428,True,location-k4-fold0-seed0,0
seasonal,CoPx_R,17,SS_vs_seasonal,4.6673997999846506e-11,1278654,fa85569c247e4428,True,location-k4-fold0-seed0,0
seasonal,CoPx_R,17,SS_vs_ar,-0.8927649303612373,1278654,fa85569c247e4428,True,location-k4-fold0-seed0,0
seasonal,CoPx_R,18,MSE,0.021489402567363886,1278654,fa85569c247e4428,True,location-k4-fold0-seed0,0
seasonal,CoPx_R,18,MAE,0.053917214348924034,1278654,fa85569c247e4428,True,location-k4-fold0-seed0,0
seasonal,CoPx_R,18,SS_vs_persistence,0.04691900585192521,1278654,fa85569c247e4428,True,location-k4-fold0-seed0,0
seasonal,CoPx_R,18,SS_vs_seasonal,4.6534553987953586e-11,1278654,fa85569c247e4428,True,location-k4-fold0-seed0,0
seasonal,CoPx_R,18,SS_vs_ar,-0.8937213262101582,1278654,fa85569c247e4428,True,location-k4-fold0-seed0,0
seasonal,CoPx_R,19,MSE,0.021492114674660064,1278654,fa85569c247e4428,True,location-k4-fold0-seed0,0
seasonal,CoPx_R,19,MAE,0.05388006990699809,1278654,fa85569c247e4428,True,location-k4-fold0-seed0,0
seasonal,CoPx_R,19,SS_vs_persistence,0.0034851200948615713,1278654,fa85569c247e4428,True,location-k4-fold0-seed0,0
seasonal,CoPx_R,19,SS_vs_seasonal,4.652866980592307e-11,1278654,fa85569c247e4428,True,location-k4-fold0-seed0,0
seasonal,CoPx_R,19,SS_vs_ar,-0.8924565113202305,1278654,fa85569c247e4428,True,location-k4-fold0-seed0,0
seasonal,CoPx_R,20,MSE,0.021925177774010773,1278654,fa85569c247e4428,True,location-k4-fold0-seed0,0
seasonal,CoPx_R,20,MAE,0.05402338720497747,1278654,fa85569c247e4428,True,location-k4-fold0-seed0,0
seasonal,CoPx_R,20,SS_vs_persistence,0.014620560316523479,1278654,fa85569c247e4428,True,location-k4-fold0-seed0,0
seasonal,CoPx_R,20,SS_vs_seasonal,4.560962718613837e-11,1278654,fa85569c247e4428,True,location-k4-fold0-seed0,0
seasonal,CoPx_R,20,SS_vs_ar,-0.9137116158435148,1278654,fa85569c247e4428,True,location-k4-fold0-seed0,0
seasonal,CoPx_R,21,MSE,0.023832490355589035,1278654,fa85569c247e4428,True,location-k4-fold0-seed0,0
seasonal,CoPx_R,21,MAE,0.0569261036698785,1278654,fa85569c247e4428,True,location-k4-fold0-seed0,0
seasonal,CoPx_R,21,SS_vs_persistence,-0.058266528695613884,1278654,fa85569c247e4428,True,location-k4-fold0-seed0,0
seasonal,CoPx_R,21,SS_vs_seasonal,4.195943592577578e-11,1278654,fa85569c247e4428,True,location-k4-fold0-seed0,0
seasonal,CoPx_R,21,SS_vs_ar,-1.0729343631396007,1278654,fa85569c247e4428,True,location-k4-fold0-seed0,0
seasonal,CoPx_R,22,MSE,0.02393848024593606,1278654,fa85569c247e4428,True,location-k4-fold0-seed0,0
seasonal,CoPx_R,22,MAE,0.05686188168856003,1278654,fa85569c247e4428,True,location-k4-fold0-seed0,0
seasonal,CoPx_R,22,SS_vs_persistence,-0.0033297000629983753,1278654,fa85569c247e4428,True,location-k4-fold0-seed0,0
seasonal,CoPx_R,22,SS_vs_seasonal,4.177369561375599e-11,1278654,fa85569c247e4428,True,location-k4-fold0-seed0,0
seasonal,CoPx_R,22,SS_vs_ar,-1.0894791136782365,1278654,fa85569c247e4428,True,location-k4-fold0-seed0,0
seasonal,CoPx_R,23,MSE,0.02373032325652973,1278654,fa85569c247e4428,True,location-k4-fold0-seed0,0
seasonal,CoPx_R,23,MAE,0.05669858766248512,1278654,fa85569c247e4428,True,location-k4-fold0-seed0,0
seasonal,CoPx_R,23,SS_vs_persistence,-0.031025759892403526,1278654,fa85569c247e4428,True,location-k4-fold0-seed0,0
seasonal,CoPx_R,23,SS_vs_seasonal,4.214006921188229e-11,1278654,fa85569c247e4428,True,location-k4-fold0-seed0,0
seasonal,CoPx_R,23,SS_vs_ar,-1.0852486004160142,1278654,fa85569c247e4428,True,location-k4-fold0-seed0,0
seasonal,CoPx_R,24,MSE,0.023730496467729085,1278654,fa85569c247e4428,True,location-k4-fold0-seed0,0
seasonal,CoPx_R,24,MAE,0.05665791354697952,1278654,fa85569c247e4428,True,location-k4-fold0-seed0,0
seasonal,CoPx_R,24,SS_vs_persistence,-0.002112163310670212,1278654,fa85569c247e4428,True,location-k4-fold0-seed0,0
seasonal,CoPx_R,24,SS_vs_seasonal,4.2139847167277367e-11,1278654,fa85569c247e4428,True,location-k4-fold0-seed0,0
seasonal,CoPx_R,24,SS_vs_ar,-1.081121467270746,1278654,fa85569c247e4428,True,location-k4-fold0-seed0,0
seasonal,CoPx_R,25,MSE,0.023864414657709287,1278654,fa85569c247e4428,True,location-k4-fold0-seed0,0
seasonal,CoPx_R,25,MAE,0.05669402290127366,1278654,fa85569c247e4428,True,location-k4-fold0-seed0,0
seasonal,CoPx_R,25,SS_vs_persistence,-0.049055275985520064,1278654,fa85569c247e4428,True,location-k4-fold0-seed0,0
seasonal,CoPx_R,25,SS_vs_seasonal,4.190336966303221e-11,1278654,fa85569c247e4428,True,location-k4-fold0-seed0,0
seasonal,CoPx_R,25,SS_vs_ar,-1.0950994452745286,1278654,fa85569c247e4428,True,location-k4-fold0-seed0,0
seasonal,CoPx_R,26,MSE,0.023779547826815465,1278654,fa85569c247e4428,True,location-k4-fold0-seed0,0
seasonal,CoPx_R,26,MAE,0.056613183591904585,1278654,fa85569c247e4428,True,location-k4-fold0-seed0,0
seasonal,CoPx_R,26,SS_vs_persistence,-0.03524352517439944,1278654,fa85569c247e4428,True,location-k4-fold0-seed0,0
seasonal,CoPx_R,26,SS_vs_seasonal,4.205291670444922e-11,1278654,fa85569c247e4428,True,location-k4-fold0-seed0,0
seasonal,CoPx_R,26,SS_vs_ar,-1.0940154551036358,1278654,fa85569c247e4428,True,location-k4-fold0-seed0,0
seasonal,CoPx_R,27,MSE,0.024242441714936575,1278654,fa85569c247e4428,True,location-k4-fold0-seed0,0
seasonal,CoPx_R,27,MAE,0.05683428098487857,1278654,fa85569c247e4428,True,location-k4-fold0-seed0,0
seasonal,CoPx_R,27,SS_vs_persistence,-0.004549289812624924,1278654,fa85569c247e4428,True,location-k4-fold0-seed0,0
seasonal,CoPx_R,27,SS_vs_seasonal,4.124989239073784e-11,1278654,fa85569c247e4428,True,location-k4-fold0-seed0,0
seasonal,CoPx_R,27,SS_vs_ar,-1.1159937799413089,1278654,fa85569c247e4428,True,location-k4-fold0-seed0,0
seasonal,CoPx_R,28,MSE,0.024249641619696897,1278654,fa85569c247e4428,True,location-k4-fold0-seed0,0
seasonal,CoPx_R,28,MAE,0.056792431695228594,1278654,fa85569c247e4428,True,location-k4-fold0-seed0,0
seasonal,CoPx_R,28,SS_vs_persistence,-0.08329417696006258,1278654,fa85569c247e4428,True,location-k4-fold0-seed0,0
seasonal,CoPx_R,28,SS_vs_seasonal,4.1237679937466964e-11,1278654,fa85569c247e4428,True,location-k4-fold0-seed0,0
seasonal,CoPx_R,28,SS_vs_ar,-1.1203590386511726,1278654,fa85569c247e4428,True,location-k4-fold0-seed0,0
seasonal,CoPx_R,29,MSE,0.02399361668735578,1278654,fa85569c247e4428,True,location-k4-fold0-seed0,0
seasonal,CoPx_R,29,MAE,0.05674079686354381,1278654,fa85569c247e4428,True,location-k4-fold0-seed0,0
seasonal,CoPx_R,29,SS_vs_persistence,-0.02709680322829211,1278654,fa85569c247e4428,True,location-k4-fold0-seed0,0
seasonal,CoPx_R,29,SS_vs_seasonal,4.1677661322125914e-11,1278654,fa85569c247e4428,True,location-k4-fold0-seed0,0
seasonal,CoPx_R,29,SS_vs_ar,-1.0824655659567775,1278654,fa85569c247e4428,True,location-k4-fold0-seed0,0
seasonal,CoPx_R,30,MSE,0.023913097367704028,1278654,fa85569c247e4428,True,location-k4-fold0-seed0,0
seasonal,CoPx_R,30,MAE,0.05664265487381873,1278654,fa85569c247e4428,True,location-k4-fold0-seed0,0
seasonal,CoPx_R,30,SS_vs_persistence,0.00944844929575095,1278654,fa85569c247e4428,True,location-k4-fold0-seed0,0
seasonal,CoPx_R,30,SS_vs_seasonal,4.1817993512438534e-11,1278654,fa85569c247e4428,True,location-k4-fold0-seed0,0
seasonal,CoPx_R,30,SS_vs_ar,-1.0755402548090527,1278654,fa85569c247e4428,True,location-k4-fold0-seed0,0
seasonal,CoPx_R,all,MSE,0.021750403113636324,1278654,fa85569c247e4428,True,location-k4-fold0-seed0,0
seasonal,CoPx_R,all,MAE,0.05371544462122818,1278654,fa85569c247e4428,True,location-k4-fold0-seed0,0
seasonal,CoPx_R,all,SS_vs_persistence,0.011517515926533606,1278654,fa85569c247e4428,True,location-k4-fold0-seed0,0
seasonal,CoPx_R,all,SS_vs_seasonal,4.597611180656713e-11,1278654,fa85569c247e4428,True,location-k4-fold0-seed0,0
seasonal,CoPx_R,all,SS_vs_ar,-0.9481515306224977,1278654,fa85569c247e4428,True,location-k4-fold0-seed0,0
seasonal,CoPy_R,1,MSE,0.014192199870627373,1278654,fa85569c247e4428,True,location-k4-fold0-seed0,0
seasonal,CoPy_R,1,MAE,0.06381147817063622,1278654,fa85569c247e4428,True,location-k4-fold0-seed0,0
seasonal,CoPy_R,1,SS_vs_persistence,-0.14150646509175901,1278654,fa85569c247e4428,True,location-k4-fold0-seed0,0
seasonal,CoPy_R,1,SS_vs_seasonal,7.046130345855772e-11,1278654,fa85569c247e4428,True,location-k4-fold0-seed0,0
seasonal,CoPy_R,1,SS_vs_ar,-0.7641888837063135,1278654,fa85569c247e4428,True,location-k4-fold0-seed0,0
seasonal,CoPy_R,2,MSE,0.014482941764759501,1278654,fa85569c247e4428,True,location-k4-fold0-seed0,0
seasonal,CoPy_R,2,MAE,0.06428878179079923,1278654,fa85569c247e4428,True,location-k4-fold0-seed0,0
seasonal,CoPy_R,2,SS_vs_persistence,-0.0569918475087432,1278654,fa85569c247e4428,True,location-k4-fold0-seed0,0
seasonal,CoPy_R,2,SS_vs_seasonal,6.904676830288281e-11,1278654,fa85569c247e4428,True,location-k4-fold0-seed0,0
seasonal,CoPy_R,2,SS_vs_ar,-0.7479448556472306,1278654,fa85569c247e4428,True,location-k4-fold0-seed0,0
seasonal,CoPy_R,3,MSE,0.014294975305943975,1278654,fa85569c247e4428,True,location-k4-fold0-seed0,0
seasonal,CoPy_R,3,MAE,0.06429943018662514,1278654,fa85569c247e4428,True,location-k4-fold0-seed0,0
seasonal,CoPy_R,3,SS_vs_persistence,-0.024726875927952863,1278654,fa85569c247e4428,True,location-k4-fold0-seed0,0
seasonal,CoPy_R,3,SS_vs_seasonal,6.995470869242126e-11,1278654,fa85569c247e4428,True,location-k4-fold0-seed0,0
seasonal,CoPy_R,3,SS_vs_ar,-0.7191630335539356,1278654,fa85569c247e4428,True,location-k4-fold0-seed0,0
seasonal,CoPy_R,4,MSE,0.01430592664380963,1278654,fa85569c247e4428,True,location-k4-fold0-seed0,0
seasonal,CoPy_R,4,MAE,0.06429362517469074,1278654,fa85569c247e4428,True,location-k4-fold0-seed0,0
seasonal,CoPy_R,4,SS_vs_persistence,-0.018170029289516165,1278654,fa85569c247e4428,True,location-k4-fold0-seed0,0
seasonal,CoPy_R,4,SS_vs_seasonal,6.990108492033187e-11,1278654,fa85569c247e4428,True,location-k4-fold0-seed0,0
seasonal,CoPy_R,4,SS_vs_ar,-0.7186071341518072,1278654,fa85569c247e4428,True,location-k4-fold0-seed0,0
seasonal,CoPy_R,5,MSE,0.014299728443567285,1278654,fa85569c247e4428,True,location-k4-fold0-seed0,0
seasonal,CoPy_R,5,MAE,0.06427190428484988,1278654,fa85569c247e4428,True,location-k4-fold0-seed0,0
seasonal,CoPy_R,5,SS_vs_persistence,-0.045081149849874436,1278654,fa85569c247e4428,True,location-k4-fold0-seed0,0
seasonal,CoPy_R,5,SS_vs_seasonal,6.993139400890414e-11,1278654,fa85569c247e4428,True,location-k4-fold0-seed0,0
seasonal,CoPy_R,5,SS_vs_ar,-0.7203584123723346,1278654,fa85569c247e4428,True,location-k4-fold0-seed0,0
seasonal,CoPy_R,6,MSE,0.01426089620073724,1278654,fa85569c247e4428,True,location-k4-fold0-seed0,0
seasonal,CoPy_R,6,MAE,0.06434344155025157,1278654,fa85569c247e4428,True,location-k4-fold0-seed0,0
seasonal,CoPy_R,6,SS_vs_persistence,-0.02165451860950518,1278654,fa85569c247e4428,True,location-k4-fold0-seed0,0
seasonal,CoPy_R,6,SS_vs_seasonal,7.012179725762735e-11,1278654,fa85569c247e4428,True,location-k4-fold0-seed0,0
seasonal,CoPy_R,6,SS_vs_ar,-0.7067760184564384,1278654,fa85569c247e4428,True,location-k4-fold0-seed0,0
seasonal,CoPy_R,7,MSE,0.01415953535560851,1278654,fa85569c247e4428,True,location-k4-fold0-seed0,0
seasonal,CoPy_R,7,MAE,0.06432080844965293,1278654,fa85569c247e4428,True,location-k4-fold0-seed0,0
seasonal,CoPy_R,7,SS_vs_persistence,-0.01463755606543704,1278654,fa85569c247e4428,True,location-k4-fold0-seed0,0
seasonal,CoPy_R,7,SS_vs_seasonal,7.062384010936285e-11,1278654,fa85569c247e4428,True,location-k4-fold0-seed0,0
seasonal,CoPy_R,7,SS_vs_ar,-0.6881706220470774,1278654,fa85569c247e4428,True,location-k4-fold0-seed0,0
seasonal,CoPy_R,8,MSE,0.01421211753022636,1278654,fa85569c247e4428,True,location-k4-fold0-seed0,0
seasonal,CoPy_R,8,MAE,0.06426396510924265,1278654,fa85569c247e4428,True,location-k4-fold0-seed0,0
seasonal,CoPy_R,8,SS_vs_persistence,0.006082975709095106,1278654,fa85569c247e4428,True,location-k4-fold0-seed0,0
seasonal,CoPy_R,8,SS_vs_seasonal,7.036249360936608e-11,1278654,fa85569c247e4428,True,location-k4-fold0-seed0,0
seasonal,CoPy_R,8,SS_vs_ar,-0.6962330895101287,1278654,fa85569c247e4428,True,location-k4-fold0-seed0,0
seasonal,CoPy_R,9,MSE,0.014341326379234272,1278654,fa85569c247e4428,True,location-k4-fold0-seed0,0
seasonal,CoPy_R,9,MAE,0.06427869126579336,1278654,fa85569c247e4428,True,location-k4-fold0-seed0,0
seasonal,CoPy_R,9,SS_vs_persistence,-0.008677880424555973,1278654,fa85569c247e4428,True,location-k4-fold0-seed0,0
seasonal,CoPy_R,9,SS_vs_seasonal,6.972855626230512e-11,1278654,fa85569c247e4428,True,location-k4-fold0-seed0,0
seasonal,CoPy_R,9,SS_vs_ar,-0.7052847982429138,1278654,fa85569c247e4428,True,location-k4-fold0-seed0,0
seasonal,CoPy_R,10,MSE,0.014287785798780338,1278654,fa85569c247e4428,True,location-k4-fold0-seed0,0
seasonal,CoPy_R,10,MAE,0.06414300611196438,1278654,fa85569c247e4428,True,location-k4-fold0-seed0,0
seasonal,CoPy_R,10,SS_vs_persistence,-0.010568447328595632,1278654,fa85569c247e4428,True,location-k4-fold0-seed0,0
seasonal,CoPy_R,10,SS_vs_seasonal,6.998990276230188e-11,1278654,fa85569c247e4428,True,location-k4-fold0-seed0,0
seasonal,CoPy_R,10,SS_vs_ar,-0.6924645909815077,1278654,fa85569c247e4428,True,location-k4-fold0-seed0,0
seasonal,CoPy_R,11,MSE,0.014377109311640601,1278654,fa85569c247e4428,True,location-k4-fold0-seed0,0
seasonal,CoPy_R,11,MAE,0.0656766552914043,1278654,fa85569c247e4428,True,location-k4-fold0-seed0,0
seasonal,CoPy_R,11,SS_vs_persistence,0.038654154668505636,1278654,fa85569c247e4428,True,location-k4-fold0-seed0,0
seasonal,CoPy_R,11,SS_vs_seasonal,6.955502840355621e-11,1278654,fa85569c247e4428,True,location-k4-fold0-seed0,0
seasonal,CoPy_R,11,SS_vs_ar,-0.6911750997464798,1278654,fa85569c247e4428,True,location-k4-fold0-seed0,0
seasonal,CoPy_R,12,MSE,0.014094797272823693,1278654,fa85569c247e4428,True,location-k4-fold0-seed0,0
seasonal,CoPy_R,12,MAE,0.06546499994552718,1278654,fa85569c247e4428,True,location-k4-fold0-seed0,0
seasonal,CoPy_R,12,SS_vs_persistence,-0.017698251389874464,1278654,fa85569c247e4428,True,location-k4-fold0-seed0,0
seasonal,CoPy_R,12,SS_vs_seasonal,7.094824727715832e-11,1278654,fa85569c247e4428,True,location-k4-fold0-seed0,0
seasonal,CoPy_R,12,SS_vs_ar,-0.6630468309429292,1278654,fa85569c247e4428,True,location-k4-fold0-seed0,0
seasonal,CoPy_R,13,MSE,0.01424044345005425,1278654,fa85569c247e4428,True,location-k4-fold0-seed0,0
seasonal,CoPy_R,13,MAE,0.06544716891184728,1278654,fa85569c247e4428,True,location-k4-fold0-seed0,0
seasonal,CoPy_R,13,SS_vs_persistence,0.0012343886515493452,1278654,fa85569c247e4428,True,location-k4-fold0-seed0,0
seasonal,CoPy_R,13,SS_vs_seasonal,7.022260550826331e-11,1278654,fa85569c247e4428,True,location-k4-fold0-seed0,0
seasonal,CoPy_R,13,SS_vs_ar,-0.6677282845082797,1278654,fa85569c247e4428,True,location-k4-fold0-seed0,0
seasonal,CoPy_R,14,MSE,0.014157569803082503,1278654,fa85569c247e4428,True,location-k4-fold0-seed0,0
seasonal,CoPy_R,14,MAE,0.06543351891396397,1278654,fa85569c247e4428,True,location-k4-fold0-seed0,0
seasonal,CoPy_R,14,SS_vs_persistence,0.018675640838041963,1278654,fa85569c247e4428,True,location-k4-fold0-seed0,0
seasonal,CoPy_R,14,SS_vs_seasonal,7.063361007197955e-11,1278654,fa85569c247e4428,True,location-k4-fold0-seed0,0
seasonal,CoPy_R,14,SS_vs_ar,-0.6553644778920797,1278654,fa85569c247e4428,True,location-k4-fold0-seed0,0
seasonal,CoPy_R,15,MSE,0.014151107222861965,1278654,fa85569c247e4428,True,location-k4-fold0-seed0,0
seasonal,CoPy_R,15,MAE,0.06547615282891989,1278654,fa85569c247e4428,True,location-k4-fold0-seed0,0
seasonal,CoPy_R,15,SS_vs_persistence,0.002215458279379301,1278654,fa85569c247e4428,True,location-k4-fold0-seed0,0
seasonal,CoPy_R,15,SS_vs_seasonal,7.066591756199614e-11,1278654,fa85569c247e4428,True,location-k4-fold0-seed0,0
seasonal,CoPy_R,15,SS_vs_ar,-0.6485049430602385,1278654,fa85569c247e4428,True,location-k4-fold0-seed0,0
seasonal,CoPy_R,16,MSE,0.014340881748881528,1278654,fa85569c247e4428,True,location-k4-fold0-seed0,0
seasonal,CoPy_R,16,MAE,0.06563009675078593,1278654,fa85569c247e4428,True,location-k4-fold0-seed0,0
seasonal,CoPy_R,16,SS_vs_persistence,0.011719376879013255,1278654,fa85569c247e4428,True,location-k4-fold0-seed0,0
seasonal,CoPy_R,16,SS_vs_seasonal,6.973077670835437e-11,1278654,fa85569c247e4428,True,location-k4-fold0-seed0,0
seasonal,CoPy_R,16,SS_vs_ar,-0.6555701688619537,1278654,fa85569c247e4428,True,location-k4-fold0-seed0,0
seasonal,CoPy_R,17,MSE,0.014319140845763812,1278654,fa85569c247e4428,True,location-k4-fold0-seed0,0
seasonal,CoPy_R,17,MAE,0.06564847858844296,1278654,fa85569c247e4428,True,location-k4-fold0-seed0,0
seasonal,CoPy_R,17,SS_vs_persistence,-0.00652043900528132,1278654,fa85569c247e4428,True,location-k4-fold0-seed0,0
seasonal,CoPy_R,17,SS_vs_seasonal,6.983658096260115e-11,1278654,fa85569c247e4428,True,location-k4-fold0-seed0,0
seasonal,CoPy_R,17,SS_vs_ar,-0.6414121560086494,1278654,fa85569c247e4428,True,location-k4-fold0-seed0,0
seasonal,CoPy_R,18,MSE,0.014320763905712365,1278654,fa85569c247e4428,True,location-k4-fold0-seed0,0
seasonal,CoPy_R,18,MAE,0.06560606141078863,1278654,fa85569c247e4428,True,location-k4-fold0-seed0,0
seasonal,CoPy_R,18,SS_vs_persistence,0.02135763252842071,1278654,fa85569c247e4428,True,location-k4-fold0-seed0,0
seasonal,CoPy_R,18,SS_vs_seasonal,6.982869837912631e-11,1278654,fa85569c247e4428,True,location-k4-fold0-seed0,0
seasonal,CoPy_R,18,SS_vs_ar,-0.6345327899265025,1278654,fa85569c247e4428,True,location-k4-fold0-seed0,0
seasonal,CoPy_R,19,MSE,0.014570121794867368,1278654,fa85569c247e4428,True,location-k4-fold0-seed0,0
seasonal,CoPy_R,19,MAE,0.06578359500056369,1278654,fa85569c247e4428,True,location-k4-fold0-seed0,0
seasonal,CoPy_R,19,SS_vs_persistence,0.01574442838597989,1278654,fa85569c247e4428,True,location-k4-fold0-seed0,0
seasonal,CoPy_R,19,SS_vs_seasonal,6.863365431541979e-11,1278654,fa85569c247e4428,True,location-k4-fold0-seed0,0
seasonal,CoPy_R,19,SS_vs_ar,-0.6494500575707722,1278654,fa85569c247e4428,True,location-k4-fold0-seed0,0
seasonal,CoPy_R,20,MSE,0.014555386559449941,1278654,fa85569c247e4428,True,location-k4-fold0-seed0,0
seasonal,CoPy_R,20,MAE,0.0657492956823716,1278654,fa85569c247e4428,True,location-k4-fold0-seed0,0
seasonal,CoPy_R,20,SS_vs_persistence,0.000454856218958799,1278654,fa85569c247e4428,True,location-k4-fold0-seed0,0
seasonal,CoPy_R,20,SS_vs_seasonal,6.870315427676132e-11,1278654,fa85569c247e4428,True,location-k4-fold0-seed0,0
seasonal,CoPy_R,20,SS_vs_ar,-0.6470100912900578,1278654,fa85569c247e4428,True,location-k4-fold0-seed0,0
seasonal,CoPy_R,21,MSE,0.015745262445972737,1278654,fa85569c247e4428,True,location-k4-fold0-seed0,0
seasonal,CoPy_R,21,MAE,0.06708946132535204,1278654,fa85569c247e4428,True,location-k4-fold0-seed0,0
seasonal,CoPy_R,21,SS_vs_persistence,-0.03204260574028939,1278654,fa85569c247e4428,True,location-k4-fold0-seed0,0
seasonal,CoPy_R,21,SS_vs_seasonal,6.351108527979932e-11,1278654,fa85569c247e4428,True,location-k4-fold0-seed0,0
seasonal,CoPy_R,21,SS_vs_ar,-0.7788838756254659,1278654,fa85569c247e4428,True,location-k4-fold0-seed0,0
seasonal,CoPy_R,22,MSE,0.01549929207476949,1278654,fa85569c247e4428,True,location-k4-fold0-seed0,0
seasonal,CoPy_R,22,MAE,0.06683709840997568,1278654,fa85569c247e4428,True,location-k4-fold0-seed0,0
seasonal,CoPy_R,22,SS_vs_persistence,-0.012297678278337498,1278654,fa85569c247e4428,True,location-k4-fold0-seed0,0
seasonal,CoPy_R,22,SS_vs_seasonal,6.45190567638565e-11,1278654,fa85569c247e4428,True,location-k4-fold0-seed0,0
seasonal,CoPy_R,22,SS_vs_ar,-0.7546229024494577,1278654,fa85569c247e4428,True,location-k4-fold0-seed0,0
seasonal,CoPy_R,23,MSE,0.01559981774020733,1278654,fa85569c247e4428,True,location-k4-fold0-seed0,0
seasonal,CoPy_R,23,MAE,0.06694308903795025,1278654,fa85569c247e4428,True,location-k4-fold0-seed0,0
seasonal,CoPy_R,23,SS_vs_persistence,-0.0058774624260002906,1278654,fa85569c247e4428,True,location-k4-fold0-seed0,0
seasonal,CoPy_R,23,SS_vs_seasonal,6.410338926343684e-11,1278654,fa85569c247e4428,True,location-k4-fold0-seed0,0
seasonal,CoPy_R,23,SS_vs_ar,-0.7734742372068517,1278654,fa85569c247e4428,True,location-k4-fold0-seed0,0
seasonal,CoPy_R,24,MSE,0.015744877581462247,1278654,fa85569c247e4428,True,location-k4-fold0-seed0,0
seasonal,CoPy_R,24,MAE,0.06701591679004099,1278654,fa85569c247e4428,True,location-k4-fold0-seed0,0
seasonal,CoPy_R,24,SS_vs_persistence,-0.03559031771105281,1278654,fa85569c247e4428,True,location-k4-fold0-seed0,0
seasonal,CoPy_R,24,SS_vs_seasonal,6.351263959203379e-11,1278654,fa85569c247e4428,True,location-k4-fold0-seed0,0
seasonal,CoPy_R,24,SS_vs_ar,-0.7951887716183028,1278654,fa85569c247e4428,True,location-k4-fold0-seed0,0
seasonal,CoPy_R,25,MSE,0.015456238858825506,1278654,fa85569c247e4428,True,location-k4-fold0-seed0,0
seasonal,CoPy_R,25,MAE,0.06688590658635415,1278654,fa85569c247e4428,True,location-k4-fold0-seed0,0
seasonal,CoPy_R,25,SS_vs_persistence,-0.030761392703791524,1278654,fa85569c247e4428,True,location-k4-fold0-seed0,0
seasonal,CoPy_R,25,SS_vs_seasonal,6.469880187154331e-11,1278654,fa85569c247e4428,True,location-k4-fold0-seed0,0
seasonal,CoPy_R,25,SS_vs_ar,-0.7578925016933988,1278654,fa85569c247e4428,True,location-k4-fold0-seed0,0
seasonal,CoPy_R,26,MSE,0.015251664879488562,1278654,fa85569c247e4428,True,location-k4-fold0-seed0,0
seasonal,CoPy_R,26,MAE,0.06674685982191579,1278654,fa85569c247e4428,True,location-k4-fold0-seed0,0
seasonal,CoPy_R,26,SS_vs_persistence,-0.03458810441862692,1278654,fa85569c247e4428,True,location-k4-fold0-seed0,0
seasonal,CoPy_R,26,SS_vs_seasonal,6.55666632098928e-11,1278654,fa85569c247e4428,True,location-k4-fold0-seed0,0
seasonal,CoPy_R,26,SS_vs_ar,-0.7380293487687999,1278654,fa85569c247e4428,True,location-k4-fold0-seed0,0
seasonal,CoPy_R,27,MSE,0.01535189767484166,1278654,fa85569c247e4428,True,location-k4-fold0-seed0,0
seasonal,CoPy_R,27,MAE,0.06678407970152526,1278654,fa85569c247e4428,True,location-k4-fold0-seed0,0
seasonal,CoPy_R,27,SS_vs_persistence,-0.0019090195346813665,1278654,fa85569c247e4428,True,location-k4-fold0-seed0,0
seasonal,CoPy_R,27,SS_vs_seasonal,6.513856121159733e-11,1278654,fa85569c247e4428,True,location-k4-fold0-seed0,0
seasonal,CoPy_R,27,SS_vs_ar,-0.7480706687134457,1278654,fa85569c247e4428,True,location-k4-fold0-seed0,0
seasonal,CoPy_R,28,MSE,0.015553854326107213,1278654,fa85569c247e4428,True,location-k4-fold0-seed0,0
seasonal,CoPy_R,28,MAE,0.06691040451915348,1278654,fa85569c247e4428,True,location-k4-fold0-seed0,0
seasonal,CoPy_R,28,SS_vs_persistence,0.0059570373614724614,1278654,fa85569c247e4428,True,location-k4-fold0-seed0,0
seasonal,CoPy_R,28,SS_vs_seasonal,6.429279331143789e-11,1278654,fa85569c247e4428,True,location-k4-fold0-seed0,0
seasonal,CoPy_R,28,SS_vs_ar,-0.7775644290527699,1278654,fa85569c247e4428,True,location-k4-fold0-seed0,0
seasonal,CoPy_R,29,MSE,0.015577360845355423,1278654,fa85569c247e4428,True,location-k4-fold0-seed0,0
seasonal,CoPy_R,29,MAE,0.06685035357849609,1278654,fa85569c247e4428,True,location-k4-fold0-seed0,0
seasonal,CoPy_R,29,SS_vs_persistence,0.019363193908211396,1278654,fa85569c247e4428,True,location-k4-fold0-seed0,0
seasonal,CoPy_R,29,SS_vs_seasonal,6.419575981908565e-11,1278654,fa85569c247e4428,True,location-k4-fold0-seed0,0
seasonal,CoPy_R,29,SS_vs_ar,-0.7843700759252785,1278654,fa85569c247e4428,True,location-k4-fold0-seed0,0
seasonal,CoPy_R,30,MSE,0.015453948300348607,1278654,fa85569c247e4428,True,location-k4-fold0-seed0,0
seasonal,CoPy_R,30,MAE,0.06679935698654334,1278654,fa85569c247e4428,True,location-k4-fold0-seed0,0
seasonal,CoPy_R,30,SS_vs_persistence,0.010995862890290309,1278654,fa85569c247e4428,True,location-k4-fold0-seed0,0
seasonal,CoPy_R,30,SS_vs_seasonal,6.470846081185755e-11,1278654,fa85569c247e4428,True,location-k4-fold0-seed0,0
seasonal,CoPy_R,30,SS_vs_ar,-0.7611814958017002,1278654,fa85569c247e4428,True,location-k4-fold0-seed0,0
seasonal,CoPy_R,all,MSE,0.014706769360551868,1278654,fa85569c247e4428,True,location-k4-fold0-seed0,0
seasonal,CoPy_R,all,MAE,0.06557012194653104,1278654,fa85569c247e4428,True,location-k4-fold0-seed0,0
seasonal,CoPy_R,all,SS_vs_persistence,-0.01124133676355954,1278654,fa85569c247e4428,True,location-k4-fold0-seed0,0
seasonal,CoPy_R,all,SS_vs_seasonal,6.79959422100751e-11,1278654,fa85569c247e4428,True,location-k4-fold0-seed0,0
seasonal,CoPy_R,all,SS_vs_ar,-0.712854669006822,1278654,fa85569c247e4428,True,location-k4-fold0-seed0,0
ar,F_R,1,MSE,402847.74182056106,1383540,fa85569c247e4428,True,location-k4-fold0-seed0,0
ar,F_R,1,MAE,411.1914096353719,1383540,fa85569c247e4428,True,location-k4-fold0-seed0,0
ar,F_R,1,SS_vs_persistence,0.3289895907639111,1383540,fa85569c247e4428,True,location-k4-fold0-seed0,0
ar,F_R,1,SS_vs_seasonal,0.5084802330326021,1383540,fa85569c247e4428,True,location-k4-fold0-seed0,0
ar,F_R,1,SS_vs_ar,0.0,1383540,fa85569c247e4428,True,location-k4-fold0-seed0,0
ar,F_R,2,MSE,434042.2685580616,1383540,fa85569c247e4428,True,location-k4-fold0-seed0,0
ar,F_R,2,MAE,434.1937681845264,1383540,fa85569c247e4428,True,location-k4-fold0-seed0,0
ar,F_R,2,SS_vs_persistence,0.336481792319953,1383540,fa85569c247e4428,True,location-k4-fold0-seed0,0
ar,F_R,2,SS_vs_seasonal,0.4736299497304197,1383540,fa85569c247e4428,True,location-k4-fold0-seed0,0
ar,F_R,2,SS_vs_ar,0.0,1383540,fa85569c247e4428,True,location-k4-fold0-seed0,0
ar,F_R,3,MSE,461563.20164475194,1383540,fa85569c247e4428,True,location-k4-fold0-seed0,0
ar,F_R,3,MAE,453.9673013684755,1383540,fa85569c247e4428,True,location-k4-fold0-seed0,0
ar,F_R,3,SS_vs_persistence,0.3431832199596677,1383540,fa85569c247e4428,True,location-k4-fold0-seed0,0
ar,F_R,3,SS_vs_seasonal,0.44565987684868136,1383540,fa85569c247e4428,True,location-k4-fold0-seed0,0
ar,F_R,3,SS_vs_ar,0.0,1383540,fa85569c247e4428,True,location-k4-fold0-seed0,0
ar,F_R,4,MSE,480138.40256496845,1383540,fa85569c247e4428,True,location-k4-fold0-seed0,0
ar,F_R,4,MAE,465.8680936826457,1383540,fa85569c247e4428,True,location-k4-fold0-seed0,0
ar,F_R,4,SS_vs_persistence,0.33986598501636334,1383540,fa85569c247e4428,True,location-k4-fold0-seed0,0
ar,F_R,4,SS_vs_seasonal,0.42548677506847266,1383540,fa85569c247e4428,True,location-k4-fold0-seed0,0
ar,F_R,4,SS_vs_ar,0.0,1383540,fa85569c247e4428,True,location-k4-fold0-seed0,0
ar,F_R,5,MSE,495507.75323195104,1383540,fa85569c247e4428,True,location-k4-fold0-seed0,0
ar,F_R,5,MAE,476.7288590511795,1383540,fa85569c247e4428,True,location-k4-fold0-seed0,0
ar,F_R,5,SS_vs_persistence,0.3500239142588688,1383540,fa85569c247e4428,True,location-k4-fold0-seed0,0
ar,F_R,5,SS_vs_seasonal,0.409758605473618,1383540,fa85569c247e4428,True,location-k4-fold0-seed0,0
ar,F_R,5,SS_vs_ar,0.0,1383540,fa85569c247e4428,True,location-k4-fold0-seed0,0
ar,F_R,6,MSE,505402.612412832,1383540,fa85569c247e4428,True,location-k4-fold0-seed0,0
ar,F_R,6,MAE,482.53830152213806,1383540,fa85569c247e4428,True,location-k4-fold0-seed0,0
ar,F_R,6,SS_vs_persistence,0.32253578705942654,1383540,fa85569c247e4428,True,location-k4-fold0-seed0,0
ar,F_R,6,SS_vs_seasonal,0.39722025524108817,1383540,fa85569c247e4428,True,location-k4-fold0-seed0,0
ar,F_R,6,SS_vs_ar,0.0,1383540,fa85569c247e4428,True,location-k4-fold0-seed0,0
ar,F_R,7,MSE,524115.3663645526,1383540,fa85569c247e4428,True,location-k4-fold0-seed0,0
ar,F_R,7,MAE,492.57297514614424,1383540,fa85569c247e4428,True,location-k4-fold0-seed0,0
ar,F_R,7,SS_vs_persistence,0.3379323055667526,1383540,fa85569c247e4428,True,location-k4-fold0-seed0,0
ar,F_R,7,SS_vs_seasonal,0.37538903429981196,1383540,fa85569c247e4428,True,location-k4-fold0-seed0,0
ar,F_R,7,SS_vs_ar,0.0,1383540,fa85569c247e4428,True,location-k4-fold0-seed0,0
ar,F_R,8,MSE,531822.2751002668,1383540,fa85569c247e4428,True,location-k4-fold0-seed0,0
ar,F_R,8,MAE,497.9039239309447,1383540,fa85569c247e4428,True,location-k4-fold0-seed0,0
ar,F_R,8,SS_vs_persistence,0.3183404954463118,1383540,fa85569c247e4428,True,location-k4-fold0-seed0,0
ar,F_R,8,SS_vs_seasonal,0.36110834031412786,1383540,fa85569c247e4428,True,location-k4-fold0-seed0,0
ar,F_R,8,SS_vs_ar,0.0,1383540,fa85569c247e4428,True,location-k4-fold0-seed0,0
ar,F_R,9,MSE,545189.097007441,1383540,fa85569c247e4428,True,location-k4-fold0-seed0,0
ar,F_R,9,MAE,506.14368898237024,1383540,fa85569c247e4428,True,location-k4-fold0-seed0,0
ar,F_R,9,SS_vs_persistence,0.31380649058043275,1383540,fa85569c247e4428,True,location-k4-fold0-seed0,0
ar,F_R,9,SS_vs_seasonal,0.34771098362493635,1383540,fa85569c247e4428,True,location-k4-fold0-seed0,0
ar,F_R,9,SS_vs_ar,0.0,1383540,fa85569c247e4428,True,location-k4-fold0-seed0,0
ar,F_R,10,MSE,558532.3622554594,1383540,fa85569c247e4428,True,location-k4-fold0-seed0,0
ar,F_R,10,MAE,513.6053799683684,1383540,fa85569c247e4428,True,location-k4-fold0-seed0,0
ar,F_R,10,SS_vs_persistence,0.30906560636191116,1383540,fa85569c247e4428,True,location-k4-fold0-seed0,0
ar,F_R,10,SS_vs_seasonal,0.3220743088025516,1383540,fa85569c247e4428,True,location-k4-fold0-seed0,0
ar,F_R,10,SS_vs_ar,0.0,1383540,fa85569c247e4428,True,location-k4-fold0-seed0,0
ar,F_R,11,MSE,570196.2193821442,1383540,fa85569c247e4428,True,location-k4-fold0-seed0,0
ar,F_R,11,MAE,521.5340953381153,1383540,fa85569c247e4428,True,location-k4-fold0-seed0,0
ar,F_R,11,SS_vs_persistence,0.311495498903809,1383540,fa85569c247e4428,True,location-k4-fold0-seed0,0
ar,F_R,11,SS_vs_seasonal,0.39374249600176636,1383540,fa85569c247e4428,True,location-k4-fold0-seed0,0
ar,F_R,11,SS_vs_ar,0.0,1383540,fa85569c247e4428,True,location-k4-fold0-seed0,0
ar,F_R,12,MSE,581055.8955709577,1383540,fa85569c247e4428,True,location-k4-fold0-seed0,0
ar,F_R,12,MAE,528.1712606400121,1383540,fa85569c247e4428,True,location-k4-fold0-seed0,0
ar,F_R,12,SS_vs_persistence,0.3151863357900522,1383540,fa85569c247e4428,True,location-k4-fold0-seed0,0
ar,F_R,12,SS_vs_seasonal,0.3814383774179658,1383540,fa85569c247e4428,True,location-k4-fold0-seed0,0
ar,F_R,12,SS_vs_ar,0.0,1383540,fa85569c247e4428,True,location-k4-fold0-seed0,0
ar,F_R,13,MSE,586957.9568168526,1383540,fa85569c247e4428,True,location-k4-fold0-seed0,0
ar,F_R,13,MAE,532.5073175219957,1383540,fa85569c247e4428,True,location-k4-fold0-seed0,0
ar,F_R,13,SS_vs_persistence,0.3159093208640822,1383540,fa85569c247e4428,True,location-k4-fold0-seed0,0
ar,F_R,13,SS_vs_seasonal,0.37516518236147445,1383540,fa85569c247e4428,True,location-k4-fold0-seed0,0
ar,F_R,13,SS_vs_ar,0.0,1383540,fa85569c247e4428,True,location-k4-fold0-seed0,0
ar,F_R,14,MSE,592223.8867765523,1383540,fa85569c247e4428,True,location-k4-fold0-seed0,0
ar,F_R,14,MAE,536.1602778337898,1383540,fa85569c247e4428,True,location-k4-fold0-seed0,0
ar,F_R,14,SS_vs_persistence,0.31335914016884225,1383540,fa85569c247e4428,True,location-k4-fold0-seed0,0
ar,F_R,14,SS_vs_seasonal,0.3683625963332877,1383540,fa85569c247e4428,True,location-k4-fold0-seed0,0
ar,F_R,14,SS_vs_ar,0.0,1383540,fa85569c247e4428,True,location-k4-fold0-seed0,0
ar,F_R,15,MSE,597205.2310010389,1383540,fa85569c247e4428,True,location-k4-fold0-seed0,0
ar,F_R,15,MAE,539.4072832038283,1383540,fa85569c247e4428,True,location-k4-fold0-seed0,0
ar,F_R,15,SS_vs_persistence,0.295532399199965,1383540,fa85569c247e4428,True,location-k4-fold0-seed0,0
ar,F_R,15,SS_vs_seasonal,0.36323894679612934,1383540,fa85569c247e4428,True,location-k4-fold0-seed0,0
ar,F_R,15,SS_vs_ar,0.0,1383540,fa85569c247e4428,True,location-k4-fold0-seed0,0
ar,F_R,16,MSE,629503.4731142428,1383540,fa85569c247e4428,True,location-k4-fold0-seed0,0
ar,F_R,16,MAE,549.8657052907183,1383540,fa85569c247e4428,True,location-k4-fold0-seed0,0
ar,F_R,16,SS_vs_persistence,0.2983508770038358,1383540,fa85569c247e4428,True,location-k4-fold0-seed0,0
ar,F_R,16,SS_vs_seasonal,0.3418310268725091,1383540,fa85569c247e4428,True,location-k4-fold0-seed0,0
ar,F_R,16,SS_vs_ar,0.0,1383540,fa85569c247e4428,True,location-k4-fold0-seed0,0
ar,F_R,17,MSE,639891.495866963,1383540,fa85569c247e4428,True,location-k4-fold0-seed0,0
ar,F_R,17,MAE,554.3174487812191,1383540,fa85569c247e4428,True,location-k4-fold0-seed0,0
ar,F_R,17,SS_vs_persistence,0.2932489966327615,1383540,fa85569c247e4428,True,location-k4-fold0-seed0,0
ar,F_R,17,SS_vs_seasonal,0.3308910025521453,1383540,fa85569c247e4428,True,location-k4-fold0-seed0,0
ar,F_R,17,SS_vs_ar,0.0,1383540,fa85569c247e4428,True,location-k4-fold0-seed0,0
ar,F_R,18,MSE,651539.3856470905,1383540,fa85569c247e4428,True,location-k4-fold0-seed0,0
ar,F_R,18,MAE,559.6574450439571,1383540,fa85569c247e4428,True,location-k4-fold0-seed0,0
ar,F_R,18,SS_vs_persistence,0.2954359147934359,1383540,fa85569c247e4428,True,location-k4-fold0-seed0,0
ar,F_R,18,SS_vs_seasonal,0.3174593865010782,1383540,fa85569c247e4428,True,location-k4-fold0-seed0,0
ar,F_R,18,SS_vs_ar,0.0,1383540,fa85569c247e4428,True,location-k4-fold0-seed0,0
ar,F_R,19,MSE,660355.6136852552,1383540,fa85569c247e4428,True,location-k4-fold0-seed0,0
ar,F_R,19,MAE,563.8676274608835,1383540,fa85569c247e4428,True,location-k4-fold0-seed0,0
ar,F_R,19,SS_vs_persistence,0.2894240368929778,1383540,fa85569c247e4428,True,location-k4-fold0-seed0,0
ar,F_R,19,SS_vs_seasonal,0.3085020508621378,1383540,fa85569c247e4428,True,location-k4-fold0-seed0,0
ar,F_R,19,SS_vs_ar,0.0,1383540,fa85569c247e4428,True,location-k4-fold0-seed0,0
ar,F_R,20,MSE,669887.0651702257,1383540,fa85569c247e4428,True,location-k4-fold0-seed0,0
ar,F_R,20,MAE,568.9812460641851,1383540,fa85569c247e4428,True,location-k4-fold0-seed0,0
ar,F_R,20,SS_vs_persistence,0.28786114910168215,1383540,fa85569c247e4428,True,location-k4-fold0-seed0,0
ar,F_R,20,SS_vs_seasonal,0.2899755183816549,1383540,fa85569c247e4428,True,location-k4-fold0-seed0,0
ar,F_R,20,SS_vs_ar,0.0,1383540,fa85569c247e4428,True,location-k4-fold0-seed0,0
ar,F_R,21,MSE,675761.1919811382,1383540,fa85569c247e4428,True,location-k4-fold0-seed0,0
ar,F_R,21,MAE,571.6863951514076,1383540,fa85569c247e4428,True,location-k4-fold0-seed0,0
ar,F_R,21,SS_vs_persistence,0.2659156515642688,1383540,fa85569c247e4428,True,location-k4-fold0-seed0,0
ar,F_R,21,SS_vs_seasonal,0.3237481133066492,1383540,fa85569c247e4428,True,location-k4-fold0-seed0,0
ar,F_R,21,SS_vs_ar,0.0,1383540,fa85569c247e4428,True,location-k4-fold0-seed0,0
ar,F_R,22,MSE,687843.1193170365,1383540,fa85569c247e4428,True,location-k4-fold0-seed0,0
ar,F_R,22,MAE,577.8083775210282,1383540,fa85569c247e4428,True,location-k4-fold0-seed0,0
ar,F_R,22,SS_vs_persistence,0.26469459045303223,1383540,fa85569c247e4428,True,location-k4-fold0-seed0,0
ar,F_R,22,SS_vs_seasonal,0.31344181979844077,1383540,fa85569c247e4428,True,location-k4-fold0-seed0,0
ar,F_R,22,SS_vs_ar,0.0,1383540,fa85569c247e4428,True,location-k4-fold0-seed0,0
ar,F_R,23,MSE,698153.4564915077,1383540,fa85569c247e4428,True,location-k4-fold0-seed0,0
ar,F_R,23,MAE,583.0393607682405,1383540,fa85569c247e4428,True,location-k4-fold0-seed0,0
ar,F_R,23,SS_vs_persistence,0.26768199094318745,1383540,fa85569c247e4428,True,location-k4-fold0-seed0,0
ar,F_R,23,SS_vs_seasonal,0.3037449534655219,1383540,fa85569c247e4428,True,location-k4-fold0-seed0,0
ar,F_R,23,SS_vs_ar,0.0,1383540,fa85569c247e4428,True,location-k4-fold0-seed0,0
ar,F_R,24,MSE,707743.2224686249,1383540,fa85569c247e4428,True,location-k4-fold0-seed0,0
ar,F_R,24,MAE,587.4045441784773,1383540,fa85569c247e4428,True,location-k4-fold0-seed0,0
ar,F_R,24,SS_vs_persistence,0.2607344839825708,1383540,fa85569c247e4428,True,location-k4-fold0-seed0,0
ar,F_R,24,SS_vs_seasonal,0.29526427170870984,1383540,fa85569c247e4428,True,location-k4-fold0-seed0,0
ar,F_R,24,SS_vs_ar,0.0,1383540,fa85569c247e4428,True,location-k4-fold0-seed0,0
ar,F_R,25,MSE,716448.6318964037,1383540,fa85569c247e4428,True,location-k4-fold0-seed0,0
ar,F_R,25,MAE,591.9440759967767,1383540,fa85569c247e4428,True,location-k4-fold0-seed0,0
ar,F_R,25,SS_vs_persistence,0.26548478584088897,1383540,fa85569c247e4428,True,location-k4-fold0-seed0,0
ar,F_R,25,SS_vs_seasonal,0.28796608638418286,1383540,fa85569c247e4428,True,location-k4-fold0-seed0,0
ar,F_R,25,SS_vs_ar,0.0,1383540,fa85569c247e4428,True,location-k4-fold0-seed0,0
ar,F_R,26,MSE,724805.7135033056,1383540,fa85569c247e4428,True,location-k4-fold0-seed0,0
ar,F_R,26,MAE,595.3457671312087,1383540,fa85569c247e4428,True,location-k4-fold0-seed0,0
ar,F_R,26,SS_vs_persistence,0.26839211813084807,1383540,fa85569c247e4428,True,location-k4-fold0-seed0,0
ar,F_R,26,SS_vs_seasonal,0.28285937163959285,1383540,fa85569c247e4428,True,location-k4-fold0-seed0,0
ar,F_R,26,SS_vs_ar,0.0,1383540,fa85569c247e4428,True,location-k4-fold0-seed0,0
ar,F_R,27,MSE,733300.5542198811,1383540,fa85569c247e4428,True,location-k4-fold0-seed0,0
ar,F_R,27,MAE,598.291570949124,1383540,fa85569c247e4428,True,location-k4-fold0-seed0,0
ar,F_R,27,SS_vs_persistence,0.2732137548196748,1383540,fa85569c247e4428,True,location-k4-fold0-seed0,0
ar,F_R,27,SS_vs_seasonal,0.2753144845886313,1383540,fa85569c247e4428,True,location-k4-fold0-seed0,0
ar,F_R,27,SS_vs_ar,0.0,1383540,fa85569c247e4428,True,location-k4-fold0-seed0,0
ar,F_R,28,MSE,737402.8067175302,1383540,fa85569c247e4428,True,location-k4-fold0-seed0,0
ar,F_R,28,MAE,600.1983322888752,1383540,fa85569c247e4428,True,location-k4-fold0-seed0,0
ar,F_R,28,SS_vs_persistence,0.2681502339732559,1383540,fa85569c247e4428,True,location-k4-fold0-seed0,0
ar,F_R,28,SS_vs_seasonal,0.270905695155926,1383540,fa85569c247e4428,True,location-k4-fold0-seed0,0
ar,F_R,28,SS_vs_ar,0.0,1383540,fa85569c247e4428,True,location-k4-fold0-seed0,0
ar,F_R,29,MSE,743016.3038994152,1383540,fa85569c247e4428,True,location-k4-fold0-seed0,0
ar,F_R,29,MAE,602.4088358096963,1383540,fa85569c247e4428,True,location-k4-fold0-seed0,0
ar,F_R,29,SS_vs_persistence,0.2678137398352164,1383540,fa85569c247e4428,True,location-k4-fold0-seed0,0
ar,F_R,29,SS_vs_seasonal,0.2666725795554159,1383540,fa85569c247e4428,True,location-k4-fold0-seed0,0
ar,F_R,29,SS_vs_ar,0.0,1383540,fa85569c247e4428,True,location-k4-fold0-seed0,0
ar,F_R,30,MSE,744093.4529480005,1383540,fa85569c247e4428,True,location-k4-fold0-seed0,0
ar,F_R,30,MAE,603.6569719726117,1383540,fa85569c247e4428,True,location-k4-fold0-seed0,0
ar,F_R,30,SS_vs_persistence,0.2539045751415684,1383540,fa85569c247e4428,True,location-k4-fold0-seed0,0
ar,F_R,30,SS_vs_seasonal,0.2560992360231682,1383540,fa85569c247e4428,True,location-k4-fold0-seed0,0
ar,F_R,30,SS_vs_ar,0.0,1383540,fa85569c247e4428,True,location-k4-fold0-seed0,0
ar,F_R,all,MSE,609551.5252478403,1383540,fa85569c247e4428,True,location-k4-fold0-seed0,0
ar,F_R,all,MAE,536.6989213472675,1383540,fa85569c247e4428,True,location-k4-fold0-seed0,0
ar,F_R,all,SS_vs_persistence,0.29589503593332,1383540,fa85569c247e4428,True,location-k4-fold0-seed0,0
ar,F_R,all,SS_vs_seasonal,0.34325120582416313,1383540,fa85569c247e4428,True,location-k4-fold0-seed0,0
ar,F_R,all,SS_vs_ar,0.0,1383540,fa85569c247e4428,True,location-k4-fold0-seed0,0
ar,CoPx_R,1,MSE,0.011149846117098869,1278654,fa85569c247e4428,True,location-k4-fold0-seed0,0
ar,CoPx_R,1,MAE,0.040048112859550296,1278654,fa85569c247e4428,True,location-k4-fold0-seed0,0
ar,CoPx_R,1,SS_vs_persistence,0.40676606309611296,1278654,fa85569c247e4428,True,location-k4-fold0-seed0,0
ar,CoPx_R,1,SS_vs_seasonal,0.43266779427195656,1278654,fa85569c247e4428,True,location-k4-fold0-seed0,0
ar,CoPx_R,1,SS_vs_ar,8.968736864289895e-11,1278654,fa85569c247e4428,True,location-k4-fold0-seed0,0
ar,CoPx_R,2,MSE,0.011310740547089118,1278654,fa85569c247e4428,True,location-k4-fold0-seed0,0
ar,CoPx_R,2,MAE,0.041847694536207146,1278654,fa85569c247e4428,True,location-k4-fold0-seed0,0
ar,CoPx_R,2,SS_vs_persistence,0.4741109865259815,1278654,fa85569c247e4428,True,location-k4-fold0-seed0,0
ar,CoPx_R,2,SS_vs_seasonal,0.4456657882980305,1278654,fa85569c247e4428,True,location-k4-fold0-seed0,0
ar,CoPx_R,2,SS_vs_ar,8.841161136530218e-11,1278654,fa85569c247e4428,True,location-k4-fold0-seed0,0
ar,CoPx_R,3,MSE,0.011209587646985406,1278654,fa85569c247e4428,True,location-k4-fold0-seed0,0
ar,CoPx_R,3,MAE,0.04238375915986573,1278654,fa85569c247e4428,True,location-k4-fold0-seed0,0
ar,CoPx_R,3,SS_vs_persistence,0.465950482151937,1278654,fa85569c247e4428,True,location-k4-fold0-seed0,0
ar,CoPx_R,3,SS_vs_seasonal,0.4515383797110376,1278654,fa85569c247e4428,True,location-k4-fold0-seed0,0
ar,CoPx_R,3,SS_vs_ar,8.920941763079782e-11,1278654,fa85569c247e4428,True,location-k4-fold0-seed0,0
ar,CoPx_R,4,MSE,0.011099381852082821,1278654,fa85569c247e4428,True,location-k4-fold0-seed0,0
ar,CoPx_R,4,MAE,0.04290577061764062,1278654,fa85569c247e4428,True,location-k4-fold0-seed0,0
ar,CoPx_R,4,SS_vs_persistence,0.4618263673653116,1278654,fa85569c247e4428,True,location-k4-fold0-seed0,0
ar,CoPx_R,4,SS_vs_seasonal,0.44965980405579553,1278654,fa85569c247e4428,True,location-k4-fold0-seed0,0
ar,CoPx_R,4,SS_vs_ar,9.009515355984377e-11,1278654,fa85569c247e4428,True,location-k4-fold0-seed0,0
ar,CoPx_R,5,MSE,0.010978756871473348,1278654,fa85569c247e4428,True,location-k4-fold0-seed0,0
ar,CoPx_R,5,MAE,0.043298350187949274,1278654,fa85569c247e4428,True,location-k4-fold0-seed0,0
ar,CoPx_R,5,SS_vs_persistence,0.4911598805521117,1278654,fa85569c247e4428,True,location-k4-fold0-seed0,0
ar,CoPx_R,5,SS_vs_seasonal,0.47785861075922054,1278654,fa85569c247e4428,True,location-k4-fold0-seed0,0
ar,CoPx_R,5,SS_vs_ar,9.108502840859956e-11,1278654,fa85569c247e4428,True,location-k4-fold0-seed0,0
ar,CoPx_R,6,MSE,0.010890426388325181,1278654,fa85569c247e4428,True,location-k4-fold0-seed0,0
ar,CoPx_R,6,MAE,0.04361690305482871,1278654,fa85569c247e4428,True,location-k4-fold0-seed0,0
ar,CoPx_R,6,SS_vs_persistence,0.5006233775877382,1278654,fa85569c247e4428,True,location-k4-fold0-seed0,0
ar,CoPx_R,6,SS_vs_seasonal,0.4826969091057798,1278654,fa85569c247e4428,True,location-k4-fold0-seed0,0
ar,CoPx_R,6,SS_vs_ar,9.182377080918513e-11,1278654,fa85569c247e4428,True,location-k4-fold0-seed0,0
ar,CoPx_R,7,MSE,0.01078271253361038,1278654,fa85569c247e4428,True,location-k4-fold0-seed0,0
ar,CoPx_R,7,MAE,0.04412864822488303,1278654,fa85569c247e4428,True,location-k4-fold0-seed0,0
ar,CoPx_R,7,SS_vs_persistence,0.46197132572218846,1278654,fa85569c247e4428,True,location-k4-fold0-seed0,0
ar,CoPx_R,7,SS_vs_seasonal,0.4675253630073217,1278654,fa85569c247e4428,True,location-k4-fold0-seed0,0
ar,CoPx_R,7,SS_vs_ar,9.274103707213044e-11,1278654,fa85569c247e4428,True,location-k4-fold0-seed0,0
ar,CoPx_R,8,MSE,0.010818700330363005,1278654,fa85569c247e4428,True,location-k4-fold0-seed0,0
ar,CoPx_R,8,MAE,0.04463939454757991,1278654,fa85569c247e4428,True,location-k4-fold0-seed0,0
ar,CoPx_R,8,SS_vs_persistence,0.4838004454893935,1278654,fa85569c247e4428,True,location-k4-fold0-seed0,0
ar,CoPx_R,8,SS_vs_seasonal,0.4774602644720882,1278654,fa85569c247e4428,True,location-k4-fold0-seed0,0
ar,CoPx_R,8,SS_vs_ar,9.243261711588957e-11,1278654,fa85569c247e4428,True,location-k4-fold0-seed0,0
ar,CoPx_R,9,MSE,0.010765073352236003,1278654,fa85569c247e4428,True,location-k4-fold0-seed0,0
ar,CoPx_R,9,MAE,0.045061629434178636,1278654,fa85569c247e4428,True,location-k4-fold0-seed0,0
ar,CoPx_R,9,SS_vs_persistence,0.47854314357780514,1278654,fa85569c247e4428,True,location-k4-fold0-seed0,0
ar,CoPx_R,9,SS_vs_seasonal,0.48121041512673246,1278654,fa85569c247e4428,True,location-k4-fold0-seed0,0
ar,CoPx_R,9,SS_vs_ar,9.289302660420162e-11,1278654,fa85569c247e4428,True,location-k4-fold0-seed0,0
ar,CoPx_R,10,MSE,0.010765570264977545,1278654,fa85569c247e4428,True,location-k4-fold0-seed0,0
ar,CoPx_R,10,MAE,0.045437900481439294,1278654,fa85569c247e4428,True,location-k4-fold0-seed0,0
ar,CoPx_R,10,SS_vs_persistence,0.4881907990927128,1278654,fa85569c247e4428,True,location-k4-fold0-seed0,0
ar,CoPx_R,10,SS_vs_seasonal,0.4822570503687381,1278654,fa85569c247e4428,True,location-k4-fold0-seed0,0
ar,CoPx_R,10,SS_vs_ar,9.288880775670805e-11,1278654,fa85569c247e4428,True,location-k4-fold0-seed0,0
ar,CoPx_R,11,MSE,0.01079860422362437,1278654,fa85569c247e4428,True,location-k4-fold0-seed0,0
ar,CoPx_R,11,MAE,0.04601097834802859,1278654,fa85569c247e4428,True,location-k4-fold0-seed0,0
ar,CoPx_R,11,SS_vs_persistence,0.4977528239244591,1278654,fa85569c247e4428,True,location-k4-fold0-seed0,0
ar,CoPx_R,11,SS_vs_seasonal,0.4507205792700222,1278654,fa85569c247e4428,True,location-k4-fold0-seed0,0
ar,CoPx_R,11,SS_vs_ar,9.260459066240401e-11,1278654,fa85569c247e4428,True,location-k4-fold0-seed0,0
ar,CoPx_R,12,MSE,0.010729423424241552,1278654,fa85569c247e4428,True,location-k4-fold0-seed0,0
ar,CoPx_R,12,MAE,0.04630187307752052,1278654,fa85569c247e4428,True,location-k4-fold0-seed0,0
ar,CoPx_R,12,SS_vs_persistence,0.5128365585900618,1278654,fa85569c247e4428,True,location-k4-fold0-seed0,0
ar,CoPx_R,12,SS_vs_seasonal,0.45343193261275416,1278654,fa85569c247e4428,True,location-k4-fold0-seed0,0
ar,CoPx_R,12,SS_vs_ar,9.320166860504742e-11,1278654,fa85569c247e4428,True,location-k4-fold0-seed0,0
ar,CoPx_R,13,MSE,0.010816767042651845,1278654,fa85569c247e4428,True,location-k4-fold0-seed0,0
ar,CoPx_R,13,MAE,0.04644354440025313,1278654,fa85569c247e4428,True,location-k4-fold0-seed0,0
ar,CoPx_R,13,SS_vs_persistence,0.504023699649201,1278654,fa85569c247e4428,True,location-k4-fold0-seed0,0
ar,CoPx_R,13,SS_vs_seasonal,0.4678642605172394,1278654,fa85569c247e4428,True,location-k4-fold0-seed0,0
ar,CoPx_R,13,SS_vs_ar,9.244915943895649e-11,1278654,fa85569c247e4428,True,location-k4-fold0-seed0,0
ar,CoPx_R,14,MSE,0.010956359521364074,1278654,fa85569c247e4428,True,location-k4-fold0-seed0,0
ar,CoPx_R,14,MAE,0.04666890438677806,1278654,fa85569c247e4428,True,location-k4-fold0-seed0,0
ar,CoPx_R,14,SS_vs_persistence,0.5080232605949216,1278654,fa85569c247e4428,True,location-k4-fold0-seed0,0
ar,CoPx_R,14,SS_vs_seasonal,0.46572419682835364,1278654,fa85569c247e4428,True,location-k4-fold0-seed0,0
ar,CoPx_R,14,SS_vs_ar,9.12712128098292e-11,1278654,fa85569c247e4428,True,location-k4-fold0-seed0,0
ar,CoPx_R,15,MSE,0.010897552996155978,1278654,fa85569c247e4428,True,location-k4-fold0-seed0,0
ar,CoPx_R,15,MAE,0.04694035278641845,1278654,fa85569c247e4428,True,location-k4-fold0-seed0,0
ar,CoPx_R,15,SS_vs_persistence,0.49262519795784165,1278654,fa85569c247e4428,True,location-k4-fold0-seed0,0
ar,CoPx_R,15,SS_vs_seasonal,0.4733817472379812,1278654,fa85569c247e4428,True,location-k4-fold0-seed0,0
ar,CoPx_R,15,SS_vs_ar,9.176370774355291e-11,1278654,fa85569c247e4428,True,location-k4-fold0-seed0,0
ar,CoPx_R,16,MSE,0.011067037446087844,1278654,fa85569c247e4428,True,location-k4-fold0-seed0,0
ar,CoPx_R,16,MAE,0.04743738868941925,1278654,fa85569c247e4428,True,location-k4-fold0-seed0,0
ar,CoPx_R,16,SS_vs_persistence,0.48485982327035526,1278654,fa85569c247e4428,True,location-k4-fold0-seed0,0
ar,CoPx_R,16,SS_vs_seasonal,0.46882619839473494,1278654,fa85569c247e4428,True,location-k4-fold0-seed0,0
ar,CoPx_R,16,SS_vs_ar,9.035849846128485e-11,1278654,fa85569c247e4428,True,location-k4-fold0-seed0,0
ar,CoPx_R,17,MSE,0.011319505010421015,1278654,fa85569c247e4428,True,location-k4-fold0-seed0,0
ar,CoPx_R,17,MAE,0.04765223675843337,1278654,fa85569c247e4428,True,location-k4-fold0-seed0,0
ar,CoPx_R,17,SS_vs_persistence,0.49425098192340555,1278654,fa85569c247e4428,True,location-k4-fold0-seed0,0
ar,CoPx_R,17,SS_vs_seasonal,0.47167237525151573,1278654,fa85569c247e4428,True,location-k4-fold0-seed0,0
ar,CoPx_R,17,SS_vs_ar,8.83431106046828e-11,1278654,fa85569c247e4428,True,location-k4-fold0-seed0,0
ar,CoPx_R,18,MSE,0.011347711127315757,1278654,fa85569c247e4428,True,location-k4-fold0-seed0,0
ar,CoPx_R,18,MAE,0.04792984254574519,1278654,fa85569c247e4428,True,location-k4-fold0-seed0,0
ar,CoPx_R,18,SS_vs_persistence,0.4967152870525806,1278654,fa85569c247e4428,True,location-k4-fold0-seed0,0
ar,CoPx_R,18,SS_vs_seasonal,0.4719391992766915,1278654,fa85569c247e4428,True,location-k4-fold0-seed0,0
ar,CoPx_R,18,SS_vs_ar,8.812350849041195e-11,1278654,fa85569c247e4428,True,location-k4-fold0-seed0,0
ar,CoPx_R,19,MSE,0.01135672843428994,1278654,fa85569c247e4428,True,location-k4-fold0-seed0,0
ar,CoPx_R,19,MAE,0.048299398934300304,1278654,fa85569c247e4428,True,location-k4-fold0-seed0,0
ar,CoPx_R,19,SS_vs_persistence,0.47342785746648675,1278654,fa85569c247e4428,True,location-k4-fold0-seed0,0
ar,CoPx_R,19,SS_vs_seasonal,0.4715862721897953,1278654,fa85569c247e4428,True,location-k4-fold0-seed0,0
ar,CoPx_R,19,SS_vs_ar,8.805356443986057e-11,1278654,fa85569c247e4428,True,location-k4-fold0-seed0,0
ar,CoPx_R,20,MSE,0.011456887020269774,1278654,fa85569c247e4428,True,location-k4-fold0-seed0,0
ar,CoPx_R,20,MAE,0.04849654259795938,1278654,fa85569c247e4428,True,location-k4-fold0-seed0,0
ar,CoPx_R,20,SS_vs_persistence,0.4850951253890263,1278654,fa85569c247e4428,True,location-k4-fold0-seed0,0
ar,CoPx_R,20,SS_vs_seasonal,0.47745522805622287,1278654,fa85569c247e4428,True,location-k4-fold0-seed0,0
ar,CoPx_R,20,SS_vs_ar,8.728373579458548e-11,1278654,fa85569c247e4428,True,location-k4-fold0-seed0,0
ar,CoPx_R,21,MSE,0.011496982623907187,1278654,fa85569c247e4428,True,location-k4-fold0-seed0,0
ar,CoPx_R,21,MAE,0.04860990564773128,1278654,fa85569c247e4428,True,location-k4-fold0-seed0,0
ar,CoPx_R,21,SS_vs_persistence,0.4894838218607416,1278654,fa85569c247e4428,True,location-k4-fold0-seed0,0
ar,CoPx_R,21,SS_vs_seasonal,0.5175920580734197,1278654,fa85569c247e4428,True,location-k4-fold0-seed0,0
ar,CoPx_R,21,SS_vs_ar,8.697942366353573e-11,1278654,fa85569c247e4428,True,location-k4-fold0-seed0,0
ar,CoPx_R,22,MSE,0.011456673621257801,1278654,fa85569c247e4428,True,location-k4-fold0-seed0,0
ar,CoPx_R,22,MAE,0.04877805457768349,1278654,fa85569c247e4428,True,location-k4-fold0-seed0,0
ar,CoPx_R,22,SS_vs_persistence,0.5198182679083112,1278654,fa85569c247e4428,True,location-k4-fold0-seed0,0
ar,CoPx_R,22,SS_vs_seasonal,0.5214118230114393,1278654,fa85569c247e4428,True,location-k4-fold0-seed0,0
ar,CoPx_R,22,SS_vs_ar,8.728540112912242e-11,1278654,fa85569c247e4428,True,location-k4-fold0-seed0,0
ar,CoPx_R,23,MSE,0.011380093121611591,1278654,fa85569c247e4428,True,location-k4-fold0-seed0,0
ar,CoPx_R,23,MAE,0.04900713401268262,1278654,fa85569c247e4428,True,location-k4-fold0-seed0,0
ar,CoPx_R,23,SS_vs_persistence,0.5055621859206085,1278654,fa85569c247e4428,True,location-k4-fold0-seed0,0
ar,CoPx_R,23,SS_vs_seasonal,0.5204408722919254,1278654,fa85569c247e4428,True,location-k4-fold0-seed0,0
ar,CoPx_R,23,SS_vs_ar,8.787282013145159e-11,1278654,fa85569c247e4428,True,location-k4-fold0-seed0,0
ar,CoPx_R,24,MSE,0.011402744548480847,1278654,fa85569c247e4428,True,location-k4-fold0-seed0,0
ar,CoPx_R,24,MAE,0.049286710428323985,1278654,fa85569c247e4428,True,location-k4-fold0-seed0,0
ar,CoPx_R,24,SS_vs_persistence,0.5184749285504268,1278654,fa85569c247e4428,True,location-k4-fold0-seed0,0
ar,CoPx_R,24,SS_vs_seasonal,0.5194898444915874,1278654,fa85569c247e4428,True,location-k4-fold0-seed0,0
ar,CoPx_R,24,SS_vs_ar,8.769818204967805e-11,1278654,fa85569c247e4428,True,location-k4-fold0-seed0,0
ar,CoPx_R,25,MSE,0.01139058802647296,1278654,fa85569c247e4428,True,location-k4-fold0-seed0,0
ar,CoPx_R,25,MAE,0.049695378064033666,1278654,fa85569c247e4428,True,location-k4-fold0-seed0,0
ar,CoPx_R,25,SS_vs_persistence,0.49928139293838625,1278654,fa85569c247e4428,True,location-k4-fold0-seed0,0
ar,CoPx_R,25,SS_vs_seasonal,0.522695687726999,1278654,fa85569c247e4428,True,location-k4-fold0-seed0,0
ar,CoPx_R,25,SS_vs_ar,8.779177385065395e-11,1278654,fa85569c247e4428,True,location-k4-fold0-seed0,0
ar,CoPx_R,26,MSE,0.011355956216447584,1278654,fa85569c247e4428,True,location-k4-fold0-seed0,0
ar,CoPx_R,26,MAE,0.049984920019655044,1278654,fa85569c247e4428,True,location-k4-fold0-seed0,0
ar,CoPx_R,26,SS_vs_persistence,0.5056180112901789,1278654,fa85569c247e4428,True,location-k4-fold0-seed0,0
ar,CoPx_R,26,SS_vs_seasonal,0.5224486058913084,1278654,fa85569c247e4428,True,location-k4-fold0-seed0,0
ar,CoPx_R,26,SS_vs_ar,8.805955964419354e-11,1278654,fa85569c247e4428,True,location-k4-fold0-seed0,0
ar,CoPx_R,27,MSE,0.01145676416567396,1278654,fa85569c247e4428,True,location-k4-fold0-seed0,0
ar,CoPx_R,27,MAE,0.050158380095030264,1278654,fa85569c247e4428,True,location-k4-fold0-seed0,0
ar,CoPx_R,27,SS_vs_persistence,0.5252588645356009,1278654,fa85569c247e4428,True,location-k4-fold0-seed0,0
ar,CoPx_R,27,SS_vs_seasonal,0.5274088188013473,1278654,fa85569c247e4428,True,location-k4-fold0-seed0,0
ar,CoPx_R,27,SS_vs_ar,8.728473499530764e-11,1278654,fa85569c247e4428,True,location-k4-fold0-seed0,0
ar,CoPx_R,28,MSE,0.011436573323451155,1278654,fa85569c247e4428,True,location-k4-fold0-seed0,0
ar,CoPx_R,28,MAE,0.05016776287294533,1278654,fa85569c247e4428,True,location-k4-fold0-seed0,0
ar,CoPx_R,28,SS_vs_persistence,0.4890987058708425,1278654,fa85569c247e4428,True,location-k4-fold0-seed0,0
ar,CoPx_R,28,SS_vs_seasonal,0.5283817591064883,1278654,fa85569c247e4428,True,location-k4-fold0-seed0,0
ar,CoPx_R,28,SS_vs_ar,8.743883395112562e-11,1278654,fa85569c247e4428,True,location-k4-fold0-seed0,0
ar,CoPx_R,29,MSE,0.011521735138150808,1278654,fa85569c247e4428,True,location-k4-fold0-seed0,0
ar,CoPx_R,29,MAE,0.050504845960753206,1278654,fa85569c247e4428,True,location-k4-fold0-seed0,0
ar,CoPx_R,29,SS_vs_persistence,0.5067880977579315,1278654,fa85569c247e4428,True,location-k4-fold0-seed0,0
ar,CoPx_R,29,SS_vs_seasonal,0.5197999831454186,1278654,fa85569c247e4428,True,location-k4-fold0-seed0,0
ar,CoPx_R,29,SS_vs_ar,8.679257312849131e-11,1278654,fa85569c247e4428,True,location-k4-fold0-seed0,0
ar,CoPx_R,30,MSE,0.011521384521558443,1278654,fa85569c247e4428,True,location-k4-fold0-seed0,0
ar,CoPx_R,30,MAE,0.050745303337925735,1278654,fa85569c247e4428,True,location-k4-fold0-seed0,0
ar,CoPx_R,30,SS_vs_persistence,0.5227500173397488,1278654,fa85569c247e4428,True,location-k4-fold0-seed0,0
ar,CoPx_R,30,SS_vs_seasonal,0.5181977330700408,1278654,fa85569c247e4428,True,location-k4-fold0-seed0,0
ar,CoPx_R,30,SS_vs_ar,8.679512664144795e-11,1278654,fa85569c247e4428,True,location-k4-fold0-seed0,0
ar,CoPx_R,all,MSE,0.01116463620503802,1278654,fa85569c247e4428,True,location-k4-fold0-seed0,0
ar,CoPx_R,all,MAE,0.04675043706417657,1278654,fa85569c247e4428,True,location-k4-fold0-seed0,0
ar,CoPx_R,all,SS_vs_persistence,0.49260492910986386,1278654,fa85569c247e4428,True,location-k4-fold0-seed0,0
ar,CoPx_R,all,SS_vs_seasonal,0.4866929065087032,1278654,fa85569c247e4428,True,location-k4-fold0-seed0,0
ar,CoPx_R,all,SS_vs_ar,8.956857477926405e-11,1278654,fa85569c247e4428,True,location-k4-fold0-seed0,0
ar,CoPy_R,1,MSE,0.008044603386825203,1278654,fa85569c247e4428,True,location-k4-fold0-seed0,0
ar,CoPy_R,1,MAE,0.04790667141671449,1278654,fa85569c247e4428,True,location-k4-fold0-seed0,0
ar,CoPy_R,1,SS_vs_persistence,0.35295677492779753,1278654,fa85569c247e4428,True,location-k4-fold0-seed0,0
ar,CoPy_R,1,SS_vs_seasonal,0.4331672707831761,1278654,fa85569c247e4428,True,location-k4-fold0-seed0,0
ar,CoPy_R,1,SS_vs_ar,1.2430700913057535e-10,1278654,fa85569c247e4428,True,location-k4-fold0-seed0,0
ar,CoPy_R,2,MSE,0.00828569718101822,1278654,fa85569c247e4428,True,location-k4-fold0-seed0,0
ar,CoPy_R,2,MAE,0.049095843883027734,1278654,fa85569c247e4428,True,location-k4-fold0-seed0,0
ar,CoPy_R,2,SS_vs_persistence,0.39529451174259667,1278654,fa85569c247e4428,True,location-k4-fold0-seed0,0
ar,CoPy_R,2,SS_vs_seasonal,0.42789957212924634,1278654,fa85569c247e4428,True,location-k4-fold0-seed0,0
ar,CoPy_R,2,SS_vs_ar,1.206899025163466e-10,1278654,fa85569c247e4428,True,location-k4-fold0-seed0,0
ar,CoPy_R,3,MSE,0.008315078340576902,1278654,fa85569c247e4428,True,location-k4-fold0-seed0,0
ar,CoPy_R,3,MAE,0.049327298134125744,1278654,fa85569c247e4428,True,location-k4-fold0-seed0,0
ar,CoPy_R,3,SS_vs_persistence,0.40393851205237263,1278654,fa85569c247e4428,True,location-k4-fold0-seed0,0
ar,CoPy_R,3,SS_vs_seasonal,0.41832160167931587,1278654,fa85569c247e4428,True,location-k4-fold0-seed0,0
ar,CoPy_R,3,SS_vs_ar,1.2026346585258807e-10,1278654,fa85569c247e4428,True,location-k4-fold0-seed0,0
ar,CoPy_R,4,MSE,0.008324140146870447,1278654,fa85569c247e4428,True,location-k4-fold0-seed0,0
ar,CoPy_R,4,MAE,0.04948177946097066,1278654,fa85569c247e4428,True,location-k4-fold0-seed0,0
ar,CoPy_R,4,SS_vs_persistence,0.407560920157763,1278654,fa85569c247e4428,True,location-k4-fold0-seed0,0
ar,CoPy_R,4,SS_vs_seasonal,0.4181334524114487,1278654,fa85569c247e4428,True,location-k4-fold0-seed0,0
ar,CoPy_R,4,SS_vs_ar,1.2013257055798476e-10,1278654,fa85569c247e4428,True,location-k4-fold0-seed0,0
ar,CoPy_R,5,MSE,0.008312063543856498,1278654,fa85569c247e4428,True,location-k4-fold0-seed0,0
ar,CoPy_R,5,MAE,0.0495299735174173,1278654,fa85569c247e4428,True,location-k4-fold0-seed0,0
ar,CoPy_R,5,SS_vs_persistence,0.39252126637785845,1278654,fa85569c247e4428,True,location-k4-fold0-seed0,0
ar,CoPy_R,5,SS_vs_seasonal,0.4187257767811392,1278654,fa85569c247e4428,True,location-k4-fold0-seed0,0
ar,CoPy_R,5,SS_vs_ar,1.2030709761745584e-10,1278654,fa85569c247e4428,True,location-k4-fold0-seed0,0
ar,CoPy_R,6,MSE,0.008355458504700358,1278654,fa85569c247e4428,True,location-k4-fold0-seed0,0
ar,CoPy_R,6,MAE,0.04969414917351335,1278654,fa85569c247e4428,True,location-k4-fold0-seed0,0
ar,CoPy_R,6,SS_vs_persistence,0.40141265904873236,1278654,fa85569c247e4428,True,location-k4-fold0-seed0,0
ar,CoPy_R,6,SS_vs_seasonal,0.4141000406634676,1278654,fa85569c247e4428,True,location-k4-fold0-seed0,0
ar,CoPy_R,6,SS_vs_ar,1.196822640991968e-10,1278654,fa85569c247e4428,True,location-k4-fold0-seed0,0
ar,CoPy_R,7,MSE,0.008387502524330433,1278654,fa85569c247e4428,True,location-k4-fold0-seed0,0
ar,CoPy_R,7,MAE,0.049892365923131454,1278654,fa85569c247e4428,True,location-k4-fold0-seed0,0
ar,CoPy_R,7,SS_vs_persistence,0.3989721520481643,1278654,fa85569c247e4428,True,location-k4-fold0-seed0,0
ar,CoPy_R,7,SS_vs_seasonal,0.407642813617056,1278654,fa85569c247e4428,True,location-k4-fold0-seed0,0
ar,CoPy_R,7,SS_vs_ar,1.1922507425765616e-10,1278654,fa85569c247e4428,True,location-k4-fold0-seed0,0
ar,CoPy_R,8,MSE,0.008378634762180343,1278654,fa85569c247e4428,True,location-k4-fold0-seed0,0
ar,CoPy_R,8,MAE,0.050006477396640235,1278654,fa85569c247e4428,True,location-k4-fold0-seed0,0
ar,CoPy_R,8,SS_vs_persistence,0.4140445494673598,1278654,fa85569c247e4428,True,location-k4-fold0-seed0,0
ar,CoPy_R,8,SS_vs_seasonal,0.41045838216781527,1278654,fa85569c247e4428,True,location-k4-fold0-seed0,0
ar,CoPy_R,8,SS_vs_ar,1.1935119559325358e-10,1278654,fa85569c247e4428,True,location-k4-fold0-seed0,0
ar,CoPy_R,9,MSE,0.0084099303484708,1278654,fa85569c247e4428,True,location-k4-fold0-seed0,0
ar,CoPy_R,9,MAE,0.050114388581658335,1278654,fa85569c247e4428,True,location-k4-fold0-seed0,0
ar,CoPy_R,9,SS_vs_persistence,0.4084988728311333,1278654,fa85569c247e4428,True,location-k4-fold0-seed0,0
ar,CoPy_R,9,SS_vs_seasonal,0.4135876887885582,1278654,fa85569c247e4428,True,location-k4-fold0-seed0,0
ar,CoPy_R,9,SS_vs_ar,1.1890710638340352e-10,1278654,fa85569c247e4428,True,location-k4-fold0-seed0,0
ar,CoPy_R,10,MSE,0.008441999834573782,1278654,fa85569c247e4428,True,location-k4-fold0-seed0,0
ar,CoPy_R,10,MAE,0.050236004436016564,1278654,fa85569c247e4428,True,location-k4-fold0-seed0,0
ar,CoPy_R,10,SS_vs_persistence,0.40290127628440886,1278654,fa85569c247e4428,True,location-k4-fold0-seed0,0
ar,CoPy_R,10,SS_vs_seasonal,0.40914568899097226,1278654,fa85569c247e4428,True,location-k4-fold0-seed0,0
ar,CoPy_R,10,SS_vs_ar,1.1845535663468354e-10,1278654,fa85569c247e4428,True,location-k4-fold0-seed0,0
ar,CoPy_R,11,MSE,0.008501254135130457,1278654,fa85569c247e4428,True,location-k4-fold0-seed0,0
ar,CoPy_R,11,MAE,0.05039599870352609,1278654,fa85569c247e4428,True,location-k4-fold0-seed0,0
ar,CoPy_R,11,SS_vs_persistence,0.43155156118220717,1278654,fa85569c247e4428,True,location-k4-fold0-seed0,0
ar,CoPy_R,11,SS_vs_seasonal,0.40869517298195623,1278654,fa85569c247e4428,True,location-k4-fold0-seed0,0
ar,CoPy_R,11,SS_vs_ar,1.1762979479357227e-10,1278654,fa85569c247e4428,True,location-k4-fold0-seed0,0
ar,CoPy_R,12,MSE,0.008475285848185677,1278654,fa85569c247e4428,True,location-k4-fold0-seed0,0
ar,CoPy_R,12,MAE,0.05043295003606237,1278654,fa85569c247e4428,True,location-k4-fold0-seed0,0
ar,CoPy_R,12,SS_vs_persistence,0.3880519584089088,1278654,fa85569c247e4428,True,location-k4-fold0-seed0,0
ar,CoPy_R,12,SS_vs_seasonal,0.39869402279906174,1278654,fa85569c247e4428,True,location-k4-fold0-seed0,0
ar,CoPy_R,12,SS_vs_ar,1.179901731873656e-10,1278654,fa85569c247e4428,True,location-k4-fold0-seed0,0
ar,CoPy_R,13,MSE,0.008538827086323138,1278654,fa85569c247e4428,True,location-k4-fold0-seed0,0
ar,CoPy_R,13,MAE,0.050544342493360664,1278654,fa85569c247e4428,True,location-k4-fold0-seed0,0
ar,CoPy_R,13,SS_vs_persistence,0.40112210093866496,1278654,fa85569c247e4428,True,location-k4-fold0-seed0,0
ar,CoPy_R,13,SS_vs_seasonal,0.4003819392512674,1278654,fa85569c247e4428,True,location-k4-fold0-seed0,0
ar,CoPy_R,13,SS_vs_ar,1.1711220881949203e-10,1278654,fa85569c247e4428,True,location-k4-fold0-seed0,0
ar,CoPy_R,14,MSE,0.008552539329257088,1278654,fa85569c247e4428,True,location-k4-fold0-seed0,0
ar,CoPy_R,14,MAE,0.05055595694438667,1278654,fa85569c247e4428,True,location-k4-fold0-seed0,0
ar,CoPy_R,14,SS_vs_persistence,0.40718532253584216,1278654,fa85569c247e4428,True,location-k4-fold0-seed0,0
ar,CoPy_R,14,SS_vs_seasonal,0.3959034320430571,1278654,fa85569c247e4428,True,location-k4-fold0-seed0,0
ar,CoPy_R,14,SS_vs_ar,1.1692435908372545e-10,1278654,fa85569c247e4428,True,location-k4-fold0-seed0,0
ar,CoPy_R,15,MSE,0.00858420672669852,1278654,fa85569c247e4428,True,location-k4-fold0-seed0,0
ar,CoPy_R,15,MAE,0.05067603598463297,1278654,fa85569c247e4428,True,location-k4-fold0-seed0,0
ar,CoPy_R,15,SS_vs_persistence,0.39473366712985014,1278654,fa85569c247e4428,True,location-k4-fold0-seed0,0
ar,CoPy_R,15,SS_vs_seasonal,0.39338974746628963,1278654,fa85569c247e4428,True,location-k4-fold0-seed0,0
ar,CoPy_R,15,SS_vs_ar,1.1649303743865858e-10,1278654,fa85569c247e4428,True,location-k4-fold0-seed0,0
ar,CoPy_R,16,MSE,0.008662201105667386,1278654,fa85569c247e4428,True,location-k4-fold0-seed0,0
ar,CoPy_R,16,MAE,0.05097974586194798,1278654,fa85569c247e4428,True,location-k4-fold0-seed0,0
ar,CoPy_R,16,SS_vs_persistence,0.4030572417922679,1278654,fa85569c247e4428,True,location-k4-fold0-seed0,0
ar,CoPy_R,16,SS_vs_seasonal,0.3959784860691048,1278654,fa85569c247e4428,True,location-k4-fold0-seed0,0
ar,CoPy_R,16,SS_vs_ar,1.1544409872499273e-10,1278654,fa85569c247e4428,True,location-k4-fold0-seed0,0
ar,CoPy_R,17,MSE,0.00872367174308105,1278654,fa85569c247e4428,True,location-k4-fold0-seed0,0
ar,CoPy_R,17,MAE,0.051205552222438507,1278654,fa85569c247e4428,True,location-k4-fold0-seed0,0
ar,CoPy_R,17,SS_vs_persistence,0.38679603705542476,1278654,fa85569c247e4428,True,location-k4-fold0-seed0,0
ar,CoPy_R,17,SS_vs_seasonal,0.3907684939733911,1278654,fa85569c247e4428,True,location-k4-fold0-seed0,0
ar,CoPy_R,17,SS_vs_ar,1.1463063831484988e-10,1278654,fa85569c247e4428,True,location-k4-fold0-seed0,0
ar,CoPy_R,18,MSE,0.008761380617345566,1278654,fa85569c247e4428,True,location-k4-fold0-seed0,0
ar,CoPy_R,18,MAE,0.051265903462341965,1278654,fa85569c247e4428,True,location-k4-fold0-seed0,0
ar,CoPy_R,18,SS_vs_persistence,0.4012708870747801,1278654,fa85569c247e4428,True,location-k4-fold0-seed0,0
ar,CoPy_R,18,SS_vs_seasonal,0.3882043811057474,1278654,fa85569c247e4428,True,location-k4-fold0-seed0,0
ar,CoPy_R,18,SS_vs_ar,1.1413736622500892e-10,1278654,fa85569c247e4428,True,location-k4-fold0-seed0,0
ar,CoPy_R,19,MSE,0.00883332097649326,1278654,fa85569c247e4428,True,location-k4-fold0-seed0,0
ar,CoPy_R,19,MAE,0.05144533844882104,1278654,fa85569c247e4428,True,location-k4-fold0-seed0,0
ar,CoPy_R,19,SS_vs_persistence,0.4032825868325124,1278654,fa85569c247e4428,True,location-k4-fold0-seed0,0
ar,CoPy_R,19,SS_vs_seasonal,0.39373732764548885,1278654,fa85569c247e4428,True,location-k4-fold0-seed0,0
ar,CoPy_R,19,SS_vs_ar,1.1320777648649027e-10,1278654,fa85569c247e4428,True,location-k4-fold0-seed0,0
ar,CoPy_R,20,MSE,0.008837460459275083,1278654,fa85569c247e4428,True,location-k4-fold0-seed0,0
ar,CoPy_R,20,MAE,0.05154017210172412,1278654,fa85569c247e4428,True,location-k4-fold0-seed0,0
ar,CoPy_R,20,SS_vs_persistence,0.3931153494724361,1278654,fa85569c247e4428,True,location-k4-fold0-seed0,0
ar,CoPy_R,20,SS_vs_seasonal,0.3928391786386265,1278654,fa85569c247e4428,True,location-k4-fold0-seed0,0
ar,CoPy_R,20,SS_vs_ar,1.1315470782591319e-10,1278654,fa85569c247e4428,True,location-k4-fold0-seed0,0
ar,CoPy_R,21,MSE,0.008851203082976806,1278654,fa85569c247e4428,True,location-k4-fold0-seed0,0
ar,CoPy_R,21,MAE,0.051593148299117535,1278654,fa85569c247e4428,True,location-k4-fold0-seed0,0
ar,CoPy_R,21,SS_vs_persistence,0.41983700017472025,1278654,fa85569c247e4428,True,location-k4-fold0-seed0,0
ar,CoPy_R,21,SS_vs_seasonal,0.43784975875847765,1278654,fa85569c247e4428,True,location-k4-fold0-seed0,0
ar,CoPy_R,21,SS_vs_ar,1.1297907054341749e-10,1278654,fa85569c247e4428,True,location-k4-fold0-seed0,0
ar,CoPy_R,22,MSE,0.0088334034916436,1278654,fa85569c247e4428,True,location-k4-fold0-seed0,0
ar,CoPy_R,22,MAE,0.051532689227266955,1278654,fa85569c247e4428,True,location-k4-fold0-seed0,0
ar,CoPy_R,22,SS_vs_persistence,0.4230682406170758,1278654,fa85569c247e4428,True,location-k4-fold0-seed0,0
ar,CoPy_R,22,SS_vs_seasonal,0.43007697071189954,1278654,fa85569c247e4428,True,location-k4-fold0-seed0,0
ar,CoPy_R,22,SS_vs_ar,1.1320666626346565e-10,1278654,fa85569c247e4428,True,location-k4-fold0-seed0,0
ar,CoPy_R,23,MSE,0.008796190782564127,1278654,fa85569c247e4428,True,location-k4-fold0-seed0,0
ar,CoPy_R,23,MAE,0.051462593139600325,1278654,fa85569c247e4428,True,location-k4-fold0-seed0,0
ar,CoPy_R,23,SS_vs_persistence,0.43282093350515105,1278654,fa85569c247e4428,True,location-k4-fold0-seed0,0
ar,CoPy_R,23,SS_vs_seasonal,0.4361350287235243,1278654,fa85569c247e4428,True,location-k4-fold0-seed0,0
ar,CoPy_R,23,SS_vs_ar,1.1368561647628894e-10,1278654,fa85569c247e4428,True,location-k4-fold0-seed0,0
ar,CoPy_R,24,MSE,0.008770597180971434,1278654,fa85569c247e4428,True,location-k4-fold0-seed0,0
ar,CoPy_R,24,MAE,0.05137463891304366,1278654,fa85569c247e4428,True,location-k4-fold0-seed0,0
ar,CoPy_R,24,SS_vs_persistence,0.4231301276135838,1278654,fa85569c247e4428,True,location-k4-fold0-seed0,0
ar,CoPy_R,24,SS_vs_seasonal,0.44295551775259634,1278654,fa85569c247e4428,True,location-k4-fold0-seed0,0
ar,CoPy_R,24,SS_vs_ar,1.1401735111604694e-10,1278654,fa85569c247e4428,True,location-k4-fold0-seed0,0
ar,CoPy_R,25,MSE,0.008792482385685379,1278654,fa85569c247e4428,True,location-k4-fold0-seed0,0
ar,CoPy_R,25,MAE,0.05147335892202819,1278654,fa85569c247e4428,True,location-k4-fold0-seed0,0
ar,CoPy_R,25,SS_vs_persistence,0.413637983213641,1278654,fa85569c247e4428,True,location-k4-fold0-seed0,0
ar,CoPy_R,25,SS_vs_seasonal,0.43113700134777544,1278654,fa85569c247e4428,True,location-k4-fold0-seed0,0
ar,CoPy_R,25,SS_vs_ar,1.1373357811095275e-10,1278654,fa85569c247e4428,True,location-k4-fold0-seed0,0
ar,CoPy_R,26,MSE,0.008775263138424352,1278654,fa85569c247e4428,True,location-k4-fold0-seed0,0
ar,CoPy_R,26,MAE,0.05160681952614471,1278654,fa85569c247e4428,True,location-k4-fold0-seed0,0
ar,CoPy_R,26,SS_vs_persistence,0.4047349631733095,1278654,fa85569c247e4428,True,location-k4-fold0-seed0,0
ar,CoPy_R,26,SS_vs_seasonal,0.42463572290717344,1278654,fa85569c247e4428,True,location-k4-fold0-seed0,0
ar,CoPy_R,26,SS_vs_ar,1.139567329389024e-10,1278654,fa85569c247e4428,True,location-k4-fold0-seed0,0
ar,CoPy_R,27,MSE,0.008782195106787278,1278654,fa85569c247e4428,True,location-k4-fold0-seed0,0
ar,CoPy_R,27,MAE,0.051624093206135424,1278654,fa85569c247e4428,True,location-k4-fold0-seed0,0
ar,CoPy_R,27,SS_vs_persistence,0.4268486753124303,1278654,fa85569c247e4428,True,location-k4-fold0-seed0,0
ar,CoPy_R,27,SS_vs_seasonal,0.42794074763751977,1278654,fa85569c247e4428,True,location-k4-fold0-seed0,0
ar,CoPy_R,27,SS_vs_ar,1.1386680487390777e-10,1278654,fa85569c247e4428,True,location-k4-fold0-seed0,0
ar,CoPy_R,28,MSE,0.008750093144369456,1278654,fa85569c247e4428,True,location-k4-fold0-seed0,0
ar,CoPy_R,28,MAE,0.05148084501485366,1278654,fa85569c247e4428,True,location-k4-fold0-seed0,0
ar,CoPy_R,28,SS_vs_persistence,0.44078372278487243,1278654,fa85569c247e4428,True,location-k4-fold0-seed0,0
ar,CoPy_R,28,SS_vs_seasonal,0.43743248712829863,1278654,fa85569c247e4428,True,location-k4-fold0-seed0,0
ar,CoPy_R,28,SS_vs_ar,1.1428458179807421e-10,1278654,fa85569c247e4428,True,location-k4-fold0-seed0,0
ar,CoPy_R,29,MSE,0.008729893565096618,1278654,fa85569c247e4428,True,location-k4-fold0-seed0,0
ar,CoPy_R,29,MAE,0.051375513297048425,1278654,fa85569c247e4428,True,location-k4-fold0-seed0,0
ar,CoPy_R,29,SS_vs_persistence,0.4504296954929867,1278654,fa85569c247e4428,True,location-k4-fold0-seed0,0
ar,CoPy_R,29,SS_vs_seasonal,0.43957813835075166,1278654,fa85569c247e4428,True,location-k4-fold0-seed0,0
ar,CoPy_R,29,SS_vs_ar,1.1454903692253993e-10,1278654,fa85569c247e4428,True,location-k4-fold0-seed0,0
ar,CoPy_R,30,MSE,0.008774761905815219,1278654,fa85569c247e4428,True,location-k4-fold0-seed0,0
ar,CoPy_R,30,MAE,0.051471247381528536,1278654,fa85569c247e4428,True,location-k4-fold0-seed0,0
ar,CoPy_R,30,SS_vs_persistence,0.43844280708457084,1278654,fa85569c247e4428,True,location-k4-fold0-seed0,0
ar,CoPy_R,30,SS_vs_seasonal,0.43219934901364476,1278654,fa85569c247e4428,True,location-k4-fold0-seed0,0
ar,CoPy_R,30,SS_vs_ar,1.139632832547477e-10,1278654,fa85569c247e4428,True,location-k4-fold0-seed0,0
ar,CoPy_R,all,MSE,0.008586116280003227,1278654,fa85569c247e4428,True,location-k4-fold0-seed0,0
ar,CoPy_R,all,MAE,0.05064435502345569,1278654,fa85569c247e4428,True,location-k4-fold0-seed0,0
ar,CoPy_R,all,SS_vs_persistence,0.40961638197119243,1278654,fa85569c247e4428,True,location-k4-fold0-seed0,0
ar,CoPy_R,all,SS_vs_seasonal,0.4161793070305405,1278654,fa85569c247e4428,True,location-k4-fold0-seed0,0
ar,CoPy_R,all,SS_vs_ar,1.164671692421848e-10,1278654,fa85569c247e4428,True,location-k4-fold0-seed0,0
pg_cnn,F_R,1,MSE,461990.45033749635,1383540,fa85569c247e4428,True,location-k4-fold0-seed0,0
pg_cnn,F_R,1,MAE,458.28012814455803,1383540,fa85569c247e4428,True,location-k4-fold0-seed0,0
pg_cnn,F_R,1,SS_vs_persistence,0.23047750064784833,1383540,fa85569c247e4428,True,location-k4-fold0-seed0,0
pg_cnn,F_R,1,SS_vs_seasonal,0.43631944549363855,1383540,fa85569c247e4428,True,location-k4-fold0-seed0,0
pg_cnn,F_R,1,SS_vs_ar,-0.14681156768970793,1383540,fa85569c247e4428,True,location-k4-fold0-seed0,0
pg_cnn,F_R,2,MSE,463039.17111488647,1383540,fa85569c247e4428,True,location-k4-fold0-seed0,0
pg_cnn,F_R,2,MAE,452.3242297679371,1383540,fa85569c247e4428,True,location-k4-fold0-seed0,0
pg_cnn,F_R,2,SS_vs_persistence,0.29215437490806173,1383540,fa85569c247e4428,True,location-k4-fold0-seed0,0
pg_cnn,F_R,2,SS_vs_seasonal,0.4384649389419456,1383540,fa85569c247e4428,True,location-k4-fold0-seed0,0
pg_cnn,F_R,2,SS_vs_ar,-0.06680663303404955,1383540,fa85569c247e4428,True,location-k4-fold0-seed0,0
pg_cnn,F_R,3,MSE,489162.47842164984,1383540,fa85569c247e4428,True,location-k4-fold0-seed0,0
pg_cnn,F_R,3,MAE,473.58128460856085,1383540,fa85569c247e4428,True,location-k4-fold0-seed0,0
pg_cnn,F_R,3,SS_vs_persistence,0.30390871098787975,1383540,fa85569c247e4428,True,location-k4-fold0-seed0,0
pg_cnn,F_R,3,SS_vs_seasonal,0.4125129829176347,1383540,fa85569c247e4428,True,location-k4-fold0-seed0,0
pg_cnn,F_R,3,SS_vs_ar,-0.05979522777931501,1383540,fa85569c247e4428,True,location-k4-fold0-seed0,0
pg_cnn,F_R,4,MSE,503223.5568312745,1383540,fa85569c247e4428,True,location-k4-fold0-seed0,0
pg_cnn,F_R,4,MAE,482.41604282599536,1383540,fa85569c247e4428,True,location-k4-fold0-seed0,0
pg_cnn,F_R,4,SS_vs_persistence,0.30812660426505767,1383540,fa85569c247e4428,True,location-k4-fold0-seed0,0
pg_cnn,F_R,4,SS_vs_seasonal,0.39786405971238814,1383540,fa85569c247e4428,True,location-k4-fold0-seed0,0
pg_cnn,F_R,4,SS_vs_ar,-0.0480802080045708,1383540,fa85569c247e4428,True,location-k4-fold0-seed0,0
pg_cnn,F_R,5,MSE,517696.10342736886,1383540,fa85569c247e4428,True,location-k4-fold0-seed0,0
pg_cnn,F_R,5,MAE,492.7716809267286,1383540,fa85569c247e4428,True,location-k4-fold0-seed0,0
pg_cnn,F_R,5,SS_vs_persistence,0.3209186239480628,1383540,fa85569c247e4428,True,location-k4-fold0-seed0,0
pg_cnn,F_R,5,SS_vs_seasonal,0.38332817592703416,1383540,fa85569c247e4428,True,location-k4-fold0-seed0,0
pg_cnn,F_R,5,SS_vs_ar,-0.04477901718125343,1383540,fa85569c247e4428,True,location-k4-fold0-seed0,0
pg_cnn,F_R,6,MSE,521949.2788903701,1383540,fa85569c247e4428,True,location-k4-fold0-seed0,0
pg_cnn,F_R,6,MAE,495.98000092698356,1383540,fa85569c247e4428,True,location-k4-fold0-seed0,0
pg_cnn,F_R,6,SS_vs_persistence,0.30035589699419885,1383540,fa85569c247e4428,True,location-k4-fold0-seed0,0
pg_cnn,F_R,6,SS_vs_seasonal,0.3774855028852888,1383540,fa85569c247e4428,True,location-k4-fold0-seed0,0
pg_cnn,F_R,6,SS_vs_ar,-0.032739574491993606,1383540,fa85569c247e4428,True,location-k4-fold0-seed0,0
pg_cnn,F_R,7,MSE,539960.5848944582,1383540,fa85569c247e4428,True,location-k4-fold0-seed0,0
pg_cnn,F_R,7,MAE,506.06935182493186,1383540,fa85569c247e4428,True,location-k4-fold0-seed0,0
pg_cnn,F_R,7,SS_vs_persistence,0.3179164694109611,1383540,fa85569c247e4428,True,location-k4-fold0-seed0,0
pg_cnn,F_R,7,SS_vs_seasonal,0.356505601599976,1383540,fa85569c247e4428,True,location-k4-fold0-seed0,0
pg_cnn,F_R,7,SS_vs_ar,-0.030232310568975684,1383540,fa85569c247e4428,True,location-k4-fold0-seed0,0
pg_cnn,F_R,8,MSE,541694.7512229055,1383540,fa85569c247e4428,True,location-k4-fold0-seed0,0
pg_cnn,F_R,8,MAE,507.2848404607754,1383540,fa85569c247e4428,True,location-k4-fold0-seed0,0
pg_cnn,F_R,8,SS_vs_persistence,0.305686517797092,1383540,fa85569c247e4428,True,location-k4-fold0-seed0,0
pg_cnn,F_R,8,SS_vs_seasonal,0.3492482830158272,1383540,fa85569c247e4428,True,location-k4-fold0-seed0,0
pg_cnn,F_R,8,SS_vs_ar,-0.0185634874371845,1383540,fa85569c247e4428,True,location-k4-fold0-seed0,0
pg_cnn,F_R,9,MSE,552676.5481239174,1383540,fa85569c247e4428,True,location-k4-fold0-seed0,0
pg_cnn,F_R,9,MAE,514.7624794473601,1383540,fa85569c247e4428,True,location-k4-fold0-seed0,0
pg_cnn,F_R,9,SS_vs_persistence,0.3043825303684179,1383540,fa85569c247e4428,True,location-k4-fold0-seed0,0
pg_cnn,F_R,9,SS_vs_seasonal,0.33875265677883637,1383540,fa85569c247e4428,True,location-k4-fold0-seed0,0
pg_cnn,F_R,9,SS_vs_ar,-0.013733677282937728,1383540,fa85569c247e4428,True,location-k4-fold0-seed0,0
pg_cnn,F_R,10,MSE,560083.8595268057,1383540,fa85569c247e4428,True,location-k4-fold0-seed0,0
pg_cnn,F_R,10,MAE,518.3587830652273,1383540,fa85569c247e4428,True,location-k4-fold0-seed0,0
pg_cnn,F_R,10,SS_vs_persistence,0.30714632128757824,1383540,fa85569c247e4428,True,location-k4-fold0-seed0,0
pg_cnn,F_R,10,SS_vs_seasonal,0.3201911594433614,1383540,fa85569c247e4428,True,location-k4-fold0-seed0,0
pg_cnn,F_R,10,SS_vs_ar,-0.0027778108775666777,1383540,fa85569c247e4428,True,location-k4-fold0-seed0,0
pg_cnn,F_R,11,MSE,569350.5889619625,1383540,fa85569c247e4428,True,location-k4-fold0-seed0,0
pg_cnn,F_R,11,MAE,525.4581625143303,1383540,fa85569c247e4428,True,location-k4-fold0-seed0,0
pg_cnn,F_R,11,SS_vs_persistence,0.31251658661145776,1383540,fa85569c247e4428,True,location-k4-fold0-seed0,0
pg_cnn,F_R,11,SS_vs_seasonal,0.39464160716809404,1383540,fa85569c247e4428,True,location-k4-fold0-seed0,0
pg_cnn,F_R,11,SS_vs_ar,0.001483051608265673,1383540,fa85569c247e4428,True,location-k4-fold0-seed0,0
pg_cnn,F_R,12,MSE,576707.9366822847,1383540,fa85569c247e4428,True,location-k4-fold0-seed0,0
pg_cnn,F_R,12,MAE,530.2513380903138,1383540,fa85569c247e4428,True,location-k4-fold0-seed0,0
pg_cnn,F_R,12,SS_vs_persistence,0.320310699351428,1383540,fa85569c247e4428,True,location-k4-fold0-seed0,0
pg_cnn,F_R,12,SS_vs_seasonal,0.38606698634457315,1383540,fa85569c247e4428,True,location-k4-fold0-seed0,0
pg_cnn,F_R,12,SS_vs_ar,0.007482858227263356,1383540,fa85569c247e4428,True,location-k4-fold0-seed0,0
pg_cnn,F_R,13,MSE,582769.734693045,1383540,fa85569c247e4428,True,location-k4-fold0-seed0,0
pg_cnn,F_R,13,MAE,534.726486364141,1383540,fa85569c247e4428,True,location-k4-fold0-seed0,0
pg_cnn,F_R,13,SS_vs_persistence,0.3207906308178402,1383540,fa85569c247e4428,True,location-k4-fold0-seed0,0
pg_cnn,F_R,13,SS_vs_seasonal,0.37962367376885053,1383540,fa85569c247e4428,True,location-k4-fold0-seed0,0
pg_cnn,F_R,13,SS_vs_ar,0.007135472098411921,1383540,fa85569c247e4428,True,location-k4-fold0-seed0,0
pg_cnn,F_R,14,MSE,586067.0548802504,1383540,fa85569c247e4428,True,location-k4-fold0-seed0,0
pg_cnn,F_R,14,MAE,537.6561833527117,1383540,fa85569c247e4428,True,location-k4-fold0-seed0,0
pg_cnn,F_R,14,SS_vs_persistence,0.3204975424547124,1383540,fa85569c247e4428,True,location-k4-fold0-seed0,0
pg_cnn,F_R,14,SS_vs_seasonal,0.37492917596748576,1383540,fa85569c247e4428,True,location-k4-fold0-seed0,0
pg_cnn,F_R,14,SS_vs_ar,0.010396122199348157,1383540,fa85569c247e4428,True,location-k4-fold0-seed0,0
pg_cnn,F_R,15,MSE,589228.1340775439,1383540,fa85569c247e4428,True,location-k4-fold0-seed0,0
pg_cnn,F_R,15,MAE,540.2048889648647,1383540,fa85569c247e4428,True,location-k4-fold0-seed0,0
pg_cnn,F_R,15,SS_vs_persistence,0.30494224030538253,1383540,fa85569c247e4428,True,location-k4-fold0-seed0,0
pg_cnn,F_R,15,SS_vs_seasonal,0.3717444058491248,1383540,fa85569c247e4428,True,location-k4-fold0-seed0,0
pg_cnn,F_R,15,SS_vs_ar,0.013357379522821344,1383540,fa85569c247e4428,True,location-k4-fold0-seed0,0
pg_cnn,F_R,16,MSE,616616.3856132537,1383540,fa85569c247e4428,True,location-k4-fold0-seed0,0
pg_cnn,F_R,16,MAE,548.2296576010125,1383540,fa85569c247e4428,True,location-k4-fold0-seed0,0
pg_cnn,F_R,16,SS_vs_persistence,0.3127149179174,1383540,fa85569c247e4428,True,location-k4-fold0-seed0,0
pg_cnn,F_R,16,SS_vs_seasonal,0.3553049495899947,1383540,fa85569c247e4428,True,location-k4-fold0-seed0,0
pg_cnn,F_R,16,SS_vs_ar,0.02047182907067191,1383540,fa85569c247e4428,True,location-k4-fold0-seed0,0
pg_cnn,F_R,17,MSE,622543.350490579,1383540,fa85569c247e4428,True,location-k4-fold0-seed0,0
pg_cnn,F_R,17,MAE,551.1527275713116,1383540,fa85569c247e4428,True,location-k4-fold0-seed0,0
pg_cnn,F_R,17,SS_vs_persistence,0.31240977503114986,1383540,fa85569c247e4428,True,location-k4-fold0-seed0,0
pg_cnn,F_R,17,SS_vs_seasonal,0.3490312657613711,1383540,fa85569c247e4428,True,location-k4-fold0-seed0,0
pg_cnn,F_R,17,SS_vs_ar,0.027111073499859084,1383540,fa85569c247e4428,True,location-k4-fold0-seed0,0
pg_cnn,F_R,18,MSE,630702.1656320522,1383540,fa85569c247e4428,True,location-k4-fold0-seed0,0
pg_cnn,F_R,18,MAE,555.0310762173787,1383540,fa85569c247e4428,True,location-k4-fold0-seed0,0
pg_cnn,F_R,18,SS_vs_persistence,0.3179689453078728,1383540,fa85569c247e4428,True,location-k4-fold0-seed0,0
pg_cnn,F_R,18,SS_vs_seasonal,0.3392880729104978,1383540,fa85569c247e4428,True,location-k4-fold0-seed0,0
pg_cnn,F_R,18,SS_vs_ar,0.031981520187522205,1383540,fa85569c247e4428,True,location-k4-fold0-seed0,0
pg_cnn,F_R,19,MSE,634164.4512597984,1383540,fa85569c247e4428,True,location-k4-fold0-seed0,0
pg_cnn,F_R,19,MAE,556.7269893133988,1383540,fa85569c247e4428,True,location-k4-fold0-seed0,0
pg_cnn,F_R,19,SS_vs_persistence,0.31760704931790407,1383540,fa85569c247e4428,True,location-k4-fold0-seed0,0
pg_cnn,F_R,19,SS_vs_seasonal,0.3359283871079478,1383540,fa85569c247e4428,True,location-k4-fold0-seed0,0
pg_cnn,F_R,19,SS_vs_ar,0.03966220909259999,1383540,fa85569c247e4428,True,location-k4-fold0-seed0,0
pg_cnn,F_R,20,MSE,640152.3089208266,1383540,fa85569c247e4428,True,location-k4-fold0-seed0,0
pg_cnn,F_R,20,MAE,560.390564571519,1383540,fa85569c247e4428,True,location-k4-fold0-seed0,0
pg_cnn,F_R,20,SS_vs_persistence,0.319471365581691,1383540,fa85569c247e4428,True,location-k4-fold0-seed0,0
pg_cnn,F_R,20,SS_vs_seasonal,0.32149188284028574,1383540,fa85569c247e4428,True,location-k4-fold0-seed0,0
pg_cnn,F_R,20,SS_vs_ar,0.044387715176800846,1383540,fa85569c247e4428,True,location-k4-fold0-seed0,0
pg_cnn,F_R,21,MSE,640929.28075294,1383540,fa85569c247e4428,True,location-k4-fold0-seed0,0
pg_cnn,F_R,21,MAE,561.148797682851,1383540,fa85569c247e4428,True,location-k4-fold0-seed0,0
pg_cnn,F_R,21,SS_vs_persistence,0.30375381268115753,1383540,fa85569c247e4428,True,location-k4-fold0-seed0,0
pg_cnn,F_R,21,SS_vs_seasonal,0.3586053172489878,1383540,fa85569c247e4428,True,location-k4-fold0-seed0,0
pg_cnn,F_R,21,SS_vs_ar,0.051544704906893224,1383540,fa85569c247e4428,True,location-k4-fold0-seed0,0
pg_cnn,F_R,22,MSE,648232.553380754,1383540,fa85569c247e4428,True,location-k4-fold0-seed0,0
pg_cnn,F_R,22,MAE,564.9088449399708,1383540,fa85569c247e4428,True,location-k4-fold0-seed0,0
pg_cnn,F_R,22,SS_vs_persistence,0.30703834964783905,1383540,fa85569c247e4428,True,location-k4-fold0-seed0,0
pg_cnn,F_R,22,SS_vs_seasonal,0.3529783904236874,1383540,fa85569c247e4428,True,location-k4-fold0-seed0,0
pg_cnn,F_R,22,SS_vs_ar,0.057586628148017405,1383540,fa85569c247e4428,True,location-k4-fold0-seed0,0
pg_cnn,F_R,23,MSE,654592.155841733,1383540,fa85569c247e4428,True,location-k4-fold0-seed0,0
pg_cnn,F_R,23,MAE,568.1105219230864,1383540,fa85569c247e4428,True,location-k4-fold0-seed0,0
pg_cnn,F_R,23,SS_vs_persistence,0.31337498962012855,1383540,fa85569c247e4428,True,location-k4-fold0-seed0,0
pg_cnn,F_R,23,SS_vs_seasonal,0.34718780278324946,1383540,fa85569c247e4428,True,location-k4-fold0-seed0,0
pg_cnn,F_R,23,SS_vs_ar,0.06239502253370943,1383540,fa85569c247e4428,True,location-k4-fold0-seed0,0
pg_cnn,F_R,24,MSE,662281.2672135821,1383540,fa85569c247e4428,True,location-k4-fold0-seed0,0
pg_cnn,F_R,24,MAE,571.3936554281495,1383540,fa85569c247e4428,True,location-k4-fold0-seed0,0
pg_cnn,F_R,24,SS_vs_persistence,0.30822127685294753,1383540,fa85569c247e4428,True,location-k4-fold0-seed0,0
pg_cnn,F_R,24,SS_vs_seasonal,0.3405330402805332,1383540,fa85569c247e4428,True,location-k4-fold0-seed0,0
pg_cnn,F_R,24,SS_vs_ar,0.06423509800132099,1383540,fa85569c247e4428,True,location-k4-fold0-seed0,0
pg_cnn,F_R,25,MSE,669781.9643359828,1383540,fa85569c247e4428,True,location-k4-fold0-seed0,0
pg_cnn,F_R,25,MAE,576.0006488524984,1383540,fa85569c247e4428,True,location-k4-fold0-seed0,0
pg_cnn,F_R,25,SS_vs_persistence,0.31332824005546966,1383540,fa85569c247e4428,True,location-k4-fold0-seed0,0
pg_cnn,F_R,25,SS_vs_seasonal,0.33434519642658933,1383540,fa85569c247e4428,True,location-k4-fold0-seed0,0
pg_cnn,F_R,25,SS_vs_ar,0.06513609696887357,1383540,fa85569c247e4428,True,location-k4-fold0-seed0,0
pg_cnn,F_R,26,MSE,677184.4231727803,1383540,fa85569c247e4428,True,location-k4-fold0-seed0,0
pg_cnn,F_R,26,MAE,579.5968683281872,1383540,fa85569c247e4428,True,location-k4-fold0-seed0,0
pg_cnn,F_R,26,SS_vs_persistence,0.3164603255159608,1383540,fa85569c247e4428,True,location-k4-fold0-seed0,0
pg_cnn,F_R,26,SS_vs_seasonal,0.32997704943203,1383540,fa85569c247e4428,True,location-k4-fold0-seed0,0
pg_cnn,F_R,26,SS_vs_ar,0.06570214533816321,1383540,fa85569c247e4428,True,location-k4-fold0-seed0,0
pg_cnn,F_R,27,MSE,685145.0025082917,1383540,fa85569c247e4428,True,location-k4-fold0-seed0,0
pg_cnn,F_R,27,MAE,582.6087178111962,1383540,fa85569c247e4428,True,location-k4-fold0-seed0,0
pg_cnn,F_R,27,SS_vs_persistence,0.32094151448335906,1383540,fa85569c247e4428,True,location-k4-fold0-seed0,0
pg_cnn,F_R,27,SS_vs_seasonal,0.32290429017545186,1383540,fa85569c247e4428,True,location-k4-fold0-seed0,0
pg_cnn,F_R,27,SS_vs_ar,0.06566959677648054,1383540,fa85569c247e4428,True,location-k4-fold0-seed0,0
pg_cnn,F_R,28,MSE,687555.7405199474,1383540,fa85569c247e4428,True,location-k4-fold0-seed0,0
pg_cnn,F_R,28,MAE,584.2371726224417,1383540,fa85569c247e4428,True,location-k4-fold0-seed0,0
pg_cnn,F_R,28,SS_vs_persistence,0.31762192488830676,1383540,fa85569c247e4428,True,location-k4-fold0-seed0,0
pg_cnn,F_R,28,SS_vs_seasonal,0.3201911219901703,1383540,fa85569c247e4428,True,location-k4-fold0-seed0,0
pg_cnn,F_R,28,SS_vs_ar,0.06759815089322996,1383540,fa85569c247e4428,True,location-k4-fold0-seed0,0
pg_cnn,F_R,29,MSE,691046.3603727518,1383540,fa85569c247e4428,True,location-k4-fold0-seed0,0
pg_cnn,F_R,29,MAE,585.4878063098631,1383540,fa85569c247e4428,True,location-k4-fold0-seed0,0
pg_cnn,F_R,29,SS_vs_persistence,0.31902618078982814,1383540,fa85569c247e4428,True,location-k4-fold0-seed0,0
pg_cnn,F_R,29,SS_vs_seasonal,0.31796483845612766,1383540,fa85569c247e4428,True,location-k4-fold0-seed0,0
pg_cnn,F_R,29,SS_vs_ar,0.06994455337510164,1383540,fa85569c247e4428,True,location-k4-fold0-seed0,0
pg_cnn,F_R,30,MSE,690938.2971611766,1383540,fa85569c247e4428,True,location-k4-fold0-seed0,0
pg_cnn,F_R,30,MAE,586.1627097819719,1383540,fa85569c247e4428,True,location-k4-fold0-seed0,0
pg_cnn,F_R,30,SS_vs_persistence,0.30720274405175496,1383540,fa85569c247e4428,True,location-k4-fold0-seed0,0
pg_cnn,F_R,30,SS_vs_seasonal,0.3092406268558183,1383540,fa85569c247e4428,True,location-k4-fold0-seed0,0
pg_cnn,F_R,30,SS_vs_ar,0.07143612885751138,1383540,fa85569c247e4428,True,location-k4-fold0-seed0,0
pg_cnn,F_R,all,MSE,596915.5313087597,1383540,fa85569c247e4428,True,location-k4-fold0-seed0,0
pg_cnn,F_R,all,MAE,536.7104213413451,1383540,fa85569c247e4428,True,location-k4-fold0-seed0,0
pg_cnn,F_R,all,SS_vs_persistence,0.31049112123522404,1383540,fa85569c247e4428,True,location-k4-fold0-seed0,0
pg_cnn,F_R,all,SS_vs_seasonal,0.356865598437372,1383540,fa85569c247e4428,True,location-k4-fold0-seed0,0
pg_cnn,F_R,all,SS_vs_ar,0.020729984940884072,1383540,fa85569c247e4428,True,location-k4-fold0-seed0,0
pg_cnn,CoPx_R,1,MSE,0.006669286318505355,1278654,fa85569c247e4428,True,location-k4-fold0-seed0,0
pg_cnn,CoPx_R,1,MAE,0.034004917237048154,1278654,fa85569c247e4428,True,location-k4-fold0-seed0,0
pg_cnn,CoPx_R,1,SS_vs_persistence,0.6451568086667361,1278654,fa85569c247e4428,True,location-k4-fold0-seed0,0
pg_cnn,CoPx_R,1,SS_vs_seasonal,0.6606499427909589,1278654,fa85569c247e4428,True,location-k4-fold0-seed0,0
pg_cnn,CoPx_R,1,SS_vs_ar,0.4018494741663289,1278654,fa85569c247e4428,True,location-k4-fold0-seed0,0
pg_cnn,CoPx_R,2,MSE,0.006914694535888172,1278654,fa85569c247e4428,True,location-k4-fold0-seed0,0
pg_cnn,CoPx_R,2,MAE,0.03458140222459542,1278654,fa85569c247e4428,True,location-k4-fold0-seed0,0
pg_cnn,CoPx_R,2,SS_vs_persistence,0.6785036423730668,1278654,fa85569c247e4428,True,location-k4-fold0-seed0,0
pg_cnn,CoPx_R,2,SS_vs_seasonal,0.661113989066088,1278654,fa85569c247e4428,True,location-k4-fold0-seed0,0
pg_cnn,CoPx_R,2,SS_vs_ar,0.3886612015818568,1278654,fa85569c247e4428,True,location-k4-fold0-seed0,0
pg_cnn,CoPx_R,3,MSE,0.006986763742693623,1278654,fa85569c247e4428,True,location-k4-fold0-seed0,0
pg_cnn,CoPx_R,3,MAE,0.035674780833150156,1278654,fa85569c247e4428,True,location-k4-fold0-seed0,0
pg_cnn,CoPx_R,3,SS_vs_persistence,0.6671351413084932,1278654,fa85569c247e4428,True,location-k4-fold0-seed0,0
pg_cnn,CoPx_R,3,SS_vs_seasonal,0.6581522993020665,1278654,fa85569c247e4428,True,location-k4-fold0-seed0,0
pg_cnn,CoPx_R,3,SS_vs_ar,0.37671536526597493,1278654,fa85569c247e4428,True,location-k4-fold0-seed0,0
pg_cnn,CoPx_R,4,MSE,0.007027362265307717,1278654,fa85569c247e4428,True,location-k4-fold0-seed0,0
pg_cnn,CoPx_R,4,MAE,0.03620600263680723,1278654,fa85569c247e4428,True,location-k4-fold0-seed0,0
pg_cnn,CoPx_R,4,SS_vs_persistence,0.6592656123952616,1278654,fa85569c247e4428,True,location-k4-fold0-seed0,0
pg_cnn,CoPx_R,4,SS_vs_seasonal,0.6515625845114406,1278654,fa85569c247e4428,True,location-k4-fold0-seed0,0
pg_cnn,CoPx_R,4,SS_vs_ar,0.36686904204886983,1278654,fa85569c247e4428,True,location-k4-fold0-seed0,0
pg_cnn,CoPx_R,5,MSE,0.0070661150467832366,1278654,fa85569c247e4428,True,location-k4-fold0-seed0,0
pg_cnn,CoPx_R,5,MAE,0.03681803328381316,1278654,fa85569c247e4428,True,location-k4-fold0-seed0,0
pg_cnn,CoPx_R,5,SS_vs_persistence,0.6725018263424587,1278654,fa85569c247e4428,True,location-k4-fold0-seed0,0
pg_cnn,CoPx_R,5,SS_vs_seasonal,0.6639409023940392,1278654,fa85569c247e4428,True,location-k4-fold0-seed0,0
pg_cnn,CoPx_R,5,SS_vs_ar,0.356382955842673,1278654,fa85569c247e4428,True,location-k4-fold0-seed0,0
pg_cnn,CoPx_R,6,MSE,0.007099202489588779,1278654,fa85569c247e4428,True,location-k4-fold0-seed0,0
pg_cnn,CoPx_R,6,MAE,0.03715495417033797,1278654,fa85569c247e4428,True,location-k4-fold0-seed0,0
pg_cnn,CoPx_R,6,SS_vs_persistence,0.6744685988721171,1278654,fa85569c247e4428,True,location-k4-fold0-seed0,0
pg_cnn,CoPx_R,6,SS_vs_seasonal,0.6627827727034481,1278654,fa85569c247e4428,True,location-k4-fold0-seed0,0
pg_cnn,CoPx_R,6,SS_vs_ar,0.3481244686114924,1278654,fa85569c247e4428,True,location-k4-fold0-seed0,0
pg_cnn,CoPx_R,7,MSE,0.00716651613211986,1278654,fa85569c247e4428,True,location-k4-fold0-seed0,0
pg_cnn,CoPx_R,7,MAE,0.03792887598121699,1278654,fa85569c247e4428,True,location-k4-fold0-seed0,0
pg_cnn,CoPx_R,7,SS_vs_persistence,0.6424099073645653,1278654,fa85569c247e4428,True,location-k4-fold0-seed0,0
pg_cnn,CoPx_R,7,SS_vs_seasonal,0.6461012881445161,1278654,fa85569c247e4428,True,location-k4-fold0-seed0,0
pg_cnn,CoPx_R,7,SS_vs_ar,0.3353698237695981,1278654,fa85569c247e4428,True,location-k4-fold0-seed0,0
pg_cnn,CoPx_R,8,MSE,0.0072109039358323355,1278654,fa85569c247e4428,True,location-k4-fold0-seed0,0
pg_cnn,CoPx_R,8,MAE,0.038248175477521344,1278654,fa85569c247e4428,True,location-k4-fold0-seed0,0
pg_cnn,CoPx_R,8,SS_vs_persistence,0.6559415377419429,1278654,fa85569c247e4428,True,location-k4-fold0-seed0,0
pg_cnn,CoPx_R,8,SS_vs_seasonal,0.6517156663474588,1278654,fa85569c247e4428,True,location-k4-fold0-seed0,0
pg_cnn,CoPx_R,8,SS_vs_ar,0.333477800939897,1278654,fa85569c247e4428,True,location-k4-fold0-seed0,0
pg_cnn,CoPx_R,9,MSE,0.00724294647690331,1278654,fa85569c247e4428,True,location-k4-fold0-seed0,0
pg_cnn,CoPx_R,9,MAE,0.03856738670293113,1278654,fa85569c247e4428,True,location-k4-fold0-seed0,0
pg_cnn,CoPx_R,9,SS_vs_persistence,0.6491538907818293,1278654,fa85569c247e4428,True,location-k4-fold0-seed0,0
pg_cnn,CoPx_R,9,SS_vs_seasonal,0.6509484819040751,1278654,fa85569c247e4428,True,location-k4-fold0-seed0,0
pg_cnn,CoPx_R,9,SS_vs_ar,0.32718094533688746,1278654,fa85569c247e4428,True,location-k4-fold0-seed0,0
pg_cnn,CoPx_R,10,MSE,0.007303696769476128,1278654,fa85569c247e4428,True,location-k4-fold0-seed0,0
pg_cnn,CoPx_R,10,MAE,0.03877876608097024,1278654,fa85569c247e4428,True,location-k4-fold0-seed0,0
pg_cnn,CoPx_R,10,SS_vs_persistence,0.6527727639830225,1278654,fa85569c247e4428,True,location-k4-fold0-seed0,0
pg_cnn,CoPx_R,10,SS_vs_seasonal,0.6487471248092982,1278654,fa85569c247e4428,True,location-k4-fold0-seed0,0
pg_cnn,CoPx_R,10,SS_vs_ar,0.32156898436137504,1278654,fa85569c247e4428,True,location-k4-fold0-seed0,0
pg_cnn,CoPx_R,11,MSE,0.007420736772375182,1278654,fa85569c247e4428,True,location-k4-fold0-seed0,0
pg_cnn,CoPx_R,11,MAE,0.03918774650863051,1278654,fa85569c247e4428,True,location-k4-fold0-seed0,0
pg_cnn,CoPx_R,11,SS_vs_persistence,0.654858719595296,1278654,fa85569c247e4428,True,location-k4-fold0-seed0,0
pg_cnn,CoPx_R,11,SS_vs_seasonal,0.622538440032593,1278654,fa85569c247e4428,True,location-k4-fold0-seed0,0
pg_cnn,CoPx_R,11,SS_vs_ar,0.31280593139496116,1278654,fa85569c247e4428,True,location-k4-fold0-seed0,0
pg_cnn,CoPx_R,12,MSE,0.007413120614747743,1278654,fa85569c247e4428,True,location-k4-fold0-seed0,0
pg_cnn,CoPx_R,12,MAE,0.03943258317003414,1278654,fa85569c247e4428,True,location-k4-fold0-seed0,0
pg_cnn,CoPx_R,12,SS_vs_persistence,0.6634114241303929,1278654,fa85569c247e4428,True,location-k4-fold0-seed0,0
pg_cnn,CoPx_R,12,SS_vs_seasonal,0.6223678712728555,1278654,fa85569c247e4428,True,location-k4-fold0-seed0,0
pg_cnn,CoPx_R,12,SS_vs_ar,0.30908490410510103,1278654,fa85569c247e4428,True,location-k4-fold0-seed0,0
pg_cnn,CoPx_R,13,MSE,0.007498048632690103,1278654,fa85569c247e4428,True,location-k4-fold0-seed0,0
pg_cnn,CoPx_R,13,MAE,0.03979383957909507,1278654,fa85569c247e4428,True,location-k4-fold0-seed0,0
pg_cnn,CoPx_R,13,SS_vs_persistence,0.6561953857351182,1278654,fa85569c247e4428,True,location-k4-fold0-seed0,0
pg_cnn,CoPx_R,13,SS_vs_seasonal,0.6311301114185719,1278654,fa85569c247e4428,True,location-k4-fold0-seed0,0
pg_cnn,CoPx_R,13,SS_vs_ar,0.3068124142425195,1278654,fa85569c247e4428,True,location-k4-fold0-seed0,0
pg_cnn,CoPx_R,14,MSE,0.00758252967951353,1278654,fa85569c247e4428,True,location-k4-fold0-seed0,0
pg_cnn,CoPx_R,14,MAE,0.039947942676884514,1278654,fa85569c247e4428,True,location-k4-fold0-seed0,0
pg_cnn,CoPx_R,14,SS_vs_persistence,0.6595193667298662,1278654,fa85569c247e4428,True,location-k4-fold0-seed0,0
pg_cnn,CoPx_R,14,SS_vs_seasonal,0.6302456005851691,1278654,fa85569c247e4428,True,location-k4-fold0-seed0,0
pg_cnn,CoPx_R,14,SS_vs_ar,0.3079334733370056,1278654,fa85569c247e4428,True,location-k4-fold0-seed0,0
pg_cnn,CoPx_R,15,MSE,0.007593990237658346,1278654,fa85569c247e4428,True,location-k4-fold0-seed0,0
pg_cnn,CoPx_R,15,MAE,0.039941899119278576,1278654,fa85569c247e4428,True,location-k4-fold0-seed0,0
pg_cnn,CoPx_R,15,SS_vs_persistence,0.6464344523122668,1278654,fa85569c247e4428,True,location-k4-fold0-seed0,0
pg_cnn,CoPx_R,15,SS_vs_seasonal,0.633024599939259,1278654,fa85569c247e4428,True,location-k4-fold0-seed0,0
pg_cnn,CoPx_R,15,SS_vs_ar,0.30314720748408286,1278654,fa85569c247e4428,True,location-k4-fold0-seed0,0
pg_cnn,CoPx_R,16,MSE,0.007681308401408258,1278654,fa85569c247e4428,True,location-k4-fold0-seed0,0
pg_cnn,CoPx_R,16,MAE,0.04022617899090445,1278654,fa85569c247e4428,True,location-k4-fold0-seed0,0
pg_cnn,CoPx_R,16,SS_vs_persistence,0.6424562050420167,1278654,fa85569c247e4428,True,location-k4-fold0-seed0,0
pg_cnn,CoPx_R,16,SS_vs_seasonal,0.63132773294078,1278654,fa85569c247e4428,True,location-k4-fold0-seed0,0
pg_cnn,CoPx_R,16,SS_vs_ar,0.3059291216702714,1278654,fa85569c247e4428,True,location-k4-fold0-seed0,0
pg_cnn,CoPx_R,17,MSE,0.007792658673538682,1278654,fa85569c247e4428,True,location-k4-fold0-seed0,0
pg_cnn,CoPx_R,17,MAE,0.04043637657880627,1278654,fa85569c247e4428,True,location-k4-fold0-seed0,0
pg_cnn,CoPx_R,17,SS_vs_persistence,0.6518284616933387,1278654,fa85569c247e4428,True,location-k4-fold0-seed0,0
pg_cnn,CoPx_R,17,SS_vs_seasonal,0.6362847276735084,1278654,fa85569c247e4428,True,location-k4-fold0-seed0,0
pg_cnn,CoPx_R,17,SS_vs_ar,0.3115724878714978,1278654,fa85569c247e4428,True,location-k4-fold0-seed0,0
pg_cnn,CoPx_R,18,MSE,0.007832699341440938,1278654,fa85569c247e4428,True,location-k4-fold0-seed0,0
pg_cnn,CoPx_R,18,MAE,0.04067933722173348,1278654,fa85569c247e4428,True,location-k4-fold0-seed0,0
pg_cnn,CoPx_R,18,SS_vs_persistence,0.6526103109752828,1278654,fa85569c247e4428,True,location-k4-fold0-seed0,0
pg_cnn,CoPx_R,18,SS_vs_seasonal,0.6355087435994138,1278654,fa85569c247e4428,True,location-k4-fold0-seed0,0
pg_cnn,CoPx_R,18,SS_vs_ar,0.30975513450495473,1278654,fa85569c247e4428,True,location-k4-fold0-seed0,0
pg_cnn,CoPx_R,19,MSE,0.007868675096346882,1278654,fa85569c247e4428,True,location-k4-fold0-seed0,0
pg_cnn,CoPx_R,19,MAE,0.04076550221219461,1278654,fa85569c247e4428,True,location-k4-fold0-seed0,0
pg_cnn,CoPx_R,19,SS_vs_persistence,0.6351568034441128,1278654,fa85569c247e4428,True,location-k4-fold0-seed0,0
pg_cnn,CoPx_R,19,SS_vs_seasonal,0.6338808341992423,1278654,fa85569c247e4428,True,location-k4-fold0-seed0,0
pg_cnn,CoPx_R,19,SS_vs_ar,0.30713540072898715,1278654,fa85569c247e4428,True,location-k4-fold0-seed0,0
pg_cnn,CoPx_R,20,MSE,0.007887012431070112,1278654,fa85569c247e4428,True,location-k4-fold0-seed0,0
pg_cnn,CoPx_R,20,MAE,0.04078379191357096,1278654,fa85569c247e4428,True,location-k4-fold0-seed0,0
pg_cnn,CoPx_R,20,SS_vs_persistence,0.6455353762596743,1278654,fa85569c247e4428,True,location-k4-fold0-seed0,0
pg_cnn,CoPx_R,20,SS_vs_seasonal,0.6402760099824898,1278654,fa85569c247e4428,True,location-k4-fold0-seed0,0
pg_cnn,CoPx_R,20,SS_vs_ar,0.31159202177451606,1278654,fa85569c247e4428,True,location-k4-fold0-seed0,0
pg_cnn,CoPx_R,21,MSE,0.007902355478693194,1278654,fa85569c247e4428,True,location-k4-fold0-seed0,0
pg_cnn,CoPx_R,21,MAE,0.040912639832506176,1278654,fa85569c247e4428,True,location-k4-fold0-seed0,0
pg_cnn,CoPx_R,21,SS_vs_persistence,0.6491009468091854,1278654,fa85569c247e4428,True,location-k4-fold0-seed0,0
pg_cnn,CoPx_R,21,SS_vs_seasonal,0.6684209094200511,1278654,fa85569c247e4428,True,location-k4-fold0-seed0,0
pg_cnn,CoPx_R,21,SS_vs_ar,0.31265830900940517,1278654,fa85569c247e4428,True,location-k4-fold0-seed0,0
pg_cnn,CoPx_R,22,MSE,0.007902039019425591,1278654,fa85569c247e4428,True,location-k4-fold0-seed0,0
pg_cnn,CoPx_R,22,MAE,0.04102421154042271,1278654,fa85569c247e4428,True,location-k4-fold0-seed0,0
pg_cnn,CoPx_R,22,SS_vs_persistence,0.6688031003725747,1278654,fa85569c247e4428,True,location-k4-fold0-seed0,0
pg_cnn,CoPx_R,22,SS_vs_seasonal,0.66990222696209,1278654,fa85569c247e4428,True,location-k4-fold0-seed0,0
pg_cnn,CoPx_R,22,SS_vs_ar,0.3102675977367755,1278654,fa85569c247e4428,True,location-k4-fold0-seed0,0
pg_cnn,CoPx_R,23,MSE,0.007893089651055061,1278654,fa85569c247e4428,True,location-k4-fold0-seed0,0
pg_cnn,CoPx_R,23,MAE,0.041138883241679865,1278654,fa85569c247e4428,True,location-k4-fold0-seed0,0
pg_cnn,CoPx_R,23,SS_vs_persistence,0.657064142472706,1278654,fa85569c247e4428,True,location-k4-fold0-seed0,0
pg_cnn,CoPx_R,23,SS_vs_seasonal,0.6673838124581573,1278654,fa85569c247e4428,True,location-k4-fold0-seed0,0
pg_cnn,CoPx_R,23,SS_vs_ar,0.306412560423434,1278654,fa85569c247e4428,True,location-k4-fold0-seed0,0
pg_cnn,CoPx_R,24,MSE,0.007872230013797766,1278654,fa85569c247e4428,True,location-k4-fold0-seed0,0
pg_cnn,CoPx_R,24,MAE,0.041226991189849606,1278654,fa85569c247e4428,True,location-k4-fold0-seed0,0
pg_cnn,CoPx_R,24,SS_vs_persistence,0.6675645846712874,1278654,fa85569c247e4428,True,location-k4-fold0-seed0,0
pg_cnn,CoPx_R,24,SS_vs_seasonal,0.6682652626264514,1278654,fa85569c247e4428,True,location-k4-fold0-seed0,0
pg_cnn,CoPx_R,24,SS_vs_ar,0.30961971658339227,1278654,fa85569c247e4428,True,location-k4-fold0-seed0,0
pg_cnn,CoPx_R,25,MSE,0.0079080803255353,1278654,fa85569c247e4428,True,location-k4-fold0-seed0,0
pg_cnn,CoPx_R,25,MAE,0.041335621532419646,1278654,fa85569c247e4428,True,location-k4-fold0-seed0,0
pg_cnn,CoPx_R,25,SS_vs_persistence,0.6523688719203466,1278654,fa85569c247e4428,True,location-k4-fold0-seed0,0
pg_cnn,CoPx_R,25,SS_vs_seasonal,0.668624584401895,1278654,fa85569c247e4428,True,location-k4-fold0-seed0,0
pg_cnn,CoPx_R,25,SS_vs_ar,0.3057355505737017,1278654,fa85569c247e4428,True,location-k4-fold0-seed0,0
pg_cnn,CoPx_R,26,MSE,0.00792778566030295,1278654,fa85569c247e4428,True,location-k4-fold0-seed0,0
pg_cnn,CoPx_R,26,MAE,0.04141805113611251,1278654,fa85569c247e4428,True,location-k4-fold0-seed0,0
pg_cnn,CoPx_R,26,SS_vs_persistence,0.6548635477187634,1278654,fa85569c247e4428,True,location-k4-fold0-seed0,0
pg_cnn,CoPx_R,26,SS_vs_seasonal,0.6666132712990597,1278654,fa85569c247e4428,True,location-k4-fold0-seed0,0
pg_cnn,CoPx_R,26,SS_vs_ar,0.30188303754443024,1278654,fa85569c247e4428,True,location-k4-fold0-seed0,0
pg_cnn,CoPx_R,27,MSE,0.007973527967775795,1278654,fa85569c247e4428,True,location-k4-fold0-seed0,0
pg_cnn,CoPx_R,27,MAE,0.04161470257598352,1278654,fa85569c247e4428,True,location-k4-fold0-seed0,0
pg_cnn,CoPx_R,27,SS_vs_persistence,0.6695959115209433,1278654,fa85569c247e4428,True,location-k4-fold0-seed0,0
pg_cnn,CoPx_R,27,SS_vs_seasonal,0.6710922084001905,1278654,fa85569c247e4428,True,location-k4-fold0-seed0,0
pg_cnn,CoPx_R,27,SS_vs_ar,0.3040331587718622,1278654,fa85569c247e4428,True,location-k4-fold0-seed0,0
pg_cnn,CoPx_R,28,MSE,0.007906837962608427,1278654,fa85569c247e4428,True,location-k4-fold0-seed0,0
pg_cnn,CoPx_R,28,MAE,0.041599566581560075,1278654,fa85569c247e4428,True,location-k4-fold0-seed0,0
pg_cnn,CoPx_R,28,SS_vs_persistence,0.6467811088761346,1278654,fa85569c247e4428,True,location-k4-fold0-seed0,0
pg_cnn,CoPx_R,28,SS_vs_seasonal,0.6739400075974733,1278654,fa85569c247e4428,True,location-k4-fold0-seed0,0
pg_cnn,CoPx_R,28,SS_vs_ar,0.30863574793825943,1278654,fa85569c247e4428,True,location-k4-fold0-seed0,0
pg_cnn,CoPx_R,29,MSE,0.007987358706886489,1278654,fa85569c247e4428,True,location-k4-fold0-seed0,0
pg_cnn,CoPx_R,29,MAE,0.04180720936166538,1278654,fa85569c247e4428,True,location-k4-fold0-seed0,0
pg_cnn,CoPx_R,29,SS_vs_persistence,0.6580844521699794,1278654,fa85569c247e4428,True,location-k4-fold0-seed0,0
pg_cnn,CoPx_R,29,SS_vs_seasonal,0.6671048466502012,1278654,fa85569c247e4428,True,location-k4-fold0-seed0,0
pg_cnn,CoPx_R,29,SS_vs_ar,0.3067573060462503,1278654,fa85569c247e4428,True,location-k4-fold0-seed0,0
pg_cnn,CoPx_R,30,MSE,0.00795991425248176,1278654,fa85569c247e4428,True,location-k4-fold0-seed0,0
pg_cnn,CoPx_R,30,MAE,0.04182248025377609,1278654,fa85569c247e4428,True,location-k4-fold0-seed0,0
pg_cnn,CoPx_R,30,SS_vs_persistence,0.6702766987886146,1278654,fa85569c247e4428,True,location-k4-fold0-seed0,0
pg_cnn,CoPx_R,30,SS_vs_seasonal,0.6671316086849042,1278654,fa85569c247e4428,True,location-k4-fold0-seed0,0
pg_cnn,CoPx_R,30,SS_vs_ar,0.30911825424309525,1278654,fa85569c247e4428,True,location-k4-fold0-seed0,0
pg_cnn,CoPx_R,all,MSE,0.007549840608095844,1278654,fa85569c247e4428,True,location-k4-fold0-seed0,0
pg_cnn,CoPx_R,all,MAE,0.03943592401439895,1278654,fa85569c247e4428,True,location-k4-fold0-seed0,0
pg_cnn,CoPx_R,all,SS_vs_persistence,0.6568852007174761,1278654,fa85569c247e4428,True,location-k4-fold0-seed0,0
pg_cnn,CoPx_R,all,SS_vs_seasonal,0.6528873249702949,1278654,fa85569c247e4428,True,location-k4-fold0-seed0,0
pg_cnn,CoPx_R,all,SS_vs_ar,0.32377191081132006,1278654,fa85569c247e4428,True,location-k4-fold0-seed0,0
pg_cnn,CoPy_R,1,MSE,0.008211879541267095,1278654,fa85569c247e4428,True,location-k4-fold0-seed0,0
pg_cnn,CoPy_R,1,MAE,0.048400095955057135,1278654,fa85569c247e4428,True,location-k4-fold0-seed0,0
pg_cnn,CoPy_R,1,SS_vs_persistence,0.33950242581407786,1278654,fa85569c247e4428,True,location-k4-fold0-seed0,0
pg_cnn,CoPy_R,1,SS_vs_seasonal,0.42138078553388736,1278654,fa85569c247e4428,True,location-k4-fold0-seed0,0
pg_cnn,CoPy_R,1,SS_vs_ar,-0.020793586131921726,1278654,fa85569c247e4428,True,location-k4-fold0-seed0,0
pg_cnn,CoPy_R,2,MSE,0.008239256903399175,1278654,fa85569c247e4428,True,location-k4-fold0-seed0,0
pg_cnn,CoPy_R,2,MAE,0.04848991921874122,1278654,fa85569c247e4428,True,location-k4-fold0-seed0,0
pg_cnn,CoPy_R,2,SS_vs_persistence,0.3986838090025506,1278654,fa85569c247e4428,True,location-k4-fold0-seed0,0
pg_cnn,CoPy_R,2,SS_vs_seasonal,0.4311061221775824,1278654,fa85569c247e4428,True,location-k4-fold0-seed0,0
pg_cnn,CoPy_R,2,SS_vs_ar,0.005604872782441261,1278654,fa85569c247e4428,True,location-k4-fold0-seed0,0
pg_cnn,CoPy_R,3,MSE,0.008248176280386047,1278654,fa85569c247e4428,True,location-k4-fold0-seed0,0
pg_cnn,CoPy_R,3,MAE,0.048684431250050134,1278654,fa85569c247e4428,True,location-k4-fold0-seed0,0
pg_cnn,CoPy_R,3,SS_vs_persistence,0.40873434678907294,1278654,fa85569c247e4428,True,location-k4-fold0-seed0,0
pg_cnn,CoPy_R,3,SS_vs_seasonal,0.42300171191066094,1278654,fa85569c247e4428,True,location-k4-fold0-seed0,0
pg_cnn,CoPy_R,3,SS_vs_ar,0.008045872623512418,1278654,fa85569c247e4428,True,location-k4-fold0-seed0,0
pg_cnn,CoPy_R,4,MSE,0.008262558675275509,1278654,fa85569c247e4428,True,location-k4-fold0-seed0,0
pg_cnn,CoPy_R,4,MAE,0.04885943652218714,1278654,fa85569c247e4428,True,location-k4-fold0-seed0,0
pg_cnn,CoPy_R,4,SS_vs_persistence,0.41194374765986264,1278654,fa85569c247e4428,True,location-k4-fold0-seed0,0
pg_cnn,CoPy_R,4,SS_vs_seasonal,0.42243806497684866,1278654,fa85569c247e4428,True,location-k4-fold0-seed0,0
pg_cnn,CoPy_R,4,SS_vs_ar,0.007397937985305636,1278654,fa85569c247e4428,True,location-k4-fold0-seed0,0
pg_cnn,CoPy_R,5,MSE,0.008248425840560592,1278654,fa85569c247e4428,True,location-k4-fold0-seed0,0
pg_cnn,CoPy_R,5,MAE,0.04887811147983404,1278654,fa85569c247e4428,True,location-k4-fold0-seed0,0
pg_cnn,CoPy_R,5,SS_vs_persistence,0.3971721633789277,1278654,fa85569c247e4428,True,location-k4-fold0-seed0,0
pg_cnn,CoPy_R,5,SS_vs_seasonal,0.42317605033301786,1278654,fa85569c247e4428,True,location-k4-fold0-seed0,0
pg_cnn,CoPy_R,5,SS_vs_ar,0.007656065663175227,1278654,fa85569c247e4428,True,location-k4-fold0-seed0,0
pg_cnn,CoPy_R,6,MSE,0.008257664532498599,1278654,fa85569c247e4428,True,location-k4-fold0-seed0,0
pg_cnn,CoPy_R,6,MAE,0.04884521940630174,1278654,fa85569c247e4428,True,location-k4-fold0-seed0,0
pg_cnn,CoPy_R,6,SS_vs_persistence,0.4084186460628959,1278654,fa85569c247e4428,True,location-k4-fold0-seed0,0
pg_cnn,CoPy_R,6,SS_vs_seasonal,0.4209575320033069,1278654,fa85569c247e4428,True,location-k4-fold0-seed0,0
pg_cnn,CoPy_R,6,SS_vs_ar,0.011704201886113319,1278654,fa85569c247e4428,True,location-k4-fold0-seed0,0
pg_cnn,CoPy_R,7,MSE,0.008269930719932076,1278654,fa85569c247e4428,True,location-k4-fold0-seed0,0
pg_cnn,CoPy_R,7,MAE,0.049032630871460314,1278654,fa85569c247e4428,True,location-k4-fold0-seed0,0
pg_cnn,CoPy_R,7,SS_vs_persistence,0.40739705902999557,1278654,fa85569c247e4428,True,location-k4-fold0-seed0,0
pg_cnn,CoPy_R,7,SS_vs_seasonal,0.41594617961299485,1278654,fa85569c247e4428,True,location-k4-fold0-seed0,0
pg_cnn,CoPy_R,7,SS_vs_ar,0.014017498658663752,1278654,fa85569c247e4428,True,location-k4-fold0-seed0,0
pg_cnn,CoPy_R,8,MSE,0.008260487771894538,1278654,fa85569c247e4428,True,location-k4-fold0-seed0,0
pg_cnn,CoPy_R,8,MAE,0.04913761873581219,1278654,fa85569c247e4428,True,location-k4-fold0-seed0,0
pg_cnn,CoPy_R,8,SS_vs_persistence,0.422307097589696,1278654,fa85569c247e4428,True,location-k4-fold0-seed0,0
pg_cnn,CoPy_R,8,SS_vs_seasonal,0.4187714987759644,1278654,fa85569c247e4428,True,location-k4-fold0-seed0,0
pg_cnn,CoPy_R,8,SS_vs_ar,0.014100983588042015,1278654,fa85569c247e4428,True,location-k4-fold0-seed0,0
pg_cnn,CoPy_R,9,MSE,0.008276807730988609,1278654,fa85569c247e4428,True,location-k4-fold0-seed0,0
pg_cnn,CoPy_R,9,MAE,0.049272092080684414,1278654,fa85569c247e4428,True,location-k4-fold0-seed0,0
pg_cnn,CoPy_R,9,SS_vs_persistence,0.41786187288341126,1278654,fa85569c247e4428,True,location-k4-fold0-seed0,0
pg_cnn,CoPy_R,9,SS_vs_seasonal,0.4228701368657225,1278654,fa85569c247e4428,True,location-k4-fold0-seed0,0
pg_cnn,CoPy_R,9,SS_vs_ar,0.015829217716478272,1278654,fa85569c247e4428,True,location-k4-fold0-seed0,0
pg_cnn,CoPy_R,10,MSE,0.008296922757113528,1278654,fa85569c247e4428,True,location-k4-fold0-seed0,0
pg_cnn,CoPy_R,10,MAE,0.04939710040199221,1278654,fa85569c247e4428,True,location-k4-fold0-seed0,0
pg_cnn,CoPy_R,10,SS_vs_persistence,0.41316251052859065,1278654,fa85569c247e4428,True,location-k4-fold0-seed0,0
pg_cnn,CoPy_R,10,SS_vs_seasonal,0.41929961203358146,1278654,fa85569c247e4428,True,location-k4-fold0-seed0,0
pg_cnn,CoPy_R,10,SS_vs_ar,0.017185155328825474,1278654,fa85569c247e4428,True,location-k4-fold0-seed0,0
pg_cnn,CoPy_R,11,MSE,0.008399332582643181,1278654,fa85569c247e4428,True,location-k4-fold0-seed0,0
pg_cnn,CoPy_R,11,MAE,0.04969236500093252,1278654,fa85569c247e4428,True,location-k4-fold0-seed0,0
pg_cnn,CoPy_R,11,SS_vs_persistence,0.43836669062926836,1278654,fa85569c247e4428,True,location-k4-fold0-seed0,0
pg_cnn,CoPy_R,11,SS_vs_seasonal,0.4157843277119453,1278654,fa85569c247e4428,True,location-k4-fold0-seed0,0
pg_cnn,CoPy_R,11,SS_vs_ar,0.01198900207607112,1278654,fa85569c247e4428,True,location-k4-fold0-seed0,0
pg_cnn,CoPy_R,12,MSE,0.008348018794863354,1278654,fa85569c247e4428,True,location-k4-fold0-seed0,0
pg_cnn,CoPy_R,12,MAE,0.0496762362309003,1278654,fa85569c247e4428,True,location-k4-fold0-seed0,0
pg_cnn,CoPy_R,12,SS_vs_persistence,0.3972411262357777,1278654,fa85569c247e4428,True,location-k4-fold0-seed0,0
pg_cnn,CoPy_R,12,SS_vs_seasonal,0.40772338667353747,1278654,fa85569c247e4428,True,location-k4-fold0-seed0,0
pg_cnn,CoPy_R,12,SS_vs_ar,0.015016255095932962,1278654,fa85569c247e4428,True,location-k4-fold0-seed0,0
pg_cnn,CoPy_R,13,MSE,0.008403451265365569,1278654,fa85569c247e4428,True,location-k4-fold0-seed0,0
pg_cnn,CoPy_R,13,MAE,0.04980209597115751,1278654,fa85569c247e4428,True,location-k4-fold0-seed0,0
pg_cnn,CoPy_R,13,SS_vs_persistence,0.41061679926422656,1278654,fa85569c247e4428,True,location-k4-fold0-seed0,0
pg_cnn,CoPy_R,13,SS_vs_seasonal,0.4098883722091222,1278654,fa85569c247e4428,True,location-k4-fold0-seed0,0
pg_cnn,CoPy_R,13,SS_vs_ar,0.01585414724682155,1278654,fa85569c247e4428,True,location-k4-fold0-seed0,0
pg_cnn,CoPy_R,14,MSE,0.008400605676298181,1278654,fa85569c247e4428,True,location-k4-fold0-seed0,0
pg_cnn,CoPy_R,14,MAE,0.04982076604329519,1278654,fa85569c247e4428,True,location-k4-fold0-seed0,0
pg_cnn,CoPy_R,14,SS_vs_persistence,0.4177165222190373,1278654,fa85569c247e4428,True,location-k4-fold0-seed0,0
pg_cnn,CoPy_R,14,SS_vs_seasonal,0.4066350515979257,1278654,fa85569c247e4428,True,location-k4-fold0-seed0,0
pg_cnn,CoPy_R,14,SS_vs_ar,0.017764741919560456,1278654,fa85569c247e4428,True,location-k4-fold0-seed0,0
pg_cnn,CoPy_R,15,MSE,0.008383393755260433,1278654,fa85569c247e4428,True,location-k4-fold0-seed0,0
pg_cnn,CoPy_R,15,MAE,0.04976607973188331,1278654,fa85569c247e4428,True,location-k4-fold0-seed0,0
pg_cnn,CoPy_R,15,SS_vs_persistence,0.40889284743442733,1278654,fa85569c247e4428,True,location-k4-fold0-seed0,0
pg_cnn,CoPy_R,15,SS_vs_seasonal,0.4075803664942813,1278654,fa85569c247e4428,True,location-k4-fold0-seed0,0
pg_cnn,CoPy_R,15,SS_vs_ar,0.02339330573087517,1278654,fa85569c247e4428,True,location-k4-fold0-seed0,0
pg_cnn,CoPy_R,16,MSE,0.00844155561461375,1278654,fa85569c247e4428,True,location-k4-fold0-seed0,0
pg_cnn,CoPy_R,16,MAE,0.04994515937729201,1278654,fa85569c247e4428,True,location-k4-fold0-seed0,0
pg_cnn,CoPy_R,16,SS_vs_persistence,0.4182626989744477,1278654,fa85569c247e4428,True,location-k4-fold0-seed0,0
pg_cnn,CoPy_R,16,SS_vs_seasonal,0.41136425487341555,1278654,fa85569c247e4428,True,location-k4-fold0-seed0,0
pg_cnn,CoPy_R,16,SS_vs_ar,0.025472219974643995,1278654,fa85569c247e4428,True,location-k4-fold0-seed0,0
pg_cnn,CoPy_R,17,MSE,0.008445043156396553,1278654,fa85569c247e4428,True,location-k4-fold0-seed0,0
pg_cnn,CoPy_R,17,MAE,0.05000450116311348,1278654,fa85569c247e4428,True,location-k4-fold0-seed0,0
pg_cnn,CoPy_R,17,SS_vs_persistence,0.40638138581411576,1278654,fa85569c247e4428,True,location-k4-fold0-seed0,0
pg_cnn,CoPy_R,17,SS_vs_seasonal,0.4102269649575262,1278654,fa85569c247e4428,True,location-k4-fold0-seed0,0
pg_cnn,CoPy_R,17,SS_vs_ar,0.03193937092756216,1278654,fa85569c247e4428,True,location-k4-fold0-seed0,0
pg_cnn,CoPy_R,18,MSE,0.00847993501687897,1278654,fa85569c247e4428,True,location-k4-fold0-seed0,0
pg_cnn,CoPy_R,18,MAE,0.050063078167417174,1278654,fa85569c247e4428,True,location-k4-fold0-seed0,0
pg_cnn,CoPy_R,18,SS_vs_persistence,0.4205041200621086,1278654,fa85569c247e4428,True,location-k4-fold0-seed0,0
pg_cnn,CoPy_R,18,SS_vs_seasonal,0.40785735508813936,1278654,fa85569c247e4428,True,location-k4-fold0-seed0,0
pg_cnn,CoPy_R,18,SS_vs_ar,0.032123430510172635,1278654,fa85569c247e4428,True,location-k4-fold0-seed0,0
pg_cnn,CoPy_R,19,MSE,0.0085223496932212,1278654,fa85569c247e4428,True,location-k4-fold0-seed0,0
pg_cnn,CoPy_R,19,MAE,0.05018597591627792,1278654,fa85569c247e4428,True,location-k4-fold0-seed0,0
pg_cnn,CoPy_R,19,SS_vs_persistence,0.4242896327914768,1278654,fa85569c247e4428,True,location-k4-fold0-seed0,0
pg_cnn,CoPy_R,19,SS_vs_seasonal,0.41508040820643954,1278654,fa85569c247e4428,True,location-k4-fold0-seed0,0
pg_cnn,CoPy_R,19,SS_vs_ar,0.03520434557562169,1278654,fa85569c247e4428,True,location-k4-fold0-seed0,0
pg_cnn,CoPy_R,20,MSE,0.008497086139046879,1278654,fa85569c247e4428,True,location-k4-fold0-seed0,0
pg_cnn,CoPy_R,20,MAE,0.05021050099698806,1278654,fa85569c247e4428,True,location-k4-fold0-seed0,0
pg_cnn,CoPy_R,20,SS_vs_persistence,0.4164894795556382,1278654,fa85569c247e4428,True,location-k4-fold0-seed0,0
pg_cnn,CoPy_R,20,SS_vs_seasonal,0.4162239454268253,1278654,fa85569c247e4428,True,location-k4-fold0-seed0,0
pg_cnn,CoPy_R,20,SS_vs_ar,0.03851494699842872,1278654,fa85569c247e4428,True,location-k4-fold0-seed0,0
pg_cnn,CoPy_R,21,MSE,0.008527753686347736,1278654,fa85569c247e4428,True,location-k4-fold0-seed0,0
pg_cnn,CoPy_R,21,MAE,0.050319996649653934,1278654,fa85569c247e4428,True,location-k4-fold0-seed0,0
pg_cnn,CoPy_R,21,SS_vs_persistence,0.44103788896699125,1278654,fa85569c247e4428,True,location-k4-fold0-seed0,0
pg_cnn,CoPy_R,21,SS_vs_seasonal,0.4583924075532113,1278654,fa85569c247e4428,True,location-k4-fold0-seed0,0
pg_cnn,CoPy_R,21,SS_vs_ar,0.03654298681888857,1278654,fa85569c247e4428,True,location-k4-fold0-seed0,0
pg_cnn,CoPy_R,22,MSE,0.008530560102901909,1278654,fa85569c247e4428,True,location-k4-fold0-seed0,0
pg_cnn,CoPy_R,22,MAE,0.05033819101799618,1278654,fa85569c247e4428,True,location-k4-fold0-seed0,0
pg_cnn,CoPy_R,22,SS_vs_persistence,0.44284770266129414,1278654,fa85569c247e4428,True,location-k4-fold0-seed0,0
pg_cnn,CoPy_R,22,SS_vs_seasonal,0.4496161462601257,1278654,fa85569c247e4428,True,location-k4-fold0-seed0,0
pg_cnn,CoPy_R,22,SS_vs_ar,0.03428388502731672,1278654,fa85569c247e4428,True,location-k4-fold0-seed0,0
pg_cnn,CoPy_R,23,MSE,0.008516674799215238,1278654,fa85569c247e4428,True,location-k4-fold0-seed0,0
pg_cnn,CoPy_R,23,MAE,0.050339124512417496,1278654,fa85569c247e4428,True,location-k4-fold0-seed0,0
pg_cnn,CoPy_R,23,SS_vs_persistence,0.45084414587344834,1278654,fa85569c247e4428,True,location-k4-fold0-seed0,0
pg_cnn,CoPy_R,23,SS_vs_seasonal,0.45405292930325614,1278654,fa85569c247e4428,True,location-k4-fold0-seed0,0
pg_cnn,CoPy_R,23,SS_vs_ar,0.03177693517871072,1278654,fa85569c247e4428,True,location-k4-fold0-seed0,0
pg_cnn,CoPy_R,24,MSE,0.00852903796123421,1278654,fa85569c247e4428,True,location-k4-fold0-seed0,0
pg_cnn,CoPy_R,24,MAE,0.050311893699526294,1278654,fa85569c247e4428,True,location-k4-fold0-seed0,0
pg_cnn,CoPy_R,24,SS_vs_persistence,0.4390182402914643,1278654,fa85569c247e4428,True,location-k4-fold0-seed0,0
pg_cnn,CoPy_R,24,SS_vs_seasonal,0.45829760081879245,1278654,fa85569c247e4428,True,location-k4-fold0-seed0,0
pg_cnn,CoPy_R,24,SS_vs_ar,0.027541935369437054,1278654,fa85569c247e4428,True,location-k4-fold0-seed0,0
pg_cnn,CoPy_R,25,MSE,0.008533722654523922,1278654,fa85569c247e4428,True,location-k4-fold0-seed0,0
pg_cnn,CoPy_R,25,MAE,0.050329616188825976,1278654,fa85569c247e4428,True,location-k4-fold0-seed0,0
pg_cnn,CoPy_R,25,SS_vs_persistence,0.4308944156034229,1278654,fa85569c247e4428,True,location-k4-fold0-seed0,0
pg_cnn,CoPy_R,25,SS_vs_seasonal,0.44787844365519447,1278654,fa85569c247e4428,True,location-k4-fold0-seed0,0
pg_cnn,CoPy_R,25,SS_vs_ar,0.029429656015382166,1278654,fa85569c247e4428,True,location-k4-fold0-seed0,0
pg_cnn,CoPy_R,26,MSE,0.008519764790770242,1278654,fa85569c247e4428,True,location-k4-fold0-seed0,0
pg_cnn,CoPy_R,26,MAE,0.050416543515929654,1278654,fa85569c247e4428,True,location-k4-fold0-seed0,0
pg_cnn,CoPy_R,26,SS_vs_persistence,0.4220665498079629,1278654,fa85569c247e4428,True,location-k4-fold0-seed0,0
pg_cnn,CoPy_R,26,SS_vs_seasonal,0.4413878840421175,1278654,fa85569c247e4428,True,location-k4-fold0-seed0,0
pg_cnn,CoPy_R,26,SS_vs_ar,0.02911574782370241,1278654,fa85569c247e4428,True,location-k4-fold0-seed0,0
pg_cnn,CoPy_R,27,MSE,0.00851247200505763,1278654,fa85569c247e4428,True,location-k4-fold0-seed0,0
pg_cnn,CoPy_R,27,MAE,0.050472006996637855,1278654,fa85569c247e4428,True,location-k4-fold0-seed0,0
pg_cnn,CoPy_R,27,SS_vs_persistence,0.4444515810979909,1278654,fa85569c247e4428,True,location-k4-fold0-seed0,0
pg_cnn,CoPy_R,27,SS_vs_seasonal,0.4455101131599395,1278654,fa85569c247e4428,True,location-k4-fold0-seed0,0
pg_cnn,CoPy_R,27,SS_vs_ar,0.03071249265351461,1278654,fa85569c247e4428,True,location-k4-fold0-seed0,0
pg_cnn,CoPy_R,28,MSE,0.008507981635405688,1278654,fa85569c247e4428,True,location-k4-fold0-seed0,0
pg_cnn,CoPy_R,28,MAE,0.05046434467640607,1278654,fa85569c247e4428,True,location-k4-fold0-seed0,0
pg_cnn,CoPy_R,28,SS_vs_persistence,0.4562570091236331,1278654,fa85569c247e4428,True,location-k4-fold0-seed0,0
pg_cnn,CoPy_R,28,SS_vs_seasonal,0.45299850079102255,1278654,fa85569c247e4428,True,location-k4-fold0-seed0,0
pg_cnn,CoPy_R,28,SS_vs_ar,0.027669592305070934,1278654,fa85569c247e4428,True,location-k4-fold0-seed0,0
pg_cnn,CoPy_R,29,MSE,0.008516330460290355,1278654,fa85569c247e4428,True,location-k4-fold0-seed0,0
pg_cnn,CoPy_R,29,MAE,0.050430616520585114,1278654,fa85569c247e4428,True,location-k4-fold0-seed0,0
pg_cnn,CoPy_R,29,SS_vs_persistence,0.46387406794319563,1278654,fa85569c247e4428,True,location-k4-fold0-seed0,0
pg_cnn,CoPy_R,29,SS_vs_seasonal,0.453287977065583,1278654,fa85569c247e4428,True,location-k4-fold0-seed0,0
pg_cnn,CoPy_R,29,SS_vs_ar,0.02446342606462648,1278654,fa85569c247e4428,True,location-k4-fold0-seed0,0
pg_cnn,CoPy_R,30,MSE,0.008532238331122117,1278654,fa85569c247e4428,True,location-k4-fold0-seed0,0
pg_cnn,CoPy_R,30,MAE,0.05038972480550906,1278654,fa85569c247e4428,True,location-k4-fold0-seed0,0
pg_cnn,CoPy_R,30,SS_vs_persistence,0.45396355389027243,1278654,fa85569c247e4428,True,location-k4-fold0-seed0,0
pg_cnn,CoPy_R,30,SS_vs_seasonal,0.4478926572843821,1278654,fa85569c247e4428,True,location-k4-fold0-seed0,0
pg_cnn,CoPy_R,30,SS_vs_ar,0.027638764250086156,1278654,fa85569c247e4428,True,location-k4-fold0-seed0,0
pg_cnn,CoPy_R,all,MSE,0.00840401872646444,1278654,fa85569c247e4428,True,location-k4-fold0-seed0,0
pg_cnn,CoPy_R,all,MAE,0.04973271904333499,1278654,fa85569c247e4428,True,location-k4-fold0-seed0,0
pg_cnn,CoPy_R,all,SS_vs_persistence,0.4221374577389181,1278654,fa85569c247e4428,True,location-k4-fold0-seed0,0
pg_cnn,CoPy_R,all,SS_vs_seasonal,0.42856119383804336,1278654,fa85569c247e4428,True,location-k4-fold0-seed0,0
pg_cnn,CoPy_R,all,SS_vs_ar,0.02120837274725451,1278654,fa85569c247e4428,True,location-k4-fold0-seed0,0
persistence,F_R,1,MSE,92217.13336272474,1297860,f4d62ad7513e0a9d,True,location-k4-fold1-seed0,1
persistence,F_R,1,MAE,149.75105716017015,1297860,f4d62ad7513e0a9d,True,location-k4-fold1-seed0,1
persistence,F_R,1,SS_vs_persistence,0.0,1297860,f4d62ad7513e0a9d,True,location-k4-fold1-seed0,1
persistence,F_R,1,SS_vs_seasonal,0.16258639412482145,1297860,f4d62ad7513e0a9d,True,location-k4-fold1-seed0,1
persistence,F_R,1,SS_vs_ar,-0.5370343669418602,1297860,f4d62ad7513e0a9d,True,location-k4-fold1-seed0,1
persistence,F_R,2,MSE,105516.8534650091,1297860,f4d62ad7513e0a9d,True,location-k4-fold1-seed0,1
persistence,F_R,2,MAE,166.55326995842555,1297860,f4d62ad7513e0a9d,True,location-k4-fold1-seed0,1
persistence,F_R,2,SS_vs_persistence,0.0,1297860,f4d62ad7513e0a9d,True,location-k4-fold1-seed0,1
persistence,F_R,2,SS_vs_seasonal,0.054488388913535024,1297860,f4d62ad7513e0a9d,True,location-k4-fold1-seed0,1
persistence,F_R,2,SS_vs_ar,-0.6396676108447905,1297860,f4d62ad7513e0a9d,True,location-k4-fold1-seed0,1
persistence,F_R,3,MSE,105991.64423552714,1297860,f4d62ad7513e0a9d,True,location-k4-fold1-seed0,1
persistence,F_R,3,MAE,167.45568559847737,1297860,f4d62ad7513e0a9d,True,location-k4-fold1-seed0,1
persistence,F_R,3,SS_vs_persistence,0.0,1297860,f4d62ad7513e0a9d,True,location-k4-fold1-seed0,1
persistence,F_R,3,SS_vs_seasonal,0.04696919084307405,1297860,f4d62ad7513e0a9d,True,location-k4-fold1-seed0,1
persistence,F_R,3,SS_vs_ar,-0.6247302275537785,1297860,f4d62ad7513e0a9d,True,location-k4-fold1-seed0,1
persistence,F_R,4,MSE,108238.19505515973,1297860,f4d62ad7513e0a9d,True,location-k4-fold1-seed0,1
persistence,F_R,4,MAE,172.8588146989022,1297860,f4d62ad7513e0a9d,True,location-k4-fold1-seed0,1
persistence,F_R,4,SS_vs_persistence,0.0,1297860,f4d62ad7513e0a9d,True,location-k4-fold1-seed0,1
persistence,F_R,4,SS_vs_seasonal,0.027395937134897075,1297860,f4d62ad7513e0a9d,True,location-k4-fold1-seed0,1
persistence,F_R,4,SS_vs_ar,-0.6345204570805865,1297860,f4d62ad7513e0a9d,True,location-k4-fold1-seed0,1
persistence,F_R,5,MSE,111325.38649286098,1297860,f4d62ad7513e0a9d,True,location-k4-fold1-seed0,1
persistence,F_R,5,MAE,177.2775803229541,1297860,f4d62ad7513e0a9d,True,location-k4-fold1-seed0,1
persistence,F_R,5,SS_vs_persistence,0.0,1297860,f4d62ad7513e0a9d,True,location-k4-fold1-seed0,1
persistence,F_R,5,SS_vs_seasonal,0.00014336716777041403,1297860,f4d62ad7513e0a9d,True,location-k4-fold1-seed0,1
persistence,F_R,5,SS_vs_ar,-0.6581919818215092,1297860,f4d62ad7513e0a9d,True,location-k4-fold1-seed0,1
persistence,F_R,6,MSE,108257.20365254639,1297860,f4d62ad7513e0a9d,True,location-k4-fold1-seed0,1
persistence,F_R,6,MAE,173.9621968936184,1297860,f4d62ad7513e0a9d,True,location-k4-fold1-seed0,1
persistence,F_R,6,SS_vs_persistence,0.0,1297860,f4d62ad7513e0a9d,True,location-k4-fold1-seed0,1
persistence,F_R,6,SS_vs_seasonal,0.01992460523490036,1297860,f4d62ad7513e0a9d,True,location-k4-fold1-seed0,1
persistence,F_R,6,SS_vs_ar,-0.6151434711591062,1297860,f4d62ad7513e0a9d,True,location-k4-fold1-seed0,1
persistence,F_R,7,MSE,109732.0976208797,1297860,f4d62ad7513e0a9d,True,location-k4-fold1-seed0,1
persistence,F_R,7,MAE,176.305206356672,1297860,f4d62ad7513e0a9d,True,location-k4-fold1-seed0,1
persistence,F_R,7,SS_vs_persistence,0.0,1297860,f4d62ad7513e0a9d,True,location-k4-fold1-seed0,1
persistence,F_R,7,SS_vs_seasonal,-0.0015668472486074503,1297860,f4d62ad7513e0a9d,True,location-k4-fold1-seed0,1
persistence,F_R,7,SS_vs_ar,-0.6362547353403634,1297860,f4d62ad7513e0a9d,True,location-k4-fold1-seed0,1
persistence,F_R,8,MSE,110685.52279937445,1297860,f4d62ad7513e0a9d,True,location-k4-fold1-seed0,1
persistence,F_R,8,MAE,175.5634733176001,1297860,f4d62ad7513e0a9d,True,location-k4-fold1-seed0,1
persistence,F_R,8,SS_vs_persistence,0.0,1297860,f4d62ad7513e0a9d,True,location-k4-fold1-seed0,1
persistence,F_R,8,SS_vs_seasonal,-0.00984768727638441,1297860,f4d62ad7513e0a9d,True,location-k4-fold1-seed0,1
persistence,F_R,8,SS_vs_ar,-0.6354185060754123,1297860,f4d62ad7513e0a9d,True,location-k4-fold1-seed0,1
persistence,F_R,9,MSE,107237.85334132871,1297860,f4d62ad7513e0a9d,True,location-k4-fold1-seed0,1
persistence,F_R,9,MAE,172.02982069777966,1297860,f4d62ad7513e0a9d,True,location-k4-fold1-seed0,1
persistence,F_R,9,SS_vs_persistence,0.0,1297860,f4d62ad7513e0a9d,True,location-k4-fold1-seed0,1
persistence,F_R,9,SS_vs_seasonal,0.0002760666637892095,1297860,f4d62ad7513e0a9d,True,location-k4-fold1-seed0,1
persistence,F_R,9,SS_vs_ar,-0.5778988224392931,1297860,f4d62ad7513e0a9d,True,location-k4-fold1-seed0,1
persistence,F_R,10,MSE,107283.86308651578,1297860,f4d62ad7513e0a9d,True,location-k4-fold1-seed0,1
persistence,F_R,10,MAE,171.45052612299045,1297860,f4d62ad7513e0a9d,True,location-k4-fold1-seed0,1
persistence,F_R,10,SS_vs_persistence,0.0,1297860,f4d62ad7513e0a9d,True,location-k4-fold1-seed0,1
persistence,F_R,10,SS_vs_seasonal,0.09109591533404904,1297860,f4d62ad7513e0a9d,True,location-k4-fold1-seed0,1
persistence,F_R,10,SS_vs_ar,-0.5573875497750287,1297860,f4d62ad7513e0a9d,True,location-k4-fold1-seed0,1
persistence,F_R,11,MSE,111598.3754394633,1297860,f4d62ad7513e0a9d,True,location-k4-fold1-seed0,1
persistence,F_R,11,MAE,173.20228616798158,1297860,f4d62ad7513e0a9d,True,location-k4-fold1-seed0,1
persistence,F_R,11,SS_vs_persistence,0.0,1297860,f4d62ad7513e0a9d,True,location-k4-fold1-seed0,1
persistence,F_R,11,SS_vs_seasonal,0.0575588851066714,1297860,f4d62ad7513e0a9d,True,location-k4-fold1-seed0,1
persistence,F_R,11,SS_vs_ar,-0.5866424045289795,1297860,f4d62ad7513e0a9d,True,location-k4-fold1-seed0,1
persistence,F_R,12,MSE,112990.993651356,1297860,f4d62ad7513e0a9d,True,location-k4-fold1-seed0,1
persistence,F_R,12,MAE,177.01223486402617,1297860,f4d62ad7513e0a9d,True,location-k4-fold1-seed0,1
persistence,F_R,12,SS_vs_persistence,0.0,1297860,f4d62ad7513e0a9d,True,location-k4-fold1-seed0,1
persistence,F_R,12,SS_vs_seasonal,0.04509917574780287,1297860,f4d62ad7513e0a9d,True,location-k4-fold1-seed0,1
persistence,F_R,12,SS_vs_ar,-0.5874469926591244,1297860,f4d62ad7513e0a9d,True,location-k4-fold1-seed0,1
persistence,F_R,13,MSE,113173.09221806328,1297860,f4d62ad7513e0a9d,True,location-k4-fold1-seed0,1
persistence,F_R,13,MAE,178.1454103582803,1297860,f4d62ad7513e0a9d,True,location-k4-fold1-seed0,1
persistence,F_R,13,SS_vs_persistence,0.0,1297860,f4d62ad7513e0a9d,True,location-k4-fold1-seed0,1
persistence,F_R,13,SS_vs_seasonal,0.04583629057635907,1297860,f4d62ad7513e0a9d,True,location-k4-fold1-seed0,1
persistence,F_R,13,SS_vs_ar,-0.5746521893402294,1297860,f4d62ad7513e0a9d,True,location-k4-fold1-seed0,1
persistence,F_R,14,MSE,114053.2120439595,1297860,f4d62ad7513e0a9d,True,location-k4-fold1-seed0,1
persistence,F_R,14,MAE,179.526571531544,1297860,f4d62ad7513e0a9d,True,location-k4-fold1-seed0,1
persistence,F_R,14,SS_vs_persistence,0.0,1297860,f4d62ad7513e0a9d,True,location-k4-fold1-seed0,1
persistence,F_R,14,SS_vs_seasonal,0.037692457905790455,1297860,f4d62ad7513e0a9d,True,location-k4-fold1-seed0,1
persistence,F_R,14,SS_vs_ar,-0.5739089023684107,1297860,f4d62ad7513e0a9d,True,location-k4-fold1-seed0,1
persistence,F_R,15,MSE,112413.83537862111,1297860,f4d62ad7513e0a9d,True,location-k4-fold1-seed0,1
persistence,F_R,15,MAE,181.2553904559266,1297860,f4d62ad7513e0a9d,True,location-k4-fold1-seed0,1
persistence,F_R,15,SS_vs_persistence,0.0,1297860,f4d62ad7513e0a9d,True,location-k4-fold1-seed0,1
persistence,F_R,15,SS_vs_seasonal,0.04733981152449762,1297860,f4d62ad7513e0a9d,True,location-k4-fold1-seed0,1
persistence,F_R,15,SS_vs_ar,-0.550131559425707,1297860,f4d62ad7513e0a9d,True,location-k4-fold1-seed0,1
persistence,F_R,16,MSE,117138.4641191717,1297860,f4d62ad7513e0a9d,True,location-k4-fold1-seed0,1
persistence,F_R,16,MAE,185.08501558725757,1297860,f4d62ad7513e0a9d,True,location-k4-fold1-seed0,1
persistence,F_R,16,SS_vs_persistence,0.0,1297860,f4d62ad7513e0a9d,True,location-k4-fold1-seed0,1
persistence,F_R,16,SS_vs_seasonal,0.01509937420884555,1297860,f4d62ad7513e0a9d,True,location-k4-fold1-seed0,1
persistence,F_R,16,SS_vs_ar,-0.5788968042799141,1297860,f4d62ad7513e0a9d,True,location-k4-fold1-seed0,1
persistence,F_R,17,MSE,116277.39496217079,1297860,f4d62ad7513e0a9d,True,location-k4-fold1-seed0,1
persistence,F_R,17,MAE,184.16744833013274,1297860,f4d62ad7513e0a9d,True,location-k4-fold1-seed0,1
persistence,F_R,17,SS_vs_persistence,0.0,1297860,f4d62ad7513e0a9d,True,location-k4-fold1-seed0,1
persistence,F_R,17,SS_vs_seasonal,0.027044236372291475,1297860,f4d62ad7513e0a9d,True,location-k4-fold1-seed0,1
persistence,F_R,17,SS_vs_ar,-0.5589540799214878,1297860,f4d62ad7513e0a9d,True,location-k4-fold1-seed0,1
persistence,F_R,18,MSE,116648.33350702196,1297860,f4d62ad7513e0a9d,True,location-k4-fold1-seed0,1
persistence,F_R,18,MAE,182.93146137108636,1297860,f4d62ad7513e0a9d,True,location-k4-fold1-seed0,1
persistence,F_R,18,SS_vs_persistence,0.0,1297860,f4d62ad7513e0a9d,True,location-k4-fold1-seed0,1
persistence,F_R,18,SS_vs_seasonal,-0.001036910151384074,1297860,f4d62ad7513e0a9d,True,location-k4-fold1-seed0,1
persistence,F_R,18,SS_vs_ar,-0.5554033963660101,1297860,f4d62ad7513e0a9d,True,location-k4-fold1-seed0,1
persistence,F_R,19,MSE,116279.21959602566,1297860,f4d62ad7513e0a9d,True,location-k4-fold1-seed0,1
persistence,F_R,19,MAE,180.45937311400775,1297860,f4d62ad7513e0a9d,True,location-k4-fold1-seed0,1
persistence,F_R,19,SS_vs_persistence,0.0,1297860,f4d62ad7513e0a9d,True,location-k4-fold1-seed0,1
persistence,F_R,19,SS_vs_seasonal,0.0697849982523886,1297860,f4d62ad7513e0a9d,True,location-k4-fold1-seed0,1
persistence,F_R,19,SS_vs_ar,-0.5376835635636263,1297860,f4d62ad7513e0a9d,True,location-k4-fold1-seed0,1
persistence,F_R,20,MSE,114662.80014210513,1297860,f4d62ad7513e0a9d,True,location-k4-fold1-seed0,1
persistence,F_R,20,MAE,178.06357365554825,1297860,f4d62ad7513e0a9d,True,location-k4-fold1-seed0,1
persistence,F_R,20,SS_vs_persistence,0.0,1297860,f4d62ad7513e0a9d,True,location-k4-fold1-seed0,1
persistence,F_R,20,SS_vs_seasonal,0.08097315705391583,1297860,f4d62ad7513e0a9d,True,location-k4-fold1-seed0,1
persistence,F_R,20,SS_vs_ar,-0.5010842929899242,1297860,f4d62ad7513e0a9d,True,location-k4-fold1-seed0,1
persistence,F_R,21,MSE,114625.68470213932,1297860,f4d62ad7513e0a9d,True,location-k4-fold1-seed0,1
persistence,F_R,21,MAE,180.19738086127114,1297860,f4d62ad7513e0a9d,True,location-k4-fold1-seed0,1
persistence,F_R,21,SS_vs_persistence,0.0,1297860,f4d62ad7513e0a9d,True,location-k4-fold1-seed0,1
persistence,F_R,21,SS_vs_seasonal,0.07892383406078196,1297860,f4d62ad7513e0a9d,True,location-k4-fold1-seed0,1
persistence,F_R,21,SS_vs_ar,-0.4829646134010215,1297860,f4d62ad7513e0a9d,True,location-k4-fold1-seed0,1
persistence,F_R,22,MSE,116814.6933834936,1297860,f4d62ad7513e0a9d,True,location-k4-fold1-seed0,1
persistence,F_R,22,MAE,181.21111210383103,1297860,f4d62ad7513e0a9d,True,location-k4-fold1-seed0,1
persistence,F_R,22,SS_vs_persistence,0.0,1297860,f4d62ad7513e0a9d,True,location-k4-fold1-seed0,1
persistence,F_R,22,SS_vs_seasonal,0.05612024416161654,1297860,f4d62ad7513e0a9d,True,location-k4-fold1-seed0,1
persistence,F_R,22,SS_vs_ar,-0.4996438481520775,1297860,f4d62ad7513e0a9d,True,location-k4-fold1-seed0,1
persistence,F_R,23,MSE,115729.3777537471,1297860,f4d62ad7513e0a9d,True,location-k4-fold1-seed0,1
persistence,F_R,23,MAE,181.48276356578089,1297860,f4d62ad7513e0a9d,True,location-k4-fold1-seed0,1
persistence,F_R,23,SS_vs_persistence,0.0,1297860,f4d62ad7513e0a9d,True,location-k4-fold1-seed0,1
persistence,F_R,23,SS_vs_seasonal,0.06638603608867988,1297860,f4d62ad7513e0a9d,True,location-k4-fold1-seed0,1
persistence,F_R,23,SS_vs_ar,-0.47355425040002075,1297860,f4d62ad7513e0a9d,True,location-k4-fold1-seed0,1
persistence,F_R,24,MSE,117883.52391556336,1297860,f4d62ad7513e0a9d,True,location-k4-fold1-seed0,1
persistence,F_R,24,MAE,185.06606475673476,1297860,f4d62ad7513e0a9d,True,location-k4-fold1-seed0,1
persistence,F_R,24,SS_vs_persistence,0.0,1297860,f4d62ad7513e0a9d,True,location-k4-fold1-seed0,1
persistence,F_R,24,SS_vs_seasonal,0.04916539161606859,1297860,f4d62ad7513e0a9d,True,location-k4-fold1-seed0,1
persistence,F_R,24,SS_vs_ar,-0.47808500166804824,1297860,f4d62ad7513e0a9d,True,location-k4-fold1-seed0,1
persistence,F_R,25,MSE,119030.37777995893,1297860,f4d62ad7513e0a9d,True,location-k4-fold1-seed0,1
persistence,F_R,25,MAE,185.66891684203046,1297860,f4d62ad7513e0a9d,True,location-k4-fold1-seed0,1
persistence,F_R,25,SS_vs_persistence,0.0,1297860,f4d62ad7513e0a9d,True,location-k4-fold1-seed0,1
persistence,F_R,25,SS_vs_seasonal,0.04019525727858464,1297860,f4d62ad7513e0a9d,True,location-k4-fold1-seed0,1
persistence,F_R,25,SS_vs_ar,-0.47469247047829954,1297860,f4d62ad7513e0a9d,True,location-k4-fold1-seed0,1
persistence,F_R,26,MSE,122209.83032958733,1297860,f4d62ad7513e0a9d,True,location-k4-fold1-seed0,1
persistence,F_R,26,MAE,189.29592451520858,1297860,f4d62ad7513e0a9d,True,location-k4-fold1-seed0,1
persistence,F_R,26,SS_vs_persistence,0.0,1297860,f4d62ad7513e0a9d,True,location-k4-fold1-seed0,1
persistence,F_R,26,SS_vs_seasonal,0.0231144422670172,1297860,f4d62ad7513e0a9d,True,location-k4-fold1-seed0,1
persistence,F_R,26,SS_vs_ar,-0.49305874588045917,1297860,f4d62ad7513e0a9d,True,location-k4-fold1-seed0,1
persistence,F_R,27,MSE,122645.42845089555,1297860,f4d62ad7513e0a9d,True,location-k4-fold1-seed0,1
persistence,F_R,27,MAE,192.02793565360116,1297860,f4d62ad7513e0a9d,True,location-k4-fold1-seed0,1
persistence,F_R,27,SS_vs_persistence,0.0,1297860,f4d62ad7513e0a9d,True,location-k4-fold1-seed0,1
persistence,F_R,27,SS_vs_seasonal,-0.001613767301421154,1297860,f4d62ad7513e0a9d,True,location-k4-fold1-seed0,1
persistence,F_R,27,SS_vs_ar,-0.5099226618123085,1297860,f4d62ad7513e0a9d,True,location-k4-fold1-seed0,1
persistence,F_R,28,MSE,120583.4182587117,1297860,f4d62ad7513e0a9d,True,location-k4-fold1-seed0,1
persistence,F_R,28,MAE,187.09439021592817,1297860,f4d62ad7513e0a9d,True,location-k4-fold1-seed0,1
persistence,F_R,28,SS_vs_persistence,0.0,1297860,f4d62ad7513e0a9d,True,location-k4-fold1-seed0,1
persistence,F_R,28,SS_vs_seasonal,0.030235050765583527,1297860,f4d62ad7513e0a9d,True,location-k4-fold1-seed0,1
persistence,F_R,28,SS_vs_ar,-0.4886528344988026,1297860,f4d62ad7513e0a9d,True,location-k4-fold1-seed0,1
persistence,F_R,29,MSE,119179.39042221302,1297860,f4d62ad7513e0a9d,True,location-k4-fold1-seed0,1
persistence,F_R,29,MAE,184.26523040324253,1297860,f4d62ad7513e0a9d,True,location-k4-fold1-seed0,1
persistence,F_R,29,SS_vs_persistence,0.0,1297860,f4d62ad7513e0a9d,True,location-k4-fold1-seed0,1
persistence,F_R,29,SS_vs_seasonal,0.04070662898489219,1297860,f4d62ad7513e0a9d,True,location-k4-fold1-seed0,1
persistence,F_R,29,SS_vs_ar,-0.47308394950810273,1297860,f4d62ad7513e0a9d,True,location-k4-fold1-seed0,1
persistence,F_R,30,MSE,116573.75853601524,1297860,f4d62ad7513e0a9d,True,location-k4-fold1-seed0,1
persistence,F_R,30,MAE,183.83704921963488,1297860,f4d62ad7513e0a9d,True,location-k4-fold1-seed0,1
persistence,F_R,30,SS_vs_persistence,0.0,1297860,f4d62ad7513e0a9d,True,location-k4-fold1-seed0,1
persistence,F_R,30,SS_vs_seasonal,0.06095818637294781,1297860,f4d62ad7513e0a9d,True,location-k4-fold1-seed0,1
persistence,F_R,30,SS_vs_ar,-0.4397738660187993,1297860,f4d62ad7513e0a9d,True,location-k4-fold1-seed0,1
persistence,F_R,all,MSE,113233.23192347161,1297860,f4d62ad7513e0a9d,True,location-k4-fold1-seed0,1
persistence,F_R,all,MAE,178.4401054900215,1297860,f4d62ad7513e0a9d,True,location-k4-fold1-seed0,1
persistence,F_R,all,SS_vs_persistence,0.0,1297860,f4d62ad7513e0a9d,True,location-k4-fold1-seed0,1
persistence,F_R,all,SS_vs_seasonal,0.042433950475380344,1297860,f4d62ad7513e0a9d,True,location-k4-fold1-seed0,1
persistence,F_R,all,SS_vs_ar,-0.5470016733051208,1297860,f4d62ad7513e0a9d,True,location-k4-fold1-seed0,1
persistence,CoPx_R,1,MSE,0.21394488376258894,1297860,f4d62ad7513e0a9d,True,location-k4-fold1-seed0,1
persistence,CoPx_R,1,MAE,0.2801823311959633,1297860,f4d62ad7513e0a9d,True,location-k4-fold1-seed0,1
persistence,CoPx_R,1,SS_vs_persistence,4.6741499559743716e-12,1297860,f4d62ad7513e0a9d,True,location-k4-fold1-seed0,1
persistence,CoPx_R,1,SS_vs_seasonal,0.11086661093318073,1297860,f4d62ad7513e0a9d,True,location-k4-fold1-seed0,1
persistence,CoPx_R,1,SS_vs_ar,-0.6544117219493311,1297860,f4d62ad7513e0a9d,True,location-k4-fold1-seed0,1
persistence,CoPx_R,2,MSE,0.24184976200131497,1297860,f4d62ad7513e0a9d,True,location-k4-fold1-seed0,1
persistence,CoPx_R,2,MAE,0.31367146384424704,1297860,f4d62ad7513e0a9d,True,location-k4-fold1-seed0,1
persistence,CoPx_R,2,SS_vs_persistence,4.1348036106114705e-12,1297860,f4d62ad7513e0a9d,True,location-k4-fold1-seed0,1
persistence,CoPx_R,2,SS_vs_seasonal,0.017294843309898833,1297860,f4d62ad7513e0a9d,True,location-k4-fold1-seed0,1
persistence,CoPx_R,2,SS_vs_ar,-0.804918501662081,1297860,f4d62ad7513e0a9d,True,location-k4-fold1-seed0,1
persistence,CoPx_R,3,MSE,0.24049826792301005,1297860,f4d62ad7513e0a9d,True,location-k4-fold1-seed0,1
persistence,CoPx_R,3,MAE,0.31079011903251896,1297860,f4d62ad7513e0a9d,True,location-k4-fold1-seed0,1
persistence,CoPx_R,3,SS_vs_persistence,4.158007271826136e-12,1297860,f4d62ad7513e0a9d,True,location-k4-fold1-seed0,1
persistence,CoPx_R,3,SS_vs_seasonal,0.018851848975264707,1297860,f4d62ad7513e0a9d,True,location-k4-fold1-seed0,1
persistence,CoPx_R,3,SS_vs_ar,-0.7819807565855188,1297860,f4d62ad7513e0a9d,True,location-k4-fold1-seed0,1
persistence,CoPx_R,4,MSE,0.24751383700704466,1297860,f4d62ad7513e0a9d,True,location-k4-fold1-seed0,1
persistence,CoPx_R,4,MAE,0.3195191080248765,1297860,f4d62ad7513e0a9d,True,location-k4-fold1-seed0,1
persistence,CoPx_R,4,SS_vs_persistence,4.040212608913407e-12,1297860,f4d62ad7513e0a9d,True,location-k4-fold1-seed0,1
persistence,CoPx_R,4,SS_vs_seasonal,-0.0010704397485350459,1297860,f4d62ad7513e0a9d,True,location-k4-fold1-seed0,1
persistence,CoPx_R,4,SS_vs_ar,-0.8103668229835863,1297860,f4d62ad7513e0a9d,True,location-k4-fold1-seed0,1
persistence,CoPx_R,5,MSE,0.2599854002784506,1297860,f4d62ad7513e0a9d,True,location-k4-fold1-seed0,1
persistence,CoPx_R,5,MAE,0.3335872317941476,1297860,f4d62ad7513e0a9d,True,location-k4-fold1-seed0,1
persistence,CoPx_R,5,SS_vs_persistence,3.846256646511392e-12,1297860,f4d62ad7513e0a9d,True,location-k4-fold1-seed0,1
persistence,CoPx_R,5,SS_vs_seasonal,-0.04350148147964572,1297860,f4d62ad7513e0a9d,True,location-k4-fold1-seed0,1
persistence,CoPx_R,5,SS_vs_ar,-0.8896292994616435,1297860,f4d62ad7513e0a9d,True,location-k4-fold1-seed0,1
persistence,CoPx_R,6,MSE,0.25531272471753247,1297860,f4d62ad7513e0a9d,True,location-k4-fold1-seed0,1
persistence,CoPx_R,6,MAE,0.3290720004601642,1297860,f4d62ad7513e0a9d,True,location-k4-fold1-seed0,1
persistence,CoPx_R,6,SS_vs_persistence,3.916644786272627e-12,1297860,f4d62ad7513e0a9d,True,location-k4-fold1-seed0,1
persistence,CoPx_R,6,SS_vs_seasonal,-0.0313374073194197,1297860,f4d62ad7513e0a9d,True,location-k4-fold1-seed0,1
persistence,CoPx_R,6,SS_vs_ar,-0.8593291642191414,1297860,f4d62ad7513e0a9d,True,location-k4-fold1-seed0,1
persistence,CoPx_R,7,MSE,0.257086743477043,1297860,f4d62ad7513e0a9d,True,location-k4-fold1-seed0,1
persistence,CoPx_R,7,MAE,0.3304526831999924,1297860,f4d62ad7513e0a9d,True,location-k4-fold1-seed0,1
persistence,CoPx_R,7,SS_vs_persistence,3.889666366774236e-12,1297860,f4d62ad7513e0a9d,True,location-k4-fold1-seed0,1
persistence,CoPx_R,7,SS_vs_seasonal,-0.03999735066954657,1297860,f4d62ad7513e0a9d,True,location-k4-fold1-seed0,1
persistence,CoPx_R,7,SS_vs_ar,-0.8751092192524963,1297860,f4d62ad7513e0a9d,True,location-k4-fold1-seed0,1
persistence,CoPx_R,8,MSE,0.25351317700528087,1297860,f4d62ad7513e0a9d,True,location-k4-fold1-seed0,1
persistence,CoPx_R,8,MAE,0.3264962052007049,1297860,f4d62ad7513e0a9d,True,location-k4-fold1-seed0,1
persistence,CoPx_R,8,SS_vs_persistence,3.944511384190719e-12,1297860,f4d62ad7513e0a9d,True,location-k4-fold1-seed0,1
persistence,CoPx_R,8,SS_vs_seasonal,-0.02659939856961646,1297860,f4d62ad7513e0a9d,True,location-k4-fold1-seed0,1
persistence,CoPx_R,8,SS_vs_ar,-0.8475882522759617,1297860,f4d62ad7513e0a9d,True,location-k4-fold1-seed0,1
persistence,CoPx_R,9,MSE,0.24289054900403392,1297860,f4d62ad7513e0a9d,True,location-k4-fold1-seed0,1
persistence,CoPx_R,9,MAE,0.3174040474489885,1297860,f4d62ad7513e0a9d,True,location-k4-fold1-seed0,1
persistence,CoPx_R,9,SS_vs_persistence,4.1171510645199305e-12,1297860,f4d62ad7513e0a9d,True,location-k4-fold1-seed0,1
persistence,CoPx_R,9,SS_vs_seasonal,0.0021647924490566517,1297860,f4d62ad7513e0a9d,True,location-k4-fold1-seed0,1
persistence,CoPx_R,9,SS_vs_ar,-0.7654760282929642,1297860,f4d62ad7513e0a9d,True,location-k4-fold1-seed0,1
persistence,CoPx_R,10,MSE,0.241176026208169,1297860,f4d62ad7513e0a9d,True,location-k4-fold1-seed0,1
persistence,CoPx_R,10,MAE,0.3142577793991382,1297860,f4d62ad7513e0a9d,True,location-k4-fold1-seed0,1
persistence,CoPx_R,10,SS_vs_persistence,4.146349930067572e-12,1297860,f4d62ad7513e0a9d,True,location-k4-fold1-seed0,1
persistence,CoPx_R,10,SS_vs_seasonal,0.07065416647458034,1297860,f4d62ad7513e0a9d,True,location-k4-fold1-seed0,1
persistence,CoPx_R,10,SS_vs_ar,-0.7358841789446888,1297860,f4d62ad7513e0a9d,True,location-k4-fold1-seed0,1
persistence,CoPx_R,11,MSE,0.24511269141312783,1297860,f4d62ad7513e0a9d,True,location-k4-fold1-seed0,1
persistence,CoPx_R,11,MAE,0.3177858793272725,1297860,f4d62ad7513e0a9d,True,location-k4-fold1-seed0,1
persistence,CoPx_R,11,SS_vs_persistence,4.079736548590063e-12,1297860,f4d62ad7513e0a9d,True,location-k4-fold1-seed0,1
persistence,CoPx_R,11,SS_vs_seasonal,0.06225377162484902,1297860,f4d62ad7513e0a9d,True,location-k4-fold1-seed0,1
persistence,CoPx_R,11,SS_vs_ar,-0.7404155870060558,1297860,f4d62ad7513e0a9d,True,location-k4-fold1-seed0,1
persistence,CoPx_R,12,MSE,0.25537708464723136,1297860,f4d62ad7513e0a9d,True,location-k4-fold1-seed0,1
persistence,CoPx_R,12,MAE,0.3285407663510242,1297860,f4d62ad7513e0a9d,True,location-k4-fold1-seed0,1
persistence,CoPx_R,12,SS_vs_persistence,3.915645585550465e-12,1297860,f4d62ad7513e0a9d,True,location-k4-fold1-seed0,1
persistence,CoPx_R,12,SS_vs_seasonal,0.025515594003877484,1297860,f4d62ad7513e0a9d,True,location-k4-fold1-seed0,1
persistence,CoPx_R,12,SS_vs_ar,-0.7966068600915894,1297860,f4d62ad7513e0a9d,True,location-k4-fold1-seed0,1
persistence,CoPx_R,13,MSE,0.2577519074932461,1297860,f4d62ad7513e0a9d,True,location-k4-fold1-seed0,1
persistence,CoPx_R,13,MAE,0.33124725593489596,1297860,f4d62ad7513e0a9d,True,location-k4-fold1-seed0,1
persistence,CoPx_R,13,SS_vs_persistence,3.879563337250147e-12,1297860,f4d62ad7513e0a9d,True,location-k4-fold1-seed0,1
persistence,CoPx_R,13,SS_vs_seasonal,0.014391971962017136,1297860,f4d62ad7513e0a9d,True,location-k4-fold1-seed0,1
persistence,CoPx_R,13,SS_vs_ar,-0.8101328726953849,1297860,f4d62ad7513e0a9d,True,location-k4-fold1-seed0,1
persistence,CoPx_R,14,MSE,0.25690897607486607,1297860,f4d62ad7513e0a9d,True,location-k4-fold1-seed0,1
persistence,CoPx_R,14,MAE,0.3309983083736268,1297860,f4d62ad7513e0a9d,True,location-k4-fold1-seed0,1
persistence,CoPx_R,14,SS_vs_persistence,3.892330902033336e-12,1297860,f4d62ad7513e0a9d,True,location-k4-fold1-seed0,1
persistence,CoPx_R,14,SS_vs_seasonal,0.017873760987677456,1297860,f4d62ad7513e0a9d,True,location-k4-fold1-seed0,1
persistence,CoPx_R,14,SS_vs_ar,-0.7972459112178227,1297860,f4d62ad7513e0a9d,True,location-k4-fold1-seed0,1
persistence,CoPx_R,15,MSE,0.2667687033707894,1297860,f4d62ad7513e0a9d,True,location-k4-fold1-seed0,1
persistence,CoPx_R,15,MAE,0.34067693838122404,1297860,f4d62ad7513e0a9d,True,location-k4-fold1-seed0,1
persistence,CoPx_R,15,SS_vs_persistence,3.748445998041916e-12,1297860,f4d62ad7513e0a9d,True,location-k4-fold1-seed0,1
persistence,CoPx_R,15,SS_vs_seasonal,-0.010230059082726228,1297860,f4d62ad7513e0a9d,True,location-k4-fold1-seed0,1
persistence,CoPx_R,15,SS_vs_ar,-0.8547306260472622,1297860,f4d62ad7513e0a9d,True,location-k4-fold1-seed0,1
persistence,CoPx_R,16,MSE,0.2740561367223914,1297860,f4d62ad7513e0a9d,True,location-k4-fold1-seed0,1
persistence,CoPx_R,16,MAE,0.3475401942097775,1297860,f4d62ad7513e0a9d,True,location-k4-fold1-seed0,1
persistence,CoPx_R,16,SS_vs_persistence,3.6488589927330395e-12,1297860,f4d62ad7513e0a9d,True,location-k4-fold1-seed0,1
persistence,CoPx_R,16,SS_vs_seasonal,-0.03654253526471529,1297860,f4d62ad7513e0a9d,True,location-k4-fold1-seed0,1
persistence,CoPx_R,16,SS_vs_ar,-0.9016208485494888,1297860,f4d62ad7513e0a9d,True,location-k4-fold1-seed0,1
persistence,CoPx_R,17,MSE,0.26835865592106256,1297860,f4d62ad7513e0a9d,True,location-k4-fold1-seed0,1
persistence,CoPx_R,17,MAE,0.34217502631136487,1297860,f4d62ad7513e0a9d,True,location-k4-fold1-seed0,1
persistence,CoPx_R,17,SS_vs_persistence,3.726241537549413e-12,1297860,f4d62ad7513e0a9d,True,location-k4-fold1-seed0,1
persistence,CoPx_R,17,SS_vs_seasonal,-0.01328126300149668,1297860,f4d62ad7513e0a9d,True,location-k4-fold1-seed0,1
persistence,CoPx_R,17,SS_vs_ar,-0.8632273897245215,1297860,f4d62ad7513e0a9d,True,location-k4-fold1-seed0,1
persistence,CoPx_R,18,MSE,0.2631201149842913,1297860,f4d62ad7513e0a9d,True,location-k4-fold1-seed0,1
persistence,CoPx_R,18,MAE,0.33794714964990663,1297860,f4d62ad7513e0a9d,True,location-k4-fold1-seed0,1
persistence,CoPx_R,18,SS_vs_persistence,3.800515457896836e-12,1297860,f4d62ad7513e0a9d,True,location-k4-fold1-seed0,1
persistence,CoPx_R,18,SS_vs_seasonal,0.0013286445469329333,1297860,f4d62ad7513e0a9d,True,location-k4-fold1-seed0,1
persistence,CoPx_R,18,SS_vs_ar,-0.8263053241823706,1297860,f4d62ad7513e0a9d,True,location-k4-fold1-seed0,1
persistence,CoPx_R,19,MSE,0.25895898051318084,1297860,f4d62ad7513e0a9d,True,location-k4-fold1-seed0,1
persistence,CoPx_R,19,MAE,0.3334776046448517,1297860,f4d62ad7513e0a9d,True,location-k4-fold1-seed0,1
persistence,CoPx_R,19,SS_vs_persistence,3.8615777242512195e-12,1297860,f4d62ad7513e0a9d,True,location-k4-fold1-seed0,1
persistence,CoPx_R,19,SS_vs_seasonal,0.06197836707834781,1297860,f4d62ad7513e0a9d,True,location-k4-fold1-seed0,1
persistence,CoPx_R,19,SS_vs_ar,-0.7918606745531025,1297860,f4d62ad7513e0a9d,True,location-k4-fold1-seed0,1
persistence,CoPx_R,20,MSE,0.253822870058057,1297860,f4d62ad7513e0a9d,True,location-k4-fold1-seed0,1
persistence,CoPx_R,20,MAE,0.32692779765798363,1297860,f4d62ad7513e0a9d,True,location-k4-fold1-seed0,1
persistence,CoPx_R,20,SS_vs_persistence,3.939626402882368e-12,1297860,f4d62ad7513e0a9d,True,location-k4-fold1-seed0,1
persistence,CoPx_R,20,SS_vs_seasonal,0.07938890511373187,1297860,f4d62ad7513e0a9d,True,location-k4-fold1-seed0,1
persistence,CoPx_R,20,SS_vs_ar,-0.7517835744281351,1297860,f4d62ad7513e0a9d,True,location-k4-fold1-seed0,1
persistence,CoPx_R,21,MSE,0.25458881450729615,1297860,f4d62ad7513e0a9d,True,location-k4-fold1-seed0,1
persistence,CoPx_R,21,MAE,0.32987625095306544,1297860,f4d62ad7513e0a9d,True,location-k4-fold1-seed0,1
persistence,CoPx_R,21,SS_vs_persistence,3.927858038821341e-12,1297860,f4d62ad7513e0a9d,True,location-k4-fold1-seed0,1
persistence,CoPx_R,21,SS_vs_seasonal,0.07649237432984912,1297860,f4d62ad7513e0a9d,True,location-k4-fold1-seed0,1
persistence,CoPx_R,21,SS_vs_ar,-0.7472862104412736,1297860,f4d62ad7513e0a9d,True,location-k4-fold1-seed0,1
persistence,CoPx_R,22,MSE,0.2564237639551358,1297860,f4d62ad7513e0a9d,True,location-k4-fold1-seed0,1
persistence,CoPx_R,22,MAE,0.33092895987275533,1297860,f4d62ad7513e0a9d,True,location-k4-fold1-seed0,1
persistence,CoPx_R,22,SS_vs_persistence,3.899658373995862e-12,1297860,f4d62ad7513e0a9d,True,location-k4-fold1-seed0,1
persistence,CoPx_R,22,SS_vs_seasonal,0.07396776228521285,1297860,f4d62ad7513e0a9d,True,location-k4-fold1-seed0,1
persistence,CoPx_R,22,SS_vs_ar,-0.7465278040736658,1297860,f4d62ad7513e0a9d,True,location-k4-fold1-seed0,1
persistence,CoPx_R,23,MSE,0.2584145248059596,1297860,f4d62ad7513e0a9d,True,location-k4-fold1-seed0,1
persistence,CoPx_R,23,MAE,0.3327959201050881,1297860,f4d62ad7513e0a9d,True,location-k4-fold1-seed0,1
persistence,CoPx_R,23,SS_vs_persistence,3.869682352330983e-12,1297860,f4d62ad7513e0a9d,True,location-k4-fold1-seed0,1
persistence,CoPx_R,23,SS_vs_seasonal,0.06627323338692437,1297860,f4d62ad7513e0a9d,True,location-k4-fold1-seed0,1
persistence,CoPx_R,23,SS_vs_ar,-0.7491457718386849,1297860,f4d62ad7513e0a9d,True,location-k4-fold1-seed0,1
persistence,CoPx_R,24,MSE,0.2674944893578023,1297860,f4d62ad7513e0a9d,True,location-k4-fold1-seed0,1
persistence,CoPx_R,24,MAE,0.34325221799576977,1297860,f4d62ad7513e0a9d,True,location-k4-fold1-seed0,1
persistence,CoPx_R,24,SS_vs_persistence,3.738342968517827e-12,1297860,f4d62ad7513e0a9d,True,location-k4-fold1-seed0,1
persistence,CoPx_R,24,SS_vs_seasonal,0.04464953562489038,1297860,f4d62ad7513e0a9d,True,location-k4-fold1-seed0,1
persistence,CoPx_R,24,SS_vs_ar,-0.7970379506019363,1297860,f4d62ad7513e0a9d,True,location-k4-fold1-seed0,1
persistence,CoPx_R,25,MSE,0.27175213208806426,1297860,f4d62ad7513e0a9d,True,location-k4-fold1-seed0,1
persistence,CoPx_R,25,MAE,0.34694498378643807,1297860,f4d62ad7513e0a9d,True,location-k4-fold1-seed0,1
persistence,CoPx_R,25,SS_vs_persistence,3.679723192817619e-12,1297860,f4d62ad7513e0a9d,True,location-k4-fold1-seed0,1
persistence,CoPx_R,25,SS_vs_seasonal,0.026772968221430604,1297860,f4d62ad7513e0a9d,True,location-k4-fold1-seed0,1
persistence,CoPx_R,25,SS_vs_ar,-0.8214456571202242,1297860,f4d62ad7513e0a9d,True,location-k4-fold1-seed0,1
persistence,CoPx_R,26,MSE,0.27774510226897353,1297860,f4d62ad7513e0a9d,True,location-k4-fold1-seed0,1
persistence,CoPx_R,26,MAE,0.3537599498914144,1297860,f4d62ad7513e0a9d,True,location-k4-fold1-seed0,1
persistence,CoPx_R,26,SS_vs_persistence,3.60034224655692e-12,1297860,f4d62ad7513e0a9d,True,location-k4-fold1-seed0,1
persistence,CoPx_R,26,SS_vs_seasonal,0.011566364631922732,1297860,f4d62ad7513e0a9d,True,location-k4-fold1-seed0,1
persistence,CoPx_R,26,SS_vs_ar,-0.8593284399840757,1297860,f4d62ad7513e0a9d,True,location-k4-fold1-seed0,1
persistence,CoPx_R,27,MSE,0.2818044831946605,1297860,f4d62ad7513e0a9d,True,location-k4-fold1-seed0,1
persistence,CoPx_R,27,MAE,0.3568438765059381,1297860,f4d62ad7513e0a9d,True,location-k4-fold1-seed0,1
persistence,CoPx_R,27,SS_vs_persistence,3.5484948313069253e-12,1297860,f4d62ad7513e0a9d,True,location-k4-fold1-seed0,1
persistence,CoPx_R,27,SS_vs_seasonal,-0.001884623802081098,1297860,f4d62ad7513e0a9d,True,location-k4-fold1-seed0,1
persistence,CoPx_R,27,SS_vs_ar,-0.8905468902476601,1297860,f4d62ad7513e0a9d,True,location-k4-fold1-seed0,1
persistence,CoPx_R,28,MSE,0.26915757833176207,1297860,f4d62ad7513e0a9d,True,location-k4-fold1-seed0,1
persistence,CoPx_R,28,MAE,0.34355407399027466,1297860,f4d62ad7513e0a9d,True,location-k4-fold1-seed0,1
persistence,CoPx_R,28,SS_vs_persistence,3.715250329605624e-12,1297860,f4d62ad7513e0a9d,True,location-k4-fold1-seed0,1
persistence,CoPx_R,28,SS_vs_seasonal,0.026957748850021335,1297860,f4d62ad7513e0a9d,True,location-k4-fold1-seed0,1
persistence,CoPx_R,28,SS_vs_ar,-0.8149518809510052,1297860,f4d62ad7513e0a9d,True,location-k4-fold1-seed0,1
persistence,CoPx_R,29,MSE,0.2646103820342413,1297860,f4d62ad7513e0a9d,True,location-k4-fold1-seed0,1
persistence,CoPx_R,29,MAE,0.3411310428802811,1297860,f4d62ad7513e0a9d,True,location-k4-fold1-seed0,1
persistence,CoPx_R,29,SS_vs_persistence,3.77908815352157e-12,1297860,f4d62ad7513e0a9d,True,location-k4-fold1-seed0,1
persistence,CoPx_R,29,SS_vs_seasonal,0.03797950089251678,1297860,f4d62ad7513e0a9d,True,location-k4-fold1-seed0,1
persistence,CoPx_R,29,SS_vs_ar,-0.7853407841541624,1297860,f4d62ad7513e0a9d,True,location-k4-fold1-seed0,1
persistence,CoPx_R,30,MSE,0.2689416977853564,1297860,f4d62ad7513e0a9d,True,location-k4-fold1-seed0,1
persistence,CoPx_R,30,MAE,0.34566072021839955,1297860,f4d62ad7513e0a9d,True,location-k4-fold1-seed0,1
persistence,CoPx_R,30,SS_vs_persistence,3.718247931772112e-12,1297860,f4d62ad7513e0a9d,True,location-k4-fold1-seed0,1
persistence,CoPx_R,30,SS_vs_seasonal,0.031957855025063875,1297860,f4d62ad7513e0a9d,True,location-k4-fold1-seed0,1
persistence,CoPx_R,30,SS_vs_ar,-0.8065886203559518,1297860,f4d62ad7513e0a9d,True,location-k4-fold1-seed0,1
persistence,CoPx_R,all,MSE,0.25749801536428224,1297860,f4d62ad7513e0a9d,True,location-k4-fold1-seed0,1
persistence,CoPx_R,all,MAE,0.33124992955473637,1297860,f4d62ad7513e0a9d,True,location-k4-fold1-seed0,1
persistence,CoPx_R,all,SS_vs_persistence,3.883449117836335e-12,1297860,f4d62ad7513e0a9d,True,location-k4-fold1-seed0,1
persistence,CoPx_R,all,SS_vs_seasonal,0.023185369177633253,1297860,f4d62ad7513e0a9d,True,location-k4-fold1-seed0,1
persistence,CoPx_R,all,SS_vs_ar,-0.8063112930181422,1297860,f4d62ad7513e0a9d,True,location-k4-fold1-seed0,1
persistence,CoPy_R,1,MSE,0.12715350464588093,1297860,f4d62ad7513e0a9d,True,location-k4-fold1-seed0,1
persistence,CoPy_R,1,MAE,0.23629019445839353,1297860,f4d62ad7513e0a9d,True,location-k4-fold1-seed0,1
persistence,CoPy_R,1,SS_vs_persistence,7.864597861839684e-12,1297860,f4d62ad7513e0a9d,True,location-k4-fold1-seed0,1
persistence,CoPy_R,1,SS_vs_seasonal,0.1771395054234013,1297860,f4d62ad7513e0a9d,True,location-k4-fold1-seed0,1
persistence,CoPy_R,1,SS_vs_ar,-0.5786527392769736,1297860,f4d62ad7513e0a9d,True,location-k4-fold1-seed0,1
persistence,CoPy_R,2,MSE,0.14440159383000067,1297860,f4d62ad7513e0a9d,True,location-k4-fold1-seed0,1
persistence,CoPy_R,2,MAE,0.2645153387113184,1297860,f4d62ad7513e0a9d,True,location-k4-fold1-seed0,1
persistence,CoPy_R,2,SS_vs_persistence,6.9251271384018764e-12,1297860,f4d62ad7513e0a9d,True,location-k4-fold1-seed0,1
persistence,CoPy_R,2,SS_vs_seasonal,0.08500645310144572,1297860,f4d62ad7513e0a9d,True,location-k4-fold1-seed0,1
persistence,CoPy_R,2,SS_vs_ar,-0.7038415229817832,1297860,f4d62ad7513e0a9d,True,location-k4-fold1-seed0,1
persistence,CoPy_R,3,MSE,0.14831175034093153,1297860,f4d62ad7513e0a9d,True,location-k4-fold1-seed0,1
persistence,CoPy_R,3,MAE,0.2674367200265308,1297860,f4d62ad7513e0a9d,True,location-k4-fold1-seed0,1
persistence,CoPy_R,3,SS_vs_persistence,6.742606473153501e-12,1297860,f4d62ad7513e0a9d,True,location-k4-fold1-seed0,1
persistence,CoPy_R,3,SS_vs_seasonal,0.06665886726864179,1297860,f4d62ad7513e0a9d,True,location-k4-fold1-seed0,1
persistence,CoPy_R,3,SS_vs_ar,-0.7185919682334208,1297860,f4d62ad7513e0a9d,True,location-k4-fold1-seed0,1
persistence,CoPy_R,4,MSE,0.15104221747412713,1297860,f4d62ad7513e0a9d,True,location-k4-fold1-seed0,1
persistence,CoPy_R,4,MAE,0.27072318808275814,1297860,f4d62ad7513e0a9d,True,location-k4-fold1-seed0,1
persistence,CoPy_R,4,SS_vs_persistence,6.6207039850496585e-12,1297860,f4d62ad7513e0a9d,True,location-k4-fold1-seed0,1
persistence,CoPy_R,4,SS_vs_seasonal,0.05063183855869735,1297860,f4d62ad7513e0a9d,True,location-k4-fold1-seed0,1
persistence,CoPy_R,4,SS_vs_ar,-0.7281386003433632,1297860,f4d62ad7513e0a9d,True,location-k4-fold1-seed0,1
persistence,CoPy_R,5,MSE,0.15499123326342895,1297860,f4d62ad7513e0a9d,True,location-k4-fold1-seed0,1
persistence,CoPy_R,5,MAE,0.27697988617390934,1297860,f4d62ad7513e0a9d,True,location-k4-fold1-seed0,1
persistence,CoPy_R,5,SS_vs_persistence,6.452061107609097e-12,1297860,f4d62ad7513e0a9d,True,location-k4-fold1-seed0,1
persistence,CoPy_R,5,SS_vs_seasonal,0.026741132417809288,1297860,f4d62ad7513e0a9d,True,location-k4-fold1-seed0,1
persistence,CoPy_R,5,SS_vs_ar,-0.7492408342270764,1297860,f4d62ad7513e0a9d,True,location-k4-fold1-seed0,1
persistence,CoPy_R,6,MSE,0.1551394853456989,1297860,f4d62ad7513e0a9d,True,location-k4-fold1-seed0,1
persistence,CoPy_R,6,MAE,0.27633786869797977,1297860,f4d62ad7513e0a9d,True,location-k4-fold1-seed0,1
persistence,CoPy_R,6,SS_vs_persistence,6.445843858671196e-12,1297860,f4d62ad7513e0a9d,True,location-k4-fold1-seed0,1
persistence,CoPy_R,6,SS_vs_seasonal,0.02470682093259724,1297860,f4d62ad7513e0a9d,True,location-k4-fold1-seed0,1
persistence,CoPy_R,6,SS_vs_ar,-0.7379777611275382,1297860,f4d62ad7513e0a9d,True,location-k4-fold1-seed0,1
persistence,CoPy_R,7,MSE,0.1602343181239557,1297860,f4d62ad7513e0a9d,True,location-k4-fold1-seed0,1
persistence,CoPy_R,7,MAE,0.2832105345189501,1297860,f4d62ad7513e0a9d,True,location-k4-fold1-seed0,1
persistence,CoPy_R,7,SS_vs_persistence,6.2408966883253925e-12,1297860,f4d62ad7513e0a9d,True,location-k4-fold1-seed0,1
persistence,CoPy_R,7,SS_vs_seasonal,-0.0034382486946884505,1297860,f4d62ad7513e0a9d,True,location-k4-fold1-seed0,1
persistence,CoPy_R,7,SS_vs_ar,-0.7785481076188494,1297860,f4d62ad7513e0a9d,True,location-k4-fold1-seed0,1
persistence,CoPy_R,8,MSE,0.15972753902704626,1297860,f4d62ad7513e0a9d,True,location-k4-fold1-seed0,1
persistence,CoPy_R,8,MAE,0.2815457138890952,1297860,f4d62ad7513e0a9d,True,location-k4-fold1-seed0,1
persistence,CoPy_R,8,SS_vs_persistence,6.26065865816372e-12,1297860,f4d62ad7513e0a9d,True,location-k4-fold1-seed0,1
persistence,CoPy_R,8,SS_vs_seasonal,-0.007670308721394736,1297860,f4d62ad7513e0a9d,True,location-k4-fold1-seed0,1
persistence,CoPy_R,8,SS_vs_ar,-0.7657124192562954,1297860,f4d62ad7513e0a9d,True,location-k4-fold1-seed0,1
persistence,CoPy_R,9,MSE,0.15686997801792507,1297860,f4d62ad7513e0a9d,True,location-k4-fold1-seed0,1
persistence,CoPy_R,9,MAE,0.2748986907477116,1297860,f4d62ad7513e0a9d,True,location-k4-fold1-seed0,1
persistence,CoPy_R,9,SS_vs_persistence,6.374789585095186e-12,1297860,f4d62ad7513e0a9d,True,location-k4-fold1-seed0,1
persistence,CoPy_R,9,SS_vs_seasonal,0.0018984697812900464,1297860,f4d62ad7513e0a9d,True,location-k4-fold1-seed0,1
persistence,CoPy_R,9,SS_vs_ar,-0.7254059185796096,1297860,f4d62ad7513e0a9d,True,location-k4-fold1-seed0,1
persistence,CoPy_R,10,MSE,0.1621656167291734,1297860,f4d62ad7513e0a9d,True,location-k4-fold1-seed0,1
persistence,CoPy_R,10,MAE,0.28161383819241315,1297860,f4d62ad7513e0a9d,True,location-k4-fold1-seed0,1
persistence,CoPy_R,10,SS_vs_persistence,6.1666227679779695e-12,1297860,f4d62ad7513e0a9d,True,location-k4-fold1-seed0,1
persistence,CoPy_R,10,SS_vs_seasonal,0.05008636862233362,1297860,f4d62ad7513e0a9d,True,location-k4-fold1-seed0,1
persistence,CoPy_R,10,SS_vs_ar,-0.7667183393851549,1297860,f4d62ad7513e0a9d,True,location-k4-fold1-seed0,1
persistence,CoPy_R,11,MSE,0.16720076891774452,1297860,f4d62ad7513e0a9d,True,location-k4-fold1-seed0,1
persistence,CoPy_R,11,MAE,0.28871257335503997,1297860,f4d62ad7513e0a9d,True,location-k4-fold1-seed0,1
persistence,CoPy_R,11,SS_vs_persistence,5.980882455958181e-12,1297860,f4d62ad7513e0a9d,True,location-k4-fold1-seed0,1
persistence,CoPy_R,11,SS_vs_seasonal,0.029149459352879936,1297860,f4d62ad7513e0a9d,True,location-k4-fold1-seed0,1
persistence,CoPy_R,11,SS_vs_ar,-0.8118797193414524,1297860,f4d62ad7513e0a9d,True,location-k4-fold1-seed0,1
persistence,CoPy_R,12,MSE,0.16628278145395112,1297860,f4d62ad7513e0a9d,True,location-k4-fold1-seed0,1
persistence,CoPy_R,12,MAE,0.28700718173776224,1297860,f4d62ad7513e0a9d,True,location-k4-fold1-seed0,1
persistence,CoPy_R,12,SS_vs_persistence,6.013856079789548e-12,1297860,f4d62ad7513e0a9d,True,location-k4-fold1-seed0,1
persistence,CoPy_R,12,SS_vs_seasonal,0.03135432985849573,1297860,f4d62ad7513e0a9d,True,location-k4-fold1-seed0,1
persistence,CoPy_R,12,SS_vs_ar,-0.8012394679730599,1297860,f4d62ad7513e0a9d,True,location-k4-fold1-seed0,1
persistence,CoPy_R,13,MSE,0.16647983743929198,1297860,f4d62ad7513e0a9d,True,location-k4-fold1-seed0,1
persistence,CoPy_R,13,MAE,0.286024387247511,1297860,f4d62ad7513e0a9d,True,location-k4-fold1-seed0,1
persistence,CoPy_R,13,SS_vs_persistence,6.006750652431947e-12,1297860,f4d62ad7513e0a9d,True,location-k4-fold1-seed0,1
persistence,CoPy_R,13,SS_vs_seasonal,0.023320976124866277,1297860,f4d62ad7513e0a9d,True,location-k4-fold1-seed0,1
persistence,CoPy_R,13,SS_vs_ar,-0.7985438299795558,1297860,f4d62ad7513e0a9d,True,location-k4-fold1-seed0,1
persistence,CoPy_R,14,MSE,0.16242747884358835,1297860,f4d62ad7513e0a9d,True,location-k4-fold1-seed0,1
persistence,CoPy_R,14,MAE,0.28316687555841336,1297860,f4d62ad7513e0a9d,True,location-k4-fold1-seed0,1
persistence,CoPy_R,14,SS_vs_persistence,6.156630760756343e-12,1297860,f4d62ad7513e0a9d,True,location-k4-fold1-seed0,1
persistence,CoPy_R,14,SS_vs_seasonal,0.04269548036572535,1297860,f4d62ad7513e0a9d,True,location-k4-fold1-seed0,1
persistence,CoPy_R,14,SS_vs_ar,-0.7511597551002422,1297860,f4d62ad7513e0a9d,True,location-k4-fold1-seed0,1
persistence,CoPy_R,15,MSE,0.15964069210565232,1297860,f4d62ad7513e0a9d,True,location-k4-fold1-seed0,1
persistence,CoPy_R,15,MAE,0.28185699448146784,1297860,f4d62ad7513e0a9d,True,location-k4-fold1-seed0,1
persistence,CoPy_R,15,SS_vs_persistence,6.264100349540058e-12,1297860,f4d62ad7513e0a9d,True,location-k4-fold1-seed0,1
persistence,CoPy_R,15,SS_vs_seasonal,0.05093136520068342,1297860,f4d62ad7513e0a9d,True,location-k4-fold1-seed0,1
persistence,CoPy_R,15,SS_vs_ar,-0.7137653789437015,1297860,f4d62ad7513e0a9d,True,location-k4-fold1-seed0,1
persistence,CoPy_R,16,MSE,0.16289171997355964,1297860,f4d62ad7513e0a9d,True,location-k4-fold1-seed0,1
persistence,CoPy_R,16,MAE,0.2859295245714111,1297860,f4d62ad7513e0a9d,True,location-k4-fold1-seed0,1
persistence,CoPy_R,16,SS_vs_persistence,6.139089236967266e-12,1297860,f4d62ad7513e0a9d,True,location-k4-fold1-seed0,1
persistence,CoPy_R,16,SS_vs_seasonal,0.033818022955991345,1297860,f4d62ad7513e0a9d,True,location-k4-fold1-seed0,1
persistence,CoPy_R,16,SS_vs_ar,-0.7325096506429243,1297860,f4d62ad7513e0a9d,True,location-k4-fold1-seed0,1
persistence,CoPy_R,17,MSE,0.16547633548838925,1297860,f4d62ad7513e0a9d,True,location-k4-fold1-seed0,1
persistence,CoPy_R,17,MAE,0.2878130615636414,1297860,f4d62ad7513e0a9d,True,location-k4-fold1-seed0,1
persistence,CoPy_R,17,SS_vs_persistence,6.043165967639652e-12,1297860,f4d62ad7513e0a9d,True,location-k4-fold1-seed0,1
persistence,CoPy_R,17,SS_vs_seasonal,0.02178157366752631,1297860,f4d62ad7513e0a9d,True,location-k4-fold1-seed0,1
persistence,CoPy_R,17,SS_vs_ar,-0.7496386192700562,1297860,f4d62ad7513e0a9d,True,location-k4-fold1-seed0,1
persistence,CoPy_R,18,MSE,0.1701684934719216,1297860,f4d62ad7513e0a9d,True,location-k4-fold1-seed0,1
persistence,CoPy_R,18,MAE,0.2900540826821701,1297860,f4d62ad7513e0a9d,True,location-k4-fold1-seed0,1
persistence,CoPy_R,18,SS_vs_persistence,5.876521491643416e-12,1297860,f4d62ad7513e0a9d,True,location-k4-fold1-seed0,1
persistence,CoPy_R,18,SS_vs_seasonal,0.0009392186670781344,1297860,f4d62ad7513e0a9d,True,location-k4-fold1-seed0,1
persistence,CoPy_R,18,SS_vs_ar,-0.785318316316544,1297860,f4d62ad7513e0a9d,True,location-k4-fold1-seed0,1
persistence,CoPy_R,19,MSE,0.17144640637598507,1297860,f4d62ad7513e0a9d,True,location-k4-fold1-seed0,1
persistence,CoPy_R,19,MAE,0.29004734033463664,1297860,f4d62ad7513e0a9d,True,location-k4-fold1-seed0,1
persistence,CoPy_R,19,SS_vs_persistence,5.832778704473185e-12,1297860,f4d62ad7513e0a9d,True,location-k4-fold1-seed0,1
persistence,CoPy_R,19,SS_vs_seasonal,0.02588092281234744,1297860,f4d62ad7513e0a9d,True,location-k4-fold1-seed0,1
persistence,CoPy_R,19,SS_vs_ar,-0.7923479845117452,1297860,f4d62ad7513e0a9d,True,location-k4-fold1-seed0,1
persistence,CoPy_R,20,MSE,0.1707022006567582,1297860,f4d62ad7513e0a9d,True,location-k4-fold1-seed0,1
persistence,CoPy_R,20,MAE,0.2905828984854034,1297860,f4d62ad7513e0a9d,True,location-k4-fold1-seed0,1
persistence,CoPy_R,20,SS_vs_persistence,5.858202811737101e-12,1297860,f4d62ad7513e0a9d,True,location-k4-fold1-seed0,1
persistence,CoPy_R,20,SS_vs_seasonal,0.028274966403535662,1297860,f4d62ad7513e0a9d,True,location-k4-fold1-seed0,1
persistence,CoPy_R,20,SS_vs_ar,-0.7850719942207738,1297860,f4d62ad7513e0a9d,True,location-k4-fold1-seed0,1
persistence,CoPy_R,21,MSE,0.1727990433765987,1297860,f4d62ad7513e0a9d,True,location-k4-fold1-seed0,1
persistence,CoPy_R,21,MAE,0.29434297392670333,1297860,f4d62ad7513e0a9d,True,location-k4-fold1-seed0,1
persistence,CoPy_R,21,SS_vs_persistence,5.787148538161091e-12,1297860,f4d62ad7513e0a9d,True,location-k4-fold1-seed0,1
persistence,CoPy_R,21,SS_vs_seasonal,0.01906126812462916,1297860,f4d62ad7513e0a9d,True,location-k4-fold1-seed0,1
persistence,CoPy_R,21,SS_vs_ar,-0.8055435677043539,1297860,f4d62ad7513e0a9d,True,location-k4-fold1-seed0,1
persistence,CoPy_R,22,MSE,0.17137417862946952,1297860,f4d62ad7513e0a9d,True,location-k4-fold1-seed0,1
persistence,CoPy_R,22,MAE,0.29137837331261673,1297860,f4d62ad7513e0a9d,True,location-k4-fold1-seed0,1
persistence,CoPy_R,22,SS_vs_persistence,5.83522119512736e-12,1297860,f4d62ad7513e0a9d,True,location-k4-fold1-seed0,1
persistence,CoPy_R,22,SS_vs_seasonal,0.02941365158414233,1297860,f4d62ad7513e0a9d,True,location-k4-fold1-seed0,1
persistence,CoPy_R,22,SS_vs_ar,-0.788605483988531,1297860,f4d62ad7513e0a9d,True,location-k4-fold1-seed0,1
persistence,CoPy_R,23,MSE,0.16910696857863786,1297860,f4d62ad7513e0a9d,True,location-k4-fold1-seed0,1
persistence,CoPy_R,23,MAE,0.2884931309109034,1297860,f4d62ad7513e0a9d,True,location-k4-fold1-seed0,1
persistence,CoPy_R,23,SS_vs_persistence,5.913491918363434e-12,1297860,f4d62ad7513e0a9d,True,location-k4-fold1-seed0,1
persistence,CoPy_R,23,SS_vs_seasonal,0.03384684331578358,1297860,f4d62ad7513e0a9d,True,location-k4-fold1-seed0,1
persistence,CoPy_R,23,SS_vs_ar,-0.7598826613379097,1297860,f4d62ad7513e0a9d,True,location-k4-fold1-seed0,1
persistence,CoPy_R,24,MSE,0.16933192072441206,1297860,f4d62ad7513e0a9d,True,location-k4-fold1-seed0,1
persistence,CoPy_R,24,MAE,0.29178380228732026,1297860,f4d62ad7513e0a9d,True,location-k4-fold1-seed0,1
persistence,CoPy_R,24,SS_vs_persistence,5.905609334888595e-12,1297860,f4d62ad7513e0a9d,True,location-k4-fold1-seed0,1
persistence,CoPy_R,24,SS_vs_seasonal,0.027530019204773493,1297860,f4d62ad7513e0a9d,True,location-k4-fold1-seed0,1
persistence,CoPy_R,24,SS_vs_ar,-0.7586571241914362,1297860,f4d62ad7513e0a9d,True,location-k4-fold1-seed0,1
persistence,CoPy_R,25,MSE,0.17227057304831062,1297860,f4d62ad7513e0a9d,True,location-k4-fold1-seed0,1
persistence,CoPy_R,25,MAE,0.29592001646453175,1297860,f4d62ad7513e0a9d,True,location-k4-fold1-seed0,1
persistence,CoPy_R,25,SS_vs_persistence,5.804801084252631e-12,1297860,f4d62ad7513e0a9d,True,location-k4-fold1-seed0,1
persistence,CoPy_R,25,SS_vs_seasonal,0.014570405047765411,1297860,f4d62ad7513e0a9d,True,location-k4-fold1-seed0,1
persistence,CoPy_R,25,SS_vs_ar,-0.7788103850998922,1297860,f4d62ad7513e0a9d,True,location-k4-fold1-seed0,1
persistence,CoPy_R,26,MSE,0.17583710865873836,1297860,f4d62ad7513e0a9d,True,location-k4-fold1-seed0,1
persistence,CoPy_R,26,MAE,0.29963568542084035,1297860,f4d62ad7513e0a9d,True,location-k4-fold1-seed0,1
persistence,CoPy_R,26,SS_vs_persistence,5.687117443642364e-12,1297860,f4d62ad7513e0a9d,True,location-k4-fold1-seed0,1
persistence,CoPy_R,26,SS_vs_seasonal,-0.004077002022054632,1297860,f4d62ad7513e0a9d,True,location-k4-fold1-seed0,1
persistence,CoPy_R,26,SS_vs_ar,-0.8089117617603057,1297860,f4d62ad7513e0a9d,True,location-k4-fold1-seed0,1
persistence,CoPy_R,27,MSE,0.17560934293325414,1297860,f4d62ad7513e0a9d,True,location-k4-fold1-seed0,1
persistence,CoPy_R,27,MAE,0.29841669912274116,1297860,f4d62ad7513e0a9d,True,location-k4-fold1-seed0,1
persistence,CoPy_R,27,SS_vs_persistence,5.6944449156048904e-12,1297860,f4d62ad7513e0a9d,True,location-k4-fold1-seed0,1
persistence,CoPy_R,27,SS_vs_seasonal,-0.00031330395428130764,1297860,f4d62ad7513e0a9d,True,location-k4-fold1-seed0,1
persistence,CoPy_R,27,SS_vs_ar,-0.8043551301807947,1297860,f4d62ad7513e0a9d,True,location-k4-fold1-seed0,1
persistence,CoPy_R,28,MSE,0.17625493184728194,1297860,f4d62ad7513e0a9d,True,location-k4-fold1-seed0,1
persistence,CoPy_R,28,MAE,0.2963740711772488,1297860,f4d62ad7513e0a9d,True,location-k4-fold1-seed0,1
persistence,CoPy_R,28,SS_vs_persistence,5.6736837450444e-12,1297860,f4d62ad7513e0a9d,True,location-k4-fold1-seed0,1
persistence,CoPy_R,28,SS_vs_seasonal,0.019480979086384242,1297860,f4d62ad7513e0a9d,True,location-k4-fold1-seed0,1
persistence,CoPy_R,28,SS_vs_ar,-0.8103256616475836,1297860,f4d62ad7513e0a9d,True,location-k4-fold1-seed0,1
persistence,CoPy_R,29,MSE,0.17303746425214786,1297860,f4d62ad7513e0a9d,True,location-k4-fold1-seed0,1
persistence,CoPy_R,29,MAE,0.2939382525042833,1297860,f4d62ad7513e0a9d,True,location-k4-fold1-seed0,1
persistence,CoPy_R,29,SS_vs_persistence,5.77915493238379e-12,1297860,f4d62ad7513e0a9d,True,location-k4-fold1-seed0,1
persistence,CoPy_R,29,SS_vs_seasonal,0.02926395485679001,1297860,f4d62ad7513e0a9d,True,location-k4-fold1-seed0,1
persistence,CoPy_R,29,SS_vs_ar,-0.7763641230554246,1297860,f4d62ad7513e0a9d,True,location-k4-fold1-seed0,1
persistence,CoPy_R,30,MSE,0.170024163553769,1297860,f4d62ad7513e0a9d,True,location-k4-fold1-seed0,1
persistence,CoPy_R,30,MAE,0.29057860089918913,1297860,f4d62ad7513e0a9d,True,location-k4-fold1-seed0,1
persistence,CoPy_R,30,SS_vs_persistence,5.881517495254229e-12,1297860,f4d62ad7513e0a9d,True,location-k4-fold1-seed0,1
persistence,CoPy_R,30,SS_vs_seasonal,0.042000513796688455,1297860,f4d62ad7513e0a9d,True,location-k4-fold1-seed0,1
persistence,CoPy_R,30,SS_vs_ar,-0.742789930798694,1297860,f4d62ad7513e0a9d,True,location-k4-fold1-seed0,1
persistence,CoPy_R,all,MSE,0.1636133215710668,1297860,f4d62ad7513e0a9d,True,location-k4-fold1-seed0,1
persistence,CoPy_R,all,MAE,0.2841869499847629,1297860,f4d62ad7513e0a9d,True,location-k4-fold1-seed0,1
persistence,CoPy_R,all,SS_vs_persistence,6.111999795166412e-12,1297860,f4d62ad7513e0a9d,True,location-k4-fold1-seed0,1
persistence,CoPy_R,all,SS_vs_seasonal,0.03179464451002845,1297860,f4d62ad7513e0a9d,True,location-k4-fold1-seed0,1
persistence,CoPy_R,all,SS_vs_ar,-0.7618157095740268,1297860,f4d62ad7513e0a9d,True,location-k4-fold1-seed0,1
seasonal,F_R,1,MSE,110121.36979354291,1297860,f4d62ad7513e0a9d,True,location-k4-fold1-seed0,1
seasonal,F_R,1,MAE,171.7129351563132,1297860,f4d62ad7513e0a9d,True,location-k4-fold1-seed0,1
seasonal,F_R,1,SS_vs_persistence,-0.1941530361868229,1297860,f4d62ad7513e0a9d,True,location-k4-fold1-seed0,1
seasonal,F_R,1,SS_vs_seasonal,0.0,1297860,f4d62ad7513e0a9d,True,location-k4-fold1-seed0,1
seasonal,F_R,1,SS_vs_ar,-0.8354542560071136,1297860,f4d62ad7513e0a9d,True,location-k4-fold1-seed0,1
seasonal,F_R,2,MSE,111597.62844558005,1297860,f4d62ad7513e0a9d,True,location-k4-fold1-seed0,1
seasonal,F_R,2,MAE,173.8279636917936,1297860,f4d62ad7513e0a9d,True,location-k4-fold1-seed0,1
seasonal,F_R,2,SS_vs_persistence,-0.05762847148003147,1297860,f4d62ad7513e0a9d,True,location-k4-fold1-seed0,1
seasonal,F_R,2,SS_vs_seasonal,0.0,1297860,f4d62ad7513e0a9d,True,location-k4-fold1-seed0,1
seasonal,F_R,2,SS_vs_ar,-0.7341591489930912,1297860,f4d62ad7513e0a9d,True,location-k4-fold1-seed0,1
seasonal,F_R,3,MSE,111215.33870378221,1297860,f4d62ad7513e0a9d,True,location-k4-fold1-seed0,1
seasonal,F_R,3,MAE,173.73953856688246,1297860,f4d62ad7513e0a9d,True,location-k4-fold1-seed0,1
seasonal,F_R,3,SS_vs_persistence,-0.049284021452175475,1297860,f4d62ad7513e0a9d,True,location-k4-fold1-seed0,1
seasonal,F_R,3,SS_vs_seasonal,0.0,1297860,f4d62ad7513e0a9d,True,location-k4-fold1-seed0,1
seasonal,F_R,3,SS_vs_ar,-0.7048034669425367,1297860,f4d62ad7513e0a9d,True,location-k4-fold1-seed0,1
seasonal,F_R,4,MSE,111287.00690012645,1297860,f4d62ad7513e0a9d,True,location-k4-fold1-seed0,1
seasonal,F_R,4,MAE,174.76906792908434,1297860,f4d62ad7513e0a9d,True,location-k4-fold1-seed0,1
seasonal,F_R,4,SS_vs_persistence,-0.028167615354385722,1297860,f4d62ad7513e0a9d,True,location-k4-fold1-seed0,1
seasonal,F_R,4,SS_vs_seasonal,0.0,1297860,f4d62ad7513e0a9d,True,location-k4-fold1-seed0,1
seasonal,F_R,4,SS_vs_ar,-0.6805610006045073,1297860,f4d62ad7513e0a9d,True,location-k4-fold1-seed0,1
seasonal,F_R,5,MSE,111341.34918674962,1297860,f4d62ad7513e0a9d,True,location-k4-fold1-seed0,1
seasonal,F_R,5,MAE,175.08867390997548,1297860,f4d62ad7513e0a9d,True,location-k4-fold1-seed0,1
seasonal,F_R,5,SS_vs_persistence,-0.00014338772486244267,1297860,f4d62ad7513e0a9d,True,location-k4-fold1-seed0,1
seasonal,F_R,5,SS_vs_seasonal,0.0,1297860,f4d62ad7513e0a9d,True,location-k4-fold1-seed0,1
seasonal,F_R,5,SS_vs_ar,-0.6584297461971675,1297860,f4d62ad7513e0a9d,True,location-k4-fold1-seed0,1
seasonal,F_R,6,MSE,110458.03642330295,1297860,f4d62ad7513e0a9d,True,location-k4-fold1-seed0,1
seasonal,F_R,6,MAE,174.47921823329906,1297860,f4d62ad7513e0a9d,True,location-k4-fold1-seed0,1
seasonal,F_R,6,SS_vs_persistence,-0.020329665800533414,1297860,f4d62ad7513e0a9d,True,location-k4-fold1-seed0,1
seasonal,F_R,6,SS_vs_seasonal,0.0,1297860,f4d62ad7513e0a9d,True,location-k4-fold1-seed0,1
seasonal,F_R,6,SS_vs_ar,-0.6479787981476846,1297860,f4d62ad7513e0a9d,True,location-k4-fold1-seed0,1
seasonal,F_R,7,MSE,109560.43315763042,1297860,f4d62ad7513e0a9d,True,location-k4-fold1-seed0,1
seasonal,F_R,7,MAE,174.2020829356685,1297860,f4d62ad7513e0a9d,True,location-k4-fold1-seed0,1
seasonal,F_R,7,SS_vs_persistence,0.0015643960789154532,1297860,f4d62ad7513e0a9d,True,location-k4-fold1-seed0,1
seasonal,F_R,7,SS_vs_seasonal,0.0,1297860,f4d62ad7513e0a9d,True,location-k4-fold1-seed0,1
seasonal,F_R,7,SS_vs_ar,-0.63369498484829,1297860,f4d62ad7513e0a9d,True,location-k4-fold1-seed0,1
seasonal,F_R,8,MSE,109606.1556549181,1297860,f4d62ad7513e0a9d,True,location-k4-fold1-seed0,1
seasonal,F_R,8,MAE,173.72748496578623,1297860,f4d62ad7513e0a9d,True,location-k4-fold1-seed0,1
seasonal,F_R,8,SS_vs_persistence,0.009751656017497279,1297860,f4d62ad7513e0a9d,True,location-k4-fold1-seed0,1
seasonal,F_R,8,SS_vs_seasonal,0.0,1297860,f4d62ad7513e0a9d,True,location-k4-fold1-seed0,1
seasonal,F_R,8,SS_vs_ar,-0.6194704673595155,1297860,f4d62ad7513e0a9d,True,location-k4-fold1-seed0,1
seasonal,F_R,9,MSE,107267.46631288683,1297860,f4d62ad7513e0a9d,True,location-k4-fold1-seed0,1
seasonal,F_R,9,MAE,172.0681474632851,1297860,f4d62ad7513e0a9d,True,location-k4-fold1-seed0,1
seasonal,F_R,9,SS_vs_persistence,-0.00027614289763766564,1297860,f4d62ad7513e0a9d,True,location-k4-fold1-seed0,1
seasonal,F_R,9,SS_vs_seasonal,0.0,1297860,f4d62ad7513e0a9d,True,location-k4-fold1-seed0,1
seasonal,F_R,9,SS_vs_ar,-0.5783345479923006,1297860,f4d62ad7513e0a9d,True,location-k4-fold1-seed0,1
seasonal,F_R,10,MSE,118036.5067079061,1297860,f4d62ad7513e0a9d,True,location-k4-fold1-seed0,1
seasonal,F_R,10,MAE,182.2937953529783,1297860,f4d62ad7513e0a9d,True,location-k4-fold1-seed0,1
seasonal,F_R,10,SS_vs_persistence,-0.10022610402012821,1297860,f4d62ad7513e0a9d,True,location-k4-fold1-seed0,1
seasonal,F_R,10,SS_vs_seasonal,0.0,1297860,f4d62ad7513e0a9d,True,location-k4-fold1-seed0,1
seasonal,F_R,10,SS_vs_ar,-0.7134784363384334,1297860,f4d62ad7513e0a9d,True,location-k4-fold1-seed0,1
seasonal,F_R,11,MSE,118414.16262075398,1297860,f4d62ad7513e0a9d,True,location-k4-fold1-seed0,1
seasonal,F_R,11,MAE,182.4833432008388,1297860,f4d62ad7513e0a9d,True,location-k4-fold1-seed0,1
seasonal,F_R,11,SS_vs_persistence,-0.06107425089702945,1297860,f4d62ad7513e0a9d,True,location-k4-fold1-seed0,1
seasonal,F_R,11,SS_vs_seasonal,0.0,1297860,f4d62ad7513e0a9d,True,location-k4-fold1-seed0,1
seasonal,F_R,11,SS_vs_ar,-0.6835454008270487,1297860,f4d62ad7513e0a9d,True,location-k4-fold1-seed0,1
seasonal,F_R,12,MSE,118327.46478132073,1297860,f4d62ad7513e0a9d,True,location-k4-fold1-seed0,1
seasonal,F_R,12,MAE,182.85101793807752,1297860,f4d62ad7513e0a9d,True,location-k4-fold1-seed0,1
seasonal,F_R,12,SS_vs_persistence,-0.04722917249874703,1297860,f4d62ad7513e0a9d,True,location-k4-fold1-seed0,1
seasonal,F_R,12,SS_vs_seasonal,0.0,1297860,f4d62ad7513e0a9d,True,location-k4-fold1-seed0,1
seasonal,F_R,12,SS_vs_ar,-0.6624208005080394,1297860,f4d62ad7513e0a9d,True,location-k4-fold1-seed0,1
seasonal,F_R,13,MSE,118609.7218960728,1297860,f4d62ad7513e0a9d,True,location-k4-fold1-seed0,1
seasonal,F_R,13,MAE,182.6825918716375,1297860,f4d62ad7513e0a9d,True,location-k4-fold1-seed0,1
seasonal,F_R,13,SS_vs_persistence,-0.048038182676268804,1297860,f4d62ad7513e0a9d,True,location-k4-fold1-seed0,1
seasonal,F_R,13,SS_vs_seasonal,0.0,1297860,f4d62ad7513e0a9d,True,location-k4-fold1-seed0,1
seasonal,F_R,13,SS_vs_ar,-0.6502956188633418,1297860,f4d62ad7513e0a9d,True,location-k4-fold1-seed0,1
seasonal,F_R,14,MSE,118520.54260715099,1297860,f4d62ad7513e0a9d,True,location-k4-fold1-seed0,1
seasonal,F_R,14,MAE,182.87021078734296,1297860,f4d62ad7513e0a9d,True,location-k4-fold1-seed0,1
seasonal,F_R,14,SS_vs_persistence,-0.0391688272792321,1297860,f4d62ad7513e0a9d,True,location-k4-fold1-seed0,1
seasonal,F_R,14,SS_vs_seasonal,0.0,1297860,f4d62ad7513e0a9d,True,location-k4-fold1-seed0,1
seasonal,F_R,14,SS_vs_ar,-0.6355570683185248,1297860,f4d62ad7513e0a9d,True,location-k4-fold1-seed0,1
seasonal,F_R,15,MSE,117999.92981601521,1297860,f4d62ad7513e0a9d,True,location-k4-fold1-seed0,1
seasonal,F_R,15,MAE,183.24746415305472,1297860,f4d62ad7513e0a9d,True,location-k4-fold1-seed0,1
seasonal,F_R,15,SS_vs_persistence,-0.049692232442559936,1297860,f4d62ad7513e0a9d,True,location-k4-fold1-seed0,1
seasonal,F_R,15,SS_vs_seasonal,0.0,1297860,f4d62ad7513e0a9d,True,location-k4-fold1-seed0,1
seasonal,F_R,15,SS_vs_ar,-0.6271610571932371,1297860,f4d62ad7513e0a9d,True,location-k4-fold1-seed0,1
seasonal,F_R,16,MSE,118934.2975846688,1297860,f4d62ad7513e0a9d,True,location-k4-fold1-seed0,1
seasonal,F_R,16,MAE,183.96783025428638,1297860,f4d62ad7513e0a9d,True,location-k4-fold1-seed0,1
seasonal,F_R,16,SS_vs_persistence,-0.015330860610141661,1297860,f4d62ad7513e0a9d,True,location-k4-fold1-seed0,1
seasonal,F_R,16,SS_vs_seasonal,0.0,1297860,f4d62ad7513e0a9d,True,location-k4-fold1-seed0,1
seasonal,F_R,16,SS_vs_ar,-0.6031026511041278,1297860,f4d62ad7513e0a9d,True,location-k4-fold1-seed0,1
seasonal,F_R,17,MSE,119509.43640913887,1297860,f4d62ad7513e0a9d,True,location-k4-fold1-seed0,1
seasonal,F_R,17,MAE,184.06088174866943,1297860,f4d62ad7513e0a9d,True,location-k4-fold1-seed0,1
seasonal,F_R,17,SS_vs_persistence,-0.02779595679813407,1297860,f4d62ad7513e0a9d,True,location-k4-fold1-seed0,1
seasonal,F_R,17,SS_vs_seasonal,0.0,1297860,f4d62ad7513e0a9d,True,location-k4-fold1-seed0,1
seasonal,F_R,17,SS_vs_ar,-0.6022867001772605,1297860,f4d62ad7513e0a9d,True,location-k4-fold1-seed0,1
seasonal,F_R,18,MSE,116527.50495421946,1297860,f4d62ad7513e0a9d,True,location-k4-fold1-seed0,1
seasonal,F_R,18,MAE,182.64843976860828,1297860,f4d62ad7513e0a9d,True,location-k4-fold1-seed0,1
seasonal,F_R,18,SS_vs_persistence,0.001035836082435182,1297860,f4d62ad7513e0a9d,True,location-k4-fold1-seed0,1
seasonal,F_R,18,SS_vs_seasonal,0.0,1297860,f4d62ad7513e0a9d,True,location-k4-fold1-seed0,1
seasonal,F_R,18,SS_vs_ar,-0.5537922534053119,1297860,f4d62ad7513e0a9d,True,location-k4-fold1-seed0,1
seasonal,F_R,19,MSE,125002.52025345736,1297860,f4d62ad7513e0a9d,True,location-k4-fold1-seed0,1
seasonal,F_R,19,MAE,191.2781861598733,1297860,f4d62ad7513e0a9d,True,location-k4-fold1-seed0,1
seasonal,F_R,19,SS_vs_persistence,-0.07502028898833313,1297860,f4d62ad7513e0a9d,True,location-k4-fold1-seed0,1
seasonal,F_R,19,SS_vs_seasonal,0.0,1297860,f4d62ad7513e0a9d,True,location-k4-fold1-seed0,1
seasonal,F_R,19,SS_vs_ar,-0.6530410288747797,1297860,f4d62ad7513e0a9d,True,location-k4-fold1-seed0,1
seasonal,F_R,20,MSE,124765.45274187597,1297860,f4d62ad7513e0a9d,True,location-k4-fold1-seed0,1
seasonal,F_R,20,MAE,190.9761735804065,1297860,f4d62ad7513e0a9d,True,location-k4-fold1-seed0,1
seasonal,F_R,20,SS_vs_persistence,-0.08810749944402474,1297860,f4d62ad7513e0a9d,True,location-k4-fold1-seed0,1
seasonal,F_R,20,SS_vs_seasonal,0.0,1297860,f4d62ad7513e0a9d,True,location-k4-fold1-seed0,1
seasonal,F_R,20,SS_vs_ar,-0.6333410764999678,1297860,f4d62ad7513e0a9d,True,location-k4-fold1-seed0,1
seasonal,F_R,21,MSE,124447.56355763035,1297860,f4d62ad7513e0a9d,True,location-k4-fold1-seed0,1
seasonal,F_R,21,MAE,190.93778414036495,1297860,f4d62ad7513e0a9d,True,location-k4-fold1-seed0,1
seasonal,F_R,21,SS_vs_persistence,-0.08568654469557746,1297860,f4d62ad7513e0a9d,True,location-k4-fold1-seed0,1
seasonal,F_R,21,SS_vs_seasonal,0.0,1297860,f4d62ad7513e0a9d,True,location-k4-fold1-seed0,1
seasonal,F_R,21,SS_vs_ar,-0.610034727029168,1297860,f4d62ad7513e0a9d,True,location-k4-fold1-seed0,1
seasonal,F_R,22,MSE,123760.14281579241,1297860,f4d62ad7513e0a9d,True,location-k4-fold1-seed0,1
seasonal,F_R,22,MAE,190.82512610301765,1297860,f4d62ad7513e0a9d,True,location-k4-fold1-seed0,1
seasonal,F_R,22,SS_vs_persistence,-0.05945698465772131,1297860,f4d62ad7513e0a9d,True,location-k4-fold1-seed0,1
seasonal,F_R,22,SS_vs_seasonal,0.0,1297860,f4d62ad7513e0a9d,True,location-k4-fold1-seed0,1
seasonal,F_R,22,SS_vs_ar,-0.5888081494237016,1297860,f4d62ad7513e0a9d,True,location-k4-fold1-seed0,1
seasonal,F_R,23,MSE,123958.49058309471,1297860,f4d62ad7513e0a9d,True,location-k4-fold1-seed0,1
seasonal,F_R,23,MAE,191.36114287225402,1297860,f4d62ad7513e0a9d,True,location-k4-fold1-seed0,1
seasonal,F_R,23,SS_vs_persistence,-0.07110651581362326,1297860,f4d62ad7513e0a9d,True,location-k4-fold1-seed0,1
seasonal,F_R,23,SS_vs_seasonal,0.0,1297860,f4d62ad7513e0a9d,True,location-k4-fold1-seed0,1
seasonal,F_R,23,SS_vs_ar,-0.5783335590083216,1297860,f4d62ad7513e0a9d,True,location-k4-fold1-seed0,1
seasonal,F_R,24,MSE,123979.00000287319,1297860,f4d62ad7513e0a9d,True,location-k4-fold1-seed0,1
seasonal,F_R,24,MAE,191.74859017846566,1297860,f4d62ad7513e0a9d,True,location-k4-fold1-seed0,1
seasonal,F_R,24,SS_vs_persistence,-0.05170761684793068,1297860,f4d62ad7513e0a9d,True,location-k4-fold1-seed0,1
seasonal,F_R,24,SS_vs_seasonal,0.0,1297860,f4d62ad7513e0a9d,True,location-k4-fold1-seed0,1
seasonal,F_R,24,SS_vs_ar,-0.5545132546029727,1297860,f4d62ad7513e0a9d,True,location-k4-fold1-seed0,1
seasonal,F_R,25,MSE,124015.20067765248,1297860,f4d62ad7513e0a9d,True,location-k4-fold1-seed0,1
seasonal,F_R,25,MAE,191.6525210569737,1297860,f4d62ad7513e0a9d,True,location-k4-fold1-seed0,1
seasonal,F_R,25,SS_vs_persistence,-0.041878577474638856,1297860,f4d62ad7513e0a9d,True,location-k4-fold1-seed0,1
seasonal,F_R,25,SS_vs_seasonal,0.0,1297860,f4d62ad7513e0a9d,True,location-k4-fold1-seed0,1
seasonal,F_R,25,SS_vs_ar,-0.5364504933544918,1297860,f4d62ad7513e0a9d,True,location-k4-fold1-seed0,1
seasonal,F_R,26,MSE,125101.48129653442,1297860,f4d62ad7513e0a9d,True,location-k4-fold1-seed0,1
seasonal,F_R,26,MAE,192.49459471347004,1297860,f4d62ad7513e0a9d,True,location-k4-fold1-seed0,1
seasonal,F_R,26,SS_vs_persistence,-0.023661361439980766,1297860,f4d62ad7513e0a9d,True,location-k4-fold1-seed0,1
seasonal,F_R,26,SS_vs_seasonal,0.0,1297860,f4d62ad7513e0a9d,True,location-k4-fold1-seed0,1
seasonal,F_R,26,SS_vs_ar,-0.5283865485178609,1297860,f4d62ad7513e0a9d,True,location-k4-fold1-seed0,1
seasonal,F_R,27,MSE,122447.82615291986,1297860,f4d62ad7513e0a9d,True,location-k4-fold1-seed0,1
seasonal,F_R,27,MAE,191.54831864749954,1297860,f4d62ad7513e0a9d,True,location-k4-fold1-seed0,1
seasonal,F_R,27,SS_vs_persistence,0.0016111672523920761,1297860,f4d62ad7513e0a9d,True,location-k4-fold1-seed0,1
seasonal,F_R,27,SS_vs_seasonal,0.0,1297860,f4d62ad7513e0a9d,True,location-k4-fold1-seed0,1
seasonal,F_R,27,SS_vs_ar,-0.5074899238659518,1297860,f4d62ad7513e0a9d,True,location-k4-fold1-seed0,1
seasonal,F_R,28,MSE,124342.93315499452,1297860,f4d62ad7513e0a9d,True,location-k4-fold1-seed0,1
seasonal,F_R,28,MAE,191.24465508553806,1297860,f4d62ad7513e0a9d,True,location-k4-fold1-seed0,1
seasonal,F_R,28,SS_vs_persistence,-0.0311777104229769,1297860,f4d62ad7513e0a9d,True,location-k4-fold1-seed0,1
seasonal,F_R,28,SS_vs_seasonal,0.0,1297860,f4d62ad7513e0a9d,True,location-k4-fold1-seed0,1
seasonal,F_R,28,SS_vs_ar,-0.5350656214931502,1297860,f4d62ad7513e0a9d,True,location-k4-fold1-seed0,1
seasonal,F_R,29,MSE,124236.64545508058,1297860,f4d62ad7513e0a9d,True,location-k4-fold1-seed0,1
seasonal,F_R,29,MAE,190.69463918609287,1297860,f4d62ad7513e0a9d,True,location-k4-fold1-seed0,1
seasonal,F_R,29,SS_vs_persistence,-0.04243397297931617,1297860,f4d62ad7513e0a9d,True,location-k4-fold1-seed0,1
seasonal,F_R,29,SS_vs_seasonal,0.0,1297860,f4d62ad7513e0a9d,True,location-k4-fold1-seed0,1
seasonal,F_R,29,SS_vs_ar,-0.5355927540177938,1297860,f4d62ad7513e0a9d,True,location-k4-fold1-seed0,1
seasonal,F_R,30,MSE,124141.1797050322,1297860,f4d62ad7513e0a9d,True,location-k4-fold1-seed0,1
seasonal,F_R,30,MAE,190.58533171951387,1297860,f4d62ad7513e0a9d,True,location-k4-fold1-seed0,1
seasonal,F_R,30,SS_vs_persistence,-0.06491530567472448,1297860,f4d62ad7513e0a9d,True,location-k4-fold1-seed0,1
seasonal,F_R,30,SS_vs_seasonal,0.0,1297860,f4d62ad7513e0a9d,True,location-k4-fold1-seed0,1
seasonal,F_R,30,SS_vs_ar,-0.5332372266338896,1297860,f4d62ad7513e0a9d,True,location-k4-fold1-seed0,1
seasonal,F_R,all,MSE,118251.0929451664,1297860,f4d62ad7513e0a9d,True,location-k4-fold1-seed0,1
seasonal,F_R,all,MAE,183.53559171236842,1297860,f4d62ad7513e0a9d,True,location-k4-fold1-seed0,1
seasonal,F_R,all,SS_vs_persistence,-0.04431438488911188,1297860,f4d62ad7513e0a9d,True,location-k4-fold1-seed0,1
seasonal,F_R,all,SS_vs_seasonal,0.0,1297860,f4d62ad7513e0a9d,True,location-k4-fold1-seed0,1
seasonal,F_R,all,SS_vs_ar,-0.6155561008800639,1297860,f4d62ad7513e0a9d,True,location-k4-fold1-seed0,1
seasonal,CoPx_R,1,MSE,0.240621808147643,1297860,f4d62ad7513e0a9d,True,location-k4-fold1-seed0,1
seasonal,CoPx_R,1,MAE,0.3135803973943265,1297860,f4d62ad7513e0a9d,True,location-k4-fold1-seed0,1
seasonal,CoPx_R,1,SS_vs_persistence,-0.12469063954589488,1297860,f4d62ad7513e0a9d,True,location-k4-fold1-seed0,1
seasonal,CoPx_R,1,SS_vs_seasonal,4.1558978480793485e-12,1297860,f4d62ad7513e0a9d,True,location-k4-fold1-seed0,1
seasonal,CoPx_R,1,SS_vs_ar,-0.8607013776401156,1297860,f4d62ad7513e0a9d,True,location-k4-fold1-seed0,1
seasonal,CoPx_R,2,MSE,0.24610612893791933,1297860,f4d62ad7513e0a9d,True,location-k4-fold1-seed0,1
seasonal,CoPx_R,2,MAE,0.3198111911734806,1297860,f4d62ad7513e0a9d,True,location-k4-fold1-seed0,1
seasonal,CoPx_R,2,SS_vs_persistence,-0.017599219037327973,1297860,f4d62ad7513e0a9d,True,location-k4-fold1-seed0,1
seasonal,CoPx_R,2,SS_vs_seasonal,4.0633052478256104e-12,1297860,f4d62ad7513e0a9d,True,location-k4-fold1-seed0,1
seasonal,CoPx_R,2,SS_vs_ar,-0.8366836577249521,1297860,f4d62ad7513e0a9d,True,location-k4-fold1-seed0,1
seasonal,CoPx_R,3,MSE,0.24511921840839895,1297860,f4d62ad7513e0a9d,True,location-k4-fold1-seed0,1
seasonal,CoPx_R,3,MAE,0.31878175773748085,1297860,f4d62ad7513e0a9d,True,location-k4-fold1-seed0,1
seasonal,CoPx_R,3,SS_vs_persistence,-0.01921406970735018,1297860,f4d62ad7513e0a9d,True,location-k4-fold1-seed0,1
seasonal,CoPx_R,3,SS_vs_seasonal,4.0796255262876e-12,1297860,f4d62ad7513e0a9d,True,location-k4-fold1-seed0,1
seasonal,CoPx_R,3,SS_vs_ar,-0.8162198590672616,1297860,f4d62ad7513e0a9d,True,location-k4-fold1-seed0,1
seasonal,CoPx_R,4,MSE,0.2472491716649011,1297860,f4d62ad7513e0a9d,True,location-k4-fold1-seed0,1
seasonal,CoPx_R,4,MAE,0.3210581137340391,1297860,f4d62ad7513e0a9d,True,location-k4-fold1-seed0,1
seasonal,CoPx_R,4,SS_vs_persistence,0.001069295140598392,1297860,f4d62ad7513e0a9d,True,location-k4-fold1-seed0,1
seasonal,CoPx_R,4,SS_vs_seasonal,4.044542478709445e-12,1297860,f4d62ad7513e0a9d,True,location-k4-fold1-seed0,1
seasonal,CoPx_R,4,SS_vs_ar,-0.8084310065443758,1297860,f4d62ad7513e0a9d,True,location-k4-fold1-seed0,1
seasonal,CoPx_R,5,MSE,0.24914713097365,1297860,f4d62ad7513e0a9d,True,location-k4-fold1-seed0,1
seasonal,CoPx_R,5,MAE,0.3233737754455183,1297860,f4d62ad7513e0a9d,True,location-k4-fold1-seed0,1
seasonal,CoPx_R,5,SS_vs_persistence,0.04168799207244267,1297860,f4d62ad7513e0a9d,True,location-k4-fold1-seed0,1
seasonal,CoPx_R,5,SS_vs_seasonal,4.013678278624866e-12,1297860,f4d62ad7513e0a9d,True,location-k4-fold1-seed0,1
seasonal,CoPx_R,5,SS_vs_ar,-0.8108544482127962,1297860,f4d62ad7513e0a9d,True,location-k4-fold1-seed0,1
seasonal,CoPx_R,6,MSE,0.24755499306487116,1297860,f4d62ad7513e0a9d,True,location-k4-fold1-seed0,1
seasonal,CoPx_R,6,MAE,0.32169635011664816,1297860,f4d62ad7513e0a9d,True,location-k4-fold1-seed0,1
seasonal,CoPx_R,6,SS_vs_persistence,0.0303852135149697,1297860,f4d62ad7513e0a9d,True,location-k4-fold1-seed0,1
seasonal,CoPx_R,6,SS_vs_seasonal,4.039546475098632e-12,1297860,f4d62ad7513e0a9d,True,location-k4-fold1-seed0,1
seasonal,CoPx_R,6,SS_vs_ar,-0.802833050576794,1297860,f4d62ad7513e0a9d,True,location-k4-fold1-seed0,1
seasonal,CoPx_R,7,MSE,0.24719942152784477,1297860,f4d62ad7513e0a9d,True,location-k4-fold1-seed0,1
seasonal,CoPx_R,7,MAE,0.3211379410598629,1297860,f4d62ad7513e0a9d,True,location-k4-fold1-seed0,1
seasonal,CoPx_R,7,SS_vs_persistence,0.03845908900799733,1297860,f4d62ad7513e0a9d,True,location-k4-fold1-seed0,1
seasonal,CoPx_R,7,SS_vs_seasonal,4.045319634826683e-12,1297860,f4d62ad7513e0a9d,True,location-k4-fold1-seed0,1
seasonal,CoPx_R,7,SS_vs_ar,-0.8029942268965613,1297860,f4d62ad7513e0a9d,True,location-k4-fold1-seed0,1
seasonal,CoPx_R,8,MSE,0.24694459918589445,1297860,f4d62ad7513e0a9d,True,location-k4-fold1-seed0,1
seasonal,CoPx_R,8,MAE,0.32096808621468176,1297860,f4d62ad7513e0a9d,True,location-k4-fold1-seed0,1
seasonal,CoPx_R,8,SS_vs_persistence,0.025910202767186585,1297860,f4d62ad7513e0a9d,True,location-k4-fold1-seed0,1
seasonal,CoPx_R,8,SS_vs_seasonal,4.0495384823202585e-12,1297860,f4d62ad7513e0a9d,True,location-k4-fold1-seed0,1
seasonal,CoPx_R,8,SS_vs_ar,-0.7997168660363188,1297860,f4d62ad7513e0a9d,True,location-k4-fold1-seed0,1
seasonal,CoPx_R,9,MSE,0.2434174973632964,1297860,f4d62ad7513e0a9d,True,location-k4-fold1-seed0,1
seasonal,CoPx_R,9,MAE,0.31768930050967514,1297860,f4d62ad7513e0a9d,True,location-k4-fold1-seed0,1
seasonal,CoPx_R,9,SS_vs_persistence,-0.002169488934094188,1297860,f4d62ad7513e0a9d,True,location-k4-fold1-seed0,1
seasonal,CoPx_R,9,SS_vs_seasonal,4.108158258020467e-12,1297860,f4d62ad7513e0a9d,True,location-k4-fold1-seed0,1
seasonal,CoPx_R,9,SS_vs_ar,-0.7693062090070388,1297860,f4d62ad7513e0a9d,True,location-k4-fold1-seed0,1
seasonal,CoPx_R,10,MSE,0.2595116021474507,1297860,f4d62ad7513e0a9d,True,location-k4-fold1-seed0,1
seasonal,CoPx_R,10,MAE,0.33393673999559276,1297860,f4d62ad7513e0a9d,True,location-k4-fold1-seed0,1
seasonal,CoPx_R,10,SS_vs_persistence,-0.076025698849435,1297860,f4d62ad7513e0a9d,True,location-k4-fold1-seed0,1
seasonal,CoPx_R,10,SS_vs_seasonal,3.853362073868993e-12,1297860,f4d62ad7513e0a9d,True,location-k4-fold1-seed0,1
seasonal,CoPx_R,10,SS_vs_ar,-0.8678559867783813,1297860,f4d62ad7513e0a9d,True,location-k4-fold1-seed0,1
seasonal,CoPx_R,11,MSE,0.26138488643873414,1297860,f4d62ad7513e0a9d,True,location-k4-fold1-seed0,1
seasonal,CoPx_R,11,MAE,0.33575098361641975,1297860,f4d62ad7513e0a9d,True,location-k4-fold1-seed0,1
seasonal,CoPx_R,11,SS_vs_persistence,-0.06638658704584888,1297860,f4d62ad7513e0a9d,True,location-k4-fold1-seed0,1
seasonal,CoPx_R,11,SS_vs_seasonal,3.825717520555827e-12,1297860,f4d62ad7513e0a9d,True,location-k4-fold1-seed0,1
seasonal,CoPx_R,11,SS_vs_ar,-0.8559558378763574,1297860,f4d62ad7513e0a9d,True,location-k4-fold1-seed0,1
seasonal,CoPx_R,12,MSE,0.26206379812225855,1297860,f4d62ad7513e0a9d,True,location-k4-fold1-seed0,1
seasonal,CoPx_R,12,MAE,0.33688172349979767,1297860,f4d62ad7513e0a9d,True,location-k4-fold1-seed0,1
seasonal,CoPx_R,12,SS_vs_persistence,-0.026183686305440546,1297860,f4d62ad7513e0a9d,True,location-k4-fold1-seed0,1
seasonal,CoPx_R,12,SS_vs_seasonal,3.8157255133342005e-12,1297860,f4d62ad7513e0a9d,True,location-k4-fold1-seed0,1
seasonal,CoPx_R,12,SS_vs_ar,-0.8436486505376493,1297860,f4d62ad7513e0a9d,True,location-k4-fold1-seed0,1
seasonal,CoPx_R,13,MSE,0.2615156331522164,1297860,f4d62ad7513e0a9d,True,location-k4-fold1-seed0,1
seasonal,CoPx_R,13,MAE,0.3360203679593556,1297860,f4d62ad7513e0a9d,True,location-k4-fold1-seed0,1
seasonal,CoPx_R,13,SS_vs_persistence,-0.014602125332687566,1297860,f4d62ad7513e0a9d,True,location-k4-fold1-seed0,1
seasonal,CoPx_R,13,SS_vs_seasonal,3.823830141413964e-12,1297860,f4d62ad7513e0a9d,True,location-k4-fold1-seed0,1
seasonal,CoPx_R,13,SS_vs_ar,-0.836564659778426,1297860,f4d62ad7513e0a9d,True,location-k4-fold1-seed0,1
seasonal,CoPx_R,14,MSE,0.2615844744482594,1297860,f4d62ad7513e0a9d,True,location-k4-fold1-seed0,1
seasonal,CoPx_R,14,MAE,0.3365991926717039,1297860,f4d62ad7513e0a9d,True,location-k4-fold1-seed0,1
seasonal,CoPx_R,14,SS_vs_persistence,-0.018199046385256157,1297860,f4d62ad7513e0a9d,True,location-k4-fold1-seed0,1
seasonal,CoPx_R,14,SS_vs_seasonal,3.822719918389339e-12,1297860,f4d62ad7513e0a9d,True,location-k4-fold1-seed0,1
seasonal,CoPx_R,14,SS_vs_ar,-0.8299540729289105,1297860,f4d62ad7513e0a9d,True,location-k4-fold1-seed0,1
seasonal,CoPx_R,15,MSE,0.2640672794986928,1297860,f4d62ad7513e0a9d,True,location-k4-fold1-seed0,1
seasonal,CoPx_R,15,MAE,0.3383670670673695,1297860,f4d62ad7513e0a9d,True,location-k4-fold1-seed0,1
seasonal,CoPx_R,15,SS_vs_persistence,0.010126464757493125,1297860,f4d62ad7513e0a9d,True,location-k4-fold1-seed0,1
seasonal,CoPx_R,15,SS_vs_seasonal,3.7868597146939464e-12,1297860,f4d62ad7513e0a9d,True,location-k4-fold1-seed0,1
seasonal,CoPx_R,15,SS_vs_ar,-0.8359487617348333,1297860,f4d62ad7513e0a9d,True,location-k4-fold1-seed0,1
seasonal,CoPx_R,16,MSE,0.26439449168515367,1297860,f4d62ad7513e0a9d,True,location-k4-fold1-seed0,1
seasonal,CoPx_R,16,MAE,0.33894038061105536,1297860,f4d62ad7513e0a9d,True,location-k4-fold1-seed0,1
seasonal,CoPx_R,16,SS_vs_persistence,0.035254255400926526,1297860,f4d62ad7513e0a9d,True,location-k4-fold1-seed0,1
seasonal,CoPx_R,16,SS_vs_seasonal,3.782196777990521e-12,1297860,f4d62ad7513e0a9d,True,location-k4-fold1-seed0,1
seasonal,CoPx_R,16,SS_vs_ar,-0.8345806214856923,1297860,f4d62ad7513e0a9d,True,location-k4-fold1-seed0,1
seasonal,CoPx_R,17,MSE,0.264841229892211,1297860,f4d62ad7513e0a9d,True,location-k4-fold1-seed0,1
seasonal,CoPx_R,17,MAE,0.3394280029097696,1297860,f4d62ad7513e0a9d,True,location-k4-fold1-seed0,1
seasonal,CoPx_R,17,SS_vs_persistence,0.013107183063523431,1297860,f4d62ad7513e0a9d,True,location-k4-fold1-seed0,1
seasonal,CoPx_R,17,SS_vs_seasonal,3.775757484447695e-12,1297860,f4d62ad7513e0a9d,True,location-k4-fold1-seed0,1
seasonal,CoPx_R,17,SS_vs_ar,-0.8388057272452834,1297860,f4d62ad7513e0a9d,True,location-k4-fold1-seed0,1
seasonal,CoPx_R,18,MSE,0.2634701731921839,1297860,f4d62ad7513e0a9d,True,location-k4-fold1-seed0,1
seasonal,CoPx_R,18,MAE,0.33799217338036525,1297860,f4d62ad7513e0a9d,True,location-k4-fold1-seed0,1
seasonal,CoPx_R,18,SS_vs_persistence,-0.0013304121842308003,1297860,f4d62ad7513e0a9d,True,location-k4-fold1-seed0,1
seasonal,CoPx_R,18,SS_vs_seasonal,3.79540843198356e-12,1297860,f4d62ad7513e0a9d,True,location-k4-fold1-seed0,1
seasonal,CoPx_R,18,SS_vs_ar,-0.8287350630447385,1297860,f4d62ad7513e0a9d,True,location-k4-fold1-seed0,1
seasonal,CoPx_R,19,MSE,0.27606930525223,1297860,f4d62ad7513e0a9d,True,location-k4-fold1-seed0,1
seasonal,CoPx_R,19,MAE,0.3514869373202948,1297860,f4d62ad7513e0a9d,True,location-k4-fold1-seed0,1
seasonal,CoPx_R,19,SS_vs_persistence,-0.06607349435835541,1297860,f4d62ad7513e0a9d,True,location-k4-fold1-seed0,1
seasonal,CoPx_R,19,SS_vs_seasonal,3.6222136401420357e-12,1297860,f4d62ad7513e0a9d,True,location-k4-fold1-seed0,1
seasonal,CoPx_R,19,SS_vs_ar,-0.9102551707315223,1297860,f4d62ad7513e0a9d,True,location-k4-fold1-seed0,1
seasonal,CoPx_R,20,MSE,0.2757112872819478,1297860,f4d62ad7513e0a9d,True,location-k4-fold1-seed0,1
seasonal,CoPx_R,20,MAE,0.351107935136318,1297860,f4d62ad7513e0a9d,True,location-k4-fold1-seed0,1
seasonal,CoPx_R,20,SS_vs_persistence,-0.08623500797149641,1297860,f4d62ad7513e0a9d,True,location-k4-fold1-seed0,1
seasonal,CoPx_R,20,SS_vs_seasonal,3.6268765768454614e-12,1297860,f4d62ad7513e0a9d,True,location-k4-fold1-seed0,1
seasonal,CoPx_R,20,SS_vs_ar,-0.9028486449407784,1297860,f4d62ad7513e0a9d,True,location-k4-fold1-seed0,1
seasonal,CoPx_R,21,MSE,0.2756759201870458,1297860,f4d62ad7513e0a9d,True,location-k4-fold1-seed0,1
seasonal,CoPx_R,21,MAE,0.3512669455001576,1297860,f4d62ad7513e0a9d,True,location-k4-fold1-seed0,1
seasonal,CoPx_R,21,SS_vs_persistence,-0.08282809171909822,1297860,f4d62ad7513e0a9d,True,location-k4-fold1-seed0,1
seasonal,CoPx_R,21,SS_vs_seasonal,3.6273206660553114e-12,1297860,f4d62ad7513e0a9d,True,location-k4-fold1-seed0,1
seasonal,CoPx_R,21,SS_vs_ar,-0.8920105929466506,1297860,f4d62ad7513e0a9d,True,location-k4-fold1-seed0,1
seasonal,CoPx_R,22,MSE,0.2769058716433011,1297860,f4d62ad7513e0a9d,True,location-k4-fold1-seed0,1
seasonal,CoPx_R,22,MAE,0.3523397446086008,1297860,f4d62ad7513e0a9d,True,location-k4-fold1-seed0,1
seasonal,CoPx_R,22,SS_vs_persistence,-0.07987601215723927,1297860,f4d62ad7513e0a9d,True,location-k4-fold1-seed0,1
seasonal,CoPx_R,22,SS_vs_seasonal,3.6112224321982467e-12,1297860,f4d62ad7513e0a9d,True,location-k4-fold1-seed0,1
seasonal,CoPx_R,22,SS_vs_ar,-0.8860334801921654,1297860,f4d62ad7513e0a9d,True,location-k4-fold1-seed0,1
seasonal,CoPx_R,23,MSE,0.27675604260802944,1297860,f4d62ad7513e0a9d,True,location-k4-fold1-seed0,1
seasonal,CoPx_R,23,MAE,0.3522364202872167,1297860,f4d62ad7513e0a9d,True,location-k4-fold1-seed0,1
seasonal,CoPx_R,23,SS_vs_persistence,-0.07097711637831239,1297860,f4d62ad7513e0a9d,True,location-k4-fold1-seed0,1
seasonal,CoPx_R,23,SS_vs_seasonal,3.613220833642572e-12,1297860,f4d62ad7513e0a9d,True,location-k4-fold1-seed0,1
seasonal,CoPx_R,23,SS_vs_ar,-0.8732950948563614,1297860,f4d62ad7513e0a9d,True,location-k4-fold1-seed0,1
seasonal,CoPx_R,24,MSE,0.279996189180495,1297860,f4d62ad7513e0a9d,True,location-k4-fold1-seed0,1
seasonal,CoPx_R,24,MAE,0.3551569425429729,1297860,f4d62ad7513e0a9d,True,location-k4-fold1-seed0,1
seasonal,CoPx_R,24,SS_vs_persistence,-0.04673628922846196,1297860,f4d62ad7513e0a9d,True,location-k4-fold1-seed0,1
seasonal,CoPx_R,24,SS_vs_seasonal,3.5713654256142036e-12,1297860,f4d62ad7513e0a9d,True,location-k4-fold1-seed0,1
seasonal,CoPx_R,24,SS_vs_ar,-0.881024836022823,1297860,f4d62ad7513e0a9d,True,location-k4-fold1-seed0,1
seasonal,CoPx_R,25,MSE,0.27922789155420896,1297860,f4d62ad7513e0a9d,True,location-k4-fold1-seed0,1
seasonal,CoPx_R,25,MAE,0.35477242397415243,1297860,f4d62ad7513e0a9d,True,location-k4-fold1-seed0,1
seasonal,CoPx_R,25,SS_vs_persistence,-0.027509478610804772,1297860,f4d62ad7513e0a9d,True,location-k4-fold1-seed0,1
seasonal,CoPx_R,25,SS_vs_seasonal,3.5812464105333675e-12,1297860,f4d62ad7513e0a9d,True,location-k4-fold1-seed0,1
seasonal,CoPx_R,25,SS_vs_ar,-0.8715526774724032,1297860,f4d62ad7513e0a9d,True,location-k4-fold1-seed0,1
seasonal,CoPx_R,26,MSE,0.28099519515496574,1297860,f4d62ad7513e0a9d,True,location-k4-fold1-seed0,1
seasonal,CoPx_R,26,MAE,0.3559631612898566,1297860,f4d62ad7513e0a9d,True,location-k4-fold1-seed0,1
seasonal,CoPx_R,26,SS_vs_persistence,-0.01170171087961469,1297860,f4d62ad7513e0a9d,True,location-k4-fold1-seed0,1
seasonal,CoPx_R,26,SS_vs_seasonal,3.5587088831334768e-12,1297860,f4d62ad7513e0a9d,True,location-k4-fold1-seed0,1
seasonal,CoPx_R,26,SS_vs_ar,-0.8810857638257867,1297860,f4d62ad7513e0a9d,True,location-k4-fold1-seed0,1
seasonal,CoPx_R,27,MSE,0.2812743867893996,1297860,f4d62ad7513e0a9d,True,location-k4-fold1-seed0,1
seasonal,CoPx_R,27,MAE,0.3560581184674233,1297860,f4d62ad7513e0a9d,True,location-k4-fold1-seed0,1
seasonal,CoPx_R,27,SS_vs_persistence,0.0018810786835241622,1297860,f4d62ad7513e0a9d,True,location-k4-fold1-seed0,1
seasonal,CoPx_R,27,SS_vs_seasonal,3.5551561694546763e-12,1297860,f4d62ad7513e0a9d,True,location-k4-fold1-seed0,1
seasonal,CoPx_R,27,SS_vs_ar,-0.8869906227989082,1297860,f4d62ad7513e0a9d,True,location-k4-fold1-seed0,1
seasonal,CoPx_R,28,MSE,0.2766144820666197,1297860,f4d62ad7513e0a9d,True,location-k4-fold1-seed0,1
seasonal,CoPx_R,28,MAE,0.35121461209588656,1297860,f4d62ad7513e0a9d,True,location-k4-fold1-seed0,1
seasonal,CoPx_R,28,SS_vs_persistence,-0.027704602560506775,1297860,f4d62ad7513e0a9d,True,location-k4-fold1-seed0,1
seasonal,CoPx_R,28,SS_vs_seasonal,3.6151082127844347e-12,1297860,f4d62ad7513e0a9d,True,location-k4-fold1-seed0,1
seasonal,CoPx_R,28,SS_vs_ar,-0.8652344014861268,1297860,f4d62ad7513e0a9d,True,location-k4-fold1-seed0,1
seasonal,CoPx_R,29,MSE,0.27505690604178623,1297860,f4d62ad7513e0a9d,True,location-k4-fold1-seed0,1
seasonal,CoPx_R,29,MAE,0.34992177813724235,1297860,f4d62ad7513e0a9d,True,location-k4-fold1-seed0,1
seasonal,CoPx_R,29,SS_vs_persistence,-0.039478889400317074,1297860,f4d62ad7513e0a9d,True,location-k4-fold1-seed0,1
seasonal,CoPx_R,29,SS_vs_seasonal,3.6355363164375376e-12,1297860,f4d62ad7513e0a9d,True,location-k4-fold1-seed0,1
seasonal,CoPx_R,29,SS_vs_ar,-0.8558240555206733,1297860,f4d62ad7513e0a9d,True,location-k4-fold1-seed0,1
seasonal,CoPx_R,30,MSE,0.27782023662962696,1297860,f4d62ad7513e0a9d,True,location-k4-fold1-seed0,1
seasonal,CoPx_R,30,MAE,0.3522322084053195,1297860,f4d62ad7513e0a9d,True,location-k4-fold1-seed0,1
seasonal,CoPx_R,30,SS_vs_persistence,-0.03301287571376732,1297860,f4d62ad7513e0a9d,True,location-k4-fold1-seed0,1
seasonal,CoPx_R,30,SS_vs_seasonal,3.5993430458347575e-12,1297860,f4d62ad7513e0a9d,True,location-k4-fold1-seed0,1
seasonal,CoPx_R,30,SS_vs_ar,-0.8662293059526083,1297860,f4d62ad7513e0a9d,True,location-k4-fold1-seed0,1
seasonal,CoPx_R,all,MSE,0.2636099084086419,1297860,f4d62ad7513e0a9d,True,location-k4-fold1-seed0,1
seasonal,CoPx_R,all,MAE,0.33819235909541995,1297860,f4d62ad7513e0a9d,True,location-k4-fold1-seed0,1
seasonal,CoPx_R,all,SS_vs_persistence,-0.02373568990304431,1297860,f4d62ad7513e0a9d,True,location-k4-fold1-seed0,1
seasonal,CoPx_R,all,SS_vs_seasonal,3.793410030539235e-12,1297860,f4d62ad7513e0a9d,True,location-k4-fold1-seed0,1
seasonal,CoPx_R,all,SS_vs_ar,-0.8491853377447689,1297860,f4d62ad7513e0a9d,True,location-k4-fold1-seed0,1
seasonal,CoPy_R,1,MSE,0.15452619913474477,1297860,f4d62ad7513e0a9d,True,location-k4-fold1-seed0,1
seasonal,CoPy_R,1,MAE,0.2715346874113895,1297860,f4d62ad7513e0a9d,True,location-k4-fold1-seed0,1
seasonal,CoPy_R,1,SS_vs_persistence,-0.2152728276257958,1297860,f4d62ad7513e0a9d,True,location-k4-fold1-seed0,1
seasonal,CoPy_R,1,SS_vs_seasonal,6.471378988237575e-12,1297860,f4d62ad7513e0a9d,True,location-k4-fold1-seed0,1
seasonal,CoPy_R,1,SS_vs_ar,-0.9184937783154241,1297860,f4d62ad7513e0a9d,True,location-k4-fold1-seed0,1
seasonal,CoPy_R,2,MSE,0.15781706255584724,1297860,f4d62ad7513e0a9d,True,location-k4-fold1-seed0,1
seasonal,CoPy_R,2,MAE,0.2768023065614357,1297860,f4d62ad7513e0a9d,True,location-k4-fold1-seed0,1
seasonal,CoPy_R,2,SS_vs_persistence,-0.09290388262990534,1297860,f4d62ad7513e0a9d,True,location-k4-fold1-seed0,1
seasonal,CoPy_R,2,SS_vs_seasonal,6.3364868907456184e-12,1297860,f4d62ad7513e0a9d,True,location-k4-fold1-seed0,1
seasonal,CoPy_R,2,SS_vs_ar,-0.8621350158657377,1297860,f4d62ad7513e0a9d,True,location-k4-fold1-seed0,1
seasonal,CoPy_R,3,MSE,0.1589041189109218,1297860,f4d62ad7513e0a9d,True,location-k4-fold1-seed0,1
seasonal,CoPy_R,3,MAE,0.27752851518498706,1297860,f4d62ad7513e0a9d,True,location-k4-fold1-seed0,1
seasonal,CoPy_R,3,SS_vs_persistence,-0.07141961809883335,1297860,f4d62ad7513e0a9d,True,location-k4-fold1-seed0,1
seasonal,CoPy_R,3,SS_vs_seasonal,6.293188192785237e-12,1297860,f4d62ad7513e0a9d,True,location-k4-fold1-seed0,1
seasonal,CoPy_R,3,SS_vs_ar,-0.8413331502847894,1297860,f4d62ad7513e0a9d,True,location-k4-fold1-seed0,1
seasonal,CoPy_R,4,MSE,0.15909762261657262,1297860,f4d62ad7513e0a9d,True,location-k4-fold1-seed0,1
seasonal,CoPy_R,4,MAE,0.27768045062479724,1297860,f4d62ad7513e0a9d,True,location-k4-fold1-seed0,1
seasonal,CoPy_R,4,SS_vs_persistence,-0.05333214300016498,1297860,f4d62ad7513e0a9d,True,location-k4-fold1-seed0,1
seasonal,CoPy_R,4,SS_vs_seasonal,6.285527653915324e-12,1297860,f4d62ad7513e0a9d,True,location-k4-fold1-seed0,1
seasonal,CoPy_R,4,SS_vs_ar,-0.8203039353130319,1297860,f4d62ad7513e0a9d,True,location-k4-fold1-seed0,1
seasonal,CoPy_R,5,MSE,0.159249751967317,1297860,f4d62ad7513e0a9d,True,location-k4-fold1-seed0,1
seasonal,CoPy_R,5,MAE,0.2782762670229251,1297860,f4d62ad7513e0a9d,True,location-k4-fold1-seed0,1
seasonal,CoPy_R,5,SS_vs_persistence,-0.02747586823586734,1297860,f4d62ad7513e0a9d,True,location-k4-fold1-seed0,1
seasonal,CoPy_R,5,SS_vs_seasonal,6.279532449582348e-12,1297860,f4d62ad7513e0a9d,True,location-k4-fold1-seed0,1
seasonal,CoPy_R,5,SS_vs_ar,-0.7973027449126946,1297860,f4d62ad7513e0a9d,True,location-k4-fold1-seed0,1
seasonal,CoPy_R,6,MSE,0.15906958920093286,1297860,f4d62ad7513e0a9d,True,location-k4-fold1-seed0,1
seasonal,CoPy_R,6,MAE,0.27773229440629976,1297860,f4d62ad7513e0a9d,True,location-k4-fold1-seed0,1
seasonal,CoPy_R,6,SS_vs_persistence,-0.02533271169136042,1297860,f4d62ad7513e0a9d,True,location-k4-fold1-seed0,1
seasonal,CoPy_R,6,SS_vs_seasonal,6.286637876939949e-12,1297860,f4d62ad7513e0a9d,True,location-k4-fold1-seed0,1
seasonal,CoPy_R,6,SS_vs_ar,-0.7820054506876648,1297860,f4d62ad7513e0a9d,True,location-k4-fold1-seed0,1
seasonal,CoPy_R,7,MSE,0.15968528041600097,1297860,f4d62ad7513e0a9d,True,location-k4-fold1-seed0,1
seasonal,CoPy_R,7,MAE,0.27862200401079007,1297860,f4d62ad7513e0a9d,True,location-k4-fold1-seed0,1
seasonal,CoPy_R,7,SS_vs_persistence,0.003426467659234933,1297860,f4d62ad7513e0a9d,True,location-k4-fold1-seed0,1
seasonal,CoPy_R,7,SS_vs_seasonal,6.262323992700658e-12,1297860,f4d62ad7513e0a9d,True,location-k4-fold1-seed0,1
seasonal,CoPy_R,7,SS_vs_ar,-0.7724539700587614,1297860,f4d62ad7513e0a9d,True,location-k4-fold1-seed0,1
seasonal,CoPy_R,8,MSE,0.15851170531035344,1297860,f4d62ad7513e0a9d,True,location-k4-fold1-seed0,1
seasonal,CoPy_R,8,MAE,0.27718271422407453,1297860,f4d62ad7513e0a9d,True,location-k4-fold1-seed0,1
seasonal,CoPy_R,8,SS_vs_persistence,0.0076119229350885,1297860,f4d62ad7513e0a9d,True,location-k4-fold1-seed0,1
seasonal,CoPy_R,8,SS_vs_seasonal,6.3087313151299895e-12,1297860,f4d62ad7513e0a9d,True,location-k4-fold1-seed0,1
seasonal,CoPy_R,8,SS_vs_ar,-0.7522719524063584,1297860,f4d62ad7513e0a9d,True,location-k4-fold1-seed0,1
seasonal,CoPy_R,9,MSE,0.1571683573940145,1297860,f4d62ad7513e0a9d,True,location-k4-fold1-seed0,1
seasonal,CoPy_R,9,MAE,0.275049030166951,1297860,f4d62ad7513e0a9d,True,location-k4-fold1-seed0,1
seasonal,CoPy_R,9,SS_vs_persistence,-0.0019020808114948995,1297860,f4d62ad7513e0a9d,True,location-k4-fold1-seed0,1
seasonal,CoPy_R,9,SS_vs_seasonal,6.362688154126772e-12,1297860,f4d62ad7513e0a9d,True,location-k4-fold1-seed0,1
seasonal,CoPy_R,9,SS_vs_ar,-0.7286877800803995,1297860,f4d62ad7513e0a9d,True,location-k4-fold1-seed0,1
seasonal,CoPy_R,10,MSE,0.17071616973538273,1297860,f4d62ad7513e0a9d,True,location-k4-fold1-seed0,1
seasonal,CoPy_R,10,MAE,0.29031918976774634,1297860,f4d62ad7513e0a9d,True,location-k4-fold1-seed0,1
seasonal,CoPy_R,10,SS_vs_persistence,-0.05272728694046491,1297860,f4d62ad7513e0a9d,True,location-k4-fold1-seed0,1
seasonal,CoPy_R,10,SS_vs_seasonal,5.857758722527251e-12,1297860,f4d62ad7513e0a9d,True,location-k4-fold1-seed0,1
seasonal,CoPy_R,10,SS_vs_ar,-0.8598726042203666,1297860,f4d62ad7513e0a9d,True,location-k4-fold1-seed0,1
seasonal,CoPy_R,11,MSE,0.1722209154926422,1297860,f4d62ad7513e0a9d,True,location-k4-fold1-seed0,1
seasonal,CoPy_R,11,MAE,0.29215358239495975,1297860,f4d62ad7513e0a9d,True,location-k4-fold1-seed0,1
seasonal,CoPy_R,11,SS_vs_persistence,-0.030024662005815106,1297860,f4d62ad7513e0a9d,True,location-k4-fold1-seed0,1
seasonal,CoPy_R,11,SS_vs_seasonal,5.806577441092031e-12,1297860,f4d62ad7513e0a9d,True,location-k4-fold1-seed0,1
seasonal,CoPy_R,11,SS_vs_ar,-0.8662807955210323,1297860,f4d62ad7513e0a9d,True,location-k4-fold1-seed0,1
seasonal,CoPy_R,12,MSE,0.1716652296899145,1297860,f4d62ad7513e0a9d,True,location-k4-fold1-seed0,1
seasonal,CoPy_R,12,MAE,0.2913697604565947,1297860,f4d62ad7513e0a9d,True,location-k4-fold1-seed0,1
seasonal,CoPy_R,12,SS_vs_persistence,-0.032369245858577145,1297860,f4d62ad7513e0a9d,True,location-k4-fold1-seed0,1
seasonal,CoPy_R,12,SS_vs_seasonal,5.825340210208196e-12,1297860,f4d62ad7513e0a9d,True,location-k4-fold1-seed0,1
seasonal,CoPy_R,12,SS_vs_ar,-0.8595442311732358,1297860,f4d62ad7513e0a9d,True,location-k4-fold1-seed0,1
seasonal,CoPy_R,13,MSE,0.17045501476808556,1297860,f4d62ad7513e0a9d,True,location-k4-fold1-seed0,1
seasonal,CoPy_R,13,MAE,0.2899818093883906,1297860,f4d62ad7513e0a9d,True,location-k4-fold1-seed0,1
seasonal,CoPy_R,13,SS_vs_persistence,-0.02387783042627767,1297860,f4d62ad7513e0a9d,True,location-k4-fold1-seed0,1
seasonal,CoPy_R,13,SS_vs_seasonal,5.866640506724252e-12,1297860,f4d62ad7513e0a9d,True,location-k4-fold1-seed0,1
seasonal,CoPy_R,13,SS_vs_ar,-0.8414891545770968,1297860,f4d62ad7513e0a9d,True,location-k4-fold1-seed0,1
seasonal,CoPy_R,14,MSE,0.16967169329220788,1297860,f4d62ad7513e0a9d,True,location-k4-fold1-seed0,1
seasonal,CoPy_R,14,MAE,0.2894852144117848,1297860,f4d62ad7513e0a9d,True,location-k4-fold1-seed0,1
seasonal,CoPy_R,14,SS_vs_persistence,-0.044599685343579276,1297860,f4d62ad7513e0a9d,True,location-k4-fold1-seed0,1
seasonal,CoPy_R,14,SS_vs_seasonal,5.893729948525106e-12,1297860,f4d62ad7513e0a9d,True,location-k4-fold1-seed0,1
seasonal,CoPy_R,14,SS_vs_ar,-0.8292609291753146,1297860,f4d62ad7513e0a9d,True,location-k4-fold1-seed0,1
seasonal,CoPy_R,15,MSE,0.1682077420443462,1297860,f4d62ad7513e0a9d,True,location-k4-fold1-seed0,1
seasonal,CoPy_R,15,MAE,0.2883762155061819,1297860,f4d62ad7513e0a9d,True,location-k4-fold1-seed0,1
seasonal,CoPy_R,15,SS_vs_persistence,-0.05366457526988433,1297860,f4d62ad7513e0a9d,True,location-k4-fold1-seed0,1
seasonal,CoPy_R,15,SS_vs_seasonal,5.945022252262788e-12,1297860,f4d62ad7513e0a9d,True,location-k4-fold1-seed0,1
seasonal,CoPy_R,15,SS_vs_ar,-0.8057338701282588,1297860,f4d62ad7513e0a9d,True,location-k4-fold1-seed0,1
seasonal,CoPy_R,16,MSE,0.16859320898424696,1297860,f4d62ad7513e0a9d,True,location-k4-fold1-seed0,1
seasonal,CoPy_R,16,MAE,0.2887804184822723,1297860,f4d62ad7513e0a9d,True,location-k4-fold1-seed0,1
seasonal,CoPy_R,16,SS_vs_persistence,-0.03500171163136945,1297860,f4d62ad7513e0a9d,True,location-k4-fold1-seed0,1
seasonal,CoPy_R,16,SS_vs_seasonal,5.931477531362361e-12,1297860,f4d62ad7513e0a9d,True,location-k4-fold1-seed0,1
seasonal,CoPy_R,16,SS_vs_ar,-0.7931504538443006,1297860,f4d62ad7513e0a9d,True,location-k4-fold1-seed0,1
seasonal,CoPy_R,17,MSE,0.16916092667341504,1297860,f4d62ad7513e0a9d,True,location-k4-fold1-seed0,1
seasonal,CoPy_R,17,MAE,0.28916634495983384,1297860,f4d62ad7513e0a9d,True,location-k4-fold1-seed0,1
seasonal,CoPy_R,17,SS_vs_persistence,-0.022266574692560992,1297860,f4d62ad7513e0a9d,True,location-k4-fold1-seed0,1
seasonal,CoPy_R,17,SS_vs_seasonal,5.911604539221571e-12,1297860,f4d62ad7513e0a9d,True,location-k4-fold1-seed0,1
seasonal,CoPy_R,17,SS_vs_ar,-0.788597078281831,1297860,f4d62ad7513e0a9d,True,location-k4-fold1-seed0,1
seasonal,CoPy_R,18,MSE,0.1703284691486818,1297860,f4d62ad7513e0a9d,True,location-k4-fold1-seed0,1
seasonal,CoPy_R,18,MAE,0.2901893293749205,1297860,f4d62ad7513e0a9d,True,location-k4-fold1-seed0,1
seasonal,CoPy_R,18,SS_vs_persistence,-0.0009401016163175235,1297860,f4d62ad7513e0a9d,True,location-k4-fold1-seed0,1
seasonal,CoPy_R,18,SS_vs_seasonal,5.871081398822753e-12,1297860,f4d62ad7513e0a9d,True,location-k4-fold1-seed0,1
seasonal,CoPy_R,18,SS_vs_ar,-0.7869966969618558,1297860,f4d62ad7513e0a9d,True,location-k4-fold1-seed0,1
seasonal,CoPy_R,19,MSE,0.17600148728222045,1297860,f4d62ad7513e0a9d,True,location-k4-fold1-seed0,1
seasonal,CoPy_R,19,MAE,0.29833855635068285,1297860,f4d62ad7513e0a9d,True,location-k4-fold1-seed0,1
seasonal,CoPy_R,19,SS_vs_persistence,-0.026568541163933368,1297860,f4d62ad7513e0a9d,True,location-k4-fold1-seed0,1
seasonal,CoPy_R,19,SS_vs_seasonal,5.681788373124164e-12,1297860,f4d62ad7513e0a9d,True,location-k4-fold1-seed0,1
seasonal,CoPy_R,19,SS_vs_ar,-0.8399680557290705,1297860,f4d62ad7513e0a9d,True,location-k4-fold1-seed0,1
seasonal,CoPy_R,20,MSE,0.17566924258809954,1297860,f4d62ad7513e0a9d,True,location-k4-fold1-seed0,1
seasonal,CoPy_R,20,MAE,0.2983758034702785,1297860,f4d62ad7513e0a9d,True,location-k4-fold1-seed0,1
seasonal,CoPy_R,20,SS_vs_persistence,-0.029097702965761973,1297860,f4d62ad7513e0a9d,True,location-k4-fold1-seed0,1
seasonal,CoPy_R,20,SS_vs_seasonal,5.692557536463028e-12,1297860,f4d62ad7513e0a9d,True,location-k4-fold1-seed0,1
seasonal,CoPy_R,20,SS_vs_ar,-0.8370134888918717,1297860,f4d62ad7513e0a9d,True,location-k4-fold1-seed0,1
seasonal,CoPy_R,21,MSE,0.17615681567110558,1297860,f4d62ad7513e0a9d,True,location-k4-fold1-seed0,1
seasonal,CoPy_R,21,MAE,0.2989141842696407,1297860,f4d62ad7513e0a9d,True,location-k4-fold1-seed0,1
seasonal,CoPy_R,21,SS_vs_persistence,-0.019431660198311995,1297860,f4d62ad7513e0a9d,True,location-k4-fold1-seed0,1
seasonal,CoPy_R,21,SS_vs_seasonal,5.6767923695133504e-12,1297860,f4d62ad7513e0a9d,True,location-k4-fold1-seed0,1
seasonal,CoPy_R,21,SS_vs_ar,-0.8406282767958846,1297860,f4d62ad7513e0a9d,True,location-k4-fold1-seed0,1
seasonal,CoPy_R,22,MSE,0.17656767881415936,1297860,f4d62ad7513e0a9d,True,location-k4-fold1-seed0,1
seasonal,CoPy_R,22,MAE,0.29926559864874364,1297860,f4d62ad7513e0a9d,True,location-k4-fold1-seed0,1
seasonal,CoPy_R,22,SS_vs_persistence,-0.030305033262265635,1297860,f4d62ad7513e0a9d,True,location-k4-fold1-seed0,1
seasonal,CoPy_R,22,SS_vs_seasonal,5.663580715520311e-12,1297860,f4d62ad7513e0a9d,True,location-k4-fold1-seed0,1
seasonal,CoPy_R,22,SS_vs_ar,-0.8428092326846273,1297860,f4d62ad7513e0a9d,True,location-k4-fold1-seed0,1
seasonal,CoPy_R,23,MSE,0.1750312229564486,1297860,f4d62ad7513e0a9d,True,location-k4-fold1-seed0,1
seasonal,CoPy_R,23,MAE,0.2973241004413828,1297860,f4d62ad7513e0a9d,True,location-k4-fold1-seed0,1
seasonal,CoPy_R,23,SS_vs_persistence,-0.035032585744808165,1297860,f4d62ad7513e0a9d,True,location-k4-fold1-seed0,1
seasonal,CoPy_R,23,SS_vs_seasonal,5.713318707023518e-12,1297860,f4d62ad7513e0a9d,True,location-k4-fold1-seed0,1
seasonal,CoPy_R,23,SS_vs_ar,-0.8215359015828028,1297860,f4d62ad7513e0a9d,True,location-k4-fold1-seed0,1
seasonal,CoPy_R,24,MSE,0.17412560188744364,1297860,f4d62ad7513e0a9d,True,location-k4-fold1-seed0,1
seasonal,CoPy_R,24,MAE,0.2972141966085225,1297860,f4d62ad7513e0a9d,True,location-k4-fold1-seed0,1
seasonal,CoPy_R,24,SS_vs_persistence,-0.028309376882371673,1297860,f4d62ad7513e0a9d,True,location-k4-fold1-seed0,1
seasonal,CoPy_R,24,SS_vs_seasonal,5.74296166178101e-12,1297860,f4d62ad7513e0a9d,True,location-k4-fold1-seed0,1
seasonal,CoPy_R,24,SS_vs_ar,-0.8084436115377194,1297860,f4d62ad7513e0a9d,True,location-k4-fold1-seed0,1
seasonal,CoPy_R,25,MSE,0.17481773830394795,1297860,f4d62ad7513e0a9d,True,location-k4-fold1-seed0,1
seasonal,CoPy_R,25,MAE,0.29763639629722216,1297860,f4d62ad7513e0a9d,True,location-k4-fold1-seed0,1
seasonal,CoPy_R,25,SS_vs_persistence,-0.0147858407245689,1297860,f4d62ad7513e0a9d,True,location-k4-fold1-seed0,1
seasonal,CoPy_R,25,SS_vs_seasonal,5.7203131120786566e-12,1297860,f4d62ad7513e0a9d,True,location-k4-fold1-seed0,1
seasonal,CoPy_R,25,SS_vs_ar,-0.8051115921436669,1297860,f4d62ad7513e0a9d,True,location-k4-fold1-seed0,1
seasonal,CoPy_R,26,MSE,0.17512313129732654,1297860,f4d62ad7513e0a9d,True,location-k4-fold1-seed0,1
seasonal,CoPy_R,26,MAE,0.2982889448639437,1297860,f4d62ad7513e0a9d,True,location-k4-fold1-seed0,1
seasonal,CoPy_R,26,SS_vs_persistence,0.004060447580456095,1297860,f4d62ad7513e0a9d,True,location-k4-fold1-seed0,1
seasonal,CoPy_R,26,SS_vs_seasonal,5.71032110485703e-12,1297860,f4d62ad7513e0a9d,True,location-k4-fold1-seed0,1
seasonal,CoPy_R,26,SS_vs_ar,-0.8015667703842531,1297860,f4d62ad7513e0a9d,True,location-k4-fold1-seed0,1
seasonal,CoPy_R,27,MSE,0.17555434106300755,1297860,f4d62ad7513e0a9d,True,location-k4-fold1-seed0,1
seasonal,CoPy_R,27,MAE,0.29827091740253137,1297860,f4d62ad7513e0a9d,True,location-k4-fold1-seed0,1
seasonal,CoPy_R,27,SS_vs_persistence,0.0003132058370447499,1297860,f4d62ad7513e0a9d,True,location-k4-fold1-seed0,1
seasonal,CoPy_R,27,SS_vs_seasonal,5.696221272444291e-12,1297860,f4d62ad7513e0a9d,True,location-k4-fold1-seed0,1
seasonal,CoPy_R,27,SS_vs_ar,-0.8037899956321921,1297860,f4d62ad7513e0a9d,True,location-k4-fold1-seed0,1
seasonal,CoPy_R,28,MSE,0.17975676971781007,1297860,f4d62ad7513e0a9d,True,location-k4-fold1-seed0,1
seasonal,CoPy_R,28,MAE,0.3015644188420932,1297860,f4d62ad7513e0a9d,True,location-k4-fold1-seed0,1
seasonal,CoPy_R,28,SS_vs_persistence,-0.019868027707403257,1297860,f4d62ad7513e0a9d,True,location-k4-fold1-seed0,1
seasonal,CoPy_R,28,SS_vs_seasonal,5.563105531791734e-12,1297860,f4d62ad7513e0a9d,True,location-k4-fold1-seed0,1
seasonal,CoPy_R,28,SS_vs_ar,-0.8462932620630959,1297860,f4d62ad7513e0a9d,True,location-k4-fold1-seed0,1
seasonal,CoPy_R,29,MSE,0.17825387768067208,1297860,f4d62ad7513e0a9d,True,location-k4-fold1-seed0,1
seasonal,CoPy_R,29,MAE,0.3000273568978305,1297860,f4d62ad7513e0a9d,True,location-k4-fold1-seed0,1
seasonal,CoPy_R,29,SS_vs_persistence,-0.030146150430711227,1297860,f4d62ad7513e0a9d,True,location-k4-fold1-seed0,1
seasonal,CoPy_R,29,SS_vs_seasonal,5.609956943430916e-12,1297860,f4d62ad7513e0a9d,True,location-k4-fold1-seed0,1
seasonal,CoPy_R,29,SS_vs_ar,-0.8299146631393473,1297860,f4d62ad7513e0a9d,True,location-k4-fold1-seed0,1
seasonal,CoPy_R,30,MSE,0.17747834524070674,1297860,f4d62ad7513e0a9d,True,location-k4-fold1-seed0,1
seasonal,CoPy_R,30,MAE,0.29938861805758626,1297860,f4d62ad7513e0a9d,True,location-k4-fold1-seed0,1
seasonal,CoPy_R,30,SS_vs_persistence,-0.043841895940494036,1297860,f4d62ad7513e0a9d,True,location-k4-fold1-seed0,1
seasonal,CoPy_R,30,SS_vs_seasonal,5.634492872275132e-12,1297860,f4d62ad7513e0a9d,True,location-k4-fold1-seed0,1
seasonal,CoPy_R,30,SS_vs_ar,-0.8191971456016112,1297860,f4d62ad7513e0a9d,True,location-k4-fold1-seed0,1
seasonal,CoPy_R,all,MSE,0.1689861769947556,1297860,f4d62ad7513e0a9d,True,location-k4-fold1-seed0,1
seasonal,CoPy_R,all,MAE,0.2894946408835592,1297860,f4d62ad7513e0a9d,True,location-k4-fold1-seed0,1
seasonal,CoPy_R,all,SS_vs_persistence,-0.032838740580926284,1297860,f4d62ad7513e0a9d,True,location-k4-fold1-seed0,1
seasonal,CoPy_R,all,SS_vs_seasonal,5.917710765857009e-12,1297860,f4d62ad7513e0a9d,True,location-k4-fold1-seed0,1
seasonal,CoPy_R,all,SS_vs_ar,-0.8196715186232508,1297860,f4d62ad7513e0a9d,True,location-k4-fold1-seed0,1
ar,F_R,1,MSE,59996.793400399576,1297860,f4d62ad7513e0a9d,True,location-k4-fold1-seed0,1
ar,F_R,1,MAE,134.67648857675405,1297860,f4d62ad7513e0a9d,True,location-k4-fold1-seed0,1
ar,F_R,1,SS_vs_persistence,0.3493964601522628,1297860,f4d62ad7513e0a9d,True,location-k4-fold1-seed0,1
ar,F_R,1,SS_vs_seasonal,0.45517574370095093,1297860,f4d62ad7513e0a9d,True,location-k4-fold1-seed0,1
ar,F_R,1,SS_vs_ar,0.0,1297860,f4d62ad7513e0a9d,True,location-k4-fold1-seed0,1
ar,F_R,2,MSE,64352.58754098621,1297860,f4d62ad7513e0a9d,True,location-k4-fold1-seed0,1
ar,F_R,2,MAE,142.3336582772921,1297860,f4d62ad7513e0a9d,True,location-k4-fold1-seed0,1
ar,F_R,2,SS_vs_persistence,0.3901202942681905,1297860,f4d62ad7513e0a9d,True,location-k4-fold1-seed0,1
ar,F_R,2,SS_vs_seasonal,0.42335165686457765,1297860,f4d62ad7513e0a9d,True,location-k4-fold1-seed0,1
ar,F_R,2,SS_vs_ar,0.0,1297860,f4d62ad7513e0a9d,True,location-k4-fold1-seed0,1
ar,F_R,3,MSE,65236.45737490215,1297860,f4d62ad7513e0a9d,True,location-k4-fold1-seed0,1
ar,F_R,3,MAE,145.63774008204277,1297860,f4d62ad7513e0a9d,True,location-k4-fold1-seed0,1
ar,F_R,3,SS_vs_persistence,0.38451320530570976,1297860,f4d62ad7513e0a9d,True,location-k4-fold1-seed0,1
ar,F_R,3,SS_vs_seasonal,0.4134221220270978,1297860,f4d62ad7513e0a9d,True,location-k4-fold1-seed0,1
ar,F_R,3,SS_vs_ar,0.0,1297860,f4d62ad7513e0a9d,True,location-k4-fold1-seed0,1
ar,F_R,4,MSE,66220.1531869988,1297860,f4d62ad7513e0a9d,True,location-k4-fold1-seed0,1
ar,F_R,4,MAE,149.48283307451769,1297860,f4d62ad7513e0a9d,True,location-k4-fold1-seed0,1
ar,F_R,4,SS_vs_persistence,0.3881997648496257,1297860,f4d62ad7513e0a9d,True,location-k4-fold1-seed0,1
ar,F_R,4,SS_vs_seasonal,0.4049606056309206,1297860,f4d62ad7513e0a9d,True,location-k4-fold1-seed0,1
ar,F_R,4,SS_vs_ar,0.0,1297860,f4d62ad7513e0a9d,True,location-k4-fold1-seed0,1
ar,F_R,5,MSE,67136.60885669646,1297860,f4d62ad7513e0a9d,True,location-k4-fold1-seed0,1
ar,F_R,5,MAE,151.72053519104955,1297860,f4d62ad7513e0a9d,True,location-k4-fold1-seed0,1
ar,F_R,5,SS_vs_persistence,0.3969335209898259,1297860,f4d62ad7513e0a9d,True,location-k4-fold1-seed0,1
ar,F_R,5,SS_vs_seasonal,0.3970199809228989,1297860,f4d62ad7513e0a9d,True,location-k4-fold1-seed0,1
ar,F_R,5,SS_vs_ar,0.0,1297860,f4d62ad7513e0a9d,True,location-k4-fold1-seed0,1
ar,F_R,6,MSE,67026.36984617577,1297860,f4d62ad7513e0a9d,True,location-k4-fold1-seed0,1
ar,F_R,6,MAE,152.3083439324994,1297860,f4d62ad7513e0a9d,True,location-k4-fold1-seed0,1
ar,F_R,6,SS_vs_persistence,0.3808599558760245,1297860,f4d62ad7513e0a9d,True,location-k4-fold1-seed0,1
ar,F_R,6,SS_vs_seasonal,0.39319607684031355,1297860,f4d62ad7513e0a9d,True,location-k4-fold1-seed0,1
ar,F_R,6,SS_vs_ar,0.0,1297860,f4d62ad7513e0a9d,True,location-k4-fold1-seed0,1
ar,F_R,7,MSE,67062.96718405152,1297860,f4d62ad7513e0a9d,True,location-k4-fold1-seed0,1
ar,F_R,7,MAE,153.6229767276114,1297860,f4d62ad7513e0a9d,True,location-k4-fold1-seed0,1
ar,F_R,7,SS_vs_persistence,0.3888482163555137,1297860,f4d62ad7513e0a9d,True,location-k4-fold1-seed0,1
ar,F_R,7,SS_vs_seasonal,0.3878906348648288,1297860,f4d62ad7513e0a9d,True,location-k4-fold1-seed0,1
ar,F_R,7,SS_vs_ar,0.0,1297860,f4d62ad7513e0a9d,True,location-k4-fold1-seed0,1
ar,F_R,8,MSE,67680.24355123112,1297860,f4d62ad7513e0a9d,True,location-k4-fold1-seed0,1
ar,F_R,8,MAE,154.28245037360108,1297860,f4d62ad7513e0a9d,True,location-k4-fold1-seed0,1
ar,F_R,8,SS_vs_persistence,0.3885357195818059,1297860,f4d62ad7513e0a9d,True,location-k4-fold1-seed0,1
ar,F_R,8,SS_vs_seasonal,0.38251421056756796,1297860,f4d62ad7513e0a9d,True,location-k4-fold1-seed0,1
ar,F_R,8,SS_vs_ar,0.0,1297860,f4d62ad7513e0a9d,True,location-k4-fold1-seed0,1
ar,F_R,9,MSE,67962.43955334753,1297860,f4d62ad7513e0a9d,True,location-k4-fold1-seed0,1
ar,F_R,9,MAE,155.1663610058514,1297860,f4d62ad7513e0a9d,True,location-k4-fold1-seed0,1
ar,F_R,9,SS_vs_persistence,0.366245803736587,1297860,f4d62ad7513e0a9d,True,location-k4-fold1-seed0,1
ar,F_R,9,SS_vs_seasonal,0.36642076214321184,1297860,f4d62ad7513e0a9d,True,location-k4-fold1-seed0,1
ar,F_R,9,SS_vs_ar,0.0,1297860,f4d62ad7513e0a9d,True,location-k4-fold1-seed0,1
ar,F_R,10,MSE,68887.06866958927,1297860,f4d62ad7513e0a9d,True,location-k4-fold1-seed0,1
ar,F_R,10,MAE,157.30661033335124,1297860,f4d62ad7513e0a9d,True,location-k4-fold1-seed0,1
ar,F_R,10,SS_vs_persistence,0.3578990661993835,1297860,f4d62ad7513e0a9d,True,location-k4-fold1-seed0,1
ar,F_R,10,SS_vs_seasonal,0.4163918385007983,1297860,f4d62ad7513e0a9d,True,location-k4-fold1-seed0,1
ar,F_R,10,SS_vs_ar,0.0,1297860,f4d62ad7513e0a9d,True,location-k4-fold1-seed0,1
ar,F_R,11,MSE,70336.18610022785,1297860,f4d62ad7513e0a9d,True,location-k4-fold1-seed0,1
ar,F_R,11,MAE,159.72274649262246,1297860,f4d62ad7513e0a9d,True,location-k4-fold1-seed0,1
ar,F_R,11,SS_vs_persistence,0.3697382616615077,1297860,f4d62ad7513e0a9d,True,location-k4-fold1-seed0,1
ar,F_R,11,SS_vs_seasonal,0.406015424645664,1297860,f4d62ad7513e0a9d,True,location-k4-fold1-seed0,1
ar,F_R,11,SS_vs_ar,0.0,1297860,f4d62ad7513e0a9d,True,location-k4-fold1-seed0,1
ar,F_R,12,MSE,71177.80573075096,1297860,f4d62ad7513e0a9d,True,location-k4-fold1-seed0,1
ar,F_R,12,MAE,161.80539304944654,1297860,f4d62ad7513e0a9d,True,location-k4-fold1-seed0,1
ar,F_R,12,SS_vs_persistence,0.3700577061002175,1297860,f4d62ad7513e0a9d,True,location-k4-fold1-seed0,1
ar,F_R,12,SS_vs_seasonal,0.3984675843237778,1297860,f4d62ad7513e0a9d,True,location-k4-fold1-seed0,1
ar,F_R,12,SS_vs_ar,0.0,1297860,f4d62ad7513e0a9d,True,location-k4-fold1-seed0,1
ar,F_R,13,MSE,71871.80317291667,1297860,f4d62ad7513e0a9d,True,location-k4-fold1-seed0,1
ar,F_R,13,MAE,163.79527563510334,1297860,f4d62ad7513e0a9d,True,location-k4-fold1-seed0,1
ar,F_R,13,SS_vs_persistence,0.364939123211079,1297860,f4d62ad7513e0a9d,True,location-k4-fold1-seed0,1
ar,F_R,13,SS_vs_seasonal,0.39404795809325344,1297860,f4d62ad7513e0a9d,True,location-k4-fold1-seed0,1
ar,F_R,13,SS_vs_ar,0.0,1297860,f4d62ad7513e0a9d,True,location-k4-fold1-seed0,1
ar,F_R,14,MSE,72464.93864564382,1297860,f4d62ad7513e0a9d,True,location-k4-fold1-seed0,1
ar,F_R,14,MAE,165.58525541608572,1297860,f4d62ad7513e0a9d,True,location-k4-fold1-seed0,1
ar,F_R,14,SS_vs_persistence,0.3646392122852824,1297860,f4d62ad7513e0a9d,True,location-k4-fold1-seed0,1
ar,F_R,14,SS_vs_seasonal,0.3885875220312093,1297860,f4d62ad7513e0a9d,True,location-k4-fold1-seed0,1
ar,F_R,14,SS_vs_ar,0.0,1297860,f4d62ad7513e0a9d,True,location-k4-fold1-seed0,1
ar,F_R,15,MSE,72518.8998927731,1297860,f4d62ad7513e0a9d,True,location-k4-fold1-seed0,1
ar,F_R,15,MAE,167.11498617114893,1297860,f4d62ad7513e0a9d,True,location-k4-fold1-seed0,1
ar,F_R,15,SS_vs_persistence,0.35489346441634917,1297860,f4d62ad7513e0a9d,True,location-k4-fold1-seed0,1
ar,F_R,15,SS_vs_seasonal,0.3854326862241009,1297860,f4d62ad7513e0a9d,True,location-k4-fold1-seed0,1
ar,F_R,15,SS_vs_ar,0.0,1297860,f4d62ad7513e0a9d,True,location-k4-fold1-seed0,1
ar,F_R,16,MSE,74190.06980167708,1297860,f4d62ad7513e0a9d,True,location-k4-fold1-seed0,1
ar,F_R,16,MAE,168.91440257111873,1297860,f4d62ad7513e0a9d,True,location-k4-fold1-seed0,1
ar,F_R,16,SS_vs_persistence,0.36664638417830664,1297860,f4d62ad7513e0a9d,True,location-k4-fold1-seed0,1
ar,F_R,16,SS_vs_seasonal,0.37620962743012387,1297860,f4d62ad7513e0a9d,True,location-k4-fold1-seed0,1
ar,F_R,16,SS_vs_ar,0.0,1297860,f4d62ad7513e0a9d,True,location-k4-fold1-seed0,1
ar,F_R,17,MSE,74586.79922632921,1297860,f4d62ad7513e0a9d,True,location-k4-fold1-seed0,1
ar,F_R,17,MAE,169.56030423610042,1297860,f4d62ad7513e0a9d,True,location-k4-fold1-seed0,1
ar,F_R,17,SS_vs_persistence,0.35854428755825696,1297860,f4d62ad7513e0a9d,True,location-k4-fold1-seed0,1
ar,F_R,17,SS_vs_seasonal,0.375891967467888,1297860,f4d62ad7513e0a9d,True,location-k4-fold1-seed0,1
ar,F_R,17,SS_vs_ar,0.0,1297860,f4d62ad7513e0a9d,True,location-k4-fold1-seed0,1
ar,F_R,18,MSE,74995.55020874651,1297860,f4d62ad7513e0a9d,True,location-k4-fold1-seed0,1
ar,F_R,18,MAE,170.56893440746197,1297860,f4d62ad7513e0a9d,True,location-k4-fold1-seed0,1
ar,F_R,18,SS_vs_persistence,0.35707996887729254,1297860,f4d62ad7513e0a9d,True,location-k4-fold1-seed0,1
ar,F_R,18,SS_vs_seasonal,0.3564133185704932,1297860,f4d62ad7513e0a9d,True,location-k4-fold1-seed0,1
ar,F_R,18,SS_vs_ar,0.0,1297860,f4d62ad7513e0a9d,True,location-k4-fold1-seed0,1
ar,F_R,19,MSE,75619.73240225394,1297860,f4d62ad7513e0a9d,True,location-k4-fold1-seed0,1
ar,F_R,19,MAE,171.83713742326228,1297860,f4d62ad7513e0a9d,True,location-k4-fold1-seed0,1
ar,F_R,19,SS_vs_persistence,0.34967113930614513,1297860,f4d62ad7513e0a9d,True,location-k4-fold1-seed0,1
ar,F_R,19,SS_vs_seasonal,0.3950543377131437,1297860,f4d62ad7513e0a9d,True,location-k4-fold1-seed0,1
ar,F_R,19,SS_vs_ar,0.0,1297860,f4d62ad7513e0a9d,True,location-k4-fold1-seed0,1
ar,F_R,20,MSE,76386.64975550097,1297860,f4d62ad7513e0a9d,True,location-k4-fold1-seed0,1
ar,F_R,20,MAE,173.5485906321523,1297860,f4d62ad7513e0a9d,True,location-k4-fold1-seed0,1
ar,F_R,20,SS_vs_persistence,0.3338148932275101,1297860,f4d62ad7513e0a9d,True,location-k4-fold1-seed0,1
ar,F_R,20,SS_vs_seasonal,0.3877580045051787,1297860,f4d62ad7513e0a9d,True,location-k4-fold1-seed0,1
ar,F_R,20,SS_vs_ar,0.0,1297860,f4d62ad7513e0a9d,True,location-k4-fold1-seed0,1
ar,F_R,21,MSE,77294.95610772364,1297860,f4d62ad7513e0a9d,True,location-k4-fold1-seed0,1
ar,F_R,21,MAE,175.55987657011462,1297860,f4d62ad7513e0a9d,True,location-k4-fold1-seed0,1
ar,F_R,21,SS_vs_persistence,0.32567507615262214,1297860,f4d62ad7513e0a9d,True,location-k4-fold1-seed0,1
ar,F_R,21,SS_vs_seasonal,0.37889538454540195,1297860,f4d62ad7513e0a9d,True,location-k4-fold1-seed0,1
ar,F_R,21,SS_vs_ar,0.0,1297860,f4d62ad7513e0a9d,True,location-k4-fold1-seed0,1
ar,F_R,22,MSE,77894.95721096543,1297860,f4d62ad7513e0a9d,True,location-k4-fold1-seed0,1
ar,F_R,22,MAE,177.49682810798302,1297860,f4d62ad7513e0a9d,True,location-k4-fold1-seed0,1
ar,F_R,22,SS_vs_persistence,0.3331750060307713,1297860,f4d62ad7513e0a9d,True,location-k4-fold1-seed0,1
ar,F_R,22,SS_vs_seasonal,0.37059738750539284,1297860,f4d62ad7513e0a9d,True,location-k4-fold1-seed0,1
ar,F_R,22,SS_vs_ar,0.0,1297860,f4d62ad7513e0a9d,True,location-k4-fold1-seed0,1
ar,F_R,23,MSE,78537.57520113728,1297860,f4d62ad7513e0a9d,True,location-k4-fold1-seed0,1
ar,F_R,23,MAE,179.45286691480513,1297860,f4d62ad7513e0a9d,True,location-k4-fold1-seed0,1
ar,F_R,23,SS_vs_persistence,0.3213687248172007,1297860,f4d62ad7513e0a9d,True,location-k4-fold1-seed0,1
ar,F_R,23,SS_vs_seasonal,0.36642036514239285,1297860,f4d62ad7513e0a9d,True,location-k4-fold1-seed0,1
ar,F_R,23,SS_vs_ar,0.0,1297860,f4d62ad7513e0a9d,True,location-k4-fold1-seed0,1
ar,F_R,24,MSE,79754.22508348942,1297860,f4d62ad7513e0a9d,True,location-k4-fold1-seed0,1
ar,F_R,24,MAE,181.71738760225145,1297860,f4d62ad7513e0a9d,True,location-k4-fold1-seed0,1
ar,F_R,24,SS_vs_persistence,0.32344892284849647,1297860,f4d62ad7513e0a9d,True,location-k4-fold1-seed0,1
ar,F_R,24,SS_vs_seasonal,0.3567118215049231,1297860,f4d62ad7513e0a9d,True,location-k4-fold1-seed0,1
ar,F_R,24,SS_vs_ar,0.0,1297860,f4d62ad7513e0a9d,True,location-k4-fold1-seed0,1
ar,F_R,25,MSE,80715.38992896111,1297860,f4d62ad7513e0a9d,True,location-k4-fold1-seed0,1
ar,F_R,25,MAE,182.95212903808115,1297860,f4d62ad7513e0a9d,True,location-k4-fold1-seed0,1
ar,F_R,25,SS_vs_persistence,0.3218925165626828,1297860,f4d62ad7513e0a9d,True,location-k4-fold1-seed0,1
ar,F_R,25,SS_vs_seasonal,0.34914922132197934,1297860,f4d62ad7513e0a9d,True,location-k4-fold1-seed0,1
ar,F_R,25,SS_vs_ar,0.0,1297860,f4d62ad7513e0a9d,True,location-k4-fold1-seed0,1
ar,F_R,26,MSE,81851.99053070079,1297860,f4d62ad7513e0a9d,True,location-k4-fold1-seed0,1
ar,F_R,26,MAE,184.55499067556448,1297860,f4d62ad7513e0a9d,True,location-k4-fold1-seed0,1
ar,F_R,26,SS_vs_persistence,0.33023398927930436,1297860,f4d62ad7513e0a9d,True,location-k4-fold1-seed0,1
ar,F_R,26,SS_vs_seasonal,0.3457152570665183,1297860,f4d62ad7513e0a9d,True,location-k4-fold1-seed0,1
ar,F_R,26,SS_vs_ar,0.0,1297860,f4d62ad7513e0a9d,True,location-k4-fold1-seed0,1
ar,F_R,27,MSE,81226.29824211555,1297860,f4d62ad7513e0a9d,True,location-k4-fold1-seed0,1
ar,F_R,27,MAE,184.8900625812725,1297860,f4d62ad7513e0a9d,True,location-k4-fold1-seed0,1
ar,F_R,27,SS_vs_persistence,0.33771442386344863,1297860,f4d62ad7513e0a9d,True,location-k4-fold1-seed0,1
ar,F_R,27,SS_vs_seasonal,0.33664564905647665,1297860,f4d62ad7513e0a9d,True,location-k4-fold1-seed0,1
ar,F_R,27,SS_vs_ar,0.0,1297860,f4d62ad7513e0a9d,True,location-k4-fold1-seed0,1
ar,F_R,28,MSE,81001.7053434151,1297860,f4d62ad7513e0a9d,True,location-k4-fold1-seed0,1
ar,F_R,28,MAE,184.99844898371694,1297860,f4d62ad7513e0a9d,True,location-k4-fold1-seed0,1
ar,F_R,28,SS_vs_persistence,0.3282517072983786,1297860,f4d62ad7513e0a9d,True,location-k4-fold1-seed0,1
ar,F_R,28,SS_vs_seasonal,0.34856205102990623,1297860,f4d62ad7513e0a9d,True,location-k4-fold1-seed0,1
ar,F_R,28,SS_vs_ar,0.0,1297860,f4d62ad7513e0a9d,True,location-k4-fold1-seed0,1
ar,F_R,29,MSE,80904.6833087889,1297860,f4d62ad7513e0a9d,True,location-k4-fold1-seed0,1
ar,F_R,29,MAE,185.54358577321946,1297860,f4d62ad7513e0a9d,True,location-k4-fold1-seed0,1
ar,F_R,29,SS_vs_persistence,0.3211520631027692,1297860,f4d62ad7513e0a9d,True,location-k4-fold1-seed0,1
ar,F_R,29,SS_vs_seasonal,0.3487856742072043,1297860,f4d62ad7513e0a9d,True,location-k4-fold1-seed0,1
ar,F_R,29,SS_vs_ar,0.0,1297860,f4d62ad7513e0a9d,True,location-k4-fold1-seed0,1
ar,F_R,30,MSE,80966.7137926041,1297860,f4d62ad7513e0a9d,True,location-k4-fold1-seed0,1
ar,F_R,30,MAE,186.7728065620674,1297860,f4d62ad7513e0a9d,True,location-k4-fold1-seed0,1
ar,F_R,30,SS_vs_persistence,0.305446484616951,1297860,f4d62ad7513e0a9d,True,location-k4-fold1-seed0,1
ar,F_R,30,SS_vs_seasonal,0.347785207253657,1297860,f4d62ad7513e0a9d,True,location-k4-fold1-seed0,1
ar,F_R,30,SS_vs_ar,0.0,1297860,f4d62ad7513e0a9d,True,location-k4-fold1-seed0,1
ar,F_R,all,MSE,73195.28729503721,1297860,f4d62ad7513e0a9d,True,location-k4-fold1-seed0,1
ar,F_R,all,MAE,166.43100021393286,1297860,f4d62ad7513e0a9d,True,location-k4-fold1-seed0,1
ar,F_R,all,SS_vs_persistence,0.35358828806983045,1297860,f4d62ad7513e0a9d,True,location-k4-fold1-seed0,1
ar,F_R,all,SS_vs_seasonal,0.3810180906405811,1297860,f4d62ad7513e0a9d,True,location-k4-fold1-seed0,1
ar,F_R,all,SS_vs_ar,0.0,1297860,f4d62ad7513e0a9d,True,location-k4-fold1-seed0,1
ar,CoPx_R,1,MSE,0.12931779974869334,1297860,f4d62ad7513e0a9d,True,location-k4-fold1-seed0,1
ar,CoPx_R,1,MAE,0.2518103971387941,1297860,f4d62ad7513e0a9d,True,location-k4-fold1-seed0,1
ar,CoPx_R,1,SS_vs_persistence,0.3955555399418166,1297860,f4d62ad7513e0a9d,True,location-k4-fold1-seed0,1
ar,CoPx_R,1,SS_vs_seasonal,0.4625682487232916,1297860,f4d62ad7513e0a9d,True,location-k4-fold1-seed0,1
ar,CoPx_R,1,SS_vs_ar,7.73292541111914e-12,1297860,f4d62ad7513e0a9d,True,location-k4-fold1-seed0,1
ar,CoPx_R,2,MSE,0.13399483787040786,1297860,f4d62ad7513e0a9d,True,location-k4-fold1-seed0,1
ar,CoPx_R,2,MAE,0.2585852309510656,1297860,f4d62ad7513e0a9d,True,location-k4-fold1-seed0,1
ar,CoPx_R,2,SS_vs_persistence,0.4459583637335758,1297860,f4d62ad7513e0a9d,True,location-k4-fold1-seed0,1
ar,CoPx_R,2,SS_vs_seasonal,0.45554042701771225,1297860,f4d62ad7513e0a9d,True,location-k4-fold1-seed0,1
ar,CoPx_R,2,SS_vs_ar,7.463030193832765e-12,1297860,f4d62ad7513e0a9d,True,location-k4-fold1-seed0,1
ar,CoPx_R,3,MSE,0.13496120372368697,1297860,f4d62ad7513e0a9d,True,location-k4-fold1-seed0,1
ar,CoPx_R,3,MAE,0.25993779199602884,1297860,f4d62ad7513e0a9d,True,location-k4-fold1-seed0,1
ar,CoPx_R,3,SS_vs_persistence,0.4388267121893348,1297860,f4d62ad7513e0a9d,True,location-k4-fold1-seed0,1
ar,CoPx_R,3,SS_vs_seasonal,0.44940586625780476,1297860,f4d62ad7513e0a9d,True,location-k4-fold1-seed0,1
ar,CoPx_R,3,SS_vs_ar,7.409628466348295e-12,1297860,f4d62ad7513e0a9d,True,location-k4-fold1-seed0,1
ar,CoPx_R,4,MSE,0.1367202678832335,1297860,f4d62ad7513e0a9d,True,location-k4-fold1-seed0,1
ar,CoPx_R,4,MAE,0.26231038520789246,1297860,f4d62ad7513e0a9d,True,location-k4-fold1-seed0,1
ar,CoPx_R,4,SS_vs_persistence,0.4476257588831697,1297860,f4d62ad7513e0a9d,True,location-k4-fold1-seed0,1
ar,CoPx_R,4,SS_vs_seasonal,0.44703447553717723,1297860,f4d62ad7513e0a9d,True,location-k4-fold1-seed0,1
ar,CoPx_R,4,SS_vs_ar,7.314260308532994e-12,1297860,f4d62ad7513e0a9d,True,location-k4-fold1-seed0,1
ar,CoPx_R,5,MSE,0.1375853985491392,1297860,f4d62ad7513e0a9d,True,location-k4-fold1-seed0,1
ar,CoPx_R,5,MAE,0.2638911453817586,1297860,f4d62ad7513e0a9d,True,location-k4-fold1-seed0,1
ar,CoPx_R,5,SS_vs_persistence,0.470795673906101,1297860,f4d62ad7513e0a9d,True,location-k4-fold1-seed0,1
ar,CoPx_R,5,SS_vs_seasonal,0.4477745017134549,1297860,f4d62ad7513e0a9d,True,location-k4-fold1-seed0,1
ar,CoPx_R,5,SS_vs_ar,7.268297075313512e-12,1297860,f4d62ad7513e0a9d,True,location-k4-fold1-seed0,1
ar,CoPx_R,6,MSE,0.13731443018745756,1297860,f4d62ad7513e0a9d,True,location-k4-fold1-seed0,1
ar,CoPx_R,6,MAE,0.26345721224141727,1297860,f4d62ad7513e0a9d,True,location-k4-fold1-seed0,1
ar,CoPx_R,6,SS_vs_persistence,0.4621716158533077,1297860,f4d62ad7513e0a9d,True,location-k4-fold1-seed0,1
ar,CoPx_R,6,SS_vs_seasonal,0.4453174687091851,1297860,f4d62ad7513e0a9d,True,location-k4-fold1-seed0,1
ar,CoPx_R,6,SS_vs_ar,7.282618952331177e-12,1297860,f4d62ad7513e0a9d,True,location-k4-fold1-seed0,1
ar,CoPx_R,7,MSE,0.13710494345372284,1297860,f4d62ad7513e0a9d,True,location-k4-fold1-seed0,1
ar,CoPx_R,7,MAE,0.263343655623811,1297860,f4d62ad7513e0a9d,True,location-k4-fold1-seed0,1
ar,CoPx_R,7,SS_vs_persistence,0.46669773167268513,1297860,f4d62ad7513e0a9d,True,location-k4-fold1-seed0,1
ar,CoPx_R,7,SS_vs_seasonal,0.44536705383137565,1297860,f4d62ad7513e0a9d,True,location-k4-fold1-seed0,1
ar,CoPx_R,7,SS_vs_ar,7.293721182577428e-12,1297860,f4d62ad7513e0a9d,True,location-k4-fold1-seed0,1
ar,CoPx_R,8,MSE,0.13721302714018757,1297860,f4d62ad7513e0a9d,True,location-k4-fold1-seed0,1
ar,CoPx_R,8,MAE,0.26348668637363665,1297860,f4d62ad7513e0a9d,True,location-k4-fold1-seed0,1
ar,CoPx_R,8,SS_vs_persistence,0.45875386533936224,1297860,f4d62ad7513e0a9d,True,location-k4-fold1-seed0,1
ar,CoPx_R,8,SS_vs_seasonal,0.44435704367706785,1297860,f4d62ad7513e0a9d,True,location-k4-fold1-seed0,1
ar,CoPx_R,8,SS_vs_ar,7.287948022849378e-12,1297860,f4d62ad7513e0a9d,True,location-k4-fold1-seed0,1
ar,CoPx_R,9,MSE,0.1375779365506984,1297860,f4d62ad7513e0a9d,True,location-k4-fold1-seed0,1
ar,CoPx_R,9,MAE,0.26373883405178045,1297860,f4d62ad7513e0a9d,True,location-k4-fold1-seed0,1
ar,CoPx_R,9,SS_vs_persistence,0.433580527878641,1297860,f4d62ad7513e0a9d,True,location-k4-fold1-seed0,1
ar,CoPx_R,9,SS_vs_seasonal,0.434806708472561,1297860,f4d62ad7513e0a9d,True,location-k4-fold1-seed0,1
ar,CoPx_R,9,SS_vs_ar,7.2686301422209e-12,1297860,f4d62ad7513e0a9d,True,location-k4-fold1-seed0,1
ar,CoPx_R,10,MSE,0.13893555176766076,1297860,f4d62ad7513e0a9d,True,location-k4-fold1-seed0,1
ar,CoPx_R,10,MAE,0.26523227366614527,1297860,f4d62ad7513e0a9d,True,location-k4-fold1-seed0,1
ar,CoPx_R,10,SS_vs_persistence,0.4239246995173407,1297860,f4d62ad7513e0a9d,True,location-k4-fold1-seed0,1
ar,CoPx_R,10,SS_vs_seasonal,0.46462681969731656,1297860,f4d62ad7513e0a9d,True,location-k4-fold1-seed0,1
ar,CoPx_R,10,SS_vs_ar,7.19757586864489e-12,1297860,f4d62ad7513e0a9d,True,location-k4-fold1-seed0,1
ar,CoPx_R,11,MSE,0.14083572523792534,1297860,f4d62ad7513e0a9d,True,location-k4-fold1-seed0,1
ar,CoPx_R,11,MAE,0.2675066591900712,1297860,f4d62ad7513e0a9d,True,location-k4-fold1-seed0,1
ar,CoPx_R,11,SS_vs_persistence,0.4254245897044243,1297860,f4d62ad7513e0a9d,True,location-k4-fold1-seed0,1
ar,CoPx_R,11,SS_vs_seasonal,0.4611940760760207,1297860,f4d62ad7513e0a9d,True,location-k4-fold1-seed0,1
ar,CoPx_R,11,SS_vs_ar,7.100542376292651e-12,1297860,f4d62ad7513e0a9d,True,location-k4-fold1-seed0,1
ar,CoPx_R,12,MSE,0.1421441108336945,1297860,f4d62ad7513e0a9d,True,location-k4-fold1-seed0,1
ar,CoPx_R,12,MAE,0.2692347665575832,1297860,f4d62ad7513e0a9d,True,location-k4-fold1-seed0,1
ar,CoPx_R,12,SS_vs_persistence,0.4433952011415174,1297860,f4d62ad7513e0a9d,True,location-k4-fold1-seed0,1
ar,CoPx_R,12,SS_vs_seasonal,0.45759730320767644,1297860,f4d62ad7513e0a9d,True,location-k4-fold1-seed0,1
ar,CoPx_R,12,SS_vs_ar,7.0351502401422294e-12,1297860,f4d62ad7513e0a9d,True,location-k4-fold1-seed0,1
ar,CoPx_R,13,MSE,0.14239391559561568,1297860,f4d62ad7513e0a9d,True,location-k4-fold1-seed0,1
ar,CoPx_R,13,MAE,0.26954567740135865,1297860,f4d62ad7513e0a9d,True,location-k4-fold1-seed0,1
ar,CoPx_R,13,SS_vs_persistence,0.44755436737633303,1297860,f4d62ad7513e0a9d,True,location-k4-fold1-seed0,1
ar,CoPx_R,13,SS_vs_seasonal,0.4555051494294792,1297860,f4d62ad7513e0a9d,True,location-k4-fold1-seed0,1
ar,CoPx_R,13,SS_vs_ar,7.02282676456889e-12,1297860,f4d62ad7513e0a9d,True,location-k4-fold1-seed0,1
ar,CoPx_R,14,MSE,0.1429459232426274,1297860,f4d62ad7513e0a9d,True,location-k4-fold1-seed0,1
ar,CoPx_R,14,MAE,0.2701124167298651,1297860,f4d62ad7513e0a9d,True,location-k4-fold1-seed0,1
ar,CoPx_R,14,SS_vs_persistence,0.443593114471738,1297860,f4d62ad7513e0a9d,True,location-k4-fold1-seed0,1
ar,CoPx_R,14,SS_vs_seasonal,0.4535381981534412,1297860,f4d62ad7513e0a9d,True,location-k4-fold1-seed0,1
ar,CoPx_R,14,SS_vs_ar,6.995737322768036e-12,1297860,f4d62ad7513e0a9d,True,location-k4-fold1-seed0,1
ar,CoPx_R,15,MSE,0.143831508264606,1297860,f4d62ad7513e0a9d,True,location-k4-fold1-seed0,1
ar,CoPx_R,15,MAE,0.27121137720075944,1297860,f4d62ad7513e0a9d,True,location-k4-fold1-seed0,1
ar,CoPx_R,15,SS_vs_persistence,0.46083814762876685,1297860,f4d62ad7513e0a9d,True,location-k4-fold1-seed0,1
ar,CoPx_R,15,SS_vs_seasonal,0.45532249002181535,1297860,f4d62ad7513e0a9d,True,location-k4-fold1-seed0,1
ar,CoPx_R,15,SS_vs_ar,6.95266066941258e-12,1297860,f4d62ad7513e0a9d,True,location-k4-fold1-seed0,1
ar,CoPx_R,16,MSE,0.1441171287796583,1297860,f4d62ad7513e0a9d,True,location-k4-fold1-seed0,1
ar,CoPx_R,16,MAE,0.2714369051931676,1297860,f4d62ad7513e0a9d,True,location-k4-fold1-seed0,1
ar,CoPx_R,16,SS_vs_persistence,0.47413281635390747,1297860,f4d62ad7513e0a9d,True,location-k4-fold1-seed0,1
ar,CoPx_R,16,SS_vs_seasonal,0.45491629624897467,1297860,f4d62ad7513e0a9d,True,location-k4-fold1-seed0,1
ar,CoPx_R,16,SS_vs_ar,6.938893903907228e-12,1297860,f4d62ad7513e0a9d,True,location-k4-fold1-seed0,1
ar,CoPx_R,17,MSE,0.14402893463200764,1297860,f4d62ad7513e0a9d,True,location-k4-fold1-seed0,1
ar,CoPx_R,17,MAE,0.2712488327851903,1297860,f4d62ad7513e0a9d,True,location-k4-fold1-seed0,1
ar,CoPx_R,17,SS_vs_persistence,0.46329685496026285,1297860,f4d62ad7513e0a9d,True,location-k4-fold1-seed0,1
ar,CoPx_R,17,SS_vs_seasonal,0.45616875933523326,1297860,f4d62ad7513e0a9d,True,location-k4-fold1-seed0,1
ar,CoPx_R,17,SS_vs_ar,6.943112751400804e-12,1297860,f4d62ad7513e0a9d,True,location-k4-fold1-seed0,1
ar,CoPx_R,18,MSE,0.1440723582735339,1297860,f4d62ad7513e0a9d,True,location-k4-fold1-seed0,1
ar,CoPx_R,18,MAE,0.2711967173797788,1297860,f4d62ad7513e0a9d,True,location-k4-fold1-seed0,1
ar,CoPx_R,18,SS_vs_persistence,0.4524464300968106,1297860,f4d62ad7513e0a9d,True,location-k4-fold1-seed0,1
ar,CoPx_R,18,SS_vs_seasonal,0.453173934159538,1297860,f4d62ad7513e0a9d,True,location-k4-fold1-seed0,1
ar,CoPx_R,18,SS_vs_ar,6.941003327654016e-12,1297860,f4d62ad7513e0a9d,True,location-k4-fold1-seed0,1
ar,CoPx_R,19,MSE,0.14451959585305058,1297860,f4d62ad7513e0a9d,True,location-k4-fold1-seed0,1
ar,CoPx_R,19,MAE,0.27161249495788586,1297860,f4d62ad7513e0a9d,True,location-k4-fold1-seed0,1
ar,CoPx_R,19,SS_vs_persistence,0.4419208958650632,1297860,f4d62ad7513e0a9d,True,location-k4-fold1-seed0,1
ar,CoPx_R,19,SS_vs_seasonal,0.47650972743787234,1297860,f4d62ad7513e0a9d,True,location-k4-fold1-seed0,1
ar,CoPx_R,19,SS_vs_ar,6.919465000976288e-12,1297860,f4d62ad7513e0a9d,True,location-k4-fold1-seed0,1
ar,CoPx_R,20,MSE,0.14489396621906617,1297860,f4d62ad7513e0a9d,True,location-k4-fold1-seed0,1
ar,CoPx_R,20,MAE,0.2720276489183418,1297860,f4d62ad7513e0a9d,True,location-k4-fold1-seed0,1
ar,CoPx_R,20,SS_vs_persistence,0.429153227266898,1297860,f4d62ad7513e0a9d,True,location-k4-fold1-seed0,1
ar,CoPx_R,20,SS_vs_seasonal,0.47447212753981594,1297860,f4d62ad7513e0a9d,True,location-k4-fold1-seed0,1
ar,CoPx_R,20,SS_vs_ar,6.901590410279823e-12,1297860,f4d62ad7513e0a9d,True,location-k4-fold1-seed0,1
ar,CoPx_R,21,MSE,0.14570527311679118,1297860,f4d62ad7513e0a9d,True,location-k4-fold1-seed0,1
ar,CoPx_R,21,MAE,0.2730859641197407,1297860,f4d62ad7513e0a9d,True,location-k4-fold1-seed0,1
ar,CoPx_R,21,SS_vs_persistence,0.42768391691441265,1297860,f4d62ad7513e0a9d,True,location-k4-fold1-seed0,1
ar,CoPx_R,21,SS_vs_seasonal,0.4714617329747125,1297860,f4d62ad7513e0a9d,True,location-k4-fold1-seed0,1
ar,CoPx_R,21,SS_vs_ar,6.863176693627793e-12,1297860,f4d62ad7513e0a9d,True,location-k4-fold1-seed0,1
ar,CoPx_R,22,MSE,0.14681917078863388,1297860,f4d62ad7513e0a9d,True,location-k4-fold1-seed0,1
ar,CoPx_R,22,MAE,0.2741309615349441,1297860,f4d62ad7513e0a9d,True,location-k4-fold1-seed0,1
ar,CoPx_R,22,SS_vs_persistence,0.42743539630067595,1297860,f4d62ad7513e0a9d,True,location-k4-fold1-seed0,1
ar,CoPx_R,22,SS_vs_seasonal,0.46978671879796696,1297860,f4d62ad7513e0a9d,True,location-k4-fold1-seed0,1
ar,CoPx_R,22,SS_vs_ar,6.811107233772873e-12,1297860,f4d62ad7513e0a9d,True,location-k4-fold1-seed0,1
ar,CoPx_R,23,MSE,0.14773755793524723,1297860,f4d62ad7513e0a9d,True,location-k4-fold1-seed0,1
ar,CoPx_R,23,MAE,0.2751836828385133,1297860,f4d62ad7513e0a9d,True,location-k4-fold1-seed0,1
ar,CoPx_R,23,SS_vs_persistence,0.4282923607114967,1297860,f4d62ad7513e0a9d,True,location-k4-fold1-seed0,1
ar,CoPx_R,23,SS_vs_seasonal,0.4661812745170856,1297860,f4d62ad7513e0a9d,True,location-k4-fold1-seed0,1
ar,CoPx_R,23,SS_vs_ar,6.768807736534654e-12,1297860,f4d62ad7513e0a9d,True,location-k4-fold1-seed0,1
ar,CoPx_R,24,MSE,0.14885299960771847,1297860,f4d62ad7513e0a9d,True,location-k4-fold1-seed0,1
ar,CoPx_R,24,MAE,0.2763638179550662,1297860,f4d62ad7513e0a9d,True,location-k4-fold1-seed0,1
ar,CoPx_R,24,SS_vs_persistence,0.4435287247803624,1297860,f4d62ad7513e0a9d,True,location-k4-fold1-seed0,1
ar,CoPx_R,24,SS_vs_seasonal,0.46837490880552246,1297860,f4d62ad7513e0a9d,True,location-k4-fold1-seed0,1
ar,CoPx_R,24,SS_vs_ar,6.718070544309285e-12,1297860,f4d62ad7513e0a9d,True,location-k4-fold1-seed0,1
ar,CoPx_R,25,MSE,0.1491958494748031,1297860,f4d62ad7513e0a9d,True,location-k4-fold1-seed0,1
ar,CoPx_R,25,MAE,0.27668537972228985,1297860,f4d62ad7513e0a9d,True,location-k4-fold1-seed0,1
ar,CoPx_R,25,SS_vs_persistence,0.45098554212665554,1297860,f4d62ad7513e0a9d,True,location-k4-fold1-seed0,1
ar,CoPx_R,25,SS_vs_seasonal,0.46568428875843837,1297860,f4d62ad7513e0a9d,True,location-k4-fold1-seed0,1
ar,CoPx_R,25,SS_vs_ar,6.702638444266995e-12,1297860,f4d62ad7513e0a9d,True,location-k4-fold1-seed0,1
ar,CoPx_R,26,MSE,0.14937925774399113,1297860,f4d62ad7513e0a9d,True,location-k4-fold1-seed0,1
ar,CoPx_R,26,MAE,0.27682249809588527,1297860,f4d62ad7513e0a9d,True,location-k4-fold1-seed0,1
ar,CoPx_R,26,SS_vs_persistence,0.4621714063609602,1297860,f4d62ad7513e0a9d,True,location-k4-fold1-seed0,1
ar,CoPx_R,26,SS_vs_seasonal,0.4683921279825496,1297860,f4d62ad7513e0a9d,True,location-k4-fold1-seed0,1
ar,CoPx_R,26,SS_vs_ar,6.694422793884769e-12,1297860,f4d62ad7513e0a9d,True,location-k4-fold1-seed0,1
ar,CoPx_R,27,MSE,0.1490597692373839,1297860,f4d62ad7513e0a9d,True,location-k4-fold1-seed0,1
ar,CoPx_R,27,MAE,0.27640511864972606,1297860,f4d62ad7513e0a9d,True,location-k4-fold1-seed0,1
ar,CoPx_R,27,SS_vs_persistence,0.4710525271030206,1297860,f4d62ad7513e0a9d,True,location-k4-fold1-seed0,1
ar,CoPx_R,27,SS_vs_seasonal,0.47005566010366784,1297860,f4d62ad7513e0a9d,True,location-k4-fold1-seed0,1
ar,CoPx_R,27,SS_vs_ar,6.7087446709024334e-12,1297860,f4d62ad7513e0a9d,True,location-k4-fold1-seed0,1
ar,CoPx_R,28,MSE,0.148300118121541,1297860,f4d62ad7513e0a9d,True,location-k4-fold1-seed0,1
ar,CoPx_R,28,MAE,0.2754603294083715,1297860,f4d62ad7513e0a9d,True,location-k4-fold1-seed0,1
ar,CoPx_R,28,SS_vs_persistence,0.44902120519825683,1297860,f4d62ad7513e0a9d,True,location-k4-fold1-seed0,1
ar,CoPx_R,28,SS_vs_seasonal,0.4638743531682178,1297860,f4d62ad7513e0a9d,True,location-k4-fold1-seed0,1
ar,CoPx_R,28,SS_vs_ar,6.743161584665813e-12,1297860,f4d62ad7513e0a9d,True,location-k4-fold1-seed0,1
ar,CoPx_R,29,MSE,0.14821281425989488,1297860,f4d62ad7513e0a9d,True,location-k4-fold1-seed0,1
ar,CoPx_R,29,MAE,0.27565899744615324,1297860,f4d62ad7513e0a9d,True,location-k4-fold1-seed0,1
ar,CoPx_R,29,SS_vs_persistence,0.4398828454124841,1297860,f4d62ad7513e0a9d,True,location-k4-fold1-seed0,1
ar,CoPx_R,29,SS_vs_seasonal,0.4611558153830183,1297860,f4d62ad7513e0a9d,True,location-k4-fold1-seed0,1
ar,CoPx_R,29,SS_vs_ar,6.747047365252001e-12,1297860,f4d62ad7513e0a9d,True,location-k4-fold1-seed0,1
ar,CoPx_R,30,MSE,0.14886714925203076,1297860,f4d62ad7513e0a9d,True,location-k4-fold1-seed0,1
ar,CoPx_R,30,MAE,0.27618161631647103,1297860,f4d62ad7513e0a9d,True,location-k4-fold1-seed0,1
ar,CoPx_R,30,SS_vs_persistence,0.446470552995881,1297860,f4d62ad7513e0a9d,True,location-k4-fold1-seed0,1
ar,CoPx_R,30,SS_vs_seasonal,0.46416016681335004,1297860,f4d62ad7513e0a9d,True,location-k4-fold1-seed0,1
ar,CoPx_R,30,SS_vs_ar,6.71740441049451e-12,1297860,f4d62ad7513e0a9d,True,location-k4-fold1-seed0,1
ar,CoPx_R,all,MSE,0.14255461744482914,1297860,f4d62ad7513e0a9d,True,location-k4-fold1-seed0,1
ar,CoPx_R,all,MAE,0.2692301825011296,1297860,f4d62ad7513e0a9d,True,location-k4-fold1-seed0,1
ar,CoPx_R,all,SS_vs_persistence,0.44638556828252196,1297860,f4d62ad7513e0a9d,True,location-k4-fold1-seed0,1
ar,CoPx_R,all,SS_vs_seasonal,0.4592213232618573,1297860,f4d62ad7513e0a9d,True,location-k4-fold1-seed0,1
ar,CoPx_R,all,SS_vs_ar,7.014944181094052e-12,1297860,f4d62ad7513e0a9d,True,location-k4-fold1-seed0,1
ar,CoPy_R,1,MSE,0.08054558262290087,1297860,f4d62ad7513e0a9d,True,location-k4-fold1-seed0,1
ar,CoPy_R,1,MAE,0.21429596604538922,1297860,f4d62ad7513e0a9d,True,location-k4-fold1-seed0,1
ar,CoPy_R,1,SS_vs_persistence,0.36654846560002663,1297860,f4d62ad7513e0a9d,True,location-k4-fold1-seed0,1
ar,CoPy_R,1,SS_vs_seasonal,0.4787577571092332,1297860,f4d62ad7513e0a9d,True,location-k4-fold1-seed0,1
ar,CoPy_R,1,SS_vs_ar,1.24154020397782e-11,1297860,f4d62ad7513e0a9d,True,location-k4-fold1-seed0,1
ar,CoPy_R,2,MSE,0.08475060143832444,1297860,f4d62ad7513e0a9d,True,location-k4-fold1-seed0,1
ar,CoPy_R,2,MAE,0.2220149043705597,1297860,f4d62ad7513e0a9d,True,location-k4-fold1-seed0,1
ar,CoPy_R,2,SS_vs_persistence,0.4130909556475417,1297860,f4d62ad7513e0a9d,True,location-k4-fold1-seed0,1
ar,CoPy_R,2,SS_vs_seasonal,0.4629820117973844,1297860,f4d62ad7513e0a9d,True,location-k4-fold1-seed0,1
ar,CoPy_R,2,SS_vs_ar,1.1799339283413701e-11,1297860,f4d62ad7513e0a9d,True,location-k4-fold1-seed0,1
ar,CoPy_R,3,MSE,0.08629840769689265,1297860,f4d62ad7513e0a9d,True,location-k4-fold1-seed0,1
ar,CoPy_R,3,MAE,0.22449086171844107,1297860,f4d62ad7513e0a9d,True,location-k4-fold1-seed0,1
ar,CoPy_R,3,SS_vs_persistence,0.41812831756126956,1297860,f4d62ad7513e0a9d,True,location-k4-fold1-seed0,1
ar,CoPy_R,3,SS_vs_seasonal,0.4569152248046724,1297860,f4d62ad7513e0a9d,True,location-k4-fold1-seed0,1
ar,CoPy_R,3,SS_vs_ar,1.1587730774920146e-11,1297860,f4d62ad7513e0a9d,True,location-k4-fold1-seed0,1
ar,CoPy_R,4,MSE,0.08740168030642245,1297860,f4d62ad7513e0a9d,True,location-k4-fold1-seed0,1
ar,CoPy_R,4,MAE,0.22663675915931103,1297860,f4d62ad7513e0a9d,True,location-k4-fold1-seed0,1
ar,CoPy_R,4,SS_vs_persistence,0.4213427095585689,1297860,f4d62ad7513e0a9d,True,location-k4-fold1-seed0,1
ar,CoPy_R,4,SS_vs_seasonal,0.45064119206537545,1297860,f4d62ad7513e0a9d,True,location-k4-fold1-seed0,1
ar,CoPy_R,4,SS_vs_ar,1.1441514402577013e-11,1297860,f4d62ad7513e0a9d,True,location-k4-fold1-seed0,1
ar,CoPy_R,5,MSE,0.08860485659206811,1297860,f4d62ad7513e0a9d,True,location-k4-fold1-seed0,1
ar,CoPy_R,5,MAE,0.22863546964962764,1297860,f4d62ad7513e0a9d,True,location-k4-fold1-seed0,1
ar,CoPy_R,5,SS_vs_persistence,0.4283234301329787,1297860,f4d62ad7513e0a9d,True,location-k4-fold1-seed0,1
ar,CoPy_R,5,SS_vs_seasonal,0.44361070898436195,1297860,f4d62ad7513e0a9d,True,location-k4-fold1-seed0,1
ar,CoPy_R,5,SS_vs_ar,1.1286083179129491e-11,1297860,f4d62ad7513e0a9d,True,location-k4-fold1-seed0,1
ar,CoPy_R,6,MSE,0.08926436736642242,1297860,f4d62ad7513e0a9d,True,location-k4-fold1-seed0,1
ar,CoPy_R,6,MAE,0.2297330955691619,1297860,f4d62ad7513e0a9d,True,location-k4-fold1-seed0,1
ar,CoPy_R,6,SS_vs_persistence,0.42461864452535514,1297860,f4d62ad7513e0a9d,True,location-k4-fold1-seed0,1
ar,CoPy_R,6,SS_vs_seasonal,0.4388344886394051,1297860,f4d62ad7513e0a9d,True,location-k4-fold1-seed0,1
ar,CoPy_R,6,SS_vs_ar,1.1202705429980142e-11,1297860,f4d62ad7513e0a9d,True,location-k4-fold1-seed0,1
ar,CoPy_R,7,MSE,0.09009276579912229,1297860,f4d62ad7513e0a9d,True,location-k4-fold1-seed0,1
ar,CoPy_R,7,MAE,0.23121055598741508,1297860,f4d62ad7513e0a9d,True,location-k4-fold1-seed0,1
ar,CoPy_R,7,SS_vs_persistence,0.43774363161788377,1297860,f4d62ad7513e0a9d,True,location-k4-fold1-seed0,1
ar,CoPy_R,7,SS_vs_seasonal,0.4358104543896927,1297860,f4d62ad7513e0a9d,True,location-k4-fold1-seed0,1
ar,CoPy_R,7,SS_vs_ar,1.109978775559739e-11,1297860,f4d62ad7513e0a9d,True,location-k4-fold1-seed0,1
ar,CoPy_R,8,MSE,0.090460675976078,1297860,f4d62ad7513e0a9d,True,location-k4-fold1-seed0,1
ar,CoPy_R,8,MAE,0.23172008075193934,1297860,f4d62ad7513e0a9d,True,location-k4-fold1-seed0,1
ar,CoPy_R,8,SS_vs_persistence,0.4336563592819509,1297860,f4d62ad7513e0a9d,True,location-k4-fold1-seed0,1
ar,CoPy_R,8,SS_vs_seasonal,0.4293123287116719,1297860,f4d62ad7513e0a9d,True,location-k4-fold1-seed0,1
ar,CoPy_R,8,SS_vs_ar,1.1054601678495146e-11,1297860,f4d62ad7513e0a9d,True,location-k4-fold1-seed0,1
ar,CoPy_R,9,MSE,0.09091772337569023,1297860,f4d62ad7513e0a9d,True,location-k4-fold1-seed0,1
ar,CoPy_R,9,MAE,0.23237077671757167,1297860,f4d62ad7513e0a9d,True,location-k4-fold1-seed0,1
ar,CoPy_R,9,SS_vs_persistence,0.4204262375511919,1297860,f4d62ad7513e0a9d,True,location-k4-fold1-seed0,1
ar,CoPy_R,9,SS_vs_seasonal,0.42152654082154195,1297860,f4d62ad7513e0a9d,True,location-k4-fold1-seed0,1
ar,CoPy_R,9,SS_vs_ar,1.0998979504961426e-11,1297860,f4d62ad7513e0a9d,True,location-k4-fold1-seed0,1
ar,CoPy_R,10,MSE,0.09178917381015177,1297860,f4d62ad7513e0a9d,True,location-k4-fold1-seed0,1
ar,CoPy_R,10,MAE,0.2337915248322363,1297860,f4d62ad7513e0a9d,True,location-k4-fold1-seed0,1
ar,CoPy_R,10,SS_vs_persistence,0.43397881954915674,1297860,f4d62ad7513e0a9d,True,location-k4-fold1-seed0,1
ar,CoPy_R,10,SS_vs_seasonal,0.4623287650379505,1297860,f4d62ad7513e0a9d,True,location-k4-fold1-seed0,1
ar,CoPy_R,10,SS_vs_ar,1.0894618540646661e-11,1297860,f4d62ad7513e0a9d,True,location-k4-fold1-seed0,1
ar,CoPy_R,11,MSE,0.09228028060091295,1297860,f4d62ad7513e0a9d,True,location-k4-fold1-seed0,1
ar,CoPy_R,11,MAE,0.23444811923479472,1297860,f4d62ad7513e0a9d,True,location-k4-fold1-seed0,1
ar,CoPy_R,11,SS_vs_persistence,0.4480869843023335,1297860,f4d62ad7513e0a9d,True,location-k4-fold1-seed0,1
ar,CoPy_R,11,SS_vs_seasonal,0.46417495031653333,1297860,f4d62ad7513e0a9d,True,location-k4-fold1-seed0,1
ar,CoPy_R,11,SS_vs_ar,1.0836664898761228e-11,1297860,f4d62ad7513e0a9d,True,location-k4-fold1-seed0,1
ar,CoPy_R,12,MSE,0.09231575501688755,1297860,f4d62ad7513e0a9d,True,location-k4-fold1-seed0,1
ar,CoPy_R,12,MAE,0.23456620195298758,1297860,f4d62ad7513e0a9d,True,location-k4-fold1-seed0,1
ar,CoPy_R,12,SS_vs_persistence,0.444826733055957,1297860,f4d62ad7513e0a9d,True,location-k4-fold1-seed0,1
ar,CoPy_R,12,SS_vs_seasonal,0.4622338187931052,1297860,f4d62ad7513e0a9d,True,location-k4-fold1-seed0,1
ar,CoPy_R,12,SS_vs_ar,1.0832446051267652e-11,1297860,f4d62ad7513e0a9d,True,location-k4-fold1-seed0,1
ar,CoPy_R,13,MSE,0.09256368105268017,1297860,f4d62ad7513e0a9d,True,location-k4-fold1-seed0,1
ar,CoPy_R,13,MAE,0.23495463876643924,1297860,f4d62ad7513e0a9d,True,location-k4-fold1-seed0,1
ar,CoPy_R,13,SS_vs_persistence,0.44399464538233857,1297860,f4d62ad7513e0a9d,True,location-k4-fold1-seed0,1
ar,CoPy_R,13,SS_vs_seasonal,0.45696123297941293,1297860,f4d62ad7513e0a9d,True,location-k4-fold1-seed0,1
ar,CoPy_R,13,SS_vs_ar,1.0803469230324936e-11,1297860,f4d62ad7513e0a9d,True,location-k4-fold1-seed0,1
ar,CoPy_R,14,MSE,0.09275423237015819,1297860,f4d62ad7513e0a9d,True,location-k4-fold1-seed0,1
ar,CoPy_R,14,MAE,0.23542393685124338,1297860,f4d62ad7513e0a9d,True,location-k4-fold1-seed0,1
ar,CoPy_R,14,SS_vs_persistence,0.428949873322198,1297860,f4d62ad7513e0a9d,True,location-k4-fold1-seed0,1
ar,CoPy_R,14,SS_vs_seasonal,0.4533311327902494,1297860,f4d62ad7513e0a9d,True,location-k4-fold1-seed0,1
ar,CoPy_R,14,SS_vs_ar,1.0781264769832433e-11,1297860,f4d62ad7513e0a9d,True,location-k4-fold1-seed0,1
ar,CoPy_R,15,MSE,0.09315201139279337,1297860,f4d62ad7513e0a9d,True,location-k4-fold1-seed0,1
ar,CoPy_R,15,MAE,0.2360503940767076,1297860,f4d62ad7513e0a9d,True,location-k4-fold1-seed0,1
ar,CoPy_R,15,SS_vs_persistence,0.4164895543639925,1297860,f4d62ad7513e0a9d,True,location-k4-fold1-seed0,1
ar,CoPy_R,15,SS_vs_seasonal,0.44620853796562443,1297860,f4d62ad7513e0a9d,True,location-k4-fold1-seed0,1
ar,CoPy_R,15,SS_vs_ar,1.0735190514310489e-11,1297860,f4d62ad7513e0a9d,True,location-k4-fold1-seed0,1
ar,CoPy_R,16,MSE,0.0940206710602616,1297860,f4d62ad7513e0a9d,True,location-k4-fold1-seed0,1
ar,CoPy_R,16,MAE,0.23736598581238336,1297860,f4d62ad7513e0a9d,True,location-k4-fold1-seed0,1
ar,CoPy_R,16,SS_vs_persistence,0.42280263800427853,1297860,f4d62ad7513e0a9d,True,location-k4-fold1-seed0,1
ar,CoPy_R,16,SS_vs_seasonal,0.44232231163896385,1297860,f4d62ad7513e0a9d,True,location-k4-fold1-seed0,1
ar,CoPy_R,16,SS_vs_ar,1.0636047598211462e-11,1297860,f4d62ad7513e0a9d,True,location-k4-fold1-seed0,1
ar,CoPy_R,17,MSE,0.09457743654268207,1297860,f4d62ad7513e0a9d,True,location-k4-fold1-seed0,1
ar,CoPy_R,17,MAE,0.23809541614801732,1297860,f4d62ad7513e0a9d,True,location-k4-fold1-seed0,1
ar,CoPy_R,17,SS_vs_persistence,0.4284534023371178,1297860,f4d62ad7513e0a9d,True,location-k4-fold1-seed0,1
ar,CoPy_R,17,SS_vs_seasonal,0.44090258665515725,1297860,f4d62ad7513e0a9d,True,location-k4-fold1-seed0,1
ar,CoPy_R,17,SS_vs_ar,1.0573431019622603e-11,1297860,f4d62ad7513e0a9d,True,location-k4-fold1-seed0,1
ar,CoPy_R,18,MSE,0.09531549187330732,1297860,f4d62ad7513e0a9d,True,location-k4-fold1-seed0,1
ar,CoPy_R,18,MAE,0.23915589711588467,1297860,f4d62ad7513e0a9d,True,location-k4-fold1-seed0,1
ar,CoPy_R,18,SS_vs_persistence,0.4398757964647869,1297860,f4d62ad7513e0a9d,True,location-k4-fold1-seed0,1
ar,CoPy_R,18,SS_vs_seasonal,0.44040187556934085,1297860,f4d62ad7513e0a9d,True,location-k4-fold1-seed0,1
ar,CoPy_R,18,SS_vs_ar,1.0491496560405267e-11,1297860,f4d62ad7513e0a9d,True,location-k4-fold1-seed0,1
ar,CoPy_R,19,MSE,0.09565464287946102,1297860,f4d62ad7513e0a9d,True,location-k4-fold1-seed0,1
ar,CoPy_R,19,MAE,0.23984826539374768,1297860,f4d62ad7513e0a9d,True,location-k4-fold1-seed0,1
ar,CoPy_R,19,SS_vs_persistence,0.4420726284041747,1297860,f4d62ad7513e0a9d,True,location-k4-fold1-seed0,1
ar,CoPy_R,19,SS_vs_seasonal,0.45651230364017215,1297860,f4d62ad7513e0a9d,True,location-k4-fold1-seed0,1
ar,CoPy_R,19,SS_vs_ar,1.0454304089080324e-11,1297860,f4d62ad7513e0a9d,True,location-k4-fold1-seed0,1
ar,CoPy_R,20,MSE,0.0956276280215178,1297860,f4d62ad7513e0a9d,True,location-k4-fold1-seed0,1
ar,CoPy_R,20,MAE,0.2400897539130403,1297860,f4d62ad7513e0a9d,True,location-k4-fold1-seed0,1
ar,CoPy_R,20,SS_vs_persistence,0.4397985049223697,1297860,f4d62ad7513e0a9d,True,location-k4-fold1-seed0,1
ar,CoPy_R,20,SS_vs_seasonal,0.45563818337171114,1297860,f4d62ad7513e0a9d,True,location-k4-fold1-seed0,1
ar,CoPy_R,20,SS_vs_ar,1.0457301691246812e-11,1297860,f4d62ad7513e0a9d,True,location-k4-fold1-seed0,1
ar,CoPy_R,21,MSE,0.09570472098576792,1297860,f4d62ad7513e0a9d,True,location-k4-fold1-seed0,1
ar,CoPy_R,21,MAE,0.240243040831049,1297860,f4d62ad7513e0a9d,True,location-k4-fold1-seed0,1
ar,CoPy_R,21,SS_vs_persistence,0.4461501689182681,1297860,f4d62ad7513e0a9d,True,location-k4-fold1-seed0,1
ar,CoPy_R,21,SS_vs_seasonal,0.45670724904615345,1297860,f4d62ad7513e0a9d,True,location-k4-fold1-seed0,1
ar,CoPy_R,21,SS_vs_ar,1.044886399625966e-11,1297860,f4d62ad7513e0a9d,True,location-k4-fold1-seed0,1
ar,CoPy_R,22,MSE,0.09581440969616294,1297860,f4d62ad7513e0a9d,True,location-k4-fold1-seed0,1
ar,CoPy_R,22,MAE,0.24044189844983335,1297860,f4d62ad7513e0a9d,True,location-k4-fold1-seed0,1
ar,CoPy_R,22,SS_vs_persistence,0.4409052141818547,1297860,f4d62ad7513e0a9d,True,location-k4-fold1-seed0,1
ar,CoPy_R,22,SS_vs_seasonal,0.4573502334112538,1297860,f4d62ad7513e0a9d,True,location-k4-fold1-seed0,1
ar,CoPy_R,22,SS_vs_ar,1.0436873587593709e-11,1297860,f4d62ad7513e0a9d,True,location-k4-fold1-seed0,1
ar,CoPy_R,23,MSE,0.09608991115823502,1297860,f4d62ad7513e0a9d,True,location-k4-fold1-seed0,1
ar,CoPy_R,23,MAE,0.24082132653779925,1297860,f4d62ad7513e0a9d,True,location-k4-fold1-seed0,1
ar,CoPy_R,23,SS_vs_persistence,0.43178029879364066,1297860,f4d62ad7513e0a9d,True,location-k4-fold1-seed0,1
ar,CoPy_R,23,SS_vs_seasonal,0.45101274198606733,1297860,f4d62ad7513e0a9d,True,location-k4-fold1-seed0,1
ar,CoPy_R,23,SS_vs_ar,1.0407008588231292e-11,1297860,f4d62ad7513e0a9d,True,location-k4-fold1-seed0,1
ar,CoPy_R,24,MSE,0.09628478365304197,1297860,f4d62ad7513e0a9d,True,location-k4-fold1-seed0,1
ar,CoPy_R,24,MAE,0.24144033318974795,1297860,f4d62ad7513e0a9d,True,location-k4-fold1-seed0,1
ar,CoPy_R,24,SS_vs_persistence,0.43138432942494653,1297860,f4d62ad7513e0a9d,True,location-k4-fold1-seed0,1
ar,CoPy_R,24,SS_vs_seasonal,0.4470383297527474,1297860,f4d62ad7513e0a9d,True,location-k4-fold1-seed0,1
ar,CoPy_R,24,SS_vs_ar,1.0385914350763414e-11,1297860,f4d62ad7513e0a9d,True,location-k4-fold1-seed0,1
ar,CoPy_R,25,MSE,0.09684594518311047,1297860,f4d62ad7513e0a9d,True,location-k4-fold1-seed0,1
ar,CoPy_R,25,MAE,0.2423712603939802,1297860,f4d62ad7513e0a9d,True,location-k4-fold1-seed0,1
ar,CoPy_R,25,SS_vs_persistence,0.4378265337551913,1297860,f4d62ad7513e0a9d,True,location-k4-fold1-seed0,1
ar,CoPy_R,25,SS_vs_seasonal,0.4460176288622686,1297860,f4d62ad7513e0a9d,True,location-k4-fold1-seed0,1
ar,CoPy_R,25,SS_vs_ar,1.0325740262828731e-11,1297860,f4d62ad7513e0a9d,True,location-k4-fold1-seed0,1
ar,CoPy_R,26,MSE,0.09720601765882551,1297860,f4d62ad7513e0a9d,True,location-k4-fold1-seed0,1
ar,CoPy_R,26,MAE,0.24292977758228698,1297860,f4d62ad7513e0a9d,True,location-k4-fold1-seed0,1
ar,CoPy_R,26,SS_vs_persistence,0.44718143741246075,1297860,f4d62ad7513e0a9d,True,location-k4-fold1-seed0,1
ar,CoPy_R,26,SS_vs_seasonal,0.44492759501180523,1297860,f4d62ad7513e0a9d,True,location-k4-fold1-seed0,1
ar,CoPy_R,26,SS_vs_ar,1.0287437568479163e-11,1297860,f4d62ad7513e0a9d,True,location-k4-fold1-seed0,1
ar,CoPy_R,27,MSE,0.09732526596017375,1297860,f4d62ad7513e0a9d,True,location-k4-fold1-seed0,1
ar,CoPy_R,27,MAE,0.24308672319083446,1297860,f4d62ad7513e0a9d,True,location-k4-fold1-seed0,1
ar,CoPy_R,27,SS_vs_persistence,0.4457853760285917,1297860,f4d62ad7513e0a9d,True,location-k4-fold1-seed0,1
ar,CoPy_R,27,SS_vs_seasonal,0.445611738392224,1297860,f4d62ad7513e0a9d,True,location-k4-fold1-seed0,1
ar,CoPy_R,27,SS_vs_ar,1.0274892048300899e-11,1297860,f4d62ad7513e0a9d,True,location-k4-fold1-seed0,1
ar,CoPy_R,28,MSE,0.09736089786467557,1297860,f4d62ad7513e0a9d,True,location-k4-fold1-seed0,1
ar,CoPy_R,28,MAE,0.24313782231428546,1297860,f4d62ad7513e0a9d,True,location-k4-fold1-seed0,1
ar,CoPy_R,28,SS_vs_persistence,0.4476131995643525,1297860,f4d62ad7513e0a9d,True,location-k4-fold1-seed0,1
ar,CoPy_R,28,SS_vs_seasonal,0.4583742352681611,1297860,f4d62ad7513e0a9d,True,location-k4-fold1-seed0,1
ar,CoPy_R,28,SS_vs_ar,1.0271117290017173e-11,1297860,f4d62ad7513e0a9d,True,location-k4-fold1-seed0,1
ar,CoPy_R,29,MSE,0.09741103302218208,1297860,f4d62ad7513e0a9d,True,location-k4-fold1-seed0,1
ar,CoPy_R,29,MAE,0.2432805008957592,1297860,f4d62ad7513e0a9d,True,location-k4-fold1-seed0,1
ar,CoPy_R,29,SS_vs_persistence,0.43705235486071914,1297860,f4d62ad7513e0a9d,True,location-k4-fold1-seed0,1
ar,CoPy_R,29,SS_vs_seasonal,0.4535264293316532,1297860,f4d62ad7513e0a9d,True,location-k4-fold1-seed0,1
ar,CoPy_R,29,SS_vs_ar,1.0265788219498972e-11,1297860,f4d62ad7513e0a9d,True,location-k4-fold1-seed0,1
ar,CoPy_R,30,MSE,0.09755861021879253,1297860,f4d62ad7513e0a9d,True,location-k4-fold1-seed0,1
ar,CoPy_R,30,MAE,0.24354781199763328,1297860,f4d62ad7513e0a9d,True,location-k4-fold1-seed0,1
ar,CoPy_R,30,SS_vs_persistence,0.42620738029764527,1297860,f4d62ad7513e0a9d,True,location-k4-fold1-seed0,1
ar,CoPy_R,30,SS_vs_seasonal,0.45030696513465907,1297860,f4d62ad7513e0a9d,True,location-k4-fold1-seed0,1
ar,CoPy_R,30,SS_vs_ar,1.0250356119456683e-11,1297860,f4d62ad7513e0a9d,True,location-k4-fold1-seed0,1
ar,CoPy_R,all,MSE,0.09286630870652388,1297860,f4d62ad7513e0a9d,True,location-k4-fold1-seed0,1
ar,CoPy_R,all,MAE,0.23553996998167948,1297860,f4d62ad7513e0a9d,True,location-k4-fold1-seed0,1
ar,CoPy_R,all,SS_vs_persistence,0.4324037443025749,1297860,f4d62ad7513e0a9d,True,location-k4-fold1-seed0,1
ar,CoPy_R,all,SS_vs_seasonal,0.45045026547433886,1297860,f4d62ad7513e0a9d,True,location-k4-fold1-seed0,1
ar,CoPy_R,all,SS_vs_ar,1.0768275160444318e-11,1297860,f4d62ad7513e0a9d,True,location-k4-fold1-seed0,1
pg_cnn,F_R,1,MSE,67365.15154864985,1297860,f4d62ad7513e0a9d,True,location-k4-fold1-seed0,1
pg_cnn,F_R,1,MAE,146.80349853153015,1297860,f4d62ad7513e0a9d,True,location-k4-fold1-seed0,1
pg_cnn,F_R,1,SS_vs_persistence,0.26949419167393407,1297860,f4d62ad7513e0a9d,True,location-k4-fold1-seed0,1
pg_cnn,F_R,1,SS_vs_seasonal,0.3882644969369071,1297860,f4d62ad7513e0a9d,True,location-k4-fold1-seed0,1
pg_cnn,F_R,1,SS_vs_ar,-0.12281253264780645,1297860,f4d62ad7513e0a9d,True,location-k4-fold1-seed0,1
pg_cnn,F_R,2,MSE,63192.04019131362,1297860,f4d62ad7513e0a9d,True,location-k4-fold1-seed0,1
pg_cnn,F_R,2,MAE,134.9202944393856,1297860,f4d62ad7513e0a9d,True,location-k4-fold1-seed0,1
pg_cnn,F_R,2,SS_vs_persistence,0.40111898605591945,1297860,f4d62ad7513e0a9d,True,location-k4-fold1-seed0,1
pg_cnn,F_R,2,SS_vs_seasonal,0.43375104765663663,1297860,f4d62ad7513e0a9d,True,location-k4-fold1-seed0,1
pg_cnn,F_R,2,SS_vs_ar,0.018034198686003644,1297860,f4d62ad7513e0a9d,True,location-k4-fold1-seed0,1
pg_cnn,F_R,3,MSE,63395.023181424236,1297860,f4d62ad7513e0a9d,True,location-k4-fold1-seed0,1
pg_cnn,F_R,3,MAE,134.09835428627764,1297860,f4d62ad7513e0a9d,True,location-k4-fold1-seed0,1
pg_cnn,F_R,3,SS_vs_persistence,0.4018865955079224,1297860,f4d62ad7513e0a9d,True,location-k4-fold1-seed0,1
pg_cnn,F_R,3,SS_vs_seasonal,0.42997949814931147,1297860,f4d62ad7513e0a9d,True,location-k4-fold1-seed0,1
pg_cnn,F_R,3,SS_vs_ar,0.028227072216621574,1297860,f4d62ad7513e0a9d,True,location-k4-fold1-seed0,1
pg_cnn,F_R,4,MSE,63526.43257869916,1297860,f4d62ad7513e0a9d,True,location-k4-fold1-seed0,1
pg_cnn,F_R,4,MAE,135.04794525603677,1297860,f4d62ad7513e0a9d,True,location-k4-fold1-seed0,1
pg_cnn,F_R,4,SS_vs_persistence,0.4130867338805383,1297860,f4d62ad7513e0a9d,True,location-k4-fold1-seed0,1
pg_cnn,F_R,4,SS_vs_seasonal,0.42916577282278423,1297860,f4d62ad7513e0a9d,True,location-k4-fold1-seed0,1
pg_cnn,F_R,4,SS_vs_ar,0.04067825999575758,1297860,f4d62ad7513e0a9d,True,location-k4-fold1-seed0,1
pg_cnn,F_R,5,MSE,64183.72285089147,1297860,f4d62ad7513e0a9d,True,location-k4-fold1-seed0,1
pg_cnn,F_R,5,MAE,135.5937544827206,1297860,f4d62ad7513e0a9d,True,location-k4-fold1-seed0,1
pg_cnn,F_R,5,SS_vs_persistence,0.4234583424957845,1297860,f4d62ad7513e0a9d,True,location-k4-fold1-seed0,1
pg_cnn,F_R,5,SS_vs_seasonal,0.42354099964032255,1297860,f4d62ad7513e0a9d,True,location-k4-fold1-seed0,1
pg_cnn,F_R,5,SS_vs_ar,0.04398324634042727,1297860,f4d62ad7513e0a9d,True,location-k4-fold1-seed0,1
pg_cnn,F_R,6,MSE,63714.1962474905,1297860,f4d62ad7513e0a9d,True,location-k4-fold1-seed0,1
pg_cnn,F_R,6,MAE,135.67705828968124,1297860,f4d62ad7513e0a9d,True,location-k4-fold1-seed0,1
pg_cnn,F_R,6,SS_vs_persistence,0.4114553664993744,1297860,f4d62ad7513e0a9d,True,location-k4-fold1-seed0,1
pg_cnn,F_R,6,SS_vs_seasonal,0.4231818859849935,1297860,f4d62ad7513e0a9d,True,location-k4-fold1-seed0,1
pg_cnn,F_R,6,SS_vs_ar,0.04941597771573558,1297860,f4d62ad7513e0a9d,True,location-k4-fold1-seed0,1
pg_cnn,F_R,7,MSE,63856.26349397454,1297860,f4d62ad7513e0a9d,True,location-k4-fold1-seed0,1
pg_cnn,F_R,7,MAE,136.44650211297576,1297860,f4d62ad7513e0a9d,True,location-k4-fold1-seed0,1
pg_cnn,F_R,7,SS_vs_persistence,0.418071240061449,1297860,f4d62ad7513e0a9d,True,location-k4-fold1-seed0,1
pg_cnn,F_R,7,SS_vs_seasonal,0.4171594465850538,1297860,f4d62ad7513e0a9d,True,location-k4-fold1-seed0,1
pg_cnn,F_R,7,SS_vs_ar,0.04781631091980043,1297860,f4d62ad7513e0a9d,True,location-k4-fold1-seed0,1
pg_cnn,F_R,8,MSE,64731.85179689323,1297860,f4d62ad7513e0a9d,True,location-k4-fold1-seed0,1
pg_cnn,F_R,8,MAE,137.3993967829575,1297860,f4d62ad7513e0a9d,True,location-k4-fold1-seed0,1
pg_cnn,F_R,8,SS_vs_persistence,0.41517327506123436,1297860,f4d62ad7513e0a9d,True,location-k4-fold1-seed0,1
pg_cnn,F_R,8,SS_vs_seasonal,0.4094140843631653,1297860,f4d62ad7513e0a9d,True,location-k4-fold1-seed0,1
pg_cnn,F_R,8,SS_vs_ar,0.04356355118766797,1297860,f4d62ad7513e0a9d,True,location-k4-fold1-seed0,1
pg_cnn,F_R,9,MSE,64956.182620789645,1297860,f4d62ad7513e0a9d,True,location-k4-fold1-seed0,1
pg_cnn,F_R,9,MAE,138.12660225429082,1297860,f4d62ad7513e0a9d,True,location-k4-fold1-seed0,1
pg_cnn,F_R,9,SS_vs_persistence,0.39427934636065687,1297860,f4d62ad7513e0a9d,True,location-k4-fold1-seed0,1
pg_cnn,F_R,9,SS_vs_seasonal,0.39444656564069525,1297860,f4d62ad7513e0a9d,True,location-k4-fold1-seed0,1
pg_cnn,F_R,9,SS_vs_ar,0.044234093895321513,1297860,f4d62ad7513e0a9d,True,location-k4-fold1-seed0,1
pg_cnn,F_R,10,MSE,65322.28270944928,1297860,f4d62ad7513e0a9d,True,location-k4-fold1-seed0,1
pg_cnn,F_R,10,MAE,138.98883132268318,1297860,f4d62ad7513e0a9d,True,location-k4-fold1-seed0,1
pg_cnn,F_R,10,SS_vs_persistence,0.39112667245425214,1297860,f4d62ad7513e0a9d,True,location-k4-fold1-seed0,1
pg_cnn,F_R,10,SS_vs_seasonal,0.4465925455495203,1297860,f4d62ad7513e0a9d,True,location-k4-fold1-seed0,1
pg_cnn,F_R,10,SS_vs_ar,0.05174826029015933,1297860,f4d62ad7513e0a9d,True,location-k4-fold1-seed0,1
pg_cnn,F_R,11,MSE,66526.26634216965,1297860,f4d62ad7513e0a9d,True,location-k4-fold1-seed0,1
pg_cnn,F_R,11,MAE,140.27481875911795,1297860,f4d62ad7513e0a9d,True,location-k4-fold1-seed0,1
pg_cnn,F_R,11,SS_vs_persistence,0.4038778245633431,1297860,f4d62ad7513e0a9d,True,location-k4-fold1-seed0,1
pg_cnn,F_R,11,SS_vs_seasonal,0.4381899523688406,1297860,f4d62ad7513e0a9d,True,location-k4-fold1-seed0,1
pg_cnn,F_R,11,SS_vs_ar,0.0541672781721364,1297860,f4d62ad7513e0a9d,True,location-k4-fold1-seed0,1
pg_cnn,F_R,12,MSE,67033.69044363468,1297860,f4d62ad7513e0a9d,True,location-k4-fold1-seed0,1
pg_cnn,F_R,12,MAE,141.14478582245377,1297860,f4d62ad7513e0a9d,True,location-k4-fold1-seed0,1
pg_cnn,F_R,12,SS_vs_persistence,0.4067342159104005,1297860,f4d62ad7513e0a9d,True,location-k4-fold1-seed0,1
pg_cnn,F_R,12,SS_vs_seasonal,0.4334900137722153,1297860,f4d62ad7513e0a9d,True,location-k4-fold1-seed0,1
pg_cnn,F_R,12,SS_vs_ar,0.05822201519940784,1297860,f4d62ad7513e0a9d,True,location-k4-fold1-seed0,1
pg_cnn,F_R,13,MSE,67627.69882689657,1297860,f4d62ad7513e0a9d,True,location-k4-fold1-seed0,1
pg_cnn,F_R,13,MAE,141.99988939673264,1297860,f4d62ad7513e0a9d,True,location-k4-fold1-seed0,1
pg_cnn,F_R,13,SS_vs_persistence,0.4024401251086195,1297860,f4d62ad7513e0a9d,True,location-k4-fold1-seed0,1
pg_cnn,F_R,13,SS_vs_seasonal,0.4298300531709135,1297860,f4d62ad7513e0a9d,True,location-k4-fold1-seed0,1
pg_cnn,F_R,13,SS_vs_ar,0.059051034740414066,1297860,f4d62ad7513e0a9d,True,location-k4-fold1-seed0,1
pg_cnn,F_R,14,MSE,67749.79057710887,1297860,f4d62ad7513e0a9d,True,location-k4-fold1-seed0,1
pg_cnn,F_R,14,MAE,142.49165262084114,1297860,f4d62ad7513e0a9d,True,location-k4-fold1-seed0,1
pg_cnn,F_R,14,SS_vs_persistence,0.4059808631168048,1297860,f4d62ad7513e0a9d,True,location-k4-fold1-seed0,1
pg_cnn,F_R,14,SS_vs_seasonal,0.4283709044290086,1297860,f4d62ad7513e0a9d,True,location-k4-fold1-seed0,1
pg_cnn,F_R,14,SS_vs_ar,0.06506799228233939,1297860,f4d62ad7513e0a9d,True,location-k4-fold1-seed0,1
pg_cnn,F_R,15,MSE,67378.60792011277,1297860,f4d62ad7513e0a9d,True,location-k4-fold1-seed0,1
pg_cnn,F_R,15,MAE,142.8982641471454,1297860,f4d62ad7513e0a9d,True,location-k4-fold1-seed0,1
pg_cnn,F_R,15,SS_vs_persistence,0.4006199709032715,1297860,f4d62ad7513e0a9d,True,location-k4-fold1-seed0,1
pg_cnn,F_R,15,SS_vs_seasonal,0.4289945085122585,1297860,f4d62ad7513e0a9d,True,location-k4-fold1-seed0,1
pg_cnn,F_R,15,SS_vs_ar,0.07088210080766255,1297860,f4d62ad7513e0a9d,True,location-k4-fold1-seed0,1
pg_cnn,F_R,16,MSE,69034.01720865486,1297860,f4d62ad7513e0a9d,True,location-k4-fold1-seed0,1
pg_cnn,F_R,16,MAE,144.20714599450102,1297860,f4d62ad7513e0a9d,True,location-k4-fold1-seed0,1
pg_cnn,F_R,16,SS_vs_persistence,0.41066311797956834,1297860,f4d62ad7513e0a9d,True,location-k4-fold1-seed0,1
pg_cnn,F_R,16,SS_vs_seasonal,0.4195617360962691,1297860,f4d62ad7513e0a9d,True,location-k4-fold1-seed0,1
pg_cnn,F_R,16,SS_vs_ar,0.06949788033365167,1297860,f4d62ad7513e0a9d,True,location-k4-fold1-seed0,1
pg_cnn,F_R,17,MSE,69422.97340101746,1297860,f4d62ad7513e0a9d,True,location-k4-fold1-seed0,1
pg_cnn,F_R,17,MAE,144.74006107764458,1297860,f4d62ad7513e0a9d,True,location-k4-fold1-seed0,1
pg_cnn,F_R,17,SS_vs_persistence,0.40295382930101553,1297860,f4d62ad7513e0a9d,True,location-k4-fold1-seed0,1
pg_cnn,F_R,17,SS_vs_seasonal,0.4191004870665703,1297860,f4d62ad7513e0a9d,True,location-k4-fold1-seed0,1
pg_cnn,F_R,17,SS_vs_ar,0.06923243628731712,1297860,f4d62ad7513e0a9d,True,location-k4-fold1-seed0,1
pg_cnn,F_R,18,MSE,69598.50845945829,1297860,f4d62ad7513e0a9d,True,location-k4-fold1-seed0,1
pg_cnn,F_R,18,MAE,144.87361042286136,1297860,f4d62ad7513e0a9d,True,location-k4-fold1-seed0,1
pg_cnn,F_R,18,SS_vs_persistence,0.4033475972867746,1297860,f4d62ad7513e0a9d,True,location-k4-fold1-seed0,1
pg_cnn,F_R,18,SS_vs_seasonal,0.4027289223535535,1297860,f4d62ad7513e0a9d,True,location-k4-fold1-seed0,1
pg_cnn,F_R,18,SS_vs_ar,0.07196482636990886,1297860,f4d62ad7513e0a9d,True,location-k4-fold1-seed0,1
pg_cnn,F_R,19,MSE,69874.19128734313,1297860,f4d62ad7513e0a9d,True,location-k4-fold1-seed0,1
pg_cnn,F_R,19,MAE,145.3574804348373,1297860,f4d62ad7513e0a9d,True,location-k4-fold1-seed0,1
pg_cnn,F_R,19,SS_vs_persistence,0.39908272922626864,1297860,f4d62ad7513e0a9d,True,location-k4-fold1-seed0,1
pg_cnn,F_R,19,SS_vs_seasonal,0.4410177399170436,1297860,f4d62ad7513e0a9d,True,location-k4-fold1-seed0,1
pg_cnn,F_R,19,SS_vs_ar,0.07597938966972007,1297860,f4d62ad7513e0a9d,True,location-k4-fold1-seed0,1
pg_cnn,F_R,20,MSE,69759.41074568442,1297860,f4d62ad7513e0a9d,True,location-k4-fold1-seed0,1
pg_cnn,F_R,20,MAE,145.61310297128767,1297860,f4d62ad7513e0a9d,True,location-k4-fold1-seed0,1
pg_cnn,F_R,20,SS_vs_persistence,0.3916125311850972,1297860,f4d62ad7513e0a9d,True,location-k4-fold1-seed0,1
pg_cnn,F_R,20,SS_vs_seasonal,0.4408755852470806,1297860,f4d62ad7513e0a9d,True,location-k4-fold1-seed0,1
pg_cnn,F_R,20,SS_vs_ar,0.08675912651005213,1297860,f4d62ad7513e0a9d,True,location-k4-fold1-seed0,1
pg_cnn,F_R,21,MSE,69855.91285510846,1297860,f4d62ad7513e0a9d,True,location-k4-fold1-seed0,1
pg_cnn,F_R,21,MAE,145.99524622733261,1297860,f4d62ad7513e0a9d,True,location-k4-fold1-seed0,1
pg_cnn,F_R,21,SS_vs_persistence,0.39057364816068396,1297860,f4d62ad7513e0a9d,True,location-k4-fold1-seed0,1
pg_cnn,F_R,21,SS_vs_seasonal,0.43867191242551784,1297860,f4d62ad7513e0a9d,True,location-k4-fold1-seed0,1
pg_cnn,F_R,21,SS_vs_ar,0.09624228574821381,1297860,f4d62ad7513e0a9d,True,location-k4-fold1-seed0,1
pg_cnn,F_R,22,MSE,69611.6574782139,1297860,f4d62ad7513e0a9d,True,location-k4-fold1-seed0,1
pg_cnn,F_R,22,MAE,146.33004374192632,1297860,f4d62ad7513e0a9d,True,location-k4-fold1-seed0,1
pg_cnn,F_R,22,SS_vs_persistence,0.404084747715048,1297860,f4d62ad7513e0a9d,True,location-k4-fold1-seed0,1
pg_cnn,F_R,22,SS_vs_seasonal,0.43752765717291087,1297860,f4d62ad7513e0a9d,True,location-k4-fold1-seed0,1
pg_cnn,F_R,22,SS_vs_ar,0.10633935789087845,1297860,f4d62ad7513e0a9d,True,location-k4-fold1-seed0,1
pg_cnn,F_R,23,MSE,69545.45247510979,1297860,f4d62ad7513e0a9d,True,location-k4-fold1-seed0,1
pg_cnn,F_R,23,MAE,146.6683040756318,1297860,f4d62ad7513e0a9d,True,location-k4-fold1-seed0,1
pg_cnn,F_R,23,SS_vs_persistence,0.3990682934190577,1297860,f4d62ad7513e0a9d,True,location-k4-fold1-seed0,1
pg_cnn,F_R,23,SS_vs_seasonal,0.4389617673789721,1297860,f4d62ad7513e0a9d,True,location-k4-fold1-seed0,1
pg_cnn,F_R,23,SS_vs_ar,0.11449452956751427,1297860,f4d62ad7513e0a9d,True,location-k4-fold1-seed0,1
pg_cnn,F_R,24,MSE,69901.14815523694,1297860,f4d62ad7513e0a9d,True,location-k4-fold1-seed0,1
pg_cnn,F_R,24,MAE,147.0575945300107,1297860,f4d62ad7513e0a9d,True,location-k4-fold1-seed0,1
pg_cnn,F_R,24,SS_vs_persistence,0.40703207850059564,1297860,f4d62ad7513e0a9d,True,location-k4-fold1-seed0,1
pg_cnn,F_R,24,SS_vs_seasonal,0.43618557857688,1297860,f4d62ad7513e0a9d,True,location-k4-fold1-seed0,1
pg_cnn,F_R,24,SS_vs_ar,0.12354300876145374,1297860,f4d62ad7513e0a9d,True,location-k4-fold1-seed0,1
pg_cnn,F_R,25,MSE,70350.63211615117,1297860,f4d62ad7513e0a9d,True,location-k4-fold1-seed0,1
pg_cnn,F_R,25,MAE,147.3976638320364,1297860,f4d62ad7513e0a9d,True,location-k4-fold1-seed0,1
pg_cnn,F_R,25,SS_vs_persistence,0.40896909319902985,1297860,f4d62ad7513e0a9d,True,location-k4-fold1-seed0,1
pg_cnn,F_R,25,SS_vs_seasonal,0.43272573255749003,1297860,f4d62ad7513e0a9d,True,location-k4-fold1-seed0,1
pg_cnn,F_R,25,SS_vs_ar,0.12841117192064766,1297860,f4d62ad7513e0a9d,True,location-k4-fold1-seed0,1
pg_cnn,F_R,26,MSE,71203.33554052364,1297860,f4d62ad7513e0a9d,True,location-k4-fold1-seed0,1
pg_cnn,F_R,26,MAE,148.16729082079047,1297860,f4d62ad7513e0a9d,True,location-k4-fold1-seed0,1
pg_cnn,F_R,26,SS_vs_persistence,0.41736818266995734,1297860,f4d62ad7513e0a9d,True,location-k4-fold1-seed0,1
pg_cnn,F_R,26,SS_vs_seasonal,0.4308353921745599,1297860,f4d62ad7513e0a9d,True,location-k4-fold1-seed0,1
pg_cnn,F_R,26,SS_vs_ar,0.1300964695071537,1297860,f4d62ad7513e0a9d,True,location-k4-fold1-seed0,1
pg_cnn,F_R,27,MSE,70543.44620917882,1297860,f4d62ad7513e0a9d,True,location-k4-fold1-seed0,1
pg_cnn,F_R,27,MAE,148.16112822997772,1297860,f4d62ad7513e0a9d,True,location-k4-fold1-seed0,1
pg_cnn,F_R,27,SS_vs_persistence,0.4248179724250968,1297860,f4d62ad7513e0a9d,True,location-k4-fold1-seed0,1
pg_cnn,F_R,27,SS_vs_seasonal,0.42388976247663135,1297860,f4d62ad7513e0a9d,True,location-k4-fold1-seed0,1
pg_cnn,F_R,27,SS_vs_ar,0.13151962189750155,1297860,f4d62ad7513e0a9d,True,location-k4-fold1-seed0,1
pg_cnn,F_R,28,MSE,70243.88989973959,1297860,f4d62ad7513e0a9d,True,location-k4-fold1-seed0,1
pg_cnn,F_R,28,MAE,148.049152310813,1297860,f4d62ad7513e0a9d,True,location-k4-fold1-seed0,1
pg_cnn,F_R,28,SS_vs_persistence,0.41746642354232044,1297860,f4d62ad7513e0a9d,True,location-k4-fold1-seed0,1
pg_cnn,F_R,28,SS_vs_seasonal,0.43507935579917534,1297860,f4d62ad7513e0a9d,True,location-k4-fold1-seed0,1
pg_cnn,F_R,28,SS_vs_ar,0.13280974021555036,1297860,f4d62ad7513e0a9d,True,location-k4-fold1-seed0,1
pg_cnn,F_R,29,MSE,69846.19144555212,1297860,f4d62ad7513e0a9d,True,location-k4-fold1-seed0,1
pg_cnn,F_R,29,MAE,148.01972442068535,1297860,f4d62ad7513e0a9d,True,location-k4-fold1-seed0,1
pg_cnn,F_R,29,SS_vs_persistence,0.41394068892188285,1297860,f4d62ad7513e0a9d,True,location-k4-fold1-seed0,1
pg_cnn,F_R,29,SS_vs_seasonal,0.43779718786108124,1297860,f4d62ad7513e0a9d,True,location-k4-fold1-seed0,1
pg_cnn,F_R,29,SS_vs_ar,0.13668543539104938,1297860,f4d62ad7513e0a9d,True,location-k4-fold1-seed0,1
pg_cnn,F_R,30,MSE,69467.56420422843,1297860,f4d62ad7513e0a9d,True,location-k4-fold1-seed0,1
pg_cnn,F_R,30,MAE,148.1351593996496,1297860,f4d62ad7513e0a9d,True,location-k4-fold1-seed0,1
pg_cnn,F_R,30,SS_vs_persistence,0.40408917858845084,1297860,f4d62ad7513e0a9d,True,location-k4-fold1-seed0,1
pg_cnn,F_R,30,SS_vs_seasonal,0.4404148215017125,1297860,f4d62ad7513e0a9d,True,location-k4-fold1-seed0,1
pg_cnn,F_R,30,SS_vs_ar,0.14202317285385568,1297860,f4d62ad7513e0a9d,True,location-k4-fold1-seed0,1
pg_cnn,F_R,all,MSE,67627.25109368855,1297860,f4d62ad7513e0a9d,True,location-k4-fold1-seed0,1
pg_cnn,F_R,all,MAE,142.68947856649723,1297860,f4d62ad7513e0a9d,True,location-k4-fold1-seed0,1
pg_cnn,F_R,all,SS_vs_persistence,0.4027614513432395,1297860,f4d62ad7513e0a9d,True,location-k4-fold1-seed0,1
pg_cnn,F_R,all,SS_vs_seasonal,0.4281046423389284,1297860,f4d62ad7513e0a9d,True,location-k4-fold1-seed0,1
pg_cnn,F_R,all,SS_vs_ar,0.07607096586566964,1297860,f4d62ad7513e0a9d,True,location-k4-fold1-seed0,1
pg_cnn,CoPx_R,1,MSE,0.13246467390926758,1297860,f4d62ad7513e0a9d,True,location-k4-fold1-seed0,1
pg_cnn,CoPx_R,1,MAE,0.24947322363777633,1297860,f4d62ad7513e0a9d,True,location-k4-fold1-seed0,1
pg_cnn,CoPx_R,1,SS_vs_persistence,0.38084673220958043,1297860,f4d62ad7513e0a9d,True,location-k4-fold1-seed0,1
pg_cnn,CoPx_R,1,SS_vs_seasonal,0.44949015665513514,1297860,f4d62ad7513e0a9d,True,location-k4-fold1-seed0,1
pg_cnn,CoPx_R,1,SS_vs_ar,-0.024334423920491233,1297860,f4d62ad7513e0a9d,True,location-k4-fold1-seed0,1
pg_cnn,CoPx_R,2,MSE,0.13595909715122947,1297860,f4d62ad7513e0a9d,True,location-k4-fold1-seed0,1
pg_cnn,CoPx_R,2,MAE,0.25368860887720696,1297860,f4d62ad7513e0a9d,True,location-k4-fold1-seed0,1
pg_cnn,CoPx_R,2,SS_vs_persistence,0.4378365476748822,1297860,f4d62ad7513e0a9d,True,location-k4-fold1-seed0,1
pg_cnn,CoPx_R,2,SS_vs_seasonal,0.44755907649511273,1297860,f4d62ad7513e0a9d,True,location-k4-fold1-seed0,1
pg_cnn,CoPx_R,2,SS_vs_ar,-0.014659216064029756,1297860,f4d62ad7513e0a9d,True,location-k4-fold1-seed0,1
pg_cnn,CoPx_R,3,MSE,0.13669585168124815,1297860,f4d62ad7513e0a9d,True,location-k4-fold1-seed0,1
pg_cnn,CoPx_R,3,MAE,0.2543660561222321,1297860,f4d62ad7513e0a9d,True,location-k4-fold1-seed0,1
pg_cnn,CoPx_R,3,SS_vs_persistence,0.43161398682322416,1297860,f4d62ad7513e0a9d,True,location-k4-fold1-seed0,1
pg_cnn,CoPx_R,3,SS_vs_seasonal,0.44232911410096676,1297860,f4d62ad7513e0a9d,True,location-k4-fold1-seed0,1
pg_cnn,CoPx_R,3,SS_vs_ar,-0.012852937797589226,1297860,f4d62ad7513e0a9d,True,location-k4-fold1-seed0,1
pg_cnn,CoPx_R,4,MSE,0.13799645361804766,1297860,f4d62ad7513e0a9d,True,location-k4-fold1-seed0,1
pg_cnn,CoPx_R,4,MAE,0.2559719309454265,1297860,f4d62ad7513e0a9d,True,location-k4-fold1-seed0,1
pg_cnn,CoPx_R,4,SS_vs_persistence,0.4424697411419366,1297860,f4d62ad7513e0a9d,True,location-k4-fold1-seed0,1
pg_cnn,CoPx_R,4,SS_vs_seasonal,0.44187293858958887,1297860,f4d62ad7513e0a9d,True,location-k4-fold1-seed0,1
pg_cnn,CoPx_R,4,SS_vs_ar,-0.009334283450166625,1297860,f4d62ad7513e0a9d,True,location-k4-fold1-seed0,1
pg_cnn,CoPx_R,5,MSE,0.13881541807798034,1297860,f4d62ad7513e0a9d,True,location-k4-fold1-seed0,1
pg_cnn,CoPx_R,5,MAE,0.25693218172833876,1297860,f4d62ad7513e0a9d,True,location-k4-fold1-seed0,1
pg_cnn,CoPx_R,5,SS_vs_persistence,0.46606456389946593,1297860,f4d62ad7513e0a9d,True,location-k4-fold1-seed0,1
pg_cnn,CoPx_R,5,SS_vs_seasonal,0.4428375814124691,1297860,f4d62ad7513e0a9d,True,location-k4-fold1-seed0,1
pg_cnn,CoPx_R,5,SS_vs_ar,-0.00894004408028004,1297860,f4d62ad7513e0a9d,True,location-k4-fold1-seed0,1
pg_cnn,CoPx_R,6,MSE,0.13897320725528794,1297860,f4d62ad7513e0a9d,True,location-k4-fold1-seed0,1
pg_cnn,CoPx_R,6,MAE,0.2569081713451788,1297860,f4d62ad7513e0a9d,True,location-k4-fold1-seed0,1
pg_cnn,CoPx_R,6,SS_vs_persistence,0.45567457552890134,1297860,f4d62ad7513e0a9d,True,location-k4-fold1-seed0,1
pg_cnn,CoPx_R,6,SS_vs_seasonal,0.43861682798573576,1297860,f4d62ad7513e0a9d,True,location-k4-fold1-seed0,1
pg_cnn,CoPx_R,6,SS_vs_ar,-0.012080136549041276,1297860,f4d62ad7513e0a9d,True,location-k4-fold1-seed0,1
pg_cnn,CoPx_R,7,MSE,0.1392548167409863,1297860,f4d62ad7513e0a9d,True,location-k4-fold1-seed0,1
pg_cnn,CoPx_R,7,MAE,0.25730338376243383,1297860,f4d62ad7513e0a9d,True,location-k4-fold1-seed0,1
pg_cnn,CoPx_R,7,SS_vs_persistence,0.4583352884825832,1297860,f4d62ad7513e0a9d,True,location-k4-fold1-seed0,1
pg_cnn,CoPx_R,7,SS_vs_seasonal,0.43667013506851116,1297860,f4d62ad7513e0a9d,True,location-k4-fold1-seed0,1
pg_cnn,CoPx_R,7,SS_vs_ar,-0.015680494314002758,1297860,f4d62ad7513e0a9d,True,location-k4-fold1-seed0,1
pg_cnn,CoPx_R,8,MSE,0.1398507588801665,1297860,f4d62ad7513e0a9d,True,location-k4-fold1-seed0,1
pg_cnn,CoPx_R,8,MAE,0.25800910481054157,1297860,f4d62ad7513e0a9d,True,location-k4-fold1-seed0,1
pg_cnn,CoPx_R,8,SS_vs_persistence,0.448349152767307,1297860,f4d62ad7513e0a9d,True,location-k4-fold1-seed0,1
pg_cnn,CoPx_R,8,SS_vs_seasonal,0.4336755720082641,1297860,f4d62ad7513e0a9d,True,location-k4-fold1-seed0,1
pg_cnn,CoPx_R,8,SS_vs_ar,-0.019223624709225007,1297860,f4d62ad7513e0a9d,True,location-k4-fold1-seed0,1
pg_cnn,CoPx_R,9,MSE,0.1408664619397172,1297860,f4d62ad7513e0a9d,True,location-k4-fold1-seed0,1
pg_cnn,CoPx_R,9,MAE,0.2588299139432797,1297860,f4d62ad7513e0a9d,True,location-k4-fold1-seed0,1
pg_cnn,CoPx_R,9,SS_vs_persistence,0.4200414033532539,1297860,f4d62ad7513e0a9d,True,location-k4-fold1-seed0,1
pg_cnn,CoPx_R,9,SS_vs_seasonal,0.42129689334165765,1297860,f4d62ad7513e0a9d,True,location-k4-fold1-seed0,1
pg_cnn,CoPx_R,9,SS_vs_ar,-0.023902999786474144,1297860,f4d62ad7513e0a9d,True,location-k4-fold1-seed0,1
pg_cnn,CoPx_R,10,MSE,0.1418320471476475,1297860,f4d62ad7513e0a9d,True,location-k4-fold1-seed0,1
pg_cnn,CoPx_R,10,MAE,0.259825967757887,1297860,f4d62ad7513e0a9d,True,location-k4-fold1-seed0,1
pg_cnn,CoPx_R,10,SS_vs_persistence,0.41191481849593825,1297860,f4d62ad7513e0a9d,True,location-k4-fold1-seed0,1
pg_cnn,CoPx_R,10,SS_vs_seasonal,0.453465486808894,1297860,f4d62ad7513e0a9d,True,location-k4-fold1-seed0,1
pg_cnn,CoPx_R,10,SS_vs_ar,-0.020847762448949148,1297860,f4d62ad7513e0a9d,True,location-k4-fold1-seed0,1
pg_cnn,CoPx_R,11,MSE,0.14315470785285175,1297860,f4d62ad7513e0a9d,True,location-k4-fold1-seed0,1
pg_cnn,CoPx_R,11,MAE,0.261306659930521,1297860,f4d62ad7513e0a9d,True,location-k4-fold1-seed0,1
pg_cnn,CoPx_R,11,SS_vs_persistence,0.41596370621631307,1297860,f4d62ad7513e0a9d,True,location-k4-fold1-seed0,1
pg_cnn,CoPx_R,11,SS_vs_seasonal,0.4523221682679115,1297860,f4d62ad7513e0a9d,True,location-k4-fold1-seed0,1
pg_cnn,CoPx_R,11,SS_vs_ar,-0.016465869082523676,1297860,f4d62ad7513e0a9d,True,location-k4-fold1-seed0,1
pg_cnn,CoPx_R,12,MSE,0.14416947469739924,1297860,f4d62ad7513e0a9d,True,location-k4-fold1-seed0,1
pg_cnn,CoPx_R,12,MAE,0.26244707935735856,1297860,f4d62ad7513e0a9d,True,location-k4-fold1-seed0,1
pg_cnn,CoPx_R,12,SS_vs_persistence,0.43546432564227444,1297860,f4d62ad7513e0a9d,True,location-k4-fold1-seed0,1
pg_cnn,CoPx_R,12,SS_vs_seasonal,0.44986878870773717,1297860,f4d62ad7513e0a9d,True,location-k4-fold1-seed0,1
pg_cnn,CoPx_R,12,SS_vs_ar,-0.014248665321492826,1297860,f4d62ad7513e0a9d,True,location-k4-fold1-seed0,1
pg_cnn,CoPx_R,13,MSE,0.14428165875764756,1297860,f4d62ad7513e0a9d,True,location-k4-fold1-seed0,1
pg_cnn,CoPx_R,13,MAE,0.2626307723509671,1297860,f4d62ad7513e0a9d,True,location-k4-fold1-seed0,1
pg_cnn,CoPx_R,13,SS_vs_persistence,0.44023049078359033,1297860,f4d62ad7513e0a9d,True,location-k4-fold1-seed0,1
pg_cnn,CoPx_R,13,SS_vs_seasonal,0.4482866778632846,1297860,f4d62ad7513e0a9d,True,location-k4-fold1-seed0,1
pg_cnn,CoPx_R,13,SS_vs_ar,-0.013257189769116495,1297860,f4d62ad7513e0a9d,True,location-k4-fold1-seed0,1
pg_cnn,CoPx_R,14,MSE,0.14460497884238246,1297860,f4d62ad7513e0a9d,True,location-k4-fold1-seed0,1
pg_cnn,CoPx_R,14,MAE,0.2628305025545805,1297860,f4d62ad7513e0a9d,True,location-k4-fold1-seed0,1
pg_cnn,CoPx_R,14,SS_vs_persistence,0.43713535801224734,1297860,f4d62ad7513e0a9d,True,location-k4-fold1-seed0,1
pg_cnn,CoPx_R,14,SS_vs_seasonal,0.4471958660893993,1297860,f4d62ad7513e0a9d,True,location-k4-fold1-seed0,1
pg_cnn,CoPx_R,14,SS_vs_ar,-0.011606176385509759,1297860,f4d62ad7513e0a9d,True,location-k4-fold1-seed0,1
pg_cnn,CoPx_R,15,MSE,0.14507708155427607,1297860,f4d62ad7513e0a9d,True,location-k4-fold1-seed0,1
pg_cnn,CoPx_R,15,MAE,0.26325926718964937,1297860,f4d62ad7513e0a9d,True,location-k4-fold1-seed0,1
pg_cnn,CoPx_R,15,SS_vs_persistence,0.45616903437100154,1297860,f4d62ad7513e0a9d,True,location-k4-fold1-seed0,1
pg_cnn,CoPx_R,15,SS_vs_seasonal,0.4506056114595415,1297860,f4d62ad7513e0a9d,True,location-k4-fold1-seed0,1
pg_cnn,CoPx_R,15,SS_vs_ar,-0.008659947348740316,1297860,f4d62ad7513e0a9d,True,location-k4-fold1-seed0,1
pg_cnn,CoPx_R,16,MSE,0.14526593614937264,1297860,f4d62ad7513e0a9d,True,location-k4-fold1-seed0,1
pg_cnn,CoPx_R,16,MAE,0.2634970266785969,1297860,f4d62ad7513e0a9d,True,location-k4-fold1-seed0,1
pg_cnn,CoPx_R,16,SS_vs_persistence,0.4699409475512254,1297860,f4d62ad7513e0a9d,True,location-k4-fold1-seed0,1
pg_cnn,CoPx_R,16,SS_vs_seasonal,0.4505712459327298,1297860,f4d62ad7513e0a9d,True,location-k4-fold1-seed0,1
pg_cnn,CoPx_R,16,SS_vs_ar,-0.007971345102654626,1297860,f4d62ad7513e0a9d,True,location-k4-fold1-seed0,1
pg_cnn,CoPx_R,17,MSE,0.14543916935468645,1297860,f4d62ad7513e0a9d,True,location-k4-fold1-seed0,1
pg_cnn,CoPx_R,17,MAE,0.2635946124715133,1297860,f4d62ad7513e0a9d,True,location-k4-fold1-seed0,1
pg_cnn,CoPx_R,17,SS_vs_persistence,0.45804181774958175,1297860,f4d62ad7513e0a9d,True,location-k4-fold1-seed0,1
pg_cnn,CoPx_R,17,SS_vs_seasonal,0.4508439285932545,1297860,f4d62ad7513e0a9d,True,location-k4-fold1-seed0,1
pg_cnn,CoPx_R,17,SS_vs_ar,-0.009791329258056036,1297860,f4d62ad7513e0a9d,True,location-k4-fold1-seed0,1
pg_cnn,CoPx_R,18,MSE,0.14586603377171642,1297860,f4d62ad7513e0a9d,True,location-k4-fold1-seed0,1
pg_cnn,CoPx_R,18,MAE,0.26419011250870716,1297860,f4d62ad7513e0a9d,True,location-k4-fold1-seed0,1
pg_cnn,CoPx_R,18,SS_vs_persistence,0.4456294845421813,1297860,f4d62ad7513e0a9d,True,location-k4-fold1-seed0,1
pg_cnn,CoPx_R,18,SS_vs_seasonal,0.4463660459024208,1297860,f4d62ad7513e0a9d,True,location-k4-fold1-seed0,1
pg_cnn,CoPx_R,18,SS_vs_ar,-0.012449823954187034,1297860,f4d62ad7513e0a9d,True,location-k4-fold1-seed0,1
pg_cnn,CoPx_R,19,MSE,0.14674474888069677,1297860,f4d62ad7513e0a9d,True,location-k4-fold1-seed0,1
pg_cnn,CoPx_R,19,MAE,0.26510573047304276,1297860,f4d62ad7513e0a9d,True,location-k4-fold1-seed0,1
pg_cnn,CoPx_R,19,SS_vs_persistence,0.4333282105554902,1297860,f4d62ad7513e0a9d,True,location-k4-fold1-seed0,1
pg_cnn,CoPx_R,19,SS_vs_seasonal,0.46844960273257374,1297860,f4d62ad7513e0a9d,True,location-k4-fold1-seed0,1
pg_cnn,CoPx_R,19,SS_vs_ar,-0.015396894888173973,1297860,f4d62ad7513e0a9d,True,location-k4-fold1-seed0,1
pg_cnn,CoPx_R,20,MSE,0.1470354201680517,1297860,f4d62ad7513e0a9d,True,location-k4-fold1-seed0,1
pg_cnn,CoPx_R,20,MAE,0.2654984844516961,1297860,f4d62ad7513e0a9d,True,location-k4-fold1-seed0,1
pg_cnn,CoPx_R,20,SS_vs_persistence,0.42071642270122867,1297860,f4d62ad7513e0a9d,True,location-k4-fold1-seed0,1
pg_cnn,CoPx_R,20,SS_vs_seasonal,0.46670511165124307,1297860,f4d62ad7513e0a9d,True,location-k4-fold1-seed0,1
pg_cnn,CoPx_R,20,SS_vs_ar,-0.014779455651956486,1297860,f4d62ad7513e0a9d,True,location-k4-fold1-seed0,1
pg_cnn,CoPx_R,21,MSE,0.1476457325689403,1297860,f4d62ad7513e0a9d,True,location-k4-fold1-seed0,1
pg_cnn,CoPx_R,21,MAE,0.2663346444896423,1297860,f4d62ad7513e0a9d,True,location-k4-fold1-seed0,1
pg_cnn,CoPx_R,21,SS_vs_persistence,0.42006198169350806,1297860,f4d62ad7513e0a9d,True,location-k4-fold1-seed0,1
pg_cnn,CoPx_R,21,SS_vs_seasonal,0.4644228176758155,1297860,f4d62ad7513e0a9d,True,location-k4-fold1-seed0,1
pg_cnn,CoPx_R,21,SS_vs_ar,-0.01331770230155227,1297860,f4d62ad7513e0a9d,True,location-k4-fold1-seed0,1
pg_cnn,CoPx_R,22,MSE,0.1485312289764355,1297860,f4d62ad7513e0a9d,True,location-k4-fold1-seed0,1
pg_cnn,CoPx_R,22,MAE,0.2671554139056999,1297860,f4d62ad7513e0a9d,True,location-k4-fold1-seed0,1
pg_cnn,CoPx_R,22,SS_vs_persistence,0.42075872109168677,1297860,f4d62ad7513e0a9d,True,location-k4-fold1-seed0,1
pg_cnn,CoPx_R,22,SS_vs_seasonal,0.46360390231366777,1297860,f4d62ad7513e0a9d,True,location-k4-fold1-seed0,1
pg_cnn,CoPx_R,22,SS_vs_ar,-0.011660998884503337,1297860,f4d62ad7513e0a9d,True,location-k4-fold1-seed0,1
pg_cnn,CoPx_R,23,MSE,0.14911017617462652,1297860,f4d62ad7513e0a9d,True,location-k4-fold1-seed0,1
pg_cnn,CoPx_R,23,MAE,0.26771028494068483,1297860,f4d62ad7513e0a9d,True,location-k4-fold1-seed0,1
pg_cnn,CoPx_R,23,SS_vs_persistence,0.42298066919413846,1297860,f4d62ad7513e0a9d,True,location-k4-fold1-seed0,1
pg_cnn,CoPx_R,23,SS_vs_seasonal,0.46122160597131745,1297860,f4d62ad7513e0a9d,True,location-k4-fold1-seed0,1
pg_cnn,CoPx_R,23,SS_vs_ar,-0.009290922752165809,1297860,f4d62ad7513e0a9d,True,location-k4-fold1-seed0,1
pg_cnn,CoPx_R,24,MSE,0.14988111969909257,1297860,f4d62ad7513e0a9d,True,location-k4-fold1-seed0,1
pg_cnn,CoPx_R,24,MAE,0.2684232715644534,1297860,f4d62ad7513e0a9d,True,location-k4-fold1-seed0,1
pg_cnn,CoPx_R,24,SS_vs_persistence,0.43968520600792504,1297860,f4d62ad7513e0a9d,True,location-k4-fold1-seed0,1
pg_cnn,CoPx_R,24,SS_vs_seasonal,0.4647030013614263,1297860,f4d62ad7513e0a9d,True,location-k4-fold1-seed0,1
pg_cnn,CoPx_R,24,SS_vs_ar,-0.006906949091228576,1297860,f4d62ad7513e0a9d,True,location-k4-fold1-seed0,1
pg_cnn,CoPx_R,25,MSE,0.14988688269542008,1297860,f4d62ad7513e0a9d,True,location-k4-fold1-seed0,1
pg_cnn,CoPx_R,25,MAE,0.2684710441348181,1297860,f4d62ad7513e0a9d,True,location-k4-fold1-seed0,1
pg_cnn,CoPx_R,25,SS_vs_persistence,0.44844266154167267,1297860,f4d62ad7513e0a9d,True,location-k4-fold1-seed0,1
pg_cnn,CoPx_R,25,SS_vs_seasonal,0.46320948863453903,1297860,f4d62ad7513e0a9d,True,location-k4-fold1-seed0,1
pg_cnn,CoPx_R,25,SS_vs_ar,-0.004631718791406669,1297860,f4d62ad7513e0a9d,True,location-k4-fold1-seed0,1
pg_cnn,CoPx_R,26,MSE,0.15014149146950942,1297860,f4d62ad7513e0a9d,True,location-k4-fold1-seed0,1
pg_cnn,CoPx_R,26,MAE,0.268805550705486,1297860,f4d62ad7513e0a9d,True,location-k4-fold1-seed0,1
pg_cnn,CoPx_R,26,SS_vs_persistence,0.45942704212451224,1297860,f4d62ad7513e0a9d,True,location-k4-fold1-seed0,1
pg_cnn,CoPx_R,26,SS_vs_seasonal,0.4656795060635335,1297860,f4d62ad7513e0a9d,True,location-k4-fold1-seed0,1
pg_cnn,CoPx_R,26,SS_vs_ar,-0.005102674467826862,1297860,f4d62ad7513e0a9d,True,location-k4-fold1-seed0,1
pg_cnn,CoPx_R,27,MSE,0.15011877334940785,1297860,f4d62ad7513e0a9d,True,location-k4-fold1-seed0,1
pg_cnn,CoPx_R,27,MAE,0.26886929615158933,1297860,f4d62ad7513e0a9d,True,location-k4-fold1-seed0,1
pg_cnn,CoPx_R,27,SS_vs_persistence,0.4672945879105179,1297860,f4d62ad7513e0a9d,True,location-k4-fold1-seed0,1
pg_cnn,CoPx_R,27,SS_vs_seasonal,0.4662906386095028,1297860,f4d62ad7513e0a9d,True,location-k4-fold1-seed0,1
pg_cnn,CoPx_R,27,SS_vs_ar,-0.007104560247442215,1297860,f4d62ad7513e0a9d,True,location-k4-fold1-seed0,1
pg_cnn,CoPx_R,28,MSE,0.15011786862662507,1297860,f4d62ad7513e0a9d,True,location-k4-fold1-seed0,1
pg_cnn,CoPx_R,28,MAE,0.26882915462650436,1297860,f4d62ad7513e0a9d,True,location-k4-fold1-seed0,1
pg_cnn,CoPx_R,28,SS_vs_persistence,0.4422677245184866,1297860,f4d62ad7513e0a9d,True,location-k4-fold1-seed0,1
pg_cnn,CoPx_R,28,SS_vs_seasonal,0.45730293112445186,1297860,f4d62ad7513e0a9d,True,location-k4-fold1-seed0,1
pg_cnn,CoPx_R,28,SS_vs_ar,-0.01225724245601767,1297860,f4d62ad7513e0a9d,True,location-k4-fold1-seed0,1
pg_cnn,CoPx_R,29,MSE,0.15067293722644032,1297860,f4d62ad7513e0a9d,True,location-k4-fold1-seed0,1
pg_cnn,CoPx_R,29,MAE,0.26951233064557834,1297860,f4d62ad7513e0a9d,True,location-k4-fold1-seed0,1
pg_cnn,CoPx_R,29,SS_vs_persistence,0.4305856933218386,1297860,f4d62ad7513e0a9d,True,location-k4-fold1-seed0,1
pg_cnn,CoPx_R,29,SS_vs_seasonal,0.45221176448846356,1297860,f4d62ad7513e0a9d,True,location-k4-fold1-seed0,1
pg_cnn,CoPx_R,29,SS_vs_ar,-0.0165985847972292,1297860,f4d62ad7513e0a9d,True,location-k4-fold1-seed0,1
pg_cnn,CoPx_R,30,MSE,0.151452040250335,1297860,f4d62ad7513e0a9d,True,location-k4-fold1-seed0,1
pg_cnn,CoPx_R,30,MAE,0.27014560205388527,1297860,f4d62ad7513e0a9d,True,location-k4-fold1-seed0,1
pg_cnn,CoPx_R,30,SS_vs_persistence,0.43685920964681935,1297860,f4d62ad7513e0a9d,True,location-k4-fold1-seed0,1
pg_cnn,CoPx_R,30,SS_vs_seasonal,0.4548559813815992,1297860,f4d62ad7513e0a9d,True,location-k4-fold1-seed0,1
pg_cnn,CoPx_R,30,SS_vs_ar,-0.017363743514095864,1297860,f4d62ad7513e0a9d,True,location-k4-fold1-seed0,1
pg_cnn,CoPx_R,all,MSE,0.1443968749155821,1297860,f4d62ad7513e0a9d,True,location-k4-fold1-seed0,1
pg_cnn,CoPx_R,all,MAE,0.26266417947050585,1297860,f4d62ad7513e0a9d,True,location-k4-fold1-seed0,1
pg_cnn,CoPx_R,all,SS_vs_persistence,0.43923111519619606,1297860,f4d62ad7513e0a9d,True,location-k4-fold1-seed0,1
pg_cnn,CoPx_R,all,SS_vs_seasonal,0.4522327488115747,1297860,f4d62ad7513e0a9d,True,location-k4-fold1-seed0,1
pg_cnn,CoPx_R,all,SS_vs_ar,-0.012923169398234347,1297860,f4d62ad7513e0a9d,True,location-k4-fold1-seed0,1
pg_cnn,CoPy_R,1,MSE,0.08249125831264635,1297860,f4d62ad7513e0a9d,True,location-k4-fold1-seed0,1
pg_cnn,CoPy_R,1,MAE,0.22168042661479007,1297860,f4d62ad7513e0a9d,True,location-k4-fold1-seed0,1
pg_cnn,CoPy_R,1,SS_vs_persistence,0.3512466798163879,1297860,f4d62ad7513e0a9d,True,location-k4-fold1-seed0,1
pg_cnn,CoPy_R,1,SS_vs_seasonal,0.46616652209130416,1297860,f4d62ad7513e0a9d,True,location-k4-fold1-seed0,1
pg_cnn,CoPy_R,1,SS_vs_ar,-0.02415620603094526,1297860,f4d62ad7513e0a9d,True,location-k4-fold1-seed0,1
pg_cnn,CoPy_R,2,MSE,0.08585589009101381,1297860,f4d62ad7513e0a9d,True,location-k4-fold1-seed0,1
pg_cnn,CoPy_R,2,MAE,0.22504193088551647,1297860,f4d62ad7513e0a9d,True,location-k4-fold1-seed0,1
pg_cnn,CoPy_R,2,SS_vs_persistence,0.40543668658190435,1297860,f4d62ad7513e0a9d,True,location-k4-fold1-seed0,1
pg_cnn,CoPy_R,2,SS_vs_seasonal,0.45597840499605247,1297860,f4d62ad7513e0a9d,True,location-k4-fold1-seed0,1
pg_cnn,CoPy_R,2,SS_vs_ar,-0.013041661450398978,1297860,f4d62ad7513e0a9d,True,location-k4-fold1-seed0,1
pg_cnn,CoPy_R,3,MSE,0.08758230789301656,1297860,f4d62ad7513e0a9d,True,location-k4-fold1-seed0,1
pg_cnn,CoPy_R,3,MAE,0.2267365140421563,1297860,f4d62ad7513e0a9d,True,location-k4-fold1-seed0,1
pg_cnn,CoPy_R,3,SS_vs_persistence,0.4094715510329002,1297860,f4d62ad7513e0a9d,True,location-k4-fold1-seed0,1
pg_cnn,CoPy_R,3,SS_vs_seasonal,0.44883550852723875,1297860,f4d62ad7513e0a9d,True,location-k4-fold1-seed0,1
pg_cnn,CoPy_R,3,SS_vs_ar,-0.0148774494150401,1297860,f4d62ad7513e0a9d,True,location-k4-fold1-seed0,1
pg_cnn,CoPy_R,4,MSE,0.0886192745361908,1297860,f4d62ad7513e0a9d,True,location-k4-fold1-seed0,1
pg_cnn,CoPy_R,4,MAE,0.22789756941711414,1297860,f4d62ad7513e0a9d,True,location-k4-fold1-seed0,1
pg_cnn,CoPy_R,4,SS_vs_persistence,0.4132814254346857,1297860,f4d62ad7513e0a9d,True,location-k4-fold1-seed0,1
pg_cnn,CoPy_R,4,SS_vs_seasonal,0.4429880655777779,1297860,f4d62ad7513e0a9d,True,location-k4-fold1-seed0,1
pg_cnn,CoPy_R,4,SS_vs_ar,-0.013931016251468309,1297860,f4d62ad7513e0a9d,True,location-k4-fold1-seed0,1
pg_cnn,CoPy_R,5,MSE,0.08972057052477206,1297860,f4d62ad7513e0a9d,True,location-k4-fold1-seed0,1
pg_cnn,CoPy_R,5,MAE,0.22920543748375613,1297860,f4d62ad7513e0a9d,True,location-k4-fold1-seed0,1
pg_cnn,CoPy_R,5,SS_vs_persistence,0.421124868580788,1297860,f4d62ad7513e0a9d,True,location-k4-fold1-seed0,1
pg_cnn,CoPy_R,5,SS_vs_seasonal,0.4366046451198109,1297860,f4d62ad7513e0a9d,True,location-k4-fold1-seed0,1
pg_cnn,CoPy_R,5,SS_vs_ar,-0.012592017803584321,1297860,f4d62ad7513e0a9d,True,location-k4-fold1-seed0,1
pg_cnn,CoPy_R,6,MSE,0.09033301356806468,1297860,f4d62ad7513e0a9d,True,location-k4-fold1-seed0,1
pg_cnn,CoPy_R,6,MAE,0.22989578284655218,1297860,f4d62ad7513e0a9d,True,location-k4-fold1-seed0,1
pg_cnn,CoPy_R,6,SS_vs_persistence,0.41773035171418527,1297860,f4d62ad7513e0a9d,True,location-k4-fold1-seed0,1
pg_cnn,CoPy_R,6,SS_vs_seasonal,0.43211638364520877,1297860,f4d62ad7513e0a9d,True,location-k4-fold1-seed0,1
pg_cnn,CoPy_R,6,SS_vs_ar,-0.011971699706822436,1297860,f4d62ad7513e0a9d,True,location-k4-fold1-seed0,1
pg_cnn,CoPy_R,7,MSE,0.09133613716421496,1297860,f4d62ad7513e0a9d,True,location-k4-fold1-seed0,1
pg_cnn,CoPy_R,7,MAE,0.23098513533103648,1297860,f4d62ad7513e0a9d,True,location-k4-fold1-seed0,1
pg_cnn,CoPy_R,7,SS_vs_persistence,0.4299839245860665,1297860,f4d62ad7513e0a9d,True,location-k4-fold1-seed0,1
pg_cnn,CoPy_R,7,SS_vs_seasonal,0.42802406755525346,1297860,f4d62ad7513e0a9d,True,location-k4-fold1-seed0,1
pg_cnn,CoPy_R,7,SS_vs_ar,-0.013801012246101863,1297860,f4d62ad7513e0a9d,True,location-k4-fold1-seed0,1
pg_cnn,CoPy_R,8,MSE,0.09211532554173979,1297860,f4d62ad7513e0a9d,True,location-k4-fold1-seed0,1
pg_cnn,CoPy_R,8,MAE,0.232115345295904,1297860,f4d62ad7513e0a9d,True,location-k4-fold1-seed0,1
pg_cnn,CoPy_R,8,SS_vs_persistence,0.42329715901047327,1297860,f4d62ad7513e0a9d,True,location-k4-fold1-seed0,1
pg_cnn,CoPy_R,8,SS_vs_seasonal,0.41887367017594,1297860,f4d62ad7513e0a9d,True,location-k4-fold1-seed0,1
pg_cnn,CoPy_R,8,SS_vs_ar,-0.018291368561971222,1297860,f4d62ad7513e0a9d,True,location-k4-fold1-seed0,1
pg_cnn,CoPy_R,9,MSE,0.09264475971838482,1297860,f4d62ad7513e0a9d,True,location-k4-fold1-seed0,1
pg_cnn,CoPy_R,9,MAE,0.23271077691301445,1297860,f4d62ad7513e0a9d,True,location-k4-fold1-seed0,1
pg_cnn,CoPy_R,9,SS_vs_persistence,0.4094168885061743,1297860,f4d62ad7513e0a9d,True,location-k4-fold1-seed0,1
pg_cnn,CoPy_R,9,SS_vs_seasonal,0.41053809269292796,1297860,f4d62ad7513e0a9d,True,location-k4-fold1-seed0,1
pg_cnn,CoPy_R,9,SS_vs_ar,-0.01899559599110412,1297860,f4d62ad7513e0a9d,True,location-k4-fold1-seed0,1
pg_cnn,CoPy_R,10,MSE,0.09337473902483938,1297860,f4d62ad7513e0a9d,True,location-k4-fold1-seed0,1
pg_cnn,CoPy_R,10,MAE,0.23365981235324004,1297860,f4d62ad7513e0a9d,True,location-k4-fold1-seed0,1
pg_cnn,CoPy_R,10,SS_vs_persistence,0.4242013756824595,1297860,f4d62ad7513e0a9d,True,location-k4-fold1-seed0,1
pg_cnn,CoPy_R,10,SS_vs_seasonal,0.4530410378288875,1297860,f4d62ad7513e0a9d,True,location-k4-fold1-seed0,1
pg_cnn,CoPy_R,10,SS_vs_ar,-0.017273989380814925,1297860,f4d62ad7513e0a9d,True,location-k4-fold1-seed0,1
pg_cnn,CoPy_R,11,MSE,0.09395758244950063,1297860,f4d62ad7513e0a9d,True,location-k4-fold1-seed0,1
pg_cnn,CoPy_R,11,MAE,0.23452186397786476,1297860,f4d62ad7513e0a9d,True,location-k4-fold1-seed0,1
pg_cnn,CoPy_R,11,SS_vs_persistence,0.43805532081517096,1297860,f4d62ad7513e0a9d,True,location-k4-fold1-seed0,1
pg_cnn,CoPy_R,11,SS_vs_seasonal,0.4544357043963734,1297860,f4d62ad7513e0a9d,True,location-k4-fold1-seed0,1
pg_cnn,CoPy_R,11,SS_vs_ar,-0.01817616761292018,1297860,f4d62ad7513e0a9d,True,location-k4-fold1-seed0,1
pg_cnn,CoPy_R,12,MSE,0.0942686256288545,1297860,f4d62ad7513e0a9d,True,location-k4-fold1-seed0,1
pg_cnn,CoPy_R,12,MAE,0.23503654966546506,1297860,f4d62ad7513e0a9d,True,location-k4-fold1-seed0,1
pg_cnn,CoPy_R,12,SS_vs_persistence,0.43308245866458817,1297860,f4d62ad7513e0a9d,True,location-k4-fold1-seed0,1
pg_cnn,CoPy_R,12,SS_vs_seasonal,0.4508577782548836,1297860,f4d62ad7513e0a9d,True,location-k4-fold1-seed0,1
pg_cnn,CoPy_R,12,SS_vs_ar,-0.02115425054573361,1297860,f4d62ad7513e0a9d,True,location-k4-fold1-seed0,1
pg_cnn,CoPy_R,13,MSE,0.09473776276027791,1297860,f4d62ad7513e0a9d,True,location-k4-fold1-seed0,1
pg_cnn,CoPy_R,13,MAE,0.23560936302564725,1297860,f4d62ad7513e0a9d,True,location-k4-fold1-seed0,1
pg_cnn,CoPy_R,13,SS_vs_persistence,0.43093551617471026,1297860,f4d62ad7513e0a9d,True,location-k4-fold1-seed0,1
pg_cnn,CoPy_R,13,SS_vs_seasonal,0.44420665541217064,1297860,f4d62ad7513e0a9d,True,location-k4-fold1-seed0,1
pg_cnn,CoPy_R,13,SS_vs_ar,-0.02348741625062334,1297860,f4d62ad7513e0a9d,True,location-k4-fold1-seed0,1
pg_cnn,CoPy_R,14,MSE,0.0950674673493753,1297860,f4d62ad7513e0a9d,True,location-k4-fold1-seed0,1
pg_cnn,CoPy_R,14,MAE,0.23600462083358234,1297860,f4d62ad7513e0a9d,True,location-k4-fold1-seed0,1
pg_cnn,CoPy_R,14,SS_vs_persistence,0.4147082253222901,1297860,f4d62ad7513e0a9d,True,location-k4-fold1-seed0,1
pg_cnn,CoPy_R,14,SS_vs_seasonal,0.43969753879281326,1297860,f4d62ad7513e0a9d,True,location-k4-fold1-seed0,1
pg_cnn,CoPy_R,14,SS_vs_ar,-0.024939400813114743,1297860,f4d62ad7513e0a9d,True,location-k4-fold1-seed0,1
pg_cnn,CoPy_R,15,MSE,0.09544521304746949,1297860,f4d62ad7513e0a9d,True,location-k4-fold1-seed0,1
pg_cnn,CoPy_R,15,MAE,0.23646999222790227,1297860,f4d62ad7513e0a9d,True,location-k4-fold1-seed0,1
pg_cnn,CoPy_R,15,SS_vs_persistence,0.4021247854293647,1297860,f4d62ad7513e0a9d,True,location-k4-fold1-seed0,1
pg_cnn,CoPy_R,15,SS_vs_seasonal,0.4325753863235442,1297860,f4d62ad7513e0a9d,True,location-k4-fold1-seed0,1
pg_cnn,CoPy_R,15,SS_vs_ar,-0.024617843666109973,1297860,f4d62ad7513e0a9d,True,location-k4-fold1-seed0,1
pg_cnn,CoPy_R,16,MSE,0.0960607666244186,1297860,f4d62ad7513e0a9d,True,location-k4-fold1-seed0,1
pg_cnn,CoPy_R,16,MAE,0.23738793700072242,1297860,f4d62ad7513e0a9d,True,location-k4-fold1-seed0,1
pg_cnn,CoPy_R,16,SS_vs_persistence,0.4102783945100381,1297860,f4d62ad7513e0a9d,True,location-k4-fold1-seed0,1
pg_cnn,CoPy_R,16,SS_vs_seasonal,0.43022161329864383,1297860,f4d62ad7513e0a9d,True,location-k4-fold1-seed0,1
pg_cnn,CoPy_R,16,SS_vs_ar,-0.02169837271027042,1297860,f4d62ad7513e0a9d,True,location-k4-fold1-seed0,1
pg_cnn,CoPy_R,17,MSE,0.0967851841657437,1297860,f4d62ad7513e0a9d,True,location-k4-fold1-seed0,1
pg_cnn,CoPy_R,17,MAE,0.2382473458776391,1297860,f4d62ad7513e0a9d,True,location-k4-fold1-seed0,1
pg_cnn,CoPy_R,17,SS_vs_persistence,0.4151116298321109,1297860,f4d62ad7513e0a9d,True,location-k4-fold1-seed0,1
pg_cnn,CoPy_R,17,SS_vs_seasonal,0.42785141895074463,1297860,f4d62ad7513e0a9d,True,location-k4-fold1-seed0,1
pg_cnn,CoPy_R,17,SS_vs_ar,-0.023343280413843148,1297860,f4d62ad7513e0a9d,True,location-k4-fold1-seed0,1
pg_cnn,CoPy_R,18,MSE,0.09760887804087756,1297860,f4d62ad7513e0a9d,True,location-k4-fold1-seed0,1
pg_cnn,CoPy_R,18,MAE,0.23924095297935308,1297860,f4d62ad7513e0a9d,True,location-k4-fold1-seed0,1
pg_cnn,CoPy_R,18,SS_vs_persistence,0.4263986473124076,1297860,f4d62ad7513e0a9d,True,location-k4-fold1-seed0,1
pg_cnn,CoPy_R,18,SS_vs_seasonal,0.4269373844069454,1297860,f4d62ad7513e0a9d,True,location-k4-fold1-seed0,1
pg_cnn,CoPy_R,18,SS_vs_ar,-0.024061001223122602,1297860,f4d62ad7513e0a9d,True,location-k4-fold1-seed0,1
pg_cnn,CoPy_R,19,MSE,0.09823676385066442,1297860,f4d62ad7513e0a9d,True,location-k4-fold1-seed0,1
pg_cnn,CoPy_R,19,MAE,0.240033554280065,1297860,f4d62ad7513e0a9d,True,location-k4-fold1-seed0,1
pg_cnn,CoPy_R,19,SS_vs_persistence,0.4270118229561696,1297860,f4d62ad7513e0a9d,True,location-k4-fold1-seed0,1
pg_cnn,CoPy_R,19,SS_vs_seasonal,0.44184128573537307,1297860,f4d62ad7513e0a9d,True,location-k4-fold1-seed0,1
pg_cnn,CoPy_R,19,SS_vs_ar,-0.026994204279558565,1297860,f4d62ad7513e0a9d,True,location-k4-fold1-seed0,1
pg_cnn,CoPy_R,20,MSE,0.09845091811296804,1297860,f4d62ad7513e0a9d,True,location-k4-fold1-seed0,1
pg_cnn,CoPy_R,20,MAE,0.24048368970030412,1297860,f4d62ad7513e0a9d,True,location-k4-fold1-seed0,1
pg_cnn,CoPy_R,20,SS_vs_persistence,0.4232592331345931,1297860,f4d62ad7513e0a9d,True,location-k4-fold1-seed0,1
pg_cnn,CoPy_R,20,SS_vs_seasonal,0.4395665589379788,1297860,f4d62ad7513e0a9d,True,location-k4-fold1-seed0,1
pg_cnn,CoPy_R,20,SS_vs_ar,-0.02952379086288137,1297860,f4d62ad7513e0a9d,True,location-k4-fold1-seed0,1
pg_cnn,CoPy_R,21,MSE,0.09857908349552039,1297860,f4d62ad7513e0a9d,True,location-k4-fold1-seed0,1
pg_cnn,CoPy_R,21,MAE,0.24070704128866116,1297860,f4d62ad7513e0a9d,True,location-k4-fold1-seed0,1
pg_cnn,CoPy_R,21,SS_vs_persistence,0.42951603452973763,1297860,f4d62ad7513e0a9d,True,location-k4-fold1-seed0,1
pg_cnn,CoPy_R,21,SS_vs_seasonal,0.44039018235312954,1297860,f4d62ad7513e0a9d,True,location-k4-fold1-seed0,1
pg_cnn,CoPy_R,21,SS_vs_ar,-0.03003365433926586,1297860,f4d62ad7513e0a9d,True,location-k4-fold1-seed0,1
pg_cnn,CoPy_R,22,MSE,0.09881833675060586,1297860,f4d62ad7513e0a9d,True,location-k4-fold1-seed0,1
pg_cnn,CoPy_R,22,MAE,0.24107569436015924,1297860,f4d62ad7513e0a9d,True,location-k4-fold1-seed0,1
pg_cnn,CoPy_R,22,SS_vs_persistence,0.42337674473302234,1297860,f4d62ad7513e0a9d,True,location-k4-fold1-seed0,1
pg_cnn,CoPy_R,22,SS_vs_seasonal,0.4403373402554934,1297860,f4d62ad7513e0a9d,True,location-k4-fold1-seed0,1
pg_cnn,CoPy_R,22,SS_vs_ar,-0.03135151657185298,1297860,f4d62ad7513e0a9d,True,location-k4-fold1-seed0,1
pg_cnn,CoPy_R,23,MSE,0.09912370401711845,1297860,f4d62ad7513e0a9d,True,location-k4-fold1-seed0,1
pg_cnn,CoPy_R,23,MAE,0.2413781262617249,1297860,f4d62ad7513e0a9d,True,location-k4-fold1-seed0,1
pg_cnn,CoPy_R,23,SS_vs_persistence,0.41384021693678497,1297860,f4d62ad7513e0a9d,True,location-k4-fold1-seed0,1
pg_cnn,CoPy_R,23,SS_vs_seasonal,0.43367987526879037,1297860,f4d62ad7513e0a9d,True,location-k4-fold1-seed0,1
pg_cnn,CoPy_R,23,SS_vs_ar,-0.03157243899264284,1297860,f4d62ad7513e0a9d,True,location-k4-fold1-seed0,1
pg_cnn,CoPy_R,24,MSE,0.0992222177574769,1297860,f4d62ad7513e0a9d,True,location-k4-fold1-seed0,1
pg_cnn,CoPy_R,24,MAE,0.24163173395111057,1297860,f4d62ad7513e0a9d,True,location-k4-fold1-seed0,1
pg_cnn,CoPy_R,24,SS_vs_persistence,0.4140371329137922,1297860,f4d62ad7513e0a9d,True,location-k4-fold1-seed0,1
pg_cnn,CoPy_R,24,SS_vs_seasonal,0.43016870189459444,1297860,f4d62ad7513e0a9d,True,location-k4-fold1-seed0,1
pg_cnn,CoPy_R,24,SS_vs_ar,-0.030507770718884775,1297860,f4d62ad7513e0a9d,True,location-k4-fold1-seed0,1
pg_cnn,CoPy_R,25,MSE,0.09955431398314439,1297860,f4d62ad7513e0a9d,True,location-k4-fold1-seed0,1
pg_cnn,CoPy_R,25,MAE,0.24234840118138698,1297860,f4d62ad7513e0a9d,True,location-k4-fold1-seed0,1
pg_cnn,CoPy_R,25,SS_vs_persistence,0.4221049351554196,1297860,f4d62ad7513e0a9d,True,location-k4-fold1-seed0,1
pg_cnn,CoPy_R,25,SS_vs_seasonal,0.4305251003220041,1297860,f4d62ad7513e0a9d,True,location-k4-fold1-seed0,1
pg_cnn,CoPy_R,25,SS_vs_ar,-0.02796574284948239,1297860,f4d62ad7513e0a9d,True,location-k4-fold1-seed0,1
pg_cnn,CoPy_R,26,MSE,0.09993830425513253,1297860,f4d62ad7513e0a9d,True,location-k4-fold1-seed0,1
pg_cnn,CoPy_R,26,MAE,0.24294642126435184,1297860,f4d62ad7513e0a9d,True,location-k4-fold1-seed0,1
pg_cnn,CoPy_R,26,SS_vs_persistence,0.4316427003555733,1297860,f4d62ad7513e0a9d,True,location-k4-fold1-seed0,1
pg_cnn,CoPy_R,26,SS_vs_seasonal,0.42932550649242796,1297860,f4d62ad7513e0a9d,True,location-k4-fold1-seed0,1
pg_cnn,CoPy_R,26,SS_vs_ar,-0.02810820421497673,1297860,f4d62ad7513e0a9d,True,location-k4-fold1-seed0,1
pg_cnn,CoPy_R,27,MSE,0.10011606909528548,1297860,f4d62ad7513e0a9d,True,location-k4-fold1-seed0,1
pg_cnn,CoPy_R,27,MAE,0.24327780061031898,1297860,f4d62ad7513e0a9d,True,location-k4-fold1-seed0,1
pg_cnn,CoPy_R,27,SS_vs_persistence,0.4298932652303834,1297860,f4d62ad7513e0a9d,True,location-k4-fold1-seed0,1
pg_cnn,CoPy_R,27,SS_vs_seasonal,0.4297146485327702,1297860,f4d62ad7513e0a9d,True,location-k4-fold1-seed0,1
pg_cnn,CoPy_R,27,SS_vs_ar,-0.028675011638037207,1297860,f4d62ad7513e0a9d,True,location-k4-fold1-seed0,1
pg_cnn,CoPy_R,28,MSE,0.10021173511701745,1297860,f4d62ad7513e0a9d,True,location-k4-fold1-seed0,1
pg_cnn,CoPy_R,28,MAE,0.24344744005265112,1297860,f4d62ad7513e0a9d,True,location-k4-fold1-seed0,1
pg_cnn,CoPy_R,28,SS_vs_persistence,0.4314386890275589,1297860,f4d62ad7513e0a9d,True,location-k4-fold1-seed0,1
pg_cnn,CoPy_R,28,SS_vs_seasonal,0.4425148200327773,1297860,f4d62ad7513e0a9d,True,location-k4-fold1-seed0,1
pg_cnn,CoPy_R,28,SS_vs_ar,-0.02928113147924183,1297860,f4d62ad7513e0a9d,True,location-k4-fold1-seed0,1
pg_cnn,CoPy_R,29,MSE,0.10028077742710372,1297860,f4d62ad7513e0a9d,True,location-k4-fold1-seed0,1
pg_cnn,CoPy_R,29,MAE,0.24356213246461672,1297860,f4d62ad7513e0a9d,True,location-k4-fold1-seed0,1
pg_cnn,CoPy_R,29,SS_vs_persistence,0.4204678283981532,1297860,f4d62ad7513e0a9d,True,location-k4-fold1-seed0,1
pg_cnn,CoPy_R,29,SS_vs_seasonal,0.437427231702716,1297860,f4d62ad7513e0a9d,True,location-k4-fold1-seed0,1
pg_cnn,CoPy_R,29,SS_vs_ar,-0.029460157795869746,1297860,f4d62ad7513e0a9d,True,location-k4-fold1-seed0,1
pg_cnn,CoPy_R,30,MSE,0.1005007341926969,1297860,f4d62ad7513e0a9d,True,location-k4-fold1-seed0,1
pg_cnn,CoPy_R,30,MAE,0.24374310880161315,1297860,f4d62ad7513e0a9d,True,location-k4-fold1-seed0,1
pg_cnn,CoPy_R,30,SS_vs_persistence,0.40890322827365,1297860,f4d62ad7513e0a9d,True,location-k4-fold1-seed0,1
pg_cnn,CoPy_R,30,SS_vs_seasonal,0.4337295963863901,1297860,f4d62ad7513e0a9d,True,location-k4-fold1-seed0,1
pg_cnn,CoPy_R,30,SS_vs_ar,-0.030157501898355976,1297860,f4d62ad7513e0a9d,True,location-k4-fold1-seed0,1
pg_cnn,CoPy_R,all,MSE,0.09503459048320084,1297860,f4d62ad7513e0a9d,True,location-k4-fold1-seed0,1
pg_cnn,CoPy_R,all,MAE,0.23623608336627194,1297860,f4d62ad7513e0a9d,True,location-k4-fold1-seed0,1
pg_cnn,CoPy_R,all,SS_vs_persistence,0.41915126732916475,1297860,f4d62ad7513e0a9d,True,location-k4-fold1-seed0,1
pg_cnn,CoPy_R,all,SS_vs_seasonal,0.43761914629509724,1297860,f4d62ad7513e0a9d,True,location-k4-fold1-seed0,1
pg_cnn,CoPy_R,all,SS_vs_ar,-0.023348422111896472,1297860,f4d62ad7513e0a9d,True,location-k4-fold1-seed0,1
persistence,F_R,1,MSE,111800.2342799106,1286610,46c1dc5661c5fdc8,True,location-k4-fold2-seed0,2
persistence,F_R,1,MAE,183.8192572081684,1286610,46c1dc5661c5fdc8,True,location-k4-fold2-seed0,2
persistence,F_R,1,SS_vs_persistence,0.0,1286610,46c1dc5661c5fdc8,True,location-k4-fold2-seed0,2
persistence,F_R,1,SS_vs_seasonal,0.20922352496746532,1286610,46c1dc5661c5fdc8,True,location-k4-fold2-seed0,2
persistence,F_R,1,SS_vs_ar,-0.28292102760209037,1286610,46c1dc5661c5fdc8,True,location-k4-fold2-seed0,2
persistence,F_R,2,MSE,131026.12461079903,1286610,46c1dc5661c5fdc8,True,location-k4-fold2-seed0,2
persistence,F_R,2,MAE,199.86877663134916,1286610,46c1dc5661c5fdc8,True,location-k4-fold2-seed0,2
persistence,F_R,2,SS_vs_persistence,0.0,1286610,46c1dc5661c5fdc8,True,location-k4-fold2-seed0,2
persistence,F_R,2,SS_vs_seasonal,0.08957575349450342,1286610,46c1dc5661c5fdc8,True,location-k4-fold2-seed0,2
persistence,F_R,2,SS_vs_ar,-0.3280240626553874,1286610,46c1dc5661c5fdc8,True,location-k4-fold2-seed0,2
persistence,F_R,3,MSE,137739.3570097214,1286610,46c1dc5661c5fdc8,True,location-k4-fold2-seed0,2
persistence,F_R,3,MAE,202.38839834322974,1286610,46c1dc5661c5fdc8,True,location-k4-fold2-seed0,2
persistence,F_R,3,SS_vs_persistence,0.0,1286610,46c1dc5661c5fdc8,True,location-k4-fold2-seed0,2
persistence,F_R,3,SS_vs_seasonal,0.07025024950158298,1286610,46c1dc5661c5fdc8,True,location-k4-fold2-seed0,2
persistence,F_R,3,SS_vs_ar,-0.3195346761059783,1286610,46c1dc5661c5fdc8,True,location-k4-fold2-seed0,2
persistence,F_R,4,MSE,138073.2017959278,1286610,46c1dc5661c5fdc8,True,location-k4-fold2-seed0,2
persistence,F_R,4,MAE,201.67636478064813,1286610,46c1dc5661c5fdc8,True,location-k4-fold2-seed0,2
persistence,F_R,4,SS_vs_persistence,0.0,1286610,46c1dc5661c5fdc8,True,location-k4-fold2-seed0,2
persistence,F_R,4,SS_vs_seasonal,0.09131432955841023,1286610,46c1dc5661c5fdc8,True,location-k4-fold2-seed0,2
persistence,F_R,4,SS_vs_ar,-0.276787584087842,1286610,46c1dc5661c5fdc8,True,location-k4-fold2-seed0,2
persistence,F_R,5,MSE,143534.55144563795,1286610,46c1dc5661c5fdc8,True,location-k4-fold2-seed0,2
persistence,F_R,5,MAE,209.0124629385799,1286610,46c1dc5661c5fdc8,True,location-k4-fold2-seed0,2
persistence,F_R,5,SS_vs_persistence,0.0,1286610,46c1dc5661c5fdc8,True,location-k4-fold2-seed0,2
persistence,F_R,5,SS_vs_seasonal,0.05590562362200979,1286610,46c1dc5661c5fdc8,True,location-k4-fold2-seed0,2
persistence,F_R,5,SS_vs_ar,-0.2857232083550656,1286610,46c1dc5661c5fdc8,True,location-k4-fold2-seed0,2
persistence,F_R,6,MSE,140164.90529923918,1286610,46c1dc5661c5fdc8,True,location-k4-fold2-seed0,2
persistence,F_R,6,MAE,205.43622562658302,1286610,46c1dc5661c5fdc8,True,location-k4-fold2-seed0,2
persistence,F_R,6,SS_vs_persistence,0.0,1286610,46c1dc5661c5fdc8,True,location-k4-fold2-seed0,2
persistence,F_R,6,SS_vs_seasonal,0.07071323587454348,1286610,46c1dc5661c5fdc8,True,location-k4-fold2-seed0,2
persistence,F_R,6,SS_vs_ar,-0.22736413798599808,1286610,46c1dc5661c5fdc8,True,location-k4-fold2-seed0,2
persistence,F_R,7,MSE,144397.88056281686,1286610,46c1dc5661c5fdc8,True,location-k4-fold2-seed0,2
persistence,F_R,7,MAE,209.44189819731577,1286610,46c1dc5661c5fdc8,True,location-k4-fold2-seed0,2
persistence,F_R,7,SS_vs_persistence,0.0,1286610,46c1dc5661c5fdc8,True,location-k4-fold2-seed0,2
persistence,F_R,7,SS_vs_seasonal,0.05562556405206376,1286610,46c1dc5661c5fdc8,True,location-k4-fold2-seed0,2
persistence,F_R,7,SS_vs_ar,-0.21765951173445064,1286610,46c1dc5661c5fdc8,True,location-k4-fold2-seed0,2
persistence,F_R,8,MSE,148466.57549941435,1286610,46c1dc5661c5fdc8,True,location-k4-fold2-seed0,2
persistence,F_R,8,MAE,210.73111689221093,1286610,46c1dc5661c5fdc8,True,location-k4-fold2-seed0,2
persistence,F_R,8,SS_vs_persistence,0.0,1286610,46c1dc5661c5fdc8,True,location-k4-fold2-seed0,2
persistence,F_R,8,SS_vs_seasonal,0.022601065444803004,1286610,46c1dc5661c5fdc8,True,location-k4-fold2-seed0,2
persistence,F_R,8,SS_vs_ar,-0.21754361563820246,1286610,46c1dc5661c5fdc8,True,location-k4-fold2-seed0,2
persistence,F_R,9,MSE,147789.12772180256,1286610,46c1dc5661c5fdc8,True,location-k4-fold2-seed0,2
persistence,F_R,9,MAE,210.93538240868628,1286610,46c1dc5661c5fdc8,True,location-k4-fold2-seed0,2
persistence,F_R,9,SS_vs_persistence,0.0,1286610,46c1dc5661c5fdc8,True,location-k4-fold2-seed0,2
persistence,F_R,9,SS_vs_seasonal,0.0034691581908474767,1286610,46c1dc5661c5fdc8,True,location-k4-fold2-seed0,2
persistence,F_R,9,SS_vs_ar,-0.19269285464553998,1286610,46c1dc5661c5fdc8,True,location-k4-fold2-seed0,2
persistence,F_R,10,MSE,148695.48142258328,1286610,46c1dc5661c5fdc8,True,location-k4-fold2-seed0,2
persistence,F_R,10,MAE,210.91748676481947,1286610,46c1dc5661c5fdc8,True,location-k4-fold2-seed0,2
persistence,F_R,10,SS_vs_persistence,0.0,1286610,46c1dc5661c5fdc8,True,location-k4-fold2-seed0,2
persistence,F_R,10,SS_vs_seasonal,0.025277473414619278,1286610,46c1dc5661c5fdc8,True,location-k4-fold2-seed0,2
persistence,F_R,10,SS_vs_ar,-0.17237239571798346,1286610,46c1dc5661c5fdc8,True,location-k4-fold2-seed0,2
persistence,F_R,11,MSE,152663.84994261994,1286610,46c1dc5661c5fdc8,True,location-k4-fold2-seed0,2
persistence,F_R,11,MAE,215.98700455398233,1286610,46c1dc5661c5fdc8,True,location-k4-fold2-seed0,2
persistence,F_R,11,SS_vs_persistence,0.0,1286610,46c1dc5661c5fdc8,True,location-k4-fold2-seed0,2
persistence,F_R,11,SS_vs_seasonal,0.019191738855387164,1286610,46c1dc5661c5fdc8,True,location-k4-fold2-seed0,2
persistence,F_R,11,SS_vs_ar,-0.17194201205666215,1286610,46c1dc5661c5fdc8,True,location-k4-fold2-seed0,2
persistence,F_R,12,MSE,153896.87094814723,1286610,46c1dc5661c5fdc8,True,location-k4-fold2-seed0,2
persistence,F_R,12,MAE,219.45364983943998,1286610,46c1dc5661c5fdc8,True,location-k4-fold2-seed0,2
persistence,F_R,12,SS_vs_persistence,0.0,1286610,46c1dc5661c5fdc8,True,location-k4-fold2-seed0,2
persistence,F_R,12,SS_vs_seasonal,0.026759160334236087,1286610,46c1dc5661c5fdc8,True,location-k4-fold2-seed0,2
persistence,F_R,12,SS_vs_ar,-0.16426694379390616,1286610,46c1dc5661c5fdc8,True,location-k4-fold2-seed0,2
persistence,F_R,13,MSE,155548.9962285719,1286610,46c1dc5661c5fdc8,True,location-k4-fold2-seed0,2
persistence,F_R,13,MAE,219.17051598828206,1286610,46c1dc5661c5fdc8,True,location-k4-fold2-seed0,2
persistence,F_R,13,SS_vs_persistence,0.0,1286610,46c1dc5661c5fdc8,True,location-k4-fold2-seed0,2
persistence,F_R,13,SS_vs_seasonal,0.030634531795641684,1286610,46c1dc5661c5fdc8,True,location-k4-fold2-seed0,2
persistence,F_R,13,SS_vs_ar,-0.1583593346745531,1286610,46c1dc5661c5fdc8,True,location-k4-fold2-seed0,2
persistence,F_R,14,MSE,157825.4561637657,1286610,46c1dc5661c5fdc8,True,location-k4-fold2-seed0,2
persistence,F_R,14,MAE,217.94659084688578,1286610,46c1dc5661c5fdc8,True,location-k4-fold2-seed0,2
persistence,F_R,14,SS_vs_persistence,0.0,1286610,46c1dc5661c5fdc8,True,location-k4-fold2-seed0,2
persistence,F_R,14,SS_vs_seasonal,0.019140514937850406,1286610,46c1dc5661c5fdc8,True,location-k4-fold2-seed0,2
persistence,F_R,14,SS_vs_ar,-0.1550886570835126,1286610,46c1dc5661c5fdc8,True,location-k4-fold2-seed0,2
persistence,F_R,15,MSE,160566.48030897338,1286610,46c1dc5661c5fdc8,True,location-k4-fold2-seed0,2
persistence,F_R,15,MAE,222.49150499696148,1286610,46c1dc5661c5fdc8,True,location-k4-fold2-seed0,2
persistence,F_R,15,SS_vs_persistence,0.0,1286610,46c1dc5661c5fdc8,True,location-k4-fold2-seed0,2
persistence,F_R,15,SS_vs_seasonal,0.005701012632799207,1286610,46c1dc5661c5fdc8,True,location-k4-fold2-seed0,2
persistence,F_R,15,SS_vs_ar,-0.15535314711859138,1286610,46c1dc5661c5fdc8,True,location-k4-fold2-seed0,2
persistence,F_R,16,MSE,165238.19981318325,1286610,46c1dc5661c5fdc8,True,location-k4-fold2-seed0,2
persistence,F_R,16,MAE,225.92721350333616,1286610,46c1dc5661c5fdc8,True,location-k4-fold2-seed0,2
persistence,F_R,16,SS_vs_persistence,0.0,1286610,46c1dc5661c5fdc8,True,location-k4-fold2-seed0,2
persistence,F_R,16,SS_vs_seasonal,0.00991722994209121,1286610,46c1dc5661c5fdc8,True,location-k4-fold2-seed0,2
persistence,F_R,16,SS_vs_ar,-0.12923538114574318,1286610,46c1dc5661c5fdc8,True,location-k4-fold2-seed0,2
persistence,F_R,17,MSE,164459.92872828056,1286610,46c1dc5661c5fdc8,True,location-k4-fold2-seed0,2
persistence,F_R,17,MAE,225.37114553602527,1286610,46c1dc5661c5fdc8,True,location-k4-fold2-seed0,2
persistence,F_R,17,SS_vs_persistence,0.0,1286610,46c1dc5661c5fdc8,True,location-k4-fold2-seed0,2
persistence,F_R,17,SS_vs_seasonal,0.0179961168696412,1286610,46c1dc5661c5fdc8,True,location-k4-fold2-seed0,2
persistence,F_R,17,SS_vs_ar,-0.11115841108864566,1286610,46c1dc5661c5fdc8,True,location-k4-fold2-seed0,2
persistence,F_R,18,MSE,165390.8733041835,1286610,46c1dc5661c5fdc8,True,location-k4-fold2-seed0,2
persistence,F_R,18,MAE,223.78100077583971,1286610,46c1dc5661c5fdc8,True,location-k4-fold2-seed0,2
persistence,F_R,18,SS_vs_persistence,0.0,1286610,46c1dc5661c5fdc8,True,location-k4-fold2-seed0,2
persistence,F_R,18,SS_vs_seasonal,0.007629644261659463,1286610,46c1dc5661c5fdc8,True,location-k4-fold2-seed0,2
persistence,F_R,18,SS_vs_ar,-0.08562046853100602,1286610,46c1dc5661c5fdc8,True,location-k4-fold2-seed0,2
persistence,F_R,19,MSE,167073.02484181014,1286610,46c1dc5661c5fdc8,True,location-k4-fold2-seed0,2
persistence,F_R,19,MAE,226.6658776010395,1286610,46c1dc5661c5fdc8,True,location-k4-fold2-seed0,2
persistence,F_R,19,SS_vs_persistence,0.0,1286610,46c1dc5661c5fdc8,True,location-k4-fold2-seed0,2
persistence,F_R,19,SS_vs_seasonal,0.03160564103643981,1286610,46c1dc5661c5fdc8,True,location-k4-fold2-seed0,2
persistence,F_R,19,SS_vs_ar,-0.08202101588040334,1286610,46c1dc5661c5fdc8,True,location-k4-fold2-seed0,2
persistence,F_R,20,MSE,171286.36023764734,1286610,46c1dc5661c5fdc8,True,location-k4-fold2-seed0,2
persistence,F_R,20,MAE,230.52547215511476,1286610,46c1dc5661c5fdc8,True,location-k4-fold2-seed0,2
persistence,F_R,20,SS_vs_persistence,0.0,1286610,46c1dc5661c5fdc8,True,location-k4-fold2-seed0,2
persistence,F_R,20,SS_vs_seasonal,0.01023678379223203,1286610,46c1dc5661c5fdc8,True,location-k4-fold2-seed0,2
persistence,F_R,20,SS_vs_ar,-0.09821358636303446,1286610,46c1dc5661c5fdc8,True,location-k4-fold2-seed0,2
persistence,F_R,21,MSE,171117.93221642255,1286610,46c1dc5661c5fdc8,True,location-k4-fold2-seed0,2
persistence,F_R,21,MAE,230.44367708172422,1286610,46c1dc5661c5fdc8,True,location-k4-fold2-seed0,2
persistence,F_R,21,SS_vs_persistence,0.0,1286610,46c1dc5661c5fdc8,True,location-k4-fold2-seed0,2
persistence,F_R,21,SS_vs_seasonal,0.0199292630157607,1286610,46c1dc5661c5fdc8,True,location-k4-fold2-seed0,2
persistence,F_R,21,SS_vs_ar,-0.09025996224409738,1286610,46c1dc5661c5fdc8,True,location-k4-fold2-seed0,2
persistence,F_R,22,MSE,167809.80439759465,1286610,46c1dc5661c5fdc8,True,location-k4-fold2-seed0,2
persistence,F_R,22,MAE,228.5901501283533,1286610,46c1dc5661c5fdc8,True,location-k4-fold2-seed0,2
persistence,F_R,22,SS_vs_persistence,0.0,1286610,46c1dc5661c5fdc8,True,location-k4-fold2-seed0,2
persistence,F_R,22,SS_vs_seasonal,0.047429004291708265,1286610,46c1dc5661c5fdc8,True,location-k4-fold2-seed0,2
persistence,F_R,22,SS_vs_ar,-0.0578868165935047,1286610,46c1dc5661c5fdc8,True,location-k4-fold2-seed0,2
persistence,F_R,23,MSE,168852.3034887337,1286610,46c1dc5661c5fdc8,True,location-k4-fold2-seed0,2
persistence,F_R,23,MAE,228.41575637608534,1286610,46c1dc5661c5fdc8,True,location-k4-fold2-seed0,2
persistence,F_R,23,SS_vs_persistence,0.0,1286610,46c1dc5661c5fdc8,True,location-k4-fold2-seed0,2
persistence,F_R,23,SS_vs_seasonal,0.055965953276032376,1286610,46c1dc5661c5fdc8,True,location-k4-fold2-seed0,2
persistence,F_R,23,SS_vs_ar,-0.05559625461416795,1286610,46c1dc5661c5fdc8,True,location-k4-fold2-seed0,2
persistence,F_R,24,MSE,164877.66604989077,1286610,46c1dc5661c5fdc8,True,location-k4-fold2-seed0,2
persistence,F_R,24,MAE,228.52110691823498,1286610,46c1dc5661c5fdc8,True,location-k4-fold2-seed0,2
persistence,F_R,24,SS_vs_persistence,0.0,1286610,46c1dc5661c5fdc8,True,location-k4-fold2-seed0,2
persistence,F_R,24,SS_vs_seasonal,0.06641028218079359,1286610,46c1dc5661c5fdc8,True,location-k4-fold2-seed0,2
persistence,F_R,24,SS_vs_ar,-0.03162064109020557,1286610,46c1dc5661c5fdc8,True,location-k4-fold2-seed0,2
persistence,F_R,25,MSE,163323.84288423724,1286610,46c1dc5661c5fdc8,True,location-k4-fold2-seed0,2
persistence,F_R,25,MAE,228.56514236244192,1286610,46c1dc5661c5fdc8,True,location-k4-fold2-seed0,2
persistence,F_R,25,SS_vs_persistence,0.0,1286610,46c1dc5661c5fdc8,True,location-k4-fold2-seed0,2
persistence,F_R,25,SS_vs_seasonal,0.06607129268874301,1286610,46c1dc5661c5fdc8,True,location-k4-fold2-seed0,2
persistence,F_R,25,SS_vs_ar,-0.02654574024041856,1286610,46c1dc5661c5fdc8,True,location-k4-fold2-seed0,2
persistence,F_R,26,MSE,165851.11412631156,1286610,46c1dc5661c5fdc8,True,location-k4-fold2-seed0,2
persistence,F_R,26,MAE,230.72553730520212,1286610,46c1dc5661c5fdc8,True,location-k4-fold2-seed0,2
persistence,F_R,26,SS_vs_persistence,0.0,1286610,46c1dc5661c5fdc8,True,location-k4-fold2-seed0,2
persistence,F_R,26,SS_vs_seasonal,0.053420191773455694,1286610,46c1dc5661c5fdc8,True,location-k4-fold2-seed0,2
persistence,F_R,26,SS_vs_ar,-0.028907676019513495,1286610,46c1dc5661c5fdc8,True,location-k4-fold2-seed0,2
persistence,F_R,27,MSE,171621.90783336962,1286610,46c1dc5661c5fdc8,True,location-k4-fold2-seed0,2
persistence,F_R,27,MAE,234.0133429936064,1286610,46c1dc5661c5fdc8,True,location-k4-fold2-seed0,2
persistence,F_R,27,SS_vs_persistence,0.0,1286610,46c1dc5661c5fdc8,True,location-k4-fold2-seed0,2
persistence,F_R,27,SS_vs_seasonal,0.007497276356190352,1286610,46c1dc5661c5fdc8,True,location-k4-fold2-seed0,2
persistence,F_R,27,SS_vs_ar,-0.052296811083841765,1286610,46c1dc5661c5fdc8,True,location-k4-fold2-seed0,2
persistence,F_R,28,MSE,169773.65792794805,1286610,46c1dc5661c5fdc8,True,location-k4-fold2-seed0,2
persistence,F_R,28,MAE,229.9807511679949,1286610,46c1dc5661c5fdc8,True,location-k4-fold2-seed0,2
persistence,F_R,28,SS_vs_persistence,0.0,1286610,46c1dc5661c5fdc8,True,location-k4-fold2-seed0,2
persistence,F_R,28,SS_vs_seasonal,0.01893946301124827,1286610,46c1dc5661c5fdc8,True,location-k4-fold2-seed0,2
persistence,F_R,28,SS_vs_ar,-0.031280958367090994,1286610,46c1dc5661c5fdc8,True,location-k4-fold2-seed0,2
persistence,F_R,29,MSE,170294.38820863146,1286610,46c1dc5661c5fdc8,True,location-k4-fold2-seed0,2
persistence,F_R,29,MAE,233.2813528433915,1286610,46c1dc5661c5fdc8,True,location-k4-fold2-seed0,2
persistence,F_R,29,SS_vs_persistence,0.0,1286610,46c1dc5661c5fdc8,True,location-k4-fold2-seed0,2
persistence,F_R,29,SS_vs_seasonal,0.015280051763659208,1286610,46c1dc5661c5fdc8,True,location-k4-fold2-seed0,2
persistence,F_R,29,SS_vs_ar,-0.02568327101674628,1286610,46c1dc5661c5fdc8,True,location-k4-fold2-seed0,2
persistence,F_R,30,MSE,169190.88663086234,1286610,46c1dc5661c5fdc8,True,location-k4-fold2-seed0,2
persistence,F_R,30,MAE,233.99323463995864,1286610,46c1dc5661c5fdc8,True,location-k4-fold2-seed0,2
persistence,F_R,30,SS_vs_persistence,0.0,1286610,46c1dc5661c5fdc8,True,location-k4-fold2-seed0,2
persistence,F_R,30,SS_vs_seasonal,0.02347373873023806,1286610,46c1dc5661c5fdc8,True,location-k4-fold2-seed0,2
persistence,F_R,30,SS_vs_ar,-0.009339869195025052,1286610,46c1dc5661c5fdc8,True,location-k4-fold2-seed0,2
persistence,F_R,all,MSE,156278.3661318564,1286610,46c1dc5661c5fdc8,True,location-k4-fold2-seed0,2
persistence,F_R,all,MAE,219.26924658018305,1286610,46c1dc5661c5fdc8,True,location-k4-fold2-seed0,2
persistence,F_R,all,SS_vs_persistence,0.0,1286610,46c1dc5661c5fdc8,True,location-k4-fold2-seed0,2
persistence,F_R,all,SS_vs_seasonal,0.04038342837412179,1286610,46c1dc5661c5fdc8,True,location-k4-fold2-seed0,2
persistence,F_R,all,SS_vs_ar,-0.1265010218191256,1286610,46c1dc5661c5fdc8,True,location-k4-fold2-seed0,2
persistence,CoPx_R,1,MSE,0.19236380183743368,1286610,46c1dc5661c5fdc8,True,location-k4-fold2-seed0,2
persistence,CoPx_R,1,MAE,0.2566856797453144,1286610,46c1dc5661c5fdc8,True,location-k4-fold2-seed0,2
persistence,CoPx_R,1,SS_vs_persistence,5.198508290504833e-12,1286610,46c1dc5661c5fdc8,True,location-k4-fold2-seed0,2
persistence,CoPx_R,1,SS_vs_seasonal,0.08183077492754631,1286610,46c1dc5661c5fdc8,True,location-k4-fold2-seed0,2
persistence,CoPx_R,1,SS_vs_ar,-0.7339691708992162,1286610,46c1dc5661c5fdc8,True,location-k4-fold2-seed0,2
persistence,CoPx_R,2,MSE,0.21352088472135625,1286610,46c1dc5661c5fdc8,True,location-k4-fold2-seed0,2
persistence,CoPx_R,2,MAE,0.2813513280097145,1286610,46c1dc5661c5fdc8,True,location-k4-fold2-seed0,2
persistence,CoPx_R,2,SS_vs_persistence,4.68336480707876e-12,1286610,46c1dc5661c5fdc8,True,location-k4-fold2-seed0,2
persistence,CoPx_R,2,SS_vs_seasonal,-0.008625070241113697,1286610,46c1dc5661c5fdc8,True,location-k4-fold2-seed0,2
persistence,CoPx_R,2,SS_vs_ar,-0.8881219991426257,1286610,46c1dc5661c5fdc8,True,location-k4-fold2-seed0,2
persistence,CoPx_R,3,MSE,0.21011542625065197,1286610,46c1dc5661c5fdc8,True,location-k4-fold2-seed0,2
persistence,CoPx_R,3,MAE,0.27776300518329905,1286610,46c1dc5661c5fdc8,True,location-k4-fold2-seed0,2
persistence,CoPx_R,3,SS_vs_persistence,4.759304061963121e-12,1286610,46c1dc5661c5fdc8,True,location-k4-fold2-seed0,2
persistence,CoPx_R,3,SS_vs_seasonal,0.010610025935201994,1286610,46c1dc5661c5fdc8,True,location-k4-fold2-seed0,2
persistence,CoPx_R,3,SS_vs_ar,-0.8608383749527857,1286610,46c1dc5661c5fdc8,True,location-k4-fold2-seed0,2
persistence,CoPx_R,4,MSE,0.20361348376634622,1286610,46c1dc5661c5fdc8,True,location-k4-fold2-seed0,2
persistence,CoPx_R,4,MAE,0.2745867111411548,1286610,46c1dc5661c5fdc8,True,location-k4-fold2-seed0,2
persistence,CoPx_R,4,SS_vs_persistence,4.911293594034305e-12,1286610,46c1dc5661c5fdc8,True,location-k4-fold2-seed0,2
persistence,CoPx_R,4,SS_vs_seasonal,0.029334070764900022,1286610,46c1dc5661c5fdc8,True,location-k4-fold2-seed0,2
persistence,CoPx_R,4,SS_vs_ar,-0.8071612214323112,1286610,46c1dc5661c5fdc8,True,location-k4-fold2-seed0,2
persistence,CoPx_R,5,MSE,0.2098602287778716,1286610,46c1dc5661c5fdc8,True,location-k4-fold2-seed0,2
persistence,CoPx_R,5,MAE,0.2822332663370192,1286610,46c1dc5661c5fdc8,True,location-k4-fold2-seed0,2
persistence,CoPx_R,5,SS_vs_persistence,4.765077221691172e-12,1286610,46c1dc5661c5fdc8,True,location-k4-fold2-seed0,2
persistence,CoPx_R,5,SS_vs_seasonal,0.003996802548845491,1286610,46c1dc5661c5fdc8,True,location-k4-fold2-seed0,2
persistence,CoPx_R,5,SS_vs_ar,-0.8523450317624759,1286610,46c1dc5661c5fdc8,True,location-k4-fold2-seed0,2
persistence,CoPx_R,6,MSE,0.2119952582087112,1286610,46c1dc5661c5fdc8,True,location-k4-fold2-seed0,2
persistence,CoPx_R,6,MAE,0.28230155126901857,1286610,46c1dc5661c5fdc8,True,location-k4-fold2-seed0,2
persistence,CoPx_R,6,SS_vs_persistence,4.717115587027365e-12,1286610,46c1dc5661c5fdc8,True,location-k4-fold2-seed0,2
persistence,CoPx_R,6,SS_vs_seasonal,-0.008079872969319668,1286610,46c1dc5661c5fdc8,True,location-k4-fold2-seed0,2
persistence,CoPx_R,6,SS_vs_ar,-0.867846277140855,1286610,46c1dc5661c5fdc8,True,location-k4-fold2-seed0,2
persistence,CoPx_R,7,MSE,0.21283572569621495,1286610,46c1dc5661c5fdc8,True,location-k4-fold2-seed0,2
persistence,CoPx_R,7,MAE,0.2839729209335493,1286610,46c1dc5661c5fdc8,True,location-k4-fold2-seed0,2
persistence,CoPx_R,7,SS_vs_persistence,4.6984638402136625e-12,1286610,46c1dc5661c5fdc8,True,location-k4-fold2-seed0,2
persistence,CoPx_R,7,SS_vs_seasonal,-0.01436712698446585,1286610,46c1dc5661c5fdc8,True,location-k4-fold2-seed0,2
persistence,CoPx_R,7,SS_vs_ar,-0.8709897514608271,1286610,46c1dc5661c5fdc8,True,location-k4-fold2-seed0,2
persistence,CoPx_R,8,MSE,0.2065338845142205,1286610,46c1dc5661c5fdc8,True,location-k4-fold2-seed0,2
persistence,CoPx_R,8,MAE,0.27844413807631463,1286610,46c1dc5661c5fdc8,True,location-k4-fold2-seed0,2
persistence,CoPx_R,8,SS_vs_persistence,4.84179363269277e-12,1286610,46c1dc5661c5fdc8,True,location-k4-fold2-seed0,2
persistence,CoPx_R,8,SS_vs_seasonal,0.014536857573795414,1286610,46c1dc5661c5fdc8,True,location-k4-fold2-seed0,2
persistence,CoPx_R,8,SS_vs_ar,-0.8105729294203627,1286610,46c1dc5661c5fdc8,True,location-k4-fold2-seed0,2
persistence,CoPx_R,9,MSE,0.20948206113461063,1286610,46c1dc5661c5fdc8,True,location-k4-fold2-seed0,2
persistence,CoPx_R,9,MAE,0.27997796667127767,1286610,46c1dc5661c5fdc8,True,location-k4-fold2-seed0,2
persistence,CoPx_R,9,SS_vs_persistence,4.773736961283248e-12,1286610,46c1dc5661c5fdc8,True,location-k4-fold2-seed0,2
persistence,CoPx_R,9,SS_vs_seasonal,-0.0005675511070060146,1286610,46c1dc5661c5fdc8,True,location-k4-fold2-seed0,2
persistence,CoPx_R,9,SS_vs_ar,-0.8258933557031434,1286610,46c1dc5661c5fdc8,True,location-k4-fold2-seed0,2
persistence,CoPx_R,10,MSE,0.21000835073743265,1286610,46c1dc5661c5fdc8,True,location-k4-fold2-seed0,2
persistence,CoPx_R,10,MAE,0.2782857195313237,1286610,46c1dc5661c5fdc8,True,location-k4-fold2-seed0,2
persistence,CoPx_R,10,SS_vs_persistence,4.761746552617296e-12,1286610,46c1dc5661c5fdc8,True,location-k4-fold2-seed0,2
persistence,CoPx_R,10,SS_vs_seasonal,0.007910064624653712,1286610,46c1dc5661c5fdc8,True,location-k4-fold2-seed0,2
persistence,CoPx_R,10,SS_vs_ar,-0.8214483043023344,1286610,46c1dc5661c5fdc8,True,location-k4-fold2-seed0,2
persistence,CoPx_R,11,MSE,0.21953103822878095,1286610,46c1dc5661c5fdc8,True,location-k4-fold2-seed0,2
persistence,CoPx_R,11,MAE,0.2869906651425627,1286610,46c1dc5661c5fdc8,True,location-k4-fold2-seed0,2
persistence,CoPx_R,11,SS_vs_persistence,4.555245070037017e-12,1286610,46c1dc5661c5fdc8,True,location-k4-fold2-seed0,2
persistence,CoPx_R,11,SS_vs_seasonal,-0.027009548949499917,1286610,46c1dc5661c5fdc8,True,location-k4-fold2-seed0,2
persistence,CoPx_R,11,SS_vs_ar,-0.8948731578033027,1286610,46c1dc5661c5fdc8,True,location-k4-fold2-seed0,2
persistence,CoPx_R,12,MSE,0.22269855546125428,1286610,46c1dc5661c5fdc8,True,location-k4-fold2-seed0,2
persistence,CoPx_R,12,MAE,0.2924343440745771,1286610,46c1dc5661c5fdc8,True,location-k4-fold2-seed0,2
persistence,CoPx_R,12,SS_vs_persistence,4.490408045398908e-12,1286610,46c1dc5661c5fdc8,True,location-k4-fold2-seed0,2
persistence,CoPx_R,12,SS_vs_seasonal,-0.04530401073398416,1286610,46c1dc5661c5fdc8,True,location-k4-fold2-seed0,2
persistence,CoPx_R,12,SS_vs_ar,-0.9281395413233282,1286610,46c1dc5661c5fdc8,True,location-k4-fold2-seed0,2
persistence,CoPx_R,13,MSE,0.216379177056174,1286610,46c1dc5661c5fdc8,True,location-k4-fold2-seed0,2
persistence,CoPx_R,13,MAE,0.2868096370545082,1286610,46c1dc5661c5fdc8,True,location-k4-fold2-seed0,2
persistence,CoPx_R,13,SS_vs_persistence,4.621525384607139e-12,1286610,46c1dc5661c5fdc8,True,location-k4-fold2-seed0,2
persistence,CoPx_R,13,SS_vs_seasonal,-0.01275480890607028,1286610,46c1dc5661c5fdc8,True,location-k4-fold2-seed0,2
persistence,CoPx_R,13,SS_vs_ar,-0.8696957138915768,1286610,46c1dc5661c5fdc8,True,location-k4-fold2-seed0,2
persistence,CoPx_R,14,MSE,0.20819065375307613,1286610,46c1dc5661c5fdc8,True,location-k4-fold2-seed0,2
persistence,CoPx_R,14,MAE,0.28020361284529627,1286610,46c1dc5661c5fdc8,True,location-k4-fold2-seed0,2
persistence,CoPx_R,14,SS_vs_persistence,4.803268893738277e-12,1286610,46c1dc5661c5fdc8,True,location-k4-fold2-seed0,2
persistence,CoPx_R,14,SS_vs_seasonal,0.02382139021725216,1286610,46c1dc5661c5fdc8,True,location-k4-fold2-seed0,2
persistence,CoPx_R,14,SS_vs_ar,-0.8005188605233071,1286610,46c1dc5661c5fdc8,True,location-k4-fold2-seed0,2
persistence,CoPx_R,15,MSE,0.21785947430326594,1286610,46c1dc5661c5fdc8,True,location-k4-fold2-seed0,2
persistence,CoPx_R,15,MAE,0.2892579547627679,1286610,46c1dc5661c5fdc8,True,location-k4-fold2-seed0,2
persistence,CoPx_R,15,SS_vs_persistence,4.590106073010247e-12,1286610,46c1dc5661c5fdc8,True,location-k4-fold2-seed0,2
persistence,CoPx_R,15,SS_vs_seasonal,-0.018317272675024254,1286610,46c1dc5661c5fdc8,True,location-k4-fold2-seed0,2
persistence,CoPx_R,15,SS_vs_ar,-0.8775686973286005,1286610,46c1dc5661c5fdc8,True,location-k4-fold2-seed0,2
persistence,CoPx_R,16,MSE,0.2226794424427481,1286610,46c1dc5661c5fdc8,True,location-k4-fold2-seed0,2
persistence,CoPx_R,16,MAE,0.29420935371900003,1286610,46c1dc5661c5fdc8,True,location-k4-fold2-seed0,2
persistence,CoPx_R,16,SS_vs_persistence,4.490741112306296e-12,1286610,46c1dc5661c5fdc8,True,location-k4-fold2-seed0,2
persistence,CoPx_R,16,SS_vs_seasonal,-0.04601555065077423,1286610,46c1dc5661c5fdc8,True,location-k4-fold2-seed0,2
persistence,CoPx_R,16,SS_vs_ar,-0.9261220523108176,1286610,46c1dc5661c5fdc8,True,location-k4-fold2-seed0,2
persistence,CoPx_R,17,MSE,0.21619512806134028,1286610,46c1dc5661c5fdc8,True,location-k4-fold2-seed0,2
persistence,CoPx_R,17,MAE,0.28735504232232356,1286610,46c1dc5661c5fdc8,True,location-k4-fold2-seed0,2
persistence,CoPx_R,17,SS_vs_persistence,4.62552218749579e-12,1286610,46c1dc5661c5fdc8,True,location-k4-fold2-seed0,2
persistence,CoPx_R,17,SS_vs_seasonal,-0.016798844035528226,1286610,46c1dc5661c5fdc8,True,location-k4-fold2-seed0,2
persistence,CoPx_R,17,SS_vs_ar,-0.8715495302385621,1286610,46c1dc5661c5fdc8,True,location-k4-fold2-seed0,2
persistence,CoPx_R,18,MSE,0.2130668058962739,1286610,46c1dc5661c5fdc8,True,location-k4-fold2-seed0,2
persistence,CoPx_R,18,MAE,0.2843737876192063,1286610,46c1dc5661c5fdc8,True,location-k4-fold2-seed0,2
persistence,CoPx_R,18,SS_vs_persistence,4.693356814300387e-12,1286610,46c1dc5661c5fdc8,True,location-k4-fold2-seed0,2
persistence,CoPx_R,18,SS_vs_seasonal,-0.0006343122437035831,1286610,46c1dc5661c5fdc8,True,location-k4-fold2-seed0,2
persistence,CoPx_R,18,SS_vs_ar,-0.838802167656195,1286610,46c1dc5661c5fdc8,True,location-k4-fold2-seed0,2
persistence,CoPx_R,19,MSE,0.21752838775339384,1286610,46c1dc5661c5fdc8,True,location-k4-fold2-seed0,2
persistence,CoPx_R,19,MAE,0.28947194909828505,1286610,46c1dc5661c5fdc8,True,location-k4-fold2-seed0,2
persistence,CoPx_R,19,SS_vs_persistence,4.597100478065386e-12,1286610,46c1dc5661c5fdc8,True,location-k4-fold2-seed0,2
persistence,CoPx_R,19,SS_vs_seasonal,-0.002038396044115487,1286610,46c1dc5661c5fdc8,True,location-k4-fold2-seed0,2
persistence,CoPx_R,19,SS_vs_ar,-0.8767174623362535,1286610,46c1dc5661c5fdc8,True,location-k4-fold2-seed0,2
persistence,CoPx_R,20,MSE,0.22456389368325327,1286610,46c1dc5661c5fdc8,True,location-k4-fold2-seed0,2
persistence,CoPx_R,20,MAE,0.29444991457430475,1286610,46c1dc5661c5fdc8,True,location-k4-fold2-seed0,2
persistence,CoPx_R,20,SS_vs_persistence,4.453104551771503e-12,1286610,46c1dc5661c5fdc8,True,location-k4-fold2-seed0,2
persistence,CoPx_R,20,SS_vs_seasonal,-0.034759457266684946,1286610,46c1dc5661c5fdc8,True,location-k4-fold2-seed0,2
persistence,CoPx_R,20,SS_vs_ar,-0.9362457927297105,1286610,46c1dc5661c5fdc8,True,location-k4-fold2-seed0,2
persistence,CoPx_R,21,MSE,0.22368965151511452,1286610,46c1dc5661c5fdc8,True,location-k4-fold2-seed0,2
persistence,CoPx_R,21,MAE,0.29191428714507694,1286610,46c1dc5661c5fdc8,True,location-k4-fold2-seed0,2
persistence,CoPx_R,21,SS_vs_persistence,4.470535053258118e-12,1286610,46c1dc5661c5fdc8,True,location-k4-fold2-seed0,2
persistence,CoPx_R,21,SS_vs_seasonal,-0.03322490289541613,1286610,46c1dc5661c5fdc8,True,location-k4-fold2-seed0,2
persistence,CoPx_R,21,SS_vs_ar,-0.9306108391205645,1286610,46c1dc5661c5fdc8,True,location-k4-fold2-seed0,2
persistence,CoPx_R,22,MSE,0.2177981626816153,1286610,46c1dc5661c5fdc8,True,location-k4-fold2-seed0,2
persistence,CoPx_R,22,MAE,0.2865793625178979,1286610,46c1dc5661c5fdc8,True,location-k4-fold2-seed0,2
persistence,CoPx_R,22,SS_vs_persistence,4.591438340639797e-12,1286610,46c1dc5661c5fdc8,True,location-k4-fold2-seed0,2
persistence,CoPx_R,22,SS_vs_seasonal,-0.0064205345354155785,1286610,46c1dc5661c5fdc8,True,location-k4-fold2-seed0,2
persistence,CoPx_R,22,SS_vs_ar,-0.88617792151932,1286610,46c1dc5661c5fdc8,True,location-k4-fold2-seed0,2
persistence,CoPx_R,23,MSE,0.21576854693177647,1286610,46c1dc5661c5fdc8,True,location-k4-fold2-seed0,2
persistence,CoPx_R,23,MAE,0.28827180400010455,1286610,46c1dc5661c5fdc8,True,location-k4-fold2-seed0,2
persistence,CoPx_R,23,SS_vs_persistence,4.634626016297716e-12,1286610,46c1dc5661c5fdc8,True,location-k4-fold2-seed0,2
persistence,CoPx_R,23,SS_vs_seasonal,0.0036129933588585628,1286610,46c1dc5661c5fdc8,True,location-k4-fold2-seed0,2
persistence,CoPx_R,23,SS_vs_ar,-0.8609629200242204,1286610,46c1dc5661c5fdc8,True,location-k4-fold2-seed0,2
persistence,CoPx_R,24,MSE,0.21590044018174473,1286610,46c1dc5661c5fdc8,True,location-k4-fold2-seed0,2
persistence,CoPx_R,24,MAE,0.2889774384389171,1286610,46c1dc5661c5fdc8,True,location-k4-fold2-seed0,2
persistence,CoPx_R,24,SS_vs_persistence,4.6317394364336906e-12,1286610,46c1dc5661c5fdc8,True,location-k4-fold2-seed0,2
persistence,CoPx_R,24,SS_vs_seasonal,0.004048930332469558,1286610,46c1dc5661c5fdc8,True,location-k4-fold2-seed0,2
persistence,CoPx_R,24,SS_vs_ar,-0.8651684551107373,1286610,46c1dc5661c5fdc8,True,location-k4-fold2-seed0,2
persistence,CoPx_R,25,MSE,0.2187310660890863,1286610,46c1dc5661c5fdc8,True,location-k4-fold2-seed0,2
persistence,CoPx_R,25,MAE,0.2908559187665633,1286610,46c1dc5661c5fdc8,True,location-k4-fold2-seed0,2
persistence,CoPx_R,25,SS_vs_persistence,4.571898415406395e-12,1286610,46c1dc5661c5fdc8,True,location-k4-fold2-seed0,2
persistence,CoPx_R,25,SS_vs_seasonal,-0.011341025396697235,1286610,46c1dc5661c5fdc8,True,location-k4-fold2-seed0,2
persistence,CoPx_R,25,SS_vs_ar,-0.8900042468118432,1286610,46c1dc5661c5fdc8,True,location-k4-fold2-seed0,2
persistence,CoPx_R,26,MSE,0.2213935344433107,1286610,46c1dc5661c5fdc8,True,location-k4-fold2-seed0,2
persistence,CoPx_R,26,MAE,0.2940484452837478,1286610,46c1dc5661c5fdc8,True,location-k4-fold2-seed0,2
persistence,CoPx_R,26,SS_vs_persistence,4.516831353384987e-12,1286610,46c1dc5661c5fdc8,True,location-k4-fold2-seed0,2
persistence,CoPx_R,26,SS_vs_seasonal,-0.018311753921855134,1286610,46c1dc5661c5fdc8,True,location-k4-fold2-seed0,2
persistence,CoPx_R,26,SS_vs_ar,-0.9151588845023131,1286610,46c1dc5661c5fdc8,True,location-k4-fold2-seed0,2
persistence,CoPx_R,27,MSE,0.21659474130382436,1286610,46c1dc5661c5fdc8,True,location-k4-fold2-seed0,2
persistence,CoPx_R,27,MAE,0.2919152085430018,1286610,46c1dc5661c5fdc8,True,location-k4-fold2-seed0,2
persistence,CoPx_R,27,SS_vs_persistence,4.616973470206176e-12,1286610,46c1dc5661c5fdc8,True,location-k4-fold2-seed0,2
persistence,CoPx_R,27,SS_vs_seasonal,0.0006602179018486698,1286610,46c1dc5661c5fdc8,True,location-k4-fold2-seed0,2
persistence,CoPx_R,27,SS_vs_ar,-0.8849386581430898,1286610,46c1dc5661c5fdc8,True,location-k4-fold2-seed0,2
persistence,CoPx_R,28,MSE,0.2146966516056558,1286610,46c1dc5661c5fdc8,True,location-k4-fold2-seed0,2
persistence,CoPx_R,28,MAE,0.28787454697608744,1286610,46c1dc5661c5fdc8,True,location-k4-fold2-seed0,2
persistence,CoPx_R,28,SS_vs_persistence,4.657718655209919e-12,1286610,46c1dc5661c5fdc8,True,location-k4-fold2-seed0,2
persistence,CoPx_R,28,SS_vs_seasonal,-0.016704971849863748,1286610,46c1dc5661c5fdc8,True,location-k4-fold2-seed0,2
persistence,CoPx_R,28,SS_vs_ar,-0.8620941355633001,1286610,46c1dc5661c5fdc8,True,location-k4-fold2-seed0,2
persistence,CoPx_R,29,MSE,0.221101832500895,1286610,46c1dc5661c5fdc8,True,location-k4-fold2-seed0,2
persistence,CoPx_R,29,MAE,0.2930460182323301,1286610,46c1dc5661c5fdc8,True,location-k4-fold2-seed0,2
persistence,CoPx_R,29,SS_vs_persistence,4.522826557717963e-12,1286610,46c1dc5661c5fdc8,True,location-k4-fold2-seed0,2
persistence,CoPx_R,29,SS_vs_seasonal,-0.04263328518594145,1286610,46c1dc5661c5fdc8,True,location-k4-fold2-seed0,2
persistence,CoPx_R,29,SS_vs_ar,-0.9094487809280905,1286610,46c1dc5661c5fdc8,True,location-k4-fold2-seed0,2
persistence,CoPx_R,30,MSE,0.22397811911477988,1286610,46c1dc5661c5fdc8,True,location-k4-fold2-seed0,2
persistence,CoPx_R,30,MAE,0.29579987628672155,1286610,46c1dc5661c5fdc8,True,location-k4-fold2-seed0,2
persistence,CoPx_R,30,SS_vs_persistence,4.464761893530067e-12,1286610,46c1dc5661c5fdc8,True,location-k4-fold2-seed0,2
persistence,CoPx_R,30,SS_vs_seasonal,-0.0574744848922597,1286610,46c1dc5661c5fdc8,True,location-k4-fold2-seed0,2
persistence,CoPx_R,30,SS_vs_ar,-0.9423884138076162,1286610,46c1dc5661c5fdc8,True,location-k4-fold2-seed0,2
persistence,CoPx_R,all,MSE,0.21495581362208607,1286610,46c1dc5661c5fdc8,True,location-k4-fold2-seed0,2
persistence,CoPx_R,all,MAE,0.2856813818100422,1286610,46c1dc5661c5fdc8,True,location-k4-fold2-seed0,2
persistence,CoPx_R,all,SS_vs_persistence,4.6521675400867935e-12,1286610,46c1dc5661c5fdc8,True,location-k4-fold2-seed0,2
persistence,CoPx_R,all,SS_vs_seasonal,-0.00812565067387272,1286610,46c1dc5661c5fdc8,True,location-k4-fold2-seed0,2
persistence,CoPx_R,all,SS_vs_ar,-0.8705028796546233,1286610,46c1dc5661c5fdc8,True,location-k4-fold2-seed0,2
persistence,CoPy_R,1,MSE,0.11366753712972724,1286610,46c1dc5661c5fdc8,True,location-k4-fold2-seed0,2
persistence,CoPy_R,1,MAE,0.2286665822908019,1286610,46c1dc5661c5fdc8,True,location-k4-fold2-seed0,2
persistence,CoPy_R,1,SS_vs_persistence,8.797629291734665e-12,1286610,46c1dc5661c5fdc8,True,location-k4-fold2-seed0,2
persistence,CoPy_R,1,SS_vs_seasonal,0.10816843628245154,1286610,46c1dc5661c5fdc8,True,location-k4-fold2-seed0,2
persistence,CoPy_R,1,SS_vs_ar,-0.7237869370025678,1286610,46c1dc5661c5fdc8,True,location-k4-fold2-seed0,2
persistence,CoPy_R,2,MSE,0.13091281424289555,1286610,46c1dc5661c5fdc8,True,location-k4-fold2-seed0,2
persistence,CoPy_R,2,MAE,0.2537142409855702,1286610,46c1dc5661c5fdc8,True,location-k4-fold2-seed0,2
persistence,CoPy_R,2,SS_vs_persistence,7.638667476328465e-12,1286610,46c1dc5661c5fdc8,True,location-k4-fold2-seed0,2
persistence,CoPy_R,2,SS_vs_seasonal,-0.0193589256068456,1286610,46c1dc5661c5fdc8,True,location-k4-fold2-seed0,2
persistence,CoPy_R,2,SS_vs_ar,-0.935368463857635,1286610,46c1dc5661c5fdc8,True,location-k4-fold2-seed0,2
persistence,CoPy_R,3,MSE,0.132824585027909,1286610,46c1dc5661c5fdc8,True,location-k4-fold2-seed0,2
persistence,CoPy_R,3,MAE,0.2544551981413422,1286610,46c1dc5661c5fdc8,True,location-k4-fold2-seed0,2
persistence,CoPy_R,3,SS_vs_persistence,7.528755396890574e-12,1286610,46c1dc5661c5fdc8,True,location-k4-fold2-seed0,2
persistence,CoPy_R,3,SS_vs_seasonal,-0.03208524013232261,1286610,46c1dc5661c5fdc8,True,location-k4-fold2-seed0,2
persistence,CoPy_R,3,SS_vs_ar,-0.961733401913281,1286610,46c1dc5661c5fdc8,True,location-k4-fold2-seed0,2
persistence,CoPy_R,4,MSE,0.1267363569299114,1286610,46c1dc5661c5fdc8,True,location-k4-fold2-seed0,2
persistence,CoPy_R,4,MAE,0.24830598057223596,1286610,46c1dc5661c5fdc8,True,location-k4-fold2-seed0,2
persistence,CoPy_R,4,SS_vs_persistence,7.89046605831345e-12,1286610,46c1dc5661c5fdc8,True,location-k4-fold2-seed0,2
persistence,CoPy_R,4,SS_vs_seasonal,0.009774454182875592,1286610,46c1dc5661c5fdc8,True,location-k4-fold2-seed0,2
persistence,CoPy_R,4,SS_vs_ar,-0.875138639157993,1286610,46c1dc5661c5fdc8,True,location-k4-fold2-seed0,2
persistence,CoPy_R,5,MSE,0.12690124356419794,1286610,46c1dc5661c5fdc8,True,location-k4-fold2-seed0,2
persistence,CoPy_R,5,MAE,0.24978234981027161,1286610,46c1dc5661c5fdc8,True,location-k4-fold2-seed0,2
persistence,CoPy_R,5,SS_vs_persistence,7.880140984184436e-12,1286610,46c1dc5661c5fdc8,True,location-k4-fold2-seed0,2
persistence,CoPy_R,5,SS_vs_seasonal,0.006690990228605975,1286610,46c1dc5661c5fdc8,True,location-k4-fold2-seed0,2
persistence,CoPy_R,5,SS_vs_ar,-0.8759959052578346,1286610,46c1dc5661c5fdc8,True,location-k4-fold2-seed0,2
persistence,CoPy_R,6,MSE,0.12783226728974068,1286610,46c1dc5661c5fdc8,True,location-k4-fold2-seed0,2
persistence,CoPy_R,6,MAE,0.24994760933425264,1286610,46c1dc5661c5fdc8,True,location-k4-fold2-seed0,2
persistence,CoPy_R,6,SS_vs_persistence,7.822742453811315e-12,1286610,46c1dc5661c5fdc8,True,location-k4-fold2-seed0,2
persistence,CoPy_R,6,SS_vs_seasonal,-0.0025986314604351524,1286610,46c1dc5661c5fdc8,True,location-k4-fold2-seed0,2
persistence,CoPy_R,6,SS_vs_ar,-0.8866158740044447,1286610,46c1dc5661c5fdc8,True,location-k4-fold2-seed0,2
persistence,CoPy_R,7,MSE,0.1314655154473934,1286610,46c1dc5661c5fdc8,True,location-k4-fold2-seed0,2
persistence,CoPy_R,7,MAE,0.2571678663481535,1286610,46c1dc5661c5fdc8,True,location-k4-fold2-seed0,2
persistence,CoPy_R,7,SS_vs_persistence,7.606582030916798e-12,1286610,46c1dc5661c5fdc8,True,location-k4-fold2-seed0,2
persistence,CoPy_R,7,SS_vs_seasonal,-0.028990093218675073,1286610,46c1dc5661c5fdc8,True,location-k4-fold2-seed0,2
persistence,CoPy_R,7,SS_vs_ar,-0.9342809103763354,1286610,46c1dc5661c5fdc8,True,location-k4-fold2-seed0,2
persistence,CoPy_R,8,MSE,0.1345614891045349,1286610,46c1dc5661c5fdc8,True,location-k4-fold2-seed0,2
persistence,CoPy_R,8,MAE,0.25839224958783374,1286610,46c1dc5661c5fdc8,True,location-k4-fold2-seed0,2
persistence,CoPy_R,8,SS_vs_persistence,7.431610882235873e-12,1286610,46c1dc5661c5fdc8,True,location-k4-fold2-seed0,2
persistence,CoPy_R,8,SS_vs_seasonal,-0.05443283380152297,1286610,46c1dc5661c5fdc8,True,location-k4-fold2-seed0,2
persistence,CoPy_R,8,SS_vs_ar,-0.9789854076620514,1286610,46c1dc5661c5fdc8,True,location-k4-fold2-seed0,2
persistence,CoPy_R,9,MSE,0.1273974308286703,1286610,46c1dc5661c5fdc8,True,location-k4-fold2-seed0,2
persistence,CoPy_R,9,MAE,0.2504242111182173,1286610,46c1dc5661c5fdc8,True,location-k4-fold2-seed0,2
persistence,CoPy_R,9,SS_vs_persistence,7.849498828704782e-12,1286610,46c1dc5661c5fdc8,True,location-k4-fold2-seed0,2
persistence,CoPy_R,9,SS_vs_seasonal,-0.002945662834130891,1286610,46c1dc5661c5fdc8,True,location-k4-fold2-seed0,2
persistence,CoPy_R,9,SS_vs_ar,-0.8826322894510201,1286610,46c1dc5661c5fdc8,True,location-k4-fold2-seed0,2
persistence,CoPy_R,10,MSE,0.12741081325467168,1286610,46c1dc5661c5fdc8,True,location-k4-fold2-seed0,2
persistence,CoPy_R,10,MAE,0.2528792126977975,1286610,46c1dc5661c5fdc8,True,location-k4-fold2-seed0,2
persistence,CoPy_R,10,SS_vs_persistence,7.848721672587544e-12,1286610,46c1dc5661c5fdc8,True,location-k4-fold2-seed0,2
persistence,CoPy_R,10,SS_vs_seasonal,0.0021899899353019503,1286610,46c1dc5661c5fdc8,True,location-k4-fold2-seed0,2
persistence,CoPy_R,10,SS_vs_ar,-0.8801011920850099,1286610,46c1dc5661c5fdc8,True,location-k4-fold2-seed0,2
persistence,CoPy_R,11,MSE,0.13309422626679238,1286610,46c1dc5661c5fdc8,True,location-k4-fold2-seed0,2
persistence,CoPy_R,11,MAE,0.2590440180891827,1286610,46c1dc5661c5fdc8,True,location-k4-fold2-seed0,2
persistence,CoPy_R,11,SS_vs_persistence,7.51354534145321e-12,1286610,46c1dc5661c5fdc8,True,location-k4-fold2-seed0,2
persistence,CoPy_R,11,SS_vs_seasonal,-0.03609826573881425,1286610,46c1dc5661c5fdc8,True,location-k4-fold2-seed0,2
persistence,CoPy_R,11,SS_vs_ar,-0.9600476518957188,1286610,46c1dc5661c5fdc8,True,location-k4-fold2-seed0,2
persistence,CoPy_R,12,MSE,0.13383828785703394,1286610,46c1dc5661c5fdc8,True,location-k4-fold2-seed0,2
persistence,CoPy_R,12,MAE,0.2595611504734406,1286610,46c1dc5661c5fdc8,True,location-k4-fold2-seed0,2
persistence,CoPy_R,12,SS_vs_persistence,7.471800955727304e-12,1286610,46c1dc5661c5fdc8,True,location-k4-fold2-seed0,2
persistence,CoPy_R,12,SS_vs_seasonal,-0.043341473431116606,1286610,46c1dc5661c5fdc8,True,location-k4-fold2-seed0,2
persistence,CoPy_R,12,SS_vs_ar,-0.9703815727927065,1286610,46c1dc5661c5fdc8,True,location-k4-fold2-seed0,2
persistence,CoPy_R,13,MSE,0.12727213248340588,1286610,46c1dc5661c5fdc8,True,location-k4-fold2-seed0,2
persistence,CoPy_R,13,MAE,0.2523183472167489,1286610,46c1dc5661c5fdc8,True,location-k4-fold2-seed0,2
persistence,CoPy_R,13,SS_vs_persistence,7.857270389877158e-12,1286610,46c1dc5661c5fdc8,True,location-k4-fold2-seed0,2
persistence,CoPy_R,13,SS_vs_seasonal,0.00700374604463172,1286610,46c1dc5661c5fdc8,True,location-k4-fold2-seed0,2
persistence,CoPy_R,13,SS_vs_ar,-0.8749544135201872,1286610,46c1dc5661c5fdc8,True,location-k4-fold2-seed0,2
persistence,CoPy_R,14,MSE,0.1251256619126181,1286610,46c1dc5661c5fdc8,True,location-k4-fold2-seed0,2
persistence,CoPy_R,14,MAE,0.24908626634633493,1286610,46c1dc5661c5fdc8,True,location-k4-fold2-seed0,2
persistence,CoPy_R,14,SS_vs_persistence,7.992051465066652e-12,1286610,46c1dc5661c5fdc8,True,location-k4-fold2-seed0,2
persistence,CoPy_R,14,SS_vs_seasonal,0.019530876368940353,1286610,46c1dc5661c5fdc8,True,location-k4-fold2-seed0,2
persistence,CoPy_R,14,SS_vs_ar,-0.8379534766938739,1286610,46c1dc5661c5fdc8,True,location-k4-fold2-seed0,2
persistence,CoPy_R,15,MSE,0.13234959475400723,1286610,46c1dc5661c5fdc8,True,location-k4-fold2-seed0,2
persistence,CoPy_R,15,MAE,0.25758195388832605,1286610,46c1dc5661c5fdc8,True,location-k4-fold2-seed0,2
persistence,CoPy_R,15,SS_vs_persistence,7.555733816388965e-12,1286610,46c1dc5661c5fdc8,True,location-k4-fold2-seed0,2
persistence,CoPy_R,15,SS_vs_seasonal,-0.032654919981467634,1286610,46c1dc5661c5fdc8,True,location-k4-fold2-seed0,2
persistence,CoPy_R,15,SS_vs_ar,-0.9331707061038625,1286610,46c1dc5661c5fdc8,True,location-k4-fold2-seed0,2
persistence,CoPy_R,16,MSE,0.13588551658183068,1286610,46c1dc5661c5fdc8,True,location-k4-fold2-seed0,2
persistence,CoPy_R,16,MAE,0.26219862224092283,1286610,46c1dc5661c5fdc8,True,location-k4-fold2-seed0,2
persistence,CoPy_R,16,SS_vs_persistence,7.359224341030313e-12,1286610,46c1dc5661c5fdc8,True,location-k4-fold2-seed0,2
persistence,CoPy_R,16,SS_vs_seasonal,-0.05999243666590903,1286610,46c1dc5661c5fdc8,True,location-k4-fold2-seed0,2
persistence,CoPy_R,16,SS_vs_ar,-0.98217226037254,1286610,46c1dc5661c5fdc8,True,location-k4-fold2-seed0,2
persistence,CoPy_R,17,MSE,0.13288036216421503,1286610,46c1dc5661c5fdc8,True,location-k4-fold2-seed0,2
persistence,CoPy_R,17,MAE,0.2583919185085399,1286610,46c1dc5661c5fdc8,True,location-k4-fold2-seed0,2
persistence,CoPy_R,17,SS_vs_persistence,7.525646772421624e-12,1286610,46c1dc5661c5fdc8,True,location-k4-fold2-seed0,2
persistence,CoPy_R,17,SS_vs_seasonal,-0.036565292342584765,1286610,46c1dc5661c5fdc8,True,location-k4-fold2-seed0,2
persistence,CoPy_R,17,SS_vs_ar,-0.9428892262939528,1286610,46c1dc5661c5fdc8,True,location-k4-fold2-seed0,2
persistence,CoPy_R,18,MSE,0.12728425356032413,1286610,46c1dc5661c5fdc8,True,location-k4-fold2-seed0,2
persistence,CoPy_R,18,MAE,0.25228411365391623,1286610,46c1dc5661c5fdc8,True,location-k4-fold2-seed0,2
persistence,CoPy_R,18,SS_vs_persistence,7.85649323375992e-12,1286610,46c1dc5661c5fdc8,True,location-k4-fold2-seed0,2
persistence,CoPy_R,18,SS_vs_seasonal,0.0023851418635889576,1286610,46c1dc5661c5fdc8,True,location-k4-fold2-seed0,2
persistence,CoPy_R,18,SS_vs_ar,-0.8629773674997931,1286610,46c1dc5661c5fdc8,True,location-k4-fold2-seed0,2
persistence,CoPy_R,19,MSE,0.12902298100252627,1286610,46c1dc5661c5fdc8,True,location-k4-fold2-seed0,2
persistence,CoPy_R,19,MAE,0.25589839991327695,1286610,46c1dc5661c5fdc8,True,location-k4-fold2-seed0,2
persistence,CoPy_R,19,SS_vs_persistence,7.75057795721068e-12,1286610,46c1dc5661c5fdc8,True,location-k4-fold2-seed0,2
persistence,CoPy_R,19,SS_vs_seasonal,0.022931935436781736,1286610,46c1dc5661c5fdc8,True,location-k4-fold2-seed0,2
persistence,CoPy_R,19,SS_vs_ar,-0.88421021298694,1286610,46c1dc5661c5fdc8,True,location-k4-fold2-seed0,2
persistence,CoPy_R,20,MSE,0.13661675749540153,1286610,46c1dc5661c5fdc8,True,location-k4-fold2-seed0,2
persistence,CoPy_R,20,MAE,0.2641789923752595,1286610,46c1dc5661c5fdc8,True,location-k4-fold2-seed0,2
persistence,CoPy_R,20,SS_vs_persistence,7.31981142365612e-12,1286610,46c1dc5661c5fdc8,True,location-k4-fold2-seed0,2
persistence,CoPy_R,20,SS_vs_seasonal,-0.030690691546032323,1286610,46c1dc5661c5fdc8,True,location-k4-fold2-seed0,2
persistence,CoPy_R,20,SS_vs_ar,-0.9894308990072973,1286610,46c1dc5661c5fdc8,True,location-k4-fold2-seed0,2
persistence,CoPy_R,21,MSE,0.13845071685135404,1286610,46c1dc5661c5fdc8,True,location-k4-fold2-seed0,2
persistence,CoPy_R,21,MAE,0.2661047555009824,1286610,46c1dc5661c5fdc8,True,location-k4-fold2-seed0,2
persistence,CoPy_R,21,SS_vs_persistence,7.222777931303881e-12,1286610,46c1dc5661c5fdc8,True,location-k4-fold2-seed0,2
persistence,CoPy_R,21,SS_vs_seasonal,-0.05296031308842286,1286610,46c1dc5661c5fdc8,True,location-k4-fold2-seed0,2
persistence,CoPy_R,21,SS_vs_ar,-1.0186865907833034,1286610,46c1dc5661c5fdc8,True,location-k4-fold2-seed0,2
persistence,CoPy_R,22,MSE,0.134546129434759,1286610,46c1dc5661c5fdc8,True,location-k4-fold2-seed0,2
persistence,CoPy_R,22,MAE,0.2605446759779111,1286610,46c1dc5661c5fdc8,True,location-k4-fold2-seed0,2
persistence,CoPy_R,22,SS_vs_persistence,7.43238803835311e-12,1286610,46c1dc5661c5fdc8,True,location-k4-fold2-seed0,2
persistence,CoPy_R,22,SS_vs_seasonal,-0.017988783042550027,1286610,46c1dc5661c5fdc8,True,location-k4-fold2-seed0,2
persistence,CoPy_R,22,SS_vs_ar,-0.9712080976776143,1286610,46c1dc5661c5fdc8,True,location-k4-fold2-seed0,2
persistence,CoPy_R,23,MSE,0.1293362968647889,1286610,46c1dc5661c5fdc8,True,location-k4-fold2-seed0,2
persistence,CoPy_R,23,MAE,0.2533535933572485,1286610,46c1dc5661c5fdc8,True,location-k4-fold2-seed0,2
persistence,CoPy_R,23,SS_vs_persistence,7.731815188094515e-12,1286610,46c1dc5661c5fdc8,True,location-k4-fold2-seed0,2
persistence,CoPy_R,23,SS_vs_seasonal,0.014111158473374408,1286610,46c1dc5661c5fdc8,True,location-k4-fold2-seed0,2
persistence,CoPy_R,23,SS_vs_ar,-0.8987764153174775,1286610,46c1dc5661c5fdc8,True,location-k4-fold2-seed0,2
persistence,CoPy_R,24,MSE,0.13082776918876937,1286610,46c1dc5661c5fdc8,True,location-k4-fold2-seed0,2
persistence,CoPy_R,24,MAE,0.25620455853904794,1286610,46c1dc5661c5fdc8,True,location-k4-fold2-seed0,2
persistence,CoPy_R,24,SS_vs_persistence,7.643663479939278e-12,1286610,46c1dc5661c5fdc8,True,location-k4-fold2-seed0,2
persistence,CoPy_R,24,SS_vs_seasonal,0.0036585651767512273,1286610,46c1dc5661c5fdc8,True,location-k4-fold2-seed0,2
persistence,CoPy_R,24,SS_vs_ar,-0.9166929345795654,1286610,46c1dc5661c5fdc8,True,location-k4-fold2-seed0,2
persistence,CoPy_R,25,MSE,0.13157293227863248,1286610,46c1dc5661c5fdc8,True,location-k4-fold2-seed0,2
persistence,CoPy_R,25,MAE,0.2584964804549263,1286610,46c1dc5661c5fdc8,True,location-k4-fold2-seed0,2
persistence,CoPy_R,25,SS_vs_persistence,7.600364781978897e-12,1286610,46c1dc5661c5fdc8,True,location-k4-fold2-seed0,2
persistence,CoPy_R,25,SS_vs_seasonal,-0.0034551104766573637,1286610,46c1dc5661c5fdc8,True,location-k4-fold2-seed0,2
persistence,CoPy_R,25,SS_vs_ar,-0.9302723465025222,1286610,46c1dc5661c5fdc8,True,location-k4-fold2-seed0,2
persistence,CoPy_R,26,MSE,0.1305959778557556,1286610,46c1dc5661c5fdc8,True,location-k4-fold2-seed0,2
persistence,CoPy_R,26,MAE,0.256483129225928,1286610,46c1dc5661c5fdc8,True,location-k4-fold2-seed0,2
persistence,CoPy_R,26,SS_vs_persistence,7.657208200839705e-12,1286610,46c1dc5661c5fdc8,True,location-k4-fold2-seed0,2
persistence,CoPy_R,26,SS_vs_seasonal,0.0032205322686827964,1286610,46c1dc5661c5fdc8,True,location-k4-fold2-seed0,2
persistence,CoPy_R,26,SS_vs_ar,-0.9164178868479822,1286610,46c1dc5661c5fdc8,True,location-k4-fold2-seed0,2
persistence,CoPy_R,27,MSE,0.1307406693424423,1286610,46c1dc5661c5fdc8,True,location-k4-fold2-seed0,2
persistence,CoPy_R,27,MAE,0.25679209646495355,1286610,46c1dc5661c5fdc8,True,location-k4-fold2-seed0,2
persistence,CoPy_R,27,SS_vs_persistence,7.648770505852553e-12,1286610,46c1dc5661c5fdc8,True,location-k4-fold2-seed0,2
persistence,CoPy_R,27,SS_vs_seasonal,0.0019082107152553762,1286610,46c1dc5661c5fdc8,True,location-k4-fold2-seed0,2
persistence,CoPy_R,27,SS_vs_ar,-0.9189911779031055,1286610,46c1dc5661c5fdc8,True,location-k4-fold2-seed0,2
persistence,CoPy_R,28,MSE,0.13377100884392648,1286610,46c1dc5661c5fdc8,True,location-k4-fold2-seed0,2
persistence,CoPy_R,28,MAE,0.2583190450525087,1286610,46c1dc5661c5fdc8,True,location-k4-fold2-seed0,2
persistence,CoPy_R,28,SS_vs_persistence,7.475464691708567e-12,1286610,46c1dc5661c5fdc8,True,location-k4-fold2-seed0,2
persistence,CoPy_R,28,SS_vs_seasonal,-0.04062921308195322,1286610,46c1dc5661c5fdc8,True,location-k4-fold2-seed0,2
persistence,CoPy_R,28,SS_vs_ar,-0.9582389861752798,1286610,46c1dc5661c5fdc8,True,location-k4-fold2-seed0,2
persistence,CoPy_R,29,MSE,0.1362633189726477,1286610,46c1dc5661c5fdc8,True,location-k4-fold2-seed0,2
persistence,CoPy_R,29,MAE,0.2625657464090339,1286610,46c1dc5661c5fdc8,True,location-k4-fold2-seed0,2
persistence,CoPy_R,29,SS_vs_persistence,7.33879623737721e-12,1286610,46c1dc5661c5fdc8,True,location-k4-fold2-seed0,2
persistence,CoPy_R,29,SS_vs_seasonal,-0.05946565773761758,1286610,46c1dc5661c5fdc8,True,location-k4-fold2-seed0,2
persistence,CoPy_R,29,SS_vs_ar,-0.9951105365719273,1286610,46c1dc5661c5fdc8,True,location-k4-fold2-seed0,2
persistence,CoPy_R,30,MSE,0.13451804831422737,1286610,46c1dc5661c5fdc8,True,location-k4-fold2-seed0,2
persistence,CoPy_R,30,MAE,0.2614192335529553,1286610,46c1dc5661c5fdc8,True,location-k4-fold2-seed0,2
persistence,CoPy_R,30,SS_vs_persistence,7.433942350587586e-12,1286610,46c1dc5661c5fdc8,True,location-k4-fold2-seed0,2
persistence,CoPy_R,30,SS_vs_seasonal,-0.04370807177261615,1286610,46c1dc5661c5fdc8,True,location-k4-fold2-seed0,2
persistence,CoPy_R,30,SS_vs_ar,-0.9698721620191946,1286610,46c1dc5661c5fdc8,True,location-k4-fold2-seed0,2
persistence,CoPy_R,all,MSE,0.13079008982818371,1286610,46c1dc5661c5fdc8,True,location-k4-fold2-seed0,2
persistence,CoPy_R,all,MAE,0.2554854199375978,1286610,46c1dc5661c5fdc8,True,location-k4-fold2-seed0,2
persistence,CoPy_R,all,SS_vs_persistence,7.645883925988528e-12,1286610,46c1dc5661c5fdc8,True,location-k4-fold2-seed0,2
persistence,CoPy_R,all,SS_vs_seasonal,-0.013221352823462817,1286610,46c1dc5661c5fdc8,True,location-k4-fold2-seed0,2
persistence,CoPy_R,all,SS_vs_ar,-0.9225385919593199,1286610,46c1dc5661c5fdc8,True,location-k4-fold2-seed0,2
seasonal,F_R,1,MSE,141380.3240357028,1286610,46c1dc5661c5fdc8,True,location-k4-fold2-seed0,2
seasonal,F_R,1,MAE,204.92795364444282,1286610,46c1dc5661c5fdc8,True,location-k4-fold2-seed0,2
seasonal,F_R,1,SS_vs_persistence,-0.2645798548304783,1286610,46c1dc5661c5fdc8,True,location-k4-fold2-seed0,2
seasonal,F_R,1,SS_vs_seasonal,0.0,1286610,46c1dc5661c5fdc8,True,location-k4-fold2-seed0,2
seasonal,F_R,1,SS_vs_ar,-0.6223560868440194,1286610,46c1dc5661c5fdc8,True,location-k4-fold2-seed0,2
seasonal,F_R,2,MSE,143917.65719522495,1286610,46c1dc5661c5fdc8,True,location-k4-fold2-seed0,2
seasonal,F_R,2,MAE,208.6378024936898,1286610,46c1dc5661c5fdc8,True,location-k4-fold2-seed0,2
seasonal,F_R,2,SS_vs_persistence,-0.09838902449964859,1286610,46c1dc5661c5fdc8,True,location-k4-fold2-seed0,2
seasonal,F_R,2,SS_vs_seasonal,0.0,1286610,46c1dc5661c5fdc8,True,location-k4-fold2-seed0,2
seasonal,F_R,2,SS_vs_ar,-0.45868705469211135,1286610,46c1dc5661c5fdc8,True,location-k4-fold2-seed0,2
seasonal,F_R,3,MSE,148146.69962092763,1286610,46c1dc5661c5fdc8,True,location-k4-fold2-seed0,2
seasonal,F_R,3,MAE,210.51527186223026,1286610,46c1dc5661c5fdc8,True,location-k4-fold2-seed0,2
seasonal,F_R,3,SS_vs_persistence,-0.07555823431404352,1286610,46c1dc5661c5fdc8,True,location-k4-fold2-seed0,2
seasonal,F_R,3,SS_vs_seasonal,0.0,1286610,46c1dc5661c5fdc8,True,location-k4-fold2-seed0,2
seasonal,F_R,3,SS_vs_ar,-0.4192363863486994,1286610,46c1dc5661c5fdc8,True,location-k4-fold2-seed0,2
seasonal,F_R,4,MSE,151948.2548116215,1286610,46c1dc5661c5fdc8,True,location-k4-fold2-seed0,2
seasonal,F_R,4,MAE,210.92355036928438,1286610,46c1dc5661c5fdc8,True,location-k4-fold2-seed0,2
seasonal,F_R,4,SS_vs_persistence,-0.10049055743779323,1286610,46c1dc5661c5fdc8,True,location-k4-fold2-seed0,2
seasonal,F_R,4,SS_vs_seasonal,0.0,1286610,46c1dc5661c5fdc8,True,location-k4-fold2-seed0,2
seasonal,F_R,4,SS_vs_ar,-0.40509268014248256,1286610,46c1dc5661c5fdc8,True,location-k4-fold2-seed0,2
seasonal,F_R,5,MSE,152034.11336513516,1286610,46c1dc5661c5fdc8,True,location-k4-fold2-seed0,2
seasonal,F_R,5,MAE,211.76684770693734,1286610,46c1dc5661c5fdc8,True,location-k4-fold2-seed0,2
seasonal,F_R,5,SS_vs_persistence,-0.059216138789525585,1286610,46c1dc5661c5fdc8,True,location-k4-fold2-seed0,2
seasonal,F_R,5,SS_vs_seasonal,0.0,1286610,46c1dc5661c5fdc8,True,location-k4-fold2-seed0,2
seasonal,F_R,5,SS_vs_ar,-0.36185877230593344,1286610,46c1dc5661c5fdc8,True,location-k4-fold2-seed0,2
seasonal,F_R,6,MSE,150830.62700365385,1286610,46c1dc5661c5fdc8,True,location-k4-fold2-seed0,2
seasonal,F_R,6,MAE,210.4943434825366,1286610,46c1dc5661c5fdc8,True,location-k4-fold2-seed0,2
seasonal,F_R,6,SS_vs_persistence,-0.07609409560577474,1286610,46c1dc5661c5fdc8,True,location-k4-fold2-seed0,2
seasonal,F_R,6,SS_vs_seasonal,0.0,1286610,46c1dc5661c5fdc8,True,location-k4-fold2-seed0,2
seasonal,F_R,6,SS_vs_ar,-0.3207593020450039,1286610,46c1dc5661c5fdc8,True,location-k4-fold2-seed0,2
seasonal,F_R,7,MSE,152903.2077386491,1286610,46c1dc5661c5fdc8,True,location-k4-fold2-seed0,2
seasonal,F_R,7,MAE,212.08905717395788,1286610,46c1dc5661c5fdc8,True,location-k4-fold2-seed0,2
seasonal,F_R,7,SS_vs_persistence,-0.05890202226432395,1286610,46c1dc5661c5fdc8,True,location-k4-fold2-seed0,2
seasonal,F_R,7,SS_vs_seasonal,0.0,1286610,46c1dc5661c5fdc8,True,location-k4-fold2-seed0,2
seasonal,F_R,7,SS_vs_ar,-0.28938211940499925,1286610,46c1dc5661c5fdc8,True,location-k4-fold2-seed0,2
seasonal,F_R,8,MSE,151899.6698794027,1286610,46c1dc5661c5fdc8,True,location-k4-fold2-seed0,2
seasonal,F_R,8,MAE,211.94261350139612,1286610,46c1dc5661c5fdc8,True,location-k4-fold2-seed0,2
seasonal,F_R,8,SS_vs_persistence,-0.023123685371202685,1286610,46c1dc5661c5fdc8,True,location-k4-fold2-seed0,2
seasonal,F_R,8,SS_vs_seasonal,0.0,1286610,46c1dc5661c5fdc8,True,location-k4-fold2-seed0,2
seasonal,F_R,8,SS_vs_ar,-0.24569771113193672,1286610,46c1dc5661c5fdc8,True,location-k4-fold2-seed0,2
seasonal,F_R,9,MSE,148303.6164274642,1286610,46c1dc5661c5fdc8,True,location-k4-fold2-seed0,2
seasonal,F_R,9,MAE,211.1874923433875,1286610,46c1dc5661c5fdc8,True,location-k4-fold2-seed0,2
seasonal,F_R,9,SS_vs_persistence,-0.0034812351462694124,1286610,46c1dc5661c5fdc8,True,location-k4-fold2-seed0,2
seasonal,F_R,9,SS_vs_seasonal,0.0,1286610,46c1dc5661c5fdc8,True,location-k4-fold2-seed0,2
seasonal,F_R,9,SS_vs_ar,-0.19684489892983636,1286610,46c1dc5661c5fdc8,True,location-k4-fold2-seed0,2
seasonal,F_R,10,MSE,152551.60044724616,1286610,46c1dc5661c5fdc8,True,location-k4-fold2-seed0,2
seasonal,F_R,10,MAE,219.17510960284258,1286610,46c1dc5661c5fdc8,True,location-k4-fold2-seed0,2
seasonal,F_R,10,SS_vs_persistence,-0.02593299398052351,1286610,46c1dc5661c5fdc8,True,location-k4-fold2-seed0,2
seasonal,F_R,10,SS_vs_seasonal,0.0,1286610,46c1dc5661c5fdc8,True,location-k4-fold2-seed0,2
seasonal,F_R,10,SS_vs_ar,-0.20277552199906967,1286610,46c1dc5661c5fdc8,True,location-k4-fold2-seed0,2
seasonal,F_R,11,MSE,155651.06452555745,1286610,46c1dc5661c5fdc8,True,location-k4-fold2-seed0,2
seasonal,F_R,11,MAE,220.31873081463533,1286610,46c1dc5661c5fdc8,True,location-k4-fold2-seed0,2
seasonal,F_R,11,SS_vs_persistence,-0.01956726876768977,1286610,46c1dc5661c5fdc8,True,location-k4-fold2-seed0,2
seasonal,F_R,11,SS_vs_seasonal,0.0,1286610,46c1dc5661c5fdc8,True,location-k4-fold2-seed0,2
seasonal,F_R,11,SS_vs_ar,-0.19487371638672202,1286610,46c1dc5661c5fdc8,True,location-k4-fold2-seed0,2
seasonal,F_R,12,MSE,158128.25014720857,1286610,46c1dc5661c5fdc8,True,location-k4-fold2-seed0,2
seasonal,F_R,12,MAE,221.29225512525102,1286610,46c1dc5661c5fdc8,True,location-k4-fold2-seed0,2
seasonal,F_R,12,SS_vs_persistence,-0.027494900792927934,1286610,46c1dc5661c5fdc8,True,location-k4-fold2-seed0,2
seasonal,F_R,12,SS_vs_seasonal,0.0,1286610,46c1dc5661c5fdc8,True,location-k4-fold2-seed0,2
seasonal,F_R,12,SS_vs_ar,-0.19627834791000498,1286610,46c1dc5661c5fdc8,True,location-k4-fold2-seed0,2
seasonal,F_R,13,MSE,160464.75898992884,1286610,46c1dc5661c5fdc8,True,location-k4-fold2-seed0,2
seasonal,F_R,13,MAE,221.76566425650546,1286610,46c1dc5661c5fdc8,True,location-k4-fold2-seed0,2
seasonal,F_R,13,SS_vs_persistence,-0.03160266463007888,1286610,46c1dc5661c5fdc8,True,location-k4-fold2-seed0,2
seasonal,F_R,13,SS_vs_seasonal,0.0,1286610,46c1dc5661c5fdc8,True,location-k4-fold2-seed0,2
seasonal,F_R,13,SS_vs_ar,-0.19496657624939417,1286610,46c1dc5661c5fdc8,True,location-k4-fold2-seed0,2
seasonal,F_R,14,MSE,160905.26580753358,1286610,46c1dc5661c5fdc8,True,location-k4-fold2-seed0,2
seasonal,F_R,14,MAE,221.78726227385155,1286610,46c1dc5661c5fdc8,True,location-k4-fold2-seed0,2
seasonal,F_R,14,SS_vs_persistence,-0.019514023394123114,1286610,46c1dc5661c5fdc8,True,location-k4-fold2-seed0,2
seasonal,F_R,14,SS_vs_seasonal,0.0,1286610,46c1dc5661c5fdc8,True,location-k4-fold2-seed0,2
seasonal,F_R,14,SS_vs_ar,-0.17762908416012668,1286610,46c1dc5661c5fdc8,True,location-k4-fold2-seed0,2
seasonal,F_R,15,MSE,161487.12042253662,1286610,46c1dc5661c5fdc8,True,location-k4-fold2-seed0,2
seasonal,F_R,15,MAE,222.34642755439623,1286610,46c1dc5661c5fdc8,True,location-k4-fold2-seed0,2
seasonal,F_R,15,SS_vs_persistence,-0.005733700531964647,1286610,46c1dc5661c5fdc8,True,location-k4-fold2-seed0,2
seasonal,F_R,15,SS_vs_seasonal,0.0,1286610,46c1dc5661c5fdc8,True,location-k4-fold2-seed0,2
seasonal,F_R,15,SS_vs_ar,-0.16197759607283224,1286610,46c1dc5661c5fdc8,True,location-k4-fold2-seed0,2
seasonal,F_R,16,MSE,166893.31923584396,1286610,46c1dc5661c5fdc8,True,location-k4-fold2-seed0,2
seasonal,F_R,16,MAE,224.4937861836137,1286610,46c1dc5661c5fdc8,True,location-k4-fold2-seed0,2
seasonal,F_R,16,SS_vs_persistence,-0.010016566535655524,1286610,46c1dc5661c5fdc8,True,location-k4-fold2-seed0,2
seasonal,F_R,16,SS_vs_seasonal,0.0,1286610,46c1dc5661c5fdc8,True,location-k4-fold2-seed0,2
seasonal,F_R,16,SS_vs_ar,-0.14054644247540593,1286610,46c1dc5661c5fdc8,True,location-k4-fold2-seed0,2
seasonal,F_R,17,MSE,167473.80693040384,1286610,46c1dc5661c5fdc8,True,location-k4-fold2-seed0,2
seasonal,F_R,17,MAE,225.20557643100437,1286610,46c1dc5661c5fdc8,True,location-k4-fold2-seed0,2
seasonal,F_R,17,SS_vs_persistence,-0.01832591212600354,1286610,46c1dc5661c5fdc8,True,location-k4-fold2-seed0,2
seasonal,F_R,17,SS_vs_seasonal,0.0,1286610,46c1dc5661c5fdc8,True,location-k4-fold2-seed0,2
seasonal,F_R,17,SS_vs_ar,-0.13152140248832578,1286610,46c1dc5661c5fdc8,True,location-k4-fold2-seed0,2
seasonal,F_R,18,MSE,166662.4484980004,1286610,46c1dc5661c5fdc8,True,location-k4-fold2-seed0,2
seasonal,F_R,18,MAE,224.41258988009187,1286610,46c1dc5661c5fdc8,True,location-k4-fold2-seed0,2
seasonal,F_R,18,SS_vs_persistence,-0.0076883032806667195,1286610,46c1dc5661c5fdc8,True,location-k4-fold2-seed0,2
seasonal,F_R,18,SS_vs_seasonal,0.0,1286610,46c1dc5661c5fdc8,True,location-k4-fold2-seed0,2
seasonal,F_R,18,SS_vs_ar,-0.09396704794077193,1286610,46c1dc5661c5fdc8,True,location-k4-fold2-seed0,2
seasonal,F_R,19,MSE,172525.81378171468,1286610,46c1dc5661c5fdc8,True,location-k4-fold2-seed0,2
seasonal,F_R,19,MAE,232.56430696624452,1286610,46c1dc5661c5fdc8,True,location-k4-fold2-seed0,2
seasonal,F_R,19,SS_vs_persistence,-0.03263715938026146,1286610,46c1dc5661c5fdc8,True,location-k4-fold2-seed0,2
seasonal,F_R,19,SS_vs_seasonal,0.0,1286610,46c1dc5661c5fdc8,True,location-k4-fold2-seed0,2
seasonal,F_R,19,SS_vs_ar,-0.11733510822848436,1286610,46c1dc5661c5fdc8,True,location-k4-fold2-seed0,2
seasonal,F_R,20,MSE,173057.91671458867,1286610,46c1dc5661c5fdc8,True,location-k4-fold2-seed0,2
seasonal,F_R,20,MAE,233.34624248069417,1286610,46c1dc5661c5fdc8,True,location-k4-fold2-seed0,2
seasonal,F_R,20,SS_vs_persistence,-0.01034265935993628,1286610,46c1dc5661c5fdc8,True,location-k4-fold2-seed0,2
seasonal,F_R,20,SS_vs_seasonal,0.0,1286610,46c1dc5661c5fdc8,True,location-k4-fold2-seed0,2
seasonal,F_R,20,SS_vs_ar,-0.10957203539124127,1286610,46c1dc5661c5fdc8,True,location-k4-fold2-seed0,2
seasonal,F_R,21,MSE,174597.53236074257,1286610,46c1dc5661c5fdc8,True,location-k4-fold2-seed0,2
seasonal,F_R,21,MAE,233.84502248345763,1286610,46c1dc5661c5fdc8,True,location-k4-fold2-seed0,2
seasonal,F_R,21,SS_vs_persistence,-0.020334514911734436,1286610,46c1dc5661c5fdc8,True,location-k4-fold2-seed0,2
seasonal,F_R,21,SS_vs_seasonal,0.0,1286610,46c1dc5661c5fdc8,True,location-k4-fold2-seed0,2
seasonal,F_R,21,SS_vs_ar,-0.11242986970401714,1286610,46c1dc5661c5fdc8,True,location-k4-fold2-seed0,2
seasonal,F_R,22,MSE,176165.14165730853,1286610,46c1dc5661c5fdc8,True,location-k4-fold2-seed0,2
seasonal,F_R,22,MAE,233.2741334319968,1286610,46c1dc5661c5fdc8,True,location-k4-fold2-seed0,2
seasonal,F_R,22,SS_vs_persistence,-0.04979051903259135,1286610,46c1dc5661c5fdc8,True,location-k4-fold2-seed0,2
seasonal,F_R,22,SS_vs_seasonal,0.0,1286610,46c1dc5661c5fdc8,True,location-k4-fold2-seed0,2
seasonal,F_R,22,SS_vs_ar,-0.11055955026943098,1286610,46c1dc5661c5fdc8,True,location-k4-fold2-seed0,2
seasonal,F_R,23,MSE,178862.51462507428,1286610,46c1dc5661c5fdc8,True,location-k4-fold2-seed0,2
seasonal,F_R,23,MAE,234.56662965799842,1286610,46c1dc5661c5fdc8,True,location-k4-fold2-seed0,2
seasonal,F_R,23,SS_vs_persistence,-0.05928382929646259,1286610,46c1dc5661c5fdc8,True,location-k4-fold2-seed0,2
seasonal,F_R,23,SS_vs_seasonal,0.0,1286610,46c1dc5661c5fdc8,True,location-k4-fold2-seed0,2
seasonal,F_R,23,SS_vs_ar,-0.11817604277869953,1286610,46c1dc5661c5fdc8,True,location-k4-fold2-seed0,2
seasonal,F_R,24,MSE,176606.12890535287,1286610,46c1dc5661c5fdc8,True,location-k4-fold2-seed0,2
seasonal,F_R,24,MAE,234.48807664482027,1286610,46c1dc5661c5fdc8,True,location-k4-fold2-seed0,2
seasonal,F_R,24,SS_vs_persistence,-0.07113433332998031,1286610,46c1dc5661c5fdc8,True,location-k4-fold2-seed0,2
seasonal,F_R,24,SS_vs_seasonal,0.0,1286610,46c1dc5661c5fdc8,True,location-k4-fold2-seed0,2
seasonal,F_R,24,SS_vs_ar,-0.10500428764360437,1286610,46c1dc5661c5fdc8,True,location-k4-fold2-seed0,2
seasonal,F_R,25,MSE,174878.27668820674,1286610,46c1dc5661c5fdc8,True,location-k4-fold2-seed0,2
seasonal,F_R,25,MAE,233.88178880236873,1286610,46c1dc5661c5fdc8,True,location-k4-fold2-seed0,2
seasonal,F_R,25,SS_vs_persistence,-0.07074554210776918,1286610,46c1dc5661c5fdc8,True,location-k4-fold2-seed0,2
seasonal,F_R,25,SS_vs_seasonal,0.0,1286610,46c1dc5661c5fdc8,True,location-k4-fold2-seed0,2
seasonal,F_R,25,SS_vs_ar,-0.09916927513214824,1286610,46c1dc5661c5fdc8,True,location-k4-fold2-seed0,2
seasonal,F_R,26,MSE,175210.9147954892,1286610,46c1dc5661c5fdc8,True,location-k4-fold2-seed0,2
seasonal,F_R,26,MAE,234.18173517989499,1286610,46c1dc5661c5fdc8,True,location-k4-fold2-seed0,2
seasonal,F_R,26,SS_vs_persistence,-0.05643495805550791,1286610,46c1dc5661c5fdc8,True,location-k4-fold2-seed0,2
seasonal,F_R,26,SS_vs_seasonal,0.0,1286610,46c1dc5661c5fdc8,True,location-k4-fold2-seed0,2
seasonal,F_R,26,SS_vs_ar,-0.08697403755866473,1286610,46c1dc5661c5fdc8,True,location-k4-fold2-seed0,2
seasonal,F_R,27,MSE,172918.32429767866,1286610,46c1dc5661c5fdc8,True,location-k4-fold2-seed0,2
seasonal,F_R,27,MAE,234.44304898902203,1286610,46c1dc5661c5fdc8,True,location-k4-fold2-seed0,2
seasonal,F_R,27,SS_vs_persistence,-0.007553910107838568,1286610,46c1dc5661c5fdc8,True,location-k4-fold2-seed0,2
seasonal,F_R,27,SS_vs_seasonal,0.0,1286610,46c1dc5661c5fdc8,True,location-k4-fold2-seed0,2
seasonal,F_R,27,SS_vs_ar,-0.060245766601534356,1286610,46c1dc5661c5fdc8,True,location-k4-fold2-seed0,2
seasonal,F_R,28,MSE,173051.15385544713,1286610,46c1dc5661c5fdc8,True,location-k4-fold2-seed0,2
seasonal,F_R,28,MAE,233.00917357245677,1286610,46c1dc5661c5fdc8,True,location-k4-fold2-seed0,2
seasonal,F_R,28,SS_vs_persistence,-0.019305091069487634,1286610,46c1dc5661c5fdc8,True,location-k4-fold2-seed0,2
seasonal,F_R,28,SS_vs_seasonal,0.0,1286610,46c1dc5661c5fdc8,True,location-k4-fold2-seed0,2
seasonal,F_R,28,SS_vs_ar,-0.051189931186596205,1286610,46c1dc5661c5fdc8,True,location-k4-fold2-seed0,2
seasonal,F_R,29,MSE,172936.87257339832,1286610,46c1dc5661c5fdc8,True,location-k4-fold2-seed0,2
seasonal,F_R,29,MAE,233.87079757856583,1286610,46c1dc5661c5fdc8,True,location-k4-fold2-seed0,2
seasonal,F_R,29,SS_vs_persistence,-0.015517154690555701,1286610,46c1dc5661c5fdc8,True,location-k4-fold2-seed0,2
seasonal,F_R,29,SS_vs_seasonal,0.0,1286610,46c1dc5661c5fdc8,True,location-k4-fold2-seed0,2
seasonal,F_R,29,SS_vs_ar,-0.04159895699662819,1286610,46c1dc5661c5fdc8,True,location-k4-fold2-seed0,2
seasonal,F_R,30,MSE,173257.89724371166,1286610,46c1dc5661c5fdc8,True,location-k4-fold2-seed0,2
seasonal,F_R,30,MAE,233.54629577868695,1286610,46c1dc5661c5fdc8,True,location-k4-fold2-seed0,2
seasonal,F_R,30,SS_vs_persistence,-0.024038000472937027,1286610,46c1dc5661c5fdc8,True,location-k4-fold2-seed0,2
seasonal,F_R,30,SS_vs_seasonal,0.0,1286610,46c1dc5661c5fdc8,True,location-k4-fold2-seed0,2
seasonal,F_R,30,SS_vs_ar,-0.03360238144808947,1286610,46c1dc5661c5fdc8,True,location-k4-fold2-seed0,2
seasonal,F_R,all,MSE,162855.00975360814,1286610,46c1dc5661c5fdc8,True,location-k4-fold2-seed0,2
seasonal,F_R,all,MAE,223.27665287554206,1286610,46c1dc5661c5fdc8,True,location-k4-fold2-seed0,2
seasonal,F_R,all,SS_vs_persistence,-0.042082879316788224,1286610,46c1dc5661c5fdc8,True,location-k4-fold2-seed0,2
seasonal,F_R,all,SS_vs_seasonal,0.0,1286610,46c1dc5661c5fdc8,True,location-k4-fold2-seed0,2
seasonal,F_R,all,SS_vs_ar,-0.17390742837057838,1286610,46c1dc5661c5fdc8,True,location-k4-fold2-seed0,2
seasonal,CoPx_R,1,MSE,0.2095080041713834,1286610,46c1dc5661c5fdc8,True,location-k4-fold2-seed0,2
seasonal,CoPx_R,1,MAE,0.27889722531463285,1286610,46c1dc5661c5fdc8,True,location-k4-fold2-seed0,2
seasonal,CoPx_R,1,SS_vs_persistence,-0.08912384850528765,1286610,46c1dc5661c5fdc8,True,location-k4-fold2-seed0,2
seasonal,CoPx_R,1,SS_vs_seasonal,4.773070827468473e-12,1286610,46c1dc5661c5fdc8,True,location-k4-fold2-seed0,2
seasonal,CoPx_R,1,SS_vs_ar,-0.8885071766090944,1286610,46c1dc5661c5fdc8,True,location-k4-fold2-seed0,2
seasonal,CoPx_R,2,MSE,0.21169500047158757,1286610,46c1dc5661c5fdc8,True,location-k4-fold2-seed0,2
seasonal,CoPx_R,2,MAE,0.2815181116718989,1286610,46c1dc5661c5fdc8,True,location-k4-fold2-seed0,2
seasonal,CoPx_R,2,SS_vs_persistence,0.008551314561771828,1286610,46c1dc5661c5fdc8,True,location-k4-fold2-seed0,2
seasonal,CoPx_R,2,SS_vs_seasonal,4.723776925175116e-12,1286610,46c1dc5661c5fdc8,True,location-k4-fold2-seed0,2
seasonal,CoPx_R,2,SS_vs_ar,-0.8719760740057227,1286610,46c1dc5661c5fdc8,True,location-k4-fold2-seed0,2
seasonal,CoPx_R,3,MSE,0.21236866327483273,1286610,46c1dc5661c5fdc8,True,location-k4-fold2-seed0,2
seasonal,CoPx_R,3,MAE,0.28151960871253257,1286610,46c1dc5661c5fdc8,True,location-k4-fold2-seed0,2
seasonal,CoPx_R,3,SS_vs_persistence,-0.010723805783217966,1286610,46c1dc5661c5fdc8,True,location-k4-fold2-seed0,2
seasonal,CoPx_R,3,SS_vs_seasonal,4.7087889143426764e-12,1286610,46c1dc5661c5fdc8,True,location-k4-fold2-seed0,2
seasonal,CoPx_R,3,SS_vs_ar,-0.8807936442886894,1286610,46c1dc5661c5fdc8,True,location-k4-fold2-seed0,2
seasonal,CoPx_R,4,MSE,0.20976679785786462,1286610,46c1dc5661c5fdc8,True,location-k4-fold2-seed0,2
seasonal,CoPx_R,4,MAE,0.2800870806565268,1286610,46c1dc5661c5fdc8,True,location-k4-fold2-seed0,2
seasonal,CoPx_R,4,SS_vs_persistence,-0.0302205628854586,1286610,46c1dc5661c5fdc8,True,location-k4-fold2-seed0,2
seasonal,CoPx_R,4,SS_vs_seasonal,4.76718664543796e-12,1286610,46c1dc5661c5fdc8,True,location-k4-fold2-seed0,2
seasonal,CoPx_R,4,SS_vs_ar,-0.861774650777912,1286610,46c1dc5661c5fdc8,True,location-k4-fold2-seed0,2
seasonal,CoPx_R,5,MSE,0.2107023645244547,1286610,46c1dc5661c5fdc8,True,location-k4-fold2-seed0,2
seasonal,CoPx_R,5,MAE,0.2807651022638144,1286610,46c1dc5661c5fdc8,True,location-k4-fold2-seed0,2
seasonal,CoPx_R,5,SS_vs_persistence,-0.004012841072762008,1286610,46c1dc5661c5fdc8,True,location-k4-fold2-seed0,2
seasonal,CoPx_R,5,SS_vs_seasonal,4.746092407970082e-12,1286610,46c1dc5661c5fdc8,True,location-k4-fold2-seed0,2
seasonal,CoPx_R,5,SS_vs_ar,-0.8597781979957211,1286610,46c1dc5661c5fdc8,True,location-k4-fold2-seed0,2
seasonal,CoPx_R,6,MSE,0.21029609249440404,1286610,46c1dc5661c5fdc8,True,location-k4-fold2-seed0,2
seasonal,CoPx_R,6,MAE,0.2803368040290863,1286610,46c1dc5661c5fdc8,True,location-k4-fold2-seed0,2
seasonal,CoPx_R,6,SS_vs_persistence,0.008015111892862747,1286610,46c1dc5661c5fdc8,True,location-k4-fold2-seed0,2
seasonal,CoPx_R,6,SS_vs_seasonal,4.755196236772008e-12,1286610,46c1dc5661c5fdc8,True,location-k4-fold2-seed0,2
seasonal,CoPx_R,6,SS_vs_ar,-0.852875280239644,1286610,46c1dc5661c5fdc8,True,location-k4-fold2-seed0,2
seasonal,CoPx_R,7,MSE,0.20982119790092527,1286610,46c1dc5661c5fdc8,True,location-k4-fold2-seed0,2
seasonal,CoPx_R,7,MAE,0.280286468949884,1286610,46c1dc5661c5fdc8,True,location-k4-fold2-seed0,2
seasonal,CoPx_R,7,SS_vs_persistence,0.014163636233600285,1286610,46c1dc5661c5fdc8,True,location-k4-fold2-seed0,2
seasonal,CoPx_R,7,SS_vs_seasonal,4.765965400110872e-12,1286610,46c1dc5661c5fdc8,True,location-k4-fold2-seed0,2
seasonal,CoPx_R,7,SS_vs_ar,-0.8444897332330081,1286610,46c1dc5661c5fdc8,True,location-k4-fold2-seed0,2
seasonal,CoPx_R,8,MSE,0.20958052678129574,1286610,46c1dc5661c5fdc8,True,location-k4-fold2-seed0,2
seasonal,CoPx_R,8,MAE,0.2801233006172771,1286610,46c1dc5661c5fdc8,True,location-k4-fold2-seed0,2
seasonal,CoPx_R,8,SS_vs_persistence,-0.014751295039195922,1286610,46c1dc5661c5fdc8,True,location-k4-fold2-seed0,2
seasonal,CoPx_R,8,SS_vs_seasonal,4.771516515233998e-12,1286610,46c1dc5661c5fdc8,True,location-k4-fold2-seed0,2
seasonal,CoPx_R,8,SS_vs_ar,-0.8372812249011194,1286610,46c1dc5661c5fdc8,True,location-k4-fold2-seed0,2
seasonal,CoPx_R,9,MSE,0.20936323679679966,1286610,46c1dc5661c5fdc8,True,location-k4-fold2-seed0,2
seasonal,CoPx_R,9,MAE,0.2797383700981758,1286610,46c1dc5661c5fdc8,True,location-k4-fold2-seed0,2
seasonal,CoPx_R,9,SS_vs_persistence,0.0005672291850042921,1286610,46c1dc5661c5fdc8,True,location-k4-fold2-seed0,2
seasonal,CoPx_R,9,SS_vs_seasonal,4.7764014965423485e-12,1286610,46c1dc5661c5fdc8,True,location-k4-fold2-seed0,2
seasonal,CoPx_R,9,SS_vs_ar,-0.8248576557117946,1286610,46c1dc5661c5fdc8,True,location-k4-fold2-seed0,2
seasonal,CoPx_R,10,MSE,0.21168277516794504,1286610,46c1dc5661c5fdc8,True,location-k4-fold2-seed0,2
seasonal,CoPx_R,10,MAE,0.2831034310525999,1286610,46c1dc5661c5fdc8,True,location-k4-fold2-seed0,2
seasonal,CoPx_R,10,SS_vs_persistence,-0.007973132609368827,1286610,46c1dc5661c5fdc8,True,location-k4-fold2-seed0,2
seasonal,CoPx_R,10,SS_vs_seasonal,4.7241099920825036e-12,1286610,46c1dc5661c5fdc8,True,location-k4-fold2-seed0,2
seasonal,CoPx_R,10,SS_vs_ar,-0.8359709531823896,1286610,46c1dc5661c5fdc8,True,location-k4-fold2-seed0,2
seasonal,CoPx_R,11,MSE,0.21375754339607286,1286610,46c1dc5661c5fdc8,True,location-k4-fold2-seed0,2
seasonal,CoPx_R,11,MAE,0.2842738915541816,1286610,46c1dc5661c5fdc8,True,location-k4-fold2-seed0,2
seasonal,CoPx_R,11,SS_vs_persistence,0.026299218918033107,1286610,46c1dc5661c5fdc8,True,location-k4-fold2-seed0,2
seasonal,CoPx_R,11,SS_vs_seasonal,4.678257781165485e-12,1286610,46c1dc5661c5fdc8,True,location-k4-fold2-seed0,2
seasonal,CoPx_R,11,SS_vs_ar,-0.8450394738127336,1286610,46c1dc5661c5fdc8,True,location-k4-fold2-seed0,2
seasonal,CoPx_R,12,MSE,0.21304668610602198,1286610,46c1dc5661c5fdc8,True,location-k4-fold2-seed0,2
seasonal,CoPx_R,12,MAE,0.2843146001120642,1286610,46c1dc5661c5fdc8,True,location-k4-fold2-seed0,2
seasonal,CoPx_R,12,SS_vs_persistence,0.043340511734339615,1286610,46c1dc5661c5fdc8,True,location-k4-fold2-seed0,2
seasonal,CoPx_R,12,SS_vs_seasonal,4.693800903510237e-12,1286610,46c1dc5661c5fdc8,True,location-k4-fold2-seed0,2
seasonal,CoPx_R,12,SS_vs_ar,-0.8445729869154432,1286610,46c1dc5661c5fdc8,True,location-k4-fold2-seed0,2
seasonal,CoPx_R,13,MSE,0.21365406034347423,1286610,46c1dc5661c5fdc8,True,location-k4-fold2-seed0,2
seasonal,CoPx_R,13,MAE,0.28472782644365535,1286610,46c1dc5661c5fdc8,True,location-k4-fold2-seed0,2
seasonal,CoPx_R,13,SS_vs_persistence,0.01259417264989282,1286610,46c1dc5661c5fdc8,True,location-k4-fold2-seed0,2
seasonal,CoPx_R,13,SS_vs_seasonal,4.680478227214735e-12,1286610,46c1dc5661c5fdc8,True,location-k4-fold2-seed0,2
seasonal,CoPx_R,13,SS_vs_ar,-0.846148443276594,1286610,46c1dc5661c5fdc8,True,location-k4-fold2-seed0,2
seasonal,CoPx_R,14,MSE,0.21327106706264906,1286610,46c1dc5661c5fdc8,True,location-k4-fold2-seed0,2
seasonal,CoPx_R,14,MAE,0.2842591799924622,1286610,46c1dc5661c5fdc8,True,location-k4-fold2-seed0,2
seasonal,CoPx_R,14,SS_vs_persistence,-0.024402696360107168,1286610,46c1dc5661c5fdc8,True,location-k4-fold2-seed0,2
seasonal,CoPx_R,14,SS_vs_seasonal,4.688915922201886e-12,1286610,46c1dc5661c5fdc8,True,location-k4-fold2-seed0,2
seasonal,CoPx_R,14,SS_vs_ar,-0.8444563755761629,1286610,46c1dc5661c5fdc8,True,location-k4-fold2-seed0,2
seasonal,CoPx_R,15,MSE,0.21394066480867122,1286610,46c1dc5661c5fdc8,True,location-k4-fold2-seed0,2
seasonal,CoPx_R,15,MAE,0.28484605398600416,1286610,46c1dc5661c5fdc8,True,location-k4-fold2-seed0,2
seasonal,CoPx_R,15,SS_vs_persistence,0.017987785512241006,1286610,46c1dc5661c5fdc8,True,location-k4-fold2-seed0,2
seasonal,CoPx_R,15,SS_vs_seasonal,4.674260978276834e-12,1286610,46c1dc5661c5fdc8,True,location-k4-fold2-seed0,2
seasonal,CoPx_R,15,SS_vs_ar,-0.8437953943250192,1286610,46c1dc5661c5fdc8,True,location-k4-fold2-seed0,2
seasonal,CoPx_R,16,MSE,0.21288349136221063,1286610,46c1dc5661c5fdc8,True,location-k4-fold2-seed0,2
seasonal,CoPx_R,16,MAE,0.28431539491092833,1286610,46c1dc5661c5fdc8,True,location-k4-fold2-seed0,2
seasonal,CoPx_R,16,SS_vs_persistence,0.04399126822859756,1286610,46c1dc5661c5fdc8,True,location-k4-fold2-seed0,2
seasonal,CoPx_R,16,SS_vs_seasonal,4.6974646394915e-12,1286610,46c1dc5661c5fdc8,True,location-k4-fold2-seed0,2
seasonal,CoPx_R,16,SS_vs_ar,-0.841389500474865,1286610,46c1dc5661c5fdc8,True,location-k4-fold2-seed0,2
seasonal,CoPx_R,17,MSE,0.21262330236556537,1286610,46c1dc5661c5fdc8,True,location-k4-fold2-seed0,2
seasonal,CoPx_R,17,MAE,0.283826011454881,1286610,46c1dc5661c5fdc8,True,location-k4-fold2-seed0,2
seasonal,CoPx_R,17,SS_vs_persistence,0.016521305215282056,1286610,46c1dc5661c5fdc8,True,location-k4-fold2-seed0,2
seasonal,CoPx_R,17,SS_vs_seasonal,4.703126776917088e-12,1286610,46c1dc5661c5fdc8,True,location-k4-fold2-seed0,2
seasonal,CoPx_R,17,SS_vs_ar,-0.8406290892324868,1286610,46c1dc5661c5fdc8,True,location-k4-fold2-seed0,2
seasonal,CoPx_R,18,MSE,0.21293174068508358,1286610,46c1dc5661c5fdc8,True,location-k4-fold2-seed0,2
seasonal,CoPx_R,18,MAE,0.283996759245875,1286610,46c1dc5661c5fdc8,True,location-k4-fold2-seed0,2
seasonal,CoPx_R,18,SS_vs_persistence,0.0006339101561199101,1286610,46c1dc5661c5fdc8,True,location-k4-fold2-seed0,2
seasonal,CoPx_R,18,SS_vs_seasonal,4.696354416466875e-12,1286610,46c1dc5661c5fdc8,True,location-k4-fold2-seed0,2
seasonal,CoPx_R,18,SS_vs_ar,-0.8376365322956472,1286610,46c1dc5661c5fdc8,True,location-k4-fold2-seed0,2
seasonal,CoPx_R,19,MSE,0.2170858807518339,1286610,46c1dc5661c5fdc8,True,location-k4-fold2-seed0,2
seasonal,CoPx_R,19,MAE,0.29152668930894304,1286610,46c1dc5661c5fdc8,True,location-k4-fold2-seed0,2
seasonal,CoPx_R,19,SS_vs_persistence,0.002034249447293135,1286610,46c1dc5661c5fdc8,True,location-k4-fold2-seed0,2
seasonal,CoPx_R,19,SS_vs_seasonal,4.6065373737746995e-12,1286610,46c1dc5661c5fdc8,True,location-k4-fold2-seed0,2
seasonal,CoPx_R,19,SS_vs_ar,-0.8728997508843808,1286610,46c1dc5661c5fdc8,True,location-k4-fold2-seed0,2
seasonal,CoPx_R,20,MSE,0.21702038295489814,1286610,46c1dc5661c5fdc8,True,location-k4-fold2-seed0,2
seasonal,CoPx_R,20,MAE,0.2913005397599046,1286610,46c1dc5661c5fdc8,True,location-k4-fold2-seed0,2
seasonal,CoPx_R,20,SS_vs_persistence,0.0335918237148205,1286610,46c1dc5661c5fdc8,True,location-k4-fold2-seed0,2
seasonal,CoPx_R,20,SS_vs_seasonal,4.60786964140425e-12,1286610,46c1dc5661c5fdc8,True,location-k4-fold2-seed0,2
seasonal,CoPx_R,20,SS_vs_ar,-0.8712037654001039,1286610,46c1dc5661c5fdc8,True,location-k4-fold2-seed0,2
seasonal,CoPx_R,21,MSE,0.21649657387005833,1286610,46c1dc5661c5fdc8,True,location-k4-fold2-seed0,2
seasonal,CoPx_R,21,MAE,0.2907662894481673,1286610,46c1dc5661c5fdc8,True,location-k4-fold2-seed0,2
seasonal,CoPx_R,21,SS_vs_persistence,0.03215650611149534,1286610,46c1dc5661c5fdc8,True,location-k4-fold2-seed0,2
seasonal,CoPx_R,21,SS_vs_seasonal,4.619082893952964e-12,1286610,46c1dc5661c5fdc8,True,location-k4-fold2-seed0,2
seasonal,CoPx_R,21,SS_vs_ar,-0.8685291398818182,1286610,46c1dc5661c5fdc8,True,location-k4-fold2-seed0,2
seasonal,CoPx_R,22,MSE,0.21640870312840843,1286610,46c1dc5661c5fdc8,True,location-k4-fold2-seed0,2
seasonal,CoPx_R,22,MAE,0.29050126284505123,1286610,46c1dc5661c5fdc8,True,location-k4-fold2-seed0,2
seasonal,CoPx_R,22,SS_vs_persistence,0.0063795742677208445,1286610,46c1dc5661c5fdc8,True,location-k4-fold2-seed0,2
seasonal,CoPx_R,22,SS_vs_seasonal,4.620859250792364e-12,1286610,46c1dc5661c5fdc8,True,location-k4-fold2-seed0,2
seasonal,CoPx_R,22,SS_vs_ar,-0.8741449093954572,1286610,46c1dc5661c5fdc8,True,location-k4-fold2-seed0,2
seasonal,CoPx_R,23,MSE,0.21655094405349992,1286610,46c1dc5661c5fdc8,True,location-k4-fold2-seed0,2
seasonal,CoPx_R,23,MAE,0.29097656165485586,1286610,46c1dc5661c5fdc8,True,location-k4-fold2-seed0,2
seasonal,CoPx_R,23,SS_vs_persistence,-0.003626094404608482,1286610,46c1dc5661c5fdc8,True,location-k4-fold2-seed0,2
seasonal,CoPx_R,23,SS_vs_seasonal,4.617861648625876e-12,1286610,46c1dc5661c5fdc8,True,location-k4-fold2-seed0,2
seasonal,CoPx_R,23,SS_vs_ar,-0.8677109472643603,1286610,46c1dc5661c5fdc8,True,location-k4-fold2-seed0,2
seasonal,CoPx_R,24,MSE,0.21677815984757254,1286610,46c1dc5661c5fdc8,True,location-k4-fold2-seed0,2
seasonal,CoPx_R,24,MAE,0.29154636672513473,1286610,46c1dc5661c5fdc8,True,location-k4-fold2-seed0,2
seasonal,CoPx_R,24,SS_vs_persistence,-0.004065390807378,1286610,46c1dc5661c5fdc8,True,location-k4-fold2-seed0,2
seasonal,CoPx_R,24,SS_vs_seasonal,4.613087689619988e-12,1286610,46c1dc5661c5fdc8,True,location-k4-fold2-seed0,2
seasonal,CoPx_R,24,SS_vs_ar,-0.8727510938110301,1286610,46c1dc5661c5fdc8,True,location-k4-fold2-seed0,2
seasonal,CoPx_R,25,MSE,0.2162782489737109,1286610,46c1dc5661c5fdc8,True,location-k4-fold2-seed0,2
seasonal,CoPx_R,25,MAE,0.2909504513043131,1286610,46c1dc5661c5fdc8,True,location-k4-fold2-seed0,2
seasonal,CoPx_R,25,SS_vs_persistence,0.011213848861163611,1286610,46c1dc5661c5fdc8,True,location-k4-fold2-seed0,2
seasonal,CoPx_R,25,SS_vs_seasonal,4.6237458306563894e-12,1286610,46c1dc5661c5fdc8,True,location-k4-fold2-seed0,2
seasonal,CoPx_R,25,SS_vs_ar,-0.8688100248496817,1286610,46c1dc5661c5fdc8,True,location-k4-fold2-seed0,2
seasonal,CoPx_R,26,MSE,0.21741233329541046,1286610,46c1dc5661c5fdc8,True,location-k4-fold2-seed0,2
seasonal,CoPx_R,26,MAE,0.2919939281391626,1286610,46c1dc5661c5fdc8,True,location-k4-fold2-seed0,2
seasonal,CoPx_R,26,SS_vs_persistence,0.017982463484730538,1286610,46c1dc5661c5fdc8,True,location-k4-fold2-seed0,2
seasonal,CoPx_R,26,SS_vs_seasonal,4.599542968719561e-12,1286610,46c1dc5661c5fdc8,True,location-k4-fold2-seed0,2
seasonal,CoPx_R,26,SS_vs_ar,-0.8807196098027881,1286610,46c1dc5661c5fdc8,True,location-k4-fold2-seed0,2
seasonal,CoPx_R,27,MSE,0.21673783550183126,1286610,46c1dc5661c5fdc8,True,location-k4-fold2-seed0,2
seasonal,CoPx_R,27,MAE,0.29171437247787685,1286610,46c1dc5661c5fdc8,True,location-k4-fold2-seed0,2
seasonal,CoPx_R,27,SS_vs_persistence,-0.0006606540682605466,1286610,46c1dc5661c5fdc8,True,location-k4-fold2-seed0,2
seasonal,CoPx_R,27,SS_vs_seasonal,4.6138648457372256e-12,1286610,46c1dc5661c5fdc8,True,location-k4-fold2-seed0,2
seasonal,CoPx_R,27,SS_vs_ar,-0.8861839505447222,1286610,46c1dc5661c5fdc8,True,location-k4-fold2-seed0,2
seasonal,CoPx_R,28,MSE,0.2111690780994265,1286610,46c1dc5661c5fdc8,True,location-k4-fold2-seed0,2
seasonal,CoPx_R,28,MAE,0.28665385921388165,1286610,46c1dc5661c5fdc8,True,location-k4-fold2-seed0,2
seasonal,CoPx_R,28,SS_vs_persistence,0.01643050080581665,1286610,46c1dc5661c5fdc8,True,location-k4-fold2-seed0,2
seasonal,CoPx_R,28,SS_vs_seasonal,4.735545289236143e-12,1286610,46c1dc5661c5fdc8,True,location-k4-fold2-seed0,2
seasonal,CoPx_R,28,SS_vs_ar,-0.8314989963769515,1286610,46c1dc5661c5fdc8,True,location-k4-fold2-seed0,2
seasonal,CoPx_R,29,MSE,0.21206097641552027,1286610,46c1dc5661c5fdc8,True,location-k4-fold2-seed0,2
seasonal,CoPx_R,29,MAE,0.2872809843599464,1286610,46c1dc5661c5fdc8,True,location-k4-fold2-seed0,2
seasonal,CoPx_R,29,SS_vs_persistence,0.040890009748323686,1286610,46c1dc5661c5fdc8,True,location-k4-fold2-seed0,2
seasonal,CoPx_R,29,SS_vs_seasonal,4.7156722970953524e-12,1286610,46c1dc5661c5fdc8,True,location-k4-fold2-seed0,2
seasonal,CoPx_R,29,SS_vs_ar,-0.8313714016702989,1286610,46c1dc5661c5fdc8,True,location-k4-fold2-seed0,2
seasonal,CoPx_R,30,MSE,0.2118047501983391,1286610,46c1dc5661c5fdc8,True,location-k4-fold2-seed0,2
seasonal,CoPx_R,30,MAE,0.2873913513360108,1286610,46c1dc5661c5fdc8,True,location-k4-fold2-seed0,2
seasonal,CoPx_R,30,SS_vs_persistence,0.05435070606672998,1286610,46c1dc5661c5fdc8,True,location-k4-fold2-seed0,2
seasonal,CoPx_R,30,SS_vs_seasonal,4.721334434520941e-12,1286610,46c1dc5661c5fdc8,True,location-k4-fold2-seed0,2
seasonal,CoPx_R,30,SS_vs_ar,-0.8368182320695376,1286610,46c1dc5661c5fdc8,True,location-k4-fold2-seed0,2
seasonal,CoPx_R,all,MSE,0.2132232360890655,1286610,46c1dc5661c5fdc8,True,location-k4-fold2-seed0,2
seasonal,CoPx_R,all,MAE,0.285451262587991,1286610,46c1dc5661c5fdc8,True,location-k4-fold2-seed0,2
seasonal,CoPx_R,all,SS_vs_persistence,0.008060156665772089,1286610,46c1dc5661c5fdc8,True,location-k4-fold2-seed0,2
seasonal,CoPx_R,all,SS_vs_seasonal,4.689915122924049e-12,1286610,46c1dc5661c5fdc8,True,location-k4-fold2-seed0,2
seasonal,CoPx_R,all,SS_vs_ar,-0.8554263334094607,1286610,46c1dc5661c5fdc8,True,location-k4-fold2-seed0,2
seasonal,CoPy_R,1,MSE,0.12745404149525594,1286610,46c1dc5661c5fdc8,True,location-k4-fold2-seed0,2
seasonal,CoPy_R,1,MAE,0.24967492440384137,1286610,46c1dc5661c5fdc8,True,location-k4-fold2-seed0,2
seasonal,CoPy_R,1,SS_vs_persistence,-0.12128796587431157,1286610,46c1dc5661c5fdc8,True,location-k4-fold2-seed0,2
seasonal,CoPy_R,1,SS_vs_seasonal,7.846057137328444e-12,1286610,46c1dc5661c5fdc8,True,location-k4-fold2-seed0,2
seasonal,CoPy_R,1,SS_vs_ar,-0.9328615482093239,1286610,46c1dc5661c5fdc8,True,location-k4-fold2-seed0,2
seasonal,CoPy_R,2,MSE,0.12842661299496747,1286610,46c1dc5661c5fdc8,True,location-k4-fold2-seed0,2
seasonal,CoPy_R,2,MAE,0.2517714650887279,1286610,46c1dc5661c5fdc8,True,location-k4-fold2-seed0,2
seasonal,CoPy_R,2,SS_vs_persistence,0.01899127494346131,1286610,46c1dc5661c5fdc8,True,location-k4-fold2-seed0,2
seasonal,CoPy_R,2,SS_vs_seasonal,7.786549183208535e-12,1286610,46c1dc5661c5fdc8,True,location-k4-fold2-seed0,2
seasonal,CoPy_R,2,SS_vs_ar,-0.8986133492581132,1286610,46c1dc5661c5fdc8,True,location-k4-fold2-seed0,2
seasonal,CoPy_R,3,MSE,0.12869536338863602,1286610,46c1dc5661c5fdc8,True,location-k4-fold2-seed0,2
seasonal,CoPy_R,3,MAE,0.25190156519987006,1286610,46c1dc5661c5fdc8,True,location-k4-fold2-seed0,2
seasonal,CoPy_R,3,SS_vs_persistence,0.031087781221934674,1286610,46c1dc5661c5fdc8,True,location-k4-fold2-seed0,2
seasonal,CoPy_R,3,SS_vs_seasonal,7.770339927049008e-12,1286610,46c1dc5661c5fdc8,True,location-k4-fold2-seed0,2
seasonal,CoPy_R,3,SS_vs_ar,-0.9007474631131493,1286610,46c1dc5661c5fdc8,True,location-k4-fold2-seed0,2
seasonal,CoPy_R,4,MSE,0.12798736354992696,1286610,46c1dc5661c5fdc8,True,location-k4-fold2-seed0,2
seasonal,CoPy_R,4,MAE,0.2514126038084284,1286610,46c1dc5661c5fdc8,True,location-k4-fold2-seed0,2
seasonal,CoPy_R,4,SS_vs_persistence,-0.009870937190482154,1286610,46c1dc5661c5fdc8,True,location-k4-fold2-seed0,2
seasonal,CoPy_R,4,SS_vs_seasonal,7.813305558102002e-12,1286610,46c1dc5661c5fdc8,True,location-k4-fold2-seed0,2
seasonal,CoPy_R,4,SS_vs_ar,-0.8936480149035093,1286610,46c1dc5661c5fdc8,True,location-k4-fold2-seed0,2
seasonal,CoPy_R,5,MSE,0.12775605809959423,1286610,46c1dc5661c5fdc8,True,location-k4-fold2-seed0,2
seasonal,CoPy_R,5,MAE,0.2514711813085744,1286610,46c1dc5661c5fdc8,True,location-k4-fold2-seed0,2
seasonal,CoPy_R,5,SS_vs_persistence,-0.0067360611321125585,1286610,46c1dc5661c5fdc8,True,location-k4-fold2-seed0,2
seasonal,CoPy_R,5,SS_vs_seasonal,7.827516412817204e-12,1286610,46c1dc5661c5fdc8,True,location-k4-fold2-seed0,2
seasonal,CoPy_R,5,SS_vs_ar,-0.8886327283741271,1286610,46c1dc5661c5fdc8,True,location-k4-fold2-seed0,2
seasonal,CoPy_R,6,MSE,0.1275009393365431,1286610,46c1dc5661c5fdc8,True,location-k4-fold2-seed0,2
seasonal,CoPy_R,6,MAE,0.2507379715445311,1286610,46c1dc5661c5fdc8,True,location-k4-fold2-seed0,2
seasonal,CoPy_R,6,SS_vs_persistence,0.002591896093370627,1286610,46c1dc5661c5fdc8,True,location-k4-fold2-seed0,2
seasonal,CoPy_R,6,SS_vs_seasonal,7.843170557464418e-12,1286610,46c1dc5661c5fdc8,True,location-k4-fold2-seed0,2
seasonal,CoPy_R,6,SS_vs_ar,-0.8817259617056421,1286610,46c1dc5661c5fdc8,True,location-k4-fold2-seed0,2
seasonal,CoPy_R,7,MSE,0.12776169208309968,1286610,46c1dc5661c5fdc8,True,location-k4-fold2-seed0,2
seasonal,CoPy_R,7,MAE,0.2513253780450512,1286610,46c1dc5661c5fdc8,True,location-k4-fold2-seed0,2
seasonal,CoPy_R,7,SS_vs_persistence,0.028173345326802934,1286610,46c1dc5661c5fdc8,True,location-k4-fold2-seed0,2
seasonal,CoPy_R,7,SS_vs_seasonal,7.827072323607354e-12,1286610,46c1dc5661c5fdc8,True,location-k4-fold2-seed0,2
seasonal,CoPy_R,7,SS_vs_ar,-0.879785746343559,1286610,46c1dc5661c5fdc8,True,location-k4-fold2-seed0,2
seasonal,CoPy_R,8,MSE,0.1276150407971923,1286610,46c1dc5661c5fdc8,True,location-k4-fold2-seed0,2
seasonal,CoPy_R,8,MAE,0.25097078419744506,1286610,46c1dc5661c5fdc8,True,location-k4-fold2-seed0,2
seasonal,CoPy_R,8,SS_vs_persistence,0.0516228555028444,1286610,46c1dc5661c5fdc8,True,location-k4-fold2-seed0,2
seasonal,CoPy_R,8,SS_vs_seasonal,7.836065130106817e-12,1286610,46c1dc5661c5fdc8,True,location-k4-fold2-seed0,2
seasonal,CoPy_R,8,SS_vs_ar,-0.8768245299340236,1286610,46c1dc5661c5fdc8,True,location-k4-fold2-seed0,2
seasonal,CoPy_R,9,MSE,0.12702326312241763,1286610,46c1dc5661c5fdc8,True,location-k4-fold2-seed0,2
seasonal,CoPy_R,9,MAE,0.2501179847773402,1286610,46c1dc5661c5fdc8,True,location-k4-fold2-seed0,2
seasonal,CoPy_R,9,SS_vs_persistence,0.0029370114045151885,1286610,46c1dc5661c5fdc8,True,location-k4-fold2-seed0,2
seasonal,CoPy_R,9,SS_vs_seasonal,7.872591467616985e-12,1286610,46c1dc5661c5fdc8,True,location-k4-fold2-seed0,2
seasonal,CoPy_R,9,SS_vs_ar,-0.877102976961128,1286610,46c1dc5661c5fdc8,True,location-k4-fold2-seed0,2
seasonal,CoPy_R,10,MSE,0.12769045406290577,1286610,46c1dc5661c5fdc8,True,location-k4-fold2-seed0,2
seasonal,CoPy_R,10,MAE,0.2528247217246073,1286610,46c1dc5661c5fdc8,True,location-k4-fold2-seed0,2
seasonal,CoPy_R,10,SS_vs_persistence,-0.0021947965018709326,1286610,46c1dc5661c5fdc8,True,location-k4-fold2-seed0,2
seasonal,CoPy_R,10,SS_vs_seasonal,7.831513215705854e-12,1286610,46c1dc5661c5fdc8,True,location-k4-fold2-seed0,2
seasonal,CoPy_R,10,SS_vs_ar,-0.8842276316193503,1286610,46c1dc5661c5fdc8,True,location-k4-fold2-seed0,2
seasonal,CoPy_R,11,MSE,0.12845714607084135,1286610,46c1dc5661c5fdc8,True,location-k4-fold2-seed0,2
seasonal,CoPy_R,11,MAE,0.25389369639287457,1286610,46c1dc5661c5fdc8,True,location-k4-fold2-seed0,2
seasonal,CoPy_R,11,SS_vs_persistence,0.03484058119561839,1286610,46c1dc5661c5fdc8,True,location-k4-fold2-seed0,2
seasonal,CoPy_R,11,SS_vs_seasonal,7.784772826369135e-12,1286610,46c1dc5661c5fdc8,True,location-k4-fold2-seed0,2
seasonal,CoPy_R,11,SS_vs_ar,-0.8917584525467788,1286610,46c1dc5661c5fdc8,True,location-k4-fold2-seed0,2
seasonal,CoPy_R,12,MSE,0.12827850829685902,1286610,46c1dc5661c5fdc8,True,location-k4-fold2-seed0,2
seasonal,CoPy_R,12,MAE,0.25357697802185186,1286610,46c1dc5661c5fdc8,True,location-k4-fold2-seed0,2
seasonal,CoPy_R,12,SS_vs_persistence,0.041541024247652825,1286610,46c1dc5661c5fdc8,True,location-k4-fold2-seed0,2
seasonal,CoPy_R,12,SS_vs_seasonal,7.795541989707999e-12,1286610,46c1dc5661c5fdc8,True,location-k4-fold2-seed0,2
seasonal,CoPy_R,12,SS_vs_ar,-0.8885299041143071,1286610,46c1dc5661c5fdc8,True,location-k4-fold2-seed0,2
seasonal,CoPy_R,13,MSE,0.12816980122075397,1286610,46c1dc5661c5fdc8,True,location-k4-fold2-seed0,2
seasonal,CoPy_R,13,MAE,0.2534769887250383,1286610,46c1dc5661c5fdc8,True,location-k4-fold2-seed0,2
seasonal,CoPy_R,13,SS_vs_persistence,-0.007053144461597549,1286610,46c1dc5661c5fdc8,True,location-k4-fold2-seed0,2
seasonal,CoPy_R,13,SS_vs_seasonal,7.80220332785575e-12,1286610,46c1dc5661c5fdc8,True,location-k4-fold2-seed0,2
seasonal,CoPy_R,13,SS_vs_ar,-0.8881787378724906,1286610,46c1dc5661c5fdc8,True,location-k4-fold2-seed0,2
seasonal,CoPy_R,14,MSE,0.12761815634565674,1286610,46c1dc5661c5fdc8,True,location-k4-fold2-seed0,2
seasonal,CoPy_R,14,MAE,0.2524862051729668,1286610,46c1dc5661c5fdc8,True,location-k4-fold2-seed0,2
seasonal,CoPy_R,14,SS_vs_persistence,-0.019919930044081324,1286610,46c1dc5661c5fdc8,True,location-k4-fold2-seed0,2
seasonal,CoPy_R,14,SS_vs_seasonal,7.835954107804355e-12,1286610,46c1dc5661c5fdc8,True,location-k4-fold2-seed0,2
seasonal,CoPy_R,14,SS_vs_ar,-0.8745653813888734,1286610,46c1dc5661c5fdc8,True,location-k4-fold2-seed0,2
seasonal,CoPy_R,15,MSE,0.12816439663634174,1286610,46c1dc5661c5fdc8,True,location-k4-fold2-seed0,2
seasonal,CoPy_R,15,MAE,0.25327028523338513,1286610,46c1dc5661c5fdc8,True,location-k4-fold2-seed0,2
seasonal,CoPy_R,15,SS_vs_persistence,0.03162229643704406,1286610,46c1dc5661c5fdc8,True,location-k4-fold2-seed0,2
seasonal,CoPy_R,15,SS_vs_seasonal,7.802536394763138e-12,1286610,46c1dc5661c5fdc8,True,location-k4-fold2-seed0,2
seasonal,CoPy_R,15,SS_vs_ar,-0.8720394089861809,1286610,46c1dc5661c5fdc8,True,location-k4-fold2-seed0,2
seasonal,CoPy_R,16,MSE,0.12819479826496102,1286610,46c1dc5661c5fdc8,True,location-k4-fold2-seed0,2
seasonal,CoPy_R,16,MAE,0.2533548296783347,1286610,46c1dc5661c5fdc8,True,location-k4-fold2-seed0,2
seasonal,CoPy_R,16,SS_vs_persistence,0.056597042210761894,1286610,46c1dc5661c5fdc8,True,location-k4-fold2-seed0,2
seasonal,CoPy_R,16,SS_vs_seasonal,7.800649015621275e-12,1286610,46c1dc5661c5fdc8,True,location-k4-fold2-seed0,2
seasonal,CoPy_R,16,SS_vs_ar,-0.8699871732969955,1286610,46c1dc5661c5fdc8,True,location-k4-fold2-seed0,2
seasonal,CoPy_R,17,MSE,0.1281929494888601,1286610,46c1dc5661c5fdc8,True,location-k4-fold2-seed0,2
seasonal,CoPy_R,17,MAE,0.25299612277236505,1286610,46c1dc5661c5fdc8,True,location-k4-fold2-seed0,2
seasonal,CoPy_R,17,SS_vs_persistence,0.035275435737651795,1286610,46c1dc5661c5fdc8,True,location-k4-fold2-seed0,2
seasonal,CoPy_R,17,SS_vs_seasonal,7.800760037923737e-12,1286610,46c1dc5661c5fdc8,True,location-k4-fold2-seed0,2
seasonal,CoPy_R,17,SS_vs_ar,-0.8743529622605499,1286610,46c1dc5661c5fdc8,True,location-k4-fold2-seed0,2
seasonal,CoPy_R,18,MSE,0.1275885703999028,1286610,46c1dc5661c5fdc8,True,location-k4-fold2-seed0,2
seasonal,CoPy_R,18,MAE,0.25238571374272145,1286610,46c1dc5661c5fdc8,True,location-k4-fold2-seed0,2
seasonal,CoPy_R,18,SS_vs_persistence,-0.002390844350845356,1286610,46c1dc5661c5fdc8,True,location-k4-fold2-seed0,2
seasonal,CoPy_R,18,SS_vs_seasonal,7.837730464643755e-12,1286610,46c1dc5661c5fdc8,True,location-k4-fold2-seed0,2
seasonal,CoPy_R,18,SS_vs_ar,-0.867431456429304,1286610,46c1dc5661c5fdc8,True,location-k4-fold2-seed0,2
seasonal,CoPy_R,19,MSE,0.13205116990414248,1286610,46c1dc5661c5fdc8,True,location-k4-fold2-seed0,2
seasonal,CoPy_R,19,MAE,0.25816315400036244,1286610,46c1dc5661c5fdc8,True,location-k4-fold2-seed0,2
seasonal,CoPy_R,19,SS_vs_persistence,-0.023470151418478302,1286610,46c1dc5661c5fdc8,True,location-k4-fold2-seed0,2
seasonal,CoPy_R,19,SS_vs_seasonal,7.572831250968193e-12,1286610,46c1dc5661c5fdc8,True,location-k4-fold2-seed0,2
seasonal,CoPy_R,19,SS_vs_ar,-0.9284329120049333,1286610,46c1dc5661c5fdc8,True,location-k4-fold2-seed0,2
seasonal,CoPy_R,20,MSE,0.13254874485132506,1286610,46c1dc5661c5fdc8,True,location-k4-fold2-seed0,2
seasonal,CoPy_R,20,MAE,0.2587018289423739,1286610,46c1dc5661c5fdc8,True,location-k4-fold2-seed0,2
seasonal,CoPy_R,20,SS_vs_persistence,0.02977682035224427,1286610,46c1dc5661c5fdc8,True,location-k4-fold2-seed0,2
seasonal,CoPy_R,20,SS_vs_seasonal,7.544409541537789e-12,1286610,46c1dc5661c5fdc8,True,location-k4-fold2-seed0,2
seasonal,CoPy_R,20,SS_vs_ar,-0.9301919725384817,1286610,46c1dc5661c5fdc8,True,location-k4-fold2-seed0,2
seasonal,CoPy_R,21,MSE,0.13148711791825587,1286610,46c1dc5661c5fdc8,True,location-k4-fold2-seed0,2
seasonal,CoPy_R,21,MAE,0.2578471380062605,1286610,46c1dc5661c5fdc8,True,location-k4-fold2-seed0,2
seasonal,CoPy_R,21,SS_vs_persistence,0.050296589952107396,1286610,46c1dc5661c5fdc8,True,location-k4-fold2-seed0,2
seasonal,CoPy_R,21,SS_vs_seasonal,7.60536078558971e-12,1286610,46c1dc5661c5fdc8,True,location-k4-fold2-seed0,2
seasonal,CoPy_R,21,SS_vs_ar,-0.9171535390987051,1286610,46c1dc5661c5fdc8,True,location-k4-fold2-seed0,2
seasonal,CoPy_R,22,MSE,0.13216857756684852,1286610,46c1dc5661c5fdc8,True,location-k4-fold2-seed0,2
seasonal,CoPy_R,22,MAE,0.2582335691340245,1286610,46c1dc5661c5fdc8,True,location-k4-fold2-seed0,2
seasonal,CoPy_R,22,SS_vs_persistence,0.01767090498166779,1286610,46c1dc5661c5fdc8,True,location-k4-fold2-seed0,2
seasonal,CoPy_R,22,SS_vs_seasonal,7.566169912820442e-12,1286610,46c1dc5661c5fdc8,True,location-k4-fold2-seed0,2
seasonal,CoPy_R,22,SS_vs_ar,-0.9363750666988511,1286610,46c1dc5661c5fdc8,True,location-k4-fold2-seed0,2
seasonal,CoPy_R,23,MSE,0.13118750452995168,1286610,46c1dc5661c5fdc8,True,location-k4-fold2-seed0,2
seasonal,CoPy_R,23,MAE,0.25717992455449407,1286610,46c1dc5661c5fdc8,True,location-k4-fold2-seed0,2
seasonal,CoPy_R,23,SS_vs_persistence,-0.014313133350986273,1286610,46c1dc5661c5fdc8,True,location-k4-fold2-seed0,2
seasonal,CoPy_R,23,SS_vs_seasonal,7.622680264773862e-12,1286610,46c1dc5661c5fdc8,True,location-k4-fold2-seed0,2
seasonal,CoPy_R,23,SS_vs_ar,-0.9259538553685152,1286610,46c1dc5661c5fdc8,True,location-k4-fold2-seed0,2
seasonal,CoPy_R,24,MSE,0.1313081686811328,1286610,46c1dc5661c5fdc8,True,location-k4-fold2-seed0,2
seasonal,CoPy_R,24,MAE,0.2574473076968551,1286610,46c1dc5661c5fdc8,True,location-k4-fold2-seed0,2
seasonal,CoPy_R,24,SS_vs_persistence,-0.0036719994106646503,1286610,46c1dc5661c5fdc8,True,location-k4-fold2-seed0,2
seasonal,CoPy_R,24,SS_vs_seasonal,7.615685859718724e-12,1286610,46c1dc5661c5fdc8,True,location-k4-fold2-seed0,2
seasonal,CoPy_R,24,SS_vs_ar,-0.9237310299204711,1286610,46c1dc5661c5fdc8,True,location-k4-fold2-seed0,2
seasonal,CoPy_R,25,MSE,0.13111989854247666,1286610,46c1dc5661c5fdc8,True,location-k4-fold2-seed0,2
seasonal,CoPy_R,25,MAE,0.25729411248635536,1286610,46c1dc5661c5fdc8,True,location-k4-fold2-seed0,2
seasonal,CoPy_R,25,SS_vs_persistence,0.003443213807783785,1286610,46c1dc5661c5fdc8,True,location-k4-fold2-seed0,2
seasonal,CoPy_R,25,SS_vs_seasonal,7.626677067662513e-12,1286610,46c1dc5661c5fdc8,True,location-k4-fold2-seed0,2
seasonal,CoPy_R,25,SS_vs_ar,-0.9236260061208819,1286610,46c1dc5661c5fdc8,True,location-k4-fold2-seed0,2
seasonal,CoPy_R,26,MSE,0.13101792531099876,1286610,46c1dc5661c5fdc8,True,location-k4-fold2-seed0,2
seasonal,CoPy_R,26,MAE,0.25715101786412764,1286610,46c1dc5661c5fdc8,True,location-k4-fold2-seed0,2
seasonal,CoPy_R,26,SS_vs_persistence,-0.0032309375921666383,1286610,46c1dc5661c5fdc8,True,location-k4-fold2-seed0,2
seasonal,CoPy_R,26,SS_vs_seasonal,7.632561249693026e-12,1286610,46c1dc5661c5fdc8,True,location-k4-fold2-seed0,2
seasonal,CoPy_R,26,SS_vs_ar,-0.9226097134556217,1286610,46c1dc5661c5fdc8,True,location-k4-fold2-seed0,2
seasonal,CoPy_R,27,MSE,0.13099062705959735,1286610,46c1dc5661c5fdc8,True,location-k4-fold2-seed0,2
seasonal,CoPy_R,27,MAE,0.2569833049128542,1286610,46c1dc5661c5fdc8,True,location-k4-fold2-seed0,2
seasonal,CoPy_R,27,SS_vs_persistence,-0.0019118589296680533,1286610,46c1dc5661c5fdc8,True,location-k4-fold2-seed0,2
seasonal,CoPy_R,27,SS_vs_seasonal,7.634226584229964e-12,1286610,46c1dc5661c5fdc8,True,location-k4-fold2-seed0,2
seasonal,CoPy_R,27,SS_vs_ar,-0.92266001833724,1286610,46c1dc5661c5fdc8,True,location-k4-fold2-seed0,2
seasonal,CoPy_R,28,MSE,0.12854819676521123,1286610,46c1dc5661c5fdc8,True,location-k4-fold2-seed0,2
seasonal,CoPy_R,28,MAE,0.25291329570437876,1286610,46c1dc5661c5fdc8,True,location-k4-fold2-seed0,2
seasonal,CoPy_R,28,SS_vs_persistence,0.03904292959149158,1286610,46c1dc5661c5fdc8,True,location-k4-fold2-seed0,2
seasonal,CoPy_R,28,SS_vs_seasonal,7.77922171124601e-12,1286610,46c1dc5661c5fdc8,True,location-k4-fold2-seed0,2
seasonal,CoPy_R,28,SS_vs_ar,-0.8817835993287919,1286610,46c1dc5661c5fdc8,True,location-k4-fold2-seed0,2
seasonal,CoPy_R,29,MSE,0.12861513535282007,1286610,46c1dc5661c5fdc8,True,location-k4-fold2-seed0,2
seasonal,CoPy_R,29,MAE,0.253189274526254,1286610,46c1dc5661c5fdc8,True,location-k4-fold2-seed0,2
seasonal,CoPy_R,29,SS_vs_persistence,0.05612797103750822,1286610,46c1dc5661c5fdc8,True,location-k4-fold2-seed0,2
seasonal,CoPy_R,29,SS_vs_seasonal,7.775224908357359e-12,1286610,46c1dc5661c5fdc8,True,location-k4-fold2-seed0,2
seasonal,CoPy_R,29,SS_vs_ar,-0.8831290301724106,1286610,46c1dc5661c5fdc8,True,location-k4-fold2-seed0,2
seasonal,CoPy_R,30,MSE,0.12888474464389307,1286610,46c1dc5661c5fdc8,True,location-k4-fold2-seed0,2
seasonal,CoPy_R,30,MAE,0.25360159953188494,1286610,46c1dc5661c5fdc8,True,location-k4-fold2-seed0,2
seasonal,CoPy_R,30,SS_vs_persistence,0.041877679180516436,1286610,46c1dc5661c5fdc8,True,location-k4-fold2-seed0,2
seasonal,CoPy_R,30,SS_vs_seasonal,7.758904629895369e-12,1286610,46c1dc5661c5fdc8,True,location-k4-fold2-seed0,2
seasonal,CoPy_R,30,SS_vs_ar,-0.887378487605555,1286610,46c1dc5661c5fdc8,True,location-k4-fold2-seed0,2
seasonal,CoPy_R,all,MSE,0.12908343222604637,1286610,46c1dc5661c5fdc8,True,location-k4-fold2-seed0,2
seasonal,CoPy_R,all,MAE,0.2538784975732728,1286610,46c1dc5661c5fdc8,True,location-k4-fold2-seed0,2
seasonal,CoPy_R,all,SS_vs_persistence,0.013048829658013794,1286610,46c1dc5661c5fdc8,True,location-k4-fold2-seed0,2
seasonal,CoPy_R,all,SS_vs_seasonal,7.74702524353188e-12,1286610,46c1dc5661c5fdc8,True,location-k4-fold2-seed0,2
seasonal,CoPy_R,all,SS_vs_ar,-0.8974517133763926,1286610,46c1dc5661c5fdc8,True,location-k4-fold2-seed0,2
ar,F_R,1,MSE,87145.06339402401,1286610,46c1dc5661c5fdc8,True,location-k4-fold2-seed0,2
ar,F_R,1,MAE,179.02727872634776,1286610,46c1dc5661c5fdc8,True,location-k4-fold2-seed0,2
ar,F_R,1,SS_vs_persistence,0.22052879445814255,1286610,46c1dc5661c5fdc8,True,location-k4-fold2-seed0,2
ar,F_R,1,SS_vs_seasonal,0.38361250769224964,1286610,46c1dc5661c5fdc8,True,location-k4-fold2-seed0,2
ar,F_R,1,SS_vs_ar,0.0,1286610,46c1dc5661c5fdc8,True,location-k4-fold2-seed0,2
ar,F_R,2,MSE,98662.46274846252,1286610,46c1dc5661c5fdc8,True,location-k4-fold2-seed0,2
ar,F_R,2,MAE,190.72339431324613,1286610,46c1dc5661c5fdc8,True,location-k4-fold2-seed0,2
ar,F_R,2,SS_vs_persistence,0.247001595738787,1286610,46c1dc5661c5fdc8,True,location-k4-fold2-seed0,2
ar,F_R,2,SS_vs_seasonal,0.3144519951806438,1286610,46c1dc5661c5fdc8,True,location-k4-fold2-seed0,2
ar,F_R,2,SS_vs_ar,0.0,1286610,46c1dc5661c5fdc8,True,location-k4-fold2-seed0,2
ar,F_R,3,MSE,104384.79526449282,1286610,46c1dc5661c5fdc8,True,location-k4-fold2-seed0,2
ar,F_R,3,MAE,196.88246555494663,1286610,46c1dc5661c5fdc8,True,location-k4-fold2-seed0,2
ar,F_R,3,SS_vs_persistence,0.24215708908002576,1286610,46c1dc5661c5fdc8,True,location-k4-fold2-seed0,2
ar,F_R,3,SS_vs_seasonal,0.2953957426551599,1286610,46c1dc5661c5fdc8,True,location-k4-fold2-seed0,2
ar,F_R,3,SS_vs_ar,0.0,1286610,46c1dc5661c5fdc8,True,location-k4-fold2-seed0,2
ar,F_R,4,MSE,108141.09059070273,1286610,46c1dc5661c5fdc8,True,location-k4-fold2-seed0,2
ar,F_R,4,MAE,201.53098985968265,1286610,46c1dc5661c5fdc8,True,location-k4-fold2-seed0,2
ar,F_R,4,SS_vs_persistence,0.21678436377150667,1286610,46c1dc5661c5fdc8,True,location-k4-fold2-seed0,2
ar,F_R,4,SS_vs_seasonal,0.2883031744933753,1286610,46c1dc5661c5fdc8,True,location-k4-fold2-seed0,2
ar,F_R,4,SS_vs_ar,0.0,1286610,46c1dc5661c5fdc8,True,location-k4-fold2-seed0,2
ar,F_R,5,MSE,111637.20971426956,1286610,46c1dc5661c5fdc8,True,location-k4-fold2-seed0,2
ar,F_R,5,MAE,207.05216201661864,1286610,46c1dc5661c5fdc8,True,location-k4-fold2-seed0,2
ar,F_R,5,SS_vs_persistence,0.2222276198316553,1286610,46c1dc5661c5fdc8,True,location-k4-fold2-seed0,2
ar,F_R,5,SS_vs_seasonal,0.26570946978094145,1286610,46c1dc5661c5fdc8,True,location-k4-fold2-seed0,2
ar,F_R,5,SS_vs_ar,0.0,1286610,46c1dc5661c5fdc8,True,location-k4-fold2-seed0,2
ar,F_R,6,MSE,114199.93542359651,1286610,46c1dc5661c5fdc8,True,location-k4-fold2-seed0,2
ar,F_R,6,MAE,209.66855570091258,1286610,46c1dc5661c5fdc8,True,location-k4-fold2-seed0,2
ar,F_R,6,SS_vs_persistence,0.18524587035684748,1286610,46c1dc5661c5fdc8,True,location-k4-fold2-seed0,2
ar,F_R,6,SS_vs_seasonal,0.24285977130606218,1286610,46c1dc5661c5fdc8,True,location-k4-fold2-seed0,2
ar,F_R,6,SS_vs_ar,0.0,1286610,46c1dc5661c5fdc8,True,location-k4-fold2-seed0,2
ar,F_R,7,MSE,118586.41859343305,1286610,46c1dc5661c5fdc8,True,location-k4-fold2-seed0,2
ar,F_R,7,MAE,214.42543679851244,1286610,46c1dc5661c5fdc8,True,location-k4-fold2-seed0,2
ar,F_R,7,SS_vs_persistence,0.1787523602755039,1286610,46c1dc5661c5fdc8,True,location-k4-fold2-seed0,2
ar,F_R,7,SS_vs_seasonal,0.22443472346160498,1286610,46c1dc5661c5fdc8,True,location-k4-fold2-seed0,2
ar,F_R,7,SS_vs_ar,0.0,1286610,46c1dc5661c5fdc8,True,location-k4-fold2-seed0,2
ar,F_R,8,MSE,121939.43082818623,1286610,46c1dc5661c5fdc8,True,location-k4-fold2-seed0,2
ar,F_R,8,MAE,217.37607931215703,1286610,46c1dc5661c5fdc8,True,location-k4-fold2-seed0,2
ar,F_R,8,SS_vs_persistence,0.17867418698111448,1286610,46c1dc5661c5fdc8,True,location-k4-fold2-seed0,2
ar,F_R,8,SS_vs_seasonal,0.19723702543266042,1286610,46c1dc5661c5fdc8,True,location-k4-fold2-seed0,2
ar,F_R,8,SS_vs_ar,0.0,1286610,46c1dc5661c5fdc8,True,location-k4-fold2-seed0,2
ar,F_R,9,MSE,123912.14313573168,1286610,46c1dc5661c5fdc8,True,location-k4-fold2-seed0,2
ar,F_R,9,MAE,220.19167672175078,1286610,46c1dc5661c5fdc8,True,location-k4-fold2-seed0,2
ar,F_R,9,SS_vs_persistence,0.1615611713401326,1286610,46c1dc5661c5fdc8,True,location-k4-fold2-seed0,2
ar,F_R,9,SS_vs_seasonal,0.16446984827010258,1286610,46c1dc5661c5fdc8,True,location-k4-fold2-seed0,2
ar,F_R,9,SS_vs_ar,0.0,1286610,46c1dc5661c5fdc8,True,location-k4-fold2-seed0,2
ar,F_R,10,MSE,126832.97727384591,1286610,46c1dc5661c5fdc8,True,location-k4-fold2-seed0,2
ar,F_R,10,MAE,223.49569519954701,1286610,46c1dc5661c5fdc8,True,location-k4-fold2-seed0,2
ar,F_R,10,SS_vs_persistence,0.14702870550992397,1286610,46c1dc5661c5fdc8,True,location-k4-fold2-seed0,2
ar,F_R,10,SS_vs_seasonal,0.16858966472983028,1286610,46c1dc5661c5fdc8,True,location-k4-fold2-seed0,2
ar,F_R,10,SS_vs_ar,0.0,1286610,46c1dc5661c5fdc8,True,location-k4-fold2-seed0,2
ar,F_R,11,MSE,130265.7028863633,1286610,46c1dc5661c5fdc8,True,location-k4-fold2-seed0,2
ar,F_R,11,MAE,227.10471103203855,1286610,46c1dc5661c5fdc8,True,location-k4-fold2-seed0,2
ar,F_R,11,SS_vs_persistence,0.14671546056695928,1286610,46c1dc5661c5fdc8,True,location-k4-fold2-seed0,2
ar,F_R,11,SS_vs_seasonal,0.1630914746170974,1286610,46c1dc5661c5fdc8,True,location-k4-fold2-seed0,2
ar,F_R,11,SS_vs_ar,0.0,1286610,46c1dc5661c5fdc8,True,location-k4-fold2-seed0,2
ar,F_R,12,MSE,132183.49259891847,1286610,46c1dc5661c5fdc8,True,location-k4-fold2-seed0,2
ar,F_R,12,MAE,228.88889580259755,1286610,46c1dc5661c5fdc8,True,location-k4-fold2-seed0,2
ar,F_R,12,SS_vs_persistence,0.14109044722907127,1286610,46c1dc5661c5fdc8,True,location-k4-fold2-seed0,2
ar,F_R,12,SS_vs_seasonal,0.16407414566427558,1286610,46c1dc5661c5fdc8,True,location-k4-fold2-seed0,2
ar,F_R,12,SS_vs_ar,0.0,1286610,46c1dc5661c5fdc8,True,location-k4-fold2-seed0,2
ar,F_R,13,MSE,134283.8889214582,1286610,46c1dc5661c5fdc8,True,location-k4-fold2-seed0,2
ar,F_R,13,MAE,230.4628248092067,1286610,46c1dc5661c5fdc8,True,location-k4-fold2-seed0,2
ar,F_R,13,SS_vs_persistence,0.13671002592562953,1286610,46c1dc5661c5fdc8,True,location-k4-fold2-seed0,2
ar,F_R,13,SS_vs_seasonal,0.16315651008526943,1286610,46c1dc5661c5fdc8,True,location-k4-fold2-seed0,2
ar,F_R,13,SS_vs_ar,0.0,1286610,46c1dc5661c5fdc8,True,location-k4-fold2-seed0,2
ar,F_R,14,MSE,136634.92857964663,1286610,46c1dc5661c5fdc8,True,location-k4-fold2-seed0,2
ar,F_R,14,MAE,232.41472415912344,1286610,46c1dc5661c5fdc8,True,location-k4-fold2-seed0,2
ar,F_R,14,SS_vs_persistence,0.13426558743559702,1286610,46c1dc5661c5fdc8,True,location-k4-fold2-seed0,2
ar,F_R,14,SS_vs_seasonal,0.15083618989149705,1286610,46c1dc5661c5fdc8,True,location-k4-fold2-seed0,2
ar,F_R,14,SS_vs_ar,0.0,1286610,46c1dc5661c5fdc8,True,location-k4-fold2-seed0,2
ar,F_R,15,MSE,138976.10501985502,1286610,46c1dc5661c5fdc8,True,location-k4-fold2-seed0,2
ar,F_R,15,MAE,234.81146296566078,1286610,46c1dc5661c5fdc8,True,location-k4-fold2-seed0,2
ar,F_R,15,SS_vs_persistence,0.13446377629734818,1286610,46c1dc5661c5fdc8,True,location-k4-fold2-seed0,2
ar,F_R,15,SS_vs_seasonal,0.1393982092428223,1286610,46c1dc5661c5fdc8,True,location-k4-fold2-seed0,2
ar,F_R,15,SS_vs_ar,0.0,1286610,46c1dc5661c5fdc8,True,location-k4-fold2-seed0,2
ar,F_R,16,MSE,146327.50848235865,1286610,46c1dc5661c5fdc8,True,location-k4-fold2-seed0,2
ar,F_R,16,MAE,238.76782676364581,1286610,46c1dc5661c5fdc8,True,location-k4-fold2-seed0,2
ar,F_R,16,SS_vs_persistence,0.11444503360727032,1286610,46c1dc5661c5fdc8,True,location-k4-fold2-seed0,2
ar,F_R,16,SS_vs_seasonal,0.12322728583534792,1286610,46c1dc5661c5fdc8,True,location-k4-fold2-seed0,2
ar,F_R,16,SS_vs_ar,0.0,1286610,46c1dc5661c5fdc8,True,location-k4-fold2-seed0,2
ar,F_R,17,MSE,148007.63517341574,1286610,46c1dc5661c5fdc8,True,location-k4-fold2-seed0,2
ar,F_R,17,MAE,240.70588161110817,1286610,46c1dc5661c5fdc8,True,location-k4-fold2-seed0,2
ar,F_R,17,SS_vs_persistence,0.10003831135088948,1286610,46c1dc5661c5fdc8,True,location-k4-fold2-seed0,2
ar,F_R,17,SS_vs_seasonal,0.1162341270780185,1286610,46c1dc5661c5fdc8,True,location-k4-fold2-seed0,2
ar,F_R,17,SS_vs_ar,0.0,1286610,46c1dc5661c5fdc8,True,location-k4-fold2-seed0,2
ar,F_R,18,MSE,152346.86347428593,1286610,46c1dc5661c5fdc8,True,location-k4-fold2-seed0,2
ar,F_R,18,MAE,243.35826795856048,1286610,46c1dc5661c5fdc8,True,location-k4-fold2-seed0,2
ar,F_R,18,SS_vs_persistence,0.07886777286620472,1286610,46c1dc5661c5fdc8,True,location-k4-fold2-seed0,2
ar,F_R,18,SS_vs_seasonal,0.08589568407718562,1286610,46c1dc5661c5fdc8,True,location-k4-fold2-seed0,2
ar,F_R,18,SS_vs_ar,0.0,1286610,46c1dc5661c5fdc8,True,location-k4-fold2-seed0,2
ar,F_R,19,MSE,154408.29927491618,1286610,46c1dc5661c5fdc8,True,location-k4-fold2-seed0,2
ar,F_R,19,MAE,245.24080523366396,1286610,46c1dc5661c5fdc8,True,location-k4-fold2-seed0,2
ar,F_R,19,SS_vs_persistence,0.0758035330891107,1286610,46c1dc5661c5fdc8,True,location-k4-fold2-seed0,2
ar,F_R,19,SS_vs_seasonal,0.10501335486944219,1286610,46c1dc5661c5fdc8,True,location-k4-fold2-seed0,2
ar,F_R,19,SS_vs_ar,0.0,1286610,46c1dc5661c5fdc8,True,location-k4-fold2-seed0,2
ar,F_R,20,MSE,155968.16718039176,1286610,46c1dc5661c5fdc8,True,location-k4-fold2-seed0,2
ar,F_R,20,MAE,246.19985717516064,1286610,46c1dc5661c5fdc8,True,location-k4-fold2-seed0,2
ar,F_R,20,SS_vs_persistence,0.08943031445120742,1286610,46c1dc5661c5fdc8,True,location-k4-fold2-seed0,2
ar,F_R,20,SS_vs_seasonal,0.09875161944993105,1286610,46c1dc5661c5fdc8,True,location-k4-fold2-seed0,2
ar,F_R,20,SS_vs_ar,0.0,1286610,46c1dc5661c5fdc8,True,location-k4-fold2-seed0,2
ar,F_R,21,MSE,156951.49610392746,1286610,46c1dc5661c5fdc8,True,location-k4-fold2-seed0,2
ar,F_R,21,MAE,246.96038050323665,1286610,46c1dc5661c5fdc8,True,location-k4-fold2-seed0,2
ar,F_R,21,SS_vs_persistence,0.08278756018730982,1286610,46c1dc5661c5fdc8,True,location-k4-fold2-seed0,2
ar,F_R,21,SS_vs_seasonal,0.1010669281416644,1286610,46c1dc5661c5fdc8,True,location-k4-fold2-seed0,2
ar,F_R,21,SS_vs_ar,0.0,1286610,46c1dc5661c5fdc8,True,location-k4-fold2-seed0,2
ar,F_R,22,MSE,158627.37087315074,1286610,46c1dc5661c5fdc8,True,location-k4-fold2-seed0,2
ar,F_R,22,MAE,248.11394521636745,1286610,46c1dc5661c5fdc8,True,location-k4-fold2-seed0,2
ar,F_R,22,SS_vs_persistence,0.05471929102955042,1286610,46c1dc5661c5fdc8,True,location-k4-fold2-seed0,2
ar,F_R,22,SS_vs_seasonal,0.09955301383217896,1286610,46c1dc5661c5fdc8,True,location-k4-fold2-seed0,2
ar,F_R,22,SS_vs_ar,0.0,1286610,46c1dc5661c5fdc8,True,location-k4-fold2-seed0,2
ar,F_R,23,MSE,159959.1726009402,1286610,46c1dc5661c5fdc8,True,location-k4-fold2-seed0,2
ar,F_R,23,MAE,249.24431568893743,1286610,46c1dc5661c5fdc8,True,location-k4-fold2-seed0,2
ar,F_R,23,SS_vs_persistence,0.052668105225978756,1286610,46c1dc5661c5fdc8,True,location-k4-fold2-seed0,2
ar,F_R,23,SS_vs_seasonal,0.1056864377857969,1286610,46c1dc5661c5fdc8,True,location-k4-fold2-seed0,2
ar,F_R,23,SS_vs_ar,0.0,1286610,46c1dc5661c5fdc8,True,location-k4-fold2-seed0,2
ar,F_R,24,MSE,159823.93089348215,1286610,46c1dc5661c5fdc8,True,location-k4-fold2-seed0,2
ar,F_R,24,MAE,250.44393076953574,1286610,46c1dc5661c5fdc8,True,location-k4-fold2-seed0,2
ar,F_R,24,SS_vs_persistence,0.030651423430990365,1286610,46c1dc5661c5fdc8,True,location-k4-fold2-seed0,2
ar,F_R,24,SS_vs_seasonal,0.09502613593248899,1286610,46c1dc5661c5fdc8,True,location-k4-fold2-seed0,2
ar,F_R,24,SS_vs_ar,0.0,1286610,46c1dc5661c5fdc8,True,location-k4-fold2-seed0,2
ar,F_R,25,MSE,159100.4048645573,1286610,46c1dc5661c5fdc8,True,location-k4-fold2-seed0,2
ar,F_R,25,MAE,251.00189709415992,1286610,46c1dc5661c5fdc8,True,location-k4-fold2-seed0,2
ar,F_R,25,SS_vs_persistence,0.025859286342371224,1286610,46c1dc5661c5fdc8,True,location-k4-fold2-seed0,2
ar,F_R,25,SS_vs_seasonal,0.09022202255446554,1286610,46c1dc5661c5fdc8,True,location-k4-fold2-seed0,2
ar,F_R,25,SS_vs_ar,0.0,1286610,46c1dc5661c5fdc8,True,location-k4-fold2-seed0,2
ar,F_R,26,MSE,161191.4440836246,1286610,46c1dc5661c5fdc8,True,location-k4-fold2-seed0,2
ar,F_R,26,MAE,252.6408312501001,1286610,46c1dc5661c5fdc8,True,location-k4-fold2-seed0,2
ar,F_R,26,SS_vs_persistence,0.028095500396446926,1286610,46c1dc5661c5fdc8,True,location-k4-fold2-seed0,2
ar,F_R,26,SS_vs_seasonal,0.0800148251507532,1286610,46c1dc5661c5fdc8,True,location-k4-fold2-seed0,2
ar,F_R,26,SS_vs_ar,0.0,1286610,46c1dc5661c5fdc8,True,location-k4-fold2-seed0,2
ar,F_R,27,MSE,163092.68072056872,1286610,46c1dc5661c5fdc8,True,location-k4-fold2-seed0,2
ar,F_R,27,MAE,253.72405585702987,1286610,46c1dc5661c5fdc8,True,location-k4-fold2-seed0,2
ar,F_R,27,SS_vs_persistence,0.049697775886992535,1286610,46c1dc5661c5fdc8,True,location-k4-fold2-seed0,2
ar,F_R,27,SS_vs_seasonal,0.05682245428307009,1286610,46c1dc5661c5fdc8,True,location-k4-fold2-seed0,2
ar,F_R,27,SS_vs_ar,0.0,1286610,46c1dc5661c5fdc8,True,location-k4-fold2-seed0,2
ar,F_R,28,MSE,164624.05957418642,1286610,46c1dc5661c5fdc8,True,location-k4-fold2-seed0,2
ar,F_R,28,MAE,254.4441105027911,1286610,46c1dc5661c5fdc8,True,location-k4-fold2-seed0,2
ar,F_R,28,SS_vs_persistence,0.03033213995982298,1286610,46c1dc5661c5fdc8,True,location-k4-fold2-seed0,2
ar,F_R,28,SS_vs_seasonal,0.048697128528250255,1286610,46c1dc5661c5fdc8,True,location-k4-fold2-seed0,2
ar,F_R,28,SS_vs_ar,0.0,1286610,46c1dc5661c5fdc8,True,location-k4-fold2-seed0,2
ar,F_R,29,MSE,166030.18984585843,1286610,46c1dc5661c5fdc8,True,location-k4-fold2-seed0,2
ar,F_R,29,MAE,256.13004560018953,1286610,46c1dc5661c5fdc8,True,location-k4-fold2-seed0,2
ar,F_R,29,SS_vs_persistence,0.025040157856222822,1286610,46c1dc5661c5fdc8,True,location-k4-fold2-seed0,2
ar,F_R,29,SS_vs_seasonal,0.03993759471166869,1286610,46c1dc5661c5fdc8,True,location-k4-fold2-seed0,2
ar,F_R,29,SS_vs_ar,0.0,1286610,46c1dc5661c5fdc8,True,location-k4-fold2-seed0,2
ar,F_R,30,MSE,167625.2883637664,1286610,46c1dc5661c5fdc8,True,location-k4-fold2-seed0,2
ar,F_R,30,MAE,257.97521469650434,1286610,46c1dc5661c5fdc8,True,location-k4-fold2-seed0,2
ar,F_R,30,SS_vs_persistence,0.009253443245508475,1286610,46c1dc5661c5fdc8,True,location-k4-fold2-seed0,2
ar,F_R,30,SS_vs_seasonal,0.03250996906664638,1286610,46c1dc5661c5fdc8,True,location-k4-fold2-seed0,2
ar,F_R,30,SS_vs_ar,0.0,1286610,46c1dc5661c5fdc8,True,location-k4-fold2-seed0,2
ar,F_R,all,MSE,138729.00521607243,1286610,46c1dc5661c5fdc8,True,location-k4-fold2-seed0,2
ar,F_R,all,MAE,231.63359062977585,1286610,46c1dc5661c5fdc8,True,location-k4-fold2-seed0,2
ar,F_R,all,SS_vs_persistence,0.11229552336743198,1286610,46c1dc5661c5fdc8,True,location-k4-fold2-seed0,2
ar,F_R,all,SS_vs_seasonal,0.1481440735169106,1286610,46c1dc5661c5fdc8,True,location-k4-fold2-seed0,2
ar,F_R,all,SS_vs_ar,0.0,1286610,46c1dc5661c5fdc8,True,location-k4-fold2-seed0,2
ar,CoPx_R,1,MSE,0.11093842097316071,1286610,46c1dc5661c5fdc8,True,location-k4-fold2-seed0,2
ar,CoPx_R,1,MAE,0.2208396840174709,1286610,46c1dc5661c5fdc8,True,location-k4-fold2-seed0,2
ar,CoPx_R,1,SS_vs_persistence,0.4232884778065581,1286610,46c1dc5661c5fdc8,True,location-k4-fold2-seed0,2
ar,CoPx_R,1,SS_vs_seasonal,0.47048122857453956,1286610,46c1dc5661c5fdc8,True,location-k4-fold2-seed0,2
ar,CoPx_R,1,SS_vs_ar,9.014011759234108e-12,1286610,46c1dc5661c5fdc8,True,location-k4-fold2-seed0,2
ar,CoPx_R,2,MSE,0.11308638150311552,1286610,46c1dc5661c5fdc8,True,location-k4-fold2-seed0,2
ar,CoPx_R,2,MAE,0.2236959471350058,1286610,46c1dc5661c5fdc8,True,location-k4-fold2-seed0,2
ar,CoPx_R,2,SS_vs_persistence,0.4703732065827514,1286610,46c1dc5661c5fdc8,True,location-k4-fold2-seed0,2
ar,CoPx_R,2,SS_vs_seasonal,0.46580513828545,1286610,46c1dc5661c5fdc8,True,location-k4-fold2-seed0,2
ar,CoPx_R,2,SS_vs_ar,8.84281536883691e-12,1286610,46c1dc5661c5fdc8,True,location-k4-fold2-seed0,2
ar,CoPx_R,3,MSE,0.1129143879860723,1286610,46c1dc5661c5fdc8,True,location-k4-fold2-seed0,2
ar,CoPx_R,3,MAE,0.2238235776287853,1286610,46c1dc5661c5fdc8,True,location-k4-fold2-seed0,2
ar,CoPx_R,3,SS_vs_persistence,0.46260781514044336,1286610,46c1dc5661c5fdc8,True,location-k4-fold2-seed0,2
ar,CoPx_R,3,SS_vs_seasonal,0.4683095601566476,1286610,46c1dc5661c5fdc8,True,location-k4-fold2-seed0,2
ar,CoPx_R,3,SS_vs_ar,8.856360089737336e-12,1286610,46c1dc5661c5fdc8,True,location-k4-fold2-seed0,2
ar,CoPx_R,4,MSE,0.11267034802969049,1286610,46c1dc5661c5fdc8,True,location-k4-fold2-seed0,2
ar,CoPx_R,4,MAE,0.22452604268105464,1286610,46c1dc5661c5fdc8,True,location-k4-fold2-seed0,2
ar,CoPx_R,4,SS_vs_persistence,0.44664593942889164,1286610,46c1dc5661c5fdc8,True,location-k4-fold2-seed0,2
ar,CoPx_R,4,SS_vs_seasonal,0.4628780665970913,1286610,46c1dc5661c5fdc8,True,location-k4-fold2-seed0,2
ar,CoPx_R,4,SS_vs_ar,8.875455925760889e-12,1286610,46c1dc5661c5fdc8,True,location-k4-fold2-seed0,2
ar,CoPx_R,5,MSE,0.1132943513101016,1286610,46c1dc5661c5fdc8,True,location-k4-fold2-seed0,2
ar,CoPx_R,5,MAE,0.22572352651234373,1286610,46c1dc5661c5fdc8,True,location-k4-fold2-seed0,2
ar,CoPx_R,5,SS_vs_persistence,0.4601437729800669,1286610,46c1dc5661c5fdc8,True,location-k4-fold2-seed0,2
ar,CoPx_R,5,SS_vs_seasonal,0.46230147172166813,1286610,46c1dc5661c5fdc8,True,location-k4-fold2-seed0,2
ar,CoPx_R,5,SS_vs_ar,8.826606112677382e-12,1286610,46c1dc5661c5fdc8,True,location-k4-fold2-seed0,2
ar,CoPx_R,6,MSE,0.11349716558653221,1286610,46c1dc5661c5fdc8,True,location-k4-fold2-seed0,2
ar,CoPx_R,6,MAE,0.22622321465625694,1286610,46c1dc5661c5fdc8,True,location-k4-fold2-seed0,2
ar,CoPx_R,6,SS_vs_persistence,0.46462403666473584,1286610,46c1dc5661c5fdc8,True,location-k4-fold2-seed0,2
ar,CoPx_R,6,SS_vs_seasonal,0.4602982668876139,1286610,46c1dc5661c5fdc8,True,location-k4-fold2-seed0,2
ar,CoPx_R,6,SS_vs_ar,8.810840945727705e-12,1286610,46c1dc5661c5fdc8,True,location-k4-fold2-seed0,2
ar,CoPx_R,7,MSE,0.11375568761302222,1286610,46c1dc5661c5fdc8,True,location-k4-fold2-seed0,2
ar,CoPx_R,7,MAE,0.22682200052465487,1286610,46c1dc5661c5fdc8,True,location-k4-fold2-seed0,2
ar,CoPx_R,7,SS_vs_persistence,0.4655235288137025,1286610,46c1dc5661c5fdc8,True,location-k4-fold2-seed0,2
ar,CoPx_R,7,SS_vs_seasonal,0.4578446374794125,1286610,46c1dc5661c5fdc8,True,location-k4-fold2-seed0,2
ar,CoPx_R,7,SS_vs_ar,8.790856931284452e-12,1286610,46c1dc5661c5fdc8,True,location-k4-fold2-seed0,2
ar,CoPx_R,8,MSE,0.11407101098022587,1286610,46c1dc5661c5fdc8,True,location-k4-fold2-seed0,2
ar,CoPx_R,8,MAE,0.22712082543921794,1286610,46c1dc5661c5fdc8,True,location-k4-fold2-seed0,2
ar,CoPx_R,8,SS_vs_persistence,0.4476886383656846,1286610,46c1dc5661c5fdc8,True,location-k4-fold2-seed0,2
ar,CoPx_R,8,SS_vs_seasonal,0.45571750996351634,1286610,46c1dc5661c5fdc8,True,location-k4-fold2-seed0,2
ar,CoPx_R,8,SS_vs_ar,8.766543047045161e-12,1286610,46c1dc5661c5fdc8,True,location-k4-fold2-seed0,2
ar,CoPx_R,9,MSE,0.11472853027175517,1286610,46c1dc5661c5fdc8,True,location-k4-fold2-seed0,2
ar,CoPx_R,9,MAE,0.22800007214032048,1286610,46c1dc5661c5fdc8,True,location-k4-fold2-seed0,2
ar,CoPx_R,9,SS_vs_persistence,0.45232288793700415,1286610,46c1dc5661c5fdc8,True,location-k4-fold2-seed0,2
ar,CoPx_R,9,SS_vs_seasonal,0.45201205318315496,1286610,46c1dc5661c5fdc8,True,location-k4-fold2-seed0,2
ar,CoPx_R,9,SS_vs_ar,8.716249944029641e-12,1286610,46c1dc5661c5fdc8,True,location-k4-fold2-seed0,2
ar,CoPx_R,10,MSE,0.11529745326263885,1286610,46c1dc5661c5fdc8,True,location-k4-fold2-seed0,2
ar,CoPx_R,10,MAE,0.22890633162840376,1286610,46c1dc5661c5fdc8,True,location-k4-fold2-seed0,2
ar,CoPx_R,10,SS_vs_persistence,0.4509863400325309,1286610,46c1dc5661c5fdc8,True,location-k4-fold2-seed0,2
ar,CoPx_R,10,SS_vs_seasonal,0.45532907356009766,1286610,46c1dc5661c5fdc8,True,location-k4-fold2-seed0,2
ar,CoPx_R,10,SS_vs_ar,8.673284312976648e-12,1286610,46c1dc5661c5fdc8,True,location-k4-fold2-seed0,2
ar,CoPx_R,11,MSE,0.11585526837130619,1286610,46c1dc5661c5fdc8,True,location-k4-fold2-seed0,2
ar,CoPx_R,11,MAE,0.2297763347949393,1286610,46c1dc5661c5fdc8,True,location-k4-fold2-seed0,2
ar,CoPx_R,11,SS_vs_persistence,0.4722601901511456,1286610,46c1dc5661c5fdc8,True,location-k4-fold2-seed0,2
ar,CoPx_R,11,SS_vs_seasonal,0.45800617592196435,1286610,46c1dc5661c5fdc8,True,location-k4-fold2-seed0,2
ar,CoPx_R,11,SS_vs_ar,8.631539927250742e-12,1286610,46c1dc5661c5fdc8,True,location-k4-fold2-seed0,2
ar,CoPx_R,12,MSE,0.11549919011903194,1286610,46c1dc5661c5fdc8,True,location-k4-fold2-seed0,2
ar,CoPx_R,12,MAE,0.22966786518281881,1286610,46c1dc5661c5fdc8,True,location-k4-fold2-seed0,2
ar,CoPx_R,12,SS_vs_persistence,0.4813653376453617,1286610,46c1dc5661c5fdc8,True,location-k4-fold2-seed0,2
ar,CoPx_R,12,SS_vs_seasonal,0.45786910733259656,1286610,46c1dc5661c5fdc8,True,location-k4-fold2-seed0,2
ar,CoPx_R,12,SS_vs_ar,8.658074257539283e-12,1286610,46c1dc5661c5fdc8,True,location-k4-fold2-seed0,2
ar,CoPx_R,13,MSE,0.11572962137455702,1286610,46c1dc5661c5fdc8,True,location-k4-fold2-seed0,2
ar,CoPx_R,13,MAE,0.22974331910331022,1286610,46c1dc5661c5fdc8,True,location-k4-fold2-seed0,2
ar,CoPx_R,13,SS_vs_persistence,0.46515361159739643,1286610,46c1dc5661c5fdc8,True,location-k4-fold2-seed0,2
ar,CoPx_R,13,SS_vs_seasonal,0.45833174811671606,1286610,46c1dc5661c5fdc8,True,location-k4-fold2-seed0,2
ar,CoPx_R,13,SS_vs_ar,8.640865800657593e-12,1286610,46c1dc5661c5fdc8,True,location-k4-fold2-seed0,2
ar,CoPx_R,14,MSE,0.11562814381781404,1286610,46c1dc5661c5fdc8,True,location-k4-fold2-seed0,2
ar,CoPx_R,14,MAE,0.22994468196676837,1286610,46c1dc5661c5fdc8,True,location-k4-fold2-seed0,2
ar,CoPx_R,14,SS_vs_persistence,0.4446045404401341,1286610,46c1dc5661c5fdc8,True,location-k4-fold2-seed0,2
ar,CoPx_R,14,SS_vs_seasonal,0.45783483240459555,1286610,46c1dc5661c5fdc8,True,location-k4-fold2-seed0,2
ar,CoPx_R,14,SS_vs_ar,8.648415317225044e-12,1286610,46c1dc5661c5fdc8,True,location-k4-fold2-seed0,2
ar,CoPx_R,15,MSE,0.11603275800845966,1286610,46c1dc5661c5fdc8,True,location-k4-fold2-seed0,2
ar,CoPx_R,15,MAE,0.23080244525446975,1286610,46c1dc5661c5fdc8,True,location-k4-fold2-seed0,2
ar,CoPx_R,15,SS_vs_persistence,0.4673963187554262,1286610,46c1dc5661c5fdc8,True,location-k4-fold2-seed0,2
ar,CoPx_R,15,SS_vs_seasonal,0.4576404718958582,1286610,46c1dc5661c5fdc8,True,location-k4-fold2-seed0,2
ar,CoPx_R,15,SS_vs_ar,8.618328273257703e-12,1286610,46c1dc5661c5fdc8,True,location-k4-fold2-seed0,2
ar,CoPx_R,16,MSE,0.11561024503803784,1286610,46c1dc5661c5fdc8,True,location-k4-fold2-seed0,2
ar,CoPx_R,16,MAE,0.2305985773048086,1286610,46c1dc5661c5fdc8,True,location-k4-fold2-seed0,2
ar,CoPx_R,16,SS_vs_persistence,0.480822101181421,1286610,46c1dc5661c5fdc8,True,location-k4-fold2-seed0,2
ar,CoPx_R,16,SS_vs_seasonal,0.45693184427913336,1286610,46c1dc5661c5fdc8,True,location-k4-fold2-seed0,2
ar,CoPx_R,16,SS_vs_ar,8.649747584854595e-12,1286610,46c1dc5661c5fdc8,True,location-k4-fold2-seed0,2
ar,CoPx_R,17,MSE,0.11551664787194321,1286610,46c1dc5661c5fdc8,True,location-k4-fold2-seed0,2
ar,CoPx_R,17,MAE,0.23046727298040826,1286610,46c1dc5661c5fdc8,True,location-k4-fold2-seed0,2
ar,CoPx_R,17,SS_vs_persistence,0.4656833902444195,1286610,46c1dc5661c5fdc8,True,location-k4-fold2-seed0,2
ar,CoPx_R,17,SS_vs_seasonal,0.45670748884903034,1286610,46c1dc5661c5fdc8,True,location-k4-fold2-seed0,2
ar,CoPx_R,17,SS_vs_ar,8.656853012212196e-12,1286610,46c1dc5661c5fdc8,True,location-k4-fold2-seed0,2
ar,CoPx_R,18,MSE,0.11587260970331456,1286610,46c1dc5661c5fdc8,True,location-k4-fold2-seed0,2
ar,CoPx_R,18,MAE,0.23088542612407112,1286610,46c1dc5661c5fdc8,True,location-k4-fold2-seed0,2
ar,CoPx_R,18,SS_vs_persistence,0.4561677065775307,1286610,46c1dc5661c5fdc8,True,location-k4-fold2-seed0,2
ar,CoPx_R,18,SS_vs_seasonal,0.4558227470927374,1286610,46c1dc5661c5fdc8,True,location-k4-fold2-seed0,2
ar,CoPx_R,18,SS_vs_ar,8.630207659621192e-12,1286610,46c1dc5661c5fdc8,True,location-k4-fold2-seed0,2
ar,CoPx_R,19,MSE,0.11590896984606536,1286610,46c1dc5661c5fdc8,True,location-k4-fold2-seed0,2
ar,CoPx_R,19,MAE,0.23106644342540217,1286610,46c1dc5661c5fdc8,True,location-k4-fold2-seed0,2
ar,CoPx_R,19,SS_vs_persistence,0.4671547422264011,1286610,46c1dc5661c5fdc8,True,location-k4-fold2-seed0,2
ar,CoPx_R,19,SS_vs_seasonal,0.46606859255837507,1286610,46c1dc5661c5fdc8,True,location-k4-fold2-seed0,2
ar,CoPx_R,19,SS_vs_ar,8.627543124362091e-12,1286610,46c1dc5661c5fdc8,True,location-k4-fold2-seed0,2
ar,CoPx_R,20,MSE,0.11597902214921167,1286610,46c1dc5661c5fdc8,True,location-k4-fold2-seed0,2
ar,CoPx_R,20,MAE,0.23119530160685278,1286610,46c1dc5661c5fdc8,True,location-k4-fold2-seed0,2
ar,CoPx_R,20,SS_vs_persistence,0.4835366440863228,1286610,46c1dc5661c5fdc8,True,location-k4-fold2-seed0,2
ar,CoPx_R,20,SS_vs_seasonal,0.46558465813425287,1286610,46c1dc5661c5fdc8,True,location-k4-fold2-seed0,2
ar,CoPx_R,20,SS_vs_ar,8.622325076146353e-12,1286610,46c1dc5661c5fdc8,True,location-k4-fold2-seed0,2
ar,CoPx_R,21,MSE,0.11586470301548676,1286610,46c1dc5661c5fdc8,True,location-k4-fold2-seed0,2
ar,CoPx_R,21,MAE,0.23092320264285002,1286610,46c1dc5661c5fdc8,True,location-k4-fold2-seed0,2
ar,CoPx_R,21,SS_vs_persistence,0.4820292211544712,1286610,46c1dc5661c5fdc8,True,location-k4-fold2-seed0,2
ar,CoPx_R,21,SS_vs_seasonal,0.46481969232227294,1286610,46c1dc5661c5fdc8,True,location-k4-fold2-seed0,2
ar,CoPx_R,21,SS_vs_ar,8.630762771133504e-12,1286610,46c1dc5661c5fdc8,True,location-k4-fold2-seed0,2
ar,CoPx_R,22,MSE,0.11547063519028591,1286610,46c1dc5661c5fdc8,True,location-k4-fold2-seed0,2
ar,CoPx_R,22,MAE,0.23042873456551802,1286610,46c1dc5661c5fdc8,True,location-k4-fold2-seed0,2
ar,CoPx_R,22,SS_vs_persistence,0.46982732192027443,1286610,46c1dc5661c5fdc8,True,location-k4-fold2-seed0,2
ar,CoPx_R,22,SS_vs_seasonal,0.4664233299284799,1286610,46c1dc5661c5fdc8,True,location-k4-fold2-seed0,2
ar,CoPx_R,22,SS_vs_ar,8.660294703588534e-12,1286610,46c1dc5661c5fdc8,True,location-k4-fold2-seed0,2
ar,CoPx_R,23,MSE,0.11594457074249888,1286610,46c1dc5661c5fdc8,True,location-k4-fold2-seed0,2
ar,CoPx_R,23,MAE,0.23086581489238808,1286610,46c1dc5661c5fdc8,True,location-k4-fold2-seed0,2
ar,CoPx_R,23,SS_vs_persistence,0.46264378014918983,1286610,46c1dc5661c5fdc8,True,location-k4-fold2-seed0,2
ar,CoPx_R,23,SS_vs_seasonal,0.46458524460037076,1286610,46c1dc5661c5fdc8,True,location-k4-fold2-seed0,2
ar,CoPx_R,23,SS_vs_ar,8.624878589102991e-12,1286610,46c1dc5661c5fdc8,True,location-k4-fold2-seed0,2
ar,CoPx_R,24,MSE,0.11575385568434422,1286610,46c1dc5661c5fdc8,True,location-k4-fold2-seed0,2
ar,CoPx_R,24,MAE,0.23083172042383046,1286610,46c1dc5661c5fdc8,True,location-k4-fold2-seed0,2
ar,CoPx_R,24,SS_vs_persistence,0.463855397486144,1286610,46c1dc5661c5fdc8,True,location-k4-fold2-seed0,2
ar,CoPx_R,24,SS_vs_seasonal,0.46602620962737895,1286610,46c1dc5661c5fdc8,True,location-k4-fold2-seed0,2
ar,CoPx_R,24,SS_vs_ar,8.639089443818193e-12,1286610,46c1dc5661c5fdc8,True,location-k4-fold2-seed0,2
ar,CoPx_R,25,MSE,0.11573046275222035,1286610,46c1dc5661c5fdc8,True,location-k4-fold2-seed0,2
ar,CoPx_R,25,MAE,0.23093487160793913,1286610,46c1dc5661c5fdc8,True,location-k4-fold2-seed0,2
ar,CoPx_R,25,SS_vs_persistence,0.4709006597875962,1286610,46c1dc5661c5fdc8,True,location-k4-fold2-seed0,2
ar,CoPx_R,25,SS_vs_seasonal,0.46490013073042524,1286610,46c1dc5661c5fdc8,True,location-k4-fold2-seed0,2
ar,CoPx_R,25,SS_vs_ar,8.640865800657593e-12,1286610,46c1dc5661c5fdc8,True,location-k4-fold2-seed0,2
ar,CoPx_R,26,MSE,0.11560060955408848,1286610,46c1dc5661c5fdc8,True,location-k4-fold2-seed0,2
ar,CoPx_R,26,MAE,0.23100962361892738,1286610,46c1dc5661c5fdc8,True,location-k4-fold2-seed0,2
ar,CoPx_R,26,SS_vs_persistence,0.4778501104639682,1286610,46c1dc5661c5fdc8,True,location-k4-fold2-seed0,2
ar,CoPx_R,26,SS_vs_seasonal,0.46828863017405886,1286610,46c1dc5661c5fdc8,True,location-k4-fold2-seed0,2
ar,CoPx_R,26,SS_vs_ar,8.650524740971832e-12,1286610,46c1dc5661c5fdc8,True,location-k4-fold2-seed0,2
ar,CoPx_R,27,MSE,0.11490811139462409,1286610,46c1dc5661c5fdc8,True,location-k4-fold2-seed0,2
ar,CoPx_R,27,MAE,0.23044915806764907,1286610,46c1dc5661c5fdc8,True,location-k4-fold2-seed0,2
ar,CoPx_R,27,SS_vs_persistence,0.4694787569523293,1286610,46c1dc5661c5fdc8,True,location-k4-fold2-seed0,2
ar,CoPx_R,27,SS_vs_seasonal,0.4698290165718526,1286610,46c1dc5661c5fdc8,True,location-k4-fold2-seed0,2
ar,CoPx_R,27,SS_vs_ar,8.702705223129215e-12,1286610,46c1dc5661c5fdc8,True,location-k4-fold2-seed0,2
ar,CoPx_R,28,MSE,0.11529849512084202,1286610,46c1dc5661c5fdc8,True,location-k4-fold2-seed0,2
ar,CoPx_R,28,MAE,0.23062139705292248,1286610,46c1dc5661c5fdc8,True,location-k4-fold2-seed0,2
ar,CoPx_R,28,SS_vs_persistence,0.4629702221342531,1286610,46c1dc5661c5fdc8,True,location-k4-fold2-seed0,2
ar,CoPx_R,28,SS_vs_seasonal,0.45399915480992414,1286610,46c1dc5661c5fdc8,True,location-k4-fold2-seed0,2
ar,CoPx_R,28,SS_vs_ar,8.673173290674185e-12,1286610,46c1dc5661c5fdc8,True,location-k4-fold2-seed0,2
ar,CoPx_R,29,MSE,0.11579353932265135,1286610,46c1dc5661c5fdc8,True,location-k4-fold2-seed0,2
ar,CoPx_R,29,MAE,0.23110124480883898,1286610,46c1dc5661c5fdc8,True,location-k4-fold2-seed0,2
ar,CoPx_R,29,SS_vs_persistence,0.4762886493866625,1286610,46c1dc5661c5fdc8,True,location-k4-fold2-seed0,2
ar,CoPx_R,29,SS_vs_seasonal,0.4539611140183799,1286610,46c1dc5661c5fdc8,True,location-k4-fold2-seed0,2
ar,CoPx_R,29,SS_vs_ar,8.636091841651705e-12,1286610,46c1dc5661c5fdc8,True,location-k4-fold2-seed0,2
ar,CoPx_R,30,MSE,0.11531067500231773,1286610,46c1dc5661c5fdc8,True,location-k4-fold2-seed0,2
ar,CoPx_R,30,MAE,0.2306486484618948,1286610,46c1dc5661c5fdc8,True,location-k4-fold2-seed0,2
ar,CoPx_R,30,SS_vs_persistence,0.4851699109826404,1286610,46c1dc5661c5fdc8,True,location-k4-fold2-seed0,2
ar,CoPx_R,30,SS_vs_seasonal,0.4555803168069007,1286610,46c1dc5661c5fdc8,True,location-k4-fold2-seed0,2
ar,CoPx_R,30,SS_vs_ar,8.672285112254485e-12,1286610,46c1dc5661c5fdc8,True,location-k4-fold2-seed0,2
ar,CoPx_R,all,MSE,0.11491872905317624,1286610,46c1dc5661c5fdc8,True,location-k4-fold2-seed0,2
ar,CoPx_R,all,MAE,0.22892144354166535,1286610,46c1dc5661c5fdc8,True,location-k4-fold2-seed0,2
ar,CoPx_R,all,SS_vs_persistence,0.46538441032964895,1286610,46c1dc5661c5fdc8,True,location-k4-fold2-seed0,2
ar,CoPx_R,all,SS_vs_seasonal,0.46104031080067387,1286610,46c1dc5661c5fdc8,True,location-k4-fold2-seed0,2
ar,CoPx_R,all,SS_vs_ar,8.701817044709514e-12,1286610,46c1dc5661c5fdc8,True,location-k4-fold2-seed0,2
ar,CoPy_R,1,MSE,0.06594059549241968,1286610,46c1dc5661c5fdc8,True,location-k4-fold2-seed0,2
ar,CoPy_R,1,MAE,0.18918695388079046,1286610,46c1dc5661c5fdc8,True,location-k4-fold2-seed0,2
ar,CoPy_R,1,SS_vs_persistence,0.41988190157949457,1286610,46c1dc5661c5fdc8,True,location-k4-fold2-seed0,2
ar,CoPy_R,1,SS_vs_seasonal,0.48263236914023844,1286610,46c1dc5661c5fdc8,True,location-k4-fold2-seed0,2
ar,CoPy_R,1,SS_vs_ar,1.5165202427169788e-11,1286610,46c1dc5661c5fdc8,True,location-k4-fold2-seed0,2
ar,CoPy_R,2,MSE,0.06764232066694979,1286610,46c1dc5661c5fdc8,True,location-k4-fold2-seed0,2
ar,CoPy_R,2,MAE,0.19291201027169402,1286610,46c1dc5661c5fdc8,True,location-k4-fold2-seed0,2
ar,CoPy_R,2,SS_vs_persistence,0.48330252422097064,1286610,46c1dc5661c5fdc8,True,location-k4-fold2-seed0,2
ar,CoPy_R,2,SS_vs_seasonal,0.47329981622209627,1286610,46c1dc5661c5fdc8,True,location-k4-fold2-seed0,2
ar,CoPy_R,2,SS_vs_ar,1.4783729795908584e-11,1286610,46c1dc5661c5fdc8,True,location-k4-fold2-seed0,2
ar,CoPy_R,3,MSE,0.06770776543663032,1286610,46c1dc5661c5fdc8,True,location-k4-fold2-seed0,2
ar,CoPy_R,3,MAE,0.1933465262603219,1286610,46c1dc5661c5fdc8,True,location-k4-fold2-seed0,2
ar,CoPy_R,3,SS_vs_persistence,0.4902467384189918,1286610,46c1dc5661c5fdc8,True,location-k4-fold2-seed0,2
ar,CoPy_R,3,SS_vs_seasonal,0.47389118260896956,1286610,46c1dc5661c5fdc8,True,location-k4-fold2-seed0,2
ar,CoPy_R,3,SS_vs_ar,1.476940791889092e-11,1286610,46c1dc5661c5fdc8,True,location-k4-fold2-seed0,2
ar,CoPy_R,4,MSE,0.06758772619871221,1286610,46c1dc5661c5fdc8,True,location-k4-fold2-seed0,2
ar,CoPy_R,4,MAE,0.19369430550957645,1286610,46c1dc5661c5fdc8,True,location-k4-fold2-seed0,2
ar,CoPy_R,4,SS_vs_persistence,0.46670609890138515,1286610,46c1dc5661c5fdc8,True,location-k4-fold2-seed0,2
ar,CoPy_R,4,SS_vs_seasonal,0.4719187556995137,1286610,46c1dc5661c5fdc8,True,location-k4-fold2-seed0,2
ar,CoPy_R,4,SS_vs_ar,1.4795720204574536e-11,1286610,46c1dc5661c5fdc8,True,location-k4-fold2-seed0,2
ar,CoPy_R,5,MSE,0.06764473376869166,1286610,46c1dc5661c5fdc8,True,location-k4-fold2-seed0,2
ar,CoPy_R,5,MAE,0.1940078348717782,1286610,46c1dc5661c5fdc8,True,location-k4-fold2-seed0,2
ar,CoPy_R,5,SS_vs_persistence,0.4669497960125356,1286610,46c1dc5661c5fdc8,True,location-k4-fold2-seed0,2
ar,CoPy_R,5,SS_vs_seasonal,0.4705164297145997,1286610,46c1dc5661c5fdc8,True,location-k4-fold2-seed0,2
ar,CoPy_R,5,SS_vs_ar,1.4783174684396272e-11,1286610,46c1dc5661c5fdc8,True,location-k4-fold2-seed0,2
ar,CoPy_R,6,MSE,0.06775744286330164,1286610,46c1dc5661c5fdc8,True,location-k4-fold2-seed0,2
ar,CoPy_R,6,MAE,0.1942973165132886,1286610,46c1dc5661c5fdc8,True,location-k4-fold2-seed0,2
ar,CoPy_R,6,SS_vs_persistence,0.4699503943773863,1286610,46c1dc5661c5fdc8,True,location-k4-fold2-seed0,2
ar,CoPy_R,6,SS_vs_seasonal,0.46857299079246695,1286610,46c1dc5661c5fdc8,True,location-k4-fold2-seed0,2
ar,CoPy_R,6,SS_vs_ar,1.4758638755552056e-11,1286610,46c1dc5661c5fdc8,True,location-k4-fold2-seed0,2
ar,CoPy_R,7,MSE,0.06796609258780363,1286610,46c1dc5661c5fdc8,True,location-k4-fold2-seed0,2
ar,CoPy_R,7,MAE,0.19519527536306205,1286610,46c1dc5661c5fdc8,True,location-k4-fold2-seed0,2
ar,CoPy_R,7,SS_vs_persistence,0.4830120099861197,1286610,46c1dc5661c5fdc8,True,location-k4-fold2-seed0,2
ar,CoPy_R,7,SS_vs_seasonal,0.4680244799586354,1286610,46c1dc5661c5fdc8,True,location-k4-fold2-seed0,2
ar,CoPy_R,7,SS_vs_ar,1.471334165614735e-11,1286610,46c1dc5661c5fdc8,True,location-k4-fold2-seed0,2
ar,CoPy_R,8,MSE,0.06799519015227361,1286610,46c1dc5661c5fdc8,True,location-k4-fold2-seed0,2
ar,CoPy_R,8,MAE,0.1954141682195274,1286610,46c1dc5661c5fdc8,True,location-k4-fold2-seed0,2
ar,CoPy_R,8,SS_vs_persistence,0.4946905641112085,1286610,46c1dc5661c5fdc8,True,location-k4-fold2-seed0,2
ar,CoPy_R,8,SS_vs_seasonal,0.4671851395651728,1286610,46c1dc5661c5fdc8,True,location-k4-fold2-seed0,2
ar,CoPy_R,8,SS_vs_ar,1.4707013384906986e-11,1286610,46c1dc5661c5fdc8,True,location-k4-fold2-seed0,2
ar,CoPy_R,9,MSE,0.06766984266690605,1286610,46c1dc5661c5fdc8,True,location-k4-fold2-seed0,2
ar,CoPy_R,9,MAE,0.19498190013955283,1286610,46c1dc5661c5fdc8,True,location-k4-fold2-seed0,2
ar,CoPy_R,9,SS_vs_persistence,0.4688288278169418,1286610,46c1dc5661c5fdc8,True,location-k4-fold2-seed0,2
ar,CoPy_R,9,SS_vs_seasonal,0.4672641766322988,1286610,46c1dc5661c5fdc8,True,location-k4-fold2-seed0,2
ar,CoPy_R,9,SS_vs_ar,1.477773459157561e-11,1286610,46c1dc5661c5fdc8,True,location-k4-fold2-seed0,2
ar,CoPy_R,10,MSE,0.06776806152199419,1286610,46c1dc5661c5fdc8,True,location-k4-fold2-seed0,2
ar,CoPy_R,10,MAE,0.19538663555855076,1286610,46c1dc5661c5fdc8,True,location-k4-fold2-seed0,2
ar,CoPy_R,10,SS_vs_persistence,0.46811373548015955,1286610,46c1dc5661c5fdc8,True,location-k4-fold2-seed0,2
ar,CoPy_R,10,SS_vs_seasonal,0.4692785610420179,1286610,46c1dc5661c5fdc8,True,location-k4-fold2-seed0,2
ar,CoPy_R,10,SS_vs_ar,1.4756307287200343e-11,1286610,46c1dc5661c5fdc8,True,location-k4-fold2-seed0,2
ar,CoPy_R,11,MSE,0.06790356659752952,1286610,46c1dc5661c5fdc8,True,location-k4-fold2-seed0,2
ar,CoPy_R,11,MAE,0.19568210388548257,1286610,46c1dc5661c5fdc8,True,location-k4-fold2-seed0,2
ar,CoPy_R,11,SS_vs_persistence,0.4898083222565637,1286610,46c1dc5661c5fdc8,True,location-k4-fold2-seed0,2
ar,CoPy_R,11,SS_vs_seasonal,0.4713912874916779,1286610,46c1dc5661c5fdc8,True,location-k4-fold2-seed0,2
ar,CoPy_R,11,SS_vs_ar,1.4726886377047776e-11,1286610,46c1dc5661c5fdc8,True,location-k4-fold2-seed0,2
ar,CoPy_R,12,MSE,0.06792506065988467,1286610,46c1dc5661c5fdc8,True,location-k4-fold2-seed0,2
ar,CoPy_R,12,MAE,0.19577931816100758,1286610,46c1dc5661c5fdc8,True,location-k4-fold2-seed0,2
ar,CoPy_R,12,SS_vs_persistence,0.4924840884699997,1286610,46c1dc5661c5fdc8,True,location-k4-fold2-seed0,2
ar,CoPy_R,12,SS_vs_seasonal,0.47048760107059695,1286610,46c1dc5661c5fdc8,True,location-k4-fold2-seed0,2
ar,CoPy_R,12,SS_vs_ar,1.472222344034435e-11,1286610,46c1dc5661c5fdc8,True,location-k4-fold2-seed0,2
ar,CoPy_R,13,MSE,0.0678801210118918,1286610,46c1dc5661c5fdc8,True,location-k4-fold2-seed0,2
ar,CoPy_R,13,MAE,0.19572704641447997,1286610,46c1dc5661c5fdc8,True,location-k4-fold2-seed0,2
ar,CoPy_R,13,SS_vs_persistence,0.4666536995425228,1286610,46c1dc5661c5fdc8,True,location-k4-fold2-seed0,2
ar,CoPy_R,13,SS_vs_seasonal,0.4703891215806095,1286610,46c1dc5661c5fdc8,True,location-k4-fold2-seed0,2
ar,CoPy_R,13,SS_vs_ar,1.473188238065859e-11,1286610,46c1dc5661c5fdc8,True,location-k4-fold2-seed0,2
ar,CoPy_R,14,MSE,0.06807879714989153,1286610,46c1dc5661c5fdc8,True,location-k4-fold2-seed0,2
ar,CoPy_R,14,MAE,0.1960371432010079,1286610,46c1dc5661c5fdc8,True,location-k4-fold2-seed0,2
ar,CoPy_R,14,SS_vs_persistence,0.4559165873033264,1286610,46c1dc5661c5fdc8,True,location-k4-fold2-seed0,2
ar,CoPy_R,14,SS_vs_seasonal,0.4665430131668329,1286610,46c1dc5661c5fdc8,True,location-k4-fold2-seed0,2
ar,CoPy_R,14,SS_vs_ar,1.4688916749605596e-11,1286610,46c1dc5661c5fdc8,True,location-k4-fold2-seed0,2
ar,CoPy_R,15,MSE,0.06846244583273929,1286610,46c1dc5661c5fdc8,True,location-k4-fold2-seed0,2
ar,CoPy_R,15,MAE,0.1966250584026963,1286610,46c1dc5661c5fdc8,True,location-k4-fold2-seed0,2
ar,CoPy_R,15,SS_vs_persistence,0.48271510797240935,1286610,46c1dc5661c5fdc8,True,location-k4-fold2-seed0,2
ar,CoPy_R,15,SS_vs_seasonal,0.4658232112115901,1286610,46c1dc5661c5fdc8,True,location-k4-fold2-seed0,2
ar,CoPy_R,15,SS_vs_ar,1.4606649223480872e-11,1286610,46c1dc5661c5fdc8,True,location-k4-fold2-seed0,2
ar,CoPy_R,16,MSE,0.06855383827957992,1286610,46c1dc5661c5fdc8,True,location-k4-fold2-seed0,2
ar,CoPy_R,16,MAE,0.19674236444061632,1286610,46c1dc5661c5fdc8,True,location-k4-fold2-seed0,2
ar,CoPy_R,16,SS_vs_persistence,0.4955029792465624,1286610,46c1dc5661c5fdc8,True,location-k4-fold2-seed0,2
ar,CoPy_R,16,SS_vs_seasonal,0.4652369736769366,1286610,46c1dc5661c5fdc8,True,location-k4-fold2-seed0,2
ar,CoPy_R,16,SS_vs_ar,1.458710929824747e-11,1286610,46c1dc5661c5fdc8,True,location-k4-fold2-seed0,2
ar,CoPy_R,17,MSE,0.06839317464111964,1286610,46c1dc5661c5fdc8,True,location-k4-fold2-seed0,2
ar,CoPy_R,17,MAE,0.19654669465055982,1286610,46c1dc5661c5fdc8,True,location-k4-fold2-seed0,2
ar,CoPy_R,17,SS_vs_persistence,0.48530261713101075,1286610,46c1dc5661c5fdc8,True,location-k4-fold2-seed0,2
ar,CoPy_R,17,SS_vs_seasonal,0.46648255685442774,1286610,46c1dc5661c5fdc8,True,location-k4-fold2-seed0,2
ar,CoPy_R,17,SS_vs_ar,1.4621415189708387e-11,1286610,46c1dc5661c5fdc8,True,location-k4-fold2-seed0,2
ar,CoPy_R,18,MSE,0.0683230273104621,1286610,46c1dc5661c5fdc8,True,location-k4-fold2-seed0,2
ar,CoPy_R,18,MAE,0.19650715163325286,1286610,46c1dc5661c5fdc8,True,location-k4-fold2-seed0,2
ar,CoPy_R,18,SS_vs_persistence,0.46322482633293816,1286610,46c1dc5661c5fdc8,True,location-k4-fold2-seed0,2
ar,CoPy_R,18,SS_vs_seasonal,0.4645051112667796,1286610,46c1dc5661c5fdc8,True,location-k4-fold2-seed0,2
ar,CoPy_R,18,SS_vs_ar,1.4636403200540826e-11,1286610,46c1dc5661c5fdc8,True,location-k4-fold2-seed0,2
ar,CoPy_R,19,MSE,0.06847589515827358,1286610,46c1dc5661c5fdc8,True,location-k4-fold2-seed0,2
ar,CoPy_R,19,MAE,0.1968175441168977,1286610,46c1dc5661c5fdc8,True,location-k4-fold2-seed0,2
ar,CoPy_R,19,SS_vs_persistence,0.4692736547731594,1286610,46c1dc5661c5fdc8,True,location-k4-fold2-seed0,2
ar,CoPy_R,19,SS_vs_seasonal,0.4814442370524813,1286610,46c1dc5661c5fdc8,True,location-k4-fold2-seed0,2
ar,CoPy_R,19,SS_vs_ar,1.4603762643616847e-11,1286610,46c1dc5661c5fdc8,True,location-k4-fold2-seed0,2
ar,CoPy_R,20,MSE,0.06867127557010512,1286610,46c1dc5661c5fdc8,True,location-k4-fold2-seed0,2
ar,CoPy_R,20,MAE,0.19698741924204355,1286610,46c1dc5661c5fdc8,True,location-k4-fold2-seed0,2
ar,CoPy_R,20,SS_vs_persistence,0.4973436873444027,1286610,46c1dc5661c5fdc8,True,location-k4-fold2-seed0,2
ar,CoPy_R,20,SS_vs_seasonal,0.4819168174952315,1286610,46c1dc5661c5fdc8,True,location-k4-fold2-seed0,2
ar,CoPy_R,20,SS_vs_ar,1.4562240302495866e-11,1286610,46c1dc5661c5fdc8,True,location-k4-fold2-seed0,2
ar,CoPy_R,21,MSE,0.06858455268958459,1286610,46c1dc5661c5fdc8,True,location-k4-fold2-seed0,2
ar,CoPy_R,21,MAE,0.19682448127814234,1286610,46c1dc5661c5fdc8,True,location-k4-fold2-seed0,2
ar,CoPy_R,21,SS_vs_persistence,0.5046284031687305,1286610,46c1dc5661c5fdc8,True,location-k4-fold2-seed0,2
ar,CoPy_R,21,SS_vs_seasonal,0.4783933683016669,1286610,46c1dc5661c5fdc8,True,location-k4-fold2-seed0,2
ar,CoPy_R,21,SS_vs_ar,1.4580670004704643e-11,1286610,46c1dc5661c5fdc8,True,location-k4-fold2-seed0,2
ar,CoPy_R,22,MSE,0.06825567000830798,1286610,46c1dc5661c5fdc8,True,location-k4-fold2-seed0,2
ar,CoPy_R,22,MAE,0.19625365338203687,1286610,46c1dc5661c5fdc8,True,location-k4-fold2-seed0,2
ar,CoPy_R,22,SS_vs_persistence,0.4926968892041027,1286610,46c1dc5661c5fdc8,True,location-k4-fold2-seed0,2
ar,CoPy_R,22,SS_vs_seasonal,0.4835711236033463,1286610,46c1dc5661c5fdc8,True,location-k4-fold2-seed0,2
ar,CoPy_R,22,SS_vs_ar,1.4650836099860953e-11,1286610,46c1dc5661c5fdc8,True,location-k4-fold2-seed0,2
ar,CoPy_R,23,MSE,0.06811560108895967,1286610,46c1dc5661c5fdc8,True,location-k4-fold2-seed0,2
ar,CoPy_R,23,MAE,0.1960087628866406,1286610,46c1dc5661c5fdc8,True,location-k4-fold2-seed0,2
ar,CoPy_R,23,SS_vs_persistence,0.4733450489954679,1286610,46c1dc5661c5fdc8,True,location-k4-fold2-seed0,2
ar,CoPy_R,23,SS_vs_seasonal,0.4807767604658656,1286610,46c1dc5661c5fdc8,True,location-k4-fold2-seed0,2
ar,CoPy_R,23,SS_vs_ar,1.4681034166130758e-11,1286610,46c1dc5661c5fdc8,True,location-k4-fold2-seed0,2
ar,CoPy_R,24,MSE,0.06825703106979433,1286610,46c1dc5661c5fdc8,True,location-k4-fold2-seed0,2
ar,CoPy_R,24,MAE,0.19627632736453587,1286610,46c1dc5661c5fdc8,True,location-k4-fold2-seed0,2
ar,CoPy_R,24,SS_vs_persistence,0.4782680199126106,1286610,46c1dc5661c5fdc8,True,location-k4-fold2-seed0,2
ar,CoPy_R,24,SS_vs_seasonal,0.4801768103625824,1286610,46c1dc5661c5fdc8,True,location-k4-fold2-seed0,2
ar,CoPy_R,24,SS_vs_ar,1.4650614055256028e-11,1286610,46c1dc5661c5fdc8,True,location-k4-fold2-seed0,2
ar,CoPy_R,25,MSE,0.06816288515716468,1286610,46c1dc5661c5fdc8,True,location-k4-fold2-seed0,2
ar,CoPy_R,25,MAE,0.1963129925264776,1286610,46c1dc5661c5fdc8,True,location-k4-fold2-seed0,2
ar,CoPy_R,25,SS_vs_persistence,0.4819383897875148,1286610,46c1dc5661c5fdc8,True,location-k4-fold2-seed0,2
ar,CoPy_R,25,SS_vs_seasonal,0.48014842968656457,1286610,46c1dc5661c5fdc8,True,location-k4-fold2-seed0,2
ar,CoPy_R,25,SS_vs_ar,1.4670820114304206e-11,1286610,46c1dc5661c5fdc8,True,location-k4-fold2-seed0,2
ar,CoPy_R,26,MSE,0.068145877133633,1286610,46c1dc5661c5fdc8,True,location-k4-fold2-seed0,2
ar,CoPy_R,26,MAE,0.19625053697906095,1286610,46c1dc5661c5fdc8,True,location-k4-fold2-seed0,2
ar,CoPy_R,26,SS_vs_persistence,0.47819314000329394,1286610,46c1dc5661c5fdc8,True,location-k4-fold2-seed0,2
ar,CoPy_R,26,SS_vs_seasonal,0.4798736358299506,1286610,46c1dc5661c5fdc8,True,location-k4-fold2-seed0,2
ar,CoPy_R,26,SS_vs_ar,1.467448385028547e-11,1286610,46c1dc5661c5fdc8,True,location-k4-fold2-seed0,2
ar,CoPy_R,27,MSE,0.06812989598179628,1286610,46c1dc5661c5fdc8,True,location-k4-fold2-seed0,2
ar,CoPy_R,27,MAE,0.19621245461274134,1286610,46c1dc5661c5fdc8,True,location-k4-fold2-seed0,2
ar,CoPy_R,27,SS_vs_persistence,0.47889286230571426,1286610,46c1dc5661c5fdc8,True,location-k4-fold2-seed0,2
ar,CoPy_R,27,SS_vs_seasonal,0.4798872445256803,1286610,46c1dc5661c5fdc8,True,location-k4-fold2-seed0,2
ar,CoPy_R,27,SS_vs_ar,1.4677925541661807e-11,1286610,46c1dc5661c5fdc8,True,location-k4-fold2-seed0,2
ar,CoPy_R,28,MSE,0.06831189134031189,1286610,46c1dc5661c5fdc8,True,location-k4-fold2-seed0,2
ar,CoPy_R,28,MAE,0.1964966091383655,1286610,46c1dc5661c5fdc8,True,location-k4-fold2-seed0,2
ar,CoPy_R,28,SS_vs_persistence,0.48933709979340756,1286610,46c1dc5661c5fdc8,True,location-k4-fold2-seed0,2
ar,CoPy_R,28,SS_vs_seasonal,0.4685892680038931,1286610,46c1dc5661c5fdc8,True,location-k4-fold2-seed0,2
ar,CoPy_R,28,SS_vs_ar,1.4638845691195e-11,1286610,46c1dc5661c5fdc8,True,location-k4-fold2-seed0,2
ar,CoPy_R,29,MSE,0.06829863131532815,1286610,46c1dc5661c5fdc8,True,location-k4-fold2-seed0,2
ar,CoPy_R,29,MAE,0.19660825410422808,1286610,46c1dc5661c5fdc8,True,location-k4-fold2-seed0,2
ar,CoPy_R,29,SS_vs_persistence,0.4987746384737878,1286610,46c1dc5661c5fdc8,True,location-k4-fold2-seed0,2
ar,CoPy_R,29,SS_vs_seasonal,0.4689689426719592,1286610,46c1dc5661c5fdc8,True,location-k4-fold2-seed0,2
ar,CoPy_R,29,SS_vs_ar,1.4641621248756564e-11,1286610,46c1dc5661c5fdc8,True,location-k4-fold2-seed0,2
ar,CoPy_R,30,MSE,0.0682877046063595,1286610,46c1dc5661c5fdc8,True,location-k4-fold2-seed0,2
ar,CoPy_R,30,MAE,0.19654325742246337,1286610,46c1dc5661c5fdc8,True,location-k4-fold2-seed0,2
ar,CoPy_R,30,SS_vs_persistence,0.4923528443831179,1286610,46c1dc5661c5fdc8,True,location-k4-fold2-seed0,2
ar,CoPy_R,30,SS_vs_seasonal,0.47016456606631196,1286610,46c1dc5661c5fdc8,True,location-k4-fold2-seed0,2
ar,CoPy_R,30,SS_vs_ar,1.4643952717108277e-11,1286610,46c1dc5661c5fdc8,True,location-k4-fold2-seed0,2
ar,CoPy_R,all,MSE,0.0680298904652774,1286610,46c1dc5661c5fdc8,True,location-k4-fold2-seed0,2
ar,CoPy_R,all,MAE,0.1955220700143551,1286610,46c1dc5661c5fdc8,True,location-k4-fold2-seed0,2
ar,CoPy_R,all,SS_vs_persistence,0.47985439451775946,1286610,46c1dc5661c5fdc8,True,location-k4-fold2-seed0,2
ar,CoPy_R,all,SS_vs_seasonal,0.47297736594407547,1286610,46c1dc5661c5fdc8,True,location-k4-fold2-seed0,2
ar,CoPy_R,all,SS_vs_ar,1.4699463868339535e-11,1286610,46c1dc5661c5fdc8,True,location-k4-fold2-seed0,2
pg_cnn,F_R,1,MSE,82313.85901643003,1286610,46c1dc5661c5fdc8,True,location-k4-fold2-seed0,2
pg_cnn,F_R,1,MAE,160.5420537173327,1286610,46c1dc5661c5fdc8,True,location-k4-fold2-seed0,2
pg_cnn,F_R,1,SS_vs_persistence,0.26374162320319017,1286610,46c1dc5661c5fdc8,True,location-k4-fold2-seed0,2
pg_cnn,F_R,1,SS_vs_seasonal,0.4177841960834431,1286610,46c1dc5661c5fdc8,True,location-k4-fold2-seed0,2
pg_cnn,F_R,1,SS_vs_ar,0.05543864665918963,1286610,46c1dc5661c5fdc8,True,location-k4-fold2-seed0,2
pg_cnn,F_R,2,MSE,85576.85933104067,1286610,46c1dc5661c5fdc8,True,location-k4-fold2-seed0,2
pg_cnn,F_R,2,MAE,162.187642703253,1286610,46c1dc5661c5fdc8,True,location-k4-fold2-seed0,2
pg_cnn,F_R,2,SS_vs_persistence,0.34687178159898413,1286610,46c1dc5661c5fdc8,True,location-k4-fold2-seed0,2
pg_cnn,F_R,2,SS_vs_seasonal,0.4053762338907777,1286610,46c1dc5661c5fdc8,True,location-k4-fold2-seed0,2
pg_cnn,F_R,2,SS_vs_ar,0.1326300099642077,1286610,46c1dc5661c5fdc8,True,location-k4-fold2-seed0,2
pg_cnn,F_R,3,MSE,88069.01035312624,1286610,46c1dc5661c5fdc8,True,location-k4-fold2-seed0,2
pg_cnn,F_R,3,MAE,164.3850134959475,1286610,46c1dc5661c5fdc8,True,location-k4-fold2-seed0,2
pg_cnn,F_R,3,SS_vs_persistence,0.3606111407438145,1286610,46c1dc5661c5fdc8,True,location-k4-fold2-seed0,2
pg_cnn,F_R,3,SS_vs_seasonal,0.40552836763509403,1286610,46c1dc5661c5fdc8,True,location-k4-fold2-seed0,2
pg_cnn,F_R,3,SS_vs_ar,0.15630422869561822,1286610,46c1dc5661c5fdc8,True,location-k4-fold2-seed0,2
pg_cnn,F_R,4,MSE,89546.44735185371,1286610,46c1dc5661c5fdc8,True,location-k4-fold2-seed0,2
pg_cnn,F_R,4,MAE,165.97443490889881,1286610,46c1dc5661c5fdc8,True,location-k4-fold2-seed0,2
pg_cnn,F_R,4,SS_vs_persistence,0.35145671870343553,1286610,46c1dc5661c5fdc8,True,location-k4-fold2-seed0,2
pg_cnn,F_R,4,SS_vs_seasonal,0.41067801362464285,1286610,46c1dc5661c5fdc8,True,location-k4-fold2-seed0,2
pg_cnn,F_R,4,SS_vs_ar,0.17194799069695776,1286610,46c1dc5661c5fdc8,True,location-k4-fold2-seed0,2
pg_cnn,F_R,5,MSE,89927.67370393974,1286610,46c1dc5661c5fdc8,True,location-k4-fold2-seed0,2
pg_cnn,F_R,5,MAE,167.3177575572019,1286610,46c1dc5661c5fdc8,True,location-k4-fold2-seed0,2
pg_cnn,F_R,5,SS_vs_persistence,0.373477167704817,1286610,46c1dc5661c5fdc8,True,location-k4-fold2-seed0,2
pg_cnn,F_R,5,SS_vs_seasonal,0.40850331735770706,1286610,46c1dc5661c5fdc8,True,location-k4-fold2-seed0,2
pg_cnn,F_R,5,SS_vs_ar,0.1944650539537346,1286610,46c1dc5661c5fdc8,True,location-k4-fold2-seed0,2
pg_cnn,F_R,6,MSE,91310.70753169182,1286610,46c1dc5661c5fdc8,True,location-k4-fold2-seed0,2
pg_cnn,F_R,6,MAE,168.37044665201117,1286610,46c1dc5661c5fdc8,True,location-k4-fold2-seed0,2
pg_cnn,F_R,6,SS_vs_persistence,0.34854800253492946,1286610,46c1dc5661c5fdc8,True,location-k4-fold2-seed0,2
pg_cnn,F_R,6,SS_vs_seasonal,0.39461428129261944,1286610,46c1dc5661c5fdc8,True,location-k4-fold2-seed0,2
pg_cnn,F_R,6,SS_vs_ar,0.20043118069202703,1286610,46c1dc5661c5fdc8,True,location-k4-fold2-seed0,2
pg_cnn,F_R,7,MSE,92372.79525504424,1286610,46c1dc5661c5fdc8,True,location-k4-fold2-seed0,2
pg_cnn,F_R,7,MAE,169.6523139303538,1286610,46c1dc5661c5fdc8,True,location-k4-fold2-seed0,2
pg_cnn,F_R,7,SS_vs_persistence,0.36028981246120395,1286610,46c1dc5661c5fdc8,True,location-k4-fold2-seed0,2
pg_cnn,F_R,7,SS_vs_seasonal,0.395874052472901,1286610,46c1dc5661c5fdc8,True,location-k4-fold2-seed0,2
pg_cnn,F_R,7,SS_vs_ar,0.2210508053899558,1286610,46c1dc5661c5fdc8,True,location-k4-fold2-seed0,2
pg_cnn,F_R,8,MSE,93593.22532542239,1286610,46c1dc5661c5fdc8,True,location-k4-fold2-seed0,2
pg_cnn,F_R,8,MAE,170.9602321133409,1286610,46c1dc5661c5fdc8,True,location-k4-fold2-seed0,2
pg_cnn,F_R,8,SS_vs_persistence,0.3696006996147656,1286610,46c1dc5661c5fdc8,True,location-k4-fold2-seed0,2
pg_cnn,F_R,8,SS_vs_seasonal,0.3838483954591303,1286610,46c1dc5661c5fdc8,True,location-k4-fold2-seed0,2
pg_cnn,F_R,8,SS_vs_ar,0.23246135651316846,1286610,46c1dc5661c5fdc8,True,location-k4-fold2-seed0,2
pg_cnn,F_R,9,MSE,94331.48963110603,1286610,46c1dc5661c5fdc8,True,location-k4-fold2-seed0,2
pg_cnn,F_R,9,MAE,172.27760385416215,1286610,46c1dc5661c5fdc8,True,location-k4-fold2-seed0,2
pg_cnn,F_R,9,SS_vs_persistence,0.361715634395819,1286610,46c1dc5661c5fdc8,True,location-k4-fold2-seed0,2
pg_cnn,F_R,9,SS_vs_seasonal,0.36392994383084465,1286610,46c1dc5661c5fdc8,True,location-k4-fold2-seed0,2
pg_cnn,F_R,9,SS_vs_ar,0.23872279791193185,1286610,46c1dc5661c5fdc8,True,location-k4-fold2-seed0,2
pg_cnn,F_R,10,MSE,95176.63400609637,1286610,46c1dc5661c5fdc8,True,location-k4-fold2-seed0,2
pg_cnn,F_R,10,MAE,173.1666756792909,1286610,46c1dc5661c5fdc8,True,location-k4-fold2-seed0,2
pg_cnn,F_R,10,SS_vs_persistence,0.3599224865777171,1286610,46c1dc5661c5fdc8,True,location-k4-fold2-seed0,2
pg_cnn,F_R,10,SS_vs_seasonal,0.3761020289065444,1286610,46c1dc5661c5fdc8,True,location-k4-fold2-seed0,2
pg_cnn,F_R,10,SS_vs_ar,0.24959079214390845,1286610,46c1dc5661c5fdc8,True,location-k4-fold2-seed0,2
pg_cnn,F_R,11,MSE,96380.77758844415,1286610,46c1dc5661c5fdc8,True,location-k4-fold2-seed0,2
pg_cnn,F_R,11,MAE,174.56120811560538,1286610,46c1dc5661c5fdc8,True,location-k4-fold2-seed0,2
pg_cnn,F_R,11,SS_vs_persistence,0.3686732148791628,1286610,46c1dc5661c5fdc8,True,location-k4-fold2-seed0,2
pg_cnn,F_R,11,SS_vs_seasonal,0.380789473671613,1286610,46c1dc5661c5fdc8,True,location-k4-fold2-seed0,2
pg_cnn,F_R,11,SS_vs_ar,0.2601216171802221,1286610,46c1dc5661c5fdc8,True,location-k4-fold2-seed0,2
pg_cnn,F_R,12,MSE,97327.64053231325,1286610,46c1dc5661c5fdc8,True,location-k4-fold2-seed0,2
pg_cnn,F_R,12,MAE,175.45671595004913,1286610,46c1dc5661c5fdc8,True,location-k4-fold2-seed0,2
pg_cnn,F_R,12,SS_vs_persistence,0.3675788212412321,1286610,46c1dc5661c5fdc8,True,location-k4-fold2-seed0,2
pg_cnn,F_R,12,SS_vs_seasonal,0.38450188096240456,1286610,46c1dc5661c5fdc8,True,location-k4-fold2-seed0,2
pg_cnn,F_R,12,SS_vs_ar,0.2636929270159897,1286610,46c1dc5661c5fdc8,True,location-k4-fold2-seed0,2
pg_cnn,F_R,13,MSE,98253.6998953118,1286610,46c1dc5661c5fdc8,True,location-k4-fold2-seed0,2
pg_cnn,F_R,13,MAE,176.3591979341407,1286610,46c1dc5661c5fdc8,True,location-k4-fold2-seed0,2
pg_cnn,F_R,13,SS_vs_persistence,0.3683424369326521,1286610,46c1dc5661c5fdc8,True,location-k4-fold2-seed0,2
pg_cnn,F_R,13,SS_vs_seasonal,0.3876929706323964,1286610,46c1dc5661c5fdc8,True,location-k4-fold2-seed0,2
pg_cnn,F_R,13,SS_vs_ar,0.26831356550315744,1286610,46c1dc5661c5fdc8,True,location-k4-fold2-seed0,2
pg_cnn,F_R,14,MSE,98843.36861884271,1286610,46c1dc5661c5fdc8,True,location-k4-fold2-seed0,2
pg_cnn,F_R,14,MAE,176.95674624921787,1286610,46c1dc5661c5fdc8,True,location-k4-fold2-seed0,2
pg_cnn,F_R,14,SS_vs_persistence,0.3737171998648996,1286610,46c1dc5661c5fdc8,True,location-k4-fold2-seed0,2
pg_cnn,F_R,14,SS_vs_seasonal,0.3857045751562044,1286610,46c1dc5661c5fdc8,True,location-k4-fold2-seed0,2
pg_cnn,F_R,14,SS_vs_ar,0.27658784143744497,1286610,46c1dc5661c5fdc8,True,location-k4-fold2-seed0,2
pg_cnn,F_R,15,MSE,99487.59104761579,1286610,46c1dc5661c5fdc8,True,location-k4-fold2-seed0,2
pg_cnn,F_R,15,MAE,177.72899439736173,1286610,46c1dc5661c5fdc8,True,location-k4-fold2-seed0,2
pg_cnn,F_R,15,SS_vs_persistence,0.38039626417559425,1286610,46c1dc5661c5fdc8,True,location-k4-fold2-seed0,2
pg_cnn,F_R,15,SS_vs_seasonal,0.38392863290085877,1286610,46c1dc5661c5fdc8,True,location-k4-fold2-seed0,2
pg_cnn,F_R,15,SS_vs_ar,0.2841388738488365,1286610,46c1dc5661c5fdc8,True,location-k4-fold2-seed0,2
pg_cnn,F_R,16,MSE,104347.45786889845,1286610,46c1dc5661c5fdc8,True,location-k4-fold2-seed0,2
pg_cnn,F_R,16,MAE,179.64162165393822,1286610,46c1dc5661c5fdc8,True,location-k4-fold2-seed0,2
pg_cnn,F_R,16,SS_vs_persistence,0.3685028160142588,1286610,46c1dc5661c5fdc8,True,location-k4-fold2-seed0,2
pg_cnn,F_R,16,SS_vs_seasonal,0.37476551879562847,1286610,46c1dc5661c5fdc8,True,location-k4-fold2-seed0,2
pg_cnn,F_R,16,SS_vs_ar,0.286891036749398,1286610,46c1dc5661c5fdc8,True,location-k4-fold2-seed0,2
pg_cnn,F_R,17,MSE,104852.21368904429,1286610,46c1dc5661c5fdc8,True,location-k4-fold2-seed0,2
pg_cnn,F_R,17,MAE,180.5478951487646,1286610,46c1dc5661c5fdc8,True,location-k4-fold2-seed0,2
pg_cnn,F_R,17,SS_vs_persistence,0.36244521993998724,1286610,46c1dc5661c5fdc8,True,location-k4-fold2-seed0,2
pg_cnn,F_R,17,SS_vs_seasonal,0.3739187302727456,1286610,46c1dc5661c5fdc8,True,location-k4-fold2-seed0,2
pg_cnn,F_R,17,SS_vs_ar,0.2915756436065453,1286610,46c1dc5661c5fdc8,True,location-k4-fold2-seed0,2
pg_cnn,F_R,18,MSE,106472.39913885995,1286610,46c1dc5661c5fdc8,True,location-k4-fold2-seed0,2
pg_cnn,F_R,18,MAE,181.3354546335623,1286610,46c1dc5661c5fdc8,True,location-k4-fold2-seed0,2
pg_cnn,F_R,18,SS_vs_persistence,0.356237759606976,1286610,46c1dc5661c5fdc8,True,location-k4-fold2-seed0,2
pg_cnn,F_R,18,SS_vs_seasonal,0.36114943649026365,1286610,46c1dc5661c5fdc8,True,location-k4-fold2-seed0,2
pg_cnn,F_R,18,SS_vs_ar,0.3011185349619552,1286610,46c1dc5661c5fdc8,True,location-k4-fold2-seed0,2
pg_cnn,F_R,19,MSE,106902.40106030891,1286610,46c1dc5661c5fdc8,True,location-k4-fold2-seed0,2
pg_cnn,F_R,19,MAE,181.99601300956624,1286610,46c1dc5661c5fdc8,True,location-k4-fold2-seed0,2
pg_cnn,F_R,19,SS_vs_persistence,0.3601456539047678,1286610,46c1dc5661c5fdc8,True,location-k4-fold2-seed0,2
pg_cnn,F_R,19,SS_vs_seasonal,0.38036866068305963,1286610,46c1dc5661c5fdc8,True,location-k4-fold2-seed0,2
pg_cnn,F_R,19,SS_vs_ar,0.3076641504225457,1286610,46c1dc5661c5fdc8,True,location-k4-fold2-seed0,2
pg_cnn,F_R,20,MSE,108035.29558171134,1286610,46c1dc5661c5fdc8,True,location-k4-fold2-seed0,2
pg_cnn,F_R,20,MAE,182.94508357515318,1286610,46c1dc5661c5fdc8,True,location-k4-fold2-seed0,2
pg_cnn,F_R,20,SS_vs_persistence,0.3692708781258459,1286610,46c1dc5661c5fdc8,True,location-k4-fold2-seed0,2
pg_cnn,F_R,20,SS_vs_seasonal,0.37572751577793595,1286610,46c1dc5661c5fdc8,True,location-k4-fold2-seed0,2
pg_cnn,F_R,20,SS_vs_ar,0.3073247090429778,1286610,46c1dc5661c5fdc8,True,location-k4-fold2-seed0,2
pg_cnn,F_R,21,MSE,108316.09053093467,1286610,46c1dc5661c5fdc8,True,location-k4-fold2-seed0,2
pg_cnn,F_R,21,MAE,183.2608630504975,1286610,46c1dc5661c5fdc8,True,location-k4-fold2-seed0,2
pg_cnn,F_R,21,SS_vs_persistence,0.3670091198043396,1286610,46c1dc5661c5fdc8,True,location-k4-fold2-seed0,2
pg_cnn,F_R,21,SS_vs_seasonal,0.3796241615423367,1286610,46c1dc5661c5fdc8,True,location-k4-fold2-seed0,2
pg_cnn,F_R,21,SS_vs_ar,0.3098753868570213,1286610,46c1dc5661c5fdc8,True,location-k4-fold2-seed0,2
pg_cnn,F_R,22,MSE,108634.09648270128,1286610,46c1dc5661c5fdc8,True,location-k4-fold2-seed0,2
pg_cnn,F_R,22,MAE,183.6014374758461,1286610,46c1dc5661c5fdc8,True,location-k4-fold2-seed0,2
pg_cnn,F_R,22,SS_vs_persistence,0.3526355812601232,1286610,46c1dc5661c5fdc8,True,location-k4-fold2-seed0,2
pg_cnn,F_R,22,SS_vs_seasonal,0.38333943105483603,1286610,46c1dc5661c5fdc8,True,location-k4-fold2-seed0,2
pg_cnn,F_R,22,SS_vs_ar,0.3151617158833673,1286610,46c1dc5661c5fdc8,True,location-k4-fold2-seed0,2
pg_cnn,F_R,23,MSE,109263.22527399332,1286610,46c1dc5661c5fdc8,True,location-k4-fold2-seed0,2
pg_cnn,F_R,23,MAE,184.20090246249083,1286610,46c1dc5661c5fdc8,True,location-k4-fold2-seed0,2
pg_cnn,F_R,23,SS_vs_persistence,0.3529065164261519,1286610,46c1dc5661c5fdc8,True,location-k4-fold2-seed0,2
pg_cnn,F_R,23,SS_vs_seasonal,0.389121720093071,1286610,46c1dc5661c5fdc8,True,location-k4-fold2-seed0,2
pg_cnn,F_R,23,SS_vs_ar,0.31693054235421136,1286610,46c1dc5661c5fdc8,True,location-k4-fold2-seed0,2
pg_cnn,F_R,24,MSE,108143.09260405229,1286610,46c1dc5661c5fdc8,True,location-k4-fold2-seed0,2
pg_cnn,F_R,24,MAE,184.8319592631235,1286610,46c1dc5661c5fdc8,True,location-k4-fold2-seed0,2
pg_cnn,F_R,24,SS_vs_persistence,0.3441010223220349,1286610,46c1dc5661c5fdc8,True,location-k4-fold2-seed0,2
pg_cnn,F_R,24,SS_vs_seasonal,0.3876594585117227,1286610,46c1dc5661c5fdc8,True,location-k4-fold2-seed0,2
pg_cnn,F_R,24,SS_vs_ar,0.32336107615744714,1286610,46c1dc5661c5fdc8,True,location-k4-fold2-seed0,2
pg_cnn,F_R,25,MSE,106533.36983332763,1286610,46c1dc5661c5fdc8,True,location-k4-fold2-seed0,2
pg_cnn,F_R,25,MAE,184.95217805027616,1286610,46c1dc5661c5fdc8,True,location-k4-fold2-seed0,2
pg_cnn,F_R,25,SS_vs_persistence,0.34771697780318755,1286610,46c1dc5661c5fdc8,True,location-k4-fold2-seed0,2
pg_cnn,F_R,25,SS_vs_seasonal,0.390814160278651,1286610,46c1dc5661c5fdc8,True,location-k4-fold2-seed0,2
pg_cnn,F_R,25,SS_vs_ar,0.33040164213271583,1286610,46c1dc5661c5fdc8,True,location-k4-fold2-seed0,2
pg_cnn,F_R,26,MSE,106761.26284367393,1286610,46c1dc5661c5fdc8,True,location-k4-fold2-seed0,2
pg_cnn,F_R,26,MAE,185.51810855799758,1286610,46c1dc5661c5fdc8,True,location-k4-fold2-seed0,2
pg_cnn,F_R,26,SS_vs_persistence,0.3562825103341484,1286610,46c1dc5661c5fdc8,True,location-k4-fold2-seed0,2
pg_cnn,F_R,26,SS_vs_seasonal,0.39067002208002566,1286610,46c1dc5661c5fdc8,True,location-k4-fold2-seed0,2
pg_cnn,F_R,26,SS_vs_ar,0.3376741336947934,1286610,46c1dc5661c5fdc8,True,location-k4-fold2-seed0,2
pg_cnn,F_R,27,MSE,107485.28949359081,1286610,46c1dc5661c5fdc8,True,location-k4-fold2-seed0,2
pg_cnn,F_R,27,MAE,185.96801231507533,1286610,46c1dc5661c5fdc8,True,location-k4-fold2-seed0,2
pg_cnn,F_R,27,SS_vs_persistence,0.3737088064657226,1286610,46c1dc5661c5fdc8,True,location-k4-fold2-seed0,2
pg_cnn,F_R,27,SS_vs_seasonal,0.3784042846230974,1286610,46c1dc5661c5fdc8,True,location-k4-fold2-seed0,2
pg_cnn,F_R,27,SS_vs_ar,0.3409557742339867,1286610,46c1dc5661c5fdc8,True,location-k4-fold2-seed0,2
pg_cnn,F_R,28,MSE,108166.40368383033,1286610,46c1dc5661c5fdc8,True,location-k4-fold2-seed0,2
pg_cnn,F_R,28,MAE,186.30344207683245,1286610,46c1dc5661c5fdc8,True,location-k4-fold2-seed0,2
pg_cnn,F_R,28,SS_vs_persistence,0.36287875867211294,1286610,46c1dc5661c5fdc8,True,location-k4-fold2-seed0,2
pg_cnn,F_R,28,SS_vs_seasonal,0.37494549285592316,1286610,46c1dc5661c5fdc8,True,location-k4-fold2-seed0,2
pg_cnn,F_R,28,SS_vs_ar,0.34294899564734604,1286610,46c1dc5661c5fdc8,True,location-k4-fold2-seed0,2
pg_cnn,F_R,29,MSE,108326.72728269371,1286610,46c1dc5661c5fdc8,True,location-k4-fold2-seed0,2
pg_cnn,F_R,29,MAE,186.5426207655139,1286610,46c1dc5661c5fdc8,True,location-k4-fold2-seed0,2
pg_cnn,F_R,29,SS_vs_persistence,0.36388551365544575,1286610,46c1dc5661c5fdc8,True,location-k4-fold2-seed0,2
pg_cnn,F_R,29,SS_vs_seasonal,0.373605375934404,1286610,46c1dc5661c5fdc8,True,location-k4-fold2-seed0,2
pg_cnn,F_R,29,SS_vs_ar,0.34754801290498016,1286610,46c1dc5661c5fdc8,True,location-k4-fold2-seed0,2
pg_cnn,F_R,30,MSE,107589.66272255353,1286610,46c1dc5661c5fdc8,True,location-k4-fold2-seed0,2
pg_cnn,F_R,30,MAE,186.479081508519,1286610,46c1dc5661c5fdc8,True,location-k4-fold2-seed0,2
pg_cnn,F_R,30,SS_vs_persistence,0.3640930379584171,1286610,46c1dc5661c5fdc8,True,location-k4-fold2-seed0,2
pg_cnn,F_R,30,SS_vs_seasonal,0.3790201518421207,1286610,46c1dc5661c5fdc8,True,location-k4-fold2-seed0,2
pg_cnn,F_R,30,SS_vs_ar,0.35815375011274286,1286610,46c1dc5661c5fdc8,True,location-k4-fold2-seed0,2
pg_cnn,F_R,all,MSE,100078.02557595233,1286610,46c1dc5661c5fdc8,True,location-k4-fold2-seed0,2
pg_cnn,F_R,all,MAE,177.13405702684707,1286610,46c1dc5661c5fdc8,True,location-k4-fold2-seed0,2
pg_cnn,F_R,all,SS_vs_persistence,0.3596168935403783,1286610,46c1dc5661c5fdc8,True,location-k4-fold2-seed0,2
pg_cnn,F_R,all,SS_vs_seasonal,0.3854777588520881,1286610,46c1dc5661c5fdc8,True,location-k4-fold2-seed0,2
pg_cnn,F_R,all,SS_vs_ar,0.2786077762175303,1286610,46c1dc5661c5fdc8,True,location-k4-fold2-seed0,2
pg_cnn,CoPx_R,1,MSE,0.11163370492976449,1286610,46c1dc5661c5fdc8,True,location-k4-fold2-seed0,2
pg_cnn,CoPx_R,1,MAE,0.22354186437613685,1286610,46c1dc5661c5fdc8,True,location-k4-fold2-seed0,2
pg_cnn,CoPx_R,1,SS_vs_persistence,0.4196740558105334,1286610,46c1dc5661c5fdc8,True,location-k4-fold2-seed0,2
pg_cnn,CoPx_R,1,SS_vs_seasonal,0.4671625775313474,1286610,46c1dc5661c5fdc8,True,location-k4-fold2-seed0,2
pg_cnn,CoPx_R,1,SS_vs_ar,-0.006267296302745473,1286610,46c1dc5661c5fdc8,True,location-k4-fold2-seed0,2
pg_cnn,CoPx_R,2,MSE,0.1136128058274572,1286610,46c1dc5661c5fdc8,True,location-k4-fold2-seed0,2
pg_cnn,CoPx_R,2,MAE,0.22504654850423642,1286610,46c1dc5661c5fdc8,True,location-k4-fold2-seed0,2
pg_cnn,CoPx_R,2,SS_vs_persistence,0.4679077600526558,1286610,46c1dc5661c5fdc8,True,location-k4-fold2-seed0,2
pg_cnn,CoPx_R,2,SS_vs_seasonal,0.4633184271058449,1286610,46c1dc5661c5fdc8,True,location-k4-fold2-seed0,2
pg_cnn,CoPx_R,2,SS_vs_ar,-0.00465506382236236,1286610,46c1dc5661c5fdc8,True,location-k4-fold2-seed0,2
pg_cnn,CoPx_R,3,MSE,0.11369256966366761,1286610,46c1dc5661c5fdc8,True,location-k4-fold2-seed0,2
pg_cnn,CoPx_R,3,MAE,0.225101191499318,1286610,46c1dc5661c5fdc8,True,location-k4-fold2-seed0,2
pg_cnn,CoPx_R,3,SS_vs_persistence,0.4589042237788872,1286610,46c1dc5661c5fdc8,True,location-k4-fold2-seed0,2
pg_cnn,CoPx_R,3,SS_vs_seasonal,0.46464526399547346,1286610,46c1dc5661c5fdc8,True,location-k4-fold2-seed0,2
pg_cnn,CoPx_R,3,SS_vs_ar,-0.0068917849219038985,1286610,46c1dc5661c5fdc8,True,location-k4-fold2-seed0,2
pg_cnn,CoPx_R,4,MSE,0.11370031858763152,1286610,46c1dc5661c5fdc8,True,location-k4-fold2-seed0,2
pg_cnn,CoPx_R,4,MAE,0.22541751611999097,1286610,46c1dc5661c5fdc8,True,location-k4-fold2-seed0,2
pg_cnn,CoPx_R,4,SS_vs_persistence,0.4415874799453444,1286610,46c1dc5661c5fdc8,True,location-k4-fold2-seed0,2
pg_cnn,CoPx_R,4,SS_vs_seasonal,0.4579679923219717,1286610,46c1dc5661c5fdc8,True,location-k4-fold2-seed0,2
pg_cnn,CoPx_R,4,SS_vs_ar,-0.009141451810022572,1286610,46c1dc5661c5fdc8,True,location-k4-fold2-seed0,2
pg_cnn,CoPx_R,5,MSE,0.11422558904104238,1286610,46c1dc5661c5fdc8,True,location-k4-fold2-seed0,2
pg_cnn,CoPx_R,5,MAE,0.22624486697013232,1286610,46c1dc5661c5fdc8,True,location-k4-fold2-seed0,2
pg_cnn,CoPx_R,5,SS_vs_persistence,0.45570635414964145,1286610,46c1dc5661c5fdc8,True,location-k4-fold2-seed0,2
pg_cnn,CoPx_R,5,SS_vs_seasonal,0.4578817883781132,1286610,46c1dc5661c5fdc8,True,location-k4-fold2-seed0,2
pg_cnn,CoPx_R,5,SS_vs_ar,-0.008219630715600612,1286610,46c1dc5661c5fdc8,True,location-k4-fold2-seed0,2
pg_cnn,CoPx_R,6,MSE,0.11423847126963746,1286610,46c1dc5661c5fdc8,True,location-k4-fold2-seed0,2
pg_cnn,CoPx_R,6,MAE,0.22636298047852796,1286610,46c1dc5661c5fdc8,True,location-k4-fold2-seed0,2
pg_cnn,CoPx_R,6,SS_vs_persistence,0.4611272335316585,1286610,46c1dc5661c5fdc8,True,location-k4-fold2-seed0,2
pg_cnn,CoPx_R,6,SS_vs_seasonal,0.45677321002940596,1286610,46c1dc5661c5fdc8,True,location-k4-fold2-seed0,2
pg_cnn,CoPx_R,6,SS_vs_ar,-0.006531490705232956,1286610,46c1dc5661c5fdc8,True,location-k4-fold2-seed0,2
pg_cnn,CoPx_R,7,MSE,0.11456135810643445,1286610,46c1dc5661c5fdc8,True,location-k4-fold2-seed0,2
pg_cnn,CoPx_R,7,MAE,0.22690222783400887,1286610,46c1dc5661c5fdc8,True,location-k4-fold2-seed0,2
pg_cnn,CoPx_R,7,SS_vs_persistence,0.4617381187714129,1286610,46c1dc5661c5fdc8,True,location-k4-fold2-seed0,2
pg_cnn,CoPx_R,7,SS_vs_seasonal,0.4540048419703391,1286610,46c1dc5661c5fdc8,True,location-k4-fold2-seed0,2
pg_cnn,CoPx_R,7,SS_vs_ar,-0.007082463385443161,1286610,46c1dc5661c5fdc8,True,location-k4-fold2-seed0,2
pg_cnn,CoPx_R,8,MSE,0.11466484053187644,1286610,46c1dc5661c5fdc8,True,location-k4-fold2-seed0,2
pg_cnn,CoPx_R,8,MAE,0.22695846395569128,1286610,46c1dc5661c5fdc8,True,location-k4-fold2-seed0,2
pg_cnn,CoPx_R,8,SS_vs_persistence,0.4448134222574688,1286610,46c1dc5661c5fdc8,True,location-k4-fold2-seed0,2
pg_cnn,CoPx_R,8,SS_vs_seasonal,0.4528840904623458,1286610,46c1dc5661c5fdc8,True,location-k4-fold2-seed0,2
pg_cnn,CoPx_R,8,SS_vs_ar,-0.005205788443027659,1286610,46c1dc5661c5fdc8,True,location-k4-fold2-seed0,2
pg_cnn,CoPx_R,9,MSE,0.1150365921400221,1286610,46c1dc5661c5fdc8,True,location-k4-fold2-seed0,2
pg_cnn,CoPx_R,9,MAE,0.22745569519618342,1286610,46c1dc5661c5fdc8,True,location-k4-fold2-seed0,2
pg_cnn,CoPx_R,9,SS_vs_persistence,0.45085229963652196,1286610,46c1dc5661c5fdc8,True,location-k4-fold2-seed0,2
pg_cnn,CoPx_R,9,SS_vs_seasonal,0.4505406302486479,1286610,46c1dc5661c5fdc8,True,location-k4-fold2-seed0,2
pg_cnn,CoPx_R,9,SS_vs_ar,-0.0026851373981218174,1286610,46c1dc5661c5fdc8,True,location-k4-fold2-seed0,2
pg_cnn,CoPx_R,10,MSE,0.11526103659678101,1286610,46c1dc5661c5fdc8,True,location-k4-fold2-seed0,2
pg_cnn,CoPx_R,10,MAE,0.2277278363591152,1286610,46c1dc5661c5fdc8,True,location-k4-fold2-seed0,2
pg_cnn,CoPx_R,10,SS_vs_persistence,0.4511597458315374,1286610,46c1dc5661c5fdc8,True,location-k4-fold2-seed0,2
pg_cnn,CoPx_R,10,SS_vs_seasonal,0.45550110770802854,1286610,46c1dc5661c5fdc8,True,location-k4-fold2-seed0,2
pg_cnn,CoPx_R,10,SS_vs_ar,0.00031584970723141925,1286610,46c1dc5661c5fdc8,True,location-k4-fold2-seed0,2
pg_cnn,CoPx_R,11,MSE,0.11571657167430026,1286610,46c1dc5661c5fdc8,True,location-k4-fold2-seed0,2
pg_cnn,CoPx_R,11,MAE,0.22836977208746267,1286610,46c1dc5661c5fdc8,True,location-k4-fold2-seed0,2
pg_cnn,CoPx_R,11,SS_vs_persistence,0.47289197642667335,1286610,46c1dc5661c5fdc8,True,location-k4-fold2-seed0,2
pg_cnn,CoPx_R,11,SS_vs_seasonal,0.4586550264598295,1286610,46c1dc5661c5fdc8,True,location-k4-fold2-seed0,2
pg_cnn,CoPx_R,11,SS_vs_ar,0.001197154863603056,1286610,46c1dc5661c5fdc8,True,location-k4-fold2-seed0,2
pg_cnn,CoPx_R,12,MSE,0.11553552338809438,1286610,46c1dc5661c5fdc8,True,location-k4-fold2-seed0,2
pg_cnn,CoPx_R,12,MAE,0.22832311713089445,1286610,46c1dc5661c5fdc8,True,location-k4-fold2-seed0,2
pg_cnn,CoPx_R,12,SS_vs_persistence,0.4812021876465348,1286610,46c1dc5661c5fdc8,True,location-k4-fold2-seed0,2
pg_cnn,CoPx_R,12,SS_vs_seasonal,0.4576985659844707,1286610,46c1dc5661c5fdc8,True,location-k4-fold2-seed0,2
pg_cnn,CoPx_R,12,SS_vs_ar,-0.00031457595524853055,1286610,46c1dc5661c5fdc8,True,location-k4-fold2-seed0,2
pg_cnn,CoPx_R,13,MSE,0.1157538202363877,1286610,46c1dc5661c5fdc8,True,location-k4-fold2-seed0,2
pg_cnn,CoPx_R,13,MAE,0.22851197714086033,1286610,46c1dc5661c5fdc8,True,location-k4-fold2-seed0,2
pg_cnn,CoPx_R,13,SS_vs_persistence,0.46504177615112197,1286610,46c1dc5661c5fdc8,True,location-k4-fold2-seed0,2
pg_cnn,CoPx_R,13,SS_vs_seasonal,0.45821848623069494,1286610,46c1dc5661c5fdc8,True,location-k4-fold2-seed0,2
pg_cnn,CoPx_R,13,SS_vs_ar,-0.00020909824592041382,1286610,46c1dc5661c5fdc8,True,location-k4-fold2-seed0,2
pg_cnn,CoPx_R,14,MSE,0.11556712524294785,1286610,46c1dc5661c5fdc8,True,location-k4-fold2-seed0,2
pg_cnn,CoPx_R,14,MAE,0.22852760389319574,1286610,46c1dc5661c5fdc8,True,location-k4-fold2-seed0,2
pg_cnn,CoPx_R,14,SS_vs_persistence,0.44489763032561125,1286610,46c1dc5661c5fdc8,True,location-k4-fold2-seed0,2
pg_cnn,CoPx_R,14,SS_vs_seasonal,0.4581209404815434,1286610,46c1dc5661c5fdc8,True,location-k4-fold2-seed0,2
pg_cnn,CoPx_R,14,SS_vs_ar,0.0005277138752811661,1286610,46c1dc5661c5fdc8,True,location-k4-fold2-seed0,2
pg_cnn,CoPx_R,15,MSE,0.1160499394907545,1286610,46c1dc5661c5fdc8,True,location-k4-fold2-seed0,2
pg_cnn,CoPx_R,15,MAE,0.2293413776265067,1286610,46c1dc5661c5fdc8,True,location-k4-fold2-seed0,2
pg_cnn,CoPx_R,15,SS_vs_persistence,0.46731745377904776,1286610,46c1dc5661c5fdc8,True,location-k4-fold2-seed0,2
pg_cnn,CoPx_R,15,SS_vs_seasonal,0.4575601623282025,1286610,46c1dc5661c5fdc8,True,location-k4-fold2-seed0,2
pg_cnn,CoPx_R,15,SS_vs_ar,-0.00014807440234609892,1286610,46c1dc5661c5fdc8,True,location-k4-fold2-seed0,2
pg_cnn,CoPx_R,16,MSE,0.11593691469286806,1286610,46c1dc5661c5fdc8,True,location-k4-fold2-seed0,2
pg_cnn,CoPx_R,16,MAE,0.22923550268218307,1286610,46c1dc5661c5fdc8,True,location-k4-fold2-seed0,2
pg_cnn,CoPx_R,16,SS_vs_persistence,0.4793551060639317,1286610,46c1dc5661c5fdc8,True,location-k4-fold2-seed0,2
pg_cnn,CoPx_R,16,SS_vs_seasonal,0.4553973445735039,1286610,46c1dc5661c5fdc8,True,location-k4-fold2-seed0,2
pg_cnn,CoPx_R,16,SS_vs_ar,-0.002825611637791381,1286610,46c1dc5661c5fdc8,True,location-k4-fold2-seed0,2
pg_cnn,CoPx_R,17,MSE,0.11578517699963643,1286610,46c1dc5661c5fdc8,True,location-k4-fold2-seed0,2
pg_cnn,CoPx_R,17,MAE,0.22908427036065623,1286610,46c1dc5661c5fdc8,True,location-k4-fold2-seed0,2
pg_cnn,CoPx_R,17,SS_vs_persistence,0.4644413218865434,1286610,46c1dc5661c5fdc8,True,location-k4-fold2-seed0,2
pg_cnn,CoPx_R,17,SS_vs_seasonal,0.4554445551785229,1286610,46c1dc5661c5fdc8,True,location-k4-fold2-seed0,2
pg_cnn,CoPx_R,17,SS_vs_ar,-0.0023245924430612686,1286610,46c1dc5661c5fdc8,True,location-k4-fold2-seed0,2
pg_cnn,CoPx_R,18,MSE,0.1157574619536726,1286610,46c1dc5661c5fdc8,True,location-k4-fold2-seed0,2
pg_cnn,CoPx_R,18,MAE,0.2291672020212986,1286610,46c1dc5661c5fdc8,True,location-k4-fold2-seed0,2
pg_cnn,CoPx_R,18,SS_vs_persistence,0.45670813683909606,1286610,46c1dc5661c5fdc8,True,location-k4-fold2-seed0,2
pg_cnn,CoPx_R,18,SS_vs_seasonal,0.45636352015583703,1286610,46c1dc5661c5fdc8,True,location-k4-fold2-seed0,2
pg_cnn,CoPx_R,18,SS_vs_ar,0.0009937443450682704,1286610,46c1dc5661c5fdc8,True,location-k4-fold2-seed0,2
pg_cnn,CoPx_R,19,MSE,0.11576546296344933,1286610,46c1dc5661c5fdc8,True,location-k4-fold2-seed0,2
pg_cnn,CoPx_R,19,MAE,0.22925484429676027,1286610,46c1dc5661c5fdc8,True,location-k4-fold2-seed0,2
pg_cnn,CoPx_R,19,SS_vs_persistence,0.46781445788051634,1286610,46c1dc5661c5fdc8,True,location-k4-fold2-seed0,2
pg_cnn,CoPx_R,19,SS_vs_seasonal,0.46672965297427293,1286610,46c1dc5661c5fdc8,True,location-k4-fold2-seed0,2
pg_cnn,CoPx_R,19,SS_vs_ar,0.0012380998968878343,1286610,46c1dc5661c5fdc8,True,location-k4-fold2-seed0,2
pg_cnn,CoPx_R,20,MSE,0.1162041666085377,1286610,46c1dc5661c5fdc8,True,location-k4-fold2-seed0,2
pg_cnn,CoPx_R,20,MAE,0.22973903276805774,1286610,46c1dc5661c5fdc8,True,location-k4-fold2-seed0,2
pg_cnn,CoPx_R,20,SS_vs_persistence,0.48253405878361777,1286610,46c1dc5661c5fdc8,True,location-k4-fold2-seed0,2
pg_cnn,CoPx_R,20,SS_vs_seasonal,0.46454722351055766,1286610,46c1dc5661c5fdc8,True,location-k4-fold2-seed0,2
pg_cnn,CoPx_R,20,SS_vs_ar,-0.0019412515656014317,1286610,46c1dc5661c5fdc8,True,location-k4-fold2-seed0,2
pg_cnn,CoPx_R,21,MSE,0.1163148307416002,1286610,46c1dc5661c5fdc8,True,location-k4-fold2-seed0,2
pg_cnn,CoPx_R,21,MAE,0.2296610539446639,1286610,46c1dc5661c5fdc8,True,location-k4-fold2-seed0,2
pg_cnn,CoPx_R,21,SS_vs_persistence,0.48001693438544735,1286610,46c1dc5661c5fdc8,True,location-k4-fold2-seed0,2
pg_cnn,CoPx_R,21,SS_vs_seasonal,0.46274054752074123,1286610,46c1dc5661c5fdc8,True,location-k4-fold2-seed0,2
pg_cnn,CoPx_R,21,SS_vs_ar,-0.003884942639083011,1286610,46c1dc5661c5fdc8,True,location-k4-fold2-seed0,2
pg_cnn,CoPx_R,22,MSE,0.11622612321340865,1286610,46c1dc5661c5fdc8,True,location-k4-fold2-seed0,2
pg_cnn,CoPx_R,22,MAE,0.22957466650221509,1286610,46c1dc5661c5fdc8,True,location-k4-fold2-seed0,2
pg_cnn,CoPx_R,22,SS_vs_persistence,0.46635856895276817,1286610,46c1dc5661c5fdc8,True,location-k4-fold2-seed0,2
pg_cnn,CoPx_R,22,SS_vs_seasonal,0.4629323057127348,1286610,46c1dc5661c5fdc8,True,location-k4-fold2-seed0,2
pg_cnn,CoPx_R,22,SS_vs_ar,-0.006542685253884795,1286610,46c1dc5661c5fdc8,True,location-k4-fold2-seed0,2
pg_cnn,CoPx_R,23,MSE,0.11651947846301355,1286610,46c1dc5661c5fdc8,True,location-k4-fold2-seed0,2
pg_cnn,CoPx_R,23,MAE,0.22982767381996588,1286610,46c1dc5661c5fdc8,True,location-k4-fold2-seed0,2
pg_cnn,CoPx_R,23,SS_vs_persistence,0.4599793152459999,1286610,46c1dc5661c5fdc8,True,location-k4-fold2-seed0,2
pg_cnn,CoPx_R,23,SS_vs_seasonal,0.46193040639116867,1286610,46c1dc5661c5fdc8,True,location-k4-fold2-seed0,2
pg_cnn,CoPx_R,23,SS_vs_ar,-0.004958470377940616,1286610,46c1dc5661c5fdc8,True,location-k4-fold2-seed0,2
pg_cnn,CoPx_R,24,MSE,0.11648770893241356,1286610,46c1dc5661c5fdc8,True,location-k4-fold2-seed0,2
pg_cnn,CoPx_R,24,MAE,0.22984378890575408,1286610,46c1dc5661c5fdc8,True,location-k4-fold2-seed0,2
pg_cnn,CoPx_R,24,SS_vs_persistence,0.46045636204439977,1286610,46c1dc5661c5fdc8,True,location-k4-fold2-seed0,2
pg_cnn,CoPx_R,24,SS_vs_seasonal,0.4626409366433202,1286610,46c1dc5661c5fdc8,True,location-k4-fold2-seed0,2
pg_cnn,CoPx_R,24,SS_vs_ar,-0.006339773675135163,1286610,46c1dc5661c5fdc8,True,location-k4-fold2-seed0,2
pg_cnn,CoPx_R,25,MSE,0.11649570278844283,1286610,46c1dc5661c5fdc8,True,location-k4-fold2-seed0,2
pg_cnn,CoPx_R,25,MAE,0.22990944513559075,1286610,46c1dc5661c5fdc8,True,location-k4-fold2-seed0,2
pg_cnn,CoPx_R,25,SS_vs_persistence,0.4674021168055613,1286610,46c1dc5661c5fdc8,True,location-k4-fold2-seed0,2
pg_cnn,CoPx_R,25,SS_vs_seasonal,0.46136191068356347,1286610,46c1dc5661c5fdc8,True,location-k4-fold2-seed0,2
pg_cnn,CoPx_R,25,SS_vs_ar,-0.006612261085089166,1286610,46c1dc5661c5fdc8,True,location-k4-fold2-seed0,2
pg_cnn,CoPx_R,26,MSE,0.1163874553953994,1286610,46c1dc5661c5fdc8,True,location-k4-fold2-seed0,2
pg_cnn,CoPx_R,26,MAE,0.22992828813313426,1286610,46c1dc5661c5fdc8,True,location-k4-fold2-seed0,2
pg_cnn,CoPx_R,26,SS_vs_persistence,0.4742960507517645,1286610,46c1dc5661c5fdc8,True,location-k4-fold2-seed0,2
pg_cnn,CoPx_R,26,SS_vs_seasonal,0.46466948939496533,1286610,46c1dc5661c5fdc8,True,location-k4-fold2-seed0,2
pg_cnn,CoPx_R,26,SS_vs_ar,-0.00680658902525888,1286610,46c1dc5661c5fdc8,True,location-k4-fold2-seed0,2
pg_cnn,CoPx_R,27,MSE,0.11598279996533355,1286610,46c1dc5661c5fdc8,True,location-k4-fold2-seed0,2
pg_cnn,CoPx_R,27,MAE,0.22964968369745023,1286610,46c1dc5661c5fdc8,True,location-k4-fold2-seed0,2
pg_cnn,CoPx_R,27,SS_vs_persistence,0.46451700873889046,1286610,46c1dc5661c5fdc8,True,location-k4-fold2-seed0,2
pg_cnn,CoPx_R,27,SS_vs_seasonal,0.4648705441933859,1286610,46c1dc5661c5fdc8,True,location-k4-fold2-seed0,2
pg_cnn,CoPx_R,27,SS_vs_ar,-0.009352591010823863,1286610,46c1dc5661c5fdc8,True,location-k4-fold2-seed0,2
pg_cnn,CoPx_R,28,MSE,0.11620429032063738,1286610,46c1dc5661c5fdc8,True,location-k4-fold2-seed0,2
pg_cnn,CoPx_R,28,MAE,0.22988359241227324,1286610,46c1dc5661c5fdc8,True,location-k4-fold2-seed0,2
pg_cnn,CoPx_R,28,SS_vs_persistence,0.4587512685873908,1286610,46c1dc5661c5fdc8,True,location-k4-fold2-seed0,2
pg_cnn,CoPx_R,28,SS_vs_seasonal,0.4497097237628056,1286610,46c1dc5661c5fdc8,True,location-k4-fold2-seed0,2
pg_cnn,CoPx_R,28,SS_vs_ar,-0.00785608864918963,1286610,46c1dc5661c5fdc8,True,location-k4-fold2-seed0,2
pg_cnn,CoPx_R,29,MSE,0.11673553817956116,1286610,46c1dc5661c5fdc8,True,location-k4-fold2-seed0,2
pg_cnn,CoPx_R,29,MAE,0.23047344329801284,1286610,46c1dc5661c5fdc8,True,location-k4-fold2-seed0,2
pg_cnn,CoPx_R,29,SS_vs_persistence,0.4720281742641791,1286610,46c1dc5661c5fdc8,True,location-k4-fold2-seed0,2
pg_cnn,CoPx_R,29,SS_vs_seasonal,0.449519000844952,1286610,46c1dc5661c5fdc8,True,location-k4-fold2-seed0,2
pg_cnn,CoPx_R,29,SS_vs_ar,-0.00813515902020101,1286610,46c1dc5661c5fdc8,True,location-k4-fold2-seed0,2
pg_cnn,CoPx_R,30,MSE,0.11655267478883069,1286610,46c1dc5661c5fdc8,True,location-k4-fold2-seed0,2
pg_cnn,CoPx_R,30,MAE,0.23030952962346096,1286610,46c1dc5661c5fdc8,True,location-k4-fold2-seed0,2
pg_cnn,CoPx_R,30,SS_vs_persistence,0.479624727411066,1286610,46c1dc5661c5fdc8,True,location-k4-fold2-seed0,2
pg_cnn,CoPx_R,30,SS_vs_seasonal,0.44971642666589084,1286610,46c1dc5661c5fdc8,True,location-k4-fold2-seed0,2
pg_cnn,CoPx_R,30,SS_vs_ar,-0.010770900313238352,1286610,46c1dc5661c5fdc8,True,location-k4-fold2-seed0,2
pg_cnn,CoPx_R,all,MSE,0.11542020175778774,1286610,46c1dc5661c5fdc8,True,location-k4-fold2-seed0,2
pg_cnn,CoPx_R,all,MAE,0.22831250189245542,1286610,46c1dc5661c5fdc8,True,location-k4-fold2-seed0,2
pg_cnn,CoPx_R,all,SS_vs_persistence,0.46305149969020565,1286610,46c1dc5661c5fdc8,True,location-k4-fold2-seed0,2
pg_cnn,CoPx_R,all,SS_vs_seasonal,0.45868844374431006,1286610,46c1dc5661c5fdc8,True,location-k4-fold2-seed0,2
pg_cnn,CoPx_R,all,SS_vs_ar,-0.004363716060374223,1286610,46c1dc5661c5fdc8,True,location-k4-fold2-seed0,2
pg_cnn,CoPy_R,1,MSE,0.06691914868073309,1286610,46c1dc5661c5fdc8,True,location-k4-fold2-seed0,2
pg_cnn,CoPy_R,1,MAE,0.19206268656778092,1286610,46c1dc5661c5fdc8,True,location-k4-fold2-seed0,2
pg_cnn,CoPy_R,1,SS_vs_persistence,0.41127299517565485,1286610,46c1dc5661c5fdc8,True,location-k4-fold2-seed0,2
pg_cnn,CoPy_R,1,SS_vs_seasonal,0.4749546746801364,1286610,46c1dc5661c5fdc8,True,location-k4-fold2-seed0,2
pg_cnn,CoPy_R,1,SS_vs_ar,-0.01483992038578208,1286610,46c1dc5661c5fdc8,True,location-k4-fold2-seed0,2
pg_cnn,CoPy_R,2,MSE,0.06828642879713778,1286610,46c1dc5661c5fdc8,True,location-k4-fold2-seed0,2
pg_cnn,CoPy_R,2,MAE,0.1942182248461105,1286610,46c1dc5661c5fdc8,True,location-k4-fold2-seed0,2
pg_cnn,CoPy_R,2,SS_vs_persistence,0.4783823937210794,1286610,46c1dc5661c5fdc8,True,location-k4-fold2-seed0,2
pg_cnn,CoPy_R,2,SS_vs_seasonal,0.4682844372818433,1286610,46c1dc5661c5fdc8,True,location-k4-fold2-seed0,2
pg_cnn,CoPy_R,2,SS_vs_ar,-0.009522265392842622,1286610,46c1dc5661c5fdc8,True,location-k4-fold2-seed0,2
pg_cnn,CoPy_R,3,MSE,0.06883319641838294,1286610,46c1dc5661c5fdc8,True,location-k4-fold2-seed0,2
pg_cnn,CoPy_R,3,MAE,0.19495909808611137,1286610,46c1dc5661c5fdc8,True,location-k4-fold2-seed0,2
pg_cnn,CoPy_R,3,SS_vs_persistence,0.4817736761353214,1286610,46c1dc5661c5fdc8,True,location-k4-fold2-seed0,2
pg_cnn,CoPy_R,3,SS_vs_seasonal,0.4651462600872057,1286610,46c1dc5661c5fdc8,True,location-k4-fold2-seed0,2
pg_cnn,CoPy_R,3,SS_vs_ar,-0.016621889283723545,1286610,46c1dc5661c5fdc8,True,location-k4-fold2-seed0,2
pg_cnn,CoPy_R,4,MSE,0.06888158915082168,1286610,46c1dc5661c5fdc8,True,location-k4-fold2-seed0,2
pg_cnn,CoPy_R,4,MAE,0.19516650614180958,1286610,46c1dc5661c5fdc8,True,location-k4-fold2-seed0,2
pg_cnn,CoPy_R,4,SS_vs_persistence,0.4564970082864892,1286610,46c1dc5661c5fdc8,True,location-k4-fold2-seed0,2
pg_cnn,CoPy_R,4,SS_vs_seasonal,0.46180945337300217,1286610,46c1dc5661c5fdc8,True,location-k4-fold2-seed0,2
pg_cnn,CoPy_R,4,SS_vs_ar,-0.019143460268012058,1286610,46c1dc5661c5fdc8,True,location-k4-fold2-seed0,2
pg_cnn,CoPy_R,5,MSE,0.06889869064094588,1286610,46c1dc5661c5fdc8,True,location-k4-fold2-seed0,2
pg_cnn,CoPy_R,5,MAE,0.1951493602705975,1286610,46c1dc5661c5fdc8,True,location-k4-fold2-seed0,2
pg_cnn,CoPy_R,5,SS_vs_persistence,0.45706843601144176,1286610,46c1dc5661c5fdc8,True,location-k4-fold2-seed0,2
pg_cnn,CoPy_R,5,SS_vs_seasonal,0.4607011857966412,1286610,46c1dc5661c5fdc8,True,location-k4-fold2-seed0,2
pg_cnn,CoPy_R,5,SS_vs_ar,-0.018537390885793537,1286610,46c1dc5661c5fdc8,True,location-k4-fold2-seed0,2
pg_cnn,CoPy_R,6,MSE,0.06889646094162405,1286610,46c1dc5661c5fdc8,True,location-k4-fold2-seed0,2
pg_cnn,CoPy_R,6,MAE,0.19500945404696152,1286610,46c1dc5661c5fdc8,True,location-k4-fold2-seed0,2
pg_cnn,CoPy_R,6,SS_vs_persistence,0.4610401395374887,1286610,46c1dc5661c5fdc8,True,location-k4-fold2-seed0,2
pg_cnn,CoPy_R,6,SS_vs_seasonal,0.459639581483952,1286610,46c1dc5661c5fdc8,True,location-k4-fold2-seed0,2
pg_cnn,CoPy_R,6,SS_vs_ar,-0.01681022820774869,1286610,46c1dc5661c5fdc8,True,location-k4-fold2-seed0,2
pg_cnn,CoPy_R,7,MSE,0.06896681610147845,1286610,46c1dc5661c5fdc8,True,location-k4-fold2-seed0,2
pg_cnn,CoPy_R,7,MAE,0.19529979098833725,1286610,46c1dc5661c5fdc8,True,location-k4-fold2-seed0,2
pg_cnn,CoPy_R,7,SS_vs_persistence,0.47539994905697325,1286610,46c1dc5661c5fdc8,True,location-k4-fold2-seed0,2
pg_cnn,CoPy_R,7,SS_vs_seasonal,0.4601917446735071,1286610,46c1dc5661c5fdc8,True,location-k4-fold2-seed0,2
pg_cnn,CoPy_R,7,SS_vs_ar,-0.014723864129268405,1286610,46c1dc5661c5fdc8,True,location-k4-fold2-seed0,2
pg_cnn,CoPy_R,8,MSE,0.06909034660153165,1286610,46c1dc5661c5fdc8,True,location-k4-fold2-seed0,2
pg_cnn,CoPy_R,8,MAE,0.19550044384730736,1286610,46c1dc5661c5fdc8,True,location-k4-fold2-seed0,2
pg_cnn,CoPy_R,8,SS_vs_persistence,0.4865518577358715,1286610,46c1dc5661c5fdc8,True,location-k4-fold2-seed0,2
pg_cnn,CoPy_R,8,SS_vs_seasonal,0.45860342033828405,1286610,46c1dc5661c5fdc8,True,location-k4-fold2-seed0,2
pg_cnn,CoPy_R,8,SS_vs_ar,-0.01610638113945062,1286610,46c1dc5661c5fdc8,True,location-k4-fold2-seed0,2
pg_cnn,CoPy_R,9,MSE,0.06881828962056495,1286610,46c1dc5661c5fdc8,True,location-k4-fold2-seed0,2
pg_cnn,CoPy_R,9,MAE,0.19509536187564888,1286610,46c1dc5661c5fdc8,True,location-k4-fold2-seed0,2
pg_cnn,CoPy_R,9,SS_vs_persistence,0.4598141487439049,1286610,46c1dc5661c5fdc8,True,location-k4-fold2-seed0,2
pg_cnn,CoPy_R,9,SS_vs_seasonal,0.45822294335408387,1286610,46c1dc5661c5fdc8,True,location-k4-fold2-seed0,2
pg_cnn,CoPy_R,9,SS_vs_ar,-0.01697132588729322,1286610,46c1dc5661c5fdc8,True,location-k4-fold2-seed0,2
pg_cnn,CoPy_R,10,MSE,0.06891206468281078,1286610,46c1dc5661c5fdc8,True,location-k4-fold2-seed0,2
pg_cnn,CoPy_R,10,MAE,0.19523382665676756,1286610,46c1dc5661c5fdc8,True,location-k4-fold2-seed0,2
pg_cnn,CoPy_R,10,SS_vs_persistence,0.4591348809262611,1286610,46c1dc5661c5fdc8,True,location-k4-fold2-seed0,2
pg_cnn,CoPy_R,10,SS_vs_seasonal,0.4603193700891528,1286610,46c1dc5661c5fdc8,True,location-k4-fold2-seed0,2
pg_cnn,CoPy_R,10,SS_vs_ar,-0.016881155135718418,1286610,46c1dc5661c5fdc8,True,location-k4-fold2-seed0,2
pg_cnn,CoPy_R,11,MSE,0.06903232471322499,1286610,46c1dc5661c5fdc8,True,location-k4-fold2-seed0,2
pg_cnn,CoPy_R,11,MAE,0.19543112434897827,1286610,46c1dc5661c5fdc8,True,location-k4-fold2-seed0,2
pg_cnn,CoPy_R,11,SS_vs_persistence,0.4813274275750443,1286610,46c1dc5661c5fdc8,True,location-k4-fold2-seed0,2
pg_cnn,CoPy_R,11,SS_vs_seasonal,0.4626042472201761,1286610,46c1dc5661c5fdc8,True,location-k4-fold2-seed0,2
pg_cnn,CoPy_R,11,SS_vs_ar,-0.016622957691885043,1286610,46c1dc5661c5fdc8,True,location-k4-fold2-seed0,2
pg_cnn,CoPy_R,12,MSE,0.06895571692502031,1286610,46c1dc5661c5fdc8,True,location-k4-fold2-seed0,2
pg_cnn,CoPy_R,12,MAE,0.1953765101383961,1286610,46c1dc5661c5fdc8,True,location-k4-fold2-seed0,2
pg_cnn,CoPy_R,12,SS_vs_persistence,0.4847833304759279,1286610,46c1dc5661c5fdc8,True,location-k4-fold2-seed0,2
pg_cnn,CoPy_R,12,SS_vs_seasonal,0.4624530808784656,1286610,46c1dc5661c5fdc8,True,location-k4-fold2-seed0,2
pg_cnn,CoPy_R,12,SS_vs_ar,-0.015173431633446421,1286610,46c1dc5661c5fdc8,True,location-k4-fold2-seed0,2
pg_cnn,CoPy_R,13,MSE,0.06870461085763062,1286610,46c1dc5661c5fdc8,True,location-k4-fold2-seed0,2
pg_cnn,CoPy_R,13,MAE,0.19503060921062304,1286610,46c1dc5661c5fdc8,True,location-k4-fold2-seed0,2
pg_cnn,CoPy_R,13,SS_vs_persistence,0.4601755347656432,1286610,46c1dc5661c5fdc8,True,location-k4-fold2-seed0,2
pg_cnn,CoPy_R,13,SS_vs_seasonal,0.46395632822461197,1286610,46c1dc5661c5fdc8,True,location-k4-fold2-seed0,2
pg_cnn,CoPy_R,13,SS_vs_ar,-0.012146263625284703,1286610,46c1dc5661c5fdc8,True,location-k4-fold2-seed0,2
pg_cnn,CoPy_R,14,MSE,0.06873016954582813,1286610,46c1dc5661c5fdc8,True,location-k4-fold2-seed0,2
pg_cnn,CoPy_R,14,MAE,0.19502625501171908,1286610,46c1dc5661c5fdc8,True,location-k4-fold2-seed0,2
pg_cnn,CoPy_R,14,SS_vs_persistence,0.4507108414477218,1286610,46c1dc5661c5fdc8,True,location-k4-fold2-seed0,2
pg_cnn,CoPy_R,14,SS_vs_seasonal,0.4614389400899014,1286610,46c1dc5661c5fdc8,True,location-k4-fold2-seed0,2
pg_cnn,CoPy_R,14,SS_vs_ar,-0.009567918679480814,1286610,46c1dc5661c5fdc8,True,location-k4-fold2-seed0,2
pg_cnn,CoPy_R,15,MSE,0.06897773739065441,1286610,46c1dc5661c5fdc8,True,location-k4-fold2-seed0,2
pg_cnn,CoPy_R,15,MAE,0.19526985724156315,1286610,46c1dc5661c5fdc8,True,location-k4-fold2-seed0,2
pg_cnn,CoPy_R,15,SS_vs_persistence,0.4788216955379476,1286610,46c1dc5661c5fdc8,True,location-k4-fold2-seed0,2
pg_cnn,CoPy_R,15,SS_vs_seasonal,0.46180265970559586,1286610,46c1dc5661c5fdc8,True,location-k4-fold2-seed0,2
pg_cnn,CoPy_R,15,SS_vs_ar,-0.007526630850532179,1286610,46c1dc5661c5fdc8,True,location-k4-fold2-seed0,2
pg_cnn,CoPy_R,16,MSE,0.06913150158032576,1286610,46c1dc5661c5fdc8,True,location-k4-fold2-seed0,2
pg_cnn,CoPy_R,16,MAE,0.19541557544027885,1286610,46c1dc5661c5fdc8,True,location-k4-fold2-seed0,2
pg_cnn,CoPy_R,16,SS_vs_persistence,0.49125187644125556,1286610,46c1dc5661c5fdc8,True,location-k4-fold2-seed0,2
pg_cnn,CoPy_R,16,SS_vs_seasonal,0.46073083685578897,1286610,46c1dc5661c5fdc8,True,location-k4-fold2-seed0,2
pg_cnn,CoPy_R,16,SS_vs_ar,-0.008426418042145833,1286610,46c1dc5661c5fdc8,True,location-k4-fold2-seed0,2
pg_cnn,CoPy_R,17,MSE,0.06906591185915059,1286610,46c1dc5661c5fdc8,True,location-k4-fold2-seed0,2
pg_cnn,CoPy_R,17,MAE,0.19529589918153895,1286610,46c1dc5661c5fdc8,True,location-k4-fold2-seed0,2
pg_cnn,CoPy_R,17,SS_vs_persistence,0.4802398884699125,1286610,46c1dc5661c5fdc8,True,location-k4-fold2-seed0,2
pg_cnn,CoPy_R,17,SS_vs_seasonal,0.46123470803974587,1286610,46c1dc5661c5fdc8,True,location-k4-fold2-seed0,2
pg_cnn,CoPy_R,17,SS_vs_ar,-0.009836320956750022,1286610,46c1dc5661c5fdc8,True,location-k4-fold2-seed0,2
pg_cnn,CoPy_R,18,MSE,0.06898650996875552,1286610,46c1dc5661c5fdc8,True,location-k4-fold2-seed0,2
pg_cnn,CoPy_R,18,MAE,0.19515232083662856,1286610,46c1dc5661c5fdc8,True,location-k4-fold2-seed0,2
pg_cnn,CoPy_R,18,SS_vs_persistence,0.4580122203763517,1286610,46c1dc5661c5fdc8,True,location-k4-fold2-seed0,2
pg_cnn,CoPy_R,18,SS_vs_seasonal,0.45930493811483775,1286610,46c1dc5661c5fdc8,True,location-k4-fold2-seed0,2
pg_cnn,CoPy_R,18,SS_vs_ar,-0.009710966908255125,1286610,46c1dc5661c5fdc8,True,location-k4-fold2-seed0,2
pg_cnn,CoPy_R,19,MSE,0.06907896372715894,1286610,46c1dc5661c5fdc8,True,location-k4-fold2-seed0,2
pg_cnn,CoPy_R,19,MAE,0.19519663377204505,1286610,46c1dc5661c5fdc8,True,location-k4-fold2-seed0,2
pg_cnn,CoPy_R,19,SS_vs_persistence,0.46459953730823367,1286610,46c1dc5661c5fdc8,True,location-k4-fold2-seed0,2
pg_cnn,CoPy_R,19,SS_vs_seasonal,0.47687730614744983,1286610,46c1dc5661c5fdc8,True,location-k4-fold2-seed0,2
pg_cnn,CoPy_R,19,SS_vs_ar,-0.00880701984957799,1286610,46c1dc5661c5fdc8,True,location-k4-fold2-seed0,2
pg_cnn,CoPy_R,20,MSE,0.06937748372820336,1286610,46c1dc5661c5fdc8,True,location-k4-fold2-seed0,2
pg_cnn,CoPy_R,20,MAE,0.19550515558033837,1286610,46c1dc5661c5fdc8,True,location-k4-fold2-seed0,2
pg_cnn,CoPy_R,20,SS_vs_persistence,0.49217442281902535,1286610,46c1dc5661c5fdc8,True,location-k4-fold2-seed0,2
pg_cnn,CoPy_R,20,SS_vs_seasonal,0.47658890466674686,1286610,46c1dc5661c5fdc8,True,location-k4-fold2-seed0,2
pg_cnn,CoPy_R,20,SS_vs_ar,-0.010283894557441275,1286610,46c1dc5661c5fdc8,True,location-k4-fold2-seed0,2
pg_cnn,CoPy_R,21,MSE,0.06942607609360264,1286610,46c1dc5661c5fdc8,True,location-k4-fold2-seed0,2
pg_cnn,CoPy_R,21,MAE,0.1955279595106687,1286610,46c1dc5661c5fdc8,True,location-k4-fold2-seed0,2
pg_cnn,CoPy_R,21,SS_vs_persistence,0.4985502590958798,1286610,46c1dc5661c5fdc8,True,location-k4-fold2-seed0,2
pg_cnn,CoPy_R,21,SS_vs_seasonal,0.4719933238156754,1286610,46c1dc5661c5fdc8,True,location-k4-fold2-seed0,2
pg_cnn,CoPy_R,21,SS_vs_ar,-0.012269867922220401,1286610,46c1dc5661c5fdc8,True,location-k4-fold2-seed0,2
pg_cnn,CoPy_R,22,MSE,0.06914576467389817,1286610,46c1dc5661c5fdc8,True,location-k4-fold2-seed0,2
pg_cnn,CoPy_R,22,MAE,0.19505155737487367,1286610,46c1dc5661c5fdc8,True,location-k4-fold2-seed0,2
pg_cnn,CoPy_R,22,SS_vs_persistence,0.4860813539276667,1286610,46c1dc5661c5fdc8,True,location-k4-fold2-seed0,2
pg_cnn,CoPy_R,22,SS_vs_seasonal,0.4768365828980621,1286610,46c1dc5661c5fdc8,True,location-k4-fold2-seed0,2
pg_cnn,CoPy_R,22,SS_vs_ar,-0.013040596692828643,1286610,46c1dc5661c5fdc8,True,location-k4-fold2-seed0,2
pg_cnn,CoPy_R,23,MSE,0.06900752323346845,1286610,46c1dc5661c5fdc8,True,location-k4-fold2-seed0,2
pg_cnn,CoPy_R,23,MAE,0.19473806108525704,1286610,46c1dc5661c5fdc8,True,location-k4-fold2-seed0,2
pg_cnn,CoPy_R,23,SS_vs_persistence,0.4664489017721225,1286610,46c1dc5661c5fdc8,True,location-k4-fold2-seed0,2
pg_cnn,CoPy_R,23,SS_vs_seasonal,0.47397792586879195,1286610,46c1dc5661c5fdc8,True,location-k4-fold2-seed0,2
pg_cnn,CoPy_R,23,SS_vs_ar,-0.013094241689665553,1286610,46c1dc5661c5fdc8,True,location-k4-fold2-seed0,2
pg_cnn,CoPy_R,24,MSE,0.06903427412036221,1286610,46c1dc5661c5fdc8,True,location-k4-fold2-seed0,2
pg_cnn,CoPy_R,24,MAE,0.19467429881494394,1286610,46c1dc5661c5fdc8,True,location-k4-fold2-seed0,2
pg_cnn,CoPy_R,24,SS_vs_persistence,0.47232705603788105,1286610,46c1dc5661c5fdc8,True,location-k4-fold2-seed0,2
pg_cnn,CoPy_R,24,SS_vs_seasonal,0.47425758189135603,1286610,46c1dc5661c5fdc8,True,location-k4-fold2-seed0,2
pg_cnn,CoPy_R,24,SS_vs_ar,-0.011387003468723123,1286610,46c1dc5661c5fdc8,True,location-k4-fold2-seed0,2
pg_cnn,CoPy_R,25,MSE,0.06886770875715513,1286610,46c1dc5661c5fdc8,True,location-k4-fold2-seed0,2
pg_cnn,CoPy_R,25,MAE,0.19450485555001154,1286610,46c1dc5661c5fdc8,True,location-k4-fold2-seed0,2
pg_cnn,CoPy_R,25,SS_vs_persistence,0.4765814855384517,1286610,46c1dc5661c5fdc8,True,location-k4-fold2-seed0,2
pg_cnn,CoPy_R,25,SS_vs_seasonal,0.4747730167414672,1286610,46c1dc5661c5fdc8,True,location-k4-fold2-seed0,2
pg_cnn,CoPy_R,25,SS_vs_ar,-0.01034028412023602,1286610,46c1dc5661c5fdc8,True,location-k4-fold2-seed0,2
pg_cnn,CoPy_R,26,MSE,0.0687209103769473,1286610,46c1dc5661c5fdc8,True,location-k4-fold2-seed0,2
pg_cnn,CoPy_R,26,MAE,0.1942332647718163,1286610,46c1dc5661c5fdc8,True,location-k4-fold2-seed0,2
pg_cnn,CoPy_R,26,SS_vs_persistence,0.4737899933463193,1286610,46c1dc5661c5fdc8,True,location-k4-fold2-seed0,2
pg_cnn,CoPy_R,26,SS_vs_seasonal,0.47548466964883496,1286610,46c1dc5661c5fdc8,True,location-k4-fold2-seed0,2
pg_cnn,CoPy_R,26,SS_vs_ar,-0.008438268997231102,1286610,46c1dc5661c5fdc8,True,location-k4-fold2-seed0,2
pg_cnn,CoPy_R,27,MSE,0.06866122865964756,1286610,46c1dc5661c5fdc8,True,location-k4-fold2-seed0,2
pg_cnn,CoPy_R,27,MAE,0.19404774852543105,1286610,46c1dc5661c5fdc8,True,location-k4-fold2-seed0,2
pg_cnn,CoPy_R,27,SS_vs_persistence,0.47482884243707235,1286610,46c1dc5661c5fdc8,True,location-k4-fold2-seed0,2
pg_cnn,CoPy_R,27,SS_vs_seasonal,0.4758309796632678,1286610,46c1dc5661c5fdc8,True,location-k4-fold2-seed0,2
pg_cnn,CoPy_R,27,SS_vs_ar,-0.007798818260128293,1286610,46c1dc5661c5fdc8,True,location-k4-fold2-seed0,2
pg_cnn,CoPy_R,28,MSE,0.06876616104092159,1286610,46c1dc5661c5fdc8,True,location-k4-fold2-seed0,2
pg_cnn,CoPy_R,28,MAE,0.19414079638430884,1286610,46c1dc5661c5fdc8,True,location-k4-fold2-seed0,2
pg_cnn,CoPy_R,28,SS_vs_persistence,0.485941224225658,1286610,46c1dc5661c5fdc8,True,location-k4-fold2-seed0,2
pg_cnn,CoPy_R,28,SS_vs_seasonal,0.46505542068407524,1286610,46c1dc5661c5fdc8,True,location-k4-fold2-seed0,2
pg_cnn,CoPy_R,28,SS_vs_ar,-0.0066499359143783465,1286610,46c1dc5661c5fdc8,True,location-k4-fold2-seed0,2
pg_cnn,CoPy_R,29,MSE,0.0688928733670225,1286610,46c1dc5661c5fdc8,True,location-k4-fold2-seed0,2
pg_cnn,CoPy_R,29,MAE,0.19438926104721904,1286610,46c1dc5661c5fdc8,True,location-k4-fold2-seed0,2
pg_cnn,CoPy_R,29,SS_vs_persistence,0.494413655223341,1286610,46c1dc5661c5fdc8,True,location-k4-fold2-seed0,2
pg_cnn,CoPy_R,29,SS_vs_seasonal,0.46434863068410814,1286610,46c1dc5661c5fdc8,True,location-k4-fold2-seed0,2
pg_cnn,CoPy_R,29,SS_vs_ar,-0.008700643618201997,1286610,46c1dc5661c5fdc8,True,location-k4-fold2-seed0,2
pg_cnn,CoPy_R,30,MSE,0.0689195080422491,1286610,46c1dc5661c5fdc8,True,location-k4-fold2-seed0,2
pg_cnn,CoPy_R,30,MAE,0.19434818177443278,1286610,46c1dc5661c5fdc8,True,location-k4-fold2-seed0,2
pg_cnn,CoPy_R,30,SS_vs_persistence,0.48765605132224144,1286610,46c1dc5661c5fdc8,True,location-k4-fold2-seed0,2
pg_cnn,CoPy_R,30,SS_vs_seasonal,0.46526248523719316,1286610,46c1dc5661c5fdc8,True,location-k4-fold2-seed0,2
pg_cnn,CoPy_R,30,SS_vs_ar,-0.00925208188681026,1286610,46c1dc5661c5fdc8,True,location-k4-fold2-seed0,2
pg_cnn,CoPy_R,all,MSE,0.06886619967657752,1286610,46c1dc5661c5fdc8,True,location-k4-fold2-seed0,2
pg_cnn,CoPy_R,all,MAE,0.19486835596427296,1286610,46c1dc5661c5fdc8,True,location-k4-fold2-seed0,2
pg_cnn,CoPy_R,all,SS_vs_persistence,0.473460108739744,1286610,46c1dc5661c5fdc8,True,location-k4-fold2-seed0,2
pg_cnn,CoPy_R,all,SS_vs_seasonal,0.46649853905768524,1286610,46c1dc5661c5fdc8,True,location-k4-fold2-seed0,2
pg_cnn,CoPy_R,all,SS_vs_ar,-0.012293261161645974,1286610,46c1dc5661c5fdc8,True,location-k4-fold2-seed0,2
persistence,F_R,1,MSE,506859.1718829967,1529550,cc289a63a4f23862,True,location-k4-fold3-seed0,3
persistence,F_R,1,MAE,427.1469391416823,1529550,cc289a63a4f23862,True,location-k4-fold3-seed0,3
persistence,F_R,1,SS_vs_persistence,0.0,1529550,cc289a63a4f23862,True,location-k4-fold3-seed0,3
persistence,F_R,1,SS_vs_seasonal,0.36990842186958306,1529550,cc289a63a4f23862,True,location-k4-fold3-seed0,3
persistence,F_R,1,SS_vs_ar,-0.36911136730669103,1529550,cc289a63a4f23862,True,location-k4-fold3-seed0,3
persistence,F_R,2,MSE,572895.6648924924,1529550,cc289a63a4f23862,True,location-k4-fold3-seed0,3
persistence,F_R,2,MAE,468.9032909112361,1529550,cc289a63a4f23862,True,location-k4-fold3-seed0,3
persistence,F_R,2,SS_vs_persistence,0.0,1529550,cc289a63a4f23862,True,location-k4-fold3-seed0,3
persistence,F_R,2,SS_vs_seasonal,0.3029122185962123,1529550,cc289a63a4f23862,True,location-k4-fold3-seed0,3
persistence,F_R,2,SS_vs_ar,-0.3681930968348097,1529550,cc289a63a4f23862,True,location-k4-fold3-seed0,3
persistence,F_R,3,MSE,605355.3170093213,1529550,cc289a63a4f23862,True,location-k4-fold3-seed0,3
persistence,F_R,3,MAE,488.4006785514811,1529550,cc289a63a4f23862,True,location-k4-fold3-seed0,3
persistence,F_R,3,SS_vs_persistence,0.0,1529550,cc289a63a4f23862,True,location-k4-fold3-seed0,3
persistence,F_R,3,SS_vs_seasonal,0.27375631193237004,1529550,cc289a63a4f23862,True,location-k4-fold3-seed0,3
persistence,F_R,3,SS_vs_ar,-0.3471793332743798,1529550,cc289a63a4f23862,True,location-k4-fold3-seed0,3
persistence,F_R,4,MSE,619099.5048014243,1529550,cc289a63a4f23862,True,location-k4-fold3-seed0,3
persistence,F_R,4,MAE,496.2382496939204,1529550,cc289a63a4f23862,True,location-k4-fold3-seed0,3
persistence,F_R,4,SS_vs_persistence,0.0,1529550,cc289a63a4f23862,True,location-k4-fold3-seed0,3
persistence,F_R,4,SS_vs_seasonal,0.2613675291819607,1529550,cc289a63a4f23862,True,location-k4-fold3-seed0,3
persistence,F_R,4,SS_vs_ar,-0.3005660751495052,1529550,cc289a63a4f23862,True,location-k4-fold3-seed0,3
persistence,F_R,5,MSE,648785.6112354279,1529550,cc289a63a4f23862,True,location-k4-fold3-seed0,3
persistence,F_R,5,MAE,513.4772020684699,1529550,cc289a63a4f23862,True,location-k4-fold3-seed0,3
persistence,F_R,5,SS_vs_persistence,0.0,1529550,cc289a63a4f23862,True,location-k4-fold3-seed0,3
persistence,F_R,5,SS_vs_seasonal,0.23356918696804485,1529550,cc289a63a4f23862,True,location-k4-fold3-seed0,3
persistence,F_R,5,SS_vs_ar,-0.28488100233560276,1529550,cc289a63a4f23862,True,location-k4-fold3-seed0,3
persistence,F_R,6,MSE,650790.7749800603,1529550,cc289a63a4f23862,True,location-k4-fold3-seed0,3
persistence,F_R,6,MAE,510.39243165977894,1529550,cc289a63a4f23862,True,location-k4-fold3-seed0,3
persistence,F_R,6,SS_vs_persistence,0.0,1529550,cc289a63a4f23862,True,location-k4-fold3-seed0,3
persistence,F_R,6,SS_vs_seasonal,0.234281539926101,1529550,cc289a63a4f23862,True,location-k4-fold3-seed0,3
persistence,F_R,6,SS_vs_ar,-0.23894972398737102,1529550,cc289a63a4f23862,True,location-k4-fold3-seed0,3
persistence,F_R,7,MSE,680945.64533609,1529550,cc289a63a4f23862,True,location-k4-fold3-seed0,3
persistence,F_R,7,MAE,523.7967492353756,1529550,cc289a63a4f23862,True,location-k4-fold3-seed0,3
persistence,F_R,7,SS_vs_persistence,0.0,1529550,cc289a63a4f23862,True,location-k4-fold3-seed0,3
persistence,F_R,7,SS_vs_seasonal,0.20711260140453258,1529550,cc289a63a4f23862,True,location-k4-fold3-seed0,3
persistence,F_R,7,SS_vs_ar,-0.23656847390025937,1529550,cc289a63a4f23862,True,location-k4-fold3-seed0,3
persistence,F_R,8,MSE,687964.4009626999,1529550,cc289a63a4f23862,True,location-k4-fold3-seed0,3
persistence,F_R,8,MAE,525.9552734901732,1529550,cc289a63a4f23862,True,location-k4-fold3-seed0,3
persistence,F_R,8,SS_vs_persistence,0.0,1529550,cc289a63a4f23862,True,location-k4-fold3-seed0,3
persistence,F_R,8,SS_vs_seasonal,0.20415150447874864,1529550,cc289a63a4f23862,True,location-k4-fold3-seed0,3
persistence,F_R,8,SS_vs_ar,-0.20237310590281488,1529550,cc289a63a4f23862,True,location-k4-fold3-seed0,3
persistence,F_R,9,MSE,697547.4252095156,1529550,cc289a63a4f23862,True,location-k4-fold3-seed0,3
persistence,F_R,9,MAE,532.8476407018072,1529550,cc289a63a4f23862,True,location-k4-fold3-seed0,3
persistence,F_R,9,SS_vs_persistence,0.0,1529550,cc289a63a4f23862,True,location-k4-fold3-seed0,3
persistence,F_R,9,SS_vs_seasonal,0.1959129818439833,1529550,cc289a63a4f23862,True,location-k4-fold3-seed0,3
persistence,F_R,9,SS_vs_ar,-0.17781781270446206,1529550,cc289a63a4f23862,True,location-k4-fold3-seed0,3
persistence,F_R,10,MSE,696608.8464283322,1529550,cc289a63a4f23862,True,location-k4-fold3-seed0,3
persistence,F_R,10,MAE,529.329225665522,1529550,cc289a63a4f23862,True,location-k4-fold3-seed0,3
persistence,F_R,10,SS_vs_persistence,0.0,1529550,cc289a63a4f23862,True,location-k4-fold3-seed0,3
persistence,F_R,10,SS_vs_seasonal,0.19881658909762756,1529550,cc289a63a4f23862,True,location-k4-fold3-seed0,3
persistence,F_R,10,SS_vs_ar,-0.13952021249935287,1529550,cc289a63a4f23862,True,location-k4-fold3-seed0,3
persistence,F_R,11,MSE,719049.4629310621,1529550,cc289a63a4f23862,True,location-k4-fold3-seed0,3
persistence,F_R,11,MAE,544.6972859281528,1529550,cc289a63a4f23862,True,location-k4-fold3-seed0,3
persistence,F_R,11,SS_vs_persistence,0.0,1529550,cc289a63a4f23862,True,location-k4-fold3-seed0,3
persistence,F_R,11,SS_vs_seasonal,0.18581259669201877,1529550,cc289a63a4f23862,True,location-k4-fold3-seed0,3
persistence,F_R,11,SS_vs_ar,-0.1268935120567778,1529550,cc289a63a4f23862,True,location-k4-fold3-seed0,3
persistence,F_R,12,MSE,736035.3224660472,1529550,cc289a63a4f23862,True,location-k4-fold3-seed0,3
persistence,F_R,12,MAE,552.0513406114391,1529550,cc289a63a4f23862,True,location-k4-fold3-seed0,3
persistence,F_R,12,SS_vs_persistence,0.0,1529550,cc289a63a4f23862,True,location-k4-fold3-seed0,3
persistence,F_R,12,SS_vs_seasonal,0.17184844984313363,1529550,cc289a63a4f23862,True,location-k4-fold3-seed0,3
persistence,F_R,12,SS_vs_ar,-0.11660721237847715,1529550,cc289a63a4f23862,True,location-k4-fold3-seed0,3
persistence,F_R,13,MSE,749450.1820404826,1529550,cc289a63a4f23862,True,location-k4-fold3-seed0,3
persistence,F_R,13,MAE,556.4306793856342,1529550,cc289a63a4f23862,True,location-k4-fold3-seed0,3
persistence,F_R,13,SS_vs_persistence,0.0,1529550,cc289a63a4f23862,True,location-k4-fold3-seed0,3
persistence,F_R,13,SS_vs_seasonal,0.16039682038280245,1529550,cc289a63a4f23862,True,location-k4-fold3-seed0,3
persistence,F_R,13,SS_vs_ar,-0.1133458637163991,1529550,cc289a63a4f23862,True,location-k4-fold3-seed0,3
persistence,F_R,14,MSE,747881.6072558817,1529550,cc289a63a4f23862,True,location-k4-fold3-seed0,3
persistence,F_R,14,MAE,553.687835974084,1529550,cc289a63a4f23862,True,location-k4-fold3-seed0,3
persistence,F_R,14,SS_vs_persistence,0.0,1529550,cc289a63a4f23862,True,location-k4-fold3-seed0,3
persistence,F_R,14,SS_vs_seasonal,0.16466829084194345,1529550,cc289a63a4f23862,True,location-k4-fold3-seed0,3
persistence,F_R,14,SS_vs_ar,-0.0904560637927998,1529550,cc289a63a4f23862,True,location-k4-fold3-seed0,3
persistence,F_R,15,MSE,756219.7885593312,1529550,cc289a63a4f23862,True,location-k4-fold3-seed0,3
persistence,F_R,15,MAE,560.7745496866036,1529550,cc289a63a4f23862,True,location-k4-fold3-seed0,3
persistence,F_R,15,SS_vs_persistence,0.0,1529550,cc289a63a4f23862,True,location-k4-fold3-seed0,3
persistence,F_R,15,SS_vs_seasonal,0.161261572080582,1529550,cc289a63a4f23862,True,location-k4-fold3-seed0,3
persistence,F_R,15,SS_vs_ar,-0.07169398821838024,1529550,cc289a63a4f23862,True,location-k4-fold3-seed0,3
persistence,F_R,16,MSE,797547.7317623873,1529550,cc289a63a4f23862,True,location-k4-fold3-seed0,3
persistence,F_R,16,MAE,575.2049321482039,1529550,cc289a63a4f23862,True,location-k4-fold3-seed0,3
persistence,F_R,16,SS_vs_persistence,0.0,1529550,cc289a63a4f23862,True,location-k4-fold3-seed0,3
persistence,F_R,16,SS_vs_seasonal,0.13994241015140385,1529550,cc289a63a4f23862,True,location-k4-fold3-seed0,3
persistence,F_R,16,SS_vs_ar,-0.07342715789876153,1529550,cc289a63a4f23862,True,location-k4-fold3-seed0,3
persistence,F_R,17,MSE,815910.7178427181,1529550,cc289a63a4f23862,True,location-k4-fold3-seed0,3
persistence,F_R,17,MAE,578.3705046233727,1529550,cc289a63a4f23862,True,location-k4-fold3-seed0,3
persistence,F_R,17,SS_vs_persistence,0.0,1529550,cc289a63a4f23862,True,location-k4-fold3-seed0,3
persistence,F_R,17,SS_vs_seasonal,0.1295604010356355,1529550,cc289a63a4f23862,True,location-k4-fold3-seed0,3
persistence,F_R,17,SS_vs_ar,-0.06781873737871091,1529550,cc289a63a4f23862,True,location-k4-fold3-seed0,3
persistence,F_R,18,MSE,825578.625126207,1529550,cc289a63a4f23862,True,location-k4-fold3-seed0,3
persistence,F_R,18,MAE,582.3390213478076,1529550,cc289a63a4f23862,True,location-k4-fold3-seed0,3
persistence,F_R,18,SS_vs_persistence,0.0,1529550,cc289a63a4f23862,True,location-k4-fold3-seed0,3
persistence,F_R,18,SS_vs_seasonal,0.12204170850336249,1529550,cc289a63a4f23862,True,location-k4-fold3-seed0,3
persistence,F_R,18,SS_vs_ar,-0.04790141625468003,1529550,cc289a63a4f23862,True,location-k4-fold3-seed0,3
persistence,F_R,19,MSE,841738.1560501043,1529550,cc289a63a4f23862,True,location-k4-fold3-seed0,3
persistence,F_R,19,MAE,591.3443934662922,1529550,cc289a63a4f23862,True,location-k4-fold3-seed0,3
persistence,F_R,19,SS_vs_persistence,0.0,1529550,cc289a63a4f23862,True,location-k4-fold3-seed0,3
persistence,F_R,19,SS_vs_seasonal,0.10975490774999352,1529550,cc289a63a4f23862,True,location-k4-fold3-seed0,3
persistence,F_R,19,SS_vs_ar,-0.037019701359718216,1529550,cc289a63a4f23862,True,location-k4-fold3-seed0,3
persistence,F_R,20,MSE,855249.7816459275,1529550,cc289a63a4f23862,True,location-k4-fold3-seed0,3
persistence,F_R,20,MAE,595.7664421109226,1529550,cc289a63a4f23862,True,location-k4-fold3-seed0,3
persistence,F_R,20,SS_vs_persistence,0.0,1529550,cc289a63a4f23862,True,location-k4-fold3-seed0,3
persistence,F_R,20,SS_vs_seasonal,0.09520935174803924,1529550,cc289a63a4f23862,True,location-k4-fold3-seed0,3
persistence,F_R,20,SS_vs_ar,-0.02690694334005439,1529550,cc289a63a4f23862,True,location-k4-fold3-seed0,3
persistence,F_R,21,MSE,858741.268131435,1529550,cc289a63a4f23862,True,location-k4-fold3-seed0,3
persistence,F_R,21,MAE,596.4841940673037,1529550,cc289a63a4f23862,True,location-k4-fold3-seed0,3
persistence,F_R,21,SS_vs_persistence,0.0,1529550,cc289a63a4f23862,True,location-k4-fold3-seed0,3
persistence,F_R,21,SS_vs_seasonal,0.09639380068492254,1529550,cc289a63a4f23862,True,location-k4-fold3-seed0,3
persistence,F_R,21,SS_vs_ar,-0.01242564284090264,1529550,cc289a63a4f23862,True,location-k4-fold3-seed0,3
persistence,F_R,22,MSE,874286.840690103,1529550,cc289a63a4f23862,True,location-k4-fold3-seed0,3
persistence,F_R,22,MAE,600.9043971936446,1529550,cc289a63a4f23862,True,location-k4-fold3-seed0,3
persistence,F_R,22,SS_vs_persistence,0.0,1529550,cc289a63a4f23862,True,location-k4-fold3-seed0,3
persistence,F_R,22,SS_vs_seasonal,0.08103943787695744,1529550,cc289a63a4f23862,True,location-k4-fold3-seed0,3
persistence,F_R,22,SS_vs_ar,-0.007338961877166872,1529550,cc289a63a4f23862,True,location-k4-fold3-seed0,3
persistence,F_R,23,MSE,892176.7570585428,1529550,cc289a63a4f23862,True,location-k4-fold3-seed0,3
persistence,F_R,23,MAE,608.929106226479,1529550,cc289a63a4f23862,True,location-k4-fold3-seed0,3
persistence,F_R,23,SS_vs_persistence,0.0,1529550,cc289a63a4f23862,True,location-k4-fold3-seed0,3
persistence,F_R,23,SS_vs_seasonal,0.07099862177592697,1529550,cc289a63a4f23862,True,location-k4-fold3-seed0,3
persistence,F_R,23,SS_vs_ar,-0.006639275189066041,1529550,cc289a63a4f23862,True,location-k4-fold3-seed0,3
persistence,F_R,24,MSE,897209.1226814287,1529550,cc289a63a4f23862,True,location-k4-fold3-seed0,3
persistence,F_R,24,MAE,609.667807114876,1529550,cc289a63a4f23862,True,location-k4-fold3-seed0,3
persistence,F_R,24,SS_vs_persistence,0.0,1529550,cc289a63a4f23862,True,location-k4-fold3-seed0,3
persistence,F_R,24,SS_vs_seasonal,0.06723910041655345,1529550,cc289a63a4f23862,True,location-k4-fold3-seed0,3
persistence,F_R,24,SS_vs_ar,0.000680505544868315,1529550,cc289a63a4f23862,True,location-k4-fold3-seed0,3
persistence,F_R,25,MSE,907977.3646561325,1529550,cc289a63a4f23862,True,location-k4-fold3-seed0,3
persistence,F_R,25,MAE,613.592149388492,1529550,cc289a63a4f23862,True,location-k4-fold3-seed0,3
persistence,F_R,25,SS_vs_persistence,0.0,1529550,cc289a63a4f23862,True,location-k4-fold3-seed0,3
persistence,F_R,25,SS_vs_seasonal,0.05834607714439011,1529550,cc289a63a4f23862,True,location-k4-fold3-seed0,3
persistence,F_R,25,SS_vs_ar,0.0039092006815640845,1529550,cc289a63a4f23862,True,location-k4-fold3-seed0,3
persistence,F_R,26,MSE,925063.6743029966,1529550,cc289a63a4f23862,True,location-k4-fold3-seed0,3
persistence,F_R,26,MAE,622.7710850301789,1529550,cc289a63a4f23862,True,location-k4-fold3-seed0,3
persistence,F_R,26,SS_vs_persistence,0.0,1529550,cc289a63a4f23862,True,location-k4-fold3-seed0,3
persistence,F_R,26,SS_vs_seasonal,0.03988009445692131,1529550,cc289a63a4f23862,True,location-k4-fold3-seed0,3
persistence,F_R,26,SS_vs_ar,0.0046966024455800115,1529550,cc289a63a4f23862,True,location-k4-fold3-seed0,3
persistence,F_R,27,MSE,950329.6762148091,1529550,cc289a63a4f23862,True,location-k4-fold3-seed0,3
persistence,F_R,27,MAE,632.3767875489574,1529550,cc289a63a4f23862,True,location-k4-fold3-seed0,3
persistence,F_R,27,SS_vs_persistence,0.0,1529550,cc289a63a4f23862,True,location-k4-fold3-seed0,3
persistence,F_R,27,SS_vs_seasonal,0.01797749412668115,1529550,cc289a63a4f23862,True,location-k4-fold3-seed0,3
persistence,F_R,27,SS_vs_ar,-0.008576949778867027,1529550,cc289a63a4f23862,True,location-k4-fold3-seed0,3
persistence,F_R,28,MSE,951622.6911745978,1529550,cc289a63a4f23862,True,location-k4-fold3-seed0,3
persistence,F_R,28,MAE,631.7304024295596,1529550,cc289a63a4f23862,True,location-k4-fold3-seed0,3
persistence,F_R,28,SS_vs_persistence,0.0,1529550,cc289a63a4f23862,True,location-k4-fold3-seed0,3
persistence,F_R,28,SS_vs_seasonal,0.018174145025941946,1529550,cc289a63a4f23862,True,location-k4-fold3-seed0,3
persistence,F_R,28,SS_vs_ar,0.0018542219132710036,1529550,cc289a63a4f23862,True,location-k4-fold3-seed0,3
persistence,F_R,29,MSE,963169.8902083646,1529550,cc289a63a4f23862,True,location-k4-fold3-seed0,3
persistence,F_R,29,MAE,636.4685812875034,1529550,cc289a63a4f23862,True,location-k4-fold3-seed0,3
persistence,F_R,29,SS_vs_persistence,0.0,1529550,cc289a63a4f23862,True,location-k4-fold3-seed0,3
persistence,F_R,29,SS_vs_seasonal,0.005893841503287756,1529550,cc289a63a4f23862,True,location-k4-fold3-seed0,3
persistence,F_R,29,SS_vs_ar,0.00459093014980172,1529550,cc289a63a4f23862,True,location-k4-fold3-seed0,3
persistence,F_R,30,MSE,957045.2712736105,1529550,cc289a63a4f23862,True,location-k4-fold3-seed0,3
persistence,F_R,30,MAE,635.7309579219071,1529550,cc289a63a4f23862,True,location-k4-fold3-seed0,3
persistence,F_R,30,SS_vs_persistence,0.0,1529550,cc289a63a4f23862,True,location-k4-fold3-seed0,3
persistence,F_R,30,SS_vs_seasonal,0.01032639476065944,1529550,cc289a63a4f23862,True,location-k4-fold3-seed0,3
persistence,F_R,30,SS_vs_ar,0.02390857488849296,1529550,cc289a63a4f23862,True,location-k4-fold3-seed0,3
persistence,F_R,all,MSE,779637.8764960174,1529550,cc289a63a4f23862,True,location-k4-fold3-seed0,3
persistence,F_R,all,MAE,563.1936711536954,1529550,cc289a63a4f23862,True,location-k4-fold3-seed0,3
persistence,F_R,all,SS_vs_persistence,0.0,1529550,cc289a63a4f23862,True,location-k4-fold3-seed0,3
persistence,F_R,all,SS_vs_seasonal,0.14125599311596493,1529550,cc289a63a4f23862,True,location-k4-fold3-seed0,3
persistence,F_R,all,SS_vs_ar,-0.08498064658955728,1529550,cc289a63a4f23862,True,location-k4-fold3-seed0,3
persistence,CoPx_R,1,MSE,0.044526934173003116,1445553,cc289a63a4f23862,True,location-k4-fold3-seed0,3
persistence,CoPx_R,1,MAE,0.0878631945152933,1445553,cc289a63a4f23862,True,location-k4-fold3-seed0,3
persistence,CoPx_R,1,SS_vs_persistence,2.245825747593244e-11,1445553,cc289a63a4f23862,True,location-k4-fold3-seed0,3
persistence,CoPx_R,1,SS_vs_seasonal,0.07176213407680199,1445553,cc289a63a4f23862,True,location-k4-fold3-seed0,3
persistence,CoPx_R,1,SS_vs_ar,-1.2413313843704374,1445553,cc289a63a4f23862,True,location-k4-fold3-seed0,3
persistence,CoPx_R,2,MSE,0.05077815309137707,1445553,cc289a63a4f23862,True,location-k4-fold3-seed0,3
persistence,CoPx_R,2,MAE,0.09638748213910897,1445553,cc289a63a4f23862,True,location-k4-fold3-seed0,3
persistence,CoPx_R,2,SS_vs_persistence,1.9693469077708414e-11,1445553,cc289a63a4f23862,True,location-k4-fold3-seed0,3
persistence,CoPx_R,2,SS_vs_seasonal,-0.021147497535521254,1445553,cc289a63a4f23862,True,location-k4-fold3-seed0,3
persistence,CoPx_R,2,SS_vs_ar,-1.5331056282147921,1445553,cc289a63a4f23862,True,location-k4-fold3-seed0,3
persistence,CoPx_R,3,MSE,0.047760164557810666,1445553,cc289a63a4f23862,True,location-k4-fold3-seed0,3
persistence,CoPx_R,3,MAE,0.0956852161612696,1445553,cc289a63a4f23862,True,location-k4-fold3-seed0,3
persistence,CoPx_R,3,SS_vs_persistence,2.0937918066010752e-11,1445553,cc289a63a4f23862,True,location-k4-fold3-seed0,3
persistence,CoPx_R,3,SS_vs_seasonal,0.014889210349300463,1445553,cc289a63a4f23862,True,location-k4-fold3-seed0,3
persistence,CoPx_R,3,SS_vs_ar,-1.3874433861718662,1445553,cc289a63a4f23862,True,location-k4-fold3-seed0,3
persistence,CoPx_R,4,MSE,0.05019879833819835,1445553,cc289a63a4f23862,True,location-k4-fold3-seed0,3
persistence,CoPx_R,4,MAE,0.096925903808701,1445553,cc289a63a4f23862,True,location-k4-fold3-seed0,3
persistence,CoPx_R,4,SS_vs_persistence,1.9920731730849184e-11,1445553,cc289a63a4f23862,True,location-k4-fold3-seed0,3
persistence,CoPx_R,4,SS_vs_seasonal,-0.021546551806974845,1445553,cc289a63a4f23862,True,location-k4-fold3-seed0,3
persistence,CoPx_R,4,SS_vs_ar,-1.4941306247231978,1445553,cc289a63a4f23862,True,location-k4-fold3-seed0,3
persistence,CoPx_R,5,MSE,0.052768091356657006,1445553,cc289a63a4f23862,True,location-k4-fold3-seed0,3
persistence,CoPx_R,5,MAE,0.09979446836785578,1445553,cc289a63a4f23862,True,location-k4-fold3-seed0,3
persistence,CoPx_R,5,SS_vs_persistence,1.8950840896536647e-11,1445553,cc289a63a4f23862,True,location-k4-fold3-seed0,3
persistence,CoPx_R,5,SS_vs_seasonal,-0.05834068767206535,1445553,cc289a63a4f23862,True,location-k4-fold3-seed0,3
persistence,CoPx_R,5,SS_vs_ar,-1.6259089148284183,1445553,cc289a63a4f23862,True,location-k4-fold3-seed0,3
persistence,CoPx_R,6,MSE,0.05096849329799404,1445553,cc289a63a4f23862,True,location-k4-fold3-seed0,3
persistence,CoPx_R,6,MAE,0.09810133676730191,1445553,cc289a63a4f23862,True,location-k4-fold3-seed0,3
persistence,CoPx_R,6,SS_vs_persistence,1.961997231347823e-11,1445553,cc289a63a4f23862,True,location-k4-fold3-seed0,3
persistence,CoPx_R,6,SS_vs_seasonal,-0.03490780221883272,1445553,cc289a63a4f23862,True,location-k4-fold3-seed0,3
persistence,CoPx_R,6,SS_vs_ar,-1.5268176494417522,1445553,cc289a63a4f23862,True,location-k4-fold3-seed0,3
persistence,CoPx_R,7,MSE,0.050707433264384115,1445553,cc289a63a4f23862,True,location-k4-fold3-seed0,3
persistence,CoPx_R,7,MAE,0.10091331581030608,1445553,cc289a63a4f23862,True,location-k4-fold3-seed0,3
persistence,CoPx_R,7,SS_vs_persistence,1.9721002608719118e-11,1445553,cc289a63a4f23862,True,location-k4-fold3-seed0,3
persistence,CoPx_R,7,SS_vs_seasonal,-0.0380972023688253,1445553,cc289a63a4f23862,True,location-k4-fold3-seed0,3
persistence,CoPx_R,7,SS_vs_ar,-1.5107022172405014,1445553,cc289a63a4f23862,True,location-k4-fold3-seed0,3
persistence,CoPx_R,8,MSE,0.05213118742045637,1445553,cc289a63a4f23862,True,location-k4-fold3-seed0,3
persistence,CoPx_R,8,MAE,0.10148597074388639,1445553,cc289a63a4f23862,True,location-k4-fold3-seed0,3
persistence,CoPx_R,8,SS_vs_persistence,1.9182322397170992e-11,1445553,cc289a63a4f23862,True,location-k4-fold3-seed0,3
persistence,CoPx_R,8,SS_vs_seasonal,-0.05819413962628994,1445553,cc289a63a4f23862,True,location-k4-fold3-seed0,3
persistence,CoPx_R,8,SS_vs_ar,-1.5789258673842044,1445553,cc289a63a4f23862,True,location-k4-fold3-seed0,3
persistence,CoPx_R,9,MSE,0.0524277570125183,1445553,cc289a63a4f23862,True,location-k4-fold3-seed0,3
persistence,CoPx_R,9,MAE,0.10240189764997383,1445553,cc289a63a4f23862,True,location-k4-fold3-seed0,3
persistence,CoPx_R,9,SS_vs_persistence,1.9073853607665114e-11,1445553,cc289a63a4f23862,True,location-k4-fold3-seed0,3
persistence,CoPx_R,9,SS_vs_seasonal,-0.07272365200321396,1445553,cc289a63a4f23862,True,location-k4-fold3-seed0,3
persistence,CoPx_R,9,SS_vs_ar,-1.608181984724458,1445553,cc289a63a4f23862,True,location-k4-fold3-seed0,3
persistence,CoPx_R,10,MSE,0.05139635511759803,1445553,cc289a63a4f23862,True,location-k4-fold3-seed0,3
persistence,CoPx_R,10,MAE,0.10056855980691103,1445553,cc289a63a4f23862,True,location-k4-fold3-seed0,3
persistence,CoPx_R,10,SS_vs_persistence,1.9456658506555868e-11,1445553,cc289a63a4f23862,True,location-k4-fold3-seed0,3
persistence,CoPx_R,10,SS_vs_seasonal,-0.056509769211740446,1445553,cc289a63a4f23862,True,location-k4-fold3-seed0,3
persistence,CoPx_R,10,SS_vs_ar,-1.5671039833149276,1445553,cc289a63a4f23862,True,location-k4-fold3-seed0,3
persistence,CoPx_R,11,MSE,0.05274028794627692,1445553,cc289a63a4f23862,True,location-k4-fold3-seed0,3
persistence,CoPx_R,11,MAE,0.10198327672263388,1445553,cc289a63a4f23862,True,location-k4-fold3-seed0,3
persistence,CoPx_R,11,SS_vs_persistence,1.8960832903758273e-11,1445553,cc289a63a4f23862,True,location-k4-fold3-seed0,3
persistence,CoPx_R,11,SS_vs_seasonal,-0.07004602584104758,1445553,cc289a63a4f23862,True,location-k4-fold3-seed0,3
persistence,CoPx_R,11,SS_vs_ar,-1.6293791944491192,1445553,cc289a63a4f23862,True,location-k4-fold3-seed0,3
persistence,CoPx_R,12,MSE,0.05511889384348241,1445553,cc289a63a4f23862,True,location-k4-fold3-seed0,3
persistence,CoPx_R,12,MAE,0.10518228415692576,1445553,cc289a63a4f23862,True,location-k4-fold3-seed0,3
persistence,CoPx_R,12,SS_vs_persistence,1.8142598534609533e-11,1445553,cc289a63a4f23862,True,location-k4-fold3-seed0,3
persistence,CoPx_R,12,SS_vs_seasonal,-0.11101484410166895,1445553,cc289a63a4f23862,True,location-k4-fold3-seed0,3
persistence,CoPx_R,12,SS_vs_ar,-1.751180995200151,1445553,cc289a63a4f23862,True,location-k4-fold3-seed0,3
persistence,CoPx_R,13,MSE,0.05638690144681532,1445553,cc289a63a4f23862,True,location-k4-fold3-seed0,3
persistence,CoPx_R,13,MAE,0.10678393468659644,1445553,cc289a63a4f23862,True,location-k4-fold3-seed0,3
persistence,CoPx_R,13,SS_vs_persistence,1.7734591573059788e-11,1445553,cc289a63a4f23862,True,location-k4-fold3-seed0,3
persistence,CoPx_R,13,SS_vs_seasonal,-0.12291044485374214,1445553,cc289a63a4f23862,True,location-k4-fold3-seed0,3
persistence,CoPx_R,13,SS_vs_ar,-1.8111533733029126,1445553,cc289a63a4f23862,True,location-k4-fold3-seed0,3
persistence,CoPx_R,14,MSE,0.05239414875363277,1445553,cc289a63a4f23862,True,location-k4-fold3-seed0,3
persistence,CoPx_R,14,MAE,0.10353487258189155,1445553,cc289a63a4f23862,True,location-k4-fold3-seed0,3
persistence,CoPx_R,14,SS_vs_persistence,1.908606606093599e-11,1445553,cc289a63a4f23862,True,location-k4-fold3-seed0,3
persistence,CoPx_R,14,SS_vs_seasonal,-0.05664724957484202,1445553,cc289a63a4f23862,True,location-k4-fold3-seed0,3
persistence,CoPx_R,14,SS_vs_ar,-1.6145693398302083,1445553,cc289a63a4f23862,True,location-k4-fold3-seed0,3
persistence,CoPx_R,15,MSE,0.05333578470234898,1445553,cc289a63a4f23862,True,location-k4-fold3-seed0,3
persistence,CoPx_R,15,MAE,0.10413464239091175,1445553,cc289a63a4f23862,True,location-k4-fold3-seed0,3
persistence,CoPx_R,15,SS_vs_persistence,1.8749113372962256e-11,1445553,cc289a63a4f23862,True,location-k4-fold3-seed0,3
persistence,CoPx_R,15,SS_vs_seasonal,-0.061509130697428915,1445553,cc289a63a4f23862,True,location-k4-fold3-seed0,3
persistence,CoPx_R,15,SS_vs_ar,-1.6516761855170756,1445553,cc289a63a4f23862,True,location-k4-fold3-seed0,3
persistence,CoPx_R,16,MSE,0.05538814719576707,1445553,cc289a63a4f23862,True,location-k4-fold3-seed0,3
persistence,CoPx_R,16,MAE,0.10547032384143476,1445553,cc289a63a4f23862,True,location-k4-fold3-seed0,3
persistence,CoPx_R,16,SS_vs_persistence,1.8054335804151833e-11,1445553,cc289a63a4f23862,True,location-k4-fold3-seed0,3
persistence,CoPx_R,16,SS_vs_seasonal,-0.09650099022136915,1445553,cc289a63a4f23862,True,location-k4-fold3-seed0,3
persistence,CoPx_R,16,SS_vs_ar,-1.7529689042575916,1445553,cc289a63a4f23862,True,location-k4-fold3-seed0,3
persistence,CoPx_R,17,MSE,0.05254629897455397,1445553,cc289a63a4f23862,True,location-k4-fold3-seed0,3
persistence,CoPx_R,17,MAE,0.10420880431750122,1445553,cc289a63a4f23862,True,location-k4-fold3-seed0,3
persistence,CoPx_R,17,SS_vs_persistence,1.9030776954309658e-11,1445553,cc289a63a4f23862,True,location-k4-fold3-seed0,3
persistence,CoPx_R,17,SS_vs_seasonal,-0.06724452738932607,1445553,cc289a63a4f23862,True,location-k4-fold3-seed0,3
persistence,CoPx_R,17,SS_vs_ar,-1.620208477090078,1445553,cc289a63a4f23862,True,location-k4-fold3-seed0,3
persistence,CoPx_R,18,MSE,0.05309385656486269,1445553,cc289a63a4f23862,True,location-k4-fold3-seed0,3
persistence,CoPx_R,18,MAE,0.10634888427336324,1445553,cc289a63a4f23862,True,location-k4-fold3-seed0,3
persistence,CoPx_R,18,SS_vs_persistence,1.8834600545858393e-11,1445553,cc289a63a4f23862,True,location-k4-fold3-seed0,3
persistence,CoPx_R,18,SS_vs_seasonal,-0.06309085480027266,1445553,cc289a63a4f23862,True,location-k4-fold3-seed0,3
persistence,CoPx_R,18,SS_vs_ar,-1.6560659426894224,1445553,cc289a63a4f23862,True,location-k4-fold3-seed0,3
persistence,CoPx_R,19,MSE,0.05528439803669192,1445553,cc289a63a4f23862,True,location-k4-fold3-seed0,3
persistence,CoPx_R,19,MAE,0.10823517685919117,1445553,cc289a63a4f23862,True,location-k4-fold3-seed0,3
persistence,CoPx_R,19,SS_vs_persistence,1.8088308628705363e-11,1445553,cc289a63a4f23862,True,location-k4-fold3-seed0,3
persistence,CoPx_R,19,SS_vs_seasonal,-0.09638766940452803,1445553,cc289a63a4f23862,True,location-k4-fold3-seed0,3
persistence,CoPx_R,19,SS_vs_ar,-1.766564572238666,1445553,cc289a63a4f23862,True,location-k4-fold3-seed0,3
persistence,CoPx_R,20,MSE,0.05564232948893608,1445553,cc289a63a4f23862,True,location-k4-fold3-seed0,3
persistence,CoPx_R,20,MAE,0.10734366205150696,1445553,cc289a63a4f23862,True,location-k4-fold3-seed0,3
persistence,CoPx_R,20,SS_vs_persistence,1.7971957255724647e-11,1445553,cc289a63a4f23862,True,location-k4-fold3-seed0,3
persistence,CoPx_R,20,SS_vs_seasonal,-0.11211932014437953,1445553,cc289a63a4f23862,True,location-k4-fold3-seed0,3
persistence,CoPx_R,20,SS_vs_ar,-1.7924317549093423,1445553,cc289a63a4f23862,True,location-k4-fold3-seed0,3
persistence,CoPx_R,21,MSE,0.0538423975370522,1445553,cc289a63a4f23862,True,location-k4-fold3-seed0,3
persistence,CoPx_R,21,MAE,0.1062349263413104,1445553,cc289a63a4f23862,True,location-k4-fold3-seed0,3
persistence,CoPx_R,21,SS_vs_persistence,1.857269893434932e-11,1445553,cc289a63a4f23862,True,location-k4-fold3-seed0,3
persistence,CoPx_R,21,SS_vs_seasonal,-0.08440879400528378,1445553,cc289a63a4f23862,True,location-k4-fold3-seed0,3
persistence,CoPx_R,21,SS_vs_ar,-1.7037444258776278,1445553,cc289a63a4f23862,True,location-k4-fold3-seed0,3
persistence,CoPx_R,22,MSE,0.05273550913963334,1445553,cc289a63a4f23862,True,location-k4-fold3-seed0,3
persistence,CoPx_R,22,MAE,0.10619965991588926,1445553,cc289a63a4f23862,True,location-k4-fold3-seed0,3
persistence,CoPx_R,22,SS_vs_persistence,1.896249823829521e-11,1445553,cc289a63a4f23862,True,location-k4-fold3-seed0,3
persistence,CoPx_R,22,SS_vs_seasonal,-0.05187436625197028,1445553,cc289a63a4f23862,True,location-k4-fold3-seed0,3
persistence,CoPx_R,22,SS_vs_ar,-1.674252124899139,1445553,cc289a63a4f23862,True,location-k4-fold3-seed0,3
persistence,CoPx_R,23,MSE,0.05531104656643612,1445553,cc289a63a4f23862,True,location-k4-fold3-seed0,3
persistence,CoPx_R,23,MAE,0.10892642521530867,1445553,cc289a63a4f23862,True,location-k4-fold3-seed0,3
persistence,CoPx_R,23,SS_vs_persistence,1.8079537866810824e-11,1445553,cc289a63a4f23862,True,location-k4-fold3-seed0,3
persistence,CoPx_R,23,SS_vs_seasonal,-0.09207316280970512,1445553,cc289a63a4f23862,True,location-k4-fold3-seed0,3
persistence,CoPx_R,23,SS_vs_ar,-1.791942087566258,1445553,cc289a63a4f23862,True,location-k4-fold3-seed0,3
persistence,CoPx_R,24,MSE,0.05488426455761443,1445553,cc289a63a4f23862,True,location-k4-fold3-seed0,3
persistence,CoPx_R,24,MAE,0.10915278242988605,1445553,cc289a63a4f23862,True,location-k4-fold3-seed0,3
persistence,CoPx_R,24,SS_vs_persistence,1.822009210172837e-11,1445553,cc289a63a4f23862,True,location-k4-fold3-seed0,3
persistence,CoPx_R,24,SS_vs_seasonal,-0.08665698622661777,1445553,cc289a63a4f23862,True,location-k4-fold3-seed0,3
persistence,CoPx_R,24,SS_vs_ar,-1.7732825847159632,1445553,cc289a63a4f23862,True,location-k4-fold3-seed0,3
persistence,CoPx_R,25,MSE,0.05277663222408746,1445553,cc289a63a4f23862,True,location-k4-fold3-seed0,3
persistence,CoPx_R,25,MAE,0.10742380930093458,1445553,cc289a63a4f23862,True,location-k4-fold3-seed0,3
persistence,CoPx_R,25,SS_vs_persistence,1.8947732272067697e-11,1445553,cc289a63a4f23862,True,location-k4-fold3-seed0,3
persistence,CoPx_R,25,SS_vs_seasonal,-0.04338183278519048,1445553,cc289a63a4f23862,True,location-k4-fold3-seed0,3
persistence,CoPx_R,25,SS_vs_ar,-1.6757685877828217,1445553,cc289a63a4f23862,True,location-k4-fold3-seed0,3
persistence,CoPx_R,26,MSE,0.05670120124053215,1445553,cc289a63a4f23862,True,location-k4-fold3-seed0,3
persistence,CoPx_R,26,MAE,0.109141466548791,1445553,cc289a63a4f23862,True,location-k4-fold3-seed0,3
persistence,CoPx_R,26,SS_vs_persistence,1.7636336835380462e-11,1445553,cc289a63a4f23862,True,location-k4-fold3-seed0,3
persistence,CoPx_R,26,SS_vs_seasonal,-0.10880302180767698,1445553,cc289a63a4f23862,True,location-k4-fold3-seed0,3
persistence,CoPx_R,26,SS_vs_ar,-1.8688885445475178,1445553,cc289a63a4f23862,True,location-k4-fold3-seed0,3
persistence,CoPx_R,27,MSE,0.05730970243698271,1445553,cc289a63a4f23862,True,location-k4-fold3-seed0,3
persistence,CoPx_R,27,MAE,0.11078042070874587,1445553,cc289a63a4f23862,True,location-k4-fold3-seed0,3
persistence,CoPx_R,27,SS_vs_persistence,1.7449042211126198e-11,1445553,cc289a63a4f23862,True,location-k4-fold3-seed0,3
persistence,CoPx_R,27,SS_vs_seasonal,-0.11556517532564548,1445553,cc289a63a4f23862,True,location-k4-fold3-seed0,3
persistence,CoPx_R,27,SS_vs_ar,-1.8998589966706843,1445553,cc289a63a4f23862,True,location-k4-fold3-seed0,3
persistence,CoPx_R,28,MSE,0.05537381096536328,1445553,cc289a63a4f23862,True,location-k4-fold3-seed0,3
persistence,CoPx_R,28,MAE,0.10948069071150598,1445553,cc289a63a4f23862,True,location-k4-fold3-seed0,3
persistence,CoPx_R,28,SS_vs_persistence,1.805910976315772e-11,1445553,cc289a63a4f23862,True,location-k4-fold3-seed0,3
persistence,CoPx_R,28,SS_vs_seasonal,-0.06993412078441152,1445553,cc289a63a4f23862,True,location-k4-fold3-seed0,3
persistence,CoPx_R,28,SS_vs_ar,-1.7919552069825215,1445553,cc289a63a4f23862,True,location-k4-fold3-seed0,3
persistence,CoPx_R,29,MSE,0.05723606653296729,1445553,cc289a63a4f23862,True,location-k4-fold3-seed0,3
persistence,CoPx_R,29,MAE,0.11155946850771122,1445553,cc289a63a4f23862,True,location-k4-fold3-seed0,3
persistence,CoPx_R,29,SS_vs_persistence,1.7471468716223626e-11,1445553,cc289a63a4f23862,True,location-k4-fold3-seed0,3
persistence,CoPx_R,29,SS_vs_seasonal,-0.10458075078913054,1445553,cc289a63a4f23862,True,location-k4-fold3-seed0,3
persistence,CoPx_R,29,SS_vs_ar,-1.8905335853069465,1445553,cc289a63a4f23862,True,location-k4-fold3-seed0,3
persistence,CoPx_R,30,MSE,0.058705796766710526,1445553,cc289a63a4f23862,True,location-k4-fold3-seed0,3
persistence,CoPx_R,30,MAE,0.11197657801116678,1445553,cc289a63a4f23862,True,location-k4-fold3-seed0,3
persistence,CoPx_R,30,SS_vs_persistence,1.7034040844521314e-11,1445553,cc289a63a4f23862,True,location-k4-fold3-seed0,3
persistence,CoPx_R,30,SS_vs_seasonal,-0.11614245903845011,1445553,cc289a63a4f23862,True,location-k4-fold3-seed0,3
persistence,CoPx_R,30,SS_vs_ar,-1.9758645979236236,1445553,cc289a63a4f23862,True,location-k4-fold3-seed0,3
persistence,CoPx_R,all,MSE,0.05335039225193332,1445553,cc289a63a4f23862,True,location-k4-fold3-seed0,3
persistence,CoPx_R,all,MAE,0.10414395151365867,1445553,cc289a63a4f23862,True,location-k4-fold3-seed0,3
persistence,CoPx_R,all,SS_vs_persistence,1.874400634704898e-11,1445553,cc289a63a4f23862,True,location-k4-fold3-seed0,3
persistence,CoPx_R,all,SS_vs_seasonal,-0.06745513787288249,1445553,cc289a63a4f23862,True,location-k4-fold3-seed0,3
persistence,CoPx_R,all,SS_vs_ar,-1.671681890737542,1445553,cc289a63a4f23862,True,location-k4-fold3-seed0,3
persistence,CoPy_R,1,MSE,0.035421637028251726,1445553,cc289a63a4f23862,True,location-k4-fold3-seed0,3
persistence,CoPy_R,1,MAE,0.10543452980563112,1445553,cc289a63a4f23862,True,location-k4-fold3-seed0,3
persistence,CoPy_R,1,SS_vs_persistence,2.8231306181680793e-11,1445553,cc289a63a4f23862,True,location-k4-fold3-seed0,3
persistence,CoPy_R,1,SS_vs_seasonal,0.03723485672840254,1445553,cc289a63a4f23862,True,location-k4-fold3-seed0,3
persistence,CoPy_R,1,SS_vs_ar,-0.7572290511285091,1445553,cc289a63a4f23862,True,location-k4-fold3-seed0,3
persistence,CoPy_R,2,MSE,0.040987603219500256,1445553,cc289a63a4f23862,True,location-k4-fold3-seed0,3
persistence,CoPy_R,2,MAE,0.11646227457648035,1445553,cc289a63a4f23862,True,location-k4-fold3-seed0,3
persistence,CoPy_R,2,SS_vs_persistence,2.4397595055347665e-11,1445553,cc289a63a4f23862,True,location-k4-fold3-seed0,3
persistence,CoPy_R,2,SS_vs_seasonal,-0.06834753520943049,1445553,cc289a63a4f23862,True,location-k4-fold3-seed0,3
persistence,CoPy_R,2,SS_vs_ar,-0.9947859080758275,1445553,cc289a63a4f23862,True,location-k4-fold3-seed0,3
persistence,CoPy_R,3,MSE,0.04256514330253954,1445553,cc289a63a4f23862,True,location-k4-fold3-seed0,3
persistence,CoPy_R,3,MAE,0.11935287401417882,1445553,cc289a63a4f23862,True,location-k4-fold3-seed0,3
persistence,CoPy_R,3,SS_vs_persistence,2.3493318401790475e-11,1445553,cc289a63a4f23862,True,location-k4-fold3-seed0,3
persistence,CoPy_R,3,SS_vs_seasonal,-0.08789138859268286,1445553,cc289a63a4f23862,True,location-k4-fold3-seed0,3
persistence,CoPy_R,3,SS_vs_ar,-1.065578012523626,1445553,cc289a63a4f23862,True,location-k4-fold3-seed0,3
persistence,CoPy_R,4,MSE,0.04324195978647453,1445553,cc289a63a4f23862,True,location-k4-fold3-seed0,3
persistence,CoPy_R,4,MAE,0.12050331431556598,1445553,cc289a63a4f23862,True,location-k4-fold3-seed0,3
persistence,CoPy_R,4,SS_vs_persistence,2.3125612536034623e-11,1445553,cc289a63a4f23862,True,location-k4-fold3-seed0,3
persistence,CoPy_R,4,SS_vs_seasonal,-0.09646866421409883,1445553,cc289a63a4f23862,True,location-k4-fold3-seed0,3
persistence,CoPy_R,4,SS_vs_ar,-1.101207365846839,1445553,cc289a63a4f23862,True,location-k4-fold3-seed0,3
persistence,CoPy_R,5,MSE,0.04317712361096159,1445553,cc289a63a4f23862,True,location-k4-fold3-seed0,3
persistence,CoPy_R,5,MAE,0.12042153076957154,1445553,cc289a63a4f23862,True,location-k4-fold3-seed0,3
persistence,CoPy_R,5,SS_vs_persistence,2.316036251670539e-11,1445553,cc289a63a4f23862,True,location-k4-fold3-seed0,3
persistence,CoPy_R,5,SS_vs_seasonal,-0.10717928456346004,1445553,cc289a63a4f23862,True,location-k4-fold3-seed0,3
persistence,CoPy_R,5,SS_vs_ar,-1.1018172879689079,1445553,cc289a63a4f23862,True,location-k4-fold3-seed0,3
persistence,CoPy_R,6,MSE,0.042522470815474896,1445553,cc289a63a4f23862,True,location-k4-fold3-seed0,3
persistence,CoPy_R,6,MAE,0.11890718510112233,1445553,cc289a63a4f23862,True,location-k4-fold3-seed0,3
persistence,CoPy_R,6,SS_vs_persistence,2.351696615221499e-11,1445553,cc289a63a4f23862,True,location-k4-fold3-seed0,3
persistence,CoPy_R,6,SS_vs_seasonal,-0.10106275383543695,1445553,cc289a63a4f23862,True,location-k4-fold3-seed0,3
persistence,CoPy_R,6,SS_vs_ar,-1.0689459856512853,1445553,cc289a63a4f23862,True,location-k4-fold3-seed0,3
persistence,CoPy_R,7,MSE,0.041042958806619616,1445553,cc289a63a4f23862,True,location-k4-fold3-seed0,3
persistence,CoPy_R,7,MAE,0.11766538552897048,1445553,cc289a63a4f23862,True,location-k4-fold3-seed0,3
persistence,CoPy_R,7,SS_vs_persistence,2.436473245381876e-11,1445553,cc289a63a4f23862,True,location-k4-fold3-seed0,3
persistence,CoPy_R,7,SS_vs_seasonal,-0.06975893279377998,1445553,cc289a63a4f23862,True,location-k4-fold3-seed0,3
persistence,CoPy_R,7,SS_vs_ar,-1.0010859463521538,1445553,cc289a63a4f23862,True,location-k4-fold3-seed0,3
persistence,CoPy_R,8,MSE,0.04081029277030757,1445553,cc289a63a4f23862,True,location-k4-fold3-seed0,3
persistence,CoPy_R,8,MAE,0.11709919240256202,1445553,cc289a63a4f23862,True,location-k4-fold3-seed0,3
persistence,CoPy_R,8,SS_vs_persistence,2.4503621354199367e-11,1445553,cc289a63a4f23862,True,location-k4-fold3-seed0,3
persistence,CoPy_R,8,SS_vs_seasonal,-0.07036125907759883,1445553,cc289a63a4f23862,True,location-k4-fold3-seed0,3
persistence,CoPy_R,8,SS_vs_ar,-0.9922976567655724,1445553,cc289a63a4f23862,True,location-k4-fold3-seed0,3
persistence,CoPy_R,9,MSE,0.04079027066926776,1445553,cc289a63a4f23862,True,location-k4-fold3-seed0,3
persistence,CoPy_R,9,MAE,0.1167979222228227,1445553,cc289a63a4f23862,True,location-k4-fold3-seed0,3
persistence,CoPy_R,9,SS_vs_persistence,2.451561176286532e-11,1445553,cc289a63a4f23862,True,location-k4-fold3-seed0,3
persistence,CoPy_R,9,SS_vs_seasonal,-0.06753252995921599,1445553,cc289a63a4f23862,True,location-k4-fold3-seed0,3
persistence,CoPy_R,9,SS_vs_ar,-0.9885526734234147,1445553,cc289a63a4f23862,True,location-k4-fold3-seed0,3
persistence,CoPy_R,10,MSE,0.04130454842196983,1445553,cc289a63a4f23862,True,location-k4-fold3-seed0,3
persistence,CoPy_R,10,MAE,0.11769984790880639,1445553,cc289a63a4f23862,True,location-k4-fold3-seed0,3
persistence,CoPy_R,10,SS_vs_persistence,2.4210411453395864e-11,1445553,cc289a63a4f23862,True,location-k4-fold3-seed0,3
persistence,CoPy_R,10,SS_vs_seasonal,-0.07832646986730452,1445553,cc289a63a4f23862,True,location-k4-fold3-seed0,3
persistence,CoPy_R,10,SS_vs_ar,-1.005364344107555,1445553,cc289a63a4f23862,True,location-k4-fold3-seed0,3
persistence,CoPy_R,11,MSE,0.04133437928579923,1445553,cc289a63a4f23862,True,location-k4-fold3-seed0,3
persistence,CoPy_R,11,MAE,0.11912804483969747,1445553,cc289a63a4f23862,True,location-k4-fold3-seed0,3
persistence,CoPy_R,11,SS_vs_persistence,2.4192869929606786e-11,1445553,cc289a63a4f23862,True,location-k4-fold3-seed0,3
persistence,CoPy_R,11,SS_vs_seasonal,-0.08275671176265176,1445553,cc289a63a4f23862,True,location-k4-fold3-seed0,3
persistence,CoPy_R,11,SS_vs_ar,-1.0044540169995901,1445553,cc289a63a4f23862,True,location-k4-fold3-seed0,3
persistence,CoPy_R,12,MSE,0.04201812700236013,1445553,cc289a63a4f23862,True,location-k4-fold3-seed0,3
persistence,CoPy_R,12,MAE,0.11979058924629658,1445553,cc289a63a4f23862,True,location-k4-fold3-seed0,3
persistence,CoPy_R,12,SS_vs_persistence,2.3799184845074706e-11,1445553,cc289a63a4f23862,True,location-k4-fold3-seed0,3
persistence,CoPy_R,12,SS_vs_seasonal,-0.09400257452701766,1445553,cc289a63a4f23862,True,location-k4-fold3-seed0,3
persistence,CoPy_R,12,SS_vs_ar,-1.0392477868080991,1445553,cc289a63a4f23862,True,location-k4-fold3-seed0,3
persistence,CoPy_R,13,MSE,0.04246258571336299,1445553,cc289a63a4f23862,True,location-k4-fold3-seed0,3
persistence,CoPy_R,13,MAE,0.1203309552423452,1445553,cc289a63a4f23862,True,location-k4-fold3-seed0,3
persistence,CoPy_R,13,SS_vs_persistence,2.3550161820651283e-11,1445553,cc289a63a4f23862,True,location-k4-fold3-seed0,3
persistence,CoPy_R,13,SS_vs_seasonal,-0.10656631528370286,1445553,cc289a63a4f23862,True,location-k4-fold3-seed0,3
persistence,CoPy_R,13,SS_vs_ar,-1.0575193577572524,1445553,cc289a63a4f23862,True,location-k4-fold3-seed0,3
persistence,CoPy_R,14,MSE,0.042405963307717814,1445553,cc289a63a4f23862,True,location-k4-fold3-seed0,3
persistence,CoPy_R,14,MAE,0.1200745248784047,1445553,cc289a63a4f23862,True,location-k4-fold3-seed0,3
persistence,CoPy_R,14,SS_vs_persistence,2.3581581132248175e-11,1445553,cc289a63a4f23862,True,location-k4-fold3-seed0,3
persistence,CoPy_R,14,SS_vs_seasonal,-0.09781056356641726,1445553,cc289a63a4f23862,True,location-k4-fold3-seed0,3
persistence,CoPy_R,14,SS_vs_ar,-1.0534823382629197,1445553,cc289a63a4f23862,True,location-k4-fold3-seed0,3
persistence,CoPy_R,15,MSE,0.040705926200428184,1445553,cc289a63a4f23862,True,location-k4-fold3-seed0,3
persistence,CoPy_R,15,MAE,0.11798021412292338,1445553,cc289a63a4f23862,True,location-k4-fold3-seed0,3
persistence,CoPy_R,15,SS_vs_persistence,2.456645997739315e-11,1445553,cc289a63a4f23862,True,location-k4-fold3-seed0,3
persistence,CoPy_R,15,SS_vs_seasonal,-0.05684793117955045,1445553,cc289a63a4f23862,True,location-k4-fold3-seed0,3
persistence,CoPy_R,15,SS_vs_ar,-0.9713233063867104,1445553,cc289a63a4f23862,True,location-k4-fold3-seed0,3
persistence,CoPy_R,16,MSE,0.041027369418483645,1445553,cc289a63a4f23862,True,location-k4-fold3-seed0,3
persistence,CoPy_R,16,MAE,0.11816585637736206,1445553,cc289a63a4f23862,True,location-k4-fold3-seed0,3
persistence,CoPy_R,16,SS_vs_persistence,2.437394730492315e-11,1445553,cc289a63a4f23862,True,location-k4-fold3-seed0,3
persistence,CoPy_R,16,SS_vs_seasonal,-0.07210267075301191,1445553,cc289a63a4f23862,True,location-k4-fold3-seed0,3
persistence,CoPy_R,16,SS_vs_ar,-0.978160928819499,1445553,cc289a63a4f23862,True,location-k4-fold3-seed0,3
persistence,CoPy_R,17,MSE,0.04137500631809357,1445553,cc289a63a4f23862,True,location-k4-fold3-seed0,3
persistence,CoPy_R,17,MAE,0.11913627743567003,1445553,cc289a63a4f23862,True,location-k4-fold3-seed0,3
persistence,CoPy_R,17,SS_vs_persistence,2.4169111156879808e-11,1445553,cc289a63a4f23862,True,location-k4-fold3-seed0,3
persistence,CoPy_R,17,SS_vs_seasonal,-0.08770491933275881,1445553,cc289a63a4f23862,True,location-k4-fold3-seed0,3
persistence,CoPy_R,17,SS_vs_ar,-1.0024466690830622,1445553,cc289a63a4f23862,True,location-k4-fold3-seed0,3
persistence,CoPy_R,18,MSE,0.04163152701359595,1445553,cc289a63a4f23862,True,location-k4-fold3-seed0,3
persistence,CoPy_R,18,MAE,0.12009377990491511,1445553,cc289a63a4f23862,True,location-k4-fold3-seed0,3
persistence,CoPy_R,18,SS_vs_persistence,2.4020230249277574e-11,1445553,cc289a63a4f23862,True,location-k4-fold3-seed0,3
persistence,CoPy_R,18,SS_vs_seasonal,-0.09534982165560946,1445553,cc289a63a4f23862,True,location-k4-fold3-seed0,3
persistence,CoPy_R,18,SS_vs_ar,-1.0216655482874688,1445553,cc289a63a4f23862,True,location-k4-fold3-seed0,3
persistence,CoPy_R,19,MSE,0.04215700016504205,1445553,cc289a63a4f23862,True,location-k4-fold3-seed0,3
persistence,CoPy_R,19,MAE,0.12036415100952476,1445553,cc289a63a4f23862,True,location-k4-fold3-seed0,3
persistence,CoPy_R,19,SS_vs_persistence,2.372080309953617e-11,1445553,cc289a63a4f23862,True,location-k4-fold3-seed0,3
persistence,CoPy_R,19,SS_vs_seasonal,-0.10812780565751057,1445553,cc289a63a4f23862,True,location-k4-fold3-seed0,3
persistence,CoPy_R,19,SS_vs_ar,-1.051715394183581,1445553,cc289a63a4f23862,True,location-k4-fold3-seed0,3
persistence,CoPy_R,20,MSE,0.04261811947077177,1445553,cc289a63a4f23862,True,location-k4-fold3-seed0,3
persistence,CoPy_R,20,MAE,0.12108750893526041,1445553,cc289a63a4f23862,True,location-k4-fold3-seed0,3
persistence,CoPy_R,20,SS_vs_persistence,2.3464119536242833e-11,1445553,cc289a63a4f23862,True,location-k4-fold3-seed0,3
persistence,CoPy_R,20,SS_vs_seasonal,-0.11801342487731792,1445553,cc289a63a4f23862,True,location-k4-fold3-seed0,3
persistence,CoPy_R,20,SS_vs_ar,-1.0681171673631265,1445553,cc289a63a4f23862,True,location-k4-fold3-seed0,3
persistence,CoPy_R,21,MSE,0.04284535865795245,1445553,cc289a63a4f23862,True,location-k4-fold3-seed0,3
persistence,CoPy_R,21,MAE,0.1216502122858143,1445553,cc289a63a4f23862,True,location-k4-fold3-seed0,3
persistence,CoPy_R,21,SS_vs_persistence,2.3339774557484816e-11,1445553,cc289a63a4f23862,True,location-k4-fold3-seed0,3
persistence,CoPy_R,21,SS_vs_seasonal,-0.11263891873154619,1445553,cc289a63a4f23862,True,location-k4-fold3-seed0,3
persistence,CoPy_R,21,SS_vs_ar,-1.0738685851558425,1445553,cc289a63a4f23862,True,location-k4-fold3-seed0,3
persistence,CoPy_R,22,MSE,0.04241629747226731,1445553,cc289a63a4f23862,True,location-k4-fold3-seed0,3
persistence,CoPy_R,22,MAE,0.12053439806844793,1445553,cc289a63a4f23862,True,location-k4-fold3-seed0,3
persistence,CoPy_R,22,SS_vs_persistence,2.3575807972520124e-11,1445553,cc289a63a4f23862,True,location-k4-fold3-seed0,3
persistence,CoPy_R,22,SS_vs_seasonal,-0.10095332640366084,1445553,cc289a63a4f23862,True,location-k4-fold3-seed0,3
persistence,CoPy_R,22,SS_vs_ar,-1.05174583007991,1445553,cc289a63a4f23862,True,location-k4-fold3-seed0,3
persistence,CoPy_R,23,MSE,0.041606369757336774,1445553,cc289a63a4f23862,True,location-k4-fold3-seed0,3
persistence,CoPy_R,23,MAE,0.11907433376165935,1445553,cc289a63a4f23862,True,location-k4-fold3-seed0,3
persistence,CoPy_R,23,SS_vs_persistence,2.4034774170900164e-11,1445553,cc289a63a4f23862,True,location-k4-fold3-seed0,3
persistence,CoPy_R,23,SS_vs_seasonal,-0.07988882633308392,1445553,cc289a63a4f23862,True,location-k4-fold3-seed0,3
persistence,CoPy_R,23,SS_vs_ar,-1.00956057959992,1445553,cc289a63a4f23862,True,location-k4-fold3-seed0,3
persistence,CoPy_R,24,MSE,0.04131443592696965,1445553,cc289a63a4f23862,True,location-k4-fold3-seed0,3
persistence,CoPy_R,24,MAE,0.11860998507009271,1445553,cc289a63a4f23862,True,location-k4-fold3-seed0,3
persistence,CoPy_R,24,SS_vs_persistence,2.4204638293667813e-11,1445553,cc289a63a4f23862,True,location-k4-fold3-seed0,3
persistence,CoPy_R,24,SS_vs_seasonal,-0.08193595011268862,1445553,cc289a63a4f23862,True,location-k4-fold3-seed0,3
persistence,CoPy_R,24,SS_vs_ar,-1.0064960384496677,1445553,cc289a63a4f23862,True,location-k4-fold3-seed0,3
persistence,CoPy_R,25,MSE,0.040303789850140576,1445553,cc289a63a4f23862,True,location-k4-fold3-seed0,3
persistence,CoPy_R,25,MAE,0.11832269150902705,1445553,cc289a63a4f23862,True,location-k4-fold3-seed0,3
persistence,CoPy_R,25,SS_vs_persistence,2.4811486198927923e-11,1445553,cc289a63a4f23862,True,location-k4-fold3-seed0,3
persistence,CoPy_R,25,SS_vs_seasonal,-0.05743096165506767,1445553,cc289a63a4f23862,True,location-k4-fold3-seed0,3
persistence,CoPy_R,25,SS_vs_ar,-0.9515039011164048,1445553,cc289a63a4f23862,True,location-k4-fold3-seed0,3
persistence,CoPy_R,26,MSE,0.04257394025825196,1445553,cc289a63a4f23862,True,location-k4-fold3-seed0,3
persistence,CoPy_R,26,MAE,0.12081634103267397,1445553,cc289a63a4f23862,True,location-k4-fold3-seed0,3
persistence,CoPy_R,26,SS_vs_persistence,2.3488544442784587e-11,1445553,cc289a63a4f23862,True,location-k4-fold3-seed0,3
persistence,CoPy_R,26,SS_vs_seasonal,-0.10472862329655097,1445553,cc289a63a4f23862,True,location-k4-fold3-seed0,3
persistence,CoPy_R,26,SS_vs_ar,-1.0547856140697989,1445553,cc289a63a4f23862,True,location-k4-fold3-seed0,3
persistence,CoPy_R,27,MSE,0.044393918337901586,1445553,cc289a63a4f23862,True,location-k4-fold3-seed0,3
persistence,CoPy_R,27,MAE,0.1240197925820606,1445553,cc289a63a4f23862,True,location-k4-fold3-seed0,3
persistence,CoPy_R,27,SS_vs_persistence,2.2525536991224726e-11,1445553,cc289a63a4f23862,True,location-k4-fold3-seed0,3
persistence,CoPy_R,27,SS_vs_seasonal,-0.1464078571356806,1445553,cc289a63a4f23862,True,location-k4-fold3-seed0,3
persistence,CoPy_R,27,SS_vs_ar,-1.144613067123136,1445553,cc289a63a4f23862,True,location-k4-fold3-seed0,3
persistence,CoPy_R,28,MSE,0.04498911053017545,1445553,cc289a63a4f23862,True,location-k4-fold3-seed0,3
persistence,CoPy_R,28,MAE,0.12491348582519081,1445553,cc289a63a4f23862,True,location-k4-fold3-seed0,3
persistence,CoPy_R,28,SS_vs_persistence,2.2227553131415334e-11,1445553,cc289a63a4f23862,True,location-k4-fold3-seed0,3
persistence,CoPy_R,28,SS_vs_seasonal,-0.1597629903502482,1445553,cc289a63a4f23862,True,location-k4-fold3-seed0,3
persistence,CoPy_R,28,SS_vs_ar,-1.1679643869117435,1445553,cc289a63a4f23862,True,location-k4-fold3-seed0,3
persistence,CoPy_R,29,MSE,0.04502319627842727,1445553,cc289a63a4f23862,True,location-k4-fold3-seed0,3
persistence,CoPy_R,29,MAE,0.12456718006115877,1445553,cc289a63a4f23862,True,location-k4-fold3-seed0,3
persistence,CoPy_R,29,SS_vs_persistence,2.2210788763743494e-11,1445553,cc289a63a4f23862,True,location-k4-fold3-seed0,3
persistence,CoPy_R,29,SS_vs_seasonal,-0.15409090628639976,1445553,cc289a63a4f23862,True,location-k4-fold3-seed0,3
persistence,CoPy_R,29,SS_vs_ar,-1.1700231028740329,1445553,cc289a63a4f23862,True,location-k4-fold3-seed0,3
persistence,CoPy_R,30,MSE,0.04329129964830751,1445553,cc289a63a4f23862,True,location-k4-fold3-seed0,3
persistence,CoPy_R,30,MAE,0.12123641823941149,1445553,cc289a63a4f23862,True,location-k4-fold3-seed0,3
persistence,CoPy_R,30,SS_vs_persistence,2.3099300250351007e-11,1445553,cc289a63a4f23862,True,location-k4-fold3-seed0,3
persistence,CoPy_R,30,SS_vs_seasonal,-0.11399345773627001,1445553,cc289a63a4f23862,True,location-k4-fold3-seed0,3
persistence,CoPy_R,30,SS_vs_ar,-1.0926445597726229,1445553,cc289a63a4f23862,True,location-k4-fold3-seed0,3
persistence,CoPy_R,all,MSE,0.04194571867771579,1445553,cc289a63a4f23862,True,location-k4-fold3-seed0,3
persistence,CoPy_R,all,MAE,0.11934246897971112,1445553,cc289a63a4f23862,True,location-k4-fold3-seed0,3
persistence,CoPy_R,all,SS_vs_persistence,2.3840263096985836e-11,1445553,cc289a63a4f23862,True,location-k4-fold3-seed0,3
persistence,CoPy_R,all,SS_vs_seasonal,-0.09165878710523234,1445553,cc289a63a4f23862,True,location-k4-fold3-seed0,3
persistence,CoPy_R,all,SS_vs_ar,-1.0352385783499423,1445553,cc289a63a4f23862,True,location-k4-fold3-seed0,3
seasonal,F_R,1,MSE,804421.4356696043,1529550,cc289a63a4f23862,True,location-k4-fold3-seed0,3
seasonal,F_R,1,MAE,565.7068798861644,1529550,cc289a63a4f23862,True,location-k4-fold3-seed0,3
seasonal,F_R,1,SS_vs_persistence,-0.5870708873258723,1529550,cc289a63a4f23862,True,location-k4-fold3-seed0,3
seasonal,F_R,1,SS_vs_seasonal,0.0,1529550,cc289a63a4f23862,True,location-k4-fold3-seed0,3
seasonal,F_R,1,SS_vs_ar,-1.1728767925593684,1529550,cc289a63a4f23862,True,location-k4-fold3-seed0,3
seasonal,F_R,2,MSE,821841.4956848065,1529550,cc289a63a4f23862,True,location-k4-fold3-seed0,3
seasonal,F_R,2,MAE,577.2127854699912,1529550,cc289a63a4f23862,True,location-k4-fold3-seed0,3
seasonal,F_R,2,SS_vs_persistence,-0.43453956112415426,1529550,cc289a63a4f23862,True,location-k4-fold3-seed0,3
seasonal,F_R,2,SS_vs_seasonal,0.0,1529550,cc289a63a4f23862,True,location-k4-fold3-seed0,3
seasonal,F_R,2,SS_vs_ar,-0.9627271246665052,1529550,cc289a63a4f23862,True,location-k4-fold3-seed0,3
seasonal,F_R,3,MSE,833542.9649241217,1529550,cc289a63a4f23862,True,location-k4-fold3-seed0,3
seasonal,F_R,3,MAE,583.1579774918481,1529550,cc289a63a4f23862,True,location-k4-fold3-seed0,3
seasonal,F_R,3,SS_vs_persistence,-0.37694828393038926,1529550,cc289a63a4f23862,True,location-k4-fold3-seed0,3
seasonal,F_R,3,SS_vs_seasonal,0.0,1529550,cc289a63a4f23862,True,location-k4-fold3-seed0,3
seasonal,F_R,3,SS_vs_ar,-0.8549962710986432,1529550,cc289a63a4f23862,True,location-k4-fold3-seed0,3
seasonal,F_R,4,MSE,838169.9008111143,1529550,cc289a63a4f23862,True,location-k4-fold3-seed0,3
seasonal,F_R,4,MAE,585.1113398807171,1529550,cc289a63a4f23862,True,location-k4-fold3-seed0,3
seasonal,F_R,4,SS_vs_persistence,-0.3538532890281614,1529550,cc289a63a4f23862,True,location-k4-fold3-seed0,3
seasonal,F_R,4,SS_vs_seasonal,0.0,1529550,cc289a63a4f23862,True,location-k4-fold3-seed0,3
seasonal,F_R,4,SS_vs_ar,-0.7607756584396046,1529550,cc289a63a4f23862,True,location-k4-fold3-seed0,3
seasonal,F_R,5,MSE,846502.515561542,1529550,cc289a63a4f23862,True,location-k4-fold3-seed0,3
seasonal,F_R,5,MAE,589.7417488561281,1529550,cc289a63a4f23862,True,location-k4-fold3-seed0,3
seasonal,F_R,5,SS_vs_persistence,-0.3047492128403071,1529550,cc289a63a4f23862,True,location-k4-fold3-seed0,3
seasonal,F_R,5,SS_vs_seasonal,0.0,1529550,cc289a63a4f23862,True,location-k4-fold3-seed0,3
seasonal,F_R,5,SS_vs_ar,-0.6764474763908424,1529550,cc289a63a4f23862,True,location-k4-fold3-seed0,3
seasonal,F_R,6,MSE,849908.6921807434,1529550,cc289a63a4f23862,True,location-k4-fold3-seed0,3
seasonal,F_R,6,MAE,590.3678852484952,1529550,cc289a63a4f23862,True,location-k4-fold3-seed0,3
seasonal,F_R,6,SS_vs_persistence,-0.3059630296799827,1529550,cc289a63a4f23862,True,location-k4-fold3-seed0,3
seasonal,F_R,6,SS_vs_seasonal,0.0,1529550,cc289a63a4f23862,True,location-k4-fold3-seed0,3
seasonal,F_R,6,SS_vs_ar,-0.6180225351597255,1529550,cc289a63a4f23862,True,location-k4-fold3-seed0,3
seasonal,F_R,7,MSE,858817.5906721777,1529550,cc289a63a4f23862,True,location-k4-fold3-seed0,3
seasonal,F_R,7,MAE,594.026527084406,1529550,cc289a63a4f23862,True,location-k4-fold3-seed0,3
seasonal,F_R,7,SS_vs_persistence,-0.2612131328753804,1529550,cc289a63a4f23862,True,location-k4-fold3-seed0,3
seasonal,F_R,7,SS_vs_seasonal,0.0,1529550,cc289a63a4f23862,True,location-k4-fold3-seed0,3
seasonal,F_R,7,SS_vs_ar,-0.5595763989826741,1529550,cc289a63a4f23862,True,location-k4-fold3-seed0,3
seasonal,F_R,8,MSE,864441.4167197848,1529550,cc289a63a4f23862,True,location-k4-fold3-seed0,3
seasonal,F_R,8,MAE,596.1008509175875,1529550,cc289a63a4f23862,True,location-k4-fold3-seed0,3
seasonal,F_R,8,SS_vs_persistence,-0.2565205634334169,1529550,cc289a63a4f23862,True,location-k4-fold3-seed0,3
seasonal,F_R,8,SS_vs_seasonal,0.0,1529550,cc289a63a4f23862,True,location-k4-fold3-seed0,3
seasonal,F_R,8,SS_vs_ar,-0.5108065324861923,1529550,cc289a63a4f23862,True,location-k4-fold3-seed0,3
seasonal,F_R,9,MSE,867502.4088924798,1529550,cc289a63a4f23862,True,location-k4-fold3-seed0,3
seasonal,F_R,9,MAE,598.5128956959998,1529550,cc289a63a4f23862,True,location-k4-fold3-seed0,3
seasonal,F_R,9,SS_vs_persistence,-0.24364649275555195,1529550,cc289a63a4f23862,True,location-k4-fold3-seed0,3
seasonal,F_R,9,SS_vs_seasonal,0.0,1529550,cc289a63a4f23862,True,location-k4-fold3-seed0,3
seasonal,F_R,9,SS_vs_ar,-0.46478899187491995,1529550,cc289a63a4f23862,True,location-k4-fold3-seed0,3
seasonal,F_R,10,MSE,869474.8754766927,1529550,cc289a63a4f23862,True,location-k4-fold3-seed0,3
seasonal,F_R,10,MAE,598.0847255981002,1529550,cc289a63a4f23862,True,location-k4-fold3-seed0,3
seasonal,F_R,10,SS_vs_persistence,-0.2481536517009264,1529550,cc289a63a4f23862,True,location-k4-fold3-seed0,3
seasonal,F_R,10,SS_vs_seasonal,0.0,1529550,cc289a63a4f23862,True,location-k4-fold3-seed0,3
seasonal,F_R,10,SS_vs_ar,-0.4222963144180829,1529550,cc289a63a4f23862,True,location-k4-fold3-seed0,3
seasonal,F_R,11,MSE,883149.8252240443,1529550,cc289a63a4f23862,True,location-k4-fold3-seed0,3
seasonal,F_R,11,MAE,604.8602533364209,1529550,cc289a63a4f23862,True,location-k4-fold3-seed0,3
seasonal,F_R,11,SS_vs_persistence,-0.22821846166751825,1529550,cc289a63a4f23862,True,location-k4-fold3-seed0,3
seasonal,F_R,11,SS_vs_seasonal,0.0,1529550,cc289a63a4f23862,True,location-k4-fold3-seed0,3
seasonal,F_R,11,SS_vs_ar,-0.3840714158414824,1529550,cc289a63a4f23862,True,location-k4-fold3-seed0,3
seasonal,F_R,12,MSE,888768.8760911325,1529550,cc289a63a4f23862,True,location-k4-fold3-seed0,3
seasonal,F_R,12,MAE,606.8468468341639,1529550,cc289a63a4f23862,True,location-k4-fold3-seed0,3
seasonal,F_R,12,SS_vs_persistence,-0.20750845640581428,1529550,cc289a63a4f23862,True,location-k4-fold3-seed0,3
seasonal,F_R,12,SS_vs_seasonal,0.0,1529550,cc289a63a4f23862,True,location-k4-fold3-seed0,3
seasonal,F_R,12,SS_vs_ar,-0.3483126514307342,1529550,cc289a63a4f23862,True,location-k4-fold3-seed0,3
seasonal,F_R,13,MSE,892624.2780335604,1529550,cc289a63a4f23862,True,location-k4-fold3-seed0,3
seasonal,F_R,13,MAE,607.9272786601988,1529550,cc289a63a4f23862,True,location-k4-fold3-seed0,3
seasonal,F_R,13,SS_vs_persistence,-0.19103884344022215,1529550,cc289a63a4f23862,True,location-k4-fold3-seed0,3
seasonal,F_R,13,SS_vs_seasonal,0.0,1529550,cc289a63a4f23862,True,location-k4-fold3-seed0,3
seasonal,F_R,13,SS_vs_ar,-0.326038169869735,1529550,cc289a63a4f23862,True,location-k4-fold3-seed0,3
seasonal,F_R,14,MSE,895310.9274514227,1529550,cc289a63a4f23862,True,location-k4-fold3-seed0,3
seasonal,F_R,14,MAE,608.497207828053,1529550,cc289a63a4f23862,True,location-k4-fold3-seed0,3
seasonal,F_R,14,SS_vs_persistence,-0.19712922308182823,1529550,cc289a63a4f23862,True,location-k4-fold3-seed0,3
seasonal,F_R,14,SS_vs_seasonal,0.0,1529550,cc289a63a4f23862,True,location-k4-fold3-seed0,3
seasonal,F_R,14,SS_vs_ar,-0.3054168204531431,1529550,cc289a63a4f23862,True,location-k4-fold3-seed0,3
seasonal,F_R,15,MSE,901615.7640889505,1529550,cc289a63a4f23862,True,location-k4-fold3-seed0,3
seasonal,F_R,15,MAE,610.3784254579318,1529550,cc289a63a4f23862,True,location-k4-fold3-seed0,3
seasonal,F_R,15,SS_vs_persistence,-0.1922668220658601,1529550,cc289a63a4f23862,True,location-k4-fold3-seed0,3
seasonal,F_R,15,SS_vs_seasonal,0.0,1529550,cc289a63a4f23862,True,location-k4-fold3-seed0,3
seasonal,F_R,15,SS_vs_ar,-0.27774518556021555,1529550,cc289a63a4f23862,True,location-k4-fold3-seed0,3
seasonal,F_R,16,MSE,927318.9855841944,1529550,cc289a63a4f23862,True,location-k4-fold3-seed0,3
seasonal,F_R,16,MAE,617.2480155631329,1529550,cc289a63a4f23862,True,location-k4-fold3-seed0,3
seasonal,F_R,16,SS_vs_persistence,-0.16271283667880798,1529550,cc289a63a4f23862,True,location-k4-fold3-seed0,3
seasonal,F_R,16,SS_vs_seasonal,0.0,1529550,cc289a63a4f23862,True,location-k4-fold3-seed0,3
seasonal,F_R,16,SS_vs_ar,-0.2480875357285397,1529550,cc289a63a4f23862,True,location-k4-fold3-seed0,3
seasonal,F_R,17,MSE,937354.7789111111,1529550,cc289a63a4f23862,True,location-k4-fold3-seed0,3
seasonal,F_R,17,MAE,618.6058944362466,1529550,cc289a63a4f23862,True,location-k4-fold3-seed0,3
seasonal,F_R,17,SS_vs_persistence,-0.14884479197612843,1529550,cc289a63a4f23862,True,location-k4-fold3-seed0,3
seasonal,F_R,17,SS_vs_seasonal,0.0,1529550,cc289a63a4f23862,True,location-k4-fold3-seed0,3
seasonal,F_R,17,SS_vs_ar,-0.22675799521205708,1529550,cc289a63a4f23862,True,location-k4-fold3-seed0,3
seasonal,F_R,18,MSE,940339.2315127637,1529550,cc289a63a4f23862,True,location-k4-fold3-seed0,3
seasonal,F_R,18,MAE,619.0397459405186,1529550,cc289a63a4f23862,True,location-k4-fold3-seed0,3
seasonal,F_R,18,SS_vs_persistence,-0.13900627135182075,1529550,cc289a63a4f23862,True,location-k4-fold3-seed0,3
seasonal,F_R,18,SS_vs_seasonal,0.0,1529550,cc289a63a4f23862,True,location-k4-fold3-seed0,3
seasonal,F_R,18,SS_vs_ar,-0.19356628487253524,1529550,cc289a63a4f23862,True,location-k4-fold3-seed0,3
seasonal,F_R,19,MSE,945512.829419474,1529550,cc289a63a4f23862,True,location-k4-fold3-seed0,3
seasonal,F_R,19,MAE,620.2939352902125,1529550,cc289a63a4f23862,True,location-k4-fold3-seed0,3
seasonal,F_R,19,SS_vs_persistence,-0.12328616996090225,1529550,cc289a63a4f23862,True,location-k4-fold3-seed0,3
seasonal,F_R,19,SS_vs_seasonal,0.0,1529550,cc289a63a4f23862,True,location-k4-fold3-seed0,3
seasonal,F_R,19,SS_vs_ar,-0.1648698885143567,1529550,cc289a63a4f23862,True,location-k4-fold3-seed0,3
seasonal,F_R,20,MSE,945246.0448151787,1529550,cc289a63a4f23862,True,location-k4-fold3-seed0,3
seasonal,F_R,20,MAE,620.0680341223215,1529550,cc289a63a4f23862,True,location-k4-fold3-seed0,3
seasonal,F_R,20,SS_vs_persistence,-0.10522804577167322,1529550,cc289a63a4f23862,True,location-k4-fold3-seed0,3
seasonal,F_R,20,SS_vs_seasonal,0.0,1529550,cc289a63a4f23862,True,location-k4-fold3-seed0,3
seasonal,F_R,20,SS_vs_ar,-0.1349663541770909,1529550,cc289a63a4f23862,True,location-k4-fold3-seed0,3
seasonal,F_R,21,MSE,950349.0223754004,1529550,cc289a63a4f23862,True,location-k4-fold3-seed0,3
seasonal,F_R,21,MAE,620.9896878083781,1529550,cc289a63a4f23862,True,location-k4-fold3-seed0,3
seasonal,F_R,21,SS_vs_persistence,-0.10667678105571654,1529550,cc289a63a4f23862,True,location-k4-fold3-seed0,3
seasonal,F_R,21,SS_vs_seasonal,0.0,1529550,cc289a63a4f23862,True,location-k4-fold3-seed0,3
seasonal,F_R,21,SS_vs_ar,-0.12042795147743468,1529550,cc289a63a4f23862,True,location-k4-fold3-seed0,3
seasonal,F_R,22,MSE,951386.6826561834,1529550,cc289a63a4f23862,True,location-k4-fold3-seed0,3
seasonal,F_R,22,MAE,621.3398448513502,1529550,cc289a63a4f23862,True,location-k4-fold3-seed0,3
seasonal,F_R,22,SS_vs_persistence,-0.08818598013579049,1529550,cc289a63a4f23862,True,location-k4-fold3-seed0,3
seasonal,F_R,22,SS_vs_seasonal,0.0,1529550,cc289a63a4f23862,True,location-k4-fold3-seed0,3
seasonal,F_R,22,SS_vs_ar,-0.09617213555927462,1529550,cc289a63a4f23862,True,location-k4-fold3-seed0,3
seasonal,F_R,23,MSE,960361.0693926783,1529550,cc289a63a4f23862,True,location-k4-fold3-seed0,3
seasonal,F_R,23,MAE,623.5108229691484,1529550,cc289a63a4f23862,True,location-k4-fold3-seed0,3
seasonal,F_R,23,SS_vs_persistence,-0.07642466786395041,1529550,cc289a63a4f23862,True,location-k4-fold3-seed0,3
seasonal,F_R,23,SS_vs_seasonal,0.0,1529550,cc289a63a4f23862,True,location-k4-fold3-seed0,3
seasonal,F_R,23,SS_vs_ar,-0.08357134745419814,1529550,cc289a63a4f23862,True,location-k4-fold3-seed0,3
seasonal,F_R,24,MSE,961885.4339650229,1529550,cc289a63a4f23862,True,location-k4-fold3-seed0,3
seasonal,F_R,24,MAE,623.6539172347718,1529550,cc289a63a4f23862,True,location-k4-fold3-seed0,3
seasonal,F_R,24,SS_vs_persistence,-0.07208610528869852,1529550,cc289a63a4f23862,True,location-k4-fold3-seed0,3
seasonal,F_R,24,SS_vs_seasonal,0.0,1529550,cc289a63a4f23862,True,location-k4-fold3-seed0,3
seasonal,F_R,24,SS_vs_ar,-0.07135654474947328,1529550,cc289a63a4f23862,True,location-k4-fold3-seed0,3
seasonal,F_R,25,MSE,964236.799335629,1529550,cc289a63a4f23862,True,location-k4-fold3-seed0,3
seasonal,F_R,25,MAE,624.4948088764618,1529550,cc289a63a4f23862,True,location-k4-fold3-seed0,3
seasonal,F_R,25,SS_vs_persistence,-0.061961274443006475,1529550,cc289a63a4f23862,True,location-k4-fold3-seed0,3
seasonal,F_R,25,SS_vs_seasonal,0.0,1529550,cc289a63a4f23862,True,location-k4-fold3-seed0,3
seasonal,F_R,25,SS_vs_ar,-0.057809854705159314,1529550,cc289a63a4f23862,True,location-k4-fold3-seed0,3
seasonal,F_R,26,MSE,963487.6529090884,1529550,cc289a63a4f23862,True,location-k4-fold3-seed0,3
seasonal,F_R,26,MAE,624.8594395247607,1529550,cc289a63a4f23862,True,location-k4-fold3-seed0,3
seasonal,F_R,26,SS_vs_persistence,-0.04153657707405167,1529550,cc289a63a4f23862,True,location-k4-fold3-seed0,3
seasonal,F_R,26,SS_vs_seasonal,0.0,1529550,cc289a63a4f23862,True,location-k4-fold3-seed0,3
seasonal,F_R,26,SS_vs_ar,-0.03664489383900449,1529550,cc289a63a4f23862,True,location-k4-fold3-seed0,3
seasonal,F_R,27,MSE,967726.9823563512,1529550,cc289a63a4f23862,True,location-k4-fold3-seed0,3
seasonal,F_R,27,MAE,626.1638092038023,1529550,cc289a63a4f23862,True,location-k4-fold3-seed0,3
seasonal,F_R,27,SS_vs_persistence,-0.018306600937514794,1529550,cc289a63a4f23862,True,location-k4-fold3-seed0,3
seasonal,F_R,27,SS_vs_seasonal,0.0,1529550,cc289a63a4f23862,True,location-k4-fold3-seed0,3
seasonal,F_R,27,SS_vs_ar,-0.02704056551324463,1529550,cc289a63a4f23862,True,location-k4-fold3-seed0,3
seasonal,F_R,28,MSE,969237.7587670491,1529550,cc289a63a4f23862,True,location-k4-fold3-seed0,3
seasonal,F_R,28,MAE,626.0415702266904,1529550,cc289a63a4f23862,True,location-k4-fold3-seed0,3
seasonal,F_R,28,SS_vs_persistence,-0.01851055860249473,1529550,cc289a63a4f23862,True,location-k4-fold3-seed0,3
seasonal,F_R,28,SS_vs_seasonal,0.0,1529550,cc289a63a4f23862,True,location-k4-fold3-seed0,3
seasonal,F_R,28,SS_vs_ar,-0.016622014005836183,1529550,cc289a63a4f23862,True,location-k4-fold3-seed0,3
seasonal,F_R,29,MSE,968880.3172337958,1529550,cc289a63a4f23862,True,location-k4-fold3-seed0,3
seasonal,F_R,29,MAE,625.9741303355154,1529550,cc289a63a4f23862,True,location-k4-fold3-seed0,3
seasonal,F_R,29,SS_vs_persistence,-0.005928784821331856,1529550,cc289a63a4f23862,True,location-k4-fold3-seed0,3
seasonal,F_R,29,SS_vs_seasonal,0.0,1529550,cc289a63a4f23862,True,location-k4-fold3-seed0,3
seasonal,F_R,29,SS_vs_ar,-0.0013106360345422896,1529550,cc289a63a4f23862,True,location-k4-fold3-seed0,3
seasonal,F_R,30,MSE,967031.2173700548,1529550,cc289a63a4f23862,True,location-k4-fold3-seed0,3
seasonal,F_R,30,MAE,626.1234162726706,1529550,cc289a63a4f23862,True,location-k4-fold3-seed0,3
seasonal,F_R,30,SS_vs_persistence,-0.01043414182816571,1529550,cc289a63a4f23862,True,location-k4-fold3-seed0,3
seasonal,F_R,30,SS_vs_seasonal,0.0,1529550,cc289a63a4f23862,True,location-k4-fold3-seed0,3
seasonal,F_R,30,SS_vs_ar,0.013723898521623035,1529550,cc289a63a4f23862,True,location-k4-fold3-seed0,3
seasonal,F_R,all,MSE,907881.5924724117,1529550,cc289a63a4f23862,True,location-k4-fold3-seed0,3
seasonal,F_R,all,MAE,608.4980233634062,1529550,cc289a63a4f23862,True,location-k4-fold3-seed0,3
seasonal,F_R,all,SS_vs_persistence,-0.16449138740253266,1529550,cc289a63a4f23862,True,location-k4-fold3-seed0,3
seasonal,F_R,all,SS_vs_seasonal,0.0,1529550,cc289a63a4f23862,True,location-k4-fold3-seed0,3
seasonal,F_R,all,SS_vs_ar,-0.26345061845197026,1529550,cc289a63a4f23862,True,location-k4-fold3-seed0,3
seasonal,CoPx_R,1,MSE,0.04796931455472322,1445553,cc289a63a4f23862,True,location-k4-fold3-seed0,3
seasonal,CoPx_R,1,MAE,0.09819547577799201,1445553,cc289a63a4f23862,True,location-k4-fold3-seed0,3
seasonal,CoPx_R,1,SS_vs_persistence,-0.07731006961467202,1445553,cc289a63a4f23862,True,location-k4-fold3-seed0,3
seasonal,CoPx_R,1,SS_vs_seasonal,2.0846657733386564e-11,1445553,cc289a63a4f23862,True,location-k4-fold3-seed0,3
seasonal,CoPx_R,1,SS_vs_ar,-1.4146088697798938,1445553,cc289a63a4f23862,True,location-k4-fold3-seed0,3
seasonal,CoPx_R,2,MSE,0.04972656076904265,1445553,cc289a63a4f23862,True,location-k4-fold3-seed0,3
seasonal,CoPx_R,2,MAE,0.1007236665506451,1445553,cc289a63a4f23862,True,location-k4-fold3-seed0,3
seasonal,CoPx_R,2,SS_vs_persistence,0.020709542574763096,1445553,cc289a63a4f23862,True,location-k4-fold3-seed0,3
seasonal,CoPx_R,2,SS_vs_seasonal,2.010991373424531e-11,1445553,cc289a63a4f23862,True,location-k4-fold3-seed0,3
seasonal,CoPx_R,2,SS_vs_ar,-1.4806461694097584,1445553,cc289a63a4f23862,True,location-k4-fold3-seed0,3
seasonal,CoPx_R,3,MSE,0.04848202360443169,1445553,cc289a63a4f23862,True,location-k4-fold3-seed0,3
seasonal,CoPx_R,3,MAE,0.10047188295544845,1445553,cc289a63a4f23862,True,location-k4-fold3-seed0,3
seasonal,CoPx_R,3,SS_vs_persistence,-0.015114249548536351,1445553,cc289a63a4f23862,True,location-k4-fold3-seed0,3
seasonal,CoPx_R,3,SS_vs_seasonal,2.0626167440696008e-11,1445553,cc289a63a4f23862,True,location-k4-fold3-seed0,3
seasonal,CoPx_R,3,SS_vs_ar,-1.423527801344214,1445553,cc289a63a4f23862,True,location-k4-fold3-seed0,3
seasonal,CoPx_R,4,MSE,0.049140000764901076,1445553,cc289a63a4f23862,True,location-k4-fold3-seed0,3
seasonal,CoPx_R,4,MAE,0.10087270430185141,1445553,cc289a63a4f23862,True,location-k4-fold3-seed0,3
seasonal,CoPx_R,4,SS_vs_persistence,0.021092090036555655,1445553,cc289a63a4f23862,True,location-k4-fold3-seed0,3
seasonal,CoPx_R,4,SS_vs_seasonal,2.034994395216927e-11,1445553,cc289a63a4f23862,True,location-k4-fold3-seed0,3
seasonal,CoPx_R,4,SS_vs_ar,-1.4415241970722428,1445553,cc289a63a4f23862,True,location-k4-fold3-seed0,3
seasonal,CoPx_R,5,MSE,0.04985926740818005,1445553,cc289a63a4f23862,True,location-k4-fold3-seed0,3
seasonal,CoPx_R,5,MAE,0.10170001101356134,1445553,cc289a63a4f23862,True,location-k4-fold3-seed0,3
seasonal,CoPx_R,5,SS_vs_persistence,0.055124676194202804,1445553,cc289a63a4f23862,True,location-k4-fold3-seed0,3
seasonal,CoPx_R,5,SS_vs_seasonal,2.0056400984458378e-11,1445553,cc289a63a4f23862,True,location-k4-fold3-seed0,3
seasonal,CoPx_R,5,SS_vs_ar,-1.4811565362300514,1445553,cc289a63a4f23862,True,location-k4-fold3-seed0,3
seasonal,CoPx_R,6,MSE,0.0492493081873411,1445553,cc289a63a4f23862,True,location-k4-fold3-seed0,3
seasonal,CoPx_R,6,MAE,0.10144561332265911,1445553,cc289a63a4f23862,True,location-k4-fold3-seed0,3
seasonal,CoPx_R,6,SS_vs_persistence,0.03373034987649659,1445553,cc289a63a4f23862,True,location-k4-fold3-seed0,3
seasonal,CoPx_R,6,SS_vs_seasonal,2.0304868897369488e-11,1445553,cc289a63a4f23862,True,location-k4-fold3-seed0,3
seasonal,CoPx_R,6,SS_vs_ar,-1.4415872060998791,1445553,cc289a63a4f23862,True,location-k4-fold3-seed0,3
seasonal,CoPx_R,7,MSE,0.04884651759742455,1445553,cc289a63a4f23862,True,location-k4-fold3-seed0,3
seasonal,CoPx_R,7,MAE,0.10200772157232266,1445553,cc289a63a4f23862,True,location-k4-fold3-seed0,3
seasonal,CoPx_R,7,SS_vs_persistence,0.03669907049367316,1445553,cc289a63a4f23862,True,location-k4-fold3-seed0,3
seasonal,CoPx_R,7,SS_vs_seasonal,2.047229052948296e-11,1445553,cc289a63a4f23862,True,location-k4-fold3-seed0,3
seasonal,CoPx_R,7,SS_vs_ar,-1.4185617796290666,1445553,cc289a63a4f23862,True,location-k4-fold3-seed0,3
seasonal,CoPx_R,8,MSE,0.04926429420390547,1445553,cc289a63a4f23862,True,location-k4-fold3-seed0,3
seasonal,CoPx_R,8,MAE,0.10231986528802728,1445553,cc289a63a4f23862,True,location-k4-fold3-seed0,3
seasonal,CoPx_R,8,SS_vs_persistence,0.054993821536682086,1445553,cc289a63a4f23862,True,location-k4-fold3-seed0,3
seasonal,CoPx_R,8,SS_vs_seasonal,2.0298651648431587e-11,1445553,cc289a63a4f23862,True,location-k4-fold3-seed0,3
seasonal,CoPx_R,8,SS_vs_ar,-1.4371008785236938,1445553,cc289a63a4f23862,True,location-k4-fold3-seed0,3
seasonal,CoPx_R,9,MSE,0.04887349776761378,1445553,cc289a63a4f23862,True,location-k4-fold3-seed0,3
seasonal,CoPx_R,9,MAE,0.1021632767809964,1445553,cc289a63a4f23862,True,location-k4-fold3-seed0,3
seasonal,CoPx_R,9,SS_vs_persistence,0.06779346377507744,1445553,cc289a63a4f23862,True,location-k4-fold3-seed0,3
seasonal,CoPx_R,9,SS_vs_seasonal,2.0460966254631785e-11,1445553,cc289a63a4f23862,True,location-k4-fold3-seed0,3
seasonal,CoPx_R,9,SS_vs_ar,-1.4313642938706064,1445553,cc289a63a4f23862,True,location-k4-fold3-seed0,3
seasonal,CoPx_R,10,MSE,0.04864730702385102,1445553,cc289a63a4f23862,True,location-k4-fold3-seed0,3
seasonal,CoPx_R,10,MAE,0.10181217567811024,1445553,cc289a63a4f23862,True,location-k4-fold3-seed0,3
seasonal,CoPx_R,10,SS_vs_persistence,0.05348721885829322,1445553,cc289a63a4f23862,True,location-k4-fold3-seed0,3
seasonal,CoPx_R,10,SS_vs_seasonal,2.055611236784216e-11,1445553,cc289a63a4f23862,True,location-k4-fold3-seed0,3
seasonal,CoPx_R,10,SS_vs_ar,-1.4297967307746413,1445553,cc289a63a4f23862,True,location-k4-fold3-seed0,3
seasonal,CoPx_R,11,MSE,0.049287868625794325,1445553,cc289a63a4f23862,True,location-k4-fold3-seed0,3
seasonal,CoPx_R,11,MAE,0.1025700325213478,1445553,cc289a63a4f23862,True,location-k4-fold3-seed0,3
seasonal,CoPx_R,11,SS_vs_persistence,0.06546075980726329,1445553,cc289a63a4f23862,True,location-k4-fold3-seed0,3
seasonal,CoPx_R,11,SS_vs_seasonal,2.0288992708117348e-11,1445553,cc289a63a4f23862,True,location-k4-fold3-seed0,3
seasonal,CoPx_R,11,SS_vs_ar,-1.4572580346056614,1445553,cc289a63a4f23862,True,location-k4-fold3-seed0,3
seasonal,CoPx_R,12,MSE,0.04961130279671355,1445553,cc289a63a4f23862,True,location-k4-fold3-seed0,3
seasonal,CoPx_R,12,MAE,0.10323557555324933,1445553,cc289a63a4f23862,True,location-k4-fold3-seed0,3
seasonal,CoPx_R,12,SS_vs_persistence,0.09992201700034997,1445553,cc289a63a4f23862,True,location-k4-fold3-seed0,3
seasonal,CoPx_R,12,SS_vs_seasonal,2.015665412358203e-11,1445553,cc289a63a4f23862,True,location-k4-fold3-seed0,3
seasonal,CoPx_R,12,SS_vs_ar,-1.4762774410716477,1445553,cc289a63a4f23862,True,location-k4-fold3-seed0,3
seasonal,CoPx_R,13,MSE,0.050214958551780806,1445553,cc289a63a4f23862,True,location-k4-fold3-seed0,3
seasonal,CoPx_R,13,MAE,0.10356521806236503,1445553,cc289a63a4f23862,True,location-k4-fold3-seed0,3
seasonal,CoPx_R,13,SS_vs_persistence,0.10945703235256665,1445553,cc289a63a4f23862,True,location-k4-fold3-seed0,3
seasonal,CoPx_R,13,SS_vs_seasonal,1.991440345960882e-11,1445553,cc289a63a4f23862,True,location-k4-fold3-seed0,3
seasonal,CoPx_R,13,SS_vs_ar,-1.5034528676176664,1445553,cc289a63a4f23862,True,location-k4-fold3-seed0,3
seasonal,CoPx_R,14,MSE,0.049585279073652726,1445553,cc289a63a4f23862,True,location-k4-fold3-seed0,3
seasonal,CoPx_R,14,MAE,0.10306424644381576,1445553,cc289a63a4f23862,True,location-k4-fold3-seed0,3
seasonal,CoPx_R,14,SS_vs_persistence,0.053610369626086896,1445553,cc289a63a4f23862,True,location-k4-fold3-seed0,3
seasonal,CoPx_R,14,SS_vs_seasonal,2.016720124231597e-11,1445553,cc289a63a4f23862,True,location-k4-fold3-seed0,3
seasonal,CoPx_R,14,SS_vs_ar,-1.4744013111561034,1445553,cc289a63a4f23862,True,location-k4-fold3-seed0,3
seasonal,CoPx_R,15,MSE,0.050245243454707725,1445553,cc289a63a4f23862,True,location-k4-fold3-seed0,3
seasonal,CoPx_R,15,MAE,0.10347266121138927,1445553,cc289a63a4f23862,True,location-k4-fold3-seed0,3
seasonal,CoPx_R,15,SS_vs_persistence,0.05794498507579282,1445553,cc289a63a4f23862,True,location-k4-fold3-seed0,3
seasonal,CoPx_R,15,SS_vs_seasonal,1.9902302028640406e-11,1445553,cc289a63a4f23862,True,location-k4-fold3-seed0,3
seasonal,CoPx_R,15,SS_vs_ar,-1.498024848568289,1445553,cc289a63a4f23862,True,location-k4-fold3-seed0,3
seasonal,CoPx_R,16,MSE,0.05051354051535187,1445553,cc289a63a4f23862,True,location-k4-fold3-seed0,3
seasonal,CoPx_R,16,MAE,0.10367024520589302,1445553,cc289a63a4f23862,True,location-k4-fold3-seed0,3
seasonal,CoPx_R,16,SS_vs_persistence,0.08800811957291332,1445553,cc289a63a4f23862,True,location-k4-fold3-seed0,3
seasonal,CoPx_R,16,SS_vs_seasonal,1.979660879669609e-11,1445553,cc289a63a4f23862,True,location-k4-fold3-seed0,3
seasonal,CoPx_R,16,SS_vs_ar,-1.5106852877965062,1445553,cc289a63a4f23862,True,location-k4-fold3-seed0,3
seasonal,CoPx_R,17,MSE,0.049235482239505614,1445553,cc289a63a4f23862,True,location-k4-fold3-seed0,3
seasonal,CoPx_R,17,MAE,0.1028945680280485,1445553,cc289a63a4f23862,True,location-k4-fold3-seed0,3
seasonal,CoPx_R,17,SS_vs_persistence,0.06300761044252878,1445553,cc289a63a4f23862,True,location-k4-fold3-seed0,3
seasonal,CoPx_R,17,SS_vs_seasonal,2.0310531034795076e-11,1445553,cc289a63a4f23862,True,location-k4-fold3-seed0,3
seasonal,CoPx_R,17,SS_vs_ar,-1.4551154021340973,1445553,cc289a63a4f23862,True,location-k4-fold3-seed0,3
seasonal,CoPx_R,18,MSE,0.049942915343556944,1445553,cc289a63a4f23862,True,location-k4-fold3-seed0,3
seasonal,CoPx_R,18,MAE,0.10338803559588054,1445553,cc289a63a4f23862,True,location-k4-fold3-seed0,3
seasonal,CoPx_R,18,SS_vs_persistence,0.05934662550641845,1445553,cc289a63a4f23862,True,location-k4-fold3-seed0,3
seasonal,CoPx_R,18,SS_vs_seasonal,2.0022872249114698e-11,1445553,cc289a63a4f23862,True,location-k4-fold3-seed0,3
seasonal,CoPx_R,18,SS_vs_ar,-1.498437391915338,1445553,cc289a63a4f23862,True,location-k4-fold3-seed0,3
seasonal,CoPx_R,19,MSE,0.05042413334110341,1445553,cc289a63a4f23862,True,location-k4-fold3-seed0,3
seasonal,CoPx_R,19,MAE,0.10353432230783977,1445553,cc289a63a4f23862,True,location-k4-fold3-seed0,3
seasonal,CoPx_R,19,SS_vs_persistence,0.08791385760002057,1445553,cc289a63a4f23862,True,location-k4-fold3-seed0,3
seasonal,CoPx_R,19,SS_vs_seasonal,1.983180286657671e-11,1445553,cc289a63a4f23862,True,location-k4-fold3-seed0,3
seasonal,CoPx_R,19,SS_vs_ar,-1.523345208439257,1445553,cc289a63a4f23862,True,location-k4-fold3-seed0,3
seasonal,CoPx_R,20,MSE,0.05003269746325445,1445553,cc289a63a4f23862,True,location-k4-fold3-seed0,3
seasonal,CoPx_R,20,MAE,0.10314246208451917,1445553,cc289a63a4f23862,True,location-k4-fold3-seed0,3
seasonal,CoPx_R,20,SS_vs_persistence,0.10081590900496418,1445553,cc289a63a4f23862,True,location-k4-fold3-seed0,3
seasonal,CoPx_R,20,SS_vs_seasonal,1.9986901023116843e-11,1445553,cc289a63a4f23862,True,location-k4-fold3-seed0,3
seasonal,CoPx_R,20,SS_vs_ar,-1.5109102092489555,1445553,cc289a63a4f23862,True,location-k4-fold3-seed0,3
seasonal,CoPx_R,21,MSE,0.049651384084686286,1445553,cc289a63a4f23862,True,location-k4-fold3-seed0,3
seasonal,CoPx_R,21,MAE,0.10281744112227958,1445553,cc289a63a4f23862,True,location-k4-fold3-seed0,3
seasonal,CoPx_R,21,SS_vs_persistence,0.07783853700801469,1445553,cc289a63a4f23862,True,location-k4-fold3-seed0,3
seasonal,CoPx_R,21,SS_vs_seasonal,2.0140444867422502e-11,1445553,cc289a63a4f23862,True,location-k4-fold3-seed0,3
seasonal,CoPx_R,21,SS_vs_ar,-1.4932889153700457,1445553,cc289a63a4f23862,True,location-k4-fold3-seed0,3
seasonal,CoPx_R,22,MSE,0.05013479825208421,1445553,cc289a63a4f23862,True,location-k4-fold3-seed0,3
seasonal,CoPx_R,22,MAE,0.10314569083446515,1445553,cc289a63a4f23862,True,location-k4-fold3-seed0,3
seasonal,CoPx_R,22,SS_vs_persistence,0.049316123631491626,1445553,cc289a63a4f23862,True,location-k4-fold3-seed0,3
seasonal,CoPx_R,22,SS_vs_seasonal,1.99461558381131e-11,1445553,cc289a63a4f23862,True,location-k4-fold3-seed0,3
seasonal,CoPx_R,22,SS_vs_ar,-1.5423683765340437,1445553,cc289a63a4f23862,True,location-k4-fold3-seed0,3
seasonal,CoPx_R,23,MSE,0.05064774819943273,1445553,cc289a63a4f23862,True,location-k4-fold3-seed0,3
seasonal,CoPx_R,23,MAE,0.10330778197401545,1445553,cc289a63a4f23862,True,location-k4-fold3-seed0,3
seasonal,CoPx_R,23,SS_vs_persistence,0.08431043448649678,1445553,cc289a63a4f23862,True,location-k4-fold3-seed0,3
seasonal,CoPx_R,23,SS_vs_seasonal,1.9744206269933784e-11,1445553,cc289a63a4f23862,True,location-k4-fold3-seed0,3
seasonal,CoPx_R,23,SS_vs_ar,-1.5565522371486313,1445553,cc289a63a4f23862,True,location-k4-fold3-seed0,3
seasonal,CoPx_R,24,MSE,0.05050744186269088,1445553,cc289a63a4f23862,True,location-k4-fold3-seed0,3
seasonal,CoPx_R,24,MAE,0.103436868157144,1445553,cc289a63a4f23862,True,location-k4-fold3-seed0,3
seasonal,CoPx_R,24,SS_vs_persistence,0.07974640329286475,1445553,cc289a63a4f23862,True,location-k4-fold3-seed0,3
seasonal,CoPx_R,24,SS_vs_seasonal,1.9799051287350267e-11,1445553,cc289a63a4f23862,True,location-k4-fold3-seed0,3
seasonal,CoPx_R,24,SS_vs_ar,-1.5521232733166257,1445553,cc289a63a4f23862,True,location-k4-fold3-seed0,3
seasonal,CoPx_R,25,MSE,0.05058228020145108,1445553,cc289a63a4f23862,True,location-k4-fold3-seed0,3
seasonal,CoPx_R,25,MAE,0.10331741623013355,1445553,cc289a63a4f23862,True,location-k4-fold3-seed0,3
seasonal,CoPx_R,25,SS_vs_persistence,0.04157809869863749,1445553,cc289a63a4f23862,True,location-k4-fold3-seed0,3
seasonal,CoPx_R,25,SS_vs_seasonal,1.9769741399500163e-11,1445553,cc289a63a4f23862,True,location-k4-fold3-seed0,3
seasonal,CoPx_R,25,SS_vs_ar,-1.5645152173938652,1445553,cc289a63a4f23862,True,location-k4-fold3-seed0,3
seasonal,CoPx_R,26,MSE,0.051137307640976314,1445553,cc289a63a4f23862,True,location-k4-fold3-seed0,3
seasonal,CoPx_R,26,MAE,0.10355658836134043,1445553,cc289a63a4f23862,True,location-k4-fold3-seed0,3
seasonal,CoPx_R,26,SS_vs_persistence,0.09812655602930032,1445553,cc289a63a4f23862,True,location-k4-fold3-seed0,3
seasonal,CoPx_R,26,SS_vs_seasonal,1.955513528884012e-11,1445553,cc289a63a4f23862,True,location-k4-fold3-seed0,3
seasonal,CoPx_R,26,SS_vs_ar,-1.58737439208479,1445553,cc289a63a4f23862,True,location-k4-fold3-seed0,3
seasonal,CoPx_R,27,MSE,0.05137279623231142,1445553,cc289a63a4f23862,True,location-k4-fold3-seed0,3
seasonal,CoPx_R,27,MAE,0.10386591691757074,1445553,cc289a63a4f23862,True,location-k4-fold3-seed0,3
seasonal,CoPx_R,27,SS_vs_persistence,0.10359338738664492,1445553,cc289a63a4f23862,True,location-k4-fold3-seed0,3
seasonal,CoPx_R,27,SS_vs_seasonal,1.946554029075287e-11,1445553,cc289a63a4f23862,True,location-k4-fold3-seed0,3
seasonal,CoPx_R,27,SS_vs_ar,-1.5994527803072884,1445553,cc289a63a4f23862,True,location-k4-fold3-seed0,3
seasonal,CoPx_R,28,MSE,0.051754411686297644,1445553,cc289a63a4f23862,True,location-k4-fold3-seed0,3
seasonal,CoPx_R,28,MAE,0.10391202151224319,1445553,cc289a63a4f23862,True,location-k4-fold3-seed0,3
seasonal,CoPx_R,28,SS_vs_persistence,0.06536301578130921,1445553,cc289a63a4f23862,True,location-k4-fold3-seed0,3
seasonal,CoPx_R,28,SS_vs_seasonal,1.9321988453668837e-11,1445553,cc289a63a4f23862,True,location-k4-fold3-seed0,3
seasonal,CoPx_R,28,SS_vs_ar,-1.609464594774939,1445553,cc289a63a4f23862,True,location-k4-fold3-seed0,3
seasonal,CoPx_R,29,MSE,0.05181700522209203,1445553,cc289a63a4f23862,True,location-k4-fold3-seed0,3
seasonal,CoPx_R,29,MAE,0.10413099475725773,1445553,cc289a63a4f23862,True,location-k4-fold3-seed0,3
seasonal,CoPx_R,29,SS_vs_persistence,0.09467913572745712,1445553,cc289a63a4f23862,True,location-k4-fold3-seed0,3
seasonal,CoPx_R,29,SS_vs_seasonal,1.929867377015171e-11,1445553,cc289a63a4f23862,True,location-k4-fold3-seed0,3
seasonal,CoPx_R,29,SS_vs_ar,-1.616860363704617,1445553,cc289a63a4f23862,True,location-k4-fold3-seed0,3
seasonal,CoPx_R,30,MSE,0.05259704645244754,1445553,cc289a63a4f23862,True,location-k4-fold3-seed0,3
seasonal,CoPx_R,30,MAE,0.10444579005878393,1445553,cc289a63a4f23862,True,location-k4-fold3-seed0,3
seasonal,CoPx_R,30,SS_vs_persistence,0.10405702079871837,1445553,cc289a63a4f23862,True,location-k4-fold3-seed0,3
seasonal,CoPx_R,30,SS_vs_seasonal,1.9012458274403343e-11,1445553,cc289a63a4f23862,True,location-k4-fold3-seed0,3
seasonal,CoPx_R,30,SS_vs_ar,-1.6662049936087318,1445553,cc289a63a4f23862,True,location-k4-fold3-seed0,3
seasonal,CoPx_R,all,MSE,0.04997904863447205,1445553,cc289a63a4f23862,True,location-k4-fold3-seed0,3
seasonal,CoPx_R,all,MAE,0.10267349704800444,1445553,cc289a63a4f23862,True,location-k4-fold3-seed0,3
seasonal,CoPx_R,all,SS_vs_persistence,0.06319248043159242,1445553,cc289a63a4f23862,True,location-k4-fold3-seed0,3
seasonal,CoPx_R,all,SS_vs_seasonal,2.000832832749211e-11,1445553,cc289a63a4f23862,True,location-k4-fold3-seed0,3
seasonal,CoPx_R,all,SS_vs_ar,-1.5028516851845835,1445553,cc289a63a4f23862,True,location-k4-fold3-seed0,3
seasonal,CoPy_R,1,MSE,0.03679156570513321,1445553,cc289a63a4f23862,True,location-k4-fold3-seed0,3
seasonal,CoPy_R,1,MAE,0.11004783253695817,1445553,cc289a63a4f23862,True,location-k4-fold3-seed0,3
seasonal,CoPy_R,1,SS_vs_persistence,-0.038674911460195194,1445553,cc289a63a4f23862,True,location-k4-fold3-seed0,3
seasonal,CoPy_R,1,SS_vs_seasonal,2.7180147021965695e-11,1445553,cc289a63a4f23862,True,location-k4-fold3-seed0,3
seasonal,CoPy_R,1,SS_vs_ar,-0.8251897291477146,1445553,cc289a63a4f23862,True,location-k4-fold3-seed0,3
seasonal,CoPy_R,2,MSE,0.03836542123944436,1445553,cc289a63a4f23862,True,location-k4-fold3-seed0,3
seasonal,CoPy_R,2,MAE,0.11308959840331965,1445553,cc289a63a4f23862,True,location-k4-fold3-seed0,3
seasonal,CoPy_R,2,SS_vs_persistence,0.06397500158644054,1445553,cc289a63a4f23862,True,location-k4-fold3-seed0,3
seasonal,CoPy_R,2,SS_vs_seasonal,2.606515003833465e-11,1445553,cc289a63a4f23862,True,location-k4-fold3-seed0,3
seasonal,CoPy_R,2,SS_vs_ar,-0.8671694764876217,1445553,cc289a63a4f23862,True,location-k4-fold3-seed0,3
seasonal,CoPy_R,3,MSE,0.03912628020386735,1445553,cc289a63a4f23862,True,location-k4-fold3-seed0,3
seasonal,CoPy_R,3,MAE,0.11400381991952323,1445553,cc289a63a4f23862,True,location-k4-fold3-seed0,3
seasonal,CoPy_R,3,SS_vs_persistence,0.08079059138011235,1445553,cc289a63a4f23862,True,location-k4-fold3-seed0,3
seasonal,CoPy_R,3,SS_vs_seasonal,2.5558222205290804e-11,1445553,cc289a63a4f23862,True,location-k4-fold3-seed0,3
seasonal,CoPy_R,3,SS_vs_ar,-0.898698743394692,1445553,cc289a63a4f23862,True,location-k4-fold3-seed0,3
seasonal,CoPy_R,4,MSE,0.039437478878041644,1445553,cc289a63a4f23862,True,location-k4-fold3-seed0,3
seasonal,CoPy_R,4,MAE,0.11455506739990313,1445553,cc289a63a4f23862,True,location-k4-fold3-seed0,3
seasonal,CoPy_R,4,SS_vs_persistence,0.08798123230610122,1445553,cc289a63a4f23862,True,location-k4-fold3-seed0,3
seasonal,CoPy_R,4,SS_vs_seasonal,2.5356605704018875e-11,1445553,cc289a63a4f23862,True,location-k4-fold3-seed0,3
seasonal,CoPy_R,4,SS_vs_ar,-0.9163405525132942,1445553,cc289a63a4f23862,True,location-k4-fold3-seed0,3
seasonal,CoPy_R,5,MSE,0.03899740919274726,1445553,cc289a63a4f23862,True,location-k4-fold3-seed0,3
seasonal,CoPy_R,5,MAE,0.11410312703319621,1445553,cc289a63a4f23862,True,location-k4-fold3-seed0,3
seasonal,CoPy_R,5,SS_vs_persistence,0.09680391071850836,1445553,cc289a63a4f23862,True,location-k4-fold3-seed0,3
seasonal,CoPy_R,5,SS_vs_seasonal,2.5642710177464778e-11,1445553,cc289a63a4f23862,True,location-k4-fold3-seed0,3
seasonal,CoPy_R,5,SS_vs_ar,-0.898353154921715,1445553,cc289a63a4f23862,True,location-k4-fold3-seed0,3
seasonal,CoPy_R,6,MSE,0.03861947983096445,1445553,cc289a63a4f23862,True,location-k4-fold3-seed0,3
seasonal,CoPy_R,6,MAE,0.11340900578796205,1445553,cc289a63a4f23862,True,location-k4-fold3-seed0,3
seasonal,CoPy_R,6,SS_vs_persistence,0.09178655215863596,1445553,cc289a63a4f23862,True,location-k4-fold3-seed0,3
seasonal,CoPy_R,6,SS_vs_seasonal,2.5893620581030063e-11,1445553,cc289a63a4f23862,True,location-k4-fold3-seed0,3
seasonal,CoPy_R,6,SS_vs_ar,-0.8790445670700928,1445553,cc289a63a4f23862,True,location-k4-fold3-seed0,3
seasonal,CoPy_R,7,MSE,0.03836654927326679,1445553,cc289a63a4f23862,True,location-k4-fold3-seed0,3
seasonal,CoPy_R,7,MAE,0.11332390979446162,1445553,cc289a63a4f23862,True,location-k4-fold3-seed0,3
seasonal,CoPy_R,7,SS_vs_persistence,0.06520995591224166,1445553,cc289a63a4f23862,True,location-k4-fold3-seed0,3
seasonal,CoPy_R,7,SS_vs_seasonal,2.6064372882217413e-11,1445553,cc289a63a4f23862,True,location-k4-fold3-seed0,3
seasonal,CoPy_R,7,SS_vs_ar,-0.8705952200595,1445553,cc289a63a4f23862,True,location-k4-fold3-seed0,3
seasonal,CoPy_R,8,MSE,0.038127587693528954,1445553,cc289a63a4f23862,True,location-k4-fold3-seed0,3
seasonal,CoPy_R,8,MAE,0.11296540082517466,1445553,cc289a63a4f23862,True,location-k4-fold3-seed0,3
seasonal,CoPy_R,8,SS_vs_persistence,0.06573599196682911,1445553,cc289a63a4f23862,True,location-k4-fold3-seed0,3
seasonal,CoPy_R,8,SS_vs_seasonal,2.6227686689139773e-11,1445553,cc289a63a4f23862,True,location-k4-fold3-seed0,3
seasonal,CoPy_R,8,SS_vs_ar,-0.8613319940505075,1445553,cc289a63a4f23862,True,location-k4-fold3-seed0,3
seasonal,CoPy_R,9,MSE,0.03820986201681234,1445553,cc289a63a4f23862,True,location-k4-fold3-seed0,3
seasonal,CoPy_R,9,MAE,0.11290643114646153,1445553,cc289a63a4f23862,True,location-k4-fold3-seed0,3
seasonal,CoPy_R,9,SS_vs_persistence,0.06326039545837814,1445553,cc289a63a4f23862,True,location-k4-fold3-seed0,3
seasonal,CoPy_R,9,SS_vs_seasonal,2.6171176337186353e-11,1445553,cc289a63a4f23862,True,location-k4-fold3-seed0,3
seasonal,CoPy_R,9,SS_vs_ar,-0.862756044958501,1445553,cc289a63a4f23862,True,location-k4-fold3-seed0,3
seasonal,CoPy_R,10,MSE,0.03830430725304769,1445553,cc289a63a4f23862,True,location-k4-fold3-seed0,3
seasonal,CoPy_R,10,MAE,0.11321739695572389,1445553,cc289a63a4f23862,True,location-k4-fold3-seed0,3
seasonal,CoPy_R,10,SS_vs_persistence,0.07263706503213285,1445553,cc289a63a4f23862,True,location-k4-fold3-seed0,3
seasonal,CoPy_R,10,SS_vs_seasonal,2.610667237945563e-11,1445553,cc289a63a4f23862,True,location-k4-fold3-seed0,3
seasonal,CoPy_R,10,SS_vs_ar,-0.8597005638765183,1445553,cc289a63a4f23862,True,location-k4-fold3-seed0,3
seasonal,CoPy_R,11,MSE,0.038175130974184415,1445553,cc289a63a4f23862,True,location-k4-fold3-seed0,3
seasonal,CoPy_R,11,MAE,0.11319099414451718,1445553,cc289a63a4f23862,True,location-k4-fold3-seed0,3
seasonal,CoPy_R,11,SS_vs_persistence,0.07643149279427475,1445553,cc289a63a4f23862,True,location-k4-fold3-seed0,3
seasonal,CoPy_R,11,SS_vs_seasonal,2.6195046132215793e-11,1445553,cc289a63a4f23862,True,location-k4-fold3-seed0,3
seasonal,CoPy_R,11,SS_vs_ar,-0.851250604287618,1445553,cc289a63a4f23862,True,location-k4-fold3-seed0,3
seasonal,CoPy_R,12,MSE,0.03840770394844115,1445553,cc289a63a4f23862,True,location-k4-fold3-seed0,3
seasonal,CoPy_R,12,MAE,0.11338516893102213,1445553,cc289a63a4f23862,True,location-k4-fold3-seed0,3
seasonal,CoPy_R,12,SS_vs_persistence,0.08592536870170941,1445553,cc289a63a4f23862,True,location-k4-fold3-seed0,3
seasonal,CoPy_R,12,SS_vs_seasonal,2.603639526199686e-11,1445553,cc289a63a4f23862,True,location-k4-fold3-seed0,3
seasonal,CoPy_R,12,SS_vs_ar,-0.8640246688968305,1445553,cc289a63a4f23862,True,location-k4-fold3-seed0,3
seasonal,CoPy_R,13,MSE,0.03837328601618405,1445553,cc289a63a4f23862,True,location-k4-fold3-seed0,3
seasonal,CoPy_R,13,MAE,0.11323097324822998,1445553,cc289a63a4f23862,True,location-k4-fold3-seed0,3
seasonal,CoPy_R,13,SS_vs_persistence,0.09630359596296878,1445553,cc289a63a4f23862,True,location-k4-fold3-seed0,3
seasonal,CoPy_R,13,SS_vs_seasonal,2.6059709945513987e-11,1445553,cc289a63a4f23862,True,location-k4-fold3-seed0,3
seasonal,CoPy_R,13,SS_vs_ar,-0.8593728448855993,1445553,cc289a63a4f23862,True,location-k4-fold3-seed0,3
seasonal,CoPy_R,14,MSE,0.0386277603021575,1445553,cc289a63a4f23862,True,location-k4-fold3-seed0,3
seasonal,CoPy_R,14,MAE,0.11325907518322903,1445553,cc289a63a4f23862,True,location-k4-fold3-seed0,3
seasonal,CoPy_R,14,SS_vs_persistence,0.08909603064679328,1445553,cc289a63a4f23862,True,location-k4-fold3-seed0,3
seasonal,CoPy_R,14,SS_vs_seasonal,2.5888069465906938e-11,1445553,cc289a63a4f23862,True,location-k4-fold3-seed0,3
seasonal,CoPy_R,14,SS_vs_ar,-0.8705252129645078,1445553,cc289a63a4f23862,True,location-k4-fold3-seed0,3
seasonal,CoPy_R,15,MSE,0.03851635131076933,1445553,cc289a63a4f23862,True,location-k4-fold3-seed0,3
seasonal,CoPy_R,15,MAE,0.112982447592497,1445553,cc289a63a4f23862,True,location-k4-fold3-seed0,3
seasonal,CoPy_R,15,SS_vs_persistence,0.05379007665429392,1445553,cc289a63a4f23862,True,location-k4-fold3-seed0,3
seasonal,CoPy_R,15,SS_vs_seasonal,2.5963009520069136e-11,1445553,cc289a63a4f23862,True,location-k4-fold3-seed0,3
seasonal,CoPy_R,15,SS_vs_ar,-0.8652856746715964,1445553,cc289a63a4f23862,True,location-k4-fold3-seed0,3
seasonal,CoPy_R,16,MSE,0.038268134700751355,1445553,cc289a63a4f23862,True,location-k4-fold3-seed0,3
seasonal,CoPy_R,16,MAE,0.11285983095028952,1445553,cc289a63a4f23862,True,location-k4-fold3-seed0,3
seasonal,CoPy_R,16,SS_vs_persistence,0.06725351290550807,1445553,cc289a63a4f23862,True,location-k4-fold3-seed0,3
seasonal,CoPy_R,16,SS_vs_seasonal,2.613131933060231e-11,1445553,cc289a63a4f23862,True,location-k4-fold3-seed0,3
seasonal,CoPy_R,16,SS_vs_ar,-0.8451226573089381,1445553,cc289a63a4f23862,True,location-k4-fold3-seed0,3
seasonal,CoPy_R,17,MSE,0.03803881510657039,1445553,cc289a63a4f23862,True,location-k4-fold3-seed0,3
seasonal,CoPy_R,17,MAE,0.11288522642133113,1445553,cc289a63a4f23862,True,location-k4-fold3-seed0,3
seasonal,CoPy_R,17,SS_vs_persistence,0.08063300792738759,1445553,cc289a63a4f23862,True,location-k4-fold3-seed0,3
seasonal,CoPy_R,17,SS_vs_seasonal,2.628885997779662e-11,1445553,cc289a63a4f23862,True,location-k4-fold3-seed0,3
seasonal,CoPy_R,17,SS_vs_ar,-0.8409833709852117,1445553,cc289a63a4f23862,True,location-k4-fold3-seed0,3
seasonal,CoPy_R,18,MSE,0.038007517041062734,1445553,cc289a63a4f23862,True,location-k4-fold3-seed0,3
seasonal,CoPy_R,18,MAE,0.11287686275077363,1445553,cc289a63a4f23862,True,location-k4-fold3-seed0,3
seasonal,CoPy_R,18,SS_vs_persistence,0.0870496528331196,1445553,cc289a63a4f23862,True,location-k4-fold3-seed0,3
seasonal,CoPy_R,18,SS_vs_seasonal,2.631050932677681e-11,1445553,cc289a63a4f23862,True,location-k4-fold3-seed0,3
seasonal,CoPy_R,18,SS_vs_ar,-0.8456802642087,1445553,cc289a63a4f23862,True,location-k4-fold3-seed0,3
seasonal,CoPy_R,19,MSE,0.03804344584505752,1445553,cc289a63a4f23862,True,location-k4-fold3-seed0,3
seasonal,CoPy_R,19,MAE,0.11281294686841505,1445553,cc289a63a4f23862,True,location-k4-fold3-seed0,3
seasonal,CoPy_R,19,SS_vs_persistence,0.0975770169789748,1445553,cc289a63a4f23862,True,location-k4-fold3-seed0,3
seasonal,CoPy_R,19,SS_vs_seasonal,2.628575135332767e-11,1445553,cc289a63a4f23862,True,location-k4-fold3-seed0,3
seasonal,CoPy_R,19,SS_vs_ar,-0.851515126373225,1445553,cc289a63a4f23862,True,location-k4-fold3-seed0,3
seasonal,CoPy_R,20,MSE,0.03811950601069959,1445553,cc289a63a4f23862,True,location-k4-fold3-seed0,3
seasonal,CoPy_R,20,MAE,0.11295710140811734,1445553,cc289a63a4f23862,True,location-k4-fold3-seed0,3
seasonal,CoPy_R,20,SS_vs_persistence,0.10555635764388549,1445553,cc289a63a4f23862,True,location-k4-fold3-seed0,3
seasonal,CoPy_R,20,SS_vs_seasonal,2.62332378042629e-11,1445553,cc289a63a4f23862,True,location-k4-fold3-seed0,3
seasonal,CoPy_R,20,SS_vs_ar,-0.8498142520388894,1445553,cc289a63a4f23862,True,location-k4-fold3-seed0,3
seasonal,CoPy_R,21,MSE,0.03850787343092876,1445553,cc289a63a4f23862,True,location-k4-fold3-seed0,3
seasonal,CoPy_R,21,MAE,0.11345177102067365,1445553,cc289a63a4f23862,True,location-k4-fold3-seed0,3
seasonal,CoPy_R,21,SS_vs_persistence,0.10123582492446648,1445553,cc289a63a4f23862,True,location-k4-fold3-seed0,3
seasonal,CoPy_R,21,SS_vs_seasonal,2.5968671657494724e-11,1445553,cc289a63a4f23862,True,location-k4-fold3-seed0,3
seasonal,CoPy_R,21,SS_vs_ar,-0.8639187881961579,1445553,cc289a63a4f23862,True,location-k4-fold3-seed0,3
seasonal,CoPy_R,22,MSE,0.03852688070776087,1445553,cc289a63a4f23862,True,location-k4-fold3-seed0,3
seasonal,CoPy_R,22,MAE,0.11339212629124619,1445553,cc289a63a4f23862,True,location-k4-fold3-seed0,3
seasonal,CoPy_R,22,SS_vs_persistence,0.09169628178786049,1445553,cc289a63a4f23862,True,location-k4-fold3-seed0,3
seasonal,CoPy_R,22,SS_vs_seasonal,2.5955904092711535e-11,1445553,cc289a63a4f23862,True,location-k4-fold3-seed0,3
seasonal,CoPy_R,22,SS_vs_ar,-0.8636083663317711,1445553,cc289a63a4f23862,True,location-k4-fold3-seed0,3
seasonal,CoPy_R,23,MSE,0.03852838249798105,1445553,cc289a63a4f23862,True,location-k4-fold3-seed0,3
seasonal,CoPy_R,23,MAE,0.11322918724116526,1445553,cc289a63a4f23862,True,location-k4-fold3-seed0,3
seasonal,CoPy_R,23,SS_vs_persistence,0.0739787508074764,1445553,cc289a63a4f23862,True,location-k4-fold3-seed0,3
seasonal,CoPy_R,23,SS_vs_seasonal,2.5954904891989372e-11,1445553,cc289a63a4f23862,True,location-k4-fold3-seed0,3
seasonal,CoPy_R,23,SS_vs_ar,-0.8608957982938956,1445553,cc289a63a4f23862,True,location-k4-fold3-seed0,3
seasonal,CoPy_R,24,MSE,0.03818565777538368,1445553,cc289a63a4f23862,True,location-k4-fold3-seed0,3
seasonal,CoPy_R,24,MAE,0.11307274078971796,1445553,cc289a63a4f23862,True,location-k4-fold3-seed0,3
seasonal,CoPy_R,24,SS_vs_persistence,0.07573086942396823,1445553,cc289a63a4f23862,True,location-k4-fold3-seed0,3
seasonal,CoPy_R,24,SS_vs_seasonal,2.618782968255573e-11,1445553,cc289a63a4f23862,True,location-k4-fold3-seed0,3
seasonal,CoPy_R,24,SS_vs_ar,-0.854542349007015,1445553,cc289a63a4f23862,True,location-k4-fold3-seed0,3
seasonal,CoPy_R,25,MSE,0.03811481913296783,1445553,cc289a63a4f23862,True,location-k4-fold3-seed0,3
seasonal,CoPy_R,25,MAE,0.11283333407510379,1445553,cc289a63a4f23862,True,location-k4-fold3-seed0,3
seasonal,CoPy_R,25,SS_vs_persistence,0.05431178373690326,1445553,cc289a63a4f23862,True,location-k4-fold3-seed0,3
seasonal,CoPy_R,25,SS_vs_seasonal,2.6236457451034312e-11,1445553,cc289a63a4f23862,True,location-k4-fold3-seed0,3
seasonal,CoPy_R,25,SS_vs_ar,-0.8455142433230376,1445553,cc289a63a4f23862,True,location-k4-fold3-seed0,3
seasonal,CoPy_R,26,MSE,0.03853791723989646,1445553,cc289a63a4f23862,True,location-k4-fold3-seed0,3
seasonal,CoPy_R,26,MAE,0.11320108692775166,1445553,cc289a63a4f23862,True,location-k4-fold3-seed0,3
seasonal,CoPy_R,26,SS_vs_persistence,0.09480031669087541,1445553,cc289a63a4f23862,True,location-k4-fold3-seed0,3
seasonal,CoPy_R,26,SS_vs_seasonal,2.5948465598446546e-11,1445553,cc289a63a4f23862,True,location-k4-fold3-seed0,3
seasonal,CoPy_R,26,SS_vs_ar,-0.8599912871678155,1445553,cc289a63a4f23862,True,location-k4-fold3-seed0,3
seasonal,CoPy_R,27,MSE,0.03872436677787095,1445553,cc289a63a4f23862,True,location-k4-fold3-seed0,3
seasonal,CoPy_R,27,MAE,0.11359980758672601,1445553,cc289a63a4f23862,True,location-k4-fold3-seed0,3
seasonal,CoPy_R,27,SS_vs_persistence,0.12771009573314707,1445553,cc289a63a4f23862,True,location-k4-fold3-seed0,3
seasonal,CoPy_R,27,SS_vs_seasonal,2.5823454485873754e-11,1445553,cc289a63a4f23862,True,location-k4-fold3-seed0,3
seasonal,CoPy_R,27,SS_vs_ar,-0.8707243270524214,1445553,cc289a63a4f23862,True,location-k4-fold3-seed0,3
seasonal,CoPy_R,28,MSE,0.038791641829706076,1445553,cc289a63a4f23862,True,location-k4-fold3-seed0,3
seasonal,CoPy_R,28,MAE,0.1137239329033127,1445553,cc289a63a4f23862,True,location-k4-fold3-seed0,3
seasonal,CoPy_R,28,SS_vs_persistence,0.13775486174981844,1445553,cc289a63a4f23862,True,location-k4-fold3-seed0,3
seasonal,CoPy_R,28,SS_vs_seasonal,2.577871249798136e-11,1445553,cc289a63a4f23862,True,location-k4-fold3-seed0,3
seasonal,CoPy_R,28,SS_vs_ar,-0.8693167525557368,1445553,cc289a63a4f23862,True,location-k4-fold3-seed0,3
seasonal,CoPy_R,29,MSE,0.039011828298818774,1445553,cc289a63a4f23862,True,location-k4-fold3-seed0,3
seasonal,CoPy_R,29,MAE,0.11373778592518237,1445553,cc289a63a4f23862,True,location-k4-fold3-seed0,3
seasonal,CoPy_R,29,SS_vs_persistence,0.13351713066527238,1445553,cc289a63a4f23862,True,location-k4-fold3-seed0,3
seasonal,CoPy_R,29,SS_vs_seasonal,2.5633273281755464e-11,1445553,cc289a63a4f23862,True,location-k4-fold3-seed0,3
seasonal,CoPy_R,29,SS_vs_ar,-0.8802878447427036,1445553,cc289a63a4f23862,True,location-k4-fold3-seed0,3
seasonal,CoPy_R,30,MSE,0.03886135896629513,1445553,cc289a63a4f23862,True,location-k4-fold3-seed0,3
seasonal,CoPy_R,30,MAE,0.11321478192332843,1445553,cc289a63a4f23862,True,location-k4-fold3-seed0,3
seasonal,CoPy_R,30,SS_vs_persistence,0.10232866000555008,1445553,cc289a63a4f23862,True,location-k4-fold3-seed0,3
seasonal,CoPy_R,30,SS_vs_seasonal,2.573241619785449e-11,1445553,cc289a63a4f23862,True,location-k4-fold3-seed0,3
seasonal,CoPy_R,30,SS_vs_ar,-0.8785070461465783,1445553,cc289a63a4f23862,True,location-k4-fold3-seed0,3
seasonal,CoPy_R,all,MSE,0.0384238364332249,1445553,cc289a63a4f23862,True,location-k4-fold3-seed0,3
seasonal,CoPy_R,all,MAE,0.11318397088463018,1445553,cc289a63a4f23862,True,location-k4-fold3-seed0,3
seasonal,CoPy_R,all,SS_vs_persistence,0.08396285381272939,1445553,cc289a63a4f23862,True,location-k4-fold3-seed0,3
seasonal,CoPy_R,all,SS_vs_seasonal,2.6025515076355532e-11,1445553,cc289a63a4f23862,True,location-k4-fold3-seed0,3
seasonal,CoPy_R,all,SS_vs_ar,-0.8643541391663654,1445553,cc289a63a4f23862,True,location-k4-fold3-seed0,3
ar,F_R,1,MSE,370210.3305738287,1529550,cc289a63a4f23862,True,location-k4-fold3-seed0,3
ar,F_R,1,MAE,396.55568716816697,1529550,cc289a63a4f23862,True,location-k4-fold3-seed0,3
ar,F_R,1,SS_vs_persistence,0.26959922773324496,1529550,cc289a63a4f23862,True,location-k4-fold3-seed0,3
ar,F_R,1,SS_vs_seasonal,0.539780624734765,1529550,cc289a63a4f23862,True,location-k4-fold3-seed0,3
ar,F_R,1,SS_vs_ar,0.0,1529550,cc289a63a4f23862,True,location-k4-fold3-seed0,3
ar,F_R,2,MSE,418724.2767251453,1529550,cc289a63a4f23862,True,location-k4-fold3-seed0,3
ar,F_R,2,MAE,425.93068248688536,1529550,cc289a63a4f23862,True,location-k4-fold3-seed0,3
ar,F_R,2,SS_vs_persistence,0.26910901515772223,1529550,cc289a63a4f23862,True,location-k4-fold3-seed0,3
ar,F_R,2,SS_vs_seasonal,0.4905048249282671,1529550,cc289a63a4f23862,True,location-k4-fold3-seed0,3
ar,F_R,2,SS_vs_ar,0.0,1529550,cc289a63a4f23862,True,location-k4-fold3-seed0,3
ar,F_R,3,MSE,449350.2105157582,1529550,cc289a63a4f23862,True,location-k4-fold3-seed0,3
ar,F_R,3,MAE,443.3222164872689,1529550,cc289a63a4f23862,True,location-k4-fold3-seed0,3
ar,F_R,3,SS_vs_persistence,0.25770832783675857,1529550,cc289a63a4f23862,True,location-k4-fold3-seed0,3
ar,F_R,3,SS_vs_seasonal,0.4609153583862795,1529550,cc289a63a4f23862,True,location-k4-fold3-seed0,3
ar,F_R,3,SS_vs_ar,0.0,1529550,cc289a63a4f23862,True,location-k4-fold3-seed0,3
ar,F_R,4,MSE,476023.1076535319,1529550,cc289a63a4f23862,True,location-k4-fold3-seed0,3
ar,F_R,4,MAE,456.9870577443486,1529550,cc289a63a4f23862,True,location-k4-fold3-seed0,3
ar,F_R,4,SS_vs_persistence,0.23110404068855472,1529550,cc289a63a4f23862,True,location-k4-fold3-seed0,3
ar,F_R,4,SS_vs_seasonal,0.4320684777717806,1529550,cc289a63a4f23862,True,location-k4-fold3-seed0,3
ar,F_R,4,SS_vs_ar,0.0,1529550,cc289a63a4f23862,True,location-k4-fold3-seed0,3
ar,F_R,5,MSE,504938.2861573116,1529550,cc289a63a4f23862,True,location-k4-fold3-seed0,3
ar,F_R,5,MAE,470.9659522160708,1529550,cc289a63a4f23862,True,location-k4-fold3-seed0,3
ar,F_R,5,SS_vs_persistence,0.22171781030131044,1529550,cc289a63a4f23862,True,location-k4-fold3-seed0,3
ar,F_R,5,SS_vs_seasonal,0.403500548580943,1529550,cc289a63a4f23862,True,location-k4-fold3-seed0,3
ar,F_R,5,SS_vs_ar,0.0,1529550,cc289a63a4f23862,True,location-k4-fold3-seed0,3
ar,F_R,6,MSE,525276.1773783598,1529550,cc289a63a4f23862,True,location-k4-fold3-seed0,3
ar,F_R,6,MAE,479.64964681892195,1529550,cc289a63a4f23862,True,location-k4-fold3-seed0,3
ar,F_R,6,SS_vs_persistence,0.19286474613218996,1529550,cc289a63a4f23862,True,location-k4-fold3-seed0,3
ar,F_R,6,SS_vs_seasonal,0.381961636336985,1529550,cc289a63a4f23862,True,location-k4-fold3-seed0,3
ar,F_R,6,SS_vs_ar,0.0,1529550,cc289a63a4f23862,True,location-k4-fold3-seed0,3
ar,F_R,7,MSE,550673.6260130586,1529550,cc289a63a4f23862,True,location-k4-fold3-seed0,3
ar,F_R,7,MAE,491.55751246354384,1529550,cc289a63a4f23862,True,location-k4-fold3-seed0,3
ar,F_R,7,SS_vs_persistence,0.1913104521855542,1529550,cc289a63a4f23862,True,location-k4-fold3-seed0,3
ar,F_R,7,SS_vs_seasonal,0.35880024816205924,1529550,cc289a63a4f23862,True,location-k4-fold3-seed0,3
ar,F_R,7,SS_vs_ar,0.0,1529550,cc289a63a4f23862,True,location-k4-fold3-seed0,3
ar,F_R,8,MSE,572172.1465535728,1529550,cc289a63a4f23862,True,location-k4-fold3-seed0,3
ar,F_R,8,MAE,500.27264783664356,1529550,cc289a63a4f23862,True,location-k4-fold3-seed0,3
ar,F_R,8,SS_vs_persistence,0.16831140426320557,1529550,cc289a63a4f23862,True,location-k4-fold3-seed0,3
ar,F_R,8,SS_vs_seasonal,0.33810188234068994,1529550,cc289a63a4f23862,True,location-k4-fold3-seed0,3
ar,F_R,8,SS_vs_ar,0.0,1529550,cc289a63a4f23862,True,location-k4-fold3-seed0,3
ar,F_R,9,MSE,592237.1165433751,1529550,cc289a63a4f23862,True,location-k4-fold3-seed0,3
ar,F_R,9,MAE,508.6350591943758,1529550,cc289a63a4f23862,True,location-k4-fold3-seed0,3
ar,F_R,9,SS_vs_persistence,0.150972256308608,1529550,cc289a63a4f23862,True,location-k4-fold3-seed0,3
ar,F_R,9,SS_vs_seasonal,0.3173078132434578,1529550,cc289a63a4f23862,True,location-k4-fold3-seed0,3
ar,F_R,9,SS_vs_ar,0.0,1529550,cc289a63a4f23862,True,location-k4-fold3-seed0,3
ar,F_R,10,MSE,611317.6745679952,1529550,cc289a63a4f23862,True,location-k4-fold3-seed0,3
ar,F_R,10,MAE,516.1267964160212,1529550,cc289a63a4f23862,True,location-k4-fold3-seed0,3
ar,F_R,10,SS_vs_persistence,0.1224376812003517,1529550,cc289a63a4f23862,True,location-k4-fold3-seed0,3
ar,F_R,10,SS_vs_seasonal,0.2969116281447026,1529550,cc289a63a4f23862,True,location-k4-fold3-seed0,3
ar,F_R,10,SS_vs_ar,0.0,1529550,cc289a63a4f23862,True,location-k4-fold3-seed0,3
ar,F_R,11,MSE,638081.1099166514,1529550,cc289a63a4f23862,True,location-k4-fold3-seed0,3
ar,F_R,11,MAE,528.0117558977765,1529550,cc289a63a4f23862,True,location-k4-fold3-seed0,3
ar,F_R,11,SS_vs_persistence,0.11260470550156498,1529550,cc289a63a4f23862,True,location-k4-fold3-seed0,3
ar,F_R,11,SS_vs_seasonal,0.27749392946459783,1529550,cc289a63a4f23862,True,location-k4-fold3-seed0,3
ar,F_R,11,SS_vs_ar,0.0,1529550,cc289a63a4f23862,True,location-k4-fold3-seed0,3
ar,F_R,12,MSE,659171.2056903372,1529550,cc289a63a4f23862,True,location-k4-fold3-seed0,3
ar,F_R,12,MAE,535.7777827422674,1529550,cc289a63a4f23862,True,location-k4-fold3-seed0,3
ar,F_R,12,SS_vs_persistence,0.10442992941993723,1529550,cc289a63a4f23862,True,location-k4-fold3-seed0,3
ar,F_R,12,SS_vs_seasonal,0.2583322577750268,1529550,cc289a63a4f23862,True,location-k4-fold3-seed0,3
ar,F_R,12,SS_vs_ar,0.0,1529550,cc289a63a4f23862,True,location-k4-fold3-seed0,3
ar,F_R,13,MSE,673151.269937613,1529550,cc289a63a4f23862,True,location-k4-fold3-seed0,3
ar,F_R,13,MAE,540.8513513652011,1529550,cc289a63a4f23862,True,location-k4-fold3-seed0,3
ar,F_R,13,SS_vs_persistence,0.10180651620516679,1529550,cc289a63a4f23862,True,location-k4-fold3-seed0,3
ar,F_R,13,SS_vs_seasonal,0.24587389509441027,1529550,cc289a63a4f23862,True,location-k4-fold3-seed0,3
ar,F_R,13,SS_vs_ar,0.0,1529550,cc289a63a4f23862,True,location-k4-fold3-seed0,3
ar,F_R,14,MSE,685842.9533186478,1529550,cc289a63a4f23862,True,location-k4-fold3-seed0,3
ar,F_R,14,MAE,545.5528571351522,1529550,cc289a63a4f23862,True,location-k4-fold3-seed0,3
ar,F_R,14,SS_vs_persistence,0.08295250656700237,1529550,cc289a63a4f23862,True,location-k4-fold3-seed0,3
ar,F_R,14,SS_vs_seasonal,0.23396114993150252,1529550,cc289a63a4f23862,True,location-k4-fold3-seed0,3
ar,F_R,14,SS_vs_ar,0.0,1529550,cc289a63a4f23862,True,location-k4-fold3-seed0,3
ar,F_R,15,MSE,705630.3355928087,1529550,cc289a63a4f23862,True,location-k4-fold3-seed0,3
ar,F_R,15,MAE,553.3974651559492,1529550,cc289a63a4f23862,True,location-k4-fold3-seed0,3
ar,F_R,15,SS_vs_persistence,0.06689781692026353,1529550,cc289a63a4f23862,True,location-k4-fold3-seed0,3
ar,F_R,15,SS_vs_seasonal,0.21737134187552487,1529550,cc289a63a4f23862,True,location-k4-fold3-seed0,3
ar,F_R,15,SS_vs_ar,0.0,1529550,cc289a63a4f23862,True,location-k4-fold3-seed0,3
ar,F_R,16,MSE,742991.9449062484,1529550,cc289a63a4f23862,True,location-k4-fold3-seed0,3
ar,F_R,16,MAE,565.4218382523538,1529550,cc289a63a4f23862,True,location-k4-fold3-seed0,3
ar,F_R,16,SS_vs_persistence,0.06840441604113634,1529550,cc289a63a4f23862,True,location-k4-fold3-seed0,3
ar,F_R,16,SS_vs_seasonal,0.19877414734674426,1529550,cc289a63a4f23862,True,location-k4-fold3-seed0,3
ar,F_R,16,SS_vs_ar,0.0,1529550,cc289a63a4f23862,True,location-k4-fold3-seed0,3
ar,F_R,17,MSE,764091.0290126783,1529550,cc289a63a4f23862,True,location-k4-fold3-seed0,3
ar,F_R,17,MAE,571.8892745259021,1529550,cc289a63a4f23862,True,location-k4-fold3-seed0,3
ar,F_R,17,SS_vs_persistence,0.06351146969493426,1529550,cc289a63a4f23862,True,location-k4-fold3-seed0,3
ar,F_R,17,SS_vs_seasonal,0.18484329924653142,1529550,cc289a63a4f23862,True,location-k4-fold3-seed0,3
ar,F_R,17,SS_vs_ar,0.0,1529550,cc289a63a4f23862,True,location-k4-fold3-seed0,3
ar,F_R,18,MSE,787839.9745626071,1529550,cc289a63a4f23862,True,location-k4-fold3-seed0,3
ar,F_R,18,MAE,579.8754181302045,1529550,cc289a63a4f23862,True,location-k4-fold3-seed0,3
ar,F_R,18,SS_vs_persistence,0.045711758292955706,1529550,cc289a63a4f23862,True,location-k4-fold3-seed0,3
ar,F_R,18,SS_vs_seasonal,0.16217472571555325,1529550,cc289a63a4f23862,True,location-k4-fold3-seed0,3
ar,F_R,18,SS_vs_ar,0.0,1529550,cc289a63a4f23862,True,location-k4-fold3-seed0,3
ar,F_R,19,MSE,811689.6476956368,1529550,cc289a63a4f23862,True,location-k4-fold3-seed0,3
ar,F_R,19,MAE,588.2445778209728,1529550,cc289a63a4f23862,True,location-k4-fold3-seed0,3
ar,F_R,19,SS_vs_persistence,0.03569816591833197,1529550,cc289a63a4f23862,True,location-k4-fold3-seed0,3
ar,F_R,19,SS_vs_seasonal,0.141535024761115,1529550,cc289a63a4f23862,True,location-k4-fold3-seed0,3
ar,F_R,19,SS_vs_ar,0.0,1529550,cc289a63a4f23862,True,location-k4-fold3-seed0,3
ar,F_R,20,MSE,832840.5871560227,1529550,cc289a63a4f23862,True,location-k4-fold3-seed0,3
ar,F_R,20,MAE,594.9387494177996,1529550,cc289a63a4f23862,True,location-k4-fold3-seed0,3
ar,F_R,20,SS_vs_persistence,0.026201929507398747,1529550,cc289a63a4f23862,True,location-k4-fold3-seed0,3
ar,F_R,20,SS_vs_seasonal,0.11891661253249086,1529550,cc289a63a4f23862,True,location-k4-fold3-seed0,3
ar,F_R,20,SS_vs_ar,0.0,1529550,cc289a63a4f23862,True,location-k4-fold3-seed0,3
ar,F_R,21,MSE,848201.815317297,1529550,cc289a63a4f23862,True,location-k4-fold3-seed0,3
ar,F_R,21,MAE,599.8383107077797,1529550,cc289a63a4f23862,True,location-k4-fold3-seed0,3
ar,F_R,21,SS_vs_persistence,0.012273141172161384,1529550,cc289a63a4f23862,True,location-k4-fold3-seed0,3
ar,F_R,21,SS_vs_seasonal,0.10748388713315671,1529550,cc289a63a4f23862,True,location-k4-fold3-seed0,3
ar,F_R,21,SS_vs_ar,0.0,1529550,cc289a63a4f23862,True,location-k4-fold3-seed0,3
ar,F_R,22,MSE,867917.2292322313,1529550,cc289a63a4f23862,True,location-k4-fold3-seed0,3
ar,F_R,22,MAE,606.5451325863048,1529550,cc289a63a4f23862,True,location-k4-fold3-seed0,3
ar,F_R,22,SS_vs_persistence,0.007285493915067942,1529550,cc289a63a4f23862,True,location-k4-fold3-seed0,3
ar,F_R,22,SS_vs_seasonal,0.08773451946049227,1529550,cc289a63a4f23862,True,location-k4-fold3-seed0,3
ar,F_R,22,SS_vs_ar,0.0,1529550,cc289a63a4f23862,True,location-k4-fold3-seed0,3
ar,F_R,23,MSE,886292.417798794,1529550,cc289a63a4f23862,True,location-k4-fold3-seed0,3
ar,F_R,23,MAE,612.4981896653335,1529550,cc289a63a4f23862,True,location-k4-fold3-seed0,3
ar,F_R,23,SS_vs_persistence,0.006595485942885504,1529550,cc289a63a4f23862,True,location-k4-fold3-seed0,3
ar,F_R,23,SS_vs_seasonal,0.07712583730692513,1529550,cc289a63a4f23862,True,location-k4-fold3-seed0,3
ar,F_R,23,SS_vs_ar,0.0,1529550,cc289a63a4f23862,True,location-k4-fold3-seed0,3
ar,F_R,24,MSE,897820.094233849,1529550,cc289a63a4f23862,True,location-k4-fold3-seed0,3
ar,F_R,24,MAE,616.7732309164841,1529550,cc289a63a4f23862,True,location-k4-fold3-seed0,3
ar,F_R,24,SS_vs_persistence,-0.000680968948013172,1529550,cc289a63a4f23862,True,location-k4-fold3-seed0,3
ar,F_R,24,SS_vs_seasonal,0.06660391920801612,1529550,cc289a63a4f23862,True,location-k4-fold3-seed0,3
ar,F_R,24,SS_vs_ar,0.0,1529550,cc289a63a4f23862,True,location-k4-fold3-seed0,3
ar,F_R,25,MSE,911540.7604180322,1529550,cc289a63a4f23862,True,location-k4-fold3-seed0,3
ar,F_R,25,MAE,622.3776492928871,1529550,cc289a63a4f23862,True,location-k4-fold3-seed0,3
ar,F_R,25,SS_vs_persistence,-0.003924542505802542,1529550,cc289a63a4f23862,True,location-k4-fold3-seed0,3
ar,F_R,25,SS_vs_seasonal,0.054650516298387464,1529550,cc289a63a4f23862,True,location-k4-fold3-seed0,3
ar,F_R,25,SS_vs_ar,0.0,1529550,cc289a63a4f23862,True,location-k4-fold3-seed0,3
ar,F_R,26,MSE,929428.8320284942,1529550,cc289a63a4f23862,True,location-k4-fold3-seed0,3
ar,F_R,26,MAE,628.719041061912,1529550,cc289a63a4f23862,True,location-k4-fold3-seed0,3
ar,F_R,26,SS_vs_persistence,-0.004718764606973291,1529550,cc289a63a4f23862,True,location-k4-fold3-seed0,3
ar,F_R,26,SS_vs_seasonal,0.03534951462819402,1529550,cc289a63a4f23862,True,location-k4-fold3-seed0,3
ar,F_R,26,SS_vs_ar,0.0,1529550,cc289a63a4f23862,True,location-k4-fold3-seed0,3
ar,F_R,27,MSE,942248.0619085844,1529550,cc289a63a4f23862,True,location-k4-fold3-seed0,3
ar,F_R,27,MAE,633.7019404042072,1529550,cc289a63a4f23862,True,location-k4-fold3-seed0,3
ar,F_R,27,SS_vs_persistence,0.008504011301019188,1529550,cc289a63a4f23862,True,location-k4-fold3-seed0,3
ar,F_R,27,SS_vs_seasonal,0.026328624614483043,1529550,cc289a63a4f23862,True,location-k4-fold3-seed0,3
ar,F_R,27,SS_vs_ar,0.0,1529550,cc289a63a4f23862,True,location-k4-fold3-seed0,3
ar,F_R,28,MSE,953390.4887106693,1529550,cc289a63a4f23862,True,location-k4-fold3-seed0,3
ar,F_R,28,MAE,636.9360476135724,1529550,cc289a63a4f23862,True,location-k4-fold3-seed0,3
ar,F_R,28,SS_vs_persistence,-0.0018576664390899111,1529550,cc289a63a4f23862,True,location-k4-fold3-seed0,3
ar,F_R,28,SS_vs_seasonal,0.016350240086125845,1529550,cc289a63a4f23862,True,location-k4-fold3-seed0,3
ar,F_R,28,SS_vs_ar,0.0,1529550,cc289a63a4f23862,True,location-k4-fold3-seed0,3
ar,F_R,29,MSE,967612.1299088771,1529550,cc289a63a4f23862,True,location-k4-fold3-seed0,3
ar,F_R,29,MAE,641.3960560140738,1529550,cc289a63a4f23862,True,location-k4-fold3-seed0,3
ar,F_R,29,SS_vs_persistence,-0.004612103997095884,1529550,cc289a63a4f23862,True,location-k4-fold3-seed0,3
ar,F_R,29,SS_vs_seasonal,0.0013089205161473938,1529550,cc289a63a4f23862,True,location-k4-fold3-seed0,3
ar,F_R,29,SS_vs_ar,0.0,1529550,cc289a63a4f23862,True,location-k4-fold3-seed0,3
ar,F_R,30,MSE,980487.3259328954,1529550,cc289a63a4f23862,True,location-k4-fold3-seed0,3
ar,F_R,30,MAE,645.3168013314292,1529550,cc289a63a4f23862,True,location-k4-fold3-seed0,3
ar,F_R,30,SS_vs_persistence,-0.024494196212984543,1529550,cc289a63a4f23862,True,location-k4-fold3-seed0,3
ar,F_R,30,SS_vs_seasonal,-0.013914864712884834,1529550,cc289a63a4f23862,True,location-k4-fold3-seed0,3
ar,F_R,30,SS_vs_ar,0.0,1529550,cc289a63a4f23862,True,location-k4-fold3-seed0,3
ar,F_R,all,MSE,718573.0721987252,1529550,cc289a63a4f23862,True,location-k4-fold3-seed0,3
ar,F_R,all,MAE,551.2688909623372,1529550,cc289a63a4f23862,True,location-k4-fold3-seed0,3
ar,F_R,all,SS_vs_persistence,0.0783245736748196,1529550,cc289a63a4f23862,True,location-k4-fold3-seed0,3
ar,F_R,all,SS_vs_seasonal,0.20851675135096337,1529550,cc289a63a4f23862,True,location-k4-fold3-seed0,3
ar,F_R,all,SS_vs_ar,0.0,1529550,cc289a63a4f23862,True,location-k4-fold3-seed0,3
ar,CoPx_R,1,MSE,0.019866287725796895,1445553,cc289a63a4f23862,True,location-k4-fold3-seed0,3
ar,CoPx_R,1,MAE,0.0716029517829598,1445553,cc289a63a4f23862,True,location-k4-fold3-seed0,3
ar,CoPx_R,1,SS_vs_persistence,0.5538366138534696,1445553,cc289a63a4f23862,True,location-k4-fold3-seed0,3
ar,CoPx_R,1,SS_vs_seasonal,0.5858542505809758,1445553,cc289a63a4f23862,True,location-k4-fold3-seed0,3
ar,CoPx_R,1,SS_vs_ar,5.0336512735782435e-11,1445553,cc289a63a4f23862,True,location-k4-fold3-seed0,3
ar,CoPx_R,2,MSE,0.020045809587747,1445553,cc289a63a4f23862,True,location-k4-fold3-seed0,3
ar,CoPx_R,2,MAE,0.07314059716712665,1445553,cc289a63a4f23862,True,location-k4-fold3-seed0,3
ar,CoPx_R,2,SS_vs_persistence,0.6052276743646211,1445553,cc289a63a4f23862,True,location-k4-fold3-seed0,3
ar,CoPx_R,2,SS_vs_seasonal,0.5968792275732162,1445553,cc289a63a4f23862,True,location-k4-fold3-seed0,3
ar,CoPx_R,2,SS_vs_ar,4.988565116548216e-11,1445553,cc289a63a4f23862,True,location-k4-fold3-seed0,3
ar,CoPx_R,3,MSE,0.020004731769578843,1445553,cc289a63a4f23862,True,location-k4-fold3-seed0,3
ar,CoPx_R,3,MAE,0.07367253432249952,1445553,cc289a63a4f23862,True,location-k4-fold3-seed0,3
ar,CoPx_R,3,SS_vs_persistence,0.5811419002766307,1445553,cc289a63a4f23862,True,location-k4-fold3-seed0,3
ar,CoPx_R,3,SS_vs_seasonal,0.5873783666212808,1445553,cc289a63a4f23862,True,location-k4-fold3-seed0,3
ar,CoPx_R,3,SS_vs_ar,4.998812475065506e-11,1445553,cc289a63a4f23862,True,location-k4-fold3-seed0,3
ar,CoPx_R,4,MSE,0.02012677196539189,1445553,cc289a63a4f23862,True,location-k4-fold3-seed0,3
ar,CoPx_R,4,MAE,0.07444155111548313,1445553,cc289a63a4f23862,True,location-k4-fold3-seed0,3
ar,CoPx_R,4,SS_vs_persistence,0.5990586900229511,1445553,cc289a63a4f23862,True,location-k4-fold3-seed0,3
ar,CoPx_R,4,SS_vs_seasonal,0.5904197873078152,1445553,cc289a63a4f23862,True,location-k4-fold3-seed0,3
ar,CoPx_R,4,SS_vs_ar,4.968503386493239e-11,1445553,cc289a63a4f23862,True,location-k4-fold3-seed0,3
ar,CoPx_R,5,MSE,0.02009517202064835,1445553,cc289a63a4f23862,True,location-k4-fold3-seed0,3
ar,CoPx_R,5,MAE,0.07513973209527489,1445553,cc289a63a4f23862,True,location-k4-fold3-seed0,3
ar,CoPx_R,5,SS_vs_persistence,0.619179479423555,1445553,cc289a63a4f23862,True,location-k4-fold3-seed0,3
ar,CoPx_R,5,SS_vs_seasonal,0.5969621483658534,1445553,cc289a63a4f23862,True,location-k4-fold3-seed0,3
ar,CoPx_R,5,SS_vs_ar,4.976308254356354e-11,1445553,cc289a63a4f23862,True,location-k4-fold3-seed0,3
ar,CoPx_R,6,MSE,0.020171021564111543,1445553,cc289a63a4f23862,True,location-k4-fold3-seed0,3
ar,CoPx_R,6,MAE,0.07558001994119638,1445553,cc289a63a4f23862,True,location-k4-fold3-seed0,3
ar,CoPx_R,6,SS_vs_persistence,0.6042452845175696,1445553,cc289a63a4f23862,True,location-k4-fold3-seed0,3
ar,CoPx_R,6,SS_vs_seasonal,0.5904303571743029,1445553,cc289a63a4f23862,True,location-k4-fold3-seed0,3
ar,CoPx_R,6,SS_vs_ar,4.95760099639142e-11,1445553,cc289a63a4f23862,True,location-k4-fold3-seed0,3
ar,CoPx_R,7,MSE,0.02019651431128526,1445553,cc289a63a4f23862,True,location-k4-fold3-seed0,3
ar,CoPx_R,7,MAE,0.07619113202524894,1445553,cc289a63a4f23862,True,location-k4-fold3-seed0,3
ar,CoPx_R,7,SS_vs_persistence,0.6017050556358452,1445553,cc289a63a4f23862,True,location-k4-fold3-seed0,3
ar,CoPx_R,7,SS_vs_seasonal,0.58653113252977,1445553,cc289a63a4f23862,True,location-k4-fold3-seed0,3
ar,CoPx_R,7,SS_vs_ar,4.9513393385325344e-11,1445553,cc289a63a4f23862,True,location-k4-fold3-seed0,3
ar,CoPx_R,8,MSE,0.02021430242613136,1445553,cc289a63a4f23862,True,location-k4-fold3-seed0,3
ar,CoPx_R,8,MAE,0.07647600752781229,1445553,cc289a63a4f23862,True,location-k4-fold3-seed0,3
ar,CoPx_R,8,SS_vs_persistence,0.6122416651915457,1445553,cc289a63a4f23862,True,location-k4-fold3-seed0,3
ar,CoPx_R,8,SS_vs_seasonal,0.5896764025065738,1445553,cc289a63a4f23862,True,location-k4-fold3-seed0,3
ar,CoPx_R,8,SS_vs_ar,4.946987264276004e-11,1445553,cc289a63a4f23862,True,location-k4-fold3-seed0,3
ar,CoPx_R,9,MSE,0.020101264910565228,1445553,cc289a63a4f23862,True,location-k4-fold3-seed0,3
ar,CoPx_R,9,MAE,0.07675749123523694,1445553,cc289a63a4f23862,True,location-k4-fold3-seed0,3
ar,CoPx_R,9,SS_vs_persistence,0.6165911712495693,1445553,cc289a63a4f23862,True,location-k4-fold3-seed0,3
ar,CoPx_R,9,SS_vs_seasonal,0.5887082810047182,1445553,cc289a63a4f23862,True,location-k4-fold3-seed0,3
ar,CoPx_R,9,SS_vs_ar,4.97480945327311e-11,1445553,cc289a63a4f23862,True,location-k4-fold3-seed0,3
ar,CoPx_R,10,MSE,0.020021142676371954,1445553,cc289a63a4f23862,True,location-k4-fold3-seed0,3
ar,CoPx_R,10,MAE,0.07712670965753304,1445553,cc289a63a4f23862,True,location-k4-fold3-seed0,3
ar,CoPx_R,10,SS_vs_persistence,0.610455982137784,1445553,cc289a63a4f23862,True,location-k4-fold3-seed0,3
ar,CoPx_R,10,SS_vs_seasonal,0.5884429395825684,1445553,cc289a63a4f23862,True,location-k4-fold3-seed0,3
ar,CoPx_R,10,SS_vs_ar,4.994715752104639e-11,1445553,cc289a63a4f23862,True,location-k4-fold3-seed0,3
ar,CoPx_R,11,MSE,0.020058076086928632,1445553,cc289a63a4f23862,True,location-k4-fold3-seed0,3
ar,CoPx_R,11,MAE,0.07763405322894981,1445553,cc289a63a4f23862,True,location-k4-fold3-seed0,3
ar,CoPx_R,11,SS_vs_persistence,0.6196820899616596,1445553,cc289a63a4f23862,True,location-k4-fold3-seed0,3
ar,CoPx_R,11,SS_vs_seasonal,0.5930423317995845,1445553,cc289a63a4f23862,True,location-k4-fold3-seed0,3
ar,CoPx_R,11,SS_vs_ar,4.985512003230497e-11,1445553,cc289a63a4f23862,True,location-k4-fold3-seed0,3
ar,CoPx_R,12,MSE,0.020034630195866588,1445553,cc289a63a4f23862,True,location-k4-fold3-seed0,3
ar,CoPx_R,12,MAE,0.07805274408100119,1445553,cc289a63a4f23862,True,location-k4-fold3-seed0,3
ar,CoPx_R,12,SS_vs_persistence,0.6365197340063797,1445553,cc289a63a4f23862,True,location-k4-fold3-seed0,3
ar,CoPx_R,12,SS_vs_seasonal,0.5961680289357383,1445553,cc289a63a4f23862,True,location-k4-fold3-seed0,3
ar,CoPx_R,12,SS_vs_ar,4.991351776340025e-11,1445553,cc289a63a4f23862,True,location-k4-fold3-seed0,3
ar,CoPx_R,13,MSE,0.02005827998553968,1445553,cc289a63a4f23862,True,location-k4-fold3-seed0,3
ar,CoPx_R,13,MAE,0.07829496373830663,1445553,cc289a63a4f23862,True,location-k4-fold3-seed0,3
ar,CoPx_R,13,SS_vs_persistence,0.6442741227037786,1445553,cc289a63a4f23862,True,location-k4-fold3-seed0,3
ar,CoPx_R,13,SS_vs_seasonal,0.6005516968722283,1445553,cc289a63a4f23862,True,location-k4-fold3-seed0,3
ar,CoPx_R,13,SS_vs_ar,4.985467594309512e-11,1445553,cc289a63a4f23862,True,location-k4-fold3-seed0,3
ar,CoPx_R,14,MSE,0.020039303587343647,1445553,cc289a63a4f23862,True,location-k4-fold3-seed0,3
ar,CoPx_R,14,MAE,0.07841392217005463,1445553,cc289a63a4f23862,True,location-k4-fold3-seed0,3
ar,CoPx_R,14,SS_vs_persistence,0.61752783347641,1445553,cc289a63a4f23862,True,location-k4-fold3-seed0,3
ar,CoPx_R,14,SS_vs_seasonal,0.5958618371962043,1445553,cc289a63a4f23862,True,location-k4-fold3-seed0,3
ar,CoPx_R,14,SS_vs_ar,4.9901860421641686e-11,1445553,cc289a63a4f23862,True,location-k4-fold3-seed0,3
ar,CoPx_R,15,MSE,0.020113988650275885,1445553,cc289a63a4f23862,True,location-k4-fold3-seed0,3
ar,CoPx_R,15,MAE,0.0788519100353045,1445553,cc289a63a4f23862,True,location-k4-fold3-seed0,3
ar,CoPx_R,15,SS_vs_persistence,0.6228800464425732,1445553,cc289a63a4f23862,True,location-k4-fold3-seed0,3
ar,CoPx_R,15,SS_vs_seasonal,0.5996837259230955,1445553,cc289a63a4f23862,True,location-k4-fold3-seed0,3
ar,CoPx_R,15,SS_vs_ar,4.971656419883175e-11,1445553,cc289a63a4f23862,True,location-k4-fold3-seed0,3
ar,CoPx_R,16,MSE,0.020119423473092563,1445553,cc289a63a4f23862,True,location-k4-fold3-seed0,3
ar,CoPx_R,16,MAE,0.07918381926221951,1445553,cc289a63a4f23862,True,location-k4-fold3-seed0,3
ar,CoPx_R,16,SS_vs_persistence,0.6367557953939483,1445553,cc289a63a4f23862,True,location-k4-fold3-seed0,3
ar,CoPx_R,16,SS_vs_seasonal,0.6017023699500997,1445553,cc289a63a4f23862,True,location-k4-fold3-seed0,3
ar,CoPx_R,16,SS_vs_ar,4.970313050023378e-11,1445553,cc289a63a4f23862,True,location-k4-fold3-seed0,3
ar,CoPx_R,17,MSE,0.020054243557859966,1445553,cc289a63a4f23862,True,location-k4-fold3-seed0,3
ar,CoPx_R,17,MAE,0.0792414671393345,1445553,cc289a63a4f23862,True,location-k4-fold3-seed0,3
ar,CoPx_R,17,SS_vs_persistence,0.6183509790634394,1445553,cc289a63a4f23862,True,location-k4-fold3-seed0,3
ar,CoPx_R,17,SS_vs_seasonal,0.5926871710142099,1445553,cc289a63a4f23862,True,location-k4-fold3-seed0,3
ar,CoPx_R,17,SS_vs_ar,4.9864667950316743e-11,1445553,cc289a63a4f23862,True,location-k4-fold3-seed0,3
ar,CoPx_R,18,MSE,0.01998966053849024,1445553,cc289a63a4f23862,True,location-k4-fold3-seed0,3
ar,CoPx_R,18,MAE,0.07953326760828494,1445553,cc289a63a4f23862,True,location-k4-fold3-seed0,3
ar,CoPx_R,18,SS_vs_persistence,0.6235033235211844,1445553,cc289a63a4f23862,True,location-k4-fold3-seed0,3
ar,CoPx_R,18,SS_vs_seasonal,0.5997498263651357,1445553,cc289a63a4f23862,True,location-k4-fold3-seed0,3
ar,CoPx_R,18,SS_vs_ar,5.0025761311189854e-11,1445553,cc289a63a4f23862,True,location-k4-fold3-seed0,3
ar,CoPx_R,19,MSE,0.019983049948908288,1445553,cc289a63a4f23862,True,location-k4-fold3-seed0,3
ar,CoPx_R,19,MAE,0.07972560008496198,1445553,cc289a63a4f23862,True,location-k4-fold3-seed0,3
ar,CoPx_R,19,SS_vs_persistence,0.6385408784720021,1445553,cc289a63a4f23862,True,location-k4-fold3-seed0,3
ar,CoPx_R,19,SS_vs_seasonal,0.603700676155742,1445553,cc289a63a4f23862,True,location-k4-fold3-seed0,3
ar,CoPx_R,19,SS_vs_ar,5.004230363425677e-11,1445553,cc289a63a4f23862,True,location-k4-fold3-seed0,3
ar,CoPx_R,20,MSE,0.019926119729987854,1445553,cc289a63a4f23862,True,location-k4-fold3-seed0,3
ar,CoPx_R,20,MAE,0.07988195856084944,1445553,cc289a63a4f23862,True,location-k4-fold3-seed0,3
ar,CoPx_R,20,SS_vs_persistence,0.6418891891722137,1445553,cc289a63a4f23862,True,location-k4-fold3-seed0,3
ar,CoPx_R,20,SS_vs_seasonal,0.6017380485186923,1445553,cc289a63a4f23862,True,location-k4-fold3-seed0,3
ar,CoPx_R,20,SS_vs_ar,5.018530035982849e-11,1445553,cc289a63a4f23862,True,location-k4-fold3-seed0,3
ar,CoPx_R,21,MSE,0.01991401147942131,1445553,cc289a63a4f23862,True,location-k4-fold3-seed0,3
ar,CoPx_R,21,MAE,0.08000304220851766,1445553,cc289a63a4f23862,True,location-k4-fold3-seed0,3
ar,CoPx_R,21,SS_vs_persistence,0.6301425569812819,1445553,cc289a63a4f23862,True,location-k4-fold3-seed0,3
ar,CoPx_R,21,SS_vs_seasonal,0.5989233362547448,1445553,cc289a63a4f23862,True,location-k4-fold3-seed0,3
ar,CoPx_R,21,SS_vs_ar,5.021583149300568e-11,1445553,cc289a63a4f23862,True,location-k4-fold3-seed0,3
ar,CoPx_R,22,MSE,0.019719722252795457,1445553,cc289a63a4f23862,True,location-k4-fold3-seed0,3
ar,CoPx_R,22,MAE,0.08008562632781728,1445553,cc289a63a4f23862,True,location-k4-fold3-seed0,3
ar,CoPx_R,22,SS_vs_persistence,0.626063679404184,1445553,cc289a63a4f23862,True,location-k4-fold3-seed0,3
ar,CoPx_R,22,SS_vs_seasonal,0.6066659697472238,1445553,cc289a63a4f23862,True,location-k4-fold3-seed0,3
ar,CoPx_R,22,SS_vs_ar,5.071054687277865e-11,1445553,cc289a63a4f23862,True,location-k4-fold3-seed0,3
ar,CoPx_R,23,MSE,0.019810957687829027,1445553,cc289a63a4f23862,True,location-k4-fold3-seed0,3
ar,CoPx_R,23,MAE,0.08051277478105047,1445553,cc289a63a4f23862,True,location-k4-fold3-seed0,3
ar,CoPx_R,23,SS_vs_persistence,0.6418263815768666,1445553,cc289a63a4f23862,True,location-k4-fold3-seed0,3
ar,CoPx_R,23,SS_vs_seasonal,0.6088482036865803,1445553,cc289a63a4f23862,True,location-k4-fold3-seed0,3
ar,CoPx_R,23,SS_vs_ar,5.047706697069998e-11,1445553,cc289a63a4f23862,True,location-k4-fold3-seed0,3
ar,CoPx_R,24,MSE,0.019790361377999402,1445553,cc289a63a4f23862,True,location-k4-fold3-seed0,3
ar,CoPx_R,24,MAE,0.08069407403676425,1445553,cc289a63a4f23862,True,location-k4-fold3-seed0,3
ar,CoPx_R,24,SS_vs_persistence,0.63941647870923,1445553,cc289a63a4f23862,True,location-k4-fold3-seed0,3
ar,CoPx_R,24,SS_vs_seasonal,0.6081693974640512,1445553,cc289a63a4f23862,True,location-k4-fold3-seed0,3
ar,CoPx_R,24,SS_vs_ar,5.052958051976475e-11,1445553,cc289a63a4f23862,True,location-k4-fold3-seed0,3
ar,CoPx_R,25,MSE,0.01972391501357116,1445553,cc289a63a4f23862,True,location-k4-fold3-seed0,3
ar,CoPx_R,25,MAE,0.08086893552953874,1445553,cc289a63a4f23862,True,location-k4-fold3-seed0,3
ar,CoPx_R,25,SS_vs_persistence,0.6262756037662562,1445553,cc289a63a4f23862,True,location-k4-fold3-seed0,3
ar,CoPx_R,25,SS_vs_seasonal,0.6100627544937092,1445553,cc289a63a4f23862,True,location-k4-fold3-seed0,3
ar,CoPx_R,25,SS_vs_ar,5.0699777709439786e-11,1445553,cc289a63a4f23862,True,location-k4-fold3-seed0,3
ar,CoPx_R,26,MSE,0.01976417011578475,1445553,cc289a63a4f23862,True,location-k4-fold3-seed0,3
ar,CoPx_R,26,MAE,0.08124513030489697,1445553,cc289a63a4f23862,True,location-k4-fold3-seed0,3
ar,CoPx_R,26,SS_vs_persistence,0.651432955862882,1445553,cc289a63a4f23862,True,location-k4-fold3-seed0,3
ar,CoPx_R,26,SS_vs_seasonal,0.6135078081513772,1445553,cc289a63a4f23862,True,location-k4-fold3-seed0,3
ar,CoPx_R,26,SS_vs_ar,5.0596526968149647e-11,1445553,cc289a63a4f23862,True,location-k4-fold3-seed0,3
ar,CoPx_R,27,MSE,0.019762927266422224,1445553,cc289a63a4f23862,True,location-k4-fold3-seed0,3
ar,CoPx_R,27,MAE,0.0815569000021614,1445553,cc289a63a4f23862,True,location-k4-fold3-seed0,3
ar,CoPx_R,27,SS_vs_persistence,0.6551556468503996,1445553,cc289a63a4f23862,True,location-k4-fold3-seed0,3
ar,CoPx_R,27,SS_vs_seasonal,0.6153036487118946,1445553,cc289a63a4f23862,True,location-k4-fold3-seed0,3
ar,CoPx_R,27,SS_vs_ar,5.059974661492106e-11,1445553,cc289a63a4f23862,True,location-k4-fold3-seed0,3
ar,CoPx_R,28,MSE,0.019833345042243003,1445553,cc289a63a4f23862,True,location-k4-fold3-seed0,3
ar,CoPx_R,28,MAE,0.08183649148891618,1445553,cc289a63a4f23862,True,location-k4-fold3-seed0,3
ar,CoPx_R,28,SS_vs_persistence,0.6418280646370766,1445553,cc289a63a4f23862,True,location-k4-fold3-seed0,3
ar,CoPx_R,28,SS_vs_seasonal,0.6167796252408989,1445553,cc289a63a4f23862,True,location-k4-fold3-seed0,3
ar,CoPx_R,28,SS_vs_ar,5.042011252953671e-11,1445553,cc289a63a4f23862,True,location-k4-fold3-seed0,3
ar,CoPx_R,29,MSE,0.019801211382222652,1445553,cc289a63a4f23862,True,location-k4-fold3-seed0,3
ar,CoPx_R,29,MAE,0.08204518373574107,1445553,cc289a63a4f23862,True,location-k4-fold3-seed0,3
ar,CoPx_R,29,SS_vs_persistence,0.6540431133493174,1445553,cc289a63a4f23862,True,location-k4-fold3-seed0,3
ar,CoPx_R,29,SS_vs_seasonal,0.6178626823960424,1445553,cc289a63a4f23862,True,location-k4-fold3-seed0,3
ar,CoPx_R,29,SS_vs_ar,5.050193596645158e-11,1445553,cc289a63a4f23862,True,location-k4-fold3-seed0,3
ar,CoPx_R,30,MSE,0.01972730775610422,1445553,cc289a63a4f23862,True,location-k4-fold3-seed0,3
ar,CoPx_R,30,MAE,0.08209444261506446,1445553,cc289a63a4f23862,True,location-k4-fold3-seed0,3
ar,CoPx_R,30,SS_vs_persistence,0.6639632056411391,1445553,cc289a63a4f23862,True,location-k4-fold3-seed0,3
ar,CoPx_R,30,SS_vs_seasonal,0.6249350660105142,1445553,cc289a63a4f23862,True,location-k4-fold3-seed0,3
ar,CoPx_R,30,SS_vs_ar,5.069111796984771e-11,1445553,cc289a63a4f23862,True,location-k4-fold3-seed0,3
ar,CoPx_R,all,MSE,0.019968841512989326,1445553,cc289a63a4f23862,True,location-k4-fold3-seed0,3
ar,CoPx_R,all,MAE,0.07833114395952911,1445553,cc289a63a4f23862,True,location-k4-fold3-seed0,3
ar,CoPx_R,all,SS_vs_persistence,0.6257039420007002,1445553,cc289a63a4f23862,True,location-k4-fold3-seed0,3
ar,CoPx_R,all,SS_vs_seasonal,0.6004557497955919,1445553,cc289a63a4f23862,True,location-k4-fold3-seed0,3
ar,CoPx_R,all,SS_vs_ar,5.0077941793347236e-11,1445553,cc289a63a4f23862,True,location-k4-fold3-seed0,3
ar,CoPy_R,1,MSE,0.02015766641448728,1445553,cc289a63a4f23862,True,location-k4-fold3-seed0,3
ar,CoPy_R,1,MAE,0.08355105715770485,1445553,cc289a63a4f23862,True,location-k4-fold3-seed0,3
ar,CoPy_R,1,SS_vs_persistence,0.4309222242371019,1445553,cc289a63a4f23862,True,location-k4-fold3-seed0,3
ar,CoPy_R,1,SS_vs_seasonal,0.45211175366948386,1445553,cc289a63a4f23862,True,location-k4-fold3-seed0,3
ar,CoPy_R,1,SS_vs_ar,4.960887256544311e-11,1445553,cc289a63a4f23862,True,location-k4-fold3-seed0,3
ar,CoPy_R,2,MSE,0.020547369545557977,1445553,cc289a63a4f23862,True,location-k4-fold3-seed0,3
ar,CoPy_R,2,MAE,0.08480142241250356,1445553,cc289a63a4f23862,True,location-k4-fold3-seed0,3
ar,CoPy_R,2,SS_vs_persistence,0.4986930698284632,1445553,cc289a63a4f23862,True,location-k4-fold3-seed0,3
ar,CoPy_R,2,SS_vs_seasonal,0.46442997675476605,1445553,cc289a63a4f23862,True,location-k4-fold3-seed0,3
ar,CoPy_R,2,SS_vs_ar,4.866795855207329e-11,1445553,cc289a63a4f23862,True,location-k4-fold3-seed0,3
ar,CoPy_R,3,MSE,0.02060689213498641,1445553,cc289a63a4f23862,True,location-k4-fold3-seed0,3
ar,CoPy_R,3,MAE,0.08508376535923207,1445553,cc289a63a4f23862,True,location-k4-fold3-seed0,3
ar,CoPy_R,3,SS_vs_persistence,0.5158740101487495,1445553,cc289a63a4f23862,True,location-k4-fold3-seed0,3
ar,CoPy_R,3,SS_vs_seasonal,0.47332350463454254,1445553,cc289a63a4f23862,True,location-k4-fold3-seed0,3
ar,CoPy_R,3,SS_vs_ar,4.852740431715574e-11,1445553,cc289a63a4f23862,True,location-k4-fold3-seed0,3
ar,CoPy_R,4,MSE,0.020579577478753854,1445553,cc289a63a4f23862,True,location-k4-fold3-seed0,3
ar,CoPy_R,4,MAE,0.08503774088172579,1445553,cc289a63a4f23862,True,location-k4-fold3-seed0,3
ar,CoPy_R,4,SS_vs_persistence,0.5240831456321983,1445553,cc289a63a4f23862,True,location-k4-fold3-seed0,3
ar,CoPy_R,4,SS_vs_seasonal,0.4781720824022929,1445553,cc289a63a4f23862,True,location-k4-fold3-seed0,3
ar,CoPy_R,4,SS_vs_ar,4.8591797252584e-11,1445553,cc289a63a4f23862,True,location-k4-fold3-seed0,3
ar,CoPy_R,5,MSE,0.020542757858169492,1445553,cc289a63a4f23862,True,location-k4-fold3-seed0,3
ar,CoPy_R,5,MAE,0.08499606342947709,1445553,cc289a63a4f23862,True,location-k4-fold3-seed0,3
ar,CoPy_R,5,SS_vs_persistence,0.5242212509848984,1445553,cc289a63a4f23862,True,location-k4-fold3-seed0,3
ar,CoPy_R,5,SS_vs_seasonal,0.4732276250427615,1445553,cc289a63a4f23862,True,location-k4-fold3-seed0,3
ar,CoPy_R,5,SS_vs_ar,4.8678838737714614e-11,1445553,cc289a63a4f23862,True,location-k4-fold3-seed0,3
ar,CoPy_R,6,MSE,0.02055272158302396,1445553,cc289a63a4f23862,True,location-k4-fold3-seed0,3
ar,CoPy_R,6,MAE,0.08496565732251583,1445553,cc289a63a4f23862,True,location-k4-fold3-seed0,3
ar,CoPy_R,6,SS_vs_persistence,0.5166621038620123,1445553,cc289a63a4f23862,True,location-k4-fold3-seed0,3
ar,CoPy_R,6,SS_vs_seasonal,0.4678146450327654,1445553,cc289a63a4f23862,True,location-k4-fold3-seed0,3
ar,CoPy_R,6,SS_vs_ar,4.865530200959256e-11,1445553,cc289a63a4f23862,True,location-k4-fold3-seed0,3
ar,CoPy_R,7,MSE,0.020510342836317006,1445553,cc289a63a4f23862,True,location-k4-fold3-seed0,3
ar,CoPy_R,7,MAE,0.08497311742321204,1445553,cc289a63a4f23862,True,location-k4-fold3-seed0,3
ar,CoPy_R,7,SS_vs_persistence,0.5002713392946401,1445553,cc289a63a4f23862,True,location-k4-fold3-seed0,3
ar,CoPy_R,7,SS_vs_seasonal,0.4654108012243441,1445553,cc289a63a4f23862,True,location-k4-fold3-seed0,3
ar,CoPy_R,7,SS_vs_ar,4.875577719332114e-11,1445553,cc289a63a4f23862,True,location-k4-fold3-seed0,3
ar,CoPy_R,8,MSE,0.02048403391417395,1445553,cc289a63a4f23862,True,location-k4-fold3-seed0,3
ar,CoPy_R,8,MAE,0.08504296155964472,1445553,cc289a63a4f23862,True,location-k4-fold3-seed0,3
ar,CoPy_R,8,SS_vs_persistence,0.49806696979700116,1445553,cc289a63a4f23862,True,location-k4-fold3-seed0,3
ar,CoPy_R,8,SS_vs_seasonal,0.4627503298061191,1445553,cc289a63a4f23862,True,location-k4-fold3-seed0,3
ar,CoPy_R,8,SS_vs_ar,4.8818393771909996e-11,1445553,cc289a63a4f23862,True,location-k4-fold3-seed0,3
ar,CoPy_R,9,MSE,0.020512542218485103,1445553,cc289a63a4f23862,True,location-k4-fold3-seed0,3
ar,CoPy_R,9,MAE,0.08515480312716767,1445553,cc289a63a4f23862,True,location-k4-fold3-seed0,3
ar,CoPy_R,9,SS_vs_persistence,0.49712169393774575,1445553,cc289a63a4f23862,True,location-k4-fold3-seed0,3
ar,CoPy_R,9,SS_vs_seasonal,0.4631610496545958,1445553,cc289a63a4f23862,True,location-k4-fold3-seed0,3
ar,CoPy_R,9,SS_vs_ar,4.87505591451054e-11,1445553,cc289a63a4f23862,True,location-k4-fold3-seed0,3
ar,CoPy_R,10,MSE,0.02059702943324555,1445553,cc289a63a4f23862,True,location-k4-fold3-seed0,3
ar,CoPy_R,10,MAE,0.0853303127212565,1445553,cc289a63a4f23862,True,location-k4-fold3-seed0,3
ar,CoPy_R,10,SS_vs_persistence,0.5013374986617367,1445553,cc289a63a4f23862,True,location-k4-fold3-seed0,3
ar,CoPy_R,10,SS_vs_seasonal,0.46227902526369213,1445553,cc289a63a4f23862,True,location-k4-fold3-seed0,3
ar,CoPy_R,10,SS_vs_ar,4.855060797837041e-11,1445553,cc289a63a4f23862,True,location-k4-fold3-seed0,3
ar,CoPy_R,11,MSE,0.020621265907444977,1445553,cc289a63a4f23862,True,location-k4-fold3-seed0,3
ar,CoPy_R,11,MAE,0.08551331387589314,1445553,cc289a63a4f23862,True,location-k4-fold3-seed0,3
ar,CoPy_R,11,SS_vs_persistence,0.5011110300129583,1445553,cc289a63a4f23862,True,location-k4-fold3-seed0,3
ar,CoPy_R,11,SS_vs_seasonal,0.4598246193091061,1445553,cc289a63a4f23862,True,location-k4-fold3-seed0,3
ar,CoPy_R,11,SS_vs_ar,4.8493542514904675e-11,1445553,cc289a63a4f23862,True,location-k4-fold3-seed0,3
ar,CoPy_R,12,MSE,0.020604718696833356,1445553,cc289a63a4f23862,True,location-k4-fold3-seed0,3
ar,CoPy_R,12,MAE,0.08547033709387478,1445553,cc289a63a4f23862,True,location-k4-fold3-seed0,3
ar,CoPy_R,12,SS_vs_persistence,0.5096231039716352,1445553,cc289a63a4f23862,True,location-k4-fold3-seed0,3
ar,CoPy_R,12,SS_vs_seasonal,0.46352641324363353,1445553,cc289a63a4f23862,True,location-k4-fold3-seed0,3
ar,CoPy_R,12,SS_vs_ar,4.853251134306902e-11,1445553,cc289a63a4f23862,True,location-k4-fold3-seed0,3
ar,CoPy_R,13,MSE,0.020637757575020222,1445553,cc289a63a4f23862,True,location-k4-fold3-seed0,3
ar,CoPy_R,13,MAE,0.0855167720644244,1445553,cc289a63a4f23862,True,location-k4-fold3-seed0,3
ar,CoPy_R,13,SS_vs_persistence,0.5139778412495617,1445553,cc289a63a4f23862,True,location-k4-fold3-seed0,3
ar,CoPy_R,13,SS_vs_seasonal,0.4621842506326309,1445553,cc289a63a4f23862,True,location-k4-fold3-seed0,3
ar,CoPy_R,13,SS_vs_ar,4.845479573134526e-11,1445553,cc289a63a4f23862,True,location-k4-fold3-seed0,3
ar,CoPy_R,14,MSE,0.020650756286287982,1445553,cc289a63a4f23862,True,location-k4-fold3-seed0,3
ar,CoPy_R,14,MAE,0.08554597277652072,1445553,cc289a63a4f23862,True,location-k4-fold3-seed0,3
ar,CoPy_R,14,SS_vs_persistence,0.5130223516926309,1445553,cc289a63a4f23862,True,location-k4-fold3-seed0,3
ar,CoPy_R,14,SS_vs_seasonal,0.4653907934548316,1445553,cc289a63a4f23862,True,location-k4-fold3-seed0,3
ar,CoPy_R,14,SS_vs_ar,4.8424264598168065e-11,1445553,cc289a63a4f23862,True,location-k4-fold3-seed0,3
ar,CoPy_R,15,MSE,0.02064903614063581,1445553,cc289a63a4f23862,True,location-k4-fold3-seed0,3
ar,CoPy_R,15,MAE,0.0856042326847583,1445553,cc289a63a4f23862,True,location-k4-fold3-seed0,3
ar,CoPy_R,15,SS_vs_persistence,0.49272653720107884,1445553,cc289a63a4f23862,True,location-k4-fold3-seed0,3
ar,CoPy_R,15,SS_vs_seasonal,0.46388909028550307,1445553,cc289a63a4f23862,True,location-k4-fold3-seed0,3
ar,CoPy_R,15,SS_vs_ar,4.842837242335918e-11,1445553,cc289a63a4f23862,True,location-k4-fold3-seed0,3
ar,CoPy_R,16,MSE,0.020740157597283686,1445553,cc289a63a4f23862,True,location-k4-fold3-seed0,3
ar,CoPy_R,16,MAE,0.0858875862165741,1445553,cc289a63a4f23862,True,location-k4-fold3-seed0,3
ar,CoPy_R,16,SS_vs_persistence,0.49447995592341554,1445553,cc289a63a4f23862,True,location-k4-fold3-seed0,3
ar,CoPy_R,16,SS_vs_seasonal,0.45803061061310346,1445553,cc289a63a4f23862,True,location-k4-fold3-seed0,3
ar,CoPy_R,16,SS_vs_ar,4.8215542669538536e-11,1445553,cc289a63a4f23862,True,location-k4-fold3-seed0,3
ar,CoPy_R,17,MSE,0.020662226342855416,1445553,cc289a63a4f23862,True,location-k4-fold3-seed0,3
ar,CoPy_R,17,MAE,0.08586933889227605,1445553,cc289a63a4f23862,True,location-k4-fold3-seed0,3
ar,CoPy_R,17,SS_vs_persistence,0.5006109199475748,1445553,cc289a63a4f23862,True,location-k4-fold3-seed0,3
ar,CoPy_R,17,SS_vs_seasonal,0.45681204095278793,1445553,cc289a63a4f23862,True,location-k4-fold3-seed0,3
ar,CoPy_R,17,SS_vs_ar,4.8397397200972136e-11,1445553,cc289a63a4f23862,True,location-k4-fold3-seed0,3
ar,CoPy_R,18,MSE,0.02059268757230389,1445553,cc289a63a4f23862,True,location-k4-fold3-seed0,3
ar,CoPy_R,18,MAE,0.08579342204842744,1445553,cc289a63a4f23862,True,location-k4-fold3-seed0,3
ar,CoPy_R,18,SS_vs_persistence,0.5053583414059224,1445553,cc289a63a4f23862,True,location-k4-fold3-seed0,3
ar,CoPy_R,18,SS_vs_seasonal,0.45819434746252785,1445553,cc289a63a4f23862,True,location-k4-fold3-seed0,3
ar,CoPy_R,18,SS_vs_ar,4.856082203019696e-11,1445553,cc289a63a4f23862,True,location-k4-fold3-seed0,3
ar,CoPy_R,19,MSE,0.02054719688827283,1445553,cc289a63a4f23862,True,location-k4-fold3-seed0,3
ar,CoPy_R,19,MAE,0.08583030236319263,1445553,cc289a63a4f23862,True,location-k4-fold3-seed0,3
ar,CoPy_R,19,SS_vs_persistence,0.5126029649324091,1445553,cc289a63a4f23862,True,location-k4-fold3-seed0,3
ar,CoPy_R,19,SS_vs_seasonal,0.4599017930337622,1445553,cc289a63a4f23862,True,location-k4-fold3-seed0,3
ar,CoPy_R,19,SS_vs_ar,4.866840264128314e-11,1445553,cc289a63a4f23862,True,location-k4-fold3-seed0,3
ar,CoPy_R,20,MSE,0.020607207435467623,1445553,cc289a63a4f23862,True,location-k4-fold3-seed0,3
ar,CoPy_R,20,MAE,0.08598392254282174,1445553,cc289a63a4f23862,True,location-k4-fold3-seed0,3
ar,CoPy_R,20,SS_vs_persistence,0.5164684014479601,1445553,cc289a63a4f23862,True,location-k4-fold3-seed0,3
ar,CoPy_R,20,SS_vs_seasonal,0.45940518145374487,1445553,cc289a63a4f23862,True,location-k4-fold3-seed0,3
ar,CoPy_R,20,SS_vs_ar,4.8526627161038505e-11,1445553,cc289a63a4f23862,True,location-k4-fold3-seed0,3
ar,CoPy_R,21,MSE,0.020659630490838906,1445553,cc289a63a4f23862,True,location-k4-fold3-seed0,3
ar,CoPy_R,21,MAE,0.08602455409613274,1445553,cc289a63a4f23862,True,location-k4-fold3-seed0,3
ar,CoPy_R,21,SS_vs_persistence,0.5178093698482293,1445553,cc289a63a4f23862,True,location-k4-fold3-seed0,3
ar,CoPy_R,21,SS_vs_seasonal,0.46349593863292915,1445553,cc289a63a4f23862,True,location-k4-fold3-seed0,3
ar,CoPy_R,21,SS_vs_ar,4.8403503427607575e-11,1445553,cc289a63a4f23862,True,location-k4-fold3-seed0,3
ar,CoPy_R,22,MSE,0.02067327095216446,1445553,cc289a63a4f23862,True,location-k4-fold3-seed0,3
ar,CoPy_R,22,MAE,0.0860269233509751,1445553,cc289a63a4f23862,True,location-k4-fold3-seed0,3
ar,CoPy_R,22,SS_vs_persistence,0.5126101950507655,1445553,cc289a63a4f23862,True,location-k4-fold3-seed0,3
ar,CoPy_R,22,SS_vs_seasonal,0.46340657297325827,1445553,cc289a63a4f23862,True,location-k4-fold3-seed0,3
ar,CoPy_R,22,SS_vs_ar,4.837152900449837e-11,1445553,cc289a63a4f23862,True,location-k4-fold3-seed0,3
ar,CoPy_R,23,MSE,0.02070421274068312,1445553,cc289a63a4f23862,True,location-k4-fold3-seed0,3
ar,CoPy_R,23,MAE,0.0861184421553189,1445553,cc289a63a4f23862,True,location-k4-fold3-seed0,3
ar,CoPy_R,23,SS_vs_persistence,0.5023787737084521,1445553,cc289a63a4f23862,True,location-k4-fold3-seed0,3
ar,CoPy_R,23,SS_vs_seasonal,0.4626243979686747,1445553,cc289a63a4f23862,True,location-k4-fold3-seed0,3
ar,CoPy_R,23,SS_vs_ar,4.829925348559527e-11,1445553,cc289a63a4f23862,True,location-k4-fold3-seed0,3
ar,CoPy_R,24,MSE,0.020590340141854964,1445553,cc289a63a4f23862,True,location-k4-fold3-seed0,3
ar,CoPy_R,24,MAE,0.08599305856908611,1445553,cc289a63a4f23862,True,location-k4-fold3-seed0,3
ar,CoPy_R,24,SS_vs_persistence,0.5016187519114738,1445553,cc289a63a4f23862,True,location-k4-fold3-seed0,3
ar,CoPy_R,24,SS_vs_seasonal,0.4607834108179413,1445553,cc289a63a4f23862,True,location-k4-fold3-seed0,3
ar,CoPy_R,24,SS_vs_ar,4.8566373145320085e-11,1445553,cc289a63a4f23862,True,location-k4-fold3-seed0,3
ar,CoPy_R,25,MSE,0.02065268218276803,1445553,cc289a63a4f23862,True,location-k4-fold3-seed0,3
ar,CoPy_R,25,MAE,0.08619381714793233,1445553,cc289a63a4f23862,True,location-k4-fold3-seed0,3
ar,CoPy_R,25,SS_vs_persistence,0.4875746856797496,1445553,cc289a63a4f23862,True,location-k4-fold3-seed0,3
ar,CoPy_R,25,SS_vs_seasonal,0.45814560708849306,1445553,cc289a63a4f23862,True,location-k4-fold3-seed0,3
ar,CoPy_R,25,SS_vs_ar,4.8419823706069565e-11,1445553,cc289a63a4f23862,True,location-k4-fold3-seed0,3
ar,CoPy_R,26,MSE,0.02071940739933124,1445553,cc289a63a4f23862,True,location-k4-fold3-seed0,3
ar,CoPy_R,26,MAE,0.08629562792288173,1445553,cc289a63a4f23862,True,location-k4-fold3-seed0,3
ar,CoPy_R,26,SS_vs_persistence,0.513331223909241,1445553,cc289a63a4f23862,True,location-k4-fold3-seed0,3
ar,CoPy_R,26,SS_vs_seasonal,0.4623630729752102,1445553,cc289a63a4f23862,True,location-k4-fold3-seed0,3
ar,CoPy_R,26,SS_vs_ar,4.826383737110973e-11,1445553,cc289a63a4f23862,True,location-k4-fold3-seed0,3
ar,CoPy_R,27,MSE,0.020700199498135407,1445553,cc289a63a4f23862,True,location-k4-fold3-seed0,3
ar,CoPy_R,27,MAE,0.08639193301242258,1445553,cc289a63a4f23862,True,location-k4-fold3-seed0,3
ar,CoPy_R,27,SS_vs_persistence,0.5337154215559252,1445553,cc289a63a4f23862,True,location-k4-fold3-seed0,3
ar,CoPy_R,27,SS_vs_seasonal,0.4654476955984729,1445553,cc289a63a4f23862,True,location-k4-fold3-seed0,3
ar,CoPy_R,27,SS_vs_ar,4.8308690381304586e-11,1445553,cc289a63a4f23862,True,location-k4-fold3-seed0,3
ar,CoPy_R,28,MSE,0.020751775628609054,1445553,cc289a63a4f23862,True,location-k4-fold3-seed0,3
ar,CoPy_R,28,MAE,0.08643442778071253,1445553,cc289a63a4f23862,True,location-k4-fold3-seed0,3
ar,CoPy_R,28,SS_vs_persistence,0.5387378104701803,1445553,cc289a63a4f23862,True,location-k4-fold3-seed0,3
ar,CoPy_R,28,SS_vs_seasonal,0.4650451837235028,1445553,cc289a63a4f23862,True,location-k4-fold3-seed0,3
ar,CoPy_R,28,SS_vs_ar,4.8188564250040145e-11,1445553,cc289a63a4f23862,True,location-k4-fold3-seed0,3
ar,CoPy_R,29,MSE,0.02074779582605706,1445553,cc289a63a4f23862,True,location-k4-fold3-seed0,3
ar,CoPy_R,29,MAE,0.0863825346310737,1445553,cc289a63a4f23862,True,location-k4-fold3-seed0,3
ar,CoPy_R,29,SS_vs_persistence,0.5391754131072769,1445553,cc289a63a4f23862,True,location-k4-fold3-seed0,3
ar,CoPy_R,29,SS_vs_seasonal,0.4681665348621089,1445553,cc289a63a4f23862,True,location-k4-fold3-seed0,3
ar,CoPy_R,29,SS_vs_ar,4.8197779101144533e-11,1445553,cc289a63a4f23862,True,location-k4-fold3-seed0,3
ar,CoPy_R,30,MSE,0.02068736395965816,1445553,cc289a63a4f23862,True,location-k4-fold3-seed0,3
ar,CoPy_R,30,MAE,0.08626911573030735,1445553,cc289a63a4f23862,True,location-k4-fold3-seed0,3
ar,CoPy_R,30,SS_vs_persistence,0.5221357610595765,1445553,cc289a63a4f23862,True,location-k4-fold3-seed0,3
ar,CoPy_R,30,SS_vs_seasonal,0.4676623641219497,1445553,cc289a63a4f23862,True,location-k4-fold3-seed0,3
ar,CoPy_R,30,SS_vs_ar,4.8338666402969466e-11,1445553,cc289a63a4f23862,True,location-k4-fold3-seed0,3
ar,CoPy_R,all,MSE,0.020609730535713314,1445553,cc289a63a4f23862,True,location-k4-fold3-seed0,3
ar,CoPy_R,all,MAE,0.08560310012249799,1445553,cc289a63a4f23862,True,location-k4-fold3-seed0,3
ar,CoPy_R,all,SS_vs_persistence,0.5086571124558856,1445553,cc289a63a4f23862,True,location-k4-fold3-seed0,3
ar,CoPy_R,all,SS_vs_seasonal,0.463621219318022,1445553,cc289a63a4f23862,True,location-k4-fold3-seed0,3
ar,CoPy_R,all,SS_vs_ar,4.852074297900799e-11,1445553,cc289a63a4f23862,True,location-k4-fold3-seed0,3
pg_cnn,F_R,1,MSE,4772570.564900496,1529550,cc289a63a4f23862,True,location-k4-fold3-seed0,3
pg_cnn,F_R,1,MAE,1155.7234649151376,1529550,cc289a63a4f23862,True,location-k4-fold3-seed0,3
pg_cnn,F_R,1,SS_vs_persistence,-8.415969621641167,1529550,cc289a63a4f23862,True,location-k4-fold3-seed0,3
pg_cnn,F_R,1,SS_vs_seasonal,-4.932923158527949,1529550,cc289a63a4f23862,True,location-k4-fold3-seed0,3
pg_cnn,F_R,1,SS_vs_ar,-11.891511043203405,1529550,cc289a63a4f23862,True,location-k4-fold3-seed0,3
pg_cnn,F_R,2,MSE,4645806.336502744,1529550,cc289a63a4f23862,True,location-k4-fold3-seed0,3
pg_cnn,F_R,2,MAE,1145.6087065815766,1529550,cc289a63a4f23862,True,location-k4-fold3-seed0,3
pg_cnn,F_R,2,SS_vs_persistence,-7.109341056673138,1529550,cc289a63a4f23862,True,location-k4-fold3-seed0,3
pg_cnn,F_R,2,SS_vs_seasonal,-4.652922565842926,1529550,cc289a63a4f23862,True,location-k4-fold3-seed0,3
pg_cnn,F_R,2,SS_vs_ar,-10.09514445361929,1529550,cc289a63a4f23862,True,location-k4-fold3-seed0,3
pg_cnn,F_R,3,MSE,4694056.672230412,1529550,cc289a63a4f23862,True,location-k4-fold3-seed0,3
pg_cnn,F_R,3,MAE,1153.9741040703157,1529550,cc289a63a4f23862,True,location-k4-fold3-seed0,3
pg_cnn,F_R,3,SS_vs_persistence,-6.754217300709912,1529550,cc289a63a4f23862,True,location-k4-fold3-seed0,3
pg_cnn,F_R,3,SS_vs_seasonal,-4.631451370545388,1529550,cc289a63a4f23862,True,location-k4-fold3-seed0,3
pg_cnn,F_R,3,SS_vs_ar,-9.446321293235039,1529550,cc289a63a4f23862,True,location-k4-fold3-seed0,3
pg_cnn,F_R,4,MSE,4729823.867424065,1529550,cc289a63a4f23862,True,location-k4-fold3-seed0,3
pg_cnn,F_R,4,MAE,1161.3664308572638,1529550,cc289a63a4f23862,True,location-k4-fold3-seed0,3
pg_cnn,F_R,4,SS_vs_persistence,-6.63984437193364,1529550,cc289a63a4f23862,True,location-k4-fold3-seed0,3
pg_cnn,F_R,4,SS_vs_seasonal,-4.643037125106637,1529550,cc289a63a4f23862,True,location-k4-fold3-seed0,3
pg_cnn,F_R,4,SS_vs_ar,-8.93612240955877,1529550,cc289a63a4f23862,True,location-k4-fold3-seed0,3
pg_cnn,F_R,5,MSE,4775905.827288861,1529550,cc289a63a4f23862,True,location-k4-fold3-seed0,3
pg_cnn,F_R,5,MAE,1170.9363270837375,1529550,cc289a63a4f23862,True,location-k4-fold3-seed0,3
pg_cnn,F_R,5,SS_vs_persistence,-6.361300473656476,1529550,cc289a63a4f23862,True,location-k4-fold3-seed0,3
pg_cnn,F_R,5,SS_vs_seasonal,-4.641927506997049,1529550,cc289a63a4f23862,True,location-k4-fold3-seed0,3
pg_cnn,F_R,5,SS_vs_ar,-8.458395131085279,1529550,cc289a63a4f23862,True,location-k4-fold3-seed0,3
pg_cnn,F_R,6,MSE,4814537.59060349,1529550,cc289a63a4f23862,True,location-k4-fold3-seed0,3
pg_cnn,F_R,6,MAE,1177.8097591232997,1529550,cc289a63a4f23862,True,location-k4-fold3-seed0,3
pg_cnn,F_R,6,SS_vs_persistence,-6.397980696255265,1529550,cc289a63a4f23862,True,location-k4-fold3-seed0,3
pg_cnn,F_R,6,SS_vs_seasonal,-4.664770386393013,1529550,cc289a63a4f23862,True,location-k4-fold3-seed0,3
pg_cnn,F_R,6,SS_vs_ar,-8.16572614168936,1529550,cc289a63a4f23862,True,location-k4-fold3-seed0,3
pg_cnn,F_R,7,MSE,4854272.776573579,1529550,cc289a63a4f23862,True,location-k4-fold3-seed0,3
pg_cnn,F_R,7,MAE,1186.0690874643199,1529550,cc289a63a4f23862,True,location-k4-fold3-seed0,3
pg_cnn,F_R,7,SS_vs_persistence,-6.128722842742737,1529550,cc289a63a4f23862,True,location-k4-fold3-seed0,3
pg_cnn,F_R,7,SS_vs_seasonal,-4.652274510090374,1529550,cc289a63a4f23862,True,location-k4-fold3-seed0,3
pg_cnn,F_R,7,SS_vs_ar,-7.815153926508303,1529550,cc289a63a4f23862,True,location-k4-fold3-seed0,3
pg_cnn,F_R,8,MSE,4886839.490422403,1529550,cc289a63a4f23862,True,location-k4-fold3-seed0,3
pg_cnn,F_R,8,MAE,1192.361892881402,1529550,cc289a63a4f23862,True,location-k4-fold3-seed0,3
pg_cnn,F_R,8,SS_vs_persistence,-6.103331921802969,1529550,cc289a63a4f23862,True,location-k4-fold3-seed0,3
pg_cnn,F_R,8,SS_vs_seasonal,-4.653176023154972,1529550,cc289a63a4f23862,True,location-k4-fold3-seed0,3
pg_cnn,F_R,8,SS_vs_ar,-7.540855265076846,1529550,cc289a63a4f23862,True,location-k4-fold3-seed0,3
pg_cnn,F_R,9,MSE,4916409.337321397,1529550,cc289a63a4f23862,True,location-k4-fold3-seed0,3
pg_cnn,F_R,9,MAE,1198.7919850079393,1529550,cc289a63a4f23862,True,location-k4-fold3-seed0,3
pg_cnn,F_R,9,SS_vs_persistence,-6.048136312516245,1529550,cc289a63a4f23862,True,location-k4-fold3-seed0,3
pg_cnn,F_R,9,SS_vs_seasonal,-4.66731491108833,1529550,cc289a63a4f23862,True,location-k4-fold3-seed0,3
pg_cnn,F_R,9,SS_vs_ar,-7.3014204952507775,1529550,cc289a63a4f23862,True,location-k4-fold3-seed0,3
pg_cnn,F_R,10,MSE,4941766.889553309,1529550,cc289a63a4f23862,True,location-k4-fold3-seed0,3
pg_cnn,F_R,10,MAE,1203.4165883204237,1529550,cc289a63a4f23862,True,location-k4-fold3-seed0,3
pg_cnn,F_R,10,SS_vs_persistence,-6.09403406932146,1529550,cc289a63a4f23862,True,location-k4-fold3-seed0,3
pg_cnn,F_R,10,SS_vs_seasonal,-4.683622412716605,1529550,cc289a63a4f23862,True,location-k4-fold3-seed0,3
pg_cnn,F_R,10,SS_vs_ar,-7.083795210150839,1529550,cc289a63a4f23862,True,location-k4-fold3-seed0,3
pg_cnn,F_R,11,MSE,4968687.765067654,1529550,cc289a63a4f23862,True,location-k4-fold3-seed0,3
pg_cnn,F_R,11,MAE,1209.3702927291863,1529550,cc289a63a4f23862,True,location-k4-fold3-seed0,3
pg_cnn,F_R,11,SS_vs_persistence,-5.910077847515227,1529550,cc289a63a4f23862,True,location-k4-fold3-seed0,3
pg_cnn,F_R,11,SS_vs_seasonal,-4.626098339324427,1529550,cc289a63a4f23862,True,location-k4-fold3-seed0,3
pg_cnn,F_R,11,SS_vs_ar,-6.786921894172173,1529550,cc289a63a4f23862,True,location-k4-fold3-seed0,3
pg_cnn,F_R,12,MSE,4992698.0775543675,1529550,cc289a63a4f23862,True,location-k4-fold3-seed0,3
pg_cnn,F_R,12,MAE,1213.5015949419274,1529550,cc289a63a4f23862,True,location-k4-fold3-seed0,3
pg_cnn,F_R,12,SS_vs_persistence,-5.783231626474933,1529550,cc289a63a4f23862,True,location-k4-fold3-seed0,3
pg_cnn,F_R,12,SS_vs_seasonal,-4.617543786538297,1529550,cc289a63a4f23862,True,location-k4-fold3-seed0,3
pg_cnn,F_R,12,SS_vs_ar,-6.574205357355699,1529550,cc289a63a4f23862,True,location-k4-fold3-seed0,3
pg_cnn,F_R,13,MSE,5017451.6161378585,1529550,cc289a63a4f23862,True,location-k4-fold3-seed0,3
pg_cnn,F_R,13,MAE,1218.1115422532525,1529550,cc289a63a4f23862,True,location-k4-fold3-seed0,3
pg_cnn,F_R,13,SS_vs_persistence,-5.694843415044809,1529550,cc289a63a4f23862,True,location-k4-fold3-seed0,3
pg_cnn,F_R,13,SS_vs_seasonal,-4.621011818310879,1529550,cc289a63a4f23862,True,location-k4-fold3-seed0,3
pg_cnn,F_R,13,SS_vs_ar,-6.453676224369109,1529550,cc289a63a4f23862,True,location-k4-fold3-seed0,3
pg_cnn,F_R,14,MSE,5038075.973001671,1529550,cc289a63a4f23862,True,location-k4-fold3-seed0,3
pg_cnn,F_R,14,MAE,1221.7178907422144,1529550,cc289a63a4f23862,True,location-k4-fold3-seed0,3
pg_cnn,F_R,14,SS_vs_persistence,-5.7364619267577925,1529550,cc289a63a4f23862,True,location-k4-fold3-seed0,3
pg_cnn,F_R,14,SS_vs_seasonal,-4.6271802549567616,1529550,cc289a63a4f23862,True,location-k4-fold3-seed0,3
pg_cnn,F_R,14,SS_vs_ar,-6.345815756542362,1529550,cc289a63a4f23862,True,location-k4-fold3-seed0,3
pg_cnn,F_R,15,MSE,5060796.9873566525,1529550,cc289a63a4f23862,True,location-k4-fold3-seed0,3
pg_cnn,F_R,15,MAE,1226.7919082450596,1529550,cc289a63a4f23862,True,location-k4-fold3-seed0,3
pg_cnn,F_R,15,SS_vs_persistence,-5.692230306479998,1529550,cc289a63a4f23862,True,location-k4-fold3-seed0,3
pg_cnn,F_R,15,SS_vs_seasonal,-4.6130307265317185,1529550,cc289a63a4f23862,True,location-k4-fold3-seed0,3
pg_cnn,F_R,15,SS_vs_ar,-6.172022987227463,1529550,cc289a63a4f23862,True,location-k4-fold3-seed0,3
pg_cnn,F_R,16,MSE,5106492.100081456,1529550,cc289a63a4f23862,True,location-k4-fold3-seed0,3
pg_cnn,F_R,16,MAE,1236.9093694407466,1529550,cc289a63a4f23862,True,location-k4-fold3-seed0,3
pg_cnn,F_R,16,SS_vs_persistence,-5.402741675156351,1529550,cc289a63a4f23862,True,location-k4-fold3-seed0,3
pg_cnn,F_R,16,SS_vs_seasonal,-4.506726573558134,1529550,cc289a63a4f23862,True,location-k4-fold3-seed0,3
pg_cnn,F_R,16,SS_vs_ar,-5.872876799123037,1529550,cc289a63a4f23862,True,location-k4-fold3-seed0,3
pg_cnn,F_R,17,MSE,5129966.335106601,1529550,cc289a63a4f23862,True,location-k4-fold3-seed0,3
pg_cnn,F_R,17,MAE,1241.7471357756517,1529550,cc289a63a4f23862,True,location-k4-fold3-seed0,3
pg_cnn,F_R,17,SS_vs_persistence,-5.287411383282621,1529550,cc289a63a4f23862,True,location-k4-fold3-seed0,3
pg_cnn,F_R,17,SS_vs_seasonal,-4.472811842988506,1529550,cc289a63a4f23862,True,location-k4-fold3-seed0,3
pg_cnn,F_R,17,SS_vs_ar,-5.7138156846773835,1529550,cc289a63a4f23862,True,location-k4-fold3-seed0,3
pg_cnn,F_R,18,MSE,5146288.167517694,1529550,cc289a63a4f23862,True,location-k4-fold3-seed0,3
pg_cnn,F_R,18,MAE,1244.7413491226644,1529550,cc289a63a4f23862,True,location-k4-fold3-seed0,3
pg_cnn,F_R,18,SS_vs_persistence,-5.233553063139172,1529550,cc289a63a4f23862,True,location-k4-fold3-seed0,3
pg_cnn,F_R,18,SS_vs_seasonal,-4.472799597267298,1529550,cc289a63a4f23862,True,location-k4-fold3-seed0,3
pg_cnn,F_R,18,SS_vs_ar,-5.532149083162237,1529550,cc289a63a4f23862,True,location-k4-fold3-seed0,3
pg_cnn,F_R,19,MSE,5164669.858961525,1529550,cc289a63a4f23862,True,location-k4-fold3-seed0,3
pg_cnn,F_R,19,MAE,1249.2187206593956,1529550,cc289a63a4f23862,True,location-k4-fold3-seed0,3
pg_cnn,F_R,19,SS_vs_persistence,-5.135720261508615,1529550,cc289a63a4f23862,True,location-k4-fold3-seed0,3
pg_cnn,F_R,19,SS_vs_seasonal,-4.4622948502269715,1529550,cc289a63a4f23862,True,location-k4-fold3-seed0,3
pg_cnn,F_R,19,SS_vs_ar,-5.362862793216437,1529550,cc289a63a4f23862,True,location-k4-fold3-seed0,3
pg_cnn,F_R,20,MSE,5179416.108557925,1529550,cc289a63a4f23862,True,location-k4-fold3-seed0,3
pg_cnn,F_R,20,MAE,1252.5311368200676,1529550,cc289a63a4f23862,True,location-k4-fold3-seed0,3
pg_cnn,F_R,20,SS_vs_persistence,-5.056027396569623,1529550,cc289a63a4f23862,True,location-k4-fold3-seed0,3
pg_cnn,F_R,20,SS_vs_seasonal,-4.479436953973863,1529550,cc289a63a4f23862,True,location-k4-fold3-seed0,3
pg_cnn,F_R,20,SS_vs_ar,-5.218976582594939,1529550,cc289a63a4f23862,True,location-k4-fold3-seed0,3
pg_cnn,F_R,21,MSE,5192873.652068096,1529550,cc289a63a4f23862,True,location-k4-fold3-seed0,3
pg_cnn,F_R,21,MAE,1255.071703009825,1529550,cc289a63a4f23862,True,location-k4-fold3-seed0,3
pg_cnn,F_R,21,SS_vs_persistence,-5.047075929362811,1529550,cc289a63a4f23862,True,location-k4-fold3-seed0,3
pg_cnn,F_R,21,SS_vs_seasonal,-4.464175297501219,1529550,cc289a63a4f23862,True,location-k4-fold3-seed0,3
pg_cnn,F_R,21,SS_vs_ar,-5.122214735092893,1529550,cc289a63a4f23862,True,location-k4-fold3-seed0,3
pg_cnn,F_R,22,MSE,5204954.880612607,1529550,cc289a63a4f23862,True,location-k4-fold3-seed0,3
pg_cnn,F_R,22,MAE,1258.0082070989356,1529550,cc289a63a4f23862,True,location-k4-fold3-seed0,3
pg_cnn,F_R,22,SS_vs_persistence,-4.953372095254421,1529550,cc289a63a4f23862,True,location-k4-fold3-seed0,3
pg_cnn,F_R,22,SS_vs_seasonal,-4.470914167182639,1529550,cc289a63a4f23862,True,location-k4-fold3-seed0,3
pg_cnn,F_R,22,SS_vs_ar,-4.9970636661020835,1529550,cc289a63a4f23862,True,location-k4-fold3-seed0,3
pg_cnn,F_R,23,MSE,5218590.712601579,1529550,cc289a63a4f23862,True,location-k4-fold3-seed0,3
pg_cnn,F_R,23,MAE,1261.5615703776245,1529550,cc289a63a4f23862,True,location-k4-fold3-seed0,3
pg_cnn,F_R,23,SS_vs_persistence,-4.849278936392585,1529550,cc289a63a4f23862,True,location-k4-fold3-seed0,3
pg_cnn,F_R,23,SS_vs_seasonal,-4.433988193525751,1529550,cc289a63a4f23862,True,location-k4-fold3-seed0,3
pg_cnn,F_R,23,SS_vs_ar,-4.8881139089089025,1529550,cc289a63a4f23862,True,location-k4-fold3-seed0,3
pg_cnn,F_R,24,MSE,5229461.342308737,1529550,cc289a63a4f23862,True,location-k4-fold3-seed0,3
pg_cnn,F_R,24,MAE,1264.6012281701271,1529550,cc289a63a4f23862,True,location-k4-fold3-seed0,3
pg_cnn,F_R,24,SS_vs_persistence,-4.828586903663883,1529550,cc289a63a4f23862,True,location-k4-fold3-seed0,3
pg_cnn,F_R,24,SS_vs_seasonal,-4.436677963561819,1529550,cc289a63a4f23862,True,location-k4-fold3-seed0,3
pg_cnn,F_R,24,SS_vs_ar,-4.824620517957193,1529550,cc289a63a4f23862,True,location-k4-fold3-seed0,3
pg_cnn,F_R,25,MSE,5240412.4437145805,1529550,cc289a63a4f23862,True,location-k4-fold3-seed0,3
pg_cnn,F_R,25,MAE,1267.8155040792699,1529550,cc289a63a4f23862,True,location-k4-fold3-seed0,3
pg_cnn,F_R,25,SS_vs_persistence,-4.77152322040453,1529550,cc289a63a4f23862,True,location-k4-fold3-seed0,3
pg_cnn,F_R,25,SS_vs_seasonal,-4.434777481346169,1529550,cc289a63a4f23862,True,location-k4-fold3-seed0,3
pg_cnn,F_R,25,SS_vs_ar,-4.7489611778976615,1529550,cc289a63a4f23862,True,location-k4-fold3-seed0,3
pg_cnn,F_R,26,MSE,5252004.31675999,1529550,cc289a63a4f23862,True,location-k4-fold3-seed0,3
pg_cnn,F_R,26,MAE,1270.9613730961908,1529550,cc289a63a4f23862,True,location-k4-fold3-seed0,3
pg_cnn,F_R,26,SS_vs_persistence,-4.677451685385001,1529550,cc289a63a4f23862,True,location-k4-fold3-seed0,3
pg_cnn,F_R,26,SS_vs_seasonal,-4.45103437589724,1529550,cc289a63a4f23862,True,location-k4-fold3-seed0,3
pg_cnn,F_R,26,SS_vs_ar,-4.6507869519147595,1529550,cc289a63a4f23862,True,location-k4-fold3-seed0,3
pg_cnn,F_R,27,MSE,5263800.296902312,1529550,cc289a63a4f23862,True,location-k4-fold3-seed0,3
pg_cnn,F_R,27,MAE,1274.0538074320455,1529550,cc289a63a4f23862,True,location-k4-fold3-seed0,3
pg_cnn,F_R,27,SS_vs_persistence,-4.538920259617886,1529550,cc289a63a4f23862,True,location-k4-fold3-seed0,3
pg_cnn,F_R,27,SS_vs_seasonal,-4.439344353182451,1529550,cc289a63a4f23862,True,location-k4-fold3-seed0,3
pg_cnn,F_R,27,SS_vs_ar,-4.586427300513777,1529550,cc289a63a4f23862,True,location-k4-fold3-seed0,3
pg_cnn,F_R,28,MSE,5270817.697069284,1529550,cc289a63a4f23862,True,location-k4-fold3-seed0,3
pg_cnn,F_R,28,MAE,1275.8463735246557,1529550,cc289a63a4f23862,True,location-k4-fold3-seed0,3
pg_cnn,F_R,28,SS_vs_persistence,-4.538768406797297,1529550,cc289a63a4f23862,True,location-k4-fold3-seed0,3
pg_cnn,F_R,28,SS_vs_seasonal,-4.438106026507058,1529550,cc289a63a4f23862,True,location-k4-fold3-seed0,3
pg_cnn,F_R,28,SS_vs_ar,-4.5284983010448805,1529550,cc289a63a4f23862,True,location-k4-fold3-seed0,3
pg_cnn,F_R,29,MSE,5282328.942796439,1529550,cc289a63a4f23862,True,location-k4-fold3-seed0,3
pg_cnn,F_R,29,MAE,1278.255111004924,1529550,cc289a63a4f23862,True,location-k4-fold3-seed0,3
pg_cnn,F_R,29,SS_vs_persistence,-4.48431693774574,1529550,cc289a63a4f23862,True,location-k4-fold3-seed0,3
pg_cnn,F_R,29,SS_vs_seasonal,-4.45199324296087,1529550,cc289a63a4f23862,True,location-k4-fold3-seed0,3
pg_cnn,F_R,29,SS_vs_ar,-4.459138821765175,1529550,cc289a63a4f23862,True,location-k4-fold3-seed0,3
pg_cnn,F_R,30,MSE,5293824.804973954,1529550,cc289a63a4f23862,True,location-k4-fold3-seed0,3
pg_cnn,F_R,30,MAE,1280.9175397888234,1529550,cc289a63a4f23862,True,location-k4-fold3-seed0,3
pg_cnn,F_R,30,SS_vs_persistence,-4.531425695180618,1529550,cc289a63a4f23862,True,location-k4-fold3-seed0,3
pg_cnn,F_R,30,SS_vs_seasonal,-4.474306009862928,1529550,cc289a63a4f23862,True,location-k4-fold3-seed0,3
pg_cnn,F_R,30,SS_vs_ar,-4.399177189707258,1529550,cc289a63a4f23862,True,location-k4-fold3-seed0,3
pg_cnn,F_R,all,MSE,5042853.381065645,1529550,cc289a63a4f23862,True,location-k4-fold3-seed0,3
pg_cnn,F_R,all,MAE,1224.926390153888,1529550,cc289a63a4f23862,True,location-k4-fold3-seed0,3
pg_cnn,F_R,all,SS_vs_persistence,-5.46819957456416,1529550,cc289a63a4f23862,True,location-k4-fold3-seed0,3
pg_cnn,F_R,all,SS_vs_seasonal,-4.554527619986838,1529550,cc289a63a4f23862,True,location-k4-fold3-seed0,3
pg_cnn,F_R,all,SS_vs_ar,-6.017871356680922,1529550,cc289a63a4f23862,True,location-k4-fold3-seed0,3
pg_cnn,CoPx_R,1,MSE,0.014305400635314379,1445553,cc289a63a4f23862,True,location-k4-fold3-seed0,3
pg_cnn,CoPx_R,1,MAE,0.06996550859258985,1445553,cc289a63a4f23862,True,location-k4-fold3-seed0,3
pg_cnn,CoPx_R,1,SS_vs_persistence,0.6787247785933006,1445553,cc289a63a4f23862,True,location-k4-fold3-seed0,3
pg_cnn,CoPx_R,1,SS_vs_seasonal,0.701780174100745,1445553,cc289a63a4f23862,True,location-k4-fold3-seed0,3
pg_cnn,CoPx_R,1,SS_vs_ar,0.2799157632244318,1445553,cc289a63a4f23862,True,location-k4-fold3-seed0,3
pg_cnn,CoPx_R,2,MSE,0.014741513942687568,1445553,cc289a63a4f23862,True,location-k4-fold3-seed0,3
pg_cnn,CoPx_R,2,MAE,0.06799401554353718,1445553,cc289a63a4f23862,True,location-k4-fold3-seed0,3
pg_cnn,CoPx_R,2,SS_vs_persistence,0.7096878668298672,1445553,cc289a63a4f23862,True,location-k4-fold3-seed0,3
pg_cnn,CoPx_R,2,SS_vs_seasonal,0.7035484917032817,1445553,cc289a63a4f23862,True,location-k4-fold3-seed0,3
pg_cnn,CoPx_R,2,SS_vs_ar,0.2646087015132117,1445553,cc289a63a4f23862,True,location-k4-fold3-seed0,3
pg_cnn,CoPx_R,3,MSE,0.015189697595291271,1445553,cc289a63a4f23862,True,location-k4-fold3-seed0,3
pg_cnn,CoPx_R,3,MAE,0.0700211888662139,1445553,cc289a63a4f23862,True,location-k4-fold3-seed0,3
pg_cnn,CoPx_R,3,SS_vs_persistence,0.68195885136478,1445553,cc289a63a4f23862,True,location-k4-fold3-seed0,3
pg_cnn,CoPx_R,3,SS_vs_seasonal,0.6866942329199829,1445553,cc289a63a4f23862,True,location-k4-fold3-seed0,3
pg_cnn,CoPx_R,3,SS_vs_ar,0.24069476314444216,1445553,cc289a63a4f23862,True,location-k4-fold3-seed0,3
pg_cnn,CoPx_R,4,MSE,0.015536086931843055,1445553,cc289a63a4f23862,True,location-k4-fold3-seed0,3
pg_cnn,CoPx_R,4,MAE,0.07030016306774776,1445553,cc289a63a4f23862,True,location-k4-fold3-seed0,3
pg_cnn,CoPx_R,4,SS_vs_persistence,0.6905087881414183,1445553,cc289a63a4f23862,True,location-k4-fold3-seed0,3
pg_cnn,CoPx_R,4,SS_vs_seasonal,0.6838403197050058,1445553,cc289a63a4f23862,True,location-k4-fold3-seed0,3
pg_cnn,CoPx_R,4,SS_vs_ar,0.22808849040543888,1445553,cc289a63a4f23862,True,location-k4-fold3-seed0,3
pg_cnn,CoPx_R,5,MSE,0.015911775246536277,1445553,cc289a63a4f23862,True,location-k4-fold3-seed0,3
pg_cnn,CoPx_R,5,MAE,0.07159574307076975,1445553,cc289a63a4f23862,True,location-k4-fold3-seed0,3
pg_cnn,CoPx_R,5,SS_vs_persistence,0.6984583895845728,1445553,cc289a63a4f23862,True,location-k4-fold3-seed0,3
pg_cnn,CoPx_R,5,SS_vs_seasonal,0.680866244665147,1445553,cc289a63a4f23862,True,location-k4-fold3-seed0,3
pg_cnn,CoPx_R,5,SS_vs_ar,0.20817919700340637,1445553,cc289a63a4f23862,True,location-k4-fold3-seed0,3
pg_cnn,CoPx_R,6,MSE,0.016161572144068895,1445553,cc289a63a4f23862,True,location-k4-fold3-seed0,3
pg_cnn,CoPx_R,6,MAE,0.07217289451306885,1445553,cc289a63a4f23862,True,location-k4-fold3-seed0,3
pg_cnn,CoPx_R,6,SS_vs_persistence,0.6829105375106728,1445553,cc289a63a4f23862,True,location-k4-fold3-seed0,3
pg_cnn,CoPx_R,6,SS_vs_seasonal,0.671841641261981,1445553,cc289a63a4f23862,True,location-k4-fold3-seed0,3
pg_cnn,CoPx_R,6,SS_vs_ar,0.19877274971424952,1445553,cc289a63a4f23862,True,location-k4-fold3-seed0,3
pg_cnn,CoPx_R,7,MSE,0.01654981118589982,1445553,cc289a63a4f23862,True,location-k4-fold3-seed0,3
pg_cnn,CoPx_R,7,MAE,0.07336490559977421,1445553,cc289a63a4f23862,True,location-k4-fold3-seed0,3
pg_cnn,CoPx_R,7,SS_vs_persistence,0.6736215950966364,1445553,cc289a63a4f23862,True,location-k4-fold3-seed0,3
pg_cnn,CoPx_R,7,SS_vs_seasonal,0.661187490949537,1445553,cc289a63a4f23862,True,location-k4-fold3-seed0,3
pg_cnn,CoPx_R,7,SS_vs_ar,0.18056101513354705,1445553,cc289a63a4f23862,True,location-k4-fold3-seed0,3
pg_cnn,CoPx_R,8,MSE,0.016662306270580993,1445553,cc289a63a4f23862,True,location-k4-fold3-seed0,3
pg_cnn,CoPx_R,8,MAE,0.07363418158068358,1445553,cc289a63a4f23862,True,location-k4-fold3-seed0,3
pg_cnn,CoPx_R,8,SS_vs_persistence,0.6803773883783999,1445553,cc289a63a4f23862,True,location-k4-fold3-seed0,3
pg_cnn,CoPx_R,8,SS_vs_seasonal,0.661777225483485,1445553,cc289a63a4f23862,True,location-k4-fold3-seed0,3
pg_cnn,CoPx_R,8,SS_vs_ar,0.1757169790723485,1445553,cc289a63a4f23862,True,location-k4-fold3-seed0,3
pg_cnn,CoPx_R,9,MSE,0.016746079660948383,1445553,cc289a63a4f23862,True,location-k4-fold3-seed0,3
pg_cnn,CoPx_R,9,MAE,0.07407575933826496,1445553,cc289a63a4f23862,True,location-k4-fold3-seed0,3
pg_cnn,CoPx_R,9,SS_vs_persistence,0.6805875243407711,1445553,cc289a63a4f23862,True,location-k4-fold3-seed0,3
pg_cnn,CoPx_R,9,SS_vs_seasonal,0.6573586826089088,1445553,cc289a63a4f23862,True,location-k4-fold3-seed0,3
pg_cnn,CoPx_R,9,SS_vs_ar,0.16691413527346943,1445553,cc289a63a4f23862,True,location-k4-fold3-seed0,3
pg_cnn,CoPx_R,10,MSE,0.01690970836379375,1445553,cc289a63a4f23862,True,location-k4-fold3-seed0,3
pg_cnn,CoPx_R,10,MAE,0.07453026237947495,1445553,cc289a63a4f23862,True,location-k4-fold3-seed0,3
pg_cnn,CoPx_R,10,SS_vs_persistence,0.6709940165061454,1445553,cc289a63a4f23862,True,location-k4-fold3-seed0,3
pg_cnn,CoPx_R,10,SS_vs_seasonal,0.6524019643028629,1445553,cc289a63a4f23862,True,location-k4-fold3-seed0,3
pg_cnn,CoPx_R,10,SS_vs_ar,0.15540742922204775,1445553,cc289a63a4f23862,True,location-k4-fold3-seed0,3
pg_cnn,CoPx_R,11,MSE,0.017060871401974032,1445553,cc289a63a4f23862,True,location-k4-fold3-seed0,3
pg_cnn,CoPx_R,11,MAE,0.07501930208405123,1445553,cc289a63a4f23862,True,location-k4-fold3-seed0,3
pg_cnn,CoPx_R,11,SS_vs_persistence,0.6765115992724701,1445553,cc289a63a4f23862,True,location-k4-fold3-seed0,3
pg_cnn,CoPx_R,11,SS_vs_seasonal,0.653852522389267,1445553,cc289a63a4f23862,True,location-k4-fold3-seed0,3
pg_cnn,CoPx_R,11,SS_vs_ar,0.149426329465286,1445553,cc289a63a4f23862,True,location-k4-fold3-seed0,3
pg_cnn,CoPx_R,12,MSE,0.017240466744254286,1445553,cc289a63a4f23862,True,location-k4-fold3-seed0,3
pg_cnn,CoPx_R,12,MAE,0.07543838206010796,1445553,cc289a63a4f23862,True,location-k4-fold3-seed0,3
pg_cnn,CoPx_R,12,SS_vs_persistence,0.687213121640319,1445553,cc289a63a4f23862,True,location-k4-fold3-seed0,3
pg_cnn,CoPx_R,12,SS_vs_seasonal,0.6524891350958666,1445553,cc289a63a4f23862,True,location-k4-fold3-seed0,3
pg_cnn,CoPx_R,12,SS_vs_ar,0.13946668469325219,1445553,cc289a63a4f23862,True,location-k4-fold3-seed0,3
pg_cnn,CoPx_R,13,MSE,0.01738801092649218,1445553,cc289a63a4f23862,True,location-k4-fold3-seed0,3
pg_cnn,CoPx_R,13,MAE,0.07580297333038682,1445553,cc289a63a4f23862,True,location-k4-fold3-seed0,3
pg_cnn,CoPx_R,13,SS_vs_persistence,0.6916303169702567,1445553,cc289a63a4f23862,True,location-k4-fold3-seed0,3
pg_cnn,CoPx_R,13,SS_vs_seasonal,0.6537284620435225,1445553,cc289a63a4f23862,True,location-k4-fold3-seed0,3
pg_cnn,CoPx_R,13,SS_vs_ar,0.13312552531121358,1445553,cc289a63a4f23862,True,location-k4-fold3-seed0,3
pg_cnn,CoPx_R,14,MSE,0.01739257763992508,1445553,cc289a63a4f23862,True,location-k4-fold3-seed0,3
pg_cnn,CoPx_R,14,MAE,0.07587388683537945,1445553,cc289a63a4f23862,True,location-k4-fold3-seed0,3
pg_cnn,CoPx_R,14,SS_vs_persistence,0.66804351147346,1445553,cc289a63a4f23862,True,location-k4-fold3-seed0,3
pg_cnn,CoPx_R,14,SS_vs_seasonal,0.6492390894132143,1445553,cc289a63a4f23862,True,location-k4-fold3-seed0,3
pg_cnn,CoPx_R,14,SS_vs_ar,0.1320767429242451,1445553,cc289a63a4f23862,True,location-k4-fold3-seed0,3
pg_cnn,CoPx_R,15,MSE,0.01763055036195181,1445553,cc289a63a4f23862,True,location-k4-fold3-seed0,3
pg_cnn,CoPx_R,15,MAE,0.07635463564512579,1445553,cc289a63a4f23862,True,location-k4-fold3-seed0,3
pg_cnn,CoPx_R,15,SS_vs_persistence,0.669442374195635,1445553,cc289a63a4f23862,True,location-k4-fold3-seed0,3
pg_cnn,CoPx_R,15,SS_vs_seasonal,0.6491100619804235,1445553,cc289a63a4f23862,True,location-k4-fold3-seed0,3
pg_cnn,CoPx_R,15,SS_vs_ar,0.12346821569706623,1445553,cc289a63a4f23862,True,location-k4-fold3-seed0,3
pg_cnn,CoPx_R,16,MSE,0.017694985677500243,1445553,cc289a63a4f23862,True,location-k4-fold3-seed0,3
pg_cnn,CoPx_R,16,MAE,0.07658922178281517,1445553,cc289a63a4f23862,True,location-k4-fold3-seed0,3
pg_cnn,CoPx_R,16,SS_vs_persistence,0.6805275754280318,1445553,cc289a63a4f23862,True,location-k4-fold3-seed0,3
pg_cnn,CoPx_R,16,SS_vs_seasonal,0.6496981701020906,1445553,cc289a63a4f23862,True,location-k4-fold3-seed0,3
pg_cnn,CoPx_R,16,SS_vs_ar,0.1205023493697136,1445553,cc289a63a4f23862,True,location-k4-fold3-seed0,3
pg_cnn,CoPx_R,17,MSE,0.017698503020838193,1445553,cc289a63a4f23862,True,location-k4-fold3-seed0,3
pg_cnn,CoPx_R,17,MAE,0.07665909671964574,1445553,cc289a63a4f23862,True,location-k4-fold3-seed0,3
pg_cnn,CoPx_R,17,SS_vs_persistence,0.6631826909622686,1445553,cc289a63a4f23862,True,location-k4-fold3-seed0,3
pg_cnn,CoPx_R,17,SS_vs_seasonal,0.6405335701926408,1445553,cc289a63a4f23862,True,location-k4-fold3-seed0,3
pg_cnn,CoPx_R,17,SS_vs_ar,0.11746843161187226,1445553,cc289a63a4f23862,True,location-k4-fold3-seed0,3
pg_cnn,CoPx_R,18,MSE,0.01771360810548286,1445553,cc289a63a4f23862,True,location-k4-fold3-seed0,3
pg_cnn,CoPx_R,18,MAE,0.07681253247568663,1445553,cc289a63a4f23862,True,location-k4-fold3-seed0,3
pg_cnn,CoPx_R,18,SS_vs_persistence,0.6663717941922488,1445553,cc289a63a4f23862,True,location-k4-fold3-seed0,3
pg_cnn,CoPx_R,18,SS_vs_seasonal,0.6453229054956763,1445553,cc289a63a4f23862,True,location-k4-fold3-seed0,3
pg_cnn,CoPx_R,18,SS_vs_ar,0.11386148501676463,1445553,cc289a63a4f23862,True,location-k4-fold3-seed0,3
pg_cnn,CoPx_R,19,MSE,0.017729615291875032,1445553,cc289a63a4f23862,True,location-k4-fold3-seed0,3
pg_cnn,CoPx_R,19,MAE,0.07682605059051625,1445553,cc289a63a4f23862,True,location-k4-fold3-seed0,3
pg_cnn,CoPx_R,19,SS_vs_persistence,0.6793016489066717,1445553,cc289a63a4f23862,True,location-k4-fold3-seed0,3
pg_cnn,CoPx_R,19,SS_vs_seasonal,0.6483902822565507,1445553,cc289a63a4f23862,True,location-k4-fold3-seed0,3
pg_cnn,CoPx_R,19,SS_vs_ar,0.11276730347379216,1445553,cc289a63a4f23862,True,location-k4-fold3-seed0,3
pg_cnn,CoPx_R,20,MSE,0.01769076574280913,1445553,cc289a63a4f23862,True,location-k4-fold3-seed0,3
pg_cnn,CoPx_R,20,MAE,0.07687185017711268,1445553,cc289a63a4f23862,True,location-k4-fold3-seed0,3
pg_cnn,CoPx_R,20,SS_vs_persistence,0.6820628125210174,1445553,cc289a63a4f23862,True,location-k4-fold3-seed0,3
pg_cnn,CoPx_R,20,SS_vs_seasonal,0.6464159112059031,1445553,cc289a63a4f23862,True,location-k4-fold3-seed0,3
pg_cnn,CoPx_R,20,SS_vs_ar,0.11218210160116826,1445553,cc289a63a4f23862,True,location-k4-fold3-seed0,3
pg_cnn,CoPx_R,21,MSE,0.01773357157493266,1445553,cc289a63a4f23862,True,location-k4-fold3-seed0,3
pg_cnn,CoPx_R,21,MAE,0.07691858918257634,1445553,cc289a63a4f23862,True,location-k4-fold3-seed0,3
pg_cnn,CoPx_R,21,SS_vs_persistence,0.6706392659725124,1445553,cc289a63a4f23862,True,location-k4-fold3-seed0,3
pg_cnn,CoPx_R,21,SS_vs_seasonal,0.6428383236139237,1445553,cc289a63a4f23862,True,location-k4-fold3-seed0,3
pg_cnn,CoPx_R,21,SS_vs_ar,0.10949275125367752,1445553,cc289a63a4f23862,True,location-k4-fold3-seed0,3
pg_cnn,CoPx_R,22,MSE,0.017702236393765454,1445553,cc289a63a4f23862,True,location-k4-fold3-seed0,3
pg_cnn,CoPx_R,22,MAE,0.07701207187067585,1445553,cc289a63a4f23862,True,location-k4-fold3-seed0,3
pg_cnn,CoPx_R,22,SS_vs_persistence,0.6643203662534535,1445553,cc289a63a4f23862,True,location-k4-fold3-seed0,3
pg_cnn,CoPx_R,22,SS_vs_seasonal,0.6469071979824623,1445553,cc289a63a4f23862,True,location-k4-fold3-seed0,3
pg_cnn,CoPx_R,22,SS_vs_ar,0.10230802615091072,1445553,cc289a63a4f23862,True,location-k4-fold3-seed0,3
pg_cnn,CoPx_R,23,MSE,0.017792379044693662,1445553,cc289a63a4f23862,True,location-k4-fold3-seed0,3
pg_cnn,CoPx_R,23,MAE,0.07722916502929092,1445553,cc289a63a4f23862,True,location-k4-fold3-seed0,3
pg_cnn,CoPx_R,23,SS_vs_persistence,0.678321417711724,1445553,cc289a63a4f23862,True,location-k4-fold3-seed0,3
pg_cnn,CoPx_R,23,SS_vs_seasonal,0.6487034532259492,1445553,cc289a63a4f23862,True,location-k4-fold3-seed0,3
pg_cnn,CoPx_R,23,SS_vs_ar,0.10189202742447911,1445553,cc289a63a4f23862,True,location-k4-fold3-seed0,3
pg_cnn,CoPx_R,24,MSE,0.017816477476230427,1445553,cc289a63a4f23862,True,location-k4-fold3-seed0,3
pg_cnn,CoPx_R,24,MAE,0.07735919571518526,1445553,cc289a63a4f23862,True,location-k4-fold3-seed0,3
pg_cnn,CoPx_R,24,SS_vs_persistence,0.6753809562811384,1445553,cc289a63a4f23862,True,location-k4-fold3-seed0,3
pg_cnn,CoPx_R,24,SS_vs_seasonal,0.647250448274268,1445553,cc289a63a4f23862,True,location-k4-fold3-seed0,3
pg_cnn,CoPx_R,24,SS_vs_ar,0.09973965937092821,1445553,cc289a63a4f23862,True,location-k4-fold3-seed0,3
pg_cnn,CoPx_R,25,MSE,0.017792304230532872,1445553,cc289a63a4f23862,True,location-k4-fold3-seed0,3
pg_cnn,CoPx_R,25,MAE,0.07729791705703193,1445553,cc289a63a4f23862,True,location-k4-fold3-seed0,3
pg_cnn,CoPx_R,25,SS_vs_persistence,0.6628753393234654,1445553,cc289a63a4f23862,True,location-k4-fold3-seed0,3
pg_cnn,CoPx_R,25,SS_vs_seasonal,0.648250253659567,1445553,cc289a63a4f23862,True,location-k4-fold3-seed0,3
pg_cnn,CoPx_R,25,SS_vs_ar,0.09793242277769387,1445553,cc289a63a4f23862,True,location-k4-fold3-seed0,3
pg_cnn,CoPx_R,26,MSE,0.017823155814859395,1445553,cc289a63a4f23862,True,location-k4-fold3-seed0,3
pg_cnn,CoPx_R,26,MAE,0.07736222214489558,1445553,cc289a63a4f23862,True,location-k4-fold3-seed0,3
pg_cnn,CoPx_R,26,SS_vs_persistence,0.685665287073241,1445553,cc289a63a4f23862,True,location-k4-fold3-seed0,3
pg_cnn,CoPx_R,26,SS_vs_seasonal,0.6514647204416142,1445553,cc289a63a4f23862,True,location-k4-fold3-seed0,3
pg_cnn,CoPx_R,26,SS_vs_ar,0.09820874291488435,1445553,cc289a63a4f23862,True,location-k4-fold3-seed0,3
pg_cnn,CoPx_R,27,MSE,0.017861050054962642,1445553,cc289a63a4f23862,True,location-k4-fold3-seed0,3
pg_cnn,CoPx_R,27,MAE,0.0775541896549957,1445553,cc289a63a4f23862,True,location-k4-fold3-seed0,3
pg_cnn,CoPx_R,27,SS_vs_persistence,0.6883416019426929,1445553,cc289a63a4f23862,True,location-k4-fold3-seed0,3
pg_cnn,CoPx_R,27,SS_vs_seasonal,0.6523247445234237,1445553,cc289a63a4f23862,True,location-k4-fold3-seed0,3
pg_cnn,CoPx_R,27,SS_vs_ar,0.09623459048977479,1445553,cc289a63a4f23862,True,location-k4-fold3-seed0,3
pg_cnn,CoPx_R,28,MSE,0.017916092924542673,1445553,cc289a63a4f23862,True,location-k4-fold3-seed0,3
pg_cnn,CoPx_R,28,MAE,0.0776206508370331,1445553,cc289a63a4f23862,True,location-k4-fold3-seed0,3
pg_cnn,CoPx_R,28,SS_vs_persistence,0.6764518711665741,1445553,cc289a63a4f23862,True,location-k4-fold3-seed0,3
pg_cnn,CoPx_R,28,SS_vs_seasonal,0.6538248172389154,1445553,cc289a63a4f23862,True,location-k4-fold3-seed0,3
pg_cnn,CoPx_R,28,SS_vs_ar,0.0966681169777518,1445553,cc289a63a4f23862,True,location-k4-fold3-seed0,3
pg_cnn,CoPx_R,29,MSE,0.01795648579424918,1445553,cc289a63a4f23862,True,location-k4-fold3-seed0,3
pg_cnn,CoPx_R,29,MAE,0.07771899491636568,1445553,cc289a63a4f23862,True,location-k4-fold3-seed0,3
pg_cnn,CoPx_R,29,SS_vs_persistence,0.686273238507878,1445553,cc289a63a4f23862,True,location-k4-fold3-seed0,3
pg_cnn,CoPx_R,29,SS_vs_seasonal,0.6534634582423349,1445553,cc289a63a4f23862,True,location-k4-fold3-seed0,3
pg_cnn,CoPx_R,29,SS_vs_ar,0.0931622592815955,1445553,cc289a63a4f23862,True,location-k4-fold3-seed0,3
pg_cnn,CoPx_R,30,MSE,0.017945432265463163,1445553,cc289a63a4f23862,True,location-k4-fold3-seed0,3
pg_cnn,CoPx_R,30,MAE,0.0776533351210588,1445553,cc289a63a4f23862,True,location-k4-fold3-seed0,3
pg_cnn,CoPx_R,30,SS_vs_persistence,0.6943158384091033,1445553,cc289a63a4f23862,True,location-k4-fold3-seed0,3
pg_cnn,CoPx_R,30,SS_vs_seasonal,0.6588129281870179,1445553,cc289a63a4f23862,True,location-k4-fold3-seed0,3
pg_cnn,CoPx_R,30,SS_vs_ar,0.09032532536019089,1445553,cc289a63a4f23862,True,location-k4-fold3-seed0,3
pg_cnn,CoPx_R,all,MSE,0.017076939459901255,1445553,cc289a63a4f23862,True,location-k4-fold3-seed0,3
pg_cnn,CoPx_R,all,MAE,0.07512242661412762,1445553,cc289a63a4f23862,True,location-k4-fold3-seed0,3
pg_cnn,CoPx_R,all,SS_vs_persistence,0.6799097675057426,1445553,cc289a63a4f23862,True,location-k4-fold3-seed0,3
pg_cnn,CoPx_R,all,SS_vs_seasonal,0.6583180367346749,1445553,cc289a63a4f23862,True,location-k4-fold3-seed0,3
pg_cnn,CoPx_R,all,SS_vs_ar,0.14482072242709343,1445553,cc289a63a4f23862,True,location-k4-fold3-seed0,3
pg_cnn,CoPy_R,1,MSE,0.02119267288604494,1445553,cc289a63a4f23862,True,location-k4-fold3-seed0,3
pg_cnn,CoPy_R,1,MAE,0.09009582724465016,1445553,cc289a63a4f23862,True,location-k4-fold3-seed0,3
pg_cnn,CoPy_R,1,SS_vs_persistence,0.4017026127690341,1445553,cc289a63a4f23862,True,location-k4-fold3-seed0,3
pg_cnn,CoPy_R,1,SS_vs_seasonal,0.42398013024729486,1445553,cc289a63a4f23862,True,location-k4-fold3-seed0,3
pg_cnn,CoPy_R,1,SS_vs_ar,-0.05134555008621744,1445553,cc289a63a4f23862,True,location-k4-fold3-seed0,3
pg_cnn,CoPy_R,2,MSE,0.020942557235619073,1445553,cc289a63a4f23862,True,location-k4-fold3-seed0,3
pg_cnn,CoPy_R,2,MAE,0.08636559388366839,1445553,cc289a63a4f23862,True,location-k4-fold3-seed0,3
pg_cnn,CoPy_R,2,SS_vs_persistence,0.48905143042995747,1445553,cc289a63a4f23862,True,location-k4-fold3-seed0,3
pg_cnn,CoPy_R,2,SS_vs_seasonal,0.454129355067743,1445553,cc289a63a4f23862,True,location-k4-fold3-seed0,3
pg_cnn,CoPy_R,2,SS_vs_ar,-0.019233006354689275,1445553,cc289a63a4f23862,True,location-k4-fold3-seed0,3
pg_cnn,CoPy_R,3,MSE,0.020990134286699696,1445553,cc289a63a4f23862,True,location-k4-fold3-seed0,3
pg_cnn,CoPy_R,3,MAE,0.0873139451517184,1445553,cc289a63a4f23862,True,location-k4-fold3-seed0,3
pg_cnn,CoPy_R,3,SS_vs_persistence,0.5068703484206467,1445553,cc289a63a4f23862,True,location-k4-fold3-seed0,3
pg_cnn,CoPy_R,3,SS_vs_seasonal,0.46352849857450795,1445553,cc289a63a4f23862,True,location-k4-fold3-seed0,3
pg_cnn,CoPy_R,3,SS_vs_ar,-0.018597765649678966,1445553,cc289a63a4f23862,True,location-k4-fold3-seed0,3
pg_cnn,CoPy_R,4,MSE,0.020893056349438367,1445553,cc289a63a4f23862,True,location-k4-fold3-seed0,3
pg_cnn,CoPy_R,4,MAE,0.08657613408566485,1445553,cc289a63a4f23862,True,location-k4-fold3-seed0,3
pg_cnn,CoPy_R,4,SS_vs_persistence,0.5168337315856286,1445553,cc289a63a4f23862,True,location-k4-fold3-seed0,3
pg_cnn,CoPy_R,4,SS_vs_seasonal,0.4702233270661321,1445553,cc289a63a4f23862,True,location-k4-fold3-seed0,3
pg_cnn,CoPy_R,4,SS_vs_ar,-0.015232522144486005,1445553,cc289a63a4f23862,True,location-k4-fold3-seed0,3
pg_cnn,CoPy_R,5,MSE,0.02084125739158118,1445553,cc289a63a4f23862,True,location-k4-fold3-seed0,3
pg_cnn,CoPy_R,5,MAE,0.0866199473896503,1445553,cc289a63a4f23862,True,location-k4-fold3-seed0,3
pg_cnn,CoPy_R,5,SS_vs_persistence,0.5173078786145121,1445553,cc289a63a4f23862,True,location-k4-fold3-seed0,3
pg_cnn,CoPy_R,5,SS_vs_seasonal,0.4655732823676192,1445553,cc289a63a4f23862,True,location-k4-fold3-seed0,3
pg_cnn,CoPy_R,5,SS_vs_ar,-0.014530645517901952,1445553,cc289a63a4f23862,True,location-k4-fold3-seed0,3
pg_cnn,CoPy_R,6,MSE,0.020813440536641397,1445553,cc289a63a4f23862,True,location-k4-fold3-seed0,3
pg_cnn,CoPy_R,6,MAE,0.0864130037689914,1445553,cc289a63a4f23862,True,location-k4-fold3-seed0,3
pg_cnn,CoPy_R,6,SS_vs_persistence,0.5105307820311927,1445553,cc289a63a4f23862,True,location-k4-fold3-seed0,3
pg_cnn,CoPy_R,6,SS_vs_seasonal,0.4610636749329131,1445553,cc289a63a4f23862,True,location-k4-fold3-seed0,3
pg_cnn,CoPy_R,6,SS_vs_ar,-0.012685373640253239,1445553,cc289a63a4f23862,True,location-k4-fold3-seed0,3
pg_cnn,CoPy_R,7,MSE,0.020782517346220983,1445553,cc289a63a4f23862,True,location-k4-fold3-seed0,3
pg_cnn,CoPy_R,7,MAE,0.08647762392297809,1445553,cc289a63a4f23862,True,location-k4-fold3-seed0,3
pg_cnn,CoPy_R,7,SS_vs_persistence,0.4936398848914686,1445553,cc289a63a4f23862,True,location-k4-fold3-seed0,3
pg_cnn,CoPy_R,7,SS_vs_seasonal,0.4583167436389638,1445553,cc289a63a4f23862,True,location-k4-fold3-seed0,3
pg_cnn,CoPy_R,7,SS_vs_ar,-0.013270110161629045,1445553,cc289a63a4f23862,True,location-k4-fold3-seed0,3
pg_cnn,CoPy_R,8,MSE,0.020740427282750794,1445553,cc289a63a4f23862,True,location-k4-fold3-seed0,3
pg_cnn,CoPy_R,8,MAE,0.08646526723823017,1445553,cc289a63a4f23862,True,location-k4-fold3-seed0,3
pg_cnn,CoPy_R,8,SS_vs_persistence,0.49178440353329855,1445553,cc289a63a4f23862,True,location-k4-fold3-seed0,3
pg_cnn,CoPy_R,8,SS_vs_seasonal,0.4560257142696992,1445553,cc289a63a4f23862,True,location-k4-fold3-seed0,3
pg_cnn,CoPy_R,8,SS_vs_ar,-0.012516741997137482,1445553,cc289a63a4f23862,True,location-k4-fold3-seed0,3
pg_cnn,CoPy_R,9,MSE,0.020812782540327247,1445553,cc289a63a4f23862,True,location-k4-fold3-seed0,3
pg_cnn,CoPy_R,9,MAE,0.08668973586649918,1445553,cc289a63a4f23862,True,location-k4-fold3-seed0,3
pg_cnn,CoPy_R,9,SS_vs_persistence,0.4897611072853755,1445553,cc289a63a4f23862,True,location-k4-fold3-seed0,3
pg_cnn,CoPy_R,9,SS_vs_seasonal,0.4553033839634143,1445553,cc289a63a4f23862,True,location-k4-fold3-seed0,3
pg_cnn,CoPy_R,9,SS_vs_ar,-0.01463691421714386,1445553,cc289a63a4f23862,True,location-k4-fold3-seed0,3
pg_cnn,CoPy_R,10,MSE,0.020898597134089147,1445553,cc289a63a4f23862,True,location-k4-fold3-seed0,3
pg_cnn,CoPy_R,10,MAE,0.08686479257239318,1445553,cc289a63a4f23862,True,location-k4-fold3-seed0,3
pg_cnn,CoPy_R,10,SS_vs_persistence,0.4940364213625623,1445553,cc289a63a4f23862,True,location-k4-fold3-seed0,3
pg_cnn,CoPy_R,10,SS_vs_seasonal,0.45440608035325447,1445553,cc289a63a4f23862,True,location-k4-fold3-seed0,3
pg_cnn,CoPy_R,10,SS_vs_ar,-0.014641320041141492,1445553,cc289a63a4f23862,True,location-k4-fold3-seed0,3
pg_cnn,CoPy_R,11,MSE,0.02094240938415214,1445553,cc289a63a4f23862,True,location-k4-fold3-seed0,3
pg_cnn,CoPy_R,11,MAE,0.08709201076877014,1445553,cc289a63a4f23862,True,location-k4-fold3-seed0,3
pg_cnn,CoPy_R,11,SS_vs_persistence,0.49334162637733325,1445553,cc289a63a4f23862,True,location-k4-fold3-seed0,3
pg_cnn,CoPy_R,11,SS_vs_seasonal,0.4514122453760364,1445553,cc289a63a4f23862,True,location-k4-fold3-seed0,3
pg_cnn,CoPy_R,11,SS_vs_ar,-0.015573412279002996,1445553,cc289a63a4f23862,True,location-k4-fold3-seed0,3
pg_cnn,CoPy_R,12,MSE,0.020945901303552266,1445553,cc289a63a4f23862,True,location-k4-fold3-seed0,3
pg_cnn,CoPy_R,12,MAE,0.08709995256216427,1445553,cc289a63a4f23862,True,location-k4-fold3-seed0,3
pg_cnn,CoPy_R,12,SS_vs_persistence,0.501503213080458,1445553,cc289a63a4f23862,True,location-k4-fold3-seed0,3
pg_cnn,CoPy_R,12,SS_vs_seasonal,0.4546432317035958,1445553,cc289a63a4f23862,True,location-k4-fold3-seed0,3
pg_cnn,CoPy_R,12,SS_vs_ar,-0.01655846948081785,1445553,cc289a63a4f23862,True,location-k4-fold3-seed0,3
pg_cnn,CoPy_R,13,MSE,0.02098430794796288,1445553,cc289a63a4f23862,True,location-k4-fold3-seed0,3
pg_cnn,CoPy_R,13,MAE,0.08719044829475678,1445553,cc289a63a4f23862,True,location-k4-fold3-seed0,3
pg_cnn,CoPy_R,13,SS_vs_persistence,0.5058165301303136,1445553,cc289a63a4f23862,True,location-k4-fold3-seed0,3
pg_cnn,CoPy_R,13,SS_vs_seasonal,0.4531532186593079,1445553,cc289a63a4f23862,True,location-k4-fold3-seed0,3
pg_cnn,CoPy_R,13,SS_vs_ar,-0.016792055564473163,1445553,cc289a63a4f23862,True,location-k4-fold3-seed0,3
pg_cnn,CoPy_R,14,MSE,0.020992705815163343,1445553,cc289a63a4f23862,True,location-k4-fold3-seed0,3
pg_cnn,CoPy_R,14,MAE,0.0871948898667478,1445553,cc289a63a4f23862,True,location-k4-fold3-seed0,3
pg_cnn,CoPy_R,14,SS_vs_persistence,0.5049586384269764,1445553,cc289a63a4f23862,True,location-k4-fold3-seed0,3
pg_cnn,CoPy_R,14,SS_vs_seasonal,0.4565383638500168,1445553,cc289a63a4f23862,True,location-k4-fold3-seed0,3
pg_cnn,CoPy_R,14,SS_vs_ar,-0.016558692723803947,1445553,cc289a63a4f23862,True,location-k4-fold3-seed0,3
pg_cnn,CoPy_R,15,MSE,0.020985783307906583,1445553,cc289a63a4f23862,True,location-k4-fold3-seed0,3
pg_cnn,CoPy_R,15,MAE,0.08722896656786008,1445553,cc289a63a4f23862,True,location-k4-fold3-seed0,3
pg_cnn,CoPy_R,15,SS_vs_persistence,0.48445385558699583,1445553,cc289a63a4f23862,True,location-k4-fold3-seed0,3
pg_cnn,CoPy_R,15,SS_vs_seasonal,0.4551461238361376,1445553,cc289a63a4f23862,True,location-k4-fold3-seed0,3
pg_cnn,CoPy_R,15,SS_vs_ar,-0.016308130024130785,1445553,cc289a63a4f23862,True,location-k4-fold3-seed0,3
pg_cnn,CoPy_R,16,MSE,0.02103731236659191,1445553,cc289a63a4f23862,True,location-k4-fold3-seed0,3
pg_cnn,CoPy_R,16,MAE,0.08739316239673513,1445553,cc289a63a4f23862,True,location-k4-fold3-seed0,3
pg_cnn,CoPy_R,16,SS_vs_persistence,0.48723711355957866,1445553,cc289a63a4f23862,True,location-k4-fold3-seed0,3
pg_cnn,CoPy_R,16,SS_vs_seasonal,0.45026553997080165,1445553,cc289a63a4f23862,True,location-k4-fold3-seed0,3
pg_cnn,CoPy_R,16,SS_vs_ar,-0.014327507729874345,1445553,cc289a63a4f23862,True,location-k4-fold3-seed0,3
pg_cnn,CoPy_R,17,MSE,0.02095418909473185,1445553,cc289a63a4f23862,True,location-k4-fold3-seed0,3
pg_cnn,CoPy_R,17,MAE,0.08730638776298569,1445553,cc289a63a4f23862,True,location-k4-fold3-seed0,3
pg_cnn,CoPy_R,17,SS_vs_persistence,0.4935544194693695,1445553,cc289a63a4f23862,True,location-k4-fold3-seed0,3
pg_cnn,CoPy_R,17,SS_vs_seasonal,0.4491366506691845,1445553,cc289a63a4f23862,True,location-k4-fold3-seed0,3
pg_cnn,CoPy_R,17,SS_vs_ar,-0.014130265829909394,1445553,cc289a63a4f23862,True,location-k4-fold3-seed0,3
pg_cnn,CoPy_R,18,MSE,0.02087968600945971,1445553,cc289a63a4f23862,True,location-k4-fold3-seed0,3
pg_cnn,CoPy_R,18,MAE,0.08716220959205752,1445553,cc289a63a4f23862,True,location-k4-fold3-seed0,3
pg_cnn,CoPy_R,18,SS_vs_persistence,0.49846456503650893,1445553,cc289a63a4f23862,True,location-k4-fold3-seed0,3
pg_cnn,CoPy_R,18,SS_vs_seasonal,0.4506432507455759,1445553,cc289a63a4f23862,True,location-k4-fold3-seed0,3
pg_cnn,CoPy_R,18,SS_vs_ar,-0.013936910135415204,1445553,cc289a63a4f23862,True,location-k4-fold3-seed0,3
pg_cnn,CoPy_R,19,MSE,0.020860066642600494,1445553,cc289a63a4f23862,True,location-k4-fold3-seed0,3
pg_cnn,CoPy_R,19,MAE,0.087233367200272,1445553,cc289a63a4f23862,True,location-k4-fold3-seed0,3
pg_cnn,CoPy_R,19,SS_vs_persistence,0.5051814275105011,1445553,cc289a63a4f23862,True,location-k4-fold3-seed0,3
pg_cnn,CoPy_R,19,SS_vs_seasonal,0.4516777810556232,1445553,cc289a63a4f23862,True,location-k4-fold3-seed0,3
pg_cnn,CoPy_R,19,SS_vs_ar,-0.015226882528730945,1445553,cc289a63a4f23862,True,location-k4-fold3-seed0,3
pg_cnn,CoPy_R,20,MSE,0.02093847162945133,1445553,cc289a63a4f23862,True,location-k4-fold3-seed0,3
pg_cnn,CoPy_R,20,MAE,0.08746686031583417,1445553,cc289a63a4f23862,True,location-k4-fold3-seed0,3
pg_cnn,CoPy_R,20,SS_vs_persistence,0.5086955527608394,1445553,cc289a63a4f23862,True,location-k4-fold3-seed0,3
pg_cnn,CoPy_R,20,SS_vs_seasonal,0.4507150322718001,1445553,cc289a63a4f23862,True,location-k4-fold3-seed0,3
pg_cnn,CoPy_R,20,SS_vs_ar,-0.016075161761000434,1445553,cc289a63a4f23862,True,location-k4-fold3-seed0,3
pg_cnn,CoPy_R,21,MSE,0.02098320594910962,1445553,cc289a63a4f23862,True,location-k4-fold3-seed0,3
pg_cnn,CoPy_R,21,MAE,0.08755139684904735,1445553,cc289a63a4f23862,True,location-k4-fold3-seed0,3
pg_cnn,CoPy_R,21,SS_vs_persistence,0.5102571992421583,1445553,cc289a63a4f23862,True,location-k4-fold3-seed0,3
pg_cnn,CoPy_R,21,SS_vs_seasonal,0.4550930996955179,1445553,cc289a63a4f23862,True,location-k4-fold3-seed0,3
pg_cnn,CoPy_R,21,SS_vs_ar,-0.015662209321630094,1445553,cc289a63a4f23862,True,location-k4-fold3-seed0,3
pg_cnn,CoPy_R,22,MSE,0.0209863869682088,1445553,cc289a63a4f23862,True,location-k4-fold3-seed0,3
pg_cnn,CoPy_R,22,MAE,0.08753871399251201,1445553,cc289a63a4f23862,True,location-k4-fold3-seed0,3
pg_cnn,CoPy_R,22,SS_vs_persistence,0.5052282207933074,1445553,cc289a63a4f23862,True,location-k4-fold3-seed0,3
pg_cnn,CoPy_R,22,SS_vs_seasonal,0.455279363858892,1445553,cc289a63a4f23862,True,location-k4-fold3-seed0,3
pg_cnn,CoPy_R,22,SS_vs_ar,-0.015145934852482279,1445553,cc289a63a4f23862,True,location-k4-fold3-seed0,3
pg_cnn,CoPy_R,23,MSE,0.02101576614978418,1445553,cc289a63a4f23862,True,location-k4-fold3-seed0,3
pg_cnn,CoPy_R,23,MAE,0.08763749839662306,1445553,cc289a63a4f23862,True,location-k4-fold3-seed0,3
pg_cnn,CoPy_R,23,SS_vs_persistence,0.4948906556411786,1445553,cc289a63a4f23862,True,location-k4-fold3-seed0,3
pg_cnn,CoPy_R,23,SS_vs_seasonal,0.45453806293736887,1445553,cc289a63a4f23862,True,location-k4-fold3-seed0,3
pg_cnn,CoPy_R,23,SS_vs_ar,-0.015047826835445033,1445553,cc289a63a4f23862,True,location-k4-fold3-seed0,3
pg_cnn,CoPy_R,24,MSE,0.020891578758187583,1445553,cc289a63a4f23862,True,location-k4-fold3-seed0,3
pg_cnn,CoPy_R,24,MAE,0.08748001031798079,1445553,cc289a63a4f23862,True,location-k4-fold3-seed0,3
pg_cnn,CoPy_R,24,SS_vs_persistence,0.4943273872935998,1445553,cc289a63a4f23862,True,location-k4-fold3-seed0,3
pg_cnn,CoPy_R,24,SS_vs_seasonal,0.45289462131229286,1445553,cc289a63a4f23862,True,location-k4-fold3-seed0,3
pg_cnn,CoPy_R,24,SS_vs_ar,-0.014630094172443986,1445553,cc289a63a4f23862,True,location-k4-fold3-seed0,3
pg_cnn,CoPy_R,25,MSE,0.02096130062552707,1445553,cc289a63a4f23862,True,location-k4-fold3-seed0,3
pg_cnn,CoPy_R,25,MAE,0.08768578378714606,1445553,cc289a63a4f23862,True,location-k4-fold3-seed0,3
pg_cnn,CoPy_R,25,SS_vs_persistence,0.4799173799053075,1445553,cc289a63a4f23862,True,location-k4-fold3-seed0,3
pg_cnn,CoPy_R,25,SS_vs_seasonal,0.4500485348795369,1445553,cc289a63a4f23862,True,location-k4-fold3-seed0,3
pg_cnn,CoPy_R,25,SS_vs_ar,-0.014943262042816041,1445553,cc289a63a4f23862,True,location-k4-fold3-seed0,3
pg_cnn,CoPy_R,26,MSE,0.02097468624452441,1445553,cc289a63a4f23862,True,location-k4-fold3-seed0,3
pg_cnn,CoPy_R,26,MAE,0.0876722537068852,1445553,cc289a63a4f23862,True,location-k4-fold3-seed0,3
pg_cnn,CoPy_R,26,SS_vs_persistence,0.5073350947363559,1445553,cc289a63a4f23862,True,location-k4-fold3-seed0,3
pg_cnn,CoPy_R,26,SS_vs_seasonal,0.4557389774487849,1445553,cc289a63a4f23862,True,location-k4-fold3-seed0,3
pg_cnn,CoPy_R,26,SS_vs_ar,-0.01232075991657422,1445553,cc289a63a4f23862,True,location-k4-fold3-seed0,3
pg_cnn,CoPy_R,27,MSE,0.020965679654762908,1445553,cc289a63a4f23862,True,location-k4-fold3-seed0,3
pg_cnn,CoPy_R,27,MAE,0.08779169119837753,1445553,cc289a63a4f23862,True,location-k4-fold3-seed0,3
pg_cnn,CoPy_R,27,SS_vs_persistence,0.5277353196284307,1445553,cc289a63a4f23862,True,location-k4-fold3-seed0,3
pg_cnn,CoPy_R,27,SS_vs_seasonal,0.45859205976216655,1445553,cc289a63a4f23862,True,location-k4-fold3-seed0,3
pg_cnn,CoPy_R,27,SS_vs_ar,-0.0128250046884133,1445553,cc289a63a4f23862,True,location-k4-fold3-seed0,3
pg_cnn,CoPy_R,28,MSE,0.021039098012677813,1445553,cc289a63a4f23862,True,location-k4-fold3-seed0,3
pg_cnn,CoPy_R,28,MAE,0.08792447439009754,1445553,cc289a63a4f23862,True,location-k4-fold3-seed0,3
pg_cnn,CoPy_R,28,SS_vs_persistence,0.532351323147439,1445553,cc289a63a4f23862,True,location-k4-fold3-seed0,3
pg_cnn,CoPy_R,28,SS_vs_seasonal,0.45763837208808167,1445553,cc289a63a4f23862,True,location-k4-fold3-seed0,3
pg_cnn,CoPy_R,28,SS_vs_ar,-0.013845677025285719,1445553,cc289a63a4f23862,True,location-k4-fold3-seed0,3
pg_cnn,CoPy_R,29,MSE,0.021039594871930745,1445553,cc289a63a4f23862,True,location-k4-fold3-seed0,3
pg_cnn,CoPy_R,29,MAE,0.08788937738061563,1445553,cc289a63a4f23862,True,location-k4-fold3-seed0,3
pg_cnn,CoPy_R,29,SS_vs_persistence,0.5326943306878349,1445553,cc289a63a4f23862,True,location-k4-fold3-seed0,3
pg_cnn,CoPy_R,29,SS_vs_seasonal,0.4606867765787721,1445553,cc289a63a4f23862,True,location-k4-fold3-seed0,3
pg_cnn,CoPy_R,29,SS_vs_ar,-0.014064098533934644,1445553,cc289a63a4f23862,True,location-k4-fold3-seed0,3
pg_cnn,CoPy_R,30,MSE,0.021027306908643534,1445553,cc289a63a4f23862,True,location-k4-fold3-seed0,3
pg_cnn,CoPy_R,30,MAE,0.0878887389406062,1445553,cc289a63a4f23862,True,location-k4-fold3-seed0,3
pg_cnn,CoPy_R,30,SS_vs_persistence,0.5142833068311479,1445553,cc289a63a4f23862,True,location-k4-fold3-seed0,3
pg_cnn,CoPy_R,30,SS_vs_seasonal,0.4589147814841047,1445553,cc289a63a4f23862,True,location-k4-fold3-seed0,3
pg_cnn,CoPy_R,30,SS_vs_ar,-0.01643239557402576,1445553,cc289a63a4f23862,True,location-k4-fold3-seed0,3
pg_cnn,CoPy_R,all,MSE,0.020943787061398045,1445553,cc289a63a4f23862,True,location-k4-fold3-seed0,3
pg_cnn,CoPy_R,all,MAE,0.08731055613437293,1445553,cc289a63a4f23862,True,location-k4-fold3-seed0,3
pg_cnn,CoPy_R,all,SS_vs_persistence,0.5006930928560918,1445553,cc289a63a4f23862,True,location-k4-fold3-seed0,3
pg_cnn,CoPy_R,all,SS_vs_seasonal,0.45492722734102153,1445553,cc289a63a4f23862,True,location-k4-fold3-seed0,3
pg_cnn,CoPy_R,all,SS_vs_ar,-0.016208679880101107,1445553,cc289a63a4f23862,True,location-k4-fold3-seed0,3
