model,channel,horizon_step,metric,value,n_frames,config_hash,exploratory,split,fold
persistence,F_R,1,MSE,458599.04664609814,1383540,001dcee8e81efda3,True,location-k4-fold0-seed0,0
persistence,F_R,1,MAE,399.7208750313818,1383540,001dcee8e81efda3,True,location-k4-fold0-seed0,0
persistence,F_R,1,SS_vs_persistence,0.0,1383540,001dcee8e81efda3,True,location-k4-fold0-seed0,0
persistence,F_R,1,SS_vs_seasonal,0.20901178456605096,1383540,001dcee8e81efda3,True,location-k4-fold0-seed0,0
persistence,F_R,1,SS_vs_ar,-0.5670628773734745,1383540,001dcee8e81efda3,True,location-k4-fold0-seed0,0
persistence,F_R,2,MSE,496293.9135988978,1383540,001dcee8e81efda3,True,location-k4-fold0-seed0,0
persistence,F_R,2,MAE,426.37127625991343,1383540,001dcee8e81efda3,True,location-k4-fold0-seed0,0
persistence,F_R,2,SS_vs_persistence,0.0,1383540,001dcee8e81efda3,True,location-k4-fold0-seed0,0
persistence,F_R,2,SS_vs_seasonal,0.14700229284874367,1383540,001dcee8e81efda3,True,location-k4-fold0-seed0,0
persistence,F_R,2,SS_vs_ar,-0.6165980345461446,1383540,001dcee8e81efda3,True,location-k4-fold0-seed0,0
persistence,F_R,3,MSE,516794.88863668975,1383540,001dcee8e81efda3,True,location-k4-fold0-seed0,0
persistence,F_R,3,MAE,444.021888431493,1383540,001dcee8e81efda3,True,location-k4-fold0-seed0,0
persistence,F_R,3,SS_vs_persistence,0.0,1383540,001dcee8e81efda3,True,location-k4-fold0-seed0,0
persistence,F_R,3,SS_vs_seasonal,0.11584171483662142,1383540,001dcee8e81efda3,True,location-k4-fold0-seed0,0
persistence,F_R,3,SS_vs_ar,-0.6248161127810736,1383540,001dcee8e81efda3,True,location-k4-fold0-seed0,0
persistence,F_R,4,MSE,527104.6068426144,1383540,001dcee8e81efda3,True,location-k4-fold0-seed0,0
persistence,F_R,4,MAE,447.98752062262497,1383540,001dcee8e81efda3,True,location-k4-fold0-seed0,0
persistence,F_R,4,SS_vs_persistence,0.0,1383540,001dcee8e81efda3,True,location-k4-fold0-seed0,0
persistence,F_R,4,SS_vs_seasonal,0.09803200395001177,1383540,001dcee8e81efda3,True,location-k4-fold0-seed0,0
persistence,F_R,4,SS_vs_ar,-0.6165255256052211,1383540,001dcee8e81efda3,True,location-k4-fold0-seed0,0
persistence,F_R,5,MSE,548710.569187595,1383540,001dcee8e81efda3,True,location-k4-fold0-seed0,0
persistence,F_R,5,MAE,464.678240935828,1383540,001dcee8e81efda3,True,location-k4-fold0-seed0,0
persistence,F_R,5,SS_vs_persistence,0.0,1383540,001dcee8e81efda3,True,location-k4-fold0-seed0,0
persistence,F_R,5,SS_vs_seasonal,0.06471996527287882,1383540,001dcee8e81efda3,True,location-k4-fold0-seed0,0
persistence,F_R,5,SS_vs_ar,-0.6521807663654651,1383540,001dcee8e81efda3,True,location-k4-fold0-seed0,0
persistence,F_R,6,MSE,531747.5331183535,1383540,001dcee8e81efda3,True,location-k4-fold0-seed0,0
persistence,F_R,6,MAE,454.48650527756246,1383540,001dcee8e81efda3,True,location-k4-fold0-seed0,0
persistence,F_R,6,SS_vs_persistence,0.0,1383540,001dcee8e81efda3,True,location-k4-fold0-seed0,0
persistence,F_R,6,SS_vs_seasonal,0.0926734868744542,1383540,001dcee8e81efda3,True,location-k4-fold0-seed0,0
persistence,F_R,6,SS_vs_ar,-0.5823702511986188,1383540,001dcee8e81efda3,True,location-k4-fold0-seed0,0
persistence,F_R,7,MSE,559232.5273761881,1383540,001dcee8e81efda3,True,location-k4-fold0-seed0,0
persistence,F_R,7,MAE,467.57501754056,1383540,001dcee8e81efda3,True,location-k4-fold0-seed0,0
persistence,F_R,7,SS_vs_persistence,0.0,1383540,001dcee8e81efda3,True,location-k4-fold0-seed0,0
persistence,F_R,7,SS_vs_seasonal,0.04455965468106571,1383540,001dcee8e81efda3,True,location-k4-fold0-seed0,0
persistence,F_R,7,SS_vs_ar,-0.6281347481050319,1383540,001dcee8e81efda3,True,location-k4-fold0-seed0,0
persistence,F_R,8,MSE,551070.4572772753,1383540,001dcee8e81efda3,True,location-k4-fold0-seed0,0
persistence,F_R,8,MAE,464.3336959303529,1383540,001dcee8e81efda3,True,location-k4-fold0-seed0,0
persistence,F_R,8,SS_vs_persistence,0.0,1383540,001dcee8e81efda3,True,location-k4-fold0-seed0,0
persistence,F_R,8,SS_vs_seasonal,0.049844883351276126,1383540,001dcee8e81efda3,True,location-k4-fold0-seed0,0
persistence,F_R,8,SS_vs_ar,-0.5952695119079467,1383540,001dcee8e81efda3,True,location-k4-fold0-seed0,0
persistence,F_R,9,MSE,555909.6206647825,1383540,001dcee8e81efda3,True,location-k4-fold0-seed0,0
persistence,F_R,9,MAE,470.44141145912386,1383540,001dcee8e81efda3,True,location-k4-fold0-seed0,0
persistence,F_R,9,SS_vs_persistence,0.0,1383540,001dcee8e81efda3,True,location-k4-fold0-seed0,0
persistence,F_R,9,SS_vs_seasonal,0.04028011177720059,1383540,001dcee8e81efda3,True,location-k4-fold0-seed0,0
persistence,F_R,9,SS_vs_ar,-0.5921358368368919,1383540,001dcee8e81efda3,True,location-k4-fold0-seed0,0
persistence,F_R,10,MSE,561251.9811738732,1383540,001dcee8e81efda3,True,location-k4-fold0-seed0,0
persistence,F_R,10,MAE,467.2463655402734,1383540,001dcee8e81efda3,True,location-k4-fold0-seed0,0
persistence,F_R,10,SS_vs_persistence,0.0,1383540,001dcee8e81efda3,True,location-k4-fold0-seed0,0
persistence,F_R,10,SS_vs_seasonal,0.009268067285218007,1383540,001dcee8e81efda3,True,location-k4-fold0-seed0,0
persistence,F_R,10,SS_vs_ar,-0.5874929327131573,1383540,001dcee8e81efda3,True,location-k4-fold0-seed0,0
persistence,F_R,11,MSE,574119.3305217727,1383540,001dcee8e81efda3,True,location-k4-fold0-seed0,0
persistence,F_R,11,MAE,481.0209384916393,1383540,001dcee8e81efda3,True,location-k4-fold0-seed0,0
persistence,F_R,11,SS_vs_persistence,0.0,1383540,001dcee8e81efda3,True,location-k4-fold0-seed0,0
persistence,F_R,11,SS_vs_seasonal,0.09458289058211411,1383540,001dcee8e81efda3,True,location-k4-fold0-seed0,0
persistence,F_R,11,SS_vs_ar,-0.607173050121806,1383540,001dcee8e81efda3,True,location-k4-fold0-seed0,0
persistence,F_R,12,MSE,578532.8524629821,1383540,001dcee8e81efda3,True,location-k4-fold0-seed0,0
persistence,F_R,12,MAE,483.0653251820991,1383540,001dcee8e81efda3,True,location-k4-fold0-seed0,0
persistence,F_R,12,SS_vs_persistence,0.0,1383540,001dcee8e81efda3,True,location-k4-fold0-seed0,0
persistence,F_R,12,SS_vs_seasonal,0.0871415964454485,1383540,001dcee8e81efda3,True,location-k4-fold0-seed0,0
persistence,F_R,12,SS_vs_ar,-0.6037041605543574,1383540,001dcee8e81efda3,True,location-k4-fold0-seed0,0
persistence,F_R,13,MSE,585979.3921578781,1383540,001dcee8e81efda3,True,location-k4-fold0-seed0,0
persistence,F_R,13,MAE,487.3044008870164,1383540,001dcee8e81efda3,True,location-k4-fold0-seed0,0
persistence,F_R,13,SS_vs_persistence,0.0,1383540,001dcee8e81efda3,True,location-k4-fold0-seed0,0
persistence,F_R,13,SS_vs_seasonal,0.07195920388734489,1383540,001dcee8e81efda3,True,location-k4-fold0-seed0,0
persistence,F_R,13,SS_vs_ar,-0.6164926564806432,1383540,001dcee8e81efda3,True,location-k4-fold0-seed0,0
persistence,F_R,14,MSE,588461.3391694893,1383540,001dcee8e81efda3,True,location-k4-fold0-seed0,0
persistence,F_R,14,MAE,488.9973829763968,1383540,001dcee8e81efda3,True,location-k4-fold0-seed0,0
persistence,F_R,14,SS_vs_persistence,0.0,1383540,001dcee8e81efda3,True,location-k4-fold0-seed0,0
persistence,F_R,14,SS_vs_seasonal,0.0631120771471998,1383540,001dcee8e81efda3,True,location-k4-fold0-seed0,0
persistence,F_R,14,SS_vs_ar,-0.6203698126891568,1383540,001dcee8e81efda3,True,location-k4-fold0-seed0,0
persistence,F_R,15,MSE,568245.393973569,1383540,001dcee8e81efda3,True,location-k4-fold0-seed0,0
persistence,F_R,15,MAE,483.0188141643363,1383540,001dcee8e81efda3,True,location-k4-fold0-seed0,0
persistence,F_R,15,SS_vs_persistence,0.0,1383540,001dcee8e81efda3,True,location-k4-fold0-seed0,0
persistence,F_R,15,SS_vs_seasonal,0.09704322146920286,1383540,001dcee8e81efda3,True,location-k4-fold0-seed0,0
persistence,F_R,15,SS_vs_ar,-0.5592851814784316,1383540,001dcee8e81efda3,True,location-k4-fold0-seed0,0
persistence,F_R,16,MSE,606798.6947936896,1383540,001dcee8e81efda3,True,location-k4-fold0-seed0,0
persistence,F_R,16,MAE,494.91040380514215,1383540,001dcee8e81efda3,True,location-k4-fold0-seed0,0
persistence,F_R,16,SS_vs_persistence,0.0,1383540,001dcee8e81efda3,True,location-k4-fold0-seed0,0
persistence,F_R,16,SS_vs_seasonal,0.05830373554931756,1383540,001dcee8e81efda3,True,location-k4-fold0-seed0,0
persistence,F_R,16,SS_vs_ar,-0.5708367546083821,1383540,001dcee8e81efda3,True,location-k4-fold0-seed0,0
persistence,F_R,17,MSE,618925.3751477705,1383540,001dcee8e81efda3,True,location-k4-fold0-seed0,0
persistence,F_R,17,MAE,501.0453390866483,1383540,001dcee8e81efda3,True,location-k4-fold0-seed0,0
persistence,F_R,17,SS_vs_persistence,0.0,1383540,001dcee8e81efda3,True,location-k4-fold0-seed0,0
persistence,F_R,17,SS_vs_seasonal,0.040861043453539025,1383540,001dcee8e81efda3,True,location-k4-fold0-seed0,0
persistence,F_R,17,SS_vs_ar,-0.583830079615496,1383540,001dcee8e81efda3,True,location-k4-fold0-seed0,0
persistence,F_R,18,MSE,626759.2014166111,1383540,001dcee8e81efda3,True,location-k4-fold0-seed0,0
persistence,F_R,18,MAE,503.9349691122247,1383540,001dcee8e81efda3,True,location-k4-fold0-seed0,0
persistence,F_R,18,SS_vs_persistence,0.0,1383540,001dcee8e81efda3,True,location-k4-fold0-seed0,0
persistence,F_R,18,SS_vs_seasonal,0.024866167437342268,1383540,001dcee8e81efda3,True,location-k4-fold0-seed0,0
persistence,F_R,18,SS_vs_ar,-0.5891185525830878,1383540,001dcee8e81efda3,True,location-k4-fold0-seed0,0
persistence,F_R,19,MSE,624350.5557270031,1383540,001dcee8e81efda3,True,location-k4-fold0-seed0,0
persistence,F_R,19,MAE,505.46599213418057,1383540,001dcee8e81efda3,True,location-k4-fold0-seed0,0
persistence,F_R,19,SS_vs_persistence,0.0,1383540,001dcee8e81efda3,True,location-k4-fold0-seed0,0
persistence,F_R,19,SS_vs_seasonal,0.03304623436933951,1383540,001dcee8e81efda3,True,location-k4-fold0-seed0,0
persistence,F_R,19,SS_vs_ar,-0.5720056713721646,1383540,001dcee8e81efda3,True,location-k4-fold0-seed0,0
persistence,F_R,20,MSE,632030.7688986465,1383540,001dcee8e81efda3,True,location-k4-fold0-seed0,0
persistence,F_R,20,MAE,508.5335900930256,1383540,001dcee8e81efda3,True,location-k4-fold0-seed0,0
persistence,F_R,20,SS_vs_persistence,0.0,1383540,001dcee8e81efda3,True,location-k4-fold0-seed0,0
persistence,F_R,20,SS_vs_seasonal,0.005041693519358681,1383540,001dcee8e81efda3,True,location-k4-fold0-seed0,0
persistence,F_R,20,SS_vs_ar,-0.5779447360430363,1383540,001dcee8e81efda3,True,location-k4-fold0-seed0,0
persistence,F_R,21,MSE,623092.3501729054,1383540,001dcee8e81efda3,True,location-k4-fold0-seed0,0
persistence,F_R,21,MAE,504.7949479947329,1383540,001dcee8e81efda3,True,location-k4-fold0-seed0,0
persistence,F_R,21,SS_vs_persistence,0.0,1383540,001dcee8e81efda3,True,location-k4-fold0-seed0,0
persistence,F_R,21,SS_vs_seasonal,0.05839599032367815,1383540,001dcee8e81efda3,True,location-k4-fold0-seed0,0
persistence,F_R,21,SS_vs_ar,-0.5443486709501781,1383540,001dcee8e81efda3,True,location-k4-fold0-seed0,0
persistence,F_R,22,MSE,628107.4976638969,1383540,001dcee8e81efda3,True,location-k4-fold0-seed0,0
persistence,F_R,22,MAE,507.51559133656633,1383540,001dcee8e81efda3,True,location-k4-fold0-seed0,0
persistence,F_R,22,SS_vs_persistence,0.0,1383540,001dcee8e81efda3,True,location-k4-fold0-seed0,0
persistence,F_R,22,SS_vs_seasonal,0.050466631398886075,1383540,001dcee8e81efda3,True,location-k4-fold0-seed0,0
persistence,F_R,22,SS_vs_ar,-0.5439257894217633,1383540,001dcee8e81efda3,True,location-k4-fold0-seed0,0
persistence,F_R,23,MSE,637330.7619806859,1383540,001dcee8e81efda3,True,location-k4-fold0-seed0,0
persistence,F_R,23,MAE,511.82400927863546,1383540,001dcee8e81efda3,True,location-k4-fold0-seed0,0
persistence,F_R,23,SS_vs_persistence,0.0,1383540,001dcee8e81efda3,True,location-k4-fold0-seed0,0
persistence,F_R,23,SS_vs_seasonal,0.03955995269524237,1383540,001dcee8e81efda3,True,location-k4-fold0-seed0,0
persistence,F_R,23,SS_vs_ar,-0.5522518072125662,1383540,001dcee8e81efda3,True,location-k4-fold0-seed0,0
persistence,F_R,24,MSE,638409.157225268,1383540,001dcee8e81efda3,True,location-k4-fold0-seed0,0
persistence,F_R,24,MAE,511.9455486045985,1383540,001dcee8e81efda3,True,location-k4-fold0-seed0,0
persistence,F_R,24,SS_vs_persistence,0.0,1383540,001dcee8e81efda3,True,location-k4-fold0-seed0,0
persistence,F_R,24,SS_vs_seasonal,0.03820980368732829,1383540,001dcee8e81efda3,True,location-k4-fold0-seed0,0
persistence,F_R,24,SS_vs_ar,-0.5408027115226153,1383540,001dcee8e81efda3,True,location-k4-fold0-seed0,0
persistence,F_R,25,MSE,645382.5289300019,1383540,001dcee8e81efda3,True,location-k4-fold0-seed0,0
persistence,F_R,25,MAE,516.2298931947497,1383540,001dcee8e81efda3,True,location-k4-fold0-seed0,0
persistence,F_R,25,SS_vs_persistence,0.0,1383540,001dcee8e81efda3,True,location-k4-fold0-seed0,0
persistence,F_R,25,SS_vs_seasonal,0.03310556958894073,1383540,001dcee8e81efda3,True,location-k4-fold0-seed0,0
persistence,F_R,25,SS_vs_ar,-0.5428160936577682,1383540,001dcee8e81efda3,True,location-k4-fold0-seed0,0
persistence,F_R,26,MSE,662156.286960263,1383540,001dcee8e81efda3,True,location-k4-fold0-seed0,0
persistence,F_R,26,MAE,521.8524145305588,1383540,001dcee8e81efda3,True,location-k4-fold0-seed0,0
persistence,F_R,26,SS_vs_persistence,0.0,1383540,001dcee8e81efda3,True,location-k4-fold0-seed0,0
persistence,F_R,26,SS_vs_seasonal,0.010700219306687853,1383540,001dcee8e81efda3,True,location-k4-fold0-seed0,0
persistence,F_R,26,SS_vs_ar,-0.5654899304582504,1383540,001dcee8e81efda3,True,location-k4-fold0-seed0,0
persistence,F_R,27,MSE,672250.104423202,1383540,001dcee8e81efda3,True,location-k4-fold0-seed0,0
persistence,F_R,27,MAE,529.3536241166512,1383540,001dcee8e81efda3,True,location-k4-fold0-seed0,0
persistence,F_R,27,SS_vs_persistence,0.0,1383540,001dcee8e81efda3,True,location-k4-fold0-seed0,0
persistence,F_R,27,SS_vs_seasonal,-0.005794345957388813,1383540,001dcee8e81efda3,True,location-k4-fold0-seed0,0
persistence,F_R,27,SS_vs_ar,-0.5806818668416425,1383540,001dcee8e81efda3,True,location-k4-fold0-seed0,0
persistence,F_R,28,MSE,665389.230238117,1383540,001dcee8e81efda3,True,location-k4-fold0-seed0,0
persistence,F_R,28,MAE,524.919805569663,1383540,001dcee8e81efda3,True,location-k4-fold0-seed0,0
persistence,F_R,28,SS_vs_persistence,0.0,1383540,001dcee8e81efda3,True,location-k4-fold0-seed0,0
persistence,F_R,28,SS_vs_seasonal,0.001992617499632976,1383540,001dcee8e81efda3,True,location-k4-fold0-seed0,0
persistence,F_R,28,SS_vs_ar,-0.5628997899994774,1383540,001dcee8e81efda3,True,location-k4-fold0-seed0,0
persistence,F_R,29,MSE,670450.6626942897,1383540,001dcee8e81efda3,True,location-k4-fold0-seed0,0
persistence,F_R,29,MAE,529.229968880567,1383540,001dcee8e81efda3,True,location-k4-fold0-seed0,0
persistence,F_R,29,SS_vs_persistence,0.0,1383540,001dcee8e81efda3,True,location-k4-fold0-seed0,0
persistence,F_R,29,SS_vs_seasonal,-0.004176706417450937,1383540,001dcee8e81efda3,True,location-k4-fold0-seed0,0
persistence,F_R,29,SS_vs_ar,-0.5620788710954365,1383540,001dcee8e81efda3,True,location-k4-fold0-seed0,0
persistence,F_R,30,MSE,653650.4066314261,1383540,001dcee8e81efda3,True,location-k4-fold0-seed0,0
persistence,F_R,30,MAE,523.3781528645777,1383540,001dcee8e81efda3,True,location-k4-fold0-seed0,0
persistence,F_R,30,SS_vs_persistence,0.0,1383540,001dcee8e81efda3,True,location-k4-fold0-seed0,0
persistence,F_R,30,SS_vs_seasonal,0.0036228610714470477,1383540,001dcee8e81efda3,True,location-k4-fold0-seed0,0
persistence,F_R,30,SS_vs_ar,-0.5202602978322526,1383540,001dcee8e81efda3,True,location-k4-fold0-seed0,0
persistence,F_R,all,MSE,593571.2345231799,1383540,001dcee8e81efda3,True,location-k4-fold0-seed0,0
persistence,F_R,all,MAE,487.5067969777708,1383540,001dcee8e81efda3,True,location-k4-fold0-seed0,0
persistence,F_R,all,SS_vs_persistence,0.0,1383540,001dcee8e81efda3,True,location-k4-fold0-seed0,0
persistence,F_R,all,SS_vs_seasonal,0.054343637521725885,1383540,001dcee8e81efda3,True,location-k4-fold0-seed0,0
persistence,F_R,all,SS_vs_ar,-0.5803973628934225,1383540,001dcee8e81efda3,True,location-k4-fold0-seed0,0
persistence,CoPx_R,1,MSE,0.022545306446760588,1356976,001dcee8e81efda3,True,location-k4-fold0-seed0,0
persistence,CoPx_R,1,MAE,0.09953424615500878,1356976,001dcee8e81efda3,True,location-k4-fold0-seed0,0
persistence,CoPx_R,1,SS_vs_persistence,4.435507516831194e-11,1356976,001dcee8e81efda3,True,location-k4-fold0-seed0,0
persistence,CoPx_R,1,SS_vs_seasonal,0.31415571000564135,1356976,001dcee8e81efda3,True,location-k4-fold0-seed0,0
persistence,CoPx_R,1,SS_vs_ar,-0.540798794524517,1356976,001dcee8e81efda3,True,location-k4-fold0-seed0,0
persistence,CoPx_R,2,MSE,0.025139140992546237,1356976,001dcee8e81efda3,True,location-k4-fold0-seed0,0
persistence,CoPx_R,2,MAE,0.10782711117220138,1356976,001dcee8e81efda3,True,location-k4-fold0-seed0,0
persistence,CoPx_R,2,SS_vs_persistence,3.977851381620212e-11,1356976,001dcee8e81efda3,True,location-k4-fold0-seed0,0
persistence,CoPx_R,2,SS_vs_seasonal,0.2385125146326803,1356976,001dcee8e81efda3,True,location-k4-fold0-seed0,0
persistence,CoPx_R,2,SS_vs_ar,-0.5714484700775373,1356976,001dcee8e81efda3,True,location-k4-fold0-seed0,0
persistence,CoPx_R,3,MSE,0.02731665378064011,1356976,001dcee8e81efda3,True,location-k4-fold0-seed0,0
persistence,CoPx_R,3,MAE,0.11379624435902737,1356976,001dcee8e81efda3,True,location-k4-fold0-seed0,0
persistence,CoPx_R,3,SS_vs_persistence,3.660760583557021e-11,1356976,001dcee8e81efda3,True,location-k4-fold0-seed0,0
persistence,CoPx_R,3,SS_vs_seasonal,0.17425612200396523,1356976,001dcee8e81efda3,True,location-k4-fold0-seed0,0
persistence,CoPx_R,3,SS_vs_ar,-0.6143528053619507,1356976,001dcee8e81efda3,True,location-k4-fold0-seed0,0
persistence,CoPx_R,4,MSE,0.028271491844068707,1356976,001dcee8e81efda3,True,location-k4-fold0-seed0,0
persistence,CoPx_R,4,MAE,0.11612957061128981,1356976,001dcee8e81efda3,True,location-k4-fold0-seed0,0
persistence,CoPx_R,4,SS_vs_persistence,3.537126147534764e-11,1356976,001dcee8e81efda3,True,location-k4-fold0-seed0,0
persistence,CoPx_R,4,SS_vs_seasonal,0.14536647874956277,1356976,001dcee8e81efda3,True,location-k4-fold0-seed0,0
persistence,CoPx_R,4,SS_vs_ar,-0.6070854079089294,1356976,001dcee8e81efda3,True,location-k4-fold0-seed0,0
persistence,CoPx_R,5,MSE,0.03003762364655575,1356976,001dcee8e81efda3,True,location-k4-fold0-seed0,0
persistence,CoPx_R,5,MAE,0.11982749804016342,1356976,001dcee8e81efda3,True,location-k4-fold0-seed0,0
persistence,CoPx_R,5,SS_vs_persistence,3.3291591705619794e-11,1356976,001dcee8e81efda3,True,location-k4-fold0-seed0,0
persistence,CoPx_R,5,SS_vs_seasonal,0.09384582243906625,1356976,001dcee8e81efda3,True,location-k4-fold0-seed0,0
persistence,CoPx_R,5,SS_vs_ar,-0.6451941489935535,1356976,001dcee8e81efda3,True,location-k4-fold0-seed0,0
persistence,CoPx_R,6,MSE,0.030071087196091736,1356976,001dcee8e81efda3,True,location-k4-fold0-seed0,0
persistence,CoPx_R,6,MAE,0.11910926495213428,1356976,001dcee8e81efda3,True,location-k4-fold0-seed0,0
persistence,CoPx_R,6,SS_vs_persistence,3.3254510256597314e-11,1356976,001dcee8e81efda3,True,location-k4-fold0-seed0,0
persistence,CoPx_R,6,SS_vs_seasonal,0.09229999710107017,1356976,001dcee8e81efda3,True,location-k4-fold0-seed0,0
persistence,CoPx_R,6,SS_vs_ar,-0.6083395692477385,1356976,001dcee8e81efda3,True,location-k4-fold0-seed0,0
persistence,CoPx_R,7,MSE,0.031522851580323884,1356976,001dcee8e81efda3,True,location-k4-fold0-seed0,0
persistence,CoPx_R,7,MAE,0.12227480328351953,1356976,001dcee8e81efda3,True,location-k4-fold0-seed0,0
persistence,CoPx_R,7,SS_vs_persistence,3.172295759412691e-11,1356976,001dcee8e81efda3,True,location-k4-fold0-seed0,0
persistence,CoPx_R,7,SS_vs_seasonal,0.04907418743553671,1356976,001dcee8e81efda3,True,location-k4-fold0-seed0,0
persistence,CoPx_R,7,SS_vs_ar,-0.639401164842847,1356976,001dcee8e81efda3,True,location-k4-fold0-seed0,0
persistence,CoPx_R,8,MSE,0.031556365588617734,1356976,001dcee8e81efda3,True,location-k4-fold0-seed0,0
persistence,CoPx_R,8,MAE,0.12251513396364556,1356976,001dcee8e81efda3,True,location-k4-fold0-seed0,0
persistence,CoPx_R,8,SS_vs_persistence,3.168931783648077e-11,1356976,001dcee8e81efda3,True,location-k4-fold0-seed0,0
persistence,CoPx_R,8,SS_vs_seasonal,0.048663133762903765,1356976,001dcee8e81efda3,True,location-k4-fold0-seed0,0
persistence,CoPx_R,8,SS_vs_ar,-0.6087363291627172,1356976,001dcee8e81efda3,True,location-k4-fold0-seed0,0
persistence,CoPx_R,9,MSE,0.03220896533756336,1356976,001dcee8e81efda3,True,location-k4-fold0-seed0,0
persistence,CoPx_R,9,MAE,0.12398131340758195,1356976,001dcee8e81efda3,True,location-k4-fold0-seed0,0
persistence,CoPx_R,9,SS_vs_persistence,3.104716483903758e-11,1356976,001dcee8e81efda3,True,location-k4-fold0-seed0,0
persistence,CoPx_R,9,SS_vs_seasonal,0.02631278072765575,1356976,001dcee8e81efda3,True,location-k4-fold0-seed0,0
persistence,CoPx_R,9,SS_vs_ar,-0.6029785412582898,1356976,001dcee8e81efda3,True,location-k4-fold0-seed0,0
persistence,CoPx_R,10,MSE,0.032989487597432365,1356976,001dcee8e81efda3,True,location-k4-fold0-seed0,0
persistence,CoPx_R,10,MAE,0.12487205477789934,1356976,001dcee8e81efda3,True,location-k4-fold0-seed0,0
persistence,CoPx_R,10,SS_vs_persistence,3.0312641285945574e-11,1356976,001dcee8e81efda3,True,location-k4-fold0-seed0,0
persistence,CoPx_R,10,SS_vs_seasonal,0.006802890828265573,1356976,001dcee8e81efda3,True,location-k4-fold0-seed0,0
persistence,CoPx_R,10,SS_vs_ar,-0.6061580498458263,1356976,001dcee8e81efda3,True,location-k4-fold0-seed0,0
persistence,CoPx_R,11,MSE,0.03426183706510461,1356976,001dcee8e81efda3,True,location-k4-fold0-seed0,0
persistence,CoPx_R,11,MAE,0.1278816630791461,1356976,001dcee8e81efda3,True,location-k4-fold0-seed0,0
persistence,CoPx_R,11,SS_vs_persistence,2.918698616127813e-11,1356976,001dcee8e81efda3,True,location-k4-fold0-seed0,0
persistence,CoPx_R,11,SS_vs_seasonal,0.09801736458935617,1356976,001dcee8e81efda3,True,location-k4-fold0-seed0,0
persistence,CoPx_R,11,SS_vs_ar,-0.635980690228312,1356976,001dcee8e81efda3,True,location-k4-fold0-seed0,0
persistence,CoPx_R,12,MSE,0.03496215041312901,1356976,001dcee8e81efda3,True,location-k4-fold0-seed0,0
persistence,CoPx_R,12,MAE,0.12908582046011388,1356976,001dcee8e81efda3,True,location-k4-fold0-seed0,0
persistence,CoPx_R,12,SS_vs_persistence,2.860234271651052e-11,1356976,001dcee8e81efda3,True,location-k4-fold0-seed0,0
persistence,CoPx_R,12,SS_vs_seasonal,0.08123365774106805,1356976,001dcee8e81efda3,True,location-k4-fold0-seed0,0
persistence,CoPx_R,12,SS_vs_ar,-0.6506398468256451,1356976,001dcee8e81efda3,True,location-k4-fold0-seed0,0
persistence,CoPx_R,13,MSE,0.03536245034293751,1356976,001dcee8e81efda3,True,location-k4-fold0-seed0,0
persistence,CoPx_R,13,MAE,0.1304030758075293,1356976,001dcee8e81efda3,True,location-k4-fold0-seed0,0
persistence,CoPx_R,13,SS_vs_persistence,2.8278601682529825e-11,1356976,001dcee8e81efda3,True,location-k4-fold0-seed0,0
persistence,CoPx_R,13,SS_vs_seasonal,0.06810280494350351,1356976,001dcee8e81efda3,True,location-k4-fold0-seed0,0
persistence,CoPx_R,13,SS_vs_ar,-0.6510136322665481,1356976,001dcee8e81efda3,True,location-k4-fold0-seed0,0
persistence,CoPx_R,14,MSE,0.035463110685426374,1356976,001dcee8e81efda3,True,location-k4-fold0-seed0,0
persistence,CoPx_R,14,MAE,0.1304024321070854,1356976,001dcee8e81efda3,True,location-k4-fold0-seed0,0
persistence,CoPx_R,14,SS_vs_persistence,2.8198332557849426e-11,1356976,001dcee8e81efda3,True,location-k4-fold0-seed0,0
persistence,CoPx_R,14,SS_vs_seasonal,0.06542704111059339,1356976,001dcee8e81efda3,True,location-k4-fold0-seed0,0
persistence,CoPx_R,14,SS_vs_ar,-0.6441606460660319,1356976,001dcee8e81efda3,True,location-k4-fold0-seed0,0
persistence,CoPx_R,15,MSE,0.035988341166033756,1356976,001dcee8e81efda3,True,location-k4-fold0-seed0,0
persistence,CoPx_R,15,MAE,0.13067634373327083,1356976,001dcee8e81efda3,True,location-k4-fold0-seed0,0
persistence,CoPx_R,15,SS_vs_persistence,2.778677288262088e-11,1356976,001dcee8e81efda3,True,location-k4-fold0-seed0,0
persistence,CoPx_R,15,SS_vs_seasonal,0.05072001563100825,1356976,001dcee8e81efda3,True,location-k4-fold0-seed0,0
persistence,CoPx_R,15,SS_vs_ar,-0.6493001892233468,1356976,001dcee8e81efda3,True,location-k4-fold0-seed0,0
persistence,CoPx_R,16,MSE,0.036460334976202914,1356976,001dcee8e81efda3,True,location-k4-fold0-seed0,0
persistence,CoPx_R,16,MAE,0.1323159774773041,1356976,001dcee8e81efda3,True,location-k4-fold0-seed0,0
persistence,CoPx_R,16,SS_vs_persistence,2.742706062264233e-11,1356976,001dcee8e81efda3,True,location-k4-fold0-seed0,0
persistence,CoPx_R,16,SS_vs_seasonal,0.03712309350740439,1356976,001dcee8e81efda3,True,location-k4-fold0-seed0,0
persistence,CoPx_R,16,SS_vs_ar,-0.6597670904595325,1356976,001dcee8e81efda3,True,location-k4-fold0-seed0,0
persistence,CoPx_R,17,MSE,0.036811198392917854,1356976,001dcee8e81efda3,True,location-k4-fold0-seed0,0
persistence,CoPx_R,17,MAE,0.1330833628068842,1356976,001dcee8e81efda3,True,location-k4-fold0-seed0,0
persistence,CoPx_R,17,SS_vs_persistence,2.7165603100343105e-11,1356976,001dcee8e81efda3,True,location-k4-fold0-seed0,0
persistence,CoPx_R,17,SS_vs_seasonal,0.02562994089915438,1356976,001dcee8e81efda3,True,location-k4-fold0-seed0,0
persistence,CoPx_R,17,SS_vs_ar,-0.6658522135260616,1356976,001dcee8e81efda3,True,location-k4-fold0-seed0,0
persistence,CoPx_R,18,MSE,0.03760699087653952,1356976,001dcee8e81efda3,True,location-k4-fold0-seed0,0
persistence,CoPx_R,18,MAE,0.1342857749397485,1356976,001dcee8e81efda3,True,location-k4-fold0-seed0,0
persistence,CoPx_R,18,SS_vs_persistence,2.65907296181922e-11,1356976,001dcee8e81efda3,True,location-k4-fold0-seed0,0
persistence,CoPx_R,18,SS_vs_seasonal,0.005870803871357078,1356976,001dcee8e81efda3,True,location-k4-fold0-seed0,0
persistence,CoPx_R,18,SS_vs_ar,-0.6860647124133821,1356976,001dcee8e81efda3,True,location-k4-fold0-seed0,0
persistence,CoPx_R,19,MSE,0.03757909759792558,1356976,001dcee8e81efda3,True,location-k4-fold0-seed0,0
persistence,CoPx_R,19,MAE,0.13450668544707847,1356976,001dcee8e81efda3,True,location-k4-fold0-seed0,0
persistence,CoPx_R,19,SS_vs_persistence,2.6610491588030527e-11,1356976,001dcee8e81efda3,True,location-k4-fold0-seed0,0
persistence,CoPx_R,19,SS_vs_seasonal,0.004641516416159508,1356976,001dcee8e81efda3,True,location-k4-fold0-seed0,0
persistence,CoPx_R,19,SS_vs_ar,-0.6773445289769042,1356976,001dcee8e81efda3,True,location-k4-fold0-seed0,0
persistence,CoPx_R,20,MSE,0.03764396944519029,1356976,001dcee8e81efda3,True,location-k4-fold0-seed0,0
persistence,CoPx_R,20,MAE,0.13486026006070698,1356976,001dcee8e81efda3,True,location-k4-fold0-seed0,0
persistence,CoPx_R,20,SS_vs_persistence,2.6564639377113508e-11,1356976,001dcee8e81efda3,True,location-k4-fold0-seed0,0
persistence,CoPx_R,20,SS_vs_seasonal,0.0038514617290870135,1356976,001dcee8e81efda3,True,location-k4-fold0-seed0,0
persistence,CoPx_R,20,SS_vs_ar,-0.6707491194977171,1356976,001dcee8e81efda3,True,location-k4-fold0-seed0,0
persistence,CoPx_R,21,MSE,0.03819702918606018,1356976,001dcee8e81efda3,True,location-k4-fold0-seed0,0
persistence,CoPx_R,21,MAE,0.1356821404231833,1356976,001dcee8e81efda3,True,location-k4-fold0-seed0,0
persistence,CoPx_R,21,SS_vs_persistence,2.6180058121383354e-11,1356976,001dcee8e81efda3,True,location-k4-fold0-seed0,0
persistence,CoPx_R,21,SS_vs_seasonal,0.0615236772279123,1356976,001dcee8e81efda3,True,location-k4-fold0-seed0,0
persistence,CoPx_R,21,SS_vs_ar,-0.6827016434964246,1356976,001dcee8e81efda3,True,location-k4-fold0-seed0,0
persistence,CoPx_R,22,MSE,0.0379801484315877,1356976,001dcee8e81efda3,True,location-k4-fold0-seed0,0
persistence,CoPx_R,22,MAE,0.13521039165812668,1356976,001dcee8e81efda3,True,location-k4-fold0-seed0,0
persistence,CoPx_R,22,SS_vs_persistence,2.63294941404979e-11,1356976,001dcee8e81efda3,True,location-k4-fold0-seed0,0
persistence,CoPx_R,22,SS_vs_seasonal,0.06517836258675358,1356976,001dcee8e81efda3,True,location-k4-fold0-seed0,0
persistence,CoPx_R,22,SS_vs_ar,-0.6627712893876401,1356976,001dcee8e81efda3,True,location-k4-fold0-seed0,0
persistence,CoPx_R,23,MSE,0.03830272037611391,1356976,001dcee8e81efda3,True,location-k4-fold0-seed0,0
persistence,CoPx_R,23,MAE,0.13578134074185136,1356976,001dcee8e81efda3,True,location-k4-fold0-seed0,0
persistence,CoPx_R,23,SS_vs_persistence,2.6107782602480256e-11,1356976,001dcee8e81efda3,True,location-k4-fold0-seed0,0
persistence,CoPx_R,23,SS_vs_seasonal,0.059483174074116185,1356976,001dcee8e81efda3,True,location-k4-fold0-seed0,0
persistence,CoPx_R,23,SS_vs_ar,-0.6604071766265331,1356976,001dcee8e81efda3,True,location-k4-fold0-seed0,0
persistence,CoPx_R,24,MSE,0.038897367700927374,1356976,001dcee8e81efda3,True,location-k4-fold0-seed0,0
persistence,CoPx_R,24,MAE,0.13724012579493475,1356976,001dcee8e81efda3,True,location-k4-fold0-seed0,0
persistence,CoPx_R,24,SS_vs_persistence,2.5708657425127512e-11,1356976,001dcee8e81efda3,True,location-k4-fold0-seed0,0
persistence,CoPx_R,24,SS_vs_seasonal,0.04420093253029245,1356976,001dcee8e81efda3,True,location-k4-fold0-seed0,0
persistence,CoPx_R,24,SS_vs_ar,-0.676865528205354,1356976,001dcee8e81efda3,True,location-k4-fold0-seed0,0
persistence,CoPx_R,25,MSE,0.040094695732512065,1356976,001dcee8e81efda3,True,location-k4-fold0-seed0,0
persistence,CoPx_R,25,MAE,0.13925402272194226,1356976,001dcee8e81efda3,True,location-k4-fold0-seed0,0
persistence,CoPx_R,25,SS_vs_persistence,2.4940938203599217e-11,1356976,001dcee8e81efda3,True,location-k4-fold0-seed0,0
persistence,CoPx_R,25,SS_vs_seasonal,0.016011079573648446,1356976,001dcee8e81efda3,True,location-k4-fold0-seed0,0
persistence,CoPx_R,25,SS_vs_ar,-0.7147316709418614,1356976,001dcee8e81efda3,True,location-k4-fold0-seed0,0
persistence,CoPx_R,26,MSE,0.04048527459818077,1356976,001dcee8e81efda3,True,location-k4-fold0-seed0,0
persistence,CoPx_R,26,MAE,0.1399055045549235,1356976,001dcee8e81efda3,True,location-k4-fold0-seed0,0
persistence,CoPx_R,26,SS_vs_persistence,2.4700352874162945e-11,1356976,001dcee8e81efda3,True,location-k4-fold0-seed0,0
persistence,CoPx_R,26,SS_vs_seasonal,0.0067251890381950785,1356976,001dcee8e81efda3,True,location-k4-fold0-seed0,0
persistence,CoPx_R,26,SS_vs_ar,-0.727327249551678,1356976,001dcee8e81efda3,True,location-k4-fold0-seed0,0
persistence,CoPx_R,27,MSE,0.040715747972784176,1356976,001dcee8e81efda3,True,location-k4-fold0-seed0,0
persistence,CoPx_R,27,MAE,0.14059787089237624,1356976,001dcee8e81efda3,True,location-k4-fold0-seed0,0
persistence,CoPx_R,27,SS_vs_persistence,2.4560464773060176e-11,1356976,001dcee8e81efda3,True,location-k4-fold0-seed0,0
persistence,CoPx_R,27,SS_vs_seasonal,0.00034432909450077265,1356976,001dcee8e81efda3,True,location-k4-fold0-seed0,0
persistence,CoPx_R,27,SS_vs_ar,-0.730656475056253,1356976,001dcee8e81efda3,True,location-k4-fold0-seed0,0
persistence,CoPx_R,28,MSE,0.041013118537646234,1356976,001dcee8e81efda3,True,location-k4-fold0-seed0,0
persistence,CoPx_R,28,MAE,0.14091258585399544,1356976,001dcee8e81efda3,True,location-k4-fold0-seed0,0
persistence,CoPx_R,28,SS_vs_persistence,2.43823849999103e-11,1356976,001dcee8e81efda3,True,location-k4-fold0-seed0,0
persistence,CoPx_R,28,SS_vs_seasonal,-0.007718048420995993,1356976,001dcee8e81efda3,True,location-k4-fold0-seed0,0
persistence,CoPx_R,28,SS_vs_ar,-0.7377162118987657,1356976,001dcee8e81efda3,True,location-k4-fold0-seed0,0
persistence,CoPx_R,29,MSE,0.041227242175005056,1356976,001dcee8e81efda3,True,location-k4-fold0-seed0,0
persistence,CoPx_R,29,MAE,0.14158920049464827,1356976,001dcee8e81efda3,True,location-k4-fold0-seed0,0
persistence,CoPx_R,29,SS_vs_persistence,2.4255819575103033e-11,1356976,001dcee8e81efda3,True,location-k4-fold0-seed0,0
persistence,CoPx_R,29,SS_vs_seasonal,-0.013417970926931755,1356976,001dcee8e81efda3,True,location-k4-fold0-seed0,0
persistence,CoPx_R,29,SS_vs_ar,-0.7445865061985635,1356976,001dcee8e81efda3,True,location-k4-fold0-seed0,0
persistence,CoPx_R,30,MSE,0.04073905763913667,1356976,001dcee8e81efda3,True,location-k4-fold0-seed0,0
persistence,CoPx_R,30,MAE,0.14013186161573704,1356976,001dcee8e81efda3,True,location-k4-fold0-seed0,0
persistence,CoPx_R,30,SS_vs_persistence,2.45464759629499e-11,1356976,001dcee8e81efda3,True,location-k4-fold0-seed0,0
persistence,CoPx_R,30,SS_vs_seasonal,-0.003413684016043028,1356976,001dcee8e81efda3,True,location-k4-fold0-seed0,0
persistence,CoPx_R,30,SS_vs_ar,-0.7221563243416693,1356976,001dcee8e81efda3,True,location-k4-fold0-seed0,0
persistence,CoPx_R,all,MSE,0.0350516632159158,1356976,001dcee8e81efda3,True,location-k4-fold0-seed0,0
persistence,CoPx_R,all,MAE,0.12912919683784435,1356976,001dcee8e81efda3,True,location-k4-fold0-seed0,0
persistence,CoPx_R,all,SS_vs_persistence,2.8529290041490185e-11,1356976,001dcee8e81efda3,True,location-k4-fold0-seed0,0
persistence,CoPx_R,all,SS_vs_seasonal,0.05845289098964135,1356976,001dcee8e81efda3,True,location-k4-fold0-seed0,0
persistence,CoPx_R,all,SS_vs_ar,-0.66147978584737,1356976,001dcee8e81efda3,True,location-k4-fold0-seed0,0
persistence,CoPy_R,1,MSE,0.041212095785128335,1356976,001dcee8e81efda3,True,location-k4-fold0-seed0,0
persistence,CoPy_R,1,MAE,0.14252370704734116,1356976,001dcee8e81efda3,True,location-k4-fold0-seed0,0
persistence,CoPy_R,1,SS_vs_persistence,2.4264701359300034e-11,1356976,001dcee8e81efda3,True,location-k4-fold0-seed0,0
persistence,CoPy_R,1,SS_vs_seasonal,0.17129447473410775,1356976,001dcee8e81efda3,True,location-k4-fold0-seed0,0
persistence,CoPy_R,1,SS_vs_ar,-0.7006152673505759,1356976,001dcee8e81efda3,True,location-k4-fold0-seed0,0
persistence,CoPy_R,2,MSE,0.045343647443981935,1356976,001dcee8e81efda3,True,location-k4-fold0-seed0,0
persistence,CoPy_R,2,MAE,0.1542862952385379,1356976,001dcee8e81efda3,True,location-k4-fold0-seed0,0
persistence,CoPy_R,2,SS_vs_persistence,2.2053803228061497e-11,1356976,001dcee8e81efda3,True,location-k4-fold0-seed0,0
persistence,CoPy_R,2,SS_vs_seasonal,0.09310339954819358,1356976,001dcee8e81efda3,True,location-k4-fold0-seed0,0
persistence,CoPy_R,2,SS_vs_ar,-0.8027976909850134,1356976,001dcee8e81efda3,True,location-k4-fold0-seed0,0
persistence,CoPy_R,3,MSE,0.046462545044489614,1356976,001dcee8e81efda3,True,location-k4-fold0-seed0,0
persistence,CoPy_R,3,MAE,0.15787547878411357,1356976,001dcee8e81efda3,True,location-k4-fold0-seed0,0
persistence,CoPy_R,3,SS_vs_persistence,2.1522672533080822e-11,1356976,001dcee8e81efda3,True,location-k4-fold0-seed0,0
persistence,CoPy_R,3,SS_vs_seasonal,0.0715507315065792,1356976,001dcee8e81efda3,True,location-k4-fold0-seed0,0
persistence,CoPy_R,3,SS_vs_ar,-0.8219948871208529,1356976,001dcee8e81efda3,True,location-k4-fold0-seed0,0
persistence,CoPy_R,4,MSE,0.04679298028625955,1356976,001dcee8e81efda3,True,location-k4-fold0-seed0,0
persistence,CoPy_R,4,MAE,0.15826870901507453,1356976,001dcee8e81efda3,True,location-k4-fold0-seed0,0
persistence,CoPy_R,4,SS_vs_persistence,2.1370683001009638e-11,1356976,001dcee8e81efda3,True,location-k4-fold0-seed0,0
persistence,CoPy_R,4,SS_vs_seasonal,0.06364475447179896,1356976,001dcee8e81efda3,True,location-k4-fold0-seed0,0
persistence,CoPy_R,4,SS_vs_ar,-0.8169656609260911,1356976,001dcee8e81efda3,True,location-k4-fold0-seed0,0
persistence,CoPy_R,5,MSE,0.04750420699716716,1356976,001dcee8e81efda3,True,location-k4-fold0-seed0,0
persistence,CoPy_R,5,MAE,0.159950674798689,1356976,001dcee8e81efda3,True,location-k4-fold0-seed0,0
persistence,CoPy_R,5,SS_vs_persistence,2.1050716725312668e-11,1356976,001dcee8e81efda3,True,location-k4-fold0-seed0,0
persistence,CoPy_R,5,SS_vs_seasonal,0.050182954226707155,1356976,001dcee8e81efda3,True,location-k4-fold0-seed0,0
persistence,CoPy_R,5,SS_vs_ar,-0.8255828361493236,1356976,001dcee8e81efda3,True,location-k4-fold0-seed0,0
persistence,CoPy_R,6,MSE,0.04627045567097532,1356976,001dcee8e81efda3,True,location-k4-fold0-seed0,0
persistence,CoPy_R,6,MAE,0.15721485405948732,1356976,001dcee8e81efda3,True,location-k4-fold0-seed0,0
persistence,CoPy_R,6,SS_vs_persistence,2.1612045486563147e-11,1356976,001dcee8e81efda3,True,location-k4-fold0-seed0,0
persistence,CoPy_R,6,SS_vs_seasonal,0.07657761343017921,1356976,001dcee8e81efda3,True,location-k4-fold0-seed0,0
persistence,CoPy_R,6,SS_vs_ar,-0.7639420911147623,1356976,001dcee8e81efda3,True,location-k4-fold0-seed0,0
persistence,CoPy_R,7,MSE,0.04844184055670441,1356976,001dcee8e81efda3,True,location-k4-fold0-seed0,0
persistence,CoPy_R,7,MAE,0.16089417753454935,1356976,001dcee8e81efda3,True,location-k4-fold0-seed0,0
persistence,CoPy_R,7,SS_vs_persistence,2.0643264875275236e-11,1356976,001dcee8e81efda3,True,location-k4-fold0-seed0,0
persistence,CoPy_R,7,SS_vs_seasonal,0.031515863443364656,1356976,001dcee8e81efda3,True,location-k4-fold0-seed0,0
persistence,CoPy_R,7,SS_vs_ar,-0.8217470663702213,1356976,001dcee8e81efda3,True,location-k4-fold0-seed0,0
persistence,CoPy_R,8,MSE,0.048652353963683045,1356976,001dcee8e81efda3,True,location-k4-fold0-seed0,0
persistence,CoPy_R,8,MAE,0.1613449382936748,1356976,001dcee8e81efda3,True,location-k4-fold0-seed0,0
persistence,CoPy_R,8,SS_vs_persistence,2.0554002944095373e-11,1356976,001dcee8e81efda3,True,location-k4-fold0-seed0,0
persistence,CoPy_R,8,SS_vs_seasonal,0.028552433972845903,1356976,001dcee8e81efda3,True,location-k4-fold0-seed0,0
persistence,CoPy_R,8,SS_vs_ar,-0.81643833768942,1356976,001dcee8e81efda3,True,location-k4-fold0-seed0,0
persistence,CoPy_R,9,MSE,0.049577718794961645,1356976,001dcee8e81efda3,True,location-k4-fold0-seed0,0
persistence,CoPy_R,9,MAE,0.16330647580461596,1356976,001dcee8e81efda3,True,location-k4-fold0-seed0,0
persistence,CoPy_R,9,SS_vs_persistence,2.017030986678492e-11,1356976,001dcee8e81efda3,True,location-k4-fold0-seed0,0
persistence,CoPy_R,9,SS_vs_seasonal,0.009361520391359845,1356976,001dcee8e81efda3,True,location-k4-fold0-seed0,0
persistence,CoPy_R,9,SS_vs_ar,-0.8418578692837453,1356976,001dcee8e81efda3,True,location-k4-fold0-seed0,0
persistence,CoPy_R,10,MSE,0.0497703147947759,1356976,001dcee8e81efda3,True,location-k4-fold0-seed0,0
persistence,CoPy_R,10,MAE,0.16335059857645143,1356976,001dcee8e81efda3,True,location-k4-fold0-seed0,0
persistence,CoPy_R,10,SS_vs_persistence,2.009226118815377e-11,1356976,001dcee8e81efda3,True,location-k4-fold0-seed0,0
persistence,CoPy_R,10,SS_vs_seasonal,0.005182738601693715,1356976,001dcee8e81efda3,True,location-k4-fold0-seed0,0
persistence,CoPy_R,10,SS_vs_ar,-0.8437603717668432,1356976,001dcee8e81efda3,True,location-k4-fold0-seed0,0
persistence,CoPy_R,11,MSE,0.050907092117422205,1356976,001dcee8e81efda3,True,location-k4-fold0-seed0,0
persistence,CoPy_R,11,MAE,0.16525392462317764,1356976,001dcee8e81efda3,True,location-k4-fold0-seed0,0
persistence,CoPy_R,11,SS_vs_persistence,1.9643620063902745e-11,1356976,001dcee8e81efda3,True,location-k4-fold0-seed0,0
persistence,CoPy_R,11,SS_vs_seasonal,0.031576712681454455,1356976,001dcee8e81efda3,True,location-k4-fold0-seed0,0
persistence,CoPy_R,11,SS_vs_ar,-0.8774780646607636,1356976,001dcee8e81efda3,True,location-k4-fold0-seed0,0
persistence,CoPy_R,12,MSE,0.05044399436766028,1356976,001dcee8e81efda3,True,location-k4-fold0-seed0,0
persistence,CoPy_R,12,MAE,0.16464547383001918,1356976,001dcee8e81efda3,True,location-k4-fold0-seed0,0
persistence,CoPy_R,12,SS_vs_persistence,1.982392028310187e-11,1356976,001dcee8e81efda3,True,location-k4-fold0-seed0,0
persistence,CoPy_R,12,SS_vs_seasonal,0.03712261753049717,1356976,001dcee8e81efda3,True,location-k4-fold0-seed0,0
persistence,CoPy_R,12,SS_vs_ar,-0.85783321124884,1356976,001dcee8e81efda3,True,location-k4-fold0-seed0,0
persistence,CoPy_R,13,MSE,0.05176530208306311,1356976,001dcee8e81efda3,True,location-k4-fold0-seed0,0
persistence,CoPy_R,13,MAE,0.1666851794343074,1356976,001dcee8e81efda3,True,location-k4-fold0-seed0,0
persistence,CoPy_R,13,SS_vs_persistence,1.9317880628477724e-11,1356976,001dcee8e81efda3,True,location-k4-fold0-seed0,0
persistence,CoPy_R,13,SS_vs_seasonal,0.010708727675816987,1356976,001dcee8e81efda3,True,location-k4-fold0-seed0,0
persistence,CoPy_R,13,SS_vs_ar,-0.9008930743817263,1356976,001dcee8e81efda3,True,location-k4-fold0-seed0,0
persistence,CoPy_R,14,MSE,0.051157294634423485,1356976,001dcee8e81efda3,True,location-k4-fold0-seed0,0
persistence,CoPy_R,14,MAE,0.16651584578871473,1356976,001dcee8e81efda3,True,location-k4-fold0-seed0,0
persistence,CoPy_R,14,SS_vs_persistence,1.9547474749970206e-11,1356976,001dcee8e81efda3,True,location-k4-fold0-seed0,0
persistence,CoPy_R,14,SS_vs_seasonal,0.020440580961268773,1356976,001dcee8e81efda3,True,location-k4-fold0-seed0,0
persistence,CoPy_R,14,SS_vs_ar,-0.8776615184711665,1356976,001dcee8e81efda3,True,location-k4-fold0-seed0,0
persistence,CoPy_R,15,MSE,0.050634964591423,1356976,001dcee8e81efda3,True,location-k4-fold0-seed0,0
persistence,CoPy_R,15,MAE,0.16521304833201483,1356976,001dcee8e81efda3,True,location-k4-fold0-seed0,0
persistence,CoPy_R,15,SS_vs_persistence,1.9749202273544597e-11,1356976,001dcee8e81efda3,True,location-k4-fold0-seed0,0
persistence,CoPy_R,15,SS_vs_seasonal,0.029228589696765117,1356976,001dcee8e81efda3,True,location-k4-fold0-seed0,0
persistence,CoPy_R,15,SS_vs_ar,-0.8553252690759174,1356976,001dcee8e81efda3,True,location-k4-fold0-seed0,0
persistence,CoPy_R,16,MSE,0.05248936268899238,1356976,001dcee8e81efda3,True,location-k4-fold0-seed0,0
persistence,CoPy_R,16,MAE,0.16822167524934994,1356976,001dcee8e81efda3,True,location-k4-fold0-seed0,0
persistence,CoPy_R,16,SS_vs_persistence,1.9051427102567686e-11,1356976,001dcee8e81efda3,True,location-k4-fold0-seed0,0
persistence,CoPy_R,16,SS_vs_seasonal,-0.007328391730068162,1356976,001dcee8e81efda3,True,location-k4-fold0-seed0,0
persistence,CoPy_R,16,SS_vs_ar,-0.9168864564396988,1356976,001dcee8e81efda3,True,location-k4-fold0-seed0,0
persistence,CoPy_R,17,MSE,0.05215539997666244,1356976,001dcee8e81efda3,True,location-k4-fold0-seed0,0
persistence,CoPy_R,17,MAE,0.1686833656534844,1356976,001dcee8e81efda3,True,location-k4-fold0-seed0,0
persistence,CoPy_R,17,SS_vs_persistence,1.917344061297399e-11,1356976,001dcee8e81efda3,True,location-k4-fold0-seed0,0
persistence,CoPy_R,17,SS_vs_seasonal,-6.898424159307304e-05,1356976,001dcee8e81efda3,True,location-k4-fold0-seed0,0
persistence,CoPy_R,17,SS_vs_ar,-0.9043785525788663,1356976,001dcee8e81efda3,True,location-k4-fold0-seed0,0
persistence,CoPy_R,18,MSE,0.05189863172003808,1356976,001dcee8e81efda3,True,location-k4-fold0-seed0,0
persistence,CoPy_R,18,MAE,0.16794819334777317,1356976,001dcee8e81efda3,True,location-k4-fold0-seed0,0
persistence,CoPy_R,18,SS_vs_persistence,1.926825365927698e-11,1356976,001dcee8e81efda3,True,location-k4-fold0-seed0,0
persistence,CoPy_R,18,SS_vs_seasonal,0.002613888635320194,1356976,001dcee8e81efda3,True,location-k4-fold0-seed0,0
persistence,CoPy_R,18,SS_vs_ar,-0.8948032696728621,1356976,001dcee8e81efda3,True,location-k4-fold0-seed0,0
persistence,CoPy_R,19,MSE,0.052415486671692386,1356976,001dcee8e81efda3,True,location-k4-fold0-seed0,0
persistence,CoPy_R,19,MAE,0.1681850052593438,1356976,001dcee8e81efda3,True,location-k4-fold0-seed0,0
persistence,CoPy_R,19,SS_vs_persistence,1.9078294499763615e-11,1356976,001dcee8e81efda3,True,location-k4-fold0-seed0,0
persistence,CoPy_R,19,SS_vs_seasonal,-0.00724616045171067,1356976,001dcee8e81efda3,True,location-k4-fold0-seed0,0
persistence,CoPy_R,19,SS_vs_ar,-0.9087076001965688,1356976,001dcee8e81efda3,True,location-k4-fold0-seed0,0
persistence,CoPy_R,20,MSE,0.0522492473545492,1356976,001dcee8e81efda3,True,location-k4-fold0-seed0,0
persistence,CoPy_R,20,MAE,0.1688755194906717,1356976,001dcee8e81efda3,True,location-k4-fold0-seed0,0
persistence,CoPy_R,20,SS_vs_persistence,1.913902369921061e-11,1356976,001dcee8e81efda3,True,location-k4-fold0-seed0,0
persistence,CoPy_R,20,SS_vs_seasonal,-0.0029651889942525766,1356976,001dcee8e81efda3,True,location-k4-fold0-seed0,0
persistence,CoPy_R,20,SS_vs_ar,-0.8992347784630619,1356976,001dcee8e81efda3,True,location-k4-fold0-seed0,0
persistence,CoPy_R,21,MSE,0.052369405999674684,1356976,001dcee8e81efda3,True,location-k4-fold0-seed0,0
persistence,CoPy_R,21,MAE,0.16891387406312394,1356976,001dcee8e81efda3,True,location-k4-fold0-seed0,0
persistence,CoPy_R,21,SS_vs_persistence,1.9095058867435455e-11,1356976,001dcee8e81efda3,True,location-k4-fold0-seed0,0
persistence,CoPy_R,21,SS_vs_seasonal,0.0023637415058436195,1356976,001dcee8e81efda3,True,location-k4-fold0-seed0,0
persistence,CoPy_R,21,SS_vs_ar,-0.8991083149961183,1356976,001dcee8e81efda3,True,location-k4-fold0-seed0,0
persistence,CoPy_R,22,MSE,0.05300054068342422,1356976,001dcee8e81efda3,True,location-k4-fold0-seed0,0
persistence,CoPy_R,22,MAE,0.16990855288188494,1356976,001dcee8e81efda3,True,location-k4-fold0-seed0,0
persistence,CoPy_R,22,SS_vs_persistence,1.8867685191992223e-11,1356976,001dcee8e81efda3,True,location-k4-fold0-seed0,0
persistence,CoPy_R,22,SS_vs_seasonal,-0.010518702730515361,1356976,001dcee8e81efda3,True,location-k4-fold0-seed0,0
persistence,CoPy_R,22,SS_vs_ar,-0.9199147168411983,1356976,001dcee8e81efda3,True,location-k4-fold0-seed0,0
persistence,CoPy_R,23,MSE,0.052493742557979534,1356976,001dcee8e81efda3,True,location-k4-fold0-seed0,0
persistence,CoPy_R,23,MAE,0.16820892151447883,1356976,001dcee8e81efda3,True,location-k4-fold0-seed0,0
persistence,CoPy_R,23,SS_vs_persistence,1.904987279033321e-11,1356976,001dcee8e81efda3,True,location-k4-fold0-seed0,0
persistence,CoPy_R,23,SS_vs_seasonal,-0.001084138372343224,1356976,001dcee8e81efda3,True,location-k4-fold0-seed0,0
persistence,CoPy_R,23,SS_vs_ar,-0.8980520056701553,1356976,001dcee8e81efda3,True,location-k4-fold0-seed0,0
persistence,CoPy_R,24,MSE,0.05144844672490076,1356976,001dcee8e81efda3,True,location-k4-fold0-seed0,0
persistence,CoPy_R,24,MAE,0.16657169967538074,1356976,001dcee8e81efda3,True,location-k4-fold0-seed0,0
persistence,CoPy_R,24,SS_vs_persistence,1.943689653671754e-11,1356976,001dcee8e81efda3,True,location-k4-fold0-seed0,0
persistence,CoPy_R,24,SS_vs_seasonal,0.019003646563402254,1356976,001dcee8e81efda3,True,location-k4-fold0-seed0,0
persistence,CoPy_R,24,SS_vs_ar,-0.8574235180017009,1356976,001dcee8e81efda3,True,location-k4-fold0-seed0,0
persistence,CoPy_R,25,MSE,0.051019810087032554,1356976,001dcee8e81efda3,True,location-k4-fold0-seed0,0
persistence,CoPy_R,25,MAE,0.16644816990940103,1356976,001dcee8e81efda3,True,location-k4-fold0-seed0,0
persistence,CoPy_R,25,SS_vs_persistence,1.96002103436399e-11,1356976,001dcee8e81efda3,True,location-k4-fold0-seed0,0
persistence,CoPy_R,25,SS_vs_seasonal,0.027305504999074914,1356976,001dcee8e81efda3,True,location-k4-fold0-seed0,0
persistence,CoPy_R,25,SS_vs_ar,-0.8359856515620867,1356976,001dcee8e81efda3,True,location-k4-fold0-seed0,0
persistence,CoPy_R,26,MSE,0.05228499248460199,1356976,001dcee8e81efda3,True,location-k4-fold0-seed0,0
persistence,CoPy_R,26,MAE,0.1688299108442175,1356976,001dcee8e81efda3,True,location-k4-fold0-seed0,0
persistence,CoPy_R,26,SS_vs_persistence,1.9125923067520034e-11,1356976,001dcee8e81efda3,True,location-k4-fold0-seed0,0
persistence,CoPy_R,26,SS_vs_seasonal,0.006078119383199132,1356976,001dcee8e81efda3,True,location-k4-fold0-seed0,0
persistence,CoPy_R,26,SS_vs_ar,-0.8726843434607932,1356976,001dcee8e81efda3,True,location-k4-fold0-seed0,0
persistence,CoPy_R,27,MSE,0.054269291305999647,1356976,001dcee8e81efda3,True,location-k4-fold0-seed0,0
persistence,CoPy_R,27,MAE,0.1723073402729269,1356976,001dcee8e81efda3,True,location-k4-fold0-seed0,0
persistence,CoPy_R,27,SS_vs_persistence,1.8426593584308648e-11,1356976,001dcee8e81efda3,True,location-k4-fold0-seed0,0
persistence,CoPy_R,27,SS_vs_seasonal,-0.03142098590258802,1356976,001dcee8e81efda3,True,location-k4-fold0-seed0,0
persistence,CoPy_R,27,SS_vs_ar,-0.9376901255405066,1356976,001dcee8e81efda3,True,location-k4-fold0-seed0,0
persistence,CoPy_R,28,MSE,0.054867971184749134,1356976,001dcee8e81efda3,True,location-k4-fold0-seed0,0
persistence,CoPy_R,28,MAE,0.1732197049636553,1356976,001dcee8e81efda3,True,location-k4-fold0-seed0,0
persistence,CoPy_R,28,SS_vs_persistence,1.8225532194549032e-11,1356976,001dcee8e81efda3,True,location-k4-fold0-seed0,0
persistence,CoPy_R,28,SS_vs_seasonal,-0.04420710273900941,1356976,001dcee8e81efda3,True,location-k4-fold0-seed0,0
persistence,CoPy_R,28,SS_vs_ar,-0.9593345766905499,1356976,001dcee8e81efda3,True,location-k4-fold0-seed0,0
persistence,CoPy_R,29,MSE,0.054903130852201686,1356976,001dcee8e81efda3,True,location-k4-fold0-seed0,0
persistence,CoPy_R,29,MAE,0.17315314353481173,1356976,001dcee8e81efda3,True,location-k4-fold0-seed0,0
persistence,CoPy_R,29,SS_vs_persistence,1.8213874852790468e-11,1356976,001dcee8e81efda3,True,location-k4-fold0-seed0,0
persistence,CoPy_R,29,SS_vs_seasonal,-0.04222339114204088,1356976,001dcee8e81efda3,True,location-k4-fold0-seed0,0
persistence,CoPy_R,29,SS_vs_ar,-0.9594913144319586,1356976,001dcee8e81efda3,True,location-k4-fold0-seed0,0
persistence,CoPy_R,30,MSE,0.052557622567272845,1356976,001dcee8e81efda3,True,location-k4-fold0-seed0,0
persistence,CoPy_R,30,MAE,0.16878370320804756,1356976,001dcee8e81efda3,True,location-k4-fold0-seed0,0
persistence,CoPy_R,30,SS_vs_persistence,1.9026669129118545e-11,1356976,001dcee8e81efda3,True,location-k4-fold0-seed0,0
persistence,CoPy_R,30,SS_vs_seasonal,-0.0013192106441275442,1356976,001dcee8e81efda3,True,location-k4-fold0-seed0,0
persistence,CoPy_R,30,SS_vs_ar,-0.8721380631648221,1356976,001dcee8e81efda3,True,location-k4-fold0-seed0,0
persistence,CoPy_R,all,MSE,0.050513839647357436,1356976,001dcee8e81efda3,True,location-k4-fold0-seed0,0
persistence,CoPy_R,all,MAE,0.16485661582546648,1356976,001dcee8e81efda3,True,location-k4-fold0-seed0,0
persistence,CoPy_R,all,SS_vs_persistence,1.979649777439363e-11,1356976,001dcee8e81efda3,True,location-k4-fold0-seed0,0
persistence,CoPy_R,all,SS_vs_seasonal,0.020649356774614436,1356976,001dcee8e81efda3,True,location-k4-fold0-seed0,0
persistence,CoPy_R,all,SS_vs_ar,-0.866937234010716,1356976,001dcee8e81efda3,True,location-k4-fold0-seed0,0
seasonal,F_R,1,MSE,579779.8724403286,1383540,001dcee8e81efda3,True,location-k4-fold0-seed0,0
seasonal,F_R,1,MAE,472.5733834214593,1383540,001dcee8e81efda3,True,location-k4-fold0-seed0,0
seasonal,F_R,1,SS_vs_persistence,-0.2642413382244686,1383540,001dcee8e81efda3,True,location-k4-fold0-seed0,0
seasonal,F_R,1,SS_vs_seasonal,0.0,1383540,001dcee8e81efda3,True,location-k4-fold0-seed0,0
seasonal,F_R,1,SS_vs_ar,-0.9811456691725278,1383540,001dcee8e81efda3,True,location-k4-fold0-seed0,0
seasonal,F_R,2,MSE,581823.2680324115,1383540,001dcee8e81efda3,True,location-k4-fold0-seed0,0
seasonal,F_R,2,MAE,474.15699440180117,1383540,001dcee8e81efda3,True,location-k4-fold0-seed0,0
seasonal,F_R,2,SS_vs_persistence,-0.17233609377413805,1383540,001dcee8e81efda3,True,location-k4-fold0-seed0,0
seasonal,F_R,2,SS_vs_seasonal,0.0,1383540,001dcee8e81efda3,True,location-k4-fold0-seed0,0
seasonal,F_R,2,SS_vs_ar,-0.8951962250227765,1383540,001dcee8e81efda3,True,location-k4-fold0-seed0,0
seasonal,F_R,3,MSE,584504.9436382244,1383540,001dcee8e81efda3,True,location-k4-fold0-seed0,0
seasonal,F_R,3,MAE,474.9072641116013,1383540,001dcee8e81efda3,True,location-k4-fold0-seed0,0
seasonal,F_R,3,SS_vs_persistence,-0.13101920411820345,1383540,001dcee8e81efda3,True,location-k4-fold0-seed0,0
seasonal,F_R,3,SS_vs_seasonal,0.0,1383540,001dcee8e81efda3,True,location-k4-fold0-seed0,0
seasonal,F_R,3,SS_vs_ar,-0.8376982267160828,1383540,001dcee8e81efda3,True,location-k4-fold0-seed0,0
seasonal,F_R,4,MSE,584393.9132552121,1383540,001dcee8e81efda3,True,location-k4-fold0-seed0,0
seasonal,F_R,4,MAE,474.6216933233346,1383540,001dcee8e81efda3,True,location-k4-fold0-seed0,0
seasonal,F_R,4,SS_vs_persistence,-0.1086867875349522,1383540,001dcee8e81efda3,True,location-k4-fold0-seed0,0
seasonal,F_R,4,SS_vs_seasonal,0.0,1383540,001dcee8e81efda3,True,location-k4-fold0-seed0,0
seasonal,F_R,4,SS_vs_ar,-0.7922204919515028,1383540,001dcee8e81efda3,True,location-k4-fold0-seed0,0
seasonal,F_R,5,MSE,586680.5115194058,1383540,001dcee8e81efda3,True,location-k4-fold0-seed0,0
seasonal,F_R,5,MAE,476.33528787354925,1383540,001dcee8e81efda3,True,location-k4-fold0-seed0,0
seasonal,F_R,5,SS_vs_persistence,-0.06919848908328463,1383540,001dcee8e81efda3,True,location-k4-fold0-seed0,0
seasonal,F_R,5,SS_vs_seasonal,0.0,1383540,001dcee8e81efda3,True,location-k4-fold0-seed0,0
seasonal,F_R,5,SS_vs_ar,-0.7665091790904186,1383540,001dcee8e81efda3,True,location-k4-fold0-seed0,0
seasonal,F_R,6,MSE,586059.7319994507,1383540,001dcee8e81efda3,True,location-k4-fold0-seed0,0
seasonal,F_R,6,MAE,475.6405919030056,1383540,001dcee8e81efda3,True,location-k4-fold0-seed0,0
seasonal,F_R,6,SS_vs_persistence,-0.10213907070257866,1383540,001dcee8e81efda3,True,location-k4-fold0-seed0,0
seasonal,F_R,6,SS_vs_seasonal,0.0,1383540,001dcee8e81efda3,True,location-k4-fold0-seed0,0
seasonal,F_R,6,SS_vs_ar,-0.7439920781634517,1383540,001dcee8e81efda3,True,location-k4-fold0-seed0,0
seasonal,F_R,7,MSE,585313.913229728,1383540,001dcee8e81efda3,True,location-k4-fold0-seed0,0
seasonal,F_R,7,MAE,475.5351764988809,1383540,001dcee8e81efda3,True,location-k4-fold0-seed0,0
seasonal,F_R,7,SS_vs_persistence,-0.04663781982766424,1383540,001dcee8e81efda3,True,location-k4-fold0-seed0,0
seasonal,F_R,7,SS_vs_seasonal,0.0,1383540,001dcee8e81efda3,True,location-k4-fold0-seed0,0
seasonal,F_R,7,SS_vs_ar,-0.7040674031423138,1383540,001dcee8e81efda3,True,location-k4-fold0-seed0,0
seasonal,F_R,8,MSE,579979.4661117509,1383540,001dcee8e81efda3,True,location-k4-fold0-seed0,0
seasonal,F_R,8,MAE,474.15080769900885,1383540,001dcee8e81efda3,True,location-k4-fold0-seed0,0
seasonal,F_R,8,SS_vs_persistence,-0.052459732603538756,1383540,001dcee8e81efda3,True,location-k4-fold0-seed0,0
seasonal,F_R,8,SS_vs_seasonal,0.0,1383540,001dcee8e81efda3,True,location-k4-fold0-seed0,0
seasonal,F_R,8,SS_vs_ar,-0.6789569239332154,1383540,001dcee8e81efda3,True,location-k4-fold0-seed0,0
seasonal,F_R,9,MSE,579241.5344171005,1383540,001dcee8e81efda3,True,location-k4-fold0-seed0,0
seasonal,F_R,9,MAE,473.52162245913337,1383540,001dcee8e81efda3,True,location-k4-fold0-seed0,0
seasonal,F_R,9,SS_vs_persistence,-0.04197069610778925,1383540,001dcee8e81efda3,True,location-k4-fold0-seed0,0
seasonal,F_R,9,SS_vs_seasonal,0.0,1383540,001dcee8e81efda3,True,location-k4-fold0-seed0,0
seasonal,F_R,9,SS_vs_ar,-0.6589588862070939,1383540,001dcee8e81efda3,True,location-k4-fold0-seed0,0
seasonal,F_R,10,MSE,566502.3631931826,1383540,001dcee8e81efda3,True,location-k4-fold0-seed0,0
seasonal,F_R,10,MAE,469.97786728494873,1383540,001dcee8e81efda3,True,location-k4-fold0-seed0,0
seasonal,F_R,10,SS_vs_persistence,-0.009354767903586136,1383540,001dcee8e81efda3,True,location-k4-fold0-seed0,0
seasonal,F_R,10,SS_vs_seasonal,0.0,1383540,001dcee8e81efda3,True,location-k4-fold0-seed0,0
seasonal,F_R,10,SS_vs_ar,-0.602343560647272,1383540,001dcee8e81efda3,True,location-k4-fold0-seed0,0
seasonal,F_R,11,MSE,634093.7503278325,1383540,001dcee8e81efda3,True,location-k4-fold0-seed0,0
seasonal,F_R,11,MAE,510.8752703662344,1383540,001dcee8e81efda3,True,location-k4-fold0-seed0,0
seasonal,F_R,11,SS_vs_persistence,-0.10446333474184488,1383540,001dcee8e81efda3,True,location-k4-fold0-seed0,0
seasonal,F_R,11,SS_vs_seasonal,0.0,1383540,001dcee8e81efda3,True,location-k4-fold0-seed0,0
seasonal,F_R,11,SS_vs_ar,-0.7750637064447519,1383540,001dcee8e81efda3,True,location-k4-fold0-seed0,0
seasonal,F_R,12,MSE,633759.683002589,1383540,001dcee8e81efda3,True,location-k4-fold0-seed0,0
seasonal,F_R,12,MAE,510.67535735754444,1383540,001dcee8e81efda3,True,location-k4-fold0-seed0,0
seasonal,F_R,12,SS_vs_persistence,-0.09546014596144436,1383540,001dcee8e81efda3,True,location-k4-fold0-seed0,0
seasonal,F_R,12,SS_vs_seasonal,0.0,1383540,001dcee8e81efda3,True,location-k4-fold0-seed0,0
seasonal,F_R,12,SS_vs_ar,-0.7567939937998518,1383540,001dcee8e81efda3,True,location-k4-fold0-seed0,0
seasonal,F_R,13,MSE,631415.5526485562,1383540,001dcee8e81efda3,True,location-k4-fold0-seed0,0
seasonal,F_R,13,MAE,509.528496448648,1383540,001dcee8e81efda3,True,location-k4-fold0-seed0,0
seasonal,F_R,13,SS_vs_persistence,-0.07753883685799723,1383540,001dcee8e81efda3,True,location-k4-fold0-seed0,0
seasonal,F_R,13,SS_vs_seasonal,0.0,1383540,001dcee8e81efda3,True,location-k4-fold0-seed0,0
seasonal,F_R,13,SS_vs_ar,-0.7418336168536463,1383540,001dcee8e81efda3,True,location-k4-fold0-seed0,0
seasonal,F_R,14,MSE,628102.1718986827,1383540,001dcee8e81efda3,True,location-k4-fold0-seed0,0
seasonal,F_R,14,MAE,508.48397566559896,1383540,001dcee8e81efda3,True,location-k4-fold0-seed0,0
seasonal,F_R,14,SS_vs_persistence,-0.06736352941238155,1383540,001dcee8e81efda3,True,location-k4-fold0-seed0,0
seasonal,F_R,14,SS_vs_seasonal,0.0,1383540,001dcee8e81efda3,True,location-k4-fold0-seed0,0
seasonal,F_R,14,SS_vs_ar,-0.7295236422251781,1383540,001dcee8e81efda3,True,location-k4-fold0-seed0,0
seasonal,F_R,15,MSE,629316.2723670587,1383540,001dcee8e81efda3,True,location-k4-fold0-seed0,0
seasonal,F_R,15,MAE,508.45158037301223,1383540,001dcee8e81efda3,True,location-k4-fold0-seed0,0
seasonal,F_R,15,SS_vs_persistence,-0.10747272048514,1383540,001dcee8e81efda3,True,location-k4-fold0-seed0,0
seasonal,F_R,15,SS_vs_seasonal,0.0,1383540,001dcee8e81efda3,True,location-k4-fold0-seed0,0
seasonal,F_R,15,SS_vs_ar,-0.7268658019440839,1383540,001dcee8e81efda3,True,location-k4-fold0-seed0,0
seasonal,F_R,16,MSE,644367.7411714616,1383540,001dcee8e81efda3,True,location-k4-fold0-seed0,0
seasonal,F_R,16,MAE,512.2337227901626,1383540,001dcee8e81efda3,True,location-k4-fold0-seed0,0
seasonal,F_R,16,SS_vs_persistence,-0.0619135253587606,1383540,001dcee8e81efda3,True,location-k4-fold0-seed0,0
seasonal,F_R,16,SS_vs_seasonal,0.0,1383540,001dcee8e81efda3,True,location-k4-fold0-seed0,0
seasonal,F_R,16,SS_vs_ar,-0.6680927958493015,1383540,001dcee8e81efda3,True,location-k4-fold0-seed0,0
seasonal,F_R,17,MSE,645292.7085521728,1383540,001dcee8e81efda3,True,location-k4-fold0-seed0,0
seasonal,F_R,17,MAE,512.9717635893337,1383540,001dcee8e81efda3,True,location-k4-fold0-seed0,0
seasonal,F_R,17,SS_vs_persistence,-0.042601797346096815,1383540,001dcee8e81efda3,True,location-k4-fold0-seed0,0
seasonal,F_R,17,SS_vs_seasonal,0.0,1383540,001dcee8e81efda3,True,location-k4-fold0-seed0,0
seasonal,F_R,17,SS_vs_ar,-0.6513040876979277,1383540,001dcee8e81efda3,True,location-k4-fold0-seed0,0
seasonal,F_R,18,MSE,642741.7247635477,1383540,001dcee8e81efda3,True,location-k4-fold0-seed0,0
seasonal,F_R,18,MAE,512.2973068331931,1383540,001dcee8e81efda3,True,location-k4-fold0-seed0,0
seasonal,F_R,18,SS_vs_persistence,-0.02550026120208937,1383540,001dcee8e81efda3,True,location-k4-fold0-seed0,0
seasonal,F_R,18,SS_vs_seasonal,0.0,1383540,001dcee8e81efda3,True,location-k4-fold0-seed0,0
seasonal,F_R,18,SS_vs_ar,-0.6296414907550429,1383540,001dcee8e81efda3,True,location-k4-fold0-seed0,0
seasonal,F_R,19,MSE,645688.1165562173,1383540,001dcee8e81efda3,True,location-k4-fold0-seed0,0
seasonal,F_R,19,MAE,513.5995095440467,1383540,001dcee8e81efda3,True,location-k4-fold0-seed0,0
seasonal,F_R,19,SS_vs_persistence,-0.03417560957300414,1383540,001dcee8e81efda3,True,location-k4-fold0-seed0,0
seasonal,F_R,19,SS_vs_seasonal,0.0,1383540,001dcee8e81efda3,True,location-k4-fold0-seed0,0
seasonal,F_R,19,SS_vs_ar,-0.6257299234435278,1383540,001dcee8e81efda3,True,location-k4-fold0-seed0,0
seasonal,F_R,20,MSE,635233.4211211932,1383540,001dcee8e81efda3,True,location-k4-fold0-seed0,0
seasonal,F_R,20,MAE,510.10742226144924,1383540,001dcee8e81efda3,True,location-k4-fold0-seed0,0
seasonal,F_R,20,SS_vs_persistence,-0.00506724099544642,1383540,001dcee8e81efda3,True,location-k4-fold0-seed0,0
seasonal,F_R,20,SS_vs_seasonal,0.0,1383540,001dcee8e81efda3,True,location-k4-fold0-seed0,0
seasonal,F_R,20,SS_vs_ar,-0.5859405622980625,1383540,001dcee8e81efda3,True,location-k4-fold0-seed0,0
seasonal,F_R,21,MSE,661735.0221215546,1383540,001dcee8e81efda3,True,location-k4-fold0-seed0,0
seasonal,F_R,21,MAE,523.9259687890473,1383540,001dcee8e81efda3,True,location-k4-fold0-seed0,0
seasonal,F_R,21,SS_vs_persistence,-0.062017567601216905,1383540,001dcee8e81efda3,True,location-k4-fold0-seed0,0
seasonal,F_R,21,SS_vs_seasonal,0.0,1383540,001dcee8e81efda3,True,location-k4-fold0-seed0,0
seasonal,F_R,21,SS_vs_ar,-0.64012541905068,1383540,001dcee8e81efda3,True,location-k4-fold0-seed0,0
seasonal,F_R,22,MSE,661490.7052600448,1383540,001dcee8e81efda3,True,location-k4-fold0-seed0,0
seasonal,F_R,22,MAE,524.3435749173232,1383540,001dcee8e81efda3,True,location-k4-fold0-seed0,0
seasonal,F_R,22,SS_vs_persistence,-0.05314887614032493,1383540,001dcee8e81efda3,True,location-k4-fold0-seed0,0
seasonal,F_R,22,SS_vs_seasonal,0.0,1383540,001dcee8e81efda3,True,location-k4-fold0-seed0,0
seasonal,F_R,22,SS_vs_ar,-0.6259837099735941,1383540,001dcee8e81efda3,True,location-k4-fold0-seed0,0
seasonal,F_R,23,MSE,663582.0359315507,1383540,001dcee8e81efda3,True,location-k4-fold0-seed0,0
seasonal,F_R,23,MAE,525.1421169269591,1383540,001dcee8e81efda3,True,location-k4-fold0-seed0,0
seasonal,F_R,23,SS_vs_persistence,-0.041189403551276094,1383540,001dcee8e81efda3,True,location-k4-fold0-seed0,0
seasonal,F_R,23,SS_vs_seasonal,0.0,1383540,001dcee8e81efda3,True,location-k4-fold0-seed0,0
seasonal,F_R,23,SS_vs_ar,-0.6161881333130421,1383540,001dcee8e81efda3,True,location-k4-fold0-seed0,0
seasonal,F_R,24,MSE,663771.7453066296,1383540,001dcee8e81efda3,True,location-k4-fold0-seed0,0
seasonal,F_R,24,MAE,524.8195772882792,1383540,001dcee8e81efda3,True,location-k4-fold0-seed0,0
seasonal,F_R,24,SS_vs_persistence,-0.039727794932634675,1383540,001dcee8e81efda3,True,location-k4-fold0-seed0,0
seasonal,F_R,24,SS_vs_seasonal,0.0,1383540,001dcee8e81efda3,True,location-k4-fold0-seed0,0
seasonal,F_R,24,SS_vs_ar,-0.6020154056776332,1383540,001dcee8e81efda3,True,location-k4-fold0-seed0,0
seasonal,F_R,25,MSE,667479.8288533197,1383540,001dcee8e81efda3,True,location-k4-fold0-seed0,0
seasonal,F_R,25,MAE,525.9354826344327,1383540,001dcee8e81efda3,True,location-k4-fold0-seed0,0
seasonal,F_R,25,SS_vs_persistence,-0.034239073623442584,1383540,001dcee8e81efda3,True,location-k4-fold0-seed0,0
seasonal,F_R,25,SS_vs_seasonal,0.0,1383540,001dcee8e81efda3,True,location-k4-fold0-seed0,0
seasonal,F_R,25,SS_vs_ar,-0.5956406874759483,1383540,001dcee8e81efda3,True,location-k4-fold0-seed0,0
seasonal,F_R,26,MSE,669318.1378208905,1383540,001dcee8e81efda3,True,location-k4-fold0-seed0,0
seasonal,F_R,26,MAE,526.7390120784337,1383540,001dcee8e81efda3,True,location-k4-fold0-seed0,0
seasonal,F_R,26,SS_vs_persistence,-0.010815952369047421,1383540,001dcee8e81efda3,True,location-k4-fold0-seed0,0
seasonal,F_R,26,SS_vs_seasonal,0.0,1383540,001dcee8e81efda3,True,location-k4-fold0-seed0,0
seasonal,F_R,26,SS_vs_ar,-0.5824221949803101,1383540,001dcee8e81efda3,True,location-k4-fold0-seed0,0
seasonal,F_R,27,MSE,668377.2951450677,1383540,001dcee8e81efda3,True,location-k4-fold0-seed0,0
seasonal,F_R,27,MAE,526.933281059634,1383540,001dcee8e81efda3,True,location-k4-fold0-seed0,0
seasonal,F_R,27,SS_vs_persistence,0.005760964933515633,1383540,001dcee8e81efda3,True,location-k4-fold0-seed0,0
seasonal,F_R,27,SS_vs_seasonal,0.0,1383540,001dcee8e81efda3,True,location-k4-fold0-seed0,0
seasonal,F_R,27,SS_vs_ar,-0.5715756140357238,1383540,001dcee8e81efda3,True,location-k4-fold0-seed0,0
seasonal,F_R,28,MSE,666717.7436814926,1383540,001dcee8e81efda3,True,location-k4-fold0-seed0,0
seasonal,F_R,28,MAE,526.5744518212367,1383540,001dcee8e81efda3,True,location-k4-fold0-seed0,0
seasonal,F_R,28,SS_vs_persistence,-0.0019965959516659026,1383540,001dcee8e81efda3,True,location-k4-fold0-seed0,0
seasonal,F_R,28,SS_vs_seasonal,0.0,1383540,001dcee8e81efda3,True,location-k4-fold0-seed0,0
seasonal,F_R,28,SS_vs_ar,-0.5660202693930501,1383540,001dcee8e81efda3,True,location-k4-fold0-seed0,0
seasonal,F_R,29,MSE,667662.0343905623,1383540,001dcee8e81efda3,True,location-k4-fold0-seed0,0
seasonal,F_R,29,MAE,526.7350784858271,1383540,001dcee8e81efda3,True,location-k4-fold0-seed0,0
seasonal,F_R,29,SS_vs_persistence,0.004159334100023004,1383540,001dcee8e81efda3,True,location-k4-fold0-seed0,0
seasonal,F_R,29,SS_vs_seasonal,0.0,1383540,001dcee8e81efda3,True,location-k4-fold0-seed0,0
seasonal,F_R,29,SS_vs_ar,-0.5555816631799639,1383540,001dcee8e81efda3,True,location-k4-fold0-seed0,0
seasonal,F_R,30,MSE,656027.1016799165,1383540,001dcee8e81efda3,True,location-k4-fold0-seed0,0
seasonal,F_R,30,MAE,523.7553163503048,1383540,001dcee8e81efda3,True,location-k4-fold0-seed0,0
seasonal,F_R,30,SS_vs_persistence,-0.003636033917180148,1383540,001dcee8e81efda3,True,location-k4-fold0-seed0,0
seasonal,F_R,30,SS_vs_seasonal,0.0,1383540,001dcee8e81efda3,True,location-k4-fold0-seed0,0
seasonal,F_R,30,SS_vs_ar,-0.525788015838113,1383540,001dcee8e81efda3,True,location-k4-fold0-seed0,0
seasonal,F_R,all,MSE,627681.7436807727,1383540,001dcee8e81efda3,True,location-k4-fold0-seed0,0
seasonal,F_R,all,MAE,503.5182984852475,1383540,001dcee8e81efda3,True,location-k4-fold0-seed0,0
seasonal,F_R,all,SS_vs_persistence,-0.05746658054444631,1383540,001dcee8e81efda3,True,location-k4-fold0-seed0,0
seasonal,F_R,all,SS_vs_seasonal,0.0,1383540,001dcee8e81efda3,True,location-k4-fold0-seed0,0
seasonal,F_R,all,SS_vs_ar,-0.6712173952403679,1383540,001dcee8e81efda3,True,location-k4-fold0-seed0,0
seasonal,CoPx_R,1,MSE,0.032872339647619125,1356976,001dcee8e81efda3,True,location-k4-fold0-seed0,0
seasonal,CoPx_R,1,MAE,0.12477974080486462,1356976,001dcee8e81efda3,True,location-k4-fold0-seed0,0
seasonal,CoPx_R,1,SS_vs_persistence,-0.45805690083597494,1356976,001dcee8e81efda3,True,location-k4-fold0-seed0,0
seasonal,CoPx_R,1,SS_vs_seasonal,3.04206659862416e-11,1356976,001dcee8e81efda3,True,location-k4-fold0-seed0,0
seasonal,CoPx_R,1,SS_vs_ar,-1.2465723152558703,1356976,001dcee8e81efda3,True,location-k4-fold0-seed0,0
seasonal,CoPx_R,2,MSE,0.03301320307274433,1356976,001dcee8e81efda3,True,location-k4-fold0-seed0,0
seasonal,CoPx_R,2,MAE,0.12514912399283648,1356976,001dcee8e81efda3,True,location-k4-fold0-seed0,0
seasonal,CoPx_R,2,SS_vs_persistence,-0.3132192178411959,1356976,001dcee8e81efda3,True,location-k4-fold0-seed0,0
seasonal,CoPx_R,2,SS_vs_seasonal,3.029088091466292e-11,1356976,001dcee8e81efda3,True,location-k4-fold0-seed0,0
seasonal,CoPx_R,2,SS_vs_ar,-1.0636563308350566,1356976,001dcee8e81efda3,True,location-k4-fold0-seed0,0
seasonal,CoPx_R,3,MSE,0.03308126709471716,1356976,001dcee8e81efda3,True,location-k4-fold0-seed0,0
seasonal,CoPx_R,3,MAE,0.12535740070201082,1356976,001dcee8e81efda3,True,location-k4-fold0-seed0,0
seasonal,CoPx_R,3,SS_vs_persistence,-0.2110292629235404,1356976,001dcee8e81efda3,True,location-k4-fold0-seed0,0
seasonal,CoPx_R,3,SS_vs_seasonal,3.022859740298145e-11,1356976,001dcee8e81efda3,True,location-k4-fold0-seed0,0
seasonal,CoPx_R,3,SS_vs_ar,-0.9550284880476017,1356976,001dcee8e81efda3,True,location-k4-fold0-seed0,0
seasonal,CoPx_R,4,MSE,0.03308025152330708,1356976,001dcee8e81efda3,True,location-k4-fold0-seed0,0
seasonal,CoPx_R,4,MAE,0.12532140963115967,1356976,001dcee8e81efda3,True,location-k4-fold0-seed0,0
seasonal,CoPx_R,4,SS_vs_persistence,-0.1700921799454722,1356976,001dcee8e81efda3,True,location-k4-fold0-seed0,0
seasonal,CoPx_R,4,SS_vs_seasonal,3.022948558140115e-11,1356976,001dcee8e81efda3,True,location-k4-fold0-seed0,0
seasonal,CoPx_R,4,SS_vs_ar,-0.8804380683652313,1356976,001dcee8e81efda3,True,location-k4-fold0-seed0,0
seasonal,CoPx_R,5,MSE,0.033148468979639766,1356976,001dcee8e81efda3,True,location-k4-fold0-seed0,0
seasonal,CoPx_R,5,MAE,0.12537973274337838,1356976,001dcee8e81efda3,True,location-k4-fold0-seed0,0
seasonal,CoPx_R,5,SS_vs_persistence,-0.10356496134930282,1356976,001dcee8e81efda3,True,location-k4-fold0-seed0,0
seasonal,CoPx_R,5,SS_vs_seasonal,3.016731309202214e-11,1356976,001dcee8e81efda3,True,location-k4-fold0-seed0,0
seasonal,CoPx_R,5,SS_vs_ar,-0.8155786175066135,1356976,001dcee8e81efda3,True,location-k4-fold0-seed0,0
seasonal,CoPx_R,6,MSE,0.03312888300005038,1356976,001dcee8e81efda3,True,location-k4-fold0-seed0,0
seasonal,CoPx_R,6,MAE,0.12536845720242165,1356976,001dcee8e81efda3,True,location-k4-fold0-seed0,0
seasonal,CoPx_R,6,SS_vs_persistence,-0.10168557534741796,1356976,001dcee8e81efda3,True,location-k4-fold0-seed0,0
seasonal,CoPx_R,6,SS_vs_seasonal,3.0185076660416144e-11,1356976,001dcee8e81efda3,True,location-k4-fold0-seed0,0
seasonal,CoPx_R,6,SS_vs_ar,-0.7718845037596362,1356976,001dcee8e81efda3,True,location-k4-fold0-seed0,0
seasonal,CoPx_R,7,MSE,0.03314964339264481,1356976,001dcee8e81efda3,True,location-k4-fold0-seed0,0
seasonal,CoPx_R,7,MAE,0.12536063002577372,1356976,001dcee8e81efda3,True,location-k4-fold0-seed0,0
seasonal,CoPx_R,7,SS_vs_persistence,-0.05160674652558228,1356976,001dcee8e81efda3,True,location-k4-fold0-seed0,0
seasonal,CoPx_R,7,SS_vs_seasonal,3.0166202868997516e-11,1356976,001dcee8e81efda3,True,location-k4-fold0-seed0,0
seasonal,CoPx_R,7,SS_vs_ar,-0.7240053252653267,1356976,001dcee8e81efda3,True,location-k4-fold0-seed0,0
seasonal,CoPx_R,8,MSE,0.033170548422541406,1356976,001dcee8e81efda3,True,location-k4-fold0-seed0,0
seasonal,CoPx_R,8,MAE,0.12534615091219428,1356976,001dcee8e81efda3,True,location-k4-fold0-seed0,0
seasonal,CoPx_R,8,SS_vs_persistence,-0.051152368238969625,1356976,001dcee8e81efda3,True,location-k4-fold0-seed0,0
seasonal,CoPx_R,8,SS_vs_seasonal,3.0147218055276426e-11,1356976,001dcee8e81efda3,True,location-k4-fold0-seed0,0
seasonal,CoPx_R,8,SS_vs_ar,-0.691027002325044,1356976,001dcee8e81efda3,True,location-k4-fold0-seed0,0
seasonal,CoPx_R,9,MSE,0.03307937569588319,1356976,001dcee8e81efda3,True,location-k4-fold0-seed0,0
seasonal,CoPx_R,9,MAE,0.12517321589260377,1356976,001dcee8e81efda3,True,location-k4-fold0-seed0,0
seasonal,CoPx_R,9,SS_vs_persistence,-0.027023853395182096,1356976,001dcee8e81efda3,True,location-k4-fold0-seed0,0
seasonal,CoPx_R,9,SS_vs_seasonal,3.023026273751839e-11,1356976,001dcee8e81efda3,True,location-k4-fold0-seed0,0
seasonal,CoPx_R,9,SS_vs_ar,-0.6462971984039896,1356976,001dcee8e81efda3,True,location-k4-fold0-seed0,0
seasonal,CoPx_R,10,MSE,0.03321544866753628,1356976,001dcee8e81efda3,True,location-k4-fold0-seed0,0
seasonal,CoPx_R,10,MAE,0.12542352025055087,1356976,001dcee8e81efda3,True,location-k4-fold0-seed0,0
seasonal,CoPx_R,10,SS_vs_persistence,-0.006849487080686112,1356976,001dcee8e81efda3,True,location-k4-fold0-seed0,0
seasonal,CoPx_R,10,SS_vs_seasonal,3.010647287027268e-11,1356976,001dcee8e81efda3,True,location-k4-fold0-seed0,0
seasonal,CoPx_R,10,SS_vs_ar,-0.6171594087068055,1356976,001dcee8e81efda3,True,location-k4-fold0-seed0,0
seasonal,CoPx_R,11,MSE,0.03798502955503607,1356976,001dcee8e81efda3,True,location-k4-fold0-seed0,0
seasonal,CoPx_R,11,MAE,0.135833027036514,1356976,001dcee8e81efda3,True,location-k4-fold0-seed0,0
seasonal,CoPx_R,11,SS_vs_persistence,-0.1086687932625432,1356976,001dcee8e81efda3,True,location-k4-fold0-seed0,0
seasonal,CoPx_R,11,SS_vs_seasonal,2.6326163471424024e-11,1356976,001dcee8e81efda3,True,location-k4-fold0-seed0,0
seasonal,CoPx_R,11,SS_vs_ar,-0.8137607376891833,1356976,001dcee8e81efda3,True,location-k4-fold0-seed0,0
seasonal,CoPx_R,12,MSE,0.03805336439104885,1356976,001dcee8e81efda3,True,location-k4-fold0-seed0,0
seasonal,CoPx_R,12,MAE,0.1359250242169772,1356976,001dcee8e81efda3,True,location-k4-fold0-seed0,0
seasonal,CoPx_R,12,SS_vs_persistence,-0.08841601389800724,1356976,001dcee8e81efda3,True,location-k4-fold0-seed0,0
seasonal,CoPx_R,12,SS_vs_seasonal,2.6278867970574993e-11,1356976,001dcee8e81efda3,True,location-k4-fold0-seed0,0
seasonal,CoPx_R,12,SS_vs_ar,-0.7965828425145722,1356976,001dcee8e81efda3,True,location-k4-fold0-seed0,0
seasonal,CoPx_R,13,MSE,0.037946729027188195,1356976,001dcee8e81efda3,True,location-k4-fold0-seed0,0
seasonal,CoPx_R,13,MAE,0.1357567328140095,1356976,001dcee8e81efda3,True,location-k4-fold0-seed0,0
seasonal,CoPx_R,13,SS_vs_persistence,-0.0730797401796488,1356976,001dcee8e81efda3,True,location-k4-fold0-seed0,0
seasonal,CoPx_R,13,SS_vs_seasonal,2.6352697801712566e-11,1356976,001dcee8e81efda3,True,location-k4-fold0-seed0,0
seasonal,CoPx_R,13,SS_vs_ar,-0.771669279595746,1356976,001dcee8e81efda3,True,location-k4-fold0-seed0,0
seasonal,CoPx_R,14,MSE,0.03794579154808218,1356976,001dcee8e81efda3,True,location-k4-fold0-seed0,0
seasonal,CoPx_R,14,MAE,0.13570513300562342,1356976,001dcee8e81efda3,True,location-k4-fold0-seed0,0
seasonal,CoPx_R,14,SS_vs_persistence,-0.07000741936059396,1356976,001dcee8e81efda3,True,location-k4-fold0-seed0,0
seasonal,CoPx_R,14,SS_vs_seasonal,2.635336393552734e-11,1356976,001dcee8e81efda3,True,location-k4-fold0-seed0,0
seasonal,CoPx_R,14,SS_vs_ar,-0.7592640899609697,1356976,001dcee8e81efda3,True,location-k4-fold0-seed0,0
seasonal,CoPx_R,15,MSE,0.03791119770528687,1356976,001dcee8e81efda3,True,location-k4-fold0-seed0,0
seasonal,CoPx_R,15,MAE,0.13563353829137076,1356976,001dcee8e81efda3,True,location-k4-fold0-seed0,0
seasonal,CoPx_R,15,SS_vs_persistence,-0.05342998526463072,1356976,001dcee8e81efda3,True,location-k4-fold0-seed0,0
seasonal,CoPx_R,15,SS_vs_seasonal,2.6377344752859244e-11,1356976,001dcee8e81efda3,True,location-k4-fold0-seed0,0
seasonal,CoPx_R,15,SS_vs_ar,-0.7374222740787801,1356976,001dcee8e81efda3,True,location-k4-fold0-seed0,0
seasonal,CoPx_R,16,MSE,0.03786603950036724,1356976,001dcee8e81efda3,True,location-k4-fold0-seed0,0
seasonal,CoPx_R,16,MAE,0.13548687042498098,1356976,001dcee8e81efda3,True,location-k4-fold0-seed0,0
seasonal,CoPx_R,16,SS_vs_persistence,-0.0385543502012049,1356976,001dcee8e81efda3,True,location-k4-fold0-seed0,0
seasonal,CoPx_R,16,SS_vs_seasonal,2.64088750867586e-11,1356976,001dcee8e81efda3,True,location-k4-fold0-seed0,0
seasonal,CoPx_R,16,SS_vs_ar,-0.723758332164822,1356976,001dcee8e81efda3,True,location-k4-fold0-seed0,0
seasonal,CoPx_R,17,MSE,0.03777948434285129,1356976,001dcee8e81efda3,True,location-k4-fold0-seed0,0
seasonal,CoPx_R,17,MAE,0.13531868423414167,1356976,001dcee8e81efda3,True,location-k4-fold0-seed0,0
seasonal,CoPx_R,17,SS_vs_persistence,-0.026304113725714062,1356976,001dcee8e81efda3,True,location-k4-fold0-seed0,0
seasonal,CoPx_R,17,SS_vs_seasonal,2.646938224160067e-11,1356976,001dcee8e81efda3,True,location-k4-fold0-seed0,0
seasonal,CoPx_R,17,SS_vs_ar,-0.709670979647328,1356976,001dcee8e81efda3,True,location-k4-fold0-seed0,0
seasonal,CoPx_R,18,MSE,0.03782907797295891,1356976,001dcee8e81efda3,True,location-k4-fold0-seed0,0
seasonal,CoPx_R,18,MAE,0.13534858100106842,1356976,001dcee8e81efda3,True,location-k4-fold0-seed0,0
seasonal,CoPx_R,18,SS_vs_persistence,-0.00590547369616945,1356976,001dcee8e81efda3,True,location-k4-fold0-seed0,0
seasonal,CoPx_R,18,SS_vs_seasonal,2.6434632260929902e-11,1356976,001dcee8e81efda3,True,location-k4-fold0-seed0,0
seasonal,CoPx_R,18,SS_vs_ar,-0.6960217232676773,1356976,001dcee8e81efda3,True,location-k4-fold0-seed0,0
seasonal,CoPx_R,19,MSE,0.03775433496243957,1356976,001dcee8e81efda3,True,location-k4-fold0-seed0,0
seasonal,CoPx_R,19,MAE,0.13516172966600518,1356976,001dcee8e81efda3,True,location-k4-fold0-seed0,0
seasonal,CoPx_R,19,SS_vs_persistence,-0.004663160499069674,1356976,001dcee8e81efda3,True,location-k4-fold0-seed0,0
seasonal,CoPx_R,19,SS_vs_seasonal,2.648703478769221e-11,1356976,001dcee8e81efda3,True,location-k4-fold0-seed0,0
seasonal,CoPx_R,19,SS_vs_ar,-0.6851662557726028,1356976,001dcee8e81efda3,True,location-k4-fold0-seed0,0
seasonal,CoPx_R,20,MSE,0.03778951431232886,1356976,001dcee8e81efda3,True,location-k4-fold0-seed0,0
seasonal,CoPx_R,20,MAE,0.13528151750414183,1356976,001dcee8e81efda3,True,location-k4-fold0-seed0,0
seasonal,CoPx_R,20,SS_vs_persistence,-0.0038663527858457947,1356976,001dcee8e81efda3,True,location-k4-fold0-seed0,0
seasonal,CoPx_R,20,SS_vs_seasonal,2.646238783654553e-11,1356976,001dcee8e81efda3,True,location-k4-fold0-seed0,0
seasonal,CoPx_R,20,SS_vs_ar,-0.6772088250548911,1356976,001dcee8e81efda3,True,location-k4-fold0-seed0,0
seasonal,CoPx_R,21,MSE,0.04070111121428685,1356976,001dcee8e81efda3,True,location-k4-fold0-seed0,0
seasonal,CoPx_R,21,MAE,0.14008740609295944,1356976,001dcee8e81efda3,True,location-k4-fold0-seed0,0
seasonal,CoPx_R,21,SS_vs_persistence,-0.06555698389431197,1356976,001dcee8e81efda3,True,location-k4-fold0-seed0,0
seasonal,CoPx_R,21,SS_vs_seasonal,2.4569346557257177e-11,1356976,001dcee8e81efda3,True,location-k4-fold0-seed0,0
seasonal,CoPx_R,21,SS_vs_ar,-0.7930144880849932,1356976,001dcee8e81efda3,True,location-k4-fold0-seed0,0
seasonal,CoPx_R,22,MSE,0.04062822993244797,1356976,001dcee8e81efda3,True,location-k4-fold0-seed0,0
seasonal,CoPx_R,22,MAE,0.13992610695066923,1356976,001dcee8e81efda3,True,location-k4-fold0-seed0,0
seasonal,CoPx_R,22,SS_vs_persistence,-0.0697227791134214,1356976,001dcee8e81efda3,True,location-k4-fold0-seed0,0
seasonal,CoPx_R,22,SS_vs_seasonal,2.4613422411334795e-11,1356976,001dcee8e81efda3,True,location-k4-fold0-seed0,0
seasonal,CoPx_R,22,SS_vs_ar,-0.7787043247605856,1356976,001dcee8e81efda3,True,location-k4-fold0-seed0,0
seasonal,CoPx_R,23,MSE,0.04072518355795135,1356976,001dcee8e81efda3,True,location-k4-fold0-seed0,0
seasonal,CoPx_R,23,MAE,0.13993658747082602,1356976,001dcee8e81efda3,True,location-k4-fold0-seed0,0
seasonal,CoPx_R,23,SS_vs_persistence,-0.06324519921788307,1356976,001dcee8e81efda3,True,location-k4-fold0-seed0,0
seasonal,CoPx_R,23,SS_vs_seasonal,2.4554802635634587e-11,1356976,001dcee8e81efda3,True,location-k4-fold0-seed0,0
seasonal,CoPx_R,23,SS_vs_ar,-0.7654199593411724,1356976,001dcee8e81efda3,True,location-k4-fold0-seed0,0
seasonal,CoPx_R,24,MSE,0.04069617665870381,1356976,001dcee8e81efda3,True,location-k4-fold0-seed0,0
seasonal,CoPx_R,24,MAE,0.13993911921534394,1356976,001dcee8e81efda3,True,location-k4-fold0-seed0,0
seasonal,CoPx_R,24,SS_vs_persistence,-0.04624500481782734,1356976,001dcee8e81efda3,True,location-k4-fold0-seed0,0
seasonal,CoPx_R,24,SS_vs_seasonal,2.4572344159423665e-11,1356976,001dcee8e81efda3,True,location-k4-fold0-seed0,0
seasonal,CoPx_R,24,SS_vs_ar,-0.754412182681163,1356976,001dcee8e81efda3,True,location-k4-fold0-seed0,0
seasonal,CoPx_R,25,MSE,0.04074710080491098,1356976,001dcee8e81efda3,True,location-k4-fold0-seed0,0
seasonal,CoPx_R,25,MAE,0.13994190330780568,1356976,001dcee8e81efda3,True,location-k4-fold0-seed0,0
seasonal,CoPx_R,25,SS_vs_persistence,-0.016271605494529773,1356976,001dcee8e81efda3,True,location-k4-fold0-seed0,0
seasonal,CoPx_R,25,SS_vs_seasonal,2.4541590981641548e-11,1356976,001dcee8e81efda3,True,location-k4-fold0-seed0,0
seasonal,CoPx_R,25,SS_vs_ar,-0.742633108263866,1356976,001dcee8e81efda3,True,location-k4-fold0-seed0,0
seasonal,CoPx_R,26,MSE,0.04075938919460256,1356976,001dcee8e81efda3,True,location-k4-fold0-seed0,0
seasonal,CoPx_R,26,MAE,0.1398568580475672,1356976,001dcee8e81efda3,True,location-k4-fold0-seed0,0
seasonal,CoPx_R,26,SS_vs_persistence,-0.006770723383640931,1356976,001dcee8e81efda3,True,location-k4-fold0-seed0,0
seasonal,CoPx_R,26,SS_vs_seasonal,2.453415248737656e-11,1356976,001dcee8e81efda3,True,location-k4-fold0-seed0,0
seasonal,CoPx_R,26,SS_vs_ar,-0.7390225045943721,1356976,001dcee8e81efda3,True,location-k4-fold0-seed0,0
seasonal,CoPx_R,27,MSE,0.04072977241744024,1356976,001dcee8e81efda3,True,location-k4-fold0-seed0,0
seasonal,CoPx_R,27,MAE,0.1397726675767163,1356976,001dcee8e81efda3,True,location-k4-fold0-seed0,0
seasonal,CoPx_R,27,SS_vs_persistence,-0.00034444764873509115,1356976,001dcee8e81efda3,True,location-k4-fold0-seed0,0
seasonal,CoPx_R,27,SS_vs_seasonal,2.4552027078073024e-11,1356976,001dcee8e81efda3,True,location-k4-fold0-seed0,0
seasonal,CoPx_R,27,SS_vs_ar,-0.731252595652375,1356976,001dcee8e81efda3,True,location-k4-fold0-seed0,0
seasonal,CoPx_R,28,MSE,0.04069900167105512,1356976,001dcee8e81efda3,True,location-k4-fold0-seed0,0
seasonal,CoPx_R,28,MAE,0.13993190267866185,1356976,001dcee8e81efda3,True,location-k4-fold0-seed0,0
seasonal,CoPx_R,28,SS_vs_persistence,0.007658936427746288,1356976,001dcee8e81efda3,True,location-k4-fold0-seed0,0
seasonal,CoPx_R,28,SS_vs_seasonal,2.4570567802584264e-11,1356976,001dcee8e81efda3,True,location-k4-fold0-seed0,0
seasonal,CoPx_R,28,SS_vs_ar,-0.7244071539444141,1356976,001dcee8e81efda3,True,location-k4-fold0-seed0,0
seasonal,CoPx_R,29,MSE,0.04068138059194152,1356976,001dcee8e81efda3,True,location-k4-fold0-seed0,0
seasonal,CoPx_R,29,MAE,0.14004102112758762,1356976,001dcee8e81efda3,True,location-k4-fold0-seed0,0
seasonal,CoPx_R,29,SS_vs_persistence,0.013240312842978219,1356976,001dcee8e81efda3,True,location-k4-fold0-seed0,0
seasonal,CoPx_R,29,SS_vs_seasonal,2.4581225943620666e-11,1356976,001dcee8e81efda3,True,location-k4-fold0-seed0,0
seasonal,CoPx_R,29,SS_vs_ar,-0.721487635116612,1356976,001dcee8e81efda3,True,location-k4-fold0-seed0,0
seasonal,CoPx_R,30,MSE,0.040600460495097156,1356976,001dcee8e81efda3,True,location-k4-fold0-seed0,0
seasonal,CoPx_R,30,MAE,0.13995538382564104,1356976,001dcee8e81efda3,True,location-k4-fold0-seed0,0
seasonal,CoPx_R,30,SS_vs_persistence,0.003402070471629326,1356976,001dcee8e81efda3,True,location-k4-fold0-seed0,0
seasonal,CoPx_R,30,SS_vs_seasonal,2.4630186779006635e-11,1356976,001dcee8e81efda3,True,location-k4-fold0-seed0,0
seasonal,CoPx_R,30,SS_vs_ar,-0.716297427205226,1356976,001dcee8e81efda3,True,location-k4-fold0-seed0,0
seasonal,CoPx_R,all,MSE,0.03722773176141591,1356976,001dcee8e81efda3,True,location-k4-fold0-seed0,0
seasonal,CoPx_R,all,MAE,0.13358742115051145,1356976,001dcee8e81efda3,True,location-k4-fold0-seed0,0
seasonal,CoPx_R,all,SS_vs_persistence,-0.06208174861870597,1356976,001dcee8e81efda3,True,location-k4-fold0-seed0,0
seasonal,CoPx_R,all,SS_vs_seasonal,2.6861624036200737e-11,1356976,001dcee8e81efda3,True,location-k4-fold0-seed0,0
seasonal,CoPx_R,all,SS_vs_ar,-0.7646273562977512,1356976,001dcee8e81efda3,True,location-k4-fold0-seed0,0
seasonal,CoPy_R,1,MSE,0.04973068783519529,1356976,001dcee8e81efda3,True,location-k4-fold0-seed0,0
seasonal,CoPy_R,1,MAE,0.1629817304535388,1356976,001dcee8e81efda3,True,location-k4-fold0-seed0,0
seasonal,CoPy_R,1,SS_vs_persistence,-0.20670125812757734,1356976,001dcee8e81efda3,True,location-k4-fold0-seed0,0
seasonal,CoPy_R,1,SS_vs_seasonal,2.0108248399708373e-11,1356976,001dcee8e81efda3,True,location-k4-fold0-seed0,0
seasonal,CoPy_R,1,SS_vs_ar,-1.0521345827527009,1356976,001dcee8e81efda3,True,location-k4-fold0-seed0,0
seasonal,CoPy_R,2,MSE,0.04999869601505321,1356976,001dcee8e81efda3,True,location-k4-fold0-seed0,0
seasonal,CoPy_R,2,MAE,0.16367378182165693,1356976,001dcee8e81efda3,True,location-k4-fold0-seed0,0
seasonal,CoPy_R,2,SS_vs_persistence,-0.10266153766565678,1356976,001dcee8e81efda3,True,location-k4-fold0-seed0,0
seasonal,CoPy_R,2,SS_vs_seasonal,2.000044574401727e-11,1356976,001dcee8e81efda3,True,location-k4-fold0-seed0,0
seasonal,CoPy_R,2,SS_vs_ar,-0.9878756740854706,1356976,001dcee8e81efda3,True,location-k4-fold0-seed0,0
seasonal,CoPy_R,3,MSE,0.050043170499724954,1356976,001dcee8e81efda3,True,location-k4-fold0-seed0,0
seasonal,CoPy_R,3,MAE,0.1637917341151204,1356976,001dcee8e81efda3,True,location-k4-fold0-seed0,0
seasonal,CoPy_R,3,SS_vs_persistence,-0.07706477229625919,1356976,001dcee8e81efda3,True,location-k4-fold0-seed0,0
seasonal,CoPy_R,3,SS_vs_seasonal,1.9982682175623268e-11,1356976,001dcee8e81efda3,True,location-k4-fold0-seed0,0
seasonal,CoPy_R,3,SS_vs_ar,-0.9624065082640061,1356976,001dcee8e81efda3,True,location-k4-fold0-seed0,0
seasonal,CoPy_R,4,MSE,0.04997353355875859,1356976,001dcee8e81efda3,True,location-k4-fold0-seed0,0
seasonal,CoPy_R,4,MAE,0.16359165561937394,1356976,001dcee8e81efda3,True,location-k4-fold0-seed0,0
seasonal,CoPy_R,4,SS_vs_persistence,-0.06797073518236707,1356976,001dcee8e81efda3,True,location-k4-fold0-seed0,0
seasonal,CoPy_R,4,SS_vs_seasonal,2.001054877354136e-11,1356976,001dcee8e81efda3,True,location-k4-fold0-seed0,0
seasonal,CoPy_R,4,SS_vs_ar,-0.9404661527418221,1356976,001dcee8e81efda3,True,location-k4-fold0-seed0,0
seasonal,CoPy_R,5,MSE,0.050014060294676886,1356976,001dcee8e81efda3,True,location-k4-fold0-seed0,0
seasonal,CoPy_R,5,MAE,0.16373893064978282,1356976,001dcee8e81efda3,True,location-k4-fold0-seed0,0
seasonal,CoPy_R,5,SS_vs_persistence,-0.05283433731683096,1356976,001dcee8e81efda3,True,location-k4-fold0-seed0,0
seasonal,CoPy_R,5,SS_vs_seasonal,1.9994339517381832e-11,1356976,001dcee8e81efda3,True,location-k4-fold0-seed0,0
seasonal,CoPy_R,5,SS_vs_ar,-0.9220362955547143,1356976,001dcee8e81efda3,True,location-k4-fold0-seed0,0
seasonal,CoPy_R,6,MSE,0.05010757411018576,1356976,001dcee8e81efda3,True,location-k4-fold0-seed0,0
seasonal,CoPy_R,6,MAE,0.16375440143691292,1356976,001dcee8e81efda3,True,location-k4-fold0-seed0,0
seasonal,CoPy_R,6,SS_vs_persistence,-0.0829280451745038,1356976,001dcee8e81efda3,True,location-k4-fold0-seed0,0
seasonal,CoPy_R,6,SS_vs_seasonal,1.9957036023754426e-11,1356976,001dcee8e81efda3,True,location-k4-fold0-seed0,0
seasonal,CoPy_R,6,SS_vs_ar,-0.9102223605732196,1356976,001dcee8e81efda3,True,location-k4-fold0-seed0,0
seasonal,CoPy_R,7,MSE,0.050018207554712105,1356976,001dcee8e81efda3,True,location-k4-fold0-seed0,0
seasonal,CoPy_R,7,MAE,0.16365315219374213,1356976,001dcee8e81efda3,True,location-k4-fold0-seed0,0
seasonal,CoPy_R,7,SS_vs_persistence,-0.03254143481872673,1356976,001dcee8e81efda3,True,location-k4-fold0-seed0,0
seasonal,CoPy_R,7,SS_vs_seasonal,1.9992674182844894e-11,1356976,001dcee8e81efda3,True,location-k4-fold0-seed0,0
seasonal,CoPy_R,7,SS_vs_ar,-0.8810293298255452,1356976,001dcee8e81efda3,True,location-k4-fold0-seed0,0
seasonal,CoPy_R,8,MSE,0.05008232627694047,1356976,001dcee8e81efda3,True,location-k4-fold0-seed0,0
seasonal,CoPy_R,8,MAE,0.16374928379520534,1356976,001dcee8e81efda3,True,location-k4-fold0-seed0,0
seasonal,CoPy_R,8,SS_vs_persistence,-0.02939163669851297,1356976,001dcee8e81efda3,True,location-k4-fold0-seed0,0
seasonal,CoPy_R,8,SS_vs_seasonal,1.9967139053278515e-11,1356976,001dcee8e81efda3,True,location-k4-fold0-seed0,0
seasonal,CoPy_R,8,SS_vs_ar,-0.8698264334344707,1356976,001dcee8e81efda3,True,location-k4-fold0-seed0,0
seasonal,CoPy_R,9,MSE,0.050046227573914845,1356976,001dcee8e81efda3,True,location-k4-fold0-seed0,0
seasonal,CoPy_R,9,MAE,0.16372854702367534,1356976,001dcee8e81efda3,True,location-k4-fold0-seed0,0
seasonal,CoPy_R,9,SS_vs_persistence,-0.009449986593400128,1356976,001dcee8e81efda3,True,location-k4-fold0-seed0,0
seasonal,CoPy_R,9,SS_vs_seasonal,1.998146093029618e-11,1356976,001dcee8e81efda3,True,location-k4-fold0-seed0,0
seasonal,CoPy_R,9,SS_vs_ar,-0.8592634014929272,1356976,001dcee8e81efda3,True,location-k4-fold0-seed0,0
seasonal,CoPy_R,10,MSE,0.0500296051596696,1356976,001dcee8e81efda3,True,location-k4-fold0-seed0,0
seasonal,CoPy_R,10,MAE,0.1637956535836298,1356976,001dcee8e81efda3,True,location-k4-fold0-seed0,0
seasonal,CoPy_R,10,SS_vs_persistence,-0.005209739278476677,1356976,001dcee8e81efda3,True,location-k4-fold0-seed0,0
seasonal,CoPy_R,10,SS_vs_seasonal,1.998812226844393e-11,1356976,001dcee8e81efda3,True,location-k4-fold0-seed0,0
seasonal,CoPy_R,10,SS_vs_ar,-0.853365882632974,1356976,001dcee8e81efda3,True,location-k4-fold0-seed0,0
seasonal,CoPy_R,11,MSE,0.05256698468849273,1356976,001dcee8e81efda3,True,location-k4-fold0-seed0,0
seasonal,CoPy_R,11,MAE,0.16941111164060887,1356976,001dcee8e81efda3,True,location-k4-fold0-seed0,0
seasonal,CoPy_R,11,SS_vs_persistence,-0.03260631281412052,1356976,001dcee8e81efda3,True,location-k4-fold0-seed0,0
seasonal,CoPy_R,11,SS_vs_seasonal,1.902333846004467e-11,1356976,001dcee8e81efda3,True,location-k4-fold0-seed0,0
seasonal,CoPy_R,11,SS_vs_ar,-0.9386957017768252,1356976,001dcee8e81efda3,True,location-k4-fold0-seed0,0
seasonal,CoPy_R,12,MSE,0.05238880389663231,1356976,001dcee8e81efda3,True,location-k4-fold0-seed0,0
seasonal,CoPy_R,12,MAE,0.1691469698435986,1356976,001dcee8e81efda3,True,location-k4-fold0-seed0,0
seasonal,CoPy_R,12,SS_vs_persistence,-0.03855383683058,1356976,001dcee8e81efda3,True,location-k4-fold0-seed0,0
seasonal,CoPy_R,12,SS_vs_seasonal,1.9088064462380316e-11,1356976,001dcee8e81efda3,True,location-k4-fold0-seed0,0
seasonal,CoPy_R,12,SS_vs_ar,-0.9294598097720097,1356976,001dcee8e81efda3,True,location-k4-fold0-seed0,0
seasonal,CoPy_R,13,MSE,0.05232564314497534,1356976,001dcee8e81efda3,True,location-k4-fold0-seed0,0
seasonal,CoPy_R,13,MAE,0.16912988429008396,1356976,001dcee8e81efda3,True,location-k4-fold0-seed0,0
seasonal,CoPy_R,13,SS_vs_persistence,-0.010824645821679635,1356976,001dcee8e81efda3,True,location-k4-fold0-seed0,0
seasonal,CoPy_R,13,SS_vs_seasonal,1.9111046078990057e-11,1356976,001dcee8e81efda3,True,location-k4-fold0-seed0,0
seasonal,CoPy_R,13,SS_vs_ar,-0.921469568693911,1356976,001dcee8e81efda3,True,location-k4-fold0-seed0,0
seasonal,CoPy_R,14,MSE,0.05222479988365177,1356976,001dcee8e81efda3,True,location-k4-fold0-seed0,0
seasonal,CoPy_R,14,MAE,0.16892340208999465,1356976,001dcee8e81efda3,True,location-k4-fold0-seed0,0
seasonal,CoPy_R,14,SS_vs_persistence,-0.02086711691530896,1356976,001dcee8e81efda3,True,location-k4-fold0-seed0,0
seasonal,CoPy_R,14,SS_vs_seasonal,1.9148016505710075e-11,1356976,001dcee8e81efda3,True,location-k4-fold0-seed0,0
seasonal,CoPy_R,14,SS_vs_ar,-0.9168429009419503,1356976,001dcee8e81efda3,True,location-k4-fold0-seed0,0
seasonal,CoPy_R,15,MSE,0.05215951361261828,1356976,001dcee8e81efda3,True,location-k4-fold0-seed0,0
seasonal,CoPy_R,15,MAE,0.16881815529477126,1356976,001dcee8e81efda3,True,location-k4-fold0-seed0,0
seasonal,CoPy_R,15,SS_vs_persistence,-0.030108622223139037,1356976,001dcee8e81efda3,True,location-k4-fold0-seed0,0
seasonal,CoPy_R,15,SS_vs_seasonal,1.9171886300739516e-11,1356976,001dcee8e81efda3,True,location-k4-fold0-seed0,0
seasonal,CoPy_R,15,SS_vs_ar,-0.9111865567413122,1356976,001dcee8e81efda3,True,location-k4-fold0-seed0,0
seasonal,CoPy_R,16,MSE,0.05210749852670739,1356976,001dcee8e81efda3,True,location-k4-fold0-seed0,0
seasonal,CoPy_R,16,MAE,0.16864101299046266,1356976,001dcee8e81efda3,True,location-k4-fold0-seed0,0
seasonal,CoPy_R,16,SS_vs_persistence,0.007275077153066634,1356976,001dcee8e81efda3,True,location-k4-fold0-seed0,0
seasonal,CoPy_R,16,SS_vs_seasonal,1.919109315906553e-11,1356976,001dcee8e81efda3,True,location-k4-fold0-seed0,0
seasonal,CoPy_R,16,SS_vs_ar,-0.9029409596116851,1356976,001dcee8e81efda3,True,location-k4-fold0-seed0,0
seasonal,CoPy_R,17,MSE,0.0521518023231314,1356976,001dcee8e81efda3,True,location-k4-fold0-seed0,0
seasonal,CoPy_R,17,MAE,0.16865008041962104,1356976,001dcee8e81efda3,True,location-k4-fold0-seed0,0
seasonal,CoPy_R,17,SS_vs_persistence,6.897952144124808e-05,1356976,001dcee8e81efda3,True,location-k4-fold0-seed0,0
seasonal,CoPy_R,17,SS_vs_seasonal,1.917477288060354e-11,1356976,001dcee8e81efda3,True,location-k4-fold0-seed0,0
seasonal,CoPy_R,17,SS_vs_ar,-0.9042471894941775,1356976,001dcee8e81efda3,True,location-k4-fold0-seed0,0
seasonal,CoPy_R,18,MSE,0.052034644484902706,1356976,001dcee8e81efda3,True,location-k4-fold0-seed0,0
seasonal,CoPy_R,18,MAE,0.1685748391817338,1356976,001dcee8e81efda3,True,location-k4-fold0-seed0,0
seasonal,CoPy_R,18,SS_vs_persistence,-0.0026207389165038286,1356976,001dcee8e81efda3,True,location-k4-fold0-seed0,0
seasonal,CoPy_R,18,SS_vs_seasonal,1.921796055626146e-11,1356976,001dcee8e81efda3,True,location-k4-fold0-seed0,0
seasonal,CoPy_R,18,SS_vs_ar,-0.8997690543774179,1356976,001dcee8e81efda3,True,location-k4-fold0-seed0,0
seasonal,CoPy_R,19,MSE,0.05203840801654566,1356976,001dcee8e81efda3,True,location-k4-fold0-seed0,0
seasonal,CoPy_R,19,MAE,0.16847318539893952,1356976,001dcee8e81efda3,True,location-k4-fold0-seed0,0
seasonal,CoPy_R,19,SS_vs_persistence,0.007194031384300303,1356976,001dcee8e81efda3,True,location-k4-fold0-seed0,0
seasonal,CoPy_R,19,SS_vs_seasonal,1.9216517266329447e-11,1356976,001dcee8e81efda3,True,location-k4-fold0-seed0,0
seasonal,CoPy_R,19,SS_vs_ar,-0.8949762978534552,1356976,001dcee8e81efda3,True,location-k4-fold0-seed0,0
seasonal,CoPy_R,20,MSE,0.052094776495623364,1356976,001dcee8e81efda3,True,location-k4-fold0-seed0,0
seasonal,CoPy_R,20,MAE,0.1687183667151264,1356976,001dcee8e81efda3,True,location-k4-fold0-seed0,0
seasonal,CoPy_R,20,SS_vs_persistence,0.0029564226805925964,1356976,001dcee8e81efda3,True,location-k4-fold0-seed0,0
seasonal,CoPy_R,20,SS_vs_seasonal,1.9195756095768957e-11,1356976,001dcee8e81efda3,True,location-k4-fold0-seed0,0
seasonal,CoPy_R,20,SS_vs_ar,-0.8936198377244857,1356976,001dcee8e81efda3,True,location-k4-fold0-seed0,0
seasonal,CoPy_R,21,MSE,0.05249348703276285,1356976,001dcee8e81efda3,True,location-k4-fold0-seed0,0
seasonal,CoPy_R,21,MAE,0.16839219938880337,1356976,001dcee8e81efda3,True,location-k4-fold0-seed0,0
seasonal,CoPy_R,21,SS_vs_persistence,-0.0023693419796775306,1356976,001dcee8e81efda3,True,location-k4-fold0-seed0,0
seasonal,CoPy_R,21,SS_vs_seasonal,1.9049983812635674e-11,1356976,001dcee8e81efda3,True,location-k4-fold0-seed0,0
seasonal,CoPy_R,21,SS_vs_ar,-0.9036079520871427,1356976,001dcee8e81efda3,True,location-k4-fold0-seed0,0
seasonal,CoPy_R,22,MSE,0.052448846853800246,1356976,001dcee8e81efda3,True,location-k4-fold0-seed0,0
seasonal,CoPy_R,22,MAE,0.16832769733283134,1356976,001dcee8e81efda3,True,location-k4-fold0-seed0,0
seasonal,CoPy_R,22,SS_vs_persistence,0.010409211368406002,1356976,001dcee8e81efda3,True,location-k4-fold0-seed0,0
seasonal,CoPy_R,22,SS_vs_seasonal,1.90661930687952e-11,1356976,001dcee8e81efda3,True,location-k4-fold0-seed0,0
seasonal,CoPy_R,22,SS_vs_ar,-0.8999299187801322,1356976,001dcee8e81efda3,True,location-k4-fold0-seed0,0
seasonal,CoPy_R,23,MSE,0.05243689370838271,1356976,001dcee8e81efda3,True,location-k4-fold0-seed0,0
seasonal,CoPy_R,23,MAE,0.1683160066998839,1356976,001dcee8e81efda3,True,location-k4-fold0-seed0,0
seasonal,CoPy_R,23,SS_vs_persistence,0.0010829643272805,1356976,001dcee8e81efda3,True,location-k4-fold0-seed0,0
seasonal,CoPy_R,23,SS_vs_seasonal,1.907052293859124e-11,1356976,001dcee8e81efda3,True,location-k4-fold0-seed0,0
seasonal,CoPy_R,23,SS_vs_ar,-0.89599648309281,1356976,001dcee8e81efda3,True,location-k4-fold0-seed0,0
seasonal,CoPy_R,24,MSE,0.05244509476889192,1356976,001dcee8e81efda3,True,location-k4-fold0-seed0,0
seasonal,CoPy_R,24,MAE,0.16832286618048173,1356976,001dcee8e81efda3,True,location-k4-fold0-seed0,0
seasonal,CoPy_R,24,SS_vs_persistence,-0.019371781004409172,1356976,001dcee8e81efda3,True,location-k4-fold0-seed0,0
seasonal,CoPy_R,24,SS_vs_seasonal,1.906752533642475e-11,1356976,001dcee8e81efda3,True,location-k4-fold0-seed0,0
seasonal,CoPy_R,24,SS_vs_ar,-0.893405119661671,1356976,001dcee8e81efda3,True,location-k4-fold0-seed0,0
seasonal,CoPy_R,25,MSE,0.0524520395131992,1356976,001dcee8e81efda3,True,location-k4-fold0-seed0,0
seasonal,CoPy_R,25,MAE,0.16836086155088936,1356976,001dcee8e81efda3,True,location-k4-fold0-seed0,0
seasonal,CoPy_R,25,SS_vs_persistence,-0.028072025801260114,1356976,001dcee8e81efda3,True,location-k4-fold0-seed0,0
seasonal,CoPy_R,25,SS_vs_seasonal,1.9064971823468113e-11,1356976,001dcee8e81efda3,True,location-k4-fold0-seed0,0
seasonal,CoPy_R,25,SS_vs_ar,-0.887525488180477,1356976,001dcee8e81efda3,True,location-k4-fold0-seed0,0
seasonal,CoPy_R,26,MSE,0.05260473031458109,1356976,001dcee8e81efda3,True,location-k4-fold0-seed0,0
seasonal,CoPy_R,26,MAE,0.16859552078577145,1356976,001dcee8e81efda3,True,location-k4-fold0-seed0,0
seasonal,CoPy_R,26,SS_vs_persistence,-0.006115288800455421,1356976,001dcee8e81efda3,True,location-k4-fold0-seed0,0
seasonal,CoPy_R,26,SS_vs_seasonal,1.900968271684178e-11,1356976,001dcee8e81efda3,True,location-k4-fold0-seed0,0
seasonal,CoPy_R,26,SS_vs_ar,-0.8841363490891831,1356976,001dcee8e81efda3,True,location-k4-fold0-seed0,0
seasonal,CoPy_R,27,MSE,0.052616043348660026,1356976,001dcee8e81efda3,True,location-k4-fold0-seed0,0
seasonal,CoPy_R,27,MAE,0.16869812133134104,1356976,001dcee8e81efda3,True,location-k4-fold0-seed0,0
seasonal,CoPy_R,27,SS_vs_persistence,0.030463783818131085,1356976,001dcee8e81efda3,True,location-k4-fold0-seed0,0
seasonal,CoPy_R,27,SS_vs_seasonal,1.9005574891650667e-11,1356976,001dcee8e81efda3,True,location-k4-fold0-seed0,0
seasonal,CoPy_R,27,SS_vs_ar,-0.8786607524841306,1356976,001dcee8e81efda3,True,location-k4-fold0-seed0,0
seasonal,CoPy_R,28,MSE,0.05254510435696462,1356976,001dcee8e81efda3,True,location-k4-fold0-seed0,0
seasonal,CoPy_R,28,MAE,0.16859504632245617,1356976,001dcee8e81efda3,True,location-k4-fold0-seed0,0
seasonal,CoPy_R,28,SS_vs_persistence,0.0423355698886827,1356976,001dcee8e81efda3,True,location-k4-fold0-seed0,0
seasonal,CoPy_R,28,SS_vs_seasonal,1.903122104351951e-11,1356976,001dcee8e81efda3,True,location-k4-fold0-seed0,0
seasonal,CoPy_R,28,SS_vs_ar,-0.8763850308179526,1356976,001dcee8e81efda3,True,location-k4-fold0-seed0,0
seasonal,CoPy_R,29,MSE,0.05267885111559247,1356976,001dcee8e81efda3,True,location-k4-fold0-seed0,0
seasonal,CoPy_R,29,MAE,0.16871718250226733,1356976,001dcee8e81efda3,True,location-k4-fold0-seed0,0
seasonal,CoPy_R,29,SS_vs_persistence,0.04051280324170259,1356976,001dcee8e81efda3,True,location-k4-fold0-seed0,0
seasonal,CoPy_R,29,SS_vs_seasonal,1.8982926341948314e-11,1356976,001dcee8e81efda3,True,location-k4-fold0-seed0,0
seasonal,CoPy_R,29,SS_vs_ar,-0.8801068283907953,1356976,001dcee8e81efda3,True,location-k4-fold0-seed0,0
seasonal,CoPy_R,30,MSE,0.05248837933755642,1356976,001dcee8e81efda3,True,location-k4-fold0-seed0,0
seasonal,CoPy_R,30,MAE,0.1684652234288828,1356976,001dcee8e81efda3,True,location-k4-fold0-seed0,0
seasonal,CoPy_R,30,SS_vs_persistence,0.0013174726582518836,1356976,001dcee8e81efda3,True,location-k4-fold0-seed0,0
seasonal,CoPy_R,30,SS_vs_seasonal,1.9051760169475074e-11,1356976,001dcee8e81efda3,True,location-k4-fold0-seed0,0
seasonal,CoPy_R,30,SS_vs_ar,-0.8696715724897035,1356976,001dcee8e81efda3,True,location-k4-fold0-seed0,0
seasonal,CoPy_R,all,MSE,0.051578910981276545,1356976,001dcee8e81efda3,True,location-k4-fold0-seed0,0
seasonal,CoPy_R,all,MAE,0.1669925616230616,1356976,001dcee8e81efda3,True,location-k4-fold0-seed0,0
seasonal,CoPy_R,all,SS_vs_persistence,-0.02108474311858699,1356976,001dcee8e81efda3,True,location-k4-fold0-seed0,0
seasonal,CoPy_R,all,SS_vs_seasonal,1.9387713656726646e-11,1356976,001dcee8e81efda3,True,location-k4-fold0-seed0,0
seasonal,CoPy_R,all,SS_vs_ar,-0.9063011260460954,1356976,001dcee8e81efda3,True,location-k4-fold0-seed0,0
ar,F_R,1,MSE,292648.7847218662,1383540,001dcee8e81efda3,True,location-k4-fold0-seed0,0
ar,F_R,1,MAE,339.2857214237867,1383540,001dcee8e81efda3,True,location-k4-fold0-seed0,0
ar,F_R,1,SS_vs_persistence,0.3618635126651193,1383540,001dcee8e81efda3,True,location-k4-fold0-seed0,0
ar,F_R,1,SS_vs_seasonal,0.4952415586796939,1383540,001dcee8e81efda3,True,location-k4-fold0-seed0,0
ar,F_R,1,SS_vs_ar,0.0,1383540,001dcee8e81efda3,True,location-k4-fold0-seed0,0
ar,F_R,2,MSE,306998.9589206886,1383540,001dcee8e81efda3,True,location-k4-fold0-seed0,0
ar,F_R,2,MAE,351.99200885837246,1383540,001dcee8e81efda3,True,location-k4-fold0-seed0,0
ar,F_R,2,SS_vs_persistence,0.3814170383544063,1383540,001dcee8e81efda3,True,location-k4-fold0-seed0,0
ar,F_R,2,SS_vs_seasonal,0.4723501520334751,1383540,001dcee8e81efda3,True,location-k4-fold0-seed0,0
ar,F_R,2,SS_vs_ar,0.0,1383540,001dcee8e81efda3,True,location-k4-fold0-seed0,0
ar,F_R,3,MSE,318063.6162895575,1383540,001dcee8e81efda3,True,location-k4-fold0-seed0,0
ar,F_R,3,MAE,360.9050392955216,1383540,001dcee8e81efda3,True,location-k4-fold0-seed0,0
ar,F_R,3,SS_vs_persistence,0.384545738970808,1383540,001dcee8e81efda3,True,location-k4-fold0-seed0,0
ar,F_R,3,SS_vs_seasonal,0.45584101597193516,1383540,001dcee8e81efda3,True,location-k4-fold0-seed0,0
ar,F_R,3,SS_vs_ar,0.0,1383540,001dcee8e81efda3,True,location-k4-fold0-seed0,0
ar,F_R,4,MSE,326072.5540633009,1383540,001dcee8e81efda3,True,location-k4-fold0-seed0,0
ar,F_R,4,MAE,366.66221394097624,1383540,001dcee8e81efda3,True,location-k4-fold0-seed0,0
ar,F_R,4,SS_vs_persistence,0.38138929193487137,1383540,001dcee8e81efda3,True,location-k4-fold0-seed0,0
ar,F_R,4,SS_vs_seasonal,0.4420329393114316,1383540,001dcee8e81efda3,True,location-k4-fold0-seed0,0
ar,F_R,4,SS_vs_ar,0.0,1383540,001dcee8e81efda3,True,location-k4-fold0-seed0,0
ar,F_R,5,MSE,332112.9142513086,1383540,001dcee8e81efda3,True,location-k4-fold0-seed0,0
ar,F_R,5,MAE,371.8382091765565,1383540,001dcee8e81efda3,True,location-k4-fold0-seed0,0
ar,F_R,5,SS_vs_persistence,0.3947393527647456,1383540,001dcee8e81efda3,True,location-k4-fold0-seed0,0
ar,F_R,5,SS_vs_seasonal,0.4339118008348515,1383540,001dcee8e81efda3,True,location-k4-fold0-seed0,0
ar,F_R,5,SS_vs_ar,0.0,1383540,001dcee8e81efda3,True,location-k4-fold0-seed0,0
ar,F_R,6,MSE,336044.95074118313,1383540,001dcee8e81efda3,True,location-k4-fold0-seed0,0
ar,F_R,6,MAE,374.5202789769705,1383540,001dcee8e81efda3,True,location-k4-fold0-seed0,0
ar,F_R,6,SS_vs_persistence,0.3680366530889235,1383540,001dcee8e81efda3,True,location-k4-fold0-seed0,0
ar,F_R,6,SS_vs_seasonal,0.42660290002402335,1383540,001dcee8e81efda3,True,location-k4-fold0-seed0,0
ar,F_R,6,SS_vs_ar,0.0,1383540,001dcee8e81efda3,True,location-k4-fold0-seed0,0
ar,F_R,7,MSE,343480.49387624254,1383540,001dcee8e81efda3,True,location-k4-fold0-seed0,0
ar,F_R,7,MAE,380.10771200951115,1383540,001dcee8e81efda3,True,location-k4-fold0-seed0,0
ar,F_R,7,SS_vs_persistence,0.3858002225160485,1383540,001dcee8e81efda3,True,location-k4-fold0-seed0,0
ar,F_R,7,SS_vs_seasonal,0.4131687525059208,1383540,001dcee8e81efda3,True,location-k4-fold0-seed0,0
ar,F_R,7,SS_vs_ar,0.0,1383540,001dcee8e81efda3,True,location-k4-fold0-seed0,0
ar,F_R,8,MSE,345440.3492098294,1383540,001dcee8e81efda3,True,location-k4-fold0-seed0,0
ar,F_R,8,MAE,382.6076097930093,1383540,001dcee8e81efda3,True,location-k4-fold0-seed0,0
ar,F_R,8,SS_vs_persistence,0.37314667362758214,1383540,001dcee8e81efda3,True,location-k4-fold0-seed0,0
ar,F_R,8,SS_vs_seasonal,0.4043921045589747,1383540,001dcee8e81efda3,True,location-k4-fold0-seed0,0
ar,F_R,8,SS_vs_ar,0.0,1383540,001dcee8e81efda3,True,location-k4-fold0-seed0,0
ar,F_R,9,MSE,349159.6682913766,1383540,001dcee8e81efda3,True,location-k4-fold0-seed0,0
ar,F_R,9,MAE,385.85196572202983,1383540,001dcee8e81efda3,True,location-k4-fold0-seed0,0
ar,F_R,9,SS_vs_persistence,0.3719128877930997,1383540,001dcee8e81efda3,True,location-k4-fold0-seed0,0
ar,F_R,9,SS_vs_seasonal,0.39721230687861275,1383540,001dcee8e81efda3,True,location-k4-fold0-seed0,0
ar,F_R,9,SS_vs_ar,0.0,1383540,001dcee8e81efda3,True,location-k4-fold0-seed0,0
ar,F_R,10,MSE,353546.1289989159,1383540,001dcee8e81efda3,True,location-k4-fold0-seed0,0
ar,F_R,10,MAE,389.1146755522945,1383540,001dcee8e81efda3,True,location-k4-fold0-seed0,0
ar,F_R,10,SS_vs_persistence,0.3700759358399681,1383540,001dcee8e81efda3,True,location-k4-fold0-seed0,0
ar,F_R,10,SS_vs_seasonal,0.3759141144511813,1383540,001dcee8e81efda3,True,location-k4-fold0-seed0,0
ar,F_R,10,SS_vs_ar,0.0,1383540,001dcee8e81efda3,True,location-k4-fold0-seed0,0
ar,F_R,11,MSE,357223.094599714,1383540,001dcee8e81efda3,True,location-k4-fold0-seed0,0
ar,F_R,11,MAE,393.5153404745154,1383540,001dcee8e81efda3,True,location-k4-fold0-seed0,0
ar,F_R,11,SS_vs_persistence,0.3777894670868137,1383540,001dcee8e81efda3,True,location-k4-fold0-seed0,0
ar,F_R,11,SS_vs_seasonal,0.43663993784038047,1383540,001dcee8e81efda3,True,location-k4-fold0-seed0,0
ar,F_R,11,SS_vs_ar,0.0,1383540,001dcee8e81efda3,True,location-k4-fold0-seed0,0
ar,F_R,12,MSE,360747.86528146116,1383540,001dcee8e81efda3,True,location-k4-fold0-seed0,0
ar,F_R,12,MAE,396.14981900342735,1383540,001dcee8e81efda3,True,location-k4-fold0-seed0,0
ar,F_R,12,SS_vs_persistence,0.37644359564776153,1383540,001dcee8e81efda3,True,location-k4-fold0-seed0,0
ar,F_R,12,SS_vs_seasonal,0.43078129619679917,1383540,001dcee8e81efda3,True,location-k4-fold0-seed0,0
ar,F_R,12,SS_vs_ar,0.0,1383540,001dcee8e81efda3,True,location-k4-fold0-seed0,0
ar,F_R,13,MSE,362500.4974867295,1383540,001dcee8e81efda3,True,location-k4-fold0-seed0,0
ar,F_R,13,MAE,398.1868620549245,1383540,001dcee8e81efda3,True,location-k4-fold0-seed0,0
ar,F_R,13,SS_vs_persistence,0.38137671334854306,1383540,001dcee8e81efda3,True,location-k4-fold0-seed0,0
ar,F_R,13,SS_vs_seasonal,0.42589235256215474,1383540,001dcee8e81efda3,True,location-k4-fold0-seed0,0
ar,F_R,13,SS_vs_ar,0.0,1383540,001dcee8e81efda3,True,location-k4-fold0-seed0,0
ar,F_R,14,MSE,363164.83716324123,1383540,001dcee8e81efda3,True,location-k4-fold0-seed0,0
ar,F_R,14,MAE,399.46028834159483,1383540,001dcee8e81efda3,True,location-k4-fold0-seed0,0
ar,F_R,14,SS_vs_persistence,0.3828569304556436,1383540,001dcee8e81efda3,True,location-k4-fold0-seed0,0
ar,F_R,14,SS_vs_seasonal,0.42180611147158675,1383540,001dcee8e81efda3,True,location-k4-fold0-seed0,0
ar,F_R,14,SS_vs_ar,0.0,1383540,001dcee8e81efda3,True,location-k4-fold0-seed0,0
ar,F_R,15,MSE,364426.8545121354,1383540,001dcee8e81efda3,True,location-k4-fold0-seed0,0
ar,F_R,15,MAE,400.9810390432378,1383540,001dcee8e81efda3,True,location-k4-fold0-seed0,0
ar,F_R,15,SS_vs_persistence,0.358680495474309,1383540,001dcee8e81efda3,True,location-k4-fold0-seed0,0
ar,F_R,15,SS_vs_seasonal,0.4209162061845151,1383540,001dcee8e81efda3,True,location-k4-fold0-seed0,0
ar,F_R,15,SS_vs_ar,0.0,1383540,001dcee8e81efda3,True,location-k4-fold0-seed0,0
ar,F_R,16,MSE,386290.1049478994,1383540,001dcee8e81efda3,True,location-k4-fold0-seed0,0
ar,F_R,16,MAE,408.67287851792423,1383540,001dcee8e81efda3,True,location-k4-fold0-seed0,0
ar,F_R,16,SS_vs_persistence,0.36339661198638984,1383540,001dcee8e81efda3,True,location-k4-fold0-seed0,0
ar,F_R,16,SS_vs_seasonal,0.400512967570935,1383540,001dcee8e81efda3,True,location-k4-fold0-seed0,0
ar,F_R,16,SS_vs_ar,0.0,1383540,001dcee8e81efda3,True,location-k4-fold0-seed0,0
ar,F_R,17,MSE,390777.6365113776,1383540,001dcee8e81efda3,True,location-k4-fold0-seed0,0
ar,F_R,17,MAE,411.1737166612255,1383540,001dcee8e81efda3,True,location-k4-fold0-seed0,0
ar,F_R,17,SS_vs_persistence,0.3686191385866542,1383540,001dcee8e81efda3,True,location-k4-fold0-seed0,0
ar,F_R,17,SS_vs_seasonal,0.39441801940059784,1383540,001dcee8e81efda3,True,location-k4-fold0-seed0,0
ar,F_R,17,SS_vs_ar,0.0,1383540,001dcee8e81efda3,True,location-k4-fold0-seed0,0
ar,F_R,18,MSE,394406.8240835925,1383540,001dcee8e81efda3,True,location-k4-fold0-seed0,0
ar,F_R,18,MAE,413.3950783305613,1383540,001dcee8e81efda3,True,location-k4-fold0-seed0,0
ar,F_R,18,SS_vs_persistence,0.37072032896820983,1383540,001dcee8e81efda3,True,location-k4-fold0-seed0,0
ar,F_R,18,SS_vs_seasonal,0.38636810263300203,1383540,001dcee8e81efda3,True,location-k4-fold0-seed0,0
ar,F_R,18,SS_vs_ar,0.0,1383540,001dcee8e81efda3,True,location-k4-fold0-seed0,0
ar,F_R,19,MSE,397168.13183124404,1383540,001dcee8e81efda3,True,location-k4-fold0-seed0,0
ar,F_R,19,MAE,415.38980333784224,1383540,001dcee8e81efda3,True,location-k4-fold0-seed0,0
ar,F_R,19,SS_vs_persistence,0.36386997947206834,1383540,001dcee8e81efda3,True,location-k4-fold0-seed0,0
ar,F_R,19,SS_vs_seasonal,0.3848916812198071,1383540,001dcee8e81efda3,True,location-k4-fold0-seed0,0
ar,F_R,19,SS_vs_ar,0.0,1383540,001dcee8e81efda3,True,location-k4-fold0-seed0,0
ar,F_R,20,MSE,400540.49705414317,1383540,001dcee8e81efda3,True,location-k4-fold0-seed0,0
ar,F_R,20,MAE,417.2795407185527,1383540,001dcee8e81efda3,True,location-k4-fold0-seed0,0
ar,F_R,20,SS_vs_persistence,0.366264244140977,1383540,001dcee8e81efda3,True,location-k4-fold0-seed0,0
ar,F_R,20,SS_vs_seasonal,0.3694593455942774,1383540,001dcee8e81efda3,True,location-k4-fold0-seed0,0
ar,F_R,20,SS_vs_ar,0.0,1383540,001dcee8e81efda3,True,location-k4-fold0-seed0,0
ar,F_R,21,MSE,403466.1096250633,1383540,001dcee8e81efda3,True,location-k4-fold0-seed0,0
ar,F_R,21,MAE,418.87026892729347,1383540,001dcee8e81efda3,True,location-k4-fold0-seed0,0
ar,F_R,21,SS_vs_persistence,0.352477831716112,1383540,001dcee8e81efda3,True,location-k4-fold0-seed0,0
ar,F_R,21,SS_vs_seasonal,0.390290529989585,1383540,001dcee8e81efda3,True,location-k4-fold0-seed0,0
ar,F_R,21,SS_vs_ar,0.0,1383540,001dcee8e81efda3,True,location-k4-fold0-seed0,0
ar,F_R,22,MSE,406824.92770532577,1383540,001dcee8e81efda3,True,location-k4-fold0-seed0,0
ar,F_R,22,MAE,421.53442808832517,1383540,001dcee8e81efda3,True,location-k4-fold0-seed0,0
ar,F_R,22,SS_vs_persistence,0.35230047528740116,1383540,001dcee8e81efda3,True,location-k4-fold0-seed0,0
ar,F_R,22,SS_vs_seasonal,0.38498768845830567,1383540,001dcee8e81efda3,True,location-k4-fold0-seed0,0
ar,F_R,22,SS_vs_ar,0.0,1383540,001dcee8e81efda3,True,location-k4-fold0-seed0,0
ar,F_R,23,MSE,410584.6480701887,1383540,001dcee8e81efda3,True,location-k4-fold0-seed0,0
ar,F_R,23,MAE,424.3401099785912,1383540,001dcee8e81efda3,True,location-k4-fold0-seed0,0
ar,F_R,23,SS_vs_persistence,0.3557746266723725,1383540,001dcee8e81efda3,True,location-k4-fold0-seed0,0
ar,F_R,23,SS_vs_seasonal,0.38126015196628826,1383540,001dcee8e81efda3,True,location-k4-fold0-seed0,0
ar,F_R,23,SS_vs_ar,0.0,1383540,001dcee8e81efda3,True,location-k4-fold0-seed0,0
ar,F_R,24,MSE,414335.4320777347,1383540,001dcee8e81efda3,True,location-k4-fold0-seed0,0
ar,F_R,24,MAE,426.3401116079606,1383540,001dcee8e81efda3,True,location-k4-fold0-seed0,0
ar,F_R,24,SS_vs_persistence,0.35098764266075055,1383540,001dcee8e81efda3,True,location-k4-fold0-seed0,0
ar,F_R,24,SS_vs_seasonal,0.37578627742533344,1383540,001dcee8e81efda3,True,location-k4-fold0-seed0,0
ar,F_R,24,SS_vs_ar,0.0,1383540,001dcee8e81efda3,True,location-k4-fold0-seed0,0
ar,F_R,25,MSE,418314.62063628336,1383540,001dcee8e81efda3,True,location-k4-fold0-seed0,0
ar,F_R,25,MAE,429.0683544289848,1383540,001dcee8e81efda3,True,location-k4-fold0-seed0,0
ar,F_R,25,SS_vs_persistence,0.35183460678766887,1383540,001dcee8e81efda3,True,location-k4-fold0-seed0,0
ar,F_R,25,SS_vs_seasonal,0.37329249131780284,1383540,001dcee8e81efda3,True,location-k4-fold0-seed0,0
ar,F_R,25,SS_vs_ar,0.0,1383540,001dcee8e81efda3,True,location-k4-fold0-seed0,0
ar,F_R,26,MSE,422970.64585170255,1383540,001dcee8e81efda3,True,location-k4-fold0-seed0,0
ar,F_R,26,MAE,431.63816577287696,1383540,001dcee8e81efda3,True,location-k4-fold0-seed0,0
ar,F_R,26,SS_vs_persistence,0.3612223365069618,1383540,001dcee8e81efda3,True,location-k4-fold0-seed0,0
ar,F_R,26,SS_vs_seasonal,0.36805739759455103,1383540,001dcee8e81efda3,True,location-k4-fold0-seed0,0
ar,F_R,26,SS_vs_ar,0.0,1383540,001dcee8e81efda3,True,location-k4-fold0-seed0,0
ar,F_R,27,MSE,425291.2104106209,1383540,001dcee8e81efda3,True,location-k4-fold0-seed0,0
ar,F_R,27,MAE,432.9696623402493,1383540,001dcee8e81efda3,True,location-k4-fold0-seed0,0
ar,F_R,27,SS_vs_persistence,0.36736162982745024,1383540,001dcee8e81efda3,True,location-k4-fold0-seed0,0
ar,F_R,27,SS_vs_seasonal,0.36369590424475196,1383540,001dcee8e81efda3,True,location-k4-fold0-seed0,0
ar,F_R,27,SS_vs_ar,0.0,1383540,001dcee8e81efda3,True,location-k4-fold0-seed0,0
ar,F_R,28,MSE,425740.1750871945,1383540,001dcee8e81efda3,True,location-k4-fold0-seed0,0
ar,F_R,28,MAE,433.4256060369136,1383540,001dcee8e81efda3,True,location-k4-fold0-seed0,0
ar,F_R,28,SS_vs_persistence,0.36016371209549247,1383540,001dcee8e81efda3,True,location-k4-fold0-seed0,0
ar,F_R,28,SS_vs_seasonal,0.36143866107967126,1383540,001dcee8e81efda3,True,location-k4-fold0-seed0,0
ar,F_R,28,SS_vs_ar,0.0,1383540,001dcee8e81efda3,True,location-k4-fold0-seed0,0
ar,F_R,29,MSE,429204.1042870798,1383540,001dcee8e81efda3,True,location-k4-fold0-seed0,0
ar,F_R,29,MAE,435.1387910162924,1383540,001dcee8e81efda3,True,location-k4-fold0-seed0,0
ar,F_R,29,SS_vs_persistence,0.3598274590970355,1383540,001dcee8e81efda3,True,location-k4-fold0-seed0,0
ar,F_R,29,SS_vs_seasonal,0.3571536463371703,1383540,001dcee8e81efda3,True,location-k4-fold0-seed0,0
ar,F_R,29,SS_vs_ar,0.0,1383540,001dcee8e81efda3,True,location-k4-fold0-seed0,0
ar,F_R,30,MSE,429959.5323007973,1383540,001dcee8e81efda3,True,location-k4-fold0-seed0,0
ar,F_R,30,MAE,436.00600159471605,1383540,001dcee8e81efda3,True,location-k4-fold0-seed0,0
ar,F_R,30,SS_vs_persistence,0.3422179074031563,1383540,001dcee8e81efda3,True,location-k4-fold0-seed0,0
ar,F_R,30,SS_vs_seasonal,0.3446009605399203,1383540,001dcee8e81efda3,True,location-k4-fold0-seed0,0
ar,F_R,30,SS_vs_ar,0.0,1383540,001dcee8e81efda3,True,location-k4-fold0-seed0,0
ar,F_R,all,MSE,375583.53896292136,1383540,001dcee8e81efda3,True,location-k4-fold0-seed0,0
ar,F_R,all,MAE,401.54737670083034,1383540,001dcee8e81efda3,True,location-k4-fold0-seed0,0
ar,F_R,all,SS_vs_persistence,0.36724774194182386,1383540,001dcee8e81efda3,True,location-k4-fold0-seed0,0
ar,F_R,all,SS_vs_seasonal,0.40163380129479087,1383540,001dcee8e81efda3,True,location-k4-fold0-seed0,0
ar,F_R,all,SS_vs_ar,0.0,1383540,001dcee8e81efda3,True,location-k4-fold0-seed0,0
ar,CoPx_R,1,MSE,0.014632219680686577,1356976,001dcee8e81efda3,True,location-k4-fold0-seed0,0
ar,CoPx_R,1,MAE,0.0851552503324903,1356976,001dcee8e81efda3,True,location-k4-fold0-seed0,0
ar,CoPx_R,1,SS_vs_persistence,0.35098599282335385,1356976,001dcee8e81efda3,True,location-k4-fold0-seed0,0
ar,CoPx_R,1,SS_vs_seasonal,0.554877449031796,1356976,001dcee8e81efda3,True,location-k4-fold0-seed0,0
ar,CoPx_R,1,SS_vs_ar,6.834233179375815e-11,1356976,001dcee8e81efda3,True,location-k4-fold0-seed0,0
ar,CoPx_R,2,MSE,0.01599743260415939,1356976,001dcee8e81efda3,True,location-k4-fold0-seed0,0
ar,CoPx_R,2,MAE,0.08925530129932864,1356976,001dcee8e81efda3,True,location-k4-fold0-seed0,0
ar,CoPx_R,2,SS_vs_persistence,0.36364442172999145,1356976,001dcee8e81efda3,True,location-k4-fold0-seed0,0
ar,CoPx_R,2,SS_vs_seasonal,0.5154231908844289,1356976,001dcee8e81efda3,True,location-k4-fold0-seed0,0
ar,CoPx_R,2,SS_vs_ar,6.250999717849481e-11,1356976,001dcee8e81efda3,True,location-k4-fold0-seed0,0
ar,CoPx_R,3,MSE,0.01692111766913376,1356976,001dcee8e81efda3,True,location-k4-fold0-seed0,0
ar,CoPx_R,3,MAE,0.09217339424090583,1356976,001dcee8e81efda3,True,location-k4-fold0-seed0,0
ar,CoPx_R,3,SS_vs_persistence,0.38055671809602565,1356976,001dcee8e81efda3,True,location-k4-fold0-seed0,0
ar,CoPx_R,3,SS_vs_seasonal,0.4884985021832964,1356976,001dcee8e81efda3,True,location-k4-fold0-seed0,0
ar,CoPx_R,3,SS_vs_ar,5.90977267123094e-11,1356976,001dcee8e81efda3,True,location-k4-fold0-seed0,0
ar,CoPx_R,4,MSE,0.01759177931883986,1356976,001dcee8e81efda3,True,location-k4-fold0-seed0,0
ar,CoPx_R,4,MAE,0.09403990739576258,1356976,001dcee8e81efda3,True,location-k4-fold0-seed0,0
ar,CoPx_R,4,SS_vs_persistence,0.37775553496628334,1356976,001dcee8e81efda3,True,location-k4-fold0-seed0,0
ar,CoPx_R,4,SS_vs_seasonal,0.46820902175083,1356976,001dcee8e81efda3,True,location-k4-fold0-seed0,0
ar,CoPx_R,4,SS_vs_ar,5.68446401061351e-11,1356976,001dcee8e81efda3,True,location-k4-fold0-seed0,0
ar,CoPx_R,5,MSE,0.01825779873049394,1356976,001dcee8e81efda3,True,location-k4-fold0-seed0,0
ar,CoPx_R,5,MAE,0.09578820869390568,1356976,001dcee8e81efda3,True,location-k4-fold0-seed0,0
ar,CoPx_R,5,SS_vs_persistence,0.39216900295707546,1356976,001dcee8e81efda3,True,location-k4-fold0-seed0,0
ar,CoPx_R,5,SS_vs_seasonal,0.4492114027601898,1356976,001dcee8e81efda3,True,location-k4-fold0-seed0,0
ar,CoPx_R,5,SS_vs_ar,5.47710765630427e-11,1356976,001dcee8e81efda3,True,location-k4-fold0-seed0,0
ar,CoPx_R,6,MSE,0.018696976539940763,1356976,001dcee8e81efda3,True,location-k4-fold0-seed0,0
ar,CoPx_R,6,MAE,0.09684467368412089,1356976,001dcee8e81efda3,True,location-k4-fold0-seed0,0
ar,CoPx_R,6,SS_vs_persistence,0.37824075274042623,1356976,001dcee8e81efda3,True,location-k4-fold0-seed0,0
ar,CoPx_R,6,SS_vs_seasonal,0.4356291294412806,1356976,001dcee8e81efda3,True,location-k4-fold0-seed0,0
ar,CoPx_R,6,SS_vs_ar,5.3484550122107066e-11,1356976,001dcee8e81efda3,True,location-k4-fold0-seed0,0
ar,CoPx_R,7,MSE,0.01922827203901997,1356976,001dcee8e81efda3,True,location-k4-fold0-seed0,0
ar,CoPx_R,7,MAE,0.0982710455091722,1356976,001dcee8e81efda3,True,location-k4-fold0-seed0,0
ar,CoPx_R,7,SS_vs_persistence,0.39002117275418047,1356976,001dcee8e81efda3,True,location-k4-fold0-seed0,0
ar,CoPx_R,7,SS_vs_seasonal,0.41995538803574994,1356976,001dcee8e81efda3,True,location-k4-fold0-seed0,0
ar,CoPx_R,7,SS_vs_ar,5.200673225402852e-11,1356976,001dcee8e81efda3,True,location-k4-fold0-seed0,0
ar,CoPx_R,8,MSE,0.019615623154002386,1356976,001dcee8e81efda3,True,location-k4-fold0-seed0,0
ar,CoPx_R,8,MAE,0.09931848314045796,1356976,001dcee8e81efda3,True,location-k4-fold0-seed0,0
ar,CoPx_R,8,SS_vs_persistence,0.3783940961675236,1356976,001dcee8e81efda3,True,location-k4-fold0-seed0,0
ar,CoPx_R,8,SS_vs_seasonal,0.40864338739479444,1356976,001dcee8e81efda3,True,location-k4-fold0-seed0,0
ar,CoPx_R,8,SS_vs_ar,5.097966493394779e-11,1356976,001dcee8e81efda3,True,location-k4-fold0-seed0,0
ar,CoPx_R,9,MSE,0.020093198072805962,1356976,001dcee8e81efda3,True,location-k4-fold0-seed0,0
ar,CoPx_R,9,MAE,0.10048123591588459,1356976,001dcee8e81efda3,True,location-k4-fold0-seed0,0
ar,CoPx_R,9,SS_vs_persistence,0.37616133080969694,1356976,001dcee8e81efda3,True,location-k4-fold0-seed0,0
ar,CoPx_R,9,SS_vs_seasonal,0.39257626090267517,1356976,001dcee8e81efda3,True,location-k4-fold0-seed0,0
ar,CoPx_R,9,SS_vs_ar,4.976796752487189e-11,1356976,001dcee8e81efda3,True,location-k4-fold0-seed0,0
ar,CoPx_R,10,MSE,0.020539378175760997,1356976,001dcee8e81efda3,True,location-k4-fold0-seed0,0
ar,CoPx_R,10,MAE,0.10153791887150228,1356976,001dcee8e81efda3,True,location-k4-fold0-seed0,0
ar,CoPx_R,10,SS_vs_persistence,0.3773962655686409,1356976,001dcee8e81efda3,True,location-k4-fold0-seed0,0
ar,CoPx_R,10,SS_vs_seasonal,0.3816317707845035,1356976,001dcee8e81efda3,True,location-k4-fold0-seed0,0
ar,CoPx_R,10,SS_vs_ar,4.868694336579438e-11,1356976,001dcee8e81efda3,True,location-k4-fold0-seed0,0
ar,CoPx_R,11,MSE,0.020942690380219075,1356976,001dcee8e81efda3,True,location-k4-fold0-seed0,0
ar,CoPx_R,11,MAE,0.10262006951459306,1356976,001dcee8e81efda3,True,location-k4-fold0-seed0,0
ar,CoPx_R,11,SS_vs_persistence,0.38874584162511905,1356976,001dcee8e81efda3,True,location-k4-fold0-seed0,0
ar,CoPx_R,11,SS_vs_seasonal,0.4486593633072178,1356976,001dcee8e81efda3,True,location-k4-fold0-seed0,0
ar,CoPx_R,11,SS_vs_ar,4.774924899919597e-11,1356976,001dcee8e81efda3,True,location-k4-fold0-seed0,0
ar,CoPx_R,12,MSE,0.021180968385510795,1356976,001dcee8e81efda3,True,location-k4-fold0-seed0,0
ar,CoPx_R,12,MAE,0.10329038903187017,1356976,001dcee8e81efda3,True,location-k4-fold0-seed0,0
ar,CoPx_R,12,SS_vs_persistence,0.39417432467337365,1356976,001dcee8e81efda3,True,location-k4-fold0-seed0,0
ar,CoPx_R,12,SS_vs_seasonal,0.4433877602176878,1356976,001dcee8e81efda3,True,location-k4-fold0-seed0,0
ar,CoPx_R,12,SS_vs_ar,4.721212309988232e-11,1356976,001dcee8e81efda3,True,location-k4-fold0-seed0,0
ar,CoPx_R,13,MSE,0.021418630137378176,1356976,001dcee8e81efda3,True,location-k4-fold0-seed0,0
ar,CoPx_R,13,MAE,0.10403344483863253,1356976,001dcee8e81efda3,True,location-k4-fold0-seed0,0
ar,CoPx_R,13,SS_vs_persistence,0.39431148212131295,1356976,001dcee8e81efda3,True,location-k4-fold0-seed0,0
ar,CoPx_R,13,SS_vs_seasonal,0.43556056909496343,1356976,001dcee8e81efda3,True,location-k4-fold0-seed0,0
ar,CoPx_R,13,SS_vs_ar,4.668831987686417e-11,1356976,001dcee8e81efda3,True,location-k4-fold0-seed0,0
ar,CoPx_R,14,MSE,0.021569127547624058,1356976,001dcee8e81efda3,True,location-k4-fold0-seed0,0
ar,CoPx_R,14,MAE,0.10445837437412298,1356976,001dcee8e81efda3,True,location-k4-fold0-seed0,0
ar,CoPx_R,14,SS_vs_persistence,0.3917869264672341,1356976,001dcee8e81efda3,True,location-k4-fold0-seed0,0
ar,CoPx_R,14,SS_vs_seasonal,0.43158050821723437,1356976,001dcee8e81efda3,True,location-k4-fold0-seed0,0
ar,CoPx_R,14,SS_vs_ar,4.636246941913669e-11,1356976,001dcee8e81efda3,True,location-k4-fold0-seed0,0
ar,CoPx_R,15,MSE,0.021820370481695828,1356976,001dcee8e81efda3,True,location-k4-fold0-seed0,0
ar,CoPx_R,15,MAE,0.10514879934221867,1356976,001dcee8e81efda3,True,location-k4-fold0-seed0,0
ar,CoPx_R,15,SS_vs_persistence,0.3936822377997281,1356976,001dcee8e81efda3,True,location-k4-fold0-seed0,0
ar,CoPx_R,15,SS_vs_seasonal,0.4244346841598907,1356976,001dcee8e81efda3,True,location-k4-fold0-seed0,0
ar,CoPx_R,15,SS_vs_ar,4.582867418889691e-11,1356976,001dcee8e81efda3,True,location-k4-fold0-seed0,0
ar,CoPx_R,16,MSE,0.021967139355949353,1356976,001dcee8e81efda3,True,location-k4-fold0-seed0,0
ar,CoPx_R,16,MAE,0.10566615154843309,1356976,001dcee8e81efda3,True,location-k4-fold0-seed0,0
ar,CoPx_R,16,SS_vs_persistence,0.3975058273687154,1356976,001dcee8e81efda3,True,location-k4-fold0-seed0,0
ar,CoPx_R,16,SS_vs_seasonal,0.4198722748610617,1356976,001dcee8e81efda3,True,location-k4-fold0-seed0,0
ar,CoPx_R,16,SS_vs_ar,4.5522474678705294e-11,1356976,001dcee8e81efda3,True,location-k4-fold0-seed0,0
ar,CoPx_R,17,MSE,0.022097517470253136,1356976,001dcee8e81efda3,True,location-k4-fold0-seed0,0
ar,CoPx_R,17,MAE,0.10610888955320465,1356976,001dcee8e81efda3,True,location-k4-fold0-seed0,0
ar,CoPx_R,17,SS_vs_persistence,0.39970665356267765,1356976,001dcee8e81efda3,True,location-k4-fold0-seed0,0
ar,CoPx_R,17,SS_vs_seasonal,0.4150921365381324,1356976,001dcee8e81efda3,True,location-k4-fold0-seed0,0
ar,CoPx_R,17,SS_vs_ar,4.525391172904847e-11,1356976,001dcee8e81efda3,True,location-k4-fold0-seed0,0
ar,CoPx_R,18,MSE,0.02230459519019525,1356976,001dcee8e81efda3,True,location-k4-fold0-seed0,0
ar,CoPx_R,18,MAE,0.10674739800109799,1356976,001dcee8e81efda3,True,location-k4-fold0-seed0,0
ar,CoPx_R,18,SS_vs_persistence,0.40690295421863987,1356976,001dcee8e81efda3,True,location-k4-fold0-seed0,0
ar,CoPx_R,18,SS_vs_seasonal,0.41038491063542526,1356976,001dcee8e81efda3,True,location-k4-fold0-seed0,0
ar,CoPx_R,18,SS_vs_ar,4.483380333653031e-11,1356976,001dcee8e81efda3,True,location-k4-fold0-seed0,0
ar,CoPx_R,19,MSE,0.022403922955035124,1356976,001dcee8e81efda3,True,location-k4-fold0-seed0,0
ar,CoPx_R,19,MAE,0.1070889562282627,1356976,001dcee8e81efda3,True,location-k4-fold0-seed0,0
ar,CoPx_R,19,SS_vs_persistence,0.4038195596353098,1356976,001dcee8e81efda3,True,location-k4-fold0-seed0,0
ar,CoPx_R,19,SS_vs_seasonal,0.40658674092046476,1356976,001dcee8e81efda3,True,location-k4-fold0-seed0,0
ar,CoPx_R,19,SS_vs_ar,4.4634962392819943e-11,1356976,001dcee8e81efda3,True,location-k4-fold0-seed0,0
ar,CoPx_R,20,MSE,0.02253119214860731,1356976,001dcee8e81efda3,True,location-k4-fold0-seed0,0
ar,CoPx_R,20,MAE,0.1074402854993588,1356976,001dcee8e81efda3,True,location-k4-fold0-seed0,0
ar,CoPx_R,20,SS_vs_persistence,0.40146609191110283,1356976,001dcee8e81efda3,True,location-k4-fold0-seed0,0
ar,CoPx_R,20,SS_vs_seasonal,0.4037713223358296,1356976,001dcee8e81efda3,True,location-k4-fold0-seed0,0
ar,CoPx_R,20,SS_vs_ar,4.438283074392757e-11,1356976,001dcee8e81efda3,True,location-k4-fold0-seed0,0
ar,CoPx_R,21,MSE,0.022699822830748097,1356976,001dcee8e81efda3,True,location-k4-fold0-seed0,0
ar,CoPx_R,21,MAE,0.1078798881041619,1356976,001dcee8e81efda3,True,location-k4-fold0-seed0,0
ar,CoPx_R,21,SS_vs_persistence,0.40571758291511306,1356976,001dcee8e81efda3,True,location-k4-fold0-seed0,0
ar,CoPx_R,21,SS_vs_seasonal,0.44228002251146603,1356976,001dcee8e81efda3,True,location-k4-fold0-seed0,0
ar,CoPx_R,21,SS_vs_ar,4.40530945056139e-11,1356976,001dcee8e81efda3,True,location-k4-fold0-seed0,0
ar,CoPx_R,22,MSE,0.022841474755023065,1356976,001dcee8e81efda3,True,location-k4-fold0-seed0,0
ar,CoPx_R,22,MAE,0.10823513708811112,1356976,001dcee8e81efda3,True,location-k4-fold0-seed0,0
ar,CoPx_R,22,SS_vs_persistence,0.3985943789670754,1356976,001dcee8e81efda3,True,location-k4-fold0-seed0,0
ar,CoPx_R,22,SS_vs_seasonal,0.43779301258166836,1356976,001dcee8e81efda3,True,location-k4-fold0-seed0,0
ar,CoPx_R,22,SS_vs_ar,4.377997964155611e-11,1356976,001dcee8e81efda3,True,location-k4-fold0-seed0,0
ar,CoPx_R,23,MSE,0.023068269586905513,1356976,001dcee8e81efda3,True,location-k4-fold0-seed0,0
ar,CoPx_R,23,MAE,0.1087174549214207,1356976,001dcee8e81efda3,True,location-k4-fold0-seed0,0
ar,CoPx_R,23,SS_vs_persistence,0.39773808858002335,1356976,001dcee8e81efda3,True,location-k4-fold0-seed0,0
ar,CoPx_R,23,SS_vs_seasonal,0.43356253868043937,1356976,001dcee8e81efda3,True,location-k4-fold0-seed0,0
ar,CoPx_R,23,SS_vs_ar,4.334954617490894e-11,1356976,001dcee8e81efda3,True,location-k4-fold0-seed0,0
ar,CoPx_R,24,MSE,0.023196474043377806,1356976,001dcee8e81efda3,True,location-k4-fold0-seed0,0
ar,CoPx_R,24,MAE,0.10911902315190214,1356976,001dcee8e81efda3,True,location-k4-fold0-seed0,0
ar,CoPx_R,24,SS_vs_persistence,0.4036492592215073,1356976,001dcee8e81efda3,True,location-k4-fold0-seed0,0
ar,CoPx_R,24,SS_vs_seasonal,0.43000851806439366,1356976,001dcee8e81efda3,True,location-k4-fold0-seed0,0
ar,CoPx_R,24,SS_vs_ar,4.310996004619483e-11,1356976,001dcee8e81efda3,True,location-k4-fold0-seed0,0
ar,CoPx_R,25,MSE,0.02338248975641435,1356976,001dcee8e81efda3,True,location-k4-fold0-seed0,0
ar,CoPx_R,25,MAE,0.10967552247699312,1356976,001dcee8e81efda3,True,location-k4-fold0-seed0,0
ar,CoPx_R,25,SS_vs_persistence,0.4168183763801272,1356976,001dcee8e81efda3,True,location-k4-fold0-seed0,0
ar,CoPx_R,25,SS_vs_seasonal,0.42615574374748233,1356976,001dcee8e81efda3,True,location-k4-fold0-seed0,0
ar,CoPx_R,25,SS_vs_ar,4.276701215388812e-11,1356976,001dcee8e81efda3,True,location-k4-fold0-seed0,0
ar,CoPx_R,26,MSE,0.02343810335126784,1356976,001dcee8e81efda3,True,location-k4-fold0-seed0,0
ar,CoPx_R,26,MAE,0.10983828902221754,1356976,001dcee8e81efda3,True,location-k4-fold0-seed0,0
ar,CoPx_R,26,SS_vs_persistence,0.4210709058215918,1356976,001dcee8e81efda3,True,location-k4-fold0-seed0,0
ar,CoPx_R,26,SS_vs_seasonal,0.42496431340544905,1356976,001dcee8e81efda3,True,location-k4-fold0-seed0,0
ar,CoPx_R,26,SS_vs_ar,4.266553776943738e-11,1356976,001dcee8e81efda3,True,location-k4-fold0-seed0,0
ar,CoPx_R,27,MSE,0.023526187061317354,1356976,001dcee8e81efda3,True,location-k4-fold0-seed0,0
ar,CoPx_R,27,MAE,0.11006041731660621,1356976,001dcee8e81efda3,True,location-k4-fold0-seed0,0
ar,CoPx_R,27,SS_vs_persistence,0.42218457888910055,1356976,001dcee8e81efda3,True,location-k4-fold0-seed0,0
ar,CoPx_R,27,SS_vs_seasonal,0.4223835375356537,1356976,001dcee8e81efda3,True,location-k4-fold0-seed0,0
ar,CoPx_R,27,SS_vs_ar,4.250577667619382e-11,1356976,001dcee8e81efda3,True,location-k4-fold0-seed0,0
ar,CoPx_R,28,MSE,0.023601735574012028,1356976,001dcee8e81efda3,True,location-k4-fold0-seed0,0
ar,CoPx_R,28,MAE,0.11025290912241548,1356976,001dcee8e81efda3,True,location-k4-fold0-seed0,0
ar,CoPx_R,28,SS_vs_persistence,0.42453204206423956,1356976,001dcee8e81efda3,True,location-k4-fold0-seed0,0
ar,CoPx_R,28,SS_vs_seasonal,0.4200905524860201,1356976,001dcee8e81efda3,True,location-k4-fold0-seed0,0
ar,CoPx_R,28,SS_vs_ar,4.2369663333374774e-11,1356976,001dcee8e81efda3,True,location-k4-fold0-seed0,0
ar,CoPx_R,29,MSE,0.023631526454422843,1356976,001dcee8e81efda3,True,location-k4-fold0-seed0,0
ar,CoPx_R,29,MAE,0.11040987247118256,1356976,001dcee8e81efda3,True,location-k4-fold0-seed0,0
ar,CoPx_R,29,SS_vs_persistence,0.42679827203729903,1356976,001dcee8e81efda3,True,location-k4-fold0-seed0,0
ar,CoPx_R,29,SS_vs_seasonal,0.41910706790213836,1356976,001dcee8e81efda3,True,location-k4-fold0-seed0,0
ar,CoPx_R,29,SS_vs_ar,4.2316261605890304e-11,1356976,001dcee8e81efda3,True,location-k4-fold0-seed0,0
ar,CoPx_R,30,MSE,0.02365584184292206,1356976,001dcee8e81efda3,True,location-k4-fold0-seed0,0
ar,CoPx_R,30,MAE,0.11048692931917682,1356976,001dcee8e81efda3,True,location-k4-fold0-seed0,0
ar,CoPx_R,30,SS_vs_persistence,0.4193326205067639,1356976,001dcee8e81efda3,True,location-k4-fold0-seed0,0
ar,CoPx_R,30,SS_vs_seasonal,0.4173504055404482,1356976,001dcee8e81efda3,True,location-k4-fold0-seed0,0
ar,CoPx_R,30,SS_vs_ar,4.227285188562746e-11,1356976,001dcee8e81efda3,True,location-k4-fold0-seed0,0
ar,CoPx_R,all,MSE,0.021096653424752716,1356976,001dcee8e81efda3,True,location-k4-fold0-seed0,0
ar,CoPx_R,all,MAE,0.10334252142449767,1356976,001dcee8e81efda3,True,location-k4-fold0-seed0,0
ar,CoPx_R,all,SS_vs_persistence,0.3981268936028248,1356976,001dcee8e81efda3,True,location-k4-fold0-seed0,0
ar,CoPx_R,all,SS_vs_seasonal,0.43330811666448843,1356976,001dcee8e81efda3,True,location-k4-fold0-seed0,0
ar,CoPx_R,all,SS_vs_ar,4.7400861014068596e-11,1356976,001dcee8e81efda3,True,location-k4-fold0-seed0,0
ar,CoPy_R,1,MSE,0.024233638598125083,1356976,001dcee8e81efda3,True,location-k4-fold0-seed0,0
ar,CoPy_R,1,MAE,0.11386676627721408,1356976,001dcee8e81efda3,True,location-k4-fold0-seed0,0
ar,CoPy_R,1,SS_vs_persistence,0.4119775241743,1356976,001dcee8e81efda3,True,location-k4-fold0-seed0,0
ar,CoPy_R,1,SS_vs_seasonal,0.5127025252908888,1356976,001dcee8e81efda3,True,location-k4-fold0-seed0,0
ar,CoPy_R,1,SS_vs_ar,4.126488040157028e-11,1356976,001dcee8e81efda3,True,location-k4-fold0-seed0,0
ar,CoPy_R,2,MSE,0.025151822452914425,1356976,001dcee8e81efda3,True,location-k4-fold0-seed0,0
ar,CoPy_R,2,MAE,0.11674500778155304,1356976,001dcee8e81efda3,True,location-k4-fold0-seed0,0
ar,CoPy_R,2,SS_vs_persistence,0.4453065893423641,1356976,001dcee8e81efda3,True,location-k4-fold0-seed0,0
ar,CoPy_R,2,SS_vs_seasonal,0.496950431570478,1356976,001dcee8e81efda3,True,location-k4-fold0-seed0,0
ar,CoPy_R,2,SS_vs_ar,3.975852980175887e-11,1356976,001dcee8e81efda3,True,location-k4-fold0-seed0,0
ar,CoPy_R,3,MSE,0.025500919553121535,1356976,001dcee8e81efda3,True,location-k4-fold0-seed0,0
ar,CoPy_R,3,MAE,0.117871263815215,1356976,001dcee8e81efda3,True,location-k4-fold0-seed0,0
ar,CoPy_R,3,SS_vs_persistence,0.4511510394414553,1356976,001dcee8e81efda3,True,location-k4-fold0-seed0,0
ar,CoPy_R,3,SS_vs_seasonal,0.4904215840450773,1356976,001dcee8e81efda3,True,location-k4-fold0-seed0,0
ar,CoPy_R,3,SS_vs_ar,3.9214187452785154e-11,1356976,001dcee8e81efda3,True,location-k4-fold0-seed0,0
ar,CoPy_R,4,MSE,0.025753365234537577,1356976,001dcee8e81efda3,True,location-k4-fold0-seed0,0
ar,CoPy_R,4,MAE,0.11852289731954178,1356976,001dcee8e81efda3,True,location-k4-fold0-seed0,0
ar,CoPy_R,4,SS_vs_persistence,0.449631866223543,1356976,001dcee8e81efda3,True,location-k4-fold0-seed0,0
ar,CoPy_R,4,SS_vs_seasonal,0.4846599109558346,1356976,001dcee8e81efda3,True,location-k4-fold0-seed0,0
ar,CoPy_R,4,SS_vs_ar,3.8829828241659925e-11,1356976,001dcee8e81efda3,True,location-k4-fold0-seed0,0
ar,CoPy_R,5,MSE,0.026021392212221682,1356976,001dcee8e81efda3,True,location-k4-fold0-seed0,0
ar,CoPy_R,5,MAE,0.11922761182074622,1356976,001dcee8e81efda3,True,location-k4-fold0-seed0,0
ar,CoPy_R,5,SS_vs_persistence,0.4522297317114323,1356976,001dcee8e81efda3,True,location-k4-fold0-seed0,0
ar,CoPy_R,5,SS_vs_seasonal,0.4797184620007562,1356976,001dcee8e81efda3,True,location-k4-fold0-seed0,0
ar,CoPy_R,5,SS_vs_ar,3.842981488588748e-11,1356976,001dcee8e81efda3,True,location-k4-fold0-seed0,0
ar,CoPy_R,6,MSE,0.026231278170798532,1356976,001dcee8e81efda3,True,location-k4-fold0-seed0,0
ar,CoPy_R,6,MAE,0.11972027857404657,1356976,001dcee8e81efda3,True,location-k4-fold0-seed0,0
ar,CoPy_R,6,SS_vs_persistence,0.4330879653150669,1356976,001dcee8e81efda3,True,location-k4-fold0-seed0,0
ar,CoPy_R,6,SS_vs_seasonal,0.47650073594477216,1356976,001dcee8e81efda3,True,location-k4-fold0-seed0,0
ar,CoPy_R,6,SS_vs_ar,3.8122394130368775e-11,1356976,001dcee8e81efda3,True,location-k4-fold0-seed0,0
ar,CoPy_R,7,MSE,0.026590870625855675,1356976,001dcee8e81efda3,True,location-k4-fold0-seed0,0
ar,CoPy_R,7,MAE,0.12065830045106979,1356976,001dcee8e81efda3,True,location-k4-fold0-seed0,0
ar,CoPy_R,7,SS_vs_persistence,0.4510763769559837,1356976,001dcee8e81efda3,True,location-k4-fold0-seed0,0
ar,CoPy_R,7,SS_vs_seasonal,0.4683761788897014,1356976,001dcee8e81efda3,True,location-k4-fold0-seed0,0
ar,CoPy_R,7,SS_vs_ar,3.760680655773285e-11,1356976,001dcee8e81efda3,True,location-k4-fold0-seed0,0
ar,CoPy_R,8,MSE,0.026784478697886485,1356976,001dcee8e81efda3,True,location-k4-fold0-seed0,0
ar,CoPy_R,8,MAE,0.12122161456981062,1356976,001dcee8e81efda3,True,location-k4-fold0-seed0,0
ar,CoPy_R,8,SS_vs_persistence,0.4494720909633796,1356976,001dcee8e81efda3,True,location-k4-fold0-seed0,0
ar,CoPy_R,8,SS_vs_seasonal,0.4651910027253642,1356976,001dcee8e81efda3,True,location-k4-fold0-seed0,0
ar,CoPy_R,8,SS_vs_ar,3.7335023961304614e-11,1356976,001dcee8e81efda3,True,location-k4-fold0-seed0,0
ar,CoPy_R,9,MSE,0.02691723374529403,1356976,001dcee8e81efda3,True,location-k4-fold0-seed0,0
ar,CoPy_R,9,MAE,0.12157339221951037,1356976,001dcee8e81efda3,True,location-k4-fold0-seed0,0
ar,CoPy_R,9,SS_vs_persistence,0.4570699419214388,1356976,001dcee8e81efda3,True,location-k4-fold0-seed0,0
ar,CoPy_R,9,SS_vs_seasonal,0.4621525927203749,1356976,001dcee8e81efda3,True,location-k4-fold0-seed0,0
ar,CoPy_R,9,SS_vs_ar,3.71508379615193e-11,1356976,001dcee8e81efda3,True,location-k4-fold0-seed0,0
ar,CoPy_R,10,MSE,0.02699391718959559,1356976,001dcee8e81efda3,True,location-k4-fold0-seed0,0
ar,CoPy_R,10,MAE,0.12177015325209105,1356976,001dcee8e81efda3,True,location-k4-fold0-seed0,0
ar,CoPy_R,10,SS_vs_persistence,0.4576301697033547,1356976,001dcee8e81efda3,True,location-k4-fold0-seed0,0
ar,CoPy_R,10,SS_vs_seasonal,0.4604411307483862,1356976,001dcee8e81efda3,True,location-k4-fold0-seed0,0
ar,CoPy_R,10,SS_vs_ar,3.704536677417991e-11,1356976,001dcee8e81efda3,True,location-k4-fold0-seed0,0
ar,CoPy_R,11,MSE,0.02711461351999497,1356976,001dcee8e81efda3,True,location-k4-fold0-seed0,0
ar,CoPy_R,11,MAE,0.12210528640688331,1356976,001dcee8e81efda3,True,location-k4-fold0-seed0,0
ar,CoPy_R,11,SS_vs_persistence,0.4673706080693074,1356976,001dcee8e81efda3,True,location-k4-fold0-seed0,0
ar,CoPy_R,11,SS_vs_seasonal,0.4841892933338683,1356976,001dcee8e81efda3,True,location-k4-fold0-seed0,0
ar,CoPy_R,11,SS_vs_ar,3.688038763272061e-11,1356976,001dcee8e81efda3,True,location-k4-fold0-seed0,0
ar,CoPy_R,12,MSE,0.027152057601496894,1356976,001dcee8e81efda3,True,location-k4-fold0-seed0,0
ar,CoPy_R,12,MAE,0.1222655401524415,1356976,001dcee8e81efda3,True,location-k4-fold0-seed0,0
ar,CoPy_R,12,SS_vs_persistence,0.4617385490319962,1356976,001dcee8e81efda3,True,location-k4-fold0-seed0,0
ar,CoPy_R,12,SS_vs_seasonal,0.48172022299741757,1356976,001dcee8e81efda3,True,location-k4-fold0-seed0,0
ar,CoPy_R,12,SS_vs_ar,3.682953941819278e-11,1356976,001dcee8e81efda3,True,location-k4-fold0-seed0,0
ar,CoPy_R,13,MSE,0.027232095681130886,1356976,001dcee8e81efda3,True,location-k4-fold0-seed0,0
ar,CoPy_R,13,MAE,0.1225324243481407,1356976,001dcee8e81efda3,True,location-k4-fold0-seed0,0
ar,CoPy_R,13,SS_vs_persistence,0.47393148335331015,1356976,001dcee8e81efda3,True,location-k4-fold0-seed0,0
ar,CoPy_R,13,SS_vs_seasonal,0.47956500782684675,1356976,001dcee8e81efda3,True,location-k4-fold0-seed0,0
ar,CoPy_R,13,SS_vs_ar,3.672129267329183e-11,1356976,001dcee8e81efda3,True,location-k4-fold0-seed0,0
ar,CoPy_R,14,MSE,0.027245216525606398,1356976,001dcee8e81efda3,True,location-k4-fold0-seed0,0
ar,CoPy_R,14,MAE,0.12256037738215234,1356976,001dcee8e81efda3,True,location-k4-fold0-seed0,0
ar,CoPy_R,14,SS_vs_persistence,0.4674226477421921,1356976,001dcee8e81efda3,True,location-k4-fold0-seed0,0
ar,CoPy_R,14,SS_vs_seasonal,0.4783088382189582,1356976,001dcee8e81efda3,True,location-k4-fold0-seed0,0
ar,CoPy_R,14,SS_vs_ar,3.670364012720029e-11,1356976,001dcee8e81efda3,True,location-k4-fold0-seed0,0
ar,CoPy_R,15,MSE,0.027291691345737695,1356976,001dcee8e81efda3,True,location-k4-fold0-seed0,0
ar,CoPy_R,15,MAE,0.12266155260946189,1356976,001dcee8e81efda3,True,location-k4-fold0-seed0,0
ar,CoPy_R,15,SS_vs_persistence,0.46101095230504774,1356976,001dcee8e81efda3,True,location-k4-fold0-seed0,0
ar,CoPy_R,15,SS_vs_seasonal,0.47676484202084024,1356976,001dcee8e81efda3,True,location-k4-fold0-seed0,0
ar,CoPy_R,15,SS_vs_ar,3.664113457091389e-11,1356976,001dcee8e81efda3,True,location-k4-fold0-seed0,0
ar,CoPy_R,16,MSE,0.027382614400941543,1356976,001dcee8e81efda3,True,location-k4-fold0-seed0,0
ar,CoPy_R,16,MAE,0.12284348354663285,1356976,001dcee8e81efda3,True,location-k4-fold0-seed0,0
ar,CoPy_R,16,SS_vs_persistence,0.4783206920863927,1356976,001dcee8e81efda3,True,location-k4-fold0-seed0,0
ar,CoPy_R,16,SS_vs_seasonal,0.47449762175051935,1356976,001dcee8e81efda3,True,location-k4-fold0-seed0,0
ar,CoPy_R,16,SS_vs_ar,3.6519454127414974e-11,1356976,001dcee8e81efda3,True,location-k4-fold0-seed0,0
ar,CoPy_R,17,MSE,0.027387096911026643,1356976,001dcee8e81efda3,True,location-k4-fold0-seed0,0
ar,CoPy_R,17,MAE,0.12288323182728653,1356976,001dcee8e81efda3,True,location-k4-fold0-seed0,0
ar,CoPy_R,17,SS_vs_persistence,0.47489431731409926,1356976,001dcee8e81efda3,True,location-k4-fold0-seed0,0
ar,CoPy_R,17,SS_vs_seasonal,0.4748580932867543,1356976,001dcee8e81efda3,True,location-k4-fold0-seed0,0
ar,CoPy_R,17,SS_vs_ar,3.6513458923082e-11,1356976,001dcee8e81efda3,True,location-k4-fold0-seed0,0
ar,CoPy_R,18,MSE,0.02738998425261509,1356976,001dcee8e81efda3,True,location-k4-fold0-seed0,0
ar,CoPy_R,18,MAE,0.12291894581603612,1356976,001dcee8e81efda3,True,location-k4-fold0-seed0,0
ar,CoPy_R,18,SS_vs_persistence,0.4722407249609232,1356976,001dcee8e81efda3,True,location-k4-fold0-seed0,0
ar,CoPy_R,18,SS_vs_seasonal,0.4736202289219902,1356976,001dcee8e81efda3,True,location-k4-fold0-seed0,0
ar,CoPy_R,18,SS_vs_ar,3.650968416479827e-11,1356976,001dcee8e81efda3,True,location-k4-fold0-seed0,0
ar,CoPy_R,19,MSE,0.02746124480480177,1356976,001dcee8e81efda3,True,location-k4-fold0-seed0,0
ar,CoPy_R,19,MAE,0.12304243442760929,1356976,001dcee8e81efda3,True,location-k4-fold0-seed0,0
ar,CoPy_R,19,SS_vs_persistence,0.47608528417787965,1356976,001dcee8e81efda3,True,location-k4-fold0-seed0,0
ar,CoPy_R,19,SS_vs_seasonal,0.47228891407395224,1356976,001dcee8e81efda3,True,location-k4-fold0-seed0,0
ar,CoPy_R,19,SS_vs_ar,3.6414871118495284e-11,1356976,001dcee8e81efda3,True,location-k4-fold0-seed0,0
ar,CoPy_R,20,MSE,0.02751068374755236,1356976,001dcee8e81efda3,True,location-k4-fold0-seed0,0
ar,CoPy_R,20,MAE,0.12318012037631523,1356976,001dcee8e81efda3,True,location-k4-fold0-seed0,0
ar,CoPy_R,20,SS_vs_persistence,0.47347215242459273,1356976,001dcee8e81efda3,True,location-k4-fold0-seed0,0
ar,CoPy_R,20,SS_vs_seasonal,0.4719108978356875,1356976,001dcee8e81efda3,True,location-k4-fold0-seed0,0
ar,CoPy_R,20,SS_vs_ar,3.634947898234486e-11,1356976,001dcee8e81efda3,True,location-k4-fold0-seed0,0
ar,CoPy_R,21,MSE,0.027575786796490656,1356976,001dcee8e81efda3,True,location-k4-fold0-seed0,0
ar,CoPy_R,21,MAE,0.12335791906765015,1356976,001dcee8e81efda3,True,location-k4-fold0-seed0,0
ar,CoPy_R,21,SS_vs_persistence,0.4734370904238365,1356976,001dcee8e81efda3,True,location-k4-fold0-seed0,0
ar,CoPy_R,21,SS_vs_seasonal,0.4746817490186085,1356976,001dcee8e81efda3,True,location-k4-fold0-seed0,0
ar,CoPy_R,21,SS_vs_ar,3.626365874254134e-11,1356976,001dcee8e81efda3,True,location-k4-fold0-seed0,0
ar,CoPy_R,22,MSE,0.02760567446907494,1356976,001dcee8e81efda3,True,location-k4-fold0-seed0,0
ar,CoPy_R,22,MAE,0.12340569758921445,1356976,001dcee8e81efda3,True,location-k4-fold0-seed0,0
ar,CoPy_R,22,SS_vs_persistence,0.47914353113028363,1356976,001dcee8e81efda3,True,location-k4-fold0-seed0,0
ar,CoPy_R,22,SS_vs_seasonal,0.4736647967590464,1356976,001dcee8e81efda3,True,location-k4-fold0-seed0,0
ar,CoPy_R,22,SS_vs_ar,3.622435684746961e-11,1356976,001dcee8e81efda3,True,location-k4-fold0-seed0,0
ar,CoPy_R,23,MSE,0.027656640808188623,1356976,001dcee8e81efda3,True,location-k4-fold0-seed0,0
ar,CoPy_R,23,MAE,0.1235648526483425,1356976,001dcee8e81efda3,True,location-k4-fold0-seed0,0
ar,CoPy_R,23,SS_vs_persistence,0.4731440461286428,1356976,001dcee8e81efda3,True,location-k4-fold0-seed0,0
ar,CoPy_R,23,SS_vs_seasonal,0.4725728613623059,1356976,001dcee8e81efda3,True,location-k4-fold0-seed0,0
ar,CoPy_R,23,SS_vs_ar,3.6157632443689636e-11,1356976,001dcee8e81efda3,True,location-k4-fold0-seed0,0
ar,CoPy_R,24,MSE,0.027698823787045548,1356976,001dcee8e81efda3,True,location-k4-fold0-seed0,0
ar,CoPy_R,24,MAE,0.12369950060575444,1356976,001dcee8e81efda3,True,location-k4-fold0-seed0,0
ar,CoPy_R,24,SS_vs_persistence,0.4616198243143249,1356976,001dcee8e81efda3,True,location-k4-fold0-seed0,0
ar,CoPy_R,24,SS_vs_seasonal,0.4718510108795322,1356976,001dcee8e81efda3,True,location-k4-fold0-seed0,0
ar,CoPy_R,24,SS_vs_ar,3.610256538166823e-11,1356976,001dcee8e81efda3,True,location-k4-fold0-seed0,0
ar,CoPy_R,25,MSE,0.027788784755364553,1356976,001dcee8e81efda3,True,location-k4-fold0-seed0,0
ar,CoPy_R,25,MAE,0.1239299856814977,1356976,001dcee8e81efda3,True,location-k4-fold0-seed0,0
ar,CoPy_R,25,SS_vs_persistence,0.4553334340638241,1356976,001dcee8e81efda3,True,location-k4-fold0-seed0,0
ar,CoPy_R,25,SS_vs_seasonal,0.4702058296924393,1356976,001dcee8e81efda3,True,location-k4-fold0-seed0,0
ar,CoPy_R,25,SS_vs_ar,3.59856588971752e-11,1356976,001dcee8e81efda3,True,location-k4-fold0-seed0,0
ar,CoPy_R,26,MSE,0.02791981076004759,1356976,001dcee8e81efda3,True,location-k4-fold0-seed0,0
ar,CoPy_R,26,MAE,0.12434066659393675,1356976,001dcee8e81efda3,True,location-k4-fold0-seed0,0
ar,CoPy_R,26,SS_vs_persistence,0.46600717657679647,1356976,001dcee8e81efda3,True,location-k4-fold0-seed0,0
ar,CoPy_R,26,SS_vs_seasonal,0.4692528486971832,1356976,001dcee8e81efda3,True,location-k4-fold0-seed0,0
ar,CoPy_R,26,SS_vs_ar,3.581679397512971e-11,1356976,001dcee8e81efda3,True,location-k4-fold0-seed0,0
ar,CoPy_R,27,MSE,0.028007208474019486,1356976,001dcee8e81efda3,True,location-k4-fold0-seed0,0
ar,CoPy_R,27,MAE,0.12455143984630004,1356976,001dcee8e81efda3,True,location-k4-fold0-seed0,0
ar,CoPy_R,27,SS_vs_persistence,0.483921610186807,1356976,001dcee8e81efda3,True,location-k4-fold0-seed0,0
ar,CoPy_R,27,SS_vs_seasonal,0.46770591836604813,1356976,001dcee8e81efda3,True,location-k4-fold0-seed0,0
ar,CoPy_R,27,SS_vs_ar,3.570499451654996e-11,1356976,001dcee8e81efda3,True,location-k4-fold0-seed0,0
ar,CoPy_R,28,MSE,0.028003370039774197,1356976,001dcee8e81efda3,True,location-k4-fold0-seed0,0
ar,CoPy_R,28,MAE,0.12456409779592424,1356976,001dcee8e81efda3,True,location-k4-fold0-seed0,0
ar,CoPy_R,28,SS_vs_persistence,0.48962264442087633,1356976,001dcee8e81efda3,True,location-k4-fold0-seed0,0
ar,CoPy_R,28,SS_vs_seasonal,0.46706034021741294,1356976,001dcee8e81efda3,True,location-k4-fold0-seed0,0
ar,CoPy_R,28,SS_vs_ar,3.570999052016077e-11,1356976,001dcee8e81efda3,True,location-k4-fold0-seed0,0
ar,CoPy_R,29,MSE,0.028019073341061577,1356976,001dcee8e81efda3,True,location-k4-fold0-seed0,0
ar,CoPy_R,29,MAE,0.12459829079633533,1356976,001dcee8e81efda3,True,location-k4-fold0-seed0,0
ar,CoPy_R,29,SS_vs_persistence,0.4896634689927225,1356976,001dcee8e81efda3,True,location-k4-fold0-seed0,0
ar,CoPy_R,29,SS_vs_seasonal,0.4681153300202423,1356976,001dcee8e81efda3,True,location-k4-fold0-seed0,0
ar,CoPy_R,29,SS_vs_ar,3.568989548341506e-11,1356976,001dcee8e81efda3,True,location-k4-fold0-seed0,0
ar,CoPy_R,30,MSE,0.028073582605629425,1356976,001dcee8e81efda3,True,location-k4-fold0-seed0,0
ar,CoPy_R,30,MAE,0.12472157957790281,1356976,001dcee8e81efda3,True,location-k4-fold0-seed0,0
ar,CoPy_R,30,SS_vs_persistence,0.4658513602063796,1356976,001dcee8e81efda3,True,location-k4-fold0-seed0,0
ar,CoPy_R,30,SS_vs_seasonal,0.4651467056250411,1356976,001dcee8e81efda3,True,location-k4-fold0-seed0,0
ar,CoPy_R,30,SS_vs_ar,3.562061756667845e-11,1356976,001dcee8e81efda3,True,location-k4-fold0-seed0,0
ar,CoPy_R,all,MSE,0.02705706368980188,1356976,001dcee8e81efda3,True,location-k4-fold0-seed0,0
ar,CoPy_R,all,MAE,0.12196502919835353,1356976,001dcee8e81efda3,True,location-k4-fold0-seed0,0
ar,CoPy_R,all,SS_vs_persistence,0.4643633531294685,1356976,001dcee8e81efda3,True,location-k4-fold0-seed0,0
ar,CoPy_R,all,SS_vs_seasonal,0.4754239053418715,1356976,001dcee8e81efda3,True,location-k4-fold0-seed0,0
ar,CoPy_R,all,SS_vs_ar,3.695888040056161e-11,1356976,001dcee8e81efda3,True,location-k4-fold0-seed0,0
prob_gru,F_R,1,MSE,296578.0290609566,1383540,001dcee8e81efda3,True,location-k4-fold0-seed0,0
prob_gru,F_R,1,MAE,334.61977807760195,1383540,001dcee8e81efda3,True,location-k4-fold0-seed0,0
prob_gru,F_R,1,SS_vs_persistence,0.3532955830808202,1383540,001dcee8e81efda3,True,location-k4-fold0-seed0,0
prob_gru,F_R,1,SS_vs_seasonal,0.48846442734784545,1383540,001dcee8e81efda3,True,location-k4-fold0-seed0,0
prob_gru,F_R,1,SS_vs_ar,-0.013426484387504933,1383540,001dcee8e81efda3,True,location-k4-fold0-seed0,0
prob_gru,F_R,2,MSE,303710.0857493867,1383540,001dcee8e81efda3,True,location-k4-fold0-seed0,0
prob_gru,F_R,2,MAE,342.2353820984557,1383540,001dcee8e81efda3,True,location-k4-fold0-seed0,0
prob_gru,F_R,2,SS_vs_persistence,0.3880439041715841,1383540,001dcee8e81efda3,True,location-k4-fold0-seed0,0
prob_gru,F_R,2,SS_vs_seasonal,0.4780028533811267,1383540,001dcee8e81efda3,True,location-k4-fold0-seed0,0
prob_gru,F_R,2,SS_vs_ar,0.010712978255250638,1383540,001dcee8e81efda3,True,location-k4-fold0-seed0,0
prob_gru,F_R,3,MSE,313243.4310199857,1383540,001dcee8e81efda3,True,location-k4-fold0-seed0,0
prob_gru,F_R,3,MAE,350.36984584488687,1383540,001dcee8e81efda3,True,location-k4-fold0-seed0,0
prob_gru,F_R,3,SS_vs_persistence,0.3938728151001549,1383540,001dcee8e81efda3,True,location-k4-fold0-seed0,0
prob_gru,F_R,3,SS_vs_seasonal,0.4640876276080469,1383540,001dcee8e81efda3,True,location-k4-fold0-seed0,0
prob_gru,F_R,3,SS_vs_ar,0.015154783580098696,1383540,001dcee8e81efda3,True,location-k4-fold0-seed0,0
prob_gru,F_R,4,MSE,319410.504436882,1383540,001dcee8e81efda3,True,location-k4-fold0-seed0,0
prob_gru,F_R,4,MAE,355.473173827481,1383540,001dcee8e81efda3,True,location-k4-fold0-seed0,0
prob_gru,F_R,4,SS_vs_persistence,0.3940282435583925,1383540,001dcee8e81efda3,True,location-k4-fold0-seed0,0
prob_gru,F_R,4,SS_vs_seasonal,0.4534328691794717,1383540,001dcee8e81efda3,True,location-k4-fold0-seed0,0
prob_gru,F_R,4,SS_vs_ar,0.020431187916311377,1383540,001dcee8e81efda3,True,location-k4-fold0-seed0,0
prob_gru,F_R,5,MSE,324304.3569664172,1383540,001dcee8e81efda3,True,location-k4-fold0-seed0,0
prob_gru,F_R,5,MAE,360.40866771921594,1383540,001dcee8e81efda3,True,location-k4-fold0-seed0,0
prob_gru,F_R,5,SS_vs_persistence,0.40897009247229765,1383540,001dcee8e81efda3,True,location-k4-fold0-seed0,0
prob_gru,F_R,5,SS_vs_seasonal,0.44722152756272326,1383540,001dcee8e81efda3,True,location-k4-fold0-seed0,0
prob_gru,F_R,5,SS_vs_ar,0.023511754435970755,1383540,001dcee8e81efda3,True,location-k4-fold0-seed0,0
prob_gru,F_R,6,MSE,326571.49477659824,1383540,001dcee8e81efda3,True,location-k4-fold0-seed0,0
prob_gru,F_R,6,MAE,362.46653159401563,1383540,001dcee8e81efda3,True,location-k4-fold0-seed0,0
prob_gru,F_R,6,SS_vs_persistence,0.3858523557947344,1383540,001dcee8e81efda3,True,location-k4-fold0-seed0,0
prob_gru,F_R,6,SS_vs_seasonal,0.44276755943896806,1383540,001dcee8e81efda3,True,location-k4-fold0-seed0,0
prob_gru,F_R,6,SS_vs_ar,0.028191037965873855,1383540,001dcee8e81efda3,True,location-k4-fold0-seed0,0
prob_gru,F_R,7,MSE,332691.31683254294,1383540,001dcee8e81efda3,True,location-k4-fold0-seed0,0
prob_gru,F_R,7,MAE,367.59154196349255,1383540,001dcee8e81efda3,True,location-k4-fold0-seed0,0
prob_gru,F_R,7,SS_vs_persistence,0.4050930506609355,1383540,001dcee8e81efda3,True,location-k4-fold0-seed0,0
prob_gru,F_R,7,SS_vs_seasonal,0.43160189889085043,1383540,001dcee8e81efda3,True,location-k4-fold0-seed0,0
prob_gru,F_R,7,SS_vs_ar,0.03141132389190926,1383540,001dcee8e81efda3,True,location-k4-fold0-seed0,0
prob_gru,F_R,8,MSE,333927.68361498264,1383540,001dcee8e81efda3,True,location-k4-fold0-seed0,0
prob_gru,F_R,8,MAE,370.2021722889125,1383540,001dcee8e81efda3,True,location-k4-fold0-seed0,0
prob_gru,F_R,8,SS_vs_persistence,0.3940381321385835,1383540,001dcee8e81efda3,True,location-k4-fold0-seed0,0
prob_gru,F_R,8,SS_vs_seasonal,0.42424223075745726,1383540,001dcee8e81efda3,True,location-k4-fold0-seed0,0
prob_gru,F_R,8,SS_vs_ar,0.03332750682189034,1383540,001dcee8e81efda3,True,location-k4-fold0-seed0,0
prob_gru,F_R,9,MSE,337648.8832694839,1383540,001dcee8e81efda3,True,location-k4-fold0-seed0,0
prob_gru,F_R,9,MAE,374.0693245602538,1383540,001dcee8e81efda3,True,location-k4-fold0-seed0,0
prob_gru,F_R,9,SS_vs_persistence,0.39261910440458336,1383540,001dcee8e81efda3,True,location-k4-fold0-seed0,0
prob_gru,F_R,9,SS_vs_seasonal,0.4170844747705029,1383540,001dcee8e81efda3,True,location-k4-fold0-seed0,0
prob_gru,F_R,9,SS_vs_ar,0.03296710951245041,1383540,001dcee8e81efda3,True,location-k4-fold0-seed0,0
prob_gru,F_R,10,MSE,341358.06585985934,1383540,001dcee8e81efda3,True,location-k4-fold0-seed0,0
prob_gru,F_R,10,MAE,377.47811173923964,1383540,001dcee8e81efda3,True,location-k4-fold0-seed0,0
prob_gru,F_R,10,SS_vs_persistence,0.39179178459931663,1383540,001dcee8e81efda3,True,location-k4-fold0-seed0,0
prob_gru,F_R,10,SS_vs_seasonal,0.39742869926307256,1383540,001dcee8e81efda3,True,location-k4-fold0-seed0,0
prob_gru,F_R,10,SS_vs_ar,0.03447375643333361,1383540,001dcee8e81efda3,True,location-k4-fold0-seed0,0
prob_gru,F_R,11,MSE,344997.3095830761,1383540,001dcee8e81efda3,True,location-k4-fold0-seed0,0
prob_gru,F_R,11,MAE,381.89069894766584,1383540,001dcee8e81efda3,True,location-k4-fold0-seed0,0
prob_gru,F_R,11,SS_vs_persistence,0.39908431707127034,1383540,001dcee8e81efda3,True,location-k4-fold0-seed0,0
prob_gru,F_R,11,SS_vs_seasonal,0.4559206593587948,1383540,001dcee8e81efda3,True,location-k4-fold0-seed0,0
prob_gru,F_R,11,SS_vs_ar,0.03422450900140561,1383540,001dcee8e81efda3,True,location-k4-fold0-seed0,0
prob_gru,F_R,12,MSE,347773.96048393263,1383540,001dcee8e81efda3,True,location-k4-fold0-seed0,0
prob_gru,F_R,12,MAE,384.6287696381268,1383540,001dcee8e81efda3,True,location-k4-fold0-seed0,0
prob_gru,F_R,12,SS_vs_persistence,0.3988691238477503,1383540,001dcee8e81efda3,True,location-k4-fold0-seed0,0
prob_gru,F_R,12,SS_vs_seasonal,0.45125262806830846,1383540,001dcee8e81efda3,True,location-k4-fold0-seed0,0
prob_gru,F_R,12,SS_vs_ar,0.035963912876951,1383540,001dcee8e81efda3,True,location-k4-fold0-seed0,0
prob_gru,F_R,13,MSE,349274.4306730876,1383540,001dcee8e81efda3,True,location-k4-fold0-seed0,0
prob_gru,F_R,13,MAE,386.8450398448608,1383540,001dcee8e81efda3,True,location-k4-fold0-seed0,0
prob_gru,F_R,13,SS_vs_persistence,0.40394758698445155,1383540,001dcee8e81efda3,True,location-k4-fold0-seed0,0
prob_gru,F_R,13,SS_vs_seasonal,0.4468390441001814,1383540,001dcee8e81efda3,True,location-k4-fold0-seed0,0
prob_gru,F_R,13,SS_vs_ar,0.03648565148279859,1383540,001dcee8e81efda3,True,location-k4-fold0-seed0,0
prob_gru,F_R,14,MSE,350116.62796959875,1383540,001dcee8e81efda3,True,location-k4-fold0-seed0,0
prob_gru,F_R,14,MAE,388.8763495137905,1383540,001dcee8e81efda3,True,location-k4-fold0-seed0,0
prob_gru,F_R,14,SS_vs_persistence,0.40503036535292636,1383540,001dcee8e81efda3,True,location-k4-fold0-seed0,0
prob_gru,F_R,14,SS_vs_seasonal,0.4425801348350137,1383540,001dcee8e81efda3,True,location-k4-fold0-seed0,0
prob_gru,F_R,14,SS_vs_ar,0.03592916455118522,1383540,001dcee8e81efda3,True,location-k4-fold0-seed0,0
prob_gru,F_R,15,MSE,351696.7521344681,1383540,001dcee8e81efda3,True,location-k4-fold0-seed0,0
prob_gru,F_R,15,MAE,390.9317288576913,1383540,001dcee8e81efda3,True,location-k4-fold0-seed0,0
prob_gru,F_R,15,SS_vs_persistence,0.38108296897022154,1383540,001dcee8e81efda3,True,location-k4-fold0-seed0,0
prob_gru,F_R,15,SS_vs_seasonal,0.4411446714835058,1383540,001dcee8e81efda3,True,location-k4-fold0-seed0,0
prob_gru,F_R,15,SS_vs_ar,0.03493184495063972,1383540,001dcee8e81efda3,True,location-k4-fold0-seed0,0
prob_gru,F_R,16,MSE,371867.8215510899,1383540,001dcee8e81efda3,True,location-k4-fold0-seed0,0
prob_gru,F_R,16,MAE,398.4514586315648,1383540,001dcee8e81efda3,True,location-k4-fold0-seed0,0
prob_gru,F_R,16,SS_vs_persistence,0.3871644340343807,1383540,001dcee8e81efda3,True,location-k4-fold0-seed0,0
prob_gru,F_R,16,SS_vs_seasonal,0.4228950368076565,1383540,001dcee8e81efda3,True,location-k4-fold0-seed0,0
prob_gru,F_R,16,SS_vs_ar,0.03733536844997554,1383540,001dcee8e81efda3,True,location-k4-fold0-seed0,0
prob_gru,F_R,17,MSE,375571.14952833584,1383540,001dcee8e81efda3,True,location-k4-fold0-seed0,0
prob_gru,F_R,17,MAE,400.8906477331624,1383540,001dcee8e81efda3,True,location-k4-fold0-seed0,0
prob_gru,F_R,17,SS_vs_persistence,0.3931883154109379,1383540,001dcee8e81efda3,True,location-k4-fold0-seed0,0
prob_gru,F_R,17,SS_vs_seasonal,0.4179832740230468,1383540,001dcee8e81efda3,True,location-k4-fold0-seed0,0
prob_gru,F_R,17,SS_vs_ar,0.03891340128569254,1383540,001dcee8e81efda3,True,location-k4-fold0-seed0,0
prob_gru,F_R,18,MSE,378437.89680806047,1383540,001dcee8e81efda3,True,location-k4-fold0-seed0,0
prob_gru,F_R,18,MAE,402.9931815940158,1383540,001dcee8e81efda3,True,location-k4-fold0-seed0,0
prob_gru,F_R,18,SS_vs_persistence,0.3961988975148524,1383540,001dcee8e81efda3,True,location-k4-fold0-seed0,0
prob_gru,F_R,18,SS_vs_seasonal,0.4112131168280999,1383540,001dcee8e81efda3,True,location-k4-fold0-seed0,0
prob_gru,F_R,18,SS_vs_ar,0.040488465970729526,1383540,001dcee8e81efda3,True,location-k4-fold0-seed0,0
prob_gru,F_R,19,MSE,380669.22223594255,1383540,001dcee8e81efda3,True,location-k4-fold0-seed0,0
prob_gru,F_R,19,MAE,405.09053093484243,1383540,001dcee8e81efda3,True,location-k4-fold0-seed0,0
prob_gru,F_R,19,SS_vs_persistence,0.39029569407096054,1383540,001dcee8e81efda3,True,location-k4-fold0-seed0,0
prob_gru,F_R,19,SS_vs_seasonal,0.410444125460687,1383540,001dcee8e81efda3,True,location-k4-fold0-seed0,0
prob_gru,F_R,19,SS_vs_ar,0.04154137321952067,1383540,001dcee8e81efda3,True,location-k4-fold0-seed0,0
prob_gru,F_R,20,MSE,383302.2689185393,1383540,001dcee8e81efda3,True,location-k4-fold0-seed0,0
prob_gru,F_R,20,MAE,407.0388792838064,1383540,001dcee8e81efda3,True,location-k4-fold0-seed0,0
prob_gru,F_R,20,SS_vs_persistence,0.39353859371994226,1383540,001dcee8e81efda3,True,location-k4-fold0-seed0,0
prob_gru,F_R,20,SS_vs_seasonal,0.39659618626172566,1383540,001dcee8e81efda3,True,location-k4-fold0-seed0,0
prob_gru,F_R,20,SS_vs_ar,0.04303741634712588,1383540,001dcee8e81efda3,True,location-k4-fold0-seed0,0
prob_gru,F_R,21,MSE,384836.2184817666,1383540,001dcee8e81efda3,True,location-k4-fold0-seed0,0
prob_gru,F_R,21,MAE,408.313638471663,1383540,001dcee8e81efda3,True,location-k4-fold0-seed0,0
prob_gru,F_R,21,SS_vs_persistence,0.3823769167203285,1383540,001dcee8e81efda3,True,location-k4-fold0-seed0,0
prob_gru,F_R,21,SS_vs_seasonal,0.4184436283152084,1383540,001dcee8e81efda3,True,location-k4-fold0-seed0,0
prob_gru,F_R,21,SS_vs_ar,0.04617461218888819,1383540,001dcee8e81efda3,True,location-k4-fold0-seed0,0
prob_gru,F_R,22,MSE,387667.11481269187,1383540,001dcee8e81efda3,True,location-k4-fold0-seed0,0
prob_gru,F_R,22,MAE,411.1323751996837,1383540,001dcee8e81efda3,True,location-k4-fold0-seed0,0
prob_gru,F_R,22,SS_vs_persistence,0.38280132580086745,1383540,001dcee8e81efda3,True,location-k4-fold0-seed0,0
prob_gru,F_R,22,SS_vs_seasonal,0.4139492637915563,1383540,001dcee8e81efda3,True,location-k4-fold0-seed0,0
prob_gru,F_R,22,SS_vs_ar,0.04709104970703859,1383540,001dcee8e81efda3,True,location-k4-fold0-seed0,0
prob_gru,F_R,23,MSE,391440.3782315113,1383540,001dcee8e81efda3,True,location-k4-fold0-seed0,0
prob_gru,F_R,23,MAE,414.29081383908414,1383540,001dcee8e81efda3,True,location-k4-fold0-seed0,0
prob_gru,F_R,23,SS_vs_persistence,0.38581282815378404,1383540,001dcee8e81efda3,True,location-k4-fold0-seed0,0
prob_gru,F_R,23,SS_vs_seasonal,0.41011004361804504,1383540,001dcee8e81efda3,True,location-k4-fold0-seed0,0
prob_gru,F_R,23,SS_vs_ar,0.04662685253493637,1383540,001dcee8e81efda3,True,location-k4-fold0-seed0,0
prob_gru,F_R,24,MSE,395123.8059044695,1383540,001dcee8e81efda3,True,location-k4-fold0-seed0,0
prob_gru,F_R,24,MAE,416.7304677776167,1383540,001dcee8e81efda3,True,location-k4-fold0-seed0,0
prob_gru,F_R,24,SS_vs_persistence,0.3810806104006951,1383540,001dcee8e81efda3,True,location-k4-fold0-seed0,0
prob_gru,F_R,24,SS_vs_seasonal,0.4047293987755656,1383540,001dcee8e81efda3,True,location-k4-fold0-seed0,0
prob_gru,F_R,24,SS_vs_ar,0.04636732629146911,1383540,001dcee8e81efda3,True,location-k4-fold0-seed0,0
prob_gru,F_R,25,MSE,399632.66018160386,1383540,001dcee8e81efda3,True,location-k4-fold0-seed0,0
prob_gru,F_R,25,MAE,420.0691748202606,1383540,001dcee8e81efda3,True,location-k4-fold0-seed0,0
prob_gru,F_R,25,SS_vs_persistence,0.38078171895330626,1383540,001dcee8e81efda3,True,location-k4-fold0-seed0,0
prob_gru,F_R,25,SS_vs_seasonal,0.4012812928472419,1383540,001dcee8e81efda3,True,location-k4-fold0-seed0,0
prob_gru,F_R,25,SS_vs_ar,0.044660070514061956,1383540,001dcee8e81efda3,True,location-k4-fold0-seed0,0
prob_gru,F_R,26,MSE,404251.26021142275,1383540,001dcee8e81efda3,True,location-k4-fold0-seed0,0
prob_gru,F_R,26,MAE,422.9784752604877,1383540,001dcee8e81efda3,True,location-k4-fold0-seed0,0
prob_gru,F_R,26,SS_vs_persistence,0.3894926799423677,1383540,001dcee8e81efda3,True,location-k4-fold0-seed0,0
prob_gru,F_R,26,SS_vs_seasonal,0.39602524215532264,1383540,001dcee8e81efda3,True,location-k4-fold0-seed0,0
prob_gru,F_R,26,SS_vs_ar,0.04425693797872443,1383540,001dcee8e81efda3,True,location-k4-fold0-seed0,0
prob_gru,F_R,27,MSE,407154.788553375,1383540,001dcee8e81efda3,True,location-k4-fold0-seed0,0
prob_gru,F_R,27,MAE,424.9651463496248,1383540,001dcee8e81efda3,True,location-k4-fold0-seed0,0
prob_gru,F_R,27,SS_vs_persistence,0.394340311924952,1383540,001dcee8e81efda3,True,location-k4-fold0-seed0,0
prob_gru,F_R,27,SS_vs_seasonal,0.390830910159801,1383540,001dcee8e81efda3,True,location-k4-fold0-seed0,0
prob_gru,F_R,27,SS_vs_ar,0.04264471358280619,1383540,001dcee8e81efda3,True,location-k4-fold0-seed0,0
prob_gru,F_R,28,MSE,407419.14275826607,1383540,001dcee8e81efda3,True,location-k4-fold0-seed0,0
prob_gru,F_R,28,MAE,425.63939421580284,1383540,001dcee8e81efda3,True,location-k4-fold0-seed0,0
prob_gru,F_R,28,SS_vs_persistence,0.38769802058192837,1383540,001dcee8e81efda3,True,location-k4-fold0-seed0,0
prob_gru,F_R,28,SS_vs_seasonal,0.3889181042211768,1383540,001dcee8e81efda3,True,location-k4-fold0-seed0,0
prob_gru,F_R,28,SS_vs_ar,0.043033364951231445,1383540,001dcee8e81efda3,True,location-k4-fold0-seed0,0
prob_gru,F_R,29,MSE,410563.0138052244,1383540,001dcee8e81efda3,True,location-k4-fold0-seed0,0
prob_gru,F_R,29,MAE,427.6186813434312,1383540,001dcee8e81efda3,True,location-k4-fold0-seed0,0
prob_gru,F_R,29,SS_vs_persistence,0.38763128049523343,1383540,001dcee8e81efda3,True,location-k4-fold0-seed0,0
prob_gru,F_R,29,SS_vs_seasonal,0.38507359613463166,1383540,001dcee8e81efda3,True,location-k4-fold0-seed0,0
prob_gru,F_R,29,SS_vs_ar,0.04343176194183607,1383540,001dcee8e81efda3,True,location-k4-fold0-seed0,0
prob_gru,F_R,30,MSE,411641.9715671932,1383540,001dcee8e81efda3,True,location-k4-fold0-seed0,0
prob_gru,F_R,30,MAE,428.97002101952603,1383540,001dcee8e81efda3,True,location-k4-fold0-seed0,0
prob_gru,F_R,30,SS_vs_persistence,0.37024138990659905,1383540,001dcee8e81efda3,True,location-k4-fold0-seed0,0
prob_gru,F_R,30,SS_vs_seasonal,0.3725229178595151,1383540,001dcee8e81efda3,True,location-k4-fold0-seed0,0
prob_gru,F_R,30,SS_vs_ar,0.04260298785698091,1383540,001dcee8e81efda3,True,location-k4-fold0-seed0,0
prob_gru,F_R,all,MSE,362096.05486603087,1383540,001dcee8e81efda3,True,location-k4-fold0-seed0,0
prob_gru,F_R,all,MAE,391.4420000996626,1383540,001dcee8e81efda3,True,location-k4-fold0-seed0,0
prob_gru,F_R,all,SS_vs_persistence,0.389970345923341,1383540,001dcee8e81efda3,True,location-k4-fold0-seed0,0
prob_gru,F_R,all,SS_vs_seasonal,0.4231215763219869,1383540,001dcee8e81efda3,True,location-k4-fold0-seed0,0
prob_gru,F_R,all,SS_vs_ar,0.03591074341046141,1383540,001dcee8e81efda3,True,location-k4-fold0-seed0,0
prob_gru,CoPx_R,1,MSE,0.014940331033716656,1356976,001dcee8e81efda3,True,location-k4-fold0-seed0,0
prob_gru,CoPx_R,1,MAE,0.08625981093491364,1356976,001dcee8e81efda3,True,location-k4-fold0-seed0,0
prob_gru,CoPx_R,1,SS_vs_persistence,0.3373196736830929,1356976,001dcee8e81efda3,True,location-k4-fold0-seed0,0
prob_gru,CoPx_R,1,SS_vs_seasonal,0.5455044820837918,1356976,001dcee8e81efda3,True,location-k4-fold0-seed0,0
prob_gru,CoPx_R,1,SS_vs_ar,-0.021057047989492927,1356976,001dcee8e81efda3,True,location-k4-fold0-seed0,0
prob_gru,CoPx_R,2,MSE,0.016209268054096115,1356976,001dcee8e81efda3,True,location-k4-fold0-seed0,0
prob_gru,CoPx_R,2,MAE,0.09011925957756017,1356976,001dcee8e81efda3,True,location-k4-fold0-seed0,0
prob_gru,CoPx_R,2,SS_vs_persistence,0.3552179027017117,1356976,001dcee8e81efda3,True,location-k4-fold0-seed0,0
prob_gru,CoPx_R,2,SS_vs_seasonal,0.509006502098929,1356976,001dcee8e81efda3,True,location-k4-fold0-seed0,0
prob_gru,CoPx_R,2,SS_vs_ar,-0.013241840373086289,1356976,001dcee8e81efda3,True,location-k4-fold0-seed0,0
prob_gru,CoPx_R,3,MSE,0.017164957871790572,1356976,001dcee8e81efda3,True,location-k4-fold0-seed0,0
prob_gru,CoPx_R,3,MAE,0.09315551401907177,1356976,001dcee8e81efda3,True,location-k4-fold0-seed0,0
prob_gru,CoPx_R,3,SS_vs_persistence,0.37163028791881636,1356976,001dcee8e81efda3,True,location-k4-fold0-seed0,0
prob_gru,CoPx_R,3,SS_vs_seasonal,0.48112755711183686,1356976,001dcee8e81efda3,True,location-k4-fold0-seed0,0
prob_gru,CoPx_R,3,SS_vs_ar,-0.014410407539875214,1356976,001dcee8e81efda3,True,location-k4-fold0-seed0,0
prob_gru,CoPx_R,4,MSE,0.01778090857488795,1356976,001dcee8e81efda3,True,location-k4-fold0-seed0,0
prob_gru,CoPx_R,4,MAE,0.094812665587523,1356976,001dcee8e81efda3,True,location-k4-fold0-seed0,0
prob_gru,CoPx_R,4,SS_vs_persistence,0.3710657834284252,1356976,001dcee8e81efda3,True,location-k4-fold0-seed0,0
prob_gru,CoPx_R,4,SS_vs_seasonal,0.46249173583753755,1356976,001dcee8e81efda3,True,location-k4-fold0-seed0,0
prob_gru,CoPx_R,4,SS_vs_ar,-0.01075100202256385,1356976,001dcee8e81efda3,True,location-k4-fold0-seed0,0
prob_gru,CoPx_R,5,MSE,0.018361397442366482,1356976,001dcee8e81efda3,True,location-k4-fold0-seed0,0
prob_gru,CoPx_R,5,MAE,0.09621984269764887,1356976,001dcee8e81efda3,True,location-k4-fold0-seed0,0
prob_gru,CoPx_R,5,SS_vs_persistence,0.3887200379827449,1356976,001dcee8e81efda3,True,location-k4-fold0-seed0,0
prob_gru,CoPx_R,5,SS_vs_seasonal,0.4460861087403347,1356976,001dcee8e81efda3,True,location-k4-fold0-seed0,0
prob_gru,CoPx_R,5,SS_vs_ar,-0.005674216941270238,1356976,001dcee8e81efda3,True,location-k4-fold0-seed0,0
prob_gru,CoPx_R,6,MSE,0.018828266688624733,1356976,001dcee8e81efda3,True,location-k4-fold0-seed0,0
prob_gru,CoPx_R,6,MAE,0.09725253886883378,1356976,001dcee8e81efda3,True,location-k4-fold0-seed0,0
prob_gru,CoPx_R,6,SS_vs_persistence,0.373874759990531,1356976,001dcee8e81efda3,True,location-k4-fold0-seed0,0
prob_gru,CoPx_R,6,SS_vs_seasonal,0.4316661178094122,1356976,001dcee8e81efda3,True,location-k4-fold0-seed0,0
prob_gru,CoPx_R,6,SS_vs_ar,-0.007021998845454291,1356976,001dcee8e81efda3,True,location-k4-fold0-seed0,0
prob_gru,CoPx_R,7,MSE,0.019336055463457985,1356976,001dcee8e81efda3,True,location-k4-fold0-seed0,0
prob_gru,CoPx_R,7,MAE,0.09858423114121412,1356976,001dcee8e81efda3,True,location-k4-fold0-seed0,0
prob_gru,CoPx_R,7,SS_vs_persistence,0.38660195720003077,1356976,001dcee8e81efda3,True,location-k4-fold0-seed0,0
prob_gru,CoPx_R,7,SS_vs_seasonal,0.4167039677064839,1356976,001dcee8e81efda3,True,location-k4-fold0-seed0,0
prob_gru,CoPx_R,7,SS_vs_ar,-0.005605465910492935,1356976,001dcee8e81efda3,True,location-k4-fold0-seed0,0
prob_gru,CoPx_R,8,MSE,0.019691412463967724,1356976,001dcee8e81efda3,True,location-k4-fold0-seed0,0
prob_gru,CoPx_R,8,MAE,0.09952170212718243,1356976,001dcee8e81efda3,True,location-k4-fold0-seed0,0
prob_gru,CoPx_R,8,SS_vs_persistence,0.37599238391234957,1356976,001dcee8e81efda3,True,location-k4-fold0-seed0,0
prob_gru,CoPx_R,8,SS_vs_seasonal,0.40635854998428156,1356976,001dcee8e81efda3,True,location-k4-fold0-seed0,0
prob_gru,CoPx_R,8,SS_vs_ar,-0.0038637217062365004,1356976,001dcee8e81efda3,True,location-k4-fold0-seed0,0
prob_gru,CoPx_R,9,MSE,0.02017967540585059,1356976,001dcee8e81efda3,True,location-k4-fold0-seed0,0
prob_gru,CoPx_R,9,MAE,0.10070108690418993,1356976,001dcee8e81efda3,True,location-k4-fold0-seed0,0
prob_gru,CoPx_R,9,SS_vs_persistence,0.3734764468919547,1356976,001dcee8e81efda3,True,location-k4-fold0-seed0,0
prob_gru,CoPx_R,9,SS_vs_seasonal,0.38996202374665845,1356976,001dcee8e81efda3,True,location-k4-fold0-seed0,0
prob_gru,CoPx_R,9,SS_vs_ar,-0.004303811256276102,1356976,001dcee8e81efda3,True,location-k4-fold0-seed0,0
prob_gru,CoPx_R,10,MSE,0.020610300409268176,1356976,001dcee8e81efda3,True,location-k4-fold0-seed0,0
prob_gru,CoPx_R,10,MAE,0.10167982709767714,1356976,001dcee8e81efda3,True,location-k4-fold0-seed0,0
prob_gru,CoPx_R,10,SS_vs_persistence,0.37524642212849757,1356976,001dcee8e81efda3,True,location-k4-fold0-seed0,0
prob_gru,CoPx_R,10,SS_vs_seasonal,0.37949655249451664,1356976,001dcee8e81efda3,True,location-k4-fold0-seed0,0
prob_gru,CoPx_R,10,SS_vs_ar,-0.003452988298712212,1356976,001dcee8e81efda3,True,location-k4-fold0-seed0,0
prob_gru,CoPx_R,11,MSE,0.020971564716147882,1356976,001dcee8e81efda3,True,location-k4-fold0-seed0,0
prob_gru,CoPx_R,11,MAE,0.10258959256835364,1356976,001dcee8e81efda3,True,location-k4-fold0-seed0,0
prob_gru,CoPx_R,11,SS_vs_persistence,0.3879030865833185,1356976,001dcee8e81efda3,True,location-k4-fold0-seed0,0
prob_gru,CoPx_R,11,SS_vs_seasonal,0.4478992128935868,1356976,001dcee8e81efda3,True,location-k4-fold0-seed0,0
prob_gru,CoPx_R,11,SS_vs_ar,-0.001378730927269034,1356976,001dcee8e81efda3,True,location-k4-fold0-seed0,0
prob_gru,CoPx_R,12,MSE,0.021218349525166994,1356976,001dcee8e81efda3,True,location-k4-fold0-seed0,0
prob_gru,CoPx_R,12,MAE,0.1032341460644458,1356976,001dcee8e81efda3,True,location-k4-fold0-seed0,0
prob_gru,CoPx_R,12,SS_vs_persistence,0.39310513587310203,1356976,001dcee8e81efda3,True,location-k4-fold0-seed0,0
prob_gru,CoPx_R,12,SS_vs_seasonal,0.44240542553444995,1356976,001dcee8e81efda3,True,location-k4-fold0-seed0,0
prob_gru,CoPx_R,12,SS_vs_ar,-0.0017648455903465088,1356976,001dcee8e81efda3,True,location-k4-fold0-seed0,0
prob_gru,CoPx_R,13,MSE,0.021428121857395253,1356976,001dcee8e81efda3,True,location-k4-fold0-seed0,0
prob_gru,CoPx_R,13,MAE,0.10384778293954817,1356976,001dcee8e81efda3,True,location-k4-fold0-seed0,0
prob_gru,CoPx_R,13,SS_vs_persistence,0.3940430697255439,1356976,001dcee8e81efda3,True,location-k4-fold0-seed0,0
prob_gru,CoPx_R,13,SS_vs_seasonal,0.4353104363362208,1356976,001dcee8e81efda3,True,location-k4-fold0-seed0,0
prob_gru,CoPx_R,13,SS_vs_ar,-0.0004431524778081286,1356976,001dcee8e81efda3,True,location-k4-fold0-seed0,0
prob_gru,CoPx_R,14,MSE,0.021564972976354582,1356976,001dcee8e81efda3,True,location-k4-fold0-seed0,0
prob_gru,CoPx_R,14,MAE,0.10414440868103189,1356976,001dcee8e81efda3,True,location-k4-fold0-seed0,0
prob_gru,CoPx_R,14,SS_vs_persistence,0.39190407838056207,1356976,001dcee8e81efda3,True,location-k4-fold0-seed0,0
prob_gru,CoPx_R,14,SS_vs_seasonal,0.43168999522751583,1356976,001dcee8e81efda3,True,location-k4-fold0-seed0,0
prob_gru,CoPx_R,14,SS_vs_ar,0.00019261661187308654,1356976,001dcee8e81efda3,True,location-k4-fold0-seed0,0
prob_gru,CoPx_R,15,MSE,0.021803402717435794,1356976,001dcee8e81efda3,True,location-k4-fold0-seed0,0
prob_gru,CoPx_R,15,MAE,0.10476742489219777,1356976,001dcee8e81efda3,True,location-k4-fold0-seed0,0
prob_gru,CoPx_R,15,SS_vs_persistence,0.3941537172764087,1356976,001dcee8e81efda3,True,location-k4-fold0-seed0,0
prob_gru,CoPx_R,15,SS_vs_seasonal,0.4248822501901568,1356976,001dcee8e81efda3,True,location-k4-fold0-seed0,0
prob_gru,CoPx_R,15,SS_vs_ar,0.000777611235954434,1356976,001dcee8e81efda3,True,location-k4-fold0-seed0,0
prob_gru,CoPx_R,16,MSE,0.021972636356656552,1356976,001dcee8e81efda3,True,location-k4-fold0-seed0,0
prob_gru,CoPx_R,16,MAE,0.10535844190308565,1356976,001dcee8e81efda3,True,location-k4-fold0-seed0,0
prob_gru,CoPx_R,16,SS_vs_persistence,0.3973550607695979,1356976,001dcee8e81efda3,True,location-k4-fold0-seed0,0
prob_gru,CoPx_R,16,SS_vs_seasonal,0.41972710518449696,1356976,001dcee8e81efda3,True,location-k4-fold0-seed0,0
prob_gru,CoPx_R,16,SS_vs_ar,-0.00025023739404006484,1356976,001dcee8e81efda3,True,location-k4-fold0-seed0,0
prob_gru,CoPx_R,17,MSE,0.02208678659042981,1356976,001dcee8e81efda3,True,location-k4-fold0-seed0,0
prob_gru,CoPx_R,17,MAE,0.1057966215170012,1356976,001dcee8e81efda3,True,location-k4-fold0-seed0,0
prob_gru,CoPx_R,17,SS_vs_persistence,0.3999981648497728,1356976,001dcee8e81efda3,True,location-k4-fold0-seed0,0
prob_gru,CoPx_R,17,SS_vs_seasonal,0.4153761764081756,1356976,001dcee8e81efda3,True,location-k4-fold0-seed0,0
prob_gru,CoPx_R,17,SS_vs_ar,0.0004856147681423506,1356976,001dcee8e81efda3,True,location-k4-fold0-seed0,0
prob_gru,CoPx_R,18,MSE,0.022271599063948332,1356976,001dcee8e81efda3,True,location-k4-fold0-seed0,0
prob_gru,CoPx_R,18,MAE,0.10637195174807962,1356976,001dcee8e81efda3,True,location-k4-fold0-seed0,0
prob_gru,CoPx_R,18,SS_vs_persistence,0.4077803476361128,1356976,001dcee8e81efda3,True,location-k4-fold0-seed0,0
prob_gru,CoPx_R,18,SS_vs_seasonal,0.4112571530482493,1356976,001dcee8e81efda3,True,location-k4-fold0-seed0,0
prob_gru,CoPx_R,18,SS_vs_ar,0.0014793421249779115,1356976,001dcee8e81efda3,True,location-k4-fold0-seed0,0
prob_gru,CoPx_R,19,MSE,0.022376372496434035,1356976,001dcee8e81efda3,True,location-k4-fold0-seed0,0
prob_gru,CoPx_R,19,MAE,0.1066986517865413,1356976,001dcee8e81efda3,True,location-k4-fold0-seed0,0
prob_gru,CoPx_R,19,SS_vs_persistence,0.40455269215741374,1356976,001dcee8e81efda3,True,location-k4-fold0-seed0,0
prob_gru,CoPx_R,19,SS_vs_seasonal,0.40731647059595144,1356976,001dcee8e81efda3,True,location-k4-fold0-seed0,0
prob_gru,CoPx_R,19,SS_vs_ar,0.0012297158696337185,1356976,001dcee8e81efda3,True,location-k4-fold0-seed0,0
prob_gru,CoPx_R,20,MSE,0.02251127592322323,1356976,001dcee8e81efda3,True,location-k4-fold0-seed0,0
prob_gru,CoPx_R,20,MAE,0.10703288290026167,1356976,001dcee8e81efda3,True,location-k4-fold0-seed0,0
prob_gru,CoPx_R,20,SS_vs_persistence,0.4019951600640389,1356976,001dcee8e81efda3,True,location-k4-fold0-seed0,0
prob_gru,CoPx_R,20,SS_vs_seasonal,0.4042983528030365,1356976,001dcee8e81efda3,True,location-k4-fold0-seed0,0
prob_gru,CoPx_R,20,SS_vs_ar,0.0008839401950785364,1356976,001dcee8e81efda3,True,location-k4-fold0-seed0,0
prob_gru,CoPx_R,21,MSE,0.022678340794573804,1356976,001dcee8e81efda3,True,location-k4-fold0-seed0,0
prob_gru,CoPx_R,21,MAE,0.10745344288385852,1356976,001dcee8e81efda3,True,location-k4-fold0-seed0,0
prob_gru,CoPx_R,21,SS_vs_persistence,0.4062799836209138,1356976,001dcee8e81efda3,True,location-k4-fold0-seed0,0
prob_gru,CoPx_R,21,SS_vs_seasonal,0.44280782225778414,1356976,001dcee8e81efda3,True,location-k4-fold0-seed0,0
prob_gru,CoPx_R,21,SS_vs_ar,0.000946352636032266,1356976,001dcee8e81efda3,True,location-k4-fold0-seed0,0
prob_gru,CoPx_R,22,MSE,0.02281242302125703,1356976,001dcee8e81efda3,True,location-k4-fold0-seed0,0
prob_gru,CoPx_R,22,MAE,0.10780432237316147,1356976,001dcee8e81efda3,True,location-k4-fold0-seed0,0
prob_gru,CoPx_R,22,SS_vs_persistence,0.3993592978777426,1356976,001dcee8e81efda3,True,location-k4-fold0-seed0,0
prob_gru,CoPx_R,22,SS_vs_seasonal,0.4385080753302455,1356976,001dcee8e81efda3,True,location-k4-fold0-seed0,0
prob_gru,CoPx_R,22,SS_vs_ar,0.001271885247180693,1356976,001dcee8e81efda3,True,location-k4-fold0-seed0,0
prob_gru,CoPx_R,23,MSE,0.023040418784595097,1356976,001dcee8e81efda3,True,location-k4-fold0-seed0,0
prob_gru,CoPx_R,23,MAE,0.10827893731879729,1356976,001dcee8e81efda3,True,location-k4-fold0-seed0,0
prob_gru,CoPx_R,23,SS_vs_persistence,0.39846521192886664,1356976,001dcee8e81efda3,True,location-k4-fold0-seed0,0
prob_gru,CoPx_R,23,SS_vs_seasonal,0.4342464104245679,1356976,001dcee8e81efda3,True,location-k4-fold0-seed0,0
prob_gru,CoPx_R,23,SS_vs_ar,0.0012073208700932314,1356976,001dcee8e81efda3,True,location-k4-fold0-seed0,0
prob_gru,CoPx_R,24,MSE,0.02319376026832928,1356976,001dcee8e81efda3,True,location-k4-fold0-seed0,0
prob_gru,CoPx_R,24,MAE,0.10870648880715723,1356976,001dcee8e81efda3,True,location-k4-fold0-seed0,0
prob_gru,CoPx_R,24,SS_vs_persistence,0.40371902679728056,1356976,001dcee8e81efda3,True,location-k4-fold0-seed0,0
prob_gru,CoPx_R,24,SS_vs_seasonal,0.4300752018482591,1356976,001dcee8e81efda3,True,location-k4-fold0-seed0,0
prob_gru,CoPx_R,24,SS_vs_ar,0.00011699088591365925,1356976,001dcee8e81efda3,True,location-k4-fold0-seed0,0
prob_gru,CoPx_R,25,MSE,0.023377386336787324,1356976,001dcee8e81efda3,True,location-k4-fold0-seed0,0
prob_gru,CoPx_R,25,MAE,0.10921195431304874,1356976,001dcee8e81efda3,True,location-k4-fold0-seed0,0
prob_gru,CoPx_R,25,SS_vs_persistence,0.41694566053913285,1356976,001dcee8e81efda3,True,location-k4-fold0-seed0,0
prob_gru,CoPx_R,25,SS_vs_seasonal,0.42628098994969277,1356976,001dcee8e81efda3,True,location-k4-fold0-seed0,0
prob_gru,CoPx_R,25,SS_vs_ar,0.0002182582214286244,1356976,001dcee8e81efda3,True,location-k4-fold0-seed0,0
prob_gru,CoPx_R,26,MSE,0.02342525810553972,1356976,001dcee8e81efda3,True,location-k4-fold0-seed0,0
prob_gru,CoPx_R,26,MAE,0.10937877208777803,1356976,001dcee8e81efda3,True,location-k4-fold0-seed0,0
prob_gru,CoPx_R,26,SS_vs_persistence,0.4213881877433595,1356976,001dcee8e81efda3,True,location-k4-fold0-seed0,0
prob_gru,CoPx_R,26,SS_vs_seasonal,0.42527946154632223,1356976,001dcee8e81efda3,True,location-k4-fold0-seed0,0
prob_gru,CoPx_R,26,SS_vs_ar,0.0005480497519384508,1356976,001dcee8e81efda3,True,location-k4-fold0-seed0,0
prob_gru,CoPx_R,27,MSE,0.02350501503878406,1356976,001dcee8e81efda3,True,location-k4-fold0-seed0,0
prob_gru,CoPx_R,27,MAE,0.10954651347945814,1356976,001dcee8e81efda3,True,location-k4-fold0-seed0,0
prob_gru,CoPx_R,27,SS_vs_persistence,0.4227045748019087,1356976,001dcee8e81efda3,True,location-k4-fold0-seed0,0
prob_gru,CoPx_R,27,SS_vs_seasonal,0.4229033543987528,1356976,001dcee8e81efda3,True,location-k4-fold0-seed0,0
prob_gru,CoPx_R,27,SS_vs_ar,0.0008999343360320822,1356976,001dcee8e81efda3,True,location-k4-fold0-seed0,0
prob_gru,CoPx_R,28,MSE,0.02355764641385353,1356976,001dcee8e81efda3,True,location-k4-fold0-seed0,0
prob_gru,CoPx_R,28,MAE,0.10970121804798588,1356976,001dcee8e81efda3,True,location-k4-fold0-seed0,0
prob_gru,CoPx_R,28,SS_vs_persistence,0.42560704347182465,1356976,001dcee8e81efda3,True,location-k4-fold0-seed0,0
prob_gru,CoPx_R,28,SS_vs_seasonal,0.421173850806548,1356976,001dcee8e81efda3,True,location-k4-fold0-seed0,0
prob_gru,CoPx_R,28,SS_vs_ar,0.0018680474161898442,1356976,001dcee8e81efda3,True,location-k4-fold0-seed0,0
prob_gru,CoPx_R,29,MSE,0.023564373749343254,1356976,001dcee8e81efda3,True,location-k4-fold0-seed0,0
prob_gru,CoPx_R,29,MAE,0.10973068446838276,1356976,001dcee8e81efda3,True,location-k4-fold0-seed0,0
prob_gru,CoPx_R,29,SS_vs_persistence,0.428427115043409,1356976,001dcee8e81efda3,True,location-k4-fold0-seed0,0
prob_gru,CoPx_R,29,SS_vs_seasonal,0.420757766676389,1356976,001dcee8e81efda3,True,location-k4-fold0-seed0,0
prob_gru,CoPx_R,29,SS_vs_ar,0.0028416575715606296,1356976,001dcee8e81efda3,True,location-k4-fold0-seed0,0
prob_gru,CoPx_R,30,MSE,0.02355750728998156,1356976,001dcee8e81efda3,True,location-k4-fold0-seed0,0
prob_gru,CoPx_R,30,MAE,0.10968028155754529,1356976,001dcee8e81efda3,True,location-k4-fold0-seed0,0
prob_gru,CoPx_R,30,SS_vs_persistence,0.4217463865248472,1356976,001dcee8e81efda3,True,location-k4-fold0-seed0,0
prob_gru,CoPx_R,30,SS_vs_seasonal,0.4197724113930653,1356976,001dcee8e81efda3,True,location-k4-fold0-seed0,0
prob_gru,CoPx_R,30,SS_vs_ar,0.004156882455897959,1356976,001dcee8e81efda3,True,location-k4-fold0-seed0,0
prob_gru,CoPx_R,all,MSE,0.02113552567268347,1356976,001dcee8e81efda3,True,location-k4-fold0-seed0,0
prob_gru,CoPx_R,all,MAE,0.10325877007748725,1356976,001dcee8e81efda3,True,location-k4-fold0-seed0,0
prob_gru,CoPx_R,all,SS_vs_persistence,0.3970178949316292,1356976,001dcee8e81efda3,True,location-k4-fold0-seed0,0
prob_gru,CoPx_R,all,SS_vs_seasonal,0.43226394217169806,1356976,001dcee8e81efda3,True,location-k4-fold0-seed0,0
prob_gru,CoPx_R,all,SS_vs_ar,-0.001842578827374819,1356976,001dcee8e81efda3,True,location-k4-fold0-seed0,0
prob_gru,CoPy_R,1,MSE,0.0242658444988542,1356976,001dcee8e81efda3,True,location-k4-fold0-seed0,0
prob_gru,CoPy_R,1,MAE,0.11409110889050748,1356976,001dcee8e81efda3,True,location-k4-fold0-seed0,0
prob_gru,CoPy_R,1,SS_vs_persistence,0.4111960569833022,1356976,001dcee8e81efda3,True,location-k4-fold0-seed0,0
prob_gru,CoPy_R,1,SS_vs_seasonal,0.5120549191118791,1356976,001dcee8e81efda3,True,location-k4-fold0-seed0,0
prob_gru,CoPy_R,1,SS_vs_ar,-0.0013289749947116292,1356976,001dcee8e81efda3,True,location-k4-fold0-seed0,0
prob_gru,CoPy_R,2,MSE,0.02513418509780434,1356976,001dcee8e81efda3,True,location-k4-fold0-seed0,0
prob_gru,CoPy_R,2,MAE,0.11674138386280838,1356976,001dcee8e81efda3,True,location-k4-fold0-seed0,0
prob_gru,CoPy_R,2,SS_vs_persistence,0.44569556014872647,1356976,001dcee8e81efda3,True,location-k4-fold0-seed0,0
prob_gru,CoPy_R,2,SS_vs_seasonal,0.49730318787245087,1356976,001dcee8e81efda3,True,location-k4-fold0-seed0,0
prob_gru,CoPy_R,2,SS_vs_ar,0.0007012357113446166,1356976,001dcee8e81efda3,True,location-k4-fold0-seed0,0
prob_gru,CoPy_R,3,MSE,0.025555521470467267,1356976,001dcee8e81efda3,True,location-k4-fold0-seed0,0
prob_gru,CoPy_R,3,MAE,0.11800931041249264,1356976,001dcee8e81efda3,True,location-k4-fold0-seed0,0
prob_gru,CoPy_R,3,SS_vs_persistence,0.4499758580713372,1356976,001dcee8e81efda3,True,location-k4-fold0-seed0,0
prob_gru,CoPy_R,3,SS_vs_seasonal,0.4893304877616206,1356976,001dcee8e81efda3,True,location-k4-fold0-seed0,0
prob_gru,CoPy_R,3,SS_vs_ar,-0.0021411744086266005,1356976,001dcee8e81efda3,True,location-k4-fold0-seed0,0
prob_gru,CoPy_R,4,MSE,0.025830085032136914,1356976,001dcee8e81efda3,True,location-k4-fold0-seed0,0
prob_gru,CoPy_R,4,MAE,0.11869465412117898,1356976,001dcee8e81efda3,True,location-k4-fold0-seed0,0
prob_gru,CoPy_R,4,SS_vs_persistence,0.44799230838541515,1356976,001dcee8e81efda3,True,location-k4-fold0-seed0,0
prob_gru,CoPy_R,4,SS_vs_seasonal,0.48312470237372396,1356976,001dcee8e81efda3,True,location-k4-fold0-seed0,0
prob_gru,CoPy_R,4,SS_vs_ar,-0.002979020252214193,1356976,001dcee8e81efda3,True,location-k4-fold0-seed0,0
prob_gru,CoPy_R,5,MSE,0.026081578275460586,1356976,001dcee8e81efda3,True,location-k4-fold0-seed0,0
prob_gru,CoPy_R,5,MAE,0.1193660884176374,1356976,001dcee8e81efda3,True,location-k4-fold0-seed0,0
prob_gru,CoPy_R,5,SS_vs_persistence,0.45096276890872244,1356976,001dcee8e81efda3,True,location-k4-fold0-seed0,0
prob_gru,CoPy_R,5,SS_vs_seasonal,0.4785150791343564,1356976,001dcee8e81efda3,True,location-k4-fold0-seed0,0
prob_gru,CoPy_R,5,SS_vs_ar,-0.0023129455082855355,1356976,001dcee8e81efda3,True,location-k4-fold0-seed0,0
prob_gru,CoPy_R,6,MSE,0.026278485147331512,1356976,001dcee8e81efda3,True,location-k4-fold0-seed0,0
prob_gru,CoPy_R,6,MAE,0.11982948741420046,1356976,001dcee8e81efda3,True,location-k4-fold0-seed0,0
prob_gru,CoPy_R,6,SS_vs_persistence,0.4320677251672792,1356976,001dcee8e81efda3,True,location-k4-fold0-seed0,0
prob_gru,CoPy_R,6,SS_vs_seasonal,0.47555862335260735,1356976,001dcee8e81efda3,True,location-k4-fold0-seed0,0
prob_gru,CoPy_R,6,SS_vs_ar,-0.0017996445016443818,1356976,001dcee8e81efda3,True,location-k4-fold0-seed0,0
prob_gru,CoPy_R,7,MSE,0.02659601155436546,1356976,001dcee8e81efda3,True,location-k4-fold0-seed0,0
prob_gru,CoPy_R,7,MAE,0.12054514487846814,1356976,001dcee8e81efda3,True,location-k4-fold0-seed0,0
prob_gru,CoPy_R,7,SS_vs_persistence,0.45097025116780975,1356976,001dcee8e81efda3,True,location-k4-fold0-seed0,0
prob_gru,CoPy_R,7,SS_vs_seasonal,0.4682733977473733,1356976,001dcee8e81efda3,True,location-k4-fold0-seed0,0
prob_gru,CoPy_R,7,SS_vs_ar,-0.00019333430566925713,1356976,001dcee8e81efda3,True,location-k4-fold0-seed0,0
prob_gru,CoPy_R,8,MSE,0.026730384586102815,1356976,001dcee8e81efda3,True,location-k4-fold0-seed0,0
prob_gru,CoPy_R,8,MAE,0.12097318936630837,1356976,001dcee8e81efda3,True,location-k4-fold0-seed0,0
prob_gru,CoPy_R,8,SS_vs_persistence,0.4505839407995239,1356976,001dcee8e81efda3,True,location-k4-fold0-seed0,0
prob_gru,CoPy_R,8,SS_vs_seasonal,0.4662711065424965,1356976,001dcee8e81efda3,True,location-k4-fold0-seed0,0
prob_gru,CoPy_R,8,SS_vs_ar,0.00201960670550283,1356976,001dcee8e81efda3,True,location-k4-fold0-seed0,0
prob_gru,CoPy_R,9,MSE,0.026884985224202865,1356976,001dcee8e81efda3,True,location-k4-fold0-seed0,0
prob_gru,CoPy_R,9,MAE,0.12136663319279964,1356976,001dcee8e81efda3,True,location-k4-fold0-seed0,0
prob_gru,CoPy_R,9,SS_vs_persistence,0.4577204059176522,1356976,001dcee8e81efda3,True,location-k4-fold0-seed0,0
prob_gru,CoPy_R,9,SS_vs_seasonal,0.4627969673846368,1356976,001dcee8e81efda3,True,location-k4-fold0-seed0,0
prob_gru,CoPy_R,9,SS_vs_ar,0.0011980622672864705,1356976,001dcee8e81efda3,True,location-k4-fold0-seed0,0
prob_gru,CoPy_R,10,MSE,0.026974801822909105,1356976,001dcee8e81efda3,True,location-k4-fold0-seed0,0
prob_gru,CoPy_R,10,MAE,0.1215577853193065,1356976,001dcee8e81efda3,True,location-k4-fold0-seed0,0
prob_gru,CoPy_R,10,SS_vs_persistence,0.4580142413485697,1356976,001dcee8e81efda3,True,location-k4-fold0-seed0,0
prob_gru,CoPy_R,10,SS_vs_seasonal,0.46082321185066755,1356976,001dcee8e81efda3,True,location-k4-fold0-seed0,0
prob_gru,CoPy_R,10,SS_vs_ar,0.0007081361164262834,1356976,001dcee8e81efda3,True,location-k4-fold0-seed0,0
prob_gru,CoPy_R,11,MSE,0.027128139444964294,1356976,001dcee8e81efda3,True,location-k4-fold0-seed0,0
prob_gru,CoPy_R,11,MAE,0.12188785849332562,1356976,001dcee8e81efda3,True,location-k4-fold0-seed0,0
prob_gru,CoPy_R,11,SS_vs_persistence,0.4671049098255763,1356976,001dcee8e81efda3,True,location-k4-fold0-seed0,0
prob_gru,CoPy_R,11,SS_vs_seasonal,0.48393198496723444,1356976,001dcee8e81efda3,True,location-k4-fold0-seed0,0
prob_gru,CoPy_R,11,SS_vs_ar,-0.0004988425875533942,1356976,001dcee8e81efda3,True,location-k4-fold0-seed0,0
prob_gru,CoPy_R,12,MSE,0.027192995347891023,1356976,001dcee8e81efda3,True,location-k4-fold0-seed0,0
prob_gru,CoPy_R,12,MAE,0.12207947438645167,1356976,001dcee8e81efda3,True,location-k4-fold0-seed0,0
prob_gru,CoPy_R,12,SS_vs_persistence,0.4609270005631152,1356976,001dcee8e81efda3,True,location-k4-fold0-seed0,0
prob_gru,CoPy_R,12,SS_vs_seasonal,0.4809388013319388,1356976,001dcee8e81efda3,True,location-k4-fold0-seed0,0
prob_gru,CoPy_R,12,SS_vs_ar,-0.0015077216612255917,1356976,001dcee8e81efda3,True,location-k4-fold0-seed0,0
prob_gru,CoPy_R,13,MSE,0.02726657531034075,1356976,001dcee8e81efda3,True,location-k4-fold0-seed0,0
prob_gru,CoPy_R,13,MAE,0.12233457441635931,1356976,001dcee8e81efda3,True,location-k4-fold0-seed0,0
prob_gru,CoPy_R,13,SS_vs_persistence,0.47326540727876365,1356976,001dcee8e81efda3,True,location-k4-fold0-seed0,0
prob_gru,CoPy_R,13,SS_vs_seasonal,0.4789060645795813,1356976,001dcee8e81efda3,True,location-k4-fold0-seed0,0
prob_gru,CoPy_R,13,SS_vs_ar,-0.00126613936041986,1356976,001dcee8e81efda3,True,location-k4-fold0-seed0,0
prob_gru,CoPy_R,14,MSE,0.02724217047731189,1356976,001dcee8e81efda3,True,location-k4-fold0-seed0,0
prob_gru,CoPy_R,14,MAE,0.12233869967582978,1356976,001dcee8e81efda3,True,location-k4-fold0-seed0,0
prob_gru,CoPy_R,14,SS_vs_persistence,0.4674821905369434,1356976,001dcee8e81efda3,True,location-k4-fold0-seed0,0
prob_gru,CoPy_R,14,SS_vs_seasonal,0.4783671639243938,1356976,001dcee8e81efda3,True,location-k4-fold0-seed0,0
prob_gru,CoPy_R,14,SS_vs_ar,0.00011180125111254213,1356976,001dcee8e81efda3,True,location-k4-fold0-seed0,0
prob_gru,CoPy_R,15,MSE,0.02728548247561983,1356976,001dcee8e81efda3,True,location-k4-fold0-seed0,0
prob_gru,CoPy_R,15,MAE,0.12239922462123687,1356976,001dcee8e81efda3,True,location-k4-fold0-seed0,0
prob_gru,CoPy_R,15,SS_vs_persistence,0.46113357251754006,1356976,001dcee8e81efda3,True,location-k4-fold0-seed0,0
prob_gru,CoPy_R,15,SS_vs_seasonal,0.47688387821745537,1356976,001dcee8e81efda3,True,location-k4-fold0-seed0,0
prob_gru,CoPy_R,15,SS_vs_ar,0.0002275004153821092,1356976,001dcee8e81efda3,True,location-k4-fold0-seed0,0
prob_gru,CoPy_R,16,MSE,0.02735721816368068,1356976,001dcee8e81efda3,True,location-k4-fold0-seed0,0
prob_gru,CoPy_R,16,MAE,0.12253499002823638,1356976,001dcee8e81efda3,True,location-k4-fold0-seed0,0
prob_gru,CoPy_R,16,SS_vs_persistence,0.4788045279715959,1356976,001dcee8e81efda3,True,location-k4-fold0-seed0,0
prob_gru,CoPy_R,16,SS_vs_seasonal,0.4749850033746317,1356976,001dcee8e81efda3,True,location-k4-fold0-seed0,0
prob_gru,CoPy_R,16,SS_vs_ar,0.0009274584920226925,1356976,001dcee8e81efda3,True,location-k4-fold0-seed0,0
prob_gru,CoPy_R,17,MSE,0.0273663871659488,1356976,001dcee8e81efda3,True,location-k4-fold0-seed0,0
prob_gru,CoPy_R,17,MAE,0.12260039963895565,1356976,001dcee8e81efda3,True,location-k4-fold0-seed0,0
prob_gru,CoPy_R,17,SS_vs_persistence,0.4752913949913238,1356976,001dcee8e81efda3,True,location-k4-fold0-seed0,0
prob_gru,CoPy_R,17,SS_vs_seasonal,0.47525519835608876,1356976,001dcee8e81efda3,True,location-k4-fold0-seed0,0
prob_gru,CoPy_R,17,SS_vs_ar,0.0007561862487420745,1356976,001dcee8e81efda3,True,location-k4-fold0-seed0,0
prob_gru,CoPy_R,18,MSE,0.027371643359513094,1356976,001dcee8e81efda3,True,location-k4-fold0-seed0,0
prob_gru,CoPy_R,18,MAE,0.12263690374935857,1356976,001dcee8e81efda3,True,location-k4-fold0-seed0,0
prob_gru,CoPy_R,18,SS_vs_persistence,0.4725941233549421,1356976,001dcee8e81efda3,True,location-k4-fold0-seed0,0
prob_gru,CoPy_R,18,SS_vs_seasonal,0.4739727035719701,1356976,001dcee8e81efda3,True,location-k4-fold0-seed0,0
prob_gru,CoPy_R,18,SS_vs_ar,0.0006696204690068708,1356976,001dcee8e81efda3,True,location-k4-fold0-seed0,0
prob_gru,CoPy_R,19,MSE,0.027476004483141123,1356976,001dcee8e81efda3,True,location-k4-fold0-seed0,0
prob_gru,CoPy_R,19,MAE,0.12286556507819224,1356976,001dcee8e81efda3,True,location-k4-fold0-seed0,0
prob_gru,CoPy_R,19,SS_vs_persistence,0.4758036941502697,1356976,001dcee8e81efda3,True,location-k4-fold0-seed0,0
prob_gru,CoPy_R,19,SS_vs_seasonal,0.4720052835998152,1356976,001dcee8e81efda3,True,location-k4-fold0-seed0,0
prob_gru,CoPy_R,19,SS_vs_ar,-0.0005374729894340735,1356976,001dcee8e81efda3,True,location-k4-fold0-seed0,0
prob_gru,CoPy_R,20,MSE,0.027537866642209523,1356976,001dcee8e81efda3,True,location-k4-fold0-seed0,0
prob_gru,CoPy_R,20,MAE,0.12308168707966545,1356976,001dcee8e81efda3,True,location-k4-fold0-seed0,0
prob_gru,CoPy_R,20,SS_vs_persistence,0.47295189814280014,1356976,001dcee8e81efda3,True,location-k4-fold0-seed0,0
prob_gru,CoPy_R,20,SS_vs_seasonal,0.47138910090161434,1356976,001dcee8e81efda3,True,location-k4-fold0-seed0,0
prob_gru,CoPy_R,20,SS_vs_ar,-0.0009880849892940358,1356976,001dcee8e81efda3,True,location-k4-fold0-seed0,0
prob_gru,CoPy_R,21,MSE,0.027598317496849996,1356976,001dcee8e81efda3,True,location-k4-fold0-seed0,0
prob_gru,CoPy_R,21,MAE,0.12323212241450454,1356976,001dcee8e81efda3,True,location-k4-fold0-seed0,0
prob_gru,CoPy_R,21,SS_vs_persistence,0.47300686403633363,1356976,001dcee8e81efda3,True,location-k4-fold0-seed0,0
prob_gru,CoPy_R,21,SS_vs_seasonal,0.4742525395750665,1356976,001dcee8e81efda3,True,location-k4-fold0-seed0,0
prob_gru,CoPy_R,21,SS_vs_ar,-0.0008170464735892669,1356976,001dcee8e81efda3,True,location-k4-fold0-seed0,0
prob_gru,CoPy_R,22,MSE,0.027603636088162027,1356976,001dcee8e81efda3,True,location-k4-fold0-seed0,0
prob_gru,CoPy_R,22,MAE,0.12320277111036167,1356976,001dcee8e81efda3,True,location-k4-fold0-seed0,0
prob_gru,CoPy_R,22,SS_vs_persistence,0.4791819907551589,1356976,001dcee8e81efda3,True,location-k4-fold0-seed0,0
prob_gru,CoPy_R,22,SS_vs_seasonal,0.4737036609292836,1356976,001dcee8e81efda3,True,location-k4-fold0-seed0,0
prob_gru,CoPy_R,22,SS_vs_ar,7.383923602810594e-05,1356976,001dcee8e81efda3,True,location-k4-fold0-seed0,0
prob_gru,CoPy_R,23,MSE,0.027603444117522545,1356976,001dcee8e81efda3,True,location-k4-fold0-seed0,0
prob_gru,CoPy_R,23,MAE,0.12323102131382267,1356976,001dcee8e81efda3,True,location-k4-fold0-seed0,0
prob_gru,CoPy_R,23,SS_vs_persistence,0.4741574372124716,1356976,001dcee8e81efda3,True,location-k4-fold0-seed0,0
prob_gru,CoPy_R,23,SS_vs_seasonal,0.4735873511023143,1356976,001dcee8e81efda3,True,location-k4-fold0-seed0,0
prob_gru,CoPy_R,23,SS_vs_ar,0.0019234690153839828,1356976,001dcee8e81efda3,True,location-k4-fold0-seed0,0
prob_gru,CoPy_R,24,MSE,0.02765319141434151,1356976,001dcee8e81efda3,True,location-k4-fold0-seed0,0
prob_gru,CoPy_R,24,MAE,0.12336496545973812,1356976,001dcee8e81efda3,True,location-k4-fold0-seed0,0
prob_gru,CoPy_R,24,SS_vs_persistence,0.4625067776745916,1356976,001dcee8e81efda3,True,location-k4-fold0-seed0,0
prob_gru,CoPy_R,24,SS_vs_seasonal,0.4727211088916391,1356976,001dcee8e81efda3,True,location-k4-fold0-seed0,0
prob_gru,CoPy_R,24,SS_vs_ar,0.0016474480668645652,1356976,001dcee8e81efda3,True,location-k4-fold0-seed0,0
prob_gru,CoPy_R,25,MSE,0.027770777315408855,1356976,001dcee8e81efda3,True,location-k4-fold0-seed0,0
prob_gru,CoPy_R,25,MAE,0.12365671385617573,1356976,001dcee8e81efda3,True,location-k4-fold0-seed0,0
prob_gru,CoPy_R,25,SS_vs_persistence,0.45568638402433215,1356976,001dcee8e81efda3,True,location-k4-fold0-seed0,0
prob_gru,CoPy_R,25,SS_vs_seasonal,0.47054914217604293,1356976,001dcee8e81efda3,True,location-k4-fold0-seed0,0
prob_gru,CoPy_R,25,SS_vs_ar,0.0006480110992105326,1356976,001dcee8e81efda3,True,location-k4-fold0-seed0,0
prob_gru,CoPy_R,26,MSE,0.027892843174901392,1356976,001dcee8e81efda3,True,location-k4-fold0-seed0,0
prob_gru,CoPy_R,26,MAE,0.12406575331238119,1356976,001dcee8e81efda3,True,location-k4-fold0-seed0,0
prob_gru,CoPy_R,26,SS_vs_persistence,0.4665229571835092,1356976,001dcee8e81efda3,True,location-k4-fold0-seed0,0
prob_gru,CoPy_R,26,SS_vs_seasonal,0.4697654943278027,1356976,001dcee8e81efda3,True,location-k4-fold0-seed0,0
prob_gru,CoPy_R,26,SS_vs_ar,0.0009658943026870093,1356976,001dcee8e81efda3,True,location-k4-fold0-seed0,0
prob_gru,CoPy_R,27,MSE,0.027987336238435016,1356976,001dcee8e81efda3,True,location-k4-fold0-seed0,0
prob_gru,CoPy_R,27,MAE,0.12430222240639721,1356976,001dcee8e81efda3,True,location-k4-fold0-seed0,0
prob_gru,CoPy_R,27,SS_vs_persistence,0.48428778846380083,1356976,001dcee8e81efda3,True,location-k4-fold0-seed0,0
prob_gru,CoPy_R,27,SS_vs_seasonal,0.46808360232552804,1356976,001dcee8e81efda3,True,location-k4-fold0-seed0,0
prob_gru,CoPy_R,27,SS_vs_ar,0.0007095400672363361,1356976,001dcee8e81efda3,True,location-k4-fold0-seed0,0
prob_gru,CoPy_R,28,MSE,0.027943294185046392,1356976,001dcee8e81efda3,True,location-k4-fold0-seed0,0
prob_gru,CoPy_R,28,MAE,0.1242053517585459,1356976,001dcee8e81efda3,True,location-k4-fold0-seed0,0
prob_gru,CoPy_R,28,SS_vs_persistence,0.49071756106221565,1356976,001dcee8e81efda3,True,location-k4-fold0-seed0,0
prob_gru,CoPy_R,28,SS_vs_seasonal,0.4682036599512275,1356976,001dcee8e81efda3,True,location-k4-fold0-seed0,0
prob_gru,CoPy_R,28,SS_vs_ar,0.002145308069719132,1356976,001dcee8e81efda3,True,location-k4-fold0-seed0,0
prob_gru,CoPy_R,29,MSE,0.027897476668680848,1356976,001dcee8e81efda3,True,location-k4-fold0-seed0,0
prob_gru,CoPy_R,29,MAE,0.12408648020588714,1356976,001dcee8e81efda3,True,location-k4-fold0-seed0,0
prob_gru,CoPy_R,29,SS_vs_persistence,0.49187821832470224,1356976,001dcee8e81efda3,True,location-k4-fold0-seed0,0
prob_gru,CoPy_R,29,SS_vs_seasonal,0.47042359357958996,1356976,001dcee8e81efda3,True,location-k4-fold0-seed0,0
prob_gru,CoPy_R,29,SS_vs_ar,0.004339782115427404,1356976,001dcee8e81efda3,True,location-k4-fold0-seed0,0
prob_gru,CoPy_R,30,MSE,0.02789110827261471,1356976,001dcee8e81efda3,True,location-k4-fold0-seed0,0
prob_gru,CoPy_R,30,MAE,0.1240890543302868,1356976,001dcee8e81efda3,True,location-k4-fold0-seed0,0
prob_gru,CoPy_R,30,SS_vs_persistence,0.4693232511348111,1356976,001dcee8e81efda3,True,location-k4-fold0-seed0,0
prob_gru,CoPy_R,30,SS_vs_seasonal,0.4686231767090069,1356976,001dcee8e81efda3,True,location-k4-fold0-seed0,0
prob_gru,CoPy_R,30,SS_vs_ar,0.006499859194017632,1356976,001dcee8e81efda3,True,location-k4-fold0-seed0,0
prob_gru,CoPy_R,all,MSE,0.02704713373296719,1356976,001dcee8e81efda3,True,location-k4-fold0-seed0,0
prob_gru,CoPy_R,all,MAE,0.12178045346375399,1356976,001dcee8e81efda3,True,location-k4-fold0-seed0,0
prob_gru,CoPy_R,all,SS_vs_persistence,0.4645599320651388,1356976,001dcee8e81efda3,True,location-k4-fold0-seed0,0
prob_gru,CoPy_R,all,SS_vs_seasonal,0.4756164250489685,1356976,001dcee8e81efda3,True,location-k4-fold0-seed0,0
prob_gru,CoPy_R,all,SS_vs_ar,0.0003670005713910518,1356976,001dcee8e81efda3,True,location-k4-fold0-seed0,0
persistence,F_R,1,MSE,304488.5646921459,1297860,001dcee8e81efda3,True,location-k4-fold1-seed0,1
persistence,F_R,1,MAE,353.8597984453284,1297860,001dcee8e81efda3,True,location-k4-fold1-seed0,1
persistence,F_R,1,SS_vs_persistence,0.0,1297860,001dcee8e81efda3,True,location-k4-fold1-seed0,1
persistence,F_R,1,SS_vs_seasonal,0.039426263596553324,1297860,001dcee8e81efda3,True,location-k4-fold1-seed0,1
persistence,F_R,1,SS_vs_ar,-0.4950824492566652,1297860,001dcee8e81efda3,True,location-k4-fold1-seed0,1
persistence,F_R,2,MSE,350819.16743644647,1297860,001dcee8e81efda3,True,location-k4-fold1-seed0,1
persistence,F_R,2,MAE,392.2752416361266,1297860,001dcee8e81efda3,True,location-k4-fold1-seed0,1
persistence,F_R,2,SS_vs_persistence,0.0,1297860,001dcee8e81efda3,True,location-k4-fold1-seed0,1
persistence,F_R,2,SS_vs_seasonal,0.02277194849361386,1297860,001dcee8e81efda3,True,location-k4-fold1-seed0,1
persistence,F_R,2,SS_vs_ar,-0.5902865089464262,1297860,001dcee8e81efda3,True,location-k4-fold1-seed0,1
persistence,F_R,3,MSE,365205.7456833579,1297860,001dcee8e81efda3,True,location-k4-fold1-seed0,1
persistence,F_R,3,MAE,405.2258645276753,1297860,001dcee8e81efda3,True,location-k4-fold1-seed0,1
persistence,F_R,3,SS_vs_persistence,0.0,1297860,001dcee8e81efda3,True,location-k4-fold1-seed0,1
persistence,F_R,3,SS_vs_seasonal,0.016289009282993372,1297860,001dcee8e81efda3,True,location-k4-fold1-seed0,1
persistence,F_R,3,SS_vs_ar,-0.6044675106928694,1297860,001dcee8e81efda3,True,location-k4-fold1-seed0,1
persistence,F_R,4,MSE,373138.48753677704,1297860,001dcee8e81efda3,True,location-k4-fold1-seed0,1
persistence,F_R,4,MAE,410.63702706628004,1297860,001dcee8e81efda3,True,location-k4-fold1-seed0,1
persistence,F_R,4,SS_vs_persistence,0.0,1297860,001dcee8e81efda3,True,location-k4-fold1-seed0,1
persistence,F_R,4,SS_vs_seasonal,0.013625348722483444,1297860,001dcee8e81efda3,True,location-k4-fold1-seed0,1
persistence,F_R,4,SS_vs_ar,-0.5987967823541365,1297860,001dcee8e81efda3,True,location-k4-fold1-seed0,1
persistence,F_R,5,MSE,390231.55244838656,1297860,001dcee8e81efda3,True,location-k4-fold1-seed0,1
persistence,F_R,5,MAE,421.8815205699114,1297860,001dcee8e81efda3,True,location-k4-fold1-seed0,1
persistence,F_R,5,SS_vs_persistence,0.0,1297860,001dcee8e81efda3,True,location-k4-fold1-seed0,1
persistence,F_R,5,SS_vs_seasonal,0.008596378808200855,1297860,001dcee8e81efda3,True,location-k4-fold1-seed0,1
persistence,F_R,5,SS_vs_ar,-0.6401511168647291,1297860,001dcee8e81efda3,True,location-k4-fold1-seed0,1
persistence,F_R,6,MSE,379076.524044389,1297860,001dcee8e81efda3,True,location-k4-fold1-seed0,1
persistence,F_R,6,MAE,413.5650253108964,1297860,001dcee8e81efda3,True,location-k4-fold1-seed0,1
persistence,F_R,6,SS_vs_persistence,0.0,1297860,001dcee8e81efda3,True,location-k4-fold1-seed0,1
persistence,F_R,6,SS_vs_seasonal,0.008505941016327845,1297860,001dcee8e81efda3,True,location-k4-fold1-seed0,1
persistence,F_R,6,SS_vs_ar,-0.5836109039143906,1297860,001dcee8e81efda3,True,location-k4-fold1-seed0,1
persistence,F_R,7,MSE,377834.0112240256,1297860,001dcee8e81efda3,True,location-k4-fold1-seed0,1
persistence,F_R,7,MAE,414.6634753283094,1297860,001dcee8e81efda3,True,location-k4-fold1-seed0,1
persistence,F_R,7,SS_vs_persistence,0.0,1297860,001dcee8e81efda3,True,location-k4-fold1-seed0,1
persistence,F_R,7,SS_vs_seasonal,0.004603340022286684,1297860,001dcee8e81efda3,True,location-k4-fold1-seed0,1
persistence,F_R,7,SS_vs_ar,-0.5606335019409066,1297860,001dcee8e81efda3,True,location-k4-fold1-seed0,1
persistence,F_R,8,MSE,385723.48446097696,1297860,001dcee8e81efda3,True,location-k4-fold1-seed0,1
persistence,F_R,8,MAE,418.00155180706724,1297860,001dcee8e81efda3,True,location-k4-fold1-seed0,1
persistence,F_R,8,SS_vs_persistence,0.0,1297860,001dcee8e81efda3,True,location-k4-fold1-seed0,1
persistence,F_R,8,SS_vs_seasonal,0.003193214910087283,1297860,001dcee8e81efda3,True,location-k4-fold1-seed0,1
persistence,F_R,8,SS_vs_ar,-0.5569722845985305,1297860,001dcee8e81efda3,True,location-k4-fold1-seed0,1
persistence,F_R,9,MSE,393432.8314673505,1297860,001dcee8e81efda3,True,location-k4-fold1-seed0,1
persistence,F_R,9,MAE,424.70718563669385,1297860,001dcee8e81efda3,True,location-k4-fold1-seed0,1
persistence,F_R,9,SS_vs_persistence,0.0,1297860,001dcee8e81efda3,True,location-k4-fold1-seed0,1
persistence,F_R,9,SS_vs_seasonal,0.0009482125960782462,1297860,001dcee8e81efda3,True,location-k4-fold1-seed0,1
persistence,F_R,9,SS_vs_ar,-0.5595093591040539,1297860,001dcee8e81efda3,True,location-k4-fold1-seed0,1
persistence,F_R,10,MSE,388575.92308497493,1297860,001dcee8e81efda3,True,location-k4-fold1-seed0,1
persistence,F_R,10,MAE,421.8980054796709,1297860,001dcee8e81efda3,True,location-k4-fold1-seed0,1
persistence,F_R,10,SS_vs_persistence,0.0,1297860,001dcee8e81efda3,True,location-k4-fold1-seed0,1
persistence,F_R,10,SS_vs_seasonal,0.003134131680436081,1297860,001dcee8e81efda3,True,location-k4-fold1-seed0,1
persistence,F_R,10,SS_vs_ar,-0.5173184666785637,1297860,001dcee8e81efda3,True,location-k4-fold1-seed0,1
persistence,F_R,11,MSE,408841.8714237033,1297860,001dcee8e81efda3,True,location-k4-fold1-seed0,1
persistence,F_R,11,MAE,432.7035604655663,1297860,001dcee8e81efda3,True,location-k4-fold1-seed0,1
persistence,F_R,11,SS_vs_persistence,0.0,1297860,001dcee8e81efda3,True,location-k4-fold1-seed0,1
persistence,F_R,11,SS_vs_seasonal,0.010926614788012823,1297860,001dcee8e81efda3,True,location-k4-fold1-seed0,1
persistence,F_R,11,SS_vs_ar,-0.5602079764735026,1297860,001dcee8e81efda3,True,location-k4-fold1-seed0,1
persistence,F_R,12,MSE,420446.7714506591,1297860,001dcee8e81efda3,True,location-k4-fold1-seed0,1
persistence,F_R,12,MAE,442.53667803751074,1297860,001dcee8e81efda3,True,location-k4-fold1-seed0,1
persistence,F_R,12,SS_vs_persistence,0.0,1297860,001dcee8e81efda3,True,location-k4-fold1-seed0,1
persistence,F_R,12,SS_vs_seasonal,0.004572083436098717,1297860,001dcee8e81efda3,True,location-k4-fold1-seed0,1
persistence,F_R,12,SS_vs_ar,-0.5777842245511633,1297860,001dcee8e81efda3,True,location-k4-fold1-seed0,1
persistence,F_R,13,MSE,421590.10299586056,1297860,001dcee8e81efda3,True,location-k4-fold1-seed0,1
persistence,F_R,13,MAE,443.3723630504389,1297860,001dcee8e81efda3,True,location-k4-fold1-seed0,1
persistence,F_R,13,SS_vs_persistence,0.0,1297860,001dcee8e81efda3,True,location-k4-fold1-seed0,1
persistence,F_R,13,SS_vs_seasonal,0.005137067109867943,1297860,001dcee8e81efda3,True,location-k4-fold1-seed0,1
persistence,F_R,13,SS_vs_ar,-0.5645475091780028,1297860,001dcee8e81efda3,True,location-k4-fold1-seed0,1
persistence,F_R,14,MSE,418742.75458762917,1297860,001dcee8e81efda3,True,location-k4-fold1-seed0,1
persistence,F_R,14,MAE,441.27480066269544,1297860,001dcee8e81efda3,True,location-k4-fold1-seed0,1
persistence,F_R,14,SS_vs_persistence,0.0,1297860,001dcee8e81efda3,True,location-k4-fold1-seed0,1
persistence,F_R,14,SS_vs_seasonal,0.006472645154786405,1297860,001dcee8e81efda3,True,location-k4-fold1-seed0,1
persistence,F_R,14,SS_vs_ar,-0.5472652859378531,1297860,001dcee8e81efda3,True,location-k4-fold1-seed0,1
persistence,F_R,15,MSE,417587.4357692108,1297860,001dcee8e81efda3,True,location-k4-fold1-seed0,1
persistence,F_R,15,MAE,441.5468198169502,1297860,001dcee8e81efda3,True,location-k4-fold1-seed0,1
persistence,F_R,15,SS_vs_persistence,0.0,1297860,001dcee8e81efda3,True,location-k4-fold1-seed0,1
persistence,F_R,15,SS_vs_seasonal,0.0035575736174677797,1297860,001dcee8e81efda3,True,location-k4-fold1-seed0,1
persistence,F_R,15,SS_vs_ar,-0.5382083612388773,1297860,001dcee8e81efda3,True,location-k4-fold1-seed0,1
persistence,F_R,16,MSE,432340.81872833363,1297860,001dcee8e81efda3,True,location-k4-fold1-seed0,1
persistence,F_R,16,MAE,450.02783673776565,1297860,001dcee8e81efda3,True,location-k4-fold1-seed0,1
persistence,F_R,16,SS_vs_persistence,0.0,1297860,001dcee8e81efda3,True,location-k4-fold1-seed0,1
persistence,F_R,16,SS_vs_seasonal,0.0014982205617771749,1297860,001dcee8e81efda3,True,location-k4-fold1-seed0,1
persistence,F_R,16,SS_vs_ar,-0.5489595513334897,1297860,001dcee8e81efda3,True,location-k4-fold1-seed0,1
persistence,F_R,17,MSE,434394.0808497675,1297860,001dcee8e81efda3,True,location-k4-fold1-seed0,1
persistence,F_R,17,MAE,449.6696644133555,1297860,001dcee8e81efda3,True,location-k4-fold1-seed0,1
persistence,F_R,17,SS_vs_persistence,0.0,1297860,001dcee8e81efda3,True,location-k4-fold1-seed0,1
persistence,F_R,17,SS_vs_seasonal,0.0021853456831466556,1297860,001dcee8e81efda3,True,location-k4-fold1-seed0,1
persistence,F_R,17,SS_vs_ar,-0.5331852900475174,1297860,001dcee8e81efda3,True,location-k4-fold1-seed0,1
persistence,F_R,18,MSE,435778.8754867397,1297860,001dcee8e81efda3,True,location-k4-fold1-seed0,1
persistence,F_R,18,MAE,450.077367550071,1297860,001dcee8e81efda3,True,location-k4-fold1-seed0,1
persistence,F_R,18,SS_vs_persistence,0.0,1297860,001dcee8e81efda3,True,location-k4-fold1-seed0,1
persistence,F_R,18,SS_vs_seasonal,0.0012873263676163038,1297860,001dcee8e81efda3,True,location-k4-fold1-seed0,1
persistence,F_R,18,SS_vs_ar,-0.5279214811980257,1297860,001dcee8e81efda3,True,location-k4-fold1-seed0,1
persistence,F_R,19,MSE,442064.2522696985,1297860,001dcee8e81efda3,True,location-k4-fold1-seed0,1
persistence,F_R,19,MAE,455.63856441238033,1297860,001dcee8e81efda3,True,location-k4-fold1-seed0,1
persistence,F_R,19,SS_vs_persistence,0.0,1297860,001dcee8e81efda3,True,location-k4-fold1-seed0,1
persistence,F_R,19,SS_vs_seasonal,0.0028391090543294917,1297860,001dcee8e81efda3,True,location-k4-fold1-seed0,1
persistence,F_R,19,SS_vs_ar,-0.5389061108513364,1297860,001dcee8e81efda3,True,location-k4-fold1-seed0,1
persistence,F_R,20,MSE,446194.74896929617,1297860,001dcee8e81efda3,True,location-k4-fold1-seed0,1
persistence,F_R,20,MAE,457.47036326547135,1297860,001dcee8e81efda3,True,location-k4-fold1-seed0,1
persistence,F_R,20,SS_vs_persistence,0.0,1297860,001dcee8e81efda3,True,location-k4-fold1-seed0,1
persistence,F_R,20,SS_vs_seasonal,0.0024330659984717062,1297860,001dcee8e81efda3,True,location-k4-fold1-seed0,1
persistence,F_R,20,SS_vs_ar,-0.5391586128643633,1297860,001dcee8e81efda3,True,location-k4-fold1-seed0,1
persistence,F_R,21,MSE,439850.0471023833,1297860,001dcee8e81efda3,True,location-k4-fold1-seed0,1
persistence,F_R,21,MAE,453.28095915538967,1297860,001dcee8e81efda3,True,location-k4-fold1-seed0,1
persistence,F_R,21,SS_vs_persistence,0.0,1297860,001dcee8e81efda3,True,location-k4-fold1-seed0,1
persistence,F_R,21,SS_vs_seasonal,0.005101660044703249,1297860,001dcee8e81efda3,True,location-k4-fold1-seed0,1
persistence,F_R,21,SS_vs_ar,-0.5094821005178978,1297860,001dcee8e81efda3,True,location-k4-fold1-seed0,1
persistence,F_R,22,MSE,446788.73404574953,1297860,001dcee8e81efda3,True,location-k4-fold1-seed0,1
persistence,F_R,22,MAE,455.9325611974577,1297860,001dcee8e81efda3,True,location-k4-fold1-seed0,1
persistence,F_R,22,SS_vs_persistence,0.0,1297860,001dcee8e81efda3,True,location-k4-fold1-seed0,1
persistence,F_R,22,SS_vs_seasonal,0.0037884852939824576,1297860,001dcee8e81efda3,True,location-k4-fold1-seed0,1
persistence,F_R,22,SS_vs_ar,-0.5244936720807405,1297860,001dcee8e81efda3,True,location-k4-fold1-seed0,1
persistence,F_R,23,MSE,451500.7411552647,1297860,001dcee8e81efda3,True,location-k4-fold1-seed0,1
persistence,F_R,23,MAE,459.926833407381,1297860,001dcee8e81efda3,True,location-k4-fold1-seed0,1
persistence,F_R,23,SS_vs_persistence,0.0,1297860,001dcee8e81efda3,True,location-k4-fold1-seed0,1
persistence,F_R,23,SS_vs_seasonal,0.0034792208045552053,1297860,001dcee8e81efda3,True,location-k4-fold1-seed0,1
persistence,F_R,23,SS_vs_ar,-0.5252084426033121,1297860,001dcee8e81efda3,True,location-k4-fold1-seed0,1
persistence,F_R,24,MSE,449766.14293913264,1297860,001dcee8e81efda3,True,location-k4-fold1-seed0,1
persistence,F_R,24,MAE,458.3238301746481,1297860,001dcee8e81efda3,True,location-k4-fold1-seed0,1
persistence,F_R,24,SS_vs_persistence,0.0,1297860,001dcee8e81efda3,True,location-k4-fold1-seed0,1
persistence,F_R,24,SS_vs_seasonal,0.0017340604767935863,1297860,001dcee8e81efda3,True,location-k4-fold1-seed0,1
persistence,F_R,24,SS_vs_ar,-0.5025890421293382,1297860,001dcee8e81efda3,True,location-k4-fold1-seed0,1
persistence,F_R,25,MSE,453747.06275625416,1297860,001dcee8e81efda3,True,location-k4-fold1-seed0,1
persistence,F_R,25,MAE,459.9199999613998,1297860,001dcee8e81efda3,True,location-k4-fold1-seed0,1
persistence,F_R,25,SS_vs_persistence,0.0,1297860,001dcee8e81efda3,True,location-k4-fold1-seed0,1
persistence,F_R,25,SS_vs_seasonal,0.0017127613930639773,1297860,001dcee8e81efda3,True,location-k4-fold1-seed0,1
persistence,F_R,25,SS_vs_ar,-0.494398955725591,1297860,001dcee8e81efda3,True,location-k4-fold1-seed0,1
persistence,F_R,26,MSE,468672.21836346807,1297860,001dcee8e81efda3,True,location-k4-fold1-seed0,1
persistence,F_R,26,MAE,468.07219191498257,1297860,001dcee8e81efda3,True,location-k4-fold1-seed0,1
persistence,F_R,26,SS_vs_persistence,0.0,1297860,001dcee8e81efda3,True,location-k4-fold1-seed0,1
persistence,F_R,26,SS_vs_seasonal,-0.000706674946357122,1297860,001dcee8e81efda3,True,location-k4-fold1-seed0,1
persistence,F_R,26,SS_vs_ar,-0.5193562555252327,1297860,001dcee8e81efda3,True,location-k4-fold1-seed0,1
persistence,F_R,27,MSE,478610.178560971,1297860,001dcee8e81efda3,True,location-k4-fold1-seed0,1
persistence,F_R,27,MAE,478.5083539693918,1297860,001dcee8e81efda3,True,location-k4-fold1-seed0,1
persistence,F_R,27,SS_vs_persistence,0.0,1297860,001dcee8e81efda3,True,location-k4-fold1-seed0,1
persistence,F_R,27,SS_vs_seasonal,-0.004075755767443345,1297860,001dcee8e81efda3,True,location-k4-fold1-seed0,1
persistence,F_R,27,SS_vs_ar,-0.5493396798449912,1297860,001dcee8e81efda3,True,location-k4-fold1-seed0,1
persistence,F_R,28,MSE,473127.8368116798,1297860,001dcee8e81efda3,True,location-k4-fold1-seed0,1
persistence,F_R,28,MAE,474.19166872007696,1297860,001dcee8e81efda3,True,location-k4-fold1-seed0,1
persistence,F_R,28,SS_vs_persistence,0.0,1297860,001dcee8e81efda3,True,location-k4-fold1-seed0,1
persistence,F_R,28,SS_vs_seasonal,-0.0010099963278411561,1297860,001dcee8e81efda3,True,location-k4-fold1-seed0,1
persistence,F_R,28,SS_vs_ar,-0.5325857085941716,1297860,001dcee8e81efda3,True,location-k4-fold1-seed0,1
persistence,F_R,29,MSE,475946.53617773816,1297860,001dcee8e81efda3,True,location-k4-fold1-seed0,1
persistence,F_R,29,MAE,475.2148190182195,1297860,001dcee8e81efda3,True,location-k4-fold1-seed0,1
persistence,F_R,29,SS_vs_persistence,0.0,1297860,001dcee8e81efda3,True,location-k4-fold1-seed0,1
persistence,F_R,29,SS_vs_seasonal,-0.002276386132130881,1297860,001dcee8e81efda3,True,location-k4-fold1-seed0,1
persistence,F_R,29,SS_vs_ar,-0.5438928301918402,1297860,001dcee8e81efda3,True,location-k4-fold1-seed0,1
persistence,F_R,30,MSE,464625.18076337304,1297860,001dcee8e81efda3,True,location-k4-fold1-seed0,1
persistence,F_R,30,MAE,470.2837185251482,1297860,001dcee8e81efda3,True,location-k4-fold1-seed0,1
persistence,F_R,30,SS_vs_persistence,0.0,1297860,001dcee8e81efda3,True,location-k4-fold1-seed0,1
persistence,F_R,30,SS_vs_seasonal,-0.0001613254833643385,1297860,001dcee8e81efda3,True,location-k4-fold1-seed0,1
persistence,F_R,30,SS_vs_ar,-0.5099807120538378,1297860,001dcee8e81efda3,True,location-k4-fold1-seed0,1
persistence,F_R,all,MSE,419638.08944340824,1297860,001dcee8e81efda3,True,location-k4-fold1-seed0,1
persistence,F_R,all,MAE,439.82292167547536,1297860,001dcee8e81efda3,True,location-k4-fold1-seed0,1
persistence,F_R,all,SS_vs_persistence,0.0,1297860,001dcee8e81efda3,True,location-k4-fold1-seed0,1
persistence,F_R,all,SS_vs_seasonal,0.00502847095117076,1297860,001dcee8e81efda3,True,location-k4-fold1-seed0,1
persistence,F_R,all,SS_vs_ar,-0.544450851300875,1297860,001dcee8e81efda3,True,location-k4-fold1-seed0,1
persistence,CoPx_R,1,MSE,0.019380492792321288,1265738,001dcee8e81efda3,True,location-k4-fold1-seed0,1
persistence,CoPx_R,1,MAE,0.09397202005638088,1265738,001dcee8e81efda3,True,location-k4-fold1-seed0,1
persistence,CoPx_R,1,SS_vs_persistence,5.159817018096646e-11,1265738,001dcee8e81efda3,True,location-k4-fold1-seed0,1
persistence,CoPx_R,1,SS_vs_seasonal,0.1514344190650121,1265738,001dcee8e81efda3,True,location-k4-fold1-seed0,1
persistence,CoPx_R,1,SS_vs_ar,-0.5194404762148417,1265738,001dcee8e81efda3,True,location-k4-fold1-seed0,1
persistence,CoPx_R,2,MSE,0.022393942514450562,1265738,001dcee8e81efda3,True,location-k4-fold1-seed0,1
persistence,CoPx_R,2,MAE,0.10381883499481773,1265738,001dcee8e81efda3,True,location-k4-fold1-seed0,1
persistence,CoPx_R,2,SS_vs_persistence,4.4654835384960734e-11,1265738,001dcee8e81efda3,True,location-k4-fold1-seed0,1
persistence,CoPx_R,2,SS_vs_seasonal,0.09849672313192759,1265738,001dcee8e81efda3,True,location-k4-fold1-seed0,1
persistence,CoPx_R,2,SS_vs_ar,-0.579582452471674,1265738,001dcee8e81efda3,True,location-k4-fold1-seed0,1
persistence,CoPx_R,3,MSE,0.024017432686904684,1265738,001dcee8e81efda3,True,location-k4-fold1-seed0,1
persistence,CoPx_R,3,MAE,0.10713045030347787,1265738,001dcee8e81efda3,True,location-k4-fold1-seed0,1
persistence,CoPx_R,3,SS_vs_persistence,4.163636102560986e-11,1265738,001dcee8e81efda3,True,location-k4-fold1-seed0,1
persistence,CoPx_R,3,SS_vs_seasonal,0.06979370671106089,1265738,001dcee8e81efda3,True,location-k4-fold1-seed0,1
persistence,CoPx_R,3,SS_vs_ar,-0.5908521782125531,1265738,001dcee8e81efda3,True,location-k4-fold1-seed0,1
persistence,CoPx_R,4,MSE,0.025373486844227005,1265738,001dcee8e81efda3,True,location-k4-fold1-seed0,1
persistence,CoPx_R,4,MAE,0.11004245453872513,1265738,001dcee8e81efda3,True,location-k4-fold1-seed0,1
persistence,CoPx_R,4,SS_vs_persistence,3.941114101735366e-11,1265738,001dcee8e81efda3,True,location-k4-fold1-seed0,1
persistence,CoPx_R,4,SS_vs_seasonal,0.045576154231820154,1265738,001dcee8e81efda3,True,location-k4-fold1-seed0,1
persistence,CoPx_R,4,SS_vs_ar,-0.6076104405212968,1265738,001dcee8e81efda3,True,location-k4-fold1-seed0,1
persistence,CoPx_R,5,MSE,0.02702864074831061,1265738,001dcee8e81efda3,True,location-k4-fold1-seed0,1
persistence,CoPx_R,5,MAE,0.11373037064575782,1265738,001dcee8e81efda3,True,location-k4-fold1-seed0,1
persistence,CoPx_R,5,SS_vs_persistence,3.699773820642349e-11,1265738,001dcee8e81efda3,True,location-k4-fold1-seed0,1
persistence,CoPx_R,5,SS_vs_seasonal,0.024218010131093703,1265738,001dcee8e81efda3,True,location-k4-fold1-seed0,1
persistence,CoPx_R,5,SS_vs_ar,-0.644728122202896,1265738,001dcee8e81efda3,True,location-k4-fold1-seed0,1
persistence,CoPx_R,6,MSE,0.02647757989195062,1265738,001dcee8e81efda3,True,location-k4-fold1-seed0,1
persistence,CoPx_R,6,MAE,0.11285105166887029,1265738,001dcee8e81efda3,True,location-k4-fold1-seed0,1
persistence,CoPx_R,6,SS_vs_persistence,3.77677888963035e-11,1265738,001dcee8e81efda3,True,location-k4-fold1-seed0,1
persistence,CoPx_R,6,SS_vs_seasonal,0.03751134655180555,1265738,001dcee8e81efda3,True,location-k4-fold1-seed0,1
persistence,CoPx_R,6,SS_vs_ar,-0.5776814974068465,1265738,001dcee8e81efda3,True,location-k4-fold1-seed0,1
persistence,CoPx_R,7,MSE,0.028330990986545505,1265738,001dcee8e81efda3,True,location-k4-fold1-seed0,1
persistence,CoPx_R,7,MAE,0.11724437732825925,1265738,001dcee8e81efda3,True,location-k4-fold1-seed0,1
persistence,CoPx_R,7,SS_vs_persistence,3.5296987555000214e-11,1265738,001dcee8e81efda3,True,location-k4-fold1-seed0,1
persistence,CoPx_R,7,SS_vs_seasonal,0.007543230506934062,1265738,001dcee8e81efda3,True,location-k4-fold1-seed0,1
persistence,CoPx_R,7,SS_vs_ar,-0.6372738200931212,1265738,001dcee8e81efda3,True,location-k4-fold1-seed0,1
persistence,CoPx_R,8,MSE,0.02855629661064564,1265738,001dcee8e81efda3,True,location-k4-fold1-seed0,1
persistence,CoPx_R,8,MAE,0.11658485408820601,1265738,001dcee8e81efda3,True,location-k4-fold1-seed0,1
persistence,CoPx_R,8,SS_vs_persistence,3.5018543620424225e-11,1265738,001dcee8e81efda3,True,location-k4-fold1-seed0,1
persistence,CoPx_R,8,SS_vs_seasonal,0.00794128138308614,1265738,001dcee8e81efda3,True,location-k4-fold1-seed0,1
persistence,CoPx_R,8,SS_vs_ar,-0.6277672083476826,1265738,001dcee8e81efda3,True,location-k4-fold1-seed0,1
persistence,CoPx_R,9,MSE,0.029032324293293485,1265738,001dcee8e81efda3,True,location-k4-fold1-seed0,1
persistence,CoPx_R,9,MAE,0.11756313396136568,1265738,001dcee8e81efda3,True,location-k4-fold1-seed0,1
persistence,CoPx_R,9,SS_vs_persistence,3.4444336272088094e-11,1265738,001dcee8e81efda3,True,location-k4-fold1-seed0,1
persistence,CoPx_R,9,SS_vs_seasonal,0.010368442740629535,1265738,001dcee8e81efda3,True,location-k4-fold1-seed0,1
persistence,CoPx_R,9,SS_vs_ar,-0.6222132466658314,1265738,001dcee8e81efda3,True,location-k4-fold1-seed0,1
persistence,CoPx_R,10,MSE,0.029605338704822886,1265738,001dcee8e81efda3,True,location-k4-fold1-seed0,1
persistence,CoPx_R,10,MAE,0.11899773164586103,1265738,001dcee8e81efda3,True,location-k4-fold1-seed0,1
persistence,CoPx_R,10,SS_vs_persistence,3.377764734580069e-11,1265738,001dcee8e81efda3,True,location-k4-fold1-seed0,1
persistence,CoPx_R,10,SS_vs_seasonal,0.0016013485237329483,1265738,001dcee8e81efda3,True,location-k4-fold1-seed0,1
persistence,CoPx_R,10,SS_vs_ar,-0.6242984228288757,1265738,001dcee8e81efda3,True,location-k4-fold1-seed0,1
persistence,CoPx_R,11,MSE,0.03085538101848204,1265738,001dcee8e81efda3,True,location-k4-fold1-seed0,1
persistence,CoPx_R,11,MAE,0.12106650053009152,1265738,001dcee8e81efda3,True,location-k4-fold1-seed0,1
persistence,CoPx_R,11,SS_vs_persistence,3.240918644564772e-11,1265738,001dcee8e81efda3,True,location-k4-fold1-seed0,1
persistence,CoPx_R,11,SS_vs_seasonal,0.01307891398296357,1265738,001dcee8e81efda3,True,location-k4-fold1-seed0,1
persistence,CoPx_R,11,SS_vs_ar,-0.6656828454132258,1265738,001dcee8e81efda3,True,location-k4-fold1-seed0,1
persistence,CoPx_R,12,MSE,0.03131491972108389,1265738,001dcee8e81efda3,True,location-k4-fold1-seed0,1
persistence,CoPx_R,12,MAE,0.12273684735014576,1265738,001dcee8e81efda3,True,location-k4-fold1-seed0,1
persistence,CoPx_R,12,SS_vs_persistence,3.19335669018983e-11,1265738,001dcee8e81efda3,True,location-k4-fold1-seed0,1
persistence,CoPx_R,12,SS_vs_seasonal,0.010379222826744972,1265738,001dcee8e81efda3,True,location-k4-fold1-seed0,1
persistence,CoPx_R,12,SS_vs_ar,-0.6716994557319187,1265738,001dcee8e81efda3,True,location-k4-fold1-seed0,1
persistence,CoPx_R,13,MSE,0.03193861714562009,1265738,001dcee8e81efda3,True,location-k4-fold1-seed0,1
persistence,CoPx_R,13,MAE,0.12430479639322774,1265738,001dcee8e81efda3,True,location-k4-fold1-seed0,1
persistence,CoPx_R,13,SS_vs_persistence,3.1310065651268815e-11,1265738,001dcee8e81efda3,True,location-k4-fold1-seed0,1
persistence,CoPx_R,13,SS_vs_seasonal,0.0072803164965962175,1265738,001dcee8e81efda3,True,location-k4-fold1-seed0,1
persistence,CoPx_R,13,SS_vs_ar,-0.6897806313397579,1265738,001dcee8e81efda3,True,location-k4-fold1-seed0,1
persistence,CoPx_R,14,MSE,0.03133803242564345,1265738,001dcee8e81efda3,True,location-k4-fold1-seed0,1
persistence,CoPx_R,14,MAE,0.12330907306540675,1265738,001dcee8e81efda3,True,location-k4-fold1-seed0,1
persistence,CoPx_R,14,SS_vs_persistence,3.191003017377625e-11,1265738,001dcee8e81efda3,True,location-k4-fold1-seed0,1
persistence,CoPx_R,14,SS_vs_seasonal,0.008988506243015837,1265738,001dcee8e81efda3,True,location-k4-fold1-seed0,1
persistence,CoPx_R,14,SS_vs_ar,-0.6493124561604535,1265738,001dcee8e81efda3,True,location-k4-fold1-seed0,1
persistence,CoPx_R,15,MSE,0.03168500625555919,1265738,001dcee8e81efda3,True,location-k4-fold1-seed0,1
persistence,CoPx_R,15,MAE,0.12384900865072622,1265738,001dcee8e81efda3,True,location-k4-fold1-seed0,1
persistence,CoPx_R,15,SS_vs_persistence,3.156064298792671e-11,1265738,001dcee8e81efda3,True,location-k4-fold1-seed0,1
persistence,CoPx_R,15,SS_vs_seasonal,0.010676033182675404,1265738,001dcee8e81efda3,True,location-k4-fold1-seed0,1
persistence,CoPx_R,15,SS_vs_ar,-0.6522442474129921,1265738,001dcee8e81efda3,True,location-k4-fold1-seed0,1
persistence,CoPx_R,16,MSE,0.03302112821058014,1265738,001dcee8e81efda3,True,location-k4-fold1-seed0,1
persistence,CoPx_R,16,MAE,0.1265425183432137,1265738,001dcee8e81efda3,True,location-k4-fold1-seed0,1
persistence,CoPx_R,16,SS_vs_persistence,3.0283553442700395e-11,1265738,001dcee8e81efda3,True,location-k4-fold1-seed0,1
persistence,CoPx_R,16,SS_vs_seasonal,-0.009110671080213129,1265738,001dcee8e81efda3,True,location-k4-fold1-seed0,1
persistence,CoPx_R,16,SS_vs_ar,-0.7067398814987407,1265738,001dcee8e81efda3,True,location-k4-fold1-seed0,1
persistence,CoPx_R,17,MSE,0.03288211752316309,1265738,001dcee8e81efda3,True,location-k4-fold1-seed0,1
persistence,CoPx_R,17,MAE,0.12656028332455707,1265738,001dcee8e81efda3,True,location-k4-fold1-seed0,1
persistence,CoPx_R,17,SS_vs_persistence,3.041167317974214e-11,1265738,001dcee8e81efda3,True,location-k4-fold1-seed0,1
persistence,CoPx_R,17,SS_vs_seasonal,0.0031617075346380696,1265738,001dcee8e81efda3,True,location-k4-fold1-seed0,1
persistence,CoPx_R,17,SS_vs_ar,-0.6909026379047931,1265738,001dcee8e81efda3,True,location-k4-fold1-seed0,1
persistence,CoPx_R,18,MSE,0.03337965129618848,1265738,001dcee8e81efda3,True,location-k4-fold1-seed0,1
persistence,CoPx_R,18,MAE,0.12790932518477224,1265738,001dcee8e81efda3,True,location-k4-fold1-seed0,1
persistence,CoPx_R,18,SS_vs_persistence,2.9958369118787687e-11,1265738,001dcee8e81efda3,True,location-k4-fold1-seed0,1
persistence,CoPx_R,18,SS_vs_seasonal,0.0044198283843857045,1265738,001dcee8e81efda3,True,location-k4-fold1-seed0,1
persistence,CoPx_R,18,SS_vs_ar,-0.7063392091166718,1265738,001dcee8e81efda3,True,location-k4-fold1-seed0,1
persistence,CoPx_R,19,MSE,0.033719275299697773,1265738,001dcee8e81efda3,True,location-k4-fold1-seed0,1
persistence,CoPx_R,19,MAE,0.12830817775544492,1265738,001dcee8e81efda3,True,location-k4-fold1-seed0,1
persistence,CoPx_R,19,SS_vs_persistence,2.965661050069457e-11,1265738,001dcee8e81efda3,True,location-k4-fold1-seed0,1
persistence,CoPx_R,19,SS_vs_seasonal,0.0011894205274631808,1265738,001dcee8e81efda3,True,location-k4-fold1-seed0,1
persistence,CoPx_R,19,SS_vs_ar,-0.7144972282661819,1265738,001dcee8e81efda3,True,location-k4-fold1-seed0,1
persistence,CoPx_R,20,MSE,0.033892429925013186,1265738,001dcee8e81efda3,True,location-k4-fold1-seed0,1
persistence,CoPx_R,20,MAE,0.12853947805550758,1265738,001dcee8e81efda3,True,location-k4-fold1-seed0,1
persistence,CoPx_R,20,SS_vs_persistence,2.9505065057833235e-11,1265738,001dcee8e81efda3,True,location-k4-fold1-seed0,1
persistence,CoPx_R,20,SS_vs_seasonal,-0.002148063186953264,1265738,001dcee8e81efda3,True,location-k4-fold1-seed0,1
persistence,CoPx_R,20,SS_vs_ar,-0.7167783657124658,1265738,001dcee8e81efda3,True,location-k4-fold1-seed0,1
persistence,CoPx_R,21,MSE,0.03419122539823895,1265738,001dcee8e81efda3,True,location-k4-fold1-seed0,1
persistence,CoPx_R,21,MAE,0.1292868624274588,1265738,001dcee8e81efda3,True,location-k4-fold1-seed0,1
persistence,CoPx_R,21,SS_vs_persistence,2.9247271271515274e-11,1265738,001dcee8e81efda3,True,location-k4-fold1-seed0,1
persistence,CoPx_R,21,SS_vs_seasonal,0.007272931027100027,1265738,001dcee8e81efda3,True,location-k4-fold1-seed0,1
persistence,CoPx_R,21,SS_vs_ar,-0.7244869786686416,1265738,001dcee8e81efda3,True,location-k4-fold1-seed0,1
persistence,CoPx_R,22,MSE,0.03379365282847151,1265738,001dcee8e81efda3,True,location-k4-fold1-seed0,1
persistence,CoPx_R,22,MAE,0.12891564205456849,1265738,001dcee8e81efda3,True,location-k4-fold1-seed0,1
persistence,CoPx_R,22,SS_vs_persistence,2.959132938684661e-11,1265738,001dcee8e81efda3,True,location-k4-fold1-seed0,1
persistence,CoPx_R,22,SS_vs_seasonal,0.014107543293310765,1265738,001dcee8e81efda3,True,location-k4-fold1-seed0,1
persistence,CoPx_R,22,SS_vs_ar,-0.7004291216230076,1265738,001dcee8e81efda3,True,location-k4-fold1-seed0,1
persistence,CoPx_R,23,MSE,0.0334343191160061,1265738,001dcee8e81efda3,True,location-k4-fold1-seed0,1
persistence,CoPx_R,23,MAE,0.1282325883640084,1265738,001dcee8e81efda3,True,location-k4-fold1-seed0,1
persistence,CoPx_R,23,SS_vs_persistence,2.9909297261099255e-11,1265738,001dcee8e81efda3,True,location-k4-fold1-seed0,1
persistence,CoPx_R,23,SS_vs_seasonal,0.025169289665606276,1265738,001dcee8e81efda3,True,location-k4-fold1-seed0,1
persistence,CoPx_R,23,SS_vs_ar,-0.6746287469068055,1265738,001dcee8e81efda3,True,location-k4-fold1-seed0,1
persistence,CoPx_R,24,MSE,0.034298448816805736,1265738,001dcee8e81efda3,True,location-k4-fold1-seed0,1
persistence,CoPx_R,24,MAE,0.13030481220338086,1265738,001dcee8e81efda3,True,location-k4-fold1-seed0,1
persistence,CoPx_R,24,SS_vs_persistence,2.915578889428616e-11,1265738,001dcee8e81efda3,True,location-k4-fold1-seed0,1
persistence,CoPx_R,24,SS_vs_seasonal,0.010278631257567561,1265738,001dcee8e81efda3,True,location-k4-fold1-seed0,1
persistence,CoPx_R,24,SS_vs_ar,-0.7060779336695315,1265738,001dcee8e81efda3,True,location-k4-fold1-seed0,1
persistence,CoPx_R,25,MSE,0.03453162192730224,1265738,001dcee8e81efda3,True,location-k4-fold1-seed0,1
persistence,CoPx_R,25,MAE,0.13104714973468576,1265738,001dcee8e81efda3,True,location-k4-fold1-seed0,1
persistence,CoPx_R,25,SS_vs_persistence,2.895894635202012e-11,1265738,001dcee8e81efda3,True,location-k4-fold1-seed0,1
persistence,CoPx_R,25,SS_vs_seasonal,0.002455662228560751,1265738,001dcee8e81efda3,True,location-k4-fold1-seed0,1
persistence,CoPx_R,25,SS_vs_ar,-0.7139173893477171,1265738,001dcee8e81efda3,True,location-k4-fold1-seed0,1
persistence,CoPx_R,26,MSE,0.03430333621120393,1265738,001dcee8e81efda3,True,location-k4-fold1-seed0,1
persistence,CoPx_R,26,MAE,0.13037862372502856,1265738,001dcee8e81efda3,True,location-k4-fold1-seed0,1
persistence,CoPx_R,26,SS_vs_persistence,2.915168106909505e-11,1265738,001dcee8e81efda3,True,location-k4-fold1-seed0,1
persistence,CoPx_R,26,SS_vs_seasonal,0.011933216558742021,1265738,001dcee8e81efda3,True,location-k4-fold1-seed0,1
persistence,CoPx_R,26,SS_vs_ar,-0.6959367207591489,1265738,001dcee8e81efda3,True,location-k4-fold1-seed0,1
persistence,CoPx_R,27,MSE,0.035450300344053096,1265738,001dcee8e81efda3,True,location-k4-fold1-seed0,1
persistence,CoPx_R,27,MAE,0.13253986252325775,1265738,001dcee8e81efda3,True,location-k4-fold1-seed0,1
persistence,CoPx_R,27,SS_vs_persistence,2.8208435587373515e-11,1265738,001dcee8e81efda3,True,location-k4-fold1-seed0,1
persistence,CoPx_R,27,SS_vs_seasonal,0.0018258472409495852,1265738,001dcee8e81efda3,True,location-k4-fold1-seed0,1
persistence,CoPx_R,27,SS_vs_ar,-0.7459771425473722,1265738,001dcee8e81efda3,True,location-k4-fold1-seed0,1
persistence,CoPx_R,28,MSE,0.03523259686841162,1265738,001dcee8e81efda3,True,location-k4-fold1-seed0,1
persistence,CoPx_R,28,MAE,0.13215196216307146,1265738,001dcee8e81efda3,True,location-k4-fold1-seed0,1
persistence,CoPx_R,28,SS_vs_persistence,2.8382740602239664e-11,1265738,001dcee8e81efda3,True,location-k4-fold1-seed0,1
persistence,CoPx_R,28,SS_vs_seasonal,0.00026541944877522816,1265738,001dcee8e81efda3,True,location-k4-fold1-seed0,1
persistence,CoPx_R,28,SS_vs_ar,-0.7341088158105753,1265738,001dcee8e81efda3,True,location-k4-fold1-seed0,1
persistence,CoPx_R,29,MSE,0.035424432506745415,1265738,001dcee8e81efda3,True,location-k4-fold1-seed0,1
persistence,CoPx_R,29,MAE,0.13265682029713557,1265738,001dcee8e81efda3,True,location-k4-fold1-seed0,1
persistence,CoPx_R,29,SS_vs_persistence,2.8229085735631543e-11,1265738,001dcee8e81efda3,True,location-k4-fold1-seed0,1
persistence,CoPx_R,29,SS_vs_seasonal,0.0022483566029838364,1265738,001dcee8e81efda3,True,location-k4-fold1-seed0,1
persistence,CoPx_R,29,SS_vs_ar,-0.7373658630627742,1265738,001dcee8e81efda3,True,location-k4-fold1-seed0,1
persistence,CoPx_R,30,MSE,0.035661531735828506,1265738,001dcee8e81efda3,True,location-k4-fold1-seed0,1
persistence,CoPx_R,30,MAE,0.13270372180974999,1265738,001dcee8e81efda3,True,location-k4-fold1-seed0,1
persistence,CoPx_R,30,SS_vs_persistence,2.804134702216743e-11,1265738,001dcee8e81efda3,True,location-k4-fold1-seed0,1
persistence,CoPx_R,30,SS_vs_seasonal,-0.0004404716691206456,1265738,001dcee8e81efda3,True,location-k4-fold1-seed0,1
persistence,CoPx_R,30,SS_vs_ar,-0.7476667569431692,1265738,001dcee8e81efda3,True,location-k4-fold1-seed0,1
persistence,CoPx_R,all,MSE,0.031018875611492306,1265738,001dcee8e81efda3,True,location-k4-fold1-seed0,1
persistence,CoPx_R,all,MAE,0.12244427476947331,1265738,001dcee8e81efda3,True,location-k4-fold1-seed0,1
persistence,CoPx_R,all,SS_vs_persistence,3.223843414446037e-11,1265738,001dcee8e81efda3,True,location-k4-fold1-seed0,1
persistence,CoPx_R,all,SS_vs_seasonal,0.016410570162248894,1265738,001dcee8e81efda3,True,location-k4-fold1-seed0,1
persistence,CoPx_R,all,SS_vs_ar,-0.6746754780974837,1265738,001dcee8e81efda3,True,location-k4-fold1-seed0,1
persistence,CoPy_R,1,MSE,0.03297999062394209,1265738,001dcee8e81efda3,True,location-k4-fold1-seed0,1
persistence,CoPy_R,1,MAE,0.13172358340684118,1265738,001dcee8e81efda3,True,location-k4-fold1-seed0,1
persistence,CoPy_R,1,SS_vs_persistence,3.032141204784011e-11,1265738,001dcee8e81efda3,True,location-k4-fold1-seed0,1
persistence,CoPy_R,1,SS_vs_seasonal,0.06114285712910672,1265738,001dcee8e81efda3,True,location-k4-fold1-seed0,1
persistence,CoPy_R,1,SS_vs_ar,-0.6594763884613541,1265738,001dcee8e81efda3,True,location-k4-fold1-seed0,1
persistence,CoPy_R,2,MSE,0.03750219021788816,1265738,001dcee8e81efda3,True,location-k4-fold1-seed0,1
persistence,CoPy_R,2,MAE,0.1447516763782923,1265738,001dcee8e81efda3,True,location-k4-fold1-seed0,1
persistence,CoPy_R,2,SS_vs_persistence,2.6665114560842085e-11,1265738,001dcee8e81efda3,True,location-k4-fold1-seed0,1
persistence,CoPy_R,2,SS_vs_seasonal,0.025656929606492573,1265738,001dcee8e81efda3,True,location-k4-fold1-seed0,1
persistence,CoPy_R,2,SS_vs_ar,-0.7928222221265562,1265738,001dcee8e81efda3,True,location-k4-fold1-seed0,1
persistence,CoPy_R,3,MSE,0.04023103313926843,1265738,001dcee8e81efda3,True,location-k4-fold1-seed0,1
persistence,CoPy_R,3,MAE,0.15019154920043568,1265738,001dcee8e81efda3,True,location-k4-fold1-seed0,1
persistence,CoPy_R,3,SS_vs_persistence,2.4856450231425242e-11,1265738,001dcee8e81efda3,True,location-k4-fold1-seed0,1
persistence,CoPy_R,3,SS_vs_seasonal,-0.0039635078645476884,1265738,001dcee8e81efda3,True,location-k4-fold1-seed0,1
persistence,CoPy_R,3,SS_vs_ar,-0.8879131610308488,1265738,001dcee8e81efda3,True,location-k4-fold1-seed0,1
persistence,CoPy_R,4,MSE,0.04016007745823697,1265738,001dcee8e81efda3,True,location-k4-fold1-seed0,1
persistence,CoPy_R,4,MAE,0.1502688886375223,1265738,001dcee8e81efda3,True,location-k4-fold1-seed0,1
persistence,CoPy_R,4,SS_vs_persistence,2.4900304040897936e-11,1265738,001dcee8e81efda3,True,location-k4-fold1-seed0,1
persistence,CoPy_R,4,SS_vs_seasonal,-0.007842563663653879,1265738,001dcee8e81efda3,True,location-k4-fold1-seed0,1
persistence,CoPy_R,4,SS_vs_ar,-0.8663918322678434,1265738,001dcee8e81efda3,True,location-k4-fold1-seed0,1
persistence,CoPy_R,5,MSE,0.04191582979279549,1265738,001dcee8e81efda3,True,location-k4-fold1-seed0,1
persistence,CoPy_R,5,MAE,0.15363219285257484,1265738,001dcee8e81efda3,True,location-k4-fold1-seed0,1
persistence,CoPy_R,5,SS_vs_persistence,2.38572495092626e-11,1265738,001dcee8e81efda3,True,location-k4-fold1-seed0,1
persistence,CoPy_R,5,SS_vs_seasonal,-0.01666836379071479,1265738,001dcee8e81efda3,True,location-k4-fold1-seed0,1
persistence,CoPy_R,5,SS_vs_ar,-0.9257200112711998,1265738,001dcee8e81efda3,True,location-k4-fold1-seed0,1
persistence,CoPy_R,6,MSE,0.03961529035637313,1265738,001dcee8e81efda3,True,location-k4-fold1-seed0,1
persistence,CoPy_R,6,MAE,0.14891678844913994,1265738,001dcee8e81efda3,True,location-k4-fold1-seed0,1
persistence,CoPy_R,6,SS_vs_persistence,2.5242696821692334e-11,1265738,001dcee8e81efda3,True,location-k4-fold1-seed0,1
persistence,CoPy_R,6,SS_vs_seasonal,-0.002116020828223819,1265738,001dcee8e81efda3,True,location-k4-fold1-seed0,1
persistence,CoPy_R,6,SS_vs_ar,-0.8153709123903707,1265738,001dcee8e81efda3,True,location-k4-fold1-seed0,1
persistence,CoPy_R,7,MSE,0.04022639993511454,1265738,001dcee8e81efda3,True,location-k4-fold1-seed0,1
persistence,CoPy_R,7,MAE,0.15074894096030433,1265738,001dcee8e81efda3,True,location-k4-fold1-seed0,1
persistence,CoPy_R,7,SS_vs_persistence,2.4859225788986805e-11,1265738,001dcee8e81efda3,True,location-k4-fold1-seed0,1
persistence,CoPy_R,7,SS_vs_seasonal,0.003956508352322197,1265738,001dcee8e81efda3,True,location-k4-fold1-seed0,1
persistence,CoPy_R,7,SS_vs_ar,-0.8241478451568234,1265738,001dcee8e81efda3,True,location-k4-fold1-seed0,1
persistence,CoPy_R,8,MSE,0.03906746146200772,1265738,001dcee8e81efda3,True,location-k4-fold1-seed0,1
persistence,CoPy_R,8,MAE,0.14823747032322523,1265738,001dcee8e81efda3,True,location-k4-fold1-seed0,1
persistence,CoPy_R,8,SS_vs_persistence,2.5596746944245297e-11,1265738,001dcee8e81efda3,True,location-k4-fold1-seed0,1
persistence,CoPy_R,8,SS_vs_seasonal,0.01993615864469056,1265738,001dcee8e81efda3,True,location-k4-fold1-seed0,1
persistence,CoPy_R,8,SS_vs_ar,-0.7615002870234067,1265738,001dcee8e81efda3,True,location-k4-fold1-seed0,1
persistence,CoPy_R,9,MSE,0.03937923306150395,1265738,001dcee8e81efda3,True,location-k4-fold1-seed0,1
persistence,CoPy_R,9,MAE,0.14865837089476308,1265738,001dcee8e81efda3,True,location-k4-fold1-seed0,1
persistence,CoPy_R,9,SS_vs_persistence,2.5394020219948743e-11,1265738,001dcee8e81efda3,True,location-k4-fold1-seed0,1
persistence,CoPy_R,9,SS_vs_seasonal,0.018375218063485965,1265738,001dcee8e81efda3,True,location-k4-fold1-seed0,1
persistence,CoPy_R,9,SS_vs_ar,-0.7590616700867641,1265738,001dcee8e81efda3,True,location-k4-fold1-seed0,1
persistence,CoPy_R,10,MSE,0.040445885509381725,1265738,001dcee8e81efda3,True,location-k4-fold1-seed0,1
persistence,CoPy_R,10,MAE,0.1508822705673683,1265738,001dcee8e81efda3,True,location-k4-fold1-seed0,1
persistence,CoPy_R,10,SS_vs_persistence,2.472433369149485e-11,1265738,001dcee8e81efda3,True,location-k4-fold1-seed0,1
persistence,CoPy_R,10,SS_vs_seasonal,0.0016629878070718584,1265738,001dcee8e81efda3,True,location-k4-fold1-seed0,1
persistence,CoPy_R,10,SS_vs_ar,-0.7838310957976324,1265738,001dcee8e81efda3,True,location-k4-fold1-seed0,1
persistence,CoPy_R,11,MSE,0.042650862667539376,1265738,001dcee8e81efda3,True,location-k4-fold1-seed0,1
persistence,CoPy_R,11,MAE,0.15548826589408304,1265738,001dcee8e81efda3,True,location-k4-fold1-seed0,1
persistence,CoPy_R,11,SS_vs_persistence,2.3446133923243906e-11,1265738,001dcee8e81efda3,True,location-k4-fold1-seed0,1
persistence,CoPy_R,11,SS_vs_seasonal,0.012212207175064993,1265738,001dcee8e81efda3,True,location-k4-fold1-seed0,1
persistence,CoPy_R,11,SS_vs_ar,-0.8606057467953763,1265738,001dcee8e81efda3,True,location-k4-fold1-seed0,1
persistence,CoPy_R,12,MSE,0.04318683409471894,1265738,001dcee8e81efda3,True,location-k4-fold1-seed0,1
persistence,CoPy_R,12,MAE,0.15644165908236693,1265738,001dcee8e81efda3,True,location-k4-fold1-seed0,1
persistence,CoPy_R,12,SS_vs_persistence,2.3155144468489652e-11,1265738,001dcee8e81efda3,True,location-k4-fold1-seed0,1
persistence,CoPy_R,12,SS_vs_seasonal,0.0038647798142917855,1265738,001dcee8e81efda3,True,location-k4-fold1-seed0,1
persistence,CoPy_R,12,SS_vs_ar,-0.8733484681115369,1265738,001dcee8e81efda3,True,location-k4-fold1-seed0,1
persistence,CoPy_R,13,MSE,0.04396283799795539,1265738,001dcee8e81efda3,True,location-k4-fold1-seed0,1
persistence,CoPy_R,13,MAE,0.15732025658792811,1265738,001dcee8e81efda3,True,location-k4-fold1-seed0,1
persistence,CoPy_R,13,SS_vs_persistence,2.2746471373125132e-11,1265738,001dcee8e81efda3,True,location-k4-fold1-seed0,1
persistence,CoPy_R,13,SS_vs_seasonal,-0.0026900565214325045,1265738,001dcee8e81efda3,True,location-k4-fold1-seed0,1
persistence,CoPy_R,13,SS_vs_ar,-0.8955262779968172,1265738,001dcee8e81efda3,True,location-k4-fold1-seed0,1
persistence,CoPy_R,14,MSE,0.04243522302432189,1265738,001dcee8e81efda3,True,location-k4-fold1-seed0,1
persistence,CoPy_R,14,MAE,0.15536874467152556,1265738,001dcee8e81efda3,True,location-k4-fold1-seed0,1
persistence,CoPy_R,14,SS_vs_persistence,2.3565260853786185e-11,1265738,001dcee8e81efda3,True,location-k4-fold1-seed0,1
persistence,CoPy_R,14,SS_vs_seasonal,0.010282399838513201,1265738,001dcee8e81efda3,True,location-k4-fold1-seed0,1
persistence,CoPy_R,14,SS_vs_ar,-0.8324176119996054,1265738,001dcee8e81efda3,True,location-k4-fold1-seed0,1
persistence,CoPy_R,15,MSE,0.04160880317620115,1265738,001dcee8e81efda3,True,location-k4-fold1-seed0,1
persistence,CoPy_R,15,MAE,0.15379687689718005,1265738,001dcee8e81efda3,True,location-k4-fold1-seed0,1
persistence,CoPy_R,15,SS_vs_persistence,2.403333088096815e-11,1265738,001dcee8e81efda3,True,location-k4-fold1-seed0,1
persistence,CoPy_R,15,SS_vs_seasonal,0.02011659835516877,1265738,001dcee8e81efda3,True,location-k4-fold1-seed0,1
persistence,CoPy_R,15,SS_vs_ar,-0.7956237510302859,1265738,001dcee8e81efda3,True,location-k4-fold1-seed0,1
persistence,CoPy_R,16,MSE,0.04197614436123615,1265738,001dcee8e81efda3,True,location-k4-fold1-seed0,1
persistence,CoPy_R,16,MAE,0.15408642079196955,1265738,001dcee8e81efda3,True,location-k4-fold1-seed0,1
persistence,CoPy_R,16,SS_vs_persistence,2.3823054640104147e-11,1265738,001dcee8e81efda3,True,location-k4-fold1-seed0,1
persistence,CoPy_R,16,SS_vs_seasonal,0.01318275962085591,1265738,001dcee8e81efda3,True,location-k4-fold1-seed0,1
persistence,CoPy_R,16,SS_vs_ar,-0.8003124370300643,1265738,001dcee8e81efda3,True,location-k4-fold1-seed0,1
persistence,CoPy_R,17,MSE,0.042568849520056094,1265738,001dcee8e81efda3,True,location-k4-fold1-seed0,1
persistence,CoPy_R,17,MAE,0.15542682037237743,1265738,001dcee8e81efda3,True,location-k4-fold1-seed0,1
persistence,CoPy_R,17,SS_vs_persistence,2.349132000034615e-11,1265738,001dcee8e81efda3,True,location-k4-fold1-seed0,1
persistence,CoPy_R,17,SS_vs_seasonal,0.0186560665924701,1265738,001dcee8e81efda3,True,location-k4-fold1-seed0,1
persistence,CoPy_R,17,SS_vs_ar,-0.8129487116832321,1265738,001dcee8e81efda3,True,location-k4-fold1-seed0,1
persistence,CoPy_R,18,MSE,0.043282380921281255,1265738,001dcee8e81efda3,True,location-k4-fold1-seed0,1
persistence,CoPy_R,18,MAE,0.15662327944341134,1265738,001dcee8e81efda3,True,location-k4-fold1-seed0,1
persistence,CoPy_R,18,SS_vs_persistence,2.3104074209356895e-11,1265738,001dcee8e81efda3,True,location-k4-fold1-seed0,1
persistence,CoPy_R,18,SS_vs_seasonal,0.0039943355116218715,1265738,001dcee8e81efda3,True,location-k4-fold1-seed0,1
persistence,CoPy_R,18,SS_vs_ar,-0.8316043982194241,1265738,001dcee8e81efda3,True,location-k4-fold1-seed0,1
persistence,CoPy_R,19,MSE,0.043653355279688104,1265738,001dcee8e81efda3,True,location-k4-fold1-seed0,1
persistence,CoPy_R,19,MAE,0.1572859433674072,1265738,001dcee8e81efda3,True,location-k4-fold1-seed0,1
persistence,CoPy_R,19,SS_vs_persistence,2.2907675756300705e-11,1265738,001dcee8e81efda3,True,location-k4-fold1-seed0,1
persistence,CoPy_R,19,SS_vs_seasonal,0.002650173996823324,1265738,001dcee8e81efda3,True,location-k4-fold1-seed0,1
persistence,CoPy_R,19,SS_vs_ar,-0.8384879793638891,1265738,001dcee8e81efda3,True,location-k4-fold1-seed0,1
persistence,CoPy_R,20,MSE,0.04424087403133094,1265738,001dcee8e81efda3,True,location-k4-fold1-seed0,1
persistence,CoPy_R,20,MAE,0.159004553863234,1265738,001dcee8e81efda3,True,location-k4-fold1-seed0,1
persistence,CoPy_R,20,SS_vs_persistence,2.2603474647553412e-11,1265738,001dcee8e81efda3,True,location-k4-fold1-seed0,1
persistence,CoPy_R,20,SS_vs_seasonal,-0.0007298771186761144,1265738,001dcee8e81efda3,True,location-k4-fold1-seed0,1
persistence,CoPy_R,20,SS_vs_ar,-0.8583227064825378,1265738,001dcee8e81efda3,True,location-k4-fold1-seed0,1
persistence,CoPy_R,21,MSE,0.04443405734074069,1265738,001dcee8e81efda3,True,location-k4-fold1-seed0,1
persistence,CoPy_R,21,MAE,0.15909642337755248,1265738,001dcee8e81efda3,True,location-k4-fold1-seed0,1
persistence,CoPy_R,21,SS_vs_persistence,2.2505219909874086e-11,1265738,001dcee8e81efda3,True,location-k4-fold1-seed0,1
persistence,CoPy_R,21,SS_vs_seasonal,-0.0013716117911291015,1265738,001dcee8e81efda3,True,location-k4-fold1-seed0,1
persistence,CoPy_R,21,SS_vs_ar,-0.8642015002489123,1265738,001dcee8e81efda3,True,location-k4-fold1-seed0,1
persistence,CoPy_R,22,MSE,0.0434925301054805,1265738,001dcee8e81efda3,True,location-k4-fold1-seed0,1
persistence,CoPy_R,22,MAE,0.15691989281132568,1265738,001dcee8e81efda3,True,location-k4-fold1-seed0,1
persistence,CoPy_R,22,SS_vs_persistence,2.2992385773079604e-11,1265738,001dcee8e81efda3,True,location-k4-fold1-seed0,1
persistence,CoPy_R,22,SS_vs_seasonal,0.004538274678466903,1265738,001dcee8e81efda3,True,location-k4-fold1-seed0,1
persistence,CoPy_R,22,SS_vs_ar,-0.8222845736438325,1265738,001dcee8e81efda3,True,location-k4-fold1-seed0,1
persistence,CoPy_R,23,MSE,0.042864876941812305,1265738,001dcee8e81efda3,True,location-k4-fold1-seed0,1
persistence,CoPy_R,23,MAE,0.15592411721675972,1265738,001dcee8e81efda3,True,location-k4-fold1-seed0,1
persistence,CoPy_R,23,SS_vs_persistence,2.3329116416448414e-11,1265738,001dcee8e81efda3,True,location-k4-fold1-seed0,1
persistence,CoPy_R,23,SS_vs_seasonal,0.017714271511313884,1265738,001dcee8e81efda3,True,location-k4-fold1-seed0,1
persistence,CoPy_R,23,SS_vs_ar,-0.7961002557511936,1265738,001dcee8e81efda3,True,location-k4-fold1-seed0,1
persistence,CoPy_R,24,MSE,0.04226435099627031,1265738,001dcee8e81efda3,True,location-k4-fold1-seed0,1
persistence,CoPy_R,24,MAE,0.15455804124075928,1265738,001dcee8e81efda3,True,location-k4-fold1-seed0,1
persistence,CoPy_R,24,SS_vs_persistence,2.3660517989299024e-11,1265738,001dcee8e81efda3,True,location-k4-fold1-seed0,1
persistence,CoPy_R,24,SS_vs_seasonal,0.018220767408263616,1265738,001dcee8e81efda3,True,location-k4-fold1-seed0,1
persistence,CoPy_R,24,SS_vs_ar,-0.7661861516150272,1265738,001dcee8e81efda3,True,location-k4-fold1-seed0,1
persistence,CoPy_R,25,MSE,0.043637051559735934,1265738,001dcee8e81efda3,True,location-k4-fold1-seed0,1
persistence,CoPy_R,25,MAE,0.15697059758613338,1265738,001dcee8e81efda3,True,location-k4-fold1-seed0,1
persistence,CoPy_R,25,SS_vs_persistence,2.291622447359032e-11,1265738,001dcee8e81efda3,True,location-k4-fold1-seed0,1
persistence,CoPy_R,25,SS_vs_seasonal,0.0038326398024751684,1265738,001dcee8e81efda3,True,location-k4-fold1-seed0,1
persistence,CoPy_R,25,SS_vs_ar,-0.8094395567030623,1265738,001dcee8e81efda3,True,location-k4-fold1-seed0,1
persistence,CoPy_R,26,MSE,0.044322517559630396,1265738,001dcee8e81efda3,True,location-k4-fold1-seed0,1
persistence,CoPy_R,26,MAE,0.15869406944223882,1265738,001dcee8e81efda3,True,location-k4-fold1-seed0,1
persistence,CoPy_R,26,SS_vs_persistence,2.256184128412997e-11,1265738,001dcee8e81efda3,True,location-k4-fold1-seed0,1
persistence,CoPy_R,26,SS_vs_seasonal,-0.006394041804328898,1265738,001dcee8e81efda3,True,location-k4-fold1-seed0,1
persistence,CoPy_R,26,SS_vs_ar,-0.8332060678963435,1265738,001dcee8e81efda3,True,location-k4-fold1-seed0,1
persistence,CoPy_R,27,MSE,0.04604707858379966,1265738,001dcee8e81efda3,True,location-k4-fold1-seed0,1
persistence,CoPy_R,27,MAE,0.16168825074673165,1265738,001dcee8e81efda3,True,location-k4-fold1-seed0,1
persistence,CoPy_R,27,SS_vs_persistence,2.1716850540087762e-11,1265738,001dcee8e81efda3,True,location-k4-fold1-seed0,1
persistence,CoPy_R,27,SS_vs_seasonal,-0.019658457150407482,1265738,001dcee8e81efda3,True,location-k4-fold1-seed0,1
persistence,CoPy_R,27,SS_vs_ar,-0.8968588327417273,1265738,001dcee8e81efda3,True,location-k4-fold1-seed0,1
persistence,CoPy_R,28,MSE,0.046434401708509106,1265738,001dcee8e81efda3,True,location-k4-fold1-seed0,1
persistence,CoPy_R,28,MAE,0.16199097645856608,1265738,001dcee8e81efda3,True,location-k4-fold1-seed0,1
persistence,CoPy_R,28,SS_vs_persistence,2.15357731647714e-11,1265738,001dcee8e81efda3,True,location-k4-fold1-seed0,1
persistence,CoPy_R,28,SS_vs_seasonal,-0.02403906250503085,1265738,001dcee8e81efda3,True,location-k4-fold1-seed0,1
persistence,CoPy_R,28,SS_vs_ar,-0.9111491233887234,1265738,001dcee8e81efda3,True,location-k4-fold1-seed0,1
persistence,CoPy_R,29,MSE,0.04660832919620305,1265738,001dcee8e81efda3,True,location-k4-fold1-seed0,1
persistence,CoPy_R,29,MAE,0.16231585007357857,1265738,001dcee8e81efda3,True,location-k4-fold1-seed0,1
persistence,CoPy_R,29,SS_vs_persistence,2.1455393017788538e-11,1265738,001dcee8e81efda3,True,location-k4-fold1-seed0,1
persistence,CoPy_R,29,SS_vs_seasonal,-0.019430924387520587,1265738,001dcee8e81efda3,True,location-k4-fold1-seed0,1
persistence,CoPy_R,29,SS_vs_ar,-0.9170982017915275,1265738,001dcee8e81efda3,True,location-k4-fold1-seed0,1
persistence,CoPy_R,30,MSE,0.04338421047123939,1265738,001dcee8e81efda3,True,location-k4-fold1-seed0,1
persistence,CoPy_R,30,MAE,0.1570595839188655,1265738,001dcee8e81efda3,True,location-k4-fold1-seed0,1
persistence,CoPy_R,30,SS_vs_persistence,2.3049784303452725e-11,1265738,001dcee8e81efda3,True,location-k4-fold1-seed0,1
persistence,CoPy_R,30,SS_vs_seasonal,-9.677451990874886e-07,1265738,001dcee8e81efda3,True,location-k4-fold1-seed0,1
persistence,CoPy_R,30,SS_vs_ar,-0.7863554620948479,1265738,001dcee8e81efda3,True,location-k4-fold1-seed0,1
persistence,CoPy_R,all,MSE,0.04215299783563581,1265738,001dcee8e81efda3,True,location-k4-fold1-seed0,1
persistence,CoPy_R,all,MAE,0.1541364949549111,1265738,001dcee8e81efda3,True,location-k4-fold1-seed0,1
persistence,CoPy_R,all,SS_vs_persistence,2.372302354558542e-11,1265738,001dcee8e81efda3,True,location-k4-fold1-seed0,1
persistence,CoPy_R,all,SS_vs_seasonal,0.004617366374106258,1265738,001dcee8e81efda3,True,location-k4-fold1-seed0,1
persistence,CoPy_R,all,SS_vs_ar,-0.8302336696766033,1265738,001dcee8e81efda3,True,location-k4-fold1-seed0,1
seasonal,F_R,1,MSE,316986.14396038296,1297860,001dcee8e81efda3,True,location-k4-fold1-seed0,1
seasonal,F_R,1,MAE,364.7210958312506,1297860,001dcee8e81efda3,True,location-k4-fold1-seed0,1
seasonal,F_R,1,SS_vs_persistence,-0.041044494662296316,1297860,001dcee8e81efda3,True,location-k4-fold1-seed0,1
seasonal,F_R,1,SS_vs_seasonal,0.0,1297860,001dcee8e81efda3,True,location-k4-fold1-seed0,1
seasonal,F_R,1,SS_vs_ar,-0.5564473528648732,1297860,001dcee8e81efda3,True,location-k4-fold1-seed0,1
seasonal,F_R,2,MSE,358994.1640496941,1297860,001dcee8e81efda3,True,location-k4-fold1-seed0,1
seasonal,F_R,2,MAE,398.6948145066235,1297860,001dcee8e81efda3,True,location-k4-fold1-seed0,1
seasonal,F_R,2,SS_vs_persistence,-0.02330259396310952,1297860,001dcee8e81efda3,True,location-k4-fold1-seed0,1
seasonal,F_R,2,SS_vs_seasonal,0.0,1297860,001dcee8e81efda3,True,location-k4-fold1-seed0,1
seasonal,F_R,2,SS_vs_ar,-0.6273443097494154,1297860,001dcee8e81efda3,True,location-k4-fold1-seed0,1
seasonal,F_R,3,MSE,371253.0907245094,1297860,001dcee8e81efda3,True,location-k4-fold1-seed0,1
seasonal,F_R,3,MAE,409.4311554052425,1297860,001dcee8e81efda3,True,location-k4-fold1-seed0,1
seasonal,F_R,3,SS_vs_persistence,-0.016558734665677255,1297860,001dcee8e81efda3,True,location-k4-fold1-seed0,1
seasonal,F_R,3,SS_vs_seasonal,0.0,1297860,001dcee8e81efda3,True,location-k4-fold1-seed0,1
seasonal,F_R,3,SS_vs_ar,-0.6310354624821322,1297860,001dcee8e81efda3,True,location-k4-fold1-seed0,1
seasonal,F_R,4,MSE,378292.8596689926,1297860,001dcee8e81efda3,True,location-k4-fold1-seed0,1
seasonal,F_R,4,MAE,414.331310052657,1297860,001dcee8e81efda3,True,location-k4-fold1-seed0,1
seasonal,F_R,4,SS_vs_persistence,-0.013813563340092427,1297860,001dcee8e81efda3,True,location-k4-fold1-seed0,1
seasonal,F_R,4,SS_vs_seasonal,0.0,1297860,001dcee8e81efda3,True,location-k4-fold1-seed0,1
seasonal,F_R,4,SS_vs_ar,-0.6208818629751212,1297860,001dcee8e81efda3,True,location-k4-fold1-seed0,1
seasonal,F_R,5,MSE,393615.21796670085,1297860,001dcee8e81efda3,True,location-k4-fold1-seed0,1
seasonal,F_R,5,MAE,422.5899381653004,1297860,001dcee8e81efda3,True,location-k4-fold1-seed0,1
seasonal,F_R,5,SS_vs_persistence,-0.008670917297908254,1297860,001dcee8e81efda3,True,location-k4-fold1-seed0,1
seasonal,F_R,5,SS_vs_seasonal,0.0,1297860,001dcee8e81efda3,True,location-k4-fold1-seed0,1
seasonal,F_R,5,SS_vs_ar,-0.6543727315551349,1297860,001dcee8e81efda3,True,location-k4-fold1-seed0,1
seasonal,F_R,6,MSE,382328.588466743,1297860,001dcee8e81efda3,True,location-k4-fold1-seed0,1
seasonal,F_R,6,MAE,415.4449652449212,1297860,001dcee8e81efda3,True,location-k4-fold1-seed0,1
seasonal,F_R,6,SS_vs_persistence,-0.008578912742096323,1297860,001dcee8e81efda3,True,location-k4-fold1-seed0,1
seasonal,F_R,6,SS_vs_seasonal,0.0,1297860,001dcee8e81efda3,True,location-k4-fold1-seed0,1
seasonal,F_R,6,SS_vs_ar,-0.5971965636765044,1297860,001dcee8e81efda3,True,location-k4-fold1-seed0,1
seasonal,F_R,7,MSE,379581.35325919744,1297860,001dcee8e81efda3,True,location-k4-fold1-seed0,1
seasonal,F_R,7,MAE,415.77686820286584,1297860,001dcee8e81efda3,True,location-k4-fold1-seed0,1
seasonal,F_R,7,SS_vs_persistence,-0.004624628760950156,1297860,001dcee8e81efda3,True,location-k4-fold1-seed0,1
seasonal,F_R,7,SS_vs_seasonal,0.0,1297860,001dcee8e81efda3,True,location-k4-fold1-seed0,1
seasonal,F_R,7,SS_vs_ar,-0.5678508525192849,1297860,001dcee8e81efda3,True,location-k4-fold1-seed0,1
seasonal,F_R,8,MSE,386959.1281184793,1297860,001dcee8e81efda3,True,location-k4-fold1-seed0,1
seasonal,F_R,8,MAE,418.73879979629027,1297860,001dcee8e81efda3,True,location-k4-fold1-seed0,1
seasonal,F_R,8,SS_vs_persistence,-0.0032034441958570525,1297860,001dcee8e81efda3,True,location-k4-fold1-seed0,1
seasonal,F_R,8,SS_vs_seasonal,0.0,1297860,001dcee8e81efda3,True,location-k4-fold1-seed0,1
seasonal,F_R,8,SS_vs_ar,-0.5619599584267381,1297860,001dcee8e81efda3,True,location-k4-fold1-seed0,1
seasonal,F_R,9,MSE,393806.2435078589,1297860,001dcee8e81efda3,True,location-k4-fold1-seed0,1
seasonal,F_R,9,MAE,424.83088458420406,1297860,001dcee8e81efda3,True,location-k4-fold1-seed0,1
seasonal,F_R,9,SS_vs_persistence,-0.0009491125565594949,1297860,001dcee8e81efda3,True,location-k4-fold1-seed0,1
seasonal,F_R,9,SS_vs_seasonal,0.0,1297860,001dcee8e81efda3,True,location-k4-fold1-seed0,1
seasonal,F_R,9,SS_vs_ar,-0.5609895090188515,1297860,001dcee8e81efda3,True,location-k4-fold1-seed0,1
seasonal,F_R,10,MSE,389797.6000923824,1297860,001dcee8e81efda3,True,location-k4-fold1-seed0,1
seasonal,F_R,10,MAE,422.5123286416332,1297860,001dcee8e81efda3,True,location-k4-fold1-seed0,1
seasonal,F_R,10,SS_vs_persistence,-0.0031439853445069943,1297860,001dcee8e81efda3,True,location-k4-fold1-seed0,1
seasonal,F_R,10,SS_vs_seasonal,0.0,1297860,001dcee8e81efda3,True,location-k4-fold1-seed0,1
seasonal,F_R,10,SS_vs_ar,-0.5220888937007511,1297860,001dcee8e81efda3,True,location-k4-fold1-seed0,1
seasonal,F_R,11,MSE,413358.48030738044,1297860,001dcee8e81efda3,True,location-k4-fold1-seed0,1
seasonal,F_R,11,MAE,436.2296872257354,1297860,001dcee8e81efda3,True,location-k4-fold1-seed0,1
seasonal,F_R,11,SS_vs_persistence,-0.011047324648889356,1297860,001dcee8e81efda3,True,location-k4-fold1-seed0,1
seasonal,F_R,11,SS_vs_seasonal,0.0,1297860,001dcee8e81efda3,True,location-k4-fold1-seed0,1
seasonal,F_R,11,SS_vs_ar,-0.577444100509392,1297860,001dcee8e81efda3,True,location-k4-fold1-seed0,1
seasonal,F_R,12,MSE,422377.9185357703,1297860,001dcee8e81efda3,True,location-k4-fold1-seed0,1
seasonal,F_R,12,MAE,443.69862749255714,1297860,001dcee8e81efda3,True,location-k4-fold1-seed0,1
seasonal,F_R,12,SS_vs_persistence,-0.004593083396617015,1297860,001dcee8e81efda3,True,location-k4-fold1-seed0,1
seasonal,F_R,12,SS_vs_seasonal,0.0,1297860,001dcee8e81efda3,True,location-k4-fold1-seed0,1
seasonal,F_R,12,SS_vs_ar,-0.5850311190763935,1297860,001dcee8e81efda3,True,location-k4-fold1-seed0,1
seasonal,F_R,13,MSE,423767.0226300601,1297860,001dcee8e81efda3,True,location-k4-fold1-seed0,1
seasonal,F_R,13,MAE,445.271761215751,1297860,001dcee8e81efda3,True,location-k4-fold1-seed0,1
seasonal,F_R,13,SS_vs_persistence,-0.005163592832778008,1297860,001dcee8e81efda3,True,location-k4-fold1-seed0,1
seasonal,F_R,13,SS_vs_seasonal,0.0,1297860,001dcee8e81efda3,True,location-k4-fold1-seed0,1
seasonal,F_R,13,SS_vs_ar,-0.572626195482935,1297860,001dcee8e81efda3,True,location-k4-fold1-seed0,1
seasonal,F_R,14,MSE,421470.78542479296,1297860,001dcee8e81efda3,True,location-k4-fold1-seed0,1
seasonal,F_R,14,MAE,443.5503819467269,1297860,001dcee8e81efda3,True,location-k4-fold1-seed0,1
seasonal,F_R,14,SS_vs_persistence,-0.006514813229067773,1297860,001dcee8e81efda3,True,location-k4-fold1-seed0,1
seasonal,F_R,14,SS_vs_seasonal,0.0,1297860,001dcee8e81efda3,True,location-k4-fold1-seed0,1
seasonal,F_R,14,SS_vs_ar,-0.5573454302915586,1297860,001dcee8e81efda3,True,location-k4-fold1-seed0,1
seasonal,F_R,15,MSE,419078.33780744683,1297860,001dcee8e81efda3,True,location-k4-fold1-seed0,1
seasonal,F_R,15,MAE,443.1335510025352,1297860,001dcee8e81efda3,True,location-k4-fold1-seed0,1
seasonal,F_R,15,SS_vs_persistence,-0.003570275134092027,1297860,001dcee8e81efda3,True,location-k4-fold1-seed0,1
seasonal,F_R,15,SS_vs_seasonal,0.0,1297860,001dcee8e81efda3,True,location-k4-fold1-seed0,1
seasonal,F_R,15,SS_vs_ar,-0.5437001883020609,1297860,001dcee8e81efda3,True,location-k4-fold1-seed0,1
seasonal,F_R,16,MSE,432989.5325490329,1297860,001dcee8e81efda3,True,location-k4-fold1-seed0,1
seasonal,F_R,16,MAE,450.45015611975253,1297860,001dcee8e81efda3,True,location-k4-fold1-seed0,1
seasonal,F_R,16,SS_vs_persistence,-0.001500468594678006,1297860,001dcee8e81efda3,True,location-k4-fold1-seed0,1
seasonal,F_R,16,SS_vs_seasonal,0.0,1297860,001dcee8e81efda3,True,location-k4-fold1-seed0,1
seasonal,F_R,16,SS_vs_ar,-0.5512837164946922,1297860,001dcee8e81efda3,True,location-k4-fold1-seed0,1
seasonal,F_R,17,MSE,435345.46117402165,1297860,001dcee8e81efda3,True,location-k4-fold1-seed0,1
seasonal,F_R,17,MAE,451.0330405329419,1297860,001dcee8e81efda3,True,location-k4-fold1-seed0,1
seasonal,F_R,17,SS_vs_persistence,-0.002190131878392787,1297860,001dcee8e81efda3,True,location-k4-fold1-seed0,1
seasonal,F_R,17,SS_vs_seasonal,0.0,1297860,001dcee8e81efda3,True,location-k4-fold1-seed0,1
seasonal,F_R,17,SS_vs_ar,-0.5365431680267332,1297860,001dcee8e81efda3,True,location-k4-fold1-seed0,1
seasonal,F_R,18,MSE,436340.58823123097,1297860,001dcee8e81efda3,True,location-k4-fold1-seed0,1
seasonal,F_R,18,MAE,450.94731386396404,1297860,001dcee8e81efda3,True,location-k4-fold1-seed0,1
seasonal,F_R,18,SS_vs_persistence,-0.0012889857129121385,1297860,001dcee8e81efda3,True,location-k4-fold1-seed0,1
seasonal,F_R,18,SS_vs_seasonal,0.0,1297860,001dcee8e81efda3,True,location-k4-fold1-seed0,1
seasonal,F_R,18,SS_vs_ar,-0.5298909501577413,1297860,001dcee8e81efda3,True,location-k4-fold1-seed0,1
seasonal,F_R,19,MSE,443322.8943129339,1297860,001dcee8e81efda3,True,location-k4-fold1-seed0,1
seasonal,F_R,19,MAE,456.82138880507955,1297860,001dcee8e81efda3,True,location-k4-fold1-seed0,1
seasonal,F_R,19,SS_vs_persistence,-0.002847192544461974,1297860,001dcee8e81efda3,True,location-k4-fold1-seed0,1
seasonal,F_R,19,SS_vs_seasonal,0.0,1297860,001dcee8e81efda3,True,location-k4-fold1-seed0,1
seasonal,F_R,19,SS_vs_ar,-0.5432876728567793,1297860,001dcee8e81efda3,True,location-k4-fold1-seed0,1
seasonal,F_R,20,MSE,447283.0180722616,1297860,001dcee8e81efda3,True,location-k4-fold1-seed0,1
seasonal,F_R,20,MAE,458.1888417886809,1297860,001dcee8e81efda3,True,location-k4-fold1-seed0,1
seasonal,F_R,20,SS_vs_persistence,-0.0024390002470431327,1297860,001dcee8e81efda3,True,location-k4-fold1-seed0,1
seasonal,F_R,20,SS_vs_seasonal,0.0,1297860,001dcee8e81efda3,True,location-k4-fold1-seed0,1
seasonal,F_R,20,SS_vs_ar,-0.542912621101378,1297860,001dcee8e81efda3,True,location-k4-fold1-seed0,1
seasonal,F_R,21,MSE,442105.5191650504,1297860,001dcee8e81efda3,True,location-k4-fold1-seed0,1
seasonal,F_R,21,MAE,455.81588390576604,1297860,001dcee8e81efda3,True,location-k4-fold1-seed0,1
seasonal,F_R,21,SS_vs_persistence,-0.005127820441365394,1297860,001dcee8e81efda3,True,location-k4-fold1-seed0,1
seasonal,F_R,21,SS_vs_seasonal,0.0,1297860,001dcee8e81efda3,True,location-k4-fold1-seed0,1
seasonal,F_R,21,SS_vs_ar,-0.5172224536888086,1297860,001dcee8e81efda3,True,location-k4-fold1-seed0,1
seasonal,F_R,22,MSE,448487.8235698742,1297860,001dcee8e81efda3,True,location-k4-fold1-seed0,1
seasonal,F_R,22,MAE,457.6640697488242,1297860,001dcee8e81efda3,True,location-k4-fold1-seed0,1
seasonal,F_R,22,SS_vs_persistence,-0.0038028924962791866,1297860,001dcee8e81efda3,True,location-k4-fold1-seed0,1
seasonal,F_R,22,SS_vs_seasonal,0.0,1297860,001dcee8e81efda3,True,location-k4-fold1-seed0,1
seasonal,F_R,22,SS_vs_ar,-0.5302911576269216,1297860,001dcee8e81efda3,True,location-k4-fold1-seed0,1
seasonal,F_R,23,MSE,453077.0964151799,1297860,001dcee8e81efda3,True,location-k4-fold1-seed0,1
seasonal,F_R,23,MAE,461.8265140200669,1297860,001dcee8e81efda3,True,location-k4-fold1-seed0,1
seasonal,F_R,23,SS_vs_persistence,-0.0034913680448933615,1297860,001dcee8e81efda3,True,location-k4-fold1-seed0,1
seasonal,F_R,23,SS_vs_seasonal,0.0,1297860,001dcee8e81efda3,True,location-k4-fold1-seed0,1
seasonal,F_R,23,SS_vs_ar,-0.5305335066216188,1297860,001dcee8e81efda3,True,location-k4-fold1-seed0,1
seasonal,F_R,24,MSE,450547.41941205645,1297860,001dcee8e81efda3,True,location-k4-fold1-seed0,1
seasonal,F_R,24,MAE,459.5257809384896,1297860,001dcee8e81efda3,True,location-k4-fold1-seed0,1
seasonal,F_R,24,SS_vs_persistence,-0.0017370726658487712,1297860,001dcee8e81efda3,True,location-k4-fold1-seed0,1
seasonal,F_R,24,SS_vs_seasonal,0.0,1297860,001dcee8e81efda3,True,location-k4-fold1-seed0,1
seasonal,F_R,24,SS_vs_ar,-0.505199148482425,1297860,001dcee8e81efda3,True,location-k4-fold1-seed0,1
seasonal,F_R,25,MSE,454525.5565817283,1297860,001dcee8e81efda3,True,location-k4-fold1-seed0,1
seasonal,F_R,25,MAE,460.8366546849537,1297860,001dcee8e81efda3,True,location-k4-fold1-seed0,1
seasonal,F_R,25,SS_vs_persistence,-0.0017156999777478976,1297860,001dcee8e81efda3,True,location-k4-fold1-seed0,1
seasonal,F_R,25,SS_vs_seasonal,0.0,1297860,001dcee8e81efda3,True,location-k4-fold1-seed0,1
seasonal,F_R,25,SS_vs_ar,-0.496962895980676,1297860,001dcee8e81efda3,True,location-k4-fold1-seed0,1
seasonal,F_R,26,MSE,468341.2533333919,1297860,001dcee8e81efda3,True,location-k4-fold1-seed0,1
seasonal,F_R,26,MAE,468.4668324983576,1297860,001dcee8e81efda3,True,location-k4-fold1-seed0,1
seasonal,F_R,26,SS_vs_persistence,0.0007061759095340348,1297860,001dcee8e81efda3,True,location-k4-fold1-seed0,1
seasonal,F_R,26,SS_vs_seasonal,0.0,1297860,001dcee8e81efda3,True,location-k4-fold1-seed0,1
seasonal,F_R,26,SS_vs_ar,-0.5182833227395809,1297860,001dcee8e81efda3,True,location-k4-fold1-seed0,1
seasonal,F_R,27,MSE,476667.3986617233,1297860,001dcee8e81efda3,True,location-k4-fold1-seed0,1
seasonal,F_R,27,MAE,477.2596250051467,1297860,001dcee8e81efda3,True,location-k4-fold1-seed0,1
seasonal,F_R,27,SS_vs_persistence,0.004059211413114938,1297860,001dcee8e81efda3,True,location-k4-fold1-seed0,1
seasonal,F_R,27,SS_vs_seasonal,0.0,1297860,001dcee8e81efda3,True,location-k4-fold1-seed0,1
seasonal,F_R,27,SS_vs_ar,-0.5430505825337726,1297860,001dcee8e81efda3,True,location-k4-fold1-seed0,1
seasonal,F_R,28,MSE,472650.46158113045,1297860,001dcee8e81efda3,True,location-k4-fold1-seed0,1
seasonal,F_R,28,MAE,474.0560402846591,1297860,001dcee8e81efda3,True,location-k4-fold1-seed0,1
seasonal,F_R,28,SS_vs_persistence,0.0010089772645091033,1297860,001dcee8e81efda3,True,location-k4-fold1-seed0,1
seasonal,F_R,28,SS_vs_seasonal,0.0,1297860,001dcee8e81efda3,True,location-k4-fold1-seed0,1
seasonal,F_R,28,SS_vs_ar,-0.5310393644582885,1297860,001dcee8e81efda3,True,location-k4-fold1-seed0,1
seasonal,F_R,29,MSE,474865.55880504777,1297860,001dcee8e81efda3,True,location-k4-fold1-seed0,1
seasonal,F_R,29,MAE,475.0151406944578,1297860,001dcee8e81efda3,True,location-k4-fold1-seed0,1
seasonal,F_R,29,SS_vs_persistence,0.0022712159675991606,1297860,001dcee8e81efda3,True,location-k4-fold1-seed0,1
seasonal,F_R,29,SS_vs_seasonal,0.0,1297860,001dcee8e81efda3,True,location-k4-fold1-seed0,1
seasonal,F_R,29,SS_vs_ar,-0.5403863161436466,1297860,001dcee8e81efda3,True,location-k4-fold1-seed0,1
seasonal,F_R,30,MSE,464550.2369718465,1297860,001dcee8e81efda3,True,location-k4-fold1-seed0,1
seasonal,F_R,30,MAE,470.20250110732917,1297860,001dcee8e81efda3,True,location-k4-fold1-seed0,1
seasonal,F_R,30,SS_vs_persistence,0.0001612994616507768,1297860,001dcee8e81efda3,True,location-k4-fold1-seed0,1
seasonal,F_R,30,SS_vs_seasonal,0.0,1297860,001dcee8e81efda3,True,location-k4-fold1-seed0,1
seasonal,F_R,30,SS_vs_ar,-0.5097371529778805,1297860,001dcee8e81efda3,True,location-k4-fold1-seed0,1
seasonal,F_R,all,MSE,421758.8917791175,1297860,001dcee8e81efda3,True,location-k4-fold1-seed0,1
seasonal,F_R,all,MAE,441.56886511042546,1297860,001dcee8e81efda3,True,location-k4-fold1-seed0,1
seasonal,F_R,all,SS_vs_persistence,-0.005053884261369657,1297860,001dcee8e81efda3,True,location-k4-fold1-seed0,1
seasonal,F_R,all,SS_vs_seasonal,0.0,1297860,001dcee8e81efda3,True,location-k4-fold1-seed0,1
seasonal,F_R,all,SS_vs_ar,-0.5522563271507235,1297860,001dcee8e81efda3,True,location-k4-fold1-seed0,1
seasonal,CoPx_R,1,MSE,0.02283912195698348,1265738,001dcee8e81efda3,True,location-k4-fold1-seed0,1
seasonal,CoPx_R,1,MAE,0.10020850763110184,1265738,001dcee8e81efda3,True,location-k4-fold1-seed0,1
seasonal,CoPx_R,1,SS_vs_persistence,-0.17845929928335313,1265738,001dcee8e81efda3,True,location-k4-fold1-seed0,1
seasonal,CoPx_R,1,SS_vs_seasonal,4.378442053365461e-11,1265738,001dcee8e81efda3,True,location-k4-fold1-seed0,1
seasonal,CoPx_R,1,SS_vs_ar,-0.7905987589952985,1265738,001dcee8e81efda3,True,location-k4-fold1-seed0,1
seasonal,CoPx_R,2,MSE,0.024840666793079478,1265738,001dcee8e81efda3,True,location-k4-fold1-seed0,1
seasonal,CoPx_R,2,MAE,0.10747426933029713,1265738,001dcee8e81efda3,True,location-k4-fold1-seed0,1
seasonal,CoPx_R,2,SS_vs_persistence,-0.1092583083992833,1265738,001dcee8e81efda3,True,location-k4-fold1-seed0,1
seasonal,CoPx_R,2,SS_vs_seasonal,4.025646482830325e-11,1265738,001dcee8e81efda3,True,location-k4-fold1-seed0,1
seasonal,CoPx_R,2,SS_vs_ar,-0.752164959284163,1265738,001dcee8e81efda3,True,location-k4-fold1-seed0,1
seasonal,CoPx_R,3,MSE,0.025819469142759524,1265738,001dcee8e81efda3,True,location-k4-fold1-seed0,1
seasonal,CoPx_R,3,MAE,0.10987501563089222,1265738,001dcee8e81efda3,True,location-k4-fold1-seed0,1
seasonal,CoPx_R,3,SS_vs_persistence,-0.0750303530885863,1265738,001dcee8e81efda3,True,location-k4-fold1-seed0,1
seasonal,CoPx_R,3,SS_vs_seasonal,3.8730463280955973e-11,1265738,001dcee8e81efda3,True,location-k4-fold1-seed0,1
seasonal,CoPx_R,3,SS_vs_ar,-0.7102143789267945,1265738,001dcee8e81efda3,True,location-k4-fold1-seed0,1
seasonal,CoPx_R,4,MSE,0.026585135058995114,1265738,001dcee8e81efda3,True,location-k4-fold1-seed0,1
seasonal,CoPx_R,4,MAE,0.11191948785419051,1265738,001dcee8e81efda3,True,location-k4-fold1-seed0,1
seasonal,CoPx_R,4,SS_vs_persistence,-0.04775253086652653,1265738,001dcee8e81efda3,True,location-k4-fold1-seed0,1
seasonal,CoPx_R,4,SS_vs_seasonal,3.7614911185812616e-11,1265738,001dcee8e81efda3,True,location-k4-fold1-seed0,1
seasonal,CoPx_R,4,SS_vs_ar,-0.6843779077700238,1265738,001dcee8e81efda3,True,location-k4-fold1-seed0,1
seasonal,CoPx_R,5,MSE,0.027699466712811593,1265738,001dcee8e81efda3,True,location-k4-fold1-seed0,1
seasonal,CoPx_R,5,MAE,0.11467454521558165,1265738,001dcee8e81efda3,True,location-k4-fold1-seed0,1
seasonal,CoPx_R,5,SS_vs_persistence,-0.024819078758819613,1265738,001dcee8e81efda3,True,location-k4-fold1-seed0,1
seasonal,CoPx_R,5,SS_vs_seasonal,3.610167720324853e-11,1265738,001dcee8e81efda3,True,location-k4-fold1-seed0,1
seasonal,CoPx_R,5,SS_vs_ar,-0.6855487590670568,1265738,001dcee8e81efda3,True,location-k4-fold1-seed0,1
seasonal,CoPx_R,6,MSE,0.027509498211880246,1265738,001dcee8e81efda3,True,location-k4-fold1-seed0,1
seasonal,CoPx_R,6,MAE,0.11419402482057982,1265738,001dcee8e81efda3,True,location-k4-fold1-seed0,1
seasonal,CoPx_R,6,SS_vs_persistence,-0.038973286950759745,1265738,001dcee8e81efda3,True,location-k4-fold1-seed0,1
seasonal,CoPx_R,6,SS_vs_seasonal,3.635103329457934e-11,1265738,001dcee8e81efda3,True,location-k4-fold1-seed0,1
seasonal,CoPx_R,6,SS_vs_ar,-0.6391689311840953,1265738,001dcee8e81efda3,True,location-k4-fold1-seed0,1
seasonal,CoPx_R,7,MSE,0.028546322476115663,1265738,001dcee8e81efda3,True,location-k4-fold1-seed0,1
seasonal,CoPx_R,7,MAE,0.117186036679371,1265738,001dcee8e81efda3,True,location-k4-fold1-seed0,1
seasonal,CoPx_R,7,SS_vs_persistence,-0.007600563237086133,1265738,001dcee8e81efda3,True,location-k4-fold1-seed0,1
seasonal,CoPx_R,7,SS_vs_seasonal,3.50307560736951e-11,1265738,001dcee8e81efda3,True,location-k4-fold1-seed0,1
seasonal,CoPx_R,7,SS_vs_ar,-0.6497180233573949,1265738,001dcee8e81efda3,True,location-k4-fold1-seed0,1
seasonal,CoPx_R,8,MSE,0.02878488548486884,1265738,001dcee8e81efda3,True,location-k4-fold1-seed0,1
seasonal,CoPx_R,8,MAE,0.11690992553699371,1265738,001dcee8e81efda3,True,location-k4-fold1-seed0,1
seasonal,CoPx_R,8,SS_vs_persistence,-0.008004850080243875,1265738,001dcee8e81efda3,True,location-k4-fold1-seed0,1
seasonal,CoPx_R,8,SS_vs_seasonal,3.4740432752755623e-11,1265738,001dcee8e81efda3,True,location-k4-fold1-seed0,1
seasonal,CoPx_R,8,SS_vs_ar,-0.6407972408735012,1265738,001dcee8e81efda3,True,location-k4-fold1-seed0,1
seasonal,CoPx_R,9,MSE,0.029336498092991627,1265738,001dcee8e81efda3,True,location-k4-fold1-seed0,1
seasonal,CoPx_R,9,MAE,0.11811734605309027,1265738,001dcee8e81efda3,True,location-k4-fold1-seed0,1
seasonal,CoPx_R,9,SS_vs_persistence,-0.010477073609911791,1265738,001dcee8e81efda3,True,location-k4-fold1-seed0,1
seasonal,CoPx_R,9,SS_vs_seasonal,3.408717752506618e-11,1265738,001dcee8e81efda3,True,location-k4-fold1-seed0,1
seasonal,CoPx_R,9,SS_vs_ar,-0.6392092943185848,1265738,001dcee8e81efda3,True,location-k4-fold1-seed0,1
seasonal,CoPx_R,10,MSE,0.029652823208493925,1265738,001dcee8e81efda3,True,location-k4-fold1-seed0,1
seasonal,CoPx_R,10,MAE,0.11913168723178609,1265738,001dcee8e81efda3,True,location-k4-fold1-seed0,1
seasonal,CoPx_R,10,SS_vs_persistence,-0.0016039168861696762,1265738,001dcee8e81efda3,True,location-k4-fold1-seed0,1
seasonal,CoPx_R,10,SS_vs_seasonal,3.372357948450144e-11,1265738,001dcee8e81efda3,True,location-k4-fold1-seed0,1
seasonal,CoPx_R,10,SS_vs_ar,-0.6269036625523825,1265738,001dcee8e81efda3,True,location-k4-fold1-seed0,1
seasonal,CoPx_R,11,MSE,0.031264283897327216,1265738,001dcee8e81efda3,True,location-k4-fold1-seed0,1
seasonal,CoPx_R,11,MAE,0.12196547380842886,1265738,001dcee8e81efda3,True,location-k4-fold1-seed0,1
seasonal,CoPx_R,11,SS_vs_persistence,-0.013252238810047334,1265738,001dcee8e81efda3,True,location-k4-fold1-seed0,1
seasonal,CoPx_R,11,SS_vs_seasonal,3.1985303294845835e-11,1265738,001dcee8e81efda3,True,location-k4-fold1-seed0,1
seasonal,CoPx_R,11,SS_vs_ar,-0.6877568723171399,1265738,001dcee8e81efda3,True,location-k4-fold1-seed0,1
seasonal,CoPx_R,12,MSE,0.031643353133249646,1265738,001dcee8e81efda3,True,location-k4-fold1-seed0,1
seasonal,CoPx_R,12,MAE,0.1233397996596355,1265738,001dcee8e81efda3,True,location-k4-fold1-seed0,1
seasonal,CoPx_R,12,SS_vs_persistence,-0.010488080891810192,1265738,001dcee8e81efda3,True,location-k4-fold1-seed0,1
seasonal,CoPx_R,12,SS_vs_seasonal,3.1602165329047693e-11,1265738,001dcee8e81efda3,True,location-k4-fold1-seed0,1
seasonal,CoPx_R,12,SS_vs_ar,-0.6892323749043734,1265738,001dcee8e81efda3,True,location-k4-fold1-seed0,1
seasonal,CoPx_R,13,MSE,0.032172845643508245,1265738,001dcee8e81efda3,True,location-k4-fold1-seed0,1
seasonal,CoPx_R,13,MAE,0.124727936223535,1265738,001dcee8e81efda3,True,location-k4-fold1-seed0,1
seasonal,CoPx_R,13,SS_vs_persistence,-0.007333708150634388,1265738,001dcee8e81efda3,True,location-k4-fold1-seed0,1
seasonal,CoPx_R,13,SS_vs_seasonal,3.108202584201081e-11,1265738,001dcee8e81efda3,True,location-k4-fold1-seed0,1
seasonal,CoPx_R,13,SS_vs_ar,-0.7021729893818933,1265738,001dcee8e81efda3,True,location-k4-fold1-seed0,1
seasonal,CoPx_R,14,MSE,0.031622269390487165,1265738,001dcee8e81efda3,True,location-k4-fold1-seed0,1
seasonal,CoPx_R,14,MAE,0.12373856936268807,1265738,001dcee8e81efda3,True,location-k4-fold1-seed0,1
seasonal,CoPx_R,14,SS_vs_persistence,-0.00907003222072289,1265738,001dcee8e81efda3,True,location-k4-fold1-seed0,1
seasonal,CoPx_R,14,SS_vs_seasonal,3.162325956651557e-11,1265738,001dcee8e81efda3,True,location-k4-fold1-seed0,1
seasonal,CoPx_R,14,SS_vs_ar,-0.6642717733329753,1265738,001dcee8e81efda3,True,location-k4-fold1-seed0,1
seasonal,CoPx_R,15,MSE,0.03202692678769441,1265738,001dcee8e81efda3,True,location-k4-fold1-seed0,1
seasonal,CoPx_R,15,MAE,0.12448999923968897,1265738,001dcee8e81efda3,True,location-k4-fold1-seed0,1
seasonal,CoPx_R,15,SS_vs_persistence,-0.010791240764373766,1265738,001dcee8e81efda3,True,location-k4-fold1-seed0,1
seasonal,CoPx_R,15,SS_vs_seasonal,3.122369029995298e-11,1265738,001dcee8e81efda3,True,location-k4-fold1-seed0,1
seasonal,CoPx_R,15,SS_vs_ar,-0.6700740129410858,1265738,001dcee8e81efda3,True,location-k4-fold1-seed0,1
seasonal,CoPx_R,16,MSE,0.03272299972234286,1265738,001dcee8e81efda3,True,location-k4-fold1-seed0,1
seasonal,CoPx_R,16,MAE,0.12620948452275382,1265738,001dcee8e81efda3,True,location-k4-fold1-seed0,1
seasonal,CoPx_R,16,SS_vs_persistence,0.009028416210586254,1265738,001dcee8e81efda3,True,location-k4-fold1-seed0,1
seasonal,CoPx_R,16,SS_vs_seasonal,3.055955488662221e-11,1265738,001dcee8e81efda3,True,location-k4-fold1-seed0,1
seasonal,CoPx_R,16,SS_vs_ar,-0.6913307235365829,1265738,001dcee8e81efda3,True,location-k4-fold1-seed0,1
seasonal,CoPx_R,17,MSE,0.03298641090606864,1265738,001dcee8e81efda3,True,location-k4-fold1-seed0,1
seasonal,CoPx_R,17,MAE,0.1266896854505922,1265738,001dcee8e81efda3,True,location-k4-fold1-seed0,1
seasonal,CoPx_R,17,SS_vs_persistence,-0.0031717355741736064,1265738,001dcee8e81efda3,True,location-k4-fold1-seed0,1
seasonal,CoPx_R,17,SS_vs_seasonal,3.03155278658096e-11,1265738,001dcee8e81efda3,True,location-k4-fold1-seed0,1
seasonal,CoPx_R,17,SS_vs_ar,-0.6962657340054861,1265738,001dcee8e81efda3,True,location-k4-fold1-seed0,1
seasonal,CoPx_R,18,MSE,0.033527838587850585,1265738,001dcee8e81efda3,True,location-k4-fold1-seed0,1
seasonal,CoPx_R,18,MAE,0.1280133725422311,1265738,001dcee8e81efda3,True,location-k4-fold1-seed0,1
seasonal,CoPx_R,18,SS_vs_persistence,-0.004439449931419315,1265738,001dcee8e81efda3,True,location-k4-fold1-seed0,1
seasonal,CoPx_R,18,SS_vs_seasonal,2.9825919511949905e-11,1265738,001dcee8e81efda3,True,location-k4-fold1-seed0,1
seasonal,CoPx_R,18,SS_vs_ar,-0.7139144166529092,1265738,001dcee8e81efda3,True,location-k4-fold1-seed0,1
seasonal,CoPx_R,19,MSE,0.03375942945709067,1265738,001dcee8e81efda3,True,location-k4-fold1-seed0,1
seasonal,CoPx_R,19,MAE,0.12817544565401676,1265738,001dcee8e81efda3,True,location-k4-fold1-seed0,1
seasonal,CoPx_R,19,SS_vs_persistence,-0.0011908368740081166,1265738,001dcee8e81efda3,True,location-k4-fold1-seed0,1
seasonal,CoPx_R,19,SS_vs_seasonal,2.962130540851149e-11,1265738,001dcee8e81efda3,True,location-k4-fold1-seed0,1
seasonal,CoPx_R,19,SS_vs_ar,-0.7165389148368924,1265738,001dcee8e81efda3,True,location-k4-fold1-seed0,1
seasonal,CoPx_R,20,MSE,0.033819782893387,1265738,001dcee8e81efda3,True,location-k4-fold1-seed0,1
seasonal,CoPx_R,20,MAE,0.12833782830615992,1265738,001dcee8e81efda3,True,location-k4-fold1-seed0,1
seasonal,CoPx_R,20,SS_vs_persistence,0.0021434589607405297,1265738,001dcee8e81efda3,True,location-k4-fold1-seed0,1
seasonal,CoPx_R,20,SS_vs_seasonal,2.956845879253933e-11,1265738,001dcee8e81efda3,True,location-k4-fold1-seed0,1
seasonal,CoPx_R,20,SS_vs_ar,-0.7130985217914192,1265738,001dcee8e81efda3,True,location-k4-fold1-seed0,1
seasonal,CoPx_R,21,MSE,0.03444171763405355,1265738,001dcee8e81efda3,True,location-k4-fold1-seed0,1
seasonal,CoPx_R,21,MAE,0.12986526227000394,1265738,001dcee8e81efda3,True,location-k4-fold1-seed0,1
seasonal,CoPx_R,21,SS_vs_persistence,-0.007326214018061439,1265738,001dcee8e81efda3,True,location-k4-fold1-seed0,1
seasonal,CoPx_R,21,SS_vs_seasonal,2.9034552539997094e-11,1265738,001dcee8e81efda3,True,location-k4-fold1-seed0,1
seasonal,CoPx_R,21,SS_vs_ar,-0.7371209393965341,1265738,001dcee8e81efda3,True,location-k4-fold1-seed0,1
seasonal,CoPx_R,22,MSE,0.03427722019536609,1265738,001dcee8e81efda3,True,location-k4-fold1-seed0,1
seasonal,CoPx_R,22,MAE,0.12981349676274567,1265738,001dcee8e81efda3,True,location-k4-fold1-seed0,1
seasonal,CoPx_R,22,SS_vs_persistence,-0.014309413910793989,1265738,001dcee8e81efda3,True,location-k4-fold1-seed0,1
seasonal,CoPx_R,22,SS_vs_seasonal,2.917388552958755e-11,1265738,001dcee8e81efda3,True,location-k4-fold1-seed0,1
seasonal,CoPx_R,22,SS_vs_ar,-0.724761265801317,1265738,001dcee8e81efda3,True,location-k4-fold1-seed0,1
seasonal,CoPx_R,23,MSE,0.03429756444948516,1265738,001dcee8e81efda3,True,location-k4-fold1-seed0,1
seasonal,CoPx_R,23,MAE,0.12961078330674985,1265738,001dcee8e81efda3,True,location-k4-fold1-seed0,1
seasonal,CoPx_R,23,SS_vs_persistence,-0.02581913899481747,1265738,001dcee8e81efda3,True,location-k4-fold1-seed0,1
seasonal,CoPx_R,23,SS_vs_seasonal,2.91565660504034e-11,1265738,001dcee8e81efda3,True,location-k4-fold1-seed0,1
seasonal,CoPx_R,23,SS_vs_ar,-0.7178662193392897,1265738,001dcee8e81efda3,True,location-k4-fold1-seed0,1
seasonal,CoPx_R,24,MSE,0.03465465119682783,1265738,001dcee8e81efda3,True,location-k4-fold1-seed0,1
seasonal,CoPx_R,24,MAE,0.13089992588332577,1265738,001dcee8e81efda3,True,location-k4-fold1-seed0,1
seasonal,CoPx_R,24,SS_vs_persistence,-0.010385378677451484,1265738,001dcee8e81efda3,True,location-k4-fold1-seed0,1
seasonal,CoPx_R,24,SS_vs_seasonal,2.885613969993983e-11,1265738,001dcee8e81efda3,True,location-k4-fold1-seed0,1
seasonal,CoPx_R,24,SS_vs_ar,-0.7237961991141921,1265738,001dcee8e81efda3,True,location-k4-fold1-seed0,1
seasonal,CoPx_R,25,MSE,0.03461662867381911,1265738,001dcee8e81efda3,True,location-k4-fold1-seed0,1
seasonal,CoPx_R,25,MAE,0.13131269569602108,1265738,001dcee8e81efda3,True,location-k4-fold1-seed0,1
seasonal,CoPx_R,25,SS_vs_persistence,-0.00246170729232964,1265738,001dcee8e81efda3,True,location-k4-fold1-seed0,1
seasonal,CoPx_R,25,SS_vs_seasonal,2.8887781056141648e-11,1265738,001dcee8e81efda3,True,location-k4-fold1-seed0,1
seasonal,CoPx_R,25,SS_vs_ar,-0.7181365523332803,1265738,001dcee8e81efda3,True,location-k4-fold1-seed0,1
seasonal,CoPx_R,26,MSE,0.03471762919783979,1265738,001dcee8e81efda3,True,location-k4-fold1-seed0,1
seasonal,CoPx_R,26,MAE,0.13104761630977077,1265738,001dcee8e81efda3,True,location-k4-fold1-seed0,1
seasonal,CoPx_R,26,SS_vs_persistence,-0.012077337990480164,1265738,001dcee8e81efda3,True,location-k4-fold1-seed0,1
seasonal,CoPx_R,26,SS_vs_seasonal,2.8803737173177524e-11,1265738,001dcee8e81efda3,True,location-k4-fold1-seed0,1
seasonal,CoPx_R,26,SS_vs_ar,-0.7164191217962601,1265738,001dcee8e81efda3,True,location-k4-fold1-seed0,1
seasonal,CoPx_R,27,MSE,0.035515145573612426,1265738,001dcee8e81efda3,True,location-k4-fold1-seed0,1
seasonal,CoPx_R,27,MAE,0.13287592369758824,1265738,001dcee8e81efda3,True,location-k4-fold1-seed0,1
seasonal,CoPx_R,27,SS_vs_persistence,-0.001829187000622401,1265738,001dcee8e81efda3,True,location-k4-fold1-seed0,1
seasonal,CoPx_R,27,SS_vs_seasonal,2.8156921239030908e-11,1265738,001dcee8e81efda3,True,location-k4-fold1-seed0,1
seasonal,CoPx_R,27,SS_vs_ar,-0.7491708612892451,1265738,001dcee8e81efda3,True,location-k4-fold1-seed0,1
seasonal,CoPx_R,28,MSE,0.03524195076655811,1265738,001dcee8e81efda3,True,location-k4-fold1-seed0,1
seasonal,CoPx_R,28,MAE,0.13215148900191515,1265738,001dcee8e81efda3,True,location-k4-fold1-seed0,1
seasonal,CoPx_R,28,SS_vs_persistence,-0.000265489858189083,1265738,001dcee8e81efda3,True,location-k4-fold1-seed0,1
seasonal,CoPx_R,28,SS_vs_seasonal,2.8375191085672213e-11,1265738,001dcee8e81efda3,True,location-k4-fold1-seed0,1
seasonal,CoPx_R,28,SS_vs_ar,-0.7345692041634011,1265738,001dcee8e81efda3,True,location-k4-fold1-seed0,1
seasonal,CoPx_R,29,MSE,0.03550425874032051,1265738,001dcee8e81efda3,True,location-k4-fold1-seed0,1
seasonal,CoPx_R,29,MAE,0.13278385417682392,1265738,001dcee8e81efda3,True,location-k4-fold1-seed0,1
seasonal,CoPx_R,29,SS_vs_persistence,-0.002253423045172065,1265738,001dcee8e81efda3,True,location-k4-fold1-seed0,1
seasonal,CoPx_R,29,SS_vs_seasonal,2.8165580978622984e-11,1265738,001dcee8e81efda3,True,location-k4-fold1-seed0,1
seasonal,CoPx_R,29,SS_vs_ar,-0.7412808833856499,1265738,001dcee8e81efda3,True,location-k4-fold1-seed0,1
seasonal,CoPx_R,30,MSE,0.035645830756257664,1265738,001dcee8e81efda3,True,location-k4-fold1-seed0,1
seasonal,CoPx_R,30,MAE,0.13264470334924316,1265738,001dcee8e81efda3,True,location-k4-fold1-seed0,1
seasonal,CoPx_R,30,SS_vs_persistence,0.00044027779532040956,1265738,001dcee8e81efda3,True,location-k4-fold1-seed0,1
seasonal,CoPx_R,30,SS_vs_seasonal,2.805378152004323e-11,1265738,001dcee8e81efda3,True,location-k4-fold1-seed0,1
seasonal,CoPx_R,30,SS_vs_ar,-0.7468972981254529,1265738,001dcee8e81efda3,True,location-k4-fold1-seed0,1
seasonal,CoPx_R,all,MSE,0.03153640601406774,1265738,001dcee8e81efda3,True,location-k4-fold1-seed0,1
seasonal,CoPx_R,all,MAE,0.12328099999316543,1265738,001dcee8e81efda3,True,location-k4-fold1-seed0,1
seasonal,CoPx_R,all,SS_vs_persistence,-0.016684370124847803,1265738,001dcee8e81efda3,True,location-k4-fold1-seed0,1
seasonal,CoPx_R,all,SS_vs_seasonal,3.170930185092402e-11,1265738,001dcee8e81efda3,True,location-k4-fold1-seed0,1
seasonal,CoPx_R,all,SS_vs_ar,-0.7026163836679584,1265738,001dcee8e81efda3,True,location-k4-fold1-seed0,1
seasonal,CoPy_R,1,MSE,0.03512780498442506,1265738,001dcee8e81efda3,True,location-k4-fold1-seed0,1
seasonal,CoPy_R,1,MAE,0.13596071580902389,1265738,001dcee8e81efda3,True,location-k4-fold1-seed0,1
seasonal,CoPy_R,1,SS_vs_persistence,-0.06512477168076036,1265738,001dcee8e81efda3,True,location-k4-fold1-seed0,1
seasonal,CoPy_R,1,SS_vs_seasonal,2.8467450619018564e-11,1265738,001dcee8e81efda3,True,location-k4-fold1-seed0,1
seasonal,CoPy_R,1,SS_vs_ar,-0.7675494094231072,1265738,001dcee8e81efda3,True,location-k4-fold1-seed0,1
seasonal,CoPy_R,2,MSE,0.03848971820753836,1265738,001dcee8e81efda3,True,location-k4-fold1-seed0,1
seasonal,CoPy_R,2,MAE,0.14618087557412665,1265738,001dcee8e81efda3,True,location-k4-fold1-seed0,1
seasonal,CoPy_R,2,SS_vs_persistence,-0.026332541723198766,1265738,001dcee8e81efda3,True,location-k4-fold1-seed0,1
seasonal,CoPy_R,2,SS_vs_seasonal,2.59808841107656e-11,1265738,001dcee8e81efda3,True,location-k4-fold1-seed0,1
seasonal,CoPy_R,2,SS_vs_ar,-0.840031788142046,1265738,001dcee8e81efda3,True,location-k4-fold1-seed0,1
seasonal,CoPy_R,3,MSE,0.040072206632128245,1265738,001dcee8e81efda3,True,location-k4-fold1-seed0,1
seasonal,CoPy_R,3,MAE,0.14972858447838533,1265738,001dcee8e81efda3,True,location-k4-fold1-seed0,1
seasonal,CoPy_R,3,SS_vs_persistence,0.003947860538068282,1265738,001dcee8e81efda3,True,location-k4-fold1-seed0,1
seasonal,CoPy_R,3,SS_vs_seasonal,2.4954927013709494e-11,1265738,001dcee8e81efda3,True,location-k4-fold1-seed0,1
seasonal,CoPy_R,3,SS_vs_ar,-0.8804599432098568,1265738,001dcee8e81efda3,True,location-k4-fold1-seed0,1
seasonal,CoPy_R,4,MSE,0.03984757034991797,1265738,001dcee8e81efda3,True,location-k4-fold1-seed0,1
seasonal,CoPy_R,4,MAE,0.14969412694817294,1265738,001dcee8e81efda3,True,location-k4-fold1-seed0,1
seasonal,CoPy_R,4,SS_vs_persistence,0.007781536518105647,1265738,001dcee8e81efda3,True,location-k4-fold1-seed0,1
seasonal,CoPy_R,4,SS_vs_seasonal,2.50955922709295e-11,1265738,001dcee8e81efda3,True,location-k4-fold1-seed0,1
seasonal,CoPy_R,4,SS_vs_ar,-0.8518684361140694,1265738,001dcee8e81efda3,True,location-k4-fold1-seed0,1
seasonal,CoPy_R,5,MSE,0.041228616218068295,1265738,001dcee8e81efda3,True,location-k4-fold1-seed0,1
seasonal,CoPy_R,5,MAE,0.15227799637639286,1265738,001dcee8e81efda3,True,location-k4-fold1-seed0,1
seasonal,CoPy_R,5,SS_vs_persistence,0.016395084604263754,1265738,001dcee8e81efda3,True,location-k4-fold1-seed0,1
seasonal,CoPy_R,5,SS_vs_seasonal,2.4254931396683332e-11,1265738,001dcee8e81efda3,True,location-k4-fold1-seed0,1
seasonal,CoPy_R,5,SS_vs_ar,-0.8941476688074741,1265738,001dcee8e81efda3,True,location-k4-fold1-seed0,1
seasonal,CoPy_R,6,MSE,0.03953164058052876,1265738,001dcee8e81efda3,True,location-k4-fold1-seed0,1
seasonal,CoPy_R,6,MAE,0.14891945037896434,1265738,001dcee8e81efda3,True,location-k4-fold1-seed0,1
seasonal,CoPy_R,6,SS_vs_persistence,0.0021115527890811503,1265738,001dcee8e81efda3,True,location-k4-fold1-seed0,1
seasonal,CoPy_R,6,SS_vs_seasonal,2.5296209571479267e-11,1265738,001dcee8e81efda3,True,location-k4-fold1-seed0,1
seasonal,CoPy_R,6,SS_vs_ar,-0.8115376609228242,1265738,001dcee8e81efda3,True,location-k4-fold1-seed0,1
seasonal,CoPy_R,7,MSE,0.040386188225149756,1265738,001dcee8e81efda3,True,location-k4-fold1-seed0,1
seasonal,CoPy_R,7,MAE,0.15079320566494703,1265738,001dcee8e81efda3,True,location-k4-fold1-seed0,1
seasonal,CoPy_R,7,SS_vs_persistence,-0.0039722244418836095,1265738,001dcee8e81efda3,True,location-k4-fold1-seed0,1
seasonal,CoPy_R,7,SS_vs_seasonal,2.4760860029005016e-11,1265738,001dcee8e81efda3,True,location-k4-fold1-seed0,1
seasonal,CoPy_R,7,SS_vs_ar,-0.8313937698584919,1265738,001dcee8e81efda3,True,location-k4-fold1-seed0,1
seasonal,CoPy_R,8,MSE,0.039862159802775805,1265738,001dcee8e81efda3,True,location-k4-fold1-seed0,1
seasonal,CoPy_R,8,MAE,0.14936415647324158,1265738,001dcee8e81efda3,True,location-k4-fold1-seed0,1
seasonal,CoPy_R,8,SS_vs_persistence,-0.020341693829289964,1265738,001dcee8e81efda3,True,location-k4-fold1-seed0,1
seasonal,CoPy_R,8,SS_vs_seasonal,2.5086377419825112e-11,1265738,001dcee8e81efda3,True,location-k4-fold1-seed0,1
seasonal,CoPy_R,8,SS_vs_ar,-0.797332186588249,1265738,001dcee8e81efda3,True,location-k4-fold1-seed0,1
seasonal,CoPy_R,9,MSE,0.04011638029638615,1265738,001dcee8e81efda3,True,location-k4-fold1-seed0,1
seasonal,CoPy_R,9,MAE,0.14967354908237349,1265738,001dcee8e81efda3,True,location-k4-fold1-seed0,1
seasonal,CoPy_R,9,SS_vs_persistence,-0.018719187159185635,1265738,001dcee8e81efda3,True,location-k4-fold1-seed0,1
seasonal,CoPy_R,9,SS_vs_seasonal,2.492739348269879e-11,1265738,001dcee8e81efda3,True,location-k4-fold1-seed0,1
seasonal,CoPy_R,9,SS_vs_ar,-0.7919898747591738,1265738,001dcee8e81efda3,True,location-k4-fold1-seed0,1
seasonal,CoPy_R,10,MSE,0.040513258563399074,1265738,001dcee8e81efda3,True,location-k4-fold1-seed0,1
seasonal,CoPy_R,10,MAE,0.15095055258499088,1265738,001dcee8e81efda3,True,location-k4-fold1-seed0,1
seasonal,CoPy_R,10,SS_vs_persistence,-0.0016657578927294914,1265738,001dcee8e81efda3,True,location-k4-fold1-seed0,1
seasonal,CoPy_R,10,SS_vs_seasonal,2.4683255439583718e-11,1265738,001dcee8e81efda3,True,location-k4-fold1-seed0,1
seasonal,CoPy_R,10,SS_vs_ar,-0.7868025265689311,1265738,001dcee8e81efda3,True,location-k4-fold1-seed0,1
seasonal,CoPy_R,11,MSE,0.04317816334273183,1265738,001dcee8e81efda3,True,location-k4-fold1-seed0,1
seasonal,CoPy_R,11,MAE,0.15621393709834897,1265738,001dcee8e81efda3,True,location-k4-fold1-seed0,1
seasonal,CoPy_R,11,SS_vs_persistence,-0.01236318895330113,1265738,001dcee8e81efda3,True,location-k4-fold1-seed0,1
seasonal,CoPy_R,11,SS_vs_seasonal,2.3159807405193078e-11,1265738,001dcee8e81efda3,True,location-k4-fold1-seed0,1
seasonal,CoPy_R,11,SS_vs_ar,-0.883608767254769,1265738,001dcee8e81efda3,True,location-k4-fold1-seed0,1
seasonal,CoPy_R,12,MSE,0.04335438926220432,1265738,001dcee8e81efda3,True,location-k4-fold1-seed0,1
seasonal,CoPy_R,12,MAE,0.15675419690063733,1265738,001dcee8e81efda3,True,location-k4-fold1-seed0,1
seasonal,CoPy_R,12,SS_vs_persistence,-0.0038797742412424174,1265738,001dcee8e81efda3,True,location-k4-fold1-seed0,1
seasonal,CoPy_R,12,SS_vs_seasonal,2.3065660492704865e-11,1265738,001dcee8e81efda3,True,location-k4-fold1-seed0,1
seasonal,CoPy_R,12,SS_vs_ar,-0.8806166372865329,1265738,001dcee8e81efda3,True,location-k4-fold1-seed0,1
seasonal,CoPy_R,13,MSE,0.04384489275725953,1265738,001dcee8e81efda3,True,location-k4-fold1-seed0,1
seasonal,CoPy_R,13,MAE,0.15747501630523053,1265738,001dcee8e81efda3,True,location-k4-fold1-seed0,1
seasonal,CoPy_R,13,SS_vs_persistence,0.002682839576886753,1265738,001dcee8e81efda3,True,location-k4-fold1-seed0,1
seasonal,CoPy_R,13,SS_vs_seasonal,2.2807644661781978e-11,1265738,001dcee8e81efda3,True,location-k4-fold1-seed0,1
seasonal,CoPy_R,13,SS_vs_ar,-0.8904408851221792,1265738,001dcee8e81efda3,True,location-k4-fold1-seed0,1
seasonal,CoPy_R,14,MSE,0.0428760921462933,1265738,001dcee8e81efda3,True,location-k4-fold1-seed0,1
seasonal,CoPy_R,14,MAE,0.15600867517951472,1265738,001dcee8e81efda3,True,location-k4-fold1-seed0,1
seasonal,CoPy_R,14,SS_vs_persistence,-0.010389225967030624,1265738,001dcee8e81efda3,True,location-k4-fold1-seed0,1
seasonal,CoPy_R,14,SS_vs_seasonal,2.3323010189812976e-11,1265738,001dcee8e81efda3,True,location-k4-fold1-seed0,1
seasonal,CoPy_R,14,SS_vs_ar,-0.851455012680266,1265738,001dcee8e81efda3,True,location-k4-fold1-seed0,1
seasonal,CoPy_R,15,MSE,0.04246301458456871,1265738,001dcee8e81efda3,True,location-k4-fold1-seed0,1
seasonal,CoPy_R,15,MAE,0.15507519447310375,1265738,001dcee8e81efda3,True,location-k4-fold1-seed0,1
seasonal,CoPy_R,15,SS_vs_persistence,-0.020529583697221465,1265738,001dcee8e81efda3,True,location-k4-fold1-seed0,1
seasonal,CoPy_R,15,SS_vs_seasonal,2.3549828753743896e-11,1265738,001dcee8e81efda3,True,location-k4-fold1-seed0,1
seasonal,CoPy_R,15,SS_vs_ar,-0.8324871591598217,1265738,001dcee8e81efda3,True,location-k4-fold1-seed0,1
seasonal,CoPy_R,16,MSE,0.04253689806242311,1265738,001dcee8e81efda3,True,location-k4-fold1-seed0,1
seasonal,CoPy_R,16,MAE,0.15499068089253462,1265738,001dcee8e81efda3,True,location-k4-fold1-seed0,1
seasonal,CoPy_R,16,SS_vs_persistence,-0.013358866296720784,1265738,001dcee8e81efda3,True,location-k4-fold1-seed0,1
seasonal,CoPy_R,16,SS_vs_seasonal,2.350897254643769e-11,1265738,001dcee8e81efda3,True,location-k4-fold1-seed0,1
seasonal,CoPy_R,16,SS_vs_ar,-0.8243625702121342,1265738,001dcee8e81efda3,True,location-k4-fold1-seed0,1
seasonal,CoPy_R,17,MSE,0.04337811451206768,1265738,001dcee8e81efda3,True,location-k4-fold1-seed0,1
seasonal,CoPy_R,17,MAE,0.1567081305313587,1265738,001dcee8e81efda3,True,location-k4-fold1-seed0,1
seasonal,CoPy_R,17,SS_vs_persistence,-0.019010732028623467,1265738,001dcee8e81efda3,True,location-k4-fold1-seed0,1
seasonal,CoPy_R,17,SS_vs_seasonal,2.30531149725266e-11,1265738,001dcee8e81efda3,True,location-k4-fold1-seed0,1
seasonal,CoPy_R,17,SS_vs_ar,-0.8474141938660782,1265738,001dcee8e81efda3,True,location-k4-fold1-seed0,1
seasonal,CoPy_R,18,MSE,0.04345595859890844,1265738,001dcee8e81efda3,True,location-k4-fold1-seed0,1
seasonal,CoPy_R,18,MAE,0.15697912915238152,1265738,001dcee8e81efda3,True,location-k4-fold1-seed0,1
seasonal,CoPy_R,18,SS_vs_persistence,-0.004010354165563612,1265738,001dcee8e81efda3,True,location-k4-fold1-seed0,1
seasonal,CoPy_R,18,SS_vs_seasonal,2.3011814676010545e-11,1265738,001dcee8e81efda3,True,location-k4-fold1-seed0,1
seasonal,CoPy_R,18,SS_vs_ar,-0.8389497805899755,1265738,001dcee8e81efda3,True,location-k4-fold1-seed0,1
seasonal,CoPy_R,19,MSE,0.043769351676361264,1265738,001dcee8e81efda3,True,location-k4-fold1-seed0,1
seasonal,CoPy_R,19,MAE,0.15737209575538988,1265738,001dcee8e81efda3,True,location-k4-fold1-seed0,1
seasonal,CoPy_R,19,SS_vs_persistence,-0.0026572160359108477,1265738,001dcee8e81efda3,True,location-k4-fold1-seed0,1
seasonal,CoPy_R,19,SS_vs_seasonal,2.284705757915617e-11,1265738,001dcee8e81efda3,True,location-k4-fold1-seed0,1
seasonal,CoPy_R,19,SS_vs_ar,-0.8433732391467117,1265738,001dcee8e81efda3,True,location-k4-fold1-seed0,1
seasonal,CoPy_R,20,MSE,0.04420860717950135,1265738,001dcee8e81efda3,True,location-k4-fold1-seed0,1
seasonal,CoPy_R,20,MAE,0.15889634377031822,1265738,001dcee8e81efda3,True,location-k4-fold1-seed0,1
seasonal,CoPy_R,20,SS_vs_persistence,0.00072934483179532,1265738,001dcee8e81efda3,True,location-k4-fold1-seed0,1
seasonal,CoPy_R,20,SS_vs_seasonal,2.2620016970620327e-11,1265738,001dcee8e81efda3,True,location-k4-fold1-seed0,1
seasonal,CoPy_R,20,SS_vs_ar,-0.8569673484627309,1265738,001dcee8e81efda3,True,location-k4-fold1-seed0,1
seasonal,CoPy_R,21,MSE,0.04437319454289422,1265738,001dcee8e81efda3,True,location-k4-fold1-seed0,1
seasonal,CoPy_R,21,MAE,0.15914388159684612,1265738,001dcee8e81efda3,True,location-k4-fold1-seed0,1
seasonal,CoPy_R,21,SS_vs_persistence,0.0013697330941079278,1265738,001dcee8e81efda3,True,location-k4-fold1-seed0,1
seasonal,CoPy_R,21,SS_vs_seasonal,2.2536084109958665e-11,1265738,001dcee8e81efda3,True,location-k4-fold1-seed0,1
seasonal,CoPy_R,21,SS_vs_ar,-0.8616480418018326,1265738,001dcee8e81efda3,True,location-k4-fold1-seed0,1
seasonal,CoPy_R,22,MSE,0.043690811005754136,1265738,001dcee8e81efda3,True,location-k4-fold1-seed0,1
seasonal,CoPy_R,22,MAE,0.15722697079703268,1265738,001dcee8e81efda3,True,location-k4-fold1-seed0,1
seasonal,CoPy_R,22,SS_vs_persistence,-0.004558964465580573,1265738,001dcee8e81efda3,True,location-k4-fold1-seed0,1
seasonal,CoPy_R,22,SS_vs_seasonal,2.288802480876484e-11,1265738,001dcee8e81efda3,True,location-k4-fold1-seed0,1
seasonal,CoPy_R,22,SS_vs_ar,-0.8305923043033401,1265738,001dcee8e81efda3,True,location-k4-fold1-seed0,1
seasonal,CoPy_R,23,MSE,0.04363789037918791,1265738,001dcee8e81efda3,True,location-k4-fold1-seed0,1
seasonal,CoPy_R,23,MAE,0.15732434474532342,1265738,001dcee8e81efda3,True,location-k4-fold1-seed0,1
seasonal,CoPy_R,23,SS_vs_persistence,-0.018033725779894594,1265738,001dcee8e81efda3,True,location-k4-fold1-seed0,1
seasonal,CoPy_R,23,SS_vs_seasonal,2.291578038438047e-11,1265738,001dcee8e81efda3,True,location-k4-fold1-seed0,1
seasonal,CoPy_R,23,SS_vs_ar,-0.8284906352792663,1265738,001dcee8e81efda3,True,location-k4-fold1-seed0,1
seasonal,CoPy_R,24,MSE,0.04304873192695018,1265738,001dcee8e81efda3,True,location-k4-fold1-seed0,1
seasonal,CoPy_R,24,MAE,0.1561743861534746,1265738,001dcee8e81efda3,True,location-k4-fold1-seed0,1
seasonal,CoPy_R,24,SS_vs_persistence,-0.01855892522117597,1265738,001dcee8e81efda3,True,location-k4-fold1-seed0,1
seasonal,CoPy_R,24,SS_vs_seasonal,2.3229418388837075e-11,1265738,001dcee8e81efda3,True,location-k4-fold1-seed0,1
seasonal,CoPy_R,24,SS_vs_ar,-0.7989646683720917,1265738,001dcee8e81efda3,True,location-k4-fold1-seed0,1
seasonal,CoPy_R,25,MSE,0.04380494011577252,1265738,001dcee8e81efda3,True,location-k4-fold1-seed0,1
seasonal,CoPy_R,25,MAE,0.157579430152447,1265738,001dcee8e81efda3,True,location-k4-fold1-seed0,1
seasonal,CoPy_R,25,SS_vs_persistence,-0.00384738539914653,1265738,001dcee8e81efda3,True,location-k4-fold1-seed0,1
seasonal,CoPy_R,25,SS_vs_seasonal,2.282840583234247e-11,1265738,001dcee8e81efda3,True,location-k4-fold1-seed0,1
seasonal,CoPy_R,25,SS_vs_ar,-0.8164011680757852,1265738,001dcee8e81efda3,True,location-k4-fold1-seed0,1
seasonal,CoPy_R,26,MSE,0.04404091808727296,1265738,001dcee8e81efda3,True,location-k4-fold1-seed0,1
seasonal,CoPy_R,26,MAE,0.1585203376746456,1265738,001dcee8e81efda3,True,location-k4-fold1-seed0,1
seasonal,CoPy_R,26,SS_vs_persistence,0.006353417830389008,1265738,001dcee8e81efda3,True,location-k4-fold1-seed0,1
seasonal,CoPy_R,26,SS_vs_seasonal,2.270617027733124e-11,1265738,001dcee8e81efda3,True,location-k4-fold1-seed0,1
seasonal,CoPy_R,26,SS_vs_ar,-0.8215589438188915,1265738,001dcee8e81efda3,True,location-k4-fold1-seed0,1
seasonal,CoPy_R,27,MSE,0.045159316102242365,1265738,001dcee8e81efda3,True,location-k4-fold1-seed0,1
seasonal,CoPy_R,27,MAE,0.16051726387845,1265738,001dcee8e81efda3,True,location-k4-fold1-seed0,1
seasonal,CoPy_R,27,SS_vs_persistence,0.01927945289563593,1265738,001dcee8e81efda3,True,location-k4-fold1-seed0,1
seasonal,CoPy_R,27,SS_vs_seasonal,2.2143842315358597e-11,1265738,001dcee8e81efda3,True,location-k4-fold1-seed0,1
seasonal,CoPy_R,27,SS_vs_ar,-0.8602884322666118,1265738,001dcee8e81efda3,True,location-k4-fold1-seed0,1
seasonal,CoPy_R,28,MSE,0.045344365666965904,1265738,001dcee8e81efda3,True,location-k4-fold1-seed0,1
seasonal,CoPy_R,28,MAE,0.16051317328958808,1265738,001dcee8e81efda3,True,location-k4-fold1-seed0,1
seasonal,CoPy_R,28,SS_vs_persistence,0.023474751529316662,1265738,001dcee8e81efda3,True,location-k4-fold1-seed0,1
seasonal,CoPy_R,28,SS_vs_seasonal,2.205347016115411e-11,1265738,001dcee8e81efda3,True,location-k4-fold1-seed0,1
seasonal,CoPy_R,28,SS_vs_ar,-0.8662853726218938,1265738,001dcee8e81efda3,True,location-k4-fold1-seed0,1
seasonal,CoPy_R,29,MSE,0.045719948336064214,1265738,001dcee8e81efda3,True,location-k4-fold1-seed0,1
seasonal,CoPy_R,29,MAE,0.16103110398344994,1265738,001dcee8e81efda3,True,location-k4-fold1-seed0,1
seasonal,CoPy_R,29,SS_vs_persistence,0.019060560128213,1265738,001dcee8e81efda3,True,location-k4-fold1-seed0,1
seasonal,CoPy_R,29,SS_vs_seasonal,2.1872281763535284e-11,1265738,001dcee8e81efda3,True,location-k4-fold1-seed0,1
seasonal,CoPy_R,29,SS_vs_ar,-0.8805572362849392,1265738,001dcee8e81efda3,True,location-k4-fold1-seed0,1
seasonal,CoPy_R,30,MSE,0.04338416848541862,1265738,001dcee8e81efda3,True,location-k4-fold1-seed0,1
seasonal,CoPy_R,30,MAE,0.15704348314537217,1265738,001dcee8e81efda3,True,location-k4-fold1-seed0,1
seasonal,CoPy_R,30,SS_vs_persistence,9.67790362071952e-07,1265738,001dcee8e81efda3,True,location-k4-fold1-seed0,1
seasonal,CoPy_R,30,SS_vs_seasonal,2.3049895325755188e-11,1265738,001dcee8e81efda3,True,location-k4-fold1-seed0,1
seasonal,CoPy_R,30,SS_vs_ar,-0.7863537333184236,1265738,001dcee8e81efda3,True,location-k4-fold1-seed0,1
seasonal,CoPy_R,all,MSE,0.04234853654326792,1265738,001dcee8e81efda3,True,location-k4-fold1-seed0,1
seasonal,CoPy_R,all,MAE,0.1545037931330548,1265738,001dcee8e81efda3,True,location-k4-fold1-seed0,1
seasonal,CoPy_R,all,SS_vs_persistence,-0.0046387852980214195,1265738,001dcee8e81efda3,True,location-k4-fold1-seed0,1
seasonal,CoPy_R,all,SS_vs_seasonal,2.361355555535738e-11,1265738,001dcee8e81efda3,True,location-k4-fold1-seed0,1
seasonal,CoPy_R,all,SS_vs_ar,-0.8387237307590631,1265738,001dcee8e81efda3,True,location-k4-fold1-seed0,1
ar,F_R,1,MSE,203660.04887792878,1297860,001dcee8e81efda3,True,location-k4-fold1-seed0,1
ar,F_R,1,MAE,304.3831686875368,1297860,001dcee8e81efda3,True,location-k4-fold1-seed0,1
ar,F_R,1,SS_vs_persistence,0.3311405665305037,1297860,001dcee8e81efda3,True,location-k4-fold1-seed0,1
ar,F_R,1,SS_vs_seasonal,0.35751119486351335,1297860,001dcee8e81efda3,True,location-k4-fold1-seed0,1
ar,F_R,1,SS_vs_ar,0.0,1297860,001dcee8e81efda3,True,location-k4-fold1-seed0,1
ar,F_R,2,MSE,220601.23472270803,1297860,001dcee8e81efda3,True,location-k4-fold1-seed0,1
ar,F_R,2,MAE,319.89929631687227,1297860,001dcee8e81efda3,True,location-k4-fold1-seed0,1
ar,F_R,2,SS_vs_persistence,0.37118249172439644,1297860,001dcee8e81efda3,True,location-k4-fold1-seed0,1
ar,F_R,2,SS_vs_seasonal,0.38550189163473114,1297860,001dcee8e81efda3,True,location-k4-fold1-seed0,1
ar,F_R,2,SS_vs_ar,0.0,1297860,001dcee8e81efda3,True,location-k4-fold1-seed0,1
ar,F_R,3,MSE,227618.03729241504,1297860,001dcee8e81efda3,True,location-k4-fold1-seed0,1
ar,F_R,3,MAE,326.540350802368,1297860,001dcee8e81efda3,True,location-k4-fold1-seed0,1
ar,F_R,3,SS_vs_persistence,0.3767402622143702,1297860,001dcee8e81efda3,True,location-k4-fold1-seed0,1
ar,F_R,3,SS_vs_seasonal,0.38689254586887634,1297860,001dcee8e81efda3,True,location-k4-fold1-seed0,1
ar,F_R,3,SS_vs_ar,0.0,1297860,001dcee8e81efda3,True,location-k4-fold1-seed0,1
ar,F_R,4,MSE,233387.06435682968,1297860,001dcee8e81efda3,True,location-k4-fold1-seed0,1
ar,F_R,4,MAE,331.6015103366033,1297860,001dcee8e81efda3,True,location-k4-fold1-seed0,1
ar,F_R,4,SS_vs_persistence,0.3745296393907189,1297860,001dcee8e81efda3,True,location-k4-fold1-seed0,1
ar,F_R,4,SS_vs_seasonal,0.3830518911695978,1297860,001dcee8e81efda3,True,location-k4-fold1-seed0,1
ar,F_R,4,SS_vs_ar,0.0,1297860,001dcee8e81efda3,True,location-k4-fold1-seed0,1
ar,F_R,5,MSE,237924.1451814167,1297860,001dcee8e81efda3,True,location-k4-fold1-seed0,1
ar,F_R,5,MAE,335.98640733994523,1297860,001dcee8e81efda3,True,location-k4-fold1-seed0,1
ar,F_R,5,SS_vs_persistence,0.3903000828901825,1297860,001dcee8e81efda3,True,location-k4-fold1-seed0,1
ar,F_R,5,SS_vs_seasonal,0.39554129433698704,1297860,001dcee8e81efda3,True,location-k4-fold1-seed0,1
ar,F_R,5,SS_vs_ar,0.0,1297860,001dcee8e81efda3,True,location-k4-fold1-seed0,1
ar,F_R,6,MSE,239374.7877760772,1297860,001dcee8e81efda3,True,location-k4-fold1-seed0,1
ar,F_R,6,MAE,337.54858630716393,1297860,001dcee8e81efda3,True,location-k4-fold1-seed0,1
ar,F_R,6,SS_vs_persistence,0.36853175389978265,1297860,001dcee8e81efda3,True,location-k4-fold1-seed0,1
ar,F_R,6,SS_vs_seasonal,0.37390298555479506,1297860,001dcee8e81efda3,True,location-k4-fold1-seed0,1
ar,F_R,6,SS_vs_ar,0.0,1297860,001dcee8e81efda3,True,location-k4-fold1-seed0,1
ar,F_R,7,MSE,242102.9734105582,1297860,001dcee8e81efda3,True,location-k4-fold1-seed0,1
ar,F_R,7,MAE,340.72125379690755,1297860,001dcee8e81efda3,True,location-k4-fold1-seed0,1
ar,F_R,7,SS_vs_persistence,0.35923456804154585,1297860,001dcee8e81efda3,True,location-k4-fold1-seed0,1
ar,F_R,7,SS_vs_seasonal,0.3621842291993781,1297860,001dcee8e81efda3,True,location-k4-fold1-seed0,1
ar,F_R,7,SS_vs_ar,0.0,1297860,001dcee8e81efda3,True,location-k4-fold1-seed0,1
ar,F_R,8,MSE,247739.46734731813,1297860,001dcee8e81efda3,True,location-k4-fold1-seed0,1
ar,F_R,8,MAE,345.00533803988134,1297860,001dcee8e81efda3,True,location-k4-fold1-seed0,1
ar,F_R,8,SS_vs_persistence,0.3577278093567011,1297860,001dcee8e81efda3,True,location-k4-fold1-seed0,1
ar,F_R,8,SS_vs_seasonal,0.3597787224921978,1297860,001dcee8e81efda3,True,location-k4-fold1-seed0,1
ar,F_R,8,SS_vs_ar,0.0,1297860,001dcee8e81efda3,True,location-k4-fold1-seed0,1
ar,F_R,9,MSE,252279.87839289382,1297860,001dcee8e81efda3,True,location-k4-fold1-seed0,1
ar,F_R,9,MAE,349.00949532332066,1297860,001dcee8e81efda3,True,location-k4-fold1-seed0,1
ar,F_R,9,SS_vs_persistence,0.3587726843944655,1297860,001dcee8e81efda3,True,location-k4-fold1-seed0,1
ar,F_R,9,SS_vs_seasonal,0.35938070421207213,1297860,001dcee8e81efda3,True,location-k4-fold1-seed0,1
ar,F_R,9,SS_vs_ar,0.0,1297860,001dcee8e81efda3,True,location-k4-fold1-seed0,1
ar,F_R,10,MSE,256093.8468873804,1297860,001dcee8e81efda3,True,location-k4-fold1-seed0,1
ar,F_R,10,MAE,351.9941294768256,1297860,001dcee8e81efda3,True,location-k4-fold1-seed0,1
ar,F_R,10,SS_vs_persistence,0.34094257602425604,1297860,001dcee8e81efda3,True,location-k4-fold1-seed0,1
ar,F_R,10,SS_vs_seasonal,0.34300814877596497,1297860,001dcee8e81efda3,True,location-k4-fold1-seed0,1
ar,F_R,10,SS_vs_ar,0.0,1297860,001dcee8e81efda3,True,location-k4-fold1-seed0,1
ar,F_R,11,MSE,262043.18756772284,1297860,001dcee8e81efda3,True,location-k4-fold1-seed0,1
ar,F_R,11,MAE,356.409233176887,1297860,001dcee8e81efda3,True,location-k4-fold1-seed0,1
ar,F_R,11,SS_vs_persistence,0.35905980800055004,1297860,001dcee8e81efda3,True,location-k4-fold1-seed0,1
ar,F_R,11,SS_vs_seasonal,0.36606311458068297,1297860,001dcee8e81efda3,True,location-k4-fold1-seed0,1
ar,F_R,11,SS_vs_ar,0.0,1297860,001dcee8e81efda3,True,location-k4-fold1-seed0,1
ar,F_R,12,MSE,266479.25927277206,1297860,001dcee8e81efda3,True,location-k4-fold1-seed0,1
ar,F_R,12,MAE,359.67298785706555,1297860,001dcee8e81efda3,True,location-k4-fold1-seed0,1
ar,F_R,12,SS_vs_persistence,0.36619977279562876,1297860,001dcee8e81efda3,True,location-k4-fold1-seed0,1
ar,F_R,12,SS_vs_seasonal,0.36909756031622554,1297860,001dcee8e81efda3,True,location-k4-fold1-seed0,1
ar,F_R,12,SS_vs_ar,0.0,1297860,001dcee8e81efda3,True,location-k4-fold1-seed0,1
ar,F_R,13,MSE,269464.55797776295,1297860,001dcee8e81efda3,True,location-k4-fold1-seed0,1
ar,F_R,13,MAE,361.45220295384047,1297860,001dcee8e81efda3,True,location-k4-fold1-seed0,1
ar,F_R,13,SS_vs_persistence,0.36083756221286645,1297860,001dcee8e81efda3,True,location-k4-fold1-seed0,1
ar,F_R,13,SS_vs_seasonal,0.3641209825498858,1297860,001dcee8e81efda3,True,location-k4-fold1-seed0,1
ar,F_R,13,SS_vs_ar,0.0,1297860,001dcee8e81efda3,True,location-k4-fold1-seed0,1
ar,F_R,14,MSE,270634.104179371,1297860,001dcee8e81efda3,True,location-k4-fold1-seed0,1
ar,F_R,14,MAE,362.960440741724,1297860,001dcee8e81efda3,True,location-k4-fold1-seed0,1
ar,F_R,14,SS_vs_persistence,0.35369841934128055,1297860,001dcee8e81efda3,True,location-k4-fold1-seed0,1
ar,F_R,14,SS_vs_seasonal,0.35788170013586196,1297860,001dcee8e81efda3,True,location-k4-fold1-seed0,1
ar,F_R,14,SS_vs_ar,0.0,1297860,001dcee8e81efda3,True,location-k4-fold1-seed0,1
ar,F_R,15,MSE,271476.5088345279,1297860,001dcee8e81efda3,True,location-k4-fold1-seed0,1
ar,F_R,15,MAE,365.0431377042498,1297860,001dcee8e81efda3,True,location-k4-fold1-seed0,1
ar,F_R,15,SS_vs_persistence,0.3498930150174212,1297860,001dcee8e81efda3,True,location-k4-fold1-seed0,1
ar,F_R,15,SS_vs_seasonal,0.35220581847572674,1297860,001dcee8e81efda3,True,location-k4-fold1-seed0,1
ar,F_R,15,SS_vs_ar,0.0,1297860,001dcee8e81efda3,True,location-k4-fold1-seed0,1
ar,F_R,16,MSE,279116.9197130642,1297860,001dcee8e81efda3,True,location-k4-fold1-seed0,1
ar,F_R,16,MAE,369.28552296383896,1297860,001dcee8e81efda3,True,location-k4-fold1-seed0,1
ar,F_R,16,SS_vs_persistence,0.3544053496173569,1297860,001dcee8e81efda3,True,location-k4-fold1-seed0,1
ar,F_R,16,SS_vs_seasonal,0.3553725927971335,1297860,001dcee8e81efda3,True,location-k4-fold1-seed0,1
ar,F_R,16,SS_vs_ar,0.0,1297860,001dcee8e81efda3,True,location-k4-fold1-seed0,1
ar,F_R,17,MSE,283327.84280516056,1297860,001dcee8e81efda3,True,location-k4-fold1-seed0,1
ar,F_R,17,MAE,372.02379148215766,1297860,001dcee8e81efda3,True,location-k4-fold1-seed0,1
ar,F_R,17,SS_vs_persistence,0.34776311350534317,1297860,001dcee8e81efda3,True,location-k4-fold1-seed0,1
ar,F_R,17,SS_vs_seasonal,0.34918847656963337,1297860,001dcee8e81efda3,True,location-k4-fold1-seed0,1
ar,F_R,17,SS_vs_ar,0.0,1297860,001dcee8e81efda3,True,location-k4-fold1-seed0,1
ar,F_R,18,MSE,285210.25514023827,1297860,001dcee8e81efda3,True,location-k4-fold1-seed0,1
ar,F_R,18,MAE,374.3804636426112,1297860,001dcee8e81efda3,True,location-k4-fold1-seed0,1
ar,F_R,18,SS_vs_persistence,0.3455161064847969,1297860,001dcee8e81efda3,True,location-k4-fold1-seed0,1
ar,F_R,18,SS_vs_seasonal,0.3463586408580993,1297860,001dcee8e81efda3,True,location-k4-fold1-seed0,1
ar,F_R,18,SS_vs_ar,0.0,1297860,001dcee8e81efda3,True,location-k4-fold1-seed0,1
ar,F_R,19,MSE,287258.754223248,1297860,001dcee8e81efda3,True,location-k4-fold1-seed0,1
ar,F_R,19,MAE,376.9369663922537,1297860,001dcee8e81efda3,True,location-k4-fold1-seed0,1
ar,F_R,19,SS_vs_persistence,0.350187777572219,1297860,001dcee8e81efda3,True,location-k4-fold1-seed0,1
ar,F_R,19,SS_vs_seasonal,0.3520326653365278,1297860,001dcee8e81efda3,True,location-k4-fold1-seed0,1
ar,F_R,19,SS_vs_ar,0.0,1297860,001dcee8e81efda3,True,location-k4-fold1-seed0,1
ar,F_R,20,MSE,289895.23577360937,1297860,001dcee8e81efda3,True,location-k4-fold1-seed0,1
ar,F_R,20,MAE,378.91166019543755,1297860,001dcee8e81efda3,True,location-k4-fold1-seed0,1
ar,F_R,20,SS_vs_persistence,0.3502943805518477,1297860,001dcee8e81efda3,True,location-k4-fold1-seed0,1
ar,F_R,20,SS_vs_seasonal,0.351875157203543,1297860,001dcee8e81efda3,True,location-k4-fold1-seed0,1
ar,F_R,20,SS_vs_ar,0.0,1297860,001dcee8e81efda3,True,location-k4-fold1-seed0,1
ar,F_R,21,MSE,291391.36327053653,1297860,001dcee8e81efda3,True,location-k4-fold1-seed0,1
ar,F_R,21,MAE,380.1301600506658,1297860,001dcee8e81efda3,True,location-k4-fold1-seed0,1
ar,F_R,21,SS_vs_persistence,0.33752112750664376,1297860,001dcee8e81efda3,True,location-k4-fold1-seed0,1
ar,F_R,21,SS_vs_seasonal,0.34090086950090315,1297860,001dcee8e81efda3,True,location-k4-fold1-seed0,1
ar,F_R,21,SS_vs_ar,0.0,1297860,001dcee8e81efda3,True,location-k4-fold1-seed0,1
ar,F_R,22,MSE,293073.52482213953,1297860,001dcee8e81efda3,True,location-k4-fold1-seed0,1
ar,F_R,22,MAE,382.62476127529544,1297860,001dcee8e81efda3,True,location-k4-fold1-seed0,1
ar,F_R,22,SS_vs_persistence,0.34404450584886526,1297860,001dcee8e81efda3,True,location-k4-fold1-seed0,1
ar,F_R,22,SS_vs_seasonal,0.34652958359196395,1297860,001dcee8e81efda3,True,location-k4-fold1-seed0,1
ar,F_R,22,SS_vs_ar,0.0,1297860,001dcee8e81efda3,True,location-k4-fold1-seed0,1
ar,F_R,23,MSE,296025.59790753433,1297860,001dcee8e81efda3,True,location-k4-fold1-seed0,1
ar,F_R,23,MAE,385.38635826972603,1297860,001dcee8e81efda3,True,location-k4-fold1-seed0,1
ar,F_R,23,SS_vs_persistence,0.34435191147175703,1297860,001dcee8e81efda3,True,location-k4-fold1-seed0,1
ar,F_R,23,SS_vs_seasonal,0.34663305594183136,1297860,001dcee8e81efda3,True,location-k4-fold1-seed0,1
ar,F_R,23,SS_vs_ar,0.0,1297860,001dcee8e81efda3,True,location-k4-fold1-seed0,1
ar,F_R,24,MSE,299327.4477110277,1297860,001dcee8e81efda3,True,location-k4-fold1-seed0,1
ar,F_R,24,MAE,387.68128701656997,1297860,001dcee8e81efda3,True,location-k4-fold1-seed0,1
ar,F_R,24,SS_vs_persistence,0.3344820360310313,1297860,001dcee8e81efda3,True,location-k4-fold1-seed0,1
ar,F_R,24,SS_vs_seasonal,0.3356360844289461,1297860,001dcee8e81efda3,True,location-k4-fold1-seed0,1
ar,F_R,24,SS_vs_ar,0.0,1297860,001dcee8e81efda3,True,location-k4-fold1-seed0,1
ar,F_R,25,MSE,303631.81198553613,1297860,001dcee8e81efda3,True,location-k4-fold1-seed0,1
ar,F_R,25,MAE,390.37895635056054,1297860,001dcee8e81efda3,True,location-k4-fold1-seed0,1
ar,F_R,25,SS_vs_persistence,0.3308346501657854,1297860,001dcee8e81efda3,True,location-k4-fold1-seed0,1
ar,F_R,25,SS_vs_seasonal,0.3319807707425576,1297860,001dcee8e81efda3,True,location-k4-fold1-seed0,1
ar,F_R,25,SS_vs_ar,0.0,1297860,001dcee8e81efda3,True,location-k4-fold1-seed0,1
ar,F_R,26,MSE,308467.626772268,1297860,001dcee8e81efda3,True,location-k4-fold1-seed0,1
ar,F_R,26,MAE,393.70899196135855,1297860,001dcee8e81efda3,True,location-k4-fold1-seed0,1
ar,F_R,26,SS_vs_persistence,0.3418265160896673,1297860,001dcee8e81efda3,True,location-k4-fold1-seed0,1
ar,F_R,26,SS_vs_seasonal,0.34136140137823134,1297860,001dcee8e81efda3,True,location-k4-fold1-seed0,1
ar,F_R,26,SS_vs_ar,0.0,1297860,001dcee8e81efda3,True,location-k4-fold1-seed0,1
ar,F_R,27,MSE,308912.3610445807,1297860,001dcee8e81efda3,True,location-k4-fold1-seed0,1
ar,F_R,27,MAE,395.28220444998055,1297860,001dcee8e81efda3,True,location-k4-fold1-seed0,1
ar,F_R,27,SS_vs_persistence,0.35456374544021985,1297860,001dcee8e81efda3,True,location-k4-fold1-seed0,1
ar,F_R,27,SS_vs_seasonal,0.35193310490318086,1297860,001dcee8e81efda3,True,location-k4-fold1-seed0,1
ar,F_R,27,SS_vs_ar,0.0,1297860,001dcee8e81efda3,True,location-k4-fold1-seed0,1
ar,F_R,28,MSE,308712.1549930647,1297860,001dcee8e81efda3,True,location-k4-fold1-seed0,1
ar,F_R,28,MAE,395.47491644760447,1297860,001dcee8e81efda3,True,location-k4-fold1-seed0,1
ar,F_R,28,SS_vs_persistence,0.3475079439979303,1297860,001dcee8e81efda3,True,location-k4-fold1-seed0,1
ar,F_R,28,SS_vs_seasonal,0.3468489294174226,1297860,001dcee8e81efda3,True,location-k4-fold1-seed0,1
ar,F_R,28,SS_vs_ar,0.0,1297860,001dcee8e81efda3,True,location-k4-fold1-seed0,1
ar,F_R,29,MSE,308276.92626734864,1297860,001dcee8e81efda3,True,location-k4-fold1-seed0,1
ar,F_R,29,MAE,396.4560349870122,1297860,001dcee8e81efda3,True,location-k4-fold1-seed0,1
ar,F_R,29,SS_vs_persistence,0.35228664811161636,1297860,001dcee8e81efda3,True,location-k4-fold1-seed0,1
ar,F_R,29,SS_vs_seasonal,0.3508122024197816,1297860,001dcee8e81efda3,True,location-k4-fold1-seed0,1
ar,F_R,29,SS_vs_ar,0.0,1297860,001dcee8e81efda3,True,location-k4-fold1-seed0,1
ar,F_R,30,MSE,307702.72564038355,1297860,001dcee8e81efda3,True,location-k4-fold1-seed0,1
ar,F_R,30,MAE,396.8494444255348,1297860,001dcee8e81efda3,True,location-k4-fold1-seed0,1
ar,F_R,30,SS_vs_persistence,0.33773988500831564,1297860,001dcee8e81efda3,True,location-k4-fold1-seed0,1
ar,F_R,30,SS_vs_seasonal,0.3376330455751516,1297860,001dcee8e81efda3,True,location-k4-fold1-seed0,1
ar,F_R,30,SS_vs_ar,0.0,1297860,001dcee8e81efda3,True,location-k4-fold1-seed0,1
ar,F_R,all,MSE,271706.9883382507,1297860,001dcee8e81efda3,True,location-k4-fold1-seed0,1
ar,F_R,all,MAE,364.1246352923815,1297860,001dcee8e81efda3,True,location-k4-fold1-seed0,1
ar,F_R,all,SS_vs_persistence,0.3525206715657475,1297860,001dcee8e81efda3,True,location-k4-fold1-seed0,1
ar,F_R,all,SS_vs_seasonal,0.3557765025602627,1297860,001dcee8e81efda3,True,location-k4-fold1-seed0,1
ar,F_R,all,SS_vs_ar,0.0,1297860,001dcee8e81efda3,True,location-k4-fold1-seed0,1
ar,CoPx_R,1,MSE,0.012755019426020303,1265738,001dcee8e81efda3,True,location-k4-fold1-seed0,1
ar,CoPx_R,1,MAE,0.07990148202085831,1265738,001dcee8e81efda3,True,location-k4-fold1-seed0,1
ar,CoPx_R,1,SS_vs_persistence,0.34186299791015573,1265738,001dcee8e81efda3,True,location-k4-fold1-seed0,1
ar,CoPx_R,1,SS_vs_seasonal,0.44152759245800377,1265738,001dcee8e81efda3,True,location-k4-fold1-seed0,1
ar,CoPx_R,1,SS_vs_ar,7.840050830765222e-11,1265738,001dcee8e81efda3,True,location-k4-fold1-seed0,1
ar,CoPx_R,2,MSE,0.01417712793518929,1265738,001dcee8e81efda3,True,location-k4-fold1-seed0,1
ar,CoPx_R,2,MAE,0.08399861773320401,1265738,001dcee8e81efda3,True,location-k4-fold1-seed0,1
ar,CoPx_R,2,SS_vs_persistence,0.3669213035887777,1265738,001dcee8e81efda3,True,location-k4-fold1-seed0,1
ar,CoPx_R,2,SS_vs_seasonal,0.42927748064442994,1265738,001dcee8e81efda3,True,location-k4-fold1-seed0,1
ar,CoPx_R,2,SS_vs_ar,7.053613249041746e-11,1265738,001dcee8e81efda3,True,location-k4-fold1-seed0,1
ar,CoPx_R,3,MSE,0.0150972120566848,1265738,001dcee8e81efda3,True,location-k4-fold1-seed0,1
ar,CoPx_R,3,MAE,0.08639294857612305,1265738,001dcee8e81efda3,True,location-k4-fold1-seed0,1
ar,CoPx_R,3,SS_vs_persistence,0.37140608436938216,1265738,001dcee8e81efda3,True,location-k4-fold1-seed0,1
ar,CoPx_R,3,SS_vs_seasonal,0.41527798373291713,1265738,001dcee8e81efda3,True,location-k4-fold1-seed0,1
ar,CoPx_R,3,SS_vs_ar,6.623745996137131e-11,1265738,001dcee8e81efda3,True,location-k4-fold1-seed0,1
ar,CoPx_R,4,MSE,0.01578335534720189,1265738,001dcee8e81efda3,True,location-k4-fold1-seed0,1
ar,CoPx_R,4,MAE,0.08822697000351465,1265738,001dcee8e81efda3,True,location-k4-fold1-seed0,1
ar,CoPx_R,4,SS_vs_persistence,0.37795875499977283,1265738,001dcee8e81efda3,True,location-k4-fold1-seed0,1
ar,CoPx_R,4,SS_vs_seasonal,0.4063090026970586,1265738,001dcee8e81efda3,True,location-k4-fold1-seed0,1
ar,CoPx_R,4,SS_vs_ar,6.335776348009858e-11,1265738,001dcee8e81efda3,True,location-k4-fold1-seed0,1
ar,CoPx_R,5,MSE,0.01643350069947402,1265738,001dcee8e81efda3,True,location-k4-fold1-seed0,1
ar,CoPx_R,5,MAE,0.09014027128978533,1265738,001dcee8e81efda3,True,location-k4-fold1-seed0,1
ar,CoPx_R,5,SS_vs_persistence,0.39199677660841414,1265738,001dcee8e81efda3,True,location-k4-fold1-seed0,1
ar,CoPx_R,5,SS_vs_seasonal,0.40672140481029917,1265738,001dcee8e81efda3,True,location-k4-fold1-seed0,1
ar,CoPx_R,5,SS_vs_ar,6.085121295740237e-11,1265738,001dcee8e81efda3,True,location-k4-fold1-seed0,1
ar,CoPx_R,6,MSE,0.01678258883931438,1265738,001dcee8e81efda3,True,location-k4-fold1-seed0,1
ar,CoPx_R,6,MAE,0.09117670067811658,1265738,001dcee8e81efda3,True,location-k4-fold1-seed0,1
ar,CoPx_R,6,SS_vs_persistence,0.36615850439629605,1265738,001dcee8e81efda3,True,location-k4-fold1-seed0,1
ar,CoPx_R,6,SS_vs_seasonal,0.3899347523737605,1265738,001dcee8e81efda3,True,location-k4-fold1-seed0,1
ar,CoPx_R,6,SS_vs_ar,5.958544768702723e-11,1265738,001dcee8e81efda3,True,location-k4-fold1-seed0,1
ar,CoPx_R,7,MSE,0.017303758624380182,1265738,001dcee8e81efda3,True,location-k4-fold1-seed0,1
ar,CoPx_R,7,MAE,0.09270636260933911,1265738,001dcee8e81efda3,True,location-k4-fold1-seed0,1
ar,CoPx_R,7,SS_vs_persistence,0.38922861427660504,1265738,001dcee8e81efda3,True,location-k4-fold1-seed0,1
ar,CoPx_R,7,SS_vs_seasonal,0.39383580360476034,1265738,001dcee8e81efda3,True,location-k4-fold1-seed0,1
ar,CoPx_R,7,SS_vs_ar,5.7790883190023123e-11,1265738,001dcee8e81efda3,True,location-k4-fold1-seed0,1
ar,CoPx_R,8,MSE,0.01754323128182737,1265738,001dcee8e81efda3,True,location-k4-fold1-seed0,1
ar,CoPx_R,8,MAE,0.09342778188408486,1265738,001dcee8e81efda3,True,location-k4-fold1-seed0,1
ar,CoPx_R,8,SS_vs_persistence,0.3856615400656328,1265738,001dcee8e81efda3,True,location-k4-fold1-seed0,1
ar,CoPx_R,8,SS_vs_seasonal,0.3905401746190811,1265738,001dcee8e81efda3,True,location-k4-fold1-seed0,1
ar,CoPx_R,8,SS_vs_ar,5.700195870872449e-11,1265738,001dcee8e81efda3,True,location-k4-fold1-seed0,1
ar,CoPx_R,9,MSE,0.017896737282439294,1265738,001dcee8e81efda3,True,location-k4-fold1-seed0,1
ar,CoPx_R,9,MAE,0.09444620121011435,1265738,001dcee8e81efda3,True,location-k4-fold1-seed0,1
ar,CoPx_R,9,SS_vs_persistence,0.38355823319467985,1265738,001dcee8e81efda3,True,location-k4-fold1-seed0,1
ar,CoPx_R,9,SS_vs_seasonal,0.38994977433572064,1265738,001dcee8e81efda3,True,location-k4-fold1-seed0,1
ar,CoPx_R,9,SS_vs_ar,5.5876081539452116e-11,1265738,001dcee8e81efda3,True,location-k4-fold1-seed0,1
ar,CoPx_R,10,MSE,0.01822653909349858,1265738,001dcee8e81efda3,True,location-k4-fold1-seed0,1
ar,CoPx_R,10,MAE,0.09542888065388044,1265738,001dcee8e81efda3,True,location-k4-fold1-seed0,1
ar,CoPx_R,10,SS_vs_persistence,0.3843495838838784,1265738,001dcee8e81efda3,True,location-k4-fold1-seed0,1
ar,CoPx_R,10,SS_vs_seasonal,0.3853354547480996,1265738,001dcee8e81efda3,True,location-k4-fold1-seed0,1
ar,CoPx_R,10,SS_vs_ar,5.4865001430925986e-11,1265738,001dcee8e81efda3,True,location-k4-fold1-seed0,1
ar,CoPx_R,11,MSE,0.018524163289417618,1265738,001dcee8e81efda3,True,location-k4-fold1-seed0,1
ar,CoPx_R,11,MAE,0.09625483017762543,1265738,001dcee8e81efda3,True,location-k4-fold1-seed0,1
ar,CoPx_R,11,SS_vs_persistence,0.3996456152098238,1265738,001dcee8e81efda3,True,location-k4-fold1-seed0,1
ar,CoPx_R,11,SS_vs_seasonal,0.407497598548587,1265738,001dcee8e81efda3,True,location-k4-fold1-seed0,1
ar,CoPx_R,11,SS_vs_ar,5.398348434937361e-11,1265738,001dcee8e81efda3,True,location-k4-fold1-seed0,1
ar,CoPx_R,12,MSE,0.0187323861427601,1265738,001dcee8e81efda3,True,location-k4-fold1-seed0,1
ar,CoPx_R,12,MAE,0.09685474544862421,1265738,001dcee8e81efda3,True,location-k4-fold1-seed0,1
ar,CoPx_R,12,SS_vs_persistence,0.4018063495289864,1265738,001dcee8e81efda3,True,location-k4-fold1-seed0,1
ar,CoPx_R,12,SS_vs_seasonal,0.4080151347018648,1265738,001dcee8e81efda3,True,location-k4-fold1-seed0,1
ar,CoPx_R,12,SS_vs_ar,5.3383408804563715e-11,1265738,001dcee8e81efda3,True,location-k4-fold1-seed0,1
ar,CoPx_R,13,MSE,0.018901043455923323,1265738,001dcee8e81efda3,True,location-k4-fold1-seed0,1
ar,CoPx_R,13,MAE,0.09733934130724083,1265738,001dcee8e81efda3,True,location-k4-fold1-seed0,1
ar,CoPx_R,13,SS_vs_persistence,0.4082072066816602,1265738,001dcee8e81efda3,True,location-k4-fold1-seed0,1
ar,CoPx_R,13,SS_vs_seasonal,0.4125156454990283,1265738,001dcee8e81efda3,True,location-k4-fold1-seed0,1
ar,CoPx_R,13,SS_vs_ar,5.290701210469706e-11,1265738,001dcee8e81efda3,True,location-k4-fold1-seed0,1
ar,CoPx_R,14,MSE,0.019000664371957802,1265738,001dcee8e81efda3,True,location-k4-fold1-seed0,1
ar,CoPx_R,14,MAE,0.09759478686216509,1265738,001dcee8e81efda3,True,location-k4-fold1-seed0,1
ar,CoPx_R,14,SS_vs_persistence,0.39368674735930376,1265738,001dcee8e81efda3,True,location-k4-fold1-seed0,1
ar,CoPx_R,14,SS_vs_seasonal,0.3991365977967143,1265738,001dcee8e81efda3,True,location-k4-fold1-seed0,1
ar,CoPx_R,14,SS_vs_ar,5.2629678393145696e-11,1265738,001dcee8e81efda3,True,location-k4-fold1-seed0,1
ar,CoPx_R,15,MSE,0.019176950564977223,1265738,001dcee8e81efda3,True,location-k4-fold1-seed0,1
ar,CoPx_R,15,MAE,0.09819809465348664,1265738,001dcee8e81efda3,True,location-k4-fold1-seed0,1
ar,CoPx_R,15,SS_vs_persistence,0.39476260759748605,1265738,001dcee8e81efda3,True,location-k4-fold1-seed0,1
ar,CoPx_R,15,SS_vs_seasonal,0.4012241420632735,1265738,001dcee8e81efda3,True,location-k4-fold1-seed0,1
ar,CoPx_R,15,SS_vs_ar,5.214584319901405e-11,1265738,001dcee8e81efda3,True,location-k4-fold1-seed0,1
ar,CoPx_R,16,MSE,0.019347487315921005,1265738,001dcee8e81efda3,True,location-k4-fold1-seed0,1
ar,CoPx_R,16,MAE,0.09868610875418858,1265738,001dcee8e81efda3,True,location-k4-fold1-seed0,1
ar,CoPx_R,16,SS_vs_persistence,0.414087635287517,1265738,001dcee8e81efda3,True,location-k4-fold1-seed0,1
ar,CoPx_R,16,SS_vs_seasonal,0.40874958043288656,1265738,001dcee8e81efda3,True,location-k4-fold1-seed0,1
ar,CoPx_R,16,SS_vs_ar,5.168621086681924e-11,1265738,001dcee8e81efda3,True,location-k4-fold1-seed0,1
ar,CoPx_R,17,MSE,0.019446487801460056,1265738,001dcee8e81efda3,True,location-k4-fold1-seed0,1
ar,CoPx_R,17,MAE,0.09904915071697455,1265738,001dcee8e81efda3,True,location-k4-fold1-seed0,1
ar,CoPx_R,17,SS_vs_persistence,0.40859989363002547,1265738,001dcee8e81efda3,True,location-k4-fold1-seed0,1
ar,CoPx_R,17,SS_vs_seasonal,0.4104697277843925,1265738,001dcee8e81efda3,True,location-k4-fold1-seed0,1
ar,CoPx_R,17,SS_vs_ar,5.1423088009983076e-11,1265738,001dcee8e81efda3,True,location-k4-fold1-seed0,1
ar,CoPx_R,18,MSE,0.019562142812015633,1265738,001dcee8e81efda3,True,location-k4-fold1-seed0,1
ar,CoPx_R,18,MAE,0.09939785434014244,1265738,001dcee8e81efda3,True,location-k4-fold1-seed0,1
ar,CoPx_R,18,SS_vs_persistence,0.41395005484484115,1265738,001dcee8e81efda3,True,location-k4-fold1-seed0,1
ar,CoPx_R,18,SS_vs_seasonal,0.4165402950096262,1265738,001dcee8e81efda3,True,location-k4-fold1-seed0,1
ar,CoPx_R,18,SS_vs_ar,5.111910894584071e-11,1265738,001dcee8e81efda3,True,location-k4-fold1-seed0,1
ar,CoPx_R,19,MSE,0.019667150662053004,1265738,001dcee8e81efda3,True,location-k4-fold1-seed0,1
ar,CoPx_R,19,MAE,0.09966288867117715,1265738,001dcee8e81efda3,True,location-k4-fold1-seed0,1
ar,CoPx_R,19,SS_vs_persistence,0.41673863134164035,1265738,001dcee8e81efda3,True,location-k4-fold1-seed0,1
ar,CoPx_R,19,SS_vs_seasonal,0.41743237436912184,1265738,001dcee8e81efda3,True,location-k4-fold1-seed0,1
ar,CoPx_R,19,SS_vs_ar,5.084610510408538e-11,1265738,001dcee8e81efda3,True,location-k4-fold1-seed0,1
ar,CoPx_R,20,MSE,0.019741878509303673,1265738,001dcee8e81efda3,True,location-k4-fold1-seed0,1
ar,CoPx_R,20,MAE,0.09988348479021698,1265738,001dcee8e81efda3,True,location-k4-fold1-seed0,1
ar,CoPx_R,20,SS_vs_persistence,0.4175136290788243,1265738,001dcee8e81efda3,True,location-k4-fold1-seed0,1
ar,CoPx_R,20,SS_vs_seasonal,0.41626241153132326,1265738,001dcee8e81efda3,True,location-k4-fold1-seed0,1
ar,CoPx_R,20,SS_vs_ar,5.065370345391784e-11,1265738,001dcee8e81efda3,True,location-k4-fold1-seed0,1
ar,CoPx_R,21,MSE,0.01982689682174995,1265738,001dcee8e81efda3,True,location-k4-fold1-seed0,1
ar,CoPx_R,21,MAE,0.10016948866630783,1265738,001dcee8e81efda3,True,location-k4-fold1-seed0,1
ar,CoPx_R,21,SS_vs_persistence,0.42011739590382535,1265738,001dcee8e81efda3,True,location-k4-fold1-seed0,1
ar,CoPx_R,21,SS_vs_seasonal,0.4243348420703954,1265738,001dcee8e81efda3,True,location-k4-fold1-seed0,1
ar,CoPx_R,21,SS_vs_ar,5.04364328079987e-11,1265738,001dcee8e81efda3,True,location-k4-fold1-seed0,1
ar,CoPx_R,22,MSE,0.019873602725949596,1265738,001dcee8e81efda3,True,location-k4-fold1-seed0,1
ar,CoPx_R,22,MAE,0.1004034849136609,1265738,001dcee8e81efda3,True,location-k4-fold1-seed0,1
ar,CoPx_R,22,SS_vs_persistence,0.4119131534482182,1265738,001dcee8e81efda3,True,location-k4-fold1-seed0,1
ar,CoPx_R,22,SS_vs_seasonal,0.42020961407901725,1265738,001dcee8e81efda3,True,location-k4-fold1-seed0,1
ar,CoPx_R,22,SS_vs_ar,5.0317972011271195e-11,1265738,001dcee8e81efda3,True,location-k4-fold1-seed0,1
ar,CoPx_R,23,MSE,0.01996521269331352,1265738,001dcee8e81efda3,True,location-k4-fold1-seed0,1
ar,CoPx_R,23,MAE,0.10071899509618253,1265738,001dcee8e81efda3,True,location-k4-fold1-seed0,1
ar,CoPx_R,23,SS_vs_persistence,0.40285272077939893,1265738,001dcee8e81efda3,True,location-k4-fold1-seed0,1
ar,CoPx_R,23,SS_vs_seasonal,0.41788249360572016,1265738,001dcee8e81efda3,True,location-k4-fold1-seed0,1
ar,CoPx_R,23,SS_vs_ar,5.008704562214916e-11,1265738,001dcee8e81efda3,True,location-k4-fold1-seed0,1
ar,CoPx_R,24,MSE,0.02010368233374226,1265738,001dcee8e81efda3,True,location-k4-fold1-seed0,1
ar,CoPx_R,24,MAE,0.10108488205709804,1265738,001dcee8e81efda3,True,location-k4-fold1-seed0,1
ar,CoPx_R,24,SS_vs_persistence,0.4138603048629531,1265738,001dcee8e81efda3,True,location-k4-fold1-seed0,1
ar,CoPx_R,24,SS_vs_seasonal,0.41988501863777616,1265738,001dcee8e81efda3,True,location-k4-fold1-seed0,1
ar,CoPx_R,24,SS_vs_ar,4.9742099328398126e-11,1265738,001dcee8e81efda3,True,location-k4-fold1-seed0,1
ar,CoPx_R,25,MSE,0.02014777499791304,1265738,001dcee8e81efda3,True,location-k4-fold1-seed0,1
ar,CoPx_R,25,MAE,0.10122126384783857,1265738,001dcee8e81efda3,True,location-k4-fold1-seed0,1
ar,CoPx_R,25,SS_vs_persistence,0.416541306986804,1265738,001dcee8e81efda3,True,location-k4-fold1-seed0,1
ar,CoPx_R,25,SS_vs_seasonal,0.41797408444430717,1265738,001dcee8e81efda3,True,location-k4-fold1-seed0,1
ar,CoPx_R,25,SS_vs_ar,4.96331864496824e-11,1265738,001dcee8e81efda3,True,location-k4-fold1-seed0,1
ar,CoPx_R,26,MSE,0.020226778387198822,1265738,001dcee8e81efda3,True,location-k4-fold1-seed0,1
ar,CoPx_R,26,MAE,0.10142878643670214,1265738,001dcee8e81efda3,True,location-k4-fold1-seed0,1
ar,CoPx_R,26,SS_vs_persistence,0.410355358380482,1265738,001dcee8e81efda3,True,location-k4-fold1-seed0,1
ar,CoPx_R,26,SS_vs_seasonal,0.4173917155646455,1265738,001dcee8e81efda3,True,location-k4-fold1-seed0,1
ar,CoPx_R,26,SS_vs_ar,4.9439341509582846e-11,1265738,001dcee8e81efda3,True,location-k4-fold1-seed0,1
ar,CoPx_R,27,MSE,0.020303988797118675,1265738,001dcee8e81efda3,True,location-k4-fold1-seed0,1
ar,CoPx_R,27,MAE,0.101689986408064,1265738,001dcee8e81efda3,True,location-k4-fold1-seed0,1
ar,CoPx_R,27,SS_vs_persistence,0.4272548159115388,1265738,001dcee8e81efda3,True,location-k4-fold1-seed0,1
ar,CoPx_R,27,SS_vs_seasonal,0.42830056110954706,1265738,001dcee8e81efda3,True,location-k4-fold1-seed0,1
ar,CoPx_R,27,SS_vs_ar,4.925138075151381e-11,1265738,001dcee8e81efda3,True,location-k4-fold1-seed0,1
ar,CoPx_R,28,MSE,0.02031740831108613,1265738,001dcee8e81efda3,True,location-k4-fold1-seed0,1
ar,CoPx_R,28,MAE,0.10170961731379419,1265738,001dcee8e81efda3,True,location-k4-fold1-seed0,1
ar,CoPx_R,28,SS_vs_persistence,0.42333491946699553,1265738,001dcee8e81efda3,True,location-k4-fold1-seed0,1
ar,CoPx_R,28,SS_vs_seasonal,0.4234879775784355,1265738,001dcee8e81efda3,True,location-k4-fold1-seed0,1
ar,CoPx_R,28,SS_vs_ar,4.921885121689229e-11,1265738,001dcee8e81efda3,True,location-k4-fold1-seed0,1
ar,CoPx_R,29,MSE,0.020389736703217417,1265738,001dcee8e81efda3,True,location-k4-fold1-seed0,1
ar,CoPx_R,29,MAE,0.10191144501612485,1265738,001dcee8e81efda3,True,location-k4-fold1-seed0,1
ar,CoPx_R,29,SS_vs_persistence,0.42441599597229174,1265738,001dcee8e81efda3,True,location-k4-fold1-seed0,1
ar,CoPx_R,29,SS_vs_seasonal,0.42571011405210757,1265738,001dcee8e81efda3,True,location-k4-fold1-seed0,1
ar,CoPx_R,29,SS_vs_ar,4.904421313511875e-11,1265738,001dcee8e81efda3,True,location-k4-fold1-seed0,1
ar,CoPx_R,30,MSE,0.020405224046520263,1265738,001dcee8e81efda3,True,location-k4-fold1-seed0,1
ar,CoPx_R,30,MAE,0.10195072548478581,1265738,001dcee8e81efda3,True,location-k4-fold1-seed0,1
ar,CoPx_R,30,SS_vs_persistence,0.4278085361810944,1265738,001dcee8e81efda3,True,location-k4-fold1-seed0,1
ar,CoPx_R,30,SS_vs_seasonal,0.42755650203591733,1265738,001dcee8e81efda3,True,location-k4-fold1-seed0,1
ar,CoPx_R,30,SS_vs_ar,4.900702066379381e-11,1265738,001dcee8e81efda3,True,location-k4-fold1-seed0,1
ar,CoPx_R,all,MSE,0.018522320303547196,1265738,001dcee8e81efda3,True,location-k4-fold1-seed0,1
ar,CoPx_R,all,MAE,0.09636951267364657,1265738,001dcee8e81efda3,True,location-k4-fold1-seed0,1
ar,CoPx_R,all,SS_vs_persistence,0.4028693839538252,1265738,001dcee8e81efda3,True,location-k4-fold1-seed0,1
ar,CoPx_R,all,SS_vs_seasonal,0.4126686378055433,1265738,001dcee8e81efda3,True,location-k4-fold1-seed0,1
ar,CoPx_R,all,SS_vs_ar,5.398881341989181e-11,1265738,001dcee8e81efda3,True,location-k4-fold1-seed0,1
ar,CoPy_R,1,MSE,0.019873732974809755,1265738,001dcee8e81efda3,True,location-k4-fold1-seed0,1
ar,CoPy_R,1,MAE,0.10594120081570257,1265738,001dcee8e81efda3,True,location-k4-fold1-seed0,1
ar,CoPy_R,1,SS_vs_persistence,0.39740028428693186,1265738,001dcee8e81efda3,True,location-k4-fold1-seed0,1
ar,CoPy_R,1,SS_vs_seasonal,0.4342449525936619,1265738,001dcee8e81efda3,True,location-k4-fold1-seed0,1
ar,CoPy_R,1,SS_vs_ar,5.031763894436381e-11,1265738,001dcee8e81efda3,True,location-k4-fold1-seed0,1
ar,CoPy_R,2,MSE,0.02091796372961738,1265738,001dcee8e81efda3,True,location-k4-fold1-seed0,1
ar,CoPy_R,2,MAE,0.10895688664845456,1265738,001dcee8e81efda3,True,location-k4-fold1-seed0,1
ar,CoPy_R,2,SS_vs_persistence,0.4422202114722902,1265738,001dcee8e81efda3,True,location-k4-fold1-seed0,1
ar,CoPy_R,2,SS_vs_seasonal,0.45653112822797837,1265738,001dcee8e81efda3,True,location-k4-fold1-seed0,1
ar,CoPy_R,2,SS_vs_ar,4.780575935114939e-11,1265738,001dcee8e81efda3,True,location-k4-fold1-seed0,1
ar,CoPy_R,3,MSE,0.0213097900728725,1265738,001dcee8e81efda3,True,location-k4-fold1-seed0,1
ar,CoPy_R,3,MAE,0.11004630115231634,1265738,001dcee8e81efda3,True,location-k4-fold1-seed0,1
ar,CoPy_R,3,SS_vs_persistence,0.47031462009503056,1265738,001dcee8e81efda3,True,location-k4-fold1-seed0,1
ar,CoPy_R,3,SS_vs_seasonal,0.468215207912823,1265738,001dcee8e81efda3,True,location-k4-fold1-seed0,1
ar,CoPy_R,3,SS_vs_ar,4.692668476025119e-11,1265738,001dcee8e81efda3,True,location-k4-fold1-seed0,1
ar,CoPy_R,4,MSE,0.02151749528799227,1265738,001dcee8e81efda3,True,location-k4-fold1-seed0,1
ar,CoPy_R,4,MAE,0.1105582537916101,1265738,001dcee8e81efda3,True,location-k4-fold1-seed0,1
ar,CoPy_R,4,SS_vs_persistence,0.464206828041285,1265738,001dcee8e81efda3,True,location-k4-fold1-seed0,1
ar,CoPy_R,4,SS_vs_seasonal,0.46000483596620156,1265738,001dcee8e81efda3,True,location-k4-fold1-seed0,1
ar,CoPy_R,4,SS_vs_ar,4.647371376620413e-11,1265738,001dcee8e81efda3,True,location-k4-fold1-seed0,1
ar,CoPy_R,5,MSE,0.021766315739327254,1265738,001dcee8e81efda3,True,location-k4-fold1-seed0,1
ar,CoPy_R,5,MAE,0.11120725065621227,1265738,001dcee8e81efda3,True,location-k4-fold1-seed0,1
ar,CoPy_R,5,SS_vs_persistence,0.480713710156606,1265738,001dcee8e81efda3,True,location-k4-fold1-seed0,1
ar,CoPy_R,5,SS_vs_seasonal,0.4720580573533705,1265738,001dcee8e81efda3,True,location-k4-fold1-seed0,1
ar,CoPy_R,5,SS_vs_ar,4.594247204892099e-11,1265738,001dcee8e81efda3,True,location-k4-fold1-seed0,1
ar,CoPy_R,6,MSE,0.02182214669419526,1265738,001dcee8e81efda3,True,location-k4-fold1-seed0,1
ar,CoPy_R,6,MAE,0.1113455176665163,1265738,001dcee8e81efda3,True,location-k4-fold1-seed0,1
ar,CoPy_R,6,SS_vs_persistence,0.44914838444106564,1265738,001dcee8e81efda3,True,location-k4-fold1-seed0,1
ar,CoPy_R,6,SS_vs_seasonal,0.4479827709353478,1265738,001dcee8e81efda3,True,location-k4-fold1-seed0,1
ar,CoPy_R,6,SS_vs_ar,4.5824899430613186e-11,1265738,001dcee8e81efda3,True,location-k4-fold1-seed0,1
ar,CoPy_R,7,MSE,0.022052159883911217,1265738,001dcee8e81efda3,True,location-k4-fold1-seed0,1
ar,CoPy_R,7,MAE,0.11198585272365293,1265738,001dcee8e81efda3,True,location-k4-fold1-seed0,1
ar,CoPy_R,7,SS_vs_persistence,0.4517988207014969,1265738,001dcee8e81efda3,True,location-k4-fold1-seed0,1
ar,CoPy_R,7,SS_vs_seasonal,0.45396778323257037,1265738,001dcee8e81efda3,True,location-k4-fold1-seed0,1
ar,CoPy_R,7,SS_vs_ar,4.5346948418512056e-11,1265738,001dcee8e81efda3,True,location-k4-fold1-seed0,1
ar,CoPy_R,8,MSE,0.02217851552341365,1265738,001dcee8e81efda3,True,location-k4-fold1-seed0,1
ar,CoPy_R,8,MAE,0.11228493996729304,1265738,001dcee8e81efda3,True,location-k4-fold1-seed0,1
ar,CoPy_R,8,SS_vs_persistence,0.43230210787014944,1265738,001dcee8e81efda3,True,location-k4-fold1-seed0,1
ar,CoPy_R,8,SS_vs_seasonal,0.44361982309566517,1265738,001dcee8e81efda3,True,location-k4-fold1-seed0,1
ar,CoPy_R,8,SS_vs_ar,4.508859952068178e-11,1265738,001dcee8e81efda3,True,location-k4-fold1-seed0,1
ar,CoPy_R,9,MSE,0.022386499421479945,1265738,001dcee8e81efda3,True,location-k4-fold1-seed0,1
ar,CoPy_R,9,MAE,0.11283168368394547,1265738,001dcee8e81efda3,True,location-k4-fold1-seed0,1
ar,CoPy_R,9,SS_vs_persistence,0.4315150986829176,1265738,001dcee8e81efda3,True,location-k4-fold1-seed0,1
ar,CoPy_R,9,SS_vs_seasonal,0.44196113269624737,1265738,001dcee8e81efda3,True,location-k4-fold1-seed0,1
ar,CoPy_R,9,SS_vs_ar,4.466971237349071e-11,1265738,001dcee8e81efda3,True,location-k4-fold1-seed0,1
ar,CoPy_R,10,MSE,0.022673607160947427,1265738,001dcee8e81efda3,True,location-k4-fold1-seed0,1
ar,CoPy_R,10,MAE,0.11359141051029396,1265738,001dcee8e81efda3,True,location-k4-fold1-seed0,1
ar,CoPy_R,10,SS_vs_persistence,0.43940880821789585,1265738,001dcee8e81efda3,True,location-k4-fold1-seed0,1
ar,CoPy_R,10,SS_vs_seasonal,0.4403410645207442,1265738,001dcee8e81efda3,True,location-k4-fold1-seed0,1
ar,CoPy_R,10,SS_vs_ar,4.4104053742444194e-11,1265738,001dcee8e81efda3,True,location-k4-fold1-seed0,1
ar,CoPy_R,11,MSE,0.02292310595038132,1265738,001dcee8e81efda3,True,location-k4-fold1-seed0,1
ar,CoPy_R,11,MAE,0.11419981768452889,1265738,001dcee8e81efda3,True,location-k4-fold1-seed0,1
ar,CoPy_R,11,SS_vs_persistence,0.4625406260002771,1265738,001dcee8e81efda3,True,location-k4-fold1-seed0,1
ar,CoPy_R,11,SS_vs_seasonal,0.469104191211295,1265738,001dcee8e81efda3,True,location-k4-fold1-seed0,1
ar,CoPy_R,11,SS_vs_ar,4.362410432889874e-11,1265738,001dcee8e81efda3,True,location-k4-fold1-seed0,1
ar,CoPy_R,12,MSE,0.023053283907387968,1265738,001dcee8e81efda3,True,location-k4-fold1-seed0,1
ar,CoPy_R,12,MAE,0.11455752332766377,1265738,001dcee8e81efda3,True,location-k4-fold1-seed0,1
ar,CoPy_R,12,SS_vs_persistence,0.46619648348631293,1265738,001dcee8e81efda3,True,location-k4-fold1-seed0,1
ar,CoPy_R,12,SS_vs_seasonal,0.46825951652942044,1265738,001dcee8e81efda3,True,location-k4-fold1-seed0,1
ar,CoPy_R,12,SS_vs_ar,4.3377745839734416e-11,1265738,001dcee8e81efda3,True,location-k4-fold1-seed0,1
ar,CoPy_R,13,MSE,0.023192945677608635,1265738,001dcee8e81efda3,True,location-k4-fold1-seed0,1
ar,CoPy_R,13,MAE,0.11489045202468809,1265738,001dcee8e81efda3,True,location-k4-fold1-seed0,1
ar,CoPy_R,13,SS_vs_persistence,0.472442027556098,1265738,001dcee8e81efda3,True,location-k4-fold1-seed0,1
ar,CoPy_R,13,SS_vs_seasonal,0.4710228667798593,1265738,001dcee8e81efda3,True,location-k4-fold1-seed0,1
ar,CoPy_R,13,SS_vs_ar,4.311651036204012e-11,1265738,001dcee8e81efda3,True,location-k4-fold1-seed0,1
ar,CoPy_R,14,MSE,0.023158052370050357,1265738,001dcee8e81efda3,True,location-k4-fold1-seed0,1
ar,CoPy_R,14,MAE,0.11478922253229086,1265738,001dcee8e81efda3,True,location-k4-fold1-seed0,1
ar,CoPy_R,14,SS_vs_persistence,0.4542728724147034,1265738,001dcee8e81efda3,True,location-k4-fold1-seed0,1
ar,CoPy_R,14,SS_vs_seasonal,0.4598842569305307,1265738,001dcee8e81efda3,True,location-k4-fold1-seed0,1
ar,CoPy_R,14,SS_vs_ar,4.318145840898069e-11,1265738,001dcee8e81efda3,True,location-k4-fold1-seed0,1
ar,CoPy_R,15,MSE,0.02317233950070631,1265738,001dcee8e81efda3,True,location-k4-fold1-seed0,1
ar,CoPy_R,15,MAE,0.11481681906650054,1265738,001dcee8e81efda3,True,location-k4-fold1-seed0,1
ar,CoPy_R,15,SS_vs_persistence,0.44309045847770967,1265738,001dcee8e81efda3,True,location-k4-fold1-seed0,1
ar,CoPy_R,15,SS_vs_seasonal,0.4542935840315596,1265738,001dcee8e81efda3,True,location-k4-fold1-seed0,1
ar,CoPy_R,15,SS_vs_ar,4.3154813056389685e-11,1265738,001dcee8e81efda3,True,location-k4-fold1-seed0,1
ar,CoPy_R,16,MSE,0.023316033092946335,1265738,001dcee8e81efda3,True,location-k4-fold1-seed0,1
ar,CoPy_R,16,MAE,0.11515037917360853,1265738,001dcee8e81efda3,True,location-k4-fold1-seed0,1
ar,CoPy_R,16,SS_vs_persistence,0.4445408589283725,1265738,001dcee8e81efda3,True,location-k4-fold1-seed0,1
ar,CoPy_R,16,SS_vs_seasonal,0.45186334325126853,1265738,001dcee8e81efda3,True,location-k4-fold1-seed0,1
ar,CoPy_R,16,SS_vs_ar,4.288891464199196e-11,1265738,001dcee8e81efda3,True,location-k4-fold1-seed0,1
ar,CoPy_R,17,MSE,0.023480448864281495,1265738,001dcee8e81efda3,True,location-k4-fold1-seed0,1
ar,CoPy_R,17,MAE,0.1156182342396032,1265738,001dcee8e81efda3,True,location-k4-fold1-seed0,1
ar,CoPy_R,17,SS_vs_persistence,0.4484124159224173,1265738,001dcee8e81efda3,True,location-k4-fold1-seed0,1
ar,CoPy_R,17,SS_vs_seasonal,0.4587028706098326,1265738,001dcee8e81efda3,True,location-k4-fold1-seed0,1
ar,CoPy_R,17,SS_vs_ar,4.2588599313830855e-11,1265738,001dcee8e81efda3,True,location-k4-fold1-seed0,1
ar,CoPy_R,18,MSE,0.023630856620308505,1265738,001dcee8e81efda3,True,location-k4-fold1-seed0,1
ar,CoPy_R,18,MAE,0.1159509667585675,1265738,001dcee8e81efda3,True,location-k4-fold1-seed0,1
ar,CoPy_R,18,SS_vs_persistence,0.45403057510305256,1265738,001dcee8e81efda3,True,location-k4-fold1-seed0,1
ar,CoPy_R,18,SS_vs_seasonal,0.45621136015261454,1265738,001dcee8e81efda3,True,location-k4-fold1-seed0,1
ar,CoPy_R,18,SS_vs_ar,4.231748285121739e-11,1265738,001dcee8e81efda3,True,location-k4-fold1-seed0,1
ar,CoPy_R,19,MSE,0.02374416138034992,1265738,001dcee8e81efda3,True,location-k4-fold1-seed0,1
ar,CoPy_R,19,MAE,0.11621770326602253,1265738,001dcee8e81efda3,True,location-k4-fold1-seed0,1
ar,CoPy_R,19,SS_vs_persistence,0.4560747684186799,1265738,001dcee8e81efda3,True,location-k4-fold1-seed0,1
ar,CoPy_R,19,SS_vs_seasonal,0.4575162649112057,1265738,001dcee8e81efda3,True,location-k4-fold1-seed0,1
ar,CoPy_R,19,SS_vs_ar,4.2115533283038076e-11,1265738,001dcee8e81efda3,True,location-k4-fold1-seed0,1
ar,CoPy_R,20,MSE,0.02380688449597241,1265738,001dcee8e81efda3,True,location-k4-fold1-seed0,1
ar,CoPy_R,20,MAE,0.11636224585797193,1265738,001dcee8e81efda3,True,location-k4-fold1-seed0,1
ar,CoPy_R,20,SS_vs_persistence,0.4618803308774032,1265738,001dcee8e81efda3,True,location-k4-fold1-seed0,1
ar,CoPy_R,20,SS_vs_seasonal,0.46148756963162874,1265738,001dcee8e81efda3,True,location-k4-fold1-seed0,1
ar,CoPy_R,20,SS_vs_ar,4.200462200287802e-11,1265738,001dcee8e81efda3,True,location-k4-fold1-seed0,1
ar,CoPy_R,21,MSE,0.02383543695944004,1265738,001dcee8e81efda3,True,location-k4-fold1-seed0,1
ar,CoPy_R,21,MAE,0.11644913034971117,1265738,001dcee8e81efda3,True,location-k4-fold1-seed0,1
ar,CoPy_R,21,SS_vs_persistence,0.4635773011651271,1265738,001dcee8e81efda3,True,location-k4-fold1-seed0,1
ar,CoPy_R,21,SS_vs_seasonal,0.462841537454287,1265738,001dcee8e81efda3,True,location-k4-fold1-seed0,1
ar,CoPy_R,21,SS_vs_ar,4.19543288998625e-11,1265738,001dcee8e81efda3,True,location-k4-fold1-seed0,1
ar,CoPy_R,22,MSE,0.023867035221996496,1265738,001dcee8e81efda3,True,location-k4-fold1-seed0,1
ar,CoPy_R,22,MAE,0.11651875464170652,1265738,001dcee8e81efda3,True,location-k4-fold1-seed0,1
ar,CoPy_R,22,SS_vs_persistence,0.4512382893438466,1265738,001dcee8e81efda3,True,location-k4-fold1-seed0,1
ar,CoPy_R,22,SS_vs_seasonal,0.45372872070726944,1265738,001dcee8e81efda3,True,location-k4-fold1-seed0,1
ar,CoPy_R,22,SS_vs_ar,4.189870672632878e-11,1265738,001dcee8e81efda3,True,location-k4-fold1-seed0,1
ar,CoPy_R,23,MSE,0.023865525770491346,1265738,001dcee8e81efda3,True,location-k4-fold1-seed0,1
ar,CoPy_R,23,MAE,0.11652053137666135,1265738,001dcee8e81efda3,True,location-k4-fold1-seed0,1
ar,CoPy_R,23,SS_vs_persistence,0.4432382063680885,1265738,001dcee8e81efda3,True,location-k4-fold1-seed0,1
ar,CoPy_R,23,SS_vs_seasonal,0.4531008359348516,1265738,001dcee8e81efda3,True,location-k4-fold1-seed0,1
ar,CoPy_R,23,SS_vs_ar,4.190137126158788e-11,1265738,001dcee8e81efda3,True,location-k4-fold1-seed0,1
ar,CoPy_R,24,MSE,0.023929726181952545,1265738,001dcee8e81efda3,True,location-k4-fold1-seed0,1
ar,CoPy_R,24,MAE,0.11667303074052317,1265738,001dcee8e81efda3,True,location-k4-fold1-seed0,1
ar,CoPy_R,24,SS_vs_persistence,0.4338082658953387,1265738,001dcee8e81efda3,True,location-k4-fold1-seed0,1
ar,CoPy_R,24,SS_vs_seasonal,0.44412471377778884,1265738,001dcee8e81efda3,True,location-k4-fold1-seed0,1
ar,CoPy_R,24,SS_vs_ar,4.178901669149582e-11,1265738,001dcee8e81efda3,True,location-k4-fold1-seed0,1
ar,CoPy_R,25,MSE,0.024116335578203314,1265738,001dcee8e81efda3,True,location-k4-fold1-seed0,1
ar,CoPy_R,25,MAE,0.11719184811565532,1265738,001dcee8e81efda3,True,location-k4-fold1-seed0,1
ar,CoPy_R,25,SS_vs_persistence,0.4473426889386155,1265738,001dcee8e81efda3,True,location-k4-fold1-seed0,1
ar,CoPy_R,25,SS_vs_seasonal,0.44946082533350185,1265738,001dcee8e81efda3,True,location-k4-fold1-seed0,1
ar,CoPy_R,25,SS_vs_ar,4.146560872442251e-11,1265738,001dcee8e81efda3,True,location-k4-fold1-seed0,1
ar,CoPy_R,26,MSE,0.024177597016498287,1265738,001dcee8e81efda3,True,location-k4-fold1-seed0,1
ar,CoPy_R,26,MAE,0.11735795982994798,1265738,001dcee8e81efda3,True,location-k4-fold1-seed0,1
ar,CoPy_R,26,SS_vs_persistence,0.4545075878547542,1265738,001dcee8e81efda3,True,location-k4-fold1-seed0,1
ar,CoPy_R,26,SS_vs_seasonal,0.45101968655516733,1265738,001dcee8e81efda3,True,location-k4-fold1-seed0,1
ar,CoPy_R,26,SS_vs_ar,4.136058162629297e-11,1265738,001dcee8e81efda3,True,location-k4-fold1-seed0,1
ar,CoPy_R,27,MSE,0.02427543778539712,1265738,001dcee8e81efda3,True,location-k4-fold1-seed0,1
ar,CoPy_R,27,MAE,0.11756954473531457,1265738,001dcee8e81efda3,True,location-k4-fold1-seed0,1
ar,CoPy_R,27,SS_vs_persistence,0.47281264020491964,1265738,001dcee8e81efda3,True,location-k4-fold1-seed0,1
ar,CoPy_R,27,SS_vs_seasonal,0.4624489500704776,1265738,001dcee8e81efda3,True,location-k4-fold1-seed0,1
ar,CoPy_R,27,SS_vs_ar,4.119382612799427e-11,1265738,001dcee8e81efda3,True,location-k4-fold1-seed0,1
ar,CoPy_R,28,MSE,0.024296587397776445,1265738,001dcee8e81efda3,True,location-k4-fold1-seed0,1
ar,CoPy_R,28,MAE,0.11758728516850173,1265738,001dcee8e81efda3,True,location-k4-fold1-seed0,1
ar,CoPy_R,28,SS_vs_persistence,0.47675459350645943,1265738,001dcee8e81efda3,True,location-k4-fold1-seed0,1
ar,CoPy_R,28,SS_vs_seasonal,0.4641762644627516,1265738,001dcee8e81efda3,True,location-k4-fold1-seed0,1
ar,CoPy_R,28,SS_vs_ar,4.115796592429888e-11,1265738,001dcee8e81efda3,True,location-k4-fold1-seed0,1
ar,CoPy_R,29,MSE,0.024311915347231816,1265738,001dcee8e81efda3,True,location-k4-fold1-seed0,1
ar,CoPy_R,29,MAE,0.1175933503606475,1265738,001dcee8e81efda3,True,location-k4-fold1-seed0,1
ar,CoPy_R,29,SS_vs_persistence,0.478378312074513,1265738,001dcee8e81efda3,True,location-k4-fold1-seed0,1
ar,CoPy_R,29,SS_vs_seasonal,0.4682427204861329,1265738,001dcee8e81efda3,True,location-k4-fold1-seed0,1
ar,CoPy_R,29,SS_vs_ar,4.113198670552265e-11,1265738,001dcee8e81efda3,True,location-k4-fold1-seed0,1
ar,CoPy_R,30,MSE,0.024286437604404132,1265738,001dcee8e81efda3,True,location-k4-fold1-seed0,1
ar,CoPy_R,30,MAE,0.11752198851063866,1265738,001dcee8e81efda3,True,location-k4-fold1-seed0,1
ar,CoPy_R,30,SS_vs_persistence,0.44020100077781765,1265738,001dcee8e81efda3,True,location-k4-fold1-seed0,1
ar,CoPy_R,30,SS_vs_seasonal,0.44020045902212046,1265738,001dcee8e81efda3,True,location-k4-fold1-seed0,1
ar,CoPy_R,30,SS_vs_ar,4.117517438118057e-11,1265738,001dcee8e81efda3,True,location-k4-fold1-seed0,1
ar,CoPy_R,all,MSE,0.023031484193629704,1265738,001dcee8e81efda3,True,location-k4-fold1-seed0,1
ar,CoPy_R,all,MAE,0.114410056109097,1265738,001dcee8e81efda3,True,location-k4-fold1-seed0,1
ar,CoPy_R,all,SS_vs_persistence,0.45362167875014825,1265738,001dcee8e81efda3,True,location-k4-fold1-seed0,1
ar,CoPy_R,all,SS_vs_seasonal,0.456144507625326,1265738,001dcee8e81efda3,True,location-k4-fold1-seed0,1
ar,CoPy_R,all,SS_vs_ar,4.341882409164555e-11,1265738,001dcee8e81efda3,True,location-k4-fold1-seed0,1
prob_gru,F_R,1,MSE,211654.6751440282,1297860,001dcee8e81efda3,True,location-k4-fold1-seed0,1
prob_gru,F_R,1,MAE,310.209381690321,1297860,001dcee8e81efda3,True,location-k4-fold1-seed0,1
prob_gru,F_R,1,SS_vs_persistence,0.30488465023958355,1297860,001dcee8e81efda3,True,location-k4-fold1-seed0,1
prob_gru,F_R,1,SS_vs_seasonal,0.33229045124924805,1297860,001dcee8e81efda3,True,location-k4-fold1-seed0,1
prob_gru,F_R,1,SS_vs_ar,-0.039254759635706904,1297860,001dcee8e81efda3,True,location-k4-fold1-seed0,1
prob_gru,F_R,2,MSE,218063.08681612645,1297860,001dcee8e81efda3,True,location-k4-fold1-seed0,1
prob_gru,F_R,2,MAE,315.28322681252683,1297860,001dcee8e81efda3,True,location-k4-fold1-seed0,1
prob_gru,F_R,2,SS_vs_persistence,0.37841740971684446,1297860,001dcee8e81efda3,True,location-k4-fold1-seed0,1
prob_gru,F_R,2,SS_vs_seasonal,0.39257205644729953,1297860,001dcee8e81efda3,True,location-k4-fold1-seed0,1
prob_gru,F_R,2,SS_vs_ar,0.011505592476723892,1297860,001dcee8e81efda3,True,location-k4-fold1-seed0,1
prob_gru,F_R,3,MSE,222814.37141607952,1297860,001dcee8e81efda3,True,location-k4-fold1-seed0,1
prob_gru,F_R,3,MAE,319.91661970684106,1297860,001dcee8e81efda3,True,location-k4-fold1-seed0,1
prob_gru,F_R,3,SS_vs_persistence,0.3898935762931153,1297860,001dcee8e81efda3,True,location-k4-fold1-seed0,1
prob_gru,F_R,3,SS_vs_seasonal,0.39983160549249064,1297860,001dcee8e81efda3,True,location-k4-fold1-seed0,1
prob_gru,F_R,3,SS_vs_ar,0.021104065097285685,1297860,001dcee8e81efda3,True,location-k4-fold1-seed0,1
prob_gru,F_R,4,MSE,226804.18956480126,1297860,001dcee8e81efda3,True,location-k4-fold1-seed0,1
prob_gru,F_R,4,MAE,323.73749149928824,1297860,001dcee8e81efda3,True,location-k4-fold1-seed0,1
prob_gru,F_R,4,SS_vs_persistence,0.39217154718609104,1297860,001dcee8e81efda3,True,location-k4-fold1-seed0,1
prob_gru,F_R,4,SS_vs_seasonal,0.40045342181912813,1297860,001dcee8e81efda3,True,location-k4-fold1-seed0,1
prob_gru,F_R,4,SS_vs_ar,0.028205825417829233,1297860,001dcee8e81efda3,True,location-k4-fold1-seed0,1
prob_gru,F_R,5,MSE,229797.86680275807,1297860,001dcee8e81efda3,True,location-k4-fold1-seed0,1
prob_gru,F_R,5,MAE,326.989508742189,1297860,001dcee8e81efda3,True,location-k4-fold1-seed0,1
prob_gru,F_R,5,SS_vs_persistence,0.41112433025734896,1297860,001dcee8e81efda3,True,location-k4-fold1-seed0,1
prob_gru,F_R,5,SS_vs_seasonal,0.41618652858538974,1297860,001dcee8e81efda3,True,location-k4-fold1-seed0,1
prob_gru,F_R,5,SS_vs_ar,0.03415491257712566,1297860,001dcee8e81efda3,True,location-k4-fold1-seed0,1
prob_gru,F_R,6,MSE,230461.15415561746,1297860,001dcee8e81efda3,True,location-k4-fold1-seed0,1
prob_gru,F_R,6,MAE,328.69901830627214,1297860,001dcee8e81efda3,True,location-k4-fold1-seed0,1
prob_gru,F_R,6,SS_vs_persistence,0.39204582838099733,1297860,001dcee8e81efda3,True,location-k4-fold1-seed0,1
prob_gru,F_R,6,SS_vs_seasonal,0.397217050705419,1297860,001dcee8e81efda3,True,location-k4-fold1-seed0,1
prob_gru,F_R,6,SS_vs_ar,0.037237144743906714,1297860,001dcee8e81efda3,True,location-k4-fold1-seed0,1
prob_gru,F_R,7,MSE,232223.0729095315,1297860,001dcee8e81efda3,True,location-k4-fold1-seed0,1
prob_gru,F_R,7,MAE,331.5649403781613,1297860,001dcee8e81efda3,True,location-k4-fold1-seed0,1
prob_gru,F_R,7,SS_vs_persistence,0.38538335350694086,1297860,001dcee8e81efda3,True,location-k4-fold1-seed0,1
prob_gru,F_R,7,SS_vs_seasonal,0.38821264291410595,1297860,001dcee8e81efda3,True,location-k4-fold1-seed0,1
prob_gru,F_R,7,SS_vs_ar,0.04080867063236082,1297860,001dcee8e81efda3,True,location-k4-fold1-seed0,1
prob_gru,F_R,8,MSE,236732.60288291043,1297860,001dcee8e81efda3,True,location-k4-fold1-seed0,1
prob_gru,F_R,8,MAE,335.2784823778293,1297860,001dcee8e81efda3,True,location-k4-fold1-seed0,1
prob_gru,F_R,8,SS_vs_persistence,0.3862634440997842,1297860,001dcee8e81efda3,True,location-k4-fold1-seed0,1
prob_gru,F_R,8,SS_vs_seasonal,0.3882232368209504,1297860,001dcee8e81efda3,True,location-k4-fold1-seed0,1
prob_gru,F_R,8,SS_vs_ar,0.04442919241840715,1297860,001dcee8e81efda3,True,location-k4-fold1-seed0,1
prob_gru,F_R,9,MSE,240550.2308430523,1297860,001dcee8e81efda3,True,location-k4-fold1-seed0,1
prob_gru,F_R,9,MAE,339.080184385694,1297860,001dcee8e81efda3,True,location-k4-fold1-seed0,1
prob_gru,F_R,9,SS_vs_persistence,0.3885862805452862,1297860,001dcee8e81efda3,True,location-k4-fold1-seed0,1
prob_gru,F_R,9,SS_vs_seasonal,0.3891660307354883,1297860,001dcee8e81efda3,True,location-k4-fold1-seed0,1
prob_gru,F_R,9,SS_vs_ar,0.046494582225753645,1297860,001dcee8e81efda3,True,location-k4-fold1-seed0,1
prob_gru,F_R,10,MSE,244278.79974088474,1297860,001dcee8e81efda3,True,location-k4-fold1-seed0,1
prob_gru,F_R,10,MAE,342.3506479869195,1297860,001dcee8e81efda3,True,location-k4-fold1-seed0,1
prob_gru,F_R,10,SS_vs_persistence,0.3713485956579323,1297860,001dcee8e81efda3,True,location-k4-fold1-seed0,1
prob_gru,F_R,10,SS_vs_seasonal,0.3733188719402315,1297860,001dcee8e81efda3,True,location-k4-fold1-seed0,1
prob_gru,F_R,10,SS_vs_ar,0.046135615088368165,1297860,001dcee8e81efda3,True,location-k4-fold1-seed0,1
prob_gru,F_R,11,MSE,249322.03641482288,1297860,001dcee8e81efda3,True,location-k4-fold1-seed0,1
prob_gru,F_R,11,MAE,346.38080674301847,1297860,001dcee8e81efda3,True,location-k4-fold1-seed0,1
prob_gru,F_R,11,SS_vs_persistence,0.39017489684553874,1297860,001dcee8e81efda3,True,location-k4-fold1-seed0,1
prob_gru,F_R,11,SS_vs_seasonal,0.3968382208357677,1297860,001dcee8e81efda3,True,location-k4-fold1-seed0,1
prob_gru,F_R,11,SS_vs_ar,0.04854600980463297,1297860,001dcee8e81efda3,True,location-k4-fold1-seed0,1
prob_gru,F_R,12,MSE,253376.87026625843,1297860,001dcee8e81efda3,True,location-k4-fold1-seed0,1
prob_gru,F_R,12,MAE,349.2677346427693,1297860,001dcee8e81efda3,True,location-k4-fold1-seed0,1
prob_gru,F_R,12,SS_vs_persistence,0.39736278770309674,1297860,001dcee8e81efda3,True,location-k4-fold1-seed0,1
prob_gru,F_R,12,SS_vs_seasonal,0.400118095319416,1297860,001dcee8e81efda3,True,location-k4-fold1-seed0,1
prob_gru,F_R,12,SS_vs_ar,0.049168513310455575,1297860,001dcee8e81efda3,True,location-k4-fold1-seed0,1
prob_gru,F_R,13,MSE,256251.1105307934,1297860,001dcee8e81efda3,True,location-k4-fold1-seed0,1
prob_gru,F_R,13,MAE,351.062040951378,1297860,001dcee8e81efda3,True,location-k4-fold1-seed0,1
prob_gru,F_R,13,SS_vs_persistence,0.39217949209469594,1297860,001dcee8e81efda3,True,location-k4-fold1-seed0,1
prob_gru,F_R,13,SS_vs_seasonal,0.39530190683455946,1297860,001dcee8e81efda3,True,location-k4-fold1-seed0,1
prob_gru,F_R,13,SS_vs_ar,0.04903593832944797,1297860,001dcee8e81efda3,True,location-k4-fold1-seed0,1
prob_gru,F_R,14,MSE,257456.4680402113,1297860,001dcee8e81efda3,True,location-k4-fold1-seed0,1
prob_gru,F_R,14,MAE,352.6772790389212,1297860,001dcee8e81efda3,True,location-k4-fold1-seed0,1
prob_gru,F_R,14,SS_vs_persistence,0.3851679456669045,1297860,001dcee8e81efda3,True,location-k4-fold1-seed0,1
prob_gru,F_R,14,SS_vs_seasonal,0.38914753538439095,1297860,001dcee8e81efda3,True,location-k4-fold1-seed0,1
prob_gru,F_R,14,SS_vs_ar,0.0486917056485453,1297860,001dcee8e81efda3,True,location-k4-fold1-seed0,1
prob_gru,F_R,15,MSE,258589.53787102774,1297860,001dcee8e81efda3,True,location-k4-fold1-seed0,1
prob_gru,F_R,15,MAE,354.68938997692123,1297860,001dcee8e81efda3,True,location-k4-fold1-seed0,1
prob_gru,F_R,15,SS_vs_persistence,0.3807535483085197,1297860,001dcee8e81efda3,True,location-k4-fold1-seed0,1
prob_gru,F_R,15,SS_vs_seasonal,0.3829565631477678,1297860,001dcee8e81efda3,True,location-k4-fold1-seed0,1
prob_gru,F_R,15,SS_vs_ar,0.047469930340658384,1297860,001dcee8e81efda3,True,location-k4-fold1-seed0,1
prob_gru,F_R,16,MSE,265295.84693826176,1297860,001dcee8e81efda3,True,location-k4-fold1-seed0,1
prob_gru,F_R,16,MAE,358.57761525435797,1297860,001dcee8e81efda3,True,location-k4-fold1-seed0,1
prob_gru,F_R,16,SS_vs_persistence,0.3863733530445028,1297860,001dcee8e81efda3,True,location-k4-fold1-seed0,1
prob_gru,F_R,16,SS_vs_seasonal,0.387292701104226,1297860,001dcee8e81efda3,True,location-k4-fold1-seed0,1
prob_gru,F_R,16,SS_vs_ar,0.049517144245539435,1297860,001dcee8e81efda3,True,location-k4-fold1-seed0,1
prob_gru,F_R,17,MSE,269070.9406344604,1297860,001dcee8e81efda3,True,location-k4-fold1-seed0,1
prob_gru,F_R,17,MAE,360.97868184274836,1297860,001dcee8e81efda3,True,location-k4-fold1-seed0,1
prob_gru,F_R,17,SS_vs_persistence,0.38058331709285664,1297860,001dcee8e81efda3,True,location-k4-fold1-seed0,1
prob_gru,F_R,17,SS_vs_seasonal,0.38193695666691685,1297860,001dcee8e81efda3,True,location-k4-fold1-seed0,1
prob_gru,F_R,17,SS_vs_ar,0.05031945335674037,1297860,001dcee8e81efda3,True,location-k4-fold1-seed0,1
prob_gru,F_R,18,MSE,270665.0470856779,1297860,001dcee8e81efda3,True,location-k4-fold1-seed0,1
prob_gru,F_R,18,MAE,362.91336250864435,1297860,001dcee8e81efda3,True,location-k4-fold1-seed0,1
prob_gru,F_R,18,SS_vs_persistence,0.3788936033593625,1297860,001dcee8e81efda3,True,location-k4-fold1-seed0,1
prob_gru,F_R,18,SS_vs_seasonal,0.37969317000085323,1297860,001dcee8e81efda3,True,location-k4-fold1-seed0,1
prob_gru,F_R,18,SS_vs_ar,0.0509981944632687,1297860,001dcee8e81efda3,True,location-k4-fold1-seed0,1
prob_gru,F_R,19,MSE,272664.6462470582,1297860,001dcee8e81efda3,True,location-k4-fold1-seed0,1
prob_gru,F_R,19,MAE,364.9973958646678,1297860,001dcee8e81efda3,True,location-k4-fold1-seed0,1
prob_gru,F_R,19,SS_vs_persistence,0.3832013223256322,1297860,001dcee8e81efda3,True,location-k4-fold1-seed0,1
prob_gru,F_R,19,SS_vs_seasonal,0.384952481036116,1297860,001dcee8e81efda3,True,location-k4-fold1-seed0,1
prob_gru,F_R,19,SS_vs_ar,0.050804745761891534,1297860,001dcee8e81efda3,True,location-k4-fold1-seed0,1
prob_gru,F_R,20,MSE,274471.69994263334,1297860,001dcee8e81efda3,True,location-k4-fold1-seed0,1
prob_gru,F_R,20,MAE,366.2450710433192,1297860,001dcee8e81efda3,True,location-k4-fold1-seed0,1
prob_gru,F_R,20,SS_vs_persistence,0.38486120561333537,1297860,001dcee8e81efda3,True,location-k4-fold1-seed0,1
prob_gru,F_R,20,SS_vs_seasonal,0.3863578788982984,1297860,001dcee8e81efda3,True,location-k4-fold1-seed0,1
prob_gru,F_R,20,SS_vs_ar,0.05320382651276434,1297860,001dcee8e81efda3,True,location-k4-fold1-seed0,1
prob_gru,F_R,21,MSE,275627.6435527539,1297860,001dcee8e81efda3,True,location-k4-fold1-seed0,1
prob_gru,F_R,21,MAE,367.2743688613289,1297860,001dcee8e81efda3,True,location-k4-fold1-seed0,1
prob_gru,F_R,21,SS_vs_persistence,0.3733599771819589,1297860,001dcee8e81efda3,True,location-k4-fold1-seed0,1
prob_gru,F_R,21,SS_vs_seasonal,0.37655688154878164,1297860,001dcee8e81efda3,True,location-k4-fold1-seed0,1
prob_gru,F_R,21,SS_vs_ar,0.05409810208804,1297860,001dcee8e81efda3,True,location-k4-fold1-seed0,1
prob_gru,F_R,22,MSE,276835.30122925824,1297860,001dcee8e81efda3,True,location-k4-fold1-seed0,1
prob_gru,F_R,22,MAE,369.1983167683337,1297860,001dcee8e81efda3,True,location-k4-fold1-seed0,1
prob_gru,F_R,22,SS_vs_persistence,0.38038880541488473,1297860,001dcee8e81efda3,True,location-k4-fold1-seed0,1
prob_gru,F_R,22,SS_vs_seasonal,0.38273619331355735,1297860,001dcee8e81efda3,True,location-k4-fold1-seed0,1
prob_gru,F_R,22,SS_vs_ar,0.055406654704603375,1297860,001dcee8e81efda3,True,location-k4-fold1-seed0,1
prob_gru,F_R,23,MSE,279395.46610123734,1297860,001dcee8e81efda3,True,location-k4-fold1-seed0,1
prob_gru,F_R,23,MAE,371.3792314532341,1297860,001dcee8e81efda3,True,location-k4-fold1-seed0,1
prob_gru,F_R,23,SS_vs_persistence,0.38118492256215986,1297860,001dcee8e81efda3,True,location-k4-fold1-seed0,1
prob_gru,F_R,23,SS_vs_seasonal,0.38333791685375407,1297860,001dcee8e81efda3,True,location-k4-fold1-seed0,1
prob_gru,F_R,23,SS_vs_ar,0.05617801948158396,1297860,001dcee8e81efda3,True,location-k4-fold1-seed0,1
prob_gru,F_R,24,MSE,282136.8947929012,1297860,001dcee8e81efda3,True,location-k4-fold1-seed0,1
prob_gru,F_R,24,MAE,373.34420113924017,1297860,001dcee8e81efda3,True,location-k4-fold1-seed0,1
prob_gru,F_R,24,SS_vs_persistence,0.37270312756493307,1297860,001dcee8e81efda3,True,location-k4-fold1-seed0,1
prob_gru,F_R,24,SS_vs_seasonal,0.373790898278639,1297860,001dcee8e81efda3,True,location-k4-fold1-seed0,1
prob_gru,F_R,24,SS_vs_ar,0.05743059331706313,1297860,001dcee8e81efda3,True,location-k4-fold1-seed0,1
prob_gru,F_R,25,MSE,286409.4967593681,1297860,001dcee8e81efda3,True,location-k4-fold1-seed0,1
prob_gru,F_R,25,MAE,375.89471708780655,1297860,001dcee8e81efda3,True,location-k4-fold1-seed0,1
prob_gru,F_R,25,SS_vs_persistence,0.3687904115134233,1297860,001dcee8e81efda3,True,location-k4-fold1-seed0,1
prob_gru,F_R,25,SS_vs_seasonal,0.3698715229275149,1297860,001dcee8e81efda3,True,location-k4-fold1-seed0,1
prob_gru,F_R,25,SS_vs_ar,0.05672105012167972,1297860,001dcee8e81efda3,True,location-k4-fold1-seed0,1
prob_gru,F_R,26,MSE,290456.436884077,1297860,001dcee8e81efda3,True,location-k4-fold1-seed0,1
prob_gru,F_R,26,MAE,378.79946752623425,1297860,001dcee8e81efda3,True,location-k4-fold1-seed0,1
prob_gru,F_R,26,SS_vs_persistence,0.3802567647420908,1297860,001dcee8e81efda3,True,location-k4-fold1-seed0,1
prob_gru,F_R,26,SS_vs_seasonal,0.3798188077245598,1297860,001dcee8e81efda3,True,location-k4-fold1-seed0,1
prob_gru,F_R,26,SS_vs_ar,0.05838923869144974,1297860,001dcee8e81efda3,True,location-k4-fold1-seed0,1
prob_gru,F_R,27,MSE,290302.127518076,1297860,001dcee8e81efda3,True,location-k4-fold1-seed0,1
prob_gru,F_R,27,MAE,379.6868298714353,1297860,001dcee8e81efda3,True,location-k4-fold1-seed0,1
prob_gru,F_R,27,SS_vs_persistence,0.3934476521353507,1297860,001dcee8e81efda3,True,location-k4-fold1-seed0,1
prob_gru,F_R,27,SS_vs_seasonal,0.3909754929052851,1297860,001dcee8e81efda3,True,location-k4-fold1-seed0,1
prob_gru,F_R,27,SS_vs_ar,0.0602443795501566,1297860,001dcee8e81efda3,True,location-k4-fold1-seed0,1
prob_gru,F_R,28,MSE,289870.34711424535,1297860,001dcee8e81efda3,True,location-k4-fold1-seed0,1
prob_gru,F_R,28,MAE,379.47377838369744,1297860,001dcee8e81efda3,True,location-k4-fold1-seed0,1
prob_gru,F_R,28,SS_vs_persistence,0.3873318698226942,1297860,001dcee8e81efda3,True,location-k4-fold1-seed0,1
prob_gru,F_R,28,SS_vs_seasonal,0.38671307726102977,1297860,001dcee8e81efda3,True,location-k4-fold1-seed0,1
prob_gru,F_R,28,SS_vs_ar,0.06103357957914757,1297860,001dcee8e81efda3,True,location-k4-fold1-seed0,1
prob_gru,F_R,29,MSE,288690.81813394825,1297860,001dcee8e81efda3,True,location-k4-fold1-seed0,1
prob_gru,F_R,29,MAE,379.7862042324973,1297860,001dcee8e81efda3,True,location-k4-fold1-seed0,1
prob_gru,F_R,29,SS_vs_persistence,0.3934385562454453,1297860,001dcee8e81efda3,True,location-k4-fold1-seed0,1
prob_gru,F_R,29,SS_vs_seasonal,0.3920577881865972,1297860,001dcee8e81efda3,True,location-k4-fold1-seed0,1
prob_gru,F_R,29,SS_vs_ar,0.06353413591653179,1297860,001dcee8e81efda3,True,location-k4-fold1-seed0,1
prob_gru,F_R,30,MSE,287433.6225220625,1297860,001dcee8e81efda3,True,location-k4-fold1-seed0,1
prob_gru,F_R,30,MAE,379.5809969109062,1297860,001dcee8e81efda3,True,location-k4-fold1-seed0,1
prob_gru,F_R,30,SS_vs_persistence,0.38136451827726414,1297860,001dcee8e81efda3,True,location-k4-fold1-seed0,1
prob_gru,F_R,30,SS_vs_seasonal,0.38126471660914885,1297860,001dcee8e81efda3,True,location-k4-fold1-seed0,1
prob_gru,F_R,30,SS_vs_ar,0.06587235480653442,1297860,001dcee8e81efda3,True,location-k4-fold1-seed0,1
prob_gru,F_R,all,MSE,258923.41362848796,1297860,001dcee8e81efda3,True,location-k4-fold1-seed0,1
prob_gru,F_R,all,MAE,353.1772330662457,1297860,001dcee8e81efda3,True,location-k4-fold1-seed0,1
prob_gru,F_R,all,SS_vs_persistence,0.3829840042120247,1297860,001dcee8e81efda3,True,location-k4-fold1-seed0,1
prob_gru,F_R,all,SS_vs_seasonal,0.38608665122325225,1297860,001dcee8e81efda3,True,location-k4-fold1-seed0,1
prob_gru,F_R,all,SS_vs_ar,0.04704912003900452,1297860,001dcee8e81efda3,True,location-k4-fold1-seed0,1
prob_gru,CoPx_R,1,MSE,0.0128621979128924,1265738,001dcee8e81efda3,True,location-k4-fold1-seed0,1
prob_gru,CoPx_R,1,MAE,0.08049404713239233,1265738,001dcee8e81efda3,True,location-k4-fold1-seed0,1
prob_gru,CoPx_R,1,SS_vs_persistence,0.3363327728526675,1265738,001dcee8e81efda3,True,location-k4-fold1-seed0,1
prob_gru,CoPx_R,1,SS_vs_seasonal,0.4368348338191529,1265738,001dcee8e81efda3,True,location-k4-fold1-seed0,1
prob_gru,CoPx_R,1,SS_vs_ar,-0.008402847716958206,1265738,001dcee8e81efda3,True,location-k4-fold1-seed0,1
prob_gru,CoPx_R,2,MSE,0.014127093925549478,1265738,001dcee8e81efda3,True,location-k4-fold1-seed0,1
prob_gru,CoPx_R,2,MAE,0.08428845371837249,1265738,001dcee8e81efda3,True,location-k4-fold1-seed0,1
prob_gru,CoPx_R,2,SS_vs_persistence,0.36915556893108137,1265738,001dcee8e81efda3,True,location-k4-fold1-seed0,1
prob_gru,CoPx_R,2,SS_vs_seasonal,0.4312916781719994,1265738,001dcee8e81efda3,True,location-k4-fold1-seed0,1
prob_gru,CoPx_R,2,SS_vs_ar,0.0035292063995623346,1265738,001dcee8e81efda3,True,location-k4-fold1-seed0,1
prob_gru,CoPx_R,3,MSE,0.014913149408139358,1265738,001dcee8e81efda3,True,location-k4-fold1-seed0,1
prob_gru,CoPx_R,3,MAE,0.08647708665450797,1265738,001dcee8e81efda3,True,location-k4-fold1-seed0,1
prob_gru,CoPx_R,3,SS_vs_persistence,0.3790697947641296,1265738,001dcee8e81efda3,True,location-k4-fold1-seed0,1
prob_gru,CoPx_R,3,SS_vs_seasonal,0.4224068153723519,1265738,001dcee8e81efda3,True,location-k4-fold1-seed0,1
prob_gru,CoPx_R,3,SS_vs_ar,0.012191830441419138,1265738,001dcee8e81efda3,True,location-k4-fold1-seed0,1
prob_gru,CoPx_R,4,MSE,0.015566406220699424,1265738,001dcee8e81efda3,True,location-k4-fold1-seed0,1
prob_gru,CoPx_R,4,MAE,0.08822511602015917,1265738,001dcee8e81efda3,True,location-k4-fold1-seed0,1
prob_gru,CoPx_R,4,SS_vs_persistence,0.3865089841356347,1265738,001dcee8e81efda3,True,location-k4-fold1-seed0,1
prob_gru,CoPx_R,4,SS_vs_seasonal,0.41446954527142865,1265738,001dcee8e81efda3,True,location-k4-fold1-seed0,1
prob_gru,CoPx_R,4,SS_vs_ar,0.013745437691560447,1265738,001dcee8e81efda3,True,location-k4-fold1-seed0,1
prob_gru,CoPx_R,5,MSE,0.0161576459946846,1265738,001dcee8e81efda3,True,location-k4-fold1-seed0,1
prob_gru,CoPx_R,5,MAE,0.08991978310967759,1265738,001dcee8e81efda3,True,location-k4-fold1-seed0,1
prob_gru,CoPx_R,5,SS_vs_persistence,0.40220279130770886,1265738,001dcee8e81efda3,True,location-k4-fold1-seed0,1
prob_gru,CoPx_R,5,SS_vs_seasonal,0.4166802501425767,1265738,001dcee8e81efda3,True,location-k4-fold1-seed0,1
prob_gru,CoPx_R,5,SS_vs_ar,0.016786119453018444,1265738,001dcee8e81efda3,True,location-k4-fold1-seed0,1
prob_gru,CoPx_R,6,MSE,0.016491484145163063,1265738,001dcee8e81efda3,True,location-k4-fold1-seed0,1
prob_gru,CoPx_R,6,MAE,0.09092068998143187,1265738,001dcee8e81efda3,True,location-k4-fold1-seed0,1
prob_gru,CoPx_R,6,SS_vs_persistence,0.377152888903047,1265738,001dcee8e81efda3,True,location-k4-fold1-seed0,1
prob_gru,CoPx_R,6,SS_vs_seasonal,0.40051672271355454,1265738,001dcee8e81efda3,True,location-k4-fold1-seed0,1
prob_gru,CoPx_R,6,SS_vs_ar,0.017345637071918052,1265738,001dcee8e81efda3,True,location-k4-fold1-seed0,1
prob_gru,CoPx_R,7,MSE,0.017043299485376393,1265738,001dcee8e81efda3,True,location-k4-fold1-seed0,1
prob_gru,CoPx_R,7,MAE,0.09247030640527332,1265738,001dcee8e81efda3,True,location-k4-fold1-seed0,1
prob_gru,CoPx_R,7,SS_vs_persistence,0.3984220498016203,1265738,001dcee8e81efda3,True,location-k4-fold1-seed0,1
prob_gru,CoPx_R,7,SS_vs_seasonal,0.40295989092678186,1265738,001dcee8e81efda3,True,location-k4-fold1-seed0,1
prob_gru,CoPx_R,7,SS_vs_ar,0.015052171360143696,1265738,001dcee8e81efda3,True,location-k4-fold1-seed0,1
prob_gru,CoPx_R,8,MSE,0.017278285435534495,1265738,001dcee8e81efda3,True,location-k4-fold1-seed0,1
prob_gru,CoPx_R,8,MAE,0.09312201740387999,1265738,001dcee8e81efda3,True,location-k4-fold1-seed0,1
prob_gru,CoPx_R,8,SS_vs_persistence,0.3949395584969453,1265738,001dcee8e81efda3,True,location-k4-fold1-seed0,1
prob_gru,CoPx_R,8,SS_vs_seasonal,0.39974451369567543,1265738,001dcee8e81efda3,True,location-k4-fold1-seed0,1
prob_gru,CoPx_R,8,SS_vs_ar,0.015102454218466788,1265738,001dcee8e81efda3,True,location-k4-fold1-seed0,1
prob_gru,CoPx_R,9,MSE,0.017638838800104435,1265738,001dcee8e81efda3,True,location-k4-fold1-seed0,1
prob_gru,CoPx_R,9,MAE,0.09413387513125743,1265738,001dcee8e81efda3,True,location-k4-fold1-seed0,1
prob_gru,CoPx_R,9,SS_vs_persistence,0.39244138287710306,1265738,001dcee8e81efda3,True,location-k4-fold1-seed0,1
prob_gru,CoPx_R,9,SS_vs_seasonal,0.39874081958960794,1265738,001dcee8e81efda3,True,location-k4-fold1-seed0,1
prob_gru,CoPx_R,9,SS_vs_ar,0.014410363143314564,1265738,001dcee8e81efda3,True,location-k4-fold1-seed0,1
prob_gru,CoPx_R,10,MSE,0.01796318013438827,1265738,001dcee8e81efda3,True,location-k4-fold1-seed0,1
prob_gru,CoPx_R,10,MAE,0.09507661495246082,1265738,001dcee8e81efda3,True,location-k4-fold1-seed0,1
prob_gru,CoPx_R,10,SS_vs_persistence,0.39324524158018814,1265738,001dcee8e81efda3,True,location-k4-fold1-seed0,1
prob_gru,CoPx_R,10,SS_vs_seasonal,0.3942168673963897,1265738,001dcee8e81efda3,True,location-k4-fold1-seed0,1
prob_gru,CoPx_R,10,SS_vs_ar,0.014449202821494533,1265738,001dcee8e81efda3,True,location-k4-fold1-seed0,1
prob_gru,CoPx_R,11,MSE,0.01824522466571647,1265738,001dcee8e81efda3,True,location-k4-fold1-seed0,1
prob_gru,CoPx_R,11,MAE,0.09587013859998786,1265738,001dcee8e81efda3,True,location-k4-fold1-seed0,1
prob_gru,CoPx_R,11,SS_vs_persistence,0.4086858089940143,1265738,001dcee8e81efda3,True,location-k4-fold1-seed0,1
prob_gru,CoPx_R,11,SS_vs_seasonal,0.4164195564161739,1265738,001dcee8e81efda3,True,location-k4-fold1-seed0,1
prob_gru,CoPx_R,11,SS_vs_ar,0.015058095760008827,1265738,001dcee8e81efda3,True,location-k4-fold1-seed0,1
prob_gru,CoPx_R,12,MSE,0.018450363519727866,1265738,001dcee8e81efda3,True,location-k4-fold1-seed0,1
prob_gru,CoPx_R,12,MAE,0.09648762872416851,1265738,001dcee8e81efda3,True,location-k4-fold1-seed0,1
prob_gru,CoPx_R,12,SS_vs_persistence,0.410812364091219,1265738,001dcee8e81efda3,True,location-k4-fold1-seed0,1
prob_gru,CoPx_R,12,SS_vs_seasonal,0.41692767383245977,1265738,001dcee8e81efda3,True,location-k4-fold1-seed0,1
prob_gru,CoPx_R,12,SS_vs_ar,0.015055349695862197,1265738,001dcee8e81efda3,True,location-k4-fold1-seed0,1
prob_gru,CoPx_R,13,MSE,0.018589253720309708,1265738,001dcee8e81efda3,True,location-k4-fold1-seed0,1
prob_gru,CoPx_R,13,MAE,0.09693243446777465,1265738,001dcee8e81efda3,True,location-k4-fold1-seed0,1
prob_gru,CoPx_R,13,SS_vs_persistence,0.417969361823891,1265738,001dcee8e81efda3,True,location-k4-fold1-seed0,1
prob_gru,CoPx_R,13,SS_vs_seasonal,0.42220672906243817,1265738,001dcee8e81efda3,True,location-k4-fold1-seed0,1
prob_gru,CoPx_R,13,SS_vs_ar,0.01649590073289886,1265738,001dcee8e81efda3,True,location-k4-fold1-seed0,1
prob_gru,CoPx_R,14,MSE,0.018690306213206772,1265738,001dcee8e81efda3,True,location-k4-fold1-seed0,1
prob_gru,CoPx_R,14,MAE,0.09717096733502205,1265738,001dcee8e81efda3,True,location-k4-fold1-seed0,1
prob_gru,CoPx_R,14,SS_vs_persistence,0.4035903097312402,1265738,001dcee8e81efda3,True,location-k4-fold1-seed0,1
prob_gru,CoPx_R,14,SS_vs_seasonal,0.40895114193675564,1265738,001dcee8e81efda3,True,location-k4-fold1-seed0,1
prob_gru,CoPx_R,14,SS_vs_ar,0.0163340688335476,1265738,001dcee8e81efda3,True,location-k4-fold1-seed0,1
prob_gru,CoPx_R,15,MSE,0.018869031184247525,1265738,001dcee8e81efda3,True,location-k4-fold1-seed0,1
prob_gru,CoPx_R,15,MAE,0.09783662018526294,1265738,001dcee8e81efda3,True,location-k4-fold1-seed0,1
prob_gru,CoPx_R,15,SS_vs_persistence,0.40448074930263256,1265738,001dcee8e81efda3,True,location-k4-fold1-seed0,1
prob_gru,CoPx_R,15,SS_vs_seasonal,0.41083853256540537,1265738,001dcee8e81efda3,True,location-k4-fold1-seed0,1
prob_gru,CoPx_R,15,SS_vs_ar,0.01605674378052535,1265738,001dcee8e81efda3,True,location-k4-fold1-seed0,1
prob_gru,CoPx_R,16,MSE,0.019063353778748075,1265738,001dcee8e81efda3,True,location-k4-fold1-seed0,1
prob_gru,CoPx_R,16,MAE,0.09838249542630291,1265738,001dcee8e81efda3,True,location-k4-fold1-seed0,1
prob_gru,CoPx_R,16,SS_vs_persistence,0.42269223339065776,1265738,001dcee8e81efda3,True,location-k4-fold1-seed0,1
prob_gru,CoPx_R,16,SS_vs_seasonal,0.41743257219938534,1265738,001dcee8e81efda3,True,location-k4-fold1-seed0,1
prob_gru,CoPx_R,16,SS_vs_ar,0.014685810799029753,1265738,001dcee8e81efda3,True,location-k4-fold1-seed0,1
prob_gru,CoPx_R,17,MSE,0.019146159876887767,1265738,001dcee8e81efda3,True,location-k4-fold1-seed0,1
prob_gru,CoPx_R,17,MAE,0.09869509241681754,1265738,001dcee8e81efda3,True,location-k4-fold1-seed0,1
prob_gru,CoPx_R,17,SS_vs_persistence,0.4177333663862005,1265738,001dcee8e81efda3,True,location-k4-fold1-seed0,1
prob_gru,CoPx_R,17,SS_vs_seasonal,0.4195743231712139,1265738,001dcee8e81efda3,True,location-k4-fold1-seed0,1
prob_gru,CoPx_R,17,SS_vs_ar,0.015443813228540715,1265738,001dcee8e81efda3,True,location-k4-fold1-seed0,1
prob_gru,CoPx_R,18,MSE,0.019259985103196427,1265738,001dcee8e81efda3,True,location-k4-fold1-seed0,1
prob_gru,CoPx_R,18,MAE,0.09904399485535517,1265738,001dcee8e81efda3,True,location-k4-fold1-seed0,1
prob_gru,CoPx_R,18,SS_vs_persistence,0.4230022077906287,1265738,001dcee8e81efda3,True,location-k4-fold1-seed0,1
prob_gru,CoPx_R,18,SS_vs_seasonal,0.4255524389931541,1265738,001dcee8e81efda3,True,location-k4-fold1-seed0,1
prob_gru,CoPx_R,18,SS_vs_ar,0.01544604354990009,1265738,001dcee8e81efda3,True,location-k4-fold1-seed0,1
prob_gru,CoPx_R,19,MSE,0.019351793884589,1265738,001dcee8e81efda3,True,location-k4-fold1-seed0,1
prob_gru,CoPx_R,19,MAE,0.09927021584412508,1265738,001dcee8e81efda3,True,location-k4-fold1-seed0,1
prob_gru,CoPx_R,19,SS_vs_persistence,0.42609104994055014,1265738,001dcee8e81efda3,True,location-k4-fold1-seed0,1
prob_gru,CoPx_R,19,SS_vs_seasonal,0.42677366900964575,1265738,001dcee8e81efda3,True,location-k4-fold1-seed0,1
prob_gru,CoPx_R,19,SS_vs_ar,0.016034695816737665,1265738,001dcee8e81efda3,True,location-k4-fold1-seed0,1
prob_gru,CoPx_R,20,MSE,0.019410668868948357,1265738,001dcee8e81efda3,True,location-k4-fold1-seed0,1
prob_gru,CoPx_R,20,MAE,0.09942104905952957,1265738,001dcee8e81efda3,True,location-k4-fold1-seed0,1
prob_gru,CoPx_R,20,SS_vs_persistence,0.4272860071903478,1265738,001dcee8e81efda3,True,location-k4-fold1-seed0,1
prob_gru,CoPx_R,20,SS_vs_seasonal,0.42605578132880606,1265738,001dcee8e81efda3,True,location-k4-fold1-seed0,1
prob_gru,CoPx_R,20,SS_vs_ar,0.016777007374574326,1265738,001dcee8e81efda3,True,location-k4-fold1-seed0,1
prob_gru,CoPx_R,21,MSE,0.01947249223836492,1265738,001dcee8e81efda3,True,location-k4-fold1-seed0,1
prob_gru,CoPx_R,21,MAE,0.09969564653573672,1265738,001dcee8e81efda3,True,location-k4-fold1-seed0,1
prob_gru,CoPx_R,21,SS_vs_persistence,0.4304827624341785,1265738,001dcee8e81efda3,True,location-k4-fold1-seed0,1
prob_gru,CoPx_R,21,SS_vs_seasonal,0.4346248220052036,1265738,001dcee8e81efda3,True,location-k4-fold1-seed0,1
prob_gru,CoPx_R,21,SS_vs_ar,0.017874939661680966,1265738,001dcee8e81efda3,True,location-k4-fold1-seed0,1
prob_gru,CoPx_R,22,MSE,0.019502194693678396,1265738,001dcee8e81efda3,True,location-k4-fold1-seed0,1
prob_gru,CoPx_R,22,MAE,0.0998402626223298,1265738,001dcee8e81efda3,True,location-k4-fold1-seed0,1
prob_gru,CoPx_R,22,SS_vs_persistence,0.4229036206269333,1265738,001dcee8e81efda3,True,location-k4-fold1-seed0,1
prob_gru,CoPx_R,22,SS_vs_seasonal,0.4310450327665156,1265738,001dcee8e81efda3,True,location-k4-fold1-seed0,1
prob_gru,CoPx_R,22,SS_vs_ar,0.018688510501799982,1265738,001dcee8e81efda3,True,location-k4-fold1-seed0,1
prob_gru,CoPx_R,23,MSE,0.019581688463771323,1265738,001dcee8e81efda3,True,location-k4-fold1-seed0,1
prob_gru,CoPx_R,23,MAE,0.10012906781295768,1265738,001dcee8e81efda3,True,location-k4-fold1-seed0,1
prob_gru,CoPx_R,23,SS_vs_persistence,0.41432369550450165,1265738,001dcee8e81efda3,True,location-k4-fold1-seed0,1
prob_gru,CoPx_R,23,SS_vs_seasonal,0.4290647520455544,1265738,001dcee8e81efda3,True,location-k4-fold1-seed0,1
prob_gru,CoPx_R,23,SS_vs_ar,0.019209624080360088,1265738,001dcee8e81efda3,True,location-k4-fold1-seed0,1
prob_gru,CoPx_R,24,MSE,0.01973133783235237,1265738,001dcee8e81efda3,True,location-k4-fold1-seed0,1
prob_gru,CoPx_R,24,MAE,0.1005513920354133,1265738,001dcee8e81efda3,True,location-k4-fold1-seed0,1
prob_gru,CoPx_R,24,SS_vs_persistence,0.42471632063695486,1265738,001dcee8e81efda3,True,location-k4-fold1-seed0,1
prob_gru,CoPx_R,24,SS_vs_seasonal,0.4306294494290239,1265738,001dcee8e81efda3,True,location-k4-fold1-seed0,1
prob_gru,CoPx_R,24,SS_vs_ar,0.01852120900987486,1265738,001dcee8e81efda3,True,location-k4-fold1-seed0,1
prob_gru,CoPx_R,25,MSE,0.019762015821632985,1265738,001dcee8e81efda3,True,location-k4-fold1-seed0,1
prob_gru,CoPx_R,25,MAE,0.1006551242920161,1265738,001dcee8e81efda3,True,location-k4-fold1-seed0,1
prob_gru,CoPx_R,25,SS_vs_persistence,0.42771249312688764,1265738,001dcee8e81efda3,True,location-k4-fold1-seed0,1
prob_gru,CoPx_R,25,SS_vs_seasonal,0.429117837924861,1265738,001dcee8e81efda3,True,location-k4-fold1-seed0,1
prob_gru,CoPx_R,25,SS_vs_ar,0.019146490235317115,1265738,001dcee8e81efda3,True,location-k4-fold1-seed0,1
prob_gru,CoPx_R,26,MSE,0.019842753066717005,1265738,001dcee8e81efda3,True,location-k4-fold1-seed0,1
prob_gru,CoPx_R,26,MAE,0.10079897352508074,1265738,001dcee8e81efda3,True,location-k4-fold1-seed0,1
prob_gru,CoPx_R,26,SS_vs_persistence,0.42155034297633,1265738,001dcee8e81efda3,True,location-k4-fold1-seed0,1
prob_gru,CoPx_R,26,SS_vs_seasonal,0.4284531079852619,1265738,001dcee8e81efda3,True,location-k4-fold1-seed0,1
prob_gru,CoPx_R,26,SS_vs_ar,0.01898598551442443,1265738,001dcee8e81efda3,True,location-k4-fold1-seed0,1
prob_gru,CoPx_R,27,MSE,0.01991911665558248,1265738,001dcee8e81efda3,True,location-k4-fold1-seed0,1
prob_gru,CoPx_R,27,MAE,0.10105435974437965,1265738,001dcee8e81efda3,True,location-k4-fold1-seed0,1
prob_gru,CoPx_R,27,SS_vs_persistence,0.43811148391688903,1265738,001dcee8e81efda3,True,location-k4-fold1-seed0,1
prob_gru,CoPx_R,27,SS_vs_seasonal,0.4391374064978796,1265738,001dcee8e81efda3,True,location-k4-fold1-seed0,1
prob_gru,CoPx_R,27,SS_vs_ar,0.0189554942313529,1265738,001dcee8e81efda3,True,location-k4-fold1-seed0,1
prob_gru,CoPx_R,28,MSE,0.01993229369150394,1265738,001dcee8e81efda3,True,location-k4-fold1-seed0,1
prob_gru,CoPx_R,28,MAE,0.10100430476547337,1265738,001dcee8e81efda3,True,location-k4-fold1-seed0,1
prob_gru,CoPx_R,28,SS_vs_persistence,0.4342655534196844,1265738,001dcee8e81efda3,True,location-k4-fold1-seed0,1
prob_gru,CoPx_R,28,SS_vs_seasonal,0.43441571032859605,1265738,001dcee8e81efda3,True,location-k4-fold1-seed0,1
prob_gru,CoPx_R,28,SS_vs_ar,0.018954908749513,1265738,001dcee8e81efda3,True,location-k4-fold1-seed0,1
prob_gru,CoPx_R,29,MSE,0.020015651576969547,1265738,001dcee8e81efda3,True,location-k4-fold1-seed0,1
prob_gru,CoPx_R,29,MAE,0.10116984310157225,1265738,001dcee8e81efda3,True,location-k4-fold1-seed0,1
prob_gru,CoPx_R,29,SS_vs_persistence,0.43497608401791044,1265738,001dcee8e81efda3,True,location-k4-fold1-seed0,1
prob_gru,CoPx_R,29,SS_vs_seasonal,0.43624645925433825,1265738,001dcee8e81efda3,True,location-k4-fold1-seed0,1
prob_gru,CoPx_R,29,SS_vs_ar,0.01834673653095742,1265738,001dcee8e81efda3,True,location-k4-fold1-seed0,1
prob_gru,CoPx_R,30,MSE,0.02003797182781488,1265738,001dcee8e81efda3,True,location-k4-fold1-seed0,1
prob_gru,CoPx_R,30,MAE,0.10118280744266892,1265738,001dcee8e81efda3,True,location-k4-fold1-seed0,1
prob_gru,CoPx_R,30,SS_vs_persistence,0.4381068100021852,1265738,001dcee8e81efda3,True,location-k4-fold1-seed0,1
prob_gru,CoPx_R,30,SS_vs_seasonal,0.43785931195515615,1265738,001dcee8e81efda3,True,location-k4-fold1-seed0,1
prob_gru,CoPx_R,30,SS_vs_ar,0.017997950860530243,1265738,001dcee8e81efda3,True,location-k4-fold1-seed0,1
prob_gru,CoPx_R,all,MSE,0.018230825205928128,1265738,001dcee8e81efda3,True,location-k4-fold1-seed0,1
prob_gru,CoPx_R,all,MAE,0.09601161803499922,1265738,001dcee8e81efda3,True,location-k4-fold1-seed0,1
prob_gru,CoPx_R,all,SS_vs_persistence,0.4122667296623097,1265738,001dcee8e81efda3,True,location-k4-fold1-seed0,1
prob_gru,CoPx_R,all,SS_vs_seasonal,0.4219117677132377,1265738,001dcee8e81efda3,True,location-k4-fold1-seed0,1
prob_gru,CoPx_R,all,SS_vs_ar,0.015737504471699748,1265738,001dcee8e81efda3,True,location-k4-fold1-seed0,1
prob_gru,CoPy_R,1,MSE,0.02050488875300158,1265738,001dcee8e81efda3,True,location-k4-fold1-seed0,1
prob_gru,CoPy_R,1,MAE,0.10795427068028651,1265738,001dcee8e81efda3,True,location-k4-fold1-seed0,1
prob_gru,CoPy_R,1,SS_vs_persistence,0.37826274767057844,1265738,001dcee8e81efda3,True,location-k4-fold1-seed0,1
prob_gru,CoPy_R,1,SS_vs_seasonal,0.41627753964390035,1265738,001dcee8e81efda3,True,location-k4-fold1-seed0,1
prob_gru,CoPy_R,1,SS_vs_ar,-0.03175829009879849,1265738,001dcee8e81efda3,True,location-k4-fold1-seed0,1
prob_gru,CoPy_R,2,MSE,0.021225247434102056,1265738,001dcee8e81efda3,True,location-k4-fold1-seed0,1
prob_gru,CoPy_R,2,MAE,0.10988244173226056,1265738,001dcee8e81efda3,True,location-k4-fold1-seed0,1
prob_gru,CoPy_R,2,SS_vs_persistence,0.4340264579157337,1265738,001dcee8e81efda3,True,location-k4-fold1-seed0,1
prob_gru,CoPy_R,2,SS_vs_seasonal,0.4485476012294224,1265738,001dcee8e81efda3,True,location-k4-fold1-seed0,1
prob_gru,CoPy_R,2,SS_vs_ar,-0.014689943411408946,1265738,001dcee8e81efda3,True,location-k4-fold1-seed0,1
prob_gru,CoPy_R,3,MSE,0.021688298258214212,1265738,001dcee8e81efda3,True,location-k4-fold1-seed0,1
prob_gru,CoPy_R,3,MAE,0.11115446122202871,1265738,001dcee8e81efda3,True,location-k4-fold1-seed0,1
prob_gru,CoPy_R,3,SS_vs_persistence,0.46090625655581896,1265738,001dcee8e81efda3,True,location-k4-fold1-seed0,1
prob_gru,CoPy_R,3,SS_vs_seasonal,0.4587695542504965,1265738,001dcee8e81efda3,True,location-k4-fold1-seed0,1
prob_gru,CoPy_R,3,SS_vs_ar,-0.017762173302955153,1265738,001dcee8e81efda3,True,location-k4-fold1-seed0,1
prob_gru,CoPy_R,4,MSE,0.021872413035395454,1265738,001dcee8e81efda3,True,location-k4-fold1-seed0,1
prob_gru,CoPy_R,4,MAE,0.11166670718076717,1265738,001dcee8e81efda3,True,location-k4-fold1-seed0,1
prob_gru,CoPy_R,4,SS_vs_persistence,0.45536925177506804,1265738,001dcee8e81efda3,True,location-k4-fold1-seed0,1
prob_gru,CoPy_R,4,SS_vs_seasonal,0.4510979504452627,1265738,001dcee8e81efda3,True,location-k4-fold1-seed0,1
prob_gru,CoPy_R,4,SS_vs_ar,-0.016494380114248308,1265738,001dcee8e81efda3,True,location-k4-fold1-seed0,1
prob_gru,CoPy_R,5,MSE,0.022070720748720258,1265738,001dcee8e81efda3,True,location-k4-fold1-seed0,1
prob_gru,CoPy_R,5,MAE,0.1122218816724573,1265738,001dcee8e81efda3,True,location-k4-fold1-seed0,1
prob_gru,CoPy_R,5,SS_vs_persistence,0.4734514178224086,1265738,001dcee8e81efda3,True,location-k4-fold1-seed0,1
prob_gru,CoPy_R,5,SS_vs_seasonal,0.464674714488416,1265738,001dcee8e81efda3,True,location-k4-fold1-seed0,1
prob_gru,CoPy_R,5,SS_vs_ar,-0.013985141630056486,1265738,001dcee8e81efda3,True,location-k4-fold1-seed0,1
prob_gru,CoPy_R,6,MSE,0.022029043028116937,1265738,001dcee8e81efda3,True,location-k4-fold1-seed0,1
prob_gru,CoPy_R,6,MAE,0.1120095963156363,1265738,001dcee8e81efda3,True,location-k4-fold1-seed0,1
prob_gru,CoPy_R,6,SS_vs_persistence,0.4439257461098747,1265738,001dcee8e81efda3,True,location-k4-fold1-seed0,1
prob_gru,CoPy_R,6,SS_vs_seasonal,0.44274908139253766,1265738,001dcee8e81efda3,True,location-k4-fold1-seed0,1
prob_gru,CoPy_R,6,SS_vs_ar,-0.00948102566679343,1265738,001dcee8e81efda3,True,location-k4-fold1-seed0,1
prob_gru,CoPy_R,7,MSE,0.022154872283954425,1265738,001dcee8e81efda3,True,location-k4-fold1-seed0,1
prob_gru,CoPy_R,7,MAE,0.11239049657712177,1265738,001dcee8e81efda3,True,location-k4-fold1-seed0,1
prob_gru,CoPy_R,7,SS_vs_persistence,0.44924546270261234,1265738,001dcee8e81efda3,True,location-k4-fold1-seed0,1
prob_gru,CoPy_R,7,SS_vs_seasonal,0.4514245276158716,1265738,001dcee8e81efda3,True,location-k4-fold1-seed0,1
prob_gru,CoPy_R,7,SS_vs_ar,-0.004657702446348111,1265738,001dcee8e81efda3,True,location-k4-fold1-seed0,1
prob_gru,CoPy_R,8,MSE,0.022221265223168734,1265738,001dcee8e81efda3,True,location-k4-fold1-seed0,1
prob_gru,CoPy_R,8,MAE,0.11256163390755294,1265738,001dcee8e81efda3,True,location-k4-fold1-seed0,1
prob_gru,CoPy_R,8,SS_vs_persistence,0.43120785454131305,1265738,001dcee8e81efda3,True,location-k4-fold1-seed0,1
prob_gru,CoPy_R,8,SS_vs_seasonal,0.4425473849747624,1265738,001dcee8e81efda3,True,location-k4-fold1-seed0,1
prob_gru,CoPy_R,8,SS_vs_ar,-0.0019275275077823562,1265738,001dcee8e81efda3,True,location-k4-fold1-seed0,1
prob_gru,CoPy_R,9,MSE,0.022404364582609543,1265738,001dcee8e81efda3,True,location-k4-fold1-seed0,1
prob_gru,CoPy_R,9,MAE,0.11304489883286474,1265738,001dcee8e81efda3,True,location-k4-fold1-seed0,1
prob_gru,CoPy_R,9,SS_vs_persistence,0.4310614290773861,1265738,001dcee8e81efda3,True,location-k4-fold1-seed0,1
prob_gru,CoPy_R,9,SS_vs_seasonal,0.44151579936863505,1265738,001dcee8e81efda3,True,location-k4-fold1-seed0,1
prob_gru,CoPy_R,9,SS_vs_ar,-0.0007980327693244416,1265738,001dcee8e81efda3,True,location-k4-fold1-seed0,1
prob_gru,CoPy_R,10,MSE,0.02267159081286281,1265738,001dcee8e81efda3,True,location-k4-fold1-seed0,1
prob_gru,CoPy_R,10,MAE,0.11371877797446958,1265738,001dcee8e81efda3,True,location-k4-fold1-seed0,1
prob_gru,CoPy_R,10,SS_vs_persistence,0.43945866120193056,1265738,001dcee8e81efda3,True,location-k4-fold1-seed0,1
prob_gru,CoPy_R,10,SS_vs_seasonal,0.4403908345998755,1265738,001dcee8e81efda3,True,location-k4-fold1-seed0,1
prob_gru,CoPy_R,10,SS_vs_ar,8.892934724558099e-05,1265738,001dcee8e81efda3,True,location-k4-fold1-seed0,1
prob_gru,CoPy_R,11,MSE,0.022947672455479507,1265738,001dcee8e81efda3,True,location-k4-fold1-seed0,1
prob_gru,CoPy_R,11,MAE,0.11442666068306918,1265738,001dcee8e81efda3,True,location-k4-fold1-seed0,1
prob_gru,CoPy_R,11,SS_vs_persistence,0.46196463518646635,1265738,001dcee8e81efda3,True,location-k4-fold1-seed0,1
prob_gru,CoPy_R,11,SS_vs_seasonal,0.46853523451662005,1265738,001dcee8e81efda3,True,location-k4-fold1-seed0,1
prob_gru,CoPy_R,11,SS_vs_ar,-0.0010716917746789179,1265738,001dcee8e81efda3,True,location-k4-fold1-seed0,1
prob_gru,CoPy_R,12,MSE,0.023093590384423875,1265738,001dcee8e81efda3,True,location-k4-fold1-seed0,1
prob_gru,CoPy_R,12,MAE,0.11483145969537879,1265738,001dcee8e81efda3,True,location-k4-fold1-seed0,1
prob_gru,CoPy_R,12,SS_vs_persistence,0.46526317874472034,1265738,001dcee8e81efda3,True,location-k4-fold1-seed0,1
prob_gru,CoPy_R,12,SS_vs_seasonal,0.46732981880513225,1265738,001dcee8e81efda3,True,location-k4-fold1-seed0,1
prob_gru,CoPy_R,12,SS_vs_ar,-0.001748404964606598,1265738,001dcee8e81efda3,True,location-k4-fold1-seed0,1
prob_gru,CoPy_R,13,MSE,0.02319832958413789,1265738,001dcee8e81efda3,True,location-k4-fold1-seed0,1
prob_gru,CoPy_R,13,MAE,0.11506881004412783,1265738,001dcee8e81efda3,True,location-k4-fold1-seed0,1
prob_gru,CoPy_R,13,SS_vs_persistence,0.4723195626112875,1265738,001dcee8e81efda3,True,location-k4-fold1-seed0,1
prob_gru,CoPy_R,13,SS_vs_seasonal,0.4709000723974225,1265738,001dcee8e81efda3,True,location-k4-fold1-seed0,1
prob_gru,CoPy_R,13,SS_vs_ar,-0.00023213547791045563,1265738,001dcee8e81efda3,True,location-k4-fold1-seed0,1
prob_gru,CoPy_R,14,MSE,0.0230908765059289,1265738,001dcee8e81efda3,True,location-k4-fold1-seed0,1
prob_gru,CoPy_R,14,MAE,0.11480517502138506,1265738,001dcee8e81efda3,True,location-k4-fold1-seed0,1
prob_gru,CoPy_R,14,SS_vs_persistence,0.4558558937665971,1265738,001dcee8e81efda3,True,location-k4-fold1-seed0,1
prob_gru,CoPy_R,14,SS_vs_seasonal,0.4614510010239683,1265738,001dcee8e81efda3,True,location-k4-fold1-seed0,1
prob_gru,CoPy_R,14,SS_vs_ar,0.0029007562486313976,1265738,001dcee8e81efda3,True,location-k4-fold1-seed0,1
prob_gru,CoPy_R,15,MSE,0.023052872547178523,1265738,001dcee8e81efda3,True,location-k4-fold1-seed0,1
prob_gru,CoPy_R,15,MAE,0.11471563561857703,1265738,001dcee8e81efda3,True,location-k4-fold1-seed0,1
prob_gru,CoPy_R,15,SS_vs_persistence,0.4459616526579173,1265738,001dcee8e81efda3,True,location-k4-fold1-seed0,1
prob_gru,CoPy_R,15,SS_vs_seasonal,0.45710701955171196,1265738,001dcee8e81efda3,True,location-k4-fold1-seed0,1
prob_gru,CoPy_R,15,SS_vs_ar,0.005155584507079536,1265738,001dcee8e81efda3,True,location-k4-fold1-seed0,1
prob_gru,CoPy_R,16,MSE,0.023126808395881708,1265738,001dcee8e81efda3,True,location-k4-fold1-seed0,1
prob_gru,CoPy_R,16,MAE,0.11488060794356791,1265738,001dcee8e81efda3,True,location-k4-fold1-seed0,1
prob_gru,CoPy_R,16,SS_vs_persistence,0.44904876931270166,1265738,001dcee8e81efda3,True,location-k4-fold1-seed0,1
prob_gru,CoPy_R,16,SS_vs_seasonal,0.4563118269367147,1265738,001dcee8e81efda3,True,location-k4-fold1-seed0,1
prob_gru,CoPy_R,16,SS_vs_ar,0.008115647173007057,1265738,001dcee8e81efda3,True,location-k4-fold1-seed0,1
prob_gru,CoPy_R,17,MSE,0.023275790233893413,1265738,001dcee8e81efda3,True,location-k4-fold1-seed0,1
prob_gru,CoPy_R,17,MAE,0.11527233463874097,1265738,001dcee8e81efda3,True,location-k4-fold1-seed0,1
prob_gru,CoPy_R,17,SS_vs_persistence,0.45322012467402095,1265738,001dcee8e81efda3,True,location-k4-fold1-seed0,1
prob_gru,CoPy_R,17,SS_vs_seasonal,0.46342088642692003,1265738,001dcee8e81efda3,True,location-k4-fold1-seed0,1
prob_gru,CoPy_R,17,SS_vs_ar,0.008716129430161423,1265738,001dcee8e81efda3,True,location-k4-fold1-seed0,1
prob_gru,CoPy_R,18,MSE,0.02341566680616546,1265738,001dcee8e81efda3,True,location-k4-fold1-seed0,1
prob_gru,CoPy_R,18,MAE,0.11560634385610785,1265738,001dcee8e81efda3,True,location-k4-fold1-seed0,1
prob_gru,CoPy_R,18,SS_vs_persistence,0.45900233981556793,1265738,001dcee8e81efda3,True,location-k4-fold1-seed0,1
prob_gru,CoPy_R,18,SS_vs_seasonal,0.4611632659688977,1265738,001dcee8e81efda3,True,location-k4-fold1-seed0,1
prob_gru,CoPy_R,18,SS_vs_ar,0.009106306156883126,1265738,001dcee8e81efda3,True,location-k4-fold1-seed0,1
prob_gru,CoPy_R,19,MSE,0.023535905688329337,1265738,001dcee8e81efda3,True,location-k4-fold1-seed0,1
prob_gru,CoPy_R,19,MAE,0.11588997594119618,1265738,001dcee8e81efda3,True,location-k4-fold1-seed0,1
prob_gru,CoPy_R,19,SS_vs_persistence,0.46084543703467773,1265738,001dcee8e81efda3,True,location-k4-fold1-seed0,1
prob_gru,CoPy_R,19,SS_vs_seasonal,0.462274290425399,1265738,001dcee8e81efda3,True,location-k4-fold1-seed0,1
prob_gru,CoPy_R,19,SS_vs_ar,0.008770816946357174,1265738,001dcee8e81efda3,True,location-k4-fold1-seed0,1
prob_gru,CoPy_R,20,MSE,0.023616670226795762,1265738,001dcee8e81efda3,True,location-k4-fold1-seed0,1
prob_gru,CoPy_R,20,MAE,0.11609380426595549,1265738,001dcee8e81efda3,True,location-k4-fold1-seed0,1
prob_gru,CoPy_R,20,SS_vs_persistence,0.4661798451464395,1265738,001dcee8e81efda3,True,location-k4-fold1-seed0,1
prob_gru,CoPy_R,20,SS_vs_seasonal,0.4657902220178487,1265738,001dcee8e81efda3,True,location-k4-fold1-seed0,1
prob_gru,CoPy_R,20,SS_vs_ar,0.007989885035181166,1265738,001dcee8e81efda3,True,location-k4-fold1-seed0,1
prob_gru,CoPy_R,21,MSE,0.023662967689419466,1265738,001dcee8e81efda3,True,location-k4-fold1-seed0,1
prob_gru,CoPy_R,21,MAE,0.11620782788343668,1265738,001dcee8e81efda3,True,location-k4-fold1-seed0,1
prob_gru,CoPy_R,21,SS_vs_persistence,0.46745876687720733,1265738,001dcee8e81efda3,True,location-k4-fold1-seed0,1
prob_gru,CoPy_R,21,SS_vs_seasonal,0.4667283270305923,1265738,001dcee8e81efda3,True,location-k4-fold1-seed0,1
prob_gru,CoPy_R,21,SS_vs_ar,0.007235834245741812,1265738,001dcee8e81efda3,True,location-k4-fold1-seed0,1
prob_gru,CoPy_R,22,MSE,0.02366338302129864,1265738,001dcee8e81efda3,True,location-k4-fold1-seed0,1
prob_gru,CoPy_R,22,MAE,0.11619177442203223,1265738,001dcee8e81efda3,True,location-k4-fold1-seed0,1
prob_gru,CoPy_R,22,SS_vs_persistence,0.4559207532106132,1265738,001dcee8e81efda3,True,location-k4-fold1-seed0,1
prob_gru,CoPy_R,22,SS_vs_seasonal,0.45838993426694385,1265738,001dcee8e81efda3,True,location-k4-fold1-seed0,1
prob_gru,CoPy_R,22,SS_vs_ar,0.008532781713148418,1265738,001dcee8e81efda3,True,location-k4-fold1-seed0,1
prob_gru,CoPy_R,23,MSE,0.02364033901195173,1265738,001dcee8e81efda3,True,location-k4-fold1-seed0,1
prob_gru,CoPy_R,23,MAE,0.11614033253481415,1265738,001dcee8e81efda3,True,location-k4-fold1-seed0,1
prob_gru,CoPy_R,23,SS_vs_persistence,0.44849161602653786,1265738,001dcee8e81efda3,True,location-k4-fold1-seed0,1
prob_gru,CoPy_R,23,SS_vs_seasonal,0.45826118526837145,1265738,001dcee8e81efda3,True,location-k4-fold1-seed0,1
prob_gru,CoPy_R,23,SS_vs_ar,0.009435650473228252,1265738,001dcee8e81efda3,True,location-k4-fold1-seed0,1
prob_gru,CoPy_R,24,MSE,0.02368616464158622,1265738,001dcee8e81efda3,True,location-k4-fold1-seed0,1
prob_gru,CoPy_R,24,MAE,0.11626112743527012,1265738,001dcee8e81efda3,True,location-k4-fold1-seed0,1
prob_gru,CoPy_R,24,SS_vs_persistence,0.4395710786351358,1265738,001dcee8e81efda3,True,location-k4-fold1-seed0,1
prob_gru,CoPy_R,24,SS_vs_seasonal,0.44978252364717064,1265738,001dcee8e81efda3,True,location-k4-fold1-seed0,1
prob_gru,CoPy_R,24,SS_vs_ar,0.010178200097409995,1265738,001dcee8e81efda3,True,location-k4-fold1-seed0,1
prob_gru,CoPy_R,25,MSE,0.023836973376238493,1265738,001dcee8e81efda3,True,location-k4-fold1-seed0,1
prob_gru,CoPy_R,25,MAE,0.11670408918215719,1265738,001dcee8e81efda3,True,location-k4-fold1-seed0,1
prob_gru,CoPy_R,25,SS_vs_persistence,0.4537446384740004,1265738,001dcee8e81efda3,True,location-k4-fold1-seed0,1
prob_gru,CoPy_R,25,SS_vs_seasonal,0.4558382385024302,1265738,001dcee8e81efda3,True,location-k4-fold1-seed0,1
prob_gru,CoPy_R,25,SS_vs_ar,0.011583940771073387,1265738,001dcee8e81efda3,True,location-k4-fold1-seed0,1
prob_gru,CoPy_R,26,MSE,0.023880350335183237,1265738,001dcee8e81efda3,True,location-k4-fold1-seed0,1
prob_gru,CoPy_R,26,MAE,0.11686745736384799,1265738,001dcee8e81efda3,True,location-k4-fold1-seed0,1
prob_gru,CoPy_R,26,SS_vs_persistence,0.46121403635259595,1265738,001dcee8e81efda3,True,location-k4-fold1-seed0,1
prob_gru,CoPy_R,26,SS_vs_seasonal,0.45776901636521505,1265738,001dcee8e81efda3,True,location-k4-fold1-seed0,1
prob_gru,CoPy_R,26,SS_vs_ar,0.012294302121915623,1265738,001dcee8e81efda3,True,location-k4-fold1-seed0,1
prob_gru,CoPy_R,27,MSE,0.023978818593858066,1265738,001dcee8e81efda3,True,location-k4-fold1-seed0,1
prob_gru,CoPy_R,27,MAE,0.11705098846033386,1265738,001dcee8e81efda3,True,location-k4-fold1-seed0,1
prob_gru,CoPy_R,27,SS_vs_persistence,0.47925429080806925,1265738,001dcee8e81efda3,True,location-k4-fold1-seed0,1
prob_gru,CoPy_R,27,SS_vs_seasonal,0.4690172335861298,1265738,001dcee8e81efda3,True,location-k4-fold1-seed0,1
prob_gru,CoPy_R,27,SS_vs_ar,0.012218901885479694,1265738,001dcee8e81efda3,True,location-k4-fold1-seed0,1
prob_gru,CoPy_R,28,MSE,0.023962354333532457,1265738,001dcee8e81efda3,True,location-k4-fold1-seed0,1
prob_gru,CoPy_R,28,MAE,0.11697629445411606,1265738,001dcee8e81efda3,True,location-k4-fold1-seed0,1
prob_gru,CoPy_R,28,SS_vs_persistence,0.4839525556194405,1265738,001dcee8e81efda3,True,location-k4-fold1-seed0,1
prob_gru,CoPy_R,28,SS_vs_seasonal,0.4715472588370342,1265738,001dcee8e81efda3,True,location-k4-fold1-seed0,1
prob_gru,CoPy_R,28,SS_vs_ar,0.013756379023863174,1265738,001dcee8e81efda3,True,location-k4-fold1-seed0,1
prob_gru,CoPy_R,29,MSE,0.023976430286926587,1265738,001dcee8e81efda3,True,location-k4-fold1-seed0,1
prob_gru,CoPy_R,29,MAE,0.11698578184568688,1265738,001dcee8e81efda3,True,location-k4-fold1-seed0,1
prob_gru,CoPy_R,29,SS_vs_persistence,0.4855762757450356,1265738,001dcee8e81efda3,True,location-k4-fold1-seed0,1
prob_gru,CoPy_R,29,SS_vs_seasonal,0.47558054724463916,1265738,001dcee8e81efda3,True,location-k4-fold1-seed0,1
prob_gru,CoPy_R,29,SS_vs_ar,0.013799203250747905,1265738,001dcee8e81efda3,True,location-k4-fold1-seed0,1
prob_gru,CoPy_R,30,MSE,0.023910295986638196,1265738,001dcee8e81efda3,True,location-k4-fold1-seed0,1
prob_gru,CoPy_R,30,MAE,0.11681372617964852,1265738,001dcee8e81efda3,True,location-k4-fold1-seed0,1
prob_gru,CoPy_R,30,SS_vs_persistence,0.4488710126017419,1265738,001dcee8e81efda3,True,location-k4-fold1-seed0,1
prob_gru,CoPy_R,30,SS_vs_seasonal,0.44887047923660695,1265738,001dcee8e81efda3,True,location-k4-fold1-seed0,1
prob_gru,CoPy_R,30,SS_vs_ar,0.01548772301962631,1265738,001dcee8e81efda3,True,location-k4-fold1-seed0,1
prob_gru,CoPy_R,all,MSE,0.022979991327697943,1265738,001dcee8e81efda3,True,location-k4-fold1-seed0,1
prob_gru,CoPy_R,all,MAE,0.1144802529679604,1265738,001dcee8e81efda3,True,location-k4-fold1-seed0,1
prob_gru,CoPy_R,all,SS_vs_persistence,0.45484324942304133,1265738,001dcee8e81efda3,True,location-k4-fold1-seed0,1
prob_gru,CoPy_R,all,SS_vs_seasonal,0.45736043785889935,1265738,001dcee8e81efda3,True,location-k4-fold1-seed0,1
prob_gru,CoPy_R,all,SS_vs_ar,0.0022357598188902372,1265738,001dcee8e81efda3,True,location-k4-fold1-seed0,1
persistence,F_R,1,MSE,308628.20676274766,1286610,001dcee8e81efda3,True,location-k4-fold2-seed0,2
persistence,F_R,1,MAE,336.1419987329075,1286610,001dcee8e81efda3,True,location-k4-fold2-seed0,2
persistence,F_R,1,SS_vs_persistence,0.0,1286610,001dcee8e81efda3,True,location-k4-fold2-seed0,2
persistence,F_R,1,SS_vs_seasonal,0.10579209699444325,1286610,001dcee8e81efda3,True,location-k4-fold2-seed0,2
persistence,F_R,1,SS_vs_ar,-0.4575923101549526,1286610,001dcee8e81efda3,True,location-k4-fold2-seed0,2
persistence,F_R,2,MSE,364710.80559280724,1286610,001dcee8e81efda3,True,location-k4-fold2-seed0,2
persistence,F_R,2,MAE,373.08607066813113,1286610,001dcee8e81efda3,True,location-k4-fold2-seed0,2
persistence,F_R,2,SS_vs_persistence,0.0,1286610,001dcee8e81efda3,True,location-k4-fold2-seed0,2
persistence,F_R,2,SS_vs_seasonal,0.05671171248515949,1286610,001dcee8e81efda3,True,location-k4-fold2-seed0,2
persistence,F_R,2,SS_vs_ar,-0.5729853189665517,1286610,001dcee8e81efda3,True,location-k4-fold2-seed0,2
persistence,F_R,3,MSE,395256.70128525136,1286610,001dcee8e81efda3,True,location-k4-fold2-seed0,2
persistence,F_R,3,MAE,389.1062646278301,1286610,001dcee8e81efda3,True,location-k4-fold2-seed0,2
persistence,F_R,3,SS_vs_persistence,0.0,1286610,001dcee8e81efda3,True,location-k4-fold2-seed0,2
persistence,F_R,3,SS_vs_seasonal,0.02965869563707102,1286610,001dcee8e81efda3,True,location-k4-fold2-seed0,2
persistence,F_R,3,SS_vs_ar,-0.6365204656056627,1286610,001dcee8e81efda3,True,location-k4-fold2-seed0,2
persistence,F_R,4,MSE,402091.6466048506,1286610,001dcee8e81efda3,True,location-k4-fold2-seed0,2
persistence,F_R,4,MAE,390.44553022104236,1286610,001dcee8e81efda3,True,location-k4-fold2-seed0,2
persistence,F_R,4,SS_vs_persistence,0.0,1286610,001dcee8e81efda3,True,location-k4-fold2-seed0,2
persistence,F_R,4,SS_vs_seasonal,0.02840949346153443,1286610,001dcee8e81efda3,True,location-k4-fold2-seed0,2
persistence,F_R,4,SS_vs_ar,-0.639060963802137,1286610,001dcee8e81efda3,True,location-k4-fold2-seed0,2
persistence,F_R,5,MSE,418721.72702596255,1286610,001dcee8e81efda3,True,location-k4-fold2-seed0,2
persistence,F_R,5,MAE,402.84442282553573,1286610,001dcee8e81efda3,True,location-k4-fold2-seed0,2
persistence,F_R,5,SS_vs_persistence,0.0,1286610,001dcee8e81efda3,True,location-k4-fold2-seed0,2
persistence,F_R,5,SS_vs_seasonal,0.01632931885855393,1286610,001dcee8e81efda3,True,location-k4-fold2-seed0,2
persistence,F_R,5,SS_vs_ar,-0.6971407223465738,1286610,001dcee8e81efda3,True,location-k4-fold2-seed0,2
persistence,F_R,6,MSE,399295.03381994076,1286610,001dcee8e81efda3,True,location-k4-fold2-seed0,2
persistence,F_R,6,MAE,386.82491230246967,1286610,001dcee8e81efda3,True,location-k4-fold2-seed0,2
persistence,F_R,6,SS_vs_persistence,0.0,1286610,001dcee8e81efda3,True,location-k4-fold2-seed0,2
persistence,F_R,6,SS_vs_seasonal,0.023318801652009946,1286610,001dcee8e81efda3,True,location-k4-fold2-seed0,2
persistence,F_R,6,SS_vs_ar,-0.6114769458985092,1286610,001dcee8e81efda3,True,location-k4-fold2-seed0,2
persistence,F_R,7,MSE,403257.2072967344,1286610,001dcee8e81efda3,True,location-k4-fold2-seed0,2
persistence,F_R,7,MAE,388.2206232571387,1286610,001dcee8e81efda3,True,location-k4-fold2-seed0,2
persistence,F_R,7,SS_vs_persistence,0.0,1286610,001dcee8e81efda3,True,location-k4-fold2-seed0,2
persistence,F_R,7,SS_vs_seasonal,0.009460415230983954,1286610,001dcee8e81efda3,True,location-k4-fold2-seed0,2
persistence,F_R,7,SS_vs_ar,-0.6010316384882766,1286610,001dcee8e81efda3,True,location-k4-fold2-seed0,2
persistence,F_R,8,MSE,406419.4060006437,1286610,001dcee8e81efda3,True,location-k4-fold2-seed0,2
persistence,F_R,8,MAE,385.00241768498285,1286610,001dcee8e81efda3,True,location-k4-fold2-seed0,2
persistence,F_R,8,SS_vs_persistence,0.0,1286610,001dcee8e81efda3,True,location-k4-fold2-seed0,2
persistence,F_R,8,SS_vs_seasonal,0.014549934388787156,1286610,001dcee8e81efda3,True,location-k4-fold2-seed0,2
persistence,F_R,8,SS_vs_ar,-0.5841077111504904,1286610,001dcee8e81efda3,True,location-k4-fold2-seed0,2
persistence,F_R,9,MSE,419595.7154731174,1286610,001dcee8e81efda3,True,location-k4-fold2-seed0,2
persistence,F_R,9,MAE,398.78559462379883,1286610,001dcee8e81efda3,True,location-k4-fold2-seed0,2
persistence,F_R,9,SS_vs_persistence,0.0,1286610,001dcee8e81efda3,True,location-k4-fold2-seed0,2
persistence,F_R,9,SS_vs_seasonal,0.015649535846700702,1286610,001dcee8e81efda3,True,location-k4-fold2-seed0,2
persistence,F_R,9,SS_vs_ar,-0.6131715958899726,1286610,001dcee8e81efda3,True,location-k4-fold2-seed0,2
persistence,F_R,10,MSE,409553.0222720836,1286610,001dcee8e81efda3,True,location-k4-fold2-seed0,2
persistence,F_R,10,MAE,391.44585795252095,1286610,001dcee8e81efda3,True,location-k4-fold2-seed0,2
persistence,F_R,10,SS_vs_persistence,0.0,1286610,001dcee8e81efda3,True,location-k4-fold2-seed0,2
persistence,F_R,10,SS_vs_seasonal,0.019438104955378677,1286610,001dcee8e81efda3,True,location-k4-fold2-seed0,2
persistence,F_R,10,SS_vs_ar,-0.5592617035490375,1286610,001dcee8e81efda3,True,location-k4-fold2-seed0,2
persistence,F_R,11,MSE,428163.47569959593,1286610,001dcee8e81efda3,True,location-k4-fold2-seed0,2
persistence,F_R,11,MAE,405.52187253963723,1286610,001dcee8e81efda3,True,location-k4-fold2-seed0,2
persistence,F_R,11,SS_vs_persistence,0.0,1286610,001dcee8e81efda3,True,location-k4-fold2-seed0,2
persistence,F_R,11,SS_vs_seasonal,0.029187465795380674,1286610,001dcee8e81efda3,True,location-k4-fold2-seed0,2
persistence,F_R,11,SS_vs_ar,-0.592491581160898,1286610,001dcee8e81efda3,True,location-k4-fold2-seed0,2
persistence,F_R,12,MSE,449516.01869849645,1286610,001dcee8e81efda3,True,location-k4-fold2-seed0,2
persistence,F_R,12,MAE,421.25506656550755,1286610,001dcee8e81efda3,True,location-k4-fold2-seed0,2
persistence,F_R,12,SS_vs_persistence,0.0,1286610,001dcee8e81efda3,True,location-k4-fold2-seed0,2
persistence,F_R,12,SS_vs_seasonal,0.017742933011553386,1286610,001dcee8e81efda3,True,location-k4-fold2-seed0,2
persistence,F_R,12,SS_vs_ar,-0.6515798390729968,1286610,001dcee8e81efda3,True,location-k4-fold2-seed0,2
persistence,F_R,13,MSE,450631.1425779231,1286610,001dcee8e81efda3,True,location-k4-fold2-seed0,2
persistence,F_R,13,MAE,423.5046160322111,1286610,001dcee8e81efda3,True,location-k4-fold2-seed0,2
persistence,F_R,13,SS_vs_persistence,0.0,1286610,001dcee8e81efda3,True,location-k4-fold2-seed0,2
persistence,F_R,13,SS_vs_seasonal,0.013928082601673109,1286610,001dcee8e81efda3,True,location-k4-fold2-seed0,2
persistence,F_R,13,SS_vs_ar,-0.651945890706864,1286610,001dcee8e81efda3,True,location-k4-fold2-seed0,2
persistence,F_R,14,MSE,441820.6636585152,1286610,001dcee8e81efda3,True,location-k4-fold2-seed0,2
persistence,F_R,14,MAE,409.9332270864969,1286610,001dcee8e81efda3,True,location-k4-fold2-seed0,2
persistence,F_R,14,SS_vs_persistence,0.0,1286610,001dcee8e81efda3,True,location-k4-fold2-seed0,2
persistence,F_R,14,SS_vs_seasonal,0.02092006015530834,1286610,001dcee8e81efda3,True,location-k4-fold2-seed0,2
persistence,F_R,14,SS_vs_ar,-0.612834554611968,1286610,001dcee8e81efda3,True,location-k4-fold2-seed0,2
persistence,F_R,15,MSE,442339.65439262404,1286610,001dcee8e81efda3,True,location-k4-fold2-seed0,2
persistence,F_R,15,MAE,409.1306819066766,1286610,001dcee8e81efda3,True,location-k4-fold2-seed0,2
persistence,F_R,15,SS_vs_persistence,0.0,1286610,001dcee8e81efda3,True,location-k4-fold2-seed0,2
persistence,F_R,15,SS_vs_seasonal,0.019410081063359286,1286610,001dcee8e81efda3,True,location-k4-fold2-seed0,2
persistence,F_R,15,SS_vs_ar,-0.6052956639073119,1286610,001dcee8e81efda3,True,location-k4-fold2-seed0,2
persistence,F_R,16,MSE,454497.74080331274,1286610,001dcee8e81efda3,True,location-k4-fold2-seed0,2
persistence,F_R,16,MAE,412.8983799017804,1286610,001dcee8e81efda3,True,location-k4-fold2-seed0,2
persistence,F_R,16,SS_vs_persistence,0.0,1286610,001dcee8e81efda3,True,location-k4-fold2-seed0,2
persistence,F_R,16,SS_vs_seasonal,0.028426294918784345,1286610,001dcee8e81efda3,True,location-k4-fold2-seed0,2
persistence,F_R,16,SS_vs_ar,-0.5540498906546627,1286610,001dcee8e81efda3,True,location-k4-fold2-seed0,2
persistence,F_R,17,MSE,457202.04787637916,1286610,001dcee8e81efda3,True,location-k4-fold2-seed0,2
persistence,F_R,17,MAE,416.0011697311485,1286610,001dcee8e81efda3,True,location-k4-fold2-seed0,2
persistence,F_R,17,SS_vs_persistence,0.0,1286610,001dcee8e81efda3,True,location-k4-fold2-seed0,2
persistence,F_R,17,SS_vs_seasonal,0.02672799145898952,1286610,001dcee8e81efda3,True,location-k4-fold2-seed0,2
persistence,F_R,17,SS_vs_ar,-0.5462192862116864,1286610,001dcee8e81efda3,True,location-k4-fold2-seed0,2
persistence,F_R,18,MSE,469542.3231567079,1286610,001dcee8e81efda3,True,location-k4-fold2-seed0,2
persistence,F_R,18,MAE,425.34215164655996,1286610,001dcee8e81efda3,True,location-k4-fold2-seed0,2
persistence,F_R,18,SS_vs_persistence,0.0,1286610,001dcee8e81efda3,True,location-k4-fold2-seed0,2
persistence,F_R,18,SS_vs_seasonal,0.025430878873677787,1286610,001dcee8e81efda3,True,location-k4-fold2-seed0,2
persistence,F_R,18,SS_vs_ar,-0.5520783391569897,1286610,001dcee8e81efda3,True,location-k4-fold2-seed0,2
persistence,F_R,19,MSE,485394.56703925296,1286610,001dcee8e81efda3,True,location-k4-fold2-seed0,2
persistence,F_R,19,MAE,439.2082264500588,1286610,001dcee8e81efda3,True,location-k4-fold2-seed0,2
persistence,F_R,19,SS_vs_persistence,0.0,1286610,001dcee8e81efda3,True,location-k4-fold2-seed0,2
persistence,F_R,19,SS_vs_seasonal,0.020086187584283377,1286610,001dcee8e81efda3,True,location-k4-fold2-seed0,2
persistence,F_R,19,SS_vs_ar,-0.592466084862914,1286610,001dcee8e81efda3,True,location-k4-fold2-seed0,2
persistence,F_R,20,MSE,494362.32528021536,1286610,001dcee8e81efda3,True,location-k4-fold2-seed0,2
persistence,F_R,20,MAE,441.06130204469923,1286610,001dcee8e81efda3,True,location-k4-fold2-seed0,2
persistence,F_R,20,SS_vs_persistence,0.0,1286610,001dcee8e81efda3,True,location-k4-fold2-seed0,2
persistence,F_R,20,SS_vs_seasonal,0.01702842539830307,1286610,001dcee8e81efda3,True,location-k4-fold2-seed0,2
persistence,F_R,20,SS_vs_ar,-0.6047780927470008,1286610,001dcee8e81efda3,True,location-k4-fold2-seed0,2
persistence,F_R,21,MSE,478010.23173746414,1286610,001dcee8e81efda3,True,location-k4-fold2-seed0,2
persistence,F_R,21,MAE,430.0916444771015,1286610,001dcee8e81efda3,True,location-k4-fold2-seed0,2
persistence,F_R,21,SS_vs_persistence,0.0,1286610,001dcee8e81efda3,True,location-k4-fold2-seed0,2
persistence,F_R,21,SS_vs_seasonal,0.017614957695206934,1286610,001dcee8e81efda3,True,location-k4-fold2-seed0,2
persistence,F_R,21,SS_vs_ar,-0.5546039600995978,1286610,001dcee8e81efda3,True,location-k4-fold2-seed0,2
persistence,F_R,22,MSE,474760.1964863304,1286610,001dcee8e81efda3,True,location-k4-fold2-seed0,2
persistence,F_R,22,MAE,431.1191449571057,1286610,001dcee8e81efda3,True,location-k4-fold2-seed0,2
persistence,F_R,22,SS_vs_persistence,0.0,1286610,001dcee8e81efda3,True,location-k4-fold2-seed0,2
persistence,F_R,22,SS_vs_seasonal,0.017161086991012042,1286610,001dcee8e81efda3,True,location-k4-fold2-seed0,2
persistence,F_R,22,SS_vs_ar,-0.5397990203529903,1286610,001dcee8e81efda3,True,location-k4-fold2-seed0,2
persistence,F_R,23,MSE,478606.2591698579,1286610,001dcee8e81efda3,True,location-k4-fold2-seed0,2
persistence,F_R,23,MAE,435.11101154542024,1286610,001dcee8e81efda3,True,location-k4-fold2-seed0,2
persistence,F_R,23,SS_vs_persistence,0.0,1286610,001dcee8e81efda3,True,location-k4-fold2-seed0,2
persistence,F_R,23,SS_vs_seasonal,0.007969540552579146,1286610,001dcee8e81efda3,True,location-k4-fold2-seed0,2
persistence,F_R,23,SS_vs_ar,-0.5384174701579922,1286610,001dcee8e81efda3,True,location-k4-fold2-seed0,2
persistence,F_R,24,MSE,460395.52520876116,1286610,001dcee8e81efda3,True,location-k4-fold2-seed0,2
persistence,F_R,24,MAE,424.40471550100045,1286610,001dcee8e81efda3,True,location-k4-fold2-seed0,2
persistence,F_R,24,SS_vs_persistence,0.0,1286610,001dcee8e81efda3,True,location-k4-fold2-seed0,2
persistence,F_R,24,SS_vs_seasonal,0.011293934823224272,1286610,001dcee8e81efda3,True,location-k4-fold2-seed0,2
persistence,F_R,24,SS_vs_ar,-0.4926084048524384,1286610,001dcee8e81efda3,True,location-k4-fold2-seed0,2
persistence,F_R,25,MSE,455314.3255374115,1286610,001dcee8e81efda3,True,location-k4-fold2-seed0,2
persistence,F_R,25,MAE,426.1885527472176,1286610,001dcee8e81efda3,True,location-k4-fold2-seed0,2
persistence,F_R,25,SS_vs_persistence,0.0,1286610,001dcee8e81efda3,True,location-k4-fold2-seed0,2
persistence,F_R,25,SS_vs_seasonal,0.007998809662651318,1286610,001dcee8e81efda3,True,location-k4-fold2-seed0,2
persistence,F_R,25,SS_vs_ar,-0.49385529524770355,1286610,001dcee8e81efda3,True,location-k4-fold2-seed0,2
persistence,F_R,26,MSE,471053.8977842294,1286610,001dcee8e81efda3,True,location-k4-fold2-seed0,2
persistence,F_R,26,MAE,438.40852618850664,1286610,001dcee8e81efda3,True,location-k4-fold2-seed0,2
persistence,F_R,26,SS_vs_persistence,0.0,1286610,001dcee8e81efda3,True,location-k4-fold2-seed0,2
persistence,F_R,26,SS_vs_seasonal,0.004562875104483721,1286610,001dcee8e81efda3,True,location-k4-fold2-seed0,2
persistence,F_R,26,SS_vs_ar,-0.5305034616388078,1286610,001dcee8e81efda3,True,location-k4-fold2-seed0,2
persistence,F_R,27,MSE,492260.6756353446,1286610,001dcee8e81efda3,True,location-k4-fold2-seed0,2
persistence,F_R,27,MAE,451.77939169744946,1286610,001dcee8e81efda3,True,location-k4-fold2-seed0,2
persistence,F_R,27,SS_vs_persistence,0.0,1286610,001dcee8e81efda3,True,location-k4-fold2-seed0,2
persistence,F_R,27,SS_vs_seasonal,0.002220766547188724,1286610,001dcee8e81efda3,True,location-k4-fold2-seed0,2
persistence,F_R,27,SS_vs_ar,-0.5793765364753094,1286610,001dcee8e81efda3,True,location-k4-fold2-seed0,2
persistence,F_R,28,MSE,494076.38413041295,1286610,001dcee8e81efda3,True,location-k4-fold2-seed0,2
persistence,F_R,28,MAE,450.707412839628,1286610,001dcee8e81efda3,True,location-k4-fold2-seed0,2
persistence,F_R,28,SS_vs_persistence,0.0,1286610,001dcee8e81efda3,True,location-k4-fold2-seed0,2
persistence,F_R,28,SS_vs_seasonal,0.002967186995941784,1286610,001dcee8e81efda3,True,location-k4-fold2-seed0,2
persistence,F_R,28,SS_vs_ar,-0.5741475439792727,1286610,001dcee8e81efda3,True,location-k4-fold2-seed0,2
persistence,F_R,29,MSE,496332.1517061295,1286610,001dcee8e81efda3,True,location-k4-fold2-seed0,2
persistence,F_R,29,MAE,455.2030617319023,1286610,001dcee8e81efda3,True,location-k4-fold2-seed0,2
persistence,F_R,29,SS_vs_persistence,0.0,1286610,001dcee8e81efda3,True,location-k4-fold2-seed0,2
persistence,F_R,29,SS_vs_seasonal,0.0057219702175017595,1286610,001dcee8e81efda3,True,location-k4-fold2-seed0,2
persistence,F_R,29,SS_vs_ar,-0.5760231764803594,1286610,001dcee8e81efda3,True,location-k4-fold2-seed0,2
persistence,F_R,30,MSE,488028.58950480906,1286610,001dcee8e81efda3,True,location-k4-fold2-seed0,2
persistence,F_R,30,MAE,449.2149353504103,1286610,001dcee8e81efda3,True,location-k4-fold2-seed0,2
persistence,F_R,30,SS_vs_persistence,0.0,1286610,001dcee8e81efda3,True,location-k4-fold2-seed0,2
persistence,F_R,30,SS_vs_seasonal,0.010587871846463814,1286610,001dcee8e81efda3,True,location-k4-fold2-seed0,2
persistence,F_R,30,SS_vs_ar,-0.5545442187077443,1286610,001dcee8e81efda3,True,location-k4-fold2-seed0,2
persistence,F_R,all,MSE,442994.5889411369,1286610,001dcee8e81efda3,True,location-k4-fold2-seed0,2
persistence,F_R,all,MAE,414.5996261278959,1286610,001dcee8e81efda3,True,location-k4-fold2-seed0,2
persistence,F_R,all,SS_vs_persistence,0.0,1286610,001dcee8e81efda3,True,location-k4-fold2-seed0,2
persistence,F_R,all,SS_vs_seasonal,0.019768461005277294,1286610,001dcee8e81efda3,True,location-k4-fold2-seed0,2
persistence,F_R,all,SS_vs_ar,-0.5773657645046515,1286610,001dcee8e81efda3,True,location-k4-fold2-seed0,2
persistence,CoPx_R,1,MSE,0.02328338457418415,1118837,001dcee8e81efda3,True,location-k4-fold2-seed0,2
persistence,CoPx_R,1,MAE,0.10182809599306525,1118837,001dcee8e81efda3,True,location-k4-fold2-seed0,2
persistence,CoPx_R,1,SS_vs_persistence,4.294897770762418e-11,1118837,001dcee8e81efda3,True,location-k4-fold2-seed0,2
persistence,CoPx_R,1,SS_vs_seasonal,0.053718606080531583,1118837,001dcee8e81efda3,True,location-k4-fold2-seed0,2
persistence,CoPx_R,1,SS_vs_ar,-0.7715373205169944,1118837,001dcee8e81efda3,True,location-k4-fold2-seed0,2
persistence,CoPx_R,2,MSE,0.02633783933291755,1118837,001dcee8e81efda3,True,location-k4-fold2-seed0,2
persistence,CoPx_R,2,MAE,0.11130690903878776,1118837,001dcee8e81efda3,True,location-k4-fold2-seed0,2
persistence,CoPx_R,2,SS_vs_persistence,3.796818415224834e-11,1118837,001dcee8e81efda3,True,location-k4-fold2-seed0,2
persistence,CoPx_R,2,SS_vs_seasonal,0.03134262793045406,1118837,001dcee8e81efda3,True,location-k4-fold2-seed0,2
persistence,CoPx_R,2,SS_vs_ar,-0.8450312118103953,1118837,001dcee8e81efda3,True,location-k4-fold2-seed0,2
persistence,CoPx_R,3,MSE,0.02791695162948519,1118837,001dcee8e81efda3,True,location-k4-fold2-seed0,2
persistence,CoPx_R,3,MAE,0.114865341846175,1118837,001dcee8e81efda3,True,location-k4-fold2-seed0,2
persistence,CoPx_R,3,SS_vs_persistence,3.5820457711110976e-11,1118837,001dcee8e81efda3,True,location-k4-fold2-seed0,2
persistence,CoPx_R,3,SS_vs_seasonal,0.030632859785580058,1118837,001dcee8e81efda3,True,location-k4-fold2-seed0,2
persistence,CoPx_R,3,SS_vs_ar,-0.8735540359986302,1118837,001dcee8e81efda3,True,location-k4-fold2-seed0,2
persistence,CoPx_R,4,MSE,0.030058919338450774,1118837,001dcee8e81efda3,True,location-k4-fold2-seed0,2
persistence,CoPx_R,4,MAE,0.11713136736426785,1118837,001dcee8e81efda3,True,location-k4-fold2-seed0,2
persistence,CoPx_R,4,SS_vs_persistence,3.326794395519528e-11,1118837,001dcee8e81efda3,True,location-k4-fold2-seed0,2
persistence,CoPx_R,4,SS_vs_seasonal,0.022442723260006514,1118837,001dcee8e81efda3,True,location-k4-fold2-seed0,2
persistence,CoPx_R,4,SS_vs_ar,-0.9384992452558012,1118837,001dcee8e81efda3,True,location-k4-fold2-seed0,2
persistence,CoPx_R,5,MSE,0.03148823394270851,1118837,001dcee8e81efda3,True,location-k4-fold2-seed0,2
persistence,CoPx_R,5,MAE,0.12142838315219275,1118837,001dcee8e81efda3,True,location-k4-fold2-seed0,2
persistence,CoPx_R,5,SS_vs_persistence,3.175781859710014e-11,1118837,001dcee8e81efda3,True,location-k4-fold2-seed0,2
persistence,CoPx_R,5,SS_vs_seasonal,0.011353934982458957,1118837,001dcee8e81efda3,True,location-k4-fold2-seed0,2
persistence,CoPx_R,5,SS_vs_ar,-0.9789603721407318,1118837,001dcee8e81efda3,True,location-k4-fold2-seed0,2
persistence,CoPx_R,6,MSE,0.03057914515753097,1118837,001dcee8e81efda3,True,location-k4-fold2-seed0,2
persistence,CoPx_R,6,MAE,0.11999139131979156,1118837,001dcee8e81efda3,True,location-k4-fold2-seed0,2
persistence,CoPx_R,6,SS_vs_persistence,3.2701952257241373e-11,1118837,001dcee8e81efda3,True,location-k4-fold2-seed0,2
persistence,CoPx_R,6,SS_vs_seasonal,0.015091134398084183,1118837,001dcee8e81efda3,True,location-k4-fold2-seed0,2
persistence,CoPx_R,6,SS_vs_ar,-0.8928591679990179,1118837,001dcee8e81efda3,True,location-k4-fold2-seed0,2
persistence,CoPx_R,7,MSE,0.029489343761434687,1118837,001dcee8e81efda3,True,location-k4-fold2-seed0,2
persistence,CoPx_R,7,MAE,0.12069667242818424,1118837,001dcee8e81efda3,True,location-k4-fold2-seed0,2
persistence,CoPx_R,7,SS_vs_persistence,3.391054104184832e-11,1118837,001dcee8e81efda3,True,location-k4-fold2-seed0,2
persistence,CoPx_R,7,SS_vs_seasonal,0.01906596581589759,1118837,001dcee8e81efda3,True,location-k4-fold2-seed0,2
persistence,CoPx_R,7,SS_vs_ar,-0.7893590914377795,1118837,001dcee8e81efda3,True,location-k4-fold2-seed0,2
persistence,CoPx_R,8,MSE,0.02992577473358292,1118837,001dcee8e81efda3,True,location-k4-fold2-seed0,2
persistence,CoPx_R,8,MAE,0.12080754211570954,1118837,001dcee8e81efda3,True,location-k4-fold2-seed0,2
persistence,CoPx_R,8,SS_vs_persistence,3.341593668437781e-11,1118837,001dcee8e81efda3,True,location-k4-fold2-seed0,2
persistence,CoPx_R,8,SS_vs_seasonal,0.012143308701628941,1118837,001dcee8e81efda3,True,location-k4-fold2-seed0,2
persistence,CoPx_R,8,SS_vs_ar,-0.7766443265284717,1118837,001dcee8e81efda3,True,location-k4-fold2-seed0,2
persistence,CoPx_R,9,MSE,0.031691303797835545,1118837,001dcee8e81efda3,True,location-k4-fold2-seed0,2
persistence,CoPx_R,9,MAE,0.12353937869623194,1118837,001dcee8e81efda3,True,location-k4-fold2-seed0,2
persistence,CoPx_R,9,SS_vs_persistence,3.155431471668635e-11,1118837,001dcee8e81efda3,True,location-k4-fold2-seed0,2
persistence,CoPx_R,9,SS_vs_seasonal,0.0047170678240170405,1118837,001dcee8e81efda3,True,location-k4-fold2-seed0,2
persistence,CoPx_R,9,SS_vs_ar,-0.8459346310563449,1118837,001dcee8e81efda3,True,location-k4-fold2-seed0,2
persistence,CoPx_R,10,MSE,0.031711549310325216,1118837,001dcee8e81efda3,True,location-k4-fold2-seed0,2
persistence,CoPx_R,10,MAE,0.12301243651860028,1118837,001dcee8e81efda3,True,location-k4-fold2-seed0,2
persistence,CoPx_R,10,SS_vs_persistence,3.1534219679940634e-11,1118837,001dcee8e81efda3,True,location-k4-fold2-seed0,2
persistence,CoPx_R,10,SS_vs_seasonal,0.006036971200904628,1118837,001dcee8e81efda3,True,location-k4-fold2-seed0,2
persistence,CoPx_R,10,SS_vs_ar,-0.8155515682505505,1118837,001dcee8e81efda3,True,location-k4-fold2-seed0,2
persistence,CoPx_R,11,MSE,0.032847917925533,1118837,001dcee8e81efda3,True,location-k4-fold2-seed0,2
persistence,CoPx_R,11,MAE,0.1254887801310613,1118837,001dcee8e81efda3,True,location-k4-fold2-seed0,2
persistence,CoPx_R,11,SS_vs_persistence,3.0443314535943955e-11,1118837,001dcee8e81efda3,True,location-k4-fold2-seed0,2
persistence,CoPx_R,11,SS_vs_seasonal,0.02155929503604248,1118837,001dcee8e81efda3,True,location-k4-fold2-seed0,2
persistence,CoPx_R,11,SS_vs_ar,-0.8418217216803727,1118837,001dcee8e81efda3,True,location-k4-fold2-seed0,2
persistence,CoPx_R,12,MSE,0.03575973060258596,1118837,001dcee8e81efda3,True,location-k4-fold2-seed0,2
persistence,CoPx_R,12,MAE,0.12960313047369904,1118837,001dcee8e81efda3,True,location-k4-fold2-seed0,2
persistence,CoPx_R,12,SS_vs_persistence,2.7964408566560905e-11,1118837,001dcee8e81efda3,True,location-k4-fold2-seed0,2
persistence,CoPx_R,12,SS_vs_seasonal,0.009642744210267562,1118837,001dcee8e81efda3,True,location-k4-fold2-seed0,2
persistence,CoPx_R,12,SS_vs_ar,-0.9759842824046665,1118837,001dcee8e81efda3,True,location-k4-fold2-seed0,2
persistence,CoPx_R,13,MSE,0.03606479662680648,1118837,001dcee8e81efda3,True,location-k4-fold2-seed0,2
persistence,CoPx_R,13,MAE,0.13039045096429921,1118837,001dcee8e81efda3,True,location-k4-fold2-seed0,2
persistence,CoPx_R,13,SS_vs_persistence,2.7727820040013285e-11,1118837,001dcee8e81efda3,True,location-k4-fold2-seed0,2
persistence,CoPx_R,13,SS_vs_seasonal,0.008536083228149915,1118837,001dcee8e81efda3,True,location-k4-fold2-seed0,2
persistence,CoPx_R,13,SS_vs_ar,-0.9836955153101581,1118837,001dcee8e81efda3,True,location-k4-fold2-seed0,2
persistence,CoPx_R,14,MSE,0.033902025846121855,1118837,001dcee8e81efda3,True,location-k4-fold2-seed0,2
persistence,CoPx_R,14,MAE,0.12729877872564066,1118837,001dcee8e81efda3,True,location-k4-fold2-seed0,2
persistence,CoPx_R,14,SS_vs_persistence,2.9496738385148547e-11,1118837,001dcee8e81efda3,True,location-k4-fold2-seed0,2
persistence,CoPx_R,14,SS_vs_seasonal,0.009685061932909744,1118837,001dcee8e81efda3,True,location-k4-fold2-seed0,2
persistence,CoPx_R,14,SS_vs_ar,-0.8598895498770123,1118837,001dcee8e81efda3,True,location-k4-fold2-seed0,2
persistence,CoPx_R,15,MSE,0.03414878636483484,1118837,001dcee8e81efda3,True,location-k4-fold2-seed0,2
persistence,CoPx_R,15,MAE,0.1287879880628506,1118837,001dcee8e81efda3,True,location-k4-fold2-seed0,2
persistence,CoPx_R,15,SS_vs_persistence,2.9283575564420516e-11,1118837,001dcee8e81efda3,True,location-k4-fold2-seed0,2
persistence,CoPx_R,15,SS_vs_seasonal,0.0152934779329712,1118837,001dcee8e81efda3,True,location-k4-fold2-seed0,2
persistence,CoPx_R,15,SS_vs_ar,-0.850406696556925,1118837,001dcee8e81efda3,True,location-k4-fold2-seed0,2
persistence,CoPx_R,16,MSE,0.035137733399912614,1118837,001dcee8e81efda3,True,location-k4-fold2-seed0,2
persistence,CoPx_R,16,MAE,0.13022110278110613,1118837,001dcee8e81efda3,True,location-k4-fold2-seed0,2
persistence,CoPx_R,16,SS_vs_persistence,2.84593459909388e-11,1118837,001dcee8e81efda3,True,location-k4-fold2-seed0,2
persistence,CoPx_R,16,SS_vs_seasonal,0.015869088068714787,1118837,001dcee8e81efda3,True,location-k4-fold2-seed0,2
persistence,CoPx_R,16,SS_vs_ar,-0.8969949493314473,1118837,001dcee8e81efda3,True,location-k4-fold2-seed0,2
persistence,CoPx_R,17,MSE,0.034252530724849996,1118837,001dcee8e81efda3,True,location-k4-fold2-seed0,2
persistence,CoPx_R,17,MAE,0.12957925092258707,1118837,001dcee8e81efda3,True,location-k4-fold2-seed0,2
persistence,CoPx_R,17,SS_vs_persistence,2.9194868744752966e-11,1118837,001dcee8e81efda3,True,location-k4-fold2-seed0,2
persistence,CoPx_R,17,SS_vs_seasonal,0.012143485832889933,1118837,001dcee8e81efda3,True,location-k4-fold2-seed0,2
persistence,CoPx_R,17,SS_vs_ar,-0.8396225685399168,1118837,001dcee8e81efda3,True,location-k4-fold2-seed0,2
persistence,CoPx_R,18,MSE,0.035861548931120604,1118837,001dcee8e81efda3,True,location-k4-fold2-seed0,2
persistence,CoPx_R,18,MAE,0.13223049149019647,1118837,001dcee8e81efda3,True,location-k4-fold2-seed0,2
persistence,CoPx_R,18,SS_vs_persistence,2.7885027620300207e-11,1118837,001dcee8e81efda3,True,location-k4-fold2-seed0,2
persistence,CoPx_R,18,SS_vs_seasonal,0.00866205996776348,1118837,001dcee8e81efda3,True,location-k4-fold2-seed0,2
persistence,CoPx_R,18,SS_vs_ar,-0.91188919049218,1118837,001dcee8e81efda3,True,location-k4-fold2-seed0,2
persistence,CoPx_R,19,MSE,0.03791674320844506,1118837,001dcee8e81efda3,True,location-k4-fold2-seed0,2
persistence,CoPx_R,19,MAE,0.13461690434523207,1118837,001dcee8e81efda3,True,location-k4-fold2-seed0,2
persistence,CoPx_R,19,SS_vs_persistence,2.637356999457552e-11,1118837,001dcee8e81efda3,True,location-k4-fold2-seed0,2
persistence,CoPx_R,19,SS_vs_seasonal,0.004473202173331914,1118837,001dcee8e81efda3,True,location-k4-fold2-seed0,2
persistence,CoPx_R,19,SS_vs_ar,-1.0129797382830406,1118837,001dcee8e81efda3,True,location-k4-fold2-seed0,2
persistence,CoPx_R,20,MSE,0.03826018041761775,1118837,001dcee8e81efda3,True,location-k4-fold2-seed0,2
persistence,CoPx_R,20,MAE,0.13524840312723313,1118837,001dcee8e81efda3,True,location-k4-fold2-seed0,2
persistence,CoPx_R,20,SS_vs_persistence,2.6136759423422973e-11,1118837,001dcee8e81efda3,True,location-k4-fold2-seed0,2
persistence,CoPx_R,20,SS_vs_seasonal,0.003175570879103251,1118837,001dcee8e81efda3,True,location-k4-fold2-seed0,2
persistence,CoPx_R,20,SS_vs_ar,-1.0253645760817194,1118837,001dcee8e81efda3,True,location-k4-fold2-seed0,2
persistence,CoPx_R,21,MSE,0.03672794428873851,1118837,001dcee8e81efda3,True,location-k4-fold2-seed0,2
persistence,CoPx_R,21,MAE,0.13337480419967176,1118837,001dcee8e81efda3,True,location-k4-fold2-seed0,2
persistence,CoPx_R,21,SS_vs_persistence,2.72272204782098e-11,1118837,001dcee8e81efda3,True,location-k4-fold2-seed0,2
persistence,CoPx_R,21,SS_vs_seasonal,0.01589768235184541,1118837,001dcee8e81efda3,True,location-k4-fold2-seed0,2
persistence,CoPx_R,21,SS_vs_ar,-0.9439861711465019,1118837,001dcee8e81efda3,True,location-k4-fold2-seed0,2
persistence,CoPx_R,22,MSE,0.036739610964005076,1118837,001dcee8e81efda3,True,location-k4-fold2-seed0,2
persistence,CoPx_R,22,MAE,0.1334732728196599,1118837,001dcee8e81efda3,True,location-k4-fold2-seed0,2
persistence,CoPx_R,22,SS_vs_persistence,2.7218560738617725e-11,1118837,001dcee8e81efda3,True,location-k4-fold2-seed0,2
persistence,CoPx_R,22,SS_vs_seasonal,0.007812866448813294,1118837,001dcee8e81efda3,True,location-k4-fold2-seed0,2
persistence,CoPx_R,22,SS_vs_ar,-0.9385347592577542,1118837,001dcee8e81efda3,True,location-k4-fold2-seed0,2
persistence,CoPx_R,23,MSE,0.03742582134611688,1118837,001dcee8e81efda3,True,location-k4-fold2-seed0,2
persistence,CoPx_R,23,MAE,0.13527259152982046,1118837,001dcee8e81efda3,True,location-k4-fold2-seed0,2
persistence,CoPx_R,23,SS_vs_persistence,2.6719515489048717e-11,1118837,001dcee8e81efda3,True,location-k4-fold2-seed0,2
persistence,CoPx_R,23,SS_vs_seasonal,0.013036559178685514,1118837,001dcee8e81efda3,True,location-k4-fold2-seed0,2
persistence,CoPx_R,23,SS_vs_ar,-0.9635665099071586,1118837,001dcee8e81efda3,True,location-k4-fold2-seed0,2
persistence,CoPx_R,24,MSE,0.03716907063274314,1118837,001dcee8e81efda3,True,location-k4-fold2-seed0,2
persistence,CoPx_R,24,MAE,0.13497690282841124,1118837,001dcee8e81efda3,True,location-k4-fold2-seed0,2
persistence,CoPx_R,24,SS_vs_persistence,2.690403455574142e-11,1118837,001dcee8e81efda3,True,location-k4-fold2-seed0,2
persistence,CoPx_R,24,SS_vs_seasonal,0.014203332861201678,1118837,001dcee8e81efda3,True,location-k4-fold2-seed0,2
persistence,CoPx_R,24,SS_vs_ar,-0.9495873093689746,1118837,001dcee8e81efda3,True,location-k4-fold2-seed0,2
persistence,CoPx_R,25,MSE,0.03720829396942766,1118837,001dcee8e81efda3,True,location-k4-fold2-seed0,2
persistence,CoPx_R,25,MAE,0.13509929530902723,1118837,001dcee8e81efda3,True,location-k4-fold2-seed0,2
persistence,CoPx_R,25,SS_vs_persistence,2.6875723868613477e-11,1118837,001dcee8e81efda3,True,location-k4-fold2-seed0,2
persistence,CoPx_R,25,SS_vs_seasonal,0.010219548828536595,1118837,001dcee8e81efda3,True,location-k4-fold2-seed0,2
persistence,CoPx_R,25,SS_vs_ar,-0.9438036203734188,1118837,001dcee8e81efda3,True,location-k4-fold2-seed0,2
persistence,CoPx_R,26,MSE,0.03860159307715967,1118837,001dcee8e81efda3,True,location-k4-fold2-seed0,2
persistence,CoPx_R,26,MAE,0.13753043823845182,1118837,001dcee8e81efda3,True,location-k4-fold2-seed0,2
persistence,CoPx_R,26,SS_vs_persistence,2.5905610989696015e-11,1118837,001dcee8e81efda3,True,location-k4-fold2-seed0,2
persistence,CoPx_R,26,SS_vs_seasonal,0.00013635356280039534,1118837,001dcee8e81efda3,True,location-k4-fold2-seed0,2
persistence,CoPx_R,26,SS_vs_ar,-1.0131493492671222,1118837,001dcee8e81efda3,True,location-k4-fold2-seed0,2
persistence,CoPx_R,27,MSE,0.03962333727131101,1118837,001dcee8e81efda3,True,location-k4-fold2-seed0,2
persistence,CoPx_R,27,MAE,0.13876866530800122,1118837,001dcee8e81efda3,True,location-k4-fold2-seed0,2
persistence,CoPx_R,27,SS_vs_persistence,2.523758979577906e-11,1118837,001dcee8e81efda3,True,location-k4-fold2-seed0,2
persistence,CoPx_R,27,SS_vs_seasonal,-0.00010061375439152087,1118837,001dcee8e81efda3,True,location-k4-fold2-seed0,2
persistence,CoPx_R,27,SS_vs_ar,-1.0769331980187244,1118837,001dcee8e81efda3,True,location-k4-fold2-seed0,2
persistence,CoPx_R,28,MSE,0.03862356862311178,1118837,001dcee8e81efda3,True,location-k4-fold2-seed0,2
persistence,CoPx_R,28,MAE,0.1375276907587073,1118837,001dcee8e81efda3,True,location-k4-fold2-seed0,2
persistence,CoPx_R,28,SS_vs_persistence,2.58908450234685e-11,1118837,001dcee8e81efda3,True,location-k4-fold2-seed0,2
persistence,CoPx_R,28,SS_vs_seasonal,0.003976845733503875,1118837,001dcee8e81efda3,True,location-k4-fold2-seed0,2
persistence,CoPx_R,28,SS_vs_ar,-1.0258722118250123,1118837,001dcee8e81efda3,True,location-k4-fold2-seed0,2
persistence,CoPx_R,29,MSE,0.04018907209693046,1118837,001dcee8e81efda3,True,location-k4-fold2-seed0,2
persistence,CoPx_R,29,MAE,0.13963677762236962,1118837,001dcee8e81efda3,True,location-k4-fold2-seed0,2
persistence,CoPx_R,29,SS_vs_persistence,2.4882318427899008e-11,1118837,001dcee8e81efda3,True,location-k4-fold2-seed0,2
persistence,CoPx_R,29,SS_vs_seasonal,-0.002542988237316024,1118837,001dcee8e81efda3,True,location-k4-fold2-seed0,2
persistence,CoPx_R,29,SS_vs_ar,-1.112449394096457,1118837,001dcee8e81efda3,True,location-k4-fold2-seed0,2
persistence,CoPx_R,30,MSE,0.03985206249588017,1118837,001dcee8e81efda3,True,location-k4-fold2-seed0,2
persistence,CoPx_R,30,MAE,0.13871741661049444,1118837,001dcee8e81efda3,True,location-k4-fold2-seed0,2
persistence,CoPx_R,30,SS_vs_persistence,2.5092816713367938e-11,1118837,001dcee8e81efda3,True,location-k4-fold2-seed0,2
persistence,CoPx_R,30,SS_vs_seasonal,-0.004954362475463325,1118837,001dcee8e81efda3,True,location-k4-fold2-seed0,2
persistence,CoPx_R,30,SS_vs_ar,-1.1077388164812012,1118837,001dcee8e81efda3,True,location-k4-fold2-seed0,2
persistence,CoPx_R,all,MSE,0.03430265583168805,1118837,001dcee8e81efda3,True,location-k4-fold2-seed0,2
persistence,CoPx_R,all,MAE,0.12810156325112304,1118837,001dcee8e81efda3,True,location-k4-fold2-seed0,2
persistence,CoPx_R,all,SS_vs_persistence,2.915223618060736e-11,1118837,001dcee8e81efda3,True,location-k4-fold2-seed0,2
persistence,CoPx_R,all,SS_vs_seasonal,0.011371677574942285,1118837,001dcee8e81efda3,True,location-k4-fold2-seed0,2
persistence,CoPx_R,all,SS_vs_ar,-0.9317196268267842,1118837,001dcee8e81efda3,True,location-k4-fold2-seed0,2
persistence,CoPy_R,1,MSE,0.03591828453124564,1118837,001dcee8e81efda3,True,location-k4-fold2-seed0,2
persistence,CoPy_R,1,MAE,0.1374396885439262,1118837,001dcee8e81efda3,True,location-k4-fold2-seed0,2
persistence,CoPy_R,1,SS_vs_persistence,2.7840951766222588e-11,1118837,001dcee8e81efda3,True,location-k4-fold2-seed0,2
persistence,CoPy_R,1,SS_vs_seasonal,0.021710188207298753,1118837,001dcee8e81efda3,True,location-k4-fold2-seed0,2
persistence,CoPy_R,1,SS_vs_ar,-0.8133771345642433,1118837,001dcee8e81efda3,True,location-k4-fold2-seed0,2
persistence,CoPy_R,2,MSE,0.04027005857128071,1118837,001dcee8e81efda3,True,location-k4-fold2-seed0,2
persistence,CoPy_R,2,MAE,0.15009872970119426,1118837,001dcee8e81efda3,True,location-k4-fold2-seed0,2
persistence,CoPy_R,2,SS_vs_persistence,2.4832358391790876e-11,1118837,001dcee8e81efda3,True,location-k4-fold2-seed0,2
persistence,CoPy_R,2,SS_vs_seasonal,0.006948727036626079,1118837,001dcee8e81efda3,True,location-k4-fold2-seed0,2
persistence,CoPy_R,2,SS_vs_ar,-0.9555393642544283,1118837,001dcee8e81efda3,True,location-k4-fold2-seed0,2
persistence,CoPy_R,3,MSE,0.04291873639111056,1118837,001dcee8e81efda3,True,location-k4-fold2-seed0,2
persistence,CoPy_R,3,MAE,0.1555164898036547,1118837,001dcee8e81efda3,True,location-k4-fold2-seed0,2
persistence,CoPy_R,3,SS_vs_persistence,2.329980652859831e-11,1118837,001dcee8e81efda3,True,location-k4-fold2-seed0,2
persistence,CoPy_R,3,SS_vs_seasonal,-0.0005484896729768263,1118837,001dcee8e81efda3,True,location-k4-fold2-seed0,2
persistence,CoPy_R,3,SS_vs_ar,-1.0630963808388225,1118837,001dcee8e81efda3,True,location-k4-fold2-seed0,2
persistence,CoPy_R,4,MSE,0.04247744130583633,1118837,001dcee8e81efda3,True,location-k4-fold2-seed0,2
persistence,CoPy_R,4,MAE,0.15507450396391934,1118837,001dcee8e81efda3,True,location-k4-fold2-seed0,2
persistence,CoPy_R,4,SS_vs_persistence,2.3541835147966594e-11,1118837,001dcee8e81efda3,True,location-k4-fold2-seed0,2
persistence,CoPy_R,4,SS_vs_seasonal,0.002245787614158945,1118837,001dcee8e81efda3,True,location-k4-fold2-seed0,2
persistence,CoPy_R,4,SS_vs_ar,-1.031921157448652,1118837,001dcee8e81efda3,True,location-k4-fold2-seed0,2
persistence,CoPy_R,5,MSE,0.0432821088515681,1118837,001dcee8e81efda3,True,location-k4-fold2-seed0,2
persistence,CoPy_R,5,MAE,0.15680525294830974,1118837,001dcee8e81efda3,True,location-k4-fold2-seed0,2
persistence,CoPy_R,5,SS_vs_persistence,2.3104185231659358e-11,1118837,001dcee8e81efda3,True,location-k4-fold2-seed0,2
persistence,CoPy_R,5,SS_vs_seasonal,0.000920897522119879,1118837,001dcee8e81efda3,True,location-k4-fold2-seed0,2
persistence,CoPy_R,5,SS_vs_ar,-1.0563674213294822,1118837,001dcee8e81efda3,True,location-k4-fold2-seed0,2
persistence,CoPy_R,6,MSE,0.040989893776702126,1118837,001dcee8e81efda3,True,location-k4-fold2-seed0,2
persistence,CoPy_R,6,MAE,0.15142311013413873,1118837,001dcee8e81efda3,True,location-k4-fold2-seed0,2
persistence,CoPy_R,6,SS_vs_persistence,2.4396262787718115e-11,1118837,001dcee8e81efda3,True,location-k4-fold2-seed0,2
persistence,CoPy_R,6,SS_vs_seasonal,0.011545419125350453,1118837,001dcee8e81efda3,True,location-k4-fold2-seed0,2
persistence,CoPy_R,6,SS_vs_ar,-0.9463903322023379,1118837,001dcee8e81efda3,True,location-k4-fold2-seed0,2
persistence,CoPy_R,7,MSE,0.0418778907000153,1118837,001dcee8e81efda3,True,location-k4-fold2-seed0,2
persistence,CoPy_R,7,MAE,0.15309391658601468,1118837,001dcee8e81efda3,True,location-k4-fold2-seed0,2
persistence,CoPy_R,7,SS_vs_persistence,2.3878898858242792e-11,1118837,001dcee8e81efda3,True,location-k4-fold2-seed0,2
persistence,CoPy_R,7,SS_vs_seasonal,0.003400531642086424,1118837,001dcee8e81efda3,True,location-k4-fold2-seed0,2
persistence,CoPy_R,7,SS_vs_ar,-0.9717223303959592,1118837,001dcee8e81efda3,True,location-k4-fold2-seed0,2
persistence,CoPy_R,8,MSE,0.04051861163859312,1118837,001dcee8e81efda3,True,location-k4-fold2-seed0,2
persistence,CoPy_R,8,MAE,0.14991907478431593,1118837,001dcee8e81efda3,True,location-k4-fold2-seed0,2
persistence,CoPy_R,8,SS_vs_persistence,2.4680035792812305e-11,1118837,001dcee8e81efda3,True,location-k4-fold2-seed0,2
persistence,CoPy_R,8,SS_vs_seasonal,0.00943882417816333,1118837,001dcee8e81efda3,True,location-k4-fold2-seed0,2
persistence,CoPy_R,8,SS_vs_ar,-0.8980730349837867,1118837,001dcee8e81efda3,True,location-k4-fold2-seed0,2
persistence,CoPy_R,9,MSE,0.04163188710231779,1118837,001dcee8e81efda3,True,location-k4-fold2-seed0,2
persistence,CoPy_R,9,MAE,0.15271046083391032,1118837,001dcee8e81efda3,True,location-k4-fold2-seed0,2
persistence,CoPy_R,9,SS_vs_persistence,2.402000820467265e-11,1118837,001dcee8e81efda3,True,location-k4-fold2-seed0,2
persistence,CoPy_R,9,SS_vs_seasonal,0.00431692829771213,1118837,001dcee8e81efda3,True,location-k4-fold2-seed0,2
persistence,CoPy_R,9,SS_vs_ar,-0.9318956824648703,1118837,001dcee8e81efda3,True,location-k4-fold2-seed0,2
persistence,CoPy_R,10,MSE,0.04133396148849929,1118837,001dcee8e81efda3,True,location-k4-fold2-seed0,2
persistence,CoPy_R,10,MAE,0.153221359033261,1118837,001dcee8e81efda3,True,location-k4-fold2-seed0,2
persistence,CoPy_R,10,SS_vs_persistence,2.4193202996514174e-11,1118837,001dcee8e81efda3,True,location-k4-fold2-seed0,2
persistence,CoPy_R,10,SS_vs_seasonal,0.006794582568054763,1118837,001dcee8e81efda3,True,location-k4-fold2-seed0,2
persistence,CoPy_R,10,SS_vs_ar,-0.901824109876626,1118837,001dcee8e81efda3,True,location-k4-fold2-seed0,2
persistence,CoPy_R,11,MSE,0.04464393168839837,1118837,001dcee8e81efda3,True,location-k4-fold2-seed0,2
persistence,CoPy_R,11,MAE,0.15912303802781483,1118837,001dcee8e81efda3,True,location-k4-fold2-seed0,2
persistence,CoPy_R,11,SS_vs_persistence,2.2399415655627308e-11,1118837,001dcee8e81efda3,True,location-k4-fold2-seed0,2
persistence,CoPy_R,11,SS_vs_seasonal,0.007338190382827348,1118837,001dcee8e81efda3,True,location-k4-fold2-seed0,2
persistence,CoPy_R,11,SS_vs_ar,-1.0335374325501365,1118837,001dcee8e81efda3,True,location-k4-fold2-seed0,2
persistence,CoPy_R,12,MSE,0.046081536030270105,1118837,001dcee8e81efda3,True,location-k4-fold2-seed0,2
persistence,CoPy_R,12,MAE,0.1614595727470612,1118837,001dcee8e81efda3,True,location-k4-fold2-seed0,2
persistence,CoPy_R,12,SS_vs_persistence,2.1700641283928235e-11,1118837,001dcee8e81efda3,True,location-k4-fold2-seed0,2
persistence,CoPy_R,12,SS_vs_seasonal,0.002967987520625659,1118837,001dcee8e81efda3,True,location-k4-fold2-seed0,2
persistence,CoPy_R,12,SS_vs_ar,-1.0927286791523665,1118837,001dcee8e81efda3,True,location-k4-fold2-seed0,2
persistence,CoPy_R,13,MSE,0.046591138176515313,1118837,001dcee8e81efda3,True,location-k4-fold2-seed0,2
persistence,CoPy_R,13,MAE,0.16274340366543028,1118837,001dcee8e81efda3,True,location-k4-fold2-seed0,2
persistence,CoPy_R,13,SS_vs_persistence,2.1463275601263376e-11,1118837,001dcee8e81efda3,True,location-k4-fold2-seed0,2
persistence,CoPy_R,13,SS_vs_seasonal,-0.0005610770623820649,1118837,001dcee8e81efda3,True,location-k4-fold2-seed0,2
persistence,CoPy_R,13,SS_vs_ar,-1.1182296450830185,1118837,001dcee8e81efda3,True,location-k4-fold2-seed0,2
persistence,CoPy_R,14,MSE,0.04415431861692867,1118837,001dcee8e81efda3,True,location-k4-fold2-seed0,2
persistence,CoPy_R,14,MAE,0.15801756358786842,1118837,001dcee8e81efda3,True,location-k4-fold2-seed0,2
persistence,CoPy_R,14,SS_vs_persistence,2.2647772546235956e-11,1118837,001dcee8e81efda3,True,location-k4-fold2-seed0,2
persistence,CoPy_R,14,SS_vs_seasonal,0.004161906231085921,1118837,001dcee8e81efda3,True,location-k4-fold2-seed0,2
persistence,CoPy_R,14,SS_vs_ar,-1.0153332350260786,1118837,001dcee8e81efda3,True,location-k4-fold2-seed0,2
persistence,CoPy_R,15,MSE,0.0436606257499433,1118837,001dcee8e81efda3,True,location-k4-fold2-seed0,2
persistence,CoPy_R,15,MAE,0.15659101243657814,1118837,001dcee8e81efda3,True,location-k4-fold2-seed0,2
persistence,CoPy_R,15,SS_vs_persistence,2.290390099801698e-11,1118837,001dcee8e81efda3,True,location-k4-fold2-seed0,2
persistence,CoPy_R,15,SS_vs_seasonal,0.006327442336867661,1118837,001dcee8e81efda3,True,location-k4-fold2-seed0,2
persistence,CoPy_R,15,SS_vs_ar,-0.9906360203263838,1118837,001dcee8e81efda3,True,location-k4-fold2-seed0,2
persistence,CoPy_R,16,MSE,0.043839942962415356,1118837,001dcee8e81efda3,True,location-k4-fold2-seed0,2
persistence,CoPy_R,16,MAE,0.15692783577422964,1118837,001dcee8e81efda3,True,location-k4-fold2-seed0,2
persistence,CoPy_R,16,SS_vs_persistence,2.2810198174738616e-11,1118837,001dcee8e81efda3,True,location-k4-fold2-seed0,2
persistence,CoPy_R,16,SS_vs_seasonal,0.013578198644650596,1118837,001dcee8e81efda3,True,location-k4-fold2-seed0,2
persistence,CoPy_R,16,SS_vs_ar,-0.9973420981580043,1118837,001dcee8e81efda3,True,location-k4-fold2-seed0,2
persistence,CoPy_R,17,MSE,0.04375425281682016,1118837,001dcee8e81efda3,True,location-k4-fold2-seed0,2
persistence,CoPy_R,17,MAE,0.15749204278356177,1118837,001dcee8e81efda3,True,location-k4-fold2-seed0,2
persistence,CoPy_R,17,SS_vs_persistence,2.285494016263101e-11,1118837,001dcee8e81efda3,True,location-k4-fold2-seed0,2
persistence,CoPy_R,17,SS_vs_seasonal,0.00898490572674182,1118837,001dcee8e81efda3,True,location-k4-fold2-seed0,2
persistence,CoPy_R,17,SS_vs_ar,-0.9874749266880687,1118837,001dcee8e81efda3,True,location-k4-fold2-seed0,2
persistence,CoPy_R,18,MSE,0.045604960269039624,1118837,001dcee8e81efda3,True,location-k4-fold2-seed0,2
persistence,CoPy_R,18,MAE,0.16073244342307158,1118837,001dcee8e81efda3,True,location-k4-fold2-seed0,2
persistence,CoPy_R,18,SS_vs_persistence,2.1927459847859154e-11,1118837,001dcee8e81efda3,True,location-k4-fold2-seed0,2
persistence,CoPy_R,18,SS_vs_seasonal,0.006958596955125129,1118837,001dcee8e81efda3,True,location-k4-fold2-seed0,2
persistence,CoPy_R,18,SS_vs_ar,-1.0710466459365189,1118837,001dcee8e81efda3,True,location-k4-fold2-seed0,2
persistence,CoPy_R,19,MSE,0.04676569964752047,1118837,001dcee8e81efda3,True,location-k4-fold2-seed0,2
persistence,CoPy_R,19,MAE,0.16286062835886073,1118837,001dcee8e81efda3,True,location-k4-fold2-seed0,2
persistence,CoPy_R,19,SS_vs_persistence,2.138311749888544e-11,1118837,001dcee8e81efda3,True,location-k4-fold2-seed0,2
persistence,CoPy_R,19,SS_vs_seasonal,0.0016271699520256089,1118837,001dcee8e81efda3,True,location-k4-fold2-seed0,2
persistence,CoPy_R,19,SS_vs_ar,-1.1241981923630675,1118837,001dcee8e81efda3,True,location-k4-fold2-seed0,2
persistence,CoPy_R,20,MSE,0.04647512087409784,1118837,001dcee8e81efda3,True,location-k4-fold2-seed0,2
persistence,CoPy_R,20,MAE,0.1627996589248014,1118837,001dcee8e81efda3,True,location-k4-fold2-seed0,2
persistence,CoPy_R,20,SS_vs_persistence,2.151689937335277e-11,1118837,001dcee8e81efda3,True,location-k4-fold2-seed0,2
persistence,CoPy_R,20,SS_vs_seasonal,0.0015029738630342182,1118837,001dcee8e81efda3,True,location-k4-fold2-seed0,2
persistence,CoPy_R,20,SS_vs_ar,-1.1082154575346248,1118837,001dcee8e81efda3,True,location-k4-fold2-seed0,2
persistence,CoPy_R,21,MSE,0.045781854607636015,1118837,001dcee8e81efda3,True,location-k4-fold2-seed0,2
persistence,CoPy_R,21,MAE,0.16103168517097835,1118837,001dcee8e81efda3,True,location-k4-fold2-seed0,2
persistence,CoPy_R,21,SS_vs_persistence,2.1842638808777792e-11,1118837,001dcee8e81efda3,True,location-k4-fold2-seed0,2
persistence,CoPy_R,21,SS_vs_seasonal,-0.0012849456441486051,1118837,001dcee8e81efda3,True,location-k4-fold2-seed0,2
persistence,CoPy_R,21,SS_vs_ar,-1.0773748641892977,1118837,001dcee8e81efda3,True,location-k4-fold2-seed0,2
persistence,CoPy_R,22,MSE,0.045544029905708876,1118837,001dcee8e81efda3,True,location-k4-fold2-seed0,2
persistence,CoPy_R,22,MAE,0.16092130808315797,1118837,001dcee8e81efda3,True,location-k4-fold2-seed0,2
persistence,CoPy_R,22,SS_vs_persistence,2.1956769735709258e-11,1118837,001dcee8e81efda3,True,location-k4-fold2-seed0,2
persistence,CoPy_R,22,SS_vs_seasonal,-0.0002967988777298203,1118837,001dcee8e81efda3,True,location-k4-fold2-seed0,2
persistence,CoPy_R,22,SS_vs_ar,-1.072033599679576,1118837,001dcee8e81efda3,True,location-k4-fold2-seed0,2
persistence,CoPy_R,23,MSE,0.045138917838854334,1118837,001dcee8e81efda3,True,location-k4-fold2-seed0,2
persistence,CoPy_R,23,MAE,0.15930810678614687,1118837,001dcee8e81efda3,True,location-k4-fold2-seed0,2
persistence,CoPy_R,23,SS_vs_persistence,2.2153834322580224e-11,1118837,001dcee8e81efda3,True,location-k4-fold2-seed0,2
persistence,CoPy_R,23,SS_vs_seasonal,0.002071910756507922,1118837,001dcee8e81efda3,True,location-k4-fold2-seed0,2
persistence,CoPy_R,23,SS_vs_ar,-1.0505617149672526,1118837,001dcee8e81efda3,True,location-k4-fold2-seed0,2
persistence,CoPy_R,24,MSE,0.04398540178118591,1118837,001dcee8e81efda3,True,location-k4-fold2-seed0,2
persistence,CoPy_R,24,MAE,0.1572698420150123,1118837,001dcee8e81efda3,True,location-k4-fold2-seed0,2
persistence,CoPy_R,24,SS_vs_persistence,2.2734814031366568e-11,1118837,001dcee8e81efda3,True,location-k4-fold2-seed0,2
persistence,CoPy_R,24,SS_vs_seasonal,0.005452359201182366,1118837,001dcee8e81efda3,True,location-k4-fold2-seed0,2
persistence,CoPy_R,24,SS_vs_ar,-0.9932034348151852,1118837,001dcee8e81efda3,True,location-k4-fold2-seed0,2
persistence,CoPy_R,25,MSE,0.043791245277545146,1118837,001dcee8e81efda3,True,location-k4-fold2-seed0,2
persistence,CoPy_R,25,MAE,0.15829912197442006,1118837,001dcee8e81efda3,True,location-k4-fold2-seed0,2
persistence,CoPy_R,25,SS_vs_persistence,2.2835622282002532e-11,1118837,001dcee8e81efda3,True,location-k4-fold2-seed0,2
persistence,CoPy_R,25,SS_vs_seasonal,0.005529471864165192,1118837,001dcee8e81efda3,True,location-k4-fold2-seed0,2
persistence,CoPy_R,25,SS_vs_ar,-0.9780554165024145,1118837,001dcee8e81efda3,True,location-k4-fold2-seed0,2
persistence,CoPy_R,26,MSE,0.046354288421035277,1118837,001dcee8e81efda3,True,location-k4-fold2-seed0,2
persistence,CoPy_R,26,MAE,0.1623863355960356,1118837,001dcee8e81efda3,True,location-k4-fold2-seed0,2
persistence,CoPy_R,26,SS_vs_persistence,2.1572965636096342e-11,1118837,001dcee8e81efda3,True,location-k4-fold2-seed0,2
persistence,CoPy_R,26,SS_vs_seasonal,0.0020245852234046513,1118837,001dcee8e81efda3,True,location-k4-fold2-seed0,2
persistence,CoPy_R,26,SS_vs_ar,-1.081062444175514,1118837,001dcee8e81efda3,True,location-k4-fold2-seed0,2
persistence,CoPy_R,27,MSE,0.047844817472434825,1118837,001dcee8e81efda3,True,location-k4-fold2-seed0,2
persistence,CoPy_R,27,MAE,0.16560329277678063,1118837,001dcee8e81efda3,True,location-k4-fold2-seed0,2
persistence,CoPy_R,27,SS_vs_persistence,2.0900836616988272e-11,1118837,001dcee8e81efda3,True,location-k4-fold2-seed0,2
persistence,CoPy_R,27,SS_vs_seasonal,-0.002040848888217761,1118837,001dcee8e81efda3,True,location-k4-fold2-seed0,2
persistence,CoPy_R,27,SS_vs_ar,-1.1538589830263923,1118837,001dcee8e81efda3,True,location-k4-fold2-seed0,2
persistence,CoPy_R,28,MSE,0.048758576360522464,1118837,001dcee8e81efda3,True,location-k4-fold2-seed0,2
persistence,CoPy_R,28,MAE,0.1670873692214364,1118837,001dcee8e81efda3,True,location-k4-fold2-seed0,2
persistence,CoPy_R,28,SS_vs_persistence,2.0509149933900517e-11,1118837,001dcee8e81efda3,True,location-k4-fold2-seed0,2
persistence,CoPy_R,28,SS_vs_seasonal,-0.007791935451977983,1118837,001dcee8e81efda3,True,location-k4-fold2-seed0,2
persistence,CoPy_R,28,SS_vs_ar,-1.1933299051321251,1118837,001dcee8e81efda3,True,location-k4-fold2-seed0,2
persistence,CoPy_R,29,MSE,0.048668536299180484,1118837,001dcee8e81efda3,True,location-k4-fold2-seed0,2
persistence,CoPy_R,29,MAE,0.16728484450677225,1118837,001dcee8e81efda3,True,location-k4-fold2-seed0,2
persistence,CoPy_R,29,SS_vs_persistence,2.0547119561342697e-11,1118837,001dcee8e81efda3,True,location-k4-fold2-seed0,2
persistence,CoPy_R,29,SS_vs_seasonal,-0.011252252185681488,1118837,001dcee8e81efda3,True,location-k4-fold2-seed0,2
persistence,CoPy_R,29,SS_vs_ar,-1.1986089371646371,1118837,001dcee8e81efda3,True,location-k4-fold2-seed0,2
persistence,CoPy_R,30,MSE,0.04658656186300319,1118837,001dcee8e81efda3,True,location-k4-fold2-seed0,2
persistence,CoPy_R,30,MAE,0.16286356055344028,1118837,001dcee8e81efda3,True,location-k4-fold2-seed0,2
persistence,CoPy_R,30,SS_vs_persistence,2.1465385025010164e-11,1118837,001dcee8e81efda3,True,location-k4-fold2-seed0,2
persistence,CoPy_R,30,SS_vs_seasonal,-0.0014224218984064674,1118837,001dcee8e81efda3,True,location-k4-fold2-seed0,2
persistence,CoPy_R,30,SS_vs_ar,-1.1064451402329314,1118837,001dcee8e81efda3,True,location-k4-fold2-seed0,2
persistence,CoPy_R,all,MSE,0.044180122730447566,1118837,001dcee8e81efda3,True,location-k4-fold2-seed0,2
persistence,CoPy_R,all,MAE,0.1578811545017706,1118837,001dcee8e81efda3,True,location-k4-fold2-seed0,2
persistence,CoPy_R,all,SS_vs_persistence,2.2634560892242916e-11,1118837,001dcee8e81efda3,True,location-k4-fold2-seed0,2
persistence,CoPy_R,all,SS_vs_seasonal,0.0034119270100931853,1118837,001dcee8e81efda3,True,location-k4-fold2-seed0,2
persistence,CoPy_R,all,SS_vs_ar,-1.0353844550610414,1118837,001dcee8e81efda3,True,location-k4-fold2-seed0,2
seasonal,F_R,1,MSE,345141.44386937923,1286610,001dcee8e81efda3,True,location-k4-fold2-seed0,2
seasonal,F_R,1,MAE,349.76702938782074,1286610,001dcee8e81efda3,True,location-k4-fold2-seed0,2
seasonal,F_R,1,SS_vs_persistence,-0.11830816596326366,1286610,001dcee8e81efda3,True,location-k4-fold2-seed0,2
seasonal,F_R,1,SS_vs_seasonal,0.0,1286610,001dcee8e81efda3,True,location-k4-fold2-seed0,2
seasonal,F_R,1,SS_vs_ar,-0.6300373830915416,1286610,001dcee8e81efda3,True,location-k4-fold2-seed0,2
seasonal,F_R,2,MSE,386637.6911703882,1286610,001dcee8e81efda3,True,location-k4-fold2-seed0,2
seasonal,F_R,2,MAE,380.9674884578132,1286610,001dcee8e81efda3,True,location-k4-fold2-seed0,2
seasonal,F_R,2,SS_vs_persistence,-0.06012129402620969,1286610,001dcee8e81efda3,True,location-k4-fold2-seed0,2
seasonal,F_R,2,SS_vs_seasonal,0.0,1286610,001dcee8e81efda3,True,location-k4-fold2-seed0,2
seasonal,F_R,2,SS_vs_ar,-0.667555231827051,1286610,001dcee8e81efda3,True,location-k4-fold2-seed0,2
seasonal,F_R,3,MSE,407337.8093955863,1286610,001dcee8e81efda3,True,location-k4-fold2-seed0,2
seasonal,F_R,3,MAE,394.0653972849436,1286610,001dcee8e81efda3,True,location-k4-fold2-seed0,2
seasonal,F_R,3,SS_vs_persistence,-0.030565220200064802,1286610,001dcee8e81efda3,True,location-k4-fold2-seed0,2
seasonal,F_R,3,SS_vs_seasonal,0.0,1286610,001dcee8e81efda3,True,location-k4-fold2-seed0,2
seasonal,F_R,3,SS_vs_ar,-0.6865410739988125,1286610,001dcee8e81efda3,True,location-k4-fold2-seed0,2
seasonal,F_R,4,MSE,413848.88376215484,1286610,001dcee8e81efda3,True,location-k4-fold2-seed0,2
seasonal,F_R,4,MAE,395.84532845763283,1286610,001dcee8e81efda3,True,location-k4-fold2-seed0,2
seasonal,F_R,4,SS_vs_persistence,-0.029240192519737862,1286610,001dcee8e81efda3,True,location-k4-fold2-seed0,2
seasonal,F_R,4,SS_vs_seasonal,0.0,1286610,001dcee8e81efda3,True,location-k4-fold2-seed0,2
seasonal,F_R,4,SS_vs_ar,-0.6869874219352987,1286610,001dcee8e81efda3,True,location-k4-fold2-seed0,2
seasonal,F_R,5,MSE,425672.6718133757,1286610,001dcee8e81efda3,True,location-k4-fold2-seed0,2
seasonal,F_R,5,MAE,405.5017395254353,1286610,001dcee8e81efda3,True,location-k4-fold2-seed0,2
seasonal,F_R,5,SS_vs_persistence,-0.01660039195191354,1286610,001dcee8e81efda3,True,location-k4-fold2-seed0,2
seasonal,F_R,5,SS_vs_seasonal,0.0,1286610,001dcee8e81efda3,True,location-k4-fold2-seed0,2
seasonal,F_R,5,SS_vs_ar,-0.7253139235350807,1286610,001dcee8e81efda3,True,location-k4-fold2-seed0,2
seasonal,F_R,6,MSE,408828.4227190299,1286610,001dcee8e81efda3,True,location-k4-fold2-seed0,2
seasonal,F_R,6,MAE,391.95121015806257,1286610,001dcee8e81efda3,True,location-k4-fold2-seed0,2
seasonal,F_R,6,SS_vs_persistence,-0.023875550887487718,1286610,001dcee8e81efda3,True,location-k4-fold2-seed0,2
seasonal,F_R,6,SS_vs_seasonal,0.0,1286610,001dcee8e81efda3,True,location-k4-fold2-seed0,2
seasonal,F_R,6,SS_vs_ar,-0.6499518457243225,1286610,001dcee8e81efda3,True,location-k4-fold2-seed0,2
seasonal,F_R,7,MSE,407108.623923162,1286610,001dcee8e81efda3,True,location-k4-fold2-seed0,2
seasonal,F_R,7,MAE,391.2457955519829,1286610,001dcee8e81efda3,True,location-k4-fold2-seed0,2
seasonal,F_R,7,SS_vs_persistence,-0.009550769476002419,1286610,001dcee8e81efda3,True,location-k4-fold2-seed0,2
seasonal,F_R,7,SS_vs_seasonal,0.0,1286610,001dcee8e81efda3,True,location-k4-fold2-seed0,2
seasonal,F_R,7,SS_vs_ar,-0.6163227225912644,1286610,001dcee8e81efda3,True,location-k4-fold2-seed0,2
seasonal,F_R,8,MSE,412420.09126922855,1286610,001dcee8e81efda3,True,location-k4-fold2-seed0,2
seasonal,F_R,8,MAE,389.2558981305524,1286610,001dcee8e81efda3,True,location-k4-fold2-seed0,2
seasonal,F_R,8,SS_vs_persistence,-0.014764760688064538,1286610,001dcee8e81efda3,True,location-k4-fold2-seed0,2
seasonal,F_R,8,SS_vs_seasonal,0.0,1286610,001dcee8e81efda3,True,location-k4-fold2-seed0,2
seasonal,F_R,8,SS_vs_ar,-0.6074966824097452,1286610,001dcee8e81efda3,True,location-k4-fold2-seed0,2
seasonal,F_R,9,MSE,426266.5897496555,1286610,001dcee8e81efda3,True,location-k4-fold2-seed0,2
seasonal,F_R,9,MAE,400.02801925677323,1286610,001dcee8e81efda3,True,location-k4-fold2-seed0,2
seasonal,F_R,9,SS_vs_persistence,-0.015898337448503996,1286610,001dcee8e81efda3,True,location-k4-fold2-seed0,2
seasonal,F_R,9,SS_vs_seasonal,0.0,1286610,001dcee8e81efda3,True,location-k4-fold2-seed0,2
seasonal,F_R,9,SS_vs_ar,-0.638818342283773,1286610,001dcee8e81efda3,True,location-k4-fold2-seed0,2
seasonal,F_R,10,MSE,417671.7699737318,1286610,001dcee8e81efda3,True,location-k4-fold2-seed0,2
seasonal,F_R,10,MAE,394.4118271733258,1286610,001dcee8e81efda3,True,location-k4-fold2-seed0,2
seasonal,F_R,10,SS_vs_persistence,-0.019823434964800546,1286610,001dcee8e81efda3,True,location-k4-fold2-seed0,2
seasonal,F_R,10,SS_vs_seasonal,0.0,1286610,001dcee8e81efda3,True,location-k4-fold2-seed0,2
seasonal,F_R,10,SS_vs_ar,-0.5901716265224459,1286610,001dcee8e81efda3,True,location-k4-fold2-seed0,2
seasonal,F_R,11,MSE,441036.2048429748,1286610,001dcee8e81efda3,True,location-k4-fold2-seed0,2
seasonal,F_R,11,MAE,410.55433620664843,1286610,001dcee8e81efda3,True,location-k4-fold2-seed0,2
seasonal,F_R,11,SS_vs_persistence,-0.030064986562306606,1286610,001dcee8e81efda3,True,location-k4-fold2-seed0,2
seasonal,F_R,11,SS_vs_seasonal,0.0,1286610,001dcee8e81efda3,True,location-k4-fold2-seed0,2
seasonal,F_R,11,SS_vs_ar,-0.6403698191490867,1286610,001dcee8e81efda3,True,location-k4-fold2-seed0,2
seasonal,F_R,12,MSE,457635.8204036049,1286610,001dcee8e81efda3,True,location-k4-fold2-seed0,2
seasonal,F_R,12,MAE,424.1258023048305,1286610,001dcee8e81efda3,True,location-k4-fold2-seed0,2
seasonal,F_R,12,SS_vs_persistence,-0.018063431262400842,1286610,001dcee8e81efda3,True,location-k4-fold2-seed0,2
seasonal,F_R,12,SS_vs_seasonal,0.0,1286610,001dcee8e81efda3,True,location-k4-fold2-seed0,2
seasonal,F_R,12,SS_vs_ar,-0.681413037970459,1286610,001dcee8e81efda3,True,location-k4-fold2-seed0,2
seasonal,F_R,13,MSE,456996.2237306969,1286610,001dcee8e81efda3,True,location-k4-fold2-seed0,2
seasonal,F_R,13,MAE,425.81856698589826,1286610,001dcee8e81efda3,True,location-k4-fold2-seed0,2
seasonal,F_R,13,SS_vs_persistence,-0.014124814180309642,1286610,001dcee8e81efda3,True,location-k4-fold2-seed0,2
seasonal,F_R,13,SS_vs_seasonal,0.0,1286610,001dcee8e81efda3,True,location-k4-fold2-seed0,2
seasonal,F_R,13,SS_vs_ar,-0.6752793194490248,1286610,001dcee8e81efda3,True,location-k4-fold2-seed0,2
seasonal,F_R,14,MSE,451261.07243970275,1286610,001dcee8e81efda3,True,location-k4-fold2-seed0,2
seasonal,F_R,14,MAE,414.1329740516776,1286610,001dcee8e81efda3,True,location-k4-fold2-seed0,2
seasonal,F_R,14,SS_vs_persistence,-0.02136706034302649,1286610,001dcee8e81efda3,True,location-k4-fold2-seed0,2
seasonal,F_R,14,SS_vs_seasonal,0.0,1286610,001dcee8e81efda3,True,location-k4-fold2-seed0,2
seasonal,F_R,14,SS_vs_ar,-0.6472960878636802,1286610,001dcee8e81efda3,True,location-k4-fold2-seed0,2
seasonal,F_R,15,MSE,451095.45371657563,1286610,001dcee8e81efda3,True,location-k4-fold2-seed0,2
seasonal,F_R,15,MAE,413.8213300951119,1286610,001dcee8e81efda3,True,location-k4-fold2-seed0,2
seasonal,F_R,15,SS_vs_persistence,-0.019794289833621637,1286610,001dcee8e81efda3,True,location-k4-fold2-seed0,2
seasonal,F_R,15,SS_vs_seasonal,0.0,1286610,001dcee8e81efda3,True,location-k4-fold2-seed0,2
seasonal,F_R,15,SS_vs_ar,-0.6370713515473492,1286610,001dcee8e81efda3,True,location-k4-fold2-seed0,2
seasonal,F_R,16,MSE,467795.4317066665,1286610,001dcee8e81efda3,True,location-k4-fold2-seed0,2
seasonal,F_R,16,MAE,419.27940029904164,1286610,001dcee8e81efda3,True,location-k4-fold2-seed0,2
seasonal,F_R,16,SS_vs_persistence,-0.029257991205523748,1286610,001dcee8e81efda3,True,location-k4-fold2-seed0,2
seasonal,F_R,16,SS_vs_seasonal,0.0,1286610,001dcee8e81efda3,True,location-k4-fold2-seed0,2
seasonal,F_R,16,SS_vs_ar,-0.599518268688382,1286610,001dcee8e81efda3,True,location-k4-fold2-seed0,2
seasonal,F_R,17,MSE,469757.72842964093,1286610,001dcee8e81efda3,True,location-k4-fold2-seed0,2
seasonal,F_R,17,MAE,422.02183634577676,1286610,001dcee8e81efda3,True,location-k4-fold2-seed0,2
seasonal,F_R,17,SS_vs_persistence,-0.02746199543851713,1286610,001dcee8e81efda3,True,location-k4-fold2-seed0,2
seasonal,F_R,17,SS_vs_seasonal,0.0,1286610,001dcee8e81efda3,True,location-k4-fold2-seed0,2
seasonal,F_R,17,SS_vs_ar,-0.5886815531965788,1286610,001dcee8e81efda3,True,location-k4-fold2-seed0,2
seasonal,F_R,18,MSE,481794.7880536701,1286610,001dcee8e81efda3,True,location-k4-fold2-seed0,2
seasonal,F_R,18,MAE,430.516861437606,1286610,001dcee8e81efda3,True,location-k4-fold2-seed0,2
seasonal,F_R,18,SS_vs_persistence,-0.026094484549527897,1286610,001dcee8e81efda3,True,location-k4-fold2-seed0,2
seasonal,F_R,18,SS_vs_seasonal,0.0,1286610,001dcee8e81efda3,True,location-k4-fold2-seed0,2
seasonal,F_R,18,SS_vs_ar,-0.5925790233977788,1286610,001dcee8e81efda3,True,location-k4-fold2-seed0,2
seasonal,F_R,19,MSE,495344.142402322,1286610,001dcee8e81efda3,True,location-k4-fold2-seed0,2
seasonal,F_R,19,MAE,441.5112133452627,1286610,001dcee8e81efda3,True,location-k4-fold2-seed0,2
seasonal,F_R,19,SS_vs_persistence,-0.020497912499841453,1286610,001dcee8e81efda3,True,location-k4-fold2-seed0,2
seasonal,F_R,19,SS_vs_seasonal,0.0,1286610,001dcee8e81efda3,True,location-k4-fold2-seed0,2
seasonal,F_R,19,SS_vs_ar,-0.625108315329399,1286610,001dcee8e81efda3,True,location-k4-fold2-seed0,2
seasonal,F_R,20,MSE,502926.3694431169,1286610,001dcee8e81efda3,True,location-k4-fold2-seed0,2
seasonal,F_R,20,MAE,442.88922723842234,1286610,001dcee8e81efda3,True,location-k4-fold2-seed0,2
seasonal,F_R,20,SS_vs_persistence,-0.01732341589348918,1286610,001dcee8e81efda3,True,location-k4-fold2-seed0,2
seasonal,F_R,20,SS_vs_seasonal,0.0,1286610,001dcee8e81efda3,True,location-k4-fold2-seed0,2
seasonal,F_R,20,SS_vs_ar,-0.6325783310644173,1286610,001dcee8e81efda3,True,location-k4-fold2-seed0,2
seasonal,F_R,21,MSE,486581.3414829636,1286610,001dcee8e81efda3,True,location-k4-fold2-seed0,2
seasonal,F_R,21,MAE,434.3758080316351,1286610,001dcee8e81efda3,True,location-k4-fold2-seed0,2
seasonal,F_R,21,SS_vs_persistence,-0.017930808121711772,1286610,001dcee8e81efda3,True,location-k4-fold2-seed0,2
seasonal,F_R,21,SS_vs_seasonal,0.0,1286610,001dcee8e81efda3,True,location-k4-fold2-seed0,2
seasonal,F_R,21,SS_vs_ar,-0.582479265413397,1286610,001dcee8e81efda3,True,location-k4-fold2-seed0,2
seasonal,F_R,22,MSE,483049.8571051071,1286610,001dcee8e81efda3,True,location-k4-fold2-seed0,2
seasonal,F_R,22,MAE,435.2083616447729,1286610,001dcee8e81efda3,True,location-k4-fold2-seed0,2
seasonal,F_R,22,SS_vs_persistence,-0.01746073213409205,1286610,001dcee8e81efda3,True,location-k4-fold2-seed0,2
seasonal,F_R,22,SS_vs_seasonal,0.0,1286610,001dcee8e81efda3,True,location-k4-fold2-seed0,2
seasonal,F_R,22,SS_vs_ar,-0.5666850385877111,1286610,001dcee8e81efda3,True,location-k4-fold2-seed0,2
seasonal,F_R,23,MSE,482451.17336059455,1286610,001dcee8e81efda3,True,location-k4-fold2-seed0,2
seasonal,F_R,23,MAE,437.8441208191366,1286610,001dcee8e81efda3,True,location-k4-fold2-seed0,2
seasonal,F_R,23,SS_vs_persistence,-0.008033564369604562,1286610,001dcee8e81efda3,True,location-k4-fold2-seed0,2
seasonal,F_R,23,SS_vs_seasonal,0.0,1286610,001dcee8e81efda3,True,location-k4-fold2-seed0,2
seasonal,F_R,23,SS_vs_ar,-0.5507764459318305,1286610,001dcee8e81efda3,True,location-k4-fold2-seed0,2
seasonal,F_R,24,MSE,465654.59788743657,1286610,001dcee8e81efda3,True,location-k4-fold2-seed0,2
seasonal,F_R,24,MAE,429.080503548023,1286610,001dcee8e81efda3,True,location-k4-fold2-seed0,2
seasonal,F_R,24,SS_vs_persistence,-0.011422944817482295,1286610,001dcee8e81efda3,True,location-k4-fold2-seed0,2
seasonal,F_R,24,SS_vs_seasonal,0.0,1286610,001dcee8e81efda3,True,location-k4-fold2-seed0,2
seasonal,F_R,24,SS_vs_ar,-0.509658388295178,1286610,001dcee8e81efda3,True,location-k4-fold2-seed0,2
seasonal,F_R,25,MSE,458985.66450567794,1286610,001dcee8e81efda3,True,location-k4-fold2-seed0,2
seasonal,F_R,25,MAE,429.92603442485847,1286610,001dcee8e81efda3,True,location-k4-fold2-seed0,2
seasonal,F_R,25,SS_vs_persistence,-0.008063306516730151,1286610,001dcee8e81efda3,True,location-k4-fold2-seed0,2
seasonal,F_R,25,SS_vs_seasonal,0.0,1286610,001dcee8e81efda3,True,location-k4-fold2-seed0,2
seasonal,F_R,25,SS_vs_ar,-0.5059007083849263,1286610,001dcee8e81efda3,True,location-k4-fold2-seed0,2
seasonal,F_R,26,MSE,473213.1101034357,1286610,001dcee8e81efda3,True,location-k4-fold2-seed0,2
seasonal,F_R,26,MAE,440.4839364554217,1286610,001dcee8e81efda3,True,location-k4-fold2-seed0,2
seasonal,F_R,26,SS_vs_persistence,-0.004583790367435503,1286610,001dcee8e81efda3,True,location-k4-fold2-seed0,2
seasonal,F_R,26,SS_vs_seasonal,0.0,1286610,001dcee8e81efda3,True,location-k4-fold2-seed0,2
seasonal,F_R,26,SS_vs_ar,-0.5375189686635944,1286610,001dcee8e81efda3,True,location-k4-fold2-seed0,2
seasonal,F_R,27,MSE,493356.3048129178,1286610,001dcee8e81efda3,True,location-k4-fold2-seed0,2
seasonal,F_R,27,MAE,452.3274807287902,1286610,001dcee8e81efda3,True,location-k4-fold2-seed0,2
seasonal,F_R,27,SS_vs_persistence,-0.002225709328008252,1286610,001dcee8e81efda3,True,location-k4-fold2-seed0,2
seasonal,F_R,27,SS_vs_seasonal,0.0,1286610,001dcee8e81efda3,True,location-k4-fold2-seed0,2
seasonal,F_R,27,SS_vs_ar,-0.5828917695649798,1286610,001dcee8e81efda3,True,location-k4-fold2-seed0,2
seasonal,F_R,28,MSE,495546.764044567,1286610,001dcee8e81efda3,True,location-k4-fold2-seed0,2
seasonal,F_R,28,MAE,451.83019738599035,1286610,001dcee8e81efda3,True,location-k4-fold2-seed0,2
seasonal,F_R,28,SS_vs_persistence,-0.0029760173960591274,1286610,001dcee8e81efda3,True,location-k4-fold2-seed0,2
seasonal,F_R,28,SS_vs_seasonal,0.0,1286610,001dcee8e81efda3,True,location-k4-fold2-seed0,2
seasonal,F_R,28,SS_vs_ar,-0.5788322344541186,1286610,001dcee8e81efda3,True,location-k4-fold2-seed0,2
seasonal,F_R,29,MSE,499188.493398274,1286610,001dcee8e81efda3,True,location-k4-fold2-seed0,2
seasonal,F_R,29,MAE,455.46156319040443,1286610,001dcee8e81efda3,True,location-k4-fold2-seed0,2
seasonal,F_R,29,SS_vs_persistence,-0.005754899581511985,1286610,001dcee8e81efda3,True,location-k4-fold2-seed0,2
seasonal,F_R,29,SS_vs_seasonal,0.0,1286610,001dcee8e81efda3,True,location-k4-fold2-seed0,2
seasonal,F_R,29,SS_vs_ar,-0.5850930315991392,1286610,001dcee8e81efda3,True,location-k4-fold2-seed0,2
seasonal,F_R,30,MSE,493251.06860735506,1286610,001dcee8e81efda3,True,location-k4-fold2-seed0,2
seasonal,F_R,30,MAE,450.2928296842848,1286610,001dcee8e81efda3,True,location-k4-fold2-seed0,2
seasonal,F_R,30,SS_vs_persistence,-0.010701174510790779,1286610,001dcee8e81efda3,True,location-k4-fold2-seed0,2
seasonal,F_R,30,SS_vs_seasonal,0.0,1286610,001dcee8e81efda3,True,location-k4-fold2-seed0,2
seasonal,F_R,30,SS_vs_ar,-0.5711796676768766,1286610,001dcee8e81efda3,True,location-k4-fold2-seed0,2
seasonal,F_R,all,MSE,451928.5202712926,1286610,001dcee8e81efda3,True,location-k4-fold2-seed0,2
seasonal,F_R,all,MAE,418.48473725359787,1286610,001dcee8e81efda3,True,location-k4-fold2-seed0,2
seasonal,F_R,all,SS_vs_persistence,-0.02016713421152594,1286610,001dcee8e81efda3,True,location-k4-fold2-seed0,2
seasonal,F_R,all,SS_vs_seasonal,0.0,1286610,001dcee8e81efda3,True,location-k4-fold2-seed0,2
seasonal,F_R,all,SS_vs_ar,-0.6091767115780831,1286610,001dcee8e81efda3,True,location-k4-fold2-seed0,2
seasonal,CoPx_R,1,MSE,0.024605138305423935,1118837,001dcee8e81efda3,True,location-k4-fold2-seed0,2
seasonal,CoPx_R,1,MAE,0.10523064096282186,1118837,001dcee8e81efda3,True,location-k4-fold2-seed0,2
seasonal,CoPx_R,1,SS_vs_persistence,-0.05676810972097823,1118837,001dcee8e81efda3,True,location-k4-fold2-seed0,2
seasonal,CoPx_R,1,SS_vs_seasonal,4.064182324015064e-11,1118837,001dcee8e81efda3,True,location-k4-fold2-seed0,2
seasonal,CoPx_R,1,SS_vs_ar,-0.8721041455833161,1118837,001dcee8e81efda3,True,location-k4-fold2-seed0,2
seasonal,CoPx_R,2,MSE,0.027190046853902368,1118837,001dcee8e81efda3,True,location-k4-fold2-seed0,2
seasonal,CoPx_R,2,MAE,0.11339715377776896,1118837,001dcee8e81efda3,True,location-k4-fold2-seed0,2
seasonal,CoPx_R,2,SS_vs_persistence,-0.03235677419018024,1118837,001dcee8e81efda3,True,location-k4-fold2-seed0,2
seasonal,CoPx_R,2,SS_vs_seasonal,3.6778136092152636e-11,1118837,001dcee8e81efda3,True,location-k4-fold2-seed0,2
seasonal,CoPx_R,2,SS_vs_ar,-0.9047304701770982,1118837,001dcee8e81efda3,True,location-k4-fold2-seed0,2
seasonal,CoPx_R,3,MSE,0.028799152014107585,1118837,001dcee8e81efda3,True,location-k4-fold2-seed0,2
seasonal,CoPx_R,3,MAE,0.11662250933212835,1118837,001dcee8e81efda3,True,location-k4-fold2-seed0,2
seasonal,CoPx_R,3,SS_vs_persistence,-0.03160088520048299,1118837,001dcee8e81efda3,True,location-k4-fold2-seed0,2
seasonal,CoPx_R,3,SS_vs_seasonal,3.4723224295873933e-11,1118837,001dcee8e81efda3,True,location-k4-fold2-seed0,2
seasonal,CoPx_R,3,SS_vs_ar,-0.9327600020763569,1118837,001dcee8e81efda3,True,location-k4-fold2-seed0,2
seasonal,CoPx_R,4,MSE,0.03074901087915298,1118837,001dcee8e81efda3,True,location-k4-fold2-seed0,2
seasonal,CoPx_R,4,MAE,0.11865737848944737,1118837,001dcee8e81efda3,True,location-k4-fold2-seed0,2
seasonal,CoPx_R,4,SS_vs_persistence,-0.022957962390766973,1118837,001dcee8e81efda3,True,location-k4-fold2-seed0,2
seasonal,CoPx_R,4,SS_vs_seasonal,3.252131897113486e-11,1118837,001dcee8e81efda3,True,location-k4-fold2-seed0,2
seasonal,CoPx_R,4,SS_vs_ar,-0.9830032380888842,1118837,001dcee8e81efda3,True,location-k4-fold2-seed0,2
seasonal,CoPx_R,5,MSE,0.031849855126021454,1118837,001dcee8e81efda3,True,location-k4-fold2-seed0,2
seasonal,CoPx_R,5,MAE,0.12209917615873757,1118837,001dcee8e81efda3,True,location-k4-fold2-seed0,2
seasonal,CoPx_R,5,SS_vs_persistence,-0.011484327223921564,1118837,001dcee8e81efda3,True,location-k4-fold2-seed0,2
seasonal,CoPx_R,5,SS_vs_seasonal,3.139732918100435e-11,1118837,001dcee8e81efda3,True,location-k4-fold2-seed0,2
seasonal,CoPx_R,5,SS_vs_ar,-1.001687400681139,1118837,001dcee8e81efda3,True,location-k4-fold2-seed0,2
seasonal,CoPx_R,6,MSE,0.03104769001937856,1118837,001dcee8e81efda3,True,location-k4-fold2-seed0,2
seasonal,CoPx_R,6,MAE,0.12087001089526214,1118837,001dcee8e81efda3,True,location-k4-fold2-seed0,2
seasonal,CoPx_R,6,SS_vs_persistence,-0.01532236622111327,1118837,001dcee8e81efda3,True,location-k4-fold2-seed0,2
seasonal,CoPx_R,6,SS_vs_seasonal,3.220845812279549e-11,1118837,001dcee8e81efda3,True,location-k4-fold2-seed0,2
seasonal,CoPx_R,6,SS_vs_ar,-0.9218622494389392,1118837,001dcee8e81efda3,True,location-k4-fold2-seed0,2
seasonal,CoPx_R,7,MSE,0.03006251463686005,1118837,001dcee8e81efda3,True,location-k4-fold2-seed0,2
seasonal,CoPx_R,7,MAE,0.1215139667518955,1118837,001dcee8e81efda3,True,location-k4-fold2-seed0,2
seasonal,CoPx_R,7,SS_vs_persistence,-0.019436542197846407,1118837,001dcee8e81efda3,True,location-k4-fold2-seed0,2
seasonal,CoPx_R,7,SS_vs_seasonal,3.326394715230663e-11,1118837,001dcee8e81efda3,True,location-k4-fold2-seed0,2
seasonal,CoPx_R,7,SS_vs_ar,-0.8241380449874676,1118837,001dcee8e81efda3,True,location-k4-fold2-seed0,2
seasonal,CoPx_R,8,MSE,0.030293639751797073,1118837,001dcee8e81efda3,True,location-k4-fold2-seed0,2
seasonal,CoPx_R,8,MAE,0.12147678929508544,1118837,001dcee8e81efda3,True,location-k4-fold2-seed0,2
seasonal,CoPx_R,8,SS_vs_persistence,-0.012292581243988465,1118837,001dcee8e81efda3,True,location-k4-fold2-seed0,2
seasonal,CoPx_R,8,SS_vs_seasonal,3.301015016887732e-11,1118837,001dcee8e81efda3,True,location-k4-fold2-seed0,2
seasonal,CoPx_R,8,SS_vs_ar,-0.798483871314092,1118837,001dcee8e81efda3,True,location-k4-fold2-seed0,2
seasonal,CoPx_R,9,MSE,0.031841502322916056,1118837,001dcee8e81efda3,True,location-k4-fold2-seed0,2
seasonal,CoPx_R,9,MAE,0.12375220682311495,1118837,001dcee8e81efda3,True,location-k4-fold2-seed0,2
seasonal,CoPx_R,9,SS_vs_persistence,-0.00473942394525384,1118837,001dcee8e81efda3,True,location-k4-fold2-seed0,2
seasonal,CoPx_R,9,SS_vs_seasonal,3.140554483138658e-11,1118837,001dcee8e81efda3,True,location-k4-fold2-seed0,2
seasonal,CoPx_R,9,SS_vs_ar,-0.8546832979066699,1118837,001dcee8e81efda3,True,location-k4-fold2-seed0,2
seasonal,CoPx_R,10,MSE,0.031904153766810724,1118837,001dcee8e81efda3,True,location-k4-fold2-seed0,2
seasonal,CoPx_R,10,MAE,0.12347842348151737,1118837,001dcee8e81efda3,True,location-k4-fold2-seed0,2
seasonal,CoPx_R,10,SS_vs_persistence,-0.006073637512775898,1118837,001dcee8e81efda3,True,location-k4-fold2-seed0,2
seasonal,CoPx_R,10,SS_vs_seasonal,3.134381643121742e-11,1118837,001dcee8e81efda3,True,location-k4-fold2-seed0,2
seasonal,CoPx_R,10,SS_vs_ar,-0.8265785704194561,1118837,001dcee8e81efda3,True,location-k4-fold2-seed0,2
seasonal,CoPx_R,11,MSE,0.03357170011213359,1118837,001dcee8e81efda3,True,location-k4-fold2-seed0,2
seasonal,CoPx_R,11,MAE,0.12699322867084054,1118837,001dcee8e81efda3,True,location-k4-fold2-seed0,2
seasonal,CoPx_R,11,SS_vs_persistence,-0.022034339808671755,1118837,001dcee8e81efda3,True,location-k4-fold2-seed0,2
seasonal,CoPx_R,11,SS_vs_seasonal,2.978695068378556e-11,1118837,001dcee8e81efda3,True,location-k4-fold2-seed0,2
seasonal,CoPx_R,11,SS_vs_ar,-0.8824050474201777,1118837,001dcee8e81efda3,True,location-k4-fold2-seed0,2
seasonal,CoPx_R,12,MSE,0.03610790994112525,1118837,001dcee8e81efda3,True,location-k4-fold2-seed0,2
seasonal,CoPx_R,12,MAE,0.1305918071574438,1118837,001dcee8e81efda3,True,location-k4-fold2-seed0,2
seasonal,CoPx_R,12,SS_vs_persistence,-0.009736632006516865,1118837,001dcee8e81efda3,True,location-k4-fold2-seed0,2
seasonal,CoPx_R,12,SS_vs_seasonal,2.7694735393879455e-11,1118837,001dcee8e81efda3,True,location-k4-fold2-seed0,2
seasonal,CoPx_R,12,SS_vs_ar,-0.9952237142688971,1118837,001dcee8e81efda3,True,location-k4-fold2-seed0,2
seasonal,CoPx_R,13,MSE,0.03637529920729736,1118837,001dcee8e81efda3,True,location-k4-fold2-seed0,2
seasonal,CoPx_R,13,MAE,0.13104722419690892,1118837,001dcee8e81efda3,True,location-k4-fold2-seed0,2
seasonal,CoPx_R,13,SS_vs_persistence,-0.00860957522359862,1118837,001dcee8e81efda3,True,location-k4-fold2-seed0,2
seasonal,CoPx_R,13,SS_vs_seasonal,2.74911204911632e-11,1118837,001dcee8e81efda3,True,location-k4-fold2-seed0,2
seasonal,CoPx_R,13,SS_vs_ar,-1.000774291125413,1118837,001dcee8e81efda3,True,location-k4-fold2-seed0,2
seasonal,CoPx_R,14,MSE,0.034233580189451614,1118837,001dcee8e81efda3,True,location-k4-fold2-seed0,2
seasonal,CoPx_R,14,MAE,0.12803745794161975,1118837,001dcee8e81efda3,True,location-k4-fold2-seed0,2
seasonal,CoPx_R,14,SS_vs_persistence,-0.009779779645761488,1118837,001dcee8e81efda3,True,location-k4-fold2-seed0,2
seasonal,CoPx_R,14,SS_vs_seasonal,2.9211078000912494e-11,1118837,001dcee8e81efda3,True,location-k4-fold2-seed0,2
seasonal,CoPx_R,14,SS_vs_ar,-0.878078859895661,1118837,001dcee8e81efda3,True,location-k4-fold2-seed0,2
seasonal,CoPx_R,15,MSE,0.034679151197422084,1118837,001dcee8e81efda3,True,location-k4-fold2-seed0,2
seasonal,CoPx_R,15,MAE,0.12975455611598266,1118837,001dcee8e81efda3,True,location-k4-fold2-seed0,2
seasonal,CoPx_R,15,SS_vs_persistence,-0.015531000894305924,1118837,001dcee8e81efda3,True,location-k4-fold2-seed0,2
seasonal,CoPx_R,15,SS_vs_seasonal,2.8835711596286728e-11,1118837,001dcee8e81efda3,True,location-k4-fold2-seed0,2
seasonal,CoPx_R,15,SS_vs_ar,-0.8791453646710083,1118837,001dcee8e81efda3,True,location-k4-fold2-seed0,2
seasonal,CoPx_R,16,MSE,0.03570432853285062,1118837,001dcee8e81efda3,True,location-k4-fold2-seed0,2
seasonal,CoPx_R,16,MAE,0.13120025549762665,1118837,001dcee8e81efda3,True,location-k4-fold2-seed0,2
seasonal,CoPx_R,16,SS_vs_persistence,-0.01612497668740609,1118837,001dcee8e81efda3,True,location-k4-fold2-seed0,2
seasonal,CoPx_R,16,SS_vs_seasonal,2.800781828682375e-11,1118837,001dcee8e81efda3,True,location-k4-fold2-seed0,2
seasonal,CoPx_R,16,SS_vs_ar,-0.9275839487204016,1118837,001dcee8e81efda3,True,location-k4-fold2-seed0,2
seasonal,CoPx_R,17,MSE,0.03467358896017548,1118837,001dcee8e81efda3,True,location-k4-fold2-seed0,2
seasonal,CoPx_R,17,MAE,0.13048846887299873,1118837,001dcee8e81efda3,True,location-k4-fold2-seed0,2
seasonal,CoPx_R,17,SS_vs_persistence,-0.012292762765342635,1118837,001dcee8e81efda3,True,location-k4-fold2-seed0,2
seasonal,CoPx_R,17,SS_vs_seasonal,2.8840374532990154e-11,1118837,001dcee8e81efda3,True,location-k4-fold2-seed0,2
seasonal,CoPx_R,17,SS_vs_ar,-0.8622366124071161,1118837,001dcee8e81efda3,True,location-k4-fold2-seed0,2
seasonal,CoPx_R,18,MSE,0.0361748980665091,1118837,001dcee8e81efda3,True,location-k4-fold2-seed0,2
seasonal,CoPx_R,18,MAE,0.1328420493675317,1118837,001dcee8e81efda3,True,location-k4-fold2-seed0,2
seasonal,CoPx_R,18,SS_vs_persistence,-0.008737746798991086,1118837,001dcee8e81efda3,True,location-k4-fold2-seed0,2
seasonal,CoPx_R,18,SS_vs_seasonal,2.7643443090141773e-11,1118837,001dcee8e81efda3,True,location-k4-fold2-seed0,2
seasonal,CoPx_R,18,SS_vs_ar,-0.9285947942002073,1118837,001dcee8e81efda3,True,location-k4-fold2-seed0,2
seasonal,CoPx_R,19,MSE,0.038087114571125034,1118837,001dcee8e81efda3,True,location-k4-fold2-seed0,2
seasonal,CoPx_R,19,MAE,0.134923179240536,1118837,001dcee8e81efda3,True,location-k4-fold2-seed0,2
seasonal,CoPx_R,19,SS_vs_persistence,-0.004493301567037866,1118837,001dcee8e81efda3,True,location-k4-fold2-seed0,2
seasonal,CoPx_R,19,SS_vs_seasonal,2.6255553287057865e-11,1118837,001dcee8e81efda3,True,location-k4-fold2-seed0,2
seasonal,CoPx_R,19,SS_vs_ar,-1.022024663348811,1118837,001dcee8e81efda3,True,location-k4-fold2-seed0,2
seasonal,CoPx_R,20,MSE,0.03838206538573972,1118837,001dcee8e81efda3,True,location-k4-fold2-seed0,2
seasonal,CoPx_R,20,MAE,0.1355283435155976,1118837,001dcee8e81efda3,True,location-k4-fold2-seed0,2
seasonal,CoPx_R,20,SS_vs_persistence,-0.003185687202422516,1118837,001dcee8e81efda3,True,location-k4-fold2-seed0,2
seasonal,CoPx_R,20,SS_vs_seasonal,2.6053825763483474e-11,1118837,001dcee8e81efda3,True,location-k4-fold2-seed0,2
seasonal,CoPx_R,20,SS_vs_ar,-1.0318167541450878,1118837,001dcee8e81efda3,True,location-k4-fold2-seed0,2
seasonal,CoPx_R,21,MSE,0.03732126591829217,1118837,001dcee8e81efda3,True,location-k4-fold2-seed0,2
seasonal,CoPx_R,21,MAE,0.13443592127029533,1118837,001dcee8e81efda3,True,location-k4-fold2-seed0,2
seasonal,CoPx_R,21,SS_vs_persistence,-0.0161545014301121,1118837,001dcee8e81efda3,True,location-k4-fold2-seed0,2
seasonal,CoPx_R,21,SS_vs_seasonal,2.6794344520908453e-11,1118837,001dcee8e81efda3,True,location-k4-fold2-seed0,2
seasonal,CoPx_R,21,SS_vs_ar,-0.9753902985821907,1118837,001dcee8e81efda3,True,location-k4-fold2-seed0,2
seasonal,CoPx_R,22,MSE,0.037028912914357504,1118837,001dcee8e81efda3,True,location-k4-fold2-seed0,2
seasonal,CoPx_R,22,MAE,0.1342143705355421,1118837,001dcee8e81efda3,True,location-k4-fold2-seed0,2
seasonal,CoPx_R,22,SS_vs_persistence,-0.00787438793589823,1118837,001dcee8e81efda3,True,location-k4-fold2-seed0,2
seasonal,CoPx_R,22,SS_vs_seasonal,2.7005842007099545e-11,1118837,001dcee8e81efda3,True,location-k4-fold2-seed0,2
seasonal,CoPx_R,22,SS_vs_ar,-0.9537995340325525,1118837,001dcee8e81efda3,True,location-k4-fold2-seed0,2
seasonal,CoPx_R,23,MSE,0.03792016988388702,1118837,001dcee8e81efda3,True,location-k4-fold2-seed0,2
seasonal,CoPx_R,23,MAE,0.1360444118232836,1118837,001dcee8e81efda3,True,location-k4-fold2-seed0,2
seasonal,CoPx_R,23,SS_vs_persistence,-0.013208755852948562,1118837,001dcee8e81efda3,True,location-k4-fold2-seed0,2
seasonal,CoPx_R,23,SS_vs_seasonal,2.6371127503921343e-11,1118837,001dcee8e81efda3,True,location-k4-fold2-seed0,2
seasonal,CoPx_R,23,SS_vs_ar,-0.9895027805907073,1118837,001dcee8e81efda3,True,location-k4-fold2-seed0,2
seasonal,CoPx_R,24,MSE,0.03770460163923846,1118837,001dcee8e81efda3,True,location-k4-fold2-seed0,2
seasonal,CoPx_R,24,MAE,0.13586186643259052,1118837,001dcee8e81efda3,True,location-k4-fold2-seed0,2
seasonal,CoPx_R,24,SS_vs_persistence,-0.014407974059194029,1118837,001dcee8e81efda3,True,location-k4-fold2-seed0,2
seasonal,CoPx_R,24,SS_vs_seasonal,2.652189579066544e-11,1118837,001dcee8e81efda3,True,location-k4-fold2-seed0,2
seasonal,CoPx_R,24,SS_vs_ar,-0.977676912801704,1118837,001dcee8e81efda3,True,location-k4-fold2-seed0,2
seasonal,CoPx_R,25,MSE,0.03759247207236683,1118837,001dcee8e81efda3,True,location-k4-fold2-seed0,2
seasonal,CoPx_R,25,MAE,0.13585689972506648,1118837,001dcee8e81efda3,True,location-k4-fold2-seed0,2
seasonal,CoPx_R,25,SS_vs_persistence,-0.010325066294211371,1118837,001dcee8e81efda3,True,location-k4-fold2-seed0,2
seasonal,CoPx_R,25,SS_vs_seasonal,2.6601054692321213e-11,1118837,001dcee8e81efda3,True,location-k4-fold2-seed0,2
seasonal,CoPx_R,25,SS_vs_ar,-0.9638735216694829,1118837,001dcee8e81efda3,True,location-k4-fold2-seed0,2
seasonal,CoPx_R,26,MSE,0.03860685725869556,1118837,001dcee8e81efda3,True,location-k4-fold2-seed0,2
seasonal,CoPx_R,26,MAE,0.13780731354313605,1118837,001dcee8e81efda3,True,location-k4-fold2-seed0,2
seasonal,CoPx_R,26,SS_vs_persistence,-0.00013637210581518566,1118837,001dcee8e81efda3,True,location-k4-fold2-seed0,2
seasonal,CoPx_R,26,SS_vs_seasonal,2.5902058276017215e-11,1118837,001dcee8e81efda3,True,location-k4-fold2-seed0,2
seasonal,CoPx_R,26,SS_vs_ar,-1.013423886735361,1118837,001dcee8e81efda3,True,location-k4-fold2-seed0,2
seasonal,CoPx_R,27,MSE,0.039619351018658364,1118837,001dcee8e81efda3,True,location-k4-fold2-seed0,2
seasonal,CoPx_R,27,MAE,0.13896555702381075,1118837,001dcee8e81efda3,True,location-k4-fold2-seed0,2
seasonal,CoPx_R,27,SS_vs_persistence,0.00010060368275521814,1118837,001dcee8e81efda3,True,location-k4-fold2-seed0,2
seasonal,CoPx_R,27,SS_vs_seasonal,2.5240143308735696e-11,1118837,001dcee8e81efda3,True,location-k4-fold2-seed0,2
seasonal,CoPx_R,27,SS_vs_ar,-1.0767242509425787,1118837,001dcee8e81efda3,True,location-k4-fold2-seed0,2
seasonal,CoPx_R,28,MSE,0.03877778187853415,1118837,001dcee8e81efda3,True,location-k4-fold2-seed0,2
seasonal,CoPx_R,28,MAE,0.1378807240891024,1118837,001dcee8e81efda3,True,location-k4-fold2-seed0,2
seasonal,CoPx_R,28,SS_vs_persistence,-0.003992724129745495,1118837,001dcee8e81efda3,True,location-k4-fold2-seed0,2
seasonal,CoPx_R,28,SS_vs_seasonal,2.578792734908575e-11,1118837,001dcee8e81efda3,True,location-k4-fold2-seed0,2
seasonal,CoPx_R,28,SS_vs_ar,-1.033960960741608,1118837,001dcee8e81efda3,True,location-k4-fold2-seed0,2
seasonal,CoPx_R,29,MSE,0.0400871309933441,1118837,001dcee8e81efda3,True,location-k4-fold2-seed0,2
seasonal,CoPx_R,29,MAE,0.1395935476959697,1118837,001dcee8e81efda3,True,location-k4-fold2-seed0,2
seasonal,CoPx_R,29,SS_vs_persistence,0.0025365379010979794,1118837,001dcee8e81efda3,True,location-k4-fold2-seed0,2
seasonal,CoPx_R,29,SS_vs_seasonal,2.4945601140302642e-11,1118837,001dcee8e81efda3,True,location-k4-fold2-seed0,2
seasonal,CoPx_R,29,SS_vs_ar,-1.1070910861966095,1118837,001dcee8e81efda3,True,location-k4-fold2-seed0,2
seasonal,CoPx_R,30,MSE,0.03965559430650089,1118837,001dcee8e81efda3,True,location-k4-fold2-seed0,2
seasonal,CoPx_R,30,MAE,0.13863181648136091,1118837,001dcee8e81efda3,True,location-k4-fold2-seed0,2
seasonal,CoPx_R,30,SS_vs_persistence,0.004929937826797848,1118837,001dcee8e81efda3,True,location-k4-fold2-seed0,2
seasonal,CoPx_R,30,SS_vs_seasonal,2.5217050669823493e-11,1118837,001dcee8e81efda3,True,location-k4-fold2-seed0,2
seasonal,CoPx_R,30,SS_vs_ar,-1.0973477952134485,1118837,001dcee8e81efda3,True,location-k4-fold2-seed0,2
seasonal,CoPx_R,all,MSE,0.0346972214457266,1118837,001dcee8e81efda3,True,location-k4-fold2-seed0,2
seasonal,CoPx_R,all,MAE,0.12894552316140523,1118837,001dcee8e81efda3,True,location-k4-fold2-seed0,2
seasonal,CoPx_R,all,SS_vs_persistence,-0.01150248001096621,1118837,001dcee8e81efda3,True,location-k4-fold2-seed0,2
seasonal,CoPx_R,all,SS_vs_seasonal,2.882072358545429e-11,1118837,001dcee8e81efda3,True,location-k4-fold2-seed0,2
seasonal,CoPx_R,all,SS_vs_ar,-0.9539391932781123,1118837,001dcee8e81efda3,True,location-k4-fold2-seed0,2
seasonal,CoPy_R,1,MSE,0.03671538239210285,1118837,001dcee8e81efda3,True,location-k4-fold2-seed0,2
seasonal,CoPy_R,1,MAE,0.14004245262618187,1118837,001dcee8e81efda3,True,location-k4-fold2-seed0,2
seasonal,CoPy_R,1,SS_vs_persistence,-0.02219198021947899,1118837,001dcee8e81efda3,True,location-k4-fold2-seed0,2
seasonal,CoPy_R,1,SS_vs_seasonal,2.7236546351616653e-11,1118837,001dcee8e81efda3,True,location-k4-fold2-seed0,2
seasonal,CoPy_R,1,SS_vs_ar,-0.8536195641165549,1118837,001dcee8e81efda3,True,location-k4-fold2-seed0,2
seasonal,CoPy_R,2,MSE,0.04055184225293563,1118837,001dcee8e81efda3,True,location-k4-fold2-seed0,2
seasonal,CoPy_R,2,MAE,0.15076139529230856,1118837,001dcee8e81efda3,True,location-k4-fold2-seed0,2
seasonal,CoPy_R,2,SS_vs_persistence,-0.006997349659900509,1118837,001dcee8e81efda3,True,location-k4-fold2-seed0,2
seasonal,CoPy_R,2,SS_vs_seasonal,2.4659718711461664e-11,1118837,001dcee8e81efda3,True,location-k4-fold2-seed0,2
seasonal,CoPy_R,2,SS_vs_ar,-0.9692229570087163,1118837,001dcee8e81efda3,True,location-k4-fold2-seed0,2
seasonal,CoPy_R,3,MSE,0.04289520881105696,1118837,001dcee8e81efda3,True,location-k4-fold2-seed0,2
seasonal,CoPy_R,3,MAE,0.15550971754663126,1118837,001dcee8e81efda3,True,location-k4-fold2-seed0,2
seasonal,CoPy_R,3,SS_vs_persistence,0.0005481890435600212,1118837,001dcee8e81efda3,True,location-k4-fold2-seed0,2
seasonal,CoPy_R,3,SS_vs_seasonal,2.33125740933815e-11,1118837,001dcee8e81efda3,True,location-k4-fold2-seed0,2
seasonal,CoPy_R,3,SS_vs_ar,-1.0619654140550816,1118837,001dcee8e81efda3,True,location-k4-fold2-seed0,2
seasonal,CoPy_R,4,MSE,0.04257305133622643,1118837,001dcee8e81efda3,True,location-k4-fold2-seed0,2
seasonal,CoPy_R,4,MAE,0.15533295994749058,1118837,001dcee8e81efda3,True,location-k4-fold2-seed0,2
seasonal,CoPy_R,4,SS_vs_persistence,-0.0022508424812939243,1118837,001dcee8e81efda3,True,location-k4-fold2-seed0,2
seasonal,CoPy_R,4,SS_vs_seasonal,2.3488988531994437e-11,1118837,001dcee8e81efda3,True,location-k4-fold2-seed0,2
seasonal,CoPy_R,4,SS_vs_ar,-1.0364946919564204,1118837,001dcee8e81efda3,True,location-k4-fold2-seed0,2
seasonal,CoPy_R,5,MSE,0.04332200397668442,1118837,001dcee8e81efda3,True,location-k4-fold2-seed0,2
seasonal,CoPy_R,5,MAE,0.15672200992718033,1118837,001dcee8e81efda3,True,location-k4-fold2-seed0,2
seasonal,CoPy_R,5,SS_vs_persistence,-0.0009217463098254441,1118837,001dcee8e81efda3,True,location-k4-fold2-seed0,2
seasonal,CoPy_R,5,SS_vs_seasonal,2.3082979971889017e-11,1118837,001dcee8e81efda3,True,location-k4-fold2-seed0,2
seasonal,CoPy_R,5,SS_vs_ar,-1.0582628704592927,1118837,001dcee8e81efda3,True,location-k4-fold2-seed0,2
seasonal,CoPy_R,6,MSE,0.041468666915826444,1118837,001dcee8e81efda3,True,location-k4-fold2-seed0,2
seasonal,CoPy_R,6,MAE,0.15247277362361084,1118837,001dcee8e81efda3,True,location-k4-fold2-seed0,2
seasonal,CoPy_R,6,SS_vs_persistence,-0.011680272720900886,1118837,001dcee8e81efda3,True,location-k4-fold2-seed0,2
seasonal,CoPy_R,6,SS_vs_seasonal,2.4114599206370713e-11,1118837,001dcee8e81efda3,True,location-k4-fold2-seed0,2
seasonal,CoPy_R,6,SS_vs_ar,-0.9691247021518252,1118837,001dcee8e81efda3,True,location-k4-fold2-seed0,2
seasonal,CoPy_R,7,MSE,0.042020783703628155,1118837,001dcee8e81efda3,True,location-k4-fold2-seed0,2
seasonal,CoPy_R,7,MAE,0.15347173423989882,1118837,001dcee8e81efda3,True,location-k4-fold2-seed0,2
seasonal,CoPy_R,7,SS_vs_persistence,-0.0034121346663096297,1118837,001dcee8e81efda3,True,location-k4-fold2-seed0,2
seasonal,CoPy_R,7,SS_vs_seasonal,2.3797741555142693e-11,1118837,001dcee8e81efda3,True,location-k4-fold2-seed0,2
seasonal,CoPy_R,7,SS_vs_ar,-0.9784501125590834,1118837,001dcee8e81efda3,True,location-k4-fold2-seed0,2
seasonal,CoPy_R,8,MSE,0.040904703946210666,1118837,001dcee8e81efda3,True,location-k4-fold2-seed0,2
seasonal,CoPy_R,8,MAE,0.15100714731058643,1118837,001dcee8e81efda3,True,location-k4-fold2-seed0,2
seasonal,CoPy_R,8,SS_vs_persistence,-0.009528764461422812,1118837,001dcee8e81efda3,True,location-k4-fold2-seed0,2
seasonal,CoPy_R,8,SS_vs_seasonal,2.4446999979943485e-11,1118837,001dcee8e81efda3,True,location-k4-fold2-seed0,2
seasonal,CoPy_R,8,SS_vs_ar,-0.916159325912016,1118837,001dcee8e81efda3,True,location-k4-fold2-seed0,2
seasonal,CoPy_R,9,MSE,0.04181238818306451,1118837,001dcee8e81efda3,True,location-k4-fold2-seed0,2
seasonal,CoPy_R,9,MAE,0.15317425297831802,1118837,001dcee8e81efda3,True,location-k4-fold2-seed0,2
seasonal,CoPy_R,9,SS_vs_persistence,-0.0043356449180111944,1118837,001dcee8e81efda3,True,location-k4-fold2-seed0,2
seasonal,CoPy_R,9,SS_vs_seasonal,2.391631337417266e-11,1118837,001dcee8e81efda3,True,location-k4-fold2-seed0,2
seasonal,CoPy_R,9,SS_vs_ar,-0.9402716962092823,1118837,001dcee8e81efda3,True,location-k4-fold2-seed0,2
seasonal,CoPy_R,10,MSE,0.041616729794305925,1118837,001dcee8e81efda3,True,location-k4-fold2-seed0,2
seasonal,CoPy_R,10,MAE,0.15376862700997163,1118837,001dcee8e81efda3,True,location-k4-fold2-seed0,2
seasonal,CoPy_R,10,SS_vs_persistence,-0.006841064698782207,1118837,001dcee8e81efda3,True,location-k4-fold2-seed0,2
seasonal,CoPy_R,10,SS_vs_seasonal,2.4028778966567188e-11,1118837,001dcee8e81efda3,True,location-k4-fold2-seed0,2
seasonal,CoPy_R,10,SS_vs_ar,-0.9148346117043218,1118837,001dcee8e81efda3,True,location-k4-fold2-seed0,2
seasonal,CoPy_R,11,MSE,0.044973959162006014,1118837,001dcee8e81efda3,True,location-k4-fold2-seed0,2
seasonal,CoPy_R,11,MAE,0.15975935542878913,1118837,001dcee8e81efda3,True,location-k4-fold2-seed0,2
seasonal,CoPy_R,11,SS_vs_persistence,-0.007392437451605893,1118837,001dcee8e81efda3,True,location-k4-fold2-seed0,2
seasonal,CoPy_R,11,SS_vs_seasonal,2.2235102647982785e-11,1118837,001dcee8e81efda3,True,location-k4-fold2-seed0,2
seasonal,CoPy_R,11,SS_vs_ar,-1.0485702308716491,1118837,001dcee8e81efda3,True,location-k4-fold2-seed0,2
seasonal,CoPy_R,12,MSE,0.04621871259146392,1118837,001dcee8e81efda3,True,location-k4-fold2-seed0,2
seasonal,CoPy_R,12,MAE,0.161802732696669,1118837,001dcee8e81efda3,True,location-k4-fold2-seed0,2
seasonal,CoPy_R,12,SS_vs_persistence,-0.002976822649764399,1118837,001dcee8e81efda3,True,location-k4-fold2-seed0,2
seasonal,CoPy_R,12,SS_vs_seasonal,2.1636248348499976e-11,1118837,001dcee8e81efda3,True,location-k4-fold2-seed0,2
seasonal,CoPy_R,12,SS_vs_ar,-1.0989583613298275,1118837,001dcee8e81efda3,True,location-k4-fold2-seed0,2
seasonal,CoPy_R,13,MSE,0.04656501161558769,1118837,001dcee8e81efda3,True,location-k4-fold2-seed0,2
seasonal,CoPy_R,13,MAE,0.1627818782094237,1118837,001dcee8e81efda3,True,location-k4-fold2-seed0,2
seasonal,CoPy_R,13,SS_vs_persistence,0.000560762474358989,1118837,001dcee8e81efda3,True,location-k4-fold2-seed0,2
seasonal,CoPy_R,13,SS_vs_seasonal,2.147537703223179e-11,1118837,001dcee8e81efda3,True,location-k4-fold2-seed0,2
seasonal,CoPy_R,13,SS_vs_ar,-1.1170418214314197,1118837,001dcee8e81efda3,True,location-k4-fold2-seed0,2
seasonal,CoPy_R,14,MSE,0.044338852763528565,1118837,001dcee8e81efda3,True,location-k4-fold2-seed0,2
seasonal,CoPy_R,14,MAE,0.15859694345957995,1118837,001dcee8e81efda3,True,location-k4-fold2-seed0,2
seasonal,CoPy_R,14,SS_vs_persistence,-0.004179300040765721,1118837,001dcee8e81efda3,True,location-k4-fold2-seed0,2
seasonal,CoPy_R,14,SS_vs_seasonal,2.255351461144528e-11,1118837,001dcee8e81efda3,True,location-k4-fold2-seed0,2
seasonal,CoPy_R,14,SS_vs_ar,-1.0237559173432134,1118837,001dcee8e81efda3,True,location-k4-fold2-seed0,2
seasonal,CoPy_R,15,MSE,0.04393864499149341,1118837,001dcee8e81efda3,True,location-k4-fold2-seed0,2
seasonal,CoPy_R,15,MAE,0.1574055986956191,1118837,001dcee8e81efda3,True,location-k4-fold2-seed0,2
seasonal,CoPy_R,15,SS_vs_persistence,-0.006367733759383931,1118837,001dcee8e81efda3,True,location-k4-fold2-seed0,2
seasonal,CoPy_R,15,SS_vs_seasonal,2.2759016893303397e-11,1118837,001dcee8e81efda3,True,location-k4-fold2-seed0,2
seasonal,CoPy_R,15,SS_vs_ar,-1.0033118605615452,1118837,001dcee8e81efda3,True,location-k4-fold2-seed0,2
seasonal,CoPy_R,16,MSE,0.04444340433391942,1118837,001dcee8e81efda3,True,location-k4-fold2-seed0,2
seasonal,CoPy_R,16,MAE,0.15841435273180457,1118837,001dcee8e81efda3,True,location-k4-fold2-seed0,2
seasonal,CoPy_R,16,SS_vs_persistence,-0.01376510391465735,1118837,001dcee8e81efda3,True,location-k4-fold2-seed0,2
seasonal,CoPy_R,16,SS_vs_seasonal,2.2500445950868198e-11,1118837,001dcee8e81efda3,True,location-k4-fold2-seed0,2
seasonal,CoPy_R,16,SS_vs_ar,-1.0248357197384559,1118837,001dcee8e81efda3,True,location-k4-fold2-seed0,2
seasonal,CoPy_R,17,MSE,0.04415094489344331,1118837,001dcee8e81efda3,True,location-k4-fold2-seed0,2
seasonal,CoPy_R,17,MAE,0.15850297829854454,1118837,001dcee8e81efda3,True,location-k4-fold2-seed0,2
seasonal,CoPy_R,17,SS_vs_persistence,-0.009066366126165182,1118837,001dcee8e81efda3,True,location-k4-fold2-seed0,2
seasonal,CoPy_R,17,SS_vs_seasonal,2.2649548903075356e-11,1118837,001dcee8e81efda3,True,location-k4-fold2-seed0,2
seasonal,CoPy_R,17,SS_vs_ar,-1.0054941020858315,1118837,001dcee8e81efda3,True,location-k4-fold2-seed0,2
seasonal,CoPy_R,18,MSE,0.04592453056661297,1118837,001dcee8e81efda3,True,location-k4-fold2-seed0,2
seasonal,CoPy_R,18,MAE,0.1614431416697767,1118837,001dcee8e81efda3,True,location-k4-fold2-seed0,2
seasonal,CoPy_R,18,SS_vs_persistence,-0.007007358293507515,1118837,001dcee8e81efda3,True,location-k4-fold2-seed0,2
seasonal,CoPy_R,18,SS_vs_seasonal,2.1774804181973195e-11,1118837,001dcee8e81efda3,True,location-k4-fold2-seed0,2
seasonal,CoPy_R,18,SS_vs_ar,-1.0855592118728943,1118837,001dcee8e81efda3,True,location-k4-fold2-seed0,2
seasonal,CoPy_R,19,MSE,0.046841919410281714,1118837,001dcee8e81efda3,True,location-k4-fold2-seed0,2
seasonal,CoPy_R,19,MAE,0.1632769084808919,1118837,001dcee8e81efda3,True,location-k4-fold2-seed0,2
seasonal,CoPy_R,19,SS_vs_persistence,-0.0016298219065276065,1118837,001dcee8e81efda3,True,location-k4-fold2-seed0,2
seasonal,CoPy_R,19,SS_vs_seasonal,2.1348367518214673e-11,1118837,001dcee8e81efda3,True,location-k4-fold2-seed0,2
seasonal,CoPy_R,19,SS_vs_ar,-1.127660257156283,1118837,001dcee8e81efda3,True,location-k4-fold2-seed0,2
seasonal,CoPy_R,20,MSE,0.0465450769071437,1118837,001dcee8e81efda3,True,location-k4-fold2-seed0,2
seasonal,CoPy_R,20,MAE,0.16306304180909112,1118837,001dcee8e81efda3,True,location-k4-fold2-seed0,2
seasonal,CoPy_R,20,SS_vs_persistence,-0.0015052361506249223,1118837,001dcee8e81efda3,True,location-k4-fold2-seed0,2
seasonal,CoPy_R,20,SS_vs_seasonal,2.1484480861033717e-11,1118837,001dcee8e81efda3,True,location-k4-fold2-seed0,2
seasonal,CoPy_R,20,SS_vs_ar,-1.1113888197000428,1118837,001dcee8e81efda3,True,location-k4-fold2-seed0,2
seasonal,CoPy_R,21,MSE,0.04572310290472035,1118837,001dcee8e81efda3,True,location-k4-fold2-seed0,2
seasonal,CoPy_R,21,MAE,0.16117991780692273,1118837,001dcee8e81efda3,True,location-k4-fold2-seed0,2
seasonal,CoPy_R,21,SS_vs_persistence,0.001283296721329874,1118837,001dcee8e81efda3,True,location-k4-fold2-seed0,2
seasonal,CoPy_R,21,SS_vs_seasonal,2.187072745130081e-11,1118837,001dcee8e81efda3,True,location-k4-fold2-seed0,2
seasonal,CoPy_R,21,SS_vs_ar,-1.0747089758824275,1118837,001dcee8e81efda3,True,location-k4-fold2-seed0,2
seasonal,CoPy_R,22,MSE,0.04553051649850936,1118837,001dcee8e81efda3,True,location-k4-fold2-seed0,2
seasonal,CoPy_R,22,MAE,0.16119406502971134,1118837,001dcee8e81efda3,True,location-k4-fold2-seed0,2
seasonal,CoPy_R,22,SS_vs_persistence,0.0002967108582001554,1118837,001dcee8e81efda3,True,location-k4-fold2-seed0,2
seasonal,CoPy_R,22,SS_vs_seasonal,2.1963209029252084e-11,1118837,001dcee8e81efda3,True,location-k4-fold2-seed0,2
seasonal,CoPy_R,22,SS_vs_ar,-1.071418804857477,1118837,001dcee8e81efda3,True,location-k4-fold2-seed0,2
seasonal,CoPy_R,23,MSE,0.04523263582256238,1118837,001dcee8e81efda3,True,location-k4-fold2-seed0,2
seasonal,CoPy_R,23,MAE,0.15955536967472764,1118837,001dcee8e81efda3,True,location-k4-fold2-seed0,2
seasonal,CoPy_R,23,SS_vs_persistence,-0.002076212439131586,1118837,001dcee8e81efda3,True,location-k4-fold2-seed0,2
seasonal,CoPy_R,23,SS_vs_seasonal,2.2107871089360742e-11,1118837,001dcee8e81efda3,True,location-k4-fold2-seed0,2
seasonal,CoPy_R,23,SS_vs_ar,-1.0548191167525967,1118837,001dcee8e81efda3,True,location-k4-fold2-seed0,2
seasonal,CoPy_R,24,MSE,0.04422654076667702,1118837,001dcee8e81efda3,True,location-k4-fold2-seed0,2
seasonal,CoPy_R,24,MAE,0.1581527625277486,1118837,001dcee8e81efda3,True,location-k4-fold2-seed0,2
seasonal,CoPy_R,24,SS_vs_persistence,-0.00548225035399752,1118837,001dcee8e81efda3,True,location-k4-fold2-seed0,2
seasonal,CoPy_R,24,SS_vs_seasonal,2.2610802119515938e-11,1118837,001dcee8e81efda3,True,location-k4-fold2-seed0,2
seasonal,CoPy_R,24,SS_vs_ar,-1.0041306750968535,1118837,001dcee8e81efda3,True,location-k4-fold2-seed0,2
seasonal,CoPy_R,25,MSE,0.04403473409980153,1118837,001dcee8e81efda3,True,location-k4-fold2-seed0,2
seasonal,CoPy_R,25,MAE,0.15900978044083486,1118837,001dcee8e81efda3,True,location-k4-fold2-seed0,2
seasonal,CoPy_R,25,SS_vs_persistence,-0.005560216881424829,1118837,001dcee8e81efda3,True,location-k4-fold2-seed0,2
seasonal,CoPy_R,25,SS_vs_seasonal,2.270927890180019e-11,1118837,001dcee8e81efda3,True,location-k4-fold2-seed0,2
seasonal,CoPy_R,25,SS_vs_ar,-0.989053833667066,1118837,001dcee8e81efda3,True,location-k4-fold2-seed0,2
seasonal,CoPy_R,26,MSE,0.04644832701656691,1118837,001dcee8e81efda3,True,location-k4-fold2-seed0,2
seasonal,CoPy_R,26,MAE,0.16256690161722762,1118837,001dcee8e81efda3,True,location-k4-fold2-seed0,2
seasonal,CoPy_R,26,SS_vs_persistence,-0.002028692441041313,1118837,001dcee8e81efda3,True,location-k4-fold2-seed0,2
seasonal,CoPy_R,26,SS_vs_seasonal,2.152922284892611e-11,1118837,001dcee8e81efda3,True,location-k4-fold2-seed0,2
seasonal,CoPy_R,26,SS_vs_ar,-1.0852842798703337,1118837,001dcee8e81efda3,True,location-k4-fold2-seed0,2
seasonal,CoPy_R,27,MSE,0.047747372299759505,1118837,001dcee8e81efda3,True,location-k4-fold2-seed0,2
seasonal,CoPy_R,27,MAE,0.16527920690426734,1118837,001dcee8e81efda3,True,location-k4-fold2-seed0,2
seasonal,CoPy_R,27,SS_vs_persistence,0.0020366923487464828,1118837,001dcee8e81efda3,True,location-k4-fold2-seed0,2
seasonal,CoPy_R,27,SS_vs_seasonal,2.094358020343634e-11,1118837,001dcee8e81efda3,True,location-k4-fold2-seed0,2
seasonal,CoPy_R,27,SS_vs_ar,-1.1494722349603093,1118837,001dcee8e81efda3,True,location-k4-fold2-seed0,2
seasonal,CoPy_R,28,MSE,0.048381590132140974,1118837,001dcee8e81efda3,True,location-k4-fold2-seed0,2
seasonal,CoPy_R,28,MAE,0.16632011227710203,1118837,001dcee8e81efda3,True,location-k4-fold2-seed0,2
seasonal,CoPy_R,28,SS_vs_persistence,0.00773169065860968,1118837,001dcee8e81efda3,True,location-k4-fold2-seed0,2
seasonal,CoPy_R,28,SS_vs_seasonal,2.066902204944654e-11,1118837,001dcee8e81efda3,True,location-k4-fold2-seed0,2
seasonal,CoPy_R,28,SS_vs_ar,-1.1763717568380017,1118837,001dcee8e81efda3,True,location-k4-fold2-seed0,2
seasonal,CoPy_R,29,MSE,0.04812699916660649,1118837,001dcee8e81efda3,True,location-k4-fold2-seed0,2
seasonal,CoPy_R,29,MAE,0.1663026267783084,1118837,001dcee8e81efda3,True,location-k4-fold2-seed0,2
seasonal,CoPy_R,29,SS_vs_persistence,0.011127047878199403,1118837,001dcee8e81efda3,True,location-k4-fold2-seed0,2
seasonal,CoPy_R,29,SS_vs_seasonal,2.0778379017372117e-11,1118837,001dcee8e81efda3,True,location-k4-fold2-seed0,2
seasonal,CoPy_R,29,SS_vs_ar,-1.1741449103000416,1118837,001dcee8e81efda3,True,location-k4-fold2-seed0,2
seasonal,CoPy_R,30,MSE,0.04652039024020169,1118837,001dcee8e81efda3,True,location-k4-fold2-seed0,2
seasonal,CoPy_R,30,MAE,0.1628609883722833,1118837,001dcee8e81efda3,True,location-k4-fold2-seed0,2
seasonal,CoPy_R,30,SS_vs_persistence,0.001420401531125437,1118837,001dcee8e81efda3,True,location-k4-fold2-seed0,2
seasonal,CoPy_R,30,SS_vs_seasonal,2.1495916158187356e-11,1118837,001dcee8e81efda3,True,location-k4-fold2-seed0,2
seasonal,CoPy_R,30,SS_vs_ar,-1.1034531423756642,1118837,001dcee8e81efda3,True,location-k4-fold2-seed0,2
seasonal,CoPy_R,all,MSE,0.04433137815597601,1118837,001dcee8e81efda3,True,location-k4-fold2-seed0,2
seasonal,CoPy_R,all,MAE,0.15833455740424915,1118837,001dcee8e81efda3,True,location-k4-fold2-seed0,2
seasonal,CoPy_R,all,SS_vs_persistence,-0.0034236080657326085,1118837,001dcee8e81efda3,True,location-k4-fold2-seed0,2
seasonal,CoPy_R,all,SS_vs_seasonal,2.2557400392031468e-11,1118837,001dcee8e81efda3,True,location-k4-fold2-seed0,2
seasonal,CoPy_R,all,SS_vs_ar,-1.042352813744483,1118837,001dcee8e81efda3,True,location-k4-fold2-seed0,2
ar,F_R,1,MSE,211738.36100297363,1286610,001dcee8e81efda3,True,location-k4-fold2-seed0,2
ar,F_R,1,MAE,288.6790311304414,1286610,001dcee8e81efda3,True,location-k4-fold2-seed0,2
ar,F_R,1,SS_vs_persistence,0.3139371050237685,1286610,001dcee8e81efda3,True,location-k4-fold2-seed0,2
ar,F_R,1,SS_vs_seasonal,0.38651713735338245,1286610,001dcee8e81efda3,True,location-k4-fold2-seed0,2
ar,F_R,1,SS_vs_ar,0.0,1286610,001dcee8e81efda3,True,location-k4-fold2-seed0,2
ar,F_R,2,MSE,231859.001603665,1286610,001dcee8e81efda3,True,location-k4-fold2-seed0,2
ar,F_R,2,MAE,302.9910704971351,1286610,001dcee8e81efda3,True,location-k4-fold2-seed0,2
ar,F_R,2,SS_vs_persistence,0.3642661581501613,1286610,001dcee8e81efda3,True,location-k4-fold2-seed0,2
ar,F_R,2,SS_vs_seasonal,0.40031971300623514,1286610,001dcee8e81efda3,True,location-k4-fold2-seed0,2
ar,F_R,2,SS_vs_ar,0.0,1286610,001dcee8e81efda3,True,location-k4-fold2-seed0,2
ar,F_R,3,MSE,241522.614346879,1286610,001dcee8e81efda3,True,location-k4-fold2-seed0,2
ar,F_R,3,MAE,309.8326024425647,1286610,001dcee8e81efda3,True,location-k4-fold2-seed0,2
ar,F_R,3,SS_vs_persistence,0.3889474522214984,1286610,001dcee8e81efda3,True,location-k4-fold2-seed0,2
ar,F_R,3,SS_vs_seasonal,0.4070704737543177,1286610,001dcee8e81efda3,True,location-k4-fold2-seed0,2
ar,F_R,3,SS_vs_ar,0.0,1286610,001dcee8e81efda3,True,location-k4-fold2-seed0,2
ar,F_R,4,MSE,245318.29839453733,1286610,001dcee8e81efda3,True,location-k4-fold2-seed0,2
ar,F_R,4,MAE,313.36483799933205,1286610,001dcee8e81efda3,True,location-k4-fold2-seed0,2
ar,F_R,4,SS_vs_persistence,0.3898945664105772,1286610,001dcee8e81efda3,True,location-k4-fold2-seed0,2
ar,F_R,4,SS_vs_seasonal,0.4072273527369825,1286610,001dcee8e81efda3,True,location-k4-fold2-seed0,2
ar,F_R,4,SS_vs_ar,0.0,1286610,001dcee8e81efda3,True,location-k4-fold2-seed0,2
ar,F_R,5,MSE,246721.8666740914,1286610,001dcee8e81efda3,True,location-k4-fold2-seed0,2
ar,F_R,5,MAE,317.03813074475755,1286610,001dcee8e81efda3,True,location-k4-fold2-seed0,2
ar,F_R,5,SS_vs_persistence,0.41077366960039885,1286610,001dcee8e81efda3,True,location-k4-fold2-seed0,2
ar,F_R,5,SS_vs_seasonal,0.4203953342293496,1286610,001dcee8e81efda3,True,location-k4-fold2-seed0,2
ar,F_R,5,SS_vs_ar,0.0,1286610,001dcee8e81efda3,True,location-k4-fold2-seed0,2
ar,F_R,6,MSE,247782.0330202157,1286610,001dcee8e81efda3,True,location-k4-fold2-seed0,2
ar,F_R,6,MAE,317.77910753537805,1286610,001dcee8e81efda3,True,location-k4-fold2-seed0,2
ar,F_R,6,SS_vs_persistence,0.3794512527497369,1286610,001dcee8e81efda3,True,location-k4-fold2-seed0,2
ar,F_R,6,SS_vs_seasonal,0.39392170590226894,1286610,001dcee8e81efda3,True,location-k4-fold2-seed0,2
ar,F_R,6,SS_vs_ar,0.0,1286610,001dcee8e81efda3,True,location-k4-fold2-seed0,2
ar,F_R,7,MSE,251873.35315715388,1286610,001dcee8e81efda3,True,location-k4-fold2-seed0,2
ar,F_R,7,MAE,322.24761769683295,1286610,001dcee8e81efda3,True,location-k4-fold2-seed0,2
ar,F_R,7,SS_vs_persistence,0.37540272411842,1286610,001dcee8e81efda3,True,location-k4-fold2-seed0,2
ar,F_R,7,SS_vs_seasonal,0.3813116737004013,1286610,001dcee8e81efda3,True,location-k4-fold2-seed0,2
ar,F_R,7,SS_vs_ar,0.0,1286610,001dcee8e81efda3,True,location-k4-fold2-seed0,2
ar,F_R,8,MSE,256560.4618548781,1286610,001dcee8e81efda3,True,location-k4-fold2-seed0,2
ar,F_R,8,MAE,325.9447568883088,1286610,001dcee8e81efda3,True,location-k4-fold2-seed0,2
ar,F_R,8,SS_vs_persistence,0.3687297947222732,1286610,001dcee8e81efda3,True,location-k4-fold2-seed0,2
ar,F_R,8,SS_vs_seasonal,0.3779147347906603,1286610,001dcee8e81efda3,True,location-k4-fold2-seed0,2
ar,F_R,8,SS_vs_ar,0.0,1286610,001dcee8e81efda3,True,location-k4-fold2-seed0,2
ar,F_R,9,MSE,260106.06468782396,1286610,001dcee8e81efda3,True,location-k4-fold2-seed0,2
ar,F_R,9,MAE,331.0406257971441,1286610,001dcee8e81efda3,True,location-k4-fold2-seed0,2
ar,F_R,9,SS_vs_persistence,0.3801031442979823,1286610,001dcee8e81efda3,True,location-k4-fold2-seed0,2
ar,F_R,9,SS_vs_seasonal,0.38980424236254807,1286610,001dcee8e81efda3,True,location-k4-fold2-seed0,2
ar,F_R,9,SS_vs_ar,0.0,1286610,001dcee8e81efda3,True,location-k4-fold2-seed0,2
ar,F_R,10,MSE,262658.29612816084,1286610,001dcee8e81efda3,True,location-k4-fold2-seed0,2
ar,F_R,10,MAE,333.8543683040991,1286610,001dcee8e81efda3,True,location-k4-fold2-seed0,2
ar,F_R,10,SS_vs_persistence,0.3586708390747372,1286610,001dcee8e81efda3,True,location-k4-fold2-seed0,2
ar,F_R,10,SS_vs_seasonal,0.3711370626157474,1286610,001dcee8e81efda3,True,location-k4-fold2-seed0,2
ar,F_R,10,SS_vs_ar,0.0,1286610,001dcee8e81efda3,True,location-k4-fold2-seed0,2
ar,F_R,11,MSE,268863.8864812537,1286610,001dcee8e81efda3,True,location-k4-fold2-seed0,2
ar,F_R,11,MAE,340.13239291411395,1286610,001dcee8e81efda3,True,location-k4-fold2-seed0,2
ar,F_R,11,SS_vs_persistence,0.372053195238233,1286610,001dcee8e81efda3,True,location-k4-fold2-seed0,2
ar,F_R,11,SS_vs_seasonal,0.39038137112353577,1286610,001dcee8e81efda3,True,location-k4-fold2-seed0,2
ar,F_R,11,SS_vs_ar,0.0,1286610,001dcee8e81efda3,True,location-k4-fold2-seed0,2
ar,F_R,12,MSE,272173.35066938214,1286610,001dcee8e81efda3,True,location-k4-fold2-seed0,2
ar,F_R,12,MAE,343.35041277762156,1286610,001dcee8e81efda3,True,location-k4-fold2-seed0,2
ar,F_R,12,SS_vs_persistence,0.3945191286899683,1286610,001dcee8e81efda3,True,location-k4-fold2-seed0,2
ar,F_R,12,SS_vs_seasonal,0.40526213522939913,1286610,001dcee8e81efda3,True,location-k4-fold2-seed0,2
ar,F_R,12,SS_vs_ar,0.0,1286610,001dcee8e81efda3,True,location-k4-fold2-seed0,2
ar,F_R,13,MSE,272788.0768449982,1286610,001dcee8e81efda3,True,location-k4-fold2-seed0,2
ar,F_R,13,MAE,344.29810931759886,1286610,001dcee8e81efda3,True,location-k4-fold2-seed0,2
ar,F_R,13,SS_vs_persistence,0.394653296076119,1286610,001dcee8e81efda3,True,location-k4-fold2-seed0,2
ar,F_R,13,SS_vs_seasonal,0.4030846149710213,1286610,001dcee8e81efda3,True,location-k4-fold2-seed0,2
ar,F_R,13,SS_vs_ar,0.0,1286610,001dcee8e81efda3,True,location-k4-fold2-seed0,2
ar,F_R,14,MSE,273940.4747964449,1286610,001dcee8e81efda3,True,location-k4-fold2-seed0,2
ar,F_R,14,MAE,345.1139555243468,1286610,001dcee8e81efda3,True,location-k4-fold2-seed0,2
ar,F_R,14,SS_vs_persistence,0.3799736016689014,1286610,001dcee8e81efda3,True,location-k4-fold2-seed0,2
ar,F_R,14,SS_vs_seasonal,0.39294459121986725,1286610,001dcee8e81efda3,True,location-k4-fold2-seed0,2
ar,F_R,14,SS_vs_ar,0.0,1286610,001dcee8e81efda3,True,location-k4-fold2-seed0,2
ar,F_R,15,MSE,275550.2704816153,1286610,001dcee8e81efda3,True,location-k4-fold2-seed0,2
ar,F_R,15,MAE,347.5927810132488,1286610,001dcee8e81efda3,True,location-k4-fold2-seed0,2
ar,F_R,15,SS_vs_persistence,0.3770617946067417,1286610,001dcee8e81efda3,True,location-k4-fold2-seed0,2
ar,F_R,15,SS_vs_seasonal,0.3891530756708884,1286610,001dcee8e81efda3,True,location-k4-fold2-seed0,2
ar,F_R,15,SS_vs_ar,0.0,1286610,001dcee8e81efda3,True,location-k4-fold2-seed0,2
ar,F_R,16,MSE,292460.19933880627,1286610,001dcee8e81efda3,True,location-k4-fold2-seed0,2
ar,F_R,16,MAE,353.7845535156098,1286610,001dcee8e81efda3,True,location-k4-fold2-seed0,2
ar,F_R,16,SS_vs_persistence,0.3565200152108774,1286610,001dcee8e81efda3,True,location-k4-fold2-seed0,2
ar,F_R,16,SS_vs_seasonal,0.3748117670328278,1286610,001dcee8e81efda3,True,location-k4-fold2-seed0,2
ar,F_R,16,SS_vs_ar,0.0,1286610,001dcee8e81efda3,True,location-k4-fold2-seed0,2
ar,F_R,17,MSE,295690.30211526254,1286610,001dcee8e81efda3,True,location-k4-fold2-seed0,2
ar,F_R,17,MAE,357.78138677062185,1286610,001dcee8e81efda3,True,location-k4-fold2-seed0,2
ar,F_R,17,SS_vs_persistence,0.3532612036873183,1286610,001dcee8e81efda3,True,location-k4-fold2-seed0,2
ar,F_R,17,SS_vs_seasonal,0.3705472327113608,1286610,001dcee8e81efda3,True,location-k4-fold2-seed0,2
ar,F_R,17,SS_vs_ar,0.0,1286610,001dcee8e81efda3,True,location-k4-fold2-seed0,2
ar,F_R,18,MSE,302524.8863480303,1286610,001dcee8e81efda3,True,location-k4-fold2-seed0,2
ar,F_R,18,MAE,362.1547321449568,1286610,001dcee8e81efda3,True,location-k4-fold2-seed0,2
ar,F_R,18,SS_vs_persistence,0.35570262481522075,1286610,001dcee8e81efda3,True,location-k4-fold2-seed0,2
ar,F_R,18,SS_vs_seasonal,0.3720876733221734,1286610,001dcee8e81efda3,True,location-k4-fold2-seed0,2
ar,F_R,18,SS_vs_ar,0.0,1286610,001dcee8e81efda3,True,location-k4-fold2-seed0,2
ar,F_R,19,MSE,304806.84747583664,1286610,001dcee8e81efda3,True,location-k4-fold2-seed0,2
ar,F_R,19,MAE,364.9678609024721,1286610,001dcee8e81efda3,True,location-k4-fold2-seed0,2
ar,F_R,19,SS_vs_persistence,0.3720431414487021,1286610,001dcee8e81efda3,True,location-k4-fold2-seed0,2
ar,F_R,19,SS_vs_seasonal,0.38465640070440077,1286610,001dcee8e81efda3,True,location-k4-fold2-seed0,2
ar,F_R,19,SS_vs_ar,0.0,1286610,001dcee8e81efda3,True,location-k4-fold2-seed0,2
ar,F_R,20,MSE,308056.50171481585,1286610,001dcee8e81efda3,True,location-k4-fold2-seed0,2
ar,F_R,20,MAE,366.4947131531199,1286610,001dcee8e81efda3,True,location-k4-fold2-seed0,2
ar,F_R,20,SS_vs_persistence,0.37686088530269235,1286610,001dcee8e81efda3,True,location-k4-fold2-seed0,2
ar,F_R,20,SS_vs_seasonal,0.38747196323008004,1286610,001dcee8e81efda3,True,location-k4-fold2-seed0,2
ar,F_R,20,SS_vs_ar,0.0,1286610,001dcee8e81efda3,True,location-k4-fold2-seed0,2
ar,F_R,21,MSE,307480.389865236,1286610,001dcee8e81efda3,True,location-k4-fold2-seed0,2
ar,F_R,21,MAE,367.18367352825624,1286610,001dcee8e81efda3,True,location-k4-fold2-seed0,2
ar,F_R,21,SS_vs_persistence,0.35674935503449146,1286610,001dcee8e81efda3,True,location-k4-fold2-seed0,2
ar,F_R,21,SS_vs_seasonal,0.3680801879329735,1286610,001dcee8e81efda3,True,location-k4-fold2-seed0,2
ar,F_R,21,SS_vs_ar,0.0,1286610,001dcee8e81efda3,True,location-k4-fold2-seed0,2
ar,F_R,22,MSE,308326.080359172,1286610,001dcee8e81efda3,True,location-k4-fold2-seed0,2
ar,F_R,22,MAE,369.12108946539274,1286610,001dcee8e81efda3,True,location-k4-fold2-seed0,2
ar,F_R,22,SS_vs_persistence,0.3505645952607791,1286610,001dcee8e81efda3,True,location-k4-fold2-seed0,2
ar,F_R,22,SS_vs_seasonal,0.361709612736552,1286610,001dcee8e81efda3,True,location-k4-fold2-seed0,2
ar,F_R,22,SS_vs_ar,0.0,1286610,001dcee8e81efda3,True,location-k4-fold2-seed0,2
ar,F_R,23,MSE,311102.9798177643,1286610,001dcee8e81efda3,True,location-k4-fold2-seed0,2
ar,F_R,23,MAE,371.52914874647234,1286610,001dcee8e81efda3,True,location-k4-fold2-seed0,2
ar,F_R,23,SS_vs_persistence,0.34998138060841044,1286610,001dcee8e81efda3,True,location-k4-fold2-seed0,2
ar,F_R,23,SS_vs_seasonal,0.3551617303555833,1286610,001dcee8e81efda3,True,location-k4-fold2-seed0,2
ar,F_R,23,SS_vs_ar,0.0,1286610,001dcee8e81efda3,True,location-k4-fold2-seed0,2
ar,F_R,24,MSE,308450.3100156913,1286610,001dcee8e81efda3,True,location-k4-fold2-seed0,2
ar,F_R,24,MAE,372.5964695136957,1286610,001dcee8e81efda3,True,location-k4-fold2-seed0,2
ar,F_R,24,SS_vs_persistence,0.3300319114182788,1286610,001dcee8e81efda3,True,location-k4-fold2-seed0,2
ar,F_R,24,SS_vs_seasonal,0.33759848734436093,1286610,001dcee8e81efda3,True,location-k4-fold2-seed0,2
ar,F_R,24,SS_vs_ar,0.0,1286610,001dcee8e81efda3,True,location-k4-fold2-seed0,2
ar,F_R,25,MSE,304791.4526834499,1286610,001dcee8e81efda3,True,location-k4-fold2-seed0,2
ar,F_R,25,MAE,374.46530683751735,1286610,001dcee8e81efda3,True,location-k4-fold2-seed0,2
ar,F_R,25,SS_vs_persistence,0.3305911200494255,1286610,001dcee8e81efda3,True,location-k4-fold2-seed0,2
ar,F_R,25,SS_vs_seasonal,0.3359455942666387,1286610,001dcee8e81efda3,True,location-k4-fold2-seed0,2
ar,F_R,25,SS_vs_ar,0.0,1286610,001dcee8e81efda3,True,location-k4-fold2-seed0,2
ar,F_R,26,MSE,307777.087468879,1286610,001dcee8e81efda3,True,location-k4-fold2-seed0,2
ar,F_R,26,MAE,377.8244236635914,1286610,001dcee8e81efda3,True,location-k4-fold2-seed0,2
ar,F_R,26,SS_vs_persistence,0.3466202298365034,1286610,001dcee8e81efda3,True,location-k4-fold2-seed0,2
ar,F_R,26,SS_vs_seasonal,0.34960152012355583,1286610,001dcee8e81efda3,True,location-k4-fold2-seed0,2
ar,F_R,26,SS_vs_ar,0.0,1286610,001dcee8e81efda3,True,location-k4-fold2-seed0,2
ar,F_R,27,MSE,311680.3778368909,1286610,001dcee8e81efda3,True,location-k4-fold2-seed0,2
ar,F_R,27,MAE,380.2636456221321,1286610,001dcee8e81efda3,True,location-k4-fold2-seed0,2
ar,F_R,27,SS_vs_persistence,0.3668387639646101,1286610,001dcee8e81efda3,True,location-k4-fold2-seed0,2
ar,F_R,27,SS_vs_seasonal,0.3682448672565741,1286610,001dcee8e81efda3,True,location-k4-fold2-seed0,2
ar,F_R,27,SS_vs_ar,0.0,1286610,001dcee8e81efda3,True,location-k4-fold2-seed0,2
ar,F_R,28,MSE,313869.1706632797,1286610,001dcee8e81efda3,True,location-k4-fold2-seed0,2
ar,F_R,28,MAE,381.3712316369168,1286610,001dcee8e81efda3,True,location-k4-fold2-seed0,2
ar,F_R,28,SS_vs_persistence,0.36473553332103203,1286610,001dcee8e81efda3,True,location-k4-fold2-seed0,2
ar,F_R,28,SS_vs_seasonal,0.36662048178554574,1286610,001dcee8e81efda3,True,location-k4-fold2-seed0,2
ar,F_R,28,SS_vs_ar,0.0,1286610,001dcee8e81efda3,True,location-k4-fold2-seed0,2
ar,F_R,29,MSE,314926.937061014,1286610,001dcee8e81efda3,True,location-k4-fold2-seed0,2
ar,F_R,29,MAE,382.28283606100337,1286610,001dcee8e81efda3,True,location-k4-fold2-seed0,2
ar,F_R,29,SS_vs_persistence,0.36549156451287623,1286610,001dcee8e81efda3,True,location-k4-fold2-seed0,2
ar,F_R,29,SS_vs_seasonal,0.3691222028834872,1286610,001dcee8e81efda3,True,location-k4-fold2-seed0,2
ar,F_R,29,SS_vs_ar,0.0,1286610,001dcee8e81efda3,True,location-k4-fold2-seed0,2
ar,F_R,30,MSE,313936.7691389928,1286610,001dcee8e81efda3,True,location-k4-fold2-seed0,2
ar,F_R,30,MAE,382.0002493686865,1286610,001dcee8e81efda3,True,location-k4-fold2-seed0,2
ar,F_R,30,SS_vs_persistence,0.3567246348056433,1286610,001dcee8e81efda3,True,location-k4-fold2-seed0,2
ar,F_R,30,SS_vs_seasonal,0.3635355519343084,1286610,001dcee8e81efda3,True,location-k4-fold2-seed0,2
ar,F_R,30,SS_vs_ar,0.0,1286610,001dcee8e81efda3,True,location-k4-fold2-seed0,2
ar,F_R,all,MSE,280844.55673491355,1286610,001dcee8e81efda3,True,location-k4-fold2-seed0,2
ar,F_R,all,MAE,348.23603738378796,1286610,001dcee8e81efda3,True,location-k4-fold2-seed0,2
ar,F_R,all,SS_vs_persistence,0.3660316316589797,1286610,001dcee8e81efda3,True,location-k4-fold2-seed0,2
ar,F_R,all,SS_vs_seasonal,0.37856421062710843,1286610,001dcee8e81efda3,True,location-k4-fold2-seed0,2
ar,F_R,all,SS_vs_ar,0.0,1286610,001dcee8e81efda3,True,location-k4-fold2-seed0,2
ar,CoPx_R,1,MSE,0.01314303927033145,1118837,001dcee8e81efda3,True,location-k4-fold2-seed0,2
ar,CoPx_R,1,MAE,0.08262338018698277,1118837,001dcee8e81efda3,True,location-k4-fold2-seed0,2
ar,CoPx_R,1,SS_vs_persistence,0.43551852489953113,1118837,001dcee8e81efda3,True,location-k4-fold2-seed0,2
ar,CoPx_R,1,SS_vs_seasonal,0.465841682877269,1118837,001dcee8e81efda3,True,location-k4-fold2-seed0,2
ar,CoPx_R,1,SS_vs_ar,7.608591534591369e-11,1118837,001dcee8e81efda3,True,location-k4-fold2-seed0,2
ar,CoPx_R,2,MSE,0.014275010180033272,1118837,001dcee8e81efda3,True,location-k4-fold2-seed0,2
ar,CoPx_R,2,MAE,0.08627789771551515,1118837,001dcee8e81efda3,True,location-k4-fold2-seed0,2
ar,CoPx_R,2,SS_vs_persistence,0.4580037489388855,1118837,001dcee8e81efda3,True,location-k4-fold2-seed0,2
ar,CoPx_R,2,SS_vs_seasonal,0.4749913357556613,1118837,001dcee8e81efda3,True,location-k4-fold2-seed0,2
ar,CoPx_R,2,SS_vs_ar,7.005251934089074e-11,1118837,001dcee8e81efda3,True,location-k4-fold2-seed0,2
ar,CoPx_R,3,MSE,0.014900531872160021,1118837,001dcee8e81efda3,True,location-k4-fold2-seed0,2
ar,CoPx_R,3,MAE,0.0882675458738005,1118837,001dcee8e81efda3,True,location-k4-fold2-seed0,2
ar,CoPx_R,3,SS_vs_persistence,0.466255052865847,1118837,001dcee8e81efda3,True,location-k4-fold2-seed0,2
ar,CoPx_R,3,SS_vs_seasonal,0.482605186974136,1118837,001dcee8e81efda3,True,location-k4-fold2-seed0,2
ar,CoPx_R,3,SS_vs_ar,6.711176059326363e-11,1118837,001dcee8e81efda3,True,location-k4-fold2-seed0,2
ar,CoPx_R,4,MSE,0.015506283745055444,1118837,001dcee8e81efda3,True,location-k4-fold2-seed0,2
ar,CoPx_R,4,MAE,0.09002919223880988,1118837,001dcee8e81efda3,True,location-k4-fold2-seed0,2
ar,CoPx_R,4,SS_vs_persistence,0.4841370187016587,1118837,001dcee8e81efda3,True,location-k4-fold2-seed0,2
ar,CoPx_R,4,SS_vs_seasonal,0.4957143888142428,1118837,001dcee8e81efda3,True,location-k4-fold2-seed0,2
ar,CoPx_R,4,SS_vs_ar,6.448996892061132e-11,1118837,001dcee8e81efda3,True,location-k4-fold2-seed0,2
ar,CoPx_R,5,MSE,0.01591150302149168,1118837,001dcee8e81efda3,True,location-k4-fold2-seed0,2
ar,CoPx_R,5,MAE,0.09143497577387606,1118837,001dcee8e81efda3,True,location-k4-fold2-seed0,2
ar,CoPx_R,5,SS_vs_persistence,0.4946841715563769,1118837,001dcee8e81efda3,True,location-k4-fold2-seed0,2
ar,CoPx_R,5,SS_vs_seasonal,0.5004214946022676,1118837,001dcee8e81efda3,True,location-k4-fold2-seed0,2
ar,CoPx_R,5,SS_vs_ar,6.284750497798086e-11,1118837,001dcee8e81efda3,True,location-k4-fold2-seed0,2
ar,CoPx_R,6,MSE,0.016155002798208164,1118837,001dcee8e81efda3,True,location-k4-fold2-seed0,2
ar,CoPx_R,6,MAE,0.09207249954904967,1118837,001dcee8e81efda3,True,location-k4-fold2-seed0,2
ar,CoPx_R,6,SS_vs_persistence,0.4716986784798579,1118837,001dcee8e81efda3,True,location-k4-fold2-seed0,2
ar,CoPx_R,6,SS_vs_seasonal,0.4796713447085881,1118837,001dcee8e81efda3,True,location-k4-fold2-seed0,2
ar,CoPx_R,6,SS_vs_ar,6.190026269337068e-11,1118837,001dcee8e81efda3,True,location-k4-fold2-seed0,2
ar,CoPx_R,7,MSE,0.016480394517095032,1118837,001dcee8e81efda3,True,location-k4-fold2-seed0,2
ar,CoPx_R,7,MAE,0.09316939835800589,1118837,001dcee8e81efda3,True,location-k4-fold2-seed0,2
ar,CoPx_R,7,SS_vs_persistence,0.4411406828900425,1118837,001dcee8e81efda3,True,location-k4-fold2-seed0,2
ar,CoPx_R,7,SS_vs_seasonal,0.451795875507367,1118837,001dcee8e81efda3,True,location-k4-fold2-seed0,2
ar,CoPx_R,7,SS_vs_ar,6.06781291878633e-11,1118837,001dcee8e81efda3,True,location-k4-fold2-seed0,2
ar,CoPx_R,8,MSE,0.016843987445861297,1118837,001dcee8e81efda3,True,location-k4-fold2-seed0,2
ar,CoPx_R,8,MAE,0.09409593820666964,1118837,001dcee8e81efda3,True,location-k4-fold2-seed0,2
ar,CoPx_R,8,SS_vs_persistence,0.437141140195913,1118837,001dcee8e81efda3,True,location-k4-fold2-seed0,2
ar,CoPx_R,8,SS_vs_seasonal,0.44397610906738083,1118837,001dcee8e81efda3,True,location-k4-fold2-seed0,2
ar,CoPx_R,8,SS_vs_ar,5.936828806341055e-11,1118837,001dcee8e81efda3,True,location-k4-fold2-seed0,2
ar,CoPx_R,9,MSE,0.017168161462930088,1118837,001dcee8e81efda3,True,location-k4-fold2-seed0,2
ar,CoPx_R,9,MAE,0.09513615862514402,1118837,001dcee8e81efda3,True,location-k4-fold2-seed0,2
ar,CoPx_R,9,SS_vs_persistence,0.45826900742528265,1118837,001dcee8e81efda3,True,location-k4-fold2-seed0,2
ar,CoPx_R,9,SS_vs_seasonal,0.4608243892426164,1118837,001dcee8e81efda3,True,location-k4-fold2-seed0,2
ar,CoPx_R,9,SS_vs_ar,5.824729587544653e-11,1118837,001dcee8e81efda3,True,location-k4-fold2-seed0,2
ar,CoPx_R,10,MSE,0.017466619986490736,1118837,001dcee8e81efda3,True,location-k4-fold2-seed0,2
ar,CoPx_R,10,MAE,0.09588138580112272,1118837,001dcee8e81efda3,True,location-k4-fold2-seed0,2
ar,CoPx_R,10,SS_vs_persistence,0.44920319675920584,1118837,001dcee8e81efda3,True,location-k4-fold2-seed0,2
ar,CoPx_R,10,SS_vs_seasonal,0.45252834118065677,1118837,001dcee8e81efda3,True,location-k4-fold2-seed0,2
ar,CoPx_R,10,SS_vs_ar,5.725198093387007e-11,1118837,001dcee8e81efda3,True,location-k4-fold2-seed0,2
ar,CoPx_R,11,MSE,0.01783447199966923,1118837,001dcee8e81efda3,True,location-k4-fold2-seed0,2
ar,CoPx_R,11,MAE,0.09682772117691267,1118837,001dcee8e81efda3,True,location-k4-fold2-seed0,2
ar,CoPx_R,11,SS_vs_persistence,0.4570592863889439,1118837,001dcee8e81efda3,True,location-k4-fold2-seed0,2
ar,CoPx_R,11,SS_vs_seasonal,0.4687647054045915,1118837,001dcee8e81efda3,True,location-k4-fold2-seed0,2
ar,CoPx_R,11,SS_vs_ar,5.6071147724878756e-11,1118837,001dcee8e81efda3,True,location-k4-fold2-seed0,2
ar,CoPx_R,12,MSE,0.018097173605597868,1118837,001dcee8e81efda3,True,location-k4-fold2-seed0,2
ar,CoPx_R,12,MAE,0.09752769118955215,1118837,001dcee8e81efda3,True,location-k4-fold2-seed0,2
ar,CoPx_R,12,SS_vs_persistence,0.4939231000866908,1118837,001dcee8e81efda3,True,location-k4-fold2-seed0,2
ar,CoPx_R,12,SS_vs_seasonal,0.4988030701692644,1118837,001dcee8e81efda3,True,location-k4-fold2-seed0,2
ar,CoPx_R,12,SS_vs_ar,5.525713220322359e-11,1118837,001dcee8e81efda3,True,location-k4-fold2-seed0,2
ar,CoPx_R,13,MSE,0.01818061105974922,1118837,001dcee8e81efda3,True,location-k4-fold2-seed0,2
ar,CoPx_R,13,MAE,0.09768720648137658,1118837,001dcee8e81efda3,True,location-k4-fold2-seed0,2
ar,CoPx_R,13,SS_vs_persistence,0.4958903762199034,1118837,001dcee8e81efda3,True,location-k4-fold2-seed0,2
ar,CoPx_R,13,SS_vs_seasonal,0.5001934979107431,1118837,001dcee8e81efda3,True,location-k4-fold2-seed0,2
ar,CoPx_R,13,SS_vs_ar,5.5003557264399205e-11,1118837,001dcee8e81efda3,True,location-k4-fold2-seed0,2
ar,CoPx_R,14,MSE,0.018227978025094977,1118837,001dcee8e81efda3,True,location-k4-fold2-seed0,2
ar,CoPx_R,14,MAE,0.09783310811122067,1118837,001dcee8e81efda3,True,location-k4-fold2-seed0,2
ar,CoPx_R,14,SS_vs_persistence,0.4623336638555935,1118837,001dcee8e81efda3,True,location-k4-fold2-seed0,2
ar,CoPx_R,14,SS_vs_seasonal,0.467540995604687,1118837,001dcee8e81efda3,True,location-k4-fold2-seed0,2
ar,CoPx_R,14,SS_vs_ar,5.486067156112995e-11,1118837,001dcee8e81efda3,True,location-k4-fold2-seed0,2
ar,CoPx_R,15,MSE,0.018454746422246263,1118837,001dcee8e81efda3,True,location-k4-fold2-seed0,2
ar,CoPx_R,15,MAE,0.09855192291263792,1118837,001dcee8e81efda3,True,location-k4-fold2-seed0,2
ar,CoPx_R,15,SS_vs_persistence,0.4595782636448288,1118837,001dcee8e81efda3,True,location-k4-fold2-seed0,2
ar,CoPx_R,15,SS_vs_seasonal,0.46784319152869114,1118837,001dcee8e81efda3,True,location-k4-fold2-seed0,2
ar,CoPx_R,15,SS_vs_ar,5.418654414057755e-11,1118837,001dcee8e81efda3,True,location-k4-fold2-seed0,2
ar,CoPx_R,16,MSE,0.018522839721001428,1118837,001dcee8e81efda3,True,location-k4-fold2-seed0,2
ar,CoPx_R,16,MAE,0.0988265553709582,1118837,001dcee8e81efda3,True,location-k4-fold2-seed0,2
ar,CoPx_R,16,SS_vs_persistence,0.4728504679097957,1118837,001dcee8e81efda3,True,location-k4-fold2-seed0,2
ar,CoPx_R,16,SS_vs_seasonal,0.4812158502451527,1118837,001dcee8e81efda3,True,location-k4-fold2-seed0,2
ar,CoPx_R,16,SS_vs_ar,5.39873701299598e-11,1118837,001dcee8e81efda3,True,location-k4-fold2-seed0,2
ar,CoPx_R,17,MSE,0.018619325131565514,1118837,001dcee8e81efda3,True,location-k4-fold2-seed0,2
ar,CoPx_R,17,MAE,0.09903531598643006,1118837,001dcee8e81efda3,True,location-k4-fold2-seed0,2
ar,CoPx_R,17,SS_vs_persistence,0.4564102348935718,1118837,001dcee8e81efda3,True,location-k4-fold2-seed0,2
ar,CoPx_R,17,SS_vs_seasonal,0.4630113094893683,1118837,001dcee8e81efda3,True,location-k4-fold2-seed0,2
ar,CoPx_R,17,SS_vs_ar,5.370759392775426e-11,1118837,001dcee8e81efda3,True,location-k4-fold2-seed0,2
ar,CoPx_R,18,MSE,0.018757127299818478,1118837,001dcee8e81efda3,True,location-k4-fold2-seed0,2
ar,CoPx_R,18,MAE,0.09949070235862438,1118837,001dcee8e81efda3,True,location-k4-fold2-seed0,2
ar,CoPx_R,18,SS_vs_persistence,0.4769571349156638,1118837,001dcee8e81efda3,True,location-k4-fold2-seed0,2
ar,CoPx_R,18,SS_vs_seasonal,0.48148776356427647,1118837,001dcee8e81efda3,True,location-k4-fold2-seed0,2
ar,CoPx_R,18,SS_vs_ar,5.331302066480248e-11,1118837,001dcee8e81efda3,True,location-k4-fold2-seed0,2
ar,CoPx_R,19,MSE,0.01883612759995933,1118837,001dcee8e81efda3,True,location-k4-fold2-seed0,2
ar,CoPx_R,19,MAE,0.09966024384918144,1118837,001dcee8e81efda3,True,location-k4-fold2-seed0,2
ar,CoPx_R,19,SS_vs_persistence,0.5032240111996947,1118837,001dcee8e81efda3,True,location-k4-fold2-seed0,2
ar,CoPx_R,19,SS_vs_seasonal,0.5054461906194123,1118837,001dcee8e81efda3,True,location-k4-fold2-seed0,2
ar,CoPx_R,19,SS_vs_ar,5.308942174764297e-11,1118837,001dcee8e81efda3,True,location-k4-fold2-seed0,2
ar,CoPx_R,20,MSE,0.01889051525212845,1118837,001dcee8e81efda3,True,location-k4-fold2-seed0,2
ar,CoPx_R,20,MAE,0.09976581843796804,1118837,001dcee8e81efda3,True,location-k4-fold2-seed0,2
ar,CoPx_R,20,SS_vs_persistence,0.5062617309839931,1118837,001dcee8e81efda3,True,location-k4-fold2-seed0,2
ar,CoPx_R,20,SS_vs_seasonal,0.5078296318401154,1118837,001dcee8e81efda3,True,location-k4-fold2-seed0,2
ar,CoPx_R,20,SS_vs_ar,5.293654403715209e-11,1118837,001dcee8e81efda3,True,location-k4-fold2-seed0,2
ar,CoPx_R,21,MSE,0.018893109854343018,1118837,001dcee8e81efda3,True,location-k4-fold2-seed0,2
ar,CoPx_R,21,MAE,0.09967124231480619,1118837,001dcee8e81efda3,True,location-k4-fold2-seed0,2
ar,CoPx_R,21,SS_vs_persistence,0.4855930485708779,1118837,001dcee8e81efda3,True,location-k4-fold2-seed0,2
ar,CoPx_R,21,SS_vs_seasonal,0.49377092687049606,1118837,001dcee8e81efda3,True,location-k4-fold2-seed0,2
ar,CoPx_R,21,SS_vs_ar,5.2929327587492025e-11,1118837,001dcee8e81efda3,True,location-k4-fold2-seed0,2
ar,CoPx_R,22,MSE,0.018952258032316004,1118837,001dcee8e81efda3,True,location-k4-fold2-seed0,2
ar,CoPx_R,22,MAE,0.09982382015609945,1118837,001dcee8e81efda3,True,location-k4-fold2-seed0,2
ar,CoPx_R,22,SS_vs_persistence,0.48414646931432515,1118837,001dcee8e81efda3,True,location-k4-fold2-seed0,2
ar,CoPx_R,22,SS_vs_seasonal,0.48817676404279,1118837,001dcee8e81efda3,True,location-k4-fold2-seed0,2
ar,CoPx_R,22,SS_vs_ar,5.27641264014278e-11,1118837,001dcee8e81efda3,True,location-k4-fold2-seed0,2
ar,CoPx_R,23,MSE,0.019060124093236284,1118837,001dcee8e81efda3,True,location-k4-fold2-seed0,2
ar,CoPx_R,23,MAE,0.1001890002435393,1118837,001dcee8e81efda3,True,location-k4-fold2-seed0,2
ar,CoPx_R,23,SS_vs_persistence,0.4907226239216633,1118837,001dcee8e81efda3,True,location-k4-fold2-seed0,2
ar,CoPx_R,23,SS_vs_seasonal,0.497361848559844,1118837,001dcee8e81efda3,True,location-k4-fold2-seed0,2
ar,CoPx_R,23,SS_vs_ar,5.2465476407803635e-11,1118837,001dcee8e81efda3,True,location-k4-fold2-seed0,2
ar,CoPx_R,24,MSE,0.019065096726970446,1118837,001dcee8e81efda3,True,location-k4-fold2-seed0,2
ar,CoPx_R,24,MAE,0.10024379762230826,1118837,001dcee8e81efda3,True,location-k4-fold2-seed0,2
ar,CoPx_R,24,SS_vs_persistence,0.4870709328507501,1118837,001dcee8e81efda3,True,location-k4-fold2-seed0,2
ar,CoPx_R,24,SS_vs_seasonal,0.49435623511205273,1118837,001dcee8e81efda3,True,location-k4-fold2-seed0,2
ar,CoPx_R,24,SS_vs_ar,5.2451820664600746e-11,1118837,001dcee8e81efda3,True,location-k4-fold2-seed0,2
ar,CoPx_R,25,MSE,0.01914200260638257,1118837,001dcee8e81efda3,True,location-k4-fold2-seed0,2
ar,CoPx_R,25,MAE,0.10043965443195312,1118837,001dcee8e81efda3,True,location-k4-fold2-seed0,2
ar,CoPx_R,25,SS_vs_persistence,0.4855447384500827,1118837,001dcee8e81efda3,True,location-k4-fold2-seed0,2
ar,CoPx_R,25,SS_vs_seasonal,0.49080223910190457,1118837,001dcee8e81efda3,True,location-k4-fold2-seed0,2
ar,CoPx_R,25,SS_vs_ar,5.224110033452689e-11,1118837,001dcee8e81efda3,True,location-k4-fold2-seed0,2
ar,CoPx_R,26,MSE,0.0191747289336478,1118837,001dcee8e81efda3,True,location-k4-fold2-seed0,2
ar,CoPx_R,26,MAE,0.10062276603214658,1118837,001dcee8e81efda3,True,location-k4-fold2-seed0,2
ar,CoPx_R,26,SS_vs_persistence,0.5032658653537116,1118837,001dcee8e81efda3,True,location-k4-fold2-seed0,2
ar,CoPx_R,26,SS_vs_seasonal,0.5033335968098687,1118837,001dcee8e81efda3,True,location-k4-fold2-seed0,2
ar,CoPx_R,26,SS_vs_ar,5.215194942564949e-11,1118837,001dcee8e81efda3,True,location-k4-fold2-seed0,2
ar,CoPx_R,27,MSE,0.019077810161170557,1118837,001dcee8e81efda3,True,location-k4-fold2-seed0,2
ar,CoPx_R,27,MAE,0.100570644290525,1118837,001dcee8e81efda3,True,location-k4-fold2-seed0,2
ar,CoPx_R,27,SS_vs_persistence,0.5185208648615717,1118837,001dcee8e81efda3,True,location-k4-fold2-seed0,2
ar,CoPx_R,27,SS_vs_seasonal,0.5184724214259715,1118837,001dcee8e81efda3,True,location-k4-fold2-seed0,2
ar,CoPx_R,27,SS_vs_ar,5.241684863932505e-11,1118837,001dcee8e81efda3,True,location-k4-fold2-seed0,2
ar,CoPx_R,28,MSE,0.019065155440525918,1118837,001dcee8e81efda3,True,location-k4-fold2-seed0,2
ar,CoPx_R,28,MAE,0.10050426559492841,1118837,001dcee8e81efda3,True,location-k4-fold2-seed0,2
ar,CoPx_R,28,SS_vs_persistence,0.506385450136164,1118837,001dcee8e81efda3,True,location-k4-fold2-seed0,2
ar,CoPx_R,28,SS_vs_seasonal,0.5083484790400561,1118837,001dcee8e81efda3,True,location-k4-fold2-seed0,2
ar,CoPx_R,28,SS_vs_ar,5.245159861999582e-11,1118837,001dcee8e81efda3,True,location-k4-fold2-seed0,2
ar,CoPx_R,29,MSE,0.019024868575376122,1118837,001dcee8e81efda3,True,location-k4-fold2-seed0,2
ar,CoPx_R,29,MAE,0.10051639709507738,1118837,001dcee8e81efda3,True,location-k4-fold2-seed0,2
ar,CoPx_R,29,SS_vs_persistence,0.5266158788384714,1118837,001dcee8e81efda3,True,location-k4-fold2-seed0,2
ar,CoPx_R,29,SS_vs_seasonal,0.5254120685748166,1118837,001dcee8e81efda3,True,location-k4-fold2-seed0,2
ar,CoPx_R,29,SS_vs_ar,5.25627319447608e-11,1118837,001dcee8e81efda3,True,location-k4-fold2-seed0,2
ar,CoPx_R,30,MSE,0.01890749564516922,1118837,001dcee8e81efda3,True,location-k4-fold2-seed0,2
ar,CoPx_R,30,MAE,0.10021740237748737,1118837,001dcee8e81efda3,True,location-k4-fold2-seed0,2
ar,CoPx_R,30,SS_vs_persistence,0.5255579144329255,1118837,001dcee8e81efda3,True,location-k4-fold2-seed0,2
ar,CoPx_R,30,SS_vs_seasonal,0.5232073563554474,1118837,001dcee8e81efda3,True,location-k4-fold2-seed0,2
ar,CoPx_R,30,SS_vs_ar,5.288902649169813e-11,1118837,001dcee8e81efda3,True,location-k4-fold2-seed0,2
ar,CoPx_R,all,MSE,0.017757574833002526,1118837,001dcee8e81efda3,True,location-k4-fold2-seed0,2
ar,CoPx_R,all,MAE,0.09657546938804139,1118837,001dcee8e81efda3,True,location-k4-fold2-seed0,2
ar,CoPx_R,all,SS_vs_persistence,0.4823265312279177,1118837,001dcee8e81efda3,True,location-k4-fold2-seed0,2
ar,CoPx_R,all,SS_vs_seasonal,0.488213346988976,1118837,001dcee8e81efda3,True,location-k4-fold2-seed0,2
ar,CoPx_R,all,SS_vs_ar,5.631395350036428e-11,1118837,001dcee8e81efda3,True,location-k4-fold2-seed0,2
ar,CoPy_R,1,MSE,0.0198073990483306,1118837,001dcee8e81efda3,True,location-k4-fold2-seed0,2
ar,CoPy_R,1,MAE,0.10687720977894404,1118837,001dcee8e81efda3,True,location-k4-fold2-seed0,2
ar,CoPy_R,1,SS_vs_persistence,0.44854273230815056,1118837,001dcee8e81efda3,True,location-k4-fold2-seed0,2
ar,CoPy_R,1,SS_vs_seasonal,0.4605149733630035,1118837,001dcee8e81efda3,True,location-k4-fold2-seed0,2
ar,CoPy_R,1,SS_vs_ar,5.0486170799501906e-11,1118837,001dcee8e81efda3,True,location-k4-fold2-seed0,2
ar,CoPy_R,2,MSE,0.02059281408772796,1118837,001dcee8e81efda3,True,location-k4-fold2-seed0,2
ar,CoPy_R,2,MAE,0.10925692053916457,1118837,001dcee8e81efda3,True,location-k4-fold2-seed0,2
ar,CoPy_R,2,SS_vs_persistence,0.48863212973067993,1118837,001dcee8e81efda3,True,location-k4-fold2-seed0,2
ar,CoPy_R,2,SS_vs_seasonal,0.4921854854638721,1118837,001dcee8e81efda3,True,location-k4-fold2-seed0,2
ar,CoPy_R,2,SS_vs_ar,4.8560599985592034e-11,1118837,001dcee8e81efda3,True,location-k4-fold2-seed0,2
ar,CoPy_R,3,MSE,0.02080306901202424,1118837,001dcee8e81efda3,True,location-k4-fold2-seed0,2
ar,CoPy_R,3,MAE,0.10981169545503275,1118837,001dcee8e81efda3,True,location-k4-fold2-seed0,2
ar,CoPy_R,3,SS_vs_persistence,0.5152916707061227,1118837,001dcee8e81efda3,True,location-k4-fold2-seed0,2
ar,CoPy_R,3,SS_vs_seasonal,0.5150258131817993,1118837,001dcee8e81efda3,True,location-k4-fold2-seed0,2
ar,CoPy_R,3,SS_vs_ar,4.806977038640525e-11,1118837,001dcee8e81efda3,True,location-k4-fold2-seed0,2
ar,CoPy_R,4,MSE,0.020905063736400338,1118837,001dcee8e81efda3,True,location-k4-fold2-seed0,2
ar,CoPy_R,4,MAE,0.11016273501080964,1118837,001dcee8e81efda3,True,location-k4-fold2-seed0,2
ar,CoPy_R,4,SS_vs_persistence,0.5078549203236526,1118837,001dcee8e81efda3,True,location-k4-fold2-seed0,2
ar,CoPy_R,4,SS_vs_seasonal,0.5089601736363989,1118837,001dcee8e81efda3,True,location-k4-fold2-seed0,2
ar,CoPy_R,4,SS_vs_ar,4.783529128360442e-11,1118837,001dcee8e81efda3,True,location-k4-fold2-seed0,2
ar,CoPy_R,5,MSE,0.02104784796752372,1118837,001dcee8e81efda3,True,location-k4-fold2-seed0,2
ar,CoPy_R,5,MAE,0.11058758248553863,1118837,001dcee8e81efda3,True,location-k4-fold2-seed0,2
ar,CoPy_R,5,SS_vs_persistence,0.5137055812317504,1118837,001dcee8e81efda3,True,location-k4-fold2-seed0,2
ar,CoPy_R,5,SS_vs_seasonal,0.5141534085457896,1118837,001dcee8e81efda3,True,location-k4-fold2-seed0,2
ar,CoPy_R,5,SS_vs_ar,4.7510773093506486e-11,1118837,001dcee8e81efda3,True,location-k4-fold2-seed0,2
ar,CoPy_R,6,MSE,0.02105944172481361,1118837,001dcee8e81efda3,True,location-k4-fold2-seed0,2
ar,CoPy_R,6,MAE,0.11062192048048423,1118837,001dcee8e81efda3,True,location-k4-fold2-seed0,2
ar,CoPy_R,6,SS_vs_persistence,0.4862284386726168,1118837,001dcee8e81efda3,True,location-k4-fold2-seed0,2
ar,CoPy_R,6,SS_vs_seasonal,0.4921601466704377,1118837,001dcee8e81efda3,True,location-k4-fold2-seed0,2
ar,CoPy_R,6,SS_vs_ar,4.748457183012533e-11,1118837,001dcee8e81efda3,True,location-k4-fold2-seed0,2
ar,CoPy_R,7,MSE,0.02123924350424824,1118837,001dcee8e81efda3,True,location-k4-fold2-seed0,2
ar,CoPy_R,7,MAE,0.11111096831908442,1118837,001dcee8e81efda3,True,location-k4-fold2-seed0,2
ar,CoPy_R,7,SS_vs_persistence,0.4928291958187543,1118837,001dcee8e81efda3,True,location-k4-fold2-seed0,2
ar,CoPy_R,7,SS_vs_seasonal,0.4945538461742456,1118837,001dcee8e81efda3,True,location-k4-fold2-seed0,2
ar,CoPy_R,7,SS_vs_ar,4.7082560072908564e-11,1118837,001dcee8e81efda3,True,location-k4-fold2-seed0,2
ar,CoPy_R,8,MSE,0.021347235269606555,1118837,001dcee8e81efda3,True,location-k4-fold2-seed0,2
ar,CoPy_R,8,MAE,0.11145904664997294,1118837,001dcee8e81efda3,True,location-k4-fold2-seed0,2
ar,CoPy_R,8,SS_vs_persistence,0.47314988333048125,1118837,001dcee8e81efda3,True,location-k4-fold2-seed0,2
ar,CoPy_R,8,SS_vs_seasonal,0.47812272893708974,1118837,001dcee8e81efda3,True,location-k4-fold2-seed0,2
ar,CoPy_R,8,SS_vs_ar,4.684441723412647e-11,1118837,001dcee8e81efda3,True,location-k4-fold2-seed0,2
ar,CoPy_R,9,MSE,0.021549759377933148,1118837,001dcee8e81efda3,True,location-k4-fold2-seed0,2
ar,CoPy_R,9,MAE,0.11210267772666778,1118837,001dcee8e81efda3,True,location-k4-fold2-seed0,2
ar,CoPy_R,9,SS_vs_persistence,0.48237370733512164,1118837,001dcee8e81efda3,True,location-k4-fold2-seed0,2
ar,CoPy_R,9,SS_vs_seasonal,0.4846082629131868,1118837,001dcee8e81efda3,True,location-k4-fold2-seed0,2
ar,CoPy_R,9,SS_vs_ar,4.640421380486259e-11,1118837,001dcee8e81efda3,True,location-k4-fold2-seed0,2
ar,CoPy_R,10,MSE,0.021733850818243576,1118837,001dcee8e81efda3,True,location-k4-fold2-seed0,2
ar,CoPy_R,10,MAE,0.11261753524521734,1118837,001dcee8e81efda3,True,location-k4-fold2-seed0,2
ar,CoPy_R,10,SS_vs_persistence,0.47418901951207937,1118837,001dcee8e81efda3,True,location-k4-fold2-seed0,2
ar,CoPy_R,10,SS_vs_seasonal,0.47776168562155974,1118837,001dcee8e81efda3,True,location-k4-fold2-seed0,2
ar,CoPy_R,10,SS_vs_ar,4.6011083831842825e-11,1118837,001dcee8e81efda3,True,location-k4-fold2-seed0,2
ar,CoPy_R,11,MSE,0.02195382832485143,1118837,001dcee8e81efda3,True,location-k4-fold2-seed0,2
ar,CoPy_R,11,MAE,0.11318450445983644,1118837,001dcee8e81efda3,True,location-k4-fold2-seed0,2
ar,CoPy_R,11,SS_vs_persistence,0.5082460819626955,1118837,001dcee8e81efda3,True,location-k4-fold2-seed0,2
ar,CoPy_R,11,SS_vs_seasonal,0.5118546658238203,1118837,001dcee8e81efda3,True,location-k4-fold2-seed0,2
ar,CoPy_R,11,SS_vs_ar,4.555011923201846e-11,1118837,001dcee8e81efda3,True,location-k4-fold2-seed0,2
ar,CoPy_R,12,MSE,0.02201983299948951,1118837,001dcee8e81efda3,True,location-k4-fold2-seed0,2
ar,CoPy_R,12,MAE,0.11339039174271201,1118837,001dcee8e81efda3,True,location-k4-fold2-seed0,2
ar,CoPy_R,12,SS_vs_persistence,0.5221549693016472,1118837,001dcee8e81efda3,True,location-k4-fold2-seed0,2
ar,CoPy_R,12,SS_vs_seasonal,0.5235732073792141,1118837,001dcee8e81efda3,True,location-k4-fold2-seed0,2
ar,CoPy_R,12,SS_vs_ar,4.5413561799989566e-11,1118837,001dcee8e81efda3,True,location-k4-fold2-seed0,2
ar,CoPy_R,13,MSE,0.021995319668265276,1118837,001dcee8e81efda3,True,location-k4-fold2-seed0,2
ar,CoPy_R,13,MAE,0.11338173634681757,1118837,001dcee8e81efda3,True,location-k4-fold2-seed0,2
ar,CoPy_R,13,SS_vs_persistence,0.5279076552184312,1118837,001dcee8e81efda3,True,location-k4-fold2-seed0,2
ar,CoPy_R,13,SS_vs_seasonal,0.5276427750223096,1118837,001dcee8e81efda3,True,location-k4-fold2-seed0,2
ar,CoPy_R,13,SS_vs_ar,4.546418796991247e-11,1118837,001dcee8e81efda3,True,location-k4-fold2-seed0,2
ar,CoPy_R,14,MSE,0.021909189928256197,1118837,001dcee8e81efda3,True,location-k4-fold2-seed0,2
ar,CoPy_R,14,MAE,0.11322572199596091,1118837,001dcee8e81efda3,True,location-k4-fold2-seed0,2
ar,CoPy_R,14,SS_vs_persistence,0.5038041438746138,1118837,001dcee8e81efda3,True,location-k4-fold2-seed0,2
ar,CoPy_R,14,SS_vs_seasonal,0.50586926448887,1118837,001dcee8e81efda3,True,location-k4-fold2-seed0,2
ar,CoPy_R,14,SS_vs_ar,4.564293387687712e-11,1118837,001dcee8e81efda3,True,location-k4-fold2-seed0,2
ar,CoPy_R,15,MSE,0.021933002970977132,1118837,001dcee8e81efda3,True,location-k4-fold2-seed0,2
ar,CoPy_R,15,MAE,0.11336388934268658,1118837,001dcee8e81efda3,True,location-k4-fold2-seed0,2
ar,CoPy_R,15,SS_vs_persistence,0.49764799304317664,1118837,001dcee8e81efda3,True,location-k4-fold2-seed0,2
ar,CoPy_R,15,SS_vs_seasonal,0.5008265963885726,1118837,001dcee8e81efda3,True,location-k4-fold2-seed0,2
ar,CoPy_R,15,SS_vs_ar,4.559330690767638e-11,1118837,001dcee8e81efda3,True,location-k4-fold2-seed0,2
ar,CoPy_R,16,MSE,0.021949140811105036,1118837,001dcee8e81efda3,True,location-k4-fold2-seed0,2
ar,CoPy_R,16,MAE,0.11340337788751766,1118837,001dcee8e81efda3,True,location-k4-fold2-seed0,2
ar,CoPy_R,16,SS_vs_persistence,0.4993346403433576,1118837,001dcee8e81efda3,True,location-k4-fold2-seed0,2
ar,CoPy_R,16,SS_vs_seasonal,0.5061327740400057,1118837,001dcee8e81efda3,True,location-k4-fold2-seed0,2
ar,CoPy_R,16,SS_vs_ar,4.55597781723327e-11,1118837,001dcee8e81efda3,True,location-k4-fold2-seed0,2
ar,CoPy_R,17,MSE,0.022014996127646673,1118837,001dcee8e81efda3,True,location-k4-fold2-seed0,2
ar,CoPy_R,17,MAE,0.11360035290947035,1118837,001dcee8e81efda3,True,location-k4-fold2-seed0,2
ar,CoPy_R,17,SS_vs_persistence,0.49684899844340524,1118837,001dcee8e81efda3,True,location-k4-fold2-seed0,2
ar,CoPy_R,17,SS_vs_seasonal,0.5013697627473108,1118837,001dcee8e81efda3,True,location-k4-fold2-seed0,2
ar,CoPy_R,17,SS_vs_ar,4.542355380721119e-11,1118837,001dcee8e81efda3,True,location-k4-fold2-seed0,2
ar,CoPy_R,18,MSE,0.022020247760448777,1118837,001dcee8e81efda3,True,location-k4-fold2-seed0,2
ar,CoPy_R,18,MAE,0.11366390036826468,1118837,001dcee8e81efda3,True,location-k4-fold2-seed0,2
ar,CoPy_R,18,SS_vs_persistence,0.5171523529444872,1118837,001dcee8e81efda3,True,location-k4-fold2-seed0,2
ar,CoPy_R,18,SS_vs_seasonal,0.5205122951005631,1118837,001dcee8e81efda3,True,location-k4-fold2-seed0,2
ar,CoPy_R,18,SS_vs_ar,4.5412673621569866e-11,1118837,001dcee8e81efda3,True,location-k4-fold2-seed0,2
ar,CoPy_R,19,MSE,0.022015695057800468,1118837,001dcee8e81efda3,True,location-k4-fold2-seed0,2
ar,CoPy_R,19,MAE,0.11367589492180442,1118837,001dcee8e81efda3,True,location-k4-fold2-seed0,2
ar,CoPy_R,19,SS_vs_persistence,0.5292341347768763,1118837,001dcee8e81efda3,True,location-k4-fold2-seed0,2
ar,CoPy_R,19,SS_vs_seasonal,0.5300001508371567,1118837,001dcee8e81efda3,True,location-k4-fold2-seed0,2
ar,CoPy_R,19,SS_vs_ar,4.542211051727918e-11,1118837,001dcee8e81efda3,True,location-k4-fold2-seed0,2
ar,CoPy_R,20,MSE,0.022044768102752764,1118837,001dcee8e81efda3,True,location-k4-fold2-seed0,2
ar,CoPy_R,20,MAE,0.11367243091025572,1118837,001dcee8e81efda3,True,location-k4-fold2-seed0,2
ar,CoPy_R,20,SS_vs_persistence,0.525665179828188,1118837,001dcee8e81efda3,True,location-k4-fold2-seed0,2
ar,CoPy_R,20,SS_vs_seasonal,0.5263780926550423,1118837,001dcee8e81efda3,True,location-k4-fold2-seed0,2
ar,CoPy_R,20,SS_vs_ar,4.536215847394942e-11,1118837,001dcee8e81efda3,True,location-k4-fold2-seed0,2
ar,CoPy_R,21,MSE,0.022038321246091116,1118837,001dcee8e81efda3,True,location-k4-fold2-seed0,2
ar,CoPy_R,21,MAE,0.11368802250196007,1118837,001dcee8e81efda3,True,location-k4-fold2-seed0,2
ar,CoPy_R,21,SS_vs_persistence,0.5186232310926535,1118837,001dcee8e81efda3,True,location-k4-fold2-seed0,2
ar,CoPy_R,21,SS_vs_seasonal,0.5180046880997236,1118837,001dcee8e81efda3,True,location-k4-fold2-seed0,2
ar,CoPy_R,21,SS_vs_ar,4.537548115024492e-11,1118837,001dcee8e81efda3,True,location-k4-fold2-seed0,2
ar,CoPy_R,22,MSE,0.021980352978194888,1118837,001dcee8e81efda3,True,location-k4-fold2-seed0,2
ar,CoPy_R,22,MAE,0.11353216529158733,1118837,001dcee8e81efda3,True,location-k4-fold2-seed0,2
ar,CoPy_R,22,SS_vs_persistence,0.5173823435647036,1118837,001dcee8e81efda3,True,location-k4-fold2-seed0,2
ar,CoPy_R,22,SS_vs_seasonal,0.5172391031753011,1118837,001dcee8e81efda3,True,location-k4-fold2-seed0,2
ar,CoPy_R,22,SS_vs_ar,4.5495163192299515e-11,1118837,001dcee8e81efda3,True,location-k4-fold2-seed0,2
ar,CoPy_R,23,MSE,0.0220129526009046,1118837,001dcee8e81efda3,True,location-k4-fold2-seed0,2
ar,CoPy_R,23,MAE,0.11364202859206404,1118837,001dcee8e81efda3,True,location-k4-fold2-seed0,2
ar,CoPy_R,23,SS_vs_persistence,0.5123287474679159,1118837,001dcee8e81efda3,True,location-k4-fold2-seed0,2
ar,CoPy_R,23,SS_vs_seasonal,0.5133391587708954,1118837,001dcee8e81efda3,True,location-k4-fold2-seed0,2
ar,CoPy_R,23,SS_vs_ar,4.542777265470477e-11,1118837,001dcee8e81efda3,True,location-k4-fold2-seed0,2
ar,CoPy_R,24,MSE,0.022067693147072638,1118837,001dcee8e81efda3,True,location-k4-fold2-seed0,2
ar,CoPy_R,24,MAE,0.1137908249300437,1118837,001dcee8e81efda3,True,location-k4-fold2-seed0,2
ar,CoPy_R,24,SS_vs_persistence,0.4982950648865039,1118837,001dcee8e81efda3,True,location-k4-fold2-seed0,2
ar,CoPy_R,24,SS_vs_seasonal,0.5010305403944046,1118837,001dcee8e81efda3,True,location-k4-fold2-seed0,2
ar,CoPy_R,24,SS_vs_ar,4.5315085017705314e-11,1118837,001dcee8e81efda3,True,location-k4-fold2-seed0,2
ar,CoPy_R,25,MSE,0.022138533081645664,1118837,001dcee8e81efda3,True,location-k4-fold2-seed0,2
ar,CoPy_R,25,MAE,0.11405649961659285,1118837,001dcee8e81efda3,True,location-k4-fold2-seed0,2
ar,CoPy_R,25,SS_vs_persistence,0.49445299075584626,1118837,001dcee8e81efda3,True,location-k4-fold2-seed0,2
ar,CoPy_R,25,SS_vs_seasonal,0.4972483987079941,1118837,001dcee8e81efda3,True,location-k4-fold2-seed0,2
ar,CoPy_R,25,SS_vs_ar,4.517008989068927e-11,1118837,001dcee8e81efda3,True,location-k4-fold2-seed0,2
ar,CoPy_R,26,MSE,0.02227433806644812,1118837,001dcee8e81efda3,True,location-k4-fold2-seed0,2
ar,CoPy_R,26,MAE,0.1143897266393249,1118837,001dcee8e81efda3,True,location-k4-fold2-seed0,2
ar,CoPy_R,26,SS_vs_persistence,0.5194762162316002,1118837,001dcee8e81efda3,True,location-k4-fold2-seed0,2
ar,CoPy_R,26,SS_vs_seasonal,0.5204490775733668,1118837,001dcee8e81efda3,True,location-k4-fold2-seed0,2
ar,CoPy_R,26,SS_vs_ar,4.489464355827977e-11,1118837,001dcee8e81efda3,True,location-k4-fold2-seed0,2
ar,CoPy_R,27,MSE,0.022213532941257882,1118837,001dcee8e81efda3,True,location-k4-fold2-seed0,2
ar,CoPy_R,27,MAE,0.11430229237732696,1118837,001dcee8e81efda3,True,location-k4-fold2-seed0,2
ar,CoPy_R,27,SS_vs_persistence,0.5357170512022198,1118837,001dcee8e81efda3,True,location-k4-fold2-seed0,2
ar,CoPy_R,27,SS_vs_seasonal,0.5347695198526237,1118837,001dcee8e81efda3,True,location-k4-fold2-seed0,2
ar,CoPy_R,27,SS_vs_ar,4.501754524710577e-11,1118837,001dcee8e81efda3,True,location-k4-fold2-seed0,2
ar,CoPy_R,28,MSE,0.02223038870907655,1118837,001dcee8e81efda3,True,location-k4-fold2-seed0,2
ar,CoPy_R,28,MAE,0.11432388573559653,1118837,001dcee8e81efda3,True,location-k4-fold2-seed0,2
ar,CoPy_R,28,SS_vs_persistence,0.5440722357386232,1118837,001dcee8e81efda3,True,location-k4-fold2-seed0,2
ar,CoPy_R,28,SS_vs_seasonal,0.5405196760193103,1118837,001dcee8e81efda3,True,location-k4-fold2-seed0,2
ar,CoPy_R,28,SS_vs_ar,4.498346140024978e-11,1118837,001dcee8e81efda3,True,location-k4-fold2-seed0,2
ar,CoPy_R,29,MSE,0.02213605861156265,1118837,001dcee8e81efda3,True,location-k4-fold2-seed0,2
ar,CoPy_R,29,MAE,0.11413877085740147,1118837,001dcee8e81efda3,True,location-k4-fold2-seed0,2
ar,CoPy_R,29,SS_vs_persistence,0.5451669539632207,1118837,001dcee8e81efda3,True,location-k4-fold2-seed0,2
ar,CoPy_R,29,SS_vs_seasonal,0.5400490578173824,1118837,001dcee8e81efda3,True,location-k4-fold2-seed0,2
ar,CoPy_R,29,SS_vs_ar,4.517508589430008e-11,1118837,001dcee8e81efda3,True,location-k4-fold2-seed0,2
ar,CoPy_R,30,MSE,0.022116199929016516,1118837,001dcee8e81efda3,True,location-k4-fold2-seed0,2
ar,CoPy_R,30,MAE,0.11412011866241774,1118837,001dcee8e81efda3,True,location-k4-fold2-seed0,2
ar,CoPy_R,30,SS_vs_persistence,0.5252665351528032,1118837,001dcee8e81efda3,True,location-k4-fold2-seed0,2
ar,CoPy_R,30,SS_vs_seasonal,0.5245912638662933,1118837,001dcee8e81efda3,True,location-k4-fold2-seed0,2
ar,CoPy_R,30,SS_vs_ar,4.521572005700136e-11,1118837,001dcee8e81efda3,True,location-k4-fold2-seed0,2
ar,CoPy_R,all,MSE,0.021706033284550764,1118837,001dcee8e81efda3,True,location-k4-fold2-seed0,2
ar,CoPy_R,all,MAE,0.11264185275554252,1118837,001dcee8e81efda3,True,location-k4-fold2-seed0,2
ar,CoPy_R,all,SS_vs_persistence,0.5086923271695591,1118837,001dcee8e81efda3,True,location-k4-fold2-seed0,2
ar,CoPy_R,all,SS_vs_seasonal,0.5103686330776727,1118837,001dcee8e81efda3,True,location-k4-fold2-seed0,2
ar,CoPy_R,all,SS_vs_ar,4.607003667445042e-11,1118837,001dcee8e81efda3,True,location-k4-fold2-seed0,2
prob_gru,F_R,1,MSE,229645.55664259844,1286610,001dcee8e81efda3,True,location-k4-fold2-seed0,2
prob_gru,F_R,1,MAE,308.0693305935708,1286610,001dcee8e81efda3,True,location-k4-fold2-seed0,2
prob_gru,F_R,1,SS_vs_persistence,0.255915202789179,1286610,001dcee8e81efda3,True,location-k4-fold2-seed0,2
prob_gru,F_R,1,SS_vs_seasonal,0.33463349382779684,1286610,001dcee8e81efda3,True,location-k4-fold2-seed0,2
prob_gru,F_R,1,SS_vs_ar,-0.0845722785177001,1286610,001dcee8e81efda3,True,location-k4-fold2-seed0,2
prob_gru,F_R,2,MSE,238173.28705807726,1286610,001dcee8e81efda3,True,location-k4-fold2-seed0,2
prob_gru,F_R,2,MAE,314.9882659389484,1286610,001dcee8e81efda3,True,location-k4-fold2-seed0,2
prob_gru,F_R,2,SS_vs_persistence,0.3469530285209228,1286610,001dcee8e81efda3,True,location-k4-fold2-seed0,2
prob_gru,F_R,2,SS_vs_seasonal,0.3839884406067484,1286610,001dcee8e81efda3,True,location-k4-fold2-seed0,2
prob_gru,F_R,2,SS_vs_ar,-0.027233298732156852,1286610,001dcee8e81efda3,True,location-k4-fold2-seed0,2
prob_gru,F_R,3,MSE,246028.1617096787,1286610,001dcee8e81efda3,True,location-k4-fold2-seed0,2
prob_gru,F_R,3,MAE,321.75257564522076,1286610,001dcee8e81efda3,True,location-k4-fold2-seed0,2
prob_gru,F_R,3,SS_vs_persistence,0.3775484111726076,1286610,001dcee8e81efda3,True,location-k4-fold2-seed0,2
prob_gru,F_R,3,SS_vs_seasonal,0.39600951339445056,1286610,001dcee8e81efda3,True,location-k4-fold2-seed0,2
prob_gru,F_R,3,SS_vs_ar,-0.018654763964788712,1286610,001dcee8e81efda3,True,location-k4-fold2-seed0,2
prob_gru,F_R,4,MSE,250177.63962374427,1286610,001dcee8e81efda3,True,location-k4-fold2-seed0,2
prob_gru,F_R,4,MAE,325.0673884589257,1286610,001dcee8e81efda3,True,location-k4-fold2-seed0,2
prob_gru,F_R,4,SS_vs_persistence,0.3778094080387536,1286610,001dcee8e81efda3,True,location-k4-fold2-seed0,2
prob_gru,F_R,4,SS_vs_seasonal,0.3954855275929049,1286610,001dcee8e81efda3,True,location-k4-fold2-seed0,2
prob_gru,F_R,4,SS_vs_ar,-0.019808311328622707,1286610,001dcee8e81efda3,True,location-k4-fold2-seed0,2
prob_gru,F_R,5,MSE,250486.73218989116,1286610,001dcee8e81efda3,True,location-k4-fold2-seed0,2
prob_gru,F_R,5,MAE,327.24019080851537,1286610,001dcee8e81efda3,True,location-k4-fold2-seed0,2
prob_gru,F_R,5,SS_vs_persistence,0.40178233890795945,1286610,001dcee8e81efda3,True,location-k4-fold2-seed0,2
prob_gru,F_R,5,SS_vs_seasonal,0.4115508258427497,1286610,001dcee8e81efda3,True,location-k4-fold2-seed0,2
prob_gru,F_R,5,SS_vs_ar,-0.01525955346622343,1286610,001dcee8e81efda3,True,location-k4-fold2-seed0,2
prob_gru,F_R,6,MSE,251270.27906755582,1286610,001dcee8e81efda3,True,location-k4-fold2-seed0,2
prob_gru,F_R,6,MAE,327.49110820060054,1286610,001dcee8e81efda3,True,location-k4-fold2-seed0,2
prob_gru,F_R,6,SS_vs_persistence,0.3707152411495698,1286610,001dcee8e81efda3,True,location-k4-fold2-seed0,2
prob_gru,F_R,6,SS_vs_seasonal,0.3853894076238358,1286610,001dcee8e81efda3,True,location-k4-fold2-seed0,2
prob_gru,F_R,6,SS_vs_ar,-0.014077881292771321,1286610,001dcee8e81efda3,True,location-k4-fold2-seed0,2
prob_gru,F_R,7,MSE,254310.3899468155,1286610,001dcee8e81efda3,True,location-k4-fold2-seed0,2
prob_gru,F_R,7,MAE,330.3367649605705,1286610,001dcee8e81efda3,True,location-k4-fold2-seed0,2
prob_gru,F_R,7,SS_vs_persistence,0.3693593435028608,1286610,001dcee8e81efda3,True,location-k4-fold2-seed0,2
prob_gru,F_R,7,SS_vs_seasonal,0.37532546597486416,1286610,001dcee8e81efda3,True,location-k4-fold2-seed0,2
prob_gru,F_R,7,SS_vs_ar,-0.009675643568937131,1286610,001dcee8e81efda3,True,location-k4-fold2-seed0,2
prob_gru,F_R,8,MSE,258400.18889385439,1286610,001dcee8e81efda3,True,location-k4-fold2-seed0,2
prob_gru,F_R,8,MAE,333.7363368972781,1286610,001dcee8e81efda3,True,location-k4-fold2-seed0,2
prob_gru,F_R,8,SS_vs_persistence,0.36420312347623196,1286610,001dcee8e81efda3,True,location-k4-fold2-seed0,2
prob_gru,F_R,8,SS_vs_seasonal,0.37345392631424856,1286610,001dcee8e81efda3,True,location-k4-fold2-seed0,2
prob_gru,F_R,8,SS_vs_ar,-0.007170734826697167,1286610,001dcee8e81efda3,True,location-k4-fold2-seed0,2
prob_gru,F_R,9,MSE,261998.524458942,1286610,001dcee8e81efda3,True,location-k4-fold2-seed0,2
prob_gru,F_R,9,MAE,337.8457496278777,1286610,001dcee8e81efda3,True,location-k4-fold2-seed0,2
prob_gru,F_R,9,SS_vs_persistence,0.375592946263705,1286610,001dcee8e81efda3,True,location-k4-fold2-seed0,2
prob_gru,F_R,9,SS_vs_seasonal,0.3853646268340839,1286610,001dcee8e81efda3,True,location-k4-fold2-seed0,2
prob_gru,F_R,9,SS_vs_ar,-0.007275723360735009,1286610,001dcee8e81efda3,True,location-k4-fold2-seed0,2
prob_gru,F_R,10,MSE,264037.9576235922,1286610,001dcee8e81efda3,True,location-k4-fold2-seed0,2
prob_gru,F_R,10,MAE,340.0972812099088,1286610,001dcee8e81efda3,True,location-k4-fold2-seed0,2
prob_gru,F_R,10,SS_vs_persistence,0.35530213851485026,1286610,001dcee8e81efda3,True,location-k4-fold2-seed0,2
prob_gru,F_R,10,SS_vs_seasonal,0.36783384321090673,1286610,001dcee8e81efda3,True,location-k4-fold2-seed0,2
prob_gru,F_R,10,SS_vs_ar,-0.005252685773756038,1286610,001dcee8e81efda3,True,location-k4-fold2-seed0,2
prob_gru,F_R,11,MSE,268689.6449127563,1286610,001dcee8e81efda3,True,location-k4-fold2-seed0,2
prob_gru,F_R,11,MAE,344.2279181427745,1286610,001dcee8e81efda3,True,location-k4-fold2-seed0,2
prob_gru,F_R,11,SS_vs_persistence,0.3724601462706927,1286610,001dcee8e81efda3,True,location-k4-fold2-seed0,2
prob_gru,F_R,11,SS_vs_seasonal,0.39077644428665503,1286610,001dcee8e81efda3,True,location-k4-fold2-seed0,2
prob_gru,F_R,11,SS_vs_ar,0.0006480660931366122,1286610,001dcee8e81efda3,True,location-k4-fold2-seed0,2
prob_gru,F_R,12,MSE,271322.6629764699,1286610,001dcee8e81efda3,True,location-k4-fold2-seed0,2
prob_gru,F_R,12,MAE,346.61830127765404,1286610,001dcee8e81efda3,True,location-k4-fold2-seed0,2
prob_gru,F_R,12,SS_vs_persistence,0.3964115811444443,1286610,001dcee8e81efda3,True,location-k4-fold2-seed0,2
prob_gru,F_R,12,SS_vs_seasonal,0.40712101002674783,1286610,001dcee8e81efda3,True,location-k4-fold2-seed0,2
prob_gru,F_R,12,SS_vs_ar,0.0031255363202167263,1286610,001dcee8e81efda3,True,location-k4-fold2-seed0,2
prob_gru,F_R,13,MSE,270657.38830616296,1286610,001dcee8e81efda3,True,location-k4-fold2-seed0,2
prob_gru,F_R,13,MAE,346.33069947904187,1286610,001dcee8e81efda3,True,location-k4-fold2-seed0,2
prob_gru,F_R,13,SS_vs_persistence,0.39938152796583315,1286610,001dcee8e81efda3,True,location-k4-fold2-seed0,2
prob_gru,F_R,13,SS_vs_seasonal,0.4077469916564157,1286610,001dcee8e81efda3,True,location-k4-fold2-seed0,2
prob_gru,F_R,13,SS_vs_ar,0.007810783240522423,1286610,001dcee8e81efda3,True,location-k4-fold2-seed0,2
prob_gru,F_R,14,MSE,271499.4438929019,1286610,001dcee8e81efda3,True,location-k4-fold2-seed0,2
prob_gru,F_R,14,MAE,346.74328684257756,1286610,001dcee8e81efda3,True,location-k4-fold2-seed0,2
prob_gru,F_R,14,SS_vs_persistence,0.38549853769912223,1286610,001dcee8e81efda3,True,location-k4-fold2-seed0,2
prob_gru,F_R,14,SS_vs_seasonal,0.39835394525598156,1286610,001dcee8e81efda3,True,location-k4-fold2-seed0,2
prob_gru,F_R,14,SS_vs_ar,0.008910807741560833,1286610,001dcee8e81efda3,True,location-k4-fold2-seed0,2
prob_gru,F_R,15,MSE,273166.79769070895,1286610,001dcee8e81efda3,True,location-k4-fold2-seed0,2
prob_gru,F_R,15,MAE,348.6183990629816,1286610,001dcee8e81efda3,True,location-k4-fold2-seed0,2
prob_gru,F_R,15,SS_vs_persistence,0.3824501263270328,1286610,001dcee8e81efda3,True,location-k4-fold2-seed0,2
prob_gru,F_R,15,SS_vs_seasonal,0.3944368194356924,1286610,001dcee8e81efda3,True,location-k4-fold2-seed0,2
prob_gru,F_R,15,SS_vs_ar,0.008649865546277558,1286610,001dcee8e81efda3,True,location-k4-fold2-seed0,2
prob_gru,F_R,16,MSE,290611.98335486517,1286610,001dcee8e81efda3,True,location-k4-fold2-seed0,2
prob_gru,F_R,16,MAE,354.1140262661393,1286610,001dcee8e81efda3,True,location-k4-fold2-seed0,2
prob_gru,F_R,16,SS_vs_persistence,0.3605865172372119,1286610,001dcee8e81efda3,True,location-k4-fold2-seed0,2
prob_gru,F_R,16,SS_vs_seasonal,0.37876267347327386,1286610,001dcee8e81efda3,True,location-k4-fold2-seed0,2
prob_gru,F_R,16,SS_vs_ar,0.006319547029371986,1286610,001dcee8e81efda3,True,location-k4-fold2-seed0,2
prob_gru,F_R,17,MSE,293860.38520609564,1286610,001dcee8e81efda3,True,location-k4-fold2-seed0,2
prob_gru,F_R,17,MAE,357.2867472963351,1286610,001dcee8e81efda3,True,location-k4-fold2-seed0,2
prob_gru,F_R,17,SS_vs_persistence,0.3572636286932135,1286610,001dcee8e81efda3,True,location-k4-fold2-seed0,2
prob_gru,F_R,17,SS_vs_seasonal,0.3744426809358832,1286610,001dcee8e81efda3,True,location-k4-fold2-seed0,2
prob_gru,F_R,17,SS_vs_ar,0.006188626735731062,1286610,001dcee8e81efda3,True,location-k4-fold2-seed0,2
prob_gru,F_R,18,MSE,300379.9938403333,1286610,001dcee8e81efda3,True,location-k4-fold2-seed0,2
prob_gru,F_R,18,MAE,360.9414262275011,1286610,001dcee8e81efda3,True,location-k4-fold2-seed0,2
prob_gru,F_R,18,SS_vs_persistence,0.36027067417289527,1286610,001dcee8e81efda3,True,location-k4-fold2-seed0,2
prob_gru,F_R,18,SS_vs_seasonal,0.3765395531699439,1286610,001dcee8e81efda3,True,location-k4-fold2-seed0,2
prob_gru,F_R,18,SS_vs_ar,0.00708997046024662,1286610,001dcee8e81efda3,True,location-k4-fold2-seed0,2
prob_gru,F_R,19,MSE,302312.2761916397,1286610,001dcee8e81efda3,True,location-k4-fold2-seed0,2
prob_gru,F_R,19,MAE,363.1079969057523,1286610,001dcee8e81efda3,True,location-k4-fold2-seed0,2
prob_gru,F_R,19,SS_vs_persistence,0.37718240639641876,1286610,001dcee8e81efda3,True,location-k4-fold2-seed0,2
prob_gru,F_R,19,SS_vs_seasonal,0.3896924374123323,1286610,001dcee8e81efda3,True,location-k4-fold2-seed0,2
prob_gru,F_R,19,SS_vs_ar,0.008184105130363495,1286610,001dcee8e81efda3,True,location-k4-fold2-seed0,2
prob_gru,F_R,20,MSE,304532.5560649067,1286610,001dcee8e81efda3,True,location-k4-fold2-seed0,2
prob_gru,F_R,20,MAE,363.57087706028545,1286610,001dcee8e81efda3,True,location-k4-fold2-seed0,2
prob_gru,F_R,20,SS_vs_persistence,0.3839891502810393,1286610,001dcee8e81efda3,True,location-k4-fold2-seed0,2
prob_gru,F_R,20,SS_vs_seasonal,0.39447884508002395,1286610,001dcee8e81efda3,True,location-k4-fold2-seed0,2
prob_gru,F_R,20,SS_vs_ar,0.01143928347654699,1286610,001dcee8e81efda3,True,location-k4-fold2-seed0,2
prob_gru,F_R,21,MSE,303928.04429453524,1286610,001dcee8e81efda3,True,location-k4-fold2-seed0,2
prob_gru,F_R,21,MAE,363.6763735918029,1286610,001dcee8e81efda3,True,location-k4-fold2-seed0,2
prob_gru,F_R,21,SS_vs_persistence,0.36418088125473314,1286610,001dcee8e81efda3,True,location-k4-fold2-seed0,2
prob_gru,F_R,21,SS_vs_seasonal,0.3753808081332348,1286610,001dcee8e81efda3,True,location-k4-fold2-seed0,2
prob_gru,F_R,21,SS_vs_ar,0.011553080091571744,1286610,001dcee8e81efda3,True,location-k4-fold2-seed0,2
prob_gru,F_R,22,MSE,304523.07488025614,1286610,001dcee8e81efda3,True,location-k4-fold2-seed0,2
prob_gru,F_R,22,MAE,365.0073689364442,1286610,001dcee8e81efda3,True,location-k4-fold2-seed0,2
prob_gru,F_R,22,SS_vs_persistence,0.3585749666168062,1286610,001dcee8e81efda3,True,location-k4-fold2-seed0,2
prob_gru,F_R,22,SS_vs_seasonal,0.36958251741290804,1286610,001dcee8e81efda3,True,location-k4-fold2-seed0,2
prob_gru,F_R,22,SS_vs_ar,0.012334361966674146,1286610,001dcee8e81efda3,True,location-k4-fold2-seed0,2
prob_gru,F_R,23,MSE,307019.87480154994,1286610,001dcee8e81efda3,True,location-k4-fold2-seed0,2
prob_gru,F_R,23,MAE,366.65960599026005,1286610,001dcee8e81efda3,True,location-k4-fold2-seed0,2
prob_gru,F_R,23,SS_vs_persistence,0.35851262092962255,1286610,001dcee8e81efda3,True,location-k4-fold2-seed0,2
prob_gru,F_R,23,SS_vs_seasonal,0.3636249806110916,1286610,001dcee8e81efda3,True,location-k4-fold2-seed0,2
prob_gru,F_R,23,SS_vs_ar,0.013124609152268985,1286610,001dcee8e81efda3,True,location-k4-fold2-seed0,2
prob_gru,F_R,24,MSE,303911.99938091484,1286610,001dcee8e81efda3,True,location-k4-fold2-seed0,2
prob_gru,F_R,24,MAE,367.4530456951791,1286610,001dcee8e81efda3,True,location-k4-fold2-seed0,2
prob_gru,F_R,24,SS_vs_persistence,0.33988932832674823,1286610,001dcee8e81efda3,True,location-k4-fold2-seed0,2
prob_gru,F_R,24,SS_vs_seasonal,0.34734457522874074,1286610,001dcee8e81efda3,True,location-k4-fold2-seed0,2
prob_gru,F_R,24,SS_vs_ar,0.014713263327715942,1286610,001dcee8e81efda3,True,location-k4-fold2-seed0,2
prob_gru,F_R,25,MSE,300529.83046947257,1286610,001dcee8e81efda3,True,location-k4-fold2-seed0,2
prob_gru,F_R,25,MAE,369.6062640940347,1286610,001dcee8e81efda3,True,location-k4-fold2-seed0,2
prob_gru,F_R,25,SS_vs_persistence,0.3399508567740438,1286610,001dcee8e81efda3,True,location-k4-fold2-seed0,2
prob_gru,F_R,25,SS_vs_seasonal,0.3452304642387043,1286610,001dcee8e81efda3,True,location-k4-fold2-seed0,2
prob_gru,F_R,25,SS_vs_ar,0.013982092268195467,1286610,001dcee8e81efda3,True,location-k4-fold2-seed0,2
prob_gru,F_R,26,MSE,301816.8033409597,1286610,001dcee8e81efda3,True,location-k4-fold2-seed0,2
prob_gru,F_R,26,MAE,372.1191875149865,1286610,001dcee8e81efda3,True,location-k4-fold2-seed0,2
prob_gru,F_R,26,SS_vs_persistence,0.3592733129676603,1286610,001dcee8e81efda3,True,location-k4-fold2-seed0,2
prob_gru,F_R,26,SS_vs_seasonal,0.36219686881669844,1286610,001dcee8e81efda3,True,location-k4-fold2-seed0,2
prob_gru,F_R,26,SS_vs_ar,0.01936558753263906,1286610,001dcee8e81efda3,True,location-k4-fold2-seed0,2
prob_gru,F_R,27,MSE,304579.43808442086,1286610,001dcee8e81efda3,True,location-k4-fold2-seed0,2
prob_gru,F_R,27,MAE,373.8408015266037,1286610,001dcee8e81efda3,True,location-k4-fold2-seed0,2
prob_gru,F_R,27,SS_vs_persistence,0.38126392547747134,1286610,001dcee8e81efda3,True,location-k4-fold2-seed0,2
prob_gru,F_R,27,SS_vs_seasonal,0.3826379938533099,1286610,001dcee8e81efda3,True,location-k4-fold2-seed0,2
prob_gru,F_R,27,SS_vs_ar,0.022782761628279746,1286610,001dcee8e81efda3,True,location-k4-fold2-seed0,2
prob_gru,F_R,28,MSE,306097.61405487376,1286610,001dcee8e81efda3,True,location-k4-fold2-seed0,2
prob_gru,F_R,28,MAE,374.2049743184253,1286610,001dcee8e81efda3,True,location-k4-fold2-seed0,2
prob_gru,F_R,28,SS_vs_persistence,0.38046499714085025,1286610,001dcee8e81efda3,True,location-k4-fold2-seed0,2
prob_gru,F_R,28,SS_vs_seasonal,0.3823032733448647,1286610,001dcee8e81efda3,True,location-k4-fold2-seed0,2
prob_gru,F_R,28,SS_vs_ar,0.02476049684007775,1286610,001dcee8e81efda3,True,location-k4-fold2-seed0,2
prob_gru,F_R,29,MSE,307049.16487831785,1286610,001dcee8e81efda3,True,location-k4-fold2-seed0,2
prob_gru,F_R,29,MAE,374.6075186933529,1286610,001dcee8e81efda3,True,location-k4-fold2-seed0,2
prob_gru,F_R,29,SS_vs_persistence,0.381363540881154,1286610,001dcee8e81efda3,True,location-k4-fold2-seed0,2
prob_gru,F_R,29,SS_vs_seasonal,0.38490336027569283,1286610,001dcee8e81efda3,True,location-k4-fold2-seed0,2
prob_gru,F_R,29,SS_vs_ar,0.025014602612954295,1286610,001dcee8e81efda3,True,location-k4-fold2-seed0,2
prob_gru,F_R,30,MSE,304730.50172330794,1286610,001dcee8e81efda3,True,location-k4-fold2-seed0,2
prob_gru,F_R,30,MAE,373.8885656528738,1286610,001dcee8e81efda3,True,location-k4-fold2-seed0,2
prob_gru,F_R,30,SS_vs_persistence,0.37558883172702917,1286610,001dcee8e81efda3,True,location-k4-fold2-seed0,2
prob_gru,F_R,30,SS_vs_seasonal,0.3822000171562041,1286610,001dcee8e81efda3,True,location-k4-fold2-seed0,2
prob_gru,F_R,30,SS_vs_ar,0.02932522826470474,1286610,001dcee8e81efda3,True,location-k4-fold2-seed0,2
prob_gru,F_R,all,MSE,279858.2731853332,1286610,001dcee8e81efda3,True,location-k4-fold2-seed0,2
prob_gru,F_R,all,MAE,349.9749458972045,1286610,001dcee8e81efda3,True,location-k4-fold2-seed0,2
prob_gru,F_R,all,SS_vs_persistence,0.36825803255461553,1286610,001dcee8e81efda3,True,location-k4-fold2-seed0,2
prob_gru,F_R,all,SS_vs_seasonal,0.38074659900345675,1286610,001dcee8e81efda3,True,location-k4-fold2-seed0,2
prob_gru,F_R,all,SS_vs_ar,0.0035118485508384145,1286610,001dcee8e81efda3,True,location-k4-fold2-seed0,2
prob_gru,CoPx_R,1,MSE,0.013226369191084131,1118837,001dcee8e81efda3,True,location-k4-fold2-seed0,2
prob_gru,CoPx_R,1,MAE,0.08364460184287377,1118837,001dcee8e81efda3,True,location-k4-fold2-seed0,2
prob_gru,CoPx_R,1,SS_vs_persistence,0.4319395812762963,1118837,001dcee8e81efda3,True,location-k4-fold2-seed0,2
prob_gru,CoPx_R,1,SS_vs_seasonal,0.46245499511656973,1118837,001dcee8e81efda3,True,location-k4-fold2-seed0,2
prob_gru,CoPx_R,1,SS_vs_ar,-0.0063402321207732815,1118837,001dcee8e81efda3,True,location-k4-fold2-seed0,2
prob_gru,CoPx_R,2,MSE,0.014383993721017951,1118837,001dcee8e81efda3,True,location-k4-fold2-seed0,2
prob_gru,CoPx_R,2,MAE,0.08709568705549894,1118837,001dcee8e81efda3,True,location-k4-fold2-seed0,2
prob_gru,CoPx_R,2,SS_vs_persistence,0.4538658415121236,1118837,001dcee8e81efda3,True,location-k4-fold2-seed0,2
prob_gru,CoPx_R,2,SS_vs_seasonal,0.470983121221635,1118837,001dcee8e81efda3,True,location-k4-fold2-seed0,2
prob_gru,CoPx_R,2,SS_vs_ar,-0.007634568284195176,1118837,001dcee8e81efda3,True,location-k4-fold2-seed0,2
prob_gru,CoPx_R,3,MSE,0.015061376122772568,1118837,001dcee8e81efda3,True,location-k4-fold2-seed0,2
prob_gru,CoPx_R,3,MAE,0.08923525038762037,1118837,001dcee8e81efda3,True,location-k4-fold2-seed0,2
prob_gru,CoPx_R,3,SS_vs_persistence,0.46049352658097487,1118837,001dcee8e81efda3,True,location-k4-fold2-seed0,2
prob_gru,CoPx_R,3,SS_vs_seasonal,0.47702015271589915,1118837,001dcee8e81efda3,True,location-k4-fold2-seed0,2
prob_gru,CoPx_R,3,SS_vs_ar,-0.01079453075780945,1118837,001dcee8e81efda3,True,location-k4-fold2-seed0,2
prob_gru,CoPx_R,4,MSE,0.015634809189354545,1118837,001dcee8e81efda3,True,location-k4-fold2-seed0,2
prob_gru,CoPx_R,4,MAE,0.09098051464539843,1118837,001dcee8e81efda3,True,location-k4-fold2-seed0,2
prob_gru,CoPx_R,4,SS_vs_persistence,0.47986123477051723,1118837,001dcee8e81efda3,True,location-k4-fold2-seed0,2
prob_gru,CoPx_R,4,SS_vs_seasonal,0.4915345651184484,1118837,001dcee8e81efda3,True,location-k4-fold2-seed0,2
prob_gru,CoPx_R,4,SS_vs_ar,-0.008288603859180288,1118837,001dcee8e81efda3,True,location-k4-fold2-seed0,2
prob_gru,CoPx_R,5,MSE,0.01615231554873903,1118837,001dcee8e81efda3,True,location-k4-fold2-seed0,2
prob_gru,CoPx_R,5,MAE,0.0925680767045941,1118837,001dcee8e81efda3,True,location-k4-fold2-seed0,2
prob_gru,CoPx_R,5,SS_vs_persistence,0.48703647281030393,1118837,001dcee8e81efda3,True,location-k4-fold2-seed0,2
prob_gru,CoPx_R,5,SS_vs_seasonal,0.4928606273302829,1118837,001dcee8e81efda3,True,location-k4-fold2-seed0,2
prob_gru,CoPx_R,5,SS_vs_ar,-0.015134492694181656,1118837,001dcee8e81efda3,True,location-k4-fold2-seed0,2
prob_gru,CoPx_R,6,MSE,0.016437059312678914,1118837,001dcee8e81efda3,True,location-k4-fold2-seed0,2
prob_gru,CoPx_R,6,MAE,0.09337707522399132,1118837,001dcee8e81efda3,True,location-k4-fold2-seed0,2
prob_gru,CoPx_R,6,SS_vs_persistence,0.4624748590104617,1118837,001dcee8e81efda3,True,location-k4-fold2-seed0,2
prob_gru,CoPx_R,6,SS_vs_seasonal,0.4705867231381712,1118837,001dcee8e81efda3,True,location-k4-fold2-seed0,2
prob_gru,CoPx_R,6,SS_vs_ar,-0.017459391185285167,1118837,001dcee8e81efda3,True,location-k4-fold2-seed0,2
prob_gru,CoPx_R,7,MSE,0.016788337803947766,1118837,001dcee8e81efda3,True,location-k4-fold2-seed0,2
prob_gru,CoPx_R,7,MAE,0.0943970491640982,1118837,001dcee8e81efda3,True,location-k4-fold2-seed0,2
prob_gru,CoPx_R,7,SS_vs_persistence,0.4306981552660467,1118837,001dcee8e81efda3,True,location-k4-fold2-seed0,2
prob_gru,CoPx_R,7,SS_vs_seasonal,0.4415524447577345,1118837,001dcee8e81efda3,True,location-k4-fold2-seed0,2
prob_gru,CoPx_R,7,SS_vs_ar,-0.018685431681542797,1118837,001dcee8e81efda3,True,location-k4-fold2-seed0,2
prob_gru,CoPx_R,8,MSE,0.017077164122236276,1118837,001dcee8e81efda3,True,location-k4-fold2-seed0,2
prob_gru,CoPx_R,8,MAE,0.09509185983724391,1118837,001dcee8e81efda3,True,location-k4-fold2-seed0,2
prob_gru,CoPx_R,8,SS_vs_persistence,0.4293493059512504,1118837,001dcee8e81efda3,True,location-k4-fold2-seed0,2
prob_gru,CoPx_R,8,SS_vs_seasonal,0.436278893471046,1118837,001dcee8e81efda3,True,location-k4-fold2-seed0,2
prob_gru,CoPx_R,8,SS_vs_ar,-0.013843318045124064,1118837,001dcee8e81efda3,True,location-k4-fold2-seed0,2
prob_gru,CoPx_R,9,MSE,0.017356562020546546,1118837,001dcee8e81efda3,True,location-k4-fold2-seed0,2
prob_gru,CoPx_R,9,MAE,0.09601685652483098,1118837,001dcee8e81efda3,True,location-k4-fold2-seed0,2
prob_gru,CoPx_R,9,SS_vs_persistence,0.45232414132534704,1118837,001dcee8e81efda3,True,location-k4-fold2-seed0,2
prob_gru,CoPx_R,9,SS_vs_seasonal,0.45490756547909217,1118837,001dcee8e81efda3,True,location-k4-fold2-seed0,2
prob_gru,CoPx_R,9,SS_vs_ar,-0.010973834152963047,1118837,001dcee8e81efda3,True,location-k4-fold2-seed0,2
prob_gru,CoPx_R,10,MSE,0.017656427070039733,1118837,001dcee8e81efda3,True,location-k4-fold2-seed0,2
prob_gru,CoPx_R,10,MAE,0.09681465144544275,1118837,001dcee8e81efda3,True,location-k4-fold2-seed0,2
prob_gru,CoPx_R,10,SS_vs_persistence,0.4432177722791344,1118837,001dcee8e81efda3,True,location-k4-fold2-seed0,2
prob_gru,CoPx_R,10,SS_vs_seasonal,0.4465790505356091,1118837,001dcee8e81efda3,True,location-k4-fold2-seed0,2
prob_gru,CoPx_R,10,SS_vs_ar,-0.010866846744529646,1118837,001dcee8e81efda3,True,location-k4-fold2-seed0,2
prob_gru,CoPx_R,11,MSE,0.01802779216366614,1118837,001dcee8e81efda3,True,location-k4-fold2-seed0,2
prob_gru,CoPx_R,11,MAE,0.0976857755723241,1118837,001dcee8e81efda3,True,location-k4-fold2-seed0,2
prob_gru,CoPx_R,11,SS_vs_persistence,0.45117397687163185,1118837,001dcee8e81efda3,True,location-k4-fold2-seed0,2
prob_gru,CoPx_R,11,SS_vs_seasonal,0.46300627901136626,1118837,001dcee8e81efda3,True,location-k4-fold2-seed0,2
prob_gru,CoPx_R,11,SS_vs_ar,-0.010839690852056494,1118837,001dcee8e81efda3,True,location-k4-fold2-seed0,2
prob_gru,CoPx_R,12,MSE,0.01826590577487108,1118837,001dcee8e81efda3,True,location-k4-fold2-seed0,2
prob_gru,CoPx_R,12,MAE,0.09841196240450065,1118837,001dcee8e81efda3,True,location-k4-fold2-seed0,2
prob_gru,CoPx_R,12,SS_vs_persistence,0.4892046034306704,1118837,001dcee8e81efda3,True,location-k4-fold2-seed0,2
prob_gru,CoPx_R,12,SS_vs_seasonal,0.49413007276942433,1118837,001dcee8e81efda3,True,location-k4-fold2-seed0,2
prob_gru,CoPx_R,12,SS_vs_ar,-0.009323675173878776,1118837,001dcee8e81efda3,True,location-k4-fold2-seed0,2
prob_gru,CoPx_R,13,MSE,0.018342509033425835,1118837,001dcee8e81efda3,True,location-k4-fold2-seed0,2
prob_gru,CoPx_R,13,MAE,0.09859674354271553,1118837,001dcee8e81efda3,True,location-k4-fold2-seed0,2
prob_gru,CoPx_R,13,SS_vs_persistence,0.4914012902187421,1118837,001dcee8e81efda3,True,location-k4-fold2-seed0,2
prob_gru,CoPx_R,13,SS_vs_seasonal,0.4957427311211826,1118837,001dcee8e81efda3,True,location-k4-fold2-seed0,2
prob_gru,CoPx_R,13,SS_vs_ar,-0.008904979713588723,1118837,001dcee8e81efda3,True,location-k4-fold2-seed0,2
prob_gru,CoPx_R,14,MSE,0.018383728344319318,1118837,001dcee8e81efda3,True,location-k4-fold2-seed0,2
prob_gru,CoPx_R,14,MAE,0.09873983631331419,1118837,001dcee8e81efda3,True,location-k4-fold2-seed0,2
prob_gru,CoPx_R,14,SS_vs_persistence,0.4577395337016409,1118837,001dcee8e81efda3,True,location-k4-fold2-seed0,2
prob_gru,CoPx_R,14,SS_vs_seasonal,0.4629913598856691,1118837,001dcee8e81efda3,True,location-k4-fold2-seed0,2
prob_gru,CoPx_R,14,SS_vs_ar,-0.008544574609502531,1118837,001dcee8e81efda3,True,location-k4-fold2-seed0,2
prob_gru,CoPx_R,15,MSE,0.01861274016811569,1118837,001dcee8e81efda3,True,location-k4-fold2-seed0,2
prob_gru,CoPx_R,15,MAE,0.09935211582889786,1118837,001dcee8e81efda3,True,location-k4-fold2-seed0,2
prob_gru,CoPx_R,15,SS_vs_persistence,0.45495163521426474,1118837,001dcee8e81efda3,True,location-k4-fold2-seed0,2
prob_gru,CoPx_R,15,SS_vs_seasonal,0.4632873203378006,1118837,001dcee8e81efda3,True,location-k4-fold2-seed0,2
prob_gru,CoPx_R,15,SS_vs_ar,-0.008561144176460367,1118837,001dcee8e81efda3,True,location-k4-fold2-seed0,2
prob_gru,CoPx_R,16,MSE,0.01866015003056688,1118837,001dcee8e81efda3,True,location-k4-fold2-seed0,2
prob_gru,CoPx_R,16,MAE,0.09957504203629271,1118837,001dcee8e81efda3,True,location-k4-fold2-seed0,2
prob_gru,CoPx_R,16,SS_vs_persistence,0.4689426942353023,1118837,001dcee8e81efda3,True,location-k4-fold2-seed0,2
prob_gru,CoPx_R,16,SS_vs_seasonal,0.477370089375143,1118837,001dcee8e81efda3,True,location-k4-fold2-seed0,2
prob_gru,CoPx_R,16,SS_vs_ar,-0.007413026869867778,1118837,001dcee8e81efda3,True,location-k4-fold2-seed0,2
prob_gru,CoPx_R,17,MSE,0.01875580364605201,1118837,001dcee8e81efda3,True,location-k4-fold2-seed0,2
prob_gru,CoPx_R,17,MAE,0.09976738047522539,1118837,001dcee8e81efda3,True,location-k4-fold2-seed0,2
prob_gru,CoPx_R,17,SS_vs_persistence,0.4524257551604145,1118837,001dcee8e81efda3,True,location-k4-fold2-seed0,2
prob_gru,CoPx_R,17,SS_vs_seasonal,0.4590752152292872,1118837,001dcee8e81efda3,True,location-k4-fold2-seed0,2
prob_gru,CoPx_R,17,SS_vs_ar,-0.007329938787512313,1118837,001dcee8e81efda3,True,location-k4-fold2-seed0,2
prob_gru,CoPx_R,18,MSE,0.01891574462159702,1118837,001dcee8e81efda3,True,location-k4-fold2-seed0,2
prob_gru,CoPx_R,18,MAE,0.10024076578819054,1118837,001dcee8e81efda3,True,location-k4-fold2-seed0,2
prob_gru,CoPx_R,18,SS_vs_persistence,0.47253408776622874,1118837,001dcee8e81efda3,True,location-k4-fold2-seed0,2
prob_gru,CoPx_R,18,SS_vs_seasonal,0.47710302911436775,1118837,001dcee8e81efda3,True,location-k4-fold2-seed0,2
prob_gru,CoPx_R,18,SS_vs_ar,-0.008456375980964825,1118837,001dcee8e81efda3,True,location-k4-fold2-seed0,2
prob_gru,CoPx_R,19,MSE,0.019025667515234903,1118837,001dcee8e81efda3,True,location-k4-fold2-seed0,2
prob_gru,CoPx_R,19,MAE,0.10046586147879222,1118837,001dcee8e81efda3,True,location-k4-fold2-seed0,2
prob_gru,CoPx_R,19,SS_vs_persistence,0.4982251663825492,1118837,001dcee8e81efda3,True,location-k4-fold2-seed0,2
prob_gru,CoPx_R,19,SS_vs_seasonal,0.5004697066456356,1118837,001dcee8e81efda3,True,location-k4-fold2-seed0,2
prob_gru,CoPx_R,19,SS_vs_ar,-0.010062573278911247,1118837,001dcee8e81efda3,True,location-k4-fold2-seed0,2
prob_gru,CoPx_R,20,MSE,0.0190786871898269,1118837,001dcee8e81efda3,True,location-k4-fold2-seed0,2
prob_gru,CoPx_R,20,MAE,0.10055690706850963,1118837,001dcee8e81efda3,True,location-k4-fold2-seed0,2
prob_gru,CoPx_R,20,SS_vs_persistence,0.5013435122082426,1118837,001dcee8e81efda3,True,location-k4-fold2-seed0,2
prob_gru,CoPx_R,20,SS_vs_seasonal,0.502927031216558,1118837,001dcee8e81efda3,True,location-k4-fold2-seed0,2
prob_gru,CoPx_R,20,SS_vs_ar,-0.009961186033148994,1118837,001dcee8e81efda3,True,location-k4-fold2-seed0,2
prob_gru,CoPx_R,21,MSE,0.01908243157061725,1118837,001dcee8e81efda3,True,location-k4-fold2-seed0,2
prob_gru,CoPx_R,21,MAE,0.10047283912495159,1118837,001dcee8e81efda3,True,location-k4-fold2-seed0,2
prob_gru,CoPx_R,21,SS_vs_persistence,0.4804383436197728,1118837,001dcee8e81efda3,True,location-k4-fold2-seed0,2
prob_gru,CoPx_R,21,SS_vs_seasonal,0.48869816978118297,1118837,001dcee8e81efda3,True,location-k4-fold2-seed0,2
prob_gru,CoPx_R,21,SS_vs_ar,-0.01002067508863247,1118837,001dcee8e81efda3,True,location-k4-fold2-seed0,2
prob_gru,CoPx_R,22,MSE,0.019140220535557095,1118837,001dcee8e81efda3,True,location-k4-fold2-seed0,2
prob_gru,CoPx_R,22,MAE,0.10062196366382738,1118837,001dcee8e81efda3,True,location-k4-fold2-seed0,2
prob_gru,CoPx_R,22,SS_vs_persistence,0.47903039708862494,1118837,001dcee8e81efda3,True,location-k4-fold2-seed0,2
prob_gru,CoPx_R,22,SS_vs_seasonal,0.4831006630059935,1118837,001dcee8e81efda3,True,location-k4-fold2-seed0,2
prob_gru,CoPx_R,22,SS_vs_ar,-0.009917683787898701,1118837,001dcee8e81efda3,True,location-k4-fold2-seed0,2
prob_gru,CoPx_R,23,MSE,0.01921329576927104,1118837,001dcee8e81efda3,True,location-k4-fold2-seed0,2
prob_gru,CoPx_R,23,MAE,0.10084651289833682,1118837,001dcee8e81efda3,True,location-k4-fold2-seed0,2
prob_gru,CoPx_R,23,SS_vs_persistence,0.4866299501867539,1118837,001dcee8e81efda3,True,location-k4-fold2-seed0,2
prob_gru,CoPx_R,23,SS_vs_seasonal,0.4933225292081709,1118837,001dcee8e81efda3,True,location-k4-fold2-seed0,2
prob_gru,CoPx_R,23,SS_vs_ar,-0.008036237029593885,1118837,001dcee8e81efda3,True,location-k4-fold2-seed0,2
prob_gru,CoPx_R,24,MSE,0.019205075590450267,1118837,001dcee8e81efda3,True,location-k4-fold2-seed0,2
prob_gru,CoPx_R,24,MAE,0.10084565635608281,1118837,001dcee8e81efda3,True,location-k4-fold2-seed0,2
prob_gru,CoPx_R,24,SS_vs_persistence,0.48330492899073585,1118837,001dcee8e81efda3,True,location-k4-fold2-seed0,2
prob_gru,CoPx_R,24,SS_vs_seasonal,0.4906437210583189,1118837,001dcee8e81efda3,True,location-k4-fold2-seed0,2
prob_gru,CoPx_R,24,SS_vs_ar,-0.007342153280264219,1118837,001dcee8e81efda3,True,location-k4-fold2-seed0,2
prob_gru,CoPx_R,25,MSE,0.019270963459870262,1118837,001dcee8e81efda3,True,location-k4-fold2-seed0,2
prob_gru,CoPx_R,25,MAE,0.10102319275768208,1118837,001dcee8e81efda3,True,location-k4-fold2-seed0,2
prob_gru,CoPx_R,25,SS_vs_persistence,0.4820788215878319,1118837,001dcee8e81efda3,True,location-k4-fold2-seed0,2
prob_gru,CoPx_R,25,SS_vs_seasonal,0.487371742346171,1118837,001dcee8e81efda3,True,location-k4-fold2-seed0,2
prob_gru,CoPx_R,25,SS_vs_ar,-0.0067370616926965,1118837,001dcee8e81efda3,True,location-k4-fold2-seed0,2
prob_gru,CoPx_R,26,MSE,0.019291460617663327,1118837,001dcee8e81efda3,True,location-k4-fold2-seed0,2
prob_gru,CoPx_R,26,MAE,0.1011653826681527,1118837,001dcee8e81efda3,True,location-k4-fold2-seed0,2
prob_gru,CoPx_R,26,SS_vs_persistence,0.5002418532674962,1118837,001dcee8e81efda3,True,location-k4-fold2-seed0,2
prob_gru,CoPx_R,26,SS_vs_seasonal,0.5003099970583968,1118837,001dcee8e81efda3,True,location-k4-fold2-seed0,2
prob_gru,CoPx_R,26,SS_vs_ar,-0.006087787911546405,1118837,001dcee8e81efda3,True,location-k4-fold2-seed0,2
prob_gru,CoPx_R,27,MSE,0.019186452376868578,1118837,001dcee8e81efda3,True,location-k4-fold2-seed0,2
prob_gru,CoPx_R,27,MAE,0.10109643479003723,1118837,001dcee8e81efda3,True,location-k4-fold2-seed0,2
prob_gru,CoPx_R,27,SS_vs_persistence,0.5157789904214816,1118837,001dcee8e81efda3,True,location-k4-fold2-seed0,2
prob_gru,CoPx_R,27,SS_vs_seasonal,0.5157302711155307,1118837,001dcee8e81efda3,True,location-k4-fold2-seed0,2
prob_gru,CoPx_R,27,SS_vs_ar,-0.0056946899971490605,1118837,001dcee8e81efda3,True,location-k4-fold2-seed0,2
prob_gru,CoPx_R,28,MSE,0.01917753378009699,1118837,001dcee8e81efda3,True,location-k4-fold2-seed0,2
prob_gru,CoPx_R,28,MAE,0.10100491404822667,1118837,001dcee8e81efda3,True,location-k4-fold2-seed0,2
prob_gru,CoPx_R,28,SS_vs_persistence,0.5034758707375135,1118837,001dcee8e81efda3,True,location-k4-fold2-seed0,2
prob_gru,CoPx_R,28,SS_vs_seasonal,0.5054504705897486,1118837,001dcee8e81efda3,True,location-k4-fold2-seed0,2
prob_gru,CoPx_R,28,SS_vs_ar,-0.005894435999525216,1118837,001dcee8e81efda3,True,location-k4-fold2-seed0,2
prob_gru,CoPx_R,29,MSE,0.019160264837306585,1118837,001dcee8e81efda3,True,location-k4-fold2-seed0,2
prob_gru,CoPx_R,29,MAE,0.1010424264957164,1118837,001dcee8e81efda3,True,location-k4-fold2-seed0,2
prob_gru,CoPx_R,29,SS_vs_persistence,0.5232468968027444,1118837,001dcee8e81efda3,True,location-k4-fold2-seed0,2
prob_gru,CoPx_R,29,SS_vs_seasonal,0.522034519257317,1118837,001dcee8e81efda3,True,location-k4-fold2-seed0,2
prob_gru,CoPx_R,29,SS_vs_ar,-0.007116804007707644,1118837,001dcee8e81efda3,True,location-k4-fold2-seed0,2
prob_gru,CoPx_R,30,MSE,0.01906669664575842,1118837,001dcee8e81efda3,True,location-k4-fold2-seed0,2
prob_gru,CoPx_R,30,MAE,0.10082972312103938,1118837,001dcee8e81efda3,True,location-k4-fold2-seed0,2
prob_gru,CoPx_R,30,SS_vs_persistence,0.5215631149014919,1118837,001dcee8e81efda3,True,location-k4-fold2-seed0,2
prob_gru,CoPx_R,30,SS_vs_seasonal,0.5191927651390176,1118837,001dcee8e81efda3,True,location-k4-fold2-seed0,2
prob_gru,CoPx_R,30,SS_vs_ar,-0.0084199939837859,1118837,001dcee8e81efda3,True,location-k4-fold2-seed0,2
prob_gru,CoPx_R,all,MSE,0.017924293638959494,1118837,001dcee8e81efda3,True,location-k4-fold2-seed0,2
prob_gru,CoPx_R,all,MAE,0.09739397153184617,1118837,001dcee8e81efda3,True,location-k4-fold2-seed0,2
prob_gru,CoPx_R,all,SS_vs_persistence,0.47746630096556886,1118837,001dcee8e81efda3,True,location-k4-fold2-seed0,2
prob_gru,CoPx_R,all,SS_vs_seasonal,0.4834083856979705,1118837,001dcee8e81efda3,True,location-k4-fold2-seed0,2
prob_gru,CoPx_R,all,SS_vs_ar,-0.009388602132636592,1118837,001dcee8e81efda3,True,location-k4-fold2-seed0,2
prob_gru,CoPy_R,1,MSE,0.020006186210392716,1118837,001dcee8e81efda3,True,location-k4-fold2-seed0,2
prob_gru,CoPy_R,1,MAE,0.1074797667104058,1118837,001dcee8e81efda3,True,location-k4-fold2-seed0,2
prob_gru,CoPy_R,1,SS_vs_persistence,0.44300830424036086,1118837,001dcee8e81efda3,True,location-k4-fold2-seed0,2
prob_gru,CoPy_R,1,SS_vs_seasonal,0.45510069877003456,1118837,001dcee8e81efda3,True,location-k4-fold2-seed0,2
prob_gru,CoPy_R,1,SS_vs_ar,-0.010036005260813718,1118837,001dcee8e81efda3,True,location-k4-fold2-seed0,2
prob_gru,CoPy_R,2,MSE,0.020816750823886294,1118837,001dcee8e81efda3,True,location-k4-fold2-seed0,2
prob_gru,CoPy_R,2,MAE,0.10981927907207398,1118837,001dcee8e81efda3,True,location-k4-fold2-seed0,2
prob_gru,CoPy_R,2,SS_vs_persistence,0.48307125537147355,1118837,001dcee8e81efda3,True,location-k4-fold2-seed0,2
prob_gru,CoPy_R,2,SS_vs_seasonal,0.4866632521025357,1118837,001dcee8e81efda3,True,location-k4-fold2-seed0,2
prob_gru,CoPy_R,2,SS_vs_ar,-0.010874508660810633,1118837,001dcee8e81efda3,True,location-k4-fold2-seed0,2
prob_gru,CoPy_R,3,MSE,0.02114800779137017,1118837,001dcee8e81efda3,True,location-k4-fold2-seed0,2
prob_gru,CoPy_R,3,MAE,0.11067389751209038,1118837,001dcee8e81efda3,True,location-k4-fold2-seed0,2
prob_gru,CoPy_R,3,SS_vs_persistence,0.5072546498536323,1118837,001dcee8e81efda3,True,location-k4-fold2-seed0,2
prob_gru,CoPy_R,3,SS_vs_seasonal,0.5069843841061825,1118837,001dcee8e81efda3,True,location-k4-fold2-seed0,2
prob_gru,CoPy_R,3,SS_vs_ar,-0.016581148585815608,1118837,001dcee8e81efda3,True,location-k4-fold2-seed0,2
prob_gru,CoPy_R,4,MSE,0.021313367844609656,1118837,001dcee8e81efda3,True,location-k4-fold2-seed0,2
prob_gru,CoPy_R,4,MAE,0.11119191813598388,1118837,001dcee8e81efda3,True,location-k4-fold2-seed0,2
prob_gru,CoPy_R,4,SS_vs_persistence,0.4982426627194356,1118837,001dcee8e81efda3,True,location-k4-fold2-seed0,2
prob_gru,CoPy_R,4,SS_vs_seasonal,0.4993695031210279,1118837,001dcee8e81efda3,True,location-k4-fold2-seed0,2
prob_gru,CoPy_R,4,SS_vs_ar,-0.01953134954947977,1118837,001dcee8e81efda3,True,location-k4-fold2-seed0,2
prob_gru,CoPy_R,5,MSE,0.021462847561786406,1118837,001dcee8e81efda3,True,location-k4-fold2-seed0,2
prob_gru,CoPy_R,5,MAE,0.11163329762274588,1118837,001dcee8e81efda3,True,location-k4-fold2-seed0,2
prob_gru,CoPy_R,5,SS_vs_persistence,0.5041173332173964,1118837,001dcee8e81efda3,True,location-k4-fold2-seed0,2
prob_gru,CoPy_R,5,SS_vs_seasonal,0.5045739903250522,1118837,001dcee8e81efda3,True,location-k4-fold2-seed0,2
prob_gru,CoPy_R,5,SS_vs_ar,-0.01971696079728935,1118837,001dcee8e81efda3,True,location-k4-fold2-seed0,2
prob_gru,CoPy_R,6,MSE,0.021451923483966823,1118837,001dcee8e81efda3,True,location-k4-fold2-seed0,2
prob_gru,CoPy_R,6,MAE,0.11153885484920688,1118837,001dcee8e81efda3,True,location-k4-fold2-seed0,2
prob_gru,CoPy_R,6,SS_vs_persistence,0.47665335264576014,1118837,001dcee8e81efda3,True,location-k4-fold2-seed0,2
prob_gru,CoPy_R,6,SS_vs_seasonal,0.48269560902469155,1118837,001dcee8e81efda3,True,location-k4-fold2-seed0,2
prob_gru,CoPy_R,6,SS_vs_ar,-0.018636854825649474,1118837,001dcee8e81efda3,True,location-k4-fold2-seed0,2
prob_gru,CoPy_R,7,MSE,0.021531863354569268,1118837,001dcee8e81efda3,True,location-k4-fold2-seed0,2
prob_gru,CoPy_R,7,MAE,0.1117512036933844,1118837,001dcee8e81efda3,True,location-k4-fold2-seed0,2
prob_gru,CoPy_R,7,SS_vs_persistence,0.48584174145028647,1118837,001dcee8e81efda3,True,location-k4-fold2-seed0,2
prob_gru,CoPy_R,7,SS_vs_seasonal,0.48759015286528895,1118837,001dcee8e81efda3,True,location-k4-fold2-seed0,2
prob_gru,CoPy_R,7,SS_vs_ar,-0.013777319764177287,1118837,001dcee8e81efda3,True,location-k4-fold2-seed0,2
prob_gru,CoPy_R,8,MSE,0.021638819242245085,1118837,001dcee8e81efda3,True,location-k4-fold2-seed0,2
prob_gru,CoPy_R,8,MAE,0.11202632957432894,1118837,001dcee8e81efda3,True,location-k4-fold2-seed0,2
prob_gru,CoPy_R,8,SS_vs_persistence,0.4659535861021328,1118837,001dcee8e81efda3,True,location-k4-fold2-seed0,2
prob_gru,CoPy_R,8,SS_vs_seasonal,0.4709943562928376,1118837,001dcee8e81efda3,True,location-k4-fold2-seed0,2
prob_gru,CoPy_R,8,SS_vs_ar,-0.013659097674349363,1118837,001dcee8e81efda3,True,location-k4-fold2-seed0,2
prob_gru,CoPy_R,9,MSE,0.021803153619525097,1118837,001dcee8e81efda3,True,location-k4-fold2-seed0,2
prob_gru,CoPy_R,9,MAE,0.11258082036665065,1118837,001dcee8e81efda3,True,location-k4-fold2-seed0,2
prob_gru,CoPy_R,9,SS_vs_persistence,0.47628716504211677,1118837,001dcee8e81efda3,True,location-k4-fold2-seed0,2
prob_gru,CoPy_R,9,SS_vs_seasonal,0.47854799578669627,1118837,001dcee8e81efda3,True,location-k4-fold2-seed0,2
prob_gru,CoPy_R,9,SS_vs_ar,-0.011758564730874221,1118837,001dcee8e81efda3,True,location-k4-fold2-seed0,2
prob_gru,CoPy_R,10,MSE,0.021989740970092087,1118837,001dcee8e81efda3,True,location-k4-fold2-seed0,2
prob_gru,CoPy_R,10,MAE,0.11313836624994522,1118837,001dcee8e81efda3,True,location-k4-fold2-seed0,2
prob_gru,CoPy_R,10,SS_vs_persistence,0.46799822282510994,1118837,001dcee8e81efda3,True,location-k4-fold2-seed0,2
prob_gru,CoPy_R,10,SS_vs_seasonal,0.4716129528136933,1118837,001dcee8e81efda3,True,location-k4-fold2-seed0,2
prob_gru,CoPy_R,10,SS_vs_ar,-0.011773806352896488,1118837,001dcee8e81efda3,True,location-k4-fold2-seed0,2
prob_gru,CoPy_R,11,MSE,0.02222966399723288,1118837,001dcee8e81efda3,True,location-k4-fold2-seed0,2
prob_gru,CoPy_R,11,MAE,0.11371547977215905,1118837,001dcee8e81efda3,True,location-k4-fold2-seed0,2
prob_gru,CoPy_R,11,SS_vs_persistence,0.5020675116185662,1118837,001dcee8e81efda3,True,location-k4-fold2-seed0,2
prob_gru,CoPy_R,11,SS_vs_seasonal,0.5057214350050325,1118837,001dcee8e81efda3,True,location-k4-fold2-seed0,2
prob_gru,CoPy_R,11,SS_vs_ar,-0.01256435402916245,1118837,001dcee8e81efda3,True,location-k4-fold2-seed0,2
prob_gru,CoPy_R,12,MSE,0.022324837110226807,1118837,001dcee8e81efda3,True,location-k4-fold2-seed0,2
prob_gru,CoPy_R,12,MAE,0.113945686336605,1118837,001dcee8e81efda3,True,location-k4-fold2-seed0,2
prob_gru,CoPy_R,12,SS_vs_persistence,0.5155361771127254,1118837,001dcee8e81efda3,True,location-k4-fold2-seed0,2
prob_gru,CoPy_R,12,SS_vs_seasonal,0.5169740596827673,1118837,001dcee8e81efda3,True,location-k4-fold2-seed0,2
prob_gru,CoPy_R,12,SS_vs_ar,-0.01385133618999368,1118837,001dcee8e81efda3,True,location-k4-fold2-seed0,2
prob_gru,CoPy_R,13,MSE,0.022305429161554743,1118837,001dcee8e81efda3,True,location-k4-fold2-seed0,2
prob_gru,CoPy_R,13,MAE,0.11394113301302682,1118837,001dcee8e81efda3,True,location-k4-fold2-seed0,2
prob_gru,CoPy_R,13,SS_vs_persistence,0.5212516793092801,1118837,001dcee8e81efda3,True,location-k4-fold2-seed0,2
prob_gru,CoPy_R,13,SS_vs_seasonal,0.5209830645976052,1118837,001dcee8e81efda3,True,location-k4-fold2-seed0,2
prob_gru,CoPy_R,13,SS_vs_ar,-0.01409888544256055,1118837,001dcee8e81efda3,True,location-k4-fold2-seed0,2
prob_gru,CoPy_R,14,MSE,0.022242636542608125,1118837,001dcee8e81efda3,True,location-k4-fold2-seed0,2
prob_gru,CoPy_R,14,MAE,0.11382122344089948,1118837,001dcee8e81efda3,True,location-k4-fold2-seed0,2
prob_gru,CoPy_R,14,SS_vs_persistence,0.49625229787655245,1118837,001dcee8e81efda3,True,location-k4-fold2-seed0,2
prob_gru,CoPy_R,14,SS_vs_seasonal,0.49834884856555395,1118837,001dcee8e81efda3,True,location-k4-fold2-seed0,2
prob_gru,CoPy_R,14,SS_vs_ar,-0.015219486180393371,1118837,001dcee8e81efda3,True,location-k4-fold2-seed0,2
prob_gru,CoPy_R,15,MSE,0.0222708535770008,1118837,001dcee8e81efda3,True,location-k4-fold2-seed0,2
prob_gru,CoPy_R,15,MAE,0.11399039334473829,1118837,001dcee8e81efda3,True,location-k4-fold2-seed0,2
prob_gru,CoPy_R,15,SS_vs_persistence,0.4899098857620099,1118837,001dcee8e81efda3,True,location-k4-fold2-seed0,2
prob_gru,CoPy_R,15,SS_vs_seasonal,0.4931374515348479,1118837,001dcee8e81efda3,True,location-k4-fold2-seed0,2
prob_gru,CoPy_R,15,SS_vs_ar,-0.015403755037799893,1118837,001dcee8e81efda3,True,location-k4-fold2-seed0,2
prob_gru,CoPy_R,16,MSE,0.022261154921931876,1118837,001dcee8e81efda3,True,location-k4-fold2-seed0,2
prob_gru,CoPy_R,16,MAE,0.11400433136220187,1118837,001dcee8e81efda3,True,location-k4-fold2-seed0,2
prob_gru,CoPy_R,16,SS_vs_persistence,0.4922175208916463,1118837,001dcee8e81efda3,True,location-k4-fold2-seed0,2
prob_gru,CoPy_R,16,SS_vs_seasonal,0.49911229224982734,1118837,001dcee8e81efda3,True,location-k4-fold2-seed0,2
prob_gru,CoPy_R,16,SS_vs_ar,-0.01421532225328681,1118837,001dcee8e81efda3,True,location-k4-fold2-seed0,2
prob_gru,CoPy_R,17,MSE,0.022350930285300552,1118837,001dcee8e81efda3,True,location-k4-fold2-seed0,2
prob_gru,CoPy_R,17,MAE,0.11429649604822838,1118837,001dcee8e81efda3,True,location-k4-fold2-seed0,2
prob_gru,CoPy_R,17,SS_vs_persistence,0.48917124974426485,1118837,001dcee8e81efda3,True,location-k4-fold2-seed0,2
prob_gru,CoPy_R,17,SS_vs_seasonal,0.49376099789625194,1118837,001dcee8e81efda3,True,location-k4-fold2-seed0,2
prob_gru,CoPy_R,17,SS_vs_ar,-0.015259332987878738,1118837,001dcee8e81efda3,True,location-k4-fold2-seed0,2
prob_gru,CoPy_R,18,MSE,0.022412147940659325,1118837,001dcee8e81efda3,True,location-k4-fold2-seed0,2
prob_gru,CoPy_R,18,MAE,0.11447662949756544,1118837,001dcee8e81efda3,True,location-k4-fold2-seed0,2
prob_gru,CoPy_R,18,SS_vs_persistence,0.5085589855149357,1118837,001dcee8e81efda3,True,location-k4-fold2-seed0,2
prob_gru,CoPy_R,18,SS_vs_seasonal,0.511978725451254,1118837,001dcee8e81efda3,True,location-k4-fold2-seed0,2
prob_gru,CoPy_R,18,SS_vs_ar,-0.017797264747250408,1118837,001dcee8e81efda3,True,location-k4-fold2-seed0,2
prob_gru,CoPy_R,19,MSE,0.022474041312040973,1118837,001dcee8e81efda3,True,location-k4-fold2-seed0,2
prob_gru,CoPy_R,19,MAE,0.1146429099404738,1118837,001dcee8e81efda3,True,location-k4-fold2-seed0,2
prob_gru,CoPy_R,19,SS_vs_persistence,0.5194332281789782,1118837,001dcee8e81efda3,True,location-k4-fold2-seed0,2
prob_gru,CoPy_R,19,SS_vs_seasonal,0.5202151919797681,1118837,001dcee8e81efda3,True,location-k4-fold2-seed0,2
prob_gru,CoPy_R,19,SS_vs_ar,-0.020819068033797627,1118837,001dcee8e81efda3,True,location-k4-fold2-seed0,2
prob_gru,CoPy_R,20,MSE,0.022540431558836373,1118837,001dcee8e81efda3,True,location-k4-fold2-seed0,2
prob_gru,CoPy_R,20,MAE,0.11473631330062954,1118837,001dcee8e81efda3,True,location-k4-fold2-seed0,2
prob_gru,CoPy_R,20,SS_vs_persistence,0.5150000444449856,1118837,001dcee8e81efda3,True,location-k4-fold2-seed0,2
prob_gru,CoPy_R,20,SS_vs_seasonal,0.5157289866913375,1118837,001dcee8e81efda3,True,location-k4-fold2-seed0,2
prob_gru,CoPy_R,20,SS_vs_ar,-0.02248440322668821,1118837,001dcee8e81efda3,True,location-k4-fold2-seed0,2
prob_gru,CoPy_R,21,MSE,0.022571642477957177,1118837,001dcee8e81efda3,True,location-k4-fold2-seed0,2
prob_gru,CoPy_R,21,MAE,0.114840009002524,1118837,001dcee8e81efda3,True,location-k4-fold2-seed0,2
prob_gru,CoPy_R,21,SS_vs_persistence,0.5069740474493709,1118837,001dcee8e81efda3,True,location-k4-fold2-seed0,2
prob_gru,CoPy_R,21,SS_vs_seasonal,0.5063405358884059,1118837,001dcee8e81efda3,True,location-k4-fold2-seed0,2
prob_gru,CoPy_R,21,SS_vs_ar,-0.024199721244033245,1118837,001dcee8e81efda3,True,location-k4-fold2-seed0,2
prob_gru,CoPy_R,22,MSE,0.022501275065930425,1118837,001dcee8e81efda3,True,location-k4-fold2-seed0,2
prob_gru,CoPy_R,22,MAE,0.11467217719177841,1118837,001dcee8e81efda3,True,location-k4-fold2-seed0,2
prob_gru,CoPy_R,22,SS_vs_persistence,0.5059445746891215,1118837,001dcee8e81efda3,True,location-k4-fold2-seed0,2
prob_gru,CoPy_R,22,SS_vs_seasonal,0.5057979395825017,1118837,001dcee8e81efda3,True,location-k4-fold2-seed0,2
prob_gru,CoPy_R,22,SS_vs_ar,-0.02369944137060065,1118837,001dcee8e81efda3,True,location-k4-fold2-seed0,2
prob_gru,CoPy_R,23,MSE,0.022538031369940873,1118837,001dcee8e81efda3,True,location-k4-fold2-seed0,2
prob_gru,CoPy_R,23,MAE,0.11477507084826498,1118837,001dcee8e81efda3,True,location-k4-fold2-seed0,2
prob_gru,CoPy_R,23,SS_vs_persistence,0.5006962406608371,1118837,001dcee8e81efda3,True,location-k4-fold2-seed0,2
prob_gru,CoPy_R,23,SS_vs_seasonal,0.5017307534795382,1118837,001dcee8e81efda3,True,location-k4-fold2-seed0,2
prob_gru,CoPy_R,23,SS_vs_ar,-0.023853173062792443,1118837,001dcee8e81efda3,True,location-k4-fold2-seed0,2
prob_gru,CoPy_R,24,MSE,0.022593357503681823,1118837,001dcee8e81efda3,True,location-k4-fold2-seed0,2
prob_gru,CoPy_R,24,MAE,0.11491196348524445,1118837,001dcee8e81efda3,True,location-k4-fold2-seed0,2
prob_gru,CoPy_R,24,SS_vs_persistence,0.48634418265488855,1118837,001dcee8e81efda3,True,location-k4-fold2-seed0,2
prob_gru,CoPy_R,24,SS_vs_seasonal,0.48914481866521686,1118837,001dcee8e81efda3,True,location-k4-fold2-seed0,2
prob_gru,CoPy_R,24,SS_vs_ar,-0.02382053946835394,1118837,001dcee8e81efda3,True,location-k4-fold2-seed0,2
prob_gru,CoPy_R,25,MSE,0.02267071472365404,1118837,001dcee8e81efda3,True,location-k4-fold2-seed0,2
prob_gru,CoPy_R,25,MAE,0.11520874041211858,1118837,001dcee8e81efda3,True,location-k4-fold2-seed0,2
prob_gru,CoPy_R,25,SS_vs_persistence,0.48230029588217227,1118837,001dcee8e81efda3,True,location-k4-fold2-seed0,2
prob_gru,CoPy_R,25,SS_vs_seasonal,0.4851629018184219,1118837,001dcee8e81efda3,True,location-k4-fold2-seed0,2
prob_gru,CoPy_R,25,SS_vs_ar,-0.024038703875350897,1118837,001dcee8e81efda3,True,location-k4-fold2-seed0,2
prob_gru,CoPy_R,26,MSE,0.022805581847675897,1118837,001dcee8e81efda3,True,location-k4-fold2-seed0,2
prob_gru,CoPy_R,26,MAE,0.1155686864596742,1118837,001dcee8e81efda3,True,location-k4-fold2-seed0,2
prob_gru,CoPy_R,26,SS_vs_persistence,0.5080157063346293,1118837,001dcee8e81efda3,True,location-k4-fold2-seed0,2
prob_gru,CoPy_R,26,SS_vs_seasonal,0.5090117704551393,1118837,001dcee8e81efda3,True,location-k4-fold2-seed0,2
prob_gru,CoPy_R,26,SS_vs_ar,-0.023850036693307652,1118837,001dcee8e81efda3,True,location-k4-fold2-seed0,2
prob_gru,CoPy_R,27,MSE,0.022737583148413225,1118837,001dcee8e81efda3,True,location-k4-fold2-seed0,2
prob_gru,CoPy_R,27,MAE,0.11548365225197306,1118837,001dcee8e81efda3,True,location-k4-fold2-seed0,2
prob_gru,CoPy_R,27,SS_vs_persistence,0.5247639274402509,1118837,001dcee8e81efda3,True,location-k4-fold2-seed0,2
prob_gru,CoPy_R,27,SS_vs_seasonal,0.5237940424199732,1118837,001dcee8e81efda3,True,location-k4-fold2-seed0,2
prob_gru,CoPy_R,27,SS_vs_ar,-0.02359148396239208,1118837,001dcee8e81efda3,True,location-k4-fold2-seed0,2
prob_gru,CoPy_R,28,MSE,0.022748930106303387,1118837,001dcee8e81efda3,True,location-k4-fold2-seed0,2
prob_gru,CoPy_R,28,MAE,0.11547681774642005,1118837,001dcee8e81efda3,True,location-k4-fold2-seed0,2
prob_gru,CoPy_R,28,SS_vs_persistence,0.5334373600732205,1118837,001dcee8e81efda3,True,location-k4-fold2-seed0,2
prob_gru,CoPy_R,28,SS_vs_seasonal,0.5298019340889633,1118837,001dcee8e81efda3,True,location-k4-fold2-seed0,2
prob_gru,CoPy_R,28,SS_vs_ar,-0.023325790789784584,1118837,001dcee8e81efda3,True,location-k4-fold2-seed0,2
prob_gru,CoPy_R,29,MSE,0.022654552995596423,1118837,001dcee8e81efda3,True,location-k4-fold2-seed0,2
prob_gru,CoPy_R,29,MAE,0.1152483428431338,1118837,001dcee8e81efda3,True,location-k4-fold2-seed0,2
prob_gru,CoPy_R,29,SS_vs_persistence,0.5345133690508705,1118837,001dcee8e81efda3,True,location-k4-fold2-seed0,2
prob_gru,CoPy_R,29,SS_vs_seasonal,0.5292755960806956,1118837,001dcee8e81efda3,True,location-k4-fold2-seed0,2
prob_gru,CoPy_R,29,SS_vs_ar,-0.023423066956441696,1118837,001dcee8e81efda3,True,location-k4-fold2-seed0,2
prob_gru,CoPy_R,30,MSE,0.022620092869865237,1118837,001dcee8e81efda3,True,location-k4-fold2-seed0,2
prob_gru,CoPy_R,30,MAE,0.11519397133875711,1118837,001dcee8e81efda3,True,location-k4-fold2-seed0,2
prob_gru,CoPy_R,30,SS_vs_persistence,0.5144502628054319,1118837,001dcee8e81efda3,True,location-k4-fold2-seed0,2
prob_gru,CoPy_R,30,SS_vs_seasonal,0.5137596062160434,1118837,001dcee8e81efda3,True,location-k4-fold2-seed0,2
prob_gru,CoPy_R,30,SS_vs_ar,-0.022783884276829536,1118837,001dcee8e81efda3,True,location-k4-fold2-seed0,2
prob_gru,CoPy_R,all,MSE,0.022101834792655786,1118837,001dcee8e81efda3,True,location-k4-fold2-seed0,2
prob_gru,CoPy_R,all,MAE,0.11349669352178667,1118837,001dcee8e81efda3,True,location-k4-fold2-seed0,2
prob_gru,CoPy_R,all,SS_vs_persistence,0.4997335130324656,1118837,001dcee8e81efda3,True,location-k4-fold2-seed0,2
prob_gru,CoPy_R,all,SS_vs_seasonal,0.5014403857603098,1118837,001dcee8e81efda3,True,location-k4-fold2-seed0,2
prob_gru,CoPy_R,all,SS_vs_ar,-0.018234630984764078,1118837,001dcee8e81efda3,True,location-k4-fold2-seed0,2
persistence,F_R,1,MSE,716049.1749284293,1529550,001dcee8e81efda3,True,location-k4-fold3-seed0,3
persistence,F_R,1,MAE,427.96319152826044,1529550,001dcee8e81efda3,True,location-k4-fold3-seed0,3
persistence,F_R,1,SS_vs_persistence,0.0,1529550,001dcee8e81efda3,True,location-k4-fold3-seed0,3
persistence,F_R,1,SS_vs_seasonal,0.20541698057203228,1529550,001dcee8e81efda3,True,location-k4-fold3-seed0,3
persistence,F_R,1,SS_vs_ar,-0.5696471558340017,1529550,001dcee8e81efda3,True,location-k4-fold3-seed0,3
persistence,F_R,2,MSE,814496.6014502108,1529550,001dcee8e81efda3,True,location-k4-fold3-seed0,3
persistence,F_R,2,MAE,469.4058482848816,1529550,001dcee8e81efda3,True,location-k4-fold3-seed0,3
persistence,F_R,2,SS_vs_persistence,0.0,1529550,001dcee8e81efda3,True,location-k4-fold3-seed0,3
persistence,F_R,2,SS_vs_seasonal,0.1144575977921175,1529550,001dcee8e81efda3,True,location-k4-fold3-seed0,3
persistence,F_R,2,SS_vs_ar,-0.6927834517287443,1529550,001dcee8e81efda3,True,location-k4-fold3-seed0,3
persistence,F_R,3,MSE,826551.274558293,1529550,001dcee8e81efda3,True,location-k4-fold3-seed0,3
persistence,F_R,3,MAE,482.948538541705,1529550,001dcee8e81efda3,True,location-k4-fold3-seed0,3
persistence,F_R,3,SS_vs_persistence,0.0,1529550,001dcee8e81efda3,True,location-k4-fold3-seed0,3
persistence,F_R,3,SS_vs_seasonal,0.10265953734344913,1529550,001dcee8e81efda3,True,location-k4-fold3-seed0,3
persistence,F_R,3,SS_vs_ar,-0.7097665603412691,1529550,001dcee8e81efda3,True,location-k4-fold3-seed0,3
persistence,F_R,4,MSE,829038.128896659,1529550,001dcee8e81efda3,True,location-k4-fold3-seed0,3
persistence,F_R,4,MAE,483.90247833500354,1529550,001dcee8e81efda3,True,location-k4-fold3-seed0,3
persistence,F_R,4,SS_vs_persistence,0.0,1529550,001dcee8e81efda3,True,location-k4-fold3-seed0,3
persistence,F_R,4,SS_vs_seasonal,0.09756843868699483,1529550,001dcee8e81efda3,True,location-k4-fold3-seed0,3
persistence,F_R,4,SS_vs_ar,-0.7011711337990025,1529550,001dcee8e81efda3,True,location-k4-fold3-seed0,3
persistence,F_R,5,MSE,840279.7864541905,1529550,001dcee8e81efda3,True,location-k4-fold3-seed0,3
persistence,F_R,5,MAE,496.96254014661173,1529550,001dcee8e81efda3,True,location-k4-fold3-seed0,3
persistence,F_R,5,SS_vs_persistence,0.0,1529550,001dcee8e81efda3,True,location-k4-fold3-seed0,3
persistence,F_R,5,SS_vs_seasonal,0.08042508134760684,1529550,001dcee8e81efda3,True,location-k4-fold3-seed0,3
persistence,F_R,5,SS_vs_ar,-0.7017234622919679,1529550,001dcee8e81efda3,True,location-k4-fold3-seed0,3
persistence,F_R,6,MSE,832881.2376519869,1529550,001dcee8e81efda3,True,location-k4-fold3-seed0,3
persistence,F_R,6,MAE,490.6774498243969,1529550,001dcee8e81efda3,True,location-k4-fold3-seed0,3
persistence,F_R,6,SS_vs_persistence,0.0,1529550,001dcee8e81efda3,True,location-k4-fold3-seed0,3
persistence,F_R,6,SS_vs_seasonal,0.09165824669173928,1529550,001dcee8e81efda3,True,location-k4-fold3-seed0,3
persistence,F_R,6,SS_vs_ar,-0.6621612365578178,1529550,001dcee8e81efda3,True,location-k4-fold3-seed0,3
persistence,F_R,7,MSE,867708.8684707079,1529550,001dcee8e81efda3,True,location-k4-fold3-seed0,3
persistence,F_R,7,MAE,503.72328212820713,1529550,001dcee8e81efda3,True,location-k4-fold3-seed0,3
persistence,F_R,7,SS_vs_persistence,0.0,1529550,001dcee8e81efda3,True,location-k4-fold3-seed0,3
persistence,F_R,7,SS_vs_seasonal,0.05761643626827184,1529550,001dcee8e81efda3,True,location-k4-fold3-seed0,3
persistence,F_R,7,SS_vs_ar,-0.7000532018913381,1529550,001dcee8e81efda3,True,location-k4-fold3-seed0,3
persistence,F_R,8,MSE,872310.8466647258,1529550,001dcee8e81efda3,True,location-k4-fold3-seed0,3
persistence,F_R,8,MAE,501.43338637532025,1529550,001dcee8e81efda3,True,location-k4-fold3-seed0,3
persistence,F_R,8,SS_vs_persistence,0.0,1529550,001dcee8e81efda3,True,location-k4-fold3-seed0,3
persistence,F_R,8,SS_vs_seasonal,0.05664174109075393,1529550,001dcee8e81efda3,True,location-k4-fold3-seed0,3
persistence,F_R,8,SS_vs_ar,-0.6979577358891984,1529550,001dcee8e81efda3,True,location-k4-fold3-seed0,3
persistence,F_R,9,MSE,867089.2229327162,1529550,001dcee8e81efda3,True,location-k4-fold3-seed0,3
persistence,F_R,9,MAE,505.9083005753454,1529550,001dcee8e81efda3,True,location-k4-fold3-seed0,3
persistence,F_R,9,SS_vs_persistence,0.0,1529550,001dcee8e81efda3,True,location-k4-fold3-seed0,3
persistence,F_R,9,SS_vs_seasonal,0.05140760706164571,1529550,001dcee8e81efda3,True,location-k4-fold3-seed0,3
persistence,F_R,9,SS_vs_ar,-0.6784699832979417,1529550,001dcee8e81efda3,True,location-k4-fold3-seed0,3
persistence,F_R,10,MSE,865835.8983064953,1529550,001dcee8e81efda3,True,location-k4-fold3-seed0,3
persistence,F_R,10,MAE,500.81292590172814,1529550,001dcee8e81efda3,True,location-k4-fold3-seed0,3
persistence,F_R,10,SS_vs_persistence,0.0,1529550,001dcee8e81efda3,True,location-k4-fold3-seed0,3
persistence,F_R,10,SS_vs_seasonal,0.01982486514212889,1529550,001dcee8e81efda3,True,location-k4-fold3-seed0,3
persistence,F_R,10,SS_vs_ar,-0.6565848836163484,1529550,001dcee8e81efda3,True,location-k4-fold3-seed0,3
persistence,F_R,11,MSE,887358.0287124253,1529550,001dcee8e81efda3,True,location-k4-fold3-seed0,3
persistence,F_R,11,MAE,513.441139617887,1529550,001dcee8e81efda3,True,location-k4-fold3-seed0,3
persistence,F_R,11,SS_vs_persistence,0.0,1529550,001dcee8e81efda3,True,location-k4-fold3-seed0,3
persistence,F_R,11,SS_vs_seasonal,0.09790090369251125,1529550,001dcee8e81efda3,True,location-k4-fold3-seed0,3
persistence,F_R,11,SS_vs_ar,-0.6847866888726879,1529550,001dcee8e81efda3,True,location-k4-fold3-seed0,3
persistence,F_R,12,MSE,905581.9182223027,1529550,001dcee8e81efda3,True,location-k4-fold3-seed0,3
persistence,F_R,12,MAE,520.3951531202498,1529550,001dcee8e81efda3,True,location-k4-fold3-seed0,3
persistence,F_R,12,SS_vs_persistence,0.0,1529550,001dcee8e81efda3,True,location-k4-fold3-seed0,3
persistence,F_R,12,SS_vs_seasonal,0.08586285302876528,1529550,001dcee8e81efda3,True,location-k4-fold3-seed0,3
persistence,F_R,12,SS_vs_ar,-0.7054985967621079,1529550,001dcee8e81efda3,True,location-k4-fold3-seed0,3
persistence,F_R,13,MSE,910162.1769937618,1529550,001dcee8e81efda3,True,location-k4-fold3-seed0,3
persistence,F_R,13,MAE,523.3892696448328,1529550,001dcee8e81efda3,True,location-k4-fold3-seed0,3
persistence,F_R,13,SS_vs_persistence,0.0,1529550,001dcee8e81efda3,True,location-k4-fold3-seed0,3
persistence,F_R,13,SS_vs_seasonal,0.07582721917765145,1529550,001dcee8e81efda3,True,location-k4-fold3-seed0,3
persistence,F_R,13,SS_vs_ar,-0.7055039949828614,1529550,001dcee8e81efda3,True,location-k4-fold3-seed0,3
persistence,F_R,14,MSE,897875.3524436932,1529550,001dcee8e81efda3,True,location-k4-fold3-seed0,3
persistence,F_R,14,MAE,517.500290770838,1529550,001dcee8e81efda3,True,location-k4-fold3-seed0,3
persistence,F_R,14,SS_vs_persistence,0.0,1529550,001dcee8e81efda3,True,location-k4-fold3-seed0,3
persistence,F_R,14,SS_vs_seasonal,0.08840889564952359,1529550,001dcee8e81efda3,True,location-k4-fold3-seed0,3
persistence,F_R,14,SS_vs_ar,-0.6801510610987611,1529550,001dcee8e81efda3,True,location-k4-fold3-seed0,3
persistence,F_R,15,MSE,870247.7938551076,1529550,001dcee8e81efda3,True,location-k4-fold3-seed0,3
persistence,F_R,15,MAE,516.3561685527529,1529550,001dcee8e81efda3,True,location-k4-fold3-seed0,3
persistence,F_R,15,SS_vs_persistence,0.0,1529550,001dcee8e81efda3,True,location-k4-fold3-seed0,3
persistence,F_R,15,SS_vs_seasonal,0.11532020830200473,1529550,001dcee8e81efda3,True,location-k4-fold3-seed0,3
persistence,F_R,15,SS_vs_ar,-0.6269764417941861,1529550,001dcee8e81efda3,True,location-k4-fold3-seed0,3
persistence,F_R,16,MSE,922100.3322874348,1529550,001dcee8e81efda3,True,location-k4-fold3-seed0,3
persistence,F_R,16,MAE,531.2115651020597,1529550,001dcee8e81efda3,True,location-k4-fold3-seed0,3
persistence,F_R,16,SS_vs_persistence,0.0,1529550,001dcee8e81efda3,True,location-k4-fold3-seed0,3
persistence,F_R,16,SS_vs_seasonal,0.09609489917375735,1529550,001dcee8e81efda3,True,location-k4-fold3-seed0,3
persistence,F_R,16,SS_vs_ar,-0.6000166377157521,1529550,001dcee8e81efda3,True,location-k4-fold3-seed0,3
persistence,F_R,17,MSE,959229.5601704798,1529550,001dcee8e81efda3,True,location-k4-fold3-seed0,3
persistence,F_R,17,MAE,537.1280458512231,1529550,001dcee8e81efda3,True,location-k4-fold3-seed0,3
persistence,F_R,17,SS_vs_persistence,0.0,1529550,001dcee8e81efda3,True,location-k4-fold3-seed0,3
persistence,F_R,17,SS_vs_seasonal,0.06581830247204179,1529550,001dcee8e81efda3,True,location-k4-fold3-seed0,3
persistence,F_R,17,SS_vs_ar,-0.614263587382609,1529550,001dcee8e81efda3,True,location-k4-fold3-seed0,3
persistence,F_R,18,MSE,971034.0724942805,1529550,001dcee8e81efda3,True,location-k4-fold3-seed0,3
persistence,F_R,18,MAE,539.6941087337268,1529550,001dcee8e81efda3,True,location-k4-fold3-seed0,3
persistence,F_R,18,SS_vs_persistence,0.0,1529550,001dcee8e81efda3,True,location-k4-fold3-seed0,3
persistence,F_R,18,SS_vs_seasonal,0.05701410985680189,1529550,001dcee8e81efda3,True,location-k4-fold3-seed0,3
persistence,F_R,18,SS_vs_ar,-0.6196028657140695,1529550,001dcee8e81efda3,True,location-k4-fold3-seed0,3
persistence,F_R,19,MSE,983734.0890484402,1529550,001dcee8e81efda3,True,location-k4-fold3-seed0,3
persistence,F_R,19,MAE,546.0470646525173,1529550,001dcee8e81efda3,True,location-k4-fold3-seed0,3
persistence,F_R,19,SS_vs_persistence,0.0,1529550,001dcee8e81efda3,True,location-k4-fold3-seed0,3
persistence,F_R,19,SS_vs_seasonal,0.04129164278241204,1529550,001dcee8e81efda3,True,location-k4-fold3-seed0,3
persistence,F_R,19,SS_vs_ar,-0.6179072175978126,1529550,001dcee8e81efda3,True,location-k4-fold3-seed0,3
persistence,F_R,20,MSE,990583.6011310715,1529550,001dcee8e81efda3,True,location-k4-fold3-seed0,3
persistence,F_R,20,MAE,547.1673049757665,1529550,001dcee8e81efda3,True,location-k4-fold3-seed0,3
persistence,F_R,20,SS_vs_persistence,0.0,1529550,001dcee8e81efda3,True,location-k4-fold3-seed0,3
persistence,F_R,20,SS_vs_seasonal,0.006490341792897425,1529550,001dcee8e81efda3,True,location-k4-fold3-seed0,3
persistence,F_R,20,SS_vs_ar,-0.6109937022335017,1529550,001dcee8e81efda3,True,location-k4-fold3-seed0,3
persistence,F_R,21,MSE,971926.4366393271,1529550,001dcee8e81efda3,True,location-k4-fold3-seed0,3
persistence,F_R,21,MAE,543.9441169172383,1529550,001dcee8e81efda3,True,location-k4-fold3-seed0,3
persistence,F_R,21,SS_vs_persistence,0.0,1529550,001dcee8e81efda3,True,location-k4-fold3-seed0,3
persistence,F_R,21,SS_vs_seasonal,0.06581987278978763,1529550,001dcee8e81efda3,True,location-k4-fold3-seed0,3
persistence,F_R,21,SS_vs_ar,-0.5617638942343157,1529550,001dcee8e81efda3,True,location-k4-fold3-seed0,3
persistence,F_R,22,MSE,996214.1036523195,1529550,001dcee8e81efda3,True,location-k4-fold3-seed0,3
persistence,F_R,22,MAE,549.4049083063646,1529550,001dcee8e81efda3,True,location-k4-fold3-seed0,3
persistence,F_R,22,SS_vs_persistence,0.0,1529550,001dcee8e81efda3,True,location-k4-fold3-seed0,3
persistence,F_R,22,SS_vs_seasonal,0.05207666448971526,1529550,001dcee8e81efda3,True,location-k4-fold3-seed0,3
persistence,F_R,22,SS_vs_ar,-0.5732206266047726,1529550,001dcee8e81efda3,True,location-k4-fold3-seed0,3
persistence,F_R,23,MSE,1020379.443086347,1529550,001dcee8e81efda3,True,location-k4-fold3-seed0,3
persistence,F_R,23,MAE,555.6437723191027,1529550,001dcee8e81efda3,True,location-k4-fold3-seed0,3
persistence,F_R,23,SS_vs_persistence,0.0,1529550,001dcee8e81efda3,True,location-k4-fold3-seed0,3
persistence,F_R,23,SS_vs_seasonal,0.04372991808252691,1529550,001dcee8e81efda3,True,location-k4-fold3-seed0,3
persistence,F_R,23,SS_vs_ar,-0.5757100154147083,1529550,001dcee8e81efda3,True,location-k4-fold3-seed0,3
persistence,F_R,24,MSE,1015256.1394641197,1529550,001dcee8e81efda3,True,location-k4-fold3-seed0,3
persistence,F_R,24,MAE,553.8174103989302,1529550,001dcee8e81efda3,True,location-k4-fold3-seed0,3
persistence,F_R,24,SS_vs_persistence,0.0,1529550,001dcee8e81efda3,True,location-k4-fold3-seed0,3
persistence,F_R,24,SS_vs_seasonal,0.048281093432130384,1529550,001dcee8e81efda3,True,location-k4-fold3-seed0,3
persistence,F_R,24,SS_vs_ar,-0.5495384309898892,1529550,001dcee8e81efda3,True,location-k4-fold3-seed0,3
persistence,F_R,25,MSE,1014370.1671920142,1529550,001dcee8e81efda3,True,location-k4-fold3-seed0,3
persistence,F_R,25,MAE,556.1289401428576,1529550,001dcee8e81efda3,True,location-k4-fold3-seed0,3
persistence,F_R,25,SS_vs_persistence,0.0,1529550,001dcee8e81efda3,True,location-k4-fold3-seed0,3
persistence,F_R,25,SS_vs_seasonal,0.050957095217377235,1529550,001dcee8e81efda3,True,location-k4-fold3-seed0,3
persistence,F_R,25,SS_vs_ar,-0.5329800368627746,1529550,001dcee8e81efda3,True,location-k4-fold3-seed0,3
persistence,F_R,26,MSE,1041913.4711193122,1529550,001dcee8e81efda3,True,location-k4-fold3-seed0,3
persistence,F_R,26,MAE,562.6325817048672,1529550,001dcee8e81efda3,True,location-k4-fold3-seed0,3
persistence,F_R,26,SS_vs_persistence,0.0,1529550,001dcee8e81efda3,True,location-k4-fold3-seed0,3
persistence,F_R,26,SS_vs_seasonal,0.02918620657827342,1529550,001dcee8e81efda3,True,location-k4-fold3-seed0,3
persistence,F_R,26,SS_vs_ar,-0.5545548831746359,1529550,001dcee8e81efda3,True,location-k4-fold3-seed0,3
persistence,F_R,27,MSE,1069658.7200218053,1529550,001dcee8e81efda3,True,location-k4-fold3-seed0,3
persistence,F_R,27,MAE,571.4091915581406,1529550,001dcee8e81efda3,True,location-k4-fold3-seed0,3
persistence,F_R,27,SS_vs_persistence,0.0,1529550,001dcee8e81efda3,True,location-k4-fold3-seed0,3
persistence,F_R,27,SS_vs_seasonal,0.011898004047206312,1529550,001dcee8e81efda3,True,location-k4-fold3-seed0,3
persistence,F_R,27,SS_vs_ar,-0.5803600147842793,1529550,001dcee8e81efda3,True,location-k4-fold3-seed0,3
persistence,F_R,28,MSE,1059639.0575739592,1529550,001dcee8e81efda3,True,location-k4-fold3-seed0,3
persistence,F_R,28,MAE,565.4484107994385,1529550,001dcee8e81efda3,True,location-k4-fold3-seed0,3
persistence,F_R,28,SS_vs_persistence,0.0,1529550,001dcee8e81efda3,True,location-k4-fold3-seed0,3
persistence,F_R,28,SS_vs_seasonal,0.01871925302263866,1529550,001dcee8e81efda3,True,location-k4-fold3-seed0,3
persistence,F_R,28,SS_vs_ar,-0.555864453706095,1529550,001dcee8e81efda3,True,location-k4-fold3-seed0,3
persistence,F_R,29,MSE,1062154.0564177583,1529550,001dcee8e81efda3,True,location-k4-fold3-seed0,3
persistence,F_R,29,MAE,570.8024978815766,1529550,001dcee8e81efda3,True,location-k4-fold3-seed0,3
persistence,F_R,29,SS_vs_persistence,0.0,1529550,001dcee8e81efda3,True,location-k4-fold3-seed0,3
persistence,F_R,29,SS_vs_seasonal,0.009394488549069213,1529550,001dcee8e81efda3,True,location-k4-fold3-seed0,3
persistence,F_R,29,SS_vs_ar,-0.5549000264241017,1529550,001dcee8e81efda3,True,location-k4-fold3-seed0,3
persistence,F_R,30,MSE,1037200.9053001901,1529550,001dcee8e81efda3,True,location-k4-fold3-seed0,3
persistence,F_R,30,MAE,563.6230997541786,1529550,001dcee8e81efda3,True,location-k4-fold3-seed0,3
persistence,F_R,30,SS_vs_persistence,0.0,1529550,001dcee8e81efda3,True,location-k4-fold3-seed0,3
persistence,F_R,30,SS_vs_seasonal,-0.00023926255286177422,1529550,001dcee8e81efda3,True,location-k4-fold3-seed0,3
persistence,F_R,30,SS_vs_ar,-0.5162827981946823,1529550,001dcee8e81efda3,True,location-k4-fold3-seed0,3
persistence,F_R,all,MSE,930628.6822083252,1529550,001dcee8e81efda3,True,location-k4-fold3-seed0,3
persistence,F_R,all,MAE,524.964099414867,1529550,001dcee8e81efda3,True,location-k4-fold3-seed0,3
persistence,F_R,all,SS_vs_persistence,0.0,1529550,001dcee8e81efda3,True,location-k4-fold3-seed0,3
persistence,F_R,all,SS_vs_seasonal,0.06314776035668823,1529550,001dcee8e81efda3,True,location-k4-fold3-seed0,3
persistence,F_R,all,SS_vs_ar,-0.6198659658486576,1529550,001dcee8e81efda3,True,location-k4-fold3-seed0,3
persistence,CoPx_R,1,MSE,0.023746054564361387,1377082,001dcee8e81efda3,True,location-k4-fold3-seed0,3
persistence,CoPx_R,1,MAE,0.1009434555679386,1377082,001dcee8e81efda3,True,location-k4-fold3-seed0,3
persistence,CoPx_R,1,SS_vs_persistence,4.21122026139642e-11,1377082,001dcee8e81efda3,True,location-k4-fold3-seed0,3
persistence,CoPx_R,1,SS_vs_seasonal,0.1984222313029116,1377082,001dcee8e81efda3,True,location-k4-fold3-seed0,3
persistence,CoPx_R,1,SS_vs_ar,-0.769369457875188,1377082,001dcee8e81efda3,True,location-k4-fold3-seed0,3
persistence,CoPx_R,2,MSE,0.024780478340904553,1377082,001dcee8e81efda3,True,location-k4-fold3-seed0,3
persistence,CoPx_R,2,MAE,0.10701494343122142,1377082,001dcee8e81efda3,True,location-k4-fold3-seed0,3
persistence,CoPx_R,2,SS_vs_persistence,4.035427547677273e-11,1377082,001dcee8e81efda3,True,location-k4-fold3-seed0,3
persistence,CoPx_R,2,SS_vs_seasonal,0.17109749510714312,1377082,001dcee8e81efda3,True,location-k4-fold3-seed0,3
persistence,CoPx_R,2,SS_vs_ar,-0.7601036005656039,1377082,001dcee8e81efda3,True,location-k4-fold3-seed0,3
persistence,CoPx_R,3,MSE,0.02735021116993018,1377082,001dcee8e81efda3,True,location-k4-fold3-seed0,3
persistence,CoPx_R,3,MAE,0.11219635760360053,1377082,001dcee8e81efda3,True,location-k4-fold3-seed0,3
persistence,CoPx_R,3,SS_vs_persistence,3.6562752825375355e-11,1377082,001dcee8e81efda3,True,location-k4-fold3-seed0,3
persistence,CoPx_R,3,SS_vs_seasonal,0.09321833678072589,1377082,001dcee8e81efda3,True,location-k4-fold3-seed0,3
persistence,CoPx_R,3,SS_vs_ar,-0.8666738818036399,1377082,001dcee8e81efda3,True,location-k4-fold3-seed0,3
persistence,CoPx_R,4,MSE,0.026324137448466112,1377082,001dcee8e81efda3,True,location-k4-fold3-seed0,3
persistence,CoPx_R,4,MAE,0.11058690455551358,1377082,001dcee8e81efda3,True,location-k4-fold3-seed0,3
persistence,CoPx_R,4,SS_vs_persistence,3.798794612208667e-11,1377082,001dcee8e81efda3,True,location-k4-fold3-seed0,3
persistence,CoPx_R,4,SS_vs_seasonal,0.12061198039963483,1377082,001dcee8e81efda3,True,location-k4-fold3-seed0,3
persistence,CoPx_R,4,SS_vs_ar,-0.7619551312293844,1377082,001dcee8e81efda3,True,location-k4-fold3-seed0,3
persistence,CoPx_R,5,MSE,0.028852277549088267,1377082,001dcee8e81efda3,True,location-k4-fold3-seed0,3
persistence,CoPx_R,5,MAE,0.11527760821486258,1377082,001dcee8e81efda3,True,location-k4-fold3-seed0,3
persistence,CoPx_R,5,SS_vs_persistence,3.4659275449655524e-11,1377082,001dcee8e81efda3,True,location-k4-fold3-seed0,3
persistence,CoPx_R,5,SS_vs_seasonal,0.04209690509671926,1377082,001dcee8e81efda3,True,location-k4-fold3-seed0,3
persistence,CoPx_R,5,SS_vs_ar,-0.8652795664394246,1377082,001dcee8e81efda3,True,location-k4-fold3-seed0,3
persistence,CoPx_R,6,MSE,0.028209264928028322,1377082,001dcee8e81efda3,True,location-k4-fold3-seed0,3
persistence,CoPx_R,6,MAE,0.11407698480929111,1377082,001dcee8e81efda3,True,location-k4-fold3-seed0,3
persistence,CoPx_R,6,SS_vs_persistence,3.5449310153978786e-11,1377082,001dcee8e81efda3,True,location-k4-fold3-seed0,3
persistence,CoPx_R,6,SS_vs_seasonal,0.05921027507597587,1377082,001dcee8e81efda3,True,location-k4-fold3-seed0,3
persistence,CoPx_R,6,SS_vs_ar,-0.7879803841788156,1377082,001dcee8e81efda3,True,location-k4-fold3-seed0,3
persistence,CoPx_R,7,MSE,0.030314556740882653,1377082,001dcee8e81efda3,True,location-k4-fold3-seed0,3
persistence,CoPx_R,7,MAE,0.1184566635579814,1377082,001dcee8e81efda3,True,location-k4-fold3-seed0,3
persistence,CoPx_R,7,SS_vs_persistence,3.29873905968725e-11,1377082,001dcee8e81efda3,True,location-k4-fold3-seed0,3
persistence,CoPx_R,7,SS_vs_seasonal,0.002908554459827739,1377082,001dcee8e81efda3,True,location-k4-fold3-seed0,3
persistence,CoPx_R,7,SS_vs_ar,-0.8785876576014209,1377082,001dcee8e81efda3,True,location-k4-fold3-seed0,3
persistence,CoPx_R,8,MSE,0.029285181752681102,1377082,001dcee8e81efda3,True,location-k4-fold3-seed0,3
persistence,CoPx_R,8,MAE,0.11670035245217794,1377082,001dcee8e81efda3,True,location-k4-fold3-seed0,3
persistence,CoPx_R,8,SS_vs_persistence,3.4146907523791015e-11,1377082,001dcee8e81efda3,True,location-k4-fold3-seed0,3
persistence,CoPx_R,8,SS_vs_seasonal,0.02589766754064915,1377082,001dcee8e81efda3,True,location-k4-fold3-seed0,3
persistence,CoPx_R,8,SS_vs_ar,-0.7989225839717387,1377082,001dcee8e81efda3,True,location-k4-fold3-seed0,3
persistence,CoPx_R,9,MSE,0.029945164979094517,1377082,001dcee8e81efda3,True,location-k4-fold3-seed0,3
persistence,CoPx_R,9,MAE,0.11805318928141412,1377082,001dcee8e81efda3,True,location-k4-fold3-seed0,3
persistence,CoPx_R,9,SS_vs_persistence,3.339428733539762e-11,1377082,001dcee8e81efda3,True,location-k4-fold3-seed0,3
persistence,CoPx_R,9,SS_vs_seasonal,0.006051166610507863,1377082,001dcee8e81efda3,True,location-k4-fold3-seed0,3
persistence,CoPx_R,9,SS_vs_ar,-0.8035923273110122,1377082,001dcee8e81efda3,True,location-k4-fold3-seed0,3
persistence,CoPx_R,10,MSE,0.029572234240888267,1377082,001dcee8e81efda3,True,location-k4-fold3-seed0,3
persistence,CoPx_R,10,MAE,0.11719695302091916,1377082,001dcee8e81efda3,True,location-k4-fold3-seed0,3
persistence,CoPx_R,10,SS_vs_persistence,3.3815505950940405e-11,1377082,001dcee8e81efda3,True,location-k4-fold3-seed0,3
persistence,CoPx_R,10,SS_vs_seasonal,0.009800538267151104,1377082,001dcee8e81efda3,True,location-k4-fold3-seed0,3
persistence,CoPx_R,10,SS_vs_ar,-0.7526927573332227,1377082,001dcee8e81efda3,True,location-k4-fold3-seed0,3
persistence,CoPx_R,11,MSE,0.030675229659182214,1377082,001dcee8e81efda3,True,location-k4-fold3-seed0,3
persistence,CoPx_R,11,MAE,0.1200628433884974,1377082,001dcee8e81efda3,True,location-k4-fold3-seed0,3
persistence,CoPx_R,11,SS_vs_persistence,3.2599589694370934e-11,1377082,001dcee8e81efda3,True,location-k4-fold3-seed0,3
persistence,CoPx_R,11,SS_vs_seasonal,0.08719867936045256,1377082,001dcee8e81efda3,True,location-k4-fold3-seed0,3
persistence,CoPx_R,11,SS_vs_ar,-0.7780048826125754,1377082,001dcee8e81efda3,True,location-k4-fold3-seed0,3
persistence,CoPx_R,12,MSE,0.031147133773426067,1377082,001dcee8e81efda3,True,location-k4-fold3-seed0,3
persistence,CoPx_R,12,MAE,0.12127524085095483,1377082,001dcee8e81efda3,True,location-k4-fold3-seed0,3
persistence,CoPx_R,12,SS_vs_persistence,3.21056514707152e-11,1377082,001dcee8e81efda3,True,location-k4-fold3-seed0,3
persistence,CoPx_R,12,SS_vs_seasonal,0.07705168661578132,1377082,001dcee8e81efda3,True,location-k4-fold3-seed0,3
persistence,CoPx_R,12,SS_vs_ar,-0.7771223994325192,1377082,001dcee8e81efda3,True,location-k4-fold3-seed0,3
persistence,CoPx_R,13,MSE,0.03295262341086961,1377082,001dcee8e81efda3,True,location-k4-fold3-seed0,3
persistence,CoPx_R,13,MAE,0.12390058129390735,1377082,001dcee8e81efda3,True,location-k4-fold3-seed0,3
persistence,CoPx_R,13,SS_vs_persistence,3.034650308819664e-11,1377082,001dcee8e81efda3,True,location-k4-fold3-seed0,3
persistence,CoPx_R,13,SS_vs_seasonal,0.031599793759781725,1377082,001dcee8e81efda3,True,location-k4-fold3-seed0,3
persistence,CoPx_R,13,SS_vs_ar,-0.8523075021744633,1377082,001dcee8e81efda3,True,location-k4-fold3-seed0,3
persistence,CoPx_R,14,MSE,0.03170389706101975,1377082,001dcee8e81efda3,True,location-k4-fold3-seed0,3
persistence,CoPx_R,14,MAE,0.12195885746941025,1377082,001dcee8e81efda3,True,location-k4-fold3-seed0,3
persistence,CoPx_R,14,SS_vs_persistence,3.1541769196508085e-11,1377082,001dcee8e81efda3,True,location-k4-fold3-seed0,3
persistence,CoPx_R,14,SS_vs_seasonal,0.06412832604662999,1377082,001dcee8e81efda3,True,location-k4-fold3-seed0,3
persistence,CoPx_R,14,SS_vs_ar,-0.7662645460765685,1377082,001dcee8e81efda3,True,location-k4-fold3-seed0,3
persistence,CoPx_R,15,MSE,0.032346104636865936,1377082,001dcee8e81efda3,True,location-k4-fold3-seed0,3
persistence,CoPx_R,15,MAE,0.12256600122096217,1377082,001dcee8e81efda3,True,location-k4-fold3-seed0,3
persistence,CoPx_R,15,SS_vs_persistence,3.0915603410619497e-11,1377082,001dcee8e81efda3,True,location-k4-fold3-seed0,3
persistence,CoPx_R,15,SS_vs_seasonal,0.045225639389404604,1377082,001dcee8e81efda3,True,location-k4-fold3-seed0,3
persistence,CoPx_R,15,SS_vs_ar,-0.7753076765550202,1377082,001dcee8e81efda3,True,location-k4-fold3-seed0,3
persistence,CoPx_R,16,MSE,0.0329782378956165,1377082,001dcee8e81efda3,True,location-k4-fold3-seed0,3
persistence,CoPx_R,16,MAE,0.12393860646552135,1377082,001dcee8e81efda3,True,location-k4-fold3-seed0,3
persistence,CoPx_R,16,SS_vs_persistence,3.032296636007459e-11,1377082,001dcee8e81efda3,True,location-k4-fold3-seed0,3
persistence,CoPx_R,16,SS_vs_seasonal,0.026870091327669265,1377082,001dcee8e81efda3,True,location-k4-fold3-seed0,3
persistence,CoPx_R,16,SS_vs_ar,-0.7871416300232597,1377082,001dcee8e81efda3,True,location-k4-fold3-seed0,3
persistence,CoPx_R,17,MSE,0.03323668015300908,1377082,001dcee8e81efda3,True,location-k4-fold3-seed0,3
persistence,CoPx_R,17,MAE,0.12482136296303618,1377082,001dcee8e81efda3,True,location-k4-fold3-seed0,3
persistence,CoPx_R,17,SS_vs_persistence,3.0087154989644205e-11,1377082,001dcee8e81efda3,True,location-k4-fold3-seed0,3
persistence,CoPx_R,17,SS_vs_seasonal,0.01599560624263585,1377082,001dcee8e81efda3,True,location-k4-fold3-seed0,3
persistence,CoPx_R,17,SS_vs_ar,-0.7852871164068762,1377082,001dcee8e81efda3,True,location-k4-fold3-seed0,3
persistence,CoPx_R,18,MSE,0.033112443342027544,1377082,001dcee8e81efda3,True,location-k4-fold3-seed0,3
persistence,CoPx_R,18,MAE,0.12542276152015655,1377082,001dcee8e81efda3,True,location-k4-fold3-seed0,3
persistence,CoPx_R,18,SS_vs_persistence,3.020006467124858e-11,1377082,001dcee8e81efda3,True,location-k4-fold3-seed0,3
persistence,CoPx_R,18,SS_vs_seasonal,0.021930085736688754,1377082,001dcee8e81efda3,True,location-k4-fold3-seed0,3
persistence,CoPx_R,18,SS_vs_ar,-0.7594993025994059,1377082,001dcee8e81efda3,True,location-k4-fold3-seed0,3
persistence,CoPx_R,19,MSE,0.03417348888858786,1377082,001dcee8e81efda3,True,location-k4-fold3-seed0,3
persistence,CoPx_R,19,MAE,0.12642730584196388,1377082,001dcee8e81efda3,True,location-k4-fold3-seed0,3
persistence,CoPx_R,19,SS_vs_persistence,2.9262370304650176e-11,1377082,001dcee8e81efda3,True,location-k4-fold3-seed0,3
persistence,CoPx_R,19,SS_vs_seasonal,-0.003211807255018684,1377082,001dcee8e81efda3,True,location-k4-fold3-seed0,3
persistence,CoPx_R,19,SS_vs_ar,-0.795349238581833,1377082,001dcee8e81efda3,True,location-k4-fold3-seed0,3
persistence,CoPx_R,20,MSE,0.03383869573679804,1377082,001dcee8e81efda3,True,location-k4-fold3-seed0,3
persistence,CoPx_R,20,MAE,0.1262074343587228,1377082,001dcee8e81efda3,True,location-k4-fold3-seed0,3
persistence,CoPx_R,20,SS_vs_persistence,2.955191646947242e-11,1377082,001dcee8e81efda3,True,location-k4-fold3-seed0,3
persistence,CoPx_R,20,SS_vs_seasonal,-0.001285867716720679,1377082,001dcee8e81efda3,True,location-k4-fold3-seed0,3
persistence,CoPx_R,20,SS_vs_ar,-0.7692984259349256,1377082,001dcee8e81efda3,True,location-k4-fold3-seed0,3
persistence,CoPx_R,21,MSE,0.034410194297500016,1377082,001dcee8e81efda3,True,location-k4-fold3-seed0,3
persistence,CoPx_R,21,MAE,0.12686794619827377,1377082,001dcee8e81efda3,True,location-k4-fold3-seed0,3
persistence,CoPx_R,21,SS_vs_persistence,2.9061086870285635e-11,1377082,001dcee8e81efda3,True,location-k4-fold3-seed0,3
persistence,CoPx_R,21,SS_vs_seasonal,0.04477850115395021,1377082,001dcee8e81efda3,True,location-k4-fold3-seed0,3
persistence,CoPx_R,21,SS_vs_ar,-0.7888997527288337,1377082,001dcee8e81efda3,True,location-k4-fold3-seed0,3
persistence,CoPx_R,22,MSE,0.03414158242717227,1377082,001dcee8e81efda3,True,location-k4-fold3-seed0,3
persistence,CoPx_R,22,MAE,0.1269870121085456,1377082,001dcee8e81efda3,True,location-k4-fold3-seed0,3
persistence,CoPx_R,22,SS_vs_persistence,2.928979281335842e-11,1377082,001dcee8e81efda3,True,location-k4-fold3-seed0,3
persistence,CoPx_R,22,SS_vs_seasonal,0.048662012893267104,1377082,001dcee8e81efda3,True,location-k4-fold3-seed0,3
persistence,CoPx_R,22,SS_vs_ar,-0.7616170940426172,1377082,001dcee8e81efda3,True,location-k4-fold3-seed0,3
persistence,CoPx_R,23,MSE,0.03485703604514892,1377082,001dcee8e81efda3,True,location-k4-fold3-seed0,3
persistence,CoPx_R,23,MAE,0.12804370777653104,1377082,001dcee8e81efda3,True,location-k4-fold3-seed0,3
persistence,CoPx_R,23,SS_vs_persistence,2.8688607045523895e-11,1377082,001dcee8e81efda3,True,location-k4-fold3-seed0,3
persistence,CoPx_R,23,SS_vs_seasonal,0.02371196405924958,1377082,001dcee8e81efda3,True,location-k4-fold3-seed0,3
persistence,CoPx_R,23,SS_vs_ar,-0.7845344218886579,1377082,001dcee8e81efda3,True,location-k4-fold3-seed0,3
persistence,CoPx_R,24,MSE,0.03461624563657296,1377082,001dcee8e81efda3,True,location-k4-fold3-seed0,3
persistence,CoPx_R,24,MAE,0.12829669450774153,1377082,001dcee8e81efda3,True,location-k4-fold3-seed0,3
persistence,CoPx_R,24,SS_vs_persistence,2.8888114123049036e-11,1377082,001dcee8e81efda3,True,location-k4-fold3-seed0,3
persistence,CoPx_R,24,SS_vs_seasonal,0.03898013732530181,1377082,001dcee8e81efda3,True,location-k4-fold3-seed0,3
persistence,CoPx_R,24,SS_vs_ar,-0.7581591931268781,1377082,001dcee8e81efda3,True,location-k4-fold3-seed0,3
persistence,CoPx_R,25,MSE,0.03555956482121905,1377082,001dcee8e81efda3,True,location-k4-fold3-seed0,3
persistence,CoPx_R,25,MAE,0.12946282537342407,1377082,001dcee8e81efda3,True,location-k4-fold3-seed0,3
persistence,CoPx_R,25,SS_vs_persistence,2.8121838191452753e-11,1377082,001dcee8e81efda3,True,location-k4-fold3-seed0,3
persistence,CoPx_R,25,SS_vs_seasonal,0.010152257078541727,1377082,001dcee8e81efda3,True,location-k4-fold3-seed0,3
persistence,CoPx_R,25,SS_vs_ar,-0.7958299462448954,1377082,001dcee8e81efda3,True,location-k4-fold3-seed0,3
persistence,CoPx_R,26,MSE,0.03570311093082653,1377082,001dcee8e81efda3,True,location-k4-fold3-seed0,3
persistence,CoPx_R,26,MAE,0.1297519640758882,1377082,001dcee8e81efda3,True,location-k4-fold3-seed0,3
persistence,CoPx_R,26,SS_vs_persistence,2.800870646524345e-11,1377082,001dcee8e81efda3,True,location-k4-fold3-seed0,3
persistence,CoPx_R,26,SS_vs_seasonal,0.008991759196255944,1377082,001dcee8e81efda3,True,location-k4-fold3-seed0,3
persistence,CoPx_R,26,SS_vs_ar,-0.7914843926203843,1377082,001dcee8e81efda3,True,location-k4-fold3-seed0,3
persistence,CoPx_R,27,MSE,0.036517863946725536,1377082,001dcee8e81efda3,True,location-k4-fold3-seed0,3
persistence,CoPx_R,27,MAE,0.13140824835896658,1377082,001dcee8e81efda3,True,location-k4-fold3-seed0,3
persistence,CoPx_R,27,SS_vs_persistence,2.738387294698441e-11,1377082,001dcee8e81efda3,True,location-k4-fold3-seed0,3
persistence,CoPx_R,27,SS_vs_seasonal,-0.007302622184296226,1377082,001dcee8e81efda3,True,location-k4-fold3-seed0,3
persistence,CoPx_R,27,SS_vs_ar,-0.8202734805320007,1377082,001dcee8e81efda3,True,location-k4-fold3-seed0,3
persistence,CoPx_R,28,MSE,0.03556877926214335,1377082,001dcee8e81efda3,True,location-k4-fold3-seed0,3
persistence,CoPx_R,28,MAE,0.12983944922862795,1377082,001dcee8e81efda3,True,location-k4-fold3-seed0,3
persistence,CoPx_R,28,SS_vs_persistence,2.8114510719490227e-11,1377082,001dcee8e81efda3,True,location-k4-fold3-seed0,3
persistence,CoPx_R,28,SS_vs_seasonal,0.02044063064587498,1377082,001dcee8e81efda3,True,location-k4-fold3-seed0,3
persistence,CoPx_R,28,SS_vs_ar,-0.765601591741379,1377082,001dcee8e81efda3,True,location-k4-fold3-seed0,3
persistence,CoPx_R,29,MSE,0.037004992915696526,1377082,001dcee8e81efda3,True,location-k4-fold3-seed0,3
persistence,CoPx_R,29,MAE,0.13243512896087173,1377082,001dcee8e81efda3,True,location-k4-fold3-seed0,3
persistence,CoPx_R,29,SS_vs_persistence,2.7023383530888623e-11,1377082,001dcee8e81efda3,True,location-k4-fold3-seed0,3
persistence,CoPx_R,29,SS_vs_seasonal,-0.012656275093241742,1377082,001dcee8e81efda3,True,location-k4-fold3-seed0,3
persistence,CoPx_R,29,SS_vs_ar,-0.826070875664336,1377082,001dcee8e81efda3,True,location-k4-fold3-seed0,3
persistence,CoPx_R,30,MSE,0.03649606058260885,1377082,001dcee8e81efda3,True,location-k4-fold3-seed0,3
persistence,CoPx_R,30,MAE,0.13078194976826737,1377082,001dcee8e81efda3,True,location-k4-fold3-seed0,3
persistence,CoPx_R,30,SS_vs_persistence,2.74001932254464e-11,1377082,001dcee8e81efda3,True,location-k4-fold3-seed0,3
persistence,CoPx_R,30,SS_vs_seasonal,-0.0042414948270381725,1377082,001dcee8e81efda3,True,location-k4-fold3-seed0,3
persistence,CoPx_R,30,SS_vs_ar,-0.7981375226357914,1377082,001dcee8e81efda3,True,location-k4-fold3-seed0,3
persistence,CoPx_R,all,MSE,0.03198161395812861,1377082,001dcee8e81efda3,True,location-k4-fold3-seed0,3
persistence,CoPx_R,all,MAE,0.12203381500845695,1377082,001dcee8e81efda3,True,location-k4-fold3-seed0,3
persistence,CoPx_R,all,SS_vs_persistence,3.126787717633306e-11,1377082,001dcee8e81efda3,True,location-k4-fold3-seed0,3
persistence,CoPx_R,all,SS_vs_seasonal,0.04031729786089577,1377082,001dcee8e81efda3,True,location-k4-fold3-seed0,3
persistence,CoPx_R,all,SS_vs_ar,-0.7921226327987385,1377082,001dcee8e81efda3,True,location-k4-fold3-seed0,3
persistence,CoPy_R,1,MSE,0.03281977884279048,1377082,001dcee8e81efda3,True,location-k4-fold3-seed0,3
persistence,CoPy_R,1,MAE,0.12837996341503102,1377082,001dcee8e81efda3,True,location-k4-fold3-seed0,3
persistence,CoPy_R,1,SS_vs_persistence,3.0469404777022646e-11,1377082,001dcee8e81efda3,True,location-k4-fold3-seed0,3
persistence,CoPy_R,1,SS_vs_seasonal,0.14247560960778793,1377082,001dcee8e81efda3,True,location-k4-fold3-seed0,3
persistence,CoPy_R,1,SS_vs_ar,-0.7284760186351698,1377082,001dcee8e81efda3,True,location-k4-fold3-seed0,3
persistence,CoPy_R,2,MSE,0.0368727876141442,1377082,001dcee8e81efda3,True,location-k4-fold3-seed0,3
persistence,CoPy_R,2,MAE,0.14015344857293402,1377082,001dcee8e81efda3,True,location-k4-fold3-seed0,3
persistence,CoPy_R,2,SS_vs_persistence,2.7120194978635936e-11,1377082,001dcee8e81efda3,True,location-k4-fold3-seed0,3
persistence,CoPy_R,2,SS_vs_seasonal,0.0525907669780612,1377082,001dcee8e81efda3,True,location-k4-fold3-seed0,3
persistence,CoPy_R,2,SS_vs_ar,-0.8702950087679584,1377082,001dcee8e81efda3,True,location-k4-fold3-seed0,3
persistence,CoPy_R,3,MSE,0.03858635653006942,1377082,001dcee8e81efda3,True,location-k4-fold3-seed0,3
persistence,CoPy_R,3,MAE,0.14387933112539517,1377082,001dcee8e81efda3,True,location-k4-fold3-seed0,3
persistence,CoPy_R,3,SS_vs_persistence,2.5915825041522567e-11,1377082,001dcee8e81efda3,True,location-k4-fold3-seed0,3
persistence,CoPy_R,3,SS_vs_seasonal,0.010861923893197178,1377082,001dcee8e81efda3,True,location-k4-fold3-seed0,3
persistence,CoPy_R,3,SS_vs_ar,-0.9300453805287678,1377082,001dcee8e81efda3,True,location-k4-fold3-seed0,3
persistence,CoPy_R,4,MSE,0.03924527341457889,1377082,001dcee8e81efda3,True,location-k4-fold3-seed0,3
persistence,CoPy_R,4,MAE,0.1450572863629083,1377082,001dcee8e81efda3,True,location-k4-fold3-seed0,3
persistence,CoPy_R,4,SS_vs_persistence,2.5480728638171968e-11,1377082,001dcee8e81efda3,True,location-k4-fold3-seed0,3
persistence,CoPy_R,4,SS_vs_seasonal,0.0027879532906422977,1377082,001dcee8e81efda3,True,location-k4-fold3-seed0,3
persistence,CoPy_R,4,SS_vs_ar,-0.9523415452962174,1377082,001dcee8e81efda3,True,location-k4-fold3-seed0,3
persistence,CoPy_R,5,MSE,0.03947043376893758,1377082,001dcee8e81efda3,True,location-k4-fold3-seed0,3
persistence,CoPy_R,5,MAE,0.14559522475979678,1377082,001dcee8e81efda3,True,location-k4-fold3-seed0,3
persistence,CoPy_R,5,SS_vs_persistence,2.5335400444248535e-11,1377082,001dcee8e81efda3,True,location-k4-fold3-seed0,3
persistence,CoPy_R,5,SS_vs_seasonal,-0.005911912408370412,1377082,001dcee8e81efda3,True,location-k4-fold3-seed0,3
persistence,CoPy_R,5,SS_vs_ar,-0.9530290233223961,1377082,001dcee8e81efda3,True,location-k4-fold3-seed0,3
persistence,CoPy_R,6,MSE,0.038884186287602936,1377082,001dcee8e81efda3,True,location-k4-fold3-seed0,3
persistence,CoPy_R,6,MAE,0.14429575127157604,1377082,001dcee8e81efda3,True,location-k4-fold3-seed0,3
persistence,CoPy_R,6,SS_vs_persistence,2.571731716471959e-11,1377082,001dcee8e81efda3,True,location-k4-fold3-seed0,3
persistence,CoPy_R,6,SS_vs_seasonal,0.004425644953505947,1377082,001dcee8e81efda3,True,location-k4-fold3-seed0,3
persistence,CoPy_R,6,SS_vs_ar,-0.9099231154010043,1377082,001dcee8e81efda3,True,location-k4-fold3-seed0,3
persistence,CoPy_R,7,MSE,0.0394659468784564,1377082,001dcee8e81efda3,True,location-k4-fold3-seed0,3
persistence,CoPy_R,7,MAE,0.14596316478546587,1377082,001dcee8e81efda3,True,location-k4-fold3-seed0,3
persistence,CoPy_R,7,SS_vs_persistence,2.533828702411256e-11,1377082,001dcee8e81efda3,True,location-k4-fold3-seed0,3
persistence,CoPy_R,7,SS_vs_seasonal,-0.011722767635640619,1377082,001dcee8e81efda3,True,location-k4-fold3-seed0,3
persistence,CoPy_R,7,SS_vs_ar,-0.9241765798938735,1377082,001dcee8e81efda3,True,location-k4-fold3-seed0,3
persistence,CoPy_R,8,MSE,0.038818166839378436,1377082,001dcee8e81efda3,True,location-k4-fold3-seed0,3
persistence,CoPy_R,8,MAE,0.14431447348561457,1377082,001dcee8e81efda3,True,location-k4-fold3-seed0,3
persistence,CoPy_R,8,SS_vs_persistence,2.576105995188982e-11,1377082,001dcee8e81efda3,True,location-k4-fold3-seed0,3
persistence,CoPy_R,8,SS_vs_seasonal,-0.0036466680435367493,1377082,001dcee8e81efda3,True,location-k4-fold3-seed0,3
persistence,CoPy_R,8,SS_vs_ar,-0.8851950236580408,1377082,001dcee8e81efda3,True,location-k4-fold3-seed0,3
persistence,CoPy_R,9,MSE,0.0384565960586984,1377082,001dcee8e81efda3,True,location-k4-fold3-seed0,3
persistence,CoPy_R,9,MAE,0.14348932593403171,1377082,001dcee8e81efda3,True,location-k4-fold3-seed0,3
persistence,CoPy_R,9,SS_vs_persistence,2.600331061586303e-11,1377082,001dcee8e81efda3,True,location-k4-fold3-seed0,3
persistence,CoPy_R,9,SS_vs_seasonal,0.003356807779750226,1377082,001dcee8e81efda3,True,location-k4-fold3-seed0,3
persistence,CoPy_R,9,SS_vs_ar,-0.8582942923425851,1377082,001dcee8e81efda3,True,location-k4-fold3-seed0,3
persistence,CoPy_R,10,MSE,0.03872592678170738,1377082,001dcee8e81efda3,True,location-k4-fold3-seed0,3
persistence,CoPy_R,10,MAE,0.14405565912218088,1377082,001dcee8e81efda3,True,location-k4-fold3-seed0,3
persistence,CoPy_R,10,SS_vs_persistence,2.582245528515159e-11,1377082,001dcee8e81efda3,True,location-k4-fold3-seed0,3
persistence,CoPy_R,10,SS_vs_seasonal,-0.0005699097684350729,1377082,001dcee8e81efda3,True,location-k4-fold3-seed0,3
persistence,CoPy_R,10,SS_vs_ar,-0.8555505633069369,1377082,001dcee8e81efda3,True,location-k4-fold3-seed0,3
persistence,CoPy_R,11,MSE,0.0400739473842537,1377082,001dcee8e81efda3,True,location-k4-fold3-seed0,3
persistence,CoPy_R,11,MAE,0.14734416466778757,1377082,001dcee8e81efda3,True,location-k4-fold3-seed0,3
persistence,CoPy_R,11,SS_vs_persistence,2.495381679068487e-11,1377082,001dcee8e81efda3,True,location-k4-fold3-seed0,3
persistence,CoPy_R,11,SS_vs_seasonal,0.04646199305039411,1377082,001dcee8e81efda3,True,location-k4-fold3-seed0,3
persistence,CoPy_R,11,SS_vs_ar,-0.8983579486562452,1377082,001dcee8e81efda3,True,location-k4-fold3-seed0,3
persistence,CoPy_R,12,MSE,0.04109127691155159,1377082,001dcee8e81efda3,True,location-k4-fold3-seed0,3
persistence,CoPy_R,12,MAE,0.14888629362926223,1377082,001dcee8e81efda3,True,location-k4-fold3-seed0,3
persistence,CoPy_R,12,SS_vs_persistence,2.433608869978343e-11,1377082,001dcee8e81efda3,True,location-k4-fold3-seed0,3
persistence,CoPy_R,12,SS_vs_seasonal,0.026773823350913606,1377082,001dcee8e81efda3,True,location-k4-fold3-seed0,3
persistence,CoPy_R,12,SS_vs_ar,-0.9366392897749287,1377082,001dcee8e81efda3,True,location-k4-fold3-seed0,3
persistence,CoPy_R,13,MSE,0.04186053067255629,1377082,001dcee8e81efda3,True,location-k4-fold3-seed0,3
persistence,CoPy_R,13,MAE,0.14951446394518111,1377082,001dcee8e81efda3,True,location-k4-fold3-seed0,3
persistence,CoPy_R,13,SS_vs_persistence,2.3888779843161956e-11,1377082,001dcee8e81efda3,True,location-k4-fold3-seed0,3
persistence,CoPy_R,13,SS_vs_seasonal,0.011122917969456192,1377082,001dcee8e81efda3,True,location-k4-fold3-seed0,3
persistence,CoPy_R,13,SS_vs_ar,-0.9688085290340906,1377082,001dcee8e81efda3,True,location-k4-fold3-seed0,3
persistence,CoPy_R,14,MSE,0.04079110421936349,1377082,001dcee8e81efda3,True,location-k4-fold3-seed0,3
persistence,CoPy_R,14,MAE,0.1482585706728048,1377082,001dcee8e81efda3,True,location-k4-fold3-seed0,3
persistence,CoPy_R,14,SS_vs_persistence,2.451516767365547e-11,1377082,001dcee8e81efda3,True,location-k4-fold3-seed0,3
persistence,CoPy_R,14,SS_vs_seasonal,0.02869233636113233,1377082,001dcee8e81efda3,True,location-k4-fold3-seed0,3
persistence,CoPy_R,14,SS_vs_ar,-0.9165819955165995,1377082,001dcee8e81efda3,True,location-k4-fold3-seed0,3
persistence,CoPy_R,15,MSE,0.03975569466659824,1377082,001dcee8e81efda3,True,location-k4-fold3-seed0,3
persistence,CoPy_R,15,MAE,0.14535119448010425,1377082,001dcee8e81efda3,True,location-k4-fold3-seed0,3
persistence,CoPy_R,15,SS_vs_persistence,2.5153545912814934e-11,1377082,001dcee8e81efda3,True,location-k4-fold3-seed0,3
persistence,CoPy_R,15,SS_vs_seasonal,0.045969904290474095,1377082,001dcee8e81efda3,True,location-k4-fold3-seed0,3
persistence,CoPy_R,15,SS_vs_ar,-0.8619805147305406,1377082,001dcee8e81efda3,True,location-k4-fold3-seed0,3
persistence,CoPy_R,16,MSE,0.04078600504389376,1377082,001dcee8e81efda3,True,location-k4-fold3-seed0,3
persistence,CoPy_R,16,MAE,0.14678533924890863,1377082,001dcee8e81efda3,True,location-k4-fold3-seed0,3
persistence,CoPy_R,16,SS_vs_persistence,2.4518165275821957e-11,1377082,001dcee8e81efda3,True,location-k4-fold3-seed0,3
persistence,CoPy_R,16,SS_vs_seasonal,0.020304958601466527,1377082,001dcee8e81efda3,True,location-k4-fold3-seed0,3
persistence,CoPy_R,16,SS_vs_ar,-0.8892544031750707,1377082,001dcee8e81efda3,True,location-k4-fold3-seed0,3
persistence,CoPy_R,17,MSE,0.04132125055145446,1377082,001dcee8e81efda3,True,location-k4-fold3-seed0,3
persistence,CoPy_R,17,MAE,0.14871134519824233,1377082,001dcee8e81efda3,True,location-k4-fold3-seed0,3
persistence,CoPy_R,17,SS_vs_persistence,2.4200641490779162e-11,1377082,001dcee8e81efda3,True,location-k4-fold3-seed0,3
persistence,CoPy_R,17,SS_vs_seasonal,0.01377497836434971,1377082,001dcee8e81efda3,True,location-k4-fold3-seed0,3
persistence,CoPy_R,17,SS_vs_ar,-0.8996412922070125,1377082,001dcee8e81efda3,True,location-k4-fold3-seed0,3
persistence,CoPy_R,18,MSE,0.041844846919790867,1377082,001dcee8e81efda3,True,location-k4-fold3-seed0,3
persistence,CoPy_R,18,MAE,0.14981071181110855,1377082,001dcee8e81efda3,True,location-k4-fold3-seed0,3
persistence,CoPy_R,18,SS_vs_persistence,2.389777264966142e-11,1377082,001dcee8e81efda3,True,location-k4-fold3-seed0,3
persistence,CoPy_R,18,SS_vs_seasonal,0.00014595197033684393,1377082,001dcee8e81efda3,True,location-k4-fold3-seed0,3
persistence,CoPy_R,18,SS_vs_ar,-0.9175669355331197,1377082,001dcee8e81efda3,True,location-k4-fold3-seed0,3
persistence,CoPy_R,19,MSE,0.04246525413406048,1377082,001dcee8e81efda3,True,location-k4-fold3-seed0,3
persistence,CoPy_R,19,MAE,0.1510165516462856,1377082,001dcee8e81efda3,True,location-k4-fold3-seed0,3
persistence,CoPy_R,19,SS_vs_persistence,2.3548607508416808e-11,1377082,001dcee8e81efda3,True,location-k4-fold3-seed0,3
persistence,CoPy_R,19,SS_vs_seasonal,-0.00558947383938424,1377082,001dcee8e81efda3,True,location-k4-fold3-seed0,3
persistence,CoPy_R,19,SS_vs_ar,-0.9374706492952132,1377082,001dcee8e81efda3,True,location-k4-fold3-seed0,3
persistence,CoPy_R,20,MSE,0.042563483065263884,1377082,001dcee8e81efda3,True,location-k4-fold3-seed0,3
persistence,CoPy_R,20,MAE,0.15177183003614222,1377082,001dcee8e81efda3,True,location-k4-fold3-seed0,3
persistence,CoPy_R,20,SS_vs_persistence,2.3494317602512638e-11,1377082,001dcee8e81efda3,True,location-k4-fold3-seed0,3
persistence,CoPy_R,20,SS_vs_seasonal,-0.01164888534933528,1377082,001dcee8e81efda3,True,location-k4-fold3-seed0,3
persistence,CoPy_R,20,SS_vs_ar,-0.9394301797620082,1377082,001dcee8e81efda3,True,location-k4-fold3-seed0,3
persistence,CoPy_R,21,MSE,0.04294851951274119,1377082,001dcee8e81efda3,True,location-k4-fold3-seed0,3
persistence,CoPy_R,21,MAE,0.15189617600233882,1377082,001dcee8e81efda3,True,location-k4-fold3-seed0,3
persistence,CoPy_R,21,SS_vs_persistence,2.3283708294741245e-11,1377082,001dcee8e81efda3,True,location-k4-fold3-seed0,3
persistence,CoPy_R,21,SS_vs_seasonal,-0.011085969387367278,1377082,001dcee8e81efda3,True,location-k4-fold3-seed0,3
persistence,CoPy_R,21,SS_vs_ar,-0.9491741725895979,1377082,001dcee8e81efda3,True,location-k4-fold3-seed0,3
persistence,CoPy_R,22,MSE,0.042764434136912395,1377082,001dcee8e81efda3,True,location-k4-fold3-seed0,3
persistence,CoPy_R,22,MAE,0.1512220985438284,1377082,001dcee8e81efda3,True,location-k4-fold3-seed0,3
persistence,CoPy_R,22,SS_vs_persistence,2.3383850411562435e-11,1377082,001dcee8e81efda3,True,location-k4-fold3-seed0,3
persistence,CoPy_R,22,SS_vs_seasonal,-0.008194048701576806,1377082,001dcee8e81efda3,True,location-k4-fold3-seed0,3
persistence,CoPy_R,22,SS_vs_ar,-0.9357970254136128,1377082,001dcee8e81efda3,True,location-k4-fold3-seed0,3
persistence,CoPy_R,23,MSE,0.04200196534938403,1377082,001dcee8e81efda3,True,location-k4-fold3-seed0,3
persistence,CoPy_R,23,MAE,0.14986770346173842,1377082,001dcee8e81efda3,True,location-k4-fold3-seed0,3
persistence,CoPy_R,23,SS_vs_persistence,2.3808399696179094e-11,1377082,001dcee8e81efda3,True,location-k4-fold3-seed0,3
persistence,CoPy_R,23,SS_vs_seasonal,0.005140114528128903,1377082,001dcee8e81efda3,True,location-k4-fold3-seed0,3
persistence,CoPy_R,23,SS_vs_ar,-0.8949406559908941,1377082,001dcee8e81efda3,True,location-k4-fold3-seed0,3
persistence,CoPy_R,24,MSE,0.04238330266046271,1377082,001dcee8e81efda3,True,location-k4-fold3-seed0,3
persistence,CoPy_R,24,MAE,0.15028740736526522,1377082,001dcee8e81efda3,True,location-k4-fold3-seed0,3
persistence,CoPy_R,24,SS_vs_persistence,2.359412665242644e-11,1377082,001dcee8e81efda3,True,location-k4-fold3-seed0,3
persistence,CoPy_R,24,SS_vs_seasonal,-0.00011253630983576457,1377082,001dcee8e81efda3,True,location-k4-fold3-seed0,3
persistence,CoPy_R,24,SS_vs_ar,-0.9041268218440854,1377082,001dcee8e81efda3,True,location-k4-fold3-seed0,3
persistence,CoPy_R,25,MSE,0.04308766159975886,1377082,001dcee8e81efda3,True,location-k4-fold3-seed0,3
persistence,CoPy_R,25,MAE,0.15200143756179077,1377082,001dcee8e81efda3,True,location-k4-fold3-seed0,3
persistence,CoPy_R,25,SS_vs_persistence,2.320843517367166e-11,1377082,001dcee8e81efda3,True,location-k4-fold3-seed0,3
persistence,CoPy_R,25,SS_vs_seasonal,-0.0133993053978263,1377082,001dcee8e81efda3,True,location-k4-fold3-seed0,3
persistence,CoPy_R,25,SS_vs_ar,-0.9248476158296448,1377082,001dcee8e81efda3,True,location-k4-fold3-seed0,3
persistence,CoPy_R,26,MSE,0.04338651154298824,1377082,001dcee8e81efda3,True,location-k4-fold3-seed0,3
persistence,CoPy_R,26,MAE,0.15283752127184969,1377082,001dcee8e81efda3,True,location-k4-fold3-seed0,3
persistence,CoPy_R,26,SS_vs_persistence,2.3048563058125637e-11,1377082,001dcee8e81efda3,True,location-k4-fold3-seed0,3
persistence,CoPy_R,26,SS_vs_seasonal,-0.01834833708233874,1377082,001dcee8e81efda3,True,location-k4-fold3-seed0,3
persistence,CoPy_R,26,SS_vs_ar,-0.9364971048526396,1377082,001dcee8e81efda3,True,location-k4-fold3-seed0,3
persistence,CoPy_R,27,MSE,0.0440808356779439,1377082,001dcee8e81efda3,True,location-k4-fold3-seed0,3
persistence,CoPy_R,27,MAE,0.1545236809401836,1377082,001dcee8e81efda3,True,location-k4-fold3-seed0,3
persistence,CoPy_R,27,SS_vs_persistence,2.268552012907321e-11,1377082,001dcee8e81efda3,True,location-k4-fold3-seed0,3
persistence,CoPy_R,27,SS_vs_seasonal,-0.02935187723330568,1377082,001dcee8e81efda3,True,location-k4-fold3-seed0,3
persistence,CoPy_R,27,SS_vs_ar,-0.9636100652404733,1377082,001dcee8e81efda3,True,location-k4-fold3-seed0,3
persistence,CoPy_R,28,MSE,0.04455391401636958,1377082,001dcee8e81efda3,True,location-k4-fold3-seed0,3
persistence,CoPy_R,28,MAE,0.15496057165273142,1377082,001dcee8e81efda3,True,location-k4-fold3-seed0,3
persistence,CoPy_R,28,SS_vs_persistence,2.2444712755032015e-11,1377082,001dcee8e81efda3,True,location-k4-fold3-seed0,3
persistence,CoPy_R,28,SS_vs_seasonal,-0.04363365874011538,1377082,001dcee8e81efda3,True,location-k4-fold3-seed0,3
persistence,CoPy_R,28,SS_vs_ar,-0.9848724249969105,1377082,001dcee8e81efda3,True,location-k4-fold3-seed0,3
persistence,CoPy_R,29,MSE,0.04498403720209435,1377082,001dcee8e81efda3,True,location-k4-fold3-seed0,3
persistence,CoPy_R,29,MAE,0.15537478422005452,1377082,001dcee8e81efda3,True,location-k4-fold3-seed0,3
persistence,CoPy_R,29,SS_vs_persistence,2.2230106644371972e-11,1377082,001dcee8e81efda3,True,location-k4-fold3-seed0,3
persistence,CoPy_R,29,SS_vs_seasonal,-0.052040437236472226,1377082,001dcee8e81efda3,True,location-k4-fold3-seed0,3
persistence,CoPy_R,29,SS_vs_ar,-1.00363419945056,1377082,001dcee8e81efda3,True,location-k4-fold3-seed0,3
persistence,CoPy_R,30,MSE,0.0430001139732627,1377082,001dcee8e81efda3,True,location-k4-fold3-seed0,3
persistence,CoPy_R,30,MAE,0.15126953744807756,1377082,001dcee8e81efda3,True,location-k4-fold3-seed0,3
persistence,CoPy_R,30,SS_vs_persistence,2.325573067452069e-11,1377082,001dcee8e81efda3,True,location-k4-fold3-seed0,3
persistence,CoPy_R,30,SS_vs_seasonal,-0.012897000789915625,1377082,001dcee8e81efda3,True,location-k4-fold3-seed0,3
persistence,CoPy_R,30,SS_vs_ar,-0.920443270636343,1377082,001dcee8e81efda3,True,location-k4-fold3-seed0,3
persistence,CoPy_R,all,MSE,0.04090371545644933,1377082,001dcee8e81efda3,True,location-k4-fold3-seed0,3
persistence,CoPy_R,all,MAE,0.1478970048557129,1377082,001dcee8e81efda3,True,location-k4-fold3-seed0,3
persistence,CoPy_R,all,SS_vs_persistence,2.444766611375826e-11,1377082,001dcee8e81efda3,True,location-k4-fold3-seed0,3
persistence,CoPy_R,all,SS_vs_seasonal,0.005670751013225672,1377082,001dcee8e81efda3,True,location-k4-fold3-seed0,3
persistence,CoPy_R,all,SS_vs_ar,-0.9162616745455217,1377082,001dcee8e81efda3,True,location-k4-fold3-seed0,3
seasonal,F_R,1,MSE,901163.4497851765,1529550,001dcee8e81efda3,True,location-k4-fold3-seed0,3
seasonal,F_R,1,MAE,505.85312218916255,1529550,001dcee8e81efda3,True,location-k4-fold3-seed0,3
seasonal,F_R,1,SS_vs_persistence,-0.25852173473316253,1529550,001dcee8e81efda3,True,location-k4-fold3-seed0,3
seasonal,F_R,1,SS_vs_seasonal,0.0,1529550,001dcee8e81efda3,True,location-k4-fold3-seed0,3
seasonal,F_R,1,SS_vs_ar,-0.9754350614791825,1529550,001dcee8e81efda3,True,location-k4-fold3-seed0,3
seasonal,F_R,2,MSE,919771.429825905,1529550,001dcee8e81efda3,True,location-k4-fold3-seed0,3
seasonal,F_R,2,MAE,513.3565097367026,1529550,001dcee8e81efda3,True,location-k4-fold3-seed0,3
seasonal,F_R,2,SS_vs_persistence,-0.12925140287663872,1529550,001dcee8e81efda3,True,location-k4-fold3-seed0,3
seasonal,F_R,2,SS_vs_seasonal,0.0,1529550,001dcee8e81efda3,True,location-k4-fold3-seed0,3
seasonal,F_R,2,SS_vs_ar,-0.9115780876310433,1529550,001dcee8e81efda3,True,location-k4-fold3-seed0,3
seasonal,F_R,3,MSE,921112.2299236475,1529550,001dcee8e81efda3,True,location-k4-fold3-seed0,3
seasonal,F_R,3,MAE,515.1722335278222,1529550,001dcee8e81efda3,True,location-k4-fold3-seed0,3
seasonal,F_R,3,SS_vs_persistence,-0.11440422182627152,1529550,001dcee8e81efda3,True,location-k4-fold3-seed0,3
seasonal,F_R,3,SS_vs_seasonal,0.0,1529550,001dcee8e81efda3,True,location-k4-fold3-seed0,3
seasonal,F_R,3,SS_vs_ar,-0.9053710731816929,1529550,001dcee8e81efda3,True,location-k4-fold3-seed0,3
seasonal,F_R,4,MSE,918671.4698790439,1529550,001dcee8e81efda3,True,location-k4-fold3-seed0,3
seasonal,F_R,4,MAE,514.4582447273095,1529550,001dcee8e81efda3,True,location-k4-fold3-seed0,3
seasonal,F_R,4,SS_vs_persistence,-0.10811727212314715,1529550,001dcee8e81efda3,True,location-k4-fold3-seed0,3
seasonal,F_R,4,SS_vs_seasonal,0.0,1529550,001dcee8e81efda3,True,location-k4-fold3-seed0,3
seasonal,F_R,4,SS_vs_ar,-0.8850971161999923,1529550,001dcee8e81efda3,True,location-k4-fold3-seed0,3
seasonal,F_R,5,MSE,913769.7966856174,1529550,001dcee8e81efda3,True,location-k4-fold3-seed0,3
seasonal,F_R,5,MAE,515.1993515345353,1529550,001dcee8e81efda3,True,location-k4-fold3-seed0,3
seasonal,F_R,5,SS_vs_persistence,-0.08745897666007152,1529550,001dcee8e81efda3,True,location-k4-fold3-seed0,3
seasonal,F_R,5,SS_vs_seasonal,0.0,1529550,001dcee8e81efda3,True,location-k4-fold3-seed0,3
seasonal,F_R,5,SS_vs_ar,-0.8505544548624571,1529550,001dcee8e81efda3,True,location-k4-fold3-seed0,3
seasonal,F_R,6,MSE,916924.9730275637,1529550,001dcee8e81efda3,True,location-k4-fold3-seed0,3
seasonal,F_R,6,MAE,515.4302525118447,1529550,001dcee8e81efda3,True,location-k4-fold3-seed0,3
seasonal,F_R,6,SS_vs_persistence,-0.10090722611606462,1529550,001dcee8e81efda3,True,location-k4-fold3-seed0,3
seasonal,F_R,6,SS_vs_seasonal,0.0,1529550,001dcee8e81efda3,True,location-k4-fold3-seed0,3
seasonal,F_R,6,SS_vs_ar,-0.829885316296515,1529550,001dcee8e81efda3,True,location-k4-fold3-seed0,3
seasonal,F_R,7,MSE,920759.7647763324,1529550,001dcee8e81efda3,True,location-k4-fold3-seed0,3
seasonal,F_R,7,MAE,516.8114260206739,1529550,001dcee8e81efda3,True,location-k4-fold3-seed0,3
seasonal,F_R,7,SS_vs_persistence,-0.061139050473373535,1529550,001dcee8e81efda3,True,location-k4-fold3-seed0,3
seasonal,F_R,7,SS_vs_seasonal,0.0,1529550,001dcee8e81efda3,True,location-k4-fold3-seed0,3
seasonal,F_R,7,SS_vs_ar,-0.8039928404091932,1529550,001dcee8e81efda3,True,location-k4-fold3-seed0,3
seasonal,F_R,8,MSE,924686.7119956436,1529550,001dcee8e81efda3,True,location-k4-fold3-seed0,3
seasonal,F_R,8,MAE,516.7477282926734,1529550,001dcee8e81efda3,True,location-k4-fold3-seed0,3
seasonal,F_R,8,SS_vs_persistence,-0.0600426620065273,1529550,001dcee8e81efda3,True,location-k4-fold3-seed0,3
seasonal,F_R,8,SS_vs_seasonal,0.0,1529550,001dcee8e81efda3,True,location-k4-fold3-seed0,3
seasonal,F_R,8,SS_vs_ar,-0.7999076383265618,1529550,001dcee8e81efda3,True,location-k4-fold3-seed0,3
seasonal,F_R,9,MSE,914079.882347386,1529550,001dcee8e81efda3,True,location-k4-fold3-seed0,3
seasonal,F_R,9,MAE,515.3919361814443,1529550,001dcee8e81efda3,True,location-k4-fold3-seed0,3
seasonal,F_R,9,SS_vs_persistence,-0.05419356874917147,1529550,001dcee8e81efda3,True,location-k4-fold3-seed0,3
seasonal,F_R,9,SS_vs_seasonal,0.0,1529550,001dcee8e81efda3,True,location-k4-fold3-seed0,3
seasonal,F_R,9,SS_vs_ar,-0.7694322617312193,1529550,001dcee8e81efda3,True,location-k4-fold3-seed0,3
seasonal,F_R,10,MSE,883348.1563802826,1529550,001dcee8e81efda3,True,location-k4-fold3-seed0,3
seasonal,F_R,10,MAE,508.55236103162235,1529550,001dcee8e81efda3,True,location-k4-fold3-seed0,3
seasonal,F_R,10,SS_vs_persistence,-0.020225839686295988,1529550,001dcee8e81efda3,True,location-k4-fold3-seed0,3
seasonal,F_R,10,SS_vs_seasonal,0.0,1529550,001dcee8e81efda3,True,location-k4-fold3-seed0,3
seasonal,F_R,10,SS_vs_ar,-0.6900907038991142,1529550,001dcee8e81efda3,True,location-k4-fold3-seed0,3
seasonal,F_R,11,MSE,983659.1482516696,1529550,001dcee8e81efda3,True,location-k4-fold3-seed0,3
seasonal,F_R,11,MAE,545.4111775464751,1529550,001dcee8e81efda3,True,location-k4-fold3-seed0,3
seasonal,F_R,11,SS_vs_persistence,-0.1085256643014536,1529550,001dcee8e81efda3,True,location-k4-fold3-seed0,3
seasonal,F_R,11,SS_vs_seasonal,0.0,1529550,001dcee8e81efda3,True,location-k4-fold3-seed0,3
seasonal,F_R,11,SS_vs_ar,-0.8676292834888428,1529550,001dcee8e81efda3,True,location-k4-fold3-seed0,3
seasonal,F_R,12,MSE,990641.1977926096,1529550,001dcee8e81efda3,True,location-k4-fold3-seed0,3
seasonal,F_R,12,MAE,547.0749310937806,1529550,001dcee8e81efda3,True,location-k4-fold3-seed0,3
seasonal,F_R,12,SS_vs_persistence,-0.09392775833828715,1529550,001dcee8e81efda3,True,location-k4-fold3-seed0,3
seasonal,F_R,12,SS_vs_seasonal,0.0,1529550,001dcee8e81efda3,True,location-k4-fold3-seed0,3
seasonal,F_R,12,SS_vs_ar,-0.8656922568050667,1529550,001dcee8e81efda3,True,location-k4-fold3-seed0,3
seasonal,F_R,13,MSE,984839.8436749892,1529550,001dcee8e81efda3,True,location-k4-fold3-seed0,3
seasonal,F_R,13,MAE,546.3855927007484,1529550,001dcee8e81efda3,True,location-k4-fold3-seed0,3
seasonal,F_R,13,SS_vs_persistence,-0.08204874754066949,1529550,001dcee8e81efda3,True,location-k4-fold3-seed0,3
seasonal,F_R,13,SS_vs_seasonal,0.0,1529550,001dcee8e81efda3,True,location-k4-fold3-seed0,3
seasonal,F_R,13,SS_vs_ar,-0.8454384616968136,1529550,001dcee8e81efda3,True,location-k4-fold3-seed0,3
seasonal,F_R,14,MSE,984954.0524898431,1529550,001dcee8e81efda3,True,location-k4-fold3-seed0,3
seasonal,F_R,14,MAE,546.0143120468183,1529550,001dcee8e81efda3,True,location-k4-fold3-seed0,3
seasonal,F_R,14,SS_vs_persistence,-0.09698306096626119,1529550,001dcee8e81efda3,True,location-k4-fold3-seed0,3
seasonal,F_R,14,SS_vs_seasonal,0.0,1529550,001dcee8e81efda3,True,location-k4-fold3-seed0,3
seasonal,F_R,14,SS_vs_ar,-0.8430972538898305,1529550,001dcee8e81efda3,True,location-k4-fold3-seed0,3
seasonal,F_R,15,MSE,983686.7553906846,1529550,001dcee8e81efda3,True,location-k4-fold3-seed0,3
seasonal,F_R,15,MAE,545.6498180042614,1529550,001dcee8e81efda3,True,location-k4-fold3-seed0,3
seasonal,F_R,15,SS_vs_persistence,-0.13035248389778054,1529550,001dcee8e81efda3,True,location-k4-fold3-seed0,3
seasonal,F_R,15,SS_vs_seasonal,0.0,1529550,001dcee8e81efda3,True,location-k4-fold3-seed0,3
seasonal,F_R,15,SS_vs_ar,-0.839056862225231,1529550,001dcee8e81efda3,True,location-k4-fold3-seed0,3
seasonal,F_R,16,MSE,1020129.5815728446,1529550,001dcee8e81efda3,True,location-k4-fold3-seed0,3
seasonal,F_R,16,MAE,552.9477631671692,1529550,001dcee8e81efda3,True,location-k4-fold3-seed0,3
seasonal,F_R,16,SS_vs_persistence,-0.1063108274153104,1529550,001dcee8e81efda3,True,location-k4-fold3-seed0,3
seasonal,F_R,16,SS_vs_seasonal,0.0,1529550,001dcee8e81efda3,True,location-k4-fold3-seed0,3
seasonal,F_R,16,SS_vs_ar,-0.7701157303495765,1529550,001dcee8e81efda3,True,location-k4-fold3-seed0,3
seasonal,F_R,17,MSE,1026812.6240417721,1529550,001dcee8e81efda3,True,location-k4-fold3-seed0,3
seasonal,F_R,17,MAE,553.6436777945183,1529550,001dcee8e81efda3,True,location-k4-fold3-seed0,3
seasonal,F_R,17,SS_vs_persistence,-0.07045556838269351,1529550,001dcee8e81efda3,True,location-k4-fold3-seed0,3
seasonal,F_R,17,SS_vs_seasonal,0.0,1529550,001dcee8e81efda3,True,location-k4-fold3-seed0,3
seasonal,F_R,17,SS_vs_ar,-0.7279974459511365,1529550,001dcee8e81efda3,True,location-k4-fold3-seed0,3
seasonal,F_R,18,MSE,1029744.0106413715,1529550,001dcee8e81efda3,True,location-k4-fold3-seed0,3
seasonal,F_R,18,MAE,554.1661860374069,1529550,001dcee8e81efda3,True,location-k4-fold3-seed0,3
seasonal,F_R,18,SS_vs_persistence,-0.060461254460704605,1529550,001dcee8e81efda3,True,location-k4-fold3-seed0,3
seasonal,F_R,18,SS_vs_seasonal,0.0,1529550,001dcee8e81efda3,True,location-k4-fold3-seed0,3
seasonal,F_R,18,SS_vs_ar,-0.7175260867032942,1529550,001dcee8e81efda3,True,location-k4-fold3-seed0,3
seasonal,F_R,19,MSE,1026103.5920282194,1529550,001dcee8e81efda3,True,location-k4-fold3-seed0,3
seasonal,F_R,19,MAE,553.6438641046769,1529550,001dcee8e81efda3,True,location-k4-fold3-seed0,3
seasonal,F_R,19,SS_vs_persistence,-0.0430700770172181,1529550,001dcee8e81efda3,True,location-k4-fold3-seed0,3
seasonal,F_R,19,SS_vs_seasonal,0.0,1529550,001dcee8e81efda3,True,location-k4-fold3-seed0,3
seasonal,F_R,19,SS_vs_ar,-0.6875906060664634,1529550,001dcee8e81efda3,True,location-k4-fold3-seed0,3
seasonal,F_R,20,MSE,997054.8277494237,1529550,001dcee8e81efda3,True,location-k4-fold3-seed0,3
seasonal,F_R,20,MAE,548.9106306398711,1529550,001dcee8e81efda3,True,location-k4-fold3-seed0,3
seasonal,F_R,20,SS_vs_persistence,-0.006532741518195273,1529550,001dcee8e81efda3,True,location-k4-fold3-seed0,3
seasonal,F_R,20,SS_vs_seasonal,0.0,1529550,001dcee8e81efda3,True,location-k4-fold3-seed0,3
seasonal,F_R,20,SS_vs_ar,-0.6215179076776334,1529550,001dcee8e81efda3,True,location-k4-fold3-seed0,3
seasonal,F_R,21,MSE,1040405.815034664,1529550,001dcee8e81efda3,True,location-k4-fold3-seed0,3
seasonal,F_R,21,MAE,564.5663437938624,1529550,001dcee8e81efda3,True,location-k4-fold3-seed0,3
seasonal,F_R,21,SS_vs_persistence,-0.07045736777375988,1529550,001dcee8e81efda3,True,location-k4-fold3-seed0,3
seasonal,F_R,21,SS_vs_seasonal,0.0,1529550,001dcee8e81efda3,True,location-k4-fold3-seed0,3
seasonal,F_R,21,SS_vs_ar,-0.6718016673061622,1529550,001dcee8e81efda3,True,location-k4-fold3-seed0,3
seasonal,F_R,22,MSE,1050943.7486482374,1529550,001dcee8e81efda3,True,location-k4-fold3-seed0,3
seasonal,F_R,22,MAE,566.9737492300125,1529550,001dcee8e81efda3,True,location-k4-fold3-seed0,3
seasonal,F_R,22,SS_vs_persistence,-0.054937633180726975,1529550,001dcee8e81efda3,True,location-k4-fold3-seed0,3
seasonal,F_R,22,SS_vs_seasonal,0.0,1529550,001dcee8e81efda3,True,location-k4-fold3-seed0,3
seasonal,F_R,22,SS_vs_ar,-0.6596496443015392,1529550,001dcee8e81efda3,True,location-k4-fold3-seed0,3
seasonal,F_R,23,MSE,1067041.0612871256,1529550,001dcee8e81efda3,True,location-k4-fold3-seed0,3
seasonal,F_R,23,MAE,569.5289890571752,1529550,001dcee8e81efda3,True,location-k4-fold3-seed0,3
seasonal,F_R,23,SS_vs_persistence,-0.04572967293386565,1529550,001dcee8e81efda3,True,location-k4-fold3-seed0,3
seasonal,F_R,23,SS_vs_seasonal,0.0,1529550,001dcee8e81efda3,True,location-k4-fold3-seed0,3
seasonal,F_R,23,SS_vs_ar,-0.6477667190582395,1529550,001dcee8e81efda3,True,location-k4-fold3-seed0,3
seasonal,F_R,24,MSE,1066760.5029781123,1529550,001dcee8e81efda3,True,location-k4-fold3-seed0,3
seasonal,F_R,24,MAE,568.7927614279936,1529550,001dcee8e81efda3,True,location-k4-fold3-seed0,3
seasonal,F_R,24,SS_vs_persistence,-0.05073041325431249,1529550,001dcee8e81efda3,True,location-k4-fold3-seed0,3
seasonal,F_R,24,SS_vs_seasonal,0.0,1529550,001dcee8e81efda3,True,location-k4-fold3-seed0,3
seasonal,F_R,24,SS_vs_ar,-0.6281471559474452,1529550,001dcee8e81efda3,True,location-k4-fold3-seed0,3
seasonal,F_R,25,MSE,1068834.8883703572,1529550,001dcee8e81efda3,True,location-k4-fold3-seed0,3
seasonal,F_R,25,MAE,569.5999412166262,1529550,001dcee8e81efda3,True,location-k4-fold3-seed0,3
seasonal,F_R,25,SS_vs_persistence,-0.053693141754269647,1529550,001dcee8e81efda3,True,location-k4-fold3-seed0,3
seasonal,F_R,25,SS_vs_seasonal,0.0,1529550,001dcee8e81efda3,True,location-k4-fold3-seed0,3
seasonal,F_R,25,SS_vs_ar,-0.6152905512885132,1529550,001dcee8e81efda3,True,location-k4-fold3-seed0,3
seasonal,F_R,26,MSE,1073237.1935579819,1529550,001dcee8e81efda3,True,location-k4-fold3-seed0,3
seasonal,F_R,26,MAE,570.0132136893434,1529550,001dcee8e81efda3,True,location-k4-fold3-seed0,3
seasonal,F_R,26,SS_vs_persistence,-0.030063650492030858,1529550,001dcee8e81efda3,True,location-k4-fold3-seed0,3
seasonal,F_R,26,SS_vs_seasonal,0.0,1529550,001dcee8e81efda3,True,location-k4-fold3-seed0,3
seasonal,F_R,26,SS_vs_ar,-0.6012904778530779,1529550,001dcee8e81efda3,True,location-k4-fold3-seed0,3
seasonal,F_R,27,MSE,1082538.7706968137,1529550,001dcee8e81efda3,True,location-k4-fold3-seed0,3
seasonal,F_R,27,MAE,571.5818423780049,1529550,001dcee8e81efda3,True,location-k4-fold3-seed0,3
seasonal,F_R,27,SS_vs_persistence,-0.012041271139963117,1529550,001dcee8e81efda3,True,location-k4-fold3-seed0,3
seasonal,F_R,27,SS_vs_seasonal,0.0,1529550,001dcee8e81efda3,True,location-k4-fold3-seed0,3
seasonal,F_R,27,SS_vs_ar,-0.5993895582210531,1529550,001dcee8e81efda3,True,location-k4-fold3-seed0,3
seasonal,F_R,28,MSE,1079853.1009988375,1529550,001dcee8e81efda3,True,location-k4-fold3-seed0,3
seasonal,F_R,28,MAE,569.9816923980399,1529550,001dcee8e81efda3,True,location-k4-fold3-seed0,3
seasonal,F_R,28,SS_vs_persistence,-0.019076348007743604,1529550,001dcee8e81efda3,True,location-k4-fold3-seed0,3
seasonal,F_R,28,SS_vs_seasonal,0.0,1529550,001dcee8e81efda3,True,location-k4-fold3-seed0,3
seasonal,F_R,28,SS_vs_ar,-0.5855446654778704,1529550,001dcee8e81efda3,True,location-k4-fold3-seed0,3
seasonal,F_R,29,MSE,1072227.0814565034,1529550,001dcee8e81efda3,True,location-k4-fold3-seed0,3
seasonal,F_R,29,MAE,568.8926048638692,1529550,001dcee8e81efda3,True,location-k4-fold3-seed0,3
seasonal,F_R,29,SS_vs_persistence,-0.009483581951113207,1529550,001dcee8e81efda3,True,location-k4-fold3-seed0,3
seasonal,F_R,29,SS_vs_seasonal,0.0,1529550,001dcee8e81efda3,True,location-k4-fold3-seed0,3
seasonal,F_R,29,SS_vs_ar,-0.5696460482504826,1529550,001dcee8e81efda3,True,location-k4-fold3-seed0,3
seasonal,F_R,30,MSE,1036952.8013257477,1529550,001dcee8e81efda3,True,location-k4-fold3-seed0,3
seasonal,F_R,30,MAE,562.0187085174025,1529550,001dcee8e81efda3,True,location-k4-fold3-seed0,3
seasonal,F_R,30,SS_vs_persistence,0.0002392053199862243,1529550,001dcee8e81efda3,True,location-k4-fold3-seed0,3
seasonal,F_R,30,SS_vs_seasonal,0.0,1529550,001dcee8e81efda3,True,location-k4-fold3-seed0,3
seasonal,F_R,30,SS_vs_ar,-0.5159200952827505,1529550,001dcee8e81efda3,True,location-k4-fold3-seed0,3
seasonal,F_R,all,MSE,993356.948757089,1529550,001dcee8e81efda3,True,location-k4-fold3-seed0,3
seasonal,F_R,all,MAE,543.7590321820616,1529550,001dcee8e81efda3,True,location-k4-fold3-seed0,3
seasonal,F_R,all,SS_vs_persistence,-0.0674041835890049,1529550,001dcee8e81efda3,True,location-k4-fold3-seed0,3
seasonal,F_R,all,SS_vs_seasonal,0.0,1529550,001dcee8e81efda3,True,location-k4-fold3-seed0,3
seasonal,F_R,all,SS_vs_ar,-0.7290517088003015,1529550,001dcee8e81efda3,True,location-k4-fold3-seed0,3
seasonal,CoPx_R,1,MSE,0.029624143147279958,1377082,001dcee8e81efda3,True,location-k4-fold3-seed0,3
seasonal,CoPx_R,1,MAE,0.11594328227195977,1377082,001dcee8e81efda3,True,location-k4-fold3-seed0,3
seasonal,CoPx_R,1,SS_vs_persistence,-0.2475395887657481,1377082,001dcee8e81efda3,True,location-k4-fold3-seed0,3
seasonal,CoPx_R,1,SS_vs_seasonal,3.375622004142542e-11,1377082,001dcee8e81efda3,True,location-k4-fold3-seed0,3
seasonal,CoPx_R,1,SS_vs_ar,-1.207358445945243,1377082,001dcee8e81efda3,True,location-k4-fold3-seed0,3
seasonal,CoPx_R,2,MSE,0.029895528356834622,1377082,001dcee8e81efda3,True,location-k4-fold3-seed0,3
seasonal,CoPx_R,2,MAE,0.11703511109361527,1377082,001dcee8e81efda3,True,location-k4-fold3-seed0,3
seasonal,CoPx_R,2,SS_vs_persistence,-0.2064144987177412,1377082,001dcee8e81efda3,True,location-k4-fold3-seed0,3
seasonal,CoPx_R,2,SS_vs_seasonal,3.344979848662888e-11,1377082,001dcee8e81efda3,True,location-k4-fold3-seed0,3
seasonal,CoPx_R,2,SS_vs_ar,-1.1234145030533331,1377082,001dcee8e81efda3,True,location-k4-fold3-seed0,3
seasonal,CoPx_R,3,MSE,0.030161848522525413,1377082,001dcee8e81efda3,True,location-k4-fold3-seed0,3
seasonal,CoPx_R,3,MAE,0.11806386054277318,1377082,001dcee8e81efda3,True,location-k4-fold3-seed0,3
seasonal,CoPx_R,3,SS_vs_persistence,-0.10280130321566405,1377082,001dcee8e81efda3,True,location-k4-fold3-seed0,3
seasonal,CoPx_R,3,SS_vs_seasonal,3.3154368139776125e-11,1377082,001dcee8e81efda3,True,location-k4-fold3-seed0,3
seasonal,CoPx_R,3,SS_vs_ar,-1.0585703896069636,1377082,001dcee8e81efda3,True,location-k4-fold3-seed0,3
seasonal,CoPx_R,4,MSE,0.029934610047962263,1377082,001dcee8e81efda3,True,location-k4-fold3-seed0,3
seasonal,CoPx_R,4,MAE,0.11754611153301182,1377082,001dcee8e81efda3,True,location-k4-fold3-seed0,3
seasonal,CoPx_R,4,SS_vs_persistence,-0.13715445018576955,1377082,001dcee8e81efda3,True,location-k4-fold3-seed0,3
seasonal,CoPx_R,4,SS_vs_seasonal,3.340605569945865e-11,1377082,001dcee8e81efda3,True,location-k4-fold3-seed0,3
seasonal,CoPx_R,4,SS_vs_ar,-1.0036151185812594,1377082,001dcee8e81efda3,True,location-k4-fold3-seed0,3
seasonal,CoPx_R,5,MSE,0.030120246715607046,1377082,001dcee8e81efda3,True,location-k4-fold3-seed0,3
seasonal,CoPx_R,5,MAE,0.11815304777630638,1377082,001dcee8e81efda3,True,location-k4-fold3-seed0,3
seasonal,CoPx_R,5,SS_vs_persistence,-0.04394693498000479,1377082,001dcee8e81efda3,True,location-k4-fold3-seed0,3
seasonal,CoPx_R,5,SS_vs_seasonal,3.3200220350693144e-11,1377082,001dcee8e81efda3,True,location-k4-fold3-seed0,3
seasonal,CoPx_R,5,SS_vs_ar,-0.9472528863327598,1377082,001dcee8e81efda3,True,location-k4-fold3-seed0,3
seasonal,CoPx_R,6,MSE,0.029984665201743827,1377082,001dcee8e81efda3,True,location-k4-fold3-seed0,3
seasonal,CoPx_R,6,MAE,0.11791176538688997,1377082,001dcee8e81efda3,True,location-k4-fold3-seed0,3
seasonal,CoPx_R,6,SS_vs_persistence,-0.06293677900442418,1377082,001dcee8e81efda3,True,location-k4-fold3-seed0,3
seasonal,CoPx_R,6,SS_vs_seasonal,3.3350322503622465e-11,1377082,001dcee8e81efda3,True,location-k4-fold3-seed0,3
seasonal,CoPx_R,6,SS_vs_ar,-0.9005101105494946,1377082,001dcee8e81efda3,True,location-k4-fold3-seed0,3
seasonal,CoPx_R,7,MSE,0.030402985478892273,1377082,001dcee8e81efda3,True,location-k4-fold3-seed0,3
seasonal,CoPx_R,7,MAE,0.11864504503659211,1377082,001dcee8e81efda3,True,location-k4-fold3-seed0,3
seasonal,CoPx_R,7,SS_vs_persistence,-0.0029170387600438996,1377082,001dcee8e81efda3,True,location-k4-fold3-seed0,3
seasonal,CoPx_R,7,SS_vs_seasonal,3.289146732754489e-11,1377082,001dcee8e81efda3,True,location-k4-fold3-seed0,3
seasonal,CoPx_R,7,SS_vs_ar,-0.8840675706749348,1377082,001dcee8e81efda3,True,location-k4-fold3-seed0,3
seasonal,CoPx_R,8,MSE,0.030063763093318603,1377082,001dcee8e81efda3,True,location-k4-fold3-seed0,3
seasonal,CoPx_R,8,MAE,0.11820020716122408,1377082,001dcee8e81efda3,True,location-k4-fold3-seed0,3
seasonal,CoPx_R,8,SS_vs_persistence,-0.02658618772409138,1377082,001dcee8e81efda3,True,location-k4-fold3-seed0,3
seasonal,CoPx_R,8,SS_vs_seasonal,3.326261488467708e-11,1377082,001dcee8e81efda3,True,location-k4-fold3-seed0,3
seasonal,CoPx_R,8,SS_vs_ar,-0.8467490775533797,1377082,001dcee8e81efda3,True,location-k4-fold3-seed0,3
seasonal,CoPx_R,9,MSE,0.030127471326651434,1377082,001dcee8e81efda3,True,location-k4-fold3-seed0,3
seasonal,CoPx_R,9,MAE,0.11805525896582034,1377082,001dcee8e81efda3,True,location-k4-fold3-seed0,3
seasonal,CoPx_R,9,SS_vs_persistence,-0.006088006083055486,1377082,001dcee8e81efda3,True,location-k4-fold3-seed0,3
seasonal,CoPx_R,9,SS_vs_seasonal,3.319222674491584e-11,1377082,001dcee8e81efda3,True,location-k4-fold3-seed0,3
seasonal,CoPx_R,9,SS_vs_ar,-0.8145726084316303,1377082,001dcee8e81efda3,True,location-k4-fold3-seed0,3
seasonal,CoPx_R,10,MSE,0.02986492659584632,1377082,001dcee8e81efda3,True,location-k4-fold3-seed0,3
seasonal,CoPx_R,10,MAE,0.11771049717052096,1377082,001dcee8e81efda3,True,location-k4-fold3-seed0,3
seasonal,CoPx_R,10,SS_vs_persistence,-0.009897539413625589,1377082,001dcee8e81efda3,True,location-k4-fold3-seed0,3
seasonal,CoPx_R,10,SS_vs_seasonal,3.3484104378089796e-11,1377082,001dcee8e81efda3,True,location-k4-fold3-seed0,3
seasonal,CoPx_R,10,SS_vs_ar,-0.7700401030387589,1377082,001dcee8e81efda3,True,location-k4-fold3-seed0,3
seasonal,CoPx_R,11,MSE,0.033605592985751866,1377082,001dcee8e81efda3,True,location-k4-fold3-seed0,3
seasonal,CoPx_R,11,MAE,0.12579984081270293,1377082,001dcee8e81efda3,True,location-k4-fold3-seed0,3
seasonal,CoPx_R,11,SS_vs_persistence,-0.09552865155475576,1377082,001dcee8e81efda3,True,location-k4-fold3-seed0,3
seasonal,CoPx_R,11,SS_vs_seasonal,2.975686363981822e-11,1377082,001dcee8e81efda3,True,location-k4-fold3-seed0,3
seasonal,CoPx_R,11,SS_vs_ar,-0.9478552915698255,1377082,001dcee8e81efda3,True,location-k4-fold3-seed0,3
seasonal,CoPx_R,12,MSE,0.03374743018738984,1377082,001dcee8e81efda3,True,location-k4-fold3-seed0,3
seasonal,CoPx_R,12,MAE,0.12590340575072975,1377082,001dcee8e81efda3,True,location-k4-fold3-seed0,3
seasonal,CoPx_R,12,SS_vs_persistence,-0.08348429206345775,1377082,001dcee8e81efda3,True,location-k4-fold3-seed0,3
seasonal,CoPx_R,12,SS_vs_seasonal,2.963185252724543e-11,1377082,001dcee8e81efda3,True,location-k4-fold3-seed0,3
seasonal,CoPx_R,12,SS_vs_ar,-0.9254842049210754,1377082,001dcee8e81efda3,True,location-k4-fold3-seed0,3
seasonal,CoPx_R,13,MSE,0.034027897967761365,1377082,001dcee8e81efda3,True,location-k4-fold3-seed0,3
seasonal,CoPx_R,13,MAE,0.12638947123675703,1377082,001dcee8e81efda3,True,location-k4-fold3-seed0,3
seasonal,CoPx_R,13,SS_vs_persistence,-0.032630924174141596,1377082,001dcee8e81efda3,True,location-k4-fold3-seed0,3
seasonal,CoPx_R,13,SS_vs_seasonal,2.9387603461827894e-11,1377082,001dcee8e81efda3,True,location-k4-fold3-seed0,3
seasonal,CoPx_R,13,SS_vs_ar,-0.912750007883157,1377082,001dcee8e81efda3,True,location-k4-fold3-seed0,3
seasonal,CoPx_R,14,MSE,0.033876329354171196,1377082,001dcee8e81efda3,True,location-k4-fold3-seed0,3
seasonal,CoPx_R,14,MAE,0.12591587650046512,1377082,001dcee8e81efda3,True,location-k4-fold3-seed0,3
seasonal,CoPx_R,14,SS_vs_persistence,-0.06852256326412154,1377082,001dcee8e81efda3,True,location-k4-fold3-seed0,3
seasonal,CoPx_R,14,SS_vs_seasonal,2.951905386794351e-11,1377082,001dcee8e81efda3,True,location-k4-fold3-seed0,3
seasonal,CoPx_R,14,SS_vs_ar,-0.8872935202358037,1377082,001dcee8e81efda3,True,location-k4-fold3-seed0,3
seasonal,CoPx_R,15,MSE,0.03387827110818649,1377082,001dcee8e81efda3,True,location-k4-fold3-seed0,3
seasonal,CoPx_R,15,MAE,0.12605055096138126,1377082,001dcee8e81efda3,True,location-k4-fold3-seed0,3
seasonal,CoPx_R,15,SS_vs_persistence,-0.04736788208268283,1377082,001dcee8e81efda3,True,location-k4-fold3-seed0,3
seasonal,CoPx_R,15,SS_vs_seasonal,2.9517388533406574e-11,1377082,001dcee8e81efda3,True,location-k4-fold3-seed0,3
seasonal,CoPx_R,15,SS_vs_ar,-0.8594002412960444,1377082,001dcee8e81efda3,True,location-k4-fold3-seed0,3
seasonal,CoPx_R,16,MSE,0.03388883395808534,1377082,001dcee8e81efda3,True,location-k4-fold3-seed0,3
seasonal,CoPx_R,16,MAE,0.12605461845020616,1377082,001dcee8e81efda3,True,location-k4-fold3-seed0,3
seasonal,CoPx_R,16,SS_vs_persistence,-0.027612029009053574,1377082,001dcee8e81efda3,True,location-k4-fold3-seed0,3
seasonal,CoPx_R,16,SS_vs_seasonal,2.9508173682302186e-11,1377082,001dcee8e81efda3,True,location-k4-fold3-seed0,3
seasonal,CoPx_R,16,SS_vs_ar,-0.8364882366104369,1377082,001dcee8e81efda3,True,location-k4-fold3-seed0,3
seasonal,CoPx_R,17,MSE,0.03377696315472,1377082,001dcee8e81efda3,True,location-k4-fold3-seed0,3
seasonal,CoPx_R,17,MAE,0.12593684768135405,1377082,001dcee8e81efda3,True,location-k4-fold3-seed0,3
seasonal,CoPx_R,17,SS_vs_persistence,-0.01625562475576392,1377082,001dcee8e81efda3,True,location-k4-fold3-seed0,3
seasonal,CoPx_R,17,SS_vs_seasonal,2.960598433077166e-11,1377082,001dcee8e81efda3,True,location-k4-fold3-seed0,3
seasonal,CoPx_R,17,SS_vs_ar,-0.8143080739070738,1377082,001dcee8e81efda3,True,location-k4-fold3-seed0,3
seasonal,CoPx_R,18,MSE,0.033854883846406815,1377082,001dcee8e81efda3,True,location-k4-fold3-seed0,3
seasonal,CoPx_R,18,MAE,0.12612420144451292,1377082,001dcee8e81efda3,True,location-k4-fold3-seed0,3
seasonal,CoPx_R,18,SS_vs_persistence,-0.022421797621153372,1377082,001dcee8e81efda3,True,location-k4-fold3-seed0,3
seasonal,CoPx_R,18,SS_vs_seasonal,2.953781663705968e-11,1377082,001dcee8e81efda3,True,location-k4-fold3-seed0,3
seasonal,CoPx_R,18,SS_vs_ar,-0.7989504399311789,1377082,001dcee8e81efda3,True,location-k4-fold3-seed0,3
seasonal,CoPx_R,19,MSE,0.03406408162309205,1377082,001dcee8e81efda3,True,location-k4-fold3-seed0,3
seasonal,CoPx_R,19,MAE,0.12606033564248695,1377082,001dcee8e81efda3,True,location-k4-fold3-seed0,3
seasonal,CoPx_R,19,SS_vs_persistence,0.0032015246335921344,1377082,001dcee8e81efda3,True,location-k4-fold3-seed0,3
seasonal,CoPx_R,19,SS_vs_seasonal,2.9356406194835927e-11,1377082,001dcee8e81efda3,True,location-k4-fold3-seed0,3
seasonal,CoPx_R,19,SS_vs_ar,-0.7896013838209803,1377082,001dcee8e81efda3,True,location-k4-fold3-seed0,3
seasonal,CoPx_R,20,MSE,0.033795239528308464,1377082,001dcee8e81efda3,True,location-k4-fold3-seed0,3
seasonal,CoPx_R,20,MAE,0.12576656459872937,1377082,001dcee8e81efda3,True,location-k4-fold3-seed0,3
seasonal,CoPx_R,20,SS_vs_persistence,0.001284216443396602,1377082,001dcee8e81efda3,True,location-k4-fold3-seed0,3
seasonal,CoPx_R,20,SS_vs_seasonal,2.95898860969146e-11,1377082,001dcee8e81efda3,True,location-k4-fold3-seed0,3
seasonal,CoPx_R,20,SS_vs_ar,-0.7670262638552832,1377082,001dcee8e81efda3,True,location-k4-fold3-seed0,3
seasonal,CoPx_R,21,MSE,0.03602326197443614,1377082,001dcee8e81efda3,True,location-k4-fold3-seed0,3
seasonal,CoPx_R,21,MAE,0.13001767838433145,1377082,001dcee8e81efda3,True,location-k4-fold3-seed0,3
seasonal,CoPx_R,21,SS_vs_persistence,-0.046877610220481536,1377082,001dcee8e81efda3,True,location-k4-fold3-seed0,3
seasonal,CoPx_R,21,SS_vs_seasonal,2.775979446312249e-11,1377082,001dcee8e81efda3,True,location-k4-fold3-seed0,3
seasonal,CoPx_R,21,SS_vs_ar,-0.8727590981151965,1377082,001dcee8e81efda3,True,location-k4-fold3-seed0,3
seasonal,CoPx_R,22,MSE,0.03588796294159807,1377082,001dcee8e81efda3,True,location-k4-fold3-seed0,3
seasonal,CoPx_R,22,MAE,0.12997512901465932,1377082,001dcee8e81efda3,True,location-k4-fold3-seed0,3
seasonal,CoPx_R,22,SS_vs_persistence,-0.051151129772612824,1377082,001dcee8e81efda3,True,location-k4-fold3-seed0,3
seasonal,CoPx_R,22,SS_vs_seasonal,2.786448849434464e-11,1377082,001dcee8e81efda3,True,location-k4-fold3-seed0,3
seasonal,CoPx_R,22,SS_vs_ar,-0.8517257986838809,1377082,001dcee8e81efda3,True,location-k4-fold3-seed0,3
seasonal,CoPx_R,23,MSE,0.03570363945982849,1377082,001dcee8e81efda3,True,location-k4-fold3-seed0,3
seasonal,CoPx_R,23,MAE,0.1299325863251873,1377082,001dcee8e81efda3,True,location-k4-fold3-seed0,3
seasonal,CoPx_R,23,SS_vs_persistence,-0.02428787727558679,1377082,001dcee8e81efda3,True,location-k4-fold3-seed0,3
seasonal,CoPx_R,23,SS_vs_seasonal,2.80082623760336e-11,1377082,001dcee8e81efda3,True,location-k4-fold3-seed0,3
seasonal,CoPx_R,23,SS_vs_ar,-0.8278769749739892,1377082,001dcee8e81efda3,True,location-k4-fold3-seed0,3
seasonal,CoPx_R,24,MSE,0.03602032276343222,1377082,001dcee8e81efda3,True,location-k4-fold3-seed0,3
seasonal,CoPx_R,24,MAE,0.13018611771673116,1377082,001dcee8e81efda3,True,location-k4-fold3-seed0,3
seasonal,CoPx_R,24,SS_vs_persistence,-0.04056121916165445,1377082,001dcee8e81efda3,True,location-k4-fold3-seed0,3
seasonal,CoPx_R,24,SS_vs_seasonal,2.776201490917174e-11,1377082,001dcee8e81efda3,True,location-k4-fold3-seed0,3
seasonal,CoPx_R,24,SS_vs_ar,-0.8294722735332252,1377082,001dcee8e81efda3,True,location-k4-fold3-seed0,3
seasonal,CoPx_R,25,MSE,0.03592427731893183,1377082,001dcee8e81efda3,True,location-k4-fold3-seed0,3
seasonal,CoPx_R,25,MAE,0.1300881144588043,1377082,001dcee8e81efda3,True,location-k4-fold3-seed0,3
seasonal,CoPx_R,25,SS_vs_persistence,-0.010256382453952106,1377082,001dcee8e81efda3,True,location-k4-fold3-seed0,3
seasonal,CoPx_R,25,SS_vs_seasonal,2.7836288829519162e-11,1377082,001dcee8e81efda3,True,location-k4-fold3-seed0,3
seasonal,CoPx_R,25,SS_vs_ar,-0.8142486650468632,1377082,001dcee8e81efda3,True,location-k4-fold3-seed0,3
seasonal,CoPx_R,26,MSE,0.03602705755592808,1377082,001dcee8e81efda3,True,location-k4-fold3-seed0,3
seasonal,CoPx_R,26,MAE,0.13015740035451134,1377082,001dcee8e81efda3,True,location-k4-fold3-seed0,3
seasonal,CoPx_R,26,SS_vs_persistence,-0.00907334446906094,1377082,001dcee8e81efda3,True,location-k4-fold3-seed0,3
seasonal,CoPx_R,26,SS_vs_seasonal,2.7756907883258464e-11,1377082,001dcee8e81efda3,True,location-k4-fold3-seed0,3
seasonal,CoPx_R,26,SS_vs_ar,-0.8077391476762077,1377082,001dcee8e81efda3,True,location-k4-fold3-seed0,3
seasonal,CoPx_R,27,MSE,0.0362531210993283,1377082,001dcee8e81efda3,True,location-k4-fold3-seed0,3
seasonal,CoPx_R,27,MAE,0.13034550370330714,1377082,001dcee8e81efda3,True,location-k4-fold3-seed0,3
seasonal,CoPx_R,27,SS_vs_persistence,0.007249680561168814,1377082,001dcee8e81efda3,True,location-k4-fold3-seed0,3
seasonal,CoPx_R,27,SS_vs_seasonal,2.7583824113719402e-11,1377082,001dcee8e81efda3,True,location-k4-fold3-seed0,3
seasonal,CoPx_R,27,SS_vs_ar,-0.8070770793136615,1377082,001dcee8e81efda3,True,location-k4-fold3-seed0,3
seasonal,CoPx_R,28,MSE,0.03631099897969039,1377082,001dcee8e81efda3,True,location-k4-fold3-seed0,3
seasonal,CoPx_R,28,MAE,0.1302300967057947,1377082,001dcee8e81efda3,True,location-k4-fold3-seed0,3
seasonal,CoPx_R,28,SS_vs_persistence,-0.020867168677788595,1377082,001dcee8e81efda3,True,location-k4-fold3-seed0,3
seasonal,CoPx_R,28,SS_vs_seasonal,2.7539859281944246e-11,1377082,001dcee8e81efda3,True,location-k4-fold3-seed0,3
seasonal,CoPx_R,28,SS_vs_ar,-0.8024446980246931,1377082,001dcee8e81efda3,True,location-k4-fold3-seed0,3
seasonal,CoPx_R,29,MSE,0.03654250096981484,1377082,001dcee8e81efda3,True,location-k4-fold3-seed0,3
seasonal,CoPx_R,29,MAE,0.13074754204306224,1377082,001dcee8e81efda3,True,location-k4-fold3-seed0,3
seasonal,CoPx_R,29,SS_vs_persistence,0.01249809580893102,1377082,001dcee8e81efda3,True,location-k4-fold3-seed0,3
seasonal,CoPx_R,29,SS_vs_seasonal,2.736533222247317e-11,1377082,001dcee8e81efda3,True,location-k4-fold3-seed0,3
seasonal,CoPx_R,29,SS_vs_ar,-0.8032484669551143,1377082,001dcee8e81efda3,True,location-k4-fold3-seed0,3
seasonal,CoPx_R,30,MSE,0.03634191653063527,1377082,001dcee8e81efda3,True,location-k4-fold3-seed0,3
seasonal,CoPx_R,30,MAE,0.1302479736319802,1377082,001dcee8e81efda3,True,location-k4-fold3-seed0,3
seasonal,CoPx_R,30,SS_vs_persistence,0.004223580586744435,1377082,001dcee8e81efda3,True,location-k4-fold3-seed0,3
seasonal,CoPx_R,30,SS_vs_seasonal,2.7516433576124655e-11,1377082,001dcee8e81efda3,True,location-k4-fold3-seed0,3
seasonal,CoPx_R,30,SS_vs_ar,-0.7905429439519513,1377082,001dcee8e81efda3,True,location-k4-fold3-seed0,3
seasonal,CoPx_R,all,MSE,0.033325195802615656,1377082,001dcee8e81efda3,True,location-k4-fold3-seed0,3
seasonal,CoPx_R,all,MAE,0.12464133091965933,1377082,001dcee8e81efda3,True,location-k4-fold3-seed0,3
seasonal,CoPx_R,all,SS_vs_persistence,-0.04201107064840759,1377082,001dcee8e81efda3,True,location-k4-fold3-seed0,3
seasonal,CoPx_R,all,SS_vs_seasonal,3.0007329954173656e-11,1377082,001dcee8e81efda3,True,location-k4-fold3-seed0,3
seasonal,CoPx_R,all,SS_vs_ar,-0.8674116233942464,1377082,001dcee8e81efda3,True,location-k4-fold3-seed0,3
seasonal,CoPy_R,1,MSE,0.03827270595408014,1377082,001dcee8e81efda3,True,location-k4-fold3-seed0,3
seasonal,CoPy_R,1,MAE,0.14276010579731163,1377082,001dcee8e81efda3,True,location-k4-fold3-seed0,3
seasonal,CoPy_R,1,SS_vs_persistence,-0.16614758850885303,1377082,001dcee8e81efda3,True,location-k4-fold3-seed0,3
seasonal,CoPy_R,1,SS_vs_seasonal,2.612821070613336e-11,1377082,001dcee8e81efda3,True,location-k4-fold3-seed0,3
seasonal,CoPy_R,1,SS_vs_ar,-1.0156581409882026,1377082,001dcee8e81efda3,True,location-k4-fold3-seed0,3
seasonal,CoPy_R,2,MSE,0.03891959918480438,1377082,001dcee8e81efda3,True,location-k4-fold3-seed0,3
seasonal,CoPy_R,2,MAE,0.14458559537517884,1377082,001dcee8e81efda3,True,location-k4-fold3-seed0,3
seasonal,CoPy_R,2,SS_vs_persistence,-0.055510084863221065,1377082,001dcee8e81efda3,True,location-k4-fold3-seed0,3
seasonal,CoPy_R,2,SS_vs_seasonal,2.569400248120246e-11,1377082,001dcee8e81efda3,True,location-k4-fold3-seed0,3
seasonal,CoPy_R,2,SS_vs_ar,-0.9741152434774651,1377082,001dcee8e81efda3,True,location-k4-fold3-seed0,3
seasonal,CoPy_R,3,MSE,0.03901008106062828,1377082,001dcee8e81efda3,True,location-k4-fold3-seed0,3
seasonal,CoPy_R,3,MAE,0.14498331988957155,1377082,001dcee8e81efda3,True,location-k4-fold3-seed0,3
seasonal,CoPy_R,3,SS_vs_persistence,-0.010981200809091263,1377082,001dcee8e81efda3,True,location-k4-fold3-seed0,3
seasonal,CoPy_R,3,SS_vs_seasonal,2.563438350478009e-11,1377082,001dcee8e81efda3,True,location-k4-fold3-seed0,3
seasonal,CoPy_R,3,SS_vs_ar,-0.9512395964735811,1377082,001dcee8e81efda3,True,location-k4-fold3-seed0,3
seasonal,CoPy_R,4,MSE,0.03935499329664627,1377082,001dcee8e81efda3,True,location-k4-fold3-seed0,3
seasonal,CoPy_R,4,MAE,0.14536870901102597,1377082,001dcee8e81efda3,True,location-k4-fold3-seed0,3
seasonal,CoPy_R,4,SS_vs_persistence,-0.002795747653622449,1377082,001dcee8e81efda3,True,location-k4-fold3-seed0,3
seasonal,CoPy_R,4,SS_vs_seasonal,2.5409674364595958e-11,1377082,001dcee8e81efda3,True,location-k4-fold3-seed0,3
seasonal,CoPy_R,4,SS_vs_ar,-0.9577997996404353,1377082,001dcee8e81efda3,True,location-k4-fold3-seed0,3
seasonal,CoPy_R,5,MSE,0.039238459432726,1377082,001dcee8e81efda3,True,location-k4-fold3-seed0,3
seasonal,CoPy_R,5,MAE,0.14510007139978423,1377082,001dcee8e81efda3,True,location-k4-fold3-seed0,3
seasonal,CoPy_R,5,SS_vs_persistence,0.005877167161721486,1377082,001dcee8e81efda3,True,location-k4-fold3-seed0,3
seasonal,CoPy_R,5,SS_vs_seasonal,2.548516953027047e-11,1377082,001dcee8e81efda3,True,location-k4-fold3-seed0,3
seasonal,CoPy_R,5,SS_vs_ar,-0.9415507453298266,1377082,001dcee8e81efda3,True,location-k4-fold3-seed0,3
seasonal,CoPy_R,6,MSE,0.03905703887359718,1377082,001dcee8e81efda3,True,location-k4-fold3-seed0,3
seasonal,CoPy_R,6,MAE,0.14471134401791289,1377082,001dcee8e81efda3,True,location-k4-fold3-seed0,3
seasonal,CoPy_R,6,SS_vs_persistence,-0.004445318302698009,1377082,001dcee8e81efda3,True,location-k4-fold3-seed0,3
seasonal,CoPy_R,6,SS_vs_seasonal,2.560351930469551e-11,1377082,001dcee8e81efda3,True,location-k4-fold3-seed0,3
seasonal,CoPy_R,6,SS_vs_ar,-0.9184133316319791,1377082,001dcee8e81efda3,True,location-k4-fold3-seed0,3
seasonal,CoPy_R,7,MSE,0.03900865745037562,1377082,001dcee8e81efda3,True,location-k4-fold3-seed0,3
seasonal,CoPy_R,7,MAE,0.1447974302407406,1377082,001dcee8e81efda3,True,location-k4-fold3-seed0,3
seasonal,CoPy_R,7,SS_vs_persistence,0.01158693671983868,1377082,001dcee8e81efda3,True,location-k4-fold3-seed0,3
seasonal,CoPy_R,7,SS_vs_seasonal,2.563527168319979e-11,1377082,001dcee8e81efda3,True,location-k4-fold3-seed0,3
seasonal,CoPy_R,7,SS_vs_ar,-0.9018812676730379,1377082,001dcee8e81efda3,True,location-k4-fold3-seed0,3
seasonal,CoPy_R,8,MSE,0.03867712420551862,1377082,001dcee8e81efda3,True,location-k4-fold3-seed0,3
seasonal,CoPy_R,8,MAE,0.14406006051118694,1377082,001dcee8e81efda3,True,location-k4-fold3-seed0,3
seasonal,CoPy_R,8,SS_vs_persistence,0.003633418225022944,1377082,001dcee8e81efda3,True,location-k4-fold3-seed0,3
seasonal,CoPy_R,8,SS_vs_seasonal,2.585509584207557e-11,1377082,001dcee8e81efda3,True,location-k4-fold3-seed0,3
seasonal,CoPy_R,8,SS_vs_ar,-0.8783453217497474,1377082,001dcee8e81efda3,True,location-k4-fold3-seed0,3
seasonal,CoPy_R,9,MSE,0.038586122253071266,1377082,001dcee8e81efda3,True,location-k4-fold3-seed0,3
seasonal,CoPy_R,9,MAE,0.14409880766671163,1377082,001dcee8e81efda3,True,location-k4-fold3-seed0,3
seasonal,CoPy_R,9,SS_vs_persistence,-0.003368113838567277,1377082,001dcee8e81efda3,True,location-k4-fold3-seed0,3
seasonal,CoPy_R,9,SS_vs_seasonal,2.5916047086127492e-11,1377082,001dcee8e81efda3,True,location-k4-fold3-seed0,3
seasonal,CoPy_R,9,SS_vs_ar,-0.8645532391132396,1377082,001dcee8e81efda3,True,location-k4-fold3-seed0,3
seasonal,CoPy_R,10,MSE,0.03870386906764892,1377082,001dcee8e81efda3,True,location-k4-fold3-seed0,3
seasonal,CoPy_R,10,MAE,0.1440376056934606,1377082,001dcee8e81efda3,True,location-k4-fold3-seed0,3
seasonal,CoPy_R,10,SS_vs_persistence,0.0005695852079208308,1377082,001dcee8e81efda3,True,location-k4-fold3-seed0,3
seasonal,CoPy_R,10,SS_vs_seasonal,2.5837221251379106e-11,1377082,001dcee8e81efda3,True,location-k4-fold3-seed0,3
seasonal,CoPy_R,10,SS_vs_ar,-0.8544936692014158,1377082,001dcee8e81efda3,True,location-k4-fold3-seed0,3
seasonal,CoPy_R,11,MSE,0.04202658634604174,1377082,001dcee8e81efda3,True,location-k4-fold3-seed0,3
seasonal,CoPy_R,11,MAE,0.15054677062754046,1377082,001dcee8e81efda3,True,location-k4-fold3-seed0,3
seasonal,CoPy_R,11,SS_vs_persistence,-0.04872589520608517,1377082,001dcee8e81efda3,True,location-k4-fold3-seed0,3
seasonal,CoPy_R,11,SS_vs_seasonal,2.3794410886068817e-11,1377082,001dcee8e81efda3,True,location-k4-fold3-seed0,3
seasonal,CoPy_R,11,SS_vs_ar,-0.9908571391757879,1377082,001dcee8e81efda3,True,location-k4-fold3-seed0,3
seasonal,CoPy_R,12,MSE,0.04222171361240989,1377082,001dcee8e81efda3,True,location-k4-fold3-seed0,3
seasonal,CoPy_R,12,MAE,0.1509674502469083,1377082,001dcee8e81efda3,True,location-k4-fold3-seed0,3
seasonal,CoPy_R,12,SS_vs_persistence,-0.027510381394670214,1377082,001dcee8e81efda3,True,location-k4-fold3-seed0,3
seasonal,CoPy_R,12,SS_vs_seasonal,2.3684498806630927e-11,1377082,001dcee8e81efda3,True,location-k4-fold3-seed0,3
seasonal,CoPy_R,12,SS_vs_ar,-0.9899169753089669,1377082,001dcee8e81efda3,True,location-k4-fold3-seed0,3
seasonal,CoPy_R,13,MSE,0.04233137912915495,1377082,001dcee8e81efda3,True,location-k4-fold3-seed0,3
seasonal,CoPy_R,13,MAE,0.15102631344795164,1377082,001dcee8e81efda3,True,location-k4-fold3-seed0,3
seasonal,CoPy_R,13,SS_vs_persistence,-0.011248028823870326,1377082,001dcee8e81efda3,True,location-k4-fold3-seed0,3
seasonal,CoPy_R,13,SS_vs_seasonal,2.3623103473369156e-11,1377082,001dcee8e81efda3,True,location-k4-fold3-seed0,3
seasonal,CoPy_R,13,SS_vs_ar,-0.9909537441649092,1377082,001dcee8e81efda3,True,location-k4-fold3-seed0,3
seasonal,CoPy_R,14,MSE,0.04199606957240926,1377082,001dcee8e81efda3,True,location-k4-fold3-seed0,3
seasonal,CoPy_R,14,MAE,0.1504062193992103,1377082,001dcee8e81efda3,True,location-k4-fold3-seed0,3
seasonal,CoPy_R,14,SS_vs_persistence,-0.02953990520914207,1377082,001dcee8e81efda3,True,location-k4-fold3-seed0,3
seasonal,CoPy_R,14,SS_vs_seasonal,2.381173036525297e-11,1377082,001dcee8e81efda3,True,location-k4-fold3-seed0,3
seasonal,CoPy_R,14,SS_vs_ar,-0.9731976460380816,1377082,001dcee8e81efda3,True,location-k4-fold3-seed0,3
seasonal,CoPy_R,15,MSE,0.041671321318304255,1377082,001dcee8e81efda3,True,location-k4-fold3-seed0,3
seasonal,CoPy_R,15,MAE,0.14977977965595454,1377082,001dcee8e81efda3,True,location-k4-fold3-seed0,3
seasonal,CoPy_R,15,SS_vs_persistence,-0.048184962348734706,1377082,001dcee8e81efda3,True,location-k4-fold3-seed0,3
seasonal,CoPy_R,15,SS_vs_seasonal,2.3997248632667834e-11,1377082,001dcee8e81efda3,True,location-k4-fold3-seed0,3
seasonal,CoPy_R,15,SS_vs_ar,-0.9516999757760016,1377082,001dcee8e81efda3,True,location-k4-fold3-seed0,3
seasonal,CoPy_R,16,MSE,0.04163132742275725,1377082,001dcee8e81efda3,True,location-k4-fold3-seed0,3
seasonal,CoPy_R,16,MAE,0.14988829409537513,1377082,001dcee8e81efda3,True,location-k4-fold3-seed0,3
seasonal,CoPy_R,16,SS_vs_persistence,-0.02072579496160598,1377082,001dcee8e81efda3,True,location-k4-fold3-seed0,3
seasonal,CoPy_R,16,SS_vs_seasonal,2.4020341271580037e-11,1377082,001dcee8e81efda3,True,location-k4-fold3-seed0,3
seasonal,CoPy_R,16,SS_vs_ar,-0.9284107026128696,1377082,001dcee8e81efda3,True,location-k4-fold3-seed0,3
seasonal,CoPy_R,17,MSE,0.041898400105421285,1377082,001dcee8e81efda3,True,location-k4-fold3-seed0,3
seasonal,CoPy_R,17,MAE,0.150205771588386,1377082,001dcee8e81efda3,True,location-k4-fold3-seed0,3
seasonal,CoPy_R,17,SS_vs_persistence,-0.013967378655062035,1377082,001dcee8e81efda3,True,location-k4-fold3-seed0,3
seasonal,CoPy_R,17,SS_vs_seasonal,2.3867241516484228e-11,1377082,001dcee8e81efda3,True,location-k4-fold3-seed0,3
seasonal,CoPy_R,17,SS_vs_ar,-0.9261743014906738,1377082,001dcee8e81efda3,True,location-k4-fold3-seed0,3
seasonal,CoPy_R,18,MSE,0.041850955148155365,1377082,001dcee8e81efda3,True,location-k4-fold3-seed0,3
seasonal,CoPy_R,18,MAE,0.15033380746955677,1377082,001dcee8e81efda3,True,location-k4-fold3-seed0,3
seasonal,CoPy_R,18,SS_vs_persistence,-0.00014597322762499587,1377082,001dcee8e81efda3,True,location-k4-fold3-seed0,3
seasonal,CoPy_R,18,SS_vs_seasonal,2.389433095828508e-11,1377082,001dcee8e81efda3,True,location-k4-fold3-seed0,3
seasonal,CoPy_R,18,SS_vs_ar,-0.9178468490137186,1377082,001dcee8e81efda3,True,location-k4-fold3-seed0,3
seasonal,CoPy_R,19,MSE,0.04222921504032924,1377082,001dcee8e81efda3,True,location-k4-fold3-seed0,3
seasonal,CoPy_R,19,MAE,0.15068237972053475,1377082,001dcee8e81efda3,True,location-k4-fold3-seed0,3
seasonal,CoPy_R,19,SS_vs_persistence,0.005558405325457705,1377082,001dcee8e81efda3,True,location-k4-fold3-seed0,3
seasonal,CoPy_R,19,SS_vs_seasonal,2.368027995913735e-11,1377082,001dcee8e81efda3,True,location-k4-fold3-seed0,3
seasonal,CoPy_R,19,SS_vs_ar,-0.9267014021656237,1377082,001dcee8e81efda3,True,location-k4-fold3-seed0,3
seasonal,CoPy_R,20,MSE,0.04207337514097544,1377082,001dcee8e81efda3,True,location-k4-fold3-seed0,3
seasonal,CoPy_R,20,MAE,0.15070868849815822,1377082,001dcee8e81efda3,True,location-k4-fold3-seed0,3
seasonal,CoPy_R,20,SS_vs_persistence,0.011514751377969423,1377082,001dcee8e81efda3,True,location-k4-fold3-seed0,3
seasonal,CoPy_R,20,SS_vs_seasonal,2.376798757808274e-11,1377082,001dcee8e81efda3,True,location-k4-fold3-seed0,3
seasonal,CoPy_R,20,SS_vs_ar,-0.9170981234721591,1377082,001dcee8e81efda3,True,location-k4-fold3-seed0,3
seasonal,CoPy_R,21,MSE,0.042477613983461046,1377082,001dcee8e81efda3,True,location-k4-fold3-seed0,3
seasonal,CoPy_R,21,MAE,0.15074678413355577,1377082,001dcee8e81efda3,True,location-k4-fold3-seed0,3
seasonal,CoPy_R,21,SS_vs_persistence,0.010964418229351902,1377082,001dcee8e81efda3,True,location-k4-fold3-seed0,3
seasonal,CoPy_R,21,SS_vs_seasonal,2.3541835147966594e-11,1377082,001dcee8e81efda3,True,location-k4-fold3-seed0,3
seasonal,CoPy_R,21,SS_vs_ar,-0.927802611804361,1377082,001dcee8e81efda3,True,location-k4-fold3-seed0,3
seasonal,CoPy_R,22,MSE,0.042416868251681554,1377082,001dcee8e81efda3,True,location-k4-fold3-seed0,3
seasonal,CoPy_R,22,MAE,0.15051081086973608,1377082,001dcee8e81efda3,True,location-k4-fold3-seed0,3
seasonal,CoPy_R,22,SS_vs_persistence,0.008127452010938896,1377082,001dcee8e81efda3,True,location-k4-fold3-seed0,3
seasonal,CoPy_R,22,SS_vs_seasonal,2.3575474905612737e-11,1377082,001dcee8e81efda3,True,location-k4-fold3-seed0,3
seasonal,CoPy_R,22,SS_vs_ar,-0.9200639280315439,1377082,001dcee8e81efda3,True,location-k4-fold3-seed0,3
seasonal,CoPy_R,23,MSE,0.04221897571884432,1377082,001dcee8e81efda3,True,location-k4-fold3-seed0,3
seasonal,CoPy_R,23,MAE,0.1500747086046996,1377082,001dcee8e81efda3,True,location-k4-fold3-seed0,3
seasonal,CoPy_R,23,SS_vs_persistence,-0.0051666717652369964,1377082,001dcee8e81efda3,True,location-k4-fold3-seed0,3
seasonal,CoPy_R,23,SS_vs_seasonal,2.3686053118865402e-11,1377082,001dcee8e81efda3,True,location-k4-fold3-seed0,3
seasonal,CoPy_R,23,SS_vs_ar,-0.9047311924203505,1377082,001dcee8e81efda3,True,location-k4-fold3-seed0,3
seasonal,CoPy_R,24,MSE,0.042378533535682245,1377082,001dcee8e81efda3,True,location-k4-fold3-seed0,3
seasonal,CoPy_R,24,MAE,0.150239625164959,1377082,001dcee8e81efda3,True,location-k4-fold3-seed0,3
seasonal,CoPy_R,24,SS_vs_persistence,0.00011252369402536821,1377082,001dcee8e81efda3,True,location-k4-fold3-seed0,3
seasonal,CoPy_R,24,SS_vs_seasonal,2.359679118768554e-11,1377082,001dcee8e81efda3,True,location-k4-fold3-seed0,3
seasonal,CoPy_R,24,SS_vs_ar,-0.9039125625051201,1377082,001dcee8e81efda3,True,location-k4-fold3-seed0,3
seasonal,CoPy_R,25,MSE,0.04251795059384879,1377082,001dcee8e81efda3,True,location-k4-fold3-seed0,3
seasonal,CoPy_R,25,MAE,0.15065451689531828,1377082,001dcee8e81efda3,True,location-k4-fold3-seed0,3
seasonal,CoPy_R,25,SS_vs_persistence,0.013222137979751358,1377082,001dcee8e81efda3,True,location-k4-fold3-seed0,3
seasonal,CoPy_R,25,SS_vs_seasonal,2.3519408642869166e-11,1377082,001dcee8e81efda3,True,location-k4-fold3-seed0,3
seasonal,CoPy_R,25,SS_vs_ar,-0.8993970151072317,1377082,001dcee8e81efda3,True,location-k4-fold3-seed0,3
seasonal,CoPy_R,26,MSE,0.04260478459293823,1377082,001dcee8e81efda3,True,location-k4-fold3-seed0,3
seasonal,CoPy_R,26,MAE,0.15090826219281953,1377082,001dcee8e81efda3,True,location-k4-fold3-seed0,3
seasonal,CoPy_R,26,SS_vs_persistence,0.018017741533735365,1377082,001dcee8e81efda3,True,location-k4-fold3-seed0,3
seasonal,CoPy_R,26,SS_vs_seasonal,2.3471558030507822e-11,1377082,001dcee8e81efda3,True,location-k4-fold3-seed0,3
seasonal,CoPy_R,26,SS_vs_ar,-0.9016058005804071,1377082,001dcee8e81efda3,True,location-k4-fold3-seed0,3
seasonal,CoPy_R,27,MSE,0.04282387456794184,1377082,001dcee8e81efda3,True,location-k4-fold3-seed0,3
seasonal,CoPy_R,27,MAE,0.1512173605850491,1377082,001dcee8e81efda3,True,location-k4-fold3-seed0,3
seasonal,CoPy_R,27,SS_vs_persistence,0.02851491110914839,1377082,001dcee8e81efda3,True,location-k4-fold3-seed0,3
seasonal,CoPy_R,27,SS_vs_seasonal,2.335143189924338e-11,1377082,001dcee8e81efda3,True,location-k4-fold3-seed0,3
seasonal,CoPy_R,27,SS_vs_ar,-0.9076178988203876,1377082,001dcee8e81efda3,True,location-k4-fold3-seed0,3
seasonal,CoPy_R,28,MSE,0.04269114323996781,1377082,001dcee8e81efda3,True,location-k4-fold3-seed0,3
seasonal,CoPy_R,28,MAE,0.15099908184147412,1377082,001dcee8e81efda3,True,location-k4-fold3-seed0,3
seasonal,CoPy_R,28,SS_vs_persistence,0.04180936329579388,1377082,001dcee8e81efda3,True,location-k4-fold3-seed0,3
seasonal,CoPy_R,28,SS_vs_seasonal,2.3424040485053865e-11,1377082,001dcee8e81efda3,True,location-k4-fold3-seed0,3
seasonal,CoPy_R,28,SS_vs_ar,-0.9018861727270986,1377082,001dcee8e81efda3,True,location-k4-fold3-seed0,3
seasonal,CoPy_R,29,MSE,0.04275884805265431,1377082,001dcee8e81efda3,True,location-k4-fold3-seed0,3
seasonal,CoPy_R,29,MAE,0.15103229526821957,1377082,001dcee8e81efda3,True,location-k4-fold3-seed0,3
seasonal,CoPy_R,29,SS_vs_persistence,0.049466194872499814,1377082,001dcee8e81efda3,True,location-k4-fold3-seed0,3
seasonal,CoPy_R,29,SS_vs_seasonal,2.3386959036031385e-11,1377082,001dcee8e81efda3,True,location-k4-fold3-seed0,3
seasonal,CoPy_R,29,SS_vs_ar,-0.9045220397296714,1377082,001dcee8e81efda3,True,location-k4-fold3-seed0,3
seasonal,CoPy_R,30,MSE,0.04245260272141771,1377082,001dcee8e81efda3,True,location-k4-fold3-seed0,3
seasonal,CoPy_R,30,MAE,0.15030346248583043,1377082,001dcee8e81efda3,True,location-k4-fold3-seed0,3
seasonal,CoPy_R,30,SS_vs_persistence,0.012732786084536762,1377082,001dcee8e81efda3,True,location-k4-fold3-seed0,3
seasonal,CoPy_R,30,SS_vs_seasonal,2.3555601913471946e-11,1377082,001dcee8e81efda3,True,location-k4-fold3-seed0,3
seasonal,CoPy_R,30,SS_vs_ar,-0.8959906773279349,1377082,001dcee8e81efda3,True,location-k4-fold3-seed0,3
seasonal,CoPy_R,all,MSE,0.04113699310076221,1377082,001dcee8e81efda3,True,location-k4-fold3-seed0,3
seasonal,CoPy_R,all,MAE,0.1485248784609194,1377082,001dcee8e81efda3,True,location-k4-fold3-seed0,3
seasonal,CoPy_R,all,SS_vs_persistence,-0.005703091777947478,1377082,001dcee8e81efda3,True,location-k4-fold3-seed0,3
seasonal,CoPy_R,all,SS_vs_seasonal,2.4308999257982578e-11,1377082,001dcee8e81efda3,True,location-k4-fold3-seed0,3
seasonal,CoPy_R,all,SS_vs_ar,-0.9271902907931331,1377082,001dcee8e81efda3,True,location-k4-fold3-seed0,3
ar,F_R,1,MSE,456184.8006840559,1529550,001dcee8e81efda3,True,location-k4-fold3-seed0,3
ar,F_R,1,MAE,366.2814798719324,1529550,001dcee8e81efda3,True,location-k4-fold3-seed0,3
ar,F_R,1,SS_vs_persistence,0.3629141452056661,1529550,001dcee8e81efda3,True,location-k4-fold3-seed0,3
ar,F_R,1,SS_vs_seasonal,0.4937823978626704,1529550,001dcee8e81efda3,True,location-k4-fold3-seed0,3
ar,F_R,1,SS_vs_ar,0.0,1529550,001dcee8e81efda3,True,location-k4-fold3-seed0,3
ar,F_R,2,MSE,481158.1780400862,1529550,001dcee8e81efda3,True,location-k4-fold3-seed0,3
ar,F_R,2,MAE,381.6641807009648,1529550,001dcee8e81efda3,True,location-k4-fold3-seed0,3
ar,F_R,2,SS_vs_persistence,0.4092569850096559,1529550,001dcee8e81efda3,True,location-k4-fold3-seed0,3
ar,F_R,2,SS_vs_seasonal,0.47687201141792357,1529550,001dcee8e81efda3,True,location-k4-fold3-seed0,3
ar,F_R,2,SS_vs_ar,0.0,1529550,001dcee8e81efda3,True,location-k4-fold3-seed0,3
ar,F_R,3,MSE,483429.3135276395,1529550,001dcee8e81efda3,True,location-k4-fold3-seed0,3
ar,F_R,3,MAE,387.9427880056292,1529550,001dcee8e81efda3,True,location-k4-fold3-seed0,3
ar,F_R,3,SS_vs_persistence,0.41512483446839654,1529550,001dcee8e81efda3,True,location-k4-fold3-seed0,3
ar,F_R,3,SS_vs_seasonal,0.47516784836554415,1529550,001dcee8e81efda3,True,location-k4-fold3-seed0,3
ar,F_R,3,SS_vs_ar,0.0,1529550,001dcee8e81efda3,True,location-k4-fold3-seed0,3
ar,F_R,4,MSE,487333.76226839493,1529550,001dcee8e81efda3,True,location-k4-fold3-seed0,3
ar,F_R,4,MAE,392.08014382550624,1529550,001dcee8e81efda3,True,location-k4-fold3-seed0,3
ar,F_R,4,SS_vs_persistence,0.41216966351478646,1529550,001dcee8e81efda3,True,location-k4-fold3-seed0,3
ar,F_R,4,SS_vs_seasonal,0.46952335165849945,1529550,001dcee8e81efda3,True,location-k4-fold3-seed0,3
ar,F_R,4,SS_vs_ar,0.0,1529550,001dcee8e81efda3,True,location-k4-fold3-seed0,3
ar,F_R,5,MSE,493781.6308429214,1529550,001dcee8e81efda3,True,location-k4-fold3-seed0,3
ar,F_R,5,MAE,397.1625113216319,1529550,001dcee8e81efda3,True,location-k4-fold3-seed0,3
ar,F_R,5,SS_vs_persistence,0.4123604556446856,1529550,001dcee8e81efda3,True,location-k4-fold3-seed0,3
ar,F_R,5,SS_vs_seasonal,0.4596214138025324,1529550,001dcee8e81efda3,True,location-k4-fold3-seed0,3
ar,F_R,5,SS_vs_ar,0.0,1529550,001dcee8e81efda3,True,location-k4-fold3-seed0,3
ar,F_R,6,MSE,501083.30006348056,1529550,001dcee8e81efda3,True,location-k4-fold3-seed0,3
ar,F_R,6,MAE,400.35917660994437,1529550,001dcee8e81efda3,True,location-k4-fold3-seed0,3
ar,F_R,6,SS_vs_persistence,0.3983736487135824,1529550,001dcee8e81efda3,True,location-k4-fold3-seed0,3
ar,F_R,6,SS_vs_seasonal,0.45351766523604375,1529550,001dcee8e81efda3,True,location-k4-fold3-seed0,3
ar,F_R,6,SS_vs_ar,0.0,1529550,001dcee8e81efda3,True,location-k4-fold3-seed0,3
ar,F_R,7,MSE,510401.00833630795,1529550,001dcee8e81efda3,True,location-k4-fold3-seed0,3
ar,F_R,7,MAE,406.38352104435745,1529550,001dcee8e81efda3,True,location-k4-fold3-seed0,3
ar,F_R,7,SS_vs_persistence,0.41178311426519887,1529550,001dcee8e81efda3,True,location-k4-fold3-seed0,3
ar,F_R,7,SS_vs_seasonal,0.4456740749740594,1529550,001dcee8e81efda3,True,location-k4-fold3-seed0,3
ar,F_R,7,SS_vs_ar,0.0,1529550,001dcee8e81efda3,True,location-k4-fold3-seed0,3
ar,F_R,8,MSE,513741.2011070511,1529550,001dcee8e81efda3,True,location-k4-fold3-seed0,3
ar,F_R,8,MAE,409.3556556127523,1529550,001dcee8e81efda3,True,location-k4-fold3-seed0,3
ar,F_R,8,SS_vs_persistence,0.41105719013888586,1529550,001dcee8e81efda3,True,location-k4-fold3-seed0,3
ar,F_R,8,SS_vs_seasonal,0.44441593629230014,1529550,001dcee8e81efda3,True,location-k4-fold3-seed0,3
ar,F_R,8,SS_vs_ar,0.0,1529550,001dcee8e81efda3,True,location-k4-fold3-seed0,3
ar,F_R,9,MSE,516595.0130541006,1529550,001dcee8e81efda3,True,location-k4-fold3-seed0,3
ar,F_R,9,MAE,413.1977079892974,1529550,001dcee8e81efda3,True,location-k4-fold3-seed0,3
ar,F_R,9,SS_vs_persistence,0.4042193128558963,1529550,001dcee8e81efda3,True,location-k4-fold3-seed0,3
ar,F_R,9,SS_vs_seasonal,0.4348469723155176,1529550,001dcee8e81efda3,True,location-k4-fold3-seed0,3
ar,F_R,9,SS_vs_ar,0.0,1529550,001dcee8e81efda3,True,location-k4-fold3-seed0,3
ar,F_R,10,MSE,522663.1649664478,1529550,001dcee8e81efda3,True,location-k4-fold3-seed0,3
ar,F_R,10,MAE,415.6447319097627,1529550,001dcee8e81efda3,True,location-k4-fold3-seed0,3
ar,F_R,10,SS_vs_persistence,0.39634846974035787,1529550,001dcee8e81efda3,True,location-k4-fold3-seed0,3
ar,F_R,10,SS_vs_seasonal,0.408315779920595,1529550,001dcee8e81efda3,True,location-k4-fold3-seed0,3
ar,F_R,10,SS_vs_ar,0.0,1529550,001dcee8e81efda3,True,location-k4-fold3-seed0,3
ar,F_R,11,MSE,526688.6511942754,1529550,001dcee8e81efda3,True,location-k4-fold3-seed0,3
ar,F_R,11,MAE,420.81702349627295,1529550,001dcee8e81efda3,True,location-k4-fold3-seed0,3
ar,F_R,11,SS_vs_persistence,0.4064530503448406,1529550,001dcee8e81efda3,True,location-k4-fold3-seed0,3
ar,F_R,11,SS_vs_seasonal,0.4645618331000142,1529550,001dcee8e81efda3,True,location-k4-fold3-seed0,3
ar,F_R,11,SS_vs_ar,0.0,1529550,001dcee8e81efda3,True,location-k4-fold3-seed0,3
ar,F_R,12,MSE,530977.8148991454,1529550,001dcee8e81efda3,True,location-k4-fold3-seed0,3
ar,F_R,12,MAE,423.4810340162538,1529550,001dcee8e81efda3,True,location-k4-fold3-seed0,3
ar,F_R,12,SS_vs_persistence,0.4136612003677389,1529550,001dcee8e81efda3,True,location-k4-fold3-seed0,3
ar,F_R,12,SS_vs_seasonal,0.46400592254562645,1529550,001dcee8e81efda3,True,location-k4-fold3-seed0,3
ar,F_R,12,SS_vs_ar,0.0,1529550,001dcee8e81efda3,True,location-k4-fold3-seed0,3
ar,F_R,13,MSE,533661.7091904895,1529550,001dcee8e81efda3,True,location-k4-fold3-seed0,3
ar,F_R,13,MAE,425.38682428968644,1529550,001dcee8e81efda3,True,location-k4-fold3-seed0,3
ar,F_R,13,SS_vs_persistence,0.41366305623338684,1529550,001dcee8e81efda3,True,location-k4-fold3-seed0,3
ar,F_R,13,SS_vs_seasonal,0.4581233561803322,1529550,001dcee8e81efda3,True,location-k4-fold3-seed0,3
ar,F_R,13,SS_vs_ar,0.0,1529550,001dcee8e81efda3,True,location-k4-fold3-seed0,3
ar,F_R,14,MSE,534401.5625931359,1529550,001dcee8e81efda3,True,location-k4-fold3-seed0,3
ar,F_R,14,MAE,426.764947536894,1529550,001dcee8e81efda3,True,location-k4-fold3-seed0,3
ar,F_R,14,SS_vs_persistence,0.4048154221644604,1529550,001dcee8e81efda3,True,location-k4-fold3-seed0,3
ar,F_R,14,SS_vs_seasonal,0.4574350333985283,1529550,001dcee8e81efda3,True,location-k4-fold3-seed0,3
ar,F_R,14,SS_vs_ar,0.0,1529550,001dcee8e81efda3,True,location-k4-fold3-seed0,3
ar,F_R,15,MSE,534886.5364611067,1529550,001dcee8e81efda3,True,location-k4-fold3-seed0,3
ar,F_R,15,MAE,428.98135334527404,1529550,001dcee8e81efda3,True,location-k4-fold3-seed0,3
ar,F_R,15,SS_vs_persistence,0.3853629503711641,1529550,001dcee8e81efda3,True,location-k4-fold3-seed0,3
ar,F_R,15,SS_vs_seasonal,0.45624302296449115,1529550,001dcee8e81efda3,True,location-k4-fold3-seed0,3
ar,F_R,15,SS_vs_ar,0.0,1529550,001dcee8e81efda3,True,location-k4-fold3-seed0,3
ar,F_R,16,MSE,576306.7149125788,1529550,001dcee8e81efda3,True,location-k4-fold3-seed0,3
ar,F_R,16,MAE,438.9011759073719,1529550,001dcee8e81efda3,True,location-k4-fold3-seed0,3
ar,F_R,16,SS_vs_persistence,0.37500649904013494,1529550,001dcee8e81efda3,True,location-k4-fold3-seed0,3
ar,F_R,16,SS_vs_seasonal,0.43506518649912684,1529550,001dcee8e81efda3,True,location-k4-fold3-seed0,3
ar,F_R,16,SS_vs_ar,0.0,1529550,001dcee8e81efda3,True,location-k4-fold3-seed0,3
ar,F_R,17,MSE,594221.1468238523,1529550,001dcee8e81efda3,True,location-k4-fold3-seed0,3
ar,F_R,17,MAE,443.36896871001966,1529550,001dcee8e81efda3,True,location-k4-fold3-seed0,3
ar,F_R,17,SS_vs_persistence,0.38052248231565766,1529550,001dcee8e81efda3,True,location-k4-fold3-seed0,3
ar,F_R,17,SS_vs_seasonal,0.4212954409492353,1529550,001dcee8e81efda3,True,location-k4-fold3-seed0,3
ar,F_R,17,SS_vs_ar,0.0,1529550,001dcee8e81efda3,True,location-k4-fold3-seed0,3
ar,F_R,18,MSE,599550.7250884986,1529550,001dcee8e81efda3,True,location-k4-fold3-seed0,3
ar,F_R,18,MAE,446.01328343358085,1529550,001dcee8e81efda3,True,location-k4-fold3-seed0,3
ar,F_R,18,SS_vs_persistence,0.38256468843730507,1529550,001dcee8e81efda3,True,location-k4-fold3-seed0,3
ar,F_R,18,SS_vs_seasonal,0.41776721312020937,1529550,001dcee8e81efda3,True,location-k4-fold3-seed0,3
ar,F_R,18,SS_vs_ar,0.0,1529550,001dcee8e81efda3,True,location-k4-fold3-seed0,3
ar,F_R,19,MSE,608028.7412952142,1529550,001dcee8e81efda3,True,location-k4-fold3-seed0,3
ar,F_R,19,MAE,449.6137468501419,1529550,001dcee8e81efda3,True,location-k4-fold3-seed0,3
ar,F_R,19,SS_vs_persistence,0.3819175851846748,1529550,001dcee8e81efda3,True,location-k4-fold3-seed0,3
ar,F_R,19,SS_vs_seasonal,0.40743922346731976,1529550,001dcee8e81efda3,True,location-k4-fold3-seed0,3
ar,F_R,19,SS_vs_ar,0.0,1529550,001dcee8e81efda3,True,location-k4-fold3-seed0,3
ar,F_R,20,MSE,614889.803577577,1529550,001dcee8e81efda3,True,location-k4-fold3-seed0,3
ar,F_R,20,MAE,452.3959321594462,1529550,001dcee8e81efda3,True,location-k4-fold3-seed0,3
ar,F_R,20,SS_vs_persistence,0.3792651090978273,1529550,001dcee8e81efda3,True,location-k4-fold3-seed0,3
ar,F_R,20,SS_vs_seasonal,0.38329389070255926,1529550,001dcee8e81efda3,True,location-k4-fold3-seed0,3
ar,F_R,20,SS_vs_ar,0.0,1529550,001dcee8e81efda3,True,location-k4-fold3-seed0,3
ar,F_R,21,MSE,622326.1020615619,1529550,001dcee8e81efda3,True,location-k4-fold3-seed0,3
ar,F_R,21,MAE,454.624386106843,1529550,001dcee8e81efda3,True,location-k4-fold3-seed0,3
ar,F_R,21,SS_vs_persistence,0.3596983489682549,1529550,001dcee8e81efda3,True,location-k4-fold3-seed0,3
ar,F_R,21,SS_vs_seasonal,0.4018429221862554,1529550,001dcee8e81efda3,True,location-k4-fold3-seed0,3
ar,F_R,21,SS_vs_ar,0.0,1529550,001dcee8e81efda3,True,location-k4-fold3-seed0,3
ar,F_R,22,MSE,633232.2922833062,1529550,001dcee8e81efda3,True,location-k4-fold3-seed0,3
ar,F_R,22,MAE,457.9299954484091,1529550,001dcee8e81efda3,True,location-k4-fold3-seed0,3
ar,F_R,22,SS_vs_persistence,0.36436124527674285,1529550,001dcee8e81efda3,True,location-k4-fold3-seed0,3
ar,F_R,22,SS_vs_seasonal,0.39746319144312625,1529550,001dcee8e81efda3,True,location-k4-fold3-seed0,3
ar,F_R,22,SS_vs_ar,0.0,1529550,001dcee8e81efda3,True,location-k4-fold3-seed0,3
ar,F_R,23,MSE,647568.0379665513,1529550,001dcee8e81efda3,True,location-k4-fold3-seed0,3
ar,F_R,23,MAE,461.86894086048653,1529550,001dcee8e81efda3,True,location-k4-fold3-seed0,3
ar,F_R,23,SS_vs_persistence,0.3653654605115829,1529550,001dcee8e81efda3,True,location-k4-fold3-seed0,3
ar,F_R,23,SS_vs_seasonal,0.3931179769357537,1529550,001dcee8e81efda3,True,location-k4-fold3-seed0,3
ar,F_R,23,SS_vs_ar,0.0,1529550,001dcee8e81efda3,True,location-k4-fold3-seed0,3
ar,F_R,24,MSE,655199.0703551284,1529550,001dcee8e81efda3,True,location-k4-fold3-seed0,3
ar,F_R,24,MAE,464.1014558349905,1529550,001dcee8e81efda3,True,location-k4-fold3-seed0,3
ar,F_R,24,SS_vs_persistence,0.3546465321539837,1529550,001dcee8e81efda3,True,location-k4-fold3-seed0,3
ar,F_R,24,SS_vs_seasonal,0.3858049032318066,1529550,001dcee8e81efda3,True,location-k4-fold3-seed0,3
ar,F_R,24,SS_vs_ar,0.0,1529550,001dcee8e81efda3,True,location-k4-fold3-seed0,3
ar,F_R,25,MSE,661698.2235906415,1529550,001dcee8e81efda3,True,location-k4-fold3-seed0,3
ar,F_R,25,MAE,466.82941754245,1529550,001dcee8e81efda3,True,location-k4-fold3-seed0,3
ar,F_R,25,SS_vs_persistence,0.3476757844502085,1529550,001dcee8e81efda3,True,location-k4-fold3-seed0,3
ar,F_R,25,SS_vs_seasonal,0.38091633161458016,1529550,001dcee8e81efda3,True,location-k4-fold3-seed0,3
ar,F_R,25,SS_vs_ar,0.0,1529550,001dcee8e81efda3,True,location-k4-fold3-seed0,3
ar,F_R,26,MSE,670232.6707125113,1529550,001dcee8e81efda3,True,location-k4-fold3-seed0,3
ar,F_R,26,MAE,469.2531334077718,1529550,001dcee8e81efda3,True,location-k4-fold3-seed0,3
ar,F_R,26,SS_vs_persistence,0.35672904776584735,1529550,001dcee8e81efda3,True,location-k4-fold3-seed0,3
ar,F_R,26,SS_vs_seasonal,0.37550368666355594,1529550,001dcee8e81efda3,True,location-k4-fold3-seed0,3
ar,F_R,26,SS_vs_ar,0.0,1529550,001dcee8e81efda3,True,location-k4-fold3-seed0,3
ar,F_R,27,MSE,676844.965713597,1529550,001dcee8e81efda3,True,location-k4-fold3-seed0,3
ar,F_R,27,MAE,471.6871610211077,1529550,001dcee8e81efda3,True,location-k4-fold3-seed0,3
ar,F_R,27,SS_vs_persistence,0.3672327883235511,1529550,001dcee8e81efda3,True,location-k4-fold3-seed0,3
ar,F_R,27,SS_vs_seasonal,0.37476145516901693,1529550,001dcee8e81efda3,True,location-k4-fold3-seed0,3
ar,F_R,27,SS_vs_ar,0.0,1529550,001dcee8e81efda3,True,location-k4-fold3-seed0,3
ar,F_R,28,MSE,681061.2936428243,1529550,001dcee8e81efda3,True,location-k4-fold3-seed0,3
ar,F_R,28,MAE,472.41118575843575,1529550,001dcee8e81efda3,True,location-k4-fold3-seed0,3
ar,F_R,28,SS_vs_persistence,0.3572704886868626,1529550,001dcee8e81efda3,True,location-k4-fold3-seed0,3
ar,F_R,28,SS_vs_seasonal,0.3693019050342502,1529550,001dcee8e81efda3,True,location-k4-fold3-seed0,3
ar,F_R,28,SS_vs_ar,0.0,1529550,001dcee8e81efda3,True,location-k4-fold3-seed0,3
ar,F_R,29,MSE,683101.1887371683,1529550,001dcee8e81efda3,True,location-k4-fold3-seed0,3
ar,F_R,29,MAE,474.0522030165188,1529550,001dcee8e81efda3,True,location-k4-fold3-seed0,3
ar,F_R,29,SS_vs_persistence,0.356871835484008,1529550,001dcee8e81efda3,True,location-k4-fold3-seed0,3
ar,F_R,29,SS_vs_seasonal,0.3629136956611374,1529550,001dcee8e81efda3,True,location-k4-fold3-seed0,3
ar,F_R,29,SS_vs_ar,0.0,1529550,001dcee8e81efda3,True,location-k4-fold3-seed0,3
ar,F_R,30,MSE,684041.8598266122,1529550,001dcee8e81efda3,True,location-k4-fold3-seed0,3
ar,F_R,30,MAE,475.0855510953434,1529550,001dcee8e81efda3,True,location-k4-fold3-seed0,3
ar,F_R,30,SS_vs_persistence,0.3404924192303568,1529550,001dcee8e81efda3,True,location-k4-fold3-seed0,3
ar,F_R,30,SS_vs_seasonal,0.3403346237629502,1529550,001dcee8e81efda3,True,location-k4-fold3-seed0,3
ar,F_R,30,SS_vs_ar,0.0,1529550,001dcee8e81efda3,True,location-k4-fold3-seed0,3
ar,F_R,all,MSE,574509.6827938868,1529550,001dcee8e81efda3,True,location-k4-fold3-seed0,3
ar,F_R,all,MAE,433.12132055765096,1529550,001dcee8e81efda3,True,location-k4-fold3-seed0,3
ar,F_R,all,SS_vs_persistence,0.38266497285403855,1529550,001dcee8e81efda3,True,location-k4-fold3-seed0,3
ar,F_R,all,SS_vs_seasonal,0.4216482972080414,1529550,001dcee8e81efda3,True,location-k4-fold3-seed0,3
ar,F_R,all,SS_vs_ar,0.0,1529550,001dcee8e81efda3,True,location-k4-fold3-seed0,3
ar,CoPx_R,1,MSE,0.013420630980659255,1377082,001dcee8e81efda3,True,location-k4-fold3-seed0,3
ar,CoPx_R,1,MAE,0.08259418084018201,1377082,001dcee8e81efda3,True,location-k4-fold3-seed0,3
ar,CoPx_R,1,SS_vs_persistence,0.43482691224688474,1377082,001dcee8e81efda3,True,location-k4-fold3-seed0,3
ar,CoPx_R,1,SS_vs_seasonal,0.546969817372136,1377082,001dcee8e81efda3,True,location-k4-fold3-seed0,3
ar,CoPx_R,1,SS_vs_ar,7.451217420850753e-11,1377082,001dcee8e81efda3,True,location-k4-fold3-seed0,3
ar,CoPx_R,2,MSE,0.01407898849316672,1377082,001dcee8e81efda3,True,location-k4-fold3-seed0,3
ar,CoPx_R,2,MAE,0.08534502191082168,1377082,001dcee8e81efda3,True,location-k4-fold3-seed0,3
ar,CoPx_R,2,SS_vs_persistence,0.43185162534337695,1377082,001dcee8e81efda3,True,location-k4-fold3-seed0,3
ar,CoPx_R,2,SS_vs_seasonal,0.5290603890773153,1377082,001dcee8e81efda3,True,location-k4-fold3-seed0,3
ar,CoPx_R,2,SS_vs_ar,7.102785026802394e-11,1377082,001dcee8e81efda3,True,location-k4-fold3-seed0,3
ar,CoPx_R,3,MSE,0.01465184220697236,1377082,001dcee8e81efda3,True,location-k4-fold3-seed0,3
ar,CoPx_R,3,MAE,0.08742435370849135,1377082,001dcee8e81efda3,True,location-k4-fold3-seed0,3
ar,CoPx_R,3,SS_vs_persistence,0.46428778500454804,1377082,001dcee8e81efda3,True,location-k4-fold3-seed0,3
ar,CoPx_R,3,SS_vs_seasonal,0.5142259866617815,1377082,001dcee8e81efda3,True,location-k4-fold3-seed0,3
ar,CoPx_R,3,SS_vs_ar,6.825084941652904e-11,1377082,001dcee8e81efda3,True,location-k4-fold3-seed0,3
ar,CoPx_R,4,MSE,0.014940299545730649,1377082,001dcee8e81efda3,True,location-k4-fold3-seed0,3
ar,CoPx_R,4,MAE,0.0887442403259912,1377082,001dcee8e81efda3,True,location-k4-fold3-seed0,3
ar,CoPx_R,4,SS_vs_persistence,0.4324486576469514,1377082,001dcee8e81efda3,True,location-k4-fold3-seed0,3
ar,CoPx_R,4,SS_vs_seasonal,0.500902149007664,1377082,001dcee8e81efda3,True,location-k4-fold3-seed0,3
ar,CoPx_R,4,SS_vs_ar,6.693312570860144e-11,1377082,001dcee8e81efda3,True,location-k4-fold3-seed0,3
ar,CoPx_R,5,MSE,0.015468071417464901,1377082,001dcee8e81efda3,True,location-k4-fold3-seed0,3
ar,CoPx_R,5,MAE,0.09064193051592574,1377082,001dcee8e81efda3,True,location-k4-fold3-seed0,3
ar,CoPx_R,5,SS_vs_persistence,0.46388733469612764,1377082,001dcee8e81efda3,True,location-k4-fold3-seed0,3
ar,CoPx_R,5,SS_vs_seasonal,0.4864560186707749,1377082,001dcee8e81efda3,True,location-k4-fold3-seed0,3
ar,CoPx_R,5,SS_vs_ar,6.464928592464503e-11,1377082,001dcee8e81efda3,True,location-k4-fold3-seed0,3
ar,CoPx_R,6,MSE,0.01577716689503633,1377082,001dcee8e81efda3,True,location-k4-fold3-seed0,3
ar,CoPx_R,6,MAE,0.09167296523452974,1377082,001dcee8e81efda3,True,location-k4-fold3-seed0,3
ar,CoPx_R,6,SS_vs_persistence,0.4407097478530513,1377082,001dcee8e81efda3,True,location-k4-fold3-seed0,3
ar,CoPx_R,6,SS_vs_seasonal,0.4738254775113314,1377082,001dcee8e81efda3,True,location-k4-fold3-seed0,3
ar,CoPx_R,6,SS_vs_ar,6.338263247585019e-11,1377082,001dcee8e81efda3,True,location-k4-fold3-seed0,3
ar,CoPx_R,7,MSE,0.016136886993982313,1377082,001dcee8e81efda3,True,location-k4-fold3-seed0,3
ar,CoPx_R,7,MAE,0.0930732146074701,1377082,001dcee8e81efda3,True,location-k4-fold3-seed0,3
ar,CoPx_R,7,SS_vs_persistence,0.46768520709763317,1377082,001dcee8e81efda3,True,location-k4-fold3-seed0,3
ar,CoPx_R,7,SS_vs_seasonal,0.46923347364505297,1377082,001dcee8e81efda3,True,location-k4-fold3-seed0,3
ar,CoPx_R,7,SS_vs_ar,6.196976265471221e-11,1377082,001dcee8e81efda3,True,location-k4-fold3-seed0,3
ar,CoPx_R,8,MSE,0.016279289621360524,1377082,001dcee8e81efda3,True,location-k4-fold3-seed0,3
ar,CoPx_R,8,MAE,0.09361123855179329,1377082,001dcee8e81efda3,True,location-k4-fold3-seed0,3
ar,CoPx_R,8,SS_vs_persistence,0.444111709523051,1377082,001dcee8e81efda3,True,location-k4-fold3-seed0,3
ar,CoPx_R,8,SS_vs_seasonal,0.4585079196410726,1377082,001dcee8e81efda3,True,location-k4-fold3-seed0,3
ar,CoPx_R,8,SS_vs_ar,6.142764075178775e-11,1377082,001dcee8e81efda3,True,location-k4-fold3-seed0,3
ar,CoPx_R,9,MSE,0.016603067402674292,1377082,001dcee8e81efda3,True,location-k4-fold3-seed0,3
ar,CoPx_R,9,MAE,0.09464311627340831,1377082,001dcee8e81efda3,True,location-k4-fold3-seed0,3
ar,CoPx_R,9,SS_vs_persistence,0.44555097914101094,1377082,001dcee8e81efda3,True,location-k4-fold3-seed0,3
ar,CoPx_R,9,SS_vs_seasonal,0.4489060425248582,1377082,001dcee8e81efda3,True,location-k4-fold3-seed0,3
ar,CoPx_R,9,SS_vs_ar,6.02297101082172e-11,1377082,001dcee8e81efda3,True,location-k4-fold3-seed0,3
ar,CoPx_R,10,MSE,0.016872457602968967,1377082,001dcee8e81efda3,True,location-k4-fold3-seed0,3
ar,CoPx_R,10,MAE,0.0956251778436383,1377082,001dcee8e81efda3,True,location-k4-fold3-seed0,3
ar,CoPx_R,10,SS_vs_persistence,0.4294493454583289,1377082,001dcee8e81efda3,True,location-k4-fold3-seed0,3
ar,CoPx_R,10,SS_vs_seasonal,0.43504104896240836,1377082,001dcee8e81efda3,True,location-k4-fold3-seed0,3
ar,CoPx_R,10,SS_vs_ar,5.926814594658936e-11,1377082,001dcee8e81efda3,True,location-k4-fold3-seed0,3
ar,CoPx_R,11,MSE,0.017252612721923723,1377082,001dcee8e81efda3,True,location-k4-fold3-seed0,3
ar,CoPx_R,11,MAE,0.09686648311702499,1377082,001dcee8e81efda3,True,location-k4-fold3-seed0,3
ar,CoPx_R,11,SS_vs_persistence,0.43757184826171436,1377082,001dcee8e81efda3,True,location-k4-fold3-seed0,3
ar,CoPx_R,11,SS_vs_seasonal,0.486614840311697,1377082,001dcee8e81efda3,True,location-k4-fold3-seed0,3
ar,CoPx_R,11,SS_vs_ar,5.7962190602722785e-11,1377082,001dcee8e81efda3,True,location-k4-fold3-seed0,3
ar,CoPx_R,12,MSE,0.01752672397894204,1377082,001dcee8e81efda3,True,location-k4-fold3-seed0,3
ar,CoPx_R,12,MAE,0.09775371601963645,1377082,001dcee8e81efda3,True,location-k4-fold3-seed0,3
ar,CoPx_R,12,SS_vs_persistence,0.4372925577719552,1377082,001dcee8e81efda3,True,location-k4-fold3-seed0,3
ar,CoPx_R,12,SS_vs_seasonal,0.4806501152502043,1377082,001dcee8e81efda3,True,location-k4-fold3-seed0,3
ar,CoPx_R,12,SS_vs_ar,5.7055693503116345e-11,1377082,001dcee8e81efda3,True,location-k4-fold3-seed0,3
ar,CoPx_R,13,MSE,0.017790039380790455,1377082,001dcee8e81efda3,True,location-k4-fold3-seed0,3
ar,CoPx_R,13,MAE,0.09865463357879359,1377082,001dcee8e81efda3,True,location-k4-fold3-seed0,3
ar,CoPx_R,13,SS_vs_persistence,0.46013283499660773,1377082,001dcee8e81efda3,True,location-k4-fold3-seed0,3
ar,CoPx_R,13,SS_vs_seasonal,0.4771925260525276,1377082,001dcee8e81efda3,True,location-k4-fold3-seed0,3
ar,CoPx_R,13,SS_vs_ar,5.621114684828399e-11,1377082,001dcee8e81efda3,True,location-k4-fold3-seed0,3
ar,CoPx_R,14,MSE,0.017949687734874067,1377082,001dcee8e81efda3,True,location-k4-fold3-seed0,3
ar,CoPx_R,14,MAE,0.09915325736155485,1377082,001dcee8e81efda3,True,location-k4-fold3-seed0,3
ar,CoPx_R,14,SS_vs_persistence,0.4338333959462285,1377082,001dcee8e81efda3,True,location-k4-fold3-seed0,3
ar,CoPx_R,14,SS_vs_seasonal,0.4701407125109893,1377082,001dcee8e81efda3,True,location-k4-fold3-seed0,3
ar,CoPx_R,14,SS_vs_ar,5.571121342029528e-11,1377082,001dcee8e81efda3,True,location-k4-fold3-seed0,3
ar,CoPx_R,15,MSE,0.018219999306181203,1377082,001dcee8e81efda3,True,location-k4-fold3-seed0,3
ar,CoPx_R,15,MAE,0.10007953105696382,1377082,001dcee8e81efda3,True,location-k4-fold3-seed0,3
ar,CoPx_R,15,SS_vs_persistence,0.4367173571542837,1377082,001dcee8e81efda3,True,location-k4-fold3-seed0,3
ar,CoPx_R,15,SS_vs_seasonal,0.46219217481730823,1377082,001dcee8e81efda3,True,location-k4-fold3-seed0,3
ar,CoPx_R,15,SS_vs_ar,5.488465237846185e-11,1377082,001dcee8e81efda3,True,location-k4-fold3-seed0,3
ar,CoPx_R,16,MSE,0.018453063450488895,1377082,001dcee8e81efda3,True,location-k4-fold3-seed0,3
ar,CoPx_R,16,MAE,0.10082884162394679,1377082,001dcee8e81efda3,True,location-k4-fold3-seed0,3
ar,CoPx_R,16,SS_vs_persistence,0.440447257723793,1377082,001dcee8e81efda3,True,location-k4-fold3-seed0,3
ar,CoPx_R,16,SS_vs_seasonal,0.455482490994891,1377082,001dcee8e81efda3,True,location-k4-fold3-seed0,3
ar,CoPx_R,16,SS_vs_ar,5.4191429121885903e-11,1377082,001dcee8e81efda3,True,location-k4-fold3-seed0,3
ar,CoPx_R,17,MSE,0.018616994345490467,1377082,001dcee8e81efda3,True,location-k4-fold3-seed0,3
ar,CoPx_R,17,MAE,0.10141287216564547,1377082,001dcee8e81efda3,True,location-k4-fold3-seed0,3
ar,CoPx_R,17,SS_vs_persistence,0.43986600769918216,1377082,001dcee8e81efda3,True,location-k4-fold3-seed0,3
ar,CoPx_R,17,SS_vs_seasonal,0.4488256904665584,1377082,001dcee8e81efda3,True,location-k4-fold3-seed0,3
ar,CoPx_R,17,SS_vs_ar,5.371425526590201e-11,1377082,001dcee8e81efda3,True,location-k4-fold3-seed0,3
ar,CoPx_R,18,MSE,0.018819242094241923,1377082,001dcee8e81efda3,True,location-k4-fold3-seed0,3
ar,CoPx_R,18,MAE,0.10213942675119388,1377082,001dcee8e81efda3,True,location-k4-fold3-seed0,3
ar,CoPx_R,18,SS_vs_persistence,0.43165649543633955,1377082,001dcee8e81efda3,True,location-k4-fold3-seed0,3
ar,CoPx_R,18,SS_vs_seasonal,0.4441203172025231,1377082,001dcee8e81efda3,True,location-k4-fold3-seed0,3
ar,CoPx_R,18,SS_vs_ar,5.313705031539939e-11,1377082,001dcee8e81efda3,True,location-k4-fold3-seed0,3
ar,CoPx_R,19,MSE,0.019034451989846022,1377082,001dcee8e81efda3,True,location-k4-fold3-seed0,3
ar,CoPx_R,19,MAE,0.10272123914694471,1377082,001dcee8e81efda3,True,location-k4-fold3-seed0,3
ar,CoPx_R,19,SS_vs_persistence,0.44300530591579335,1377082,001dcee8e81efda3,True,location-k4-fold3-seed0,3
ar,CoPx_R,19,SS_vs_seasonal,0.4412163462999755,1377082,001dcee8e81efda3,True,location-k4-fold3-seed0,3
ar,CoPx_R,19,SS_vs_ar,5.253619761447226e-11,1377082,001dcee8e81efda3,True,location-k4-fold3-seed0,3
ar,CoPx_R,20,MSE,0.019125487955570772,1377082,001dcee8e81efda3,True,location-k4-fold3-seed0,3
ar,CoPx_R,20,MAE,0.10310104747100877,1377082,001dcee8e81efda3,True,location-k4-fold3-seed0,3
ar,CoPx_R,20,SS_vs_persistence,0.43480422224998827,1377082,001dcee8e81efda3,True,location-k4-fold3-seed0,3
ar,CoPx_R,20,SS_vs_seasonal,0.4340774552290285,1377082,001dcee8e81efda3,True,location-k4-fold3-seed0,3
ar,CoPx_R,20,SS_vs_ar,5.228617538932667e-11,1377082,001dcee8e81efda3,True,location-k4-fold3-seed0,3
ar,CoPx_R,21,MSE,0.019235395523545085,1377082,001dcee8e81efda3,True,location-k4-fold3-seed0,3
ar,CoPx_R,21,MAE,0.10347925669129218,1377082,001dcee8e81efda3,True,location-k4-fold3-seed0,3
ar,CoPx_R,21,SS_vs_persistence,0.44099718366357554,1377082,001dcee8e81efda3,True,location-k4-fold3-seed0,3
ar,CoPx_R,21,SS_vs_seasonal,0.46602849190443973,1377082,001dcee8e81efda3,True,location-k4-fold3-seed0,3
ar,CoPx_R,21,SS_vs_ar,5.198741437340004e-11,1377082,001dcee8e81efda3,True,location-k4-fold3-seed0,3
ar,CoPx_R,22,MSE,0.019380819214839376,1377082,001dcee8e81efda3,True,location-k4-fold3-seed0,3
ar,CoPx_R,22,MAE,0.10400671068429247,1377082,001dcee8e81efda3,True,location-k4-fold3-seed0,3
ar,CoPx_R,22,SS_vs_persistence,0.43233975005074465,1377082,001dcee8e81efda3,True,location-k4-fold3-seed0,3
ar,CoPx_R,22,SS_vs_seasonal,0.459963240436953,1377082,001dcee8e81efda3,True,location-k4-fold3-seed0,3
ar,CoPx_R,22,SS_vs_ar,5.1597393024849225e-11,1377082,001dcee8e81efda3,True,location-k4-fold3-seed0,3
ar,CoPx_R,23,MSE,0.019532845999391552,1377082,001dcee8e81efda3,True,location-k4-fold3-seed0,3
ar,CoPx_R,23,MAE,0.10455124484655723,1377082,001dcee8e81efda3,True,location-k4-fold3-seed0,3
ar,CoPx_R,23,SS_vs_persistence,0.4396297501161295,1377082,001dcee8e81efda3,True,location-k4-fold3-seed0,3
ar,CoPx_R,23,SS_vs_seasonal,0.45291722932555345,1377082,001dcee8e81efda3,True,location-k4-fold3-seed0,3
ar,CoPx_R,23,SS_vs_ar,5.1195714334539844e-11,1377082,001dcee8e81efda3,True,location-k4-fold3-seed0,3
ar,CoPx_R,24,MSE,0.019688914274736388,1377082,001dcee8e81efda3,True,location-k4-fold3-seed0,3
ar,CoPx_R,24,MAE,0.10516477832312744,1377082,001dcee8e81efda3,True,location-k4-fold3-seed0,3
ar,CoPx_R,24,SS_vs_persistence,0.43122329091154343,1377082,001dcee8e81efda3,True,location-k4-fold3-seed0,3
ar,CoPx_R,24,SS_vs_seasonal,0.45339428512345425,1377082,001dcee8e81efda3,True,location-k4-fold3-seed0,3
ar,CoPx_R,24,SS_vs_ar,5.078992781903935e-11,1377082,001dcee8e81efda3,True,location-k4-fold3-seed0,3
ar,CoPx_R,25,MSE,0.01980118713009478,1377082,001dcee8e81efda3,True,location-k4-fold3-seed0,3
ar,CoPx_R,25,MAE,0.10564746913154807,1377082,001dcee8e81efda3,True,location-k4-fold3-seed0,3
ar,CoPx_R,25,SS_vs_persistence,0.4431544022236684,1377082,001dcee8e81efda3,True,location-k4-fold3-seed0,3
ar,CoPx_R,25,SS_vs_seasonal,0.44880764186984745,1377082,001dcee8e81efda3,True,location-k4-fold3-seed0,3
ar,CoPx_R,25,SS_vs_ar,5.050193596645158e-11,1377082,001dcee8e81efda3,True,location-k4-fold3-seed0,3
ar,CoPx_R,26,MSE,0.019929345226844263,1377082,001dcee8e81efda3,True,location-k4-fold3-seed0,3
ar,CoPx_R,26,MAE,0.10612472324066435,1377082,001dcee8e81efda3,True,location-k4-fold3-seed0,3
ar,CoPx_R,26,SS_vs_persistence,0.44180367741907856,1377082,001dcee8e81efda3,True,location-k4-fold3-seed0,3
ar,CoPx_R,26,SS_vs_seasonal,0.44682284432046804,1377082,001dcee8e81efda3,True,location-k4-fold3-seed0,3
ar,CoPx_R,26,SS_vs_ar,5.0177195731748725e-11,1377082,001dcee8e81efda3,True,location-k4-fold3-seed0,3
ar,CoPx_R,27,MSE,0.02006174585053692,1377082,001dcee8e81efda3,True,location-k4-fold3-seed0,3
ar,CoPx_R,27,MAE,0.10657398860566364,1377082,001dcee8e81efda3,True,location-k4-fold3-seed0,3
ar,CoPx_R,27,SS_vs_persistence,0.45063200084060673,1377082,001dcee8e81efda3,True,location-k4-fold3-seed0,3
ar,CoPx_R,27,SS_vs_seasonal,0.44662017388744923,1377082,001dcee8e81efda3,True,location-k4-fold3-seed0,3
ar,CoPx_R,27,SS_vs_ar,4.984601620350304e-11,1377082,001dcee8e81efda3,True,location-k4-fold3-seed0,3
ar,CoPx_R,28,MSE,0.020145416399005932,1377082,001dcee8e81efda3,True,location-k4-fold3-seed0,3
ar,CoPx_R,28,MAE,0.1068753787237646,1377082,001dcee8e81efda3,True,location-k4-fold3-seed0,3
ar,CoPx_R,28,SS_vs_persistence,0.4336208097003551,1377082,001dcee8e81efda3,True,location-k4-fold3-seed0,3
ar,CoPx_R,28,SS_vs_seasonal,0.4451979575191819,1377082,001dcee8e81efda3,True,location-k4-fold3-seed0,3
ar,CoPx_R,28,SS_vs_ar,4.963907063171291e-11,1377082,001dcee8e81efda3,True,location-k4-fold3-seed0,3
ar,CoPx_R,29,MSE,0.020264817432350653,1377082,001dcee8e81efda3,True,location-k4-fold3-seed0,3
ar,CoPx_R,29,MAE,0.10729150689578457,1377082,001dcee8e81efda3,True,location-k4-fold3-seed0,3
ar,CoPx_R,29,SS_vs_persistence,0.45237612994631227,1377082,001dcee8e81efda3,True,location-k4-fold3-seed0,3
ar,CoPx_R,29,SS_vs_seasonal,0.44544525158430115,1377082,001dcee8e81efda3,True,location-k4-fold3-seed0,3
ar,CoPx_R,29,SS_vs_ar,4.934652686472418e-11,1377082,001dcee8e81efda3,True,location-k4-fold3-seed0,3
ar,CoPx_R,30,MSE,0.02029659028933067,1377082,001dcee8e81efda3,True,location-k4-fold3-seed0,3
ar,CoPx_R,30,MAE,0.10751821923102735,1377082,001dcee8e81efda3,True,location-k4-fold3-seed0,3
ar,CoPx_R,30,SS_vs_persistence,0.4438690103872115,1377082,001dcee8e81efda3,True,location-k4-fold3-seed0,3
ar,CoPx_R,30,SS_vs_seasonal,0.44151018365631056,1377082,001dcee8e81efda3,True,location-k4-fold3-seed0,3
ar,CoPx_R,30,SS_vs_ar,4.926925534221027e-11,1377082,001dcee8e81efda3,True,location-k4-fold3-seed0,3
ar,CoPx_R,all,MSE,0.017845661547385934,1377082,001dcee8e81efda3,True,location-k4-fold3-seed0,3
ar,CoPx_R,all,MAE,0.09877912677602584,1377082,001dcee8e81efda3,True,location-k4-fold3-seed0,3
ar,CoPx_R,all,SS_vs_persistence,0.4420024714765156,1377082,001dcee8e81efda3,True,location-k4-fold3-seed0,3
ar,CoPx_R,all,SS_vs_seasonal,0.46449942402289657,1377082,001dcee8e81efda3,True,location-k4-fold3-seed0,3
ar,CoPx_R,all,SS_vs_ar,5.603595365499814e-11,1377082,001dcee8e81efda3,True,location-k4-fold3-seed0,3
ar,CoPy_R,1,MSE,0.018987696958027215,1377082,001dcee8e81efda3,True,location-k4-fold3-seed0,3
ar,CoPy_R,1,MAE,0.10150591273692414,1377082,001dcee8e81efda3,True,location-k4-fold3-seed0,3
ar,CoPy_R,1,SS_vs_persistence,0.4214556701188832,1377082,001dcee8e81efda3,True,location-k4-fold3-seed0,3
ar,CoPy_R,1,SS_vs_seasonal,0.5038841261887081,1377082,001dcee8e81efda3,True,location-k4-fold3-seed0,3
ar,CoPy_R,1,SS_vs_ar,5.266564961914355e-11,1377082,001dcee8e81efda3,True,location-k4-fold3-seed0,3
ar,CoPy_R,2,MSE,0.019714958035718416,1377082,001dcee8e81efda3,True,location-k4-fold3-seed0,3
ar,CoPy_R,2,MAE,0.10356350016563835,1377082,001dcee8e81efda3,True,location-k4-fold3-seed0,3
ar,CoPy_R,2,SS_vs_persistence,0.4653249913868407,1377082,001dcee8e81efda3,True,location-k4-fold3-seed0,3
ar,CoPy_R,2,SS_vs_seasonal,0.4934439601600704,1377082,001dcee8e81efda3,True,location-k4-fold3-seed0,3
ar,CoPy_R,2,SS_vs_ar,5.072287034835199e-11,1377082,001dcee8e81efda3,True,location-k4-fold3-seed0,3
ar,CoPy_R,3,MSE,0.019992460756320666,1377082,001dcee8e81efda3,True,location-k4-fold3-seed0,3
ar,CoPy_R,3,MAE,0.10433073477855162,1377082,001dcee8e81efda3,True,location-k4-fold3-seed0,3
ar,CoPy_R,3,SS_vs_persistence,0.481877467746329,1377082,001dcee8e81efda3,True,location-k4-fold3-seed0,3
ar,CoPy_R,3,SS_vs_seasonal,0.48750527524573717,1377082,001dcee8e81efda3,True,location-k4-fold3-seed0,3
ar,CoPy_R,3,SS_vs_ar,5.0018766906134715e-11,1377082,001dcee8e81efda3,True,location-k4-fold3-seed0,3
ar,CoPy_R,4,MSE,0.020101643335501573,1377082,001dcee8e81efda3,True,location-k4-fold3-seed0,3
ar,CoPy_R,4,MAE,0.10467832384257297,1377082,001dcee8e81efda3,True,location-k4-fold3-seed0,3
ar,CoPy_R,4,SS_vs_persistence,0.487794539672592,1377082,001dcee8e81efda3,True,location-k4-fold3-seed0,3
ar,CoPy_R,4,SS_vs_seasonal,0.4892225445581817,1377082,001dcee8e81efda3,True,location-k4-fold3-seed0,3
ar,CoPy_R,4,SS_vs_ar,4.974709533200894e-11,1377082,001dcee8e81efda3,True,location-k4-fold3-seed0,3
ar,CoPy_R,5,MSE,0.020209855202171757,1377082,001dcee8e81efda3,True,location-k4-fold3-seed0,3
ar,CoPy_R,5,MAE,0.10493034138513774,1377082,001dcee8e81efda3,True,location-k4-fold3-seed0,3
ar,CoPy_R,5,SS_vs_persistence,0.48797483909172357,1377082,001dcee8e81efda3,True,location-k4-fold3-seed0,3
ar,CoPy_R,5,SS_vs_seasonal,0.484947791176503,1377082,001dcee8e81efda3,True,location-k4-fold3-seed0,3
ar,CoPy_R,5,SS_vs_ar,4.9480752828401364e-11,1377082,001dcee8e81efda3,True,location-k4-fold3-seed0,3
ar,CoPy_R,6,MSE,0.020359032241739718,1377082,001dcee8e81efda3,True,location-k4-fold3-seed0,3
ar,CoPy_R,6,MAE,0.10526010515458613,1377082,001dcee8e81efda3,True,location-k4-fold3-seed0,3
ar,CoPy_R,6,SS_vs_persistence,0.4764187145223351,1377082,001dcee8e81efda3,True,location-k4-fold3-seed0,3
ar,CoPy_R,6,SS_vs_seasonal,0.47873589938275385,1377082,001dcee8e81efda3,True,location-k4-fold3-seed0,3
ar,CoPy_R,6,SS_vs_ar,4.911815398855879e-11,1377082,001dcee8e81efda3,True,location-k4-fold3-seed0,3
ar,CoPy_R,7,MSE,0.020510563993409035,1377082,001dcee8e81efda3,True,location-k4-fold3-seed0,3
ar,CoPy_R,7,MAE,0.10568586275739887,1377082,001dcee8e81efda3,True,location-k4-fold3-seed0,3
ar,CoPy_R,7,SS_vs_persistence,0.4802971773094439,1377082,001dcee8e81efda3,True,location-k4-fold3-seed0,3
ar,CoPy_R,7,SS_vs_seasonal,0.4742048218661332,1377082,001dcee8e81efda3,True,location-k4-fold3-seed0,3
ar,CoPy_R,7,SS_vs_ar,4.875533310411129e-11,1377082,001dcee8e81efda3,True,location-k4-fold3-seed0,3
ar,CoPy_R,8,MSE,0.02059106158797847,1377082,001dcee8e81efda3,True,location-k4-fold3-seed0,3
ar,CoPy_R,8,MAE,0.10596280390267893,1377082,001dcee8e81efda3,True,location-k4-fold3-seed0,3
ar,CoPy_R,8,SS_vs_persistence,0.46955090196171334,1377082,001dcee8e81efda3,True,location-k4-fold3-seed0,3
ar,CoPy_R,8,SS_vs_seasonal,0.4676165301734594,1377082,001dcee8e81efda3,True,location-k4-fold3-seed0,3
ar,CoPy_R,8,SS_vs_ar,4.856470781078315e-11,1377082,001dcee8e81efda3,True,location-k4-fold3-seed0,3
ar,CoPy_R,9,MSE,0.020694567171253227,1377082,001dcee8e81efda3,True,location-k4-fold3-seed0,3
ar,CoPy_R,9,MAE,0.10632980750404078,1377082,001dcee8e81efda3,True,location-k4-fold3-seed0,3
ar,CoPy_R,9,SS_vs_persistence,0.4618721027953735,1377082,001dcee8e81efda3,True,location-k4-fold3-seed0,3
ar,CoPy_R,9,SS_vs_seasonal,0.4636784946932645,1377082,001dcee8e81efda3,True,location-k4-fold3-seed0,3
ar,CoPy_R,9,SS_vs_ar,4.8321791012995163e-11,1377082,001dcee8e81efda3,True,location-k4-fold3-seed0,3
ar,CoPy_R,10,MSE,0.02087031609143273,1377082,001dcee8e81efda3,True,location-k4-fold3-seed0,3
ar,CoPy_R,10,MAE,0.10682041655833667,1377082,001dcee8e81efda3,True,location-k4-fold3-seed0,3
ar,CoPy_R,10,SS_vs_persistence,0.46107639441305426,1377082,001dcee8e81efda3,True,location-k4-fold3-seed0,3
ar,CoPy_R,10,SS_vs_seasonal,0.46076925657186574,1377082,001dcee8e81efda3,True,location-k4-fold3-seed0,3
ar,CoPy_R,10,SS_vs_ar,4.7914894274470043e-11,1377082,001dcee8e81efda3,True,location-k4-fold3-seed0,3
ar,CoPy_R,11,MSE,0.021109795131482832,1377082,001dcee8e81efda3,True,location-k4-fold3-seed0,3
ar,CoPy_R,11,MAE,0.10748768967904673,1377082,001dcee8e81efda3,True,location-k4-fold3-seed0,3
ar,CoPy_R,11,SS_vs_persistence,0.4732289552475991,1377082,001dcee8e81efda3,True,location-k4-fold3-seed0,3
ar,CoPy_R,11,SS_vs_seasonal,0.49770378785549985,1377082,001dcee8e81efda3,True,location-k4-fold3-seed0,3
ar,CoPy_R,11,SS_vs_ar,4.737132908161357e-11,1377082,001dcee8e81efda3,True,location-k4-fold3-seed0,3
ar,CoPy_R,12,MSE,0.021217826740668095,1377082,001dcee8e81efda3,True,location-k4-fold3-seed0,3
ar,CoPy_R,12,MAE,0.10776510877519563,1377082,001dcee8e81efda3,True,location-k4-fold3-seed0,3
ar,CoPy_R,12,SS_vs_persistence,0.4836415819877581,1377082,001dcee8e81efda3,True,location-k4-fold3-seed0,3
ar,CoPy_R,12,SS_vs_seasonal,0.4974664710451454,1377082,001dcee8e81efda3,True,location-k4-fold3-seed0,3
ar,CoPy_R,12,SS_vs_ar,4.713007761836252e-11,1377082,001dcee8e81efda3,True,location-k4-fold3-seed0,3
ar,CoPy_R,13,MSE,0.021261859674655367,1377082,001dcee8e81efda3,True,location-k4-fold3-seed0,3
ar,CoPy_R,13,MAE,0.10783374322117205,1377082,001dcee8e81efda3,True,location-k4-fold3-seed0,3
ar,CoPy_R,13,SS_vs_persistence,0.4920785921119081,1377082,001dcee8e81efda3,True,location-k4-fold3-seed0,3
ar,CoPy_R,13,SS_vs_seasonal,0.4977281602547793,1377082,001dcee8e81efda3,True,location-k4-fold3-seed0,3
ar,CoPy_R,13,SS_vs_ar,4.703248901449797e-11,1377082,001dcee8e81efda3,True,location-k4-fold3-seed0,3
ar,CoPy_R,14,MSE,0.0212832554583463,1377082,001dcee8e81efda3,True,location-k4-fold3-seed0,3
ar,CoPy_R,14,MAE,0.10792184434420396,1377082,001dcee8e81efda3,True,location-k4-fold3-seed0,3
ar,CoPy_R,14,SS_vs_persistence,0.4782378201048698,1377082,001dcee8e81efda3,True,location-k4-fold3-seed0,3
ar,CoPy_R,14,SS_vs_seasonal,0.4932083960585144,1377082,001dcee8e81efda3,True,location-k4-fold3-seed0,3
ar,CoPy_R,14,SS_vs_ar,4.698519351364894e-11,1377082,001dcee8e81efda3,True,location-k4-fold3-seed0,3
ar,CoPy_R,15,MSE,0.021351294683386937,1377082,001dcee8e81efda3,True,location-k4-fold3-seed0,3
ar,CoPy_R,15,MAE,0.10806985658397751,1377082,001dcee8e81efda3,True,location-k4-fold3-seed0,3
ar,CoPy_R,15,SS_vs_persistence,0.4629374518064022,1377082,001dcee8e81efda3,True,location-k4-fold3-seed0,3
ar,CoPy_R,15,SS_vs_seasonal,0.48762616573197204,1377082,001dcee8e81efda3,True,location-k4-fold3-seed0,3
ar,CoPy_R,15,SS_vs_ar,4.6835535449929466e-11,1377082,001dcee8e81efda3,True,location-k4-fold3-seed0,3
ar,CoPy_R,16,MSE,0.02158841338332189,1377082,001dcee8e81efda3,True,location-k4-fold3-seed0,3
ar,CoPy_R,16,MAE,0.10870522600329477,1377082,001dcee8e81efda3,True,location-k4-fold3-seed0,3
ar,CoPy_R,16,SS_vs_persistence,0.47069066069208776,1377082,001dcee8e81efda3,True,location-k4-fold3-seed0,3
ar,CoPy_R,16,SS_vs_seasonal,0.4814382649013903,1377082,001dcee8e81efda3,True,location-k4-fold3-seed0,3
ar,CoPy_R,16,SS_vs_ar,4.632105810031817e-11,1377082,001dcee8e81efda3,True,location-k4-fold3-seed0,3
ar,CoPy_R,17,MSE,0.021752133268037984,1377082,001dcee8e81efda3,True,location-k4-fold3-seed0,3
ar,CoPy_R,17,MAE,0.10909251474672646,1377082,001dcee8e81efda3,True,location-k4-fold3-seed0,3
ar,CoPy_R,17,SS_vs_persistence,0.47358482676062386,1377082,001dcee8e81efda3,True,location-k4-fold3-seed0,3
ar,CoPy_R,17,SS_vs_seasonal,0.48083618437009756,1377082,001dcee8e81efda3,True,location-k4-fold3-seed0,3
ar,CoPy_R,17,SS_vs_ar,4.597244807058587e-11,1377082,001dcee8e81efda3,True,location-k4-fold3-seed0,3
ar,CoPy_R,18,MSE,0.021821844203962375,1377082,001dcee8e81efda3,True,location-k4-fold3-seed0,3
ar,CoPy_R,18,MAE,0.10921370518113362,1377082,001dcee8e81efda3,True,location-k4-fold3-seed0,3
ar,CoPy_R,18,SS_vs_persistence,0.478505818284639,1377082,001dcee8e81efda3,True,location-k4-fold3-seed0,3
ar,CoPy_R,18,SS_vs_seasonal,0.47858193137551885,1377082,001dcee8e81efda3,True,location-k4-fold3-seed0,3
ar,CoPy_R,18,SS_vs_ar,4.582556556442796e-11,1377082,001dcee8e81efda3,True,location-k4-fold3-seed0,3
ar,CoPy_R,19,MSE,0.021917882548347478,1377082,001dcee8e81efda3,True,location-k4-fold3-seed0,3
ar,CoPy_R,19,MAE,0.10945850020312684,1377082,001dcee8e81efda3,True,location-k4-fold3-seed0,3
ar,CoPy_R,19,SS_vs_persistence,0.4838631489490729,1377082,001dcee8e81efda3,True,location-k4-fold3-seed0,3
ar,CoPy_R,19,SS_vs_seasonal,0.48097821551035924,1377082,001dcee8e81efda3,True,location-k4-fold3-seed0,3
ar,CoPy_R,19,SS_vs_ar,4.562483724157573e-11,1377082,001dcee8e81efda3,True,location-k4-fold3-seed0,3
ar,CoPy_R,20,MSE,0.02194638585470889,1377082,001dcee8e81efda3,True,location-k4-fold3-seed0,3
ar,CoPy_R,20,MAE,0.10965896586711038,1377082,001dcee8e81efda3,True,location-k4-fold3-seed0,3
ar,CoPy_R,20,SS_vs_persistence,0.48438463505107854,1377082,001dcee8e81efda3,True,location-k4-fold3-seed0,3
ar,CoPy_R,20,SS_vs_seasonal,0.47837829076817784,1377082,001dcee8e81efda3,True,location-k4-fold3-seed0,3
ar,CoPy_R,20,SS_vs_ar,4.556555133206075e-11,1377082,001dcee8e81efda3,True,location-k4-fold3-seed0,3
ar,CoPy_R,21,MSE,0.022034213316982475,1377082,001dcee8e81efda3,True,location-k4-fold3-seed0,3
ar,CoPy_R,21,MAE,0.1098473288084716,1377082,001dcee8e81efda3,True,location-k4-fold3-seed0,3
ar,CoPy_R,21,SS_vs_persistence,0.48696221507861925,1377082,001dcee8e81efda3,True,location-k4-fold3-seed0,3
ar,CoPy_R,21,SS_vs_seasonal,0.4812746938883402,1377082,001dcee8e81efda3,True,location-k4-fold3-seed0,3
ar,CoPy_R,21,SS_vs_ar,4.5383918845232074e-11,1377082,001dcee8e81efda3,True,location-k4-fold3-seed0,3
ar,CoPy_R,22,MSE,0.022091383328703754,1377082,001dcee8e81efda3,True,location-k4-fold3-seed0,3
ar,CoPy_R,22,MAE,0.10998851663581467,1377082,001dcee8e81efda3,True,location-k4-fold3-seed0,3
ar,CoPy_R,22,SS_vs_persistence,0.48341691468521375,1377082,001dcee8e81efda3,True,location-k4-fold3-seed0,3
ar,CoPy_R,22,SS_vs_seasonal,0.47918400771355485,1377082,001dcee8e81efda3,True,location-k4-fold3-seed0,3
ar,CoPy_R,22,SS_vs_ar,4.526645724922673e-11,1377082,001dcee8e81efda3,True,location-k4-fold3-seed0,3
ar,CoPy_R,23,MSE,0.022165319644548768,1377082,001dcee8e81efda3,True,location-k4-fold3-seed0,3
ar,CoPy_R,23,MAE,0.11017486052098803,1377082,001dcee8e81efda3,True,location-k4-fold3-seed0,3
ar,CoPy_R,23,SS_vs_persistence,0.47227898838438265,1377082,001dcee8e81efda3,True,location-k4-fold3-seed0,3
ar,CoPy_R,23,SS_vs_seasonal,0.4749915348104874,1377082,001dcee8e81efda3,True,location-k4-fold3-seed0,3
ar,CoPy_R,23,SS_vs_ar,4.511546691787771e-11,1377082,001dcee8e81efda3,True,location-k4-fold3-seed0,3
ar,CoPy_R,24,MSE,0.0222586553439291,1377082,001dcee8e81efda3,True,location-k4-fold3-seed0,3
ar,CoPy_R,24,MAE,0.11043849967911944,1377082,001dcee8e81efda3,True,location-k4-fold3-seed0,3
ar,CoPy_R,24,SS_vs_persistence,0.4748248969241389,1377082,001dcee8e81efda3,True,location-k4-fold3-seed0,3
ar,CoPy_R,24,SS_vs_seasonal,0.47476579564362864,1377082,001dcee8e81efda3,True,location-k4-fold3-seed0,3
ar,CoPy_R,24,SS_vs_ar,4.4926284914481585e-11,1377082,001dcee8e81efda3,True,location-k4-fold3-seed0,3
ar,CoPy_R,25,MSE,0.022384972838103052,1377082,001dcee8e81efda3,True,location-k4-fold3-seed0,3
ar,CoPy_R,25,MAE,0.1108782365782434,1377082,001dcee8e81efda3,True,location-k4-fold3-seed0,3
ar,CoPy_R,25,SS_vs_persistence,0.48047835490546076,1377082,001dcee8e81efda3,True,location-k4-fold3-seed0,3
ar,CoPy_R,25,SS_vs_seasonal,0.47351712570983895,1377082,001dcee8e81efda3,True,location-k4-fold3-seed0,3
ar,CoPy_R,25,SS_vs_ar,4.467282099795966e-11,1377082,001dcee8e81efda3,True,location-k4-fold3-seed0,3
ar,CoPy_R,26,MSE,0.022404635376076797,1377082,001dcee8e81efda3,True,location-k4-fold3-seed0,3
ar,CoPy_R,26,MAE,0.1109990853183005,1377082,001dcee8e81efda3,True,location-k4-fold3-seed0,3
ar,CoPy_R,26,SS_vs_persistence,0.4836036690029474,1377082,001dcee8e81efda3,True,location-k4-fold3-seed0,3
ar,CoPy_R,26,SS_vs_seasonal,0.47412865504160984,1377082,001dcee8e81efda3,True,location-k4-fold3-seed0,3
ar,CoPy_R,26,SS_vs_ar,4.463351910288793e-11,1377082,001dcee8e81efda3,True,location-k4-fold3-seed0,3
ar,CoPy_R,27,MSE,0.022448874374954856,1377082,001dcee8e81efda3,True,location-k4-fold3-seed0,3
ar,CoPy_R,27,MAE,0.11113134499564464,1377082,001dcee8e81efda3,True,location-k4-fold3-seed0,3
ar,CoPy_R,27,SS_vs_persistence,0.49073392032633323,1377082,001dcee8e81efda3,True,location-k4-fold3-seed0,3
ar,CoPy_R,27,SS_vs_seasonal,0.47578600486477274,1377082,001dcee8e81efda3,True,location-k4-fold3-seed0,3
ar,CoPy_R,27,SS_vs_ar,4.454558943933762e-11,1377082,001dcee8e81efda3,True,location-k4-fold3-seed0,3
ar,CoPy_R,28,MSE,0.022446739373919236,1377082,001dcee8e81efda3,True,location-k4-fold3-seed0,3
ar,CoPy_R,28,MAE,0.11110095824317216,1377082,001dcee8e81efda3,True,location-k4-fold3-seed0,3
ar,CoPy_R,28,SS_vs_persistence,0.49618928282780594,1377082,001dcee8e81efda3,True,location-k4-fold3-seed0,3
ar,CoPy_R,28,SS_vs_seasonal,0.47420617791330044,1377082,001dcee8e81efda3,True,location-k4-fold3-seed0,3
ar,CoPy_R,28,SS_vs_ar,4.4549808286831194e-11,1377082,001dcee8e81efda3,True,location-k4-fold3-seed0,3
ar,CoPy_R,29,MSE,0.022451222489826894,1377082,001dcee8e81efda3,True,location-k4-fold3-seed0,3
ar,CoPy_R,29,MAE,0.1110877012710013,1377082,001dcee8e81efda3,True,location-k4-fold3-seed0,3
ar,CoPy_R,29,SS_vs_persistence,0.5009069019647145,1377082,001dcee8e81efda3,True,location-k4-fold3-seed0,3
ar,CoPy_R,29,SS_vs_seasonal,0.4749338789095806,1377082,001dcee8e81efda3,True,location-k4-fold3-seed0,3
ar,CoPy_R,29,SS_vs_ar,4.454092650263419e-11,1377082,001dcee8e81efda3,True,location-k4-fold3-seed0,3
ar,CoPy_R,30,MSE,0.02239072334435272,1377082,001dcee8e81efda3,True,location-k4-fold3-seed0,3
ar,CoPy_R,30,MAE,0.11096389308161707,1377082,001dcee8e81efda3,True,location-k4-fold3-seed0,3
ar,CoPy_R,30,SS_vs_persistence,0.4792868838032738,1377082,001dcee8e81efda3,True,location-k4-fold3-seed0,3
ar,CoPy_R,30,SS_vs_seasonal,0.4725712463200995,1377082,001dcee8e81efda3,True,location-k4-fold3-seed0,3
ar,CoPy_R,30,SS_vs_ar,4.466127467850356e-11,1377082,001dcee8e81efda3,True,location-k4-fold3-seed0,3
ar,CoPy_R,all,MSE,0.021345579258758685,1377082,001dcee8e81efda3,True,location-k4-fold3-seed0,3
ar,CoPy_R,all,MAE,0.10803021864437566,1377082,001dcee8e81efda3,True,location-k4-fold3-seed0,3
ar,CoPy_R,all,SS_vs_persistence,0.4781506027010254,1377082,001dcee8e81efda3,True,location-k4-fold3-seed0,3
ar,CoPy_R,all,SS_vs_seasonal,0.48110988068682414,1377082,001dcee8e81efda3,True,location-k4-fold3-seed0,3
ar,CoPy_R,all,SS_vs_ar,4.684808097010773e-11,1377082,001dcee8e81efda3,True,location-k4-fold3-seed0,3
prob_gru,F_R,1,MSE,459498.1064998425,1529550,001dcee8e81efda3,True,location-k4-fold3-seed0,3
prob_gru,F_R,1,MAE,362.8703103303196,1529550,001dcee8e81efda3,True,location-k4-fold3-seed0,3
prob_gru,F_R,1,SS_vs_persistence,0.3582869409132825,1529550,001dcee8e81efda3,True,location-k4-fold3-seed0,3
prob_gru,F_R,1,SS_vs_seasonal,0.49010569990451813,1529550,001dcee8e81efda3,True,location-k4-fold3-seed0,3
prob_gru,F_R,1,SS_vs_ar,-0.007263078057002881,1529550,001dcee8e81efda3,True,location-k4-fold3-seed0,3
prob_gru,F_R,2,MSE,473792.9270222772,1529550,001dcee8e81efda3,True,location-k4-fold3-seed0,3
prob_gru,F_R,2,MAE,369.37969703669097,1529550,001dcee8e81efda3,True,location-k4-fold3-seed0,3
prob_gru,F_R,2,SS_vs_persistence,0.4182996882016584,1529550,001dcee8e81efda3,True,location-k4-fold3-seed0,3
prob_gru,F_R,2,SS_vs_seasonal,0.48487970852502227,1529550,001dcee8e81efda3,True,location-k4-fold3-seed0,3
prob_gru,F_R,2,SS_vs_ar,0.015307338322316455,1529550,001dcee8e81efda3,True,location-k4-fold3-seed0,3
prob_gru,F_R,3,MSE,477618.9786959039,1529550,001dcee8e81efda3,True,location-k4-fold3-seed0,3
prob_gru,F_R,3,MAE,375.7071615286972,1529550,001dcee8e81efda3,True,location-k4-fold3-seed0,3
prob_gru,F_R,3,SS_vs_persistence,0.4221544465573025,1529550,001dcee8e81efda3,True,location-k4-fold3-seed0,3
prob_gru,F_R,3,SS_vs_seasonal,0.4814758037296991,1529550,001dcee8e81efda3,True,location-k4-fold3-seed0,3
prob_gru,F_R,3,SS_vs_ar,0.012018995681782108,1529550,001dcee8e81efda3,True,location-k4-fold3-seed0,3
prob_gru,F_R,4,MSE,483140.87806589867,1529550,001dcee8e81efda3,True,location-k4-fold3-seed0,3
prob_gru,F_R,4,MAE,380.1747482066896,1529550,001dcee8e81efda3,True,location-k4-fold3-seed0,3
prob_gru,F_R,4,SS_vs_persistence,0.4172271923018839,1529550,001dcee8e81efda3,True,location-k4-fold3-seed0,3
prob_gru,F_R,4,SS_vs_seasonal,0.47408742525822534,1529550,001dcee8e81efda3,True,location-k4-fold3-seed0,3
prob_gru,F_R,4,SS_vs_ar,0.008603721980967705,1529550,001dcee8e81efda3,True,location-k4-fold3-seed0,3
prob_gru,F_R,5,MSE,489407.38661128207,1529550,001dcee8e81efda3,True,location-k4-fold3-seed0,3
prob_gru,F_R,5,MAE,384.86210577858986,1529550,001dcee8e81efda3,True,location-k4-fold3-seed0,3
prob_gru,F_R,5,SS_vs_persistence,0.41756615534394614,1529550,001dcee8e81efda3,True,location-k4-fold3-seed0,3
prob_gru,F_R,5,SS_vs_seasonal,0.46440844468000875,1529550,001dcee8e81efda3,True,location-k4-fold3-seed0,3
prob_gru,F_R,5,SS_vs_ar,0.00885866131587798,1529550,001dcee8e81efda3,True,location-k4-fold3-seed0,3
prob_gru,F_R,6,MSE,493715.5554299998,1529550,001dcee8e81efda3,True,location-k4-fold3-seed0,3
prob_gru,F_R,6,MAE,387.7950437024989,1529550,001dcee8e81efda3,True,location-k4-fold3-seed0,3
prob_gru,F_R,6,SS_vs_persistence,0.4072197414101252,1529550,001dcee8e81efda3,True,location-k4-fold3-seed0,3
prob_gru,F_R,6,SS_vs_seasonal,0.46155294058594887,1529550,001dcee8e81efda3,True,location-k4-fold3-seed0,3
prob_gru,F_R,6,SS_vs_ar,0.014703632375190678,1529550,001dcee8e81efda3,True,location-k4-fold3-seed0,3
prob_gru,F_R,7,MSE,500258.7279216312,1529550,001dcee8e81efda3,True,location-k4-fold3-seed0,3
prob_gru,F_R,7,MAE,392.5221110455593,1529550,001dcee8e81efda3,True,location-k4-fold3-seed0,3
prob_gru,F_R,7,SS_vs_persistence,0.4234716895272589,1529550,001dcee8e81efda3,True,location-k4-fold3-seed0,3
prob_gru,F_R,7,SS_vs_seasonal,0.456689196184466,1529550,001dcee8e81efda3,True,location-k4-fold3-seed0,3
prob_gru,F_R,7,SS_vs_ar,0.01987119979981289,1529550,001dcee8e81efda3,True,location-k4-fold3-seed0,3
prob_gru,F_R,8,MSE,503014.27151179255,1529550,001dcee8e81efda3,True,location-k4-fold3-seed0,3
prob_gru,F_R,8,MAE,395.24186530026833,1529550,001dcee8e81efda3,True,location-k4-fold3-seed0,3
prob_gru,F_R,8,SS_vs_persistence,0.4233543312741508,1529550,001dcee8e81efda3,True,location-k4-fold3-seed0,3
prob_gru,F_R,8,SS_vs_seasonal,0.45601654594322494,1529550,001dcee8e81efda3,True,location-k4-fold3-seed0,3
prob_gru,F_R,8,SS_vs_ar,0.02088002591994431,1529550,001dcee8e81efda3,True,location-k4-fold3-seed0,3
prob_gru,F_R,9,MSE,508047.73707155976,1529550,001dcee8e81efda3,True,location-k4-fold3-seed0,3
prob_gru,F_R,9,MAE,398.6942977985033,1529550,001dcee8e81efda3,True,location-k4-fold3-seed0,3
prob_gru,F_R,9,SS_vs_persistence,0.4140767482344976,1529550,001dcee8e81efda3,True,location-k4-fold3-seed0,3
prob_gru,F_R,9,SS_vs_seasonal,0.44419766052954024,1529550,001dcee8e81efda3,True,location-k4-fold3-seed0,3
prob_gru,F_R,9,SS_vs_ar,0.016545409395281485,1529550,001dcee8e81efda3,True,location-k4-fold3-seed0,3
prob_gru,F_R,10,MSE,514823.7383279266,1529550,001dcee8e81efda3,True,location-k4-fold3-seed0,3
prob_gru,F_R,10,MAE,401.5990673544288,1529550,001dcee8e81efda3,True,location-k4-fold3-seed0,3
prob_gru,F_R,10,SS_vs_persistence,0.4054026411530406,1529550,001dcee8e81efda3,True,location-k4-fold3-seed0,3
prob_gru,F_R,10,SS_vs_seasonal,0.4171904536060477,1529550,001dcee8e81efda3,True,location-k4-fold3-seed0,3
prob_gru,F_R,10,SS_vs_ar,0.014999003495921648,1529550,001dcee8e81efda3,True,location-k4-fold3-seed0,3
prob_gru,F_R,11,MSE,519492.2142269179,1529550,001dcee8e81efda3,True,location-k4-fold3-seed0,3
prob_gru,F_R,11,MAE,405.7425829703251,1529550,001dcee8e81efda3,True,location-k4-fold3-seed0,3
prob_gru,F_R,11,SS_vs_persistence,0.41456300904752985,1529550,001dcee8e81efda3,True,location-k4-fold3-seed0,3
prob_gru,F_R,11,SS_vs_seasonal,0.4718778195168012,1529550,001dcee8e81efda3,True,location-k4-fold3-seed0,3
prob_gru,F_R,11,SS_vs_ar,0.013663550469597996,1529550,001dcee8e81efda3,True,location-k4-fold3-seed0,3
prob_gru,F_R,12,MSE,523945.0169719758,1529550,001dcee8e81efda3,True,location-k4-fold3-seed0,3
prob_gru,F_R,12,MAE,408.34173882644984,1529550,001dcee8e81efda3,True,location-k4-fold3-seed0,3
prob_gru,F_R,12,SS_vs_persistence,0.4214272542008093,1529550,001dcee8e81efda3,True,location-k4-fold3-seed0,3
prob_gru,F_R,12,SS_vs_seasonal,0.47110516083981446,1529550,001dcee8e81efda3,True,location-k4-fold3-seed0,3
prob_gru,F_R,12,SS_vs_ar,0.013244993914680592,1529550,001dcee8e81efda3,True,location-k4-fold3-seed0,3
prob_gru,F_R,13,MSE,526476.0192671646,1529550,001dcee8e81efda3,True,location-k4-fold3-seed0,3
prob_gru,F_R,13,MAE,410.0122586734227,1529550,001dcee8e81efda3,True,location-k4-fold3-seed0,3
prob_gru,F_R,13,SS_vs_persistence,0.42155801177533103,1529550,001dcee8e81efda3,True,location-k4-fold3-seed0,3
prob_gru,F_R,13,SS_vs_seasonal,0.46541965919799944,1529550,001dcee8e81efda3,True,location-k4-fold3-seed0,3
prob_gru,F_R,13,SS_vs_ar,0.013464878216997822,1529550,001dcee8e81efda3,True,location-k4-fold3-seed0,3
prob_gru,F_R,14,MSE,526762.4067040627,1529550,001dcee8e81efda3,True,location-k4-fold3-seed0,3
prob_gru,F_R,14,MAE,411.51842743862665,1529550,001dcee8e81efda3,True,location-k4-fold3-seed0,3
prob_gru,F_R,14,SS_vs_persistence,0.41332345823904704,1529550,001dcee8e81efda3,True,location-k4-fold3-seed0,3
prob_gru,F_R,14,SS_vs_seasonal,0.46519088339961456,1529550,001dcee8e81efda3,True,location-k4-fold3-seed0,3
prob_gru,F_R,14,SS_vs_ar,0.014294785838583346,1529550,001dcee8e81efda3,True,location-k4-fold3-seed0,3
prob_gru,F_R,15,MSE,530330.347377633,1529550,001dcee8e81efda3,True,location-k4-fold3-seed0,3
prob_gru,F_R,15,MAE,414.30411922768315,1529550,001dcee8e81efda3,True,location-k4-fold3-seed0,3
prob_gru,F_R,15,SS_vs_persistence,0.39059845813762484,1529550,001dcee8e81efda3,True,location-k4-fold3-seed0,3
prob_gru,F_R,15,SS_vs_seasonal,0.4608747708847568,1529550,001dcee8e81efda3,True,location-k4-fold3-seed0,3
prob_gru,F_R,15,SS_vs_ar,0.00851804779686216,1529550,001dcee8e81efda3,True,location-k4-fold3-seed0,3
prob_gru,F_R,16,MSE,570370.8014513695,1529550,001dcee8e81efda3,True,location-k4-fold3-seed0,3
prob_gru,F_R,16,MAE,423.4858286106578,1529550,001dcee8e81efda3,True,location-k4-fold3-seed0,3
prob_gru,F_R,16,SS_vs_persistence,0.38144388253666206,1529550,001dcee8e81efda3,True,location-k4-fold3-seed0,3
prob_gru,F_R,16,SS_vs_seasonal,0.4408839702776123,1529550,001dcee8e81efda3,True,location-k4-fold3-seed0,3
prob_gru,F_R,16,SS_vs_ar,0.010299920697800169,1529550,001dcee8e81efda3,True,location-k4-fold3-seed0,3
prob_gru,F_R,17,MSE,585931.1059895535,1529550,001dcee8e81efda3,True,location-k4-fold3-seed0,3
prob_gru,F_R,17,MAE,427.24237880287524,1529550,001dcee8e81efda3,True,location-k4-fold3-seed0,3
prob_gru,F_R,17,SS_vs_persistence,0.38916487739867145,1529550,001dcee8e81efda3,True,location-k4-fold3-seed0,3
prob_gru,F_R,17,SS_vs_seasonal,0.42936900825859237,1529550,001dcee8e81efda3,True,location-k4-fold3-seed0,3
prob_gru,F_R,17,SS_vs_ar,0.013951103690283628,1529550,001dcee8e81efda3,True,location-k4-fold3-seed0,3
prob_gru,F_R,18,MSE,591990.4036451884,1529550,001dcee8e81efda3,True,location-k4-fold3-seed0,3
prob_gru,F_R,18,MAE,429.99175318595945,1529550,001dcee8e81efda3,True,location-k4-fold3-seed0,3
prob_gru,F_R,18,SS_vs_persistence,0.3903505341222975,1529550,001dcee8e81efda3,True,location-k4-fold3-seed0,3
prob_gru,F_R,18,SS_vs_seasonal,0.42510915574398933,1529550,001dcee8e81efda3,True,location-k4-fold3-seed0,3
prob_gru,F_R,18,SS_vs_ar,0.012609977983421117,1529550,001dcee8e81efda3,True,location-k4-fold3-seed0,3
prob_gru,F_R,19,MSE,602687.144319274,1529550,001dcee8e81efda3,True,location-k4-fold3-seed0,3
prob_gru,F_R,19,MAE,433.15100187714654,1529550,001dcee8e81efda3,True,location-k4-fold3-seed0,3
prob_gru,F_R,19,SS_vs_persistence,0.3873475047487177,1529550,001dcee8e81efda3,True,location-k4-fold3-seed0,3
prob_gru,F_R,19,SS_vs_seasonal,0.4126449327323871,1529550,001dcee8e81efda3,True,location-k4-fold3-seed0,3
prob_gru,F_R,19,SS_vs_ar,0.008785106053640801,1529550,001dcee8e81efda3,True,location-k4-fold3-seed0,3
prob_gru,F_R,20,MSE,610002.3668236467,1529550,001dcee8e81efda3,True,location-k4-fold3-seed0,3
prob_gru,F_R,20,MAE,435.33283782040417,1529550,001dcee8e81efda3,True,location-k4-fold3-seed0,3
prob_gru,F_R,20,SS_vs_persistence,0.3841990053871962,1529550,001dcee8e81efda3,True,location-k4-fold3-seed0,3
prob_gru,F_R,20,SS_vs_seasonal,0.38819576431863945,1529550,001dcee8e81efda3,True,location-k4-fold3-seed0,3
prob_gru,F_R,20,SS_vs_ar,0.00794847584964653,1529550,001dcee8e81efda3,True,location-k4-fold3-seed0,3
prob_gru,F_R,21,MSE,619153.9044703939,1529550,001dcee8e81efda3,True,location-k4-fold3-seed0,3
prob_gru,F_R,21,MAE,437.73003394381277,1529550,001dcee8e81efda3,True,location-k4-fold3-seed0,3
prob_gru,F_R,21,SS_vs_persistence,0.36296217375126694,1529550,001dcee8e81efda3,True,location-k4-fold3-seed0,3
prob_gru,F_R,21,SS_vs_seasonal,0.40489192243724137,1529550,001dcee8e81efda3,True,location-k4-fold3-seed0,3
prob_gru,F_R,21,SS_vs_ar,0.005097323703215362,1529550,001dcee8e81efda3,True,location-k4-fold3-seed0,3
prob_gru,F_R,22,MSE,629954.4421367361,1529550,001dcee8e81efda3,True,location-k4-fold3-seed0,3
prob_gru,F_R,22,MAE,440.82258423247555,1529550,001dcee8e81efda3,True,location-k4-fold3-seed0,3
prob_gru,F_R,22,SS_vs_persistence,0.36765155218421663,1529550,001dcee8e81efda3,True,location-k4-fold3-seed0,3
prob_gru,F_R,22,SS_vs_seasonal,0.4005821501417115,1529550,001dcee8e81efda3,True,location-k4-fold3-seed0,3
prob_gru,F_R,22,SS_vs_ar,0.005176378694698114,1529550,001dcee8e81efda3,True,location-k4-fold3-seed0,3
prob_gru,F_R,23,MSE,642058.7439206974,1529550,001dcee8e81efda3,True,location-k4-fold3-seed0,3
prob_gru,F_R,23,MAE,443.88774675657527,1529550,001dcee8e81efda3,True,location-k4-fold3-seed0,3
prob_gru,F_R,23,SS_vs_persistence,0.3707647206428827,1529550,001dcee8e81efda3,True,location-k4-fold3-seed0,3
prob_gru,F_R,23,SS_vs_seasonal,0.3982811278638053,1529550,001dcee8e81efda3,True,location-k4-fold3-seed0,3
prob_gru,F_R,23,SS_vs_ar,0.008507668264718271,1529550,001dcee8e81efda3,True,location-k4-fold3-seed0,3
prob_gru,F_R,24,MSE,649770.817767494,1529550,001dcee8e81efda3,True,location-k4-fold3-seed0,3
prob_gru,F_R,24,MAE,446.0407122238006,1529550,001dcee8e81efda3,True,location-k4-fold3-seed0,3
prob_gru,F_R,24,SS_vs_persistence,0.3599932150024121,1529550,001dcee8e81efda3,True,location-k4-fold3-seed0,3
prob_gru,F_R,24,SS_vs_seasonal,0.3908934423860779,1529550,001dcee8e81efda3,True,location-k4-fold3-seed0,3
prob_gru,F_R,24,SS_vs_ar,0.008284890551954138,1529550,001dcee8e81efda3,True,location-k4-fold3-seed0,3
prob_gru,F_R,25,MSE,655578.7448076487,1529550,001dcee8e81efda3,True,location-k4-fold3-seed0,3
prob_gru,F_R,25,MAE,448.57116839632675,1529550,001dcee8e81efda3,True,location-k4-fold3-seed0,3
prob_gru,F_R,25,SS_vs_persistence,0.35370857108068754,1529550,001dcee8e81efda3,True,location-k4-fold3-seed0,3
prob_gru,F_R,25,SS_vs_seasonal,0.38664170496230377,1529550,001dcee8e81efda3,True,location-k4-fold3-seed0,3
prob_gru,F_R,25,SS_vs_ar,0.00924814147117703,1529550,001dcee8e81efda3,True,location-k4-fold3-seed0,3
prob_gru,F_R,26,MSE,659798.0781350889,1529550,001dcee8e81efda3,True,location-k4-fold3-seed0,3
prob_gru,F_R,26,MAE,450.41567686005027,1529550,001dcee8e81efda3,True,location-k4-fold3-seed0,3
prob_gru,F_R,26,SS_vs_persistence,0.3667438838022916,1529550,001dcee8e81efda3,True,location-k4-fold3-seed0,3
prob_gru,F_R,26,SS_vs_seasonal,0.385226227626593,1529550,001dcee8e81efda3,True,location-k4-fold3-seed0,3
prob_gru,F_R,26,SS_vs_ar,0.015568612264647674,1529550,001dcee8e81efda3,True,location-k4-fold3-seed0,3
prob_gru,F_R,27,MSE,665243.5846516284,1529550,001dcee8e81efda3,True,location-k4-fold3-seed0,3
prob_gru,F_R,27,MAE,452.3297086502617,1529550,001dcee8e81efda3,True,location-k4-fold3-seed0,3
prob_gru,F_R,27,SS_vs_persistence,0.3780786598569802,1529550,001dcee8e81efda3,True,location-k4-fold3-seed0,3
prob_gru,F_R,27,SS_vs_seasonal,0.3854782824790458,1529550,001dcee8e81efda3,True,location-k4-fold3-seed0,3
prob_gru,F_R,27,SS_vs_ar,0.01714038169691834,1529550,001dcee8e81efda3,True,location-k4-fold3-seed0,3
prob_gru,F_R,28,MSE,668792.9440576201,1529550,001dcee8e81efda3,True,location-k4-fold3-seed0,3
prob_gru,F_R,28,MAE,452.837933561236,1529550,001dcee8e81efda3,True,location-k4-fold3-seed0,3
prob_gru,F_R,28,SS_vs_persistence,0.36884834578595116,1529550,001dcee8e81efda3,True,location-k4-fold3-seed0,3
prob_gru,F_R,28,SS_vs_seasonal,0.3806630332968409,1529550,001dcee8e81efda3,True,location-k4-fold3-seed0,3
prob_gru,F_R,28,SS_vs_ar,0.018013576310560664,1529550,001dcee8e81efda3,True,location-k4-fold3-seed0,3
prob_gru,F_R,29,MSE,669459.7765347705,1529550,001dcee8e81efda3,True,location-k4-fold3-seed0,3
prob_gru,F_R,29,MAE,453.9653585323605,1529550,001dcee8e81efda3,True,location-k4-fold3-seed0,3
prob_gru,F_R,29,SS_vs_persistence,0.3697149933291186,1529550,001dcee8e81efda3,True,location-k4-fold3-seed0,3
prob_gru,F_R,29,SS_vs_seasonal,0.3756361986069383,1529550,001dcee8e81efda3,True,location-k4-fold3-seed0,3
prob_gru,F_R,29,SS_vs_ar,0.01996982647273149,1529550,001dcee8e81efda3,True,location-k4-fold3-seed0,3
prob_gru,F_R,30,MSE,672367.3246081828,1529550,001dcee8e81efda3,True,location-k4-fold3-seed0,3
prob_gru,F_R,30,MAE,454.7972884146094,1529550,001dcee8e81efda3,True,location-k4-fold3-seed0,3
prob_gru,F_R,30,SS_vs_persistence,0.35174822816647655,1529550,001dcee8e81efda3,True,location-k4-fold3-seed0,3
prob_gru,F_R,30,SS_vs_seasonal,0.35159312579265056,1529550,001dcee8e81efda3,True,location-k4-fold3-seed0,3
prob_gru,F_R,30,SS_vs_ar,0.017066989469604388,1529550,001dcee8e81efda3,True,location-k4-fold3-seed0,3
prob_gru,F_R,all,MSE,567449.4831675176,1529550,001dcee8e81efda3,True,location-k4-fold3-seed0,3
prob_gru,F_R,all,MAE,417.6455849028931,1529550,001dcee8e81efda3,True,location-k4-fold3-seed0,3
prob_gru,F_R,all,SS_vs_persistence,0.39025145687429874,1529550,001dcee8e81efda3,True,location-k4-fold3-seed0,3
prob_gru,F_R,all,SS_vs_seasonal,0.4287557117534403,1529550,001dcee8e81efda3,True,location-k4-fold3-seed0,3
prob_gru,F_R,all,SS_vs_ar,0.012289087264873988,1529550,001dcee8e81efda3,True,location-k4-fold3-seed0,3
prob_gru,CoPx_R,1,MSE,0.013354122226294528,1377082,001dcee8e81efda3,True,location-k4-fold3-seed0,3
prob_gru,CoPx_R,1,MAE,0.082675467509243,1377082,001dcee8e81efda3,True,location-k4-fold3-seed0,3
prob_gru,CoPx_R,1,SS_vs_persistence,0.43762774613622246,1377082,001dcee8e81efda3,True,location-k4-fold3-seed0,3
prob_gru,CoPx_R,1,SS_vs_seasonal,0.5492149035517371,1377082,001dcee8e81efda3,True,location-k4-fold3-seed0,3
prob_gru,CoPx_R,1,SS_vs_ar,0.004955710015096759,1377082,001dcee8e81efda3,True,location-k4-fold3-seed0,3
prob_gru,CoPx_R,2,MSE,0.01398713207470783,1377082,001dcee8e81efda3,True,location-k4-fold3-seed0,3
prob_gru,CoPx_R,2,MAE,0.08499685845731901,1377082,001dcee8e81efda3,True,location-k4-fold3-seed0,3
prob_gru,CoPx_R,2,SS_vs_persistence,0.43555843104710534,1377082,001dcee8e81efda3,True,location-k4-fold3-seed0,3
prob_gru,CoPx_R,2,SS_vs_seasonal,0.532132969610411,1377082,001dcee8e81efda3,True,location-k4-fold3-seed0,3
prob_gru,CoPx_R,2,SS_vs_ar,0.006524362137020678,1377082,001dcee8e81efda3,True,location-k4-fold3-seed0,3
prob_gru,CoPx_R,3,MSE,0.01463607709215656,1377082,001dcee8e81efda3,True,location-k4-fold3-seed0,3
prob_gru,CoPx_R,3,MAE,0.0870806127158703,1377082,001dcee8e81efda3,True,location-k4-fold3-seed0,3
prob_gru,CoPx_R,3,SS_vs_persistence,0.4648642015710336,1377082,001dcee8e81efda3,True,location-k4-fold3-seed0,3
prob_gru,CoPx_R,3,SS_vs_seasonal,0.5147486706346655,1377082,001dcee8e81efda3,True,location-k4-fold3-seed0,3
prob_gru,CoPx_R,3,SS_vs_ar,0.0010759818179875147,1377082,001dcee8e81efda3,True,location-k4-fold3-seed0,3
prob_gru,CoPx_R,4,MSE,0.014987860884784966,1377082,001dcee8e81efda3,True,location-k4-fold3-seed0,3
prob_gru,CoPx_R,4,MAE,0.0883348769517506,1377082,001dcee8e81efda3,True,location-k4-fold3-seed0,3
prob_gru,CoPx_R,4,SS_vs_persistence,0.4306418999081415,1377082,001dcee8e81efda3,True,location-k4-fold3-seed0,3
prob_gru,CoPx_R,4,SS_vs_seasonal,0.49931330789777406,1377082,001dcee8e81efda3,True,location-k4-fold3-seed0,3
prob_gru,CoPx_R,4,SS_vs_ar,-0.0031834260019723004,1377082,001dcee8e81efda3,True,location-k4-fold3-seed0,3
prob_gru,CoPx_R,5,MSE,0.015568570326468613,1377082,001dcee8e81efda3,True,location-k4-fold3-seed0,3
prob_gru,CoPx_R,5,MAE,0.09014118566840797,1377082,001dcee8e81efda3,True,location-k4-fold3-seed0,3
prob_gru,CoPx_R,5,SS_vs_persistence,0.4604041119651233,1377082,001dcee8e81efda3,True,location-k4-fold3-seed0,3
prob_gru,CoPx_R,5,SS_vs_seasonal,0.4831194288363928,1377082,001dcee8e81efda3,True,location-k4-fold3-seed0,3
prob_gru,CoPx_R,5,SS_vs_ar,-0.006497184121075472,1377082,001dcee8e81efda3,True,location-k4-fold3-seed0,3
prob_gru,CoPx_R,6,MSE,0.015872586355101144,1377082,001dcee8e81efda3,True,location-k4-fold3-seed0,3
prob_gru,CoPx_R,6,MAE,0.09111674246089141,1377082,001dcee8e81efda3,True,location-k4-fold3-seed0,3
prob_gru,CoPx_R,6,SS_vs_persistence,0.43732719037397894,1377082,001dcee8e81efda3,True,location-k4-fold3-seed0,3
prob_gru,CoPx_R,6,SS_vs_seasonal,0.4706432021909426,1377082,001dcee8e81efda3,True,location-k4-fold3-seed0,3
prob_gru,CoPx_R,6,SS_vs_ar,-0.006047946357770284,1377082,001dcee8e81efda3,True,location-k4-fold3-seed0,3
prob_gru,CoPx_R,7,MSE,0.01632676991987396,1377082,001dcee8e81efda3,True,location-k4-fold3-seed0,3
prob_gru,CoPx_R,7,MAE,0.09260626416375209,1377082,001dcee8e81efda3,True,location-k4-fold3-seed0,3
prob_gru,CoPx_R,7,SS_vs_persistence,0.4614214531028632,1377082,001dcee8e81efda3,True,location-k4-fold3-seed0,3
prob_gru,CoPx_R,7,SS_vs_seasonal,0.46298793811969385,1377082,001dcee8e81efda3,True,location-k4-fold3-seed0,3
prob_gru,CoPx_R,7,SS_vs_ar,-0.011767010883244833,1377082,001dcee8e81efda3,True,location-k4-fold3-seed0,3
prob_gru,CoPx_R,8,MSE,0.0164816251728504,1377082,001dcee8e81efda3,True,location-k4-fold3-seed0,3
prob_gru,CoPx_R,8,MAE,0.09299231382749057,1377082,001dcee8e81efda3,True,location-k4-fold3-seed0,3
prob_gru,CoPx_R,8,SS_vs_persistence,0.4372025650556638,1377082,001dcee8e81efda3,True,location-k4-fold3-seed0,3
prob_gru,CoPx_R,8,SS_vs_seasonal,0.4517777058998622,1377082,001dcee8e81efda3,True,location-k4-fold3-seed0,3
prob_gru,CoPx_R,8,SS_vs_ar,-0.012429015957303058,1377082,001dcee8e81efda3,True,location-k4-fold3-seed0,3
prob_gru,CoPx_R,9,MSE,0.016814224257825486,1377082,001dcee8e81efda3,True,location-k4-fold3-seed0,3
prob_gru,CoPx_R,9,MAE,0.09390658603455994,1377082,001dcee8e81efda3,True,location-k4-fold3-seed0,3
prob_gru,CoPx_R,9,SS_vs_persistence,0.43849952842128526,1377082,001dcee8e81efda3,True,location-k4-fold3-seed0,3
prob_gru,CoPx_R,9,SS_vs_seasonal,0.4418972613080493,1377082,001dcee8e81efda3,True,location-k4-fold3-seed0,3
prob_gru,CoPx_R,9,SS_vs_ar,-0.012717942354703915,1377082,001dcee8e81efda3,True,location-k4-fold3-seed0,3
prob_gru,CoPx_R,10,MSE,0.017074402305214318,1377082,001dcee8e81efda3,True,location-k4-fold3-seed0,3
prob_gru,CoPx_R,10,MAE,0.09461784546360658,1377082,001dcee8e81efda3,True,location-k4-fold3-seed0,3
prob_gru,CoPx_R,10,SS_vs_persistence,0.4226204836079348,1377082,001dcee8e81efda3,True,location-k4-fold3-seed0,3
prob_gru,CoPx_R,10,SS_vs_seasonal,0.42827911363367144,1377082,001dcee8e81efda3,True,location-k4-fold3-seed0,3
prob_gru,CoPx_R,10,SS_vs_ar,-0.011968896647151617,1377082,001dcee8e81efda3,True,location-k4-fold3-seed0,3
prob_gru,CoPx_R,11,MSE,0.017431571503074297,1377082,001dcee8e81efda3,True,location-k4-fold3-seed0,3
prob_gru,CoPx_R,11,MAE,0.09560525218870125,1377082,001dcee8e81efda3,True,location-k4-fold3-seed0,3
prob_gru,CoPx_R,11,SS_vs_persistence,0.4317378648447011,1377082,001dcee8e81efda3,True,location-k4-fold3-seed0,3
prob_gru,CoPx_R,11,SS_vs_seasonal,0.4812895725438845,1377082,001dcee8e81efda3,True,location-k4-fold3-seed0,3
prob_gru,CoPx_R,11,SS_vs_ar,-0.010372850942906187,1377082,001dcee8e81efda3,True,location-k4-fold3-seed0,3
prob_gru,CoPx_R,12,MSE,0.01768225700446444,1377082,001dcee8e81efda3,True,location-k4-fold3-seed0,3
prob_gru,CoPx_R,12,MAE,0.09634145523458248,1377082,001dcee8e81efda3,True,location-k4-fold3-seed0,3
prob_gru,CoPx_R,12,SS_vs_persistence,0.4322990637750821,1377082,001dcee8e81efda3,True,location-k4-fold3-seed0,3
prob_gru,CoPx_R,12,SS_vs_seasonal,0.47604137838774807,1377082,001dcee8e81efda3,True,location-k4-fold3-seed0,3
prob_gru,CoPx_R,12,SS_vs_ar,-0.008874049976504317,1377082,001dcee8e81efda3,True,location-k4-fold3-seed0,3
prob_gru,CoPx_R,13,MSE,0.017963943002635,1377082,001dcee8e81efda3,True,location-k4-fold3-seed0,3
prob_gru,CoPx_R,13,MAE,0.09727643975996293,1377082,001dcee8e81efda3,True,location-k4-fold3-seed0,3
prob_gru,CoPx_R,13,SS_vs_persistence,0.45485545177673636,1377082,001dcee8e81efda3,True,location-k4-fold3-seed0,3
prob_gru,CoPx_R,13,SS_vs_seasonal,0.47208190705384034,1377082,001dcee8e81efda3,True,location-k4-fold3-seed0,3
prob_gru,CoPx_R,13,SS_vs_ar,-0.009775336474103113,1377082,001dcee8e81efda3,True,location-k4-fold3-seed0,3
prob_gru,CoPx_R,14,MSE,0.018129569892069295,1377082,001dcee8e81efda3,True,location-k4-fold3-seed0,3
prob_gru,CoPx_R,14,MAE,0.09771624182896303,1377082,001dcee8e81efda3,True,location-k4-fold3-seed0,3
prob_gru,CoPx_R,14,SS_vs_persistence,0.4281595774612852,1377082,001dcee8e81efda3,True,location-k4-fold3-seed0,3
prob_gru,CoPx_R,14,SS_vs_seasonal,0.46483074650761036,1377082,001dcee8e81efda3,True,location-k4-fold3-seed0,3
prob_gru,CoPx_R,14,SS_vs_ar,-0.010021464375434164,1377082,001dcee8e81efda3,True,location-k4-fold3-seed0,3
prob_gru,CoPx_R,15,MSE,0.01839730449818905,1377082,001dcee8e81efda3,True,location-k4-fold3-seed0,3
prob_gru,CoPx_R,15,MAE,0.09849862686889688,1377082,001dcee8e81efda3,True,location-k4-fold3-seed0,3
prob_gru,CoPx_R,15,SS_vs_persistence,0.4312358565534268,1377082,001dcee8e81efda3,True,location-k4-fold3-seed0,3
prob_gru,CoPx_R,15,SS_vs_seasonal,0.4569585785857766,1377082,001dcee8e81efda3,True,location-k4-fold3-seed0,3
prob_gru,CoPx_R,15,SS_vs_ar,-0.00973135004115866,1377082,001dcee8e81efda3,True,location-k4-fold3-seed0,3
prob_gru,CoPx_R,16,MSE,0.01862246118776599,1377082,001dcee8e81efda3,True,location-k4-fold3-seed0,3
prob_gru,CoPx_R,16,MAE,0.09918404326457216,1377082,001dcee8e81efda3,True,location-k4-fold3-seed0,3
prob_gru,CoPx_R,16,SS_vs_persistence,0.43531060555310575,1377082,001dcee8e81efda3,True,location-k4-fold3-seed0,3
prob_gru,CoPx_R,16,SS_vs_seasonal,0.450483861136997,1377082,001dcee8e81efda3,True,location-k4-fold3-seed0,3
prob_gru,CoPx_R,16,SS_vs_ar,-0.00917992487927144,1377082,001dcee8e81efda3,True,location-k4-fold3-seed0,3
prob_gru,CoPx_R,17,MSE,0.018807783620628373,1377082,001dcee8e81efda3,True,location-k4-fold3-seed0,3
prob_gru,CoPx_R,17,MAE,0.09981610321612067,1377082,001dcee8e81efda3,True,location-k4-fold3-seed0,3
prob_gru,CoPx_R,17,SS_vs_persistence,0.43412568483137937,1377082,001dcee8e81efda3,True,location-k4-fold3-seed0,3
prob_gru,CoPx_R,17,SS_vs_seasonal,0.4431771875428846,1377082,001dcee8e81efda3,True,location-k4-fold3-seed0,3
prob_gru,CoPx_R,17,SS_vs_ar,-0.010248124406498249,1377082,001dcee8e81efda3,True,location-k4-fold3-seed0,3
prob_gru,CoPx_R,18,MSE,0.018991916200798476,1377082,001dcee8e81efda3,True,location-k4-fold3-seed0,3
prob_gru,CoPx_R,18,MAE,0.1003657940673169,1377082,001dcee8e81efda3,True,location-k4-fold3-seed0,3
prob_gru,CoPx_R,18,SS_vs_persistence,0.4264417154586816,1377082,001dcee8e81efda3,True,location-k4-fold3-seed0,3
prob_gru,CoPx_R,18,SS_vs_seasonal,0.4390198977967191,1377082,001dcee8e81efda3,True,location-k4-fold3-seed0,3
prob_gru,CoPx_R,18,SS_vs_ar,-0.009175401681038586,1377082,001dcee8e81efda3,True,location-k4-fold3-seed0,3
prob_gru,CoPx_R,19,MSE,0.019184785918613514,1377082,001dcee8e81efda3,True,location-k4-fold3-seed0,3
prob_gru,CoPx_R,19,MAE,0.10076724586669819,1377082,001dcee8e81efda3,True,location-k4-fold3-seed0,3
prob_gru,CoPx_R,19,SS_vs_persistence,0.43860616688573384,1377082,001dcee8e81efda3,True,location-k4-fold3-seed0,3
prob_gru,CoPx_R,19,SS_vs_seasonal,0.43680307808313423,1377082,001dcee8e81efda3,True,location-k4-fold3-seed0,3
prob_gru,CoPx_R,19,SS_vs_ar,-0.007897990855727954,1377082,001dcee8e81efda3,True,location-k4-fold3-seed0,3
prob_gru,CoPx_R,20,MSE,0.019281591228216665,1377082,001dcee8e81efda3,True,location-k4-fold3-seed0,3
prob_gru,CoPx_R,20,MAE,0.10111327159416168,1377082,001dcee8e81efda3,True,location-k4-fold3-seed0,3
prob_gru,CoPx_R,20,SS_vs_persistence,0.43019106357935055,1377082,001dcee8e81efda3,True,location-k4-fold3-seed0,3
prob_gru,CoPx_R,20,SS_vs_seasonal,0.4294583646464477,1377082,001dcee8e81efda3,True,location-k4-fold3-seed0,3
prob_gru,CoPx_R,20,SS_vs_ar,-0.008162054322502277,1377082,001dcee8e81efda3,True,location-k4-fold3-seed0,3
prob_gru,CoPx_R,21,MSE,0.01942714473364134,1377082,001dcee8e81efda3,True,location-k4-fold3-seed0,3
prob_gru,CoPx_R,21,MAE,0.10154964586767115,1377082,001dcee8e81efda3,True,location-k4-fold3-seed0,3
prob_gru,CoPx_R,21,SS_vs_persistence,0.4354247300926112,1377082,001dcee8e81efda3,True,location-k4-fold3-seed0,3
prob_gru,CoPx_R,21,SS_vs_seasonal,0.4607055644519784,1377082,001dcee8e81efda3,True,location-k4-fold3-seed0,3
prob_gru,CoPx_R,21,SS_vs_ar,-0.009968560763493395,1377082,001dcee8e81efda3,True,location-k4-fold3-seed0,3
prob_gru,CoPx_R,22,MSE,0.0195925959854565,1377082,001dcee8e81efda3,True,location-k4-fold3-seed0,3
prob_gru,CoPx_R,22,MAE,0.10205447418870114,1377082,001dcee8e81efda3,True,location-k4-fold3-seed0,3
prob_gru,CoPx_R,22,SS_vs_persistence,0.426136851545303,1377082,001dcee8e81efda3,True,location-k4-fold3-seed0,3
prob_gru,CoPx_R,22,SS_vs_seasonal,0.4540621874583859,1377082,001dcee8e81efda3,True,location-k4-fold3-seed0,3
prob_gru,CoPx_R,22,SS_vs_ar,-0.010927131988520022,1377082,001dcee8e81efda3,True,location-k4-fold3-seed0,3
prob_gru,CoPx_R,23,MSE,0.019772119554615112,1377082,001dcee8e81efda3,True,location-k4-fold3-seed0,3
prob_gru,CoPx_R,23,MAE,0.10262604687295411,1377082,001dcee8e81efda3,True,location-k4-fold3-seed0,3
prob_gru,CoPx_R,23,SS_vs_persistence,0.43276532380900534,1377082,001dcee8e81efda3,True,location-k4-fold3-seed0,3
prob_gru,CoPx_R,23,SS_vs_seasonal,0.4462155720481189,1377082,001dcee8e81efda3,True,location-k4-fold3-seed0,3
prob_gru,CoPx_R,23,SS_vs_ar,-0.01224980498073669,1377082,001dcee8e81efda3,True,location-k4-fold3-seed0,3
prob_gru,CoPx_R,24,MSE,0.01993464520849127,1377082,001dcee8e81efda3,True,location-k4-fold3-seed0,3
prob_gru,CoPx_R,24,MAE,0.10314165768428685,1377082,001dcee8e81efda3,True,location-k4-fold3-seed0,3
prob_gru,CoPx_R,24,SS_vs_persistence,0.4241245738430418,1377082,001dcee8e81efda3,True,location-k4-fold3-seed0,3
prob_gru,CoPx_R,24,SS_vs_seasonal,0.4465722770209193,1377082,001dcee8e81efda3,True,location-k4-fold3-seed0,3
prob_gru,CoPx_R,24,SS_vs_ar,-0.012480674622963317,1377082,001dcee8e81efda3,True,location-k4-fold3-seed0,3
prob_gru,CoPx_R,25,MSE,0.02001882095697342,1377082,001dcee8e81efda3,True,location-k4-fold3-seed0,3
prob_gru,CoPx_R,25,MAE,0.10348777038452467,1377082,001dcee8e81efda3,True,location-k4-fold3-seed0,3
prob_gru,CoPx_R,25,SS_vs_persistence,0.4370341409671905,1377082,001dcee8e81efda3,True,location-k4-fold3-seed0,3
prob_gru,CoPx_R,25,SS_vs_seasonal,0.44274951507886284,1377082,001dcee8e81efda3,True,location-k4-fold3-seed0,3
prob_gru,CoPx_R,25,SS_vs_ar,-0.010990948393032385,1377082,001dcee8e81efda3,True,location-k4-fold3-seed0,3
prob_gru,CoPx_R,26,MSE,0.0201425067168343,1377082,001dcee8e81efda3,True,location-k4-fold3-seed0,3
prob_gru,CoPx_R,26,MAE,0.10384225997835655,1377082,001dcee8e81efda3,True,location-k4-fold3-seed0,3
prob_gru,CoPx_R,26,SS_vs_persistence,0.4358332876007498,1377082,001dcee8e81efda3,True,location-k4-fold3-seed0,3
prob_gru,CoPx_R,26,SS_vs_seasonal,0.4409061388095278,1377082,001dcee8e81efda3,True,location-k4-fold3-seed0,3
prob_gru,CoPx_R,26,SS_vs_ar,-0.010695860127517998,1377082,001dcee8e81efda3,True,location-k4-fold3-seed0,3
prob_gru,CoPx_R,27,MSE,0.020293369421698945,1377082,001dcee8e81efda3,True,location-k4-fold3-seed0,3
prob_gru,CoPx_R,27,MAE,0.1042925542568388,1377082,001dcee8e81efda3,True,location-k4-fold3-seed0,3
prob_gru,CoPx_R,27,SS_vs_persistence,0.44428925386357676,1377082,001dcee8e81efda3,True,location-k4-fold3-seed0,3
prob_gru,CoPx_R,27,SS_vs_seasonal,0.4402311082254605,1377082,001dcee8e81efda3,True,location-k4-fold3-seed0,3
prob_gru,CoPx_R,27,SS_vs_ar,-0.011545534066482066,1377082,001dcee8e81efda3,True,location-k4-fold3-seed0,3
prob_gru,CoPx_R,28,MSE,0.02039263730545492,1377082,001dcee8e81efda3,True,location-k4-fold3-seed0,3
prob_gru,CoPx_R,28,MAE,0.10459268865937735,1377082,001dcee8e81efda3,True,location-k4-fold3-seed0,3
prob_gru,CoPx_R,28,SS_vs_persistence,0.4266703067151385,1377082,001dcee8e81efda3,True,location-k4-fold3-seed0,3
prob_gru,CoPx_R,28,SS_vs_seasonal,0.43838952719809776,1377082,001dcee8e81efda3,True,location-k4-fold3-seed0,3
prob_gru,CoPx_R,28,SS_vs_ar,-0.012271819084807678,1377082,001dcee8e81efda3,True,location-k4-fold3-seed0,3
prob_gru,CoPx_R,29,MSE,0.020513821380942203,1377082,001dcee8e81efda3,True,location-k4-fold3-seed0,3
prob_gru,CoPx_R,29,MAE,0.10498465812053191,1377082,001dcee8e81efda3,True,location-k4-fold3-seed0,3
prob_gru,CoPx_R,29,SS_vs_persistence,0.44564720152435333,1377082,001dcee8e81efda3,True,location-k4-fold3-seed0,3
prob_gru,CoPx_R,29,SS_vs_seasonal,0.438631159992967,1377082,001dcee8e81efda3,True,location-k4-fold3-seed0,3
prob_gru,CoPx_R,29,SS_vs_ar,-0.012287500166754839,1377082,001dcee8e81efda3,True,location-k4-fold3-seed0,3
prob_gru,CoPx_R,30,MSE,0.020522556466242944,1377082,001dcee8e81efda3,True,location-k4-fold3-seed0,3
prob_gru,CoPx_R,30,MAE,0.1050948743668023,1377082,001dcee8e81efda3,True,location-k4-fold3-seed0,3
prob_gru,CoPx_R,30,SS_vs_persistence,0.4376774879790708,1377082,001dcee8e81efda3,True,location-k4-fold3-seed0,3
prob_gru,CoPx_R,30,SS_vs_seasonal,0.43529239993773394,1377082,001dcee8e81efda3,True,location-k4-fold3-seed0,3
prob_gru,CoPx_R,30,SS_vs_ar,-0.011133208715353726,1377082,001dcee8e81efda3,True,location-k4-fold3-seed0,3
prob_gru,CoPx_R,all,MSE,0.018007422979989505,1377082,001dcee8e81efda3,True,location-k4-fold3-seed0,3
prob_gru,CoPx_R,all,MAE,0.09736224436728223,1377082,001dcee8e81efda3,True,location-k4-fold3-seed0,3
prob_gru,CoPx_R,all,SS_vs_persistence,0.43694452059228883,1377082,001dcee8e81efda3,True,location-k4-fold3-seed0,3
prob_gru,CoPx_R,all,SS_vs_seasonal,0.4596453960508833,1377082,001dcee8e81efda3,True,location-k4-fold3-seed0,3
prob_gru,CoPx_R,all,SS_vs_ar,-0.0090644681994545,1377082,001dcee8e81efda3,True,location-k4-fold3-seed0,3
prob_gru,CoPy_R,1,MSE,0.019640216357830524,1377082,001dcee8e81efda3,True,location-k4-fold3-seed0,3
prob_gru,CoPy_R,1,MAE,0.10359437814934308,1377082,001dcee8e81efda3,True,location-k4-fold3-seed0,3
prob_gru,CoPy_R,1,SS_vs_persistence,0.4015737750302828,1377082,001dcee8e81efda3,True,location-k4-fold3-seed0,3
prob_gru,CoPy_R,1,SS_vs_seasonal,0.48683491622249475,1377082,001dcee8e81efda3,True,location-k4-fold3-seed0,3
prob_gru,CoPy_R,1,SS_vs_ar,-0.034365378814047665,1377082,001dcee8e81efda3,True,location-k4-fold3-seed0,3
prob_gru,CoPy_R,2,MSE,0.019992295329146207,1377082,001dcee8e81efda3,True,location-k4-fold3-seed0,3
prob_gru,CoPy_R,2,MAE,0.10453312287925863,1377082,001dcee8e81efda3,True,location-k4-fold3-seed0,3
prob_gru,CoPy_R,2,SS_vs_persistence,0.4578035287753759,1377082,001dcee8e81efda3,True,location-k4-fold3-seed0,3
prob_gru,CoPy_R,2,SS_vs_seasonal,0.486318057035946,1377082,001dcee8e81efda3,True,location-k4-fold3-seed0,3
prob_gru,CoPy_R,2,SS_vs_ar,-0.01406735393051628,1377082,001dcee8e81efda3,True,location-k4-fold3-seed0,3
prob_gru,CoPy_R,3,MSE,0.020269283982312997,1377082,001dcee8e81efda3,True,location-k4-fold3-seed0,3
prob_gru,CoPy_R,3,MAE,0.10525352897210621,1377082,001dcee8e81efda3,True,location-k4-fold3-seed0,3
prob_gru,CoPy_R,3,SS_vs_persistence,0.4747033458317752,1377082,001dcee8e81efda3,True,location-k4-fold3-seed0,3
prob_gru,CoPy_R,3,SS_vs_seasonal,0.4804090780972359,1377082,001dcee8e81efda3,True,location-k4-fold3-seed0,3
prob_gru,CoPy_R,3,SS_vs_ar,-0.013846380810874859,1377082,001dcee8e81efda3,True,location-k4-fold3-seed0,3
prob_gru,CoPy_R,4,MSE,0.020398086398231735,1377082,001dcee8e81efda3,True,location-k4-fold3-seed0,3
prob_gru,CoPy_R,4,MAE,0.10562803075999906,1377082,001dcee8e81efda3,True,location-k4-fold3-seed0,3
prob_gru,CoPy_R,4,SS_vs_persistence,0.4802409405527427,1377082,001dcee8e81efda3,True,location-k4-fold3-seed0,3
prob_gru,CoPy_R,4,SS_vs_seasonal,0.4816900045196628,1377082,001dcee8e81efda3,True,location-k4-fold3-seed0,3
prob_gru,CoPy_R,4,SS_vs_ar,-0.014747205328823343,1377082,001dcee8e81efda3,True,location-k4-fold3-seed0,3
prob_gru,CoPy_R,5,MSE,0.020475323121372797,1377082,001dcee8e81efda3,True,location-k4-fold3-seed0,3
prob_gru,CoPy_R,5,MAE,0.10577994505795646,1377082,001dcee8e81efda3,True,location-k4-fold3-seed0,3
prob_gru,CoPy_R,5,SS_vs_persistence,0.48124909797754223,1377082,001dcee8e81efda3,True,location-k4-fold3-seed0,3
prob_gru,CoPy_R,5,SS_vs_seasonal,0.4781822880698019,1377082,001dcee8e81efda3,True,location-k4-fold3-seed0,3
prob_gru,CoPy_R,5,SS_vs_ar,-0.013135567550200955,1377082,001dcee8e81efda3,True,location-k4-fold3-seed0,3
prob_gru,CoPy_R,6,MSE,0.02059452573961478,1377082,001dcee8e81efda3,True,location-k4-fold3-seed0,3
prob_gru,CoPy_R,6,MAE,0.10599463541857676,1377082,001dcee8e81efda3,True,location-k4-fold3-seed0,3
prob_gru,CoPy_R,6,SS_vs_persistence,0.4703624350845399,1377082,001dcee8e81efda3,True,location-k4-fold3-seed0,3
prob_gru,CoPy_R,6,SS_vs_seasonal,0.47270642288733455,1377082,001dcee8e81efda3,True,location-k4-fold3-seed0,3
prob_gru,CoPy_R,6,SS_vs_ar,-0.011567028042752225,1377082,001dcee8e81efda3,True,location-k4-fold3-seed0,3
prob_gru,CoPy_R,7,MSE,0.02072291639051706,1377082,001dcee8e81efda3,True,location-k4-fold3-seed0,3
prob_gru,CoPy_R,7,MAE,0.10641667142817936,1377082,001dcee8e81efda3,True,location-k4-fold3-seed0,3
prob_gru,CoPy_R,7,SS_vs_persistence,0.47491652857557143,1377082,001dcee8e81efda3,True,location-k4-fold3-seed0,3
prob_gru,CoPy_R,7,SS_vs_seasonal,0.46876109703728663,1377082,001dcee8e81efda3,True,location-k4-fold3-seed0,3
prob_gru,CoPy_R,7,SS_vs_ar,-0.010353318229860076,1377082,001dcee8e81efda3,True,location-k4-fold3-seed0,3
prob_gru,CoPy_R,8,MSE,0.020792360531111276,1377082,001dcee8e81efda3,True,location-k4-fold3-seed0,3
prob_gru,CoPy_R,8,MAE,0.1066511073962775,1377082,001dcee8e81efda3,True,location-k4-fold3-seed0,3
prob_gru,CoPy_R,8,SS_vs_persistence,0.4643652129012136,1377082,001dcee8e81efda3,True,location-k4-fold3-seed0,3
prob_gru,CoPy_R,8,SS_vs_seasonal,0.46241193062624486,1377082,001dcee8e81efda3,True,location-k4-fold3-seed0,3
prob_gru,CoPy_R,8,SS_vs_ar,-0.009776035162779362,1377082,001dcee8e81efda3,True,location-k4-fold3-seed0,3
prob_gru,CoPy_R,9,MSE,0.020902360942502765,1377082,001dcee8e81efda3,True,location-k4-fold3-seed0,3
prob_gru,CoPy_R,9,MAE,0.10703334514402912,1377082,001dcee8e81efda3,True,location-k4-fold3-seed0,3
prob_gru,CoPy_R,9,SS_vs_persistence,0.4564687704014464,1377082,001dcee8e81efda3,True,location-k4-fold3-seed0,3
prob_gru,CoPy_R,9,SS_vs_seasonal,0.4582933002474139,1377082,001dcee8e81efda3,True,location-k4-fold3-seed0,3
prob_gru,CoPy_R,9,SS_vs_ar,-0.010040981699203755,1377082,001dcee8e81efda3,True,location-k4-fold3-seed0,3
prob_gru,CoPy_R,10,MSE,0.021087509188540958,1377082,001dcee8e81efda3,True,location-k4-fold3-seed0,3
prob_gru,CoPy_R,10,MAE,0.10748428640482886,1377082,001dcee8e81efda3,True,location-k4-fold3-seed0,3
prob_gru,CoPy_R,10,SS_vs_persistence,0.45546792703338623,1377082,001dcee8e81efda3,True,location-k4-fold3-seed0,3
prob_gru,CoPy_R,10,SS_vs_seasonal,0.4551575928717071,1377082,001dcee8e81efda3,True,location-k4-fold3-seed0,3
prob_gru,CoPy_R,10,SS_vs_ar,-0.01040679475798556,1377082,001dcee8e81efda3,True,location-k4-fold3-seed0,3
prob_gru,CoPy_R,11,MSE,0.02133897847693111,1377082,001dcee8e81efda3,True,location-k4-fold3-seed0,3
prob_gru,CoPy_R,11,MAE,0.1081499346454852,1377082,001dcee8e81efda3,True,location-k4-fold3-seed0,3
prob_gru,CoPy_R,11,SS_vs_persistence,0.4675099442591131,1377082,001dcee8e81efda3,True,location-k4-fold3-seed0,3
prob_gru,CoPy_R,11,SS_vs_seasonal,0.49225049351567984,1377082,001dcee8e81efda3,True,location-k4-fold3-seed0,3
prob_gru,CoPy_R,11,SS_vs_ar,-0.010856729921344455,1377082,001dcee8e81efda3,True,location-k4-fold3-seed0,3
prob_gru,CoPy_R,12,MSE,0.021486824874439172,1377082,001dcee8e81efda3,True,location-k4-fold3-seed0,3
prob_gru,CoPy_R,12,MAE,0.108463059939962,1377082,001dcee8e81efda3,True,location-k4-fold3-seed0,3
prob_gru,CoPy_R,12,SS_vs_persistence,0.4770952258269714,1377082,001dcee8e81efda3,True,location-k4-fold3-seed0,3
prob_gru,CoPy_R,12,SS_vs_seasonal,0.4910953858676447,1377082,001dcee8e81efda3,True,location-k4-fold3-seed0,3
prob_gru,CoPy_R,12,SS_vs_ar,-0.01267793049901833,1377082,001dcee8e81efda3,True,location-k4-fold3-seed0,3
prob_gru,CoPy_R,13,MSE,0.0215357045312902,1377082,001dcee8e81efda3,True,location-k4-fold3-seed0,3
prob_gru,CoPy_R,13,MAE,0.10851790447074103,1377082,001dcee8e81efda3,True,location-k4-fold3-seed0,3
prob_gru,CoPy_R,13,SS_vs_persistence,0.48553675300407706,1377082,001dcee8e81efda3,True,location-k4-fold3-seed0,3
prob_gru,CoPy_R,13,SS_vs_seasonal,0.4912590854865595,1377082,001dcee8e81efda3,True,location-k4-fold3-seed0,3
prob_gru,CoPy_R,13,SS_vs_ar,-0.012879628584341773,1377082,001dcee8e81efda3,True,location-k4-fold3-seed0,3
prob_gru,CoPy_R,14,MSE,0.021547006704979763,1377082,001dcee8e81efda3,True,location-k4-fold3-seed0,3
prob_gru,CoPy_R,14,MAE,0.1085901559279447,1377082,001dcee8e81efda3,True,location-k4-fold3-seed0,3
prob_gru,CoPy_R,14,SS_vs_persistence,0.47177191898072723,1377082,001dcee8e81efda3,True,location-k4-fold3-seed0,3
prob_gru,CoPy_R,14,SS_vs_seasonal,0.48692801674414965,1377082,001dcee8e81efda3,True,location-k4-fold3-seed0,3
prob_gru,CoPy_R,14,SS_vs_ar,-0.012392429632640756,1377082,001dcee8e81efda3,True,location-k4-fold3-seed0,3
prob_gru,CoPy_R,15,MSE,0.021617495013741644,1377082,001dcee8e81efda3,True,location-k4-fold3-seed0,3
prob_gru,CoPy_R,15,MAE,0.10876635004726024,1377082,001dcee8e81efda3,True,location-k4-fold3-seed0,3
prob_gru,CoPy_R,15,SS_vs_persistence,0.45624154741885636,1377082,001dcee8e81efda3,True,location-k4-fold3-seed0,3
prob_gru,CoPy_R,15,SS_vs_seasonal,0.48123807142809916,1377082,001dcee8e81efda3,True,location-k4-fold3-seed0,3
prob_gru,CoPy_R,15,SS_vs_ar,-0.012467643451587351,1377082,001dcee8e81efda3,True,location-k4-fold3-seed0,3
prob_gru,CoPy_R,16,MSE,0.021845047125387648,1377082,001dcee8e81efda3,True,location-k4-fold3-seed0,3
prob_gru,CoPy_R,16,MAE,0.10940985478123692,1377082,001dcee8e81efda3,True,location-k4-fold3-seed0,3
prob_gru,CoPy_R,16,SS_vs_persistence,0.46439845968384297,1377082,001dcee8e81efda3,True,location-k4-fold3-seed0,3
prob_gru,CoPy_R,16,SS_vs_seasonal,0.4752738267739789,1377082,001dcee8e81efda3,True,location-k4-fold3-seed0,3
prob_gru,CoPy_R,16,SS_vs_ar,-0.011887568414459482,1377082,001dcee8e81efda3,True,location-k4-fold3-seed0,3
prob_gru,CoPy_R,17,MSE,0.022004196211671417,1377082,001dcee8e81efda3,True,location-k4-fold3-seed0,3
prob_gru,CoPy_R,17,MAE,0.1097794023771336,1377082,001dcee8e81efda3,True,location-k4-fold3-seed0,3
prob_gru,CoPy_R,17,SS_vs_persistence,0.46748474652918315,1377082,001dcee8e81efda3,True,location-k4-fold3-seed0,3
prob_gru,CoPy_R,17,SS_vs_seasonal,0.4748201326117202,1377082,001dcee8e81efda3,True,location-k4-fold3-seed0,3
prob_gru,CoPy_R,17,SS_vs_ar,-0.011587964247728344,1377082,001dcee8e81efda3,True,location-k4-fold3-seed0,3
prob_gru,CoPy_R,18,MSE,0.022096576653105493,1377082,001dcee8e81efda3,True,location-k4-fold3-seed0,3
prob_gru,CoPy_R,18,MAE,0.10993211821841686,1377082,001dcee8e81efda3,True,location-k4-fold3-seed0,3
prob_gru,CoPy_R,18,SS_vs_persistence,0.47194031573510964,1377082,001dcee8e81efda3,True,location-k4-fold3-seed0,3
prob_gru,CoPy_R,18,SS_vs_seasonal,0.472017387073866,1377082,001dcee8e81efda3,True,location-k4-fold3-seed0,3
prob_gru,CoPy_R,18,SS_vs_ar,-0.012589790558611202,1377082,001dcee8e81efda3,True,location-k4-fold3-seed0,3
prob_gru,CoPy_R,19,MSE,0.022238448730541805,1377082,001dcee8e81efda3,True,location-k4-fold3-seed0,3
prob_gru,CoPy_R,19,MAE,0.11031479384251235,1377082,001dcee8e81efda3,True,location-k4-fold3-seed0,3
prob_gru,CoPy_R,19,SS_vs_persistence,0.47631424364463815,1377082,001dcee8e81efda3,True,location-k4-fold3-seed0,3
prob_gru,CoPy_R,19,SS_vs_seasonal,0.47338711579703063,1377082,001dcee8e81efda3,True,location-k4-fold3-seed0,3
prob_gru,CoPy_R,19,SS_vs_ar,-0.014625782416370914,1377082,001dcee8e81efda3,True,location-k4-fold3-seed0,3
prob_gru,CoPy_R,20,MSE,0.022311498002620337,1377082,001dcee8e81efda3,True,location-k4-fold3-seed0,3
prob_gru,CoPy_R,20,MAE,0.11062348204072078,1377082,001dcee8e81efda3,True,location-k4-fold3-seed0,3
prob_gru,CoPy_R,20,SS_vs_persistence,0.47580657419682393,1377082,001dcee8e81efda3,True,location-k4-fold3-seed0,3
prob_gru,CoPy_R,20,SS_vs_seasonal,0.46970030506630844,1377082,001dcee8e81efda3,True,location-k4-fold3-seed0,3
prob_gru,CoPy_R,20,SS_vs_ar,-0.0166365500594019,1377082,001dcee8e81efda3,True,location-k4-fold3-seed0,3
prob_gru,CoPy_R,21,MSE,0.022415930525682314,1377082,001dcee8e81efda3,True,location-k4-fold3-seed0,3
prob_gru,CoPy_R,21,MAE,0.11077181277389675,1377082,001dcee8e81efda3,True,location-k4-fold3-seed0,3
prob_gru,CoPy_R,21,SS_vs_persistence,0.4780744300508324,1377082,001dcee8e81efda3,True,location-k4-fold3-seed0,3
prob_gru,CoPy_R,21,SS_vs_seasonal,0.4722883791476046,1377082,001dcee8e81efda3,True,location-k4-fold3-seed0,3
prob_gru,CoPy_R,21,SS_vs_ar,-0.017323840982710115,1377082,001dcee8e81efda3,True,location-k4-fold3-seed0,3
prob_gru,CoPy_R,22,MSE,0.022498860465144776,1377082,001dcee8e81efda3,True,location-k4-fold3-seed0,3
prob_gru,CoPy_R,22,MAE,0.11096121425659754,1377082,001dcee8e81efda3,True,location-k4-fold3-seed0,3
prob_gru,CoPy_R,22,SS_vs_persistence,0.4738885029417792,1377082,001dcee8e81efda3,True,location-k4-fold3-seed0,3
prob_gru,CoPy_R,22,SS_vs_seasonal,0.46957751970002126,1377082,001dcee8e81efda3,True,location-k4-fold3-seed0,3
prob_gru,CoPy_R,22,SS_vs_ar,-0.01844507106502169,1377082,001dcee8e81efda3,True,location-k4-fold3-seed0,3
prob_gru,CoPy_R,23,MSE,0.022552333121873262,1377082,001dcee8e81efda3,True,location-k4-fold3-seed0,3
prob_gru,CoPy_R,23,MAE,0.11108436310224575,1377082,001dcee8e81efda3,True,location-k4-fold3-seed0,3
prob_gru,CoPy_R,23,SS_vs_persistence,0.46306481295006674,1377082,001dcee8e81efda3,True,location-k4-fold3-seed0,3
prob_gru,CoPy_R,23,SS_vs_seasonal,0.4658247212929679,1377082,001dcee8e81efda3,True,location-k4-fold3-seed0,3
prob_gru,CoPy_R,23,SS_vs_ar,-0.017460315597217946,1377082,001dcee8e81efda3,True,location-k4-fold3-seed0,3
prob_gru,CoPy_R,24,MSE,0.022637895916239263,1377082,001dcee8e81efda3,True,location-k4-fold3-seed0,3
prob_gru,CoPy_R,24,MAE,0.11130624198240428,1377082,001dcee8e81efda3,True,location-k4-fold3-seed0,3
prob_gru,CoPy_R,24,SS_vs_persistence,0.4658770200835973,1377082,001dcee8e81efda3,True,location-k4-fold3-seed0,3
prob_gru,CoPy_R,24,SS_vs_seasonal,0.4658169118418355,1377082,001dcee8e81efda3,True,location-k4-fold3-seed0,3
prob_gru,CoPy_R,24,SS_vs_ar,-0.0170378922461083,1377082,001dcee8e81efda3,True,location-k4-fold3-seed0,3
prob_gru,CoPy_R,25,MSE,0.0227414449479167,1377082,001dcee8e81efda3,True,location-k4-fold3-seed0,3
prob_gru,CoPy_R,25,MAE,0.11167205730839053,1377082,001dcee8e81efda3,True,location-k4-fold3-seed0,3
prob_gru,CoPy_R,25,SS_vs_persistence,0.47220517189737266,1377082,001dcee8e81efda3,True,location-k4-fold3-seed0,3
prob_gru,CoPy_R,25,SS_vs_seasonal,0.46513308779581886,1377082,001dcee8e81efda3,True,location-k4-fold3-seed0,3
prob_gru,CoPy_R,25,SS_vs_ar,-0.01592461654413757,1377082,001dcee8e81efda3,True,location-k4-fold3-seed0,3
prob_gru,CoPy_R,26,MSE,0.022776302714135034,1377082,001dcee8e81efda3,True,location-k4-fold3-seed0,3
prob_gru,CoPy_R,26,MAE,0.11178998100772135,1377082,001dcee8e81efda3,True,location-k4-fold3-seed0,3
prob_gru,CoPy_R,26,SS_vs_persistence,0.47503724306014217,1377082,001dcee8e81efda3,True,location-k4-fold3-seed0,3
prob_gru,CoPy_R,26,SS_vs_seasonal,0.46540504942781413,1377082,001dcee8e81efda3,True,location-k4-fold3-seed0,3
prob_gru,CoPy_R,26,SS_vs_ar,-0.016588858992925504,1377082,001dcee8e81efda3,True,location-k4-fold3-seed0,3
prob_gru,CoPy_R,27,MSE,0.0228264482028613,1377082,001dcee8e81efda3,True,location-k4-fold3-seed0,3
prob_gru,CoPy_R,27,MAE,0.11194672795150386,1377082,001dcee8e81efda3,True,location-k4-fold3-seed0,3
prob_gru,CoPy_R,27,SS_vs_persistence,0.48216843325942627,1377082,001dcee8e81efda3,True,location-k4-fold3-seed0,3
prob_gru,CoPy_R,27,SS_vs_seasonal,0.4669691046728345,1377082,001dcee8e81efda3,True,location-k4-fold3-seed0,3
prob_gru,CoPy_R,27,SS_vs_ar,-0.016819276574101538,1377082,001dcee8e81efda3,True,location-k4-fold3-seed0,3
prob_gru,CoPy_R,28,MSE,0.022815021656457723,1377082,001dcee8e81efda3,True,location-k4-fold3-seed0,3
prob_gru,CoPy_R,28,MAE,0.11188758336448527,1377082,001dcee8e81efda3,True,location-k4-fold3-seed0,3
prob_gru,CoPy_R,28,SS_vs_persistence,0.4879232911487156,1377082,001dcee8e81efda3,True,location-k4-fold3-seed0,3
prob_gru,CoPy_R,28,SS_vs_seasonal,0.46557951077394233,1377082,001dcee8e81efda3,True,location-k4-fold3-seed0,3
prob_gru,CoPy_R,28,SS_vs_ar,-0.01640693890489886,1377082,001dcee8e81efda3,True,location-k4-fold3-seed0,3
prob_gru,CoPy_R,29,MSE,0.022795855546350743,1377082,001dcee8e81efda3,True,location-k4-fold3-seed0,3
prob_gru,CoPy_R,29,MAE,0.11180723452692012,1377082,001dcee8e81efda3,True,location-k4-fold3-seed0,3
prob_gru,CoPy_R,29,SS_vs_persistence,0.49324567193843005,1377082,001dcee8e81efda3,True,location-k4-fold3-seed0,3
prob_gru,CoPy_R,29,SS_vs_seasonal,0.46687395512277985,1377082,001dcee8e81efda3,True,location-k4-fold3-seed0,3
prob_gru,CoPy_R,29,SS_vs_ar,-0.015350302446321518,1377082,001dcee8e81efda3,True,location-k4-fold3-seed0,3
prob_gru,CoPy_R,30,MSE,0.022727309720848698,1377082,001dcee8e81efda3,True,location-k4-fold3-seed0,3
prob_gru,CoPy_R,30,MAE,0.11170290241106029,1377082,001dcee8e81efda3,True,location-k4-fold3-seed0,3
prob_gru,CoPy_R,30,SS_vs_persistence,0.47145931439968025,1377082,001dcee8e81efda3,True,location-k4-fold3-seed0,3
prob_gru,CoPy_R,30,SS_vs_seasonal,0.4646427247475403,1377082,001dcee8e81efda3,True,location-k4-fold3-seed0,3
prob_gru,CoPy_R,30,SS_vs_ar,-0.015032402942258605,1377082,001dcee8e81efda3,True,location-k4-fold3-seed0,3
prob_gru,CoPy_R,all,MSE,0.02165643621203872,1377082,001dcee8e81efda3,True,location-k4-fold3-seed0,3
prob_gru,CoPy_R,all,MAE,0.10886231032672697,1377082,001dcee8e81efda3,True,location-k4-fold3-seed0,3
prob_gru,CoPy_R,all,SS_vs_persistence,0.47055087857319133,1377082,001dcee8e81efda3,True,location-k4-fold3-seed0,3
prob_gru,CoPy_R,all,SS_vs_seasonal,0.47355325270210347,1377082,001dcee8e81efda3,True,location-k4-fold3-seed0,3
prob_gru,CoPy_R,all,SS_vs_ar,-0.014563060036795195,1377082,001dcee8e81efda3,True,location-k4-fold3-seed0,3
